stage,target,iteration,feature_added,validation_R2,validation_R2_std,validation_MAE,validation_RMSE,selected_features,number_of_features,baseline_R2
routing,power,0,,-0.07672385948385196,0.09786384546481142,,,[],0,-0.07672385948385196
routing,power,1,5_1_grt__globalroute__power__internal__total,0.9779128787402765,0.008673780481533064,0.0003250799970113834,0.00039898676209646145,"[""5_1_grt__globalroute__power__internal__total""]",1,-0.07672385948385196
routing,power,2,5_1_grt__globalroute__design__instance__displacement__mean,0.9859791279526265,0.006445109815736282,0.0002295217272891203,0.00031732426442873906,"[""5_1_grt__globalroute__power__internal__total"", ""5_1_grt__globalroute__design__instance__displacement__mean""]",2,-0.07672385948385196
routing,power,3,5_1_grt__globalroute__design__instance__count__setup_buffer,0.9852738314476025,0.0020173815975469247,0.00024402828043182682,0.0003356652889123475,"[""5_1_grt__globalroute__power__internal__total"", ""5_1_grt__globalroute__design__instance__displacement__mean"", ""5_1_grt__globalroute__design__instance__count__setup_buffer""]",3,-0.07672385948385196
routing,power,4,5_1_grt__globalroute__timing__setup__tns,0.9855247802626391,0.001976929405706275,0.0002403517784243424,0.0003325568167407292,"[""5_1_grt__globalroute__power__internal__total"", ""5_1_grt__globalroute__design__instance__displacement__mean"", ""5_1_grt__globalroute__design__instance__count__setup_buffer"", ""5_1_grt__globalroute__timing__setup__tns""]",4,-0.07672385948385196
routing,power,5,5_1_grt__globalroute__clock__skew__hold,0.9800349795942681,0.0061726392887838,0.00030098824973241484,0.00038382795237924973,"[""5_1_grt__globalroute__power__internal__total"", ""5_1_grt__globalroute__design__instance__displacement__mean"", ""5_1_grt__globalroute__design__instance__count__setup_buffer"", ""5_1_grt__globalroute__timing__setup__tns"", ""5_1_grt__globalroute__clock__skew__hold""]",5,-0.07672385948385196
routing,power,6,5_1_grt__globalroute__clock__skew__setup,0.9788702851333637,0.00756795162325572,0.0003111705103858312,0.00039196741878183523,"[""5_1_grt__globalroute__power__internal__total"", ""5_1_grt__globalroute__design__instance__displacement__mean"", ""5_1_grt__globalroute__design__instance__count__setup_buffer"", ""5_1_grt__globalroute__timing__setup__tns"", ""5_1_grt__globalroute__clock__skew__hold"", ""5_1_grt__globalroute__clock__skew__setup""]",6,-0.07672385948385196
routing,power,7,5_1_grt__globalroute__design__instance__area,0.9848641092676722,0.002805724638528096,0.00025178245917614295,0.0003388026755977818,"[""5_1_grt__globalroute__power__internal__total"", ""5_1_grt__globalroute__design__instance__displacement__mean"", ""5_1_grt__globalroute__design__instance__count__setup_buffer"", ""5_1_grt__globalroute__timing__setup__tns"", ""5_1_grt__globalroute__clock__skew__hold"", ""5_1_grt__globalroute__clock__skew__setup"", ""5_1_grt__globalroute__design__instance__area""]",7,-0.07672385948385196
routing,power,8,5_1_grt__globalroute__design__instance__area__stdcell,0.9820948796192619,0.0051619340348014854,0.00026703172241822874,0.0003650361595174746,"[""5_1_grt__globalroute__power__internal__total"", ""5_1_grt__globalroute__design__instance__displacement__mean"", ""5_1_grt__globalroute__design__instance__count__setup_buffer"", ""5_1_grt__globalroute__timing__setup__tns"", ""5_1_grt__globalroute__clock__skew__hold"", ""5_1_grt__globalroute__clock__skew__setup"", ""5_1_grt__globalroute__design__instance__area"", ""5_1_grt__globalroute__design__instance__area__stdcell""]",8,-0.07672385948385196
routing,power,9,5_1_grt__globalroute__design__instance__displacement__max,0.9837957106256551,0.004037706757971379,0.0002631596519891421,0.0003482979899566035,"[""5_1_grt__globalroute__power__internal__total"", ""5_1_grt__globalroute__design__instance__displacement__mean"", ""5_1_grt__globalroute__design__instance__count__setup_buffer"", ""5_1_grt__globalroute__timing__setup__tns"", ""5_1_grt__globalroute__clock__skew__hold"", ""5_1_grt__globalroute__clock__skew__setup"", ""5_1_grt__globalroute__design__instance__area"", ""5_1_grt__globalroute__design__instance__area__stdcell"", ""5_1_grt__globalroute__design__instance__displacement__max""]",9,-0.07672385948385196
routing,power,10,5_1_grt__globalroute__design__instance__count,0.9789123003432098,0.007629533877056752,0.0003178309701416492,0.0003914560132181671,"[""5_1_grt__globalroute__power__internal__total"", ""5_1_grt__globalroute__design__instance__displacement__mean"", ""5_1_grt__globalroute__design__instance__count__setup_buffer"", ""5_1_grt__globalroute__timing__setup__tns"", ""5_1_grt__globalroute__clock__skew__hold"", ""5_1_grt__globalroute__clock__skew__setup"", ""5_1_grt__globalroute__design__instance__area"", ""5_1_grt__globalroute__design__instance__area__stdcell"", ""5_1_grt__globalroute__design__instance__displacement__max"", ""5_1_grt__globalroute__design__instance__count""]",10,-0.07672385948385196
routing,power,11,5_1_grt__globalroute__timing__drv__max_slew_limit,0.9773252140911582,0.009142255460555356,0.0003212872181401252,0.0004038243449374101,"[""5_1_grt__globalroute__power__internal__total"", ""5_1_grt__globalroute__design__instance__displacement__mean"", ""5_1_grt__globalroute__design__instance__count__setup_buffer"", ""5_1_grt__globalroute__timing__setup__tns"", ""5_1_grt__globalroute__clock__skew__hold"", ""5_1_grt__globalroute__clock__skew__setup"", ""5_1_grt__globalroute__design__instance__area"", ""5_1_grt__globalroute__design__instance__area__stdcell"", ""5_1_grt__globalroute__design__instance__displacement__max"", ""5_1_grt__globalroute__design__instance__count"", ""5_1_grt__globalroute__timing__drv__max_slew_limit""]",11,-0.07672385948385196
routing,power,12,5_1_grt__globalroute__design__instance__count__stdcell,0.9776720950928867,0.008940545129306917,0.00032784450389778606,0.00040074698773780024,"[""5_1_grt__globalroute__power__internal__total"", ""5_1_grt__globalroute__design__instance__displacement__mean"", ""5_1_grt__globalroute__design__instance__count__setup_buffer"", ""5_1_grt__globalroute__timing__setup__tns"", ""5_1_grt__globalroute__clock__skew__hold"", ""5_1_grt__globalroute__clock__skew__setup"", ""5_1_grt__globalroute__design__instance__area"", ""5_1_grt__globalroute__design__instance__area__stdcell"", ""5_1_grt__globalroute__design__instance__displacement__max"", ""5_1_grt__globalroute__design__instance__count"", ""5_1_grt__globalroute__timing__drv__max_slew_limit"", ""5_1_grt__globalroute__design__instance__count__stdcell""]",12,-0.07672385948385196
routing,power,13,5_1_grt__globalroute__design__instance__displacement__total,0.9767186579875545,0.007552702866786784,0.0003037702106485366,0.0004152790924665589,"[""5_1_grt__globalroute__power__internal__total"", ""5_1_grt__globalroute__design__instance__displacement__mean"", ""5_1_grt__globalroute__design__instance__count__setup_buffer"", ""5_1_grt__globalroute__timing__setup__tns"", ""5_1_grt__globalroute__clock__skew__hold"", ""5_1_grt__globalroute__clock__skew__setup"", ""5_1_grt__globalroute__design__instance__area"", ""5_1_grt__globalroute__design__instance__area__stdcell"", ""5_1_grt__globalroute__design__instance__displacement__max"", ""5_1_grt__globalroute__design__instance__count"", ""5_1_grt__globalroute__timing__drv__max_slew_limit"", ""5_1_grt__globalroute__design__instance__count__stdcell"", ""5_1_grt__globalroute__design__instance__displacement__total""]",13,-0.07672385948385196
routing,power,14,5_1_grt__globalroute__global_route__fastroute__monotonic_s,0.9828494148395633,0.005000141607838472,0.0002840713184360265,0.0003568196463901963,"[""5_1_grt__globalroute__power__internal__total"", ""5_1_grt__globalroute__design__instance__displacement__mean"", ""5_1_grt__globalroute__design__instance__count__setup_buffer"", ""5_1_grt__globalroute__timing__setup__tns"", ""5_1_grt__globalroute__clock__skew__hold"", ""5_1_grt__globalroute__clock__skew__setup"", ""5_1_grt__globalroute__design__instance__area"", ""5_1_grt__globalroute__design__instance__area__stdcell"", ""5_1_grt__globalroute__design__instance__displacement__max"", ""5_1_grt__globalroute__design__instance__count"", ""5_1_grt__globalroute__timing__drv__max_slew_limit"", ""5_1_grt__globalroute__design__instance__count__stdcell"", ""5_1_grt__globalroute__design__instance__displacement__total"", ""5_1_grt__globalroute__global_route__fastroute__monotonic_s""]",14,-0.07672385948385196
routing,power,15,5_1_grt__globalroute__design__instance__utilization,0.9801331203283444,0.006857708492231777,0.00029810071640368294,0.0003825637649127782,"[""5_1_grt__globalroute__power__internal__total"", ""5_1_grt__globalroute__design__instance__displacement__mean"", ""5_1_grt__globalroute__design__instance__count__setup_buffer"", ""5_1_grt__globalroute__timing__setup__tns"", ""5_1_grt__globalroute__clock__skew__hold"", ""5_1_grt__globalroute__clock__skew__setup"", ""5_1_grt__globalroute__design__instance__area"", ""5_1_grt__globalroute__design__instance__area__stdcell"", ""5_1_grt__globalroute__design__instance__displacement__max"", ""5_1_grt__globalroute__design__instance__count"", ""5_1_grt__globalroute__timing__drv__max_slew_limit"", ""5_1_grt__globalroute__design__instance__count__stdcell"", ""5_1_grt__globalroute__design__instance__displacement__total"", ""5_1_grt__globalroute__global_route__fastroute__monotonic_s"", ""5_1_grt__globalroute__design__instance__utilization""]",15,-0.07672385948385196
routing,power,16,5_1_grt__globalroute__design__instance__utilization__stdcell,0.979296874106915,0.007375026703890807,0.0003155097275044123,0.0003881213258014365,"[""5_1_grt__globalroute__power__internal__total"", ""5_1_grt__globalroute__design__instance__displacement__mean"", ""5_1_grt__globalroute__design__instance__count__setup_buffer"", ""5_1_grt__globalroute__timing__setup__tns"", ""5_1_grt__globalroute__clock__skew__hold"", ""5_1_grt__globalroute__clock__skew__setup"", ""5_1_grt__globalroute__design__instance__area"", ""5_1_grt__globalroute__design__instance__area__stdcell"", ""5_1_grt__globalroute__design__instance__displacement__max"", ""5_1_grt__globalroute__design__instance__count"", ""5_1_grt__globalroute__timing__drv__max_slew_limit"", ""5_1_grt__globalroute__design__instance__count__stdcell"", ""5_1_grt__globalroute__design__instance__displacement__total"", ""5_1_grt__globalroute__global_route__fastroute__monotonic_s"", ""5_1_grt__globalroute__design__instance__utilization"", ""5_1_grt__globalroute__design__instance__utilization__stdcell""]",16,-0.07672385948385196
routing,power,17,5_1_grt__globalroute__route__net,0.9837487965157662,0.003241514479239134,0.0002730308928870757,0.00035054822848185584,"[""5_1_grt__globalroute__power__internal__total"", ""5_1_grt__globalroute__design__instance__displacement__mean"", ""5_1_grt__globalroute__design__instance__count__setup_buffer"", ""5_1_grt__globalroute__timing__setup__tns"", ""5_1_grt__globalroute__clock__skew__hold"", ""5_1_grt__globalroute__clock__skew__setup"", ""5_1_grt__globalroute__design__instance__area"", ""5_1_grt__globalroute__design__instance__area__stdcell"", ""5_1_grt__globalroute__design__instance__displacement__max"", ""5_1_grt__globalroute__design__instance__count"", ""5_1_grt__globalroute__timing__drv__max_slew_limit"", ""5_1_grt__globalroute__design__instance__count__stdcell"", ""5_1_grt__globalroute__design__instance__displacement__total"", ""5_1_grt__globalroute__global_route__fastroute__monotonic_s"", ""5_1_grt__globalroute__design__instance__utilization"", ""5_1_grt__globalroute__design__instance__utilization__stdcell"", ""5_1_grt__globalroute__route__net""]",17,-0.07672385948385196
routing,power,18,5_1_grt__globalroute__design__nets,0.9811434290460069,0.005162654656683356,0.0002780587990102768,0.0003747356824784164,"[""5_1_grt__globalroute__power__internal__total"", ""5_1_grt__globalroute__design__instance__displacement__mean"", ""5_1_grt__globalroute__design__instance__count__setup_buffer"", ""5_1_grt__globalroute__timing__setup__tns"", ""5_1_grt__globalroute__clock__skew__hold"", ""5_1_grt__globalroute__clock__skew__setup"", ""5_1_grt__globalroute__design__instance__area"", ""5_1_grt__globalroute__design__instance__area__stdcell"", ""5_1_grt__globalroute__design__instance__displacement__max"", ""5_1_grt__globalroute__design__instance__count"", ""5_1_grt__globalroute__timing__drv__max_slew_limit"", ""5_1_grt__globalroute__design__instance__count__stdcell"", ""5_1_grt__globalroute__design__instance__displacement__total"", ""5_1_grt__globalroute__global_route__fastroute__monotonic_s"", ""5_1_grt__globalroute__design__instance__utilization"", ""5_1_grt__globalroute__design__instance__utilization__stdcell"", ""5_1_grt__globalroute__route__net"", ""5_1_grt__globalroute__design__nets""]",18,-0.07672385948385196
routing,power,19,5_1_grt__globalroute__dpl__hpwl__delta,0.9779963876880083,0.008061502325180965,0.000310873153588732,0.00039987060218002745,"[""5_1_grt__globalroute__power__internal__total"", ""5_1_grt__globalroute__design__instance__displacement__mean"", ""5_1_grt__globalroute__design__instance__count__setup_buffer"", ""5_1_grt__globalroute__timing__setup__tns"", ""5_1_grt__globalroute__clock__skew__hold"", ""5_1_grt__globalroute__clock__skew__setup"", ""5_1_grt__globalroute__design__instance__area"", ""5_1_grt__globalroute__design__instance__area__stdcell"", ""5_1_grt__globalroute__design__instance__displacement__max"", ""5_1_grt__globalroute__design__instance__count"", ""5_1_grt__globalroute__timing__drv__max_slew_limit"", ""5_1_grt__globalroute__design__instance__count__stdcell"", ""5_1_grt__globalroute__design__instance__displacement__total"", ""5_1_grt__globalroute__global_route__fastroute__monotonic_s"", ""5_1_grt__globalroute__design__instance__utilization"", ""5_1_grt__globalroute__design__instance__utilization__stdcell"", ""5_1_grt__globalroute__route__net"", ""5_1_grt__globalroute__design__nets"", ""5_1_grt__globalroute__dpl__hpwl__delta""]",19,-0.07672385948385196
routing,power,20,5_1_grt__globalroute__dpl__hpwl__delta__percent,0.983394958884566,0.0052940473193403,0.0002684457124554713,0.00034986265453585547,"[""5_1_grt__globalroute__power__internal__total"", ""5_1_grt__globalroute__design__instance__displacement__mean"", ""5_1_grt__globalroute__design__instance__count__setup_buffer"", ""5_1_grt__globalroute__timing__setup__tns"", ""5_1_grt__globalroute__clock__skew__hold"", ""5_1_grt__globalroute__clock__skew__setup"", ""5_1_grt__globalroute__design__instance__area"", ""5_1_grt__globalroute__design__instance__area__stdcell"", ""5_1_grt__globalroute__design__instance__displacement__max"", ""5_1_grt__globalroute__design__instance__count"", ""5_1_grt__globalroute__timing__drv__max_slew_limit"", ""5_1_grt__globalroute__design__instance__count__stdcell"", ""5_1_grt__globalroute__design__instance__displacement__total"", ""5_1_grt__globalroute__global_route__fastroute__monotonic_s"", ""5_1_grt__globalroute__design__instance__utilization"", ""5_1_grt__globalroute__design__instance__utilization__stdcell"", ""5_1_grt__globalroute__route__net"", ""5_1_grt__globalroute__design__nets"", ""5_1_grt__globalroute__dpl__hpwl__delta"", ""5_1_grt__globalroute__dpl__hpwl__delta__percent""]",20,-0.07672385948385196
routing,power,21,5_1_grt__globalroute__flow__warnings__count,0.9826377597788719,0.003950024377418669,0.00027522817775940895,0.0003615968048383384,"[""5_1_grt__globalroute__power__internal__total"", ""5_1_grt__globalroute__design__instance__displacement__mean"", ""5_1_grt__globalroute__design__instance__count__setup_buffer"", ""5_1_grt__globalroute__timing__setup__tns"", ""5_1_grt__globalroute__clock__skew__hold"", ""5_1_grt__globalroute__clock__skew__setup"", ""5_1_grt__globalroute__design__instance__area"", ""5_1_grt__globalroute__design__instance__area__stdcell"", ""5_1_grt__globalroute__design__instance__displacement__max"", ""5_1_grt__globalroute__design__instance__count"", ""5_1_grt__globalroute__timing__drv__max_slew_limit"", ""5_1_grt__globalroute__design__instance__count__stdcell"", ""5_1_grt__globalroute__design__instance__displacement__total"", ""5_1_grt__globalroute__global_route__fastroute__monotonic_s"", ""5_1_grt__globalroute__design__instance__utilization"", ""5_1_grt__globalroute__design__instance__utilization__stdcell"", ""5_1_grt__globalroute__route__net"", ""5_1_grt__globalroute__design__nets"", ""5_1_grt__globalroute__dpl__hpwl__delta"", ""5_1_grt__globalroute__dpl__hpwl__delta__percent"", ""5_1_grt__globalroute__flow__warnings__count""]",21,-0.07672385948385196
routing,power,22,5_1_grt__globalroute__flow__warnings__type_count,0.9825210656614011,0.005089840906256135,0.0002839116599724292,0.00036025084757496253,"[""5_1_grt__globalroute__power__internal__total"", ""5_1_grt__globalroute__design__instance__displacement__mean"", ""5_1_grt__globalroute__design__instance__count__setup_buffer"", ""5_1_grt__globalroute__timing__setup__tns"", ""5_1_grt__globalroute__clock__skew__hold"", ""5_1_grt__globalroute__clock__skew__setup"", ""5_1_grt__globalroute__design__instance__area"", ""5_1_grt__globalroute__design__instance__area__stdcell"", ""5_1_grt__globalroute__design__instance__displacement__max"", ""5_1_grt__globalroute__design__instance__count"", ""5_1_grt__globalroute__timing__drv__max_slew_limit"", ""5_1_grt__globalroute__design__instance__count__stdcell"", ""5_1_grt__globalroute__design__instance__displacement__total"", ""5_1_grt__globalroute__global_route__fastroute__monotonic_s"", ""5_1_grt__globalroute__design__instance__utilization"", ""5_1_grt__globalroute__design__instance__utilization__stdcell"", ""5_1_grt__globalroute__route__net"", ""5_1_grt__globalroute__design__nets"", ""5_1_grt__globalroute__dpl__hpwl__delta"", ""5_1_grt__globalroute__dpl__hpwl__delta__percent"", ""5_1_grt__globalroute__flow__warnings__count"", ""5_1_grt__globalroute__flow__warnings__type_count""]",22,-0.07672385948385196
routing,power,23,5_1_grt__globalroute__global_route__fastroute__congestion_rsmt_s,0.980618497317069,0.0057531862262790185,0.00029384252205824846,0.0003787325917817229,"[""5_1_grt__globalroute__power__internal__total"", ""5_1_grt__globalroute__design__instance__displacement__mean"", ""5_1_grt__globalroute__design__instance__count__setup_buffer"", ""5_1_grt__globalroute__timing__setup__tns"", ""5_1_grt__globalroute__clock__skew__hold"", ""5_1_grt__globalroute__clock__skew__setup"", ""5_1_grt__globalroute__design__instance__area"", ""5_1_grt__globalroute__design__instance__area__stdcell"", ""5_1_grt__globalroute__design__instance__displacement__max"", ""5_1_grt__globalroute__design__instance__count"", ""5_1_grt__globalroute__timing__drv__max_slew_limit"", ""5_1_grt__globalroute__design__instance__count__stdcell"", ""5_1_grt__globalroute__design__instance__displacement__total"", ""5_1_grt__globalroute__global_route__fastroute__monotonic_s"", ""5_1_grt__globalroute__design__instance__utilization"", ""5_1_grt__globalroute__design__instance__utilization__stdcell"", ""5_1_grt__globalroute__route__net"", ""5_1_grt__globalroute__design__nets"", ""5_1_grt__globalroute__dpl__hpwl__delta"", ""5_1_grt__globalroute__dpl__hpwl__delta__percent"", ""5_1_grt__globalroute__flow__warnings__count"", ""5_1_grt__globalroute__flow__warnings__type_count"", ""5_1_grt__globalroute__global_route__fastroute__congestion_rsmt_s""]",23,-0.07672385948385196
routing,power,24,5_1_grt__globalroute__power__switching__total,0.9813665110217514,0.00639068582235211,0.0002757245894834994,0.0003712393721669693,"[""5_1_grt__globalroute__power__internal__total"", ""5_1_grt__globalroute__design__instance__displacement__mean"", ""5_1_grt__globalroute__design__instance__count__setup_buffer"", ""5_1_grt__globalroute__timing__setup__tns"", ""5_1_grt__globalroute__clock__skew__hold"", ""5_1_grt__globalroute__clock__skew__setup"", ""5_1_grt__globalroute__design__instance__area"", ""5_1_grt__globalroute__design__instance__area__stdcell"", ""5_1_grt__globalroute__design__instance__displacement__max"", ""5_1_grt__globalroute__design__instance__count"", ""5_1_grt__globalroute__timing__drv__max_slew_limit"", ""5_1_grt__globalroute__design__instance__count__stdcell"", ""5_1_grt__globalroute__design__instance__displacement__total"", ""5_1_grt__globalroute__global_route__fastroute__monotonic_s"", ""5_1_grt__globalroute__design__instance__utilization"", ""5_1_grt__globalroute__design__instance__utilization__stdcell"", ""5_1_grt__globalroute__route__net"", ""5_1_grt__globalroute__design__nets"", ""5_1_grt__globalroute__dpl__hpwl__delta"", ""5_1_grt__globalroute__dpl__hpwl__delta__percent"", ""5_1_grt__globalroute__flow__warnings__count"", ""5_1_grt__globalroute__flow__warnings__type_count"", ""5_1_grt__globalroute__global_route__fastroute__congestion_rsmt_s"", ""5_1_grt__globalroute__power__switching__total""]",24,-0.07672385948385196
routing,power,25,5_1_grt__globalroute__global_route__fastroute__finalization_s,0.9805659244920175,0.006733791206514339,0.00027913352375562983,0.0003781319426005918,"[""5_1_grt__globalroute__power__internal__total"", ""5_1_grt__globalroute__design__instance__displacement__mean"", ""5_1_grt__globalroute__design__instance__count__setup_buffer"", ""5_1_grt__globalroute__timing__setup__tns"", ""5_1_grt__globalroute__clock__skew__hold"", ""5_1_grt__globalroute__clock__skew__setup"", ""5_1_grt__globalroute__design__instance__area"", ""5_1_grt__globalroute__design__instance__area__stdcell"", ""5_1_grt__globalroute__design__instance__displacement__max"", ""5_1_grt__globalroute__design__instance__count"", ""5_1_grt__globalroute__timing__drv__max_slew_limit"", ""5_1_grt__globalroute__design__instance__count__stdcell"", ""5_1_grt__globalroute__design__instance__displacement__total"", ""5_1_grt__globalroute__global_route__fastroute__monotonic_s"", ""5_1_grt__globalroute__design__instance__utilization"", ""5_1_grt__globalroute__design__instance__utilization__stdcell"", ""5_1_grt__globalroute__route__net"", ""5_1_grt__globalroute__design__nets"", ""5_1_grt__globalroute__dpl__hpwl__delta"", ""5_1_grt__globalroute__dpl__hpwl__delta__percent"", ""5_1_grt__globalroute__flow__warnings__count"", ""5_1_grt__globalroute__flow__warnings__type_count"", ""5_1_grt__globalroute__global_route__fastroute__congestion_rsmt_s"", ""5_1_grt__globalroute__power__switching__total"", ""5_1_grt__globalroute__global_route__fastroute__finalization_s""]",25,-0.07672385948385196
routing,power,26,5_1_grt__globalroute__global_route__fastroute__initial_rsmt_s,0.9810829084182658,0.005400648547711758,0.0002920777589116096,0.00037472748131129095,"[""5_1_grt__globalroute__power__internal__total"", ""5_1_grt__globalroute__design__instance__displacement__mean"", ""5_1_grt__globalroute__design__instance__count__setup_buffer"", ""5_1_grt__globalroute__timing__setup__tns"", ""5_1_grt__globalroute__clock__skew__hold"", ""5_1_grt__globalroute__clock__skew__setup"", ""5_1_grt__globalroute__design__instance__area"", ""5_1_grt__globalroute__design__instance__area__stdcell"", ""5_1_grt__globalroute__design__instance__displacement__max"", ""5_1_grt__globalroute__design__instance__count"", ""5_1_grt__globalroute__timing__drv__max_slew_limit"", ""5_1_grt__globalroute__design__instance__count__stdcell"", ""5_1_grt__globalroute__design__instance__displacement__total"", ""5_1_grt__globalroute__global_route__fastroute__monotonic_s"", ""5_1_grt__globalroute__design__instance__utilization"", ""5_1_grt__globalroute__design__instance__utilization__stdcell"", ""5_1_grt__globalroute__route__net"", ""5_1_grt__globalroute__design__nets"", ""5_1_grt__globalroute__dpl__hpwl__delta"", ""5_1_grt__globalroute__dpl__hpwl__delta__percent"", ""5_1_grt__globalroute__flow__warnings__count"", ""5_1_grt__globalroute__flow__warnings__type_count"", ""5_1_grt__globalroute__global_route__fastroute__congestion_rsmt_s"", ""5_1_grt__globalroute__power__switching__total"", ""5_1_grt__globalroute__global_route__fastroute__finalization_s"", ""5_1_grt__globalroute__global_route__fastroute__initial_rsmt_s""]",26,-0.07672385948385196
routing,power,27,5_1_grt__globalroute__global_route__fastroute__new_route_l_s,0.9806975358240595,0.006511662949379463,0.00027516622068341563,0.0003772278880522331,"[""5_1_grt__globalroute__power__internal__total"", ""5_1_grt__globalroute__design__instance__displacement__mean"", ""5_1_grt__globalroute__design__instance__count__setup_buffer"", ""5_1_grt__globalroute__timing__setup__tns"", ""5_1_grt__globalroute__clock__skew__hold"", ""5_1_grt__globalroute__clock__skew__setup"", ""5_1_grt__globalroute__design__instance__area"", ""5_1_grt__globalroute__design__instance__area__stdcell"", ""5_1_grt__globalroute__design__instance__displacement__max"", ""5_1_grt__globalroute__design__instance__count"", ""5_1_grt__globalroute__timing__drv__max_slew_limit"", ""5_1_grt__globalroute__design__instance__count__stdcell"", ""5_1_grt__globalroute__design__instance__displacement__total"", ""5_1_grt__globalroute__global_route__fastroute__monotonic_s"", ""5_1_grt__globalroute__design__instance__utilization"", ""5_1_grt__globalroute__design__instance__utilization__stdcell"", ""5_1_grt__globalroute__route__net"", ""5_1_grt__globalroute__design__nets"", ""5_1_grt__globalroute__dpl__hpwl__delta"", ""5_1_grt__globalroute__dpl__hpwl__delta__percent"", ""5_1_grt__globalroute__flow__warnings__count"", ""5_1_grt__globalroute__flow__warnings__type_count"", ""5_1_grt__globalroute__global_route__fastroute__congestion_rsmt_s"", ""5_1_grt__globalroute__power__switching__total"", ""5_1_grt__globalroute__global_route__fastroute__finalization_s"", ""5_1_grt__globalroute__global_route__fastroute__initial_rsmt_s"", ""5_1_grt__globalroute__global_route__fastroute__new_route_l_s""]",27,-0.07672385948385196
routing,power,28,5_1_grt__globalroute__global_route__fastroute__overflow_iterations_s,0.9798587715265376,0.00749883473101169,0.00029943283237850665,0.00038171962806504684,"[""5_1_grt__globalroute__power__internal__total"", ""5_1_grt__globalroute__design__instance__displacement__mean"", ""5_1_grt__globalroute__design__instance__count__setup_buffer"", ""5_1_grt__globalroute__timing__setup__tns"", ""5_1_grt__globalroute__clock__skew__hold"", ""5_1_grt__globalroute__clock__skew__setup"", ""5_1_grt__globalroute__design__instance__area"", ""5_1_grt__globalroute__design__instance__area__stdcell"", ""5_1_grt__globalroute__design__instance__displacement__max"", ""5_1_grt__globalroute__design__instance__count"", ""5_1_grt__globalroute__timing__drv__max_slew_limit"", ""5_1_grt__globalroute__design__instance__count__stdcell"", ""5_1_grt__globalroute__design__instance__displacement__total"", ""5_1_grt__globalroute__global_route__fastroute__monotonic_s"", ""5_1_grt__globalroute__design__instance__utilization"", ""5_1_grt__globalroute__design__instance__utilization__stdcell"", ""5_1_grt__globalroute__route__net"", ""5_1_grt__globalroute__design__nets"", ""5_1_grt__globalroute__dpl__hpwl__delta"", ""5_1_grt__globalroute__dpl__hpwl__delta__percent"", ""5_1_grt__globalroute__flow__warnings__count"", ""5_1_grt__globalroute__flow__warnings__type_count"", ""5_1_grt__globalroute__global_route__fastroute__congestion_rsmt_s"", ""5_1_grt__globalroute__power__switching__total"", ""5_1_grt__globalroute__global_route__fastroute__finalization_s"", ""5_1_grt__globalroute__global_route__fastroute__initial_rsmt_s"", ""5_1_grt__globalroute__global_route__fastroute__new_route_l_s"", ""5_1_grt__globalroute__global_route__fastroute__overflow_iterations_s""]",28,-0.07672385948385196
routing,power,29,5_1_grt__globalroute__global_route__fastroute__route_l_s,0.980004256739302,0.007879478349525909,0.00030787642014857127,0.00038054718460652106,"[""5_1_grt__globalroute__power__internal__total"", ""5_1_grt__globalroute__design__instance__displacement__mean"", ""5_1_grt__globalroute__design__instance__count__setup_buffer"", ""5_1_grt__globalroute__timing__setup__tns"", ""5_1_grt__globalroute__clock__skew__hold"", ""5_1_grt__globalroute__clock__skew__setup"", ""5_1_grt__globalroute__design__instance__area"", ""5_1_grt__globalroute__design__instance__area__stdcell"", ""5_1_grt__globalroute__design__instance__displacement__max"", ""5_1_grt__globalroute__design__instance__count"", ""5_1_grt__globalroute__timing__drv__max_slew_limit"", ""5_1_grt__globalroute__design__instance__count__stdcell"", ""5_1_grt__globalroute__design__instance__displacement__total"", ""5_1_grt__globalroute__global_route__fastroute__monotonic_s"", ""5_1_grt__globalroute__design__instance__utilization"", ""5_1_grt__globalroute__design__instance__utilization__stdcell"", ""5_1_grt__globalroute__route__net"", ""5_1_grt__globalroute__design__nets"", ""5_1_grt__globalroute__dpl__hpwl__delta"", ""5_1_grt__globalroute__dpl__hpwl__delta__percent"", ""5_1_grt__globalroute__flow__warnings__count"", ""5_1_grt__globalroute__flow__warnings__type_count"", ""5_1_grt__globalroute__global_route__fastroute__congestion_rsmt_s"", ""5_1_grt__globalroute__power__switching__total"", ""5_1_grt__globalroute__global_route__fastroute__finalization_s"", ""5_1_grt__globalroute__global_route__fastroute__initial_rsmt_s"", ""5_1_grt__globalroute__global_route__fastroute__new_route_l_s"", ""5_1_grt__globalroute__global_route__fastroute__overflow_iterations_s"", ""5_1_grt__globalroute__global_route__fastroute__route_l_s""]",29,-0.07672385948385196
routing,power,30,5_1_grt__globalroute__global_route__fastroute__route_z_s,0.9795882277079264,0.007739640758328797,0.0003061835551046927,0.0003848782112280158,"[""5_1_grt__globalroute__power__internal__total"", ""5_1_grt__globalroute__design__instance__displacement__mean"", ""5_1_grt__globalroute__design__instance__count__setup_buffer"", ""5_1_grt__globalroute__timing__setup__tns"", ""5_1_grt__globalroute__clock__skew__hold"", ""5_1_grt__globalroute__clock__skew__setup"", ""5_1_grt__globalroute__design__instance__area"", ""5_1_grt__globalroute__design__instance__area__stdcell"", ""5_1_grt__globalroute__design__instance__displacement__max"", ""5_1_grt__globalroute__design__instance__count"", ""5_1_grt__globalroute__timing__drv__max_slew_limit"", ""5_1_grt__globalroute__design__instance__count__stdcell"", ""5_1_grt__globalroute__design__instance__displacement__total"", ""5_1_grt__globalroute__global_route__fastroute__monotonic_s"", ""5_1_grt__globalroute__design__instance__utilization"", ""5_1_grt__globalroute__design__instance__utilization__stdcell"", ""5_1_grt__globalroute__route__net"", ""5_1_grt__globalroute__design__nets"", ""5_1_grt__globalroute__dpl__hpwl__delta"", ""5_1_grt__globalroute__dpl__hpwl__delta__percent"", ""5_1_grt__globalroute__flow__warnings__count"", ""5_1_grt__globalroute__flow__warnings__type_count"", ""5_1_grt__globalroute__global_route__fastroute__congestion_rsmt_s"", ""5_1_grt__globalroute__power__switching__total"", ""5_1_grt__globalroute__global_route__fastroute__finalization_s"", ""5_1_grt__globalroute__global_route__fastroute__initial_rsmt_s"", ""5_1_grt__globalroute__global_route__fastroute__new_route_l_s"", ""5_1_grt__globalroute__global_route__fastroute__overflow_iterations_s"", ""5_1_grt__globalroute__global_route__fastroute__route_l_s"", ""5_1_grt__globalroute__global_route__fastroute__route_z_s""]",30,-0.07672385948385196
routing,power,31,5_1_grt__globalroute__global_route__fastroute__spiral_s,0.984226804406445,0.0027509531461966195,0.0002598635591857036,0.00034609845248472805,"[""5_1_grt__globalroute__power__internal__total"", ""5_1_grt__globalroute__design__instance__displacement__mean"", ""5_1_grt__globalroute__design__instance__count__setup_buffer"", ""5_1_grt__globalroute__timing__setup__tns"", ""5_1_grt__globalroute__clock__skew__hold"", ""5_1_grt__globalroute__clock__skew__setup"", ""5_1_grt__globalroute__design__instance__area"", ""5_1_grt__globalroute__design__instance__area__stdcell"", ""5_1_grt__globalroute__design__instance__displacement__max"", ""5_1_grt__globalroute__design__instance__count"", ""5_1_grt__globalroute__timing__drv__max_slew_limit"", ""5_1_grt__globalroute__design__instance__count__stdcell"", ""5_1_grt__globalroute__design__instance__displacement__total"", ""5_1_grt__globalroute__global_route__fastroute__monotonic_s"", ""5_1_grt__globalroute__design__instance__utilization"", ""5_1_grt__globalroute__design__instance__utilization__stdcell"", ""5_1_grt__globalroute__route__net"", ""5_1_grt__globalroute__design__nets"", ""5_1_grt__globalroute__dpl__hpwl__delta"", ""5_1_grt__globalroute__dpl__hpwl__delta__percent"", ""5_1_grt__globalroute__flow__warnings__count"", ""5_1_grt__globalroute__flow__warnings__type_count"", ""5_1_grt__globalroute__global_route__fastroute__congestion_rsmt_s"", ""5_1_grt__globalroute__power__switching__total"", ""5_1_grt__globalroute__global_route__fastroute__finalization_s"", ""5_1_grt__globalroute__global_route__fastroute__initial_rsmt_s"", ""5_1_grt__globalroute__global_route__fastroute__new_route_l_s"", ""5_1_grt__globalroute__global_route__fastroute__overflow_iterations_s"", ""5_1_grt__globalroute__global_route__fastroute__route_l_s"", ""5_1_grt__globalroute__global_route__fastroute__route_z_s"", ""5_1_grt__globalroute__global_route__fastroute__spiral_s""]",31,-0.07672385948385196
routing,power,32,5_1_grt__globalroute__global_route__vias,0.9801895304081168,0.007077047110995503,0.00029072647194401425,0.0003801829047525951,"[""5_1_grt__globalroute__power__internal__total"", ""5_1_grt__globalroute__design__instance__displacement__mean"", ""5_1_grt__globalroute__design__instance__count__setup_buffer"", ""5_1_grt__globalroute__timing__setup__tns"", ""5_1_grt__globalroute__clock__skew__hold"", ""5_1_grt__globalroute__clock__skew__setup"", ""5_1_grt__globalroute__design__instance__area"", ""5_1_grt__globalroute__design__instance__area__stdcell"", ""5_1_grt__globalroute__design__instance__displacement__max"", ""5_1_grt__globalroute__design__instance__count"", ""5_1_grt__globalroute__timing__drv__max_slew_limit"", ""5_1_grt__globalroute__design__instance__count__stdcell"", ""5_1_grt__globalroute__design__instance__displacement__total"", ""5_1_grt__globalroute__global_route__fastroute__monotonic_s"", ""5_1_grt__globalroute__design__instance__utilization"", ""5_1_grt__globalroute__design__instance__utilization__stdcell"", ""5_1_grt__globalroute__route__net"", ""5_1_grt__globalroute__design__nets"", ""5_1_grt__globalroute__dpl__hpwl__delta"", ""5_1_grt__globalroute__dpl__hpwl__delta__percent"", ""5_1_grt__globalroute__flow__warnings__count"", ""5_1_grt__globalroute__flow__warnings__type_count"", ""5_1_grt__globalroute__global_route__fastroute__congestion_rsmt_s"", ""5_1_grt__globalroute__power__switching__total"", ""5_1_grt__globalroute__global_route__fastroute__finalization_s"", ""5_1_grt__globalroute__global_route__fastroute__initial_rsmt_s"", ""5_1_grt__globalroute__global_route__fastroute__new_route_l_s"", ""5_1_grt__globalroute__global_route__fastroute__overflow_iterations_s"", ""5_1_grt__globalroute__global_route__fastroute__route_l_s"", ""5_1_grt__globalroute__global_route__fastroute__route_z_s"", ""5_1_grt__globalroute__global_route__fastroute__spiral_s"", ""5_1_grt__globalroute__global_route__vias""]",32,-0.07672385948385196
routing,power,33,5_1_grt__globalroute__global_route__wirelength,0.9853560310419455,0.0022833296906408186,0.00023840313012663518,0.00033407435107996996,"[""5_1_grt__globalroute__power__internal__total"", ""5_1_grt__globalroute__design__instance__displacement__mean"", ""5_1_grt__globalroute__design__instance__count__setup_buffer"", ""5_1_grt__globalroute__timing__setup__tns"", ""5_1_grt__globalroute__clock__skew__hold"", ""5_1_grt__globalroute__clock__skew__setup"", ""5_1_grt__globalroute__design__instance__area"", ""5_1_grt__globalroute__design__instance__area__stdcell"", ""5_1_grt__globalroute__design__instance__displacement__max"", ""5_1_grt__globalroute__design__instance__count"", ""5_1_grt__globalroute__timing__drv__max_slew_limit"", ""5_1_grt__globalroute__design__instance__count__stdcell"", ""5_1_grt__globalroute__design__instance__displacement__total"", ""5_1_grt__globalroute__global_route__fastroute__monotonic_s"", ""5_1_grt__globalroute__design__instance__utilization"", ""5_1_grt__globalroute__design__instance__utilization__stdcell"", ""5_1_grt__globalroute__route__net"", ""5_1_grt__globalroute__design__nets"", ""5_1_grt__globalroute__dpl__hpwl__delta"", ""5_1_grt__globalroute__dpl__hpwl__delta__percent"", ""5_1_grt__globalroute__flow__warnings__count"", ""5_1_grt__globalroute__flow__warnings__type_count"", ""5_1_grt__globalroute__global_route__fastroute__congestion_rsmt_s"", ""5_1_grt__globalroute__power__switching__total"", ""5_1_grt__globalroute__global_route__fastroute__finalization_s"", ""5_1_grt__globalroute__global_route__fastroute__initial_rsmt_s"", ""5_1_grt__globalroute__global_route__fastroute__new_route_l_s"", ""5_1_grt__globalroute__global_route__fastroute__overflow_iterations_s"", ""5_1_grt__globalroute__global_route__fastroute__route_l_s"", ""5_1_grt__globalroute__global_route__fastroute__route_z_s"", ""5_1_grt__globalroute__global_route__fastroute__spiral_s"", ""5_1_grt__globalroute__global_route__vias"", ""5_1_grt__globalroute__global_route__wirelength""]",33,-0.07672385948385196
routing,power,34,5_1_grt__globalroute__power__leakage__total,0.9736979353534932,0.008972039194737443,0.0003357525811874469,0.00044042226802453534,"[""5_1_grt__globalroute__power__internal__total"", ""5_1_grt__globalroute__design__instance__displacement__mean"", ""5_1_grt__globalroute__design__instance__count__setup_buffer"", ""5_1_grt__globalroute__timing__setup__tns"", ""5_1_grt__globalroute__clock__skew__hold"", ""5_1_grt__globalroute__clock__skew__setup"", ""5_1_grt__globalroute__design__instance__area"", ""5_1_grt__globalroute__design__instance__area__stdcell"", ""5_1_grt__globalroute__design__instance__displacement__max"", ""5_1_grt__globalroute__design__instance__count"", ""5_1_grt__globalroute__timing__drv__max_slew_limit"", ""5_1_grt__globalroute__design__instance__count__stdcell"", ""5_1_grt__globalroute__design__instance__displacement__total"", ""5_1_grt__globalroute__global_route__fastroute__monotonic_s"", ""5_1_grt__globalroute__design__instance__utilization"", ""5_1_grt__globalroute__design__instance__utilization__stdcell"", ""5_1_grt__globalroute__route__net"", ""5_1_grt__globalroute__design__nets"", ""5_1_grt__globalroute__dpl__hpwl__delta"", ""5_1_grt__globalroute__dpl__hpwl__delta__percent"", ""5_1_grt__globalroute__flow__warnings__count"", ""5_1_grt__globalroute__flow__warnings__type_count"", ""5_1_grt__globalroute__global_route__fastroute__congestion_rsmt_s"", ""5_1_grt__globalroute__power__switching__total"", ""5_1_grt__globalroute__global_route__fastroute__finalization_s"", ""5_1_grt__globalroute__global_route__fastroute__initial_rsmt_s"", ""5_1_grt__globalroute__global_route__fastroute__new_route_l_s"", ""5_1_grt__globalroute__global_route__fastroute__overflow_iterations_s"", ""5_1_grt__globalroute__global_route__fastroute__route_l_s"", ""5_1_grt__globalroute__global_route__fastroute__route_z_s"", ""5_1_grt__globalroute__global_route__fastroute__spiral_s"", ""5_1_grt__globalroute__global_route__vias"", ""5_1_grt__globalroute__global_route__wirelength"", ""5_1_grt__globalroute__power__leakage__total""]",34,-0.07672385948385196
routing,power,35,5_1_grt__globalroute__power__total,0.9809183997308318,0.00760139168933611,0.00028289443841234837,0.00037368495921611864,"[""5_1_grt__globalroute__power__internal__total"", ""5_1_grt__globalroute__design__instance__displacement__mean"", ""5_1_grt__globalroute__design__instance__count__setup_buffer"", ""5_1_grt__globalroute__timing__setup__tns"", ""5_1_grt__globalroute__clock__skew__hold"", ""5_1_grt__globalroute__clock__skew__setup"", ""5_1_grt__globalroute__design__instance__area"", ""5_1_grt__globalroute__design__instance__area__stdcell"", ""5_1_grt__globalroute__design__instance__displacement__max"", ""5_1_grt__globalroute__design__instance__count"", ""5_1_grt__globalroute__timing__drv__max_slew_limit"", ""5_1_grt__globalroute__design__instance__count__stdcell"", ""5_1_grt__globalroute__design__instance__displacement__total"", ""5_1_grt__globalroute__global_route__fastroute__monotonic_s"", ""5_1_grt__globalroute__design__instance__utilization"", ""5_1_grt__globalroute__design__instance__utilization__stdcell"", ""5_1_grt__globalroute__route__net"", ""5_1_grt__globalroute__design__nets"", ""5_1_grt__globalroute__dpl__hpwl__delta"", ""5_1_grt__globalroute__dpl__hpwl__delta__percent"", ""5_1_grt__globalroute__flow__warnings__count"", ""5_1_grt__globalroute__flow__warnings__type_count"", ""5_1_grt__globalroute__global_route__fastroute__congestion_rsmt_s"", ""5_1_grt__globalroute__power__switching__total"", ""5_1_grt__globalroute__global_route__fastroute__finalization_s"", ""5_1_grt__globalroute__global_route__fastroute__initial_rsmt_s"", ""5_1_grt__globalroute__global_route__fastroute__new_route_l_s"", ""5_1_grt__globalroute__global_route__fastroute__overflow_iterations_s"", ""5_1_grt__globalroute__global_route__fastroute__route_l_s"", ""5_1_grt__globalroute__global_route__fastroute__route_z_s"", ""5_1_grt__globalroute__global_route__fastroute__spiral_s"", ""5_1_grt__globalroute__global_route__vias"", ""5_1_grt__globalroute__global_route__wirelength"", ""5_1_grt__globalroute__power__leakage__total"", ""5_1_grt__globalroute__power__total""]",35,-0.07672385948385196
routing,power,36,5_1_grt__globalroute__route__wirelength__estimated,0.9776720950928867,0.008940545129306917,0.00032784450389778606,0.00040074698773780024,"[""5_1_grt__globalroute__power__internal__total"", ""5_1_grt__globalroute__design__instance__displacement__mean"", ""5_1_grt__globalroute__design__instance__count__setup_buffer"", ""5_1_grt__globalroute__timing__setup__tns"", ""5_1_grt__globalroute__clock__skew__hold"", ""5_1_grt__globalroute__clock__skew__setup"", ""5_1_grt__globalroute__design__instance__area"", ""5_1_grt__globalroute__design__instance__area__stdcell"", ""5_1_grt__globalroute__design__instance__displacement__max"", ""5_1_grt__globalroute__design__instance__count"", ""5_1_grt__globalroute__timing__drv__max_slew_limit"", ""5_1_grt__globalroute__design__instance__count__stdcell"", ""5_1_grt__globalroute__design__instance__displacement__total"", ""5_1_grt__globalroute__global_route__fastroute__monotonic_s"", ""5_1_grt__globalroute__design__instance__utilization"", ""5_1_grt__globalroute__design__instance__utilization__stdcell"", ""5_1_grt__globalroute__route__net"", ""5_1_grt__globalroute__design__nets"", ""5_1_grt__globalroute__dpl__hpwl__delta"", ""5_1_grt__globalroute__dpl__hpwl__delta__percent"", ""5_1_grt__globalroute__flow__warnings__count"", ""5_1_grt__globalroute__flow__warnings__type_count"", ""5_1_grt__globalroute__global_route__fastroute__congestion_rsmt_s"", ""5_1_grt__globalroute__power__switching__total"", ""5_1_grt__globalroute__global_route__fastroute__finalization_s"", ""5_1_grt__globalroute__global_route__fastroute__initial_rsmt_s"", ""5_1_grt__globalroute__global_route__fastroute__new_route_l_s"", ""5_1_grt__globalroute__global_route__fastroute__overflow_iterations_s"", ""5_1_grt__globalroute__global_route__fastroute__route_l_s"", ""5_1_grt__globalroute__global_route__fastroute__route_z_s"", ""5_1_grt__globalroute__global_route__fastroute__spiral_s"", ""5_1_grt__globalroute__global_route__vias"", ""5_1_grt__globalroute__global_route__wirelength"", ""5_1_grt__globalroute__power__leakage__total"", ""5_1_grt__globalroute__power__total"", ""5_1_grt__globalroute__route__wirelength__estimated""]",36,-0.07672385948385196
routing,power,37,5_1_grt__globalroute__timing__drv__max_cap_limit,0.979687515582913,0.008108885466235297,0.0002913357133980194,0.00038468226597249366,"[""5_1_grt__globalroute__power__internal__total"", ""5_1_grt__globalroute__design__instance__displacement__mean"", ""5_1_grt__globalroute__design__instance__count__setup_buffer"", ""5_1_grt__globalroute__timing__setup__tns"", ""5_1_grt__globalroute__clock__skew__hold"", ""5_1_grt__globalroute__clock__skew__setup"", ""5_1_grt__globalroute__design__instance__area"", ""5_1_grt__globalroute__design__instance__area__stdcell"", ""5_1_grt__globalroute__design__instance__displacement__max"", ""5_1_grt__globalroute__design__instance__count"", ""5_1_grt__globalroute__timing__drv__max_slew_limit"", ""5_1_grt__globalroute__design__instance__count__stdcell"", ""5_1_grt__globalroute__design__instance__displacement__total"", ""5_1_grt__globalroute__global_route__fastroute__monotonic_s"", ""5_1_grt__globalroute__design__instance__utilization"", ""5_1_grt__globalroute__design__instance__utilization__stdcell"", ""5_1_grt__globalroute__route__net"", ""5_1_grt__globalroute__design__nets"", ""5_1_grt__globalroute__dpl__hpwl__delta"", ""5_1_grt__globalroute__dpl__hpwl__delta__percent"", ""5_1_grt__globalroute__flow__warnings__count"", ""5_1_grt__globalroute__flow__warnings__type_count"", ""5_1_grt__globalroute__global_route__fastroute__congestion_rsmt_s"", ""5_1_grt__globalroute__power__switching__total"", ""5_1_grt__globalroute__global_route__fastroute__finalization_s"", ""5_1_grt__globalroute__global_route__fastroute__initial_rsmt_s"", ""5_1_grt__globalroute__global_route__fastroute__new_route_l_s"", ""5_1_grt__globalroute__global_route__fastroute__overflow_iterations_s"", ""5_1_grt__globalroute__global_route__fastroute__route_l_s"", ""5_1_grt__globalroute__global_route__fastroute__route_z_s"", ""5_1_grt__globalroute__global_route__fastroute__spiral_s"", ""5_1_grt__globalroute__global_route__vias"", ""5_1_grt__globalroute__global_route__wirelength"", ""5_1_grt__globalroute__power__leakage__total"", ""5_1_grt__globalroute__power__total"", ""5_1_grt__globalroute__route__wirelength__estimated"", ""5_1_grt__globalroute__timing__drv__max_cap_limit""]",37,-0.07672385948385196
routing,power,38,5_1_grt__globalroute__timing__drv__setup_violation_count,0.9797211172864428,0.007621490611532429,0.00029958049357271186,0.0003828156351857533,"[""5_1_grt__globalroute__power__internal__total"", ""5_1_grt__globalroute__design__instance__displacement__mean"", ""5_1_grt__globalroute__design__instance__count__setup_buffer"", ""5_1_grt__globalroute__timing__setup__tns"", ""5_1_grt__globalroute__clock__skew__hold"", ""5_1_grt__globalroute__clock__skew__setup"", ""5_1_grt__globalroute__design__instance__area"", ""5_1_grt__globalroute__design__instance__area__stdcell"", ""5_1_grt__globalroute__design__instance__displacement__max"", ""5_1_grt__globalroute__design__instance__count"", ""5_1_grt__globalroute__timing__drv__max_slew_limit"", ""5_1_grt__globalroute__design__instance__count__stdcell"", ""5_1_grt__globalroute__design__instance__displacement__total"", ""5_1_grt__globalroute__global_route__fastroute__monotonic_s"", ""5_1_grt__globalroute__design__instance__utilization"", ""5_1_grt__globalroute__design__instance__utilization__stdcell"", ""5_1_grt__globalroute__route__net"", ""5_1_grt__globalroute__design__nets"", ""5_1_grt__globalroute__dpl__hpwl__delta"", ""5_1_grt__globalroute__dpl__hpwl__delta__percent"", ""5_1_grt__globalroute__flow__warnings__count"", ""5_1_grt__globalroute__flow__warnings__type_count"", ""5_1_grt__globalroute__global_route__fastroute__congestion_rsmt_s"", ""5_1_grt__globalroute__power__switching__total"", ""5_1_grt__globalroute__global_route__fastroute__finalization_s"", ""5_1_grt__globalroute__global_route__fastroute__initial_rsmt_s"", ""5_1_grt__globalroute__global_route__fastroute__new_route_l_s"", ""5_1_grt__globalroute__global_route__fastroute__overflow_iterations_s"", ""5_1_grt__globalroute__global_route__fastroute__route_l_s"", ""5_1_grt__globalroute__global_route__fastroute__route_z_s"", ""5_1_grt__globalroute__global_route__fastroute__spiral_s"", ""5_1_grt__globalroute__global_route__vias"", ""5_1_grt__globalroute__global_route__wirelength"", ""5_1_grt__globalroute__power__leakage__total"", ""5_1_grt__globalroute__power__total"", ""5_1_grt__globalroute__route__wirelength__estimated"", ""5_1_grt__globalroute__timing__drv__max_cap_limit"", ""5_1_grt__globalroute__timing__drv__setup_violation_count""]",38,-0.07672385948385196
routing,power,39,5_1_grt__globalroute__timing__fmax,0.9817475190781874,0.005785676406148627,0.00028921279336349166,0.0003671114226330048,"[""5_1_grt__globalroute__power__internal__total"", ""5_1_grt__globalroute__design__instance__displacement__mean"", ""5_1_grt__globalroute__design__instance__count__setup_buffer"", ""5_1_grt__globalroute__timing__setup__tns"", ""5_1_grt__globalroute__clock__skew__hold"", ""5_1_grt__globalroute__clock__skew__setup"", ""5_1_grt__globalroute__design__instance__area"", ""5_1_grt__globalroute__design__instance__area__stdcell"", ""5_1_grt__globalroute__design__instance__displacement__max"", ""5_1_grt__globalroute__design__instance__count"", ""5_1_grt__globalroute__timing__drv__max_slew_limit"", ""5_1_grt__globalroute__design__instance__count__stdcell"", ""5_1_grt__globalroute__design__instance__displacement__total"", ""5_1_grt__globalroute__global_route__fastroute__monotonic_s"", ""5_1_grt__globalroute__design__instance__utilization"", ""5_1_grt__globalroute__design__instance__utilization__stdcell"", ""5_1_grt__globalroute__route__net"", ""5_1_grt__globalroute__design__nets"", ""5_1_grt__globalroute__dpl__hpwl__delta"", ""5_1_grt__globalroute__dpl__hpwl__delta__percent"", ""5_1_grt__globalroute__flow__warnings__count"", ""5_1_grt__globalroute__flow__warnings__type_count"", ""5_1_grt__globalroute__global_route__fastroute__congestion_rsmt_s"", ""5_1_grt__globalroute__power__switching__total"", ""5_1_grt__globalroute__global_route__fastroute__finalization_s"", ""5_1_grt__globalroute__global_route__fastroute__initial_rsmt_s"", ""5_1_grt__globalroute__global_route__fastroute__new_route_l_s"", ""5_1_grt__globalroute__global_route__fastroute__overflow_iterations_s"", ""5_1_grt__globalroute__global_route__fastroute__route_l_s"", ""5_1_grt__globalroute__global_route__fastroute__route_z_s"", ""5_1_grt__globalroute__global_route__fastroute__spiral_s"", ""5_1_grt__globalroute__global_route__vias"", ""5_1_grt__globalroute__global_route__wirelength"", ""5_1_grt__globalroute__power__leakage__total"", ""5_1_grt__globalroute__power__total"", ""5_1_grt__globalroute__route__wirelength__estimated"", ""5_1_grt__globalroute__timing__drv__max_cap_limit"", ""5_1_grt__globalroute__timing__drv__setup_violation_count"", ""5_1_grt__globalroute__timing__fmax""]",39,-0.07672385948385196
routing,power,40,5_1_grt__globalroute__timing__fmax__clock:core_clock,0.9803521474349776,0.006744444764510555,0.00029737010936594,0.0003787979912400602,"[""5_1_grt__globalroute__power__internal__total"", ""5_1_grt__globalroute__design__instance__displacement__mean"", ""5_1_grt__globalroute__design__instance__count__setup_buffer"", ""5_1_grt__globalroute__timing__setup__tns"", ""5_1_grt__globalroute__clock__skew__hold"", ""5_1_grt__globalroute__clock__skew__setup"", ""5_1_grt__globalroute__design__instance__area"", ""5_1_grt__globalroute__design__instance__area__stdcell"", ""5_1_grt__globalroute__design__instance__displacement__max"", ""5_1_grt__globalroute__design__instance__count"", ""5_1_grt__globalroute__timing__drv__max_slew_limit"", ""5_1_grt__globalroute__design__instance__count__stdcell"", ""5_1_grt__globalroute__design__instance__displacement__total"", ""5_1_grt__globalroute__global_route__fastroute__monotonic_s"", ""5_1_grt__globalroute__design__instance__utilization"", ""5_1_grt__globalroute__design__instance__utilization__stdcell"", ""5_1_grt__globalroute__route__net"", ""5_1_grt__globalroute__design__nets"", ""5_1_grt__globalroute__dpl__hpwl__delta"", ""5_1_grt__globalroute__dpl__hpwl__delta__percent"", ""5_1_grt__globalroute__flow__warnings__count"", ""5_1_grt__globalroute__flow__warnings__type_count"", ""5_1_grt__globalroute__global_route__fastroute__congestion_rsmt_s"", ""5_1_grt__globalroute__power__switching__total"", ""5_1_grt__globalroute__global_route__fastroute__finalization_s"", ""5_1_grt__globalroute__global_route__fastroute__initial_rsmt_s"", ""5_1_grt__globalroute__global_route__fastroute__new_route_l_s"", ""5_1_grt__globalroute__global_route__fastroute__overflow_iterations_s"", ""5_1_grt__globalroute__global_route__fastroute__route_l_s"", ""5_1_grt__globalroute__global_route__fastroute__route_z_s"", ""5_1_grt__globalroute__global_route__fastroute__spiral_s"", ""5_1_grt__globalroute__global_route__vias"", ""5_1_grt__globalroute__global_route__wirelength"", ""5_1_grt__globalroute__power__leakage__total"", ""5_1_grt__globalroute__power__total"", ""5_1_grt__globalroute__route__wirelength__estimated"", ""5_1_grt__globalroute__timing__drv__max_cap_limit"", ""5_1_grt__globalroute__timing__drv__setup_violation_count"", ""5_1_grt__globalroute__timing__fmax"", ""5_1_grt__globalroute__timing__fmax__clock:core_clock""]",40,-0.07672385948385196
routing,power,41,5_1_grt__globalroute__timing__hold__ws,0.9823939266402414,0.005211582857370217,0.0002833902267151673,0.00036108346578619206,"[""5_1_grt__globalroute__power__internal__total"", ""5_1_grt__globalroute__design__instance__displacement__mean"", ""5_1_grt__globalroute__design__instance__count__setup_buffer"", ""5_1_grt__globalroute__timing__setup__tns"", ""5_1_grt__globalroute__clock__skew__hold"", ""5_1_grt__globalroute__clock__skew__setup"", ""5_1_grt__globalroute__design__instance__area"", ""5_1_grt__globalroute__design__instance__area__stdcell"", ""5_1_grt__globalroute__design__instance__displacement__max"", ""5_1_grt__globalroute__design__instance__count"", ""5_1_grt__globalroute__timing__drv__max_slew_limit"", ""5_1_grt__globalroute__design__instance__count__stdcell"", ""5_1_grt__globalroute__design__instance__displacement__total"", ""5_1_grt__globalroute__global_route__fastroute__monotonic_s"", ""5_1_grt__globalroute__design__instance__utilization"", ""5_1_grt__globalroute__design__instance__utilization__stdcell"", ""5_1_grt__globalroute__route__net"", ""5_1_grt__globalroute__design__nets"", ""5_1_grt__globalroute__dpl__hpwl__delta"", ""5_1_grt__globalroute__dpl__hpwl__delta__percent"", ""5_1_grt__globalroute__flow__warnings__count"", ""5_1_grt__globalroute__flow__warnings__type_count"", ""5_1_grt__globalroute__global_route__fastroute__congestion_rsmt_s"", ""5_1_grt__globalroute__power__switching__total"", ""5_1_grt__globalroute__global_route__fastroute__finalization_s"", ""5_1_grt__globalroute__global_route__fastroute__initial_rsmt_s"", ""5_1_grt__globalroute__global_route__fastroute__new_route_l_s"", ""5_1_grt__globalroute__global_route__fastroute__overflow_iterations_s"", ""5_1_grt__globalroute__global_route__fastroute__route_l_s"", ""5_1_grt__globalroute__global_route__fastroute__route_z_s"", ""5_1_grt__globalroute__global_route__fastroute__spiral_s"", ""5_1_grt__globalroute__global_route__vias"", ""5_1_grt__globalroute__global_route__wirelength"", ""5_1_grt__globalroute__power__leakage__total"", ""5_1_grt__globalroute__power__total"", ""5_1_grt__globalroute__route__wirelength__estimated"", ""5_1_grt__globalroute__timing__drv__max_cap_limit"", ""5_1_grt__globalroute__timing__drv__setup_violation_count"", ""5_1_grt__globalroute__timing__fmax"", ""5_1_grt__globalroute__timing__fmax__clock:core_clock"", ""5_1_grt__globalroute__timing__hold__ws""]",41,-0.07672385948385196
routing,power,42,5_1_grt__globalroute__timing__setup__ws,0.9811813271824891,0.006208137537552304,0.00029165914620614045,0.000371714279437146,"[""5_1_grt__globalroute__power__internal__total"", ""5_1_grt__globalroute__design__instance__displacement__mean"", ""5_1_grt__globalroute__design__instance__count__setup_buffer"", ""5_1_grt__globalroute__timing__setup__tns"", ""5_1_grt__globalroute__clock__skew__hold"", ""5_1_grt__globalroute__clock__skew__setup"", ""5_1_grt__globalroute__design__instance__area"", ""5_1_grt__globalroute__design__instance__area__stdcell"", ""5_1_grt__globalroute__design__instance__displacement__max"", ""5_1_grt__globalroute__design__instance__count"", ""5_1_grt__globalroute__timing__drv__max_slew_limit"", ""5_1_grt__globalroute__design__instance__count__stdcell"", ""5_1_grt__globalroute__design__instance__displacement__total"", ""5_1_grt__globalroute__global_route__fastroute__monotonic_s"", ""5_1_grt__globalroute__design__instance__utilization"", ""5_1_grt__globalroute__design__instance__utilization__stdcell"", ""5_1_grt__globalroute__route__net"", ""5_1_grt__globalroute__design__nets"", ""5_1_grt__globalroute__dpl__hpwl__delta"", ""5_1_grt__globalroute__dpl__hpwl__delta__percent"", ""5_1_grt__globalroute__flow__warnings__count"", ""5_1_grt__globalroute__flow__warnings__type_count"", ""5_1_grt__globalroute__global_route__fastroute__congestion_rsmt_s"", ""5_1_grt__globalroute__power__switching__total"", ""5_1_grt__globalroute__global_route__fastroute__finalization_s"", ""5_1_grt__globalroute__global_route__fastroute__initial_rsmt_s"", ""5_1_grt__globalroute__global_route__fastroute__new_route_l_s"", ""5_1_grt__globalroute__global_route__fastroute__overflow_iterations_s"", ""5_1_grt__globalroute__global_route__fastroute__route_l_s"", ""5_1_grt__globalroute__global_route__fastroute__route_z_s"", ""5_1_grt__globalroute__global_route__fastroute__spiral_s"", ""5_1_grt__globalroute__global_route__vias"", ""5_1_grt__globalroute__global_route__wirelength"", ""5_1_grt__globalroute__power__leakage__total"", ""5_1_grt__globalroute__power__total"", ""5_1_grt__globalroute__route__wirelength__estimated"", ""5_1_grt__globalroute__timing__drv__max_cap_limit"", ""5_1_grt__globalroute__timing__drv__setup_violation_count"", ""5_1_grt__globalroute__timing__fmax"", ""5_1_grt__globalroute__timing__fmax__clock:core_clock"", ""5_1_grt__globalroute__timing__hold__ws"", ""5_1_grt__globalroute__timing__setup__ws""]",42,-0.07672385948385196
routing,power,43,5_1_grt__globalroute__utilization__before__dpl,0.9812932930539012,0.0064067553156463624,0.00028825238248046236,0.0003696564042412102,"[""5_1_grt__globalroute__power__internal__total"", ""5_1_grt__globalroute__design__instance__displacement__mean"", ""5_1_grt__globalroute__design__instance__count__setup_buffer"", ""5_1_grt__globalroute__timing__setup__tns"", ""5_1_grt__globalroute__clock__skew__hold"", ""5_1_grt__globalroute__clock__skew__setup"", ""5_1_grt__globalroute__design__instance__area"", ""5_1_grt__globalroute__design__instance__area__stdcell"", ""5_1_grt__globalroute__design__instance__displacement__max"", ""5_1_grt__globalroute__design__instance__count"", ""5_1_grt__globalroute__timing__drv__max_slew_limit"", ""5_1_grt__globalroute__design__instance__count__stdcell"", ""5_1_grt__globalroute__design__instance__displacement__total"", ""5_1_grt__globalroute__global_route__fastroute__monotonic_s"", ""5_1_grt__globalroute__design__instance__utilization"", ""5_1_grt__globalroute__design__instance__utilization__stdcell"", ""5_1_grt__globalroute__route__net"", ""5_1_grt__globalroute__design__nets"", ""5_1_grt__globalroute__dpl__hpwl__delta"", ""5_1_grt__globalroute__dpl__hpwl__delta__percent"", ""5_1_grt__globalroute__flow__warnings__count"", ""5_1_grt__globalroute__flow__warnings__type_count"", ""5_1_grt__globalroute__global_route__fastroute__congestion_rsmt_s"", ""5_1_grt__globalroute__power__switching__total"", ""5_1_grt__globalroute__global_route__fastroute__finalization_s"", ""5_1_grt__globalroute__global_route__fastroute__initial_rsmt_s"", ""5_1_grt__globalroute__global_route__fastroute__new_route_l_s"", ""5_1_grt__globalroute__global_route__fastroute__overflow_iterations_s"", ""5_1_grt__globalroute__global_route__fastroute__route_l_s"", ""5_1_grt__globalroute__global_route__fastroute__route_z_s"", ""5_1_grt__globalroute__global_route__fastroute__spiral_s"", ""5_1_grt__globalroute__global_route__vias"", ""5_1_grt__globalroute__global_route__wirelength"", ""5_1_grt__globalroute__power__leakage__total"", ""5_1_grt__globalroute__power__total"", ""5_1_grt__globalroute__route__wirelength__estimated"", ""5_1_grt__globalroute__timing__drv__max_cap_limit"", ""5_1_grt__globalroute__timing__drv__setup_violation_count"", ""5_1_grt__globalroute__timing__fmax"", ""5_1_grt__globalroute__timing__fmax__clock:core_clock"", ""5_1_grt__globalroute__timing__hold__ws"", ""5_1_grt__globalroute__timing__setup__ws"", ""5_1_grt__globalroute__utilization__before__dpl""]",43,-0.07672385948385196
routing,power,44,5_2_route__detailedroute__route__drc_errors__iter:0,0.978935066497626,0.006622339883366153,0.00030790706066127614,0.00039395486062954264,"[""5_1_grt__globalroute__power__internal__total"", ""5_1_grt__globalroute__design__instance__displacement__mean"", ""5_1_grt__globalroute__design__instance__count__setup_buffer"", ""5_1_grt__globalroute__timing__setup__tns"", ""5_1_grt__globalroute__clock__skew__hold"", ""5_1_grt__globalroute__clock__skew__setup"", ""5_1_grt__globalroute__design__instance__area"", ""5_1_grt__globalroute__design__instance__area__stdcell"", ""5_1_grt__globalroute__design__instance__displacement__max"", ""5_1_grt__globalroute__design__instance__count"", ""5_1_grt__globalroute__timing__drv__max_slew_limit"", ""5_1_grt__globalroute__design__instance__count__stdcell"", ""5_1_grt__globalroute__design__instance__displacement__total"", ""5_1_grt__globalroute__global_route__fastroute__monotonic_s"", ""5_1_grt__globalroute__design__instance__utilization"", ""5_1_grt__globalroute__design__instance__utilization__stdcell"", ""5_1_grt__globalroute__route__net"", ""5_1_grt__globalroute__design__nets"", ""5_1_grt__globalroute__dpl__hpwl__delta"", ""5_1_grt__globalroute__dpl__hpwl__delta__percent"", ""5_1_grt__globalroute__flow__warnings__count"", ""5_1_grt__globalroute__flow__warnings__type_count"", ""5_1_grt__globalroute__global_route__fastroute__congestion_rsmt_s"", ""5_1_grt__globalroute__power__switching__total"", ""5_1_grt__globalroute__global_route__fastroute__finalization_s"", ""5_1_grt__globalroute__global_route__fastroute__initial_rsmt_s"", ""5_1_grt__globalroute__global_route__fastroute__new_route_l_s"", ""5_1_grt__globalroute__global_route__fastroute__overflow_iterations_s"", ""5_1_grt__globalroute__global_route__fastroute__route_l_s"", ""5_1_grt__globalroute__global_route__fastroute__route_z_s"", ""5_1_grt__globalroute__global_route__fastroute__spiral_s"", ""5_1_grt__globalroute__global_route__vias"", ""5_1_grt__globalroute__global_route__wirelength"", ""5_1_grt__globalroute__power__leakage__total"", ""5_1_grt__globalroute__power__total"", ""5_1_grt__globalroute__route__wirelength__estimated"", ""5_1_grt__globalroute__timing__drv__max_cap_limit"", ""5_1_grt__globalroute__timing__drv__setup_violation_count"", ""5_1_grt__globalroute__timing__fmax"", ""5_1_grt__globalroute__timing__fmax__clock:core_clock"", ""5_1_grt__globalroute__timing__hold__ws"", ""5_1_grt__globalroute__timing__setup__ws"", ""5_1_grt__globalroute__utilization__before__dpl"", ""5_2_route__detailedroute__route__drc_errors__iter:0""]",44,-0.07672385948385196
routing,power,45,5_2_route__detailedroute__route__drc_errors__iter:1,0.9809686680865434,0.005947994614240886,0.0003024550517433484,0.0003745063781164714,"[""5_1_grt__globalroute__power__internal__total"", ""5_1_grt__globalroute__design__instance__displacement__mean"", ""5_1_grt__globalroute__design__instance__count__setup_buffer"", ""5_1_grt__globalroute__timing__setup__tns"", ""5_1_grt__globalroute__clock__skew__hold"", ""5_1_grt__globalroute__clock__skew__setup"", ""5_1_grt__globalroute__design__instance__area"", ""5_1_grt__globalroute__design__instance__area__stdcell"", ""5_1_grt__globalroute__design__instance__displacement__max"", ""5_1_grt__globalroute__design__instance__count"", ""5_1_grt__globalroute__timing__drv__max_slew_limit"", ""5_1_grt__globalroute__design__instance__count__stdcell"", ""5_1_grt__globalroute__design__instance__displacement__total"", ""5_1_grt__globalroute__global_route__fastroute__monotonic_s"", ""5_1_grt__globalroute__design__instance__utilization"", ""5_1_grt__globalroute__design__instance__utilization__stdcell"", ""5_1_grt__globalroute__route__net"", ""5_1_grt__globalroute__design__nets"", ""5_1_grt__globalroute__dpl__hpwl__delta"", ""5_1_grt__globalroute__dpl__hpwl__delta__percent"", ""5_1_grt__globalroute__flow__warnings__count"", ""5_1_grt__globalroute__flow__warnings__type_count"", ""5_1_grt__globalroute__global_route__fastroute__congestion_rsmt_s"", ""5_1_grt__globalroute__power__switching__total"", ""5_1_grt__globalroute__global_route__fastroute__finalization_s"", ""5_1_grt__globalroute__global_route__fastroute__initial_rsmt_s"", ""5_1_grt__globalroute__global_route__fastroute__new_route_l_s"", ""5_1_grt__globalroute__global_route__fastroute__overflow_iterations_s"", ""5_1_grt__globalroute__global_route__fastroute__route_l_s"", ""5_1_grt__globalroute__global_route__fastroute__route_z_s"", ""5_1_grt__globalroute__global_route__fastroute__spiral_s"", ""5_1_grt__globalroute__global_route__vias"", ""5_1_grt__globalroute__global_route__wirelength"", ""5_1_grt__globalroute__power__leakage__total"", ""5_1_grt__globalroute__power__total"", ""5_1_grt__globalroute__route__wirelength__estimated"", ""5_1_grt__globalroute__timing__drv__max_cap_limit"", ""5_1_grt__globalroute__timing__drv__setup_violation_count"", ""5_1_grt__globalroute__timing__fmax"", ""5_1_grt__globalroute__timing__fmax__clock:core_clock"", ""5_1_grt__globalroute__timing__hold__ws"", ""5_1_grt__globalroute__timing__setup__ws"", ""5_1_grt__globalroute__utilization__before__dpl"", ""5_2_route__detailedroute__route__drc_errors__iter:0"", ""5_2_route__detailedroute__route__drc_errors__iter:1""]",45,-0.07672385948385196
routing,power,46,5_2_route__detailedroute__route__drc_errors__iter:2,0.9809426348455682,0.005370134500209479,0.00029089769686913486,0.0003766551266822708,"[""5_1_grt__globalroute__power__internal__total"", ""5_1_grt__globalroute__design__instance__displacement__mean"", ""5_1_grt__globalroute__design__instance__count__setup_buffer"", ""5_1_grt__globalroute__timing__setup__tns"", ""5_1_grt__globalroute__clock__skew__hold"", ""5_1_grt__globalroute__clock__skew__setup"", ""5_1_grt__globalroute__design__instance__area"", ""5_1_grt__globalroute__design__instance__area__stdcell"", ""5_1_grt__globalroute__design__instance__displacement__max"", ""5_1_grt__globalroute__design__instance__count"", ""5_1_grt__globalroute__timing__drv__max_slew_limit"", ""5_1_grt__globalroute__design__instance__count__stdcell"", ""5_1_grt__globalroute__design__instance__displacement__total"", ""5_1_grt__globalroute__global_route__fastroute__monotonic_s"", ""5_1_grt__globalroute__design__instance__utilization"", ""5_1_grt__globalroute__design__instance__utilization__stdcell"", ""5_1_grt__globalroute__route__net"", ""5_1_grt__globalroute__design__nets"", ""5_1_grt__globalroute__dpl__hpwl__delta"", ""5_1_grt__globalroute__dpl__hpwl__delta__percent"", ""5_1_grt__globalroute__flow__warnings__count"", ""5_1_grt__globalroute__flow__warnings__type_count"", ""5_1_grt__globalroute__global_route__fastroute__congestion_rsmt_s"", ""5_1_grt__globalroute__power__switching__total"", ""5_1_grt__globalroute__global_route__fastroute__finalization_s"", ""5_1_grt__globalroute__global_route__fastroute__initial_rsmt_s"", ""5_1_grt__globalroute__global_route__fastroute__new_route_l_s"", ""5_1_grt__globalroute__global_route__fastroute__overflow_iterations_s"", ""5_1_grt__globalroute__global_route__fastroute__route_l_s"", ""5_1_grt__globalroute__global_route__fastroute__route_z_s"", ""5_1_grt__globalroute__global_route__fastroute__spiral_s"", ""5_1_grt__globalroute__global_route__vias"", ""5_1_grt__globalroute__global_route__wirelength"", ""5_1_grt__globalroute__power__leakage__total"", ""5_1_grt__globalroute__power__total"", ""5_1_grt__globalroute__route__wirelength__estimated"", ""5_1_grt__globalroute__timing__drv__max_cap_limit"", ""5_1_grt__globalroute__timing__drv__setup_violation_count"", ""5_1_grt__globalroute__timing__fmax"", ""5_1_grt__globalroute__timing__fmax__clock:core_clock"", ""5_1_grt__globalroute__timing__hold__ws"", ""5_1_grt__globalroute__timing__setup__ws"", ""5_1_grt__globalroute__utilization__before__dpl"", ""5_2_route__detailedroute__route__drc_errors__iter:0"", ""5_2_route__detailedroute__route__drc_errors__iter:1"", ""5_2_route__detailedroute__route__drc_errors__iter:2""]",46,-0.07672385948385196
routing,power,47,5_2_route__detailedroute__route__net,0.9776720950928867,0.008940545129306917,0.00032784450389778606,0.00040074698773780024,"[""5_1_grt__globalroute__power__internal__total"", ""5_1_grt__globalroute__design__instance__displacement__mean"", ""5_1_grt__globalroute__design__instance__count__setup_buffer"", ""5_1_grt__globalroute__timing__setup__tns"", ""5_1_grt__globalroute__clock__skew__hold"", ""5_1_grt__globalroute__clock__skew__setup"", ""5_1_grt__globalroute__design__instance__area"", ""5_1_grt__globalroute__design__instance__area__stdcell"", ""5_1_grt__globalroute__design__instance__displacement__max"", ""5_1_grt__globalroute__design__instance__count"", ""5_1_grt__globalroute__timing__drv__max_slew_limit"", ""5_1_grt__globalroute__design__instance__count__stdcell"", ""5_1_grt__globalroute__design__instance__displacement__total"", ""5_1_grt__globalroute__global_route__fastroute__monotonic_s"", ""5_1_grt__globalroute__design__instance__utilization"", ""5_1_grt__globalroute__design__instance__utilization__stdcell"", ""5_1_grt__globalroute__route__net"", ""5_1_grt__globalroute__design__nets"", ""5_1_grt__globalroute__dpl__hpwl__delta"", ""5_1_grt__globalroute__dpl__hpwl__delta__percent"", ""5_1_grt__globalroute__flow__warnings__count"", ""5_1_grt__globalroute__flow__warnings__type_count"", ""5_1_grt__globalroute__global_route__fastroute__congestion_rsmt_s"", ""5_1_grt__globalroute__power__switching__total"", ""5_1_grt__globalroute__global_route__fastroute__finalization_s"", ""5_1_grt__globalroute__global_route__fastroute__initial_rsmt_s"", ""5_1_grt__globalroute__global_route__fastroute__new_route_l_s"", ""5_1_grt__globalroute__global_route__fastroute__overflow_iterations_s"", ""5_1_grt__globalroute__global_route__fastroute__route_l_s"", ""5_1_grt__globalroute__global_route__fastroute__route_z_s"", ""5_1_grt__globalroute__global_route__fastroute__spiral_s"", ""5_1_grt__globalroute__global_route__vias"", ""5_1_grt__globalroute__global_route__wirelength"", ""5_1_grt__globalroute__power__leakage__total"", ""5_1_grt__globalroute__power__total"", ""5_1_grt__globalroute__route__wirelength__estimated"", ""5_1_grt__globalroute__timing__drv__max_cap_limit"", ""5_1_grt__globalroute__timing__drv__setup_violation_count"", ""5_1_grt__globalroute__timing__fmax"", ""5_1_grt__globalroute__timing__fmax__clock:core_clock"", ""5_1_grt__globalroute__timing__hold__ws"", ""5_1_grt__globalroute__timing__setup__ws"", ""5_1_grt__globalroute__utilization__before__dpl"", ""5_2_route__detailedroute__route__drc_errors__iter:0"", ""5_2_route__detailedroute__route__drc_errors__iter:1"", ""5_2_route__detailedroute__route__drc_errors__iter:2"", ""5_2_route__detailedroute__route__net""]",47,-0.07672385948385196
routing,power,48,5_2_route__detailedroute__route__vias,0.980151170555252,0.005953352467537827,0.0003006497307683626,0.0003831652977249306,"[""5_1_grt__globalroute__power__internal__total"", ""5_1_grt__globalroute__design__instance__displacement__mean"", ""5_1_grt__globalroute__design__instance__count__setup_buffer"", ""5_1_grt__globalroute__timing__setup__tns"", ""5_1_grt__globalroute__clock__skew__hold"", ""5_1_grt__globalroute__clock__skew__setup"", ""5_1_grt__globalroute__design__instance__area"", ""5_1_grt__globalroute__design__instance__area__stdcell"", ""5_1_grt__globalroute__design__instance__displacement__max"", ""5_1_grt__globalroute__design__instance__count"", ""5_1_grt__globalroute__timing__drv__max_slew_limit"", ""5_1_grt__globalroute__design__instance__count__stdcell"", ""5_1_grt__globalroute__design__instance__displacement__total"", ""5_1_grt__globalroute__global_route__fastroute__monotonic_s"", ""5_1_grt__globalroute__design__instance__utilization"", ""5_1_grt__globalroute__design__instance__utilization__stdcell"", ""5_1_grt__globalroute__route__net"", ""5_1_grt__globalroute__design__nets"", ""5_1_grt__globalroute__dpl__hpwl__delta"", ""5_1_grt__globalroute__dpl__hpwl__delta__percent"", ""5_1_grt__globalroute__flow__warnings__count"", ""5_1_grt__globalroute__flow__warnings__type_count"", ""5_1_grt__globalroute__global_route__fastroute__congestion_rsmt_s"", ""5_1_grt__globalroute__power__switching__total"", ""5_1_grt__globalroute__global_route__fastroute__finalization_s"", ""5_1_grt__globalroute__global_route__fastroute__initial_rsmt_s"", ""5_1_grt__globalroute__global_route__fastroute__new_route_l_s"", ""5_1_grt__globalroute__global_route__fastroute__overflow_iterations_s"", ""5_1_grt__globalroute__global_route__fastroute__route_l_s"", ""5_1_grt__globalroute__global_route__fastroute__route_z_s"", ""5_1_grt__globalroute__global_route__fastroute__spiral_s"", ""5_1_grt__globalroute__global_route__vias"", ""5_1_grt__globalroute__global_route__wirelength"", ""5_1_grt__globalroute__power__leakage__total"", ""5_1_grt__globalroute__power__total"", ""5_1_grt__globalroute__route__wirelength__estimated"", ""5_1_grt__globalroute__timing__drv__max_cap_limit"", ""5_1_grt__globalroute__timing__drv__setup_violation_count"", ""5_1_grt__globalroute__timing__fmax"", ""5_1_grt__globalroute__timing__fmax__clock:core_clock"", ""5_1_grt__globalroute__timing__hold__ws"", ""5_1_grt__globalroute__timing__setup__ws"", ""5_1_grt__globalroute__utilization__before__dpl"", ""5_2_route__detailedroute__route__drc_errors__iter:0"", ""5_2_route__detailedroute__route__drc_errors__iter:1"", ""5_2_route__detailedroute__route__drc_errors__iter:2"", ""5_2_route__detailedroute__route__net"", ""5_2_route__detailedroute__route__vias""]",48,-0.07672385948385196
routing,power,49,5_2_route__detailedroute__route__vias__singlecut,0.9798540180227193,0.007154691952898985,0.00030218605600949123,0.0003828381795815631,"[""5_1_grt__globalroute__power__internal__total"", ""5_1_grt__globalroute__design__instance__displacement__mean"", ""5_1_grt__globalroute__design__instance__count__setup_buffer"", ""5_1_grt__globalroute__timing__setup__tns"", ""5_1_grt__globalroute__clock__skew__hold"", ""5_1_grt__globalroute__clock__skew__setup"", ""5_1_grt__globalroute__design__instance__area"", ""5_1_grt__globalroute__design__instance__area__stdcell"", ""5_1_grt__globalroute__design__instance__displacement__max"", ""5_1_grt__globalroute__design__instance__count"", ""5_1_grt__globalroute__timing__drv__max_slew_limit"", ""5_1_grt__globalroute__design__instance__count__stdcell"", ""5_1_grt__globalroute__design__instance__displacement__total"", ""5_1_grt__globalroute__global_route__fastroute__monotonic_s"", ""5_1_grt__globalroute__design__instance__utilization"", ""5_1_grt__globalroute__design__instance__utilization__stdcell"", ""5_1_grt__globalroute__route__net"", ""5_1_grt__globalroute__design__nets"", ""5_1_grt__globalroute__dpl__hpwl__delta"", ""5_1_grt__globalroute__dpl__hpwl__delta__percent"", ""5_1_grt__globalroute__flow__warnings__count"", ""5_1_grt__globalroute__flow__warnings__type_count"", ""5_1_grt__globalroute__global_route__fastroute__congestion_rsmt_s"", ""5_1_grt__globalroute__power__switching__total"", ""5_1_grt__globalroute__global_route__fastroute__finalization_s"", ""5_1_grt__globalroute__global_route__fastroute__initial_rsmt_s"", ""5_1_grt__globalroute__global_route__fastroute__new_route_l_s"", ""5_1_grt__globalroute__global_route__fastroute__overflow_iterations_s"", ""5_1_grt__globalroute__global_route__fastroute__route_l_s"", ""5_1_grt__globalroute__global_route__fastroute__route_z_s"", ""5_1_grt__globalroute__global_route__fastroute__spiral_s"", ""5_1_grt__globalroute__global_route__vias"", ""5_1_grt__globalroute__global_route__wirelength"", ""5_1_grt__globalroute__power__leakage__total"", ""5_1_grt__globalroute__power__total"", ""5_1_grt__globalroute__route__wirelength__estimated"", ""5_1_grt__globalroute__timing__drv__max_cap_limit"", ""5_1_grt__globalroute__timing__drv__setup_violation_count"", ""5_1_grt__globalroute__timing__fmax"", ""5_1_grt__globalroute__timing__fmax__clock:core_clock"", ""5_1_grt__globalroute__timing__hold__ws"", ""5_1_grt__globalroute__timing__setup__ws"", ""5_1_grt__globalroute__utilization__before__dpl"", ""5_2_route__detailedroute__route__drc_errors__iter:0"", ""5_2_route__detailedroute__route__drc_errors__iter:1"", ""5_2_route__detailedroute__route__drc_errors__iter:2"", ""5_2_route__detailedroute__route__net"", ""5_2_route__detailedroute__route__vias"", ""5_2_route__detailedroute__route__vias__singlecut""]",49,-0.07672385948385196
routing,power,50,5_2_route__detailedroute__route__wirelength,0.9812024734407996,0.005807906115756797,0.0002942107372299432,0.0003727345259183263,"[""5_1_grt__globalroute__power__internal__total"", ""5_1_grt__globalroute__design__instance__displacement__mean"", ""5_1_grt__globalroute__design__instance__count__setup_buffer"", ""5_1_grt__globalroute__timing__setup__tns"", ""5_1_grt__globalroute__clock__skew__hold"", ""5_1_grt__globalroute__clock__skew__setup"", ""5_1_grt__globalroute__design__instance__area"", ""5_1_grt__globalroute__design__instance__area__stdcell"", ""5_1_grt__globalroute__design__instance__displacement__max"", ""5_1_grt__globalroute__design__instance__count"", ""5_1_grt__globalroute__timing__drv__max_slew_limit"", ""5_1_grt__globalroute__design__instance__count__stdcell"", ""5_1_grt__globalroute__design__instance__displacement__total"", ""5_1_grt__globalroute__global_route__fastroute__monotonic_s"", ""5_1_grt__globalroute__design__instance__utilization"", ""5_1_grt__globalroute__design__instance__utilization__stdcell"", ""5_1_grt__globalroute__route__net"", ""5_1_grt__globalroute__design__nets"", ""5_1_grt__globalroute__dpl__hpwl__delta"", ""5_1_grt__globalroute__dpl__hpwl__delta__percent"", ""5_1_grt__globalroute__flow__warnings__count"", ""5_1_grt__globalroute__flow__warnings__type_count"", ""5_1_grt__globalroute__global_route__fastroute__congestion_rsmt_s"", ""5_1_grt__globalroute__power__switching__total"", ""5_1_grt__globalroute__global_route__fastroute__finalization_s"", ""5_1_grt__globalroute__global_route__fastroute__initial_rsmt_s"", ""5_1_grt__globalroute__global_route__fastroute__new_route_l_s"", ""5_1_grt__globalroute__global_route__fastroute__overflow_iterations_s"", ""5_1_grt__globalroute__global_route__fastroute__route_l_s"", ""5_1_grt__globalroute__global_route__fastroute__route_z_s"", ""5_1_grt__globalroute__global_route__fastroute__spiral_s"", ""5_1_grt__globalroute__global_route__vias"", ""5_1_grt__globalroute__global_route__wirelength"", ""5_1_grt__globalroute__power__leakage__total"", ""5_1_grt__globalroute__power__total"", ""5_1_grt__globalroute__route__wirelength__estimated"", ""5_1_grt__globalroute__timing__drv__max_cap_limit"", ""5_1_grt__globalroute__timing__drv__setup_violation_count"", ""5_1_grt__globalroute__timing__fmax"", ""5_1_grt__globalroute__timing__fmax__clock:core_clock"", ""5_1_grt__globalroute__timing__hold__ws"", ""5_1_grt__globalroute__timing__setup__ws"", ""5_1_grt__globalroute__utilization__before__dpl"", ""5_2_route__detailedroute__route__drc_errors__iter:0"", ""5_2_route__detailedroute__route__drc_errors__iter:1"", ""5_2_route__detailedroute__route__drc_errors__iter:2"", ""5_2_route__detailedroute__route__net"", ""5_2_route__detailedroute__route__vias"", ""5_2_route__detailedroute__route__vias__singlecut"", ""5_2_route__detailedroute__route__wirelength""]",50,-0.07672385948385196
routing,power,51,5_2_route__detailedroute__route__wirelength__iter:0,0.9795042007416201,0.006663502720488419,0.0003062451620930036,0.00038794501984178896,"[""5_1_grt__globalroute__power__internal__total"", ""5_1_grt__globalroute__design__instance__displacement__mean"", ""5_1_grt__globalroute__design__instance__count__setup_buffer"", ""5_1_grt__globalroute__timing__setup__tns"", ""5_1_grt__globalroute__clock__skew__hold"", ""5_1_grt__globalroute__clock__skew__setup"", ""5_1_grt__globalroute__design__instance__area"", ""5_1_grt__globalroute__design__instance__area__stdcell"", ""5_1_grt__globalroute__design__instance__displacement__max"", ""5_1_grt__globalroute__design__instance__count"", ""5_1_grt__globalroute__timing__drv__max_slew_limit"", ""5_1_grt__globalroute__design__instance__count__stdcell"", ""5_1_grt__globalroute__design__instance__displacement__total"", ""5_1_grt__globalroute__global_route__fastroute__monotonic_s"", ""5_1_grt__globalroute__design__instance__utilization"", ""5_1_grt__globalroute__design__instance__utilization__stdcell"", ""5_1_grt__globalroute__route__net"", ""5_1_grt__globalroute__design__nets"", ""5_1_grt__globalroute__dpl__hpwl__delta"", ""5_1_grt__globalroute__dpl__hpwl__delta__percent"", ""5_1_grt__globalroute__flow__warnings__count"", ""5_1_grt__globalroute__flow__warnings__type_count"", ""5_1_grt__globalroute__global_route__fastroute__congestion_rsmt_s"", ""5_1_grt__globalroute__power__switching__total"", ""5_1_grt__globalroute__global_route__fastroute__finalization_s"", ""5_1_grt__globalroute__global_route__fastroute__initial_rsmt_s"", ""5_1_grt__globalroute__global_route__fastroute__new_route_l_s"", ""5_1_grt__globalroute__global_route__fastroute__overflow_iterations_s"", ""5_1_grt__globalroute__global_route__fastroute__route_l_s"", ""5_1_grt__globalroute__global_route__fastroute__route_z_s"", ""5_1_grt__globalroute__global_route__fastroute__spiral_s"", ""5_1_grt__globalroute__global_route__vias"", ""5_1_grt__globalroute__global_route__wirelength"", ""5_1_grt__globalroute__power__leakage__total"", ""5_1_grt__globalroute__power__total"", ""5_1_grt__globalroute__route__wirelength__estimated"", ""5_1_grt__globalroute__timing__drv__max_cap_limit"", ""5_1_grt__globalroute__timing__drv__setup_violation_count"", ""5_1_grt__globalroute__timing__fmax"", ""5_1_grt__globalroute__timing__fmax__clock:core_clock"", ""5_1_grt__globalroute__timing__hold__ws"", ""5_1_grt__globalroute__timing__setup__ws"", ""5_1_grt__globalroute__utilization__before__dpl"", ""5_2_route__detailedroute__route__drc_errors__iter:0"", ""5_2_route__detailedroute__route__drc_errors__iter:1"", ""5_2_route__detailedroute__route__drc_errors__iter:2"", ""5_2_route__detailedroute__route__net"", ""5_2_route__detailedroute__route__vias"", ""5_2_route__detailedroute__route__vias__singlecut"", ""5_2_route__detailedroute__route__wirelength"", ""5_2_route__detailedroute__route__wirelength__iter:0""]",51,-0.07672385948385196
routing,power,52,5_2_route__detailedroute__route__wirelength__iter:1,0.9812024734407996,0.005807906115756797,0.0002942107372299432,0.0003727345259183263,"[""5_1_grt__globalroute__power__internal__total"", ""5_1_grt__globalroute__design__instance__displacement__mean"", ""5_1_grt__globalroute__design__instance__count__setup_buffer"", ""5_1_grt__globalroute__timing__setup__tns"", ""5_1_grt__globalroute__clock__skew__hold"", ""5_1_grt__globalroute__clock__skew__setup"", ""5_1_grt__globalroute__design__instance__area"", ""5_1_grt__globalroute__design__instance__area__stdcell"", ""5_1_grt__globalroute__design__instance__displacement__max"", ""5_1_grt__globalroute__design__instance__count"", ""5_1_grt__globalroute__timing__drv__max_slew_limit"", ""5_1_grt__globalroute__design__instance__count__stdcell"", ""5_1_grt__globalroute__design__instance__displacement__total"", ""5_1_grt__globalroute__global_route__fastroute__monotonic_s"", ""5_1_grt__globalroute__design__instance__utilization"", ""5_1_grt__globalroute__design__instance__utilization__stdcell"", ""5_1_grt__globalroute__route__net"", ""5_1_grt__globalroute__design__nets"", ""5_1_grt__globalroute__dpl__hpwl__delta"", ""5_1_grt__globalroute__dpl__hpwl__delta__percent"", ""5_1_grt__globalroute__flow__warnings__count"", ""5_1_grt__globalroute__flow__warnings__type_count"", ""5_1_grt__globalroute__global_route__fastroute__congestion_rsmt_s"", ""5_1_grt__globalroute__power__switching__total"", ""5_1_grt__globalroute__global_route__fastroute__finalization_s"", ""5_1_grt__globalroute__global_route__fastroute__initial_rsmt_s"", ""5_1_grt__globalroute__global_route__fastroute__new_route_l_s"", ""5_1_grt__globalroute__global_route__fastroute__overflow_iterations_s"", ""5_1_grt__globalroute__global_route__fastroute__route_l_s"", ""5_1_grt__globalroute__global_route__fastroute__route_z_s"", ""5_1_grt__globalroute__global_route__fastroute__spiral_s"", ""5_1_grt__globalroute__global_route__vias"", ""5_1_grt__globalroute__global_route__wirelength"", ""5_1_grt__globalroute__power__leakage__total"", ""5_1_grt__globalroute__power__total"", ""5_1_grt__globalroute__route__wirelength__estimated"", ""5_1_grt__globalroute__timing__drv__max_cap_limit"", ""5_1_grt__globalroute__timing__drv__setup_violation_count"", ""5_1_grt__globalroute__timing__fmax"", ""5_1_grt__globalroute__timing__fmax__clock:core_clock"", ""5_1_grt__globalroute__timing__hold__ws"", ""5_1_grt__globalroute__timing__setup__ws"", ""5_1_grt__globalroute__utilization__before__dpl"", ""5_2_route__detailedroute__route__drc_errors__iter:0"", ""5_2_route__detailedroute__route__drc_errors__iter:1"", ""5_2_route__detailedroute__route__drc_errors__iter:2"", ""5_2_route__detailedroute__route__net"", ""5_2_route__detailedroute__route__vias"", ""5_2_route__detailedroute__route__vias__singlecut"", ""5_2_route__detailedroute__route__wirelength"", ""5_2_route__detailedroute__route__wirelength__iter:0"", ""5_2_route__detailedroute__route__wirelength__iter:1""]",52,-0.07672385948385196
routing,power,53,5_2_route__detailedroute__route__wirelength__iter:2,0.9795042007416201,0.006663502720488419,0.0003062451620930036,0.00038794501984178896,"[""5_1_grt__globalroute__power__internal__total"", ""5_1_grt__globalroute__design__instance__displacement__mean"", ""5_1_grt__globalroute__design__instance__count__setup_buffer"", ""5_1_grt__globalroute__timing__setup__tns"", ""5_1_grt__globalroute__clock__skew__hold"", ""5_1_grt__globalroute__clock__skew__setup"", ""5_1_grt__globalroute__design__instance__area"", ""5_1_grt__globalroute__design__instance__area__stdcell"", ""5_1_grt__globalroute__design__instance__displacement__max"", ""5_1_grt__globalroute__design__instance__count"", ""5_1_grt__globalroute__timing__drv__max_slew_limit"", ""5_1_grt__globalroute__design__instance__count__stdcell"", ""5_1_grt__globalroute__design__instance__displacement__total"", ""5_1_grt__globalroute__global_route__fastroute__monotonic_s"", ""5_1_grt__globalroute__design__instance__utilization"", ""5_1_grt__globalroute__design__instance__utilization__stdcell"", ""5_1_grt__globalroute__route__net"", ""5_1_grt__globalroute__design__nets"", ""5_1_grt__globalroute__dpl__hpwl__delta"", ""5_1_grt__globalroute__dpl__hpwl__delta__percent"", ""5_1_grt__globalroute__flow__warnings__count"", ""5_1_grt__globalroute__flow__warnings__type_count"", ""5_1_grt__globalroute__global_route__fastroute__congestion_rsmt_s"", ""5_1_grt__globalroute__power__switching__total"", ""5_1_grt__globalroute__global_route__fastroute__finalization_s"", ""5_1_grt__globalroute__global_route__fastroute__initial_rsmt_s"", ""5_1_grt__globalroute__global_route__fastroute__new_route_l_s"", ""5_1_grt__globalroute__global_route__fastroute__overflow_iterations_s"", ""5_1_grt__globalroute__global_route__fastroute__route_l_s"", ""5_1_grt__globalroute__global_route__fastroute__route_z_s"", ""5_1_grt__globalroute__global_route__fastroute__spiral_s"", ""5_1_grt__globalroute__global_route__vias"", ""5_1_grt__globalroute__global_route__wirelength"", ""5_1_grt__globalroute__power__leakage__total"", ""5_1_grt__globalroute__power__total"", ""5_1_grt__globalroute__route__wirelength__estimated"", ""5_1_grt__globalroute__timing__drv__max_cap_limit"", ""5_1_grt__globalroute__timing__drv__setup_violation_count"", ""5_1_grt__globalroute__timing__fmax"", ""5_1_grt__globalroute__timing__fmax__clock:core_clock"", ""5_1_grt__globalroute__timing__hold__ws"", ""5_1_grt__globalroute__timing__setup__ws"", ""5_1_grt__globalroute__utilization__before__dpl"", ""5_2_route__detailedroute__route__drc_errors__iter:0"", ""5_2_route__detailedroute__route__drc_errors__iter:1"", ""5_2_route__detailedroute__route__drc_errors__iter:2"", ""5_2_route__detailedroute__route__net"", ""5_2_route__detailedroute__route__vias"", ""5_2_route__detailedroute__route__vias__singlecut"", ""5_2_route__detailedroute__route__wirelength"", ""5_2_route__detailedroute__route__wirelength__iter:0"", ""5_2_route__detailedroute__route__wirelength__iter:1"", ""5_2_route__detailedroute__route__wirelength__iter:2""]",53,-0.07672385948385196
routing,power,54,5_2_route__detailedroute__route__wirelength__iter:3,0.9812815220404526,0.0071826203921126,0.00027645547591801474,0.0003696079798335308,"[""5_1_grt__globalroute__power__internal__total"", ""5_1_grt__globalroute__design__instance__displacement__mean"", ""5_1_grt__globalroute__design__instance__count__setup_buffer"", ""5_1_grt__globalroute__timing__setup__tns"", ""5_1_grt__globalroute__clock__skew__hold"", ""5_1_grt__globalroute__clock__skew__setup"", ""5_1_grt__globalroute__design__instance__area"", ""5_1_grt__globalroute__design__instance__area__stdcell"", ""5_1_grt__globalroute__design__instance__displacement__max"", ""5_1_grt__globalroute__design__instance__count"", ""5_1_grt__globalroute__timing__drv__max_slew_limit"", ""5_1_grt__globalroute__design__instance__count__stdcell"", ""5_1_grt__globalroute__design__instance__displacement__total"", ""5_1_grt__globalroute__global_route__fastroute__monotonic_s"", ""5_1_grt__globalroute__design__instance__utilization"", ""5_1_grt__globalroute__design__instance__utilization__stdcell"", ""5_1_grt__globalroute__route__net"", ""5_1_grt__globalroute__design__nets"", ""5_1_grt__globalroute__dpl__hpwl__delta"", ""5_1_grt__globalroute__dpl__hpwl__delta__percent"", ""5_1_grt__globalroute__flow__warnings__count"", ""5_1_grt__globalroute__flow__warnings__type_count"", ""5_1_grt__globalroute__global_route__fastroute__congestion_rsmt_s"", ""5_1_grt__globalroute__power__switching__total"", ""5_1_grt__globalroute__global_route__fastroute__finalization_s"", ""5_1_grt__globalroute__global_route__fastroute__initial_rsmt_s"", ""5_1_grt__globalroute__global_route__fastroute__new_route_l_s"", ""5_1_grt__globalroute__global_route__fastroute__overflow_iterations_s"", ""5_1_grt__globalroute__global_route__fastroute__route_l_s"", ""5_1_grt__globalroute__global_route__fastroute__route_z_s"", ""5_1_grt__globalroute__global_route__fastroute__spiral_s"", ""5_1_grt__globalroute__global_route__vias"", ""5_1_grt__globalroute__global_route__wirelength"", ""5_1_grt__globalroute__power__leakage__total"", ""5_1_grt__globalroute__power__total"", ""5_1_grt__globalroute__route__wirelength__estimated"", ""5_1_grt__globalroute__timing__drv__max_cap_limit"", ""5_1_grt__globalroute__timing__drv__setup_violation_count"", ""5_1_grt__globalroute__timing__fmax"", ""5_1_grt__globalroute__timing__fmax__clock:core_clock"", ""5_1_grt__globalroute__timing__hold__ws"", ""5_1_grt__globalroute__timing__setup__ws"", ""5_1_grt__globalroute__utilization__before__dpl"", ""5_2_route__detailedroute__route__drc_errors__iter:0"", ""5_2_route__detailedroute__route__drc_errors__iter:1"", ""5_2_route__detailedroute__route__drc_errors__iter:2"", ""5_2_route__detailedroute__route__net"", ""5_2_route__detailedroute__route__vias"", ""5_2_route__detailedroute__route__vias__singlecut"", ""5_2_route__detailedroute__route__wirelength"", ""5_2_route__detailedroute__route__wirelength__iter:0"", ""5_2_route__detailedroute__route__wirelength__iter:1"", ""5_2_route__detailedroute__route__wirelength__iter:2"", ""5_2_route__detailedroute__route__wirelength__iter:3""]",54,-0.07672385948385196
routing,power,55,param:CLK_PERIOD,0.9780268999156506,0.009406851219679943,0.0003213952981249093,0.00039543393100282073,"[""5_1_grt__globalroute__power__internal__total"", ""5_1_grt__globalroute__design__instance__displacement__mean"", ""5_1_grt__globalroute__design__instance__count__setup_buffer"", ""5_1_grt__globalroute__timing__setup__tns"", ""5_1_grt__globalroute__clock__skew__hold"", ""5_1_grt__globalroute__clock__skew__setup"", ""5_1_grt__globalroute__design__instance__area"", ""5_1_grt__globalroute__design__instance__area__stdcell"", ""5_1_grt__globalroute__design__instance__displacement__max"", ""5_1_grt__globalroute__design__instance__count"", ""5_1_grt__globalroute__timing__drv__max_slew_limit"", ""5_1_grt__globalroute__design__instance__count__stdcell"", ""5_1_grt__globalroute__design__instance__displacement__total"", ""5_1_grt__globalroute__global_route__fastroute__monotonic_s"", ""5_1_grt__globalroute__design__instance__utilization"", ""5_1_grt__globalroute__design__instance__utilization__stdcell"", ""5_1_grt__globalroute__route__net"", ""5_1_grt__globalroute__design__nets"", ""5_1_grt__globalroute__dpl__hpwl__delta"", ""5_1_grt__globalroute__dpl__hpwl__delta__percent"", ""5_1_grt__globalroute__flow__warnings__count"", ""5_1_grt__globalroute__flow__warnings__type_count"", ""5_1_grt__globalroute__global_route__fastroute__congestion_rsmt_s"", ""5_1_grt__globalroute__power__switching__total"", ""5_1_grt__globalroute__global_route__fastroute__finalization_s"", ""5_1_grt__globalroute__global_route__fastroute__initial_rsmt_s"", ""5_1_grt__globalroute__global_route__fastroute__new_route_l_s"", ""5_1_grt__globalroute__global_route__fastroute__overflow_iterations_s"", ""5_1_grt__globalroute__global_route__fastroute__route_l_s"", ""5_1_grt__globalroute__global_route__fastroute__route_z_s"", ""5_1_grt__globalroute__global_route__fastroute__spiral_s"", ""5_1_grt__globalroute__global_route__vias"", ""5_1_grt__globalroute__global_route__wirelength"", ""5_1_grt__globalroute__power__leakage__total"", ""5_1_grt__globalroute__power__total"", ""5_1_grt__globalroute__route__wirelength__estimated"", ""5_1_grt__globalroute__timing__drv__max_cap_limit"", ""5_1_grt__globalroute__timing__drv__setup_violation_count"", ""5_1_grt__globalroute__timing__fmax"", ""5_1_grt__globalroute__timing__fmax__clock:core_clock"", ""5_1_grt__globalroute__timing__hold__ws"", ""5_1_grt__globalroute__timing__setup__ws"", ""5_1_grt__globalroute__utilization__before__dpl"", ""5_2_route__detailedroute__route__drc_errors__iter:0"", ""5_2_route__detailedroute__route__drc_errors__iter:1"", ""5_2_route__detailedroute__route__drc_errors__iter:2"", ""5_2_route__detailedroute__route__net"", ""5_2_route__detailedroute__route__vias"", ""5_2_route__detailedroute__route__vias__singlecut"", ""5_2_route__detailedroute__route__wirelength"", ""5_2_route__detailedroute__route__wirelength__iter:0"", ""5_2_route__detailedroute__route__wirelength__iter:1"", ""5_2_route__detailedroute__route__wirelength__iter:2"", ""5_2_route__detailedroute__route__wirelength__iter:3"", ""param:CLK_PERIOD""]",55,-0.07672385948385196
routing,power,56,param:CORE_UTILIZATION,0.9812591940719703,0.005612114972114992,0.0002912554476443529,0.00037296904008708156,"[""5_1_grt__globalroute__power__internal__total"", ""5_1_grt__globalroute__design__instance__displacement__mean"", ""5_1_grt__globalroute__design__instance__count__setup_buffer"", ""5_1_grt__globalroute__timing__setup__tns"", ""5_1_grt__globalroute__clock__skew__hold"", ""5_1_grt__globalroute__clock__skew__setup"", ""5_1_grt__globalroute__design__instance__area"", ""5_1_grt__globalroute__design__instance__area__stdcell"", ""5_1_grt__globalroute__design__instance__displacement__max"", ""5_1_grt__globalroute__design__instance__count"", ""5_1_grt__globalroute__timing__drv__max_slew_limit"", ""5_1_grt__globalroute__design__instance__count__stdcell"", ""5_1_grt__globalroute__design__instance__displacement__total"", ""5_1_grt__globalroute__global_route__fastroute__monotonic_s"", ""5_1_grt__globalroute__design__instance__utilization"", ""5_1_grt__globalroute__design__instance__utilization__stdcell"", ""5_1_grt__globalroute__route__net"", ""5_1_grt__globalroute__design__nets"", ""5_1_grt__globalroute__dpl__hpwl__delta"", ""5_1_grt__globalroute__dpl__hpwl__delta__percent"", ""5_1_grt__globalroute__flow__warnings__count"", ""5_1_grt__globalroute__flow__warnings__type_count"", ""5_1_grt__globalroute__global_route__fastroute__congestion_rsmt_s"", ""5_1_grt__globalroute__power__switching__total"", ""5_1_grt__globalroute__global_route__fastroute__finalization_s"", ""5_1_grt__globalroute__global_route__fastroute__initial_rsmt_s"", ""5_1_grt__globalroute__global_route__fastroute__new_route_l_s"", ""5_1_grt__globalroute__global_route__fastroute__overflow_iterations_s"", ""5_1_grt__globalroute__global_route__fastroute__route_l_s"", ""5_1_grt__globalroute__global_route__fastroute__route_z_s"", ""5_1_grt__globalroute__global_route__fastroute__spiral_s"", ""5_1_grt__globalroute__global_route__vias"", ""5_1_grt__globalroute__global_route__wirelength"", ""5_1_grt__globalroute__power__leakage__total"", ""5_1_grt__globalroute__power__total"", ""5_1_grt__globalroute__route__wirelength__estimated"", ""5_1_grt__globalroute__timing__drv__max_cap_limit"", ""5_1_grt__globalroute__timing__drv__setup_violation_count"", ""5_1_grt__globalroute__timing__fmax"", ""5_1_grt__globalroute__timing__fmax__clock:core_clock"", ""5_1_grt__globalroute__timing__hold__ws"", ""5_1_grt__globalroute__timing__setup__ws"", ""5_1_grt__globalroute__utilization__before__dpl"", ""5_2_route__detailedroute__route__drc_errors__iter:0"", ""5_2_route__detailedroute__route__drc_errors__iter:1"", ""5_2_route__detailedroute__route__drc_errors__iter:2"", ""5_2_route__detailedroute__route__net"", ""5_2_route__detailedroute__route__vias"", ""5_2_route__detailedroute__route__vias__singlecut"", ""5_2_route__detailedroute__route__wirelength"", ""5_2_route__detailedroute__route__wirelength__iter:0"", ""5_2_route__detailedroute__route__wirelength__iter:1"", ""5_2_route__detailedroute__route__wirelength__iter:2"", ""5_2_route__detailedroute__route__wirelength__iter:3"", ""param:CLK_PERIOD"", ""param:CORE_UTILIZATION""]",56,-0.07672385948385196
routing,power,57,param:CTS_CLUSTER_SIZE,0.9799656116261825,0.00783300846930533,0.0003108540757282177,0.00038111255137800935,"[""5_1_grt__globalroute__power__internal__total"", ""5_1_grt__globalroute__design__instance__displacement__mean"", ""5_1_grt__globalroute__design__instance__count__setup_buffer"", ""5_1_grt__globalroute__timing__setup__tns"", ""5_1_grt__globalroute__clock__skew__hold"", ""5_1_grt__globalroute__clock__skew__setup"", ""5_1_grt__globalroute__design__instance__area"", ""5_1_grt__globalroute__design__instance__area__stdcell"", ""5_1_grt__globalroute__design__instance__displacement__max"", ""5_1_grt__globalroute__design__instance__count"", ""5_1_grt__globalroute__timing__drv__max_slew_limit"", ""5_1_grt__globalroute__design__instance__count__stdcell"", ""5_1_grt__globalroute__design__instance__displacement__total"", ""5_1_grt__globalroute__global_route__fastroute__monotonic_s"", ""5_1_grt__globalroute__design__instance__utilization"", ""5_1_grt__globalroute__design__instance__utilization__stdcell"", ""5_1_grt__globalroute__route__net"", ""5_1_grt__globalroute__design__nets"", ""5_1_grt__globalroute__dpl__hpwl__delta"", ""5_1_grt__globalroute__dpl__hpwl__delta__percent"", ""5_1_grt__globalroute__flow__warnings__count"", ""5_1_grt__globalroute__flow__warnings__type_count"", ""5_1_grt__globalroute__global_route__fastroute__congestion_rsmt_s"", ""5_1_grt__globalroute__power__switching__total"", ""5_1_grt__globalroute__global_route__fastroute__finalization_s"", ""5_1_grt__globalroute__global_route__fastroute__initial_rsmt_s"", ""5_1_grt__globalroute__global_route__fastroute__new_route_l_s"", ""5_1_grt__globalroute__global_route__fastroute__overflow_iterations_s"", ""5_1_grt__globalroute__global_route__fastroute__route_l_s"", ""5_1_grt__globalroute__global_route__fastroute__route_z_s"", ""5_1_grt__globalroute__global_route__fastroute__spiral_s"", ""5_1_grt__globalroute__global_route__vias"", ""5_1_grt__globalroute__global_route__wirelength"", ""5_1_grt__globalroute__power__leakage__total"", ""5_1_grt__globalroute__power__total"", ""5_1_grt__globalroute__route__wirelength__estimated"", ""5_1_grt__globalroute__timing__drv__max_cap_limit"", ""5_1_grt__globalroute__timing__drv__setup_violation_count"", ""5_1_grt__globalroute__timing__fmax"", ""5_1_grt__globalroute__timing__fmax__clock:core_clock"", ""5_1_grt__globalroute__timing__hold__ws"", ""5_1_grt__globalroute__timing__setup__ws"", ""5_1_grt__globalroute__utilization__before__dpl"", ""5_2_route__detailedroute__route__drc_errors__iter:0"", ""5_2_route__detailedroute__route__drc_errors__iter:1"", ""5_2_route__detailedroute__route__drc_errors__iter:2"", ""5_2_route__detailedroute__route__net"", ""5_2_route__detailedroute__route__vias"", ""5_2_route__detailedroute__route__vias__singlecut"", ""5_2_route__detailedroute__route__wirelength"", ""5_2_route__detailedroute__route__wirelength__iter:0"", ""5_2_route__detailedroute__route__wirelength__iter:1"", ""5_2_route__detailedroute__route__wirelength__iter:2"", ""5_2_route__detailedroute__route__wirelength__iter:3"", ""param:CLK_PERIOD"", ""param:CORE_UTILIZATION"", ""param:CTS_CLUSTER_SIZE""]",57,-0.07672385948385196
routing,power,58,param:PLACE_DENSITY_LB_ADDON,0.9834334537226902,0.0038356066907074735,0.00026919050791021176,0.0003528552377874393,"[""5_1_grt__globalroute__power__internal__total"", ""5_1_grt__globalroute__design__instance__displacement__mean"", ""5_1_grt__globalroute__design__instance__count__setup_buffer"", ""5_1_grt__globalroute__timing__setup__tns"", ""5_1_grt__globalroute__clock__skew__hold"", ""5_1_grt__globalroute__clock__skew__setup"", ""5_1_grt__globalroute__design__instance__area"", ""5_1_grt__globalroute__design__instance__area__stdcell"", ""5_1_grt__globalroute__design__instance__displacement__max"", ""5_1_grt__globalroute__design__instance__count"", ""5_1_grt__globalroute__timing__drv__max_slew_limit"", ""5_1_grt__globalroute__design__instance__count__stdcell"", ""5_1_grt__globalroute__design__instance__displacement__total"", ""5_1_grt__globalroute__global_route__fastroute__monotonic_s"", ""5_1_grt__globalroute__design__instance__utilization"", ""5_1_grt__globalroute__design__instance__utilization__stdcell"", ""5_1_grt__globalroute__route__net"", ""5_1_grt__globalroute__design__nets"", ""5_1_grt__globalroute__dpl__hpwl__delta"", ""5_1_grt__globalroute__dpl__hpwl__delta__percent"", ""5_1_grt__globalroute__flow__warnings__count"", ""5_1_grt__globalroute__flow__warnings__type_count"", ""5_1_grt__globalroute__global_route__fastroute__congestion_rsmt_s"", ""5_1_grt__globalroute__power__switching__total"", ""5_1_grt__globalroute__global_route__fastroute__finalization_s"", ""5_1_grt__globalroute__global_route__fastroute__initial_rsmt_s"", ""5_1_grt__globalroute__global_route__fastroute__new_route_l_s"", ""5_1_grt__globalroute__global_route__fastroute__overflow_iterations_s"", ""5_1_grt__globalroute__global_route__fastroute__route_l_s"", ""5_1_grt__globalroute__global_route__fastroute__route_z_s"", ""5_1_grt__globalroute__global_route__fastroute__spiral_s"", ""5_1_grt__globalroute__global_route__vias"", ""5_1_grt__globalroute__global_route__wirelength"", ""5_1_grt__globalroute__power__leakage__total"", ""5_1_grt__globalroute__power__total"", ""5_1_grt__globalroute__route__wirelength__estimated"", ""5_1_grt__globalroute__timing__drv__max_cap_limit"", ""5_1_grt__globalroute__timing__drv__setup_violation_count"", ""5_1_grt__globalroute__timing__fmax"", ""5_1_grt__globalroute__timing__fmax__clock:core_clock"", ""5_1_grt__globalroute__timing__hold__ws"", ""5_1_grt__globalroute__timing__setup__ws"", ""5_1_grt__globalroute__utilization__before__dpl"", ""5_2_route__detailedroute__route__drc_errors__iter:0"", ""5_2_route__detailedroute__route__drc_errors__iter:1"", ""5_2_route__detailedroute__route__drc_errors__iter:2"", ""5_2_route__detailedroute__route__net"", ""5_2_route__detailedroute__route__vias"", ""5_2_route__detailedroute__route__vias__singlecut"", ""5_2_route__detailedroute__route__wirelength"", ""5_2_route__detailedroute__route__wirelength__iter:0"", ""5_2_route__detailedroute__route__wirelength__iter:1"", ""5_2_route__detailedroute__route__wirelength__iter:2"", ""5_2_route__detailedroute__route__wirelength__iter:3"", ""param:CLK_PERIOD"", ""param:CORE_UTILIZATION"", ""param:CTS_CLUSTER_SIZE"", ""param:PLACE_DENSITY_LB_ADDON""]",58,-0.07672385948385196
