stage,target,iteration,feature_added,validation_R2,validation_R2_std,validation_MAE,validation_RMSE,selected_features,number_of_features,baseline_R2
routing,fmax,0,,-0.16823034555879204,0.13500234117255683,,,[],0,-0.16823034555879204
routing,fmax,1,5_1_grt__globalroute__power__internal__total,0.9183750053873561,0.017504386378240193,15291319.466666669,24713153.65903982,"[""5_1_grt__globalroute__power__internal__total""]",1,-0.16823034555879204
routing,fmax,2,5_1_grt__globalroute__timing__setup__ws,0.9751007910957331,0.016526110461173957,9664565.333333334,12109775.70340764,"[""5_1_grt__globalroute__power__internal__total"", ""5_1_grt__globalroute__timing__setup__ws""]",2,-0.16823034555879204
routing,fmax,3,5_2_route__detailedroute__route__drc_errors__iter:0,0.9796477070847094,0.013870861694501567,8415285.333333334,11249423.385767179,"[""5_1_grt__globalroute__power__internal__total"", ""5_1_grt__globalroute__timing__setup__ws"", ""5_2_route__detailedroute__route__drc_errors__iter:0""]",3,-0.16823034555879204
routing,fmax,4,5_1_grt__globalroute__dpl__hpwl__delta__percent,0.9811111679993765,0.013330302116447633,7507020.800000001,10349144.573328292,"[""5_1_grt__globalroute__power__internal__total"", ""5_1_grt__globalroute__timing__setup__ws"", ""5_2_route__detailedroute__route__drc_errors__iter:0"", ""5_1_grt__globalroute__dpl__hpwl__delta__percent""]",4,-0.16823034555879204
routing,fmax,5,5_1_grt__globalroute__global_route__fastroute__congestion_rsmt_s,0.9677885462886948,0.010121048448036676,10526897.066666666,15475231.151533341,"[""5_1_grt__globalroute__power__internal__total"", ""5_1_grt__globalroute__timing__setup__ws"", ""5_2_route__detailedroute__route__drc_errors__iter:0"", ""5_1_grt__globalroute__dpl__hpwl__delta__percent"", ""5_1_grt__globalroute__global_route__fastroute__congestion_rsmt_s""]",5,-0.16823034555879204
routing,fmax,6,5_1_grt__globalroute__route__net,0.9610998334237677,0.010355034882904738,10630798.933333332,17140782.945077773,"[""5_1_grt__globalroute__power__internal__total"", ""5_1_grt__globalroute__timing__setup__ws"", ""5_2_route__detailedroute__route__drc_errors__iter:0"", ""5_1_grt__globalroute__dpl__hpwl__delta__percent"", ""5_1_grt__globalroute__global_route__fastroute__congestion_rsmt_s"", ""5_1_grt__globalroute__route__net""]",6,-0.16823034555879204
routing,fmax,7,5_1_grt__globalroute__design__instance__area,0.9804531778489206,0.011246635131046902,7464925.866666667,11846023.38518779,"[""5_1_grt__globalroute__power__internal__total"", ""5_1_grt__globalroute__timing__setup__ws"", ""5_2_route__detailedroute__route__drc_errors__iter:0"", ""5_1_grt__globalroute__dpl__hpwl__delta__percent"", ""5_1_grt__globalroute__global_route__fastroute__congestion_rsmt_s"", ""5_1_grt__globalroute__route__net"", ""5_1_grt__globalroute__design__instance__area""]",7,-0.16823034555879204
routing,fmax,8,5_1_grt__globalroute__global_route__fastroute__route_z_s,0.9728120598210332,0.011261570953626435,9983445.333333334,13945890.2924192,"[""5_1_grt__globalroute__power__internal__total"", ""5_1_grt__globalroute__timing__setup__ws"", ""5_2_route__detailedroute__route__drc_errors__iter:0"", ""5_1_grt__globalroute__dpl__hpwl__delta__percent"", ""5_1_grt__globalroute__global_route__fastroute__congestion_rsmt_s"", ""5_1_grt__globalroute__route__net"", ""5_1_grt__globalroute__design__instance__area"", ""5_1_grt__globalroute__global_route__fastroute__route_z_s""]",8,-0.16823034555879204
routing,fmax,9,5_1_grt__globalroute__global_route__fastroute__route_l_s,0.9776308664704202,0.01490646133739577,7599383.466666666,12636747.381087335,"[""5_1_grt__globalroute__power__internal__total"", ""5_1_grt__globalroute__timing__setup__ws"", ""5_2_route__detailedroute__route__drc_errors__iter:0"", ""5_1_grt__globalroute__dpl__hpwl__delta__percent"", ""5_1_grt__globalroute__global_route__fastroute__congestion_rsmt_s"", ""5_1_grt__globalroute__route__net"", ""5_1_grt__globalroute__design__instance__area"", ""5_1_grt__globalroute__global_route__fastroute__route_z_s"", ""5_1_grt__globalroute__global_route__fastroute__route_l_s""]",9,-0.16823034555879204
routing,fmax,10,5_1_grt__globalroute__timing__drv__max_cap_limit,0.9594250217224362,0.011406660660560055,10912145.066666668,17386139.199086145,"[""5_1_grt__globalroute__power__internal__total"", ""5_1_grt__globalroute__timing__setup__ws"", ""5_2_route__detailedroute__route__drc_errors__iter:0"", ""5_1_grt__globalroute__dpl__hpwl__delta__percent"", ""5_1_grt__globalroute__global_route__fastroute__congestion_rsmt_s"", ""5_1_grt__globalroute__route__net"", ""5_1_grt__globalroute__design__instance__area"", ""5_1_grt__globalroute__global_route__fastroute__route_z_s"", ""5_1_grt__globalroute__global_route__fastroute__route_l_s"", ""5_1_grt__globalroute__timing__drv__max_cap_limit""]",10,-0.16823034555879204
routing,fmax,11,5_1_grt__globalroute__dpl__hpwl__delta,0.9517608731230097,0.011628419239107126,11916637.866666667,18977327.345294565,"[""5_1_grt__globalroute__power__internal__total"", ""5_1_grt__globalroute__timing__setup__ws"", ""5_2_route__detailedroute__route__drc_errors__iter:0"", ""5_1_grt__globalroute__dpl__hpwl__delta__percent"", ""5_1_grt__globalroute__global_route__fastroute__congestion_rsmt_s"", ""5_1_grt__globalroute__route__net"", ""5_1_grt__globalroute__design__instance__area"", ""5_1_grt__globalroute__global_route__fastroute__route_z_s"", ""5_1_grt__globalroute__global_route__fastroute__route_l_s"", ""5_1_grt__globalroute__timing__drv__max_cap_limit"", ""5_1_grt__globalroute__dpl__hpwl__delta""]",11,-0.16823034555879204
routing,fmax,12,5_1_grt__globalroute__timing__hold__ws,0.9585046518746578,0.00907623302256691,10915438.933333334,17628860.46490992,"[""5_1_grt__globalroute__power__internal__total"", ""5_1_grt__globalroute__timing__setup__ws"", ""5_2_route__detailedroute__route__drc_errors__iter:0"", ""5_1_grt__globalroute__dpl__hpwl__delta__percent"", ""5_1_grt__globalroute__global_route__fastroute__congestion_rsmt_s"", ""5_1_grt__globalroute__route__net"", ""5_1_grt__globalroute__design__instance__area"", ""5_1_grt__globalroute__global_route__fastroute__route_z_s"", ""5_1_grt__globalroute__global_route__fastroute__route_l_s"", ""5_1_grt__globalroute__timing__drv__max_cap_limit"", ""5_1_grt__globalroute__dpl__hpwl__delta"", ""5_1_grt__globalroute__timing__hold__ws""]",12,-0.16823034555879204
routing,fmax,13,5_1_grt__globalroute__global_route__fastroute__spiral_s,0.9685499032916427,0.007401270494997071,10063895.466666667,15429560.621421298,"[""5_1_grt__globalroute__power__internal__total"", ""5_1_grt__globalroute__timing__setup__ws"", ""5_2_route__detailedroute__route__drc_errors__iter:0"", ""5_1_grt__globalroute__dpl__hpwl__delta__percent"", ""5_1_grt__globalroute__global_route__fastroute__congestion_rsmt_s"", ""5_1_grt__globalroute__route__net"", ""5_1_grt__globalroute__design__instance__area"", ""5_1_grt__globalroute__global_route__fastroute__route_z_s"", ""5_1_grt__globalroute__global_route__fastroute__route_l_s"", ""5_1_grt__globalroute__timing__drv__max_cap_limit"", ""5_1_grt__globalroute__dpl__hpwl__delta"", ""5_1_grt__globalroute__timing__hold__ws"", ""5_1_grt__globalroute__global_route__fastroute__spiral_s""]",13,-0.16823034555879204
routing,fmax,14,5_1_grt__globalroute__global_route__fastroute__new_route_l_s,0.9719014790327591,0.008852139243348926,10105572.266666668,14500588.909263397,"[""5_1_grt__globalroute__power__internal__total"", ""5_1_grt__globalroute__timing__setup__ws"", ""5_2_route__detailedroute__route__drc_errors__iter:0"", ""5_1_grt__globalroute__dpl__hpwl__delta__percent"", ""5_1_grt__globalroute__global_route__fastroute__congestion_rsmt_s"", ""5_1_grt__globalroute__route__net"", ""5_1_grt__globalroute__design__instance__area"", ""5_1_grt__globalroute__global_route__fastroute__route_z_s"", ""5_1_grt__globalroute__global_route__fastroute__route_l_s"", ""5_1_grt__globalroute__timing__drv__max_cap_limit"", ""5_1_grt__globalroute__dpl__hpwl__delta"", ""5_1_grt__globalroute__timing__hold__ws"", ""5_1_grt__globalroute__global_route__fastroute__spiral_s"", ""5_1_grt__globalroute__global_route__fastroute__new_route_l_s""]",14,-0.16823034555879204
routing,fmax,15,5_1_grt__globalroute__design__instance__area__stdcell,0.963729119420441,0.0048641524383774655,11085642.666666666,16821138.52669091,"[""5_1_grt__globalroute__power__internal__total"", ""5_1_grt__globalroute__timing__setup__ws"", ""5_2_route__detailedroute__route__drc_errors__iter:0"", ""5_1_grt__globalroute__dpl__hpwl__delta__percent"", ""5_1_grt__globalroute__global_route__fastroute__congestion_rsmt_s"", ""5_1_grt__globalroute__route__net"", ""5_1_grt__globalroute__design__instance__area"", ""5_1_grt__globalroute__global_route__fastroute__route_z_s"", ""5_1_grt__globalroute__global_route__fastroute__route_l_s"", ""5_1_grt__globalroute__timing__drv__max_cap_limit"", ""5_1_grt__globalroute__dpl__hpwl__delta"", ""5_1_grt__globalroute__timing__hold__ws"", ""5_1_grt__globalroute__global_route__fastroute__spiral_s"", ""5_1_grt__globalroute__global_route__fastroute__new_route_l_s"", ""5_1_grt__globalroute__design__instance__area__stdcell""]",15,-0.16823034555879204
routing,fmax,16,5_1_grt__globalroute__global_route__fastroute__finalization_s,0.9683827708300426,0.007606749411194058,10445386.666666666,15380997.10514302,"[""5_1_grt__globalroute__power__internal__total"", ""5_1_grt__globalroute__timing__setup__ws"", ""5_2_route__detailedroute__route__drc_errors__iter:0"", ""5_1_grt__globalroute__dpl__hpwl__delta__percent"", ""5_1_grt__globalroute__global_route__fastroute__congestion_rsmt_s"", ""5_1_grt__globalroute__route__net"", ""5_1_grt__globalroute__design__instance__area"", ""5_1_grt__globalroute__global_route__fastroute__route_z_s"", ""5_1_grt__globalroute__global_route__fastroute__route_l_s"", ""5_1_grt__globalroute__timing__drv__max_cap_limit"", ""5_1_grt__globalroute__dpl__hpwl__delta"", ""5_1_grt__globalroute__timing__hold__ws"", ""5_1_grt__globalroute__global_route__fastroute__spiral_s"", ""5_1_grt__globalroute__global_route__fastroute__new_route_l_s"", ""5_1_grt__globalroute__design__instance__area__stdcell"", ""5_1_grt__globalroute__global_route__fastroute__finalization_s""]",16,-0.16823034555879204
routing,fmax,17,5_1_grt__globalroute__global_route__vias,0.9664346662162316,0.010028989982611926,10126634.666666666,15765302.349988168,"[""5_1_grt__globalroute__power__internal__total"", ""5_1_grt__globalroute__timing__setup__ws"", ""5_2_route__detailedroute__route__drc_errors__iter:0"", ""5_1_grt__globalroute__dpl__hpwl__delta__percent"", ""5_1_grt__globalroute__global_route__fastroute__congestion_rsmt_s"", ""5_1_grt__globalroute__route__net"", ""5_1_grt__globalroute__design__instance__area"", ""5_1_grt__globalroute__global_route__fastroute__route_z_s"", ""5_1_grt__globalroute__global_route__fastroute__route_l_s"", ""5_1_grt__globalroute__timing__drv__max_cap_limit"", ""5_1_grt__globalroute__dpl__hpwl__delta"", ""5_1_grt__globalroute__timing__hold__ws"", ""5_1_grt__globalroute__global_route__fastroute__spiral_s"", ""5_1_grt__globalroute__global_route__fastroute__new_route_l_s"", ""5_1_grt__globalroute__design__instance__area__stdcell"", ""5_1_grt__globalroute__global_route__fastroute__finalization_s"", ""5_1_grt__globalroute__global_route__vias""]",17,-0.16823034555879204
routing,fmax,18,5_1_grt__globalroute__design__nets,0.968614658367522,0.013717193684079873,10399406.933333332,15270486.614850143,"[""5_1_grt__globalroute__power__internal__total"", ""5_1_grt__globalroute__timing__setup__ws"", ""5_2_route__detailedroute__route__drc_errors__iter:0"", ""5_1_grt__globalroute__dpl__hpwl__delta__percent"", ""5_1_grt__globalroute__global_route__fastroute__congestion_rsmt_s"", ""5_1_grt__globalroute__route__net"", ""5_1_grt__globalroute__design__instance__area"", ""5_1_grt__globalroute__global_route__fastroute__route_z_s"", ""5_1_grt__globalroute__global_route__fastroute__route_l_s"", ""5_1_grt__globalroute__timing__drv__max_cap_limit"", ""5_1_grt__globalroute__dpl__hpwl__delta"", ""5_1_grt__globalroute__timing__hold__ws"", ""5_1_grt__globalroute__global_route__fastroute__spiral_s"", ""5_1_grt__globalroute__global_route__fastroute__new_route_l_s"", ""5_1_grt__globalroute__design__instance__area__stdcell"", ""5_1_grt__globalroute__global_route__fastroute__finalization_s"", ""5_1_grt__globalroute__global_route__vias"", ""5_1_grt__globalroute__design__nets""]",18,-0.16823034555879204
routing,fmax,19,5_2_route__detailedroute__route__net,0.9592485301840693,0.00842424630616239,11541986.133333335,17534645.458824113,"[""5_1_grt__globalroute__power__internal__total"", ""5_1_grt__globalroute__timing__setup__ws"", ""5_2_route__detailedroute__route__drc_errors__iter:0"", ""5_1_grt__globalroute__dpl__hpwl__delta__percent"", ""5_1_grt__globalroute__global_route__fastroute__congestion_rsmt_s"", ""5_1_grt__globalroute__route__net"", ""5_1_grt__globalroute__design__instance__area"", ""5_1_grt__globalroute__global_route__fastroute__route_z_s"", ""5_1_grt__globalroute__global_route__fastroute__route_l_s"", ""5_1_grt__globalroute__timing__drv__max_cap_limit"", ""5_1_grt__globalroute__dpl__hpwl__delta"", ""5_1_grt__globalroute__timing__hold__ws"", ""5_1_grt__globalroute__global_route__fastroute__spiral_s"", ""5_1_grt__globalroute__global_route__fastroute__new_route_l_s"", ""5_1_grt__globalroute__design__instance__area__stdcell"", ""5_1_grt__globalroute__global_route__fastroute__finalization_s"", ""5_1_grt__globalroute__global_route__vias"", ""5_1_grt__globalroute__design__nets"", ""5_2_route__detailedroute__route__net""]",19,-0.16823034555879204
routing,fmax,20,5_1_grt__globalroute__global_route__fastroute__monotonic_s,0.9700869867764016,0.016193989759092472,9584610.133333335,14942623.601075128,"[""5_1_grt__globalroute__power__internal__total"", ""5_1_grt__globalroute__timing__setup__ws"", ""5_2_route__detailedroute__route__drc_errors__iter:0"", ""5_1_grt__globalroute__dpl__hpwl__delta__percent"", ""5_1_grt__globalroute__global_route__fastroute__congestion_rsmt_s"", ""5_1_grt__globalroute__route__net"", ""5_1_grt__globalroute__design__instance__area"", ""5_1_grt__globalroute__global_route__fastroute__route_z_s"", ""5_1_grt__globalroute__global_route__fastroute__route_l_s"", ""5_1_grt__globalroute__timing__drv__max_cap_limit"", ""5_1_grt__globalroute__dpl__hpwl__delta"", ""5_1_grt__globalroute__timing__hold__ws"", ""5_1_grt__globalroute__global_route__fastroute__spiral_s"", ""5_1_grt__globalroute__global_route__fastroute__new_route_l_s"", ""5_1_grt__globalroute__design__instance__area__stdcell"", ""5_1_grt__globalroute__global_route__fastroute__finalization_s"", ""5_1_grt__globalroute__global_route__vias"", ""5_1_grt__globalroute__design__nets"", ""5_2_route__detailedroute__route__net"", ""5_1_grt__globalroute__global_route__fastroute__monotonic_s""]",20,-0.16823034555879204
routing,fmax,21,5_1_grt__globalroute__global_route__fastroute__overflow_iterations_s,0.9756422523367654,0.008421464536523707,9489412.266666666,13754092.961060435,"[""5_1_grt__globalroute__power__internal__total"", ""5_1_grt__globalroute__timing__setup__ws"", ""5_2_route__detailedroute__route__drc_errors__iter:0"", ""5_1_grt__globalroute__dpl__hpwl__delta__percent"", ""5_1_grt__globalroute__global_route__fastroute__congestion_rsmt_s"", ""5_1_grt__globalroute__route__net"", ""5_1_grt__globalroute__design__instance__area"", ""5_1_grt__globalroute__global_route__fastroute__route_z_s"", ""5_1_grt__globalroute__global_route__fastroute__route_l_s"", ""5_1_grt__globalroute__timing__drv__max_cap_limit"", ""5_1_grt__globalroute__dpl__hpwl__delta"", ""5_1_grt__globalroute__timing__hold__ws"", ""5_1_grt__globalroute__global_route__fastroute__spiral_s"", ""5_1_grt__globalroute__global_route__fastroute__new_route_l_s"", ""5_1_grt__globalroute__design__instance__area__stdcell"", ""5_1_grt__globalroute__global_route__fastroute__finalization_s"", ""5_1_grt__globalroute__global_route__vias"", ""5_1_grt__globalroute__design__nets"", ""5_2_route__detailedroute__route__net"", ""5_1_grt__globalroute__global_route__fastroute__monotonic_s"", ""5_1_grt__globalroute__global_route__fastroute__overflow_iterations_s""]",21,-0.16823034555879204
routing,fmax,22,5_1_grt__globalroute__design__instance__utilization,0.9717795202372889,0.01317481395757301,9412149.333333334,14545928.70261199,"[""5_1_grt__globalroute__power__internal__total"", ""5_1_grt__globalroute__timing__setup__ws"", ""5_2_route__detailedroute__route__drc_errors__iter:0"", ""5_1_grt__globalroute__dpl__hpwl__delta__percent"", ""5_1_grt__globalroute__global_route__fastroute__congestion_rsmt_s"", ""5_1_grt__globalroute__route__net"", ""5_1_grt__globalroute__design__instance__area"", ""5_1_grt__globalroute__global_route__fastroute__route_z_s"", ""5_1_grt__globalroute__global_route__fastroute__route_l_s"", ""5_1_grt__globalroute__timing__drv__max_cap_limit"", ""5_1_grt__globalroute__dpl__hpwl__delta"", ""5_1_grt__globalroute__timing__hold__ws"", ""5_1_grt__globalroute__global_route__fastroute__spiral_s"", ""5_1_grt__globalroute__global_route__fastroute__new_route_l_s"", ""5_1_grt__globalroute__design__instance__area__stdcell"", ""5_1_grt__globalroute__global_route__fastroute__finalization_s"", ""5_1_grt__globalroute__global_route__vias"", ""5_1_grt__globalroute__design__nets"", ""5_2_route__detailedroute__route__net"", ""5_1_grt__globalroute__global_route__fastroute__monotonic_s"", ""5_1_grt__globalroute__global_route__fastroute__overflow_iterations_s"", ""5_1_grt__globalroute__design__instance__utilization""]",22,-0.16823034555879204
routing,fmax,23,5_1_grt__globalroute__design__instance__utilization__stdcell,0.9585966862026402,0.006133589449268246,11971944.533333333,17975086.908926856,"[""5_1_grt__globalroute__power__internal__total"", ""5_1_grt__globalroute__timing__setup__ws"", ""5_2_route__detailedroute__route__drc_errors__iter:0"", ""5_1_grt__globalroute__dpl__hpwl__delta__percent"", ""5_1_grt__globalroute__global_route__fastroute__congestion_rsmt_s"", ""5_1_grt__globalroute__route__net"", ""5_1_grt__globalroute__design__instance__area"", ""5_1_grt__globalroute__global_route__fastroute__route_z_s"", ""5_1_grt__globalroute__global_route__fastroute__route_l_s"", ""5_1_grt__globalroute__timing__drv__max_cap_limit"", ""5_1_grt__globalroute__dpl__hpwl__delta"", ""5_1_grt__globalroute__timing__hold__ws"", ""5_1_grt__globalroute__global_route__fastroute__spiral_s"", ""5_1_grt__globalroute__global_route__fastroute__new_route_l_s"", ""5_1_grt__globalroute__design__instance__area__stdcell"", ""5_1_grt__globalroute__global_route__fastroute__finalization_s"", ""5_1_grt__globalroute__global_route__vias"", ""5_1_grt__globalroute__design__nets"", ""5_2_route__detailedroute__route__net"", ""5_1_grt__globalroute__global_route__fastroute__monotonic_s"", ""5_1_grt__globalroute__global_route__fastroute__overflow_iterations_s"", ""5_1_grt__globalroute__design__instance__utilization"", ""5_1_grt__globalroute__design__instance__utilization__stdcell""]",23,-0.16823034555879204
routing,fmax,24,5_1_grt__globalroute__design__instance__displacement__total,0.9745521427848863,0.013943086232699527,9086807.466666667,13849549.336951489,"[""5_1_grt__globalroute__power__internal__total"", ""5_1_grt__globalroute__timing__setup__ws"", ""5_2_route__detailedroute__route__drc_errors__iter:0"", ""5_1_grt__globalroute__dpl__hpwl__delta__percent"", ""5_1_grt__globalroute__global_route__fastroute__congestion_rsmt_s"", ""5_1_grt__globalroute__route__net"", ""5_1_grt__globalroute__design__instance__area"", ""5_1_grt__globalroute__global_route__fastroute__route_z_s"", ""5_1_grt__globalroute__global_route__fastroute__route_l_s"", ""5_1_grt__globalroute__timing__drv__max_cap_limit"", ""5_1_grt__globalroute__dpl__hpwl__delta"", ""5_1_grt__globalroute__timing__hold__ws"", ""5_1_grt__globalroute__global_route__fastroute__spiral_s"", ""5_1_grt__globalroute__global_route__fastroute__new_route_l_s"", ""5_1_grt__globalroute__design__instance__area__stdcell"", ""5_1_grt__globalroute__global_route__fastroute__finalization_s"", ""5_1_grt__globalroute__global_route__vias"", ""5_1_grt__globalroute__design__nets"", ""5_2_route__detailedroute__route__net"", ""5_1_grt__globalroute__global_route__fastroute__monotonic_s"", ""5_1_grt__globalroute__global_route__fastroute__overflow_iterations_s"", ""5_1_grt__globalroute__design__instance__utilization"", ""5_1_grt__globalroute__design__instance__utilization__stdcell"", ""5_1_grt__globalroute__design__instance__displacement__total""]",24,-0.16823034555879204
routing,fmax,25,5_1_grt__globalroute__design__instance__count__setup_buffer,0.9714321797477051,0.0077980308874565024,10249437.866666667,14815495.130824566,"[""5_1_grt__globalroute__power__internal__total"", ""5_1_grt__globalroute__timing__setup__ws"", ""5_2_route__detailedroute__route__drc_errors__iter:0"", ""5_1_grt__globalroute__dpl__hpwl__delta__percent"", ""5_1_grt__globalroute__global_route__fastroute__congestion_rsmt_s"", ""5_1_grt__globalroute__route__net"", ""5_1_grt__globalroute__design__instance__area"", ""5_1_grt__globalroute__global_route__fastroute__route_z_s"", ""5_1_grt__globalroute__global_route__fastroute__route_l_s"", ""5_1_grt__globalroute__timing__drv__max_cap_limit"", ""5_1_grt__globalroute__dpl__hpwl__delta"", ""5_1_grt__globalroute__timing__hold__ws"", ""5_1_grt__globalroute__global_route__fastroute__spiral_s"", ""5_1_grt__globalroute__global_route__fastroute__new_route_l_s"", ""5_1_grt__globalroute__design__instance__area__stdcell"", ""5_1_grt__globalroute__global_route__fastroute__finalization_s"", ""5_1_grt__globalroute__global_route__vias"", ""5_1_grt__globalroute__design__nets"", ""5_2_route__detailedroute__route__net"", ""5_1_grt__globalroute__global_route__fastroute__monotonic_s"", ""5_1_grt__globalroute__global_route__fastroute__overflow_iterations_s"", ""5_1_grt__globalroute__design__instance__utilization"", ""5_1_grt__globalroute__design__instance__utilization__stdcell"", ""5_1_grt__globalroute__design__instance__displacement__total"", ""5_1_grt__globalroute__design__instance__count__setup_buffer""]",25,-0.16823034555879204
routing,fmax,26,5_1_grt__globalroute__design__instance__displacement__max,0.9775278969545607,0.010800390312156885,9039669.333333334,13090249.791357197,"[""5_1_grt__globalroute__power__internal__total"", ""5_1_grt__globalroute__timing__setup__ws"", ""5_2_route__detailedroute__route__drc_errors__iter:0"", ""5_1_grt__globalroute__dpl__hpwl__delta__percent"", ""5_1_grt__globalroute__global_route__fastroute__congestion_rsmt_s"", ""5_1_grt__globalroute__route__net"", ""5_1_grt__globalroute__design__instance__area"", ""5_1_grt__globalroute__global_route__fastroute__route_z_s"", ""5_1_grt__globalroute__global_route__fastroute__route_l_s"", ""5_1_grt__globalroute__timing__drv__max_cap_limit"", ""5_1_grt__globalroute__dpl__hpwl__delta"", ""5_1_grt__globalroute__timing__hold__ws"", ""5_1_grt__globalroute__global_route__fastroute__spiral_s"", ""5_1_grt__globalroute__global_route__fastroute__new_route_l_s"", ""5_1_grt__globalroute__design__instance__area__stdcell"", ""5_1_grt__globalroute__global_route__fastroute__finalization_s"", ""5_1_grt__globalroute__global_route__vias"", ""5_1_grt__globalroute__design__nets"", ""5_2_route__detailedroute__route__net"", ""5_1_grt__globalroute__global_route__fastroute__monotonic_s"", ""5_1_grt__globalroute__global_route__fastroute__overflow_iterations_s"", ""5_1_grt__globalroute__design__instance__utilization"", ""5_1_grt__globalroute__design__instance__utilization__stdcell"", ""5_1_grt__globalroute__design__instance__displacement__total"", ""5_1_grt__globalroute__design__instance__count__setup_buffer"", ""5_1_grt__globalroute__design__instance__displacement__max""]",26,-0.16823034555879204
routing,fmax,27,5_1_grt__globalroute__flow__warnings__count,0.9769992925841056,0.010268360715744348,9033815.466666667,13145498.6038865,"[""5_1_grt__globalroute__power__internal__total"", ""5_1_grt__globalroute__timing__setup__ws"", ""5_2_route__detailedroute__route__drc_errors__iter:0"", ""5_1_grt__globalroute__dpl__hpwl__delta__percent"", ""5_1_grt__globalroute__global_route__fastroute__congestion_rsmt_s"", ""5_1_grt__globalroute__route__net"", ""5_1_grt__globalroute__design__instance__area"", ""5_1_grt__globalroute__global_route__fastroute__route_z_s"", ""5_1_grt__globalroute__global_route__fastroute__route_l_s"", ""5_1_grt__globalroute__timing__drv__max_cap_limit"", ""5_1_grt__globalroute__dpl__hpwl__delta"", ""5_1_grt__globalroute__timing__hold__ws"", ""5_1_grt__globalroute__global_route__fastroute__spiral_s"", ""5_1_grt__globalroute__global_route__fastroute__new_route_l_s"", ""5_1_grt__globalroute__design__instance__area__stdcell"", ""5_1_grt__globalroute__global_route__fastroute__finalization_s"", ""5_1_grt__globalroute__global_route__vias"", ""5_1_grt__globalroute__design__nets"", ""5_2_route__detailedroute__route__net"", ""5_1_grt__globalroute__global_route__fastroute__monotonic_s"", ""5_1_grt__globalroute__global_route__fastroute__overflow_iterations_s"", ""5_1_grt__globalroute__design__instance__utilization"", ""5_1_grt__globalroute__design__instance__utilization__stdcell"", ""5_1_grt__globalroute__design__instance__displacement__total"", ""5_1_grt__globalroute__design__instance__count__setup_buffer"", ""5_1_grt__globalroute__design__instance__displacement__max"", ""5_1_grt__globalroute__flow__warnings__count""]",27,-0.16823034555879204
routing,fmax,28,5_1_grt__globalroute__design__instance__count,0.9593498302901856,0.014258094659863496,11731012.266666666,17438041.02271462,"[""5_1_grt__globalroute__power__internal__total"", ""5_1_grt__globalroute__timing__setup__ws"", ""5_2_route__detailedroute__route__drc_errors__iter:0"", ""5_1_grt__globalroute__dpl__hpwl__delta__percent"", ""5_1_grt__globalroute__global_route__fastroute__congestion_rsmt_s"", ""5_1_grt__globalroute__route__net"", ""5_1_grt__globalroute__design__instance__area"", ""5_1_grt__globalroute__global_route__fastroute__route_z_s"", ""5_1_grt__globalroute__global_route__fastroute__route_l_s"", ""5_1_grt__globalroute__timing__drv__max_cap_limit"", ""5_1_grt__globalroute__dpl__hpwl__delta"", ""5_1_grt__globalroute__timing__hold__ws"", ""5_1_grt__globalroute__global_route__fastroute__spiral_s"", ""5_1_grt__globalroute__global_route__fastroute__new_route_l_s"", ""5_1_grt__globalroute__design__instance__area__stdcell"", ""5_1_grt__globalroute__global_route__fastroute__finalization_s"", ""5_1_grt__globalroute__global_route__vias"", ""5_1_grt__globalroute__design__nets"", ""5_2_route__detailedroute__route__net"", ""5_1_grt__globalroute__global_route__fastroute__monotonic_s"", ""5_1_grt__globalroute__global_route__fastroute__overflow_iterations_s"", ""5_1_grt__globalroute__design__instance__utilization"", ""5_1_grt__globalroute__design__instance__utilization__stdcell"", ""5_1_grt__globalroute__design__instance__displacement__total"", ""5_1_grt__globalroute__design__instance__count__setup_buffer"", ""5_1_grt__globalroute__design__instance__displacement__max"", ""5_1_grt__globalroute__flow__warnings__count"", ""5_1_grt__globalroute__design__instance__count""]",28,-0.16823034555879204
routing,fmax,29,5_1_grt__globalroute__design__instance__count__stdcell,0.9529852933996152,0.007130489593649398,12533619.200000001,18894862.186022144,"[""5_1_grt__globalroute__power__internal__total"", ""5_1_grt__globalroute__timing__setup__ws"", ""5_2_route__detailedroute__route__drc_errors__iter:0"", ""5_1_grt__globalroute__dpl__hpwl__delta__percent"", ""5_1_grt__globalroute__global_route__fastroute__congestion_rsmt_s"", ""5_1_grt__globalroute__route__net"", ""5_1_grt__globalroute__design__instance__area"", ""5_1_grt__globalroute__global_route__fastroute__route_z_s"", ""5_1_grt__globalroute__global_route__fastroute__route_l_s"", ""5_1_grt__globalroute__timing__drv__max_cap_limit"", ""5_1_grt__globalroute__dpl__hpwl__delta"", ""5_1_grt__globalroute__timing__hold__ws"", ""5_1_grt__globalroute__global_route__fastroute__spiral_s"", ""5_1_grt__globalroute__global_route__fastroute__new_route_l_s"", ""5_1_grt__globalroute__design__instance__area__stdcell"", ""5_1_grt__globalroute__global_route__fastroute__finalization_s"", ""5_1_grt__globalroute__global_route__vias"", ""5_1_grt__globalroute__design__nets"", ""5_2_route__detailedroute__route__net"", ""5_1_grt__globalroute__global_route__fastroute__monotonic_s"", ""5_1_grt__globalroute__global_route__fastroute__overflow_iterations_s"", ""5_1_grt__globalroute__design__instance__utilization"", ""5_1_grt__globalroute__design__instance__utilization__stdcell"", ""5_1_grt__globalroute__design__instance__displacement__total"", ""5_1_grt__globalroute__design__instance__count__setup_buffer"", ""5_1_grt__globalroute__design__instance__displacement__max"", ""5_1_grt__globalroute__flow__warnings__count"", ""5_1_grt__globalroute__design__instance__count"", ""5_1_grt__globalroute__design__instance__count__stdcell""]",29,-0.16823034555879204
routing,fmax,30,param:CTS_CLUSTER_SIZE,0.9539077574383689,0.011013561953821673,12403372.799999999,18877251.83217661,"[""5_1_grt__globalroute__power__internal__total"", ""5_1_grt__globalroute__timing__setup__ws"", ""5_2_route__detailedroute__route__drc_errors__iter:0"", ""5_1_grt__globalroute__dpl__hpwl__delta__percent"", ""5_1_grt__globalroute__global_route__fastroute__congestion_rsmt_s"", ""5_1_grt__globalroute__route__net"", ""5_1_grt__globalroute__design__instance__area"", ""5_1_grt__globalroute__global_route__fastroute__route_z_s"", ""5_1_grt__globalroute__global_route__fastroute__route_l_s"", ""5_1_grt__globalroute__timing__drv__max_cap_limit"", ""5_1_grt__globalroute__dpl__hpwl__delta"", ""5_1_grt__globalroute__timing__hold__ws"", ""5_1_grt__globalroute__global_route__fastroute__spiral_s"", ""5_1_grt__globalroute__global_route__fastroute__new_route_l_s"", ""5_1_grt__globalroute__design__instance__area__stdcell"", ""5_1_grt__globalroute__global_route__fastroute__finalization_s"", ""5_1_grt__globalroute__global_route__vias"", ""5_1_grt__globalroute__design__nets"", ""5_2_route__detailedroute__route__net"", ""5_1_grt__globalroute__global_route__fastroute__monotonic_s"", ""5_1_grt__globalroute__global_route__fastroute__overflow_iterations_s"", ""5_1_grt__globalroute__design__instance__utilization"", ""5_1_grt__globalroute__design__instance__utilization__stdcell"", ""5_1_grt__globalroute__design__instance__displacement__total"", ""5_1_grt__globalroute__design__instance__count__setup_buffer"", ""5_1_grt__globalroute__design__instance__displacement__max"", ""5_1_grt__globalroute__flow__warnings__count"", ""5_1_grt__globalroute__design__instance__count"", ""5_1_grt__globalroute__design__instance__count__stdcell"", ""param:CTS_CLUSTER_SIZE""]",30,-0.16823034555879204
routing,fmax,31,5_2_route__detailedroute__route__wirelength,0.9744759497015784,0.009281116945504455,9867234.133333333,13779382.055807397,"[""5_1_grt__globalroute__power__internal__total"", ""5_1_grt__globalroute__timing__setup__ws"", ""5_2_route__detailedroute__route__drc_errors__iter:0"", ""5_1_grt__globalroute__dpl__hpwl__delta__percent"", ""5_1_grt__globalroute__global_route__fastroute__congestion_rsmt_s"", ""5_1_grt__globalroute__route__net"", ""5_1_grt__globalroute__design__instance__area"", ""5_1_grt__globalroute__global_route__fastroute__route_z_s"", ""5_1_grt__globalroute__global_route__fastroute__route_l_s"", ""5_1_grt__globalroute__timing__drv__max_cap_limit"", ""5_1_grt__globalroute__dpl__hpwl__delta"", ""5_1_grt__globalroute__timing__hold__ws"", ""5_1_grt__globalroute__global_route__fastroute__spiral_s"", ""5_1_grt__globalroute__global_route__fastroute__new_route_l_s"", ""5_1_grt__globalroute__design__instance__area__stdcell"", ""5_1_grt__globalroute__global_route__fastroute__finalization_s"", ""5_1_grt__globalroute__global_route__vias"", ""5_1_grt__globalroute__design__nets"", ""5_2_route__detailedroute__route__net"", ""5_1_grt__globalroute__global_route__fastroute__monotonic_s"", ""5_1_grt__globalroute__global_route__fastroute__overflow_iterations_s"", ""5_1_grt__globalroute__design__instance__utilization"", ""5_1_grt__globalroute__design__instance__utilization__stdcell"", ""5_1_grt__globalroute__design__instance__displacement__total"", ""5_1_grt__globalroute__design__instance__count__setup_buffer"", ""5_1_grt__globalroute__design__instance__displacement__max"", ""5_1_grt__globalroute__flow__warnings__count"", ""5_1_grt__globalroute__design__instance__count"", ""5_1_grt__globalroute__design__instance__count__stdcell"", ""param:CTS_CLUSTER_SIZE"", ""5_2_route__detailedroute__route__wirelength""]",31,-0.16823034555879204
routing,fmax,32,5_1_grt__globalroute__flow__warnings__type_count,0.9534419333926075,0.008782625879937661,12341437.866666665,18924531.150673833,"[""5_1_grt__globalroute__power__internal__total"", ""5_1_grt__globalroute__timing__setup__ws"", ""5_2_route__detailedroute__route__drc_errors__iter:0"", ""5_1_grt__globalroute__dpl__hpwl__delta__percent"", ""5_1_grt__globalroute__global_route__fastroute__congestion_rsmt_s"", ""5_1_grt__globalroute__route__net"", ""5_1_grt__globalroute__design__instance__area"", ""5_1_grt__globalroute__global_route__fastroute__route_z_s"", ""5_1_grt__globalroute__global_route__fastroute__route_l_s"", ""5_1_grt__globalroute__timing__drv__max_cap_limit"", ""5_1_grt__globalroute__dpl__hpwl__delta"", ""5_1_grt__globalroute__timing__hold__ws"", ""5_1_grt__globalroute__global_route__fastroute__spiral_s"", ""5_1_grt__globalroute__global_route__fastroute__new_route_l_s"", ""5_1_grt__globalroute__design__instance__area__stdcell"", ""5_1_grt__globalroute__global_route__fastroute__finalization_s"", ""5_1_grt__globalroute__global_route__vias"", ""5_1_grt__globalroute__design__nets"", ""5_2_route__detailedroute__route__net"", ""5_1_grt__globalroute__global_route__fastroute__monotonic_s"", ""5_1_grt__globalroute__global_route__fastroute__overflow_iterations_s"", ""5_1_grt__globalroute__design__instance__utilization"", ""5_1_grt__globalroute__design__instance__utilization__stdcell"", ""5_1_grt__globalroute__design__instance__displacement__total"", ""5_1_grt__globalroute__design__instance__count__setup_buffer"", ""5_1_grt__globalroute__design__instance__displacement__max"", ""5_1_grt__globalroute__flow__warnings__count"", ""5_1_grt__globalroute__design__instance__count"", ""5_1_grt__globalroute__design__instance__count__stdcell"", ""param:CTS_CLUSTER_SIZE"", ""5_2_route__detailedroute__route__wirelength"", ""5_1_grt__globalroute__flow__warnings__type_count""]",32,-0.16823034555879204
routing,fmax,33,5_1_grt__globalroute__design__instance__displacement__mean,0.9731546045711333,0.013143619529954862,9862965.333333334,14255822.682636557,"[""5_1_grt__globalroute__power__internal__total"", ""5_1_grt__globalroute__timing__setup__ws"", ""5_2_route__detailedroute__route__drc_errors__iter:0"", ""5_1_grt__globalroute__dpl__hpwl__delta__percent"", ""5_1_grt__globalroute__global_route__fastroute__congestion_rsmt_s"", ""5_1_grt__globalroute__route__net"", ""5_1_grt__globalroute__design__instance__area"", ""5_1_grt__globalroute__global_route__fastroute__route_z_s"", ""5_1_grt__globalroute__global_route__fastroute__route_l_s"", ""5_1_grt__globalroute__timing__drv__max_cap_limit"", ""5_1_grt__globalroute__dpl__hpwl__delta"", ""5_1_grt__globalroute__timing__hold__ws"", ""5_1_grt__globalroute__global_route__fastroute__spiral_s"", ""5_1_grt__globalroute__global_route__fastroute__new_route_l_s"", ""5_1_grt__globalroute__design__instance__area__stdcell"", ""5_1_grt__globalroute__global_route__fastroute__finalization_s"", ""5_1_grt__globalroute__global_route__vias"", ""5_1_grt__globalroute__design__nets"", ""5_2_route__detailedroute__route__net"", ""5_1_grt__globalroute__global_route__fastroute__monotonic_s"", ""5_1_grt__globalroute__global_route__fastroute__overflow_iterations_s"", ""5_1_grt__globalroute__design__instance__utilization"", ""5_1_grt__globalroute__design__instance__utilization__stdcell"", ""5_1_grt__globalroute__design__instance__displacement__total"", ""5_1_grt__globalroute__design__instance__count__setup_buffer"", ""5_1_grt__globalroute__design__instance__displacement__max"", ""5_1_grt__globalroute__flow__warnings__count"", ""5_1_grt__globalroute__design__instance__count"", ""5_1_grt__globalroute__design__instance__count__stdcell"", ""param:CTS_CLUSTER_SIZE"", ""5_2_route__detailedroute__route__wirelength"", ""5_1_grt__globalroute__flow__warnings__type_count"", ""5_1_grt__globalroute__design__instance__displacement__mean""]",33,-0.16823034555879204
routing,fmax,34,5_1_grt__globalroute__global_route__fastroute__initial_rsmt_s,0.9554514329680943,0.012066360729807721,12430545.066666668,18462515.191750627,"[""5_1_grt__globalroute__power__internal__total"", ""5_1_grt__globalroute__timing__setup__ws"", ""5_2_route__detailedroute__route__drc_errors__iter:0"", ""5_1_grt__globalroute__dpl__hpwl__delta__percent"", ""5_1_grt__globalroute__global_route__fastroute__congestion_rsmt_s"", ""5_1_grt__globalroute__route__net"", ""5_1_grt__globalroute__design__instance__area"", ""5_1_grt__globalroute__global_route__fastroute__route_z_s"", ""5_1_grt__globalroute__global_route__fastroute__route_l_s"", ""5_1_grt__globalroute__timing__drv__max_cap_limit"", ""5_1_grt__globalroute__dpl__hpwl__delta"", ""5_1_grt__globalroute__timing__hold__ws"", ""5_1_grt__globalroute__global_route__fastroute__spiral_s"", ""5_1_grt__globalroute__global_route__fastroute__new_route_l_s"", ""5_1_grt__globalroute__design__instance__area__stdcell"", ""5_1_grt__globalroute__global_route__fastroute__finalization_s"", ""5_1_grt__globalroute__global_route__vias"", ""5_1_grt__globalroute__design__nets"", ""5_2_route__detailedroute__route__net"", ""5_1_grt__globalroute__global_route__fastroute__monotonic_s"", ""5_1_grt__globalroute__global_route__fastroute__overflow_iterations_s"", ""5_1_grt__globalroute__design__instance__utilization"", ""5_1_grt__globalroute__design__instance__utilization__stdcell"", ""5_1_grt__globalroute__design__instance__displacement__total"", ""5_1_grt__globalroute__design__instance__count__setup_buffer"", ""5_1_grt__globalroute__design__instance__displacement__max"", ""5_1_grt__globalroute__flow__warnings__count"", ""5_1_grt__globalroute__design__instance__count"", ""5_1_grt__globalroute__design__instance__count__stdcell"", ""param:CTS_CLUSTER_SIZE"", ""5_2_route__detailedroute__route__wirelength"", ""5_1_grt__globalroute__flow__warnings__type_count"", ""5_1_grt__globalroute__design__instance__displacement__mean"", ""5_1_grt__globalroute__global_route__fastroute__initial_rsmt_s""]",34,-0.16823034555879204
routing,fmax,35,5_1_grt__globalroute__timing__drv__max_slew_limit,0.9651447086071373,0.006214842030116309,10191285.333333334,16500276.193317205,"[""5_1_grt__globalroute__power__internal__total"", ""5_1_grt__globalroute__timing__setup__ws"", ""5_2_route__detailedroute__route__drc_errors__iter:0"", ""5_1_grt__globalroute__dpl__hpwl__delta__percent"", ""5_1_grt__globalroute__global_route__fastroute__congestion_rsmt_s"", ""5_1_grt__globalroute__route__net"", ""5_1_grt__globalroute__design__instance__area"", ""5_1_grt__globalroute__global_route__fastroute__route_z_s"", ""5_1_grt__globalroute__global_route__fastroute__route_l_s"", ""5_1_grt__globalroute__timing__drv__max_cap_limit"", ""5_1_grt__globalroute__dpl__hpwl__delta"", ""5_1_grt__globalroute__timing__hold__ws"", ""5_1_grt__globalroute__global_route__fastroute__spiral_s"", ""5_1_grt__globalroute__global_route__fastroute__new_route_l_s"", ""5_1_grt__globalroute__design__instance__area__stdcell"", ""5_1_grt__globalroute__global_route__fastroute__finalization_s"", ""5_1_grt__globalroute__global_route__vias"", ""5_1_grt__globalroute__design__nets"", ""5_2_route__detailedroute__route__net"", ""5_1_grt__globalroute__global_route__fastroute__monotonic_s"", ""5_1_grt__globalroute__global_route__fastroute__overflow_iterations_s"", ""5_1_grt__globalroute__design__instance__utilization"", ""5_1_grt__globalroute__design__instance__utilization__stdcell"", ""5_1_grt__globalroute__design__instance__displacement__total"", ""5_1_grt__globalroute__design__instance__count__setup_buffer"", ""5_1_grt__globalroute__design__instance__displacement__max"", ""5_1_grt__globalroute__flow__warnings__count"", ""5_1_grt__globalroute__design__instance__count"", ""5_1_grt__globalroute__design__instance__count__stdcell"", ""param:CTS_CLUSTER_SIZE"", ""5_2_route__detailedroute__route__wirelength"", ""5_1_grt__globalroute__flow__warnings__type_count"", ""5_1_grt__globalroute__design__instance__displacement__mean"", ""5_1_grt__globalroute__global_route__fastroute__initial_rsmt_s"", ""5_1_grt__globalroute__timing__drv__max_slew_limit""]",35,-0.16823034555879204
routing,fmax,36,5_1_grt__globalroute__timing__fmax,0.9385523585100427,0.011481150035487343,14041979.733333334,21663392.744106654,"[""5_1_grt__globalroute__power__internal__total"", ""5_1_grt__globalroute__timing__setup__ws"", ""5_2_route__detailedroute__route__drc_errors__iter:0"", ""5_1_grt__globalroute__dpl__hpwl__delta__percent"", ""5_1_grt__globalroute__global_route__fastroute__congestion_rsmt_s"", ""5_1_grt__globalroute__route__net"", ""5_1_grt__globalroute__design__instance__area"", ""5_1_grt__globalroute__global_route__fastroute__route_z_s"", ""5_1_grt__globalroute__global_route__fastroute__route_l_s"", ""5_1_grt__globalroute__timing__drv__max_cap_limit"", ""5_1_grt__globalroute__dpl__hpwl__delta"", ""5_1_grt__globalroute__timing__hold__ws"", ""5_1_grt__globalroute__global_route__fastroute__spiral_s"", ""5_1_grt__globalroute__global_route__fastroute__new_route_l_s"", ""5_1_grt__globalroute__design__instance__area__stdcell"", ""5_1_grt__globalroute__global_route__fastroute__finalization_s"", ""5_1_grt__globalroute__global_route__vias"", ""5_1_grt__globalroute__design__nets"", ""5_2_route__detailedroute__route__net"", ""5_1_grt__globalroute__global_route__fastroute__monotonic_s"", ""5_1_grt__globalroute__global_route__fastroute__overflow_iterations_s"", ""5_1_grt__globalroute__design__instance__utilization"", ""5_1_grt__globalroute__design__instance__utilization__stdcell"", ""5_1_grt__globalroute__design__instance__displacement__total"", ""5_1_grt__globalroute__design__instance__count__setup_buffer"", ""5_1_grt__globalroute__design__instance__displacement__max"", ""5_1_grt__globalroute__flow__warnings__count"", ""5_1_grt__globalroute__design__instance__count"", ""5_1_grt__globalroute__design__instance__count__stdcell"", ""param:CTS_CLUSTER_SIZE"", ""5_2_route__detailedroute__route__wirelength"", ""5_1_grt__globalroute__flow__warnings__type_count"", ""5_1_grt__globalroute__design__instance__displacement__mean"", ""5_1_grt__globalroute__global_route__fastroute__initial_rsmt_s"", ""5_1_grt__globalroute__timing__drv__max_slew_limit"", ""5_1_grt__globalroute__timing__fmax""]",36,-0.16823034555879204
routing,fmax,37,5_1_grt__globalroute__global_route__wirelength,0.9647227775326117,0.019462206878229887,11228142.933333332,16224870.771082968,"[""5_1_grt__globalroute__power__internal__total"", ""5_1_grt__globalroute__timing__setup__ws"", ""5_2_route__detailedroute__route__drc_errors__iter:0"", ""5_1_grt__globalroute__dpl__hpwl__delta__percent"", ""5_1_grt__globalroute__global_route__fastroute__congestion_rsmt_s"", ""5_1_grt__globalroute__route__net"", ""5_1_grt__globalroute__design__instance__area"", ""5_1_grt__globalroute__global_route__fastroute__route_z_s"", ""5_1_grt__globalroute__global_route__fastroute__route_l_s"", ""5_1_grt__globalroute__timing__drv__max_cap_limit"", ""5_1_grt__globalroute__dpl__hpwl__delta"", ""5_1_grt__globalroute__timing__hold__ws"", ""5_1_grt__globalroute__global_route__fastroute__spiral_s"", ""5_1_grt__globalroute__global_route__fastroute__new_route_l_s"", ""5_1_grt__globalroute__design__instance__area__stdcell"", ""5_1_grt__globalroute__global_route__fastroute__finalization_s"", ""5_1_grt__globalroute__global_route__vias"", ""5_1_grt__globalroute__design__nets"", ""5_2_route__detailedroute__route__net"", ""5_1_grt__globalroute__global_route__fastroute__monotonic_s"", ""5_1_grt__globalroute__global_route__fastroute__overflow_iterations_s"", ""5_1_grt__globalroute__design__instance__utilization"", ""5_1_grt__globalroute__design__instance__utilization__stdcell"", ""5_1_grt__globalroute__design__instance__displacement__total"", ""5_1_grt__globalroute__design__instance__count__setup_buffer"", ""5_1_grt__globalroute__design__instance__displacement__max"", ""5_1_grt__globalroute__flow__warnings__count"", ""5_1_grt__globalroute__design__instance__count"", ""5_1_grt__globalroute__design__instance__count__stdcell"", ""param:CTS_CLUSTER_SIZE"", ""5_2_route__detailedroute__route__wirelength"", ""5_1_grt__globalroute__flow__warnings__type_count"", ""5_1_grt__globalroute__design__instance__displacement__mean"", ""5_1_grt__globalroute__global_route__fastroute__initial_rsmt_s"", ""5_1_grt__globalroute__timing__drv__max_slew_limit"", ""5_1_grt__globalroute__timing__fmax"", ""5_1_grt__globalroute__global_route__wirelength""]",37,-0.16823034555879204
routing,fmax,38,5_1_grt__globalroute__power__leakage__total,0.956702977376426,0.020323306841220145,12016260.266666668,18079457.771473076,"[""5_1_grt__globalroute__power__internal__total"", ""5_1_grt__globalroute__timing__setup__ws"", ""5_2_route__detailedroute__route__drc_errors__iter:0"", ""5_1_grt__globalroute__dpl__hpwl__delta__percent"", ""5_1_grt__globalroute__global_route__fastroute__congestion_rsmt_s"", ""5_1_grt__globalroute__route__net"", ""5_1_grt__globalroute__design__instance__area"", ""5_1_grt__globalroute__global_route__fastroute__route_z_s"", ""5_1_grt__globalroute__global_route__fastroute__route_l_s"", ""5_1_grt__globalroute__timing__drv__max_cap_limit"", ""5_1_grt__globalroute__dpl__hpwl__delta"", ""5_1_grt__globalroute__timing__hold__ws"", ""5_1_grt__globalroute__global_route__fastroute__spiral_s"", ""5_1_grt__globalroute__global_route__fastroute__new_route_l_s"", ""5_1_grt__globalroute__design__instance__area__stdcell"", ""5_1_grt__globalroute__global_route__fastroute__finalization_s"", ""5_1_grt__globalroute__global_route__vias"", ""5_1_grt__globalroute__design__nets"", ""5_2_route__detailedroute__route__net"", ""5_1_grt__globalroute__global_route__fastroute__monotonic_s"", ""5_1_grt__globalroute__global_route__fastroute__overflow_iterations_s"", ""5_1_grt__globalroute__design__instance__utilization"", ""5_1_grt__globalroute__design__instance__utilization__stdcell"", ""5_1_grt__globalroute__design__instance__displacement__total"", ""5_1_grt__globalroute__design__instance__count__setup_buffer"", ""5_1_grt__globalroute__design__instance__displacement__max"", ""5_1_grt__globalroute__flow__warnings__count"", ""5_1_grt__globalroute__design__instance__count"", ""5_1_grt__globalroute__design__instance__count__stdcell"", ""param:CTS_CLUSTER_SIZE"", ""5_2_route__detailedroute__route__wirelength"", ""5_1_grt__globalroute__flow__warnings__type_count"", ""5_1_grt__globalroute__design__instance__displacement__mean"", ""5_1_grt__globalroute__global_route__fastroute__initial_rsmt_s"", ""5_1_grt__globalroute__timing__drv__max_slew_limit"", ""5_1_grt__globalroute__timing__fmax"", ""5_1_grt__globalroute__global_route__wirelength"", ""5_1_grt__globalroute__power__leakage__total""]",38,-0.16823034555879204
routing,fmax,39,5_1_grt__globalroute__power__switching__total,0.9541949556056374,0.014654990236455234,12571592.533333333,18467818.2465772,"[""5_1_grt__globalroute__power__internal__total"", ""5_1_grt__globalroute__timing__setup__ws"", ""5_2_route__detailedroute__route__drc_errors__iter:0"", ""5_1_grt__globalroute__dpl__hpwl__delta__percent"", ""5_1_grt__globalroute__global_route__fastroute__congestion_rsmt_s"", ""5_1_grt__globalroute__route__net"", ""5_1_grt__globalroute__design__instance__area"", ""5_1_grt__globalroute__global_route__fastroute__route_z_s"", ""5_1_grt__globalroute__global_route__fastroute__route_l_s"", ""5_1_grt__globalroute__timing__drv__max_cap_limit"", ""5_1_grt__globalroute__dpl__hpwl__delta"", ""5_1_grt__globalroute__timing__hold__ws"", ""5_1_grt__globalroute__global_route__fastroute__spiral_s"", ""5_1_grt__globalroute__global_route__fastroute__new_route_l_s"", ""5_1_grt__globalroute__design__instance__area__stdcell"", ""5_1_grt__globalroute__global_route__fastroute__finalization_s"", ""5_1_grt__globalroute__global_route__vias"", ""5_1_grt__globalroute__design__nets"", ""5_2_route__detailedroute__route__net"", ""5_1_grt__globalroute__global_route__fastroute__monotonic_s"", ""5_1_grt__globalroute__global_route__fastroute__overflow_iterations_s"", ""5_1_grt__globalroute__design__instance__utilization"", ""5_1_grt__globalroute__design__instance__utilization__stdcell"", ""5_1_grt__globalroute__design__instance__displacement__total"", ""5_1_grt__globalroute__design__instance__count__setup_buffer"", ""5_1_grt__globalroute__design__instance__displacement__max"", ""5_1_grt__globalroute__flow__warnings__count"", ""5_1_grt__globalroute__design__instance__count"", ""5_1_grt__globalroute__design__instance__count__stdcell"", ""param:CTS_CLUSTER_SIZE"", ""5_2_route__detailedroute__route__wirelength"", ""5_1_grt__globalroute__flow__warnings__type_count"", ""5_1_grt__globalroute__design__instance__displacement__mean"", ""5_1_grt__globalroute__global_route__fastroute__initial_rsmt_s"", ""5_1_grt__globalroute__timing__drv__max_slew_limit"", ""5_1_grt__globalroute__timing__fmax"", ""5_1_grt__globalroute__global_route__wirelength"", ""5_1_grt__globalroute__power__leakage__total"", ""5_1_grt__globalroute__power__switching__total""]",39,-0.16823034555879204
routing,fmax,40,5_1_grt__globalroute__clock__skew__hold,0.9664988364837223,0.019598582046462292,10764473.6,15660459.476622067,"[""5_1_grt__globalroute__power__internal__total"", ""5_1_grt__globalroute__timing__setup__ws"", ""5_2_route__detailedroute__route__drc_errors__iter:0"", ""5_1_grt__globalroute__dpl__hpwl__delta__percent"", ""5_1_grt__globalroute__global_route__fastroute__congestion_rsmt_s"", ""5_1_grt__globalroute__route__net"", ""5_1_grt__globalroute__design__instance__area"", ""5_1_grt__globalroute__global_route__fastroute__route_z_s"", ""5_1_grt__globalroute__global_route__fastroute__route_l_s"", ""5_1_grt__globalroute__timing__drv__max_cap_limit"", ""5_1_grt__globalroute__dpl__hpwl__delta"", ""5_1_grt__globalroute__timing__hold__ws"", ""5_1_grt__globalroute__global_route__fastroute__spiral_s"", ""5_1_grt__globalroute__global_route__fastroute__new_route_l_s"", ""5_1_grt__globalroute__design__instance__area__stdcell"", ""5_1_grt__globalroute__global_route__fastroute__finalization_s"", ""5_1_grt__globalroute__global_route__vias"", ""5_1_grt__globalroute__design__nets"", ""5_2_route__detailedroute__route__net"", ""5_1_grt__globalroute__global_route__fastroute__monotonic_s"", ""5_1_grt__globalroute__global_route__fastroute__overflow_iterations_s"", ""5_1_grt__globalroute__design__instance__utilization"", ""5_1_grt__globalroute__design__instance__utilization__stdcell"", ""5_1_grt__globalroute__design__instance__displacement__total"", ""5_1_grt__globalroute__design__instance__count__setup_buffer"", ""5_1_grt__globalroute__design__instance__displacement__max"", ""5_1_grt__globalroute__flow__warnings__count"", ""5_1_grt__globalroute__design__instance__count"", ""5_1_grt__globalroute__design__instance__count__stdcell"", ""param:CTS_CLUSTER_SIZE"", ""5_2_route__detailedroute__route__wirelength"", ""5_1_grt__globalroute__flow__warnings__type_count"", ""5_1_grt__globalroute__design__instance__displacement__mean"", ""5_1_grt__globalroute__global_route__fastroute__initial_rsmt_s"", ""5_1_grt__globalroute__timing__drv__max_slew_limit"", ""5_1_grt__globalroute__timing__fmax"", ""5_1_grt__globalroute__global_route__wirelength"", ""5_1_grt__globalroute__power__leakage__total"", ""5_1_grt__globalroute__power__switching__total"", ""5_1_grt__globalroute__clock__skew__hold""]",40,-0.16823034555879204
routing,fmax,41,5_1_grt__globalroute__clock__skew__setup,0.959505141975003,0.015826193914117614,12249203.200000001,17141360.610394847,"[""5_1_grt__globalroute__power__internal__total"", ""5_1_grt__globalroute__timing__setup__ws"", ""5_2_route__detailedroute__route__drc_errors__iter:0"", ""5_1_grt__globalroute__dpl__hpwl__delta__percent"", ""5_1_grt__globalroute__global_route__fastroute__congestion_rsmt_s"", ""5_1_grt__globalroute__route__net"", ""5_1_grt__globalroute__design__instance__area"", ""5_1_grt__globalroute__global_route__fastroute__route_z_s"", ""5_1_grt__globalroute__global_route__fastroute__route_l_s"", ""5_1_grt__globalroute__timing__drv__max_cap_limit"", ""5_1_grt__globalroute__dpl__hpwl__delta"", ""5_1_grt__globalroute__timing__hold__ws"", ""5_1_grt__globalroute__global_route__fastroute__spiral_s"", ""5_1_grt__globalroute__global_route__fastroute__new_route_l_s"", ""5_1_grt__globalroute__design__instance__area__stdcell"", ""5_1_grt__globalroute__global_route__fastroute__finalization_s"", ""5_1_grt__globalroute__global_route__vias"", ""5_1_grt__globalroute__design__nets"", ""5_2_route__detailedroute__route__net"", ""5_1_grt__globalroute__global_route__fastroute__monotonic_s"", ""5_1_grt__globalroute__global_route__fastroute__overflow_iterations_s"", ""5_1_grt__globalroute__design__instance__utilization"", ""5_1_grt__globalroute__design__instance__utilization__stdcell"", ""5_1_grt__globalroute__design__instance__displacement__total"", ""5_1_grt__globalroute__design__instance__count__setup_buffer"", ""5_1_grt__globalroute__design__instance__displacement__max"", ""5_1_grt__globalroute__flow__warnings__count"", ""5_1_grt__globalroute__design__instance__count"", ""5_1_grt__globalroute__design__instance__count__stdcell"", ""param:CTS_CLUSTER_SIZE"", ""5_2_route__detailedroute__route__wirelength"", ""5_1_grt__globalroute__flow__warnings__type_count"", ""5_1_grt__globalroute__design__instance__displacement__mean"", ""5_1_grt__globalroute__global_route__fastroute__initial_rsmt_s"", ""5_1_grt__globalroute__timing__drv__max_slew_limit"", ""5_1_grt__globalroute__timing__fmax"", ""5_1_grt__globalroute__global_route__wirelength"", ""5_1_grt__globalroute__power__leakage__total"", ""5_1_grt__globalroute__power__switching__total"", ""5_1_grt__globalroute__clock__skew__hold"", ""5_1_grt__globalroute__clock__skew__setup""]",41,-0.16823034555879204
routing,fmax,42,5_2_route__detailedroute__route__drc_errors__iter:2,0.9715316211626878,0.016020455757275825,10187234.133333333,14473087.126214826,"[""5_1_grt__globalroute__power__internal__total"", ""5_1_grt__globalroute__timing__setup__ws"", ""5_2_route__detailedroute__route__drc_errors__iter:0"", ""5_1_grt__globalroute__dpl__hpwl__delta__percent"", ""5_1_grt__globalroute__global_route__fastroute__congestion_rsmt_s"", ""5_1_grt__globalroute__route__net"", ""5_1_grt__globalroute__design__instance__area"", ""5_1_grt__globalroute__global_route__fastroute__route_z_s"", ""5_1_grt__globalroute__global_route__fastroute__route_l_s"", ""5_1_grt__globalroute__timing__drv__max_cap_limit"", ""5_1_grt__globalroute__dpl__hpwl__delta"", ""5_1_grt__globalroute__timing__hold__ws"", ""5_1_grt__globalroute__global_route__fastroute__spiral_s"", ""5_1_grt__globalroute__global_route__fastroute__new_route_l_s"", ""5_1_grt__globalroute__design__instance__area__stdcell"", ""5_1_grt__globalroute__global_route__fastroute__finalization_s"", ""5_1_grt__globalroute__global_route__vias"", ""5_1_grt__globalroute__design__nets"", ""5_2_route__detailedroute__route__net"", ""5_1_grt__globalroute__global_route__fastroute__monotonic_s"", ""5_1_grt__globalroute__global_route__fastroute__overflow_iterations_s"", ""5_1_grt__globalroute__design__instance__utilization"", ""5_1_grt__globalroute__design__instance__utilization__stdcell"", ""5_1_grt__globalroute__design__instance__displacement__total"", ""5_1_grt__globalroute__design__instance__count__setup_buffer"", ""5_1_grt__globalroute__design__instance__displacement__max"", ""5_1_grt__globalroute__flow__warnings__count"", ""5_1_grt__globalroute__design__instance__count"", ""5_1_grt__globalroute__design__instance__count__stdcell"", ""param:CTS_CLUSTER_SIZE"", ""5_2_route__detailedroute__route__wirelength"", ""5_1_grt__globalroute__flow__warnings__type_count"", ""5_1_grt__globalroute__design__instance__displacement__mean"", ""5_1_grt__globalroute__global_route__fastroute__initial_rsmt_s"", ""5_1_grt__globalroute__timing__drv__max_slew_limit"", ""5_1_grt__globalroute__timing__fmax"", ""5_1_grt__globalroute__global_route__wirelength"", ""5_1_grt__globalroute__power__leakage__total"", ""5_1_grt__globalroute__power__switching__total"", ""5_1_grt__globalroute__clock__skew__hold"", ""5_1_grt__globalroute__clock__skew__setup"", ""5_2_route__detailedroute__route__drc_errors__iter:2""]",42,-0.16823034555879204
routing,fmax,43,5_1_grt__globalroute__power__total,0.9598263154041119,0.00722945167787728,13162824.533333333,17503918.880458947,"[""5_1_grt__globalroute__power__internal__total"", ""5_1_grt__globalroute__timing__setup__ws"", ""5_2_route__detailedroute__route__drc_errors__iter:0"", ""5_1_grt__globalroute__dpl__hpwl__delta__percent"", ""5_1_grt__globalroute__global_route__fastroute__congestion_rsmt_s"", ""5_1_grt__globalroute__route__net"", ""5_1_grt__globalroute__design__instance__area"", ""5_1_grt__globalroute__global_route__fastroute__route_z_s"", ""5_1_grt__globalroute__global_route__fastroute__route_l_s"", ""5_1_grt__globalroute__timing__drv__max_cap_limit"", ""5_1_grt__globalroute__dpl__hpwl__delta"", ""5_1_grt__globalroute__timing__hold__ws"", ""5_1_grt__globalroute__global_route__fastroute__spiral_s"", ""5_1_grt__globalroute__global_route__fastroute__new_route_l_s"", ""5_1_grt__globalroute__design__instance__area__stdcell"", ""5_1_grt__globalroute__global_route__fastroute__finalization_s"", ""5_1_grt__globalroute__global_route__vias"", ""5_1_grt__globalroute__design__nets"", ""5_2_route__detailedroute__route__net"", ""5_1_grt__globalroute__global_route__fastroute__monotonic_s"", ""5_1_grt__globalroute__global_route__fastroute__overflow_iterations_s"", ""5_1_grt__globalroute__design__instance__utilization"", ""5_1_grt__globalroute__design__instance__utilization__stdcell"", ""5_1_grt__globalroute__design__instance__displacement__total"", ""5_1_grt__globalroute__design__instance__count__setup_buffer"", ""5_1_grt__globalroute__design__instance__displacement__max"", ""5_1_grt__globalroute__flow__warnings__count"", ""5_1_grt__globalroute__design__instance__count"", ""5_1_grt__globalroute__design__instance__count__stdcell"", ""param:CTS_CLUSTER_SIZE"", ""5_2_route__detailedroute__route__wirelength"", ""5_1_grt__globalroute__flow__warnings__type_count"", ""5_1_grt__globalroute__design__instance__displacement__mean"", ""5_1_grt__globalroute__global_route__fastroute__initial_rsmt_s"", ""5_1_grt__globalroute__timing__drv__max_slew_limit"", ""5_1_grt__globalroute__timing__fmax"", ""5_1_grt__globalroute__global_route__wirelength"", ""5_1_grt__globalroute__power__leakage__total"", ""5_1_grt__globalroute__power__switching__total"", ""5_1_grt__globalroute__clock__skew__hold"", ""5_1_grt__globalroute__clock__skew__setup"", ""5_2_route__detailedroute__route__drc_errors__iter:2"", ""5_1_grt__globalroute__power__total""]",43,-0.16823034555879204
routing,fmax,44,5_1_grt__globalroute__timing__fmax__clock:core_clock,0.9649870120059637,0.011474026759950687,11316840.533333333,16230705.882520437,"[""5_1_grt__globalroute__power__internal__total"", ""5_1_grt__globalroute__timing__setup__ws"", ""5_2_route__detailedroute__route__drc_errors__iter:0"", ""5_1_grt__globalroute__dpl__hpwl__delta__percent"", ""5_1_grt__globalroute__global_route__fastroute__congestion_rsmt_s"", ""5_1_grt__globalroute__route__net"", ""5_1_grt__globalroute__design__instance__area"", ""5_1_grt__globalroute__global_route__fastroute__route_z_s"", ""5_1_grt__globalroute__global_route__fastroute__route_l_s"", ""5_1_grt__globalroute__timing__drv__max_cap_limit"", ""5_1_grt__globalroute__dpl__hpwl__delta"", ""5_1_grt__globalroute__timing__hold__ws"", ""5_1_grt__globalroute__global_route__fastroute__spiral_s"", ""5_1_grt__globalroute__global_route__fastroute__new_route_l_s"", ""5_1_grt__globalroute__design__instance__area__stdcell"", ""5_1_grt__globalroute__global_route__fastroute__finalization_s"", ""5_1_grt__globalroute__global_route__vias"", ""5_1_grt__globalroute__design__nets"", ""5_2_route__detailedroute__route__net"", ""5_1_grt__globalroute__global_route__fastroute__monotonic_s"", ""5_1_grt__globalroute__global_route__fastroute__overflow_iterations_s"", ""5_1_grt__globalroute__design__instance__utilization"", ""5_1_grt__globalroute__design__instance__utilization__stdcell"", ""5_1_grt__globalroute__design__instance__displacement__total"", ""5_1_grt__globalroute__design__instance__count__setup_buffer"", ""5_1_grt__globalroute__design__instance__displacement__max"", ""5_1_grt__globalroute__flow__warnings__count"", ""5_1_grt__globalroute__design__instance__count"", ""5_1_grt__globalroute__design__instance__count__stdcell"", ""param:CTS_CLUSTER_SIZE"", ""5_2_route__detailedroute__route__wirelength"", ""5_1_grt__globalroute__flow__warnings__type_count"", ""5_1_grt__globalroute__design__instance__displacement__mean"", ""5_1_grt__globalroute__global_route__fastroute__initial_rsmt_s"", ""5_1_grt__globalroute__timing__drv__max_slew_limit"", ""5_1_grt__globalroute__timing__fmax"", ""5_1_grt__globalroute__global_route__wirelength"", ""5_1_grt__globalroute__power__leakage__total"", ""5_1_grt__globalroute__power__switching__total"", ""5_1_grt__globalroute__clock__skew__hold"", ""5_1_grt__globalroute__clock__skew__setup"", ""5_2_route__detailedroute__route__drc_errors__iter:2"", ""5_1_grt__globalroute__power__total"", ""5_1_grt__globalroute__timing__fmax__clock:core_clock""]",44,-0.16823034555879204
routing,fmax,45,5_1_grt__globalroute__route__wirelength__estimated,0.9469858078357621,0.0074769243433792385,13885632.0,20155479.953847647,"[""5_1_grt__globalroute__power__internal__total"", ""5_1_grt__globalroute__timing__setup__ws"", ""5_2_route__detailedroute__route__drc_errors__iter:0"", ""5_1_grt__globalroute__dpl__hpwl__delta__percent"", ""5_1_grt__globalroute__global_route__fastroute__congestion_rsmt_s"", ""5_1_grt__globalroute__route__net"", ""5_1_grt__globalroute__design__instance__area"", ""5_1_grt__globalroute__global_route__fastroute__route_z_s"", ""5_1_grt__globalroute__global_route__fastroute__route_l_s"", ""5_1_grt__globalroute__timing__drv__max_cap_limit"", ""5_1_grt__globalroute__dpl__hpwl__delta"", ""5_1_grt__globalroute__timing__hold__ws"", ""5_1_grt__globalroute__global_route__fastroute__spiral_s"", ""5_1_grt__globalroute__global_route__fastroute__new_route_l_s"", ""5_1_grt__globalroute__design__instance__area__stdcell"", ""5_1_grt__globalroute__global_route__fastroute__finalization_s"", ""5_1_grt__globalroute__global_route__vias"", ""5_1_grt__globalroute__design__nets"", ""5_2_route__detailedroute__route__net"", ""5_1_grt__globalroute__global_route__fastroute__monotonic_s"", ""5_1_grt__globalroute__global_route__fastroute__overflow_iterations_s"", ""5_1_grt__globalroute__design__instance__utilization"", ""5_1_grt__globalroute__design__instance__utilization__stdcell"", ""5_1_grt__globalroute__design__instance__displacement__total"", ""5_1_grt__globalroute__design__instance__count__setup_buffer"", ""5_1_grt__globalroute__design__instance__displacement__max"", ""5_1_grt__globalroute__flow__warnings__count"", ""5_1_grt__globalroute__design__instance__count"", ""5_1_grt__globalroute__design__instance__count__stdcell"", ""param:CTS_CLUSTER_SIZE"", ""5_2_route__detailedroute__route__wirelength"", ""5_1_grt__globalroute__flow__warnings__type_count"", ""5_1_grt__globalroute__design__instance__displacement__mean"", ""5_1_grt__globalroute__global_route__fastroute__initial_rsmt_s"", ""5_1_grt__globalroute__timing__drv__max_slew_limit"", ""5_1_grt__globalroute__timing__fmax"", ""5_1_grt__globalroute__global_route__wirelength"", ""5_1_grt__globalroute__power__leakage__total"", ""5_1_grt__globalroute__power__switching__total"", ""5_1_grt__globalroute__clock__skew__hold"", ""5_1_grt__globalroute__clock__skew__setup"", ""5_2_route__detailedroute__route__drc_errors__iter:2"", ""5_1_grt__globalroute__power__total"", ""5_1_grt__globalroute__timing__fmax__clock:core_clock"", ""5_1_grt__globalroute__route__wirelength__estimated""]",45,-0.16823034555879204
routing,fmax,46,5_1_grt__globalroute__timing__drv__setup_violation_count,0.9679630426826379,0.015272620386652282,11197885.866666667,15377213.982536623,"[""5_1_grt__globalroute__power__internal__total"", ""5_1_grt__globalroute__timing__setup__ws"", ""5_2_route__detailedroute__route__drc_errors__iter:0"", ""5_1_grt__globalroute__dpl__hpwl__delta__percent"", ""5_1_grt__globalroute__global_route__fastroute__congestion_rsmt_s"", ""5_1_grt__globalroute__route__net"", ""5_1_grt__globalroute__design__instance__area"", ""5_1_grt__globalroute__global_route__fastroute__route_z_s"", ""5_1_grt__globalroute__global_route__fastroute__route_l_s"", ""5_1_grt__globalroute__timing__drv__max_cap_limit"", ""5_1_grt__globalroute__dpl__hpwl__delta"", ""5_1_grt__globalroute__timing__hold__ws"", ""5_1_grt__globalroute__global_route__fastroute__spiral_s"", ""5_1_grt__globalroute__global_route__fastroute__new_route_l_s"", ""5_1_grt__globalroute__design__instance__area__stdcell"", ""5_1_grt__globalroute__global_route__fastroute__finalization_s"", ""5_1_grt__globalroute__global_route__vias"", ""5_1_grt__globalroute__design__nets"", ""5_2_route__detailedroute__route__net"", ""5_1_grt__globalroute__global_route__fastroute__monotonic_s"", ""5_1_grt__globalroute__global_route__fastroute__overflow_iterations_s"", ""5_1_grt__globalroute__design__instance__utilization"", ""5_1_grt__globalroute__design__instance__utilization__stdcell"", ""5_1_grt__globalroute__design__instance__displacement__total"", ""5_1_grt__globalroute__design__instance__count__setup_buffer"", ""5_1_grt__globalroute__design__instance__displacement__max"", ""5_1_grt__globalroute__flow__warnings__count"", ""5_1_grt__globalroute__design__instance__count"", ""5_1_grt__globalroute__design__instance__count__stdcell"", ""param:CTS_CLUSTER_SIZE"", ""5_2_route__detailedroute__route__wirelength"", ""5_1_grt__globalroute__flow__warnings__type_count"", ""5_1_grt__globalroute__design__instance__displacement__mean"", ""5_1_grt__globalroute__global_route__fastroute__initial_rsmt_s"", ""5_1_grt__globalroute__timing__drv__max_slew_limit"", ""5_1_grt__globalroute__timing__fmax"", ""5_1_grt__globalroute__global_route__wirelength"", ""5_1_grt__globalroute__power__leakage__total"", ""5_1_grt__globalroute__power__switching__total"", ""5_1_grt__globalroute__clock__skew__hold"", ""5_1_grt__globalroute__clock__skew__setup"", ""5_2_route__detailedroute__route__drc_errors__iter:2"", ""5_1_grt__globalroute__power__total"", ""5_1_grt__globalroute__timing__fmax__clock:core_clock"", ""5_1_grt__globalroute__route__wirelength__estimated"", ""5_1_grt__globalroute__timing__drv__setup_violation_count""]",46,-0.16823034555879204
routing,fmax,47,5_1_grt__globalroute__timing__setup__tns,0.9404903707858668,0.016018724741045477,14429937.066666665,21060275.076503064,"[""5_1_grt__globalroute__power__internal__total"", ""5_1_grt__globalroute__timing__setup__ws"", ""5_2_route__detailedroute__route__drc_errors__iter:0"", ""5_1_grt__globalroute__dpl__hpwl__delta__percent"", ""5_1_grt__globalroute__global_route__fastroute__congestion_rsmt_s"", ""5_1_grt__globalroute__route__net"", ""5_1_grt__globalroute__design__instance__area"", ""5_1_grt__globalroute__global_route__fastroute__route_z_s"", ""5_1_grt__globalroute__global_route__fastroute__route_l_s"", ""5_1_grt__globalroute__timing__drv__max_cap_limit"", ""5_1_grt__globalroute__dpl__hpwl__delta"", ""5_1_grt__globalroute__timing__hold__ws"", ""5_1_grt__globalroute__global_route__fastroute__spiral_s"", ""5_1_grt__globalroute__global_route__fastroute__new_route_l_s"", ""5_1_grt__globalroute__design__instance__area__stdcell"", ""5_1_grt__globalroute__global_route__fastroute__finalization_s"", ""5_1_grt__globalroute__global_route__vias"", ""5_1_grt__globalroute__design__nets"", ""5_2_route__detailedroute__route__net"", ""5_1_grt__globalroute__global_route__fastroute__monotonic_s"", ""5_1_grt__globalroute__global_route__fastroute__overflow_iterations_s"", ""5_1_grt__globalroute__design__instance__utilization"", ""5_1_grt__globalroute__design__instance__utilization__stdcell"", ""5_1_grt__globalroute__design__instance__displacement__total"", ""5_1_grt__globalroute__design__instance__count__setup_buffer"", ""5_1_grt__globalroute__design__instance__displacement__max"", ""5_1_grt__globalroute__flow__warnings__count"", ""5_1_grt__globalroute__design__instance__count"", ""5_1_grt__globalroute__design__instance__count__stdcell"", ""param:CTS_CLUSTER_SIZE"", ""5_2_route__detailedroute__route__wirelength"", ""5_1_grt__globalroute__flow__warnings__type_count"", ""5_1_grt__globalroute__design__instance__displacement__mean"", ""5_1_grt__globalroute__global_route__fastroute__initial_rsmt_s"", ""5_1_grt__globalroute__timing__drv__max_slew_limit"", ""5_1_grt__globalroute__timing__fmax"", ""5_1_grt__globalroute__global_route__wirelength"", ""5_1_grt__globalroute__power__leakage__total"", ""5_1_grt__globalroute__power__switching__total"", ""5_1_grt__globalroute__clock__skew__hold"", ""5_1_grt__globalroute__clock__skew__setup"", ""5_2_route__detailedroute__route__drc_errors__iter:2"", ""5_1_grt__globalroute__power__total"", ""5_1_grt__globalroute__timing__fmax__clock:core_clock"", ""5_1_grt__globalroute__route__wirelength__estimated"", ""5_1_grt__globalroute__timing__drv__setup_violation_count"", ""5_1_grt__globalroute__timing__setup__tns""]",47,-0.16823034555879204
routing,fmax,48,5_1_grt__globalroute__utilization__before__dpl,0.9673107441134352,0.015936296994119702,11196723.200000001,15532783.384185053,"[""5_1_grt__globalroute__power__internal__total"", ""5_1_grt__globalroute__timing__setup__ws"", ""5_2_route__detailedroute__route__drc_errors__iter:0"", ""5_1_grt__globalroute__dpl__hpwl__delta__percent"", ""5_1_grt__globalroute__global_route__fastroute__congestion_rsmt_s"", ""5_1_grt__globalroute__route__net"", ""5_1_grt__globalroute__design__instance__area"", ""5_1_grt__globalroute__global_route__fastroute__route_z_s"", ""5_1_grt__globalroute__global_route__fastroute__route_l_s"", ""5_1_grt__globalroute__timing__drv__max_cap_limit"", ""5_1_grt__globalroute__dpl__hpwl__delta"", ""5_1_grt__globalroute__timing__hold__ws"", ""5_1_grt__globalroute__global_route__fastroute__spiral_s"", ""5_1_grt__globalroute__global_route__fastroute__new_route_l_s"", ""5_1_grt__globalroute__design__instance__area__stdcell"", ""5_1_grt__globalroute__global_route__fastroute__finalization_s"", ""5_1_grt__globalroute__global_route__vias"", ""5_1_grt__globalroute__design__nets"", ""5_2_route__detailedroute__route__net"", ""5_1_grt__globalroute__global_route__fastroute__monotonic_s"", ""5_1_grt__globalroute__global_route__fastroute__overflow_iterations_s"", ""5_1_grt__globalroute__design__instance__utilization"", ""5_1_grt__globalroute__design__instance__utilization__stdcell"", ""5_1_grt__globalroute__design__instance__displacement__total"", ""5_1_grt__globalroute__design__instance__count__setup_buffer"", ""5_1_grt__globalroute__design__instance__displacement__max"", ""5_1_grt__globalroute__flow__warnings__count"", ""5_1_grt__globalroute__design__instance__count"", ""5_1_grt__globalroute__design__instance__count__stdcell"", ""param:CTS_CLUSTER_SIZE"", ""5_2_route__detailedroute__route__wirelength"", ""5_1_grt__globalroute__flow__warnings__type_count"", ""5_1_grt__globalroute__design__instance__displacement__mean"", ""5_1_grt__globalroute__global_route__fastroute__initial_rsmt_s"", ""5_1_grt__globalroute__timing__drv__max_slew_limit"", ""5_1_grt__globalroute__timing__fmax"", ""5_1_grt__globalroute__global_route__wirelength"", ""5_1_grt__globalroute__power__leakage__total"", ""5_1_grt__globalroute__power__switching__total"", ""5_1_grt__globalroute__clock__skew__hold"", ""5_1_grt__globalroute__clock__skew__setup"", ""5_2_route__detailedroute__route__drc_errors__iter:2"", ""5_1_grt__globalroute__power__total"", ""5_1_grt__globalroute__timing__fmax__clock:core_clock"", ""5_1_grt__globalroute__route__wirelength__estimated"", ""5_1_grt__globalroute__timing__drv__setup_violation_count"", ""5_1_grt__globalroute__timing__setup__tns"", ""5_1_grt__globalroute__utilization__before__dpl""]",48,-0.16823034555879204
routing,fmax,49,5_2_route__detailedroute__route__drc_errors__iter:1,0.9465832572310559,0.018401848687743742,13605821.866666667,19729822.506354194,"[""5_1_grt__globalroute__power__internal__total"", ""5_1_grt__globalroute__timing__setup__ws"", ""5_2_route__detailedroute__route__drc_errors__iter:0"", ""5_1_grt__globalroute__dpl__hpwl__delta__percent"", ""5_1_grt__globalroute__global_route__fastroute__congestion_rsmt_s"", ""5_1_grt__globalroute__route__net"", ""5_1_grt__globalroute__design__instance__area"", ""5_1_grt__globalroute__global_route__fastroute__route_z_s"", ""5_1_grt__globalroute__global_route__fastroute__route_l_s"", ""5_1_grt__globalroute__timing__drv__max_cap_limit"", ""5_1_grt__globalroute__dpl__hpwl__delta"", ""5_1_grt__globalroute__timing__hold__ws"", ""5_1_grt__globalroute__global_route__fastroute__spiral_s"", ""5_1_grt__globalroute__global_route__fastroute__new_route_l_s"", ""5_1_grt__globalroute__design__instance__area__stdcell"", ""5_1_grt__globalroute__global_route__fastroute__finalization_s"", ""5_1_grt__globalroute__global_route__vias"", ""5_1_grt__globalroute__design__nets"", ""5_2_route__detailedroute__route__net"", ""5_1_grt__globalroute__global_route__fastroute__monotonic_s"", ""5_1_grt__globalroute__global_route__fastroute__overflow_iterations_s"", ""5_1_grt__globalroute__design__instance__utilization"", ""5_1_grt__globalroute__design__instance__utilization__stdcell"", ""5_1_grt__globalroute__design__instance__displacement__total"", ""5_1_grt__globalroute__design__instance__count__setup_buffer"", ""5_1_grt__globalroute__design__instance__displacement__max"", ""5_1_grt__globalroute__flow__warnings__count"", ""5_1_grt__globalroute__design__instance__count"", ""5_1_grt__globalroute__design__instance__count__stdcell"", ""param:CTS_CLUSTER_SIZE"", ""5_2_route__detailedroute__route__wirelength"", ""5_1_grt__globalroute__flow__warnings__type_count"", ""5_1_grt__globalroute__design__instance__displacement__mean"", ""5_1_grt__globalroute__global_route__fastroute__initial_rsmt_s"", ""5_1_grt__globalroute__timing__drv__max_slew_limit"", ""5_1_grt__globalroute__timing__fmax"", ""5_1_grt__globalroute__global_route__wirelength"", ""5_1_grt__globalroute__power__leakage__total"", ""5_1_grt__globalroute__power__switching__total"", ""5_1_grt__globalroute__clock__skew__hold"", ""5_1_grt__globalroute__clock__skew__setup"", ""5_2_route__detailedroute__route__drc_errors__iter:2"", ""5_1_grt__globalroute__power__total"", ""5_1_grt__globalroute__timing__fmax__clock:core_clock"", ""5_1_grt__globalroute__route__wirelength__estimated"", ""5_1_grt__globalroute__timing__drv__setup_violation_count"", ""5_1_grt__globalroute__timing__setup__tns"", ""5_1_grt__globalroute__utilization__before__dpl"", ""5_2_route__detailedroute__route__drc_errors__iter:1""]",49,-0.16823034555879204
routing,fmax,50,5_2_route__detailedroute__route__vias,0.9564627326849373,0.016353810104600828,12438905.6,18071827.382823307,"[""5_1_grt__globalroute__power__internal__total"", ""5_1_grt__globalroute__timing__setup__ws"", ""5_2_route__detailedroute__route__drc_errors__iter:0"", ""5_1_grt__globalroute__dpl__hpwl__delta__percent"", ""5_1_grt__globalroute__global_route__fastroute__congestion_rsmt_s"", ""5_1_grt__globalroute__route__net"", ""5_1_grt__globalroute__design__instance__area"", ""5_1_grt__globalroute__global_route__fastroute__route_z_s"", ""5_1_grt__globalroute__global_route__fastroute__route_l_s"", ""5_1_grt__globalroute__timing__drv__max_cap_limit"", ""5_1_grt__globalroute__dpl__hpwl__delta"", ""5_1_grt__globalroute__timing__hold__ws"", ""5_1_grt__globalroute__global_route__fastroute__spiral_s"", ""5_1_grt__globalroute__global_route__fastroute__new_route_l_s"", ""5_1_grt__globalroute__design__instance__area__stdcell"", ""5_1_grt__globalroute__global_route__fastroute__finalization_s"", ""5_1_grt__globalroute__global_route__vias"", ""5_1_grt__globalroute__design__nets"", ""5_2_route__detailedroute__route__net"", ""5_1_grt__globalroute__global_route__fastroute__monotonic_s"", ""5_1_grt__globalroute__global_route__fastroute__overflow_iterations_s"", ""5_1_grt__globalroute__design__instance__utilization"", ""5_1_grt__globalroute__design__instance__utilization__stdcell"", ""5_1_grt__globalroute__design__instance__displacement__total"", ""5_1_grt__globalroute__design__instance__count__setup_buffer"", ""5_1_grt__globalroute__design__instance__displacement__max"", ""5_1_grt__globalroute__flow__warnings__count"", ""5_1_grt__globalroute__design__instance__count"", ""5_1_grt__globalroute__design__instance__count__stdcell"", ""param:CTS_CLUSTER_SIZE"", ""5_2_route__detailedroute__route__wirelength"", ""5_1_grt__globalroute__flow__warnings__type_count"", ""5_1_grt__globalroute__design__instance__displacement__mean"", ""5_1_grt__globalroute__global_route__fastroute__initial_rsmt_s"", ""5_1_grt__globalroute__timing__drv__max_slew_limit"", ""5_1_grt__globalroute__timing__fmax"", ""5_1_grt__globalroute__global_route__wirelength"", ""5_1_grt__globalroute__power__leakage__total"", ""5_1_grt__globalroute__power__switching__total"", ""5_1_grt__globalroute__clock__skew__hold"", ""5_1_grt__globalroute__clock__skew__setup"", ""5_2_route__detailedroute__route__drc_errors__iter:2"", ""5_1_grt__globalroute__power__total"", ""5_1_grt__globalroute__timing__fmax__clock:core_clock"", ""5_1_grt__globalroute__route__wirelength__estimated"", ""5_1_grt__globalroute__timing__drv__setup_violation_count"", ""5_1_grt__globalroute__timing__setup__tns"", ""5_1_grt__globalroute__utilization__before__dpl"", ""5_2_route__detailedroute__route__drc_errors__iter:1"", ""5_2_route__detailedroute__route__vias""]",50,-0.16823034555879204
routing,fmax,51,5_2_route__detailedroute__route__vias__singlecut,0.948556893425801,0.02241803005403598,13752881.066666668,19063577.569266457,"[""5_1_grt__globalroute__power__internal__total"", ""5_1_grt__globalroute__timing__setup__ws"", ""5_2_route__detailedroute__route__drc_errors__iter:0"", ""5_1_grt__globalroute__dpl__hpwl__delta__percent"", ""5_1_grt__globalroute__global_route__fastroute__congestion_rsmt_s"", ""5_1_grt__globalroute__route__net"", ""5_1_grt__globalroute__design__instance__area"", ""5_1_grt__globalroute__global_route__fastroute__route_z_s"", ""5_1_grt__globalroute__global_route__fastroute__route_l_s"", ""5_1_grt__globalroute__timing__drv__max_cap_limit"", ""5_1_grt__globalroute__dpl__hpwl__delta"", ""5_1_grt__globalroute__timing__hold__ws"", ""5_1_grt__globalroute__global_route__fastroute__spiral_s"", ""5_1_grt__globalroute__global_route__fastroute__new_route_l_s"", ""5_1_grt__globalroute__design__instance__area__stdcell"", ""5_1_grt__globalroute__global_route__fastroute__finalization_s"", ""5_1_grt__globalroute__global_route__vias"", ""5_1_grt__globalroute__design__nets"", ""5_2_route__detailedroute__route__net"", ""5_1_grt__globalroute__global_route__fastroute__monotonic_s"", ""5_1_grt__globalroute__global_route__fastroute__overflow_iterations_s"", ""5_1_grt__globalroute__design__instance__utilization"", ""5_1_grt__globalroute__design__instance__utilization__stdcell"", ""5_1_grt__globalroute__design__instance__displacement__total"", ""5_1_grt__globalroute__design__instance__count__setup_buffer"", ""5_1_grt__globalroute__design__instance__displacement__max"", ""5_1_grt__globalroute__flow__warnings__count"", ""5_1_grt__globalroute__design__instance__count"", ""5_1_grt__globalroute__design__instance__count__stdcell"", ""param:CTS_CLUSTER_SIZE"", ""5_2_route__detailedroute__route__wirelength"", ""5_1_grt__globalroute__flow__warnings__type_count"", ""5_1_grt__globalroute__design__instance__displacement__mean"", ""5_1_grt__globalroute__global_route__fastroute__initial_rsmt_s"", ""5_1_grt__globalroute__timing__drv__max_slew_limit"", ""5_1_grt__globalroute__timing__fmax"", ""5_1_grt__globalroute__global_route__wirelength"", ""5_1_grt__globalroute__power__leakage__total"", ""5_1_grt__globalroute__power__switching__total"", ""5_1_grt__globalroute__clock__skew__hold"", ""5_1_grt__globalroute__clock__skew__setup"", ""5_2_route__detailedroute__route__drc_errors__iter:2"", ""5_1_grt__globalroute__power__total"", ""5_1_grt__globalroute__timing__fmax__clock:core_clock"", ""5_1_grt__globalroute__route__wirelength__estimated"", ""5_1_grt__globalroute__timing__drv__setup_violation_count"", ""5_1_grt__globalroute__timing__setup__tns"", ""5_1_grt__globalroute__utilization__before__dpl"", ""5_2_route__detailedroute__route__drc_errors__iter:1"", ""5_2_route__detailedroute__route__vias"", ""5_2_route__detailedroute__route__vias__singlecut""]",51,-0.16823034555879204
routing,fmax,52,5_2_route__detailedroute__route__wirelength__iter:0,0.9535709637376409,0.014337399363002504,12884567.466666667,18709959.92936484,"[""5_1_grt__globalroute__power__internal__total"", ""5_1_grt__globalroute__timing__setup__ws"", ""5_2_route__detailedroute__route__drc_errors__iter:0"", ""5_1_grt__globalroute__dpl__hpwl__delta__percent"", ""5_1_grt__globalroute__global_route__fastroute__congestion_rsmt_s"", ""5_1_grt__globalroute__route__net"", ""5_1_grt__globalroute__design__instance__area"", ""5_1_grt__globalroute__global_route__fastroute__route_z_s"", ""5_1_grt__globalroute__global_route__fastroute__route_l_s"", ""5_1_grt__globalroute__timing__drv__max_cap_limit"", ""5_1_grt__globalroute__dpl__hpwl__delta"", ""5_1_grt__globalroute__timing__hold__ws"", ""5_1_grt__globalroute__global_route__fastroute__spiral_s"", ""5_1_grt__globalroute__global_route__fastroute__new_route_l_s"", ""5_1_grt__globalroute__design__instance__area__stdcell"", ""5_1_grt__globalroute__global_route__fastroute__finalization_s"", ""5_1_grt__globalroute__global_route__vias"", ""5_1_grt__globalroute__design__nets"", ""5_2_route__detailedroute__route__net"", ""5_1_grt__globalroute__global_route__fastroute__monotonic_s"", ""5_1_grt__globalroute__global_route__fastroute__overflow_iterations_s"", ""5_1_grt__globalroute__design__instance__utilization"", ""5_1_grt__globalroute__design__instance__utilization__stdcell"", ""5_1_grt__globalroute__design__instance__displacement__total"", ""5_1_grt__globalroute__design__instance__count__setup_buffer"", ""5_1_grt__globalroute__design__instance__displacement__max"", ""5_1_grt__globalroute__flow__warnings__count"", ""5_1_grt__globalroute__design__instance__count"", ""5_1_grt__globalroute__design__instance__count__stdcell"", ""param:CTS_CLUSTER_SIZE"", ""5_2_route__detailedroute__route__wirelength"", ""5_1_grt__globalroute__flow__warnings__type_count"", ""5_1_grt__globalroute__design__instance__displacement__mean"", ""5_1_grt__globalroute__global_route__fastroute__initial_rsmt_s"", ""5_1_grt__globalroute__timing__drv__max_slew_limit"", ""5_1_grt__globalroute__timing__fmax"", ""5_1_grt__globalroute__global_route__wirelength"", ""5_1_grt__globalroute__power__leakage__total"", ""5_1_grt__globalroute__power__switching__total"", ""5_1_grt__globalroute__clock__skew__hold"", ""5_1_grt__globalroute__clock__skew__setup"", ""5_2_route__detailedroute__route__drc_errors__iter:2"", ""5_1_grt__globalroute__power__total"", ""5_1_grt__globalroute__timing__fmax__clock:core_clock"", ""5_1_grt__globalroute__route__wirelength__estimated"", ""5_1_grt__globalroute__timing__drv__setup_violation_count"", ""5_1_grt__globalroute__timing__setup__tns"", ""5_1_grt__globalroute__utilization__before__dpl"", ""5_2_route__detailedroute__route__drc_errors__iter:1"", ""5_2_route__detailedroute__route__vias"", ""5_2_route__detailedroute__route__vias__singlecut"", ""5_2_route__detailedroute__route__wirelength__iter:0""]",52,-0.16823034555879204
routing,fmax,53,5_2_route__detailedroute__route__wirelength__iter:1,0.9585263638089084,0.014497596547633815,12557482.666666666,17567213.800126407,"[""5_1_grt__globalroute__power__internal__total"", ""5_1_grt__globalroute__timing__setup__ws"", ""5_2_route__detailedroute__route__drc_errors__iter:0"", ""5_1_grt__globalroute__dpl__hpwl__delta__percent"", ""5_1_grt__globalroute__global_route__fastroute__congestion_rsmt_s"", ""5_1_grt__globalroute__route__net"", ""5_1_grt__globalroute__design__instance__area"", ""5_1_grt__globalroute__global_route__fastroute__route_z_s"", ""5_1_grt__globalroute__global_route__fastroute__route_l_s"", ""5_1_grt__globalroute__timing__drv__max_cap_limit"", ""5_1_grt__globalroute__dpl__hpwl__delta"", ""5_1_grt__globalroute__timing__hold__ws"", ""5_1_grt__globalroute__global_route__fastroute__spiral_s"", ""5_1_grt__globalroute__global_route__fastroute__new_route_l_s"", ""5_1_grt__globalroute__design__instance__area__stdcell"", ""5_1_grt__globalroute__global_route__fastroute__finalization_s"", ""5_1_grt__globalroute__global_route__vias"", ""5_1_grt__globalroute__design__nets"", ""5_2_route__detailedroute__route__net"", ""5_1_grt__globalroute__global_route__fastroute__monotonic_s"", ""5_1_grt__globalroute__global_route__fastroute__overflow_iterations_s"", ""5_1_grt__globalroute__design__instance__utilization"", ""5_1_grt__globalroute__design__instance__utilization__stdcell"", ""5_1_grt__globalroute__design__instance__displacement__total"", ""5_1_grt__globalroute__design__instance__count__setup_buffer"", ""5_1_grt__globalroute__design__instance__displacement__max"", ""5_1_grt__globalroute__flow__warnings__count"", ""5_1_grt__globalroute__design__instance__count"", ""5_1_grt__globalroute__design__instance__count__stdcell"", ""param:CTS_CLUSTER_SIZE"", ""5_2_route__detailedroute__route__wirelength"", ""5_1_grt__globalroute__flow__warnings__type_count"", ""5_1_grt__globalroute__design__instance__displacement__mean"", ""5_1_grt__globalroute__global_route__fastroute__initial_rsmt_s"", ""5_1_grt__globalroute__timing__drv__max_slew_limit"", ""5_1_grt__globalroute__timing__fmax"", ""5_1_grt__globalroute__global_route__wirelength"", ""5_1_grt__globalroute__power__leakage__total"", ""5_1_grt__globalroute__power__switching__total"", ""5_1_grt__globalroute__clock__skew__hold"", ""5_1_grt__globalroute__clock__skew__setup"", ""5_2_route__detailedroute__route__drc_errors__iter:2"", ""5_1_grt__globalroute__power__total"", ""5_1_grt__globalroute__timing__fmax__clock:core_clock"", ""5_1_grt__globalroute__route__wirelength__estimated"", ""5_1_grt__globalroute__timing__drv__setup_violation_count"", ""5_1_grt__globalroute__timing__setup__tns"", ""5_1_grt__globalroute__utilization__before__dpl"", ""5_2_route__detailedroute__route__drc_errors__iter:1"", ""5_2_route__detailedroute__route__vias"", ""5_2_route__detailedroute__route__vias__singlecut"", ""5_2_route__detailedroute__route__wirelength__iter:0"", ""5_2_route__detailedroute__route__wirelength__iter:1""]",53,-0.16823034555879204
routing,fmax,54,5_2_route__detailedroute__route__wirelength__iter:2,0.9607494245566347,0.015397878938089459,12133480.533333331,17331583.90374832,"[""5_1_grt__globalroute__power__internal__total"", ""5_1_grt__globalroute__timing__setup__ws"", ""5_2_route__detailedroute__route__drc_errors__iter:0"", ""5_1_grt__globalroute__dpl__hpwl__delta__percent"", ""5_1_grt__globalroute__global_route__fastroute__congestion_rsmt_s"", ""5_1_grt__globalroute__route__net"", ""5_1_grt__globalroute__design__instance__area"", ""5_1_grt__globalroute__global_route__fastroute__route_z_s"", ""5_1_grt__globalroute__global_route__fastroute__route_l_s"", ""5_1_grt__globalroute__timing__drv__max_cap_limit"", ""5_1_grt__globalroute__dpl__hpwl__delta"", ""5_1_grt__globalroute__timing__hold__ws"", ""5_1_grt__globalroute__global_route__fastroute__spiral_s"", ""5_1_grt__globalroute__global_route__fastroute__new_route_l_s"", ""5_1_grt__globalroute__design__instance__area__stdcell"", ""5_1_grt__globalroute__global_route__fastroute__finalization_s"", ""5_1_grt__globalroute__global_route__vias"", ""5_1_grt__globalroute__design__nets"", ""5_2_route__detailedroute__route__net"", ""5_1_grt__globalroute__global_route__fastroute__monotonic_s"", ""5_1_grt__globalroute__global_route__fastroute__overflow_iterations_s"", ""5_1_grt__globalroute__design__instance__utilization"", ""5_1_grt__globalroute__design__instance__utilization__stdcell"", ""5_1_grt__globalroute__design__instance__displacement__total"", ""5_1_grt__globalroute__design__instance__count__setup_buffer"", ""5_1_grt__globalroute__design__instance__displacement__max"", ""5_1_grt__globalroute__flow__warnings__count"", ""5_1_grt__globalroute__design__instance__count"", ""5_1_grt__globalroute__design__instance__count__stdcell"", ""param:CTS_CLUSTER_SIZE"", ""5_2_route__detailedroute__route__wirelength"", ""5_1_grt__globalroute__flow__warnings__type_count"", ""5_1_grt__globalroute__design__instance__displacement__mean"", ""5_1_grt__globalroute__global_route__fastroute__initial_rsmt_s"", ""5_1_grt__globalroute__timing__drv__max_slew_limit"", ""5_1_grt__globalroute__timing__fmax"", ""5_1_grt__globalroute__global_route__wirelength"", ""5_1_grt__globalroute__power__leakage__total"", ""5_1_grt__globalroute__power__switching__total"", ""5_1_grt__globalroute__clock__skew__hold"", ""5_1_grt__globalroute__clock__skew__setup"", ""5_2_route__detailedroute__route__drc_errors__iter:2"", ""5_1_grt__globalroute__power__total"", ""5_1_grt__globalroute__timing__fmax__clock:core_clock"", ""5_1_grt__globalroute__route__wirelength__estimated"", ""5_1_grt__globalroute__timing__drv__setup_violation_count"", ""5_1_grt__globalroute__timing__setup__tns"", ""5_1_grt__globalroute__utilization__before__dpl"", ""5_2_route__detailedroute__route__drc_errors__iter:1"", ""5_2_route__detailedroute__route__vias"", ""5_2_route__detailedroute__route__vias__singlecut"", ""5_2_route__detailedroute__route__wirelength__iter:0"", ""5_2_route__detailedroute__route__wirelength__iter:1"", ""5_2_route__detailedroute__route__wirelength__iter:2""]",54,-0.16823034555879204
routing,fmax,55,5_2_route__detailedroute__route__wirelength__iter:3,0.9481415502471445,0.012793331336018364,13642976.0,19819241.656965215,"[""5_1_grt__globalroute__power__internal__total"", ""5_1_grt__globalroute__timing__setup__ws"", ""5_2_route__detailedroute__route__drc_errors__iter:0"", ""5_1_grt__globalroute__dpl__hpwl__delta__percent"", ""5_1_grt__globalroute__global_route__fastroute__congestion_rsmt_s"", ""5_1_grt__globalroute__route__net"", ""5_1_grt__globalroute__design__instance__area"", ""5_1_grt__globalroute__global_route__fastroute__route_z_s"", ""5_1_grt__globalroute__global_route__fastroute__route_l_s"", ""5_1_grt__globalroute__timing__drv__max_cap_limit"", ""5_1_grt__globalroute__dpl__hpwl__delta"", ""5_1_grt__globalroute__timing__hold__ws"", ""5_1_grt__globalroute__global_route__fastroute__spiral_s"", ""5_1_grt__globalroute__global_route__fastroute__new_route_l_s"", ""5_1_grt__globalroute__design__instance__area__stdcell"", ""5_1_grt__globalroute__global_route__fastroute__finalization_s"", ""5_1_grt__globalroute__global_route__vias"", ""5_1_grt__globalroute__design__nets"", ""5_2_route__detailedroute__route__net"", ""5_1_grt__globalroute__global_route__fastroute__monotonic_s"", ""5_1_grt__globalroute__global_route__fastroute__overflow_iterations_s"", ""5_1_grt__globalroute__design__instance__utilization"", ""5_1_grt__globalroute__design__instance__utilization__stdcell"", ""5_1_grt__globalroute__design__instance__displacement__total"", ""5_1_grt__globalroute__design__instance__count__setup_buffer"", ""5_1_grt__globalroute__design__instance__displacement__max"", ""5_1_grt__globalroute__flow__warnings__count"", ""5_1_grt__globalroute__design__instance__count"", ""5_1_grt__globalroute__design__instance__count__stdcell"", ""param:CTS_CLUSTER_SIZE"", ""5_2_route__detailedroute__route__wirelength"", ""5_1_grt__globalroute__flow__warnings__type_count"", ""5_1_grt__globalroute__design__instance__displacement__mean"", ""5_1_grt__globalroute__global_route__fastroute__initial_rsmt_s"", ""5_1_grt__globalroute__timing__drv__max_slew_limit"", ""5_1_grt__globalroute__timing__fmax"", ""5_1_grt__globalroute__global_route__wirelength"", ""5_1_grt__globalroute__power__leakage__total"", ""5_1_grt__globalroute__power__switching__total"", ""5_1_grt__globalroute__clock__skew__hold"", ""5_1_grt__globalroute__clock__skew__setup"", ""5_2_route__detailedroute__route__drc_errors__iter:2"", ""5_1_grt__globalroute__power__total"", ""5_1_grt__globalroute__timing__fmax__clock:core_clock"", ""5_1_grt__globalroute__route__wirelength__estimated"", ""5_1_grt__globalroute__timing__drv__setup_violation_count"", ""5_1_grt__globalroute__timing__setup__tns"", ""5_1_grt__globalroute__utilization__before__dpl"", ""5_2_route__detailedroute__route__drc_errors__iter:1"", ""5_2_route__detailedroute__route__vias"", ""5_2_route__detailedroute__route__vias__singlecut"", ""5_2_route__detailedroute__route__wirelength__iter:0"", ""5_2_route__detailedroute__route__wirelength__iter:1"", ""5_2_route__detailedroute__route__wirelength__iter:2"", ""5_2_route__detailedroute__route__wirelength__iter:3""]",55,-0.16823034555879204
routing,fmax,56,param:CLK_PERIOD,0.9636531441409043,0.017699103500856336,11662387.199999997,16543841.900676763,"[""5_1_grt__globalroute__power__internal__total"", ""5_1_grt__globalroute__timing__setup__ws"", ""5_2_route__detailedroute__route__drc_errors__iter:0"", ""5_1_grt__globalroute__dpl__hpwl__delta__percent"", ""5_1_grt__globalroute__global_route__fastroute__congestion_rsmt_s"", ""5_1_grt__globalroute__route__net"", ""5_1_grt__globalroute__design__instance__area"", ""5_1_grt__globalroute__global_route__fastroute__route_z_s"", ""5_1_grt__globalroute__global_route__fastroute__route_l_s"", ""5_1_grt__globalroute__timing__drv__max_cap_limit"", ""5_1_grt__globalroute__dpl__hpwl__delta"", ""5_1_grt__globalroute__timing__hold__ws"", ""5_1_grt__globalroute__global_route__fastroute__spiral_s"", ""5_1_grt__globalroute__global_route__fastroute__new_route_l_s"", ""5_1_grt__globalroute__design__instance__area__stdcell"", ""5_1_grt__globalroute__global_route__fastroute__finalization_s"", ""5_1_grt__globalroute__global_route__vias"", ""5_1_grt__globalroute__design__nets"", ""5_2_route__detailedroute__route__net"", ""5_1_grt__globalroute__global_route__fastroute__monotonic_s"", ""5_1_grt__globalroute__global_route__fastroute__overflow_iterations_s"", ""5_1_grt__globalroute__design__instance__utilization"", ""5_1_grt__globalroute__design__instance__utilization__stdcell"", ""5_1_grt__globalroute__design__instance__displacement__total"", ""5_1_grt__globalroute__design__instance__count__setup_buffer"", ""5_1_grt__globalroute__design__instance__displacement__max"", ""5_1_grt__globalroute__flow__warnings__count"", ""5_1_grt__globalroute__design__instance__count"", ""5_1_grt__globalroute__design__instance__count__stdcell"", ""param:CTS_CLUSTER_SIZE"", ""5_2_route__detailedroute__route__wirelength"", ""5_1_grt__globalroute__flow__warnings__type_count"", ""5_1_grt__globalroute__design__instance__displacement__mean"", ""5_1_grt__globalroute__global_route__fastroute__initial_rsmt_s"", ""5_1_grt__globalroute__timing__drv__max_slew_limit"", ""5_1_grt__globalroute__timing__fmax"", ""5_1_grt__globalroute__global_route__wirelength"", ""5_1_grt__globalroute__power__leakage__total"", ""5_1_grt__globalroute__power__switching__total"", ""5_1_grt__globalroute__clock__skew__hold"", ""5_1_grt__globalroute__clock__skew__setup"", ""5_2_route__detailedroute__route__drc_errors__iter:2"", ""5_1_grt__globalroute__power__total"", ""5_1_grt__globalroute__timing__fmax__clock:core_clock"", ""5_1_grt__globalroute__route__wirelength__estimated"", ""5_1_grt__globalroute__timing__drv__setup_violation_count"", ""5_1_grt__globalroute__timing__setup__tns"", ""5_1_grt__globalroute__utilization__before__dpl"", ""5_2_route__detailedroute__route__drc_errors__iter:1"", ""5_2_route__detailedroute__route__vias"", ""5_2_route__detailedroute__route__vias__singlecut"", ""5_2_route__detailedroute__route__wirelength__iter:0"", ""5_2_route__detailedroute__route__wirelength__iter:1"", ""5_2_route__detailedroute__route__wirelength__iter:2"", ""5_2_route__detailedroute__route__wirelength__iter:3"", ""param:CLK_PERIOD""]",56,-0.16823034555879204
routing,fmax,57,param:PLACE_DENSITY_LB_ADDON,0.9327923428746331,0.013248786774017715,14863490.133333333,22549327.97592396,"[""5_1_grt__globalroute__power__internal__total"", ""5_1_grt__globalroute__timing__setup__ws"", ""5_2_route__detailedroute__route__drc_errors__iter:0"", ""5_1_grt__globalroute__dpl__hpwl__delta__percent"", ""5_1_grt__globalroute__global_route__fastroute__congestion_rsmt_s"", ""5_1_grt__globalroute__route__net"", ""5_1_grt__globalroute__design__instance__area"", ""5_1_grt__globalroute__global_route__fastroute__route_z_s"", ""5_1_grt__globalroute__global_route__fastroute__route_l_s"", ""5_1_grt__globalroute__timing__drv__max_cap_limit"", ""5_1_grt__globalroute__dpl__hpwl__delta"", ""5_1_grt__globalroute__timing__hold__ws"", ""5_1_grt__globalroute__global_route__fastroute__spiral_s"", ""5_1_grt__globalroute__global_route__fastroute__new_route_l_s"", ""5_1_grt__globalroute__design__instance__area__stdcell"", ""5_1_grt__globalroute__global_route__fastroute__finalization_s"", ""5_1_grt__globalroute__global_route__vias"", ""5_1_grt__globalroute__design__nets"", ""5_2_route__detailedroute__route__net"", ""5_1_grt__globalroute__global_route__fastroute__monotonic_s"", ""5_1_grt__globalroute__global_route__fastroute__overflow_iterations_s"", ""5_1_grt__globalroute__design__instance__utilization"", ""5_1_grt__globalroute__design__instance__utilization__stdcell"", ""5_1_grt__globalroute__design__instance__displacement__total"", ""5_1_grt__globalroute__design__instance__count__setup_buffer"", ""5_1_grt__globalroute__design__instance__displacement__max"", ""5_1_grt__globalroute__flow__warnings__count"", ""5_1_grt__globalroute__design__instance__count"", ""5_1_grt__globalroute__design__instance__count__stdcell"", ""param:CTS_CLUSTER_SIZE"", ""5_2_route__detailedroute__route__wirelength"", ""5_1_grt__globalroute__flow__warnings__type_count"", ""5_1_grt__globalroute__design__instance__displacement__mean"", ""5_1_grt__globalroute__global_route__fastroute__initial_rsmt_s"", ""5_1_grt__globalroute__timing__drv__max_slew_limit"", ""5_1_grt__globalroute__timing__fmax"", ""5_1_grt__globalroute__global_route__wirelength"", ""5_1_grt__globalroute__power__leakage__total"", ""5_1_grt__globalroute__power__switching__total"", ""5_1_grt__globalroute__clock__skew__hold"", ""5_1_grt__globalroute__clock__skew__setup"", ""5_2_route__detailedroute__route__drc_errors__iter:2"", ""5_1_grt__globalroute__power__total"", ""5_1_grt__globalroute__timing__fmax__clock:core_clock"", ""5_1_grt__globalroute__route__wirelength__estimated"", ""5_1_grt__globalroute__timing__drv__setup_violation_count"", ""5_1_grt__globalroute__timing__setup__tns"", ""5_1_grt__globalroute__utilization__before__dpl"", ""5_2_route__detailedroute__route__drc_errors__iter:1"", ""5_2_route__detailedroute__route__vias"", ""5_2_route__detailedroute__route__vias__singlecut"", ""5_2_route__detailedroute__route__wirelength__iter:0"", ""5_2_route__detailedroute__route__wirelength__iter:1"", ""5_2_route__detailedroute__route__wirelength__iter:2"", ""5_2_route__detailedroute__route__wirelength__iter:3"", ""param:CLK_PERIOD"", ""param:PLACE_DENSITY_LB_ADDON""]",57,-0.16823034555879204
routing,fmax,58,param:CORE_UTILIZATION,0.9473556351208963,0.02039466268238473,14808339.200000001,19526728.097242434,"[""5_1_grt__globalroute__power__internal__total"", ""5_1_grt__globalroute__timing__setup__ws"", ""5_2_route__detailedroute__route__drc_errors__iter:0"", ""5_1_grt__globalroute__dpl__hpwl__delta__percent"", ""5_1_grt__globalroute__global_route__fastroute__congestion_rsmt_s"", ""5_1_grt__globalroute__route__net"", ""5_1_grt__globalroute__design__instance__area"", ""5_1_grt__globalroute__global_route__fastroute__route_z_s"", ""5_1_grt__globalroute__global_route__fastroute__route_l_s"", ""5_1_grt__globalroute__timing__drv__max_cap_limit"", ""5_1_grt__globalroute__dpl__hpwl__delta"", ""5_1_grt__globalroute__timing__hold__ws"", ""5_1_grt__globalroute__global_route__fastroute__spiral_s"", ""5_1_grt__globalroute__global_route__fastroute__new_route_l_s"", ""5_1_grt__globalroute__design__instance__area__stdcell"", ""5_1_grt__globalroute__global_route__fastroute__finalization_s"", ""5_1_grt__globalroute__global_route__vias"", ""5_1_grt__globalroute__design__nets"", ""5_2_route__detailedroute__route__net"", ""5_1_grt__globalroute__global_route__fastroute__monotonic_s"", ""5_1_grt__globalroute__global_route__fastroute__overflow_iterations_s"", ""5_1_grt__globalroute__design__instance__utilization"", ""5_1_grt__globalroute__design__instance__utilization__stdcell"", ""5_1_grt__globalroute__design__instance__displacement__total"", ""5_1_grt__globalroute__design__instance__count__setup_buffer"", ""5_1_grt__globalroute__design__instance__displacement__max"", ""5_1_grt__globalroute__flow__warnings__count"", ""5_1_grt__globalroute__design__instance__count"", ""5_1_grt__globalroute__design__instance__count__stdcell"", ""param:CTS_CLUSTER_SIZE"", ""5_2_route__detailedroute__route__wirelength"", ""5_1_grt__globalroute__flow__warnings__type_count"", ""5_1_grt__globalroute__design__instance__displacement__mean"", ""5_1_grt__globalroute__global_route__fastroute__initial_rsmt_s"", ""5_1_grt__globalroute__timing__drv__max_slew_limit"", ""5_1_grt__globalroute__timing__fmax"", ""5_1_grt__globalroute__global_route__wirelength"", ""5_1_grt__globalroute__power__leakage__total"", ""5_1_grt__globalroute__power__switching__total"", ""5_1_grt__globalroute__clock__skew__hold"", ""5_1_grt__globalroute__clock__skew__setup"", ""5_2_route__detailedroute__route__drc_errors__iter:2"", ""5_1_grt__globalroute__power__total"", ""5_1_grt__globalroute__timing__fmax__clock:core_clock"", ""5_1_grt__globalroute__route__wirelength__estimated"", ""5_1_grt__globalroute__timing__drv__setup_violation_count"", ""5_1_grt__globalroute__timing__setup__tns"", ""5_1_grt__globalroute__utilization__before__dpl"", ""5_2_route__detailedroute__route__drc_errors__iter:1"", ""5_2_route__detailedroute__route__vias"", ""5_2_route__detailedroute__route__vias__singlecut"", ""5_2_route__detailedroute__route__wirelength__iter:0"", ""5_2_route__detailedroute__route__wirelength__iter:1"", ""5_2_route__detailedroute__route__wirelength__iter:2"", ""5_2_route__detailedroute__route__wirelength__iter:3"", ""param:CLK_PERIOD"", ""param:PLACE_DENSITY_LB_ADDON"", ""param:CORE_UTILIZATION""]",58,-0.16823034555879204
