stage,target,iteration,feature_added,validation_R2,validation_R2_std,validation_MAE,validation_RMSE,selected_features,number_of_features,baseline_R2
placement,area,0,,-0.07145488996539662,0.020805719248858094,,,[],0,-0.07145488996539662
placement,area,1,3_3_place_gp__globalplace__timing__setup__tns,0.988212494545154,0.008014127943538561,7.956146028645844,13.1620105549661,"[""3_3_place_gp__globalplace__timing__setup__tns""]",1,-0.07145488996539662
placement,area,2,3_3_place_gp__globalplace__gpl__area__original,0.9910254589342414,0.006734051558610744,8.087359407552094,11.423906838127776,"[""3_3_place_gp__globalplace__timing__setup__tns"", ""3_3_place_gp__globalplace__gpl__area__original""]",2,-0.07145488996539662
placement,area,3,3_5_place_dp__detailedplace__dpl__hpwl__delta,0.9950306916335951,0.0032027588684100175,5.123059635416666,8.84696801498754,"[""3_3_place_gp__globalplace__timing__setup__tns"", ""3_3_place_gp__globalplace__gpl__area__original"", ""3_5_place_dp__detailedplace__dpl__hpwl__delta""]",3,-0.07145488996539662
placement,area,4,3_5_place_dp__detailedplace__dpl__hpwl__delta__percent,0.9952801594152939,0.0040133146545212085,5.334315917968752,8.29559169927594,"[""3_3_place_gp__globalplace__timing__setup__tns"", ""3_3_place_gp__globalplace__gpl__area__original"", ""3_5_place_dp__detailedplace__dpl__hpwl__delta"", ""3_5_place_dp__detailedplace__dpl__hpwl__delta__percent""]",4,-0.07145488996539662
placement,area,5,3_3_place_gp__globalplace__gpl__convergence__iteration,0.9962063323977598,0.002187724365317427,4.846750813802085,7.811523463805379,"[""3_3_place_gp__globalplace__timing__setup__tns"", ""3_3_place_gp__globalplace__gpl__area__original"", ""3_5_place_dp__detailedplace__dpl__hpwl__delta"", ""3_5_place_dp__detailedplace__dpl__hpwl__delta__percent"", ""3_3_place_gp__globalplace__gpl__convergence__iteration""]",5,-0.07145488996539662
placement,area,6,3_3_place_gp__globalplace__power__leakage__total,0.996147488787333,0.002376260249210023,4.8274203450520865,7.801291912908181,"[""3_3_place_gp__globalplace__timing__setup__tns"", ""3_3_place_gp__globalplace__gpl__area__original"", ""3_5_place_dp__detailedplace__dpl__hpwl__delta"", ""3_5_place_dp__detailedplace__dpl__hpwl__delta__percent"", ""3_3_place_gp__globalplace__gpl__convergence__iteration"", ""3_3_place_gp__globalplace__power__leakage__total""]",6,-0.07145488996539662
placement,area,7,3_3_place_gp__globalplace__gpl__routability__congestion,0.9977164840205818,0.0026422962380808707,3.48133837890626,5.110769183884124,"[""3_3_place_gp__globalplace__timing__setup__tns"", ""3_3_place_gp__globalplace__gpl__area__original"", ""3_5_place_dp__detailedplace__dpl__hpwl__delta"", ""3_5_place_dp__detailedplace__dpl__hpwl__delta__percent"", ""3_3_place_gp__globalplace__gpl__convergence__iteration"", ""3_3_place_gp__globalplace__power__leakage__total"", ""3_3_place_gp__globalplace__gpl__routability__congestion""]",7,-0.07145488996539662
placement,area,8,3_5_place_dp__detailedplace__timing__drv__max_cap_limit,0.9968743691744107,0.002359843648916178,4.46399218750001,6.9075375938867305,"[""3_3_place_gp__globalplace__timing__setup__tns"", ""3_3_place_gp__globalplace__gpl__area__original"", ""3_5_place_dp__detailedplace__dpl__hpwl__delta"", ""3_5_place_dp__detailedplace__dpl__hpwl__delta__percent"", ""3_3_place_gp__globalplace__gpl__convergence__iteration"", ""3_3_place_gp__globalplace__power__leakage__total"", ""3_3_place_gp__globalplace__gpl__routability__congestion"", ""3_5_place_dp__detailedplace__timing__drv__max_cap_limit""]",8,-0.07145488996539662
placement,area,9,3_5_place_dp__detailedplace__design__instance__displacement__max,0.997310195041723,0.001914436861394305,4.224787272135427,6.527037961922847,"[""3_3_place_gp__globalplace__timing__setup__tns"", ""3_3_place_gp__globalplace__gpl__area__original"", ""3_5_place_dp__detailedplace__dpl__hpwl__delta"", ""3_5_place_dp__detailedplace__dpl__hpwl__delta__percent"", ""3_3_place_gp__globalplace__gpl__convergence__iteration"", ""3_3_place_gp__globalplace__power__leakage__total"", ""3_3_place_gp__globalplace__gpl__routability__congestion"", ""3_5_place_dp__detailedplace__timing__drv__max_cap_limit"", ""3_5_place_dp__detailedplace__design__instance__displacement__max""]",9,-0.07145488996539662
placement,area,10,3_3_place_gp__globalplace__design__instance__area,0.997642492834358,0.0016450612070129046,4.184674967447926,6.114771698610799,"[""3_3_place_gp__globalplace__timing__setup__tns"", ""3_3_place_gp__globalplace__gpl__area__original"", ""3_5_place_dp__detailedplace__dpl__hpwl__delta"", ""3_5_place_dp__detailedplace__dpl__hpwl__delta__percent"", ""3_3_place_gp__globalplace__gpl__convergence__iteration"", ""3_3_place_gp__globalplace__power__leakage__total"", ""3_3_place_gp__globalplace__gpl__routability__congestion"", ""3_5_place_dp__detailedplace__timing__drv__max_cap_limit"", ""3_5_place_dp__detailedplace__design__instance__displacement__max"", ""3_3_place_gp__globalplace__design__instance__area""]",10,-0.07145488996539662
placement,area,11,3_3_place_gp__globalplace__gpl__area__final__percent,0.99687380017702,0.0022174378204552034,4.2532052408854275,6.9827162636544,"[""3_3_place_gp__globalplace__timing__setup__tns"", ""3_3_place_gp__globalplace__gpl__area__original"", ""3_5_place_dp__detailedplace__dpl__hpwl__delta"", ""3_5_place_dp__detailedplace__dpl__hpwl__delta__percent"", ""3_3_place_gp__globalplace__gpl__convergence__iteration"", ""3_3_place_gp__globalplace__power__leakage__total"", ""3_3_place_gp__globalplace__gpl__routability__congestion"", ""3_5_place_dp__detailedplace__timing__drv__max_cap_limit"", ""3_5_place_dp__detailedplace__design__instance__displacement__max"", ""3_3_place_gp__globalplace__design__instance__area"", ""3_3_place_gp__globalplace__gpl__area__final__percent""]",11,-0.07145488996539662
placement,area,12,3_4_place_resized__placeopt__power__leakage__total,0.9974115580719317,0.0017740376196732413,4.12278125000001,6.4154816147548575,"[""3_3_place_gp__globalplace__timing__setup__tns"", ""3_3_place_gp__globalplace__gpl__area__original"", ""3_5_place_dp__detailedplace__dpl__hpwl__delta"", ""3_5_place_dp__detailedplace__dpl__hpwl__delta__percent"", ""3_3_place_gp__globalplace__gpl__convergence__iteration"", ""3_3_place_gp__globalplace__power__leakage__total"", ""3_3_place_gp__globalplace__gpl__routability__congestion"", ""3_5_place_dp__detailedplace__timing__drv__max_cap_limit"", ""3_5_place_dp__detailedplace__design__instance__displacement__max"", ""3_3_place_gp__globalplace__design__instance__area"", ""3_3_place_gp__globalplace__gpl__area__final__percent"", ""3_4_place_resized__placeopt__power__leakage__total""]",12,-0.07145488996539662
placement,area,13,3_5_place_dp__detailedplace__timing__hold__ws,0.9974903513055159,0.0016701397400860395,4.146479166666677,6.2967014643942045,"[""3_3_place_gp__globalplace__timing__setup__tns"", ""3_3_place_gp__globalplace__gpl__area__original"", ""3_5_place_dp__detailedplace__dpl__hpwl__delta"", ""3_5_place_dp__detailedplace__dpl__hpwl__delta__percent"", ""3_3_place_gp__globalplace__gpl__convergence__iteration"", ""3_3_place_gp__globalplace__power__leakage__total"", ""3_3_place_gp__globalplace__gpl__routability__congestion"", ""3_5_place_dp__detailedplace__timing__drv__max_cap_limit"", ""3_5_place_dp__detailedplace__design__instance__displacement__max"", ""3_3_place_gp__globalplace__design__instance__area"", ""3_3_place_gp__globalplace__gpl__area__final__percent"", ""3_4_place_resized__placeopt__power__leakage__total"", ""3_5_place_dp__detailedplace__timing__hold__ws""]",13,-0.07145488996539662
placement,area,14,3_3_place_gp__globalplace__design__instance__count,0.9967746784705261,0.0026982553030582414,4.510785807291676,6.892773730077163,"[""3_3_place_gp__globalplace__timing__setup__tns"", ""3_3_place_gp__globalplace__gpl__area__original"", ""3_5_place_dp__detailedplace__dpl__hpwl__delta"", ""3_5_place_dp__detailedplace__dpl__hpwl__delta__percent"", ""3_3_place_gp__globalplace__gpl__convergence__iteration"", ""3_3_place_gp__globalplace__power__leakage__total"", ""3_3_place_gp__globalplace__gpl__routability__congestion"", ""3_5_place_dp__detailedplace__timing__drv__max_cap_limit"", ""3_5_place_dp__detailedplace__design__instance__displacement__max"", ""3_3_place_gp__globalplace__design__instance__area"", ""3_3_place_gp__globalplace__gpl__area__final__percent"", ""3_4_place_resized__placeopt__power__leakage__total"", ""3_5_place_dp__detailedplace__timing__hold__ws"", ""3_3_place_gp__globalplace__design__instance__count""]",14,-0.07145488996539662
placement,area,15,3_5_place_dp__detailedplace__design__instance__displacement__mean,0.9967807924024396,0.0018803578725974282,4.584398274739594,7.202256480893658,"[""3_3_place_gp__globalplace__timing__setup__tns"", ""3_3_place_gp__globalplace__gpl__area__original"", ""3_5_place_dp__detailedplace__dpl__hpwl__delta"", ""3_5_place_dp__detailedplace__dpl__hpwl__delta__percent"", ""3_3_place_gp__globalplace__gpl__convergence__iteration"", ""3_3_place_gp__globalplace__power__leakage__total"", ""3_3_place_gp__globalplace__gpl__routability__congestion"", ""3_5_place_dp__detailedplace__timing__drv__max_cap_limit"", ""3_5_place_dp__detailedplace__design__instance__displacement__max"", ""3_3_place_gp__globalplace__design__instance__area"", ""3_3_place_gp__globalplace__gpl__area__final__percent"", ""3_4_place_resized__placeopt__power__leakage__total"", ""3_5_place_dp__detailedplace__timing__hold__ws"", ""3_3_place_gp__globalplace__design__instance__count"", ""3_5_place_dp__detailedplace__design__instance__displacement__mean""]",15,-0.07145488996539662
placement,area,16,3_3_place_gp__globalplace__design__instance__count__stdcell,0.997021595149833,0.00152955009846606,4.51725146484376,7.055671001023508,"[""3_3_place_gp__globalplace__timing__setup__tns"", ""3_3_place_gp__globalplace__gpl__area__original"", ""3_5_place_dp__detailedplace__dpl__hpwl__delta"", ""3_5_place_dp__detailedplace__dpl__hpwl__delta__percent"", ""3_3_place_gp__globalplace__gpl__convergence__iteration"", ""3_3_place_gp__globalplace__power__leakage__total"", ""3_3_place_gp__globalplace__gpl__routability__congestion"", ""3_5_place_dp__detailedplace__timing__drv__max_cap_limit"", ""3_5_place_dp__detailedplace__design__instance__displacement__max"", ""3_3_place_gp__globalplace__design__instance__area"", ""3_3_place_gp__globalplace__gpl__area__final__percent"", ""3_4_place_resized__placeopt__power__leakage__total"", ""3_5_place_dp__detailedplace__timing__hold__ws"", ""3_3_place_gp__globalplace__design__instance__count"", ""3_5_place_dp__detailedplace__design__instance__displacement__mean"", ""3_3_place_gp__globalplace__design__instance__count__stdcell""]",16,-0.07145488996539662
placement,area,17,3_3_place_gp__globalplace__gpl__routability__iteration,0.9972110703269452,0.002069413825115279,4.100160514322927,6.60238520317441,"[""3_3_place_gp__globalplace__timing__setup__tns"", ""3_3_place_gp__globalplace__gpl__area__original"", ""3_5_place_dp__detailedplace__dpl__hpwl__delta"", ""3_5_place_dp__detailedplace__dpl__hpwl__delta__percent"", ""3_3_place_gp__globalplace__gpl__convergence__iteration"", ""3_3_place_gp__globalplace__power__leakage__total"", ""3_3_place_gp__globalplace__gpl__routability__congestion"", ""3_5_place_dp__detailedplace__timing__drv__max_cap_limit"", ""3_5_place_dp__detailedplace__design__instance__displacement__max"", ""3_3_place_gp__globalplace__design__instance__area"", ""3_3_place_gp__globalplace__gpl__area__final__percent"", ""3_4_place_resized__placeopt__power__leakage__total"", ""3_5_place_dp__detailedplace__timing__hold__ws"", ""3_3_place_gp__globalplace__design__instance__count"", ""3_5_place_dp__detailedplace__design__instance__displacement__mean"", ""3_3_place_gp__globalplace__design__instance__count__stdcell"", ""3_3_place_gp__globalplace__gpl__routability__iteration""]",17,-0.07145488996539662
placement,area,18,3_4_place_resized__placeopt__timing__drv__max_cap_limit,0.9972439174434552,0.0016711503414336504,4.332343424479177,6.660829139295597,"[""3_3_place_gp__globalplace__timing__setup__tns"", ""3_3_place_gp__globalplace__gpl__area__original"", ""3_5_place_dp__detailedplace__dpl__hpwl__delta"", ""3_5_place_dp__detailedplace__dpl__hpwl__delta__percent"", ""3_3_place_gp__globalplace__gpl__convergence__iteration"", ""3_3_place_gp__globalplace__power__leakage__total"", ""3_3_place_gp__globalplace__gpl__routability__congestion"", ""3_5_place_dp__detailedplace__timing__drv__max_cap_limit"", ""3_5_place_dp__detailedplace__design__instance__displacement__max"", ""3_3_place_gp__globalplace__design__instance__area"", ""3_3_place_gp__globalplace__gpl__area__final__percent"", ""3_4_place_resized__placeopt__power__leakage__total"", ""3_5_place_dp__detailedplace__timing__hold__ws"", ""3_3_place_gp__globalplace__design__instance__count"", ""3_5_place_dp__detailedplace__design__instance__displacement__mean"", ""3_3_place_gp__globalplace__design__instance__count__stdcell"", ""3_3_place_gp__globalplace__gpl__routability__iteration"", ""3_4_place_resized__placeopt__timing__drv__max_cap_limit""]",18,-0.07145488996539662
placement,area,19,3_5_place_dp__detailedplace__timing__drv__max_slew_limit,0.9969998174115814,0.0016748858972412872,4.474400716145843,6.97585006838365,"[""3_3_place_gp__globalplace__timing__setup__tns"", ""3_3_place_gp__globalplace__gpl__area__original"", ""3_5_place_dp__detailedplace__dpl__hpwl__delta"", ""3_5_place_dp__detailedplace__dpl__hpwl__delta__percent"", ""3_3_place_gp__globalplace__gpl__convergence__iteration"", ""3_3_place_gp__globalplace__power__leakage__total"", ""3_3_place_gp__globalplace__gpl__routability__congestion"", ""3_5_place_dp__detailedplace__timing__drv__max_cap_limit"", ""3_5_place_dp__detailedplace__design__instance__displacement__max"", ""3_3_place_gp__globalplace__design__instance__area"", ""3_3_place_gp__globalplace__gpl__area__final__percent"", ""3_4_place_resized__placeopt__power__leakage__total"", ""3_5_place_dp__detailedplace__timing__hold__ws"", ""3_3_place_gp__globalplace__design__instance__count"", ""3_5_place_dp__detailedplace__design__instance__displacement__mean"", ""3_3_place_gp__globalplace__design__instance__count__stdcell"", ""3_3_place_gp__globalplace__gpl__routability__iteration"", ""3_4_place_resized__placeopt__timing__drv__max_cap_limit"", ""3_5_place_dp__detailedplace__timing__drv__max_slew_limit""]",19,-0.07145488996539662
placement,area,20,3_5_place_dp__detailedplace__negotiation__converge__phase_1__iteration,0.9976130231518261,0.001692639532691502,4.008035156250011,6.1404236876758285,"[""3_3_place_gp__globalplace__timing__setup__tns"", ""3_3_place_gp__globalplace__gpl__area__original"", ""3_5_place_dp__detailedplace__dpl__hpwl__delta"", ""3_5_place_dp__detailedplace__dpl__hpwl__delta__percent"", ""3_3_place_gp__globalplace__gpl__convergence__iteration"", ""3_3_place_gp__globalplace__power__leakage__total"", ""3_3_place_gp__globalplace__gpl__routability__congestion"", ""3_5_place_dp__detailedplace__timing__drv__max_cap_limit"", ""3_5_place_dp__detailedplace__design__instance__displacement__max"", ""3_3_place_gp__globalplace__design__instance__area"", ""3_3_place_gp__globalplace__gpl__area__final__percent"", ""3_4_place_resized__placeopt__power__leakage__total"", ""3_5_place_dp__detailedplace__timing__hold__ws"", ""3_3_place_gp__globalplace__design__instance__count"", ""3_5_place_dp__detailedplace__design__instance__displacement__mean"", ""3_3_place_gp__globalplace__design__instance__count__stdcell"", ""3_3_place_gp__globalplace__gpl__routability__iteration"", ""3_4_place_resized__placeopt__timing__drv__max_cap_limit"", ""3_5_place_dp__detailedplace__timing__drv__max_slew_limit"", ""3_5_place_dp__detailedplace__negotiation__converge__phase_1__iteration""]",20,-0.07145488996539662
placement,area,21,3_3_place_gp__globalplace__timing__hold__ws,0.9969442434594047,0.0021607519431106293,4.341820149739593,6.897304878751239,"[""3_3_place_gp__globalplace__timing__setup__tns"", ""3_3_place_gp__globalplace__gpl__area__original"", ""3_5_place_dp__detailedplace__dpl__hpwl__delta"", ""3_5_place_dp__detailedplace__dpl__hpwl__delta__percent"", ""3_3_place_gp__globalplace__gpl__convergence__iteration"", ""3_3_place_gp__globalplace__power__leakage__total"", ""3_3_place_gp__globalplace__gpl__routability__congestion"", ""3_5_place_dp__detailedplace__timing__drv__max_cap_limit"", ""3_5_place_dp__detailedplace__design__instance__displacement__max"", ""3_3_place_gp__globalplace__design__instance__area"", ""3_3_place_gp__globalplace__gpl__area__final__percent"", ""3_4_place_resized__placeopt__power__leakage__total"", ""3_5_place_dp__detailedplace__timing__hold__ws"", ""3_3_place_gp__globalplace__design__instance__count"", ""3_5_place_dp__detailedplace__design__instance__displacement__mean"", ""3_3_place_gp__globalplace__design__instance__count__stdcell"", ""3_3_place_gp__globalplace__gpl__routability__iteration"", ""3_4_place_resized__placeopt__timing__drv__max_cap_limit"", ""3_5_place_dp__detailedplace__timing__drv__max_slew_limit"", ""3_5_place_dp__detailedplace__negotiation__converge__phase_1__iteration"", ""3_3_place_gp__globalplace__timing__hold__ws""]",21,-0.07145488996539662
placement,area,22,3_5_place_dp__detailedplace__route__wirelength__estimated,0.9974461048410982,0.0016253775668554256,4.184849934895844,6.4172190955116974,"[""3_3_place_gp__globalplace__timing__setup__tns"", ""3_3_place_gp__globalplace__gpl__area__original"", ""3_5_place_dp__detailedplace__dpl__hpwl__delta"", ""3_5_place_dp__detailedplace__dpl__hpwl__delta__percent"", ""3_3_place_gp__globalplace__gpl__convergence__iteration"", ""3_3_place_gp__globalplace__power__leakage__total"", ""3_3_place_gp__globalplace__gpl__routability__congestion"", ""3_5_place_dp__detailedplace__timing__drv__max_cap_limit"", ""3_5_place_dp__detailedplace__design__instance__displacement__max"", ""3_3_place_gp__globalplace__design__instance__area"", ""3_3_place_gp__globalplace__gpl__area__final__percent"", ""3_4_place_resized__placeopt__power__leakage__total"", ""3_5_place_dp__detailedplace__timing__hold__ws"", ""3_3_place_gp__globalplace__design__instance__count"", ""3_5_place_dp__detailedplace__design__instance__displacement__mean"", ""3_3_place_gp__globalplace__design__instance__count__stdcell"", ""3_3_place_gp__globalplace__gpl__routability__iteration"", ""3_4_place_resized__placeopt__timing__drv__max_cap_limit"", ""3_5_place_dp__detailedplace__timing__drv__max_slew_limit"", ""3_5_place_dp__detailedplace__negotiation__converge__phase_1__iteration"", ""3_3_place_gp__globalplace__timing__hold__ws"", ""3_5_place_dp__detailedplace__route__wirelength__estimated""]",22,-0.07145488996539662
placement,area,23,3_5_place_dp__detailedplace__design__instance__displacement__total,0.9968004514951024,0.0026767866916519193,4.211139811197927,6.894249095182736,"[""3_3_place_gp__globalplace__timing__setup__tns"", ""3_3_place_gp__globalplace__gpl__area__original"", ""3_5_place_dp__detailedplace__dpl__hpwl__delta"", ""3_5_place_dp__detailedplace__dpl__hpwl__delta__percent"", ""3_3_place_gp__globalplace__gpl__convergence__iteration"", ""3_3_place_gp__globalplace__power__leakage__total"", ""3_3_place_gp__globalplace__gpl__routability__congestion"", ""3_5_place_dp__detailedplace__timing__drv__max_cap_limit"", ""3_5_place_dp__detailedplace__design__instance__displacement__max"", ""3_3_place_gp__globalplace__design__instance__area"", ""3_3_place_gp__globalplace__gpl__area__final__percent"", ""3_4_place_resized__placeopt__power__leakage__total"", ""3_5_place_dp__detailedplace__timing__hold__ws"", ""3_3_place_gp__globalplace__design__instance__count"", ""3_5_place_dp__detailedplace__design__instance__displacement__mean"", ""3_3_place_gp__globalplace__design__instance__count__stdcell"", ""3_3_place_gp__globalplace__gpl__routability__iteration"", ""3_4_place_resized__placeopt__timing__drv__max_cap_limit"", ""3_5_place_dp__detailedplace__timing__drv__max_slew_limit"", ""3_5_place_dp__detailedplace__negotiation__converge__phase_1__iteration"", ""3_3_place_gp__globalplace__timing__hold__ws"", ""3_5_place_dp__detailedplace__route__wirelength__estimated"", ""3_5_place_dp__detailedplace__design__instance__displacement__total""]",23,-0.07145488996539662
placement,area,24,3_4_place_resized__placeopt__timing__hold__ws,0.9969505518101184,0.0029573480538623393,4.409858072916677,6.525144909779172,"[""3_3_place_gp__globalplace__timing__setup__tns"", ""3_3_place_gp__globalplace__gpl__area__original"", ""3_5_place_dp__detailedplace__dpl__hpwl__delta"", ""3_5_place_dp__detailedplace__dpl__hpwl__delta__percent"", ""3_3_place_gp__globalplace__gpl__convergence__iteration"", ""3_3_place_gp__globalplace__power__leakage__total"", ""3_3_place_gp__globalplace__gpl__routability__congestion"", ""3_5_place_dp__detailedplace__timing__drv__max_cap_limit"", ""3_5_place_dp__detailedplace__design__instance__displacement__max"", ""3_3_place_gp__globalplace__design__instance__area"", ""3_3_place_gp__globalplace__gpl__area__final__percent"", ""3_4_place_resized__placeopt__power__leakage__total"", ""3_5_place_dp__detailedplace__timing__hold__ws"", ""3_3_place_gp__globalplace__design__instance__count"", ""3_5_place_dp__detailedplace__design__instance__displacement__mean"", ""3_3_place_gp__globalplace__design__instance__count__stdcell"", ""3_3_place_gp__globalplace__gpl__routability__iteration"", ""3_4_place_resized__placeopt__timing__drv__max_cap_limit"", ""3_5_place_dp__detailedplace__timing__drv__max_slew_limit"", ""3_5_place_dp__detailedplace__negotiation__converge__phase_1__iteration"", ""3_3_place_gp__globalplace__timing__hold__ws"", ""3_5_place_dp__detailedplace__route__wirelength__estimated"", ""3_5_place_dp__detailedplace__design__instance__displacement__total"", ""3_4_place_resized__placeopt__timing__hold__ws""]",24,-0.07145488996539662
placement,area,25,3_3_place_gp__globalplace__design__instance__area__stdcell,0.9971395498724244,0.0017481568729933322,4.370763020833343,6.778770165769241,"[""3_3_place_gp__globalplace__timing__setup__tns"", ""3_3_place_gp__globalplace__gpl__area__original"", ""3_5_place_dp__detailedplace__dpl__hpwl__delta"", ""3_5_place_dp__detailedplace__dpl__hpwl__delta__percent"", ""3_3_place_gp__globalplace__gpl__convergence__iteration"", ""3_3_place_gp__globalplace__power__leakage__total"", ""3_3_place_gp__globalplace__gpl__routability__congestion"", ""3_5_place_dp__detailedplace__timing__drv__max_cap_limit"", ""3_5_place_dp__detailedplace__design__instance__displacement__max"", ""3_3_place_gp__globalplace__design__instance__area"", ""3_3_place_gp__globalplace__gpl__area__final__percent"", ""3_4_place_resized__placeopt__power__leakage__total"", ""3_5_place_dp__detailedplace__timing__hold__ws"", ""3_3_place_gp__globalplace__design__instance__count"", ""3_5_place_dp__detailedplace__design__instance__displacement__mean"", ""3_3_place_gp__globalplace__design__instance__count__stdcell"", ""3_3_place_gp__globalplace__gpl__routability__iteration"", ""3_4_place_resized__placeopt__timing__drv__max_cap_limit"", ""3_5_place_dp__detailedplace__timing__drv__max_slew_limit"", ""3_5_place_dp__detailedplace__negotiation__converge__phase_1__iteration"", ""3_3_place_gp__globalplace__timing__hold__ws"", ""3_5_place_dp__detailedplace__route__wirelength__estimated"", ""3_5_place_dp__detailedplace__design__instance__displacement__total"", ""3_4_place_resized__placeopt__timing__hold__ws"", ""3_3_place_gp__globalplace__design__instance__area__stdcell""]",25,-0.07145488996539662
placement,area,26,3_3_place_gp__globalplace__design__instance__utilization,0.997399322588366,0.0022018601553113874,4.220600260416677,6.25667743409591,"[""3_3_place_gp__globalplace__timing__setup__tns"", ""3_3_place_gp__globalplace__gpl__area__original"", ""3_5_place_dp__detailedplace__dpl__hpwl__delta"", ""3_5_place_dp__detailedplace__dpl__hpwl__delta__percent"", ""3_3_place_gp__globalplace__gpl__convergence__iteration"", ""3_3_place_gp__globalplace__power__leakage__total"", ""3_3_place_gp__globalplace__gpl__routability__congestion"", ""3_5_place_dp__detailedplace__timing__drv__max_cap_limit"", ""3_5_place_dp__detailedplace__design__instance__displacement__max"", ""3_3_place_gp__globalplace__design__instance__area"", ""3_3_place_gp__globalplace__gpl__area__final__percent"", ""3_4_place_resized__placeopt__power__leakage__total"", ""3_5_place_dp__detailedplace__timing__hold__ws"", ""3_3_place_gp__globalplace__design__instance__count"", ""3_5_place_dp__detailedplace__design__instance__displacement__mean"", ""3_3_place_gp__globalplace__design__instance__count__stdcell"", ""3_3_place_gp__globalplace__gpl__routability__iteration"", ""3_4_place_resized__placeopt__timing__drv__max_cap_limit"", ""3_5_place_dp__detailedplace__timing__drv__max_slew_limit"", ""3_5_place_dp__detailedplace__negotiation__converge__phase_1__iteration"", ""3_3_place_gp__globalplace__timing__hold__ws"", ""3_5_place_dp__detailedplace__route__wirelength__estimated"", ""3_5_place_dp__detailedplace__design__instance__displacement__total"", ""3_4_place_resized__placeopt__timing__hold__ws"", ""3_3_place_gp__globalplace__design__instance__area__stdcell"", ""3_3_place_gp__globalplace__design__instance__utilization""]",26,-0.07145488996539662
placement,area,27,3_3_place_gp__globalplace__design__instance__utilization__stdcell,0.9973097329056876,0.0017146822704634946,4.273151529947927,6.573850465577309,"[""3_3_place_gp__globalplace__timing__setup__tns"", ""3_3_place_gp__globalplace__gpl__area__original"", ""3_5_place_dp__detailedplace__dpl__hpwl__delta"", ""3_5_place_dp__detailedplace__dpl__hpwl__delta__percent"", ""3_3_place_gp__globalplace__gpl__convergence__iteration"", ""3_3_place_gp__globalplace__power__leakage__total"", ""3_3_place_gp__globalplace__gpl__routability__congestion"", ""3_5_place_dp__detailedplace__timing__drv__max_cap_limit"", ""3_5_place_dp__detailedplace__design__instance__displacement__max"", ""3_3_place_gp__globalplace__design__instance__area"", ""3_3_place_gp__globalplace__gpl__area__final__percent"", ""3_4_place_resized__placeopt__power__leakage__total"", ""3_5_place_dp__detailedplace__timing__hold__ws"", ""3_3_place_gp__globalplace__design__instance__count"", ""3_5_place_dp__detailedplace__design__instance__displacement__mean"", ""3_3_place_gp__globalplace__design__instance__count__stdcell"", ""3_3_place_gp__globalplace__gpl__routability__iteration"", ""3_4_place_resized__placeopt__timing__drv__max_cap_limit"", ""3_5_place_dp__detailedplace__timing__drv__max_slew_limit"", ""3_5_place_dp__detailedplace__negotiation__converge__phase_1__iteration"", ""3_3_place_gp__globalplace__timing__hold__ws"", ""3_5_place_dp__detailedplace__route__wirelength__estimated"", ""3_5_place_dp__detailedplace__design__instance__displacement__total"", ""3_4_place_resized__placeopt__timing__hold__ws"", ""3_3_place_gp__globalplace__design__instance__area__stdcell"", ""3_3_place_gp__globalplace__design__instance__utilization"", ""3_3_place_gp__globalplace__design__instance__utilization__stdcell""]",27,-0.07145488996539662
placement,area,28,3_3_place_gp__globalplace__design__nets,0.997247023282691,0.0016464786625756918,4.310191731770844,6.672052783275379,"[""3_3_place_gp__globalplace__timing__setup__tns"", ""3_3_place_gp__globalplace__gpl__area__original"", ""3_5_place_dp__detailedplace__dpl__hpwl__delta"", ""3_5_place_dp__detailedplace__dpl__hpwl__delta__percent"", ""3_3_place_gp__globalplace__gpl__convergence__iteration"", ""3_3_place_gp__globalplace__power__leakage__total"", ""3_3_place_gp__globalplace__gpl__routability__congestion"", ""3_5_place_dp__detailedplace__timing__drv__max_cap_limit"", ""3_5_place_dp__detailedplace__design__instance__displacement__max"", ""3_3_place_gp__globalplace__design__instance__area"", ""3_3_place_gp__globalplace__gpl__area__final__percent"", ""3_4_place_resized__placeopt__power__leakage__total"", ""3_5_place_dp__detailedplace__timing__hold__ws"", ""3_3_place_gp__globalplace__design__instance__count"", ""3_5_place_dp__detailedplace__design__instance__displacement__mean"", ""3_3_place_gp__globalplace__design__instance__count__stdcell"", ""3_3_place_gp__globalplace__gpl__routability__iteration"", ""3_4_place_resized__placeopt__timing__drv__max_cap_limit"", ""3_5_place_dp__detailedplace__timing__drv__max_slew_limit"", ""3_5_place_dp__detailedplace__negotiation__converge__phase_1__iteration"", ""3_3_place_gp__globalplace__timing__hold__ws"", ""3_5_place_dp__detailedplace__route__wirelength__estimated"", ""3_5_place_dp__detailedplace__design__instance__displacement__total"", ""3_4_place_resized__placeopt__timing__hold__ws"", ""3_3_place_gp__globalplace__design__instance__area__stdcell"", ""3_3_place_gp__globalplace__design__instance__utilization"", ""3_3_place_gp__globalplace__design__instance__utilization__stdcell"", ""3_3_place_gp__globalplace__design__nets""]",28,-0.07145488996539662
placement,area,29,3_3_place_gp__globalplace__gpl__area__final,0.9965173829038679,0.002444233011159911,4.66692187500001,7.345919003405791,"[""3_3_place_gp__globalplace__timing__setup__tns"", ""3_3_place_gp__globalplace__gpl__area__original"", ""3_5_place_dp__detailedplace__dpl__hpwl__delta"", ""3_5_place_dp__detailedplace__dpl__hpwl__delta__percent"", ""3_3_place_gp__globalplace__gpl__convergence__iteration"", ""3_3_place_gp__globalplace__power__leakage__total"", ""3_3_place_gp__globalplace__gpl__routability__congestion"", ""3_5_place_dp__detailedplace__timing__drv__max_cap_limit"", ""3_5_place_dp__detailedplace__design__instance__displacement__max"", ""3_3_place_gp__globalplace__design__instance__area"", ""3_3_place_gp__globalplace__gpl__area__final__percent"", ""3_4_place_resized__placeopt__power__leakage__total"", ""3_5_place_dp__detailedplace__timing__hold__ws"", ""3_3_place_gp__globalplace__design__instance__count"", ""3_5_place_dp__detailedplace__design__instance__displacement__mean"", ""3_3_place_gp__globalplace__design__instance__count__stdcell"", ""3_3_place_gp__globalplace__gpl__routability__iteration"", ""3_4_place_resized__placeopt__timing__drv__max_cap_limit"", ""3_5_place_dp__detailedplace__timing__drv__max_slew_limit"", ""3_5_place_dp__detailedplace__negotiation__converge__phase_1__iteration"", ""3_3_place_gp__globalplace__timing__hold__ws"", ""3_5_place_dp__detailedplace__route__wirelength__estimated"", ""3_5_place_dp__detailedplace__design__instance__displacement__total"", ""3_4_place_resized__placeopt__timing__hold__ws"", ""3_3_place_gp__globalplace__design__instance__area__stdcell"", ""3_3_place_gp__globalplace__design__instance__utilization"", ""3_3_place_gp__globalplace__design__instance__utilization__stdcell"", ""3_3_place_gp__globalplace__design__nets"", ""3_3_place_gp__globalplace__gpl__area__final""]",29,-0.07145488996539662
placement,area,30,3_3_place_gp__globalplace__gpl__area__timing_delta,0.9973051726731029,0.0016610775838970136,4.349868652343761,6.586294132954554,"[""3_3_place_gp__globalplace__timing__setup__tns"", ""3_3_place_gp__globalplace__gpl__area__original"", ""3_5_place_dp__detailedplace__dpl__hpwl__delta"", ""3_5_place_dp__detailedplace__dpl__hpwl__delta__percent"", ""3_3_place_gp__globalplace__gpl__convergence__iteration"", ""3_3_place_gp__globalplace__power__leakage__total"", ""3_3_place_gp__globalplace__gpl__routability__congestion"", ""3_5_place_dp__detailedplace__timing__drv__max_cap_limit"", ""3_5_place_dp__detailedplace__design__instance__displacement__max"", ""3_3_place_gp__globalplace__design__instance__area"", ""3_3_place_gp__globalplace__gpl__area__final__percent"", ""3_4_place_resized__placeopt__power__leakage__total"", ""3_5_place_dp__detailedplace__timing__hold__ws"", ""3_3_place_gp__globalplace__design__instance__count"", ""3_5_place_dp__detailedplace__design__instance__displacement__mean"", ""3_3_place_gp__globalplace__design__instance__count__stdcell"", ""3_3_place_gp__globalplace__gpl__routability__iteration"", ""3_4_place_resized__placeopt__timing__drv__max_cap_limit"", ""3_5_place_dp__detailedplace__timing__drv__max_slew_limit"", ""3_5_place_dp__detailedplace__negotiation__converge__phase_1__iteration"", ""3_3_place_gp__globalplace__timing__hold__ws"", ""3_5_place_dp__detailedplace__route__wirelength__estimated"", ""3_5_place_dp__detailedplace__design__instance__displacement__total"", ""3_4_place_resized__placeopt__timing__hold__ws"", ""3_3_place_gp__globalplace__design__instance__area__stdcell"", ""3_3_place_gp__globalplace__design__instance__utilization"", ""3_3_place_gp__globalplace__design__instance__utilization__stdcell"", ""3_3_place_gp__globalplace__design__nets"", ""3_3_place_gp__globalplace__gpl__area__final"", ""3_3_place_gp__globalplace__gpl__area__timing_delta""]",30,-0.07145488996539662
placement,area,31,3_3_place_gp__globalplace__gpl__area__timing_delta__percent,0.9965176217260253,0.003515609970110339,4.442499674479177,6.881985801879023,"[""3_3_place_gp__globalplace__timing__setup__tns"", ""3_3_place_gp__globalplace__gpl__area__original"", ""3_5_place_dp__detailedplace__dpl__hpwl__delta"", ""3_5_place_dp__detailedplace__dpl__hpwl__delta__percent"", ""3_3_place_gp__globalplace__gpl__convergence__iteration"", ""3_3_place_gp__globalplace__power__leakage__total"", ""3_3_place_gp__globalplace__gpl__routability__congestion"", ""3_5_place_dp__detailedplace__timing__drv__max_cap_limit"", ""3_5_place_dp__detailedplace__design__instance__displacement__max"", ""3_3_place_gp__globalplace__design__instance__area"", ""3_3_place_gp__globalplace__gpl__area__final__percent"", ""3_4_place_resized__placeopt__power__leakage__total"", ""3_5_place_dp__detailedplace__timing__hold__ws"", ""3_3_place_gp__globalplace__design__instance__count"", ""3_5_place_dp__detailedplace__design__instance__displacement__mean"", ""3_3_place_gp__globalplace__design__instance__count__stdcell"", ""3_3_place_gp__globalplace__gpl__routability__iteration"", ""3_4_place_resized__placeopt__timing__drv__max_cap_limit"", ""3_5_place_dp__detailedplace__timing__drv__max_slew_limit"", ""3_5_place_dp__detailedplace__negotiation__converge__phase_1__iteration"", ""3_3_place_gp__globalplace__timing__hold__ws"", ""3_5_place_dp__detailedplace__route__wirelength__estimated"", ""3_5_place_dp__detailedplace__design__instance__displacement__total"", ""3_4_place_resized__placeopt__timing__hold__ws"", ""3_3_place_gp__globalplace__design__instance__area__stdcell"", ""3_3_place_gp__globalplace__design__instance__utilization"", ""3_3_place_gp__globalplace__design__instance__utilization__stdcell"", ""3_3_place_gp__globalplace__design__nets"", ""3_3_place_gp__globalplace__gpl__area__final"", ""3_3_place_gp__globalplace__gpl__area__timing_delta"", ""3_3_place_gp__globalplace__gpl__area__timing_delta__percent""]",31,-0.07145488996539662
placement,area,32,3_3_place_gp__globalplace__power__internal__total,0.9946667514237312,0.005131248882684415,5.516253450520844,8.535021169504029,"[""3_3_place_gp__globalplace__timing__setup__tns"", ""3_3_place_gp__globalplace__gpl__area__original"", ""3_5_place_dp__detailedplace__dpl__hpwl__delta"", ""3_5_place_dp__detailedplace__dpl__hpwl__delta__percent"", ""3_3_place_gp__globalplace__gpl__convergence__iteration"", ""3_3_place_gp__globalplace__power__leakage__total"", ""3_3_place_gp__globalplace__gpl__routability__congestion"", ""3_5_place_dp__detailedplace__timing__drv__max_cap_limit"", ""3_5_place_dp__detailedplace__design__instance__displacement__max"", ""3_3_place_gp__globalplace__design__instance__area"", ""3_3_place_gp__globalplace__gpl__area__final__percent"", ""3_4_place_resized__placeopt__power__leakage__total"", ""3_5_place_dp__detailedplace__timing__hold__ws"", ""3_3_place_gp__globalplace__design__instance__count"", ""3_5_place_dp__detailedplace__design__instance__displacement__mean"", ""3_3_place_gp__globalplace__design__instance__count__stdcell"", ""3_3_place_gp__globalplace__gpl__routability__iteration"", ""3_4_place_resized__placeopt__timing__drv__max_cap_limit"", ""3_5_place_dp__detailedplace__timing__drv__max_slew_limit"", ""3_5_place_dp__detailedplace__negotiation__converge__phase_1__iteration"", ""3_3_place_gp__globalplace__timing__hold__ws"", ""3_5_place_dp__detailedplace__route__wirelength__estimated"", ""3_5_place_dp__detailedplace__design__instance__displacement__total"", ""3_4_place_resized__placeopt__timing__hold__ws"", ""3_3_place_gp__globalplace__design__instance__area__stdcell"", ""3_3_place_gp__globalplace__design__instance__utilization"", ""3_3_place_gp__globalplace__design__instance__utilization__stdcell"", ""3_3_place_gp__globalplace__design__nets"", ""3_3_place_gp__globalplace__gpl__area__final"", ""3_3_place_gp__globalplace__gpl__area__timing_delta"", ""3_3_place_gp__globalplace__gpl__area__timing_delta__percent"", ""3_3_place_gp__globalplace__power__internal__total""]",32,-0.07145488996539662
placement,area,33,3_3_place_gp__globalplace__power__switching__total,0.9973485124531442,0.002529735230964987,4.032929361979177,6.133394232800957,"[""3_3_place_gp__globalplace__timing__setup__tns"", ""3_3_place_gp__globalplace__gpl__area__original"", ""3_5_place_dp__detailedplace__dpl__hpwl__delta"", ""3_5_place_dp__detailedplace__dpl__hpwl__delta__percent"", ""3_3_place_gp__globalplace__gpl__convergence__iteration"", ""3_3_place_gp__globalplace__power__leakage__total"", ""3_3_place_gp__globalplace__gpl__routability__congestion"", ""3_5_place_dp__detailedplace__timing__drv__max_cap_limit"", ""3_5_place_dp__detailedplace__design__instance__displacement__max"", ""3_3_place_gp__globalplace__design__instance__area"", ""3_3_place_gp__globalplace__gpl__area__final__percent"", ""3_4_place_resized__placeopt__power__leakage__total"", ""3_5_place_dp__detailedplace__timing__hold__ws"", ""3_3_place_gp__globalplace__design__instance__count"", ""3_5_place_dp__detailedplace__design__instance__displacement__mean"", ""3_3_place_gp__globalplace__design__instance__count__stdcell"", ""3_3_place_gp__globalplace__gpl__routability__iteration"", ""3_4_place_resized__placeopt__timing__drv__max_cap_limit"", ""3_5_place_dp__detailedplace__timing__drv__max_slew_limit"", ""3_5_place_dp__detailedplace__negotiation__converge__phase_1__iteration"", ""3_3_place_gp__globalplace__timing__hold__ws"", ""3_5_place_dp__detailedplace__route__wirelength__estimated"", ""3_5_place_dp__detailedplace__design__instance__displacement__total"", ""3_4_place_resized__placeopt__timing__hold__ws"", ""3_3_place_gp__globalplace__design__instance__area__stdcell"", ""3_3_place_gp__globalplace__design__instance__utilization"", ""3_3_place_gp__globalplace__design__instance__utilization__stdcell"", ""3_3_place_gp__globalplace__design__nets"", ""3_3_place_gp__globalplace__gpl__area__final"", ""3_3_place_gp__globalplace__gpl__area__timing_delta"", ""3_3_place_gp__globalplace__gpl__area__timing_delta__percent"", ""3_3_place_gp__globalplace__power__internal__total"", ""3_3_place_gp__globalplace__power__switching__total""]",33,-0.07145488996539662
placement,area,34,3_3_place_gp__globalplace__power__total,0.9967819811491082,0.0019111516210832105,4.50735156250001,7.1809338837655625,"[""3_3_place_gp__globalplace__timing__setup__tns"", ""3_3_place_gp__globalplace__gpl__area__original"", ""3_5_place_dp__detailedplace__dpl__hpwl__delta"", ""3_5_place_dp__detailedplace__dpl__hpwl__delta__percent"", ""3_3_place_gp__globalplace__gpl__convergence__iteration"", ""3_3_place_gp__globalplace__power__leakage__total"", ""3_3_place_gp__globalplace__gpl__routability__congestion"", ""3_5_place_dp__detailedplace__timing__drv__max_cap_limit"", ""3_5_place_dp__detailedplace__design__instance__displacement__max"", ""3_3_place_gp__globalplace__design__instance__area"", ""3_3_place_gp__globalplace__gpl__area__final__percent"", ""3_4_place_resized__placeopt__power__leakage__total"", ""3_5_place_dp__detailedplace__timing__hold__ws"", ""3_3_place_gp__globalplace__design__instance__count"", ""3_5_place_dp__detailedplace__design__instance__displacement__mean"", ""3_3_place_gp__globalplace__design__instance__count__stdcell"", ""3_3_place_gp__globalplace__gpl__routability__iteration"", ""3_4_place_resized__placeopt__timing__drv__max_cap_limit"", ""3_5_place_dp__detailedplace__timing__drv__max_slew_limit"", ""3_5_place_dp__detailedplace__negotiation__converge__phase_1__iteration"", ""3_3_place_gp__globalplace__timing__hold__ws"", ""3_5_place_dp__detailedplace__route__wirelength__estimated"", ""3_5_place_dp__detailedplace__design__instance__displacement__total"", ""3_4_place_resized__placeopt__timing__hold__ws"", ""3_3_place_gp__globalplace__design__instance__area__stdcell"", ""3_3_place_gp__globalplace__design__instance__utilization"", ""3_3_place_gp__globalplace__design__instance__utilization__stdcell"", ""3_3_place_gp__globalplace__design__nets"", ""3_3_place_gp__globalplace__gpl__area__final"", ""3_3_place_gp__globalplace__gpl__area__timing_delta"", ""3_3_place_gp__globalplace__gpl__area__timing_delta__percent"", ""3_3_place_gp__globalplace__power__internal__total"", ""3_3_place_gp__globalplace__power__switching__total"", ""3_3_place_gp__globalplace__power__total""]",34,-0.07145488996539662
placement,area,35,3_3_place_gp__globalplace__timing__fmax,0.9969193147403376,0.0024952326939082954,4.30526416015626,6.8184103596134955,"[""3_3_place_gp__globalplace__timing__setup__tns"", ""3_3_place_gp__globalplace__gpl__area__original"", ""3_5_place_dp__detailedplace__dpl__hpwl__delta"", ""3_5_place_dp__detailedplace__dpl__hpwl__delta__percent"", ""3_3_place_gp__globalplace__gpl__convergence__iteration"", ""3_3_place_gp__globalplace__power__leakage__total"", ""3_3_place_gp__globalplace__gpl__routability__congestion"", ""3_5_place_dp__detailedplace__timing__drv__max_cap_limit"", ""3_5_place_dp__detailedplace__design__instance__displacement__max"", ""3_3_place_gp__globalplace__design__instance__area"", ""3_3_place_gp__globalplace__gpl__area__final__percent"", ""3_4_place_resized__placeopt__power__leakage__total"", ""3_5_place_dp__detailedplace__timing__hold__ws"", ""3_3_place_gp__globalplace__design__instance__count"", ""3_5_place_dp__detailedplace__design__instance__displacement__mean"", ""3_3_place_gp__globalplace__design__instance__count__stdcell"", ""3_3_place_gp__globalplace__gpl__routability__iteration"", ""3_4_place_resized__placeopt__timing__drv__max_cap_limit"", ""3_5_place_dp__detailedplace__timing__drv__max_slew_limit"", ""3_5_place_dp__detailedplace__negotiation__converge__phase_1__iteration"", ""3_3_place_gp__globalplace__timing__hold__ws"", ""3_5_place_dp__detailedplace__route__wirelength__estimated"", ""3_5_place_dp__detailedplace__design__instance__displacement__total"", ""3_4_place_resized__placeopt__timing__hold__ws"", ""3_3_place_gp__globalplace__design__instance__area__stdcell"", ""3_3_place_gp__globalplace__design__instance__utilization"", ""3_3_place_gp__globalplace__design__instance__utilization__stdcell"", ""3_3_place_gp__globalplace__design__nets"", ""3_3_place_gp__globalplace__gpl__area__final"", ""3_3_place_gp__globalplace__gpl__area__timing_delta"", ""3_3_place_gp__globalplace__gpl__area__timing_delta__percent"", ""3_3_place_gp__globalplace__power__internal__total"", ""3_3_place_gp__globalplace__power__switching__total"", ""3_3_place_gp__globalplace__power__total"", ""3_3_place_gp__globalplace__timing__fmax""]",35,-0.07145488996539662
placement,area,36,3_3_place_gp__globalplace__timing__fmax__clock:core_clock,0.9970846061697887,0.0016389002147736914,4.39529101562501,6.885628988693733,"[""3_3_place_gp__globalplace__timing__setup__tns"", ""3_3_place_gp__globalplace__gpl__area__original"", ""3_5_place_dp__detailedplace__dpl__hpwl__delta"", ""3_5_place_dp__detailedplace__dpl__hpwl__delta__percent"", ""3_3_place_gp__globalplace__gpl__convergence__iteration"", ""3_3_place_gp__globalplace__power__leakage__total"", ""3_3_place_gp__globalplace__gpl__routability__congestion"", ""3_5_place_dp__detailedplace__timing__drv__max_cap_limit"", ""3_5_place_dp__detailedplace__design__instance__displacement__max"", ""3_3_place_gp__globalplace__design__instance__area"", ""3_3_place_gp__globalplace__gpl__area__final__percent"", ""3_4_place_resized__placeopt__power__leakage__total"", ""3_5_place_dp__detailedplace__timing__hold__ws"", ""3_3_place_gp__globalplace__design__instance__count"", ""3_5_place_dp__detailedplace__design__instance__displacement__mean"", ""3_3_place_gp__globalplace__design__instance__count__stdcell"", ""3_3_place_gp__globalplace__gpl__routability__iteration"", ""3_4_place_resized__placeopt__timing__drv__max_cap_limit"", ""3_5_place_dp__detailedplace__timing__drv__max_slew_limit"", ""3_5_place_dp__detailedplace__negotiation__converge__phase_1__iteration"", ""3_3_place_gp__globalplace__timing__hold__ws"", ""3_5_place_dp__detailedplace__route__wirelength__estimated"", ""3_5_place_dp__detailedplace__design__instance__displacement__total"", ""3_4_place_resized__placeopt__timing__hold__ws"", ""3_3_place_gp__globalplace__design__instance__area__stdcell"", ""3_3_place_gp__globalplace__design__instance__utilization"", ""3_3_place_gp__globalplace__design__instance__utilization__stdcell"", ""3_3_place_gp__globalplace__design__nets"", ""3_3_place_gp__globalplace__gpl__area__final"", ""3_3_place_gp__globalplace__gpl__area__timing_delta"", ""3_3_place_gp__globalplace__gpl__area__timing_delta__percent"", ""3_3_place_gp__globalplace__power__internal__total"", ""3_3_place_gp__globalplace__power__switching__total"", ""3_3_place_gp__globalplace__power__total"", ""3_3_place_gp__globalplace__timing__fmax"", ""3_3_place_gp__globalplace__timing__fmax__clock:core_clock""]",36,-0.07145488996539662
placement,area,37,3_3_place_gp__globalplace__timing__setup__ws,0.9968321603412172,0.0022259964681930356,4.313263834635427,7.0184401520188215,"[""3_3_place_gp__globalplace__timing__setup__tns"", ""3_3_place_gp__globalplace__gpl__area__original"", ""3_5_place_dp__detailedplace__dpl__hpwl__delta"", ""3_5_place_dp__detailedplace__dpl__hpwl__delta__percent"", ""3_3_place_gp__globalplace__gpl__convergence__iteration"", ""3_3_place_gp__globalplace__power__leakage__total"", ""3_3_place_gp__globalplace__gpl__routability__congestion"", ""3_5_place_dp__detailedplace__timing__drv__max_cap_limit"", ""3_5_place_dp__detailedplace__design__instance__displacement__max"", ""3_3_place_gp__globalplace__design__instance__area"", ""3_3_place_gp__globalplace__gpl__area__final__percent"", ""3_4_place_resized__placeopt__power__leakage__total"", ""3_5_place_dp__detailedplace__timing__hold__ws"", ""3_3_place_gp__globalplace__design__instance__count"", ""3_5_place_dp__detailedplace__design__instance__displacement__mean"", ""3_3_place_gp__globalplace__design__instance__count__stdcell"", ""3_3_place_gp__globalplace__gpl__routability__iteration"", ""3_4_place_resized__placeopt__timing__drv__max_cap_limit"", ""3_5_place_dp__detailedplace__timing__drv__max_slew_limit"", ""3_5_place_dp__detailedplace__negotiation__converge__phase_1__iteration"", ""3_3_place_gp__globalplace__timing__hold__ws"", ""3_5_place_dp__detailedplace__route__wirelength__estimated"", ""3_5_place_dp__detailedplace__design__instance__displacement__total"", ""3_4_place_resized__placeopt__timing__hold__ws"", ""3_3_place_gp__globalplace__design__instance__area__stdcell"", ""3_3_place_gp__globalplace__design__instance__utilization"", ""3_3_place_gp__globalplace__design__instance__utilization__stdcell"", ""3_3_place_gp__globalplace__design__nets"", ""3_3_place_gp__globalplace__gpl__area__final"", ""3_3_place_gp__globalplace__gpl__area__timing_delta"", ""3_3_place_gp__globalplace__gpl__area__timing_delta__percent"", ""3_3_place_gp__globalplace__power__internal__total"", ""3_3_place_gp__globalplace__power__switching__total"", ""3_3_place_gp__globalplace__power__total"", ""3_3_place_gp__globalplace__timing__fmax"", ""3_3_place_gp__globalplace__timing__fmax__clock:core_clock"", ""3_3_place_gp__globalplace__timing__setup__ws""]",37,-0.07145488996539662
placement,area,38,3_4_place_resized__placeopt__design__instance__area,0.9973297315753982,0.0016766570201684245,4.339952473958344,6.555626328040528,"[""3_3_place_gp__globalplace__timing__setup__tns"", ""3_3_place_gp__globalplace__gpl__area__original"", ""3_5_place_dp__detailedplace__dpl__hpwl__delta"", ""3_5_place_dp__detailedplace__dpl__hpwl__delta__percent"", ""3_3_place_gp__globalplace__gpl__convergence__iteration"", ""3_3_place_gp__globalplace__power__leakage__total"", ""3_3_place_gp__globalplace__gpl__routability__congestion"", ""3_5_place_dp__detailedplace__timing__drv__max_cap_limit"", ""3_5_place_dp__detailedplace__design__instance__displacement__max"", ""3_3_place_gp__globalplace__design__instance__area"", ""3_3_place_gp__globalplace__gpl__area__final__percent"", ""3_4_place_resized__placeopt__power__leakage__total"", ""3_5_place_dp__detailedplace__timing__hold__ws"", ""3_3_place_gp__globalplace__design__instance__count"", ""3_5_place_dp__detailedplace__design__instance__displacement__mean"", ""3_3_place_gp__globalplace__design__instance__count__stdcell"", ""3_3_place_gp__globalplace__gpl__routability__iteration"", ""3_4_place_resized__placeopt__timing__drv__max_cap_limit"", ""3_5_place_dp__detailedplace__timing__drv__max_slew_limit"", ""3_5_place_dp__detailedplace__negotiation__converge__phase_1__iteration"", ""3_3_place_gp__globalplace__timing__hold__ws"", ""3_5_place_dp__detailedplace__route__wirelength__estimated"", ""3_5_place_dp__detailedplace__design__instance__displacement__total"", ""3_4_place_resized__placeopt__timing__hold__ws"", ""3_3_place_gp__globalplace__design__instance__area__stdcell"", ""3_3_place_gp__globalplace__design__instance__utilization"", ""3_3_place_gp__globalplace__design__instance__utilization__stdcell"", ""3_3_place_gp__globalplace__design__nets"", ""3_3_place_gp__globalplace__gpl__area__final"", ""3_3_place_gp__globalplace__gpl__area__timing_delta"", ""3_3_place_gp__globalplace__gpl__area__timing_delta__percent"", ""3_3_place_gp__globalplace__power__internal__total"", ""3_3_place_gp__globalplace__power__switching__total"", ""3_3_place_gp__globalplace__power__total"", ""3_3_place_gp__globalplace__timing__fmax"", ""3_3_place_gp__globalplace__timing__fmax__clock:core_clock"", ""3_3_place_gp__globalplace__timing__setup__ws"", ""3_4_place_resized__placeopt__design__instance__area""]",38,-0.07145488996539662
placement,area,39,3_4_place_resized__placeopt__design__instance__area__stdcell,0.9960641545949,0.003424357392763159,4.5395078450520945,7.560783029248281,"[""3_3_place_gp__globalplace__timing__setup__tns"", ""3_3_place_gp__globalplace__gpl__area__original"", ""3_5_place_dp__detailedplace__dpl__hpwl__delta"", ""3_5_place_dp__detailedplace__dpl__hpwl__delta__percent"", ""3_3_place_gp__globalplace__gpl__convergence__iteration"", ""3_3_place_gp__globalplace__power__leakage__total"", ""3_3_place_gp__globalplace__gpl__routability__congestion"", ""3_5_place_dp__detailedplace__timing__drv__max_cap_limit"", ""3_5_place_dp__detailedplace__design__instance__displacement__max"", ""3_3_place_gp__globalplace__design__instance__area"", ""3_3_place_gp__globalplace__gpl__area__final__percent"", ""3_4_place_resized__placeopt__power__leakage__total"", ""3_5_place_dp__detailedplace__timing__hold__ws"", ""3_3_place_gp__globalplace__design__instance__count"", ""3_5_place_dp__detailedplace__design__instance__displacement__mean"", ""3_3_place_gp__globalplace__design__instance__count__stdcell"", ""3_3_place_gp__globalplace__gpl__routability__iteration"", ""3_4_place_resized__placeopt__timing__drv__max_cap_limit"", ""3_5_place_dp__detailedplace__timing__drv__max_slew_limit"", ""3_5_place_dp__detailedplace__negotiation__converge__phase_1__iteration"", ""3_3_place_gp__globalplace__timing__hold__ws"", ""3_5_place_dp__detailedplace__route__wirelength__estimated"", ""3_5_place_dp__detailedplace__design__instance__displacement__total"", ""3_4_place_resized__placeopt__timing__hold__ws"", ""3_3_place_gp__globalplace__design__instance__area__stdcell"", ""3_3_place_gp__globalplace__design__instance__utilization"", ""3_3_place_gp__globalplace__design__instance__utilization__stdcell"", ""3_3_place_gp__globalplace__design__nets"", ""3_3_place_gp__globalplace__gpl__area__final"", ""3_3_place_gp__globalplace__gpl__area__timing_delta"", ""3_3_place_gp__globalplace__gpl__area__timing_delta__percent"", ""3_3_place_gp__globalplace__power__internal__total"", ""3_3_place_gp__globalplace__power__switching__total"", ""3_3_place_gp__globalplace__power__total"", ""3_3_place_gp__globalplace__timing__fmax"", ""3_3_place_gp__globalplace__timing__fmax__clock:core_clock"", ""3_3_place_gp__globalplace__timing__setup__ws"", ""3_4_place_resized__placeopt__design__instance__area"", ""3_4_place_resized__placeopt__design__instance__area__stdcell""]",39,-0.07145488996539662
placement,area,40,3_4_place_resized__placeopt__design__instance__count,0.9972760195318088,0.0018322277422384437,4.381000651041677,6.582970733692843,"[""3_3_place_gp__globalplace__timing__setup__tns"", ""3_3_place_gp__globalplace__gpl__area__original"", ""3_5_place_dp__detailedplace__dpl__hpwl__delta"", ""3_5_place_dp__detailedplace__dpl__hpwl__delta__percent"", ""3_3_place_gp__globalplace__gpl__convergence__iteration"", ""3_3_place_gp__globalplace__power__leakage__total"", ""3_3_place_gp__globalplace__gpl__routability__congestion"", ""3_5_place_dp__detailedplace__timing__drv__max_cap_limit"", ""3_5_place_dp__detailedplace__design__instance__displacement__max"", ""3_3_place_gp__globalplace__design__instance__area"", ""3_3_place_gp__globalplace__gpl__area__final__percent"", ""3_4_place_resized__placeopt__power__leakage__total"", ""3_5_place_dp__detailedplace__timing__hold__ws"", ""3_3_place_gp__globalplace__design__instance__count"", ""3_5_place_dp__detailedplace__design__instance__displacement__mean"", ""3_3_place_gp__globalplace__design__instance__count__stdcell"", ""3_3_place_gp__globalplace__gpl__routability__iteration"", ""3_4_place_resized__placeopt__timing__drv__max_cap_limit"", ""3_5_place_dp__detailedplace__timing__drv__max_slew_limit"", ""3_5_place_dp__detailedplace__negotiation__converge__phase_1__iteration"", ""3_3_place_gp__globalplace__timing__hold__ws"", ""3_5_place_dp__detailedplace__route__wirelength__estimated"", ""3_5_place_dp__detailedplace__design__instance__displacement__total"", ""3_4_place_resized__placeopt__timing__hold__ws"", ""3_3_place_gp__globalplace__design__instance__area__stdcell"", ""3_3_place_gp__globalplace__design__instance__utilization"", ""3_3_place_gp__globalplace__design__instance__utilization__stdcell"", ""3_3_place_gp__globalplace__design__nets"", ""3_3_place_gp__globalplace__gpl__area__final"", ""3_3_place_gp__globalplace__gpl__area__timing_delta"", ""3_3_place_gp__globalplace__gpl__area__timing_delta__percent"", ""3_3_place_gp__globalplace__power__internal__total"", ""3_3_place_gp__globalplace__power__switching__total"", ""3_3_place_gp__globalplace__power__total"", ""3_3_place_gp__globalplace__timing__fmax"", ""3_3_place_gp__globalplace__timing__fmax__clock:core_clock"", ""3_3_place_gp__globalplace__timing__setup__ws"", ""3_4_place_resized__placeopt__design__instance__area"", ""3_4_place_resized__placeopt__design__instance__area__stdcell"", ""3_4_place_resized__placeopt__design__instance__count""]",40,-0.07145488996539662
placement,area,41,3_4_place_resized__placeopt__design__instance__count__stdcell,0.9968042874022581,0.002833203332379386,4.437242513020844,6.816025700886826,"[""3_3_place_gp__globalplace__timing__setup__tns"", ""3_3_place_gp__globalplace__gpl__area__original"", ""3_5_place_dp__detailedplace__dpl__hpwl__delta"", ""3_5_place_dp__detailedplace__dpl__hpwl__delta__percent"", ""3_3_place_gp__globalplace__gpl__convergence__iteration"", ""3_3_place_gp__globalplace__power__leakage__total"", ""3_3_place_gp__globalplace__gpl__routability__congestion"", ""3_5_place_dp__detailedplace__timing__drv__max_cap_limit"", ""3_5_place_dp__detailedplace__design__instance__displacement__max"", ""3_3_place_gp__globalplace__design__instance__area"", ""3_3_place_gp__globalplace__gpl__area__final__percent"", ""3_4_place_resized__placeopt__power__leakage__total"", ""3_5_place_dp__detailedplace__timing__hold__ws"", ""3_3_place_gp__globalplace__design__instance__count"", ""3_5_place_dp__detailedplace__design__instance__displacement__mean"", ""3_3_place_gp__globalplace__design__instance__count__stdcell"", ""3_3_place_gp__globalplace__gpl__routability__iteration"", ""3_4_place_resized__placeopt__timing__drv__max_cap_limit"", ""3_5_place_dp__detailedplace__timing__drv__max_slew_limit"", ""3_5_place_dp__detailedplace__negotiation__converge__phase_1__iteration"", ""3_3_place_gp__globalplace__timing__hold__ws"", ""3_5_place_dp__detailedplace__route__wirelength__estimated"", ""3_5_place_dp__detailedplace__design__instance__displacement__total"", ""3_4_place_resized__placeopt__timing__hold__ws"", ""3_3_place_gp__globalplace__design__instance__area__stdcell"", ""3_3_place_gp__globalplace__design__instance__utilization"", ""3_3_place_gp__globalplace__design__instance__utilization__stdcell"", ""3_3_place_gp__globalplace__design__nets"", ""3_3_place_gp__globalplace__gpl__area__final"", ""3_3_place_gp__globalplace__gpl__area__timing_delta"", ""3_3_place_gp__globalplace__gpl__area__timing_delta__percent"", ""3_3_place_gp__globalplace__power__internal__total"", ""3_3_place_gp__globalplace__power__switching__total"", ""3_3_place_gp__globalplace__power__total"", ""3_3_place_gp__globalplace__timing__fmax"", ""3_3_place_gp__globalplace__timing__fmax__clock:core_clock"", ""3_3_place_gp__globalplace__timing__setup__ws"", ""3_4_place_resized__placeopt__design__instance__area"", ""3_4_place_resized__placeopt__design__instance__area__stdcell"", ""3_4_place_resized__placeopt__design__instance__count"", ""3_4_place_resized__placeopt__design__instance__count__stdcell""]",41,-0.07145488996539662
placement,area,42,3_4_place_resized__placeopt__design__instance__utilization,0.9974101824084203,0.0018923663714632574,4.271373372395844,6.386156744274758,"[""3_3_place_gp__globalplace__timing__setup__tns"", ""3_3_place_gp__globalplace__gpl__area__original"", ""3_5_place_dp__detailedplace__dpl__hpwl__delta"", ""3_5_place_dp__detailedplace__dpl__hpwl__delta__percent"", ""3_3_place_gp__globalplace__gpl__convergence__iteration"", ""3_3_place_gp__globalplace__power__leakage__total"", ""3_3_place_gp__globalplace__gpl__routability__congestion"", ""3_5_place_dp__detailedplace__timing__drv__max_cap_limit"", ""3_5_place_dp__detailedplace__design__instance__displacement__max"", ""3_3_place_gp__globalplace__design__instance__area"", ""3_3_place_gp__globalplace__gpl__area__final__percent"", ""3_4_place_resized__placeopt__power__leakage__total"", ""3_5_place_dp__detailedplace__timing__hold__ws"", ""3_3_place_gp__globalplace__design__instance__count"", ""3_5_place_dp__detailedplace__design__instance__displacement__mean"", ""3_3_place_gp__globalplace__design__instance__count__stdcell"", ""3_3_place_gp__globalplace__gpl__routability__iteration"", ""3_4_place_resized__placeopt__timing__drv__max_cap_limit"", ""3_5_place_dp__detailedplace__timing__drv__max_slew_limit"", ""3_5_place_dp__detailedplace__negotiation__converge__phase_1__iteration"", ""3_3_place_gp__globalplace__timing__hold__ws"", ""3_5_place_dp__detailedplace__route__wirelength__estimated"", ""3_5_place_dp__detailedplace__design__instance__displacement__total"", ""3_4_place_resized__placeopt__timing__hold__ws"", ""3_3_place_gp__globalplace__design__instance__area__stdcell"", ""3_3_place_gp__globalplace__design__instance__utilization"", ""3_3_place_gp__globalplace__design__instance__utilization__stdcell"", ""3_3_place_gp__globalplace__design__nets"", ""3_3_place_gp__globalplace__gpl__area__final"", ""3_3_place_gp__globalplace__gpl__area__timing_delta"", ""3_3_place_gp__globalplace__gpl__area__timing_delta__percent"", ""3_3_place_gp__globalplace__power__internal__total"", ""3_3_place_gp__globalplace__power__switching__total"", ""3_3_place_gp__globalplace__power__total"", ""3_3_place_gp__globalplace__timing__fmax"", ""3_3_place_gp__globalplace__timing__fmax__clock:core_clock"", ""3_3_place_gp__globalplace__timing__setup__ws"", ""3_4_place_resized__placeopt__design__instance__area"", ""3_4_place_resized__placeopt__design__instance__area__stdcell"", ""3_4_place_resized__placeopt__design__instance__count"", ""3_4_place_resized__placeopt__design__instance__count__stdcell"", ""3_4_place_resized__placeopt__design__instance__utilization""]",42,-0.07145488996539662
placement,area,43,3_4_place_resized__placeopt__design__instance__utilization__stdcell,0.9972499861162328,0.0025375001318907256,4.030568229166678,6.292901472437393,"[""3_3_place_gp__globalplace__timing__setup__tns"", ""3_3_place_gp__globalplace__gpl__area__original"", ""3_5_place_dp__detailedplace__dpl__hpwl__delta"", ""3_5_place_dp__detailedplace__dpl__hpwl__delta__percent"", ""3_3_place_gp__globalplace__gpl__convergence__iteration"", ""3_3_place_gp__globalplace__power__leakage__total"", ""3_3_place_gp__globalplace__gpl__routability__congestion"", ""3_5_place_dp__detailedplace__timing__drv__max_cap_limit"", ""3_5_place_dp__detailedplace__design__instance__displacement__max"", ""3_3_place_gp__globalplace__design__instance__area"", ""3_3_place_gp__globalplace__gpl__area__final__percent"", ""3_4_place_resized__placeopt__power__leakage__total"", ""3_5_place_dp__detailedplace__timing__hold__ws"", ""3_3_place_gp__globalplace__design__instance__count"", ""3_5_place_dp__detailedplace__design__instance__displacement__mean"", ""3_3_place_gp__globalplace__design__instance__count__stdcell"", ""3_3_place_gp__globalplace__gpl__routability__iteration"", ""3_4_place_resized__placeopt__timing__drv__max_cap_limit"", ""3_5_place_dp__detailedplace__timing__drv__max_slew_limit"", ""3_5_place_dp__detailedplace__negotiation__converge__phase_1__iteration"", ""3_3_place_gp__globalplace__timing__hold__ws"", ""3_5_place_dp__detailedplace__route__wirelength__estimated"", ""3_5_place_dp__detailedplace__design__instance__displacement__total"", ""3_4_place_resized__placeopt__timing__hold__ws"", ""3_3_place_gp__globalplace__design__instance__area__stdcell"", ""3_3_place_gp__globalplace__design__instance__utilization"", ""3_3_place_gp__globalplace__design__instance__utilization__stdcell"", ""3_3_place_gp__globalplace__design__nets"", ""3_3_place_gp__globalplace__gpl__area__final"", ""3_3_place_gp__globalplace__gpl__area__timing_delta"", ""3_3_place_gp__globalplace__gpl__area__timing_delta__percent"", ""3_3_place_gp__globalplace__power__internal__total"", ""3_3_place_gp__globalplace__power__switching__total"", ""3_3_place_gp__globalplace__power__total"", ""3_3_place_gp__globalplace__timing__fmax"", ""3_3_place_gp__globalplace__timing__fmax__clock:core_clock"", ""3_3_place_gp__globalplace__timing__setup__ws"", ""3_4_place_resized__placeopt__design__instance__area"", ""3_4_place_resized__placeopt__design__instance__area__stdcell"", ""3_4_place_resized__placeopt__design__instance__count"", ""3_4_place_resized__placeopt__design__instance__count__stdcell"", ""3_4_place_resized__placeopt__design__instance__utilization"", ""3_4_place_resized__placeopt__design__instance__utilization__stdcell""]",43,-0.07145488996539662
placement,area,44,3_4_place_resized__placeopt__design__nets,0.9969650417698843,0.0016663295544650282,4.449640787760427,7.06199062180612,"[""3_3_place_gp__globalplace__timing__setup__tns"", ""3_3_place_gp__globalplace__gpl__area__original"", ""3_5_place_dp__detailedplace__dpl__hpwl__delta"", ""3_5_place_dp__detailedplace__dpl__hpwl__delta__percent"", ""3_3_place_gp__globalplace__gpl__convergence__iteration"", ""3_3_place_gp__globalplace__power__leakage__total"", ""3_3_place_gp__globalplace__gpl__routability__congestion"", ""3_5_place_dp__detailedplace__timing__drv__max_cap_limit"", ""3_5_place_dp__detailedplace__design__instance__displacement__max"", ""3_3_place_gp__globalplace__design__instance__area"", ""3_3_place_gp__globalplace__gpl__area__final__percent"", ""3_4_place_resized__placeopt__power__leakage__total"", ""3_5_place_dp__detailedplace__timing__hold__ws"", ""3_3_place_gp__globalplace__design__instance__count"", ""3_5_place_dp__detailedplace__design__instance__displacement__mean"", ""3_3_place_gp__globalplace__design__instance__count__stdcell"", ""3_3_place_gp__globalplace__gpl__routability__iteration"", ""3_4_place_resized__placeopt__timing__drv__max_cap_limit"", ""3_5_place_dp__detailedplace__timing__drv__max_slew_limit"", ""3_5_place_dp__detailedplace__negotiation__converge__phase_1__iteration"", ""3_3_place_gp__globalplace__timing__hold__ws"", ""3_5_place_dp__detailedplace__route__wirelength__estimated"", ""3_5_place_dp__detailedplace__design__instance__displacement__total"", ""3_4_place_resized__placeopt__timing__hold__ws"", ""3_3_place_gp__globalplace__design__instance__area__stdcell"", ""3_3_place_gp__globalplace__design__instance__utilization"", ""3_3_place_gp__globalplace__design__instance__utilization__stdcell"", ""3_3_place_gp__globalplace__design__nets"", ""3_3_place_gp__globalplace__gpl__area__final"", ""3_3_place_gp__globalplace__gpl__area__timing_delta"", ""3_3_place_gp__globalplace__gpl__area__timing_delta__percent"", ""3_3_place_gp__globalplace__power__internal__total"", ""3_3_place_gp__globalplace__power__switching__total"", ""3_3_place_gp__globalplace__power__total"", ""3_3_place_gp__globalplace__timing__fmax"", ""3_3_place_gp__globalplace__timing__fmax__clock:core_clock"", ""3_3_place_gp__globalplace__timing__setup__ws"", ""3_4_place_resized__placeopt__design__instance__area"", ""3_4_place_resized__placeopt__design__instance__area__stdcell"", ""3_4_place_resized__placeopt__design__instance__count"", ""3_4_place_resized__placeopt__design__instance__count__stdcell"", ""3_4_place_resized__placeopt__design__instance__utilization"", ""3_4_place_resized__placeopt__design__instance__utilization__stdcell"", ""3_4_place_resized__placeopt__design__nets""]",44,-0.07145488996539662
placement,area,45,3_4_place_resized__placeopt__power__internal__total,0.9969575858945644,0.0024635356189156173,4.228313997395844,6.764765351524662,"[""3_3_place_gp__globalplace__timing__setup__tns"", ""3_3_place_gp__globalplace__gpl__area__original"", ""3_5_place_dp__detailedplace__dpl__hpwl__delta"", ""3_5_place_dp__detailedplace__dpl__hpwl__delta__percent"", ""3_3_place_gp__globalplace__gpl__convergence__iteration"", ""3_3_place_gp__globalplace__power__leakage__total"", ""3_3_place_gp__globalplace__gpl__routability__congestion"", ""3_5_place_dp__detailedplace__timing__drv__max_cap_limit"", ""3_5_place_dp__detailedplace__design__instance__displacement__max"", ""3_3_place_gp__globalplace__design__instance__area"", ""3_3_place_gp__globalplace__gpl__area__final__percent"", ""3_4_place_resized__placeopt__power__leakage__total"", ""3_5_place_dp__detailedplace__timing__hold__ws"", ""3_3_place_gp__globalplace__design__instance__count"", ""3_5_place_dp__detailedplace__design__instance__displacement__mean"", ""3_3_place_gp__globalplace__design__instance__count__stdcell"", ""3_3_place_gp__globalplace__gpl__routability__iteration"", ""3_4_place_resized__placeopt__timing__drv__max_cap_limit"", ""3_5_place_dp__detailedplace__timing__drv__max_slew_limit"", ""3_5_place_dp__detailedplace__negotiation__converge__phase_1__iteration"", ""3_3_place_gp__globalplace__timing__hold__ws"", ""3_5_place_dp__detailedplace__route__wirelength__estimated"", ""3_5_place_dp__detailedplace__design__instance__displacement__total"", ""3_4_place_resized__placeopt__timing__hold__ws"", ""3_3_place_gp__globalplace__design__instance__area__stdcell"", ""3_3_place_gp__globalplace__design__instance__utilization"", ""3_3_place_gp__globalplace__design__instance__utilization__stdcell"", ""3_3_place_gp__globalplace__design__nets"", ""3_3_place_gp__globalplace__gpl__area__final"", ""3_3_place_gp__globalplace__gpl__area__timing_delta"", ""3_3_place_gp__globalplace__gpl__area__timing_delta__percent"", ""3_3_place_gp__globalplace__power__internal__total"", ""3_3_place_gp__globalplace__power__switching__total"", ""3_3_place_gp__globalplace__power__total"", ""3_3_place_gp__globalplace__timing__fmax"", ""3_3_place_gp__globalplace__timing__fmax__clock:core_clock"", ""3_3_place_gp__globalplace__timing__setup__ws"", ""3_4_place_resized__placeopt__design__instance__area"", ""3_4_place_resized__placeopt__design__instance__area__stdcell"", ""3_4_place_resized__placeopt__design__instance__count"", ""3_4_place_resized__placeopt__design__instance__count__stdcell"", ""3_4_place_resized__placeopt__design__instance__utilization"", ""3_4_place_resized__placeopt__design__instance__utilization__stdcell"", ""3_4_place_resized__placeopt__design__nets"", ""3_4_place_resized__placeopt__power__internal__total""]",45,-0.07145488996539662
placement,area,46,3_4_place_resized__placeopt__power__switching__total,0.9969375909747211,0.0018307587646148981,4.50848681640626,7.019159231335124,"[""3_3_place_gp__globalplace__timing__setup__tns"", ""3_3_place_gp__globalplace__gpl__area__original"", ""3_5_place_dp__detailedplace__dpl__hpwl__delta"", ""3_5_place_dp__detailedplace__dpl__hpwl__delta__percent"", ""3_3_place_gp__globalplace__gpl__convergence__iteration"", ""3_3_place_gp__globalplace__power__leakage__total"", ""3_3_place_gp__globalplace__gpl__routability__congestion"", ""3_5_place_dp__detailedplace__timing__drv__max_cap_limit"", ""3_5_place_dp__detailedplace__design__instance__displacement__max"", ""3_3_place_gp__globalplace__design__instance__area"", ""3_3_place_gp__globalplace__gpl__area__final__percent"", ""3_4_place_resized__placeopt__power__leakage__total"", ""3_5_place_dp__detailedplace__timing__hold__ws"", ""3_3_place_gp__globalplace__design__instance__count"", ""3_5_place_dp__detailedplace__design__instance__displacement__mean"", ""3_3_place_gp__globalplace__design__instance__count__stdcell"", ""3_3_place_gp__globalplace__gpl__routability__iteration"", ""3_4_place_resized__placeopt__timing__drv__max_cap_limit"", ""3_5_place_dp__detailedplace__timing__drv__max_slew_limit"", ""3_5_place_dp__detailedplace__negotiation__converge__phase_1__iteration"", ""3_3_place_gp__globalplace__timing__hold__ws"", ""3_5_place_dp__detailedplace__route__wirelength__estimated"", ""3_5_place_dp__detailedplace__design__instance__displacement__total"", ""3_4_place_resized__placeopt__timing__hold__ws"", ""3_3_place_gp__globalplace__design__instance__area__stdcell"", ""3_3_place_gp__globalplace__design__instance__utilization"", ""3_3_place_gp__globalplace__design__instance__utilization__stdcell"", ""3_3_place_gp__globalplace__design__nets"", ""3_3_place_gp__globalplace__gpl__area__final"", ""3_3_place_gp__globalplace__gpl__area__timing_delta"", ""3_3_place_gp__globalplace__gpl__area__timing_delta__percent"", ""3_3_place_gp__globalplace__power__internal__total"", ""3_3_place_gp__globalplace__power__switching__total"", ""3_3_place_gp__globalplace__power__total"", ""3_3_place_gp__globalplace__timing__fmax"", ""3_3_place_gp__globalplace__timing__fmax__clock:core_clock"", ""3_3_place_gp__globalplace__timing__setup__ws"", ""3_4_place_resized__placeopt__design__instance__area"", ""3_4_place_resized__placeopt__design__instance__area__stdcell"", ""3_4_place_resized__placeopt__design__instance__count"", ""3_4_place_resized__placeopt__design__instance__count__stdcell"", ""3_4_place_resized__placeopt__design__instance__utilization"", ""3_4_place_resized__placeopt__design__instance__utilization__stdcell"", ""3_4_place_resized__placeopt__design__nets"", ""3_4_place_resized__placeopt__power__internal__total"", ""3_4_place_resized__placeopt__power__switching__total""]",46,-0.07145488996539662
placement,area,47,3_4_place_resized__placeopt__power__total,0.9970506255541415,0.0016886506169961606,4.411664713541676,6.916638310090722,"[""3_3_place_gp__globalplace__timing__setup__tns"", ""3_3_place_gp__globalplace__gpl__area__original"", ""3_5_place_dp__detailedplace__dpl__hpwl__delta"", ""3_5_place_dp__detailedplace__dpl__hpwl__delta__percent"", ""3_3_place_gp__globalplace__gpl__convergence__iteration"", ""3_3_place_gp__globalplace__power__leakage__total"", ""3_3_place_gp__globalplace__gpl__routability__congestion"", ""3_5_place_dp__detailedplace__timing__drv__max_cap_limit"", ""3_5_place_dp__detailedplace__design__instance__displacement__max"", ""3_3_place_gp__globalplace__design__instance__area"", ""3_3_place_gp__globalplace__gpl__area__final__percent"", ""3_4_place_resized__placeopt__power__leakage__total"", ""3_5_place_dp__detailedplace__timing__hold__ws"", ""3_3_place_gp__globalplace__design__instance__count"", ""3_5_place_dp__detailedplace__design__instance__displacement__mean"", ""3_3_place_gp__globalplace__design__instance__count__stdcell"", ""3_3_place_gp__globalplace__gpl__routability__iteration"", ""3_4_place_resized__placeopt__timing__drv__max_cap_limit"", ""3_5_place_dp__detailedplace__timing__drv__max_slew_limit"", ""3_5_place_dp__detailedplace__negotiation__converge__phase_1__iteration"", ""3_3_place_gp__globalplace__timing__hold__ws"", ""3_5_place_dp__detailedplace__route__wirelength__estimated"", ""3_5_place_dp__detailedplace__design__instance__displacement__total"", ""3_4_place_resized__placeopt__timing__hold__ws"", ""3_3_place_gp__globalplace__design__instance__area__stdcell"", ""3_3_place_gp__globalplace__design__instance__utilization"", ""3_3_place_gp__globalplace__design__instance__utilization__stdcell"", ""3_3_place_gp__globalplace__design__nets"", ""3_3_place_gp__globalplace__gpl__area__final"", ""3_3_place_gp__globalplace__gpl__area__timing_delta"", ""3_3_place_gp__globalplace__gpl__area__timing_delta__percent"", ""3_3_place_gp__globalplace__power__internal__total"", ""3_3_place_gp__globalplace__power__switching__total"", ""3_3_place_gp__globalplace__power__total"", ""3_3_place_gp__globalplace__timing__fmax"", ""3_3_place_gp__globalplace__timing__fmax__clock:core_clock"", ""3_3_place_gp__globalplace__timing__setup__ws"", ""3_4_place_resized__placeopt__design__instance__area"", ""3_4_place_resized__placeopt__design__instance__area__stdcell"", ""3_4_place_resized__placeopt__design__instance__count"", ""3_4_place_resized__placeopt__design__instance__count__stdcell"", ""3_4_place_resized__placeopt__design__instance__utilization"", ""3_4_place_resized__placeopt__design__instance__utilization__stdcell"", ""3_4_place_resized__placeopt__design__nets"", ""3_4_place_resized__placeopt__power__internal__total"", ""3_4_place_resized__placeopt__power__switching__total"", ""3_4_place_resized__placeopt__power__total""]",47,-0.07145488996539662
placement,area,48,3_4_place_resized__placeopt__timing__drv__setup_violation_count,0.9967747871093043,0.0018506286851870954,4.569017415364594,7.211508679385022,"[""3_3_place_gp__globalplace__timing__setup__tns"", ""3_3_place_gp__globalplace__gpl__area__original"", ""3_5_place_dp__detailedplace__dpl__hpwl__delta"", ""3_5_place_dp__detailedplace__dpl__hpwl__delta__percent"", ""3_3_place_gp__globalplace__gpl__convergence__iteration"", ""3_3_place_gp__globalplace__power__leakage__total"", ""3_3_place_gp__globalplace__gpl__routability__congestion"", ""3_5_place_dp__detailedplace__timing__drv__max_cap_limit"", ""3_5_place_dp__detailedplace__design__instance__displacement__max"", ""3_3_place_gp__globalplace__design__instance__area"", ""3_3_place_gp__globalplace__gpl__area__final__percent"", ""3_4_place_resized__placeopt__power__leakage__total"", ""3_5_place_dp__detailedplace__timing__hold__ws"", ""3_3_place_gp__globalplace__design__instance__count"", ""3_5_place_dp__detailedplace__design__instance__displacement__mean"", ""3_3_place_gp__globalplace__design__instance__count__stdcell"", ""3_3_place_gp__globalplace__gpl__routability__iteration"", ""3_4_place_resized__placeopt__timing__drv__max_cap_limit"", ""3_5_place_dp__detailedplace__timing__drv__max_slew_limit"", ""3_5_place_dp__detailedplace__negotiation__converge__phase_1__iteration"", ""3_3_place_gp__globalplace__timing__hold__ws"", ""3_5_place_dp__detailedplace__route__wirelength__estimated"", ""3_5_place_dp__detailedplace__design__instance__displacement__total"", ""3_4_place_resized__placeopt__timing__hold__ws"", ""3_3_place_gp__globalplace__design__instance__area__stdcell"", ""3_3_place_gp__globalplace__design__instance__utilization"", ""3_3_place_gp__globalplace__design__instance__utilization__stdcell"", ""3_3_place_gp__globalplace__design__nets"", ""3_3_place_gp__globalplace__gpl__area__final"", ""3_3_place_gp__globalplace__gpl__area__timing_delta"", ""3_3_place_gp__globalplace__gpl__area__timing_delta__percent"", ""3_3_place_gp__globalplace__power__internal__total"", ""3_3_place_gp__globalplace__power__switching__total"", ""3_3_place_gp__globalplace__power__total"", ""3_3_place_gp__globalplace__timing__fmax"", ""3_3_place_gp__globalplace__timing__fmax__clock:core_clock"", ""3_3_place_gp__globalplace__timing__setup__ws"", ""3_4_place_resized__placeopt__design__instance__area"", ""3_4_place_resized__placeopt__design__instance__area__stdcell"", ""3_4_place_resized__placeopt__design__instance__count"", ""3_4_place_resized__placeopt__design__instance__count__stdcell"", ""3_4_place_resized__placeopt__design__instance__utilization"", ""3_4_place_resized__placeopt__design__instance__utilization__stdcell"", ""3_4_place_resized__placeopt__design__nets"", ""3_4_place_resized__placeopt__power__internal__total"", ""3_4_place_resized__placeopt__power__switching__total"", ""3_4_place_resized__placeopt__power__total"", ""3_4_place_resized__placeopt__timing__drv__setup_violation_count""]",48,-0.07145488996539662
placement,area,49,3_4_place_resized__placeopt__timing__fmax,0.9970143349911185,0.0018040719407129507,4.43910205078126,6.918544243502623,"[""3_3_place_gp__globalplace__timing__setup__tns"", ""3_3_place_gp__globalplace__gpl__area__original"", ""3_5_place_dp__detailedplace__dpl__hpwl__delta"", ""3_5_place_dp__detailedplace__dpl__hpwl__delta__percent"", ""3_3_place_gp__globalplace__gpl__convergence__iteration"", ""3_3_place_gp__globalplace__power__leakage__total"", ""3_3_place_gp__globalplace__gpl__routability__congestion"", ""3_5_place_dp__detailedplace__timing__drv__max_cap_limit"", ""3_5_place_dp__detailedplace__design__instance__displacement__max"", ""3_3_place_gp__globalplace__design__instance__area"", ""3_3_place_gp__globalplace__gpl__area__final__percent"", ""3_4_place_resized__placeopt__power__leakage__total"", ""3_5_place_dp__detailedplace__timing__hold__ws"", ""3_3_place_gp__globalplace__design__instance__count"", ""3_5_place_dp__detailedplace__design__instance__displacement__mean"", ""3_3_place_gp__globalplace__design__instance__count__stdcell"", ""3_3_place_gp__globalplace__gpl__routability__iteration"", ""3_4_place_resized__placeopt__timing__drv__max_cap_limit"", ""3_5_place_dp__detailedplace__timing__drv__max_slew_limit"", ""3_5_place_dp__detailedplace__negotiation__converge__phase_1__iteration"", ""3_3_place_gp__globalplace__timing__hold__ws"", ""3_5_place_dp__detailedplace__route__wirelength__estimated"", ""3_5_place_dp__detailedplace__design__instance__displacement__total"", ""3_4_place_resized__placeopt__timing__hold__ws"", ""3_3_place_gp__globalplace__design__instance__area__stdcell"", ""3_3_place_gp__globalplace__design__instance__utilization"", ""3_3_place_gp__globalplace__design__instance__utilization__stdcell"", ""3_3_place_gp__globalplace__design__nets"", ""3_3_place_gp__globalplace__gpl__area__final"", ""3_3_place_gp__globalplace__gpl__area__timing_delta"", ""3_3_place_gp__globalplace__gpl__area__timing_delta__percent"", ""3_3_place_gp__globalplace__power__internal__total"", ""3_3_place_gp__globalplace__power__switching__total"", ""3_3_place_gp__globalplace__power__total"", ""3_3_place_gp__globalplace__timing__fmax"", ""3_3_place_gp__globalplace__timing__fmax__clock:core_clock"", ""3_3_place_gp__globalplace__timing__setup__ws"", ""3_4_place_resized__placeopt__design__instance__area"", ""3_4_place_resized__placeopt__design__instance__area__stdcell"", ""3_4_place_resized__placeopt__design__instance__count"", ""3_4_place_resized__placeopt__design__instance__count__stdcell"", ""3_4_place_resized__placeopt__design__instance__utilization"", ""3_4_place_resized__placeopt__design__instance__utilization__stdcell"", ""3_4_place_resized__placeopt__design__nets"", ""3_4_place_resized__placeopt__power__internal__total"", ""3_4_place_resized__placeopt__power__switching__total"", ""3_4_place_resized__placeopt__power__total"", ""3_4_place_resized__placeopt__timing__drv__setup_violation_count"", ""3_4_place_resized__placeopt__timing__fmax""]",49,-0.07145488996539662
placement,area,50,3_4_place_resized__placeopt__timing__fmax__clock:core_clock,0.9969096100534789,0.001837665694526216,4.45582568359376,7.044894828415532,"[""3_3_place_gp__globalplace__timing__setup__tns"", ""3_3_place_gp__globalplace__gpl__area__original"", ""3_5_place_dp__detailedplace__dpl__hpwl__delta"", ""3_5_place_dp__detailedplace__dpl__hpwl__delta__percent"", ""3_3_place_gp__globalplace__gpl__convergence__iteration"", ""3_3_place_gp__globalplace__power__leakage__total"", ""3_3_place_gp__globalplace__gpl__routability__congestion"", ""3_5_place_dp__detailedplace__timing__drv__max_cap_limit"", ""3_5_place_dp__detailedplace__design__instance__displacement__max"", ""3_3_place_gp__globalplace__design__instance__area"", ""3_3_place_gp__globalplace__gpl__area__final__percent"", ""3_4_place_resized__placeopt__power__leakage__total"", ""3_5_place_dp__detailedplace__timing__hold__ws"", ""3_3_place_gp__globalplace__design__instance__count"", ""3_5_place_dp__detailedplace__design__instance__displacement__mean"", ""3_3_place_gp__globalplace__design__instance__count__stdcell"", ""3_3_place_gp__globalplace__gpl__routability__iteration"", ""3_4_place_resized__placeopt__timing__drv__max_cap_limit"", ""3_5_place_dp__detailedplace__timing__drv__max_slew_limit"", ""3_5_place_dp__detailedplace__negotiation__converge__phase_1__iteration"", ""3_3_place_gp__globalplace__timing__hold__ws"", ""3_5_place_dp__detailedplace__route__wirelength__estimated"", ""3_5_place_dp__detailedplace__design__instance__displacement__total"", ""3_4_place_resized__placeopt__timing__hold__ws"", ""3_3_place_gp__globalplace__design__instance__area__stdcell"", ""3_3_place_gp__globalplace__design__instance__utilization"", ""3_3_place_gp__globalplace__design__instance__utilization__stdcell"", ""3_3_place_gp__globalplace__design__nets"", ""3_3_place_gp__globalplace__gpl__area__final"", ""3_3_place_gp__globalplace__gpl__area__timing_delta"", ""3_3_place_gp__globalplace__gpl__area__timing_delta__percent"", ""3_3_place_gp__globalplace__power__internal__total"", ""3_3_place_gp__globalplace__power__switching__total"", ""3_3_place_gp__globalplace__power__total"", ""3_3_place_gp__globalplace__timing__fmax"", ""3_3_place_gp__globalplace__timing__fmax__clock:core_clock"", ""3_3_place_gp__globalplace__timing__setup__ws"", ""3_4_place_resized__placeopt__design__instance__area"", ""3_4_place_resized__placeopt__design__instance__area__stdcell"", ""3_4_place_resized__placeopt__design__instance__count"", ""3_4_place_resized__placeopt__design__instance__count__stdcell"", ""3_4_place_resized__placeopt__design__instance__utilization"", ""3_4_place_resized__placeopt__design__instance__utilization__stdcell"", ""3_4_place_resized__placeopt__design__nets"", ""3_4_place_resized__placeopt__power__internal__total"", ""3_4_place_resized__placeopt__power__switching__total"", ""3_4_place_resized__placeopt__power__total"", ""3_4_place_resized__placeopt__timing__drv__setup_violation_count"", ""3_4_place_resized__placeopt__timing__fmax"", ""3_4_place_resized__placeopt__timing__fmax__clock:core_clock""]",50,-0.07145488996539662
placement,area,51,3_4_place_resized__placeopt__timing__setup__tns,0.9972846607673903,0.0017800063681686815,4.295303222656261,6.580634240894248,"[""3_3_place_gp__globalplace__timing__setup__tns"", ""3_3_place_gp__globalplace__gpl__area__original"", ""3_5_place_dp__detailedplace__dpl__hpwl__delta"", ""3_5_place_dp__detailedplace__dpl__hpwl__delta__percent"", ""3_3_place_gp__globalplace__gpl__convergence__iteration"", ""3_3_place_gp__globalplace__power__leakage__total"", ""3_3_place_gp__globalplace__gpl__routability__congestion"", ""3_5_place_dp__detailedplace__timing__drv__max_cap_limit"", ""3_5_place_dp__detailedplace__design__instance__displacement__max"", ""3_3_place_gp__globalplace__design__instance__area"", ""3_3_place_gp__globalplace__gpl__area__final__percent"", ""3_4_place_resized__placeopt__power__leakage__total"", ""3_5_place_dp__detailedplace__timing__hold__ws"", ""3_3_place_gp__globalplace__design__instance__count"", ""3_5_place_dp__detailedplace__design__instance__displacement__mean"", ""3_3_place_gp__globalplace__design__instance__count__stdcell"", ""3_3_place_gp__globalplace__gpl__routability__iteration"", ""3_4_place_resized__placeopt__timing__drv__max_cap_limit"", ""3_5_place_dp__detailedplace__timing__drv__max_slew_limit"", ""3_5_place_dp__detailedplace__negotiation__converge__phase_1__iteration"", ""3_3_place_gp__globalplace__timing__hold__ws"", ""3_5_place_dp__detailedplace__route__wirelength__estimated"", ""3_5_place_dp__detailedplace__design__instance__displacement__total"", ""3_4_place_resized__placeopt__timing__hold__ws"", ""3_3_place_gp__globalplace__design__instance__area__stdcell"", ""3_3_place_gp__globalplace__design__instance__utilization"", ""3_3_place_gp__globalplace__design__instance__utilization__stdcell"", ""3_3_place_gp__globalplace__design__nets"", ""3_3_place_gp__globalplace__gpl__area__final"", ""3_3_place_gp__globalplace__gpl__area__timing_delta"", ""3_3_place_gp__globalplace__gpl__area__timing_delta__percent"", ""3_3_place_gp__globalplace__power__internal__total"", ""3_3_place_gp__globalplace__power__switching__total"", ""3_3_place_gp__globalplace__power__total"", ""3_3_place_gp__globalplace__timing__fmax"", ""3_3_place_gp__globalplace__timing__fmax__clock:core_clock"", ""3_3_place_gp__globalplace__timing__setup__ws"", ""3_4_place_resized__placeopt__design__instance__area"", ""3_4_place_resized__placeopt__design__instance__area__stdcell"", ""3_4_place_resized__placeopt__design__instance__count"", ""3_4_place_resized__placeopt__design__instance__count__stdcell"", ""3_4_place_resized__placeopt__design__instance__utilization"", ""3_4_place_resized__placeopt__design__instance__utilization__stdcell"", ""3_4_place_resized__placeopt__design__nets"", ""3_4_place_resized__placeopt__power__internal__total"", ""3_4_place_resized__placeopt__power__switching__total"", ""3_4_place_resized__placeopt__power__total"", ""3_4_place_resized__placeopt__timing__drv__setup_violation_count"", ""3_4_place_resized__placeopt__timing__fmax"", ""3_4_place_resized__placeopt__timing__fmax__clock:core_clock"", ""3_4_place_resized__placeopt__timing__setup__tns""]",51,-0.07145488996539662
placement,area,52,3_4_place_resized__placeopt__timing__setup__ws,0.996669863084953,0.0020443600033079267,4.436501953125011,7.300911308510408,"[""3_3_place_gp__globalplace__timing__setup__tns"", ""3_3_place_gp__globalplace__gpl__area__original"", ""3_5_place_dp__detailedplace__dpl__hpwl__delta"", ""3_5_place_dp__detailedplace__dpl__hpwl__delta__percent"", ""3_3_place_gp__globalplace__gpl__convergence__iteration"", ""3_3_place_gp__globalplace__power__leakage__total"", ""3_3_place_gp__globalplace__gpl__routability__congestion"", ""3_5_place_dp__detailedplace__timing__drv__max_cap_limit"", ""3_5_place_dp__detailedplace__design__instance__displacement__max"", ""3_3_place_gp__globalplace__design__instance__area"", ""3_3_place_gp__globalplace__gpl__area__final__percent"", ""3_4_place_resized__placeopt__power__leakage__total"", ""3_5_place_dp__detailedplace__timing__hold__ws"", ""3_3_place_gp__globalplace__design__instance__count"", ""3_5_place_dp__detailedplace__design__instance__displacement__mean"", ""3_3_place_gp__globalplace__design__instance__count__stdcell"", ""3_3_place_gp__globalplace__gpl__routability__iteration"", ""3_4_place_resized__placeopt__timing__drv__max_cap_limit"", ""3_5_place_dp__detailedplace__timing__drv__max_slew_limit"", ""3_5_place_dp__detailedplace__negotiation__converge__phase_1__iteration"", ""3_3_place_gp__globalplace__timing__hold__ws"", ""3_5_place_dp__detailedplace__route__wirelength__estimated"", ""3_5_place_dp__detailedplace__design__instance__displacement__total"", ""3_4_place_resized__placeopt__timing__hold__ws"", ""3_3_place_gp__globalplace__design__instance__area__stdcell"", ""3_3_place_gp__globalplace__design__instance__utilization"", ""3_3_place_gp__globalplace__design__instance__utilization__stdcell"", ""3_3_place_gp__globalplace__design__nets"", ""3_3_place_gp__globalplace__gpl__area__final"", ""3_3_place_gp__globalplace__gpl__area__timing_delta"", ""3_3_place_gp__globalplace__gpl__area__timing_delta__percent"", ""3_3_place_gp__globalplace__power__internal__total"", ""3_3_place_gp__globalplace__power__switching__total"", ""3_3_place_gp__globalplace__power__total"", ""3_3_place_gp__globalplace__timing__fmax"", ""3_3_place_gp__globalplace__timing__fmax__clock:core_clock"", ""3_3_place_gp__globalplace__timing__setup__ws"", ""3_4_place_resized__placeopt__design__instance__area"", ""3_4_place_resized__placeopt__design__instance__area__stdcell"", ""3_4_place_resized__placeopt__design__instance__count"", ""3_4_place_resized__placeopt__design__instance__count__stdcell"", ""3_4_place_resized__placeopt__design__instance__utilization"", ""3_4_place_resized__placeopt__design__instance__utilization__stdcell"", ""3_4_place_resized__placeopt__design__nets"", ""3_4_place_resized__placeopt__power__internal__total"", ""3_4_place_resized__placeopt__power__switching__total"", ""3_4_place_resized__placeopt__power__total"", ""3_4_place_resized__placeopt__timing__drv__setup_violation_count"", ""3_4_place_resized__placeopt__timing__fmax"", ""3_4_place_resized__placeopt__timing__fmax__clock:core_clock"", ""3_4_place_resized__placeopt__timing__setup__tns"", ""3_4_place_resized__placeopt__timing__setup__ws""]",52,-0.07145488996539662
placement,area,53,3_5_place_dp__detailedplace__design__instance__area,0.9971440513288824,0.0018284048844317922,4.346796549479177,6.753634975120151,"[""3_3_place_gp__globalplace__timing__setup__tns"", ""3_3_place_gp__globalplace__gpl__area__original"", ""3_5_place_dp__detailedplace__dpl__hpwl__delta"", ""3_5_place_dp__detailedplace__dpl__hpwl__delta__percent"", ""3_3_place_gp__globalplace__gpl__convergence__iteration"", ""3_3_place_gp__globalplace__power__leakage__total"", ""3_3_place_gp__globalplace__gpl__routability__congestion"", ""3_5_place_dp__detailedplace__timing__drv__max_cap_limit"", ""3_5_place_dp__detailedplace__design__instance__displacement__max"", ""3_3_place_gp__globalplace__design__instance__area"", ""3_3_place_gp__globalplace__gpl__area__final__percent"", ""3_4_place_resized__placeopt__power__leakage__total"", ""3_5_place_dp__detailedplace__timing__hold__ws"", ""3_3_place_gp__globalplace__design__instance__count"", ""3_5_place_dp__detailedplace__design__instance__displacement__mean"", ""3_3_place_gp__globalplace__design__instance__count__stdcell"", ""3_3_place_gp__globalplace__gpl__routability__iteration"", ""3_4_place_resized__placeopt__timing__drv__max_cap_limit"", ""3_5_place_dp__detailedplace__timing__drv__max_slew_limit"", ""3_5_place_dp__detailedplace__negotiation__converge__phase_1__iteration"", ""3_3_place_gp__globalplace__timing__hold__ws"", ""3_5_place_dp__detailedplace__route__wirelength__estimated"", ""3_5_place_dp__detailedplace__design__instance__displacement__total"", ""3_4_place_resized__placeopt__timing__hold__ws"", ""3_3_place_gp__globalplace__design__instance__area__stdcell"", ""3_3_place_gp__globalplace__design__instance__utilization"", ""3_3_place_gp__globalplace__design__instance__utilization__stdcell"", ""3_3_place_gp__globalplace__design__nets"", ""3_3_place_gp__globalplace__gpl__area__final"", ""3_3_place_gp__globalplace__gpl__area__timing_delta"", ""3_3_place_gp__globalplace__gpl__area__timing_delta__percent"", ""3_3_place_gp__globalplace__power__internal__total"", ""3_3_place_gp__globalplace__power__switching__total"", ""3_3_place_gp__globalplace__power__total"", ""3_3_place_gp__globalplace__timing__fmax"", ""3_3_place_gp__globalplace__timing__fmax__clock:core_clock"", ""3_3_place_gp__globalplace__timing__setup__ws"", ""3_4_place_resized__placeopt__design__instance__area"", ""3_4_place_resized__placeopt__design__instance__area__stdcell"", ""3_4_place_resized__placeopt__design__instance__count"", ""3_4_place_resized__placeopt__design__instance__count__stdcell"", ""3_4_place_resized__placeopt__design__instance__utilization"", ""3_4_place_resized__placeopt__design__instance__utilization__stdcell"", ""3_4_place_resized__placeopt__design__nets"", ""3_4_place_resized__placeopt__power__internal__total"", ""3_4_place_resized__placeopt__power__switching__total"", ""3_4_place_resized__placeopt__power__total"", ""3_4_place_resized__placeopt__timing__drv__setup_violation_count"", ""3_4_place_resized__placeopt__timing__fmax"", ""3_4_place_resized__placeopt__timing__fmax__clock:core_clock"", ""3_4_place_resized__placeopt__timing__setup__tns"", ""3_4_place_resized__placeopt__timing__setup__ws"", ""3_5_place_dp__detailedplace__design__instance__area""]",53,-0.07145488996539662
placement,area,54,3_5_place_dp__detailedplace__design__instance__area__stdcell,0.9967422779633739,0.0020412380695137553,4.48385302734376,7.2088231308808375,"[""3_3_place_gp__globalplace__timing__setup__tns"", ""3_3_place_gp__globalplace__gpl__area__original"", ""3_5_place_dp__detailedplace__dpl__hpwl__delta"", ""3_5_place_dp__detailedplace__dpl__hpwl__delta__percent"", ""3_3_place_gp__globalplace__gpl__convergence__iteration"", ""3_3_place_gp__globalplace__power__leakage__total"", ""3_3_place_gp__globalplace__gpl__routability__congestion"", ""3_5_place_dp__detailedplace__timing__drv__max_cap_limit"", ""3_5_place_dp__detailedplace__design__instance__displacement__max"", ""3_3_place_gp__globalplace__design__instance__area"", ""3_3_place_gp__globalplace__gpl__area__final__percent"", ""3_4_place_resized__placeopt__power__leakage__total"", ""3_5_place_dp__detailedplace__timing__hold__ws"", ""3_3_place_gp__globalplace__design__instance__count"", ""3_5_place_dp__detailedplace__design__instance__displacement__mean"", ""3_3_place_gp__globalplace__design__instance__count__stdcell"", ""3_3_place_gp__globalplace__gpl__routability__iteration"", ""3_4_place_resized__placeopt__timing__drv__max_cap_limit"", ""3_5_place_dp__detailedplace__timing__drv__max_slew_limit"", ""3_5_place_dp__detailedplace__negotiation__converge__phase_1__iteration"", ""3_3_place_gp__globalplace__timing__hold__ws"", ""3_5_place_dp__detailedplace__route__wirelength__estimated"", ""3_5_place_dp__detailedplace__design__instance__displacement__total"", ""3_4_place_resized__placeopt__timing__hold__ws"", ""3_3_place_gp__globalplace__design__instance__area__stdcell"", ""3_3_place_gp__globalplace__design__instance__utilization"", ""3_3_place_gp__globalplace__design__instance__utilization__stdcell"", ""3_3_place_gp__globalplace__design__nets"", ""3_3_place_gp__globalplace__gpl__area__final"", ""3_3_place_gp__globalplace__gpl__area__timing_delta"", ""3_3_place_gp__globalplace__gpl__area__timing_delta__percent"", ""3_3_place_gp__globalplace__power__internal__total"", ""3_3_place_gp__globalplace__power__switching__total"", ""3_3_place_gp__globalplace__power__total"", ""3_3_place_gp__globalplace__timing__fmax"", ""3_3_place_gp__globalplace__timing__fmax__clock:core_clock"", ""3_3_place_gp__globalplace__timing__setup__ws"", ""3_4_place_resized__placeopt__design__instance__area"", ""3_4_place_resized__placeopt__design__instance__area__stdcell"", ""3_4_place_resized__placeopt__design__instance__count"", ""3_4_place_resized__placeopt__design__instance__count__stdcell"", ""3_4_place_resized__placeopt__design__instance__utilization"", ""3_4_place_resized__placeopt__design__instance__utilization__stdcell"", ""3_4_place_resized__placeopt__design__nets"", ""3_4_place_resized__placeopt__power__internal__total"", ""3_4_place_resized__placeopt__power__switching__total"", ""3_4_place_resized__placeopt__power__total"", ""3_4_place_resized__placeopt__timing__drv__setup_violation_count"", ""3_4_place_resized__placeopt__timing__fmax"", ""3_4_place_resized__placeopt__timing__fmax__clock:core_clock"", ""3_4_place_resized__placeopt__timing__setup__tns"", ""3_4_place_resized__placeopt__timing__setup__ws"", ""3_5_place_dp__detailedplace__design__instance__area"", ""3_5_place_dp__detailedplace__design__instance__area__stdcell""]",54,-0.07145488996539662
placement,area,55,3_5_place_dp__detailedplace__design__instance__count,0.9970985661938392,0.001682229108031249,4.369208658854177,6.847782315024092,"[""3_3_place_gp__globalplace__timing__setup__tns"", ""3_3_place_gp__globalplace__gpl__area__original"", ""3_5_place_dp__detailedplace__dpl__hpwl__delta"", ""3_5_place_dp__detailedplace__dpl__hpwl__delta__percent"", ""3_3_place_gp__globalplace__gpl__convergence__iteration"", ""3_3_place_gp__globalplace__power__leakage__total"", ""3_3_place_gp__globalplace__gpl__routability__congestion"", ""3_5_place_dp__detailedplace__timing__drv__max_cap_limit"", ""3_5_place_dp__detailedplace__design__instance__displacement__max"", ""3_3_place_gp__globalplace__design__instance__area"", ""3_3_place_gp__globalplace__gpl__area__final__percent"", ""3_4_place_resized__placeopt__power__leakage__total"", ""3_5_place_dp__detailedplace__timing__hold__ws"", ""3_3_place_gp__globalplace__design__instance__count"", ""3_5_place_dp__detailedplace__design__instance__displacement__mean"", ""3_3_place_gp__globalplace__design__instance__count__stdcell"", ""3_3_place_gp__globalplace__gpl__routability__iteration"", ""3_4_place_resized__placeopt__timing__drv__max_cap_limit"", ""3_5_place_dp__detailedplace__timing__drv__max_slew_limit"", ""3_5_place_dp__detailedplace__negotiation__converge__phase_1__iteration"", ""3_3_place_gp__globalplace__timing__hold__ws"", ""3_5_place_dp__detailedplace__route__wirelength__estimated"", ""3_5_place_dp__detailedplace__design__instance__displacement__total"", ""3_4_place_resized__placeopt__timing__hold__ws"", ""3_3_place_gp__globalplace__design__instance__area__stdcell"", ""3_3_place_gp__globalplace__design__instance__utilization"", ""3_3_place_gp__globalplace__design__instance__utilization__stdcell"", ""3_3_place_gp__globalplace__design__nets"", ""3_3_place_gp__globalplace__gpl__area__final"", ""3_3_place_gp__globalplace__gpl__area__timing_delta"", ""3_3_place_gp__globalplace__gpl__area__timing_delta__percent"", ""3_3_place_gp__globalplace__power__internal__total"", ""3_3_place_gp__globalplace__power__switching__total"", ""3_3_place_gp__globalplace__power__total"", ""3_3_place_gp__globalplace__timing__fmax"", ""3_3_place_gp__globalplace__timing__fmax__clock:core_clock"", ""3_3_place_gp__globalplace__timing__setup__ws"", ""3_4_place_resized__placeopt__design__instance__area"", ""3_4_place_resized__placeopt__design__instance__area__stdcell"", ""3_4_place_resized__placeopt__design__instance__count"", ""3_4_place_resized__placeopt__design__instance__count__stdcell"", ""3_4_place_resized__placeopt__design__instance__utilization"", ""3_4_place_resized__placeopt__design__instance__utilization__stdcell"", ""3_4_place_resized__placeopt__design__nets"", ""3_4_place_resized__placeopt__power__internal__total"", ""3_4_place_resized__placeopt__power__switching__total"", ""3_4_place_resized__placeopt__power__total"", ""3_4_place_resized__placeopt__timing__drv__setup_violation_count"", ""3_4_place_resized__placeopt__timing__fmax"", ""3_4_place_resized__placeopt__timing__fmax__clock:core_clock"", ""3_4_place_resized__placeopt__timing__setup__tns"", ""3_4_place_resized__placeopt__timing__setup__ws"", ""3_5_place_dp__detailedplace__design__instance__area"", ""3_5_place_dp__detailedplace__design__instance__area__stdcell"", ""3_5_place_dp__detailedplace__design__instance__count""]",55,-0.07145488996539662
placement,area,56,3_5_place_dp__detailedplace__design__instance__count__stdcell,0.9969476644753233,0.0018187540383177165,4.410480631510427,7.059562074907941,"[""3_3_place_gp__globalplace__timing__setup__tns"", ""3_3_place_gp__globalplace__gpl__area__original"", ""3_5_place_dp__detailedplace__dpl__hpwl__delta"", ""3_5_place_dp__detailedplace__dpl__hpwl__delta__percent"", ""3_3_place_gp__globalplace__gpl__convergence__iteration"", ""3_3_place_gp__globalplace__power__leakage__total"", ""3_3_place_gp__globalplace__gpl__routability__congestion"", ""3_5_place_dp__detailedplace__timing__drv__max_cap_limit"", ""3_5_place_dp__detailedplace__design__instance__displacement__max"", ""3_3_place_gp__globalplace__design__instance__area"", ""3_3_place_gp__globalplace__gpl__area__final__percent"", ""3_4_place_resized__placeopt__power__leakage__total"", ""3_5_place_dp__detailedplace__timing__hold__ws"", ""3_3_place_gp__globalplace__design__instance__count"", ""3_5_place_dp__detailedplace__design__instance__displacement__mean"", ""3_3_place_gp__globalplace__design__instance__count__stdcell"", ""3_3_place_gp__globalplace__gpl__routability__iteration"", ""3_4_place_resized__placeopt__timing__drv__max_cap_limit"", ""3_5_place_dp__detailedplace__timing__drv__max_slew_limit"", ""3_5_place_dp__detailedplace__negotiation__converge__phase_1__iteration"", ""3_3_place_gp__globalplace__timing__hold__ws"", ""3_5_place_dp__detailedplace__route__wirelength__estimated"", ""3_5_place_dp__detailedplace__design__instance__displacement__total"", ""3_4_place_resized__placeopt__timing__hold__ws"", ""3_3_place_gp__globalplace__design__instance__area__stdcell"", ""3_3_place_gp__globalplace__design__instance__utilization"", ""3_3_place_gp__globalplace__design__instance__utilization__stdcell"", ""3_3_place_gp__globalplace__design__nets"", ""3_3_place_gp__globalplace__gpl__area__final"", ""3_3_place_gp__globalplace__gpl__area__timing_delta"", ""3_3_place_gp__globalplace__gpl__area__timing_delta__percent"", ""3_3_place_gp__globalplace__power__internal__total"", ""3_3_place_gp__globalplace__power__switching__total"", ""3_3_place_gp__globalplace__power__total"", ""3_3_place_gp__globalplace__timing__fmax"", ""3_3_place_gp__globalplace__timing__fmax__clock:core_clock"", ""3_3_place_gp__globalplace__timing__setup__ws"", ""3_4_place_resized__placeopt__design__instance__area"", ""3_4_place_resized__placeopt__design__instance__area__stdcell"", ""3_4_place_resized__placeopt__design__instance__count"", ""3_4_place_resized__placeopt__design__instance__count__stdcell"", ""3_4_place_resized__placeopt__design__instance__utilization"", ""3_4_place_resized__placeopt__design__instance__utilization__stdcell"", ""3_4_place_resized__placeopt__design__nets"", ""3_4_place_resized__placeopt__power__internal__total"", ""3_4_place_resized__placeopt__power__switching__total"", ""3_4_place_resized__placeopt__power__total"", ""3_4_place_resized__placeopt__timing__drv__setup_violation_count"", ""3_4_place_resized__placeopt__timing__fmax"", ""3_4_place_resized__placeopt__timing__fmax__clock:core_clock"", ""3_4_place_resized__placeopt__timing__setup__tns"", ""3_4_place_resized__placeopt__timing__setup__ws"", ""3_5_place_dp__detailedplace__design__instance__area"", ""3_5_place_dp__detailedplace__design__instance__area__stdcell"", ""3_5_place_dp__detailedplace__design__instance__count"", ""3_5_place_dp__detailedplace__design__instance__count__stdcell""]",56,-0.07145488996539662
placement,area,57,3_5_place_dp__detailedplace__design__instance__utilization,0.9964846364604479,0.0024743158101687853,4.603709798177094,7.369936202562243,"[""3_3_place_gp__globalplace__timing__setup__tns"", ""3_3_place_gp__globalplace__gpl__area__original"", ""3_5_place_dp__detailedplace__dpl__hpwl__delta"", ""3_5_place_dp__detailedplace__dpl__hpwl__delta__percent"", ""3_3_place_gp__globalplace__gpl__convergence__iteration"", ""3_3_place_gp__globalplace__power__leakage__total"", ""3_3_place_gp__globalplace__gpl__routability__congestion"", ""3_5_place_dp__detailedplace__timing__drv__max_cap_limit"", ""3_5_place_dp__detailedplace__design__instance__displacement__max"", ""3_3_place_gp__globalplace__design__instance__area"", ""3_3_place_gp__globalplace__gpl__area__final__percent"", ""3_4_place_resized__placeopt__power__leakage__total"", ""3_5_place_dp__detailedplace__timing__hold__ws"", ""3_3_place_gp__globalplace__design__instance__count"", ""3_5_place_dp__detailedplace__design__instance__displacement__mean"", ""3_3_place_gp__globalplace__design__instance__count__stdcell"", ""3_3_place_gp__globalplace__gpl__routability__iteration"", ""3_4_place_resized__placeopt__timing__drv__max_cap_limit"", ""3_5_place_dp__detailedplace__timing__drv__max_slew_limit"", ""3_5_place_dp__detailedplace__negotiation__converge__phase_1__iteration"", ""3_3_place_gp__globalplace__timing__hold__ws"", ""3_5_place_dp__detailedplace__route__wirelength__estimated"", ""3_5_place_dp__detailedplace__design__instance__displacement__total"", ""3_4_place_resized__placeopt__timing__hold__ws"", ""3_3_place_gp__globalplace__design__instance__area__stdcell"", ""3_3_place_gp__globalplace__design__instance__utilization"", ""3_3_place_gp__globalplace__design__instance__utilization__stdcell"", ""3_3_place_gp__globalplace__design__nets"", ""3_3_place_gp__globalplace__gpl__area__final"", ""3_3_place_gp__globalplace__gpl__area__timing_delta"", ""3_3_place_gp__globalplace__gpl__area__timing_delta__percent"", ""3_3_place_gp__globalplace__power__internal__total"", ""3_3_place_gp__globalplace__power__switching__total"", ""3_3_place_gp__globalplace__power__total"", ""3_3_place_gp__globalplace__timing__fmax"", ""3_3_place_gp__globalplace__timing__fmax__clock:core_clock"", ""3_3_place_gp__globalplace__timing__setup__ws"", ""3_4_place_resized__placeopt__design__instance__area"", ""3_4_place_resized__placeopt__design__instance__area__stdcell"", ""3_4_place_resized__placeopt__design__instance__count"", ""3_4_place_resized__placeopt__design__instance__count__stdcell"", ""3_4_place_resized__placeopt__design__instance__utilization"", ""3_4_place_resized__placeopt__design__instance__utilization__stdcell"", ""3_4_place_resized__placeopt__design__nets"", ""3_4_place_resized__placeopt__power__internal__total"", ""3_4_place_resized__placeopt__power__switching__total"", ""3_4_place_resized__placeopt__power__total"", ""3_4_place_resized__placeopt__timing__drv__setup_violation_count"", ""3_4_place_resized__placeopt__timing__fmax"", ""3_4_place_resized__placeopt__timing__fmax__clock:core_clock"", ""3_4_place_resized__placeopt__timing__setup__tns"", ""3_4_place_resized__placeopt__timing__setup__ws"", ""3_5_place_dp__detailedplace__design__instance__area"", ""3_5_place_dp__detailedplace__design__instance__area__stdcell"", ""3_5_place_dp__detailedplace__design__instance__count"", ""3_5_place_dp__detailedplace__design__instance__count__stdcell"", ""3_5_place_dp__detailedplace__design__instance__utilization""]",57,-0.07145488996539662
placement,area,58,3_5_place_dp__detailedplace__design__instance__utilization__stdcell,0.9962780047414374,0.003276576835137808,4.809246614583344,7.366265995237941,"[""3_3_place_gp__globalplace__timing__setup__tns"", ""3_3_place_gp__globalplace__gpl__area__original"", ""3_5_place_dp__detailedplace__dpl__hpwl__delta"", ""3_5_place_dp__detailedplace__dpl__hpwl__delta__percent"", ""3_3_place_gp__globalplace__gpl__convergence__iteration"", ""3_3_place_gp__globalplace__power__leakage__total"", ""3_3_place_gp__globalplace__gpl__routability__congestion"", ""3_5_place_dp__detailedplace__timing__drv__max_cap_limit"", ""3_5_place_dp__detailedplace__design__instance__displacement__max"", ""3_3_place_gp__globalplace__design__instance__area"", ""3_3_place_gp__globalplace__gpl__area__final__percent"", ""3_4_place_resized__placeopt__power__leakage__total"", ""3_5_place_dp__detailedplace__timing__hold__ws"", ""3_3_place_gp__globalplace__design__instance__count"", ""3_5_place_dp__detailedplace__design__instance__displacement__mean"", ""3_3_place_gp__globalplace__design__instance__count__stdcell"", ""3_3_place_gp__globalplace__gpl__routability__iteration"", ""3_4_place_resized__placeopt__timing__drv__max_cap_limit"", ""3_5_place_dp__detailedplace__timing__drv__max_slew_limit"", ""3_5_place_dp__detailedplace__negotiation__converge__phase_1__iteration"", ""3_3_place_gp__globalplace__timing__hold__ws"", ""3_5_place_dp__detailedplace__route__wirelength__estimated"", ""3_5_place_dp__detailedplace__design__instance__displacement__total"", ""3_4_place_resized__placeopt__timing__hold__ws"", ""3_3_place_gp__globalplace__design__instance__area__stdcell"", ""3_3_place_gp__globalplace__design__instance__utilization"", ""3_3_place_gp__globalplace__design__instance__utilization__stdcell"", ""3_3_place_gp__globalplace__design__nets"", ""3_3_place_gp__globalplace__gpl__area__final"", ""3_3_place_gp__globalplace__gpl__area__timing_delta"", ""3_3_place_gp__globalplace__gpl__area__timing_delta__percent"", ""3_3_place_gp__globalplace__power__internal__total"", ""3_3_place_gp__globalplace__power__switching__total"", ""3_3_place_gp__globalplace__power__total"", ""3_3_place_gp__globalplace__timing__fmax"", ""3_3_place_gp__globalplace__timing__fmax__clock:core_clock"", ""3_3_place_gp__globalplace__timing__setup__ws"", ""3_4_place_resized__placeopt__design__instance__area"", ""3_4_place_resized__placeopt__design__instance__area__stdcell"", ""3_4_place_resized__placeopt__design__instance__count"", ""3_4_place_resized__placeopt__design__instance__count__stdcell"", ""3_4_place_resized__placeopt__design__instance__utilization"", ""3_4_place_resized__placeopt__design__instance__utilization__stdcell"", ""3_4_place_resized__placeopt__design__nets"", ""3_4_place_resized__placeopt__power__internal__total"", ""3_4_place_resized__placeopt__power__switching__total"", ""3_4_place_resized__placeopt__power__total"", ""3_4_place_resized__placeopt__timing__drv__setup_violation_count"", ""3_4_place_resized__placeopt__timing__fmax"", ""3_4_place_resized__placeopt__timing__fmax__clock:core_clock"", ""3_4_place_resized__placeopt__timing__setup__tns"", ""3_4_place_resized__placeopt__timing__setup__ws"", ""3_5_place_dp__detailedplace__design__instance__area"", ""3_5_place_dp__detailedplace__design__instance__area__stdcell"", ""3_5_place_dp__detailedplace__design__instance__count"", ""3_5_place_dp__detailedplace__design__instance__count__stdcell"", ""3_5_place_dp__detailedplace__design__instance__utilization"", ""3_5_place_dp__detailedplace__design__instance__utilization__stdcell""]",58,-0.07145488996539662
placement,area,59,3_5_place_dp__detailedplace__design__nets,0.9965689294641461,0.002311196218811988,4.543944173177093,7.358431973867009,"[""3_3_place_gp__globalplace__timing__setup__tns"", ""3_3_place_gp__globalplace__gpl__area__original"", ""3_5_place_dp__detailedplace__dpl__hpwl__delta"", ""3_5_place_dp__detailedplace__dpl__hpwl__delta__percent"", ""3_3_place_gp__globalplace__gpl__convergence__iteration"", ""3_3_place_gp__globalplace__power__leakage__total"", ""3_3_place_gp__globalplace__gpl__routability__congestion"", ""3_5_place_dp__detailedplace__timing__drv__max_cap_limit"", ""3_5_place_dp__detailedplace__design__instance__displacement__max"", ""3_3_place_gp__globalplace__design__instance__area"", ""3_3_place_gp__globalplace__gpl__area__final__percent"", ""3_4_place_resized__placeopt__power__leakage__total"", ""3_5_place_dp__detailedplace__timing__hold__ws"", ""3_3_place_gp__globalplace__design__instance__count"", ""3_5_place_dp__detailedplace__design__instance__displacement__mean"", ""3_3_place_gp__globalplace__design__instance__count__stdcell"", ""3_3_place_gp__globalplace__gpl__routability__iteration"", ""3_4_place_resized__placeopt__timing__drv__max_cap_limit"", ""3_5_place_dp__detailedplace__timing__drv__max_slew_limit"", ""3_5_place_dp__detailedplace__negotiation__converge__phase_1__iteration"", ""3_3_place_gp__globalplace__timing__hold__ws"", ""3_5_place_dp__detailedplace__route__wirelength__estimated"", ""3_5_place_dp__detailedplace__design__instance__displacement__total"", ""3_4_place_resized__placeopt__timing__hold__ws"", ""3_3_place_gp__globalplace__design__instance__area__stdcell"", ""3_3_place_gp__globalplace__design__instance__utilization"", ""3_3_place_gp__globalplace__design__instance__utilization__stdcell"", ""3_3_place_gp__globalplace__design__nets"", ""3_3_place_gp__globalplace__gpl__area__final"", ""3_3_place_gp__globalplace__gpl__area__timing_delta"", ""3_3_place_gp__globalplace__gpl__area__timing_delta__percent"", ""3_3_place_gp__globalplace__power__internal__total"", ""3_3_place_gp__globalplace__power__switching__total"", ""3_3_place_gp__globalplace__power__total"", ""3_3_place_gp__globalplace__timing__fmax"", ""3_3_place_gp__globalplace__timing__fmax__clock:core_clock"", ""3_3_place_gp__globalplace__timing__setup__ws"", ""3_4_place_resized__placeopt__design__instance__area"", ""3_4_place_resized__placeopt__design__instance__area__stdcell"", ""3_4_place_resized__placeopt__design__instance__count"", ""3_4_place_resized__placeopt__design__instance__count__stdcell"", ""3_4_place_resized__placeopt__design__instance__utilization"", ""3_4_place_resized__placeopt__design__instance__utilization__stdcell"", ""3_4_place_resized__placeopt__design__nets"", ""3_4_place_resized__placeopt__power__internal__total"", ""3_4_place_resized__placeopt__power__switching__total"", ""3_4_place_resized__placeopt__power__total"", ""3_4_place_resized__placeopt__timing__drv__setup_violation_count"", ""3_4_place_resized__placeopt__timing__fmax"", ""3_4_place_resized__placeopt__timing__fmax__clock:core_clock"", ""3_4_place_resized__placeopt__timing__setup__tns"", ""3_4_place_resized__placeopt__timing__setup__ws"", ""3_5_place_dp__detailedplace__design__instance__area"", ""3_5_place_dp__detailedplace__design__instance__area__stdcell"", ""3_5_place_dp__detailedplace__design__instance__count"", ""3_5_place_dp__detailedplace__design__instance__count__stdcell"", ""3_5_place_dp__detailedplace__design__instance__utilization"", ""3_5_place_dp__detailedplace__design__instance__utilization__stdcell"", ""3_5_place_dp__detailedplace__design__nets""]",59,-0.07145488996539662
placement,area,60,3_5_place_dp__detailedplace__power__internal__total,0.997783657628292,0.0021232744759803472,3.8148466796875105,5.605952915041574,"[""3_3_place_gp__globalplace__timing__setup__tns"", ""3_3_place_gp__globalplace__gpl__area__original"", ""3_5_place_dp__detailedplace__dpl__hpwl__delta"", ""3_5_place_dp__detailedplace__dpl__hpwl__delta__percent"", ""3_3_place_gp__globalplace__gpl__convergence__iteration"", ""3_3_place_gp__globalplace__power__leakage__total"", ""3_3_place_gp__globalplace__gpl__routability__congestion"", ""3_5_place_dp__detailedplace__timing__drv__max_cap_limit"", ""3_5_place_dp__detailedplace__design__instance__displacement__max"", ""3_3_place_gp__globalplace__design__instance__area"", ""3_3_place_gp__globalplace__gpl__area__final__percent"", ""3_4_place_resized__placeopt__power__leakage__total"", ""3_5_place_dp__detailedplace__timing__hold__ws"", ""3_3_place_gp__globalplace__design__instance__count"", ""3_5_place_dp__detailedplace__design__instance__displacement__mean"", ""3_3_place_gp__globalplace__design__instance__count__stdcell"", ""3_3_place_gp__globalplace__gpl__routability__iteration"", ""3_4_place_resized__placeopt__timing__drv__max_cap_limit"", ""3_5_place_dp__detailedplace__timing__drv__max_slew_limit"", ""3_5_place_dp__detailedplace__negotiation__converge__phase_1__iteration"", ""3_3_place_gp__globalplace__timing__hold__ws"", ""3_5_place_dp__detailedplace__route__wirelength__estimated"", ""3_5_place_dp__detailedplace__design__instance__displacement__total"", ""3_4_place_resized__placeopt__timing__hold__ws"", ""3_3_place_gp__globalplace__design__instance__area__stdcell"", ""3_3_place_gp__globalplace__design__instance__utilization"", ""3_3_place_gp__globalplace__design__instance__utilization__stdcell"", ""3_3_place_gp__globalplace__design__nets"", ""3_3_place_gp__globalplace__gpl__area__final"", ""3_3_place_gp__globalplace__gpl__area__timing_delta"", ""3_3_place_gp__globalplace__gpl__area__timing_delta__percent"", ""3_3_place_gp__globalplace__power__internal__total"", ""3_3_place_gp__globalplace__power__switching__total"", ""3_3_place_gp__globalplace__power__total"", ""3_3_place_gp__globalplace__timing__fmax"", ""3_3_place_gp__globalplace__timing__fmax__clock:core_clock"", ""3_3_place_gp__globalplace__timing__setup__ws"", ""3_4_place_resized__placeopt__design__instance__area"", ""3_4_place_resized__placeopt__design__instance__area__stdcell"", ""3_4_place_resized__placeopt__design__instance__count"", ""3_4_place_resized__placeopt__design__instance__count__stdcell"", ""3_4_place_resized__placeopt__design__instance__utilization"", ""3_4_place_resized__placeopt__design__instance__utilization__stdcell"", ""3_4_place_resized__placeopt__design__nets"", ""3_4_place_resized__placeopt__power__internal__total"", ""3_4_place_resized__placeopt__power__switching__total"", ""3_4_place_resized__placeopt__power__total"", ""3_4_place_resized__placeopt__timing__drv__setup_violation_count"", ""3_4_place_resized__placeopt__timing__fmax"", ""3_4_place_resized__placeopt__timing__fmax__clock:core_clock"", ""3_4_place_resized__placeopt__timing__setup__tns"", ""3_4_place_resized__placeopt__timing__setup__ws"", ""3_5_place_dp__detailedplace__design__instance__area"", ""3_5_place_dp__detailedplace__design__instance__area__stdcell"", ""3_5_place_dp__detailedplace__design__instance__count"", ""3_5_place_dp__detailedplace__design__instance__count__stdcell"", ""3_5_place_dp__detailedplace__design__instance__utilization"", ""3_5_place_dp__detailedplace__design__instance__utilization__stdcell"", ""3_5_place_dp__detailedplace__design__nets"", ""3_5_place_dp__detailedplace__power__internal__total""]",60,-0.07145488996539662
placement,area,61,3_5_place_dp__detailedplace__power__leakage__total,0.9968833190948706,0.002570166269704204,4.35683886718751,6.859531307432516,"[""3_3_place_gp__globalplace__timing__setup__tns"", ""3_3_place_gp__globalplace__gpl__area__original"", ""3_5_place_dp__detailedplace__dpl__hpwl__delta"", ""3_5_place_dp__detailedplace__dpl__hpwl__delta__percent"", ""3_3_place_gp__globalplace__gpl__convergence__iteration"", ""3_3_place_gp__globalplace__power__leakage__total"", ""3_3_place_gp__globalplace__gpl__routability__congestion"", ""3_5_place_dp__detailedplace__timing__drv__max_cap_limit"", ""3_5_place_dp__detailedplace__design__instance__displacement__max"", ""3_3_place_gp__globalplace__design__instance__area"", ""3_3_place_gp__globalplace__gpl__area__final__percent"", ""3_4_place_resized__placeopt__power__leakage__total"", ""3_5_place_dp__detailedplace__timing__hold__ws"", ""3_3_place_gp__globalplace__design__instance__count"", ""3_5_place_dp__detailedplace__design__instance__displacement__mean"", ""3_3_place_gp__globalplace__design__instance__count__stdcell"", ""3_3_place_gp__globalplace__gpl__routability__iteration"", ""3_4_place_resized__placeopt__timing__drv__max_cap_limit"", ""3_5_place_dp__detailedplace__timing__drv__max_slew_limit"", ""3_5_place_dp__detailedplace__negotiation__converge__phase_1__iteration"", ""3_3_place_gp__globalplace__timing__hold__ws"", ""3_5_place_dp__detailedplace__route__wirelength__estimated"", ""3_5_place_dp__detailedplace__design__instance__displacement__total"", ""3_4_place_resized__placeopt__timing__hold__ws"", ""3_3_place_gp__globalplace__design__instance__area__stdcell"", ""3_3_place_gp__globalplace__design__instance__utilization"", ""3_3_place_gp__globalplace__design__instance__utilization__stdcell"", ""3_3_place_gp__globalplace__design__nets"", ""3_3_place_gp__globalplace__gpl__area__final"", ""3_3_place_gp__globalplace__gpl__area__timing_delta"", ""3_3_place_gp__globalplace__gpl__area__timing_delta__percent"", ""3_3_place_gp__globalplace__power__internal__total"", ""3_3_place_gp__globalplace__power__switching__total"", ""3_3_place_gp__globalplace__power__total"", ""3_3_place_gp__globalplace__timing__fmax"", ""3_3_place_gp__globalplace__timing__fmax__clock:core_clock"", ""3_3_place_gp__globalplace__timing__setup__ws"", ""3_4_place_resized__placeopt__design__instance__area"", ""3_4_place_resized__placeopt__design__instance__area__stdcell"", ""3_4_place_resized__placeopt__design__instance__count"", ""3_4_place_resized__placeopt__design__instance__count__stdcell"", ""3_4_place_resized__placeopt__design__instance__utilization"", ""3_4_place_resized__placeopt__design__instance__utilization__stdcell"", ""3_4_place_resized__placeopt__design__nets"", ""3_4_place_resized__placeopt__power__internal__total"", ""3_4_place_resized__placeopt__power__switching__total"", ""3_4_place_resized__placeopt__power__total"", ""3_4_place_resized__placeopt__timing__drv__setup_violation_count"", ""3_4_place_resized__placeopt__timing__fmax"", ""3_4_place_resized__placeopt__timing__fmax__clock:core_clock"", ""3_4_place_resized__placeopt__timing__setup__tns"", ""3_4_place_resized__placeopt__timing__setup__ws"", ""3_5_place_dp__detailedplace__design__instance__area"", ""3_5_place_dp__detailedplace__design__instance__area__stdcell"", ""3_5_place_dp__detailedplace__design__instance__count"", ""3_5_place_dp__detailedplace__design__instance__count__stdcell"", ""3_5_place_dp__detailedplace__design__instance__utilization"", ""3_5_place_dp__detailedplace__design__instance__utilization__stdcell"", ""3_5_place_dp__detailedplace__design__nets"", ""3_5_place_dp__detailedplace__power__internal__total"", ""3_5_place_dp__detailedplace__power__leakage__total""]",61,-0.07145488996539662
placement,area,62,3_5_place_dp__detailedplace__power__switching__total,0.9976711187543857,0.0021832353259145522,3.915326822916677,5.781437233037562,"[""3_3_place_gp__globalplace__timing__setup__tns"", ""3_3_place_gp__globalplace__gpl__area__original"", ""3_5_place_dp__detailedplace__dpl__hpwl__delta"", ""3_5_place_dp__detailedplace__dpl__hpwl__delta__percent"", ""3_3_place_gp__globalplace__gpl__convergence__iteration"", ""3_3_place_gp__globalplace__power__leakage__total"", ""3_3_place_gp__globalplace__gpl__routability__congestion"", ""3_5_place_dp__detailedplace__timing__drv__max_cap_limit"", ""3_5_place_dp__detailedplace__design__instance__displacement__max"", ""3_3_place_gp__globalplace__design__instance__area"", ""3_3_place_gp__globalplace__gpl__area__final__percent"", ""3_4_place_resized__placeopt__power__leakage__total"", ""3_5_place_dp__detailedplace__timing__hold__ws"", ""3_3_place_gp__globalplace__design__instance__count"", ""3_5_place_dp__detailedplace__design__instance__displacement__mean"", ""3_3_place_gp__globalplace__design__instance__count__stdcell"", ""3_3_place_gp__globalplace__gpl__routability__iteration"", ""3_4_place_resized__placeopt__timing__drv__max_cap_limit"", ""3_5_place_dp__detailedplace__timing__drv__max_slew_limit"", ""3_5_place_dp__detailedplace__negotiation__converge__phase_1__iteration"", ""3_3_place_gp__globalplace__timing__hold__ws"", ""3_5_place_dp__detailedplace__route__wirelength__estimated"", ""3_5_place_dp__detailedplace__design__instance__displacement__total"", ""3_4_place_resized__placeopt__timing__hold__ws"", ""3_3_place_gp__globalplace__design__instance__area__stdcell"", ""3_3_place_gp__globalplace__design__instance__utilization"", ""3_3_place_gp__globalplace__design__instance__utilization__stdcell"", ""3_3_place_gp__globalplace__design__nets"", ""3_3_place_gp__globalplace__gpl__area__final"", ""3_3_place_gp__globalplace__gpl__area__timing_delta"", ""3_3_place_gp__globalplace__gpl__area__timing_delta__percent"", ""3_3_place_gp__globalplace__power__internal__total"", ""3_3_place_gp__globalplace__power__switching__total"", ""3_3_place_gp__globalplace__power__total"", ""3_3_place_gp__globalplace__timing__fmax"", ""3_3_place_gp__globalplace__timing__fmax__clock:core_clock"", ""3_3_place_gp__globalplace__timing__setup__ws"", ""3_4_place_resized__placeopt__design__instance__area"", ""3_4_place_resized__placeopt__design__instance__area__stdcell"", ""3_4_place_resized__placeopt__design__instance__count"", ""3_4_place_resized__placeopt__design__instance__count__stdcell"", ""3_4_place_resized__placeopt__design__instance__utilization"", ""3_4_place_resized__placeopt__design__instance__utilization__stdcell"", ""3_4_place_resized__placeopt__design__nets"", ""3_4_place_resized__placeopt__power__internal__total"", ""3_4_place_resized__placeopt__power__switching__total"", ""3_4_place_resized__placeopt__power__total"", ""3_4_place_resized__placeopt__timing__drv__setup_violation_count"", ""3_4_place_resized__placeopt__timing__fmax"", ""3_4_place_resized__placeopt__timing__fmax__clock:core_clock"", ""3_4_place_resized__placeopt__timing__setup__tns"", ""3_4_place_resized__placeopt__timing__setup__ws"", ""3_5_place_dp__detailedplace__design__instance__area"", ""3_5_place_dp__detailedplace__design__instance__area__stdcell"", ""3_5_place_dp__detailedplace__design__instance__count"", ""3_5_place_dp__detailedplace__design__instance__count__stdcell"", ""3_5_place_dp__detailedplace__design__instance__utilization"", ""3_5_place_dp__detailedplace__design__instance__utilization__stdcell"", ""3_5_place_dp__detailedplace__design__nets"", ""3_5_place_dp__detailedplace__power__internal__total"", ""3_5_place_dp__detailedplace__power__leakage__total"", ""3_5_place_dp__detailedplace__power__switching__total""]",62,-0.07145488996539662
placement,area,63,3_5_place_dp__detailedplace__power__total,0.9969394684906137,0.0030279853554899617,4.18960253906251,6.519375456497173,"[""3_3_place_gp__globalplace__timing__setup__tns"", ""3_3_place_gp__globalplace__gpl__area__original"", ""3_5_place_dp__detailedplace__dpl__hpwl__delta"", ""3_5_place_dp__detailedplace__dpl__hpwl__delta__percent"", ""3_3_place_gp__globalplace__gpl__convergence__iteration"", ""3_3_place_gp__globalplace__power__leakage__total"", ""3_3_place_gp__globalplace__gpl__routability__congestion"", ""3_5_place_dp__detailedplace__timing__drv__max_cap_limit"", ""3_5_place_dp__detailedplace__design__instance__displacement__max"", ""3_3_place_gp__globalplace__design__instance__area"", ""3_3_place_gp__globalplace__gpl__area__final__percent"", ""3_4_place_resized__placeopt__power__leakage__total"", ""3_5_place_dp__detailedplace__timing__hold__ws"", ""3_3_place_gp__globalplace__design__instance__count"", ""3_5_place_dp__detailedplace__design__instance__displacement__mean"", ""3_3_place_gp__globalplace__design__instance__count__stdcell"", ""3_3_place_gp__globalplace__gpl__routability__iteration"", ""3_4_place_resized__placeopt__timing__drv__max_cap_limit"", ""3_5_place_dp__detailedplace__timing__drv__max_slew_limit"", ""3_5_place_dp__detailedplace__negotiation__converge__phase_1__iteration"", ""3_3_place_gp__globalplace__timing__hold__ws"", ""3_5_place_dp__detailedplace__route__wirelength__estimated"", ""3_5_place_dp__detailedplace__design__instance__displacement__total"", ""3_4_place_resized__placeopt__timing__hold__ws"", ""3_3_place_gp__globalplace__design__instance__area__stdcell"", ""3_3_place_gp__globalplace__design__instance__utilization"", ""3_3_place_gp__globalplace__design__instance__utilization__stdcell"", ""3_3_place_gp__globalplace__design__nets"", ""3_3_place_gp__globalplace__gpl__area__final"", ""3_3_place_gp__globalplace__gpl__area__timing_delta"", ""3_3_place_gp__globalplace__gpl__area__timing_delta__percent"", ""3_3_place_gp__globalplace__power__internal__total"", ""3_3_place_gp__globalplace__power__switching__total"", ""3_3_place_gp__globalplace__power__total"", ""3_3_place_gp__globalplace__timing__fmax"", ""3_3_place_gp__globalplace__timing__fmax__clock:core_clock"", ""3_3_place_gp__globalplace__timing__setup__ws"", ""3_4_place_resized__placeopt__design__instance__area"", ""3_4_place_resized__placeopt__design__instance__area__stdcell"", ""3_4_place_resized__placeopt__design__instance__count"", ""3_4_place_resized__placeopt__design__instance__count__stdcell"", ""3_4_place_resized__placeopt__design__instance__utilization"", ""3_4_place_resized__placeopt__design__instance__utilization__stdcell"", ""3_4_place_resized__placeopt__design__nets"", ""3_4_place_resized__placeopt__power__internal__total"", ""3_4_place_resized__placeopt__power__switching__total"", ""3_4_place_resized__placeopt__power__total"", ""3_4_place_resized__placeopt__timing__drv__setup_violation_count"", ""3_4_place_resized__placeopt__timing__fmax"", ""3_4_place_resized__placeopt__timing__fmax__clock:core_clock"", ""3_4_place_resized__placeopt__timing__setup__tns"", ""3_4_place_resized__placeopt__timing__setup__ws"", ""3_5_place_dp__detailedplace__design__instance__area"", ""3_5_place_dp__detailedplace__design__instance__area__stdcell"", ""3_5_place_dp__detailedplace__design__instance__count"", ""3_5_place_dp__detailedplace__design__instance__count__stdcell"", ""3_5_place_dp__detailedplace__design__instance__utilization"", ""3_5_place_dp__detailedplace__design__instance__utilization__stdcell"", ""3_5_place_dp__detailedplace__design__nets"", ""3_5_place_dp__detailedplace__power__internal__total"", ""3_5_place_dp__detailedplace__power__leakage__total"", ""3_5_place_dp__detailedplace__power__switching__total"", ""3_5_place_dp__detailedplace__power__total""]",63,-0.07145488996539662
placement,area,64,3_5_place_dp__detailedplace__timing__drv__setup_violation_count,0.9975450199052963,0.0022175896182415073,3.976105631510427,5.984375875362058,"[""3_3_place_gp__globalplace__timing__setup__tns"", ""3_3_place_gp__globalplace__gpl__area__original"", ""3_5_place_dp__detailedplace__dpl__hpwl__delta"", ""3_5_place_dp__detailedplace__dpl__hpwl__delta__percent"", ""3_3_place_gp__globalplace__gpl__convergence__iteration"", ""3_3_place_gp__globalplace__power__leakage__total"", ""3_3_place_gp__globalplace__gpl__routability__congestion"", ""3_5_place_dp__detailedplace__timing__drv__max_cap_limit"", ""3_5_place_dp__detailedplace__design__instance__displacement__max"", ""3_3_place_gp__globalplace__design__instance__area"", ""3_3_place_gp__globalplace__gpl__area__final__percent"", ""3_4_place_resized__placeopt__power__leakage__total"", ""3_5_place_dp__detailedplace__timing__hold__ws"", ""3_3_place_gp__globalplace__design__instance__count"", ""3_5_place_dp__detailedplace__design__instance__displacement__mean"", ""3_3_place_gp__globalplace__design__instance__count__stdcell"", ""3_3_place_gp__globalplace__gpl__routability__iteration"", ""3_4_place_resized__placeopt__timing__drv__max_cap_limit"", ""3_5_place_dp__detailedplace__timing__drv__max_slew_limit"", ""3_5_place_dp__detailedplace__negotiation__converge__phase_1__iteration"", ""3_3_place_gp__globalplace__timing__hold__ws"", ""3_5_place_dp__detailedplace__route__wirelength__estimated"", ""3_5_place_dp__detailedplace__design__instance__displacement__total"", ""3_4_place_resized__placeopt__timing__hold__ws"", ""3_3_place_gp__globalplace__design__instance__area__stdcell"", ""3_3_place_gp__globalplace__design__instance__utilization"", ""3_3_place_gp__globalplace__design__instance__utilization__stdcell"", ""3_3_place_gp__globalplace__design__nets"", ""3_3_place_gp__globalplace__gpl__area__final"", ""3_3_place_gp__globalplace__gpl__area__timing_delta"", ""3_3_place_gp__globalplace__gpl__area__timing_delta__percent"", ""3_3_place_gp__globalplace__power__internal__total"", ""3_3_place_gp__globalplace__power__switching__total"", ""3_3_place_gp__globalplace__power__total"", ""3_3_place_gp__globalplace__timing__fmax"", ""3_3_place_gp__globalplace__timing__fmax__clock:core_clock"", ""3_3_place_gp__globalplace__timing__setup__ws"", ""3_4_place_resized__placeopt__design__instance__area"", ""3_4_place_resized__placeopt__design__instance__area__stdcell"", ""3_4_place_resized__placeopt__design__instance__count"", ""3_4_place_resized__placeopt__design__instance__count__stdcell"", ""3_4_place_resized__placeopt__design__instance__utilization"", ""3_4_place_resized__placeopt__design__instance__utilization__stdcell"", ""3_4_place_resized__placeopt__design__nets"", ""3_4_place_resized__placeopt__power__internal__total"", ""3_4_place_resized__placeopt__power__switching__total"", ""3_4_place_resized__placeopt__power__total"", ""3_4_place_resized__placeopt__timing__drv__setup_violation_count"", ""3_4_place_resized__placeopt__timing__fmax"", ""3_4_place_resized__placeopt__timing__fmax__clock:core_clock"", ""3_4_place_resized__placeopt__timing__setup__tns"", ""3_4_place_resized__placeopt__timing__setup__ws"", ""3_5_place_dp__detailedplace__design__instance__area"", ""3_5_place_dp__detailedplace__design__instance__area__stdcell"", ""3_5_place_dp__detailedplace__design__instance__count"", ""3_5_place_dp__detailedplace__design__instance__count__stdcell"", ""3_5_place_dp__detailedplace__design__instance__utilization"", ""3_5_place_dp__detailedplace__design__instance__utilization__stdcell"", ""3_5_place_dp__detailedplace__design__nets"", ""3_5_place_dp__detailedplace__power__internal__total"", ""3_5_place_dp__detailedplace__power__leakage__total"", ""3_5_place_dp__detailedplace__power__switching__total"", ""3_5_place_dp__detailedplace__power__total"", ""3_5_place_dp__detailedplace__timing__drv__setup_violation_count""]",64,-0.07145488996539662
placement,area,65,3_5_place_dp__detailedplace__timing__setup__tns,0.9973399237247099,0.002091138430535406,4.110643391927094,6.405196944471535,"[""3_3_place_gp__globalplace__timing__setup__tns"", ""3_3_place_gp__globalplace__gpl__area__original"", ""3_5_place_dp__detailedplace__dpl__hpwl__delta"", ""3_5_place_dp__detailedplace__dpl__hpwl__delta__percent"", ""3_3_place_gp__globalplace__gpl__convergence__iteration"", ""3_3_place_gp__globalplace__power__leakage__total"", ""3_3_place_gp__globalplace__gpl__routability__congestion"", ""3_5_place_dp__detailedplace__timing__drv__max_cap_limit"", ""3_5_place_dp__detailedplace__design__instance__displacement__max"", ""3_3_place_gp__globalplace__design__instance__area"", ""3_3_place_gp__globalplace__gpl__area__final__percent"", ""3_4_place_resized__placeopt__power__leakage__total"", ""3_5_place_dp__detailedplace__timing__hold__ws"", ""3_3_place_gp__globalplace__design__instance__count"", ""3_5_place_dp__detailedplace__design__instance__displacement__mean"", ""3_3_place_gp__globalplace__design__instance__count__stdcell"", ""3_3_place_gp__globalplace__gpl__routability__iteration"", ""3_4_place_resized__placeopt__timing__drv__max_cap_limit"", ""3_5_place_dp__detailedplace__timing__drv__max_slew_limit"", ""3_5_place_dp__detailedplace__negotiation__converge__phase_1__iteration"", ""3_3_place_gp__globalplace__timing__hold__ws"", ""3_5_place_dp__detailedplace__route__wirelength__estimated"", ""3_5_place_dp__detailedplace__design__instance__displacement__total"", ""3_4_place_resized__placeopt__timing__hold__ws"", ""3_3_place_gp__globalplace__design__instance__area__stdcell"", ""3_3_place_gp__globalplace__design__instance__utilization"", ""3_3_place_gp__globalplace__design__instance__utilization__stdcell"", ""3_3_place_gp__globalplace__design__nets"", ""3_3_place_gp__globalplace__gpl__area__final"", ""3_3_place_gp__globalplace__gpl__area__timing_delta"", ""3_3_place_gp__globalplace__gpl__area__timing_delta__percent"", ""3_3_place_gp__globalplace__power__internal__total"", ""3_3_place_gp__globalplace__power__switching__total"", ""3_3_place_gp__globalplace__power__total"", ""3_3_place_gp__globalplace__timing__fmax"", ""3_3_place_gp__globalplace__timing__fmax__clock:core_clock"", ""3_3_place_gp__globalplace__timing__setup__ws"", ""3_4_place_resized__placeopt__design__instance__area"", ""3_4_place_resized__placeopt__design__instance__area__stdcell"", ""3_4_place_resized__placeopt__design__instance__count"", ""3_4_place_resized__placeopt__design__instance__count__stdcell"", ""3_4_place_resized__placeopt__design__instance__utilization"", ""3_4_place_resized__placeopt__design__instance__utilization__stdcell"", ""3_4_place_resized__placeopt__design__nets"", ""3_4_place_resized__placeopt__power__internal__total"", ""3_4_place_resized__placeopt__power__switching__total"", ""3_4_place_resized__placeopt__power__total"", ""3_4_place_resized__placeopt__timing__drv__setup_violation_count"", ""3_4_place_resized__placeopt__timing__fmax"", ""3_4_place_resized__placeopt__timing__fmax__clock:core_clock"", ""3_4_place_resized__placeopt__timing__setup__tns"", ""3_4_place_resized__placeopt__timing__setup__ws"", ""3_5_place_dp__detailedplace__design__instance__area"", ""3_5_place_dp__detailedplace__design__instance__area__stdcell"", ""3_5_place_dp__detailedplace__design__instance__count"", ""3_5_place_dp__detailedplace__design__instance__count__stdcell"", ""3_5_place_dp__detailedplace__design__instance__utilization"", ""3_5_place_dp__detailedplace__design__instance__utilization__stdcell"", ""3_5_place_dp__detailedplace__design__nets"", ""3_5_place_dp__detailedplace__power__internal__total"", ""3_5_place_dp__detailedplace__power__leakage__total"", ""3_5_place_dp__detailedplace__power__switching__total"", ""3_5_place_dp__detailedplace__power__total"", ""3_5_place_dp__detailedplace__timing__drv__setup_violation_count"", ""3_5_place_dp__detailedplace__timing__setup__tns""]",65,-0.07145488996539662
placement,area,66,3_5_place_dp__detailedplace__timing__setup__ws,0.997001776757838,0.0018088696899688547,4.371763997395844,6.972094209078768,"[""3_3_place_gp__globalplace__timing__setup__tns"", ""3_3_place_gp__globalplace__gpl__area__original"", ""3_5_place_dp__detailedplace__dpl__hpwl__delta"", ""3_5_place_dp__detailedplace__dpl__hpwl__delta__percent"", ""3_3_place_gp__globalplace__gpl__convergence__iteration"", ""3_3_place_gp__globalplace__power__leakage__total"", ""3_3_place_gp__globalplace__gpl__routability__congestion"", ""3_5_place_dp__detailedplace__timing__drv__max_cap_limit"", ""3_5_place_dp__detailedplace__design__instance__displacement__max"", ""3_3_place_gp__globalplace__design__instance__area"", ""3_3_place_gp__globalplace__gpl__area__final__percent"", ""3_4_place_resized__placeopt__power__leakage__total"", ""3_5_place_dp__detailedplace__timing__hold__ws"", ""3_3_place_gp__globalplace__design__instance__count"", ""3_5_place_dp__detailedplace__design__instance__displacement__mean"", ""3_3_place_gp__globalplace__design__instance__count__stdcell"", ""3_3_place_gp__globalplace__gpl__routability__iteration"", ""3_4_place_resized__placeopt__timing__drv__max_cap_limit"", ""3_5_place_dp__detailedplace__timing__drv__max_slew_limit"", ""3_5_place_dp__detailedplace__negotiation__converge__phase_1__iteration"", ""3_3_place_gp__globalplace__timing__hold__ws"", ""3_5_place_dp__detailedplace__route__wirelength__estimated"", ""3_5_place_dp__detailedplace__design__instance__displacement__total"", ""3_4_place_resized__placeopt__timing__hold__ws"", ""3_3_place_gp__globalplace__design__instance__area__stdcell"", ""3_3_place_gp__globalplace__design__instance__utilization"", ""3_3_place_gp__globalplace__design__instance__utilization__stdcell"", ""3_3_place_gp__globalplace__design__nets"", ""3_3_place_gp__globalplace__gpl__area__final"", ""3_3_place_gp__globalplace__gpl__area__timing_delta"", ""3_3_place_gp__globalplace__gpl__area__timing_delta__percent"", ""3_3_place_gp__globalplace__power__internal__total"", ""3_3_place_gp__globalplace__power__switching__total"", ""3_3_place_gp__globalplace__power__total"", ""3_3_place_gp__globalplace__timing__fmax"", ""3_3_place_gp__globalplace__timing__fmax__clock:core_clock"", ""3_3_place_gp__globalplace__timing__setup__ws"", ""3_4_place_resized__placeopt__design__instance__area"", ""3_4_place_resized__placeopt__design__instance__area__stdcell"", ""3_4_place_resized__placeopt__design__instance__count"", ""3_4_place_resized__placeopt__design__instance__count__stdcell"", ""3_4_place_resized__placeopt__design__instance__utilization"", ""3_4_place_resized__placeopt__design__instance__utilization__stdcell"", ""3_4_place_resized__placeopt__design__nets"", ""3_4_place_resized__placeopt__power__internal__total"", ""3_4_place_resized__placeopt__power__switching__total"", ""3_4_place_resized__placeopt__power__total"", ""3_4_place_resized__placeopt__timing__drv__setup_violation_count"", ""3_4_place_resized__placeopt__timing__fmax"", ""3_4_place_resized__placeopt__timing__fmax__clock:core_clock"", ""3_4_place_resized__placeopt__timing__setup__tns"", ""3_4_place_resized__placeopt__timing__setup__ws"", ""3_5_place_dp__detailedplace__design__instance__area"", ""3_5_place_dp__detailedplace__design__instance__area__stdcell"", ""3_5_place_dp__detailedplace__design__instance__count"", ""3_5_place_dp__detailedplace__design__instance__count__stdcell"", ""3_5_place_dp__detailedplace__design__instance__utilization"", ""3_5_place_dp__detailedplace__design__instance__utilization__stdcell"", ""3_5_place_dp__detailedplace__design__nets"", ""3_5_place_dp__detailedplace__power__internal__total"", ""3_5_place_dp__detailedplace__power__leakage__total"", ""3_5_place_dp__detailedplace__power__switching__total"", ""3_5_place_dp__detailedplace__power__total"", ""3_5_place_dp__detailedplace__timing__drv__setup_violation_count"", ""3_5_place_dp__detailedplace__timing__setup__tns"", ""3_5_place_dp__detailedplace__timing__setup__ws""]",66,-0.07145488996539662
placement,area,67,3_5_place_dp__detailedplace__utilization__before__dpl,0.9975373339086984,0.002042211300060173,4.080866373697927,6.0960435910819015,"[""3_3_place_gp__globalplace__timing__setup__tns"", ""3_3_place_gp__globalplace__gpl__area__original"", ""3_5_place_dp__detailedplace__dpl__hpwl__delta"", ""3_5_place_dp__detailedplace__dpl__hpwl__delta__percent"", ""3_3_place_gp__globalplace__gpl__convergence__iteration"", ""3_3_place_gp__globalplace__power__leakage__total"", ""3_3_place_gp__globalplace__gpl__routability__congestion"", ""3_5_place_dp__detailedplace__timing__drv__max_cap_limit"", ""3_5_place_dp__detailedplace__design__instance__displacement__max"", ""3_3_place_gp__globalplace__design__instance__area"", ""3_3_place_gp__globalplace__gpl__area__final__percent"", ""3_4_place_resized__placeopt__power__leakage__total"", ""3_5_place_dp__detailedplace__timing__hold__ws"", ""3_3_place_gp__globalplace__design__instance__count"", ""3_5_place_dp__detailedplace__design__instance__displacement__mean"", ""3_3_place_gp__globalplace__design__instance__count__stdcell"", ""3_3_place_gp__globalplace__gpl__routability__iteration"", ""3_4_place_resized__placeopt__timing__drv__max_cap_limit"", ""3_5_place_dp__detailedplace__timing__drv__max_slew_limit"", ""3_5_place_dp__detailedplace__negotiation__converge__phase_1__iteration"", ""3_3_place_gp__globalplace__timing__hold__ws"", ""3_5_place_dp__detailedplace__route__wirelength__estimated"", ""3_5_place_dp__detailedplace__design__instance__displacement__total"", ""3_4_place_resized__placeopt__timing__hold__ws"", ""3_3_place_gp__globalplace__design__instance__area__stdcell"", ""3_3_place_gp__globalplace__design__instance__utilization"", ""3_3_place_gp__globalplace__design__instance__utilization__stdcell"", ""3_3_place_gp__globalplace__design__nets"", ""3_3_place_gp__globalplace__gpl__area__final"", ""3_3_place_gp__globalplace__gpl__area__timing_delta"", ""3_3_place_gp__globalplace__gpl__area__timing_delta__percent"", ""3_3_place_gp__globalplace__power__internal__total"", ""3_3_place_gp__globalplace__power__switching__total"", ""3_3_place_gp__globalplace__power__total"", ""3_3_place_gp__globalplace__timing__fmax"", ""3_3_place_gp__globalplace__timing__fmax__clock:core_clock"", ""3_3_place_gp__globalplace__timing__setup__ws"", ""3_4_place_resized__placeopt__design__instance__area"", ""3_4_place_resized__placeopt__design__instance__area__stdcell"", ""3_4_place_resized__placeopt__design__instance__count"", ""3_4_place_resized__placeopt__design__instance__count__stdcell"", ""3_4_place_resized__placeopt__design__instance__utilization"", ""3_4_place_resized__placeopt__design__instance__utilization__stdcell"", ""3_4_place_resized__placeopt__design__nets"", ""3_4_place_resized__placeopt__power__internal__total"", ""3_4_place_resized__placeopt__power__switching__total"", ""3_4_place_resized__placeopt__power__total"", ""3_4_place_resized__placeopt__timing__drv__setup_violation_count"", ""3_4_place_resized__placeopt__timing__fmax"", ""3_4_place_resized__placeopt__timing__fmax__clock:core_clock"", ""3_4_place_resized__placeopt__timing__setup__tns"", ""3_4_place_resized__placeopt__timing__setup__ws"", ""3_5_place_dp__detailedplace__design__instance__area"", ""3_5_place_dp__detailedplace__design__instance__area__stdcell"", ""3_5_place_dp__detailedplace__design__instance__count"", ""3_5_place_dp__detailedplace__design__instance__count__stdcell"", ""3_5_place_dp__detailedplace__design__instance__utilization"", ""3_5_place_dp__detailedplace__design__instance__utilization__stdcell"", ""3_5_place_dp__detailedplace__design__nets"", ""3_5_place_dp__detailedplace__power__internal__total"", ""3_5_place_dp__detailedplace__power__leakage__total"", ""3_5_place_dp__detailedplace__power__switching__total"", ""3_5_place_dp__detailedplace__power__total"", ""3_5_place_dp__detailedplace__timing__drv__setup_violation_count"", ""3_5_place_dp__detailedplace__timing__setup__tns"", ""3_5_place_dp__detailedplace__timing__setup__ws"", ""3_5_place_dp__detailedplace__utilization__before__dpl""]",67,-0.07145488996539662
placement,area,68,param:CLK_PERIOD,0.9968752481189679,0.0018212554851908644,4.458873372395844,7.127432724344271,"[""3_3_place_gp__globalplace__timing__setup__tns"", ""3_3_place_gp__globalplace__gpl__area__original"", ""3_5_place_dp__detailedplace__dpl__hpwl__delta"", ""3_5_place_dp__detailedplace__dpl__hpwl__delta__percent"", ""3_3_place_gp__globalplace__gpl__convergence__iteration"", ""3_3_place_gp__globalplace__power__leakage__total"", ""3_3_place_gp__globalplace__gpl__routability__congestion"", ""3_5_place_dp__detailedplace__timing__drv__max_cap_limit"", ""3_5_place_dp__detailedplace__design__instance__displacement__max"", ""3_3_place_gp__globalplace__design__instance__area"", ""3_3_place_gp__globalplace__gpl__area__final__percent"", ""3_4_place_resized__placeopt__power__leakage__total"", ""3_5_place_dp__detailedplace__timing__hold__ws"", ""3_3_place_gp__globalplace__design__instance__count"", ""3_5_place_dp__detailedplace__design__instance__displacement__mean"", ""3_3_place_gp__globalplace__design__instance__count__stdcell"", ""3_3_place_gp__globalplace__gpl__routability__iteration"", ""3_4_place_resized__placeopt__timing__drv__max_cap_limit"", ""3_5_place_dp__detailedplace__timing__drv__max_slew_limit"", ""3_5_place_dp__detailedplace__negotiation__converge__phase_1__iteration"", ""3_3_place_gp__globalplace__timing__hold__ws"", ""3_5_place_dp__detailedplace__route__wirelength__estimated"", ""3_5_place_dp__detailedplace__design__instance__displacement__total"", ""3_4_place_resized__placeopt__timing__hold__ws"", ""3_3_place_gp__globalplace__design__instance__area__stdcell"", ""3_3_place_gp__globalplace__design__instance__utilization"", ""3_3_place_gp__globalplace__design__instance__utilization__stdcell"", ""3_3_place_gp__globalplace__design__nets"", ""3_3_place_gp__globalplace__gpl__area__final"", ""3_3_place_gp__globalplace__gpl__area__timing_delta"", ""3_3_place_gp__globalplace__gpl__area__timing_delta__percent"", ""3_3_place_gp__globalplace__power__internal__total"", ""3_3_place_gp__globalplace__power__switching__total"", ""3_3_place_gp__globalplace__power__total"", ""3_3_place_gp__globalplace__timing__fmax"", ""3_3_place_gp__globalplace__timing__fmax__clock:core_clock"", ""3_3_place_gp__globalplace__timing__setup__ws"", ""3_4_place_resized__placeopt__design__instance__area"", ""3_4_place_resized__placeopt__design__instance__area__stdcell"", ""3_4_place_resized__placeopt__design__instance__count"", ""3_4_place_resized__placeopt__design__instance__count__stdcell"", ""3_4_place_resized__placeopt__design__instance__utilization"", ""3_4_place_resized__placeopt__design__instance__utilization__stdcell"", ""3_4_place_resized__placeopt__design__nets"", ""3_4_place_resized__placeopt__power__internal__total"", ""3_4_place_resized__placeopt__power__switching__total"", ""3_4_place_resized__placeopt__power__total"", ""3_4_place_resized__placeopt__timing__drv__setup_violation_count"", ""3_4_place_resized__placeopt__timing__fmax"", ""3_4_place_resized__placeopt__timing__fmax__clock:core_clock"", ""3_4_place_resized__placeopt__timing__setup__tns"", ""3_4_place_resized__placeopt__timing__setup__ws"", ""3_5_place_dp__detailedplace__design__instance__area"", ""3_5_place_dp__detailedplace__design__instance__area__stdcell"", ""3_5_place_dp__detailedplace__design__instance__count"", ""3_5_place_dp__detailedplace__design__instance__count__stdcell"", ""3_5_place_dp__detailedplace__design__instance__utilization"", ""3_5_place_dp__detailedplace__design__instance__utilization__stdcell"", ""3_5_place_dp__detailedplace__design__nets"", ""3_5_place_dp__detailedplace__power__internal__total"", ""3_5_place_dp__detailedplace__power__leakage__total"", ""3_5_place_dp__detailedplace__power__switching__total"", ""3_5_place_dp__detailedplace__power__total"", ""3_5_place_dp__detailedplace__timing__drv__setup_violation_count"", ""3_5_place_dp__detailedplace__timing__setup__tns"", ""3_5_place_dp__detailedplace__timing__setup__ws"", ""3_5_place_dp__detailedplace__utilization__before__dpl"", ""param:CLK_PERIOD""]",68,-0.07145488996539662
placement,area,69,param:CTS_CLUSTER_SIZE,0.9972666989954257,0.0018391834455964322,4.23785693359376,6.555239701366965,"[""3_3_place_gp__globalplace__timing__setup__tns"", ""3_3_place_gp__globalplace__gpl__area__original"", ""3_5_place_dp__detailedplace__dpl__hpwl__delta"", ""3_5_place_dp__detailedplace__dpl__hpwl__delta__percent"", ""3_3_place_gp__globalplace__gpl__convergence__iteration"", ""3_3_place_gp__globalplace__power__leakage__total"", ""3_3_place_gp__globalplace__gpl__routability__congestion"", ""3_5_place_dp__detailedplace__timing__drv__max_cap_limit"", ""3_5_place_dp__detailedplace__design__instance__displacement__max"", ""3_3_place_gp__globalplace__design__instance__area"", ""3_3_place_gp__globalplace__gpl__area__final__percent"", ""3_4_place_resized__placeopt__power__leakage__total"", ""3_5_place_dp__detailedplace__timing__hold__ws"", ""3_3_place_gp__globalplace__design__instance__count"", ""3_5_place_dp__detailedplace__design__instance__displacement__mean"", ""3_3_place_gp__globalplace__design__instance__count__stdcell"", ""3_3_place_gp__globalplace__gpl__routability__iteration"", ""3_4_place_resized__placeopt__timing__drv__max_cap_limit"", ""3_5_place_dp__detailedplace__timing__drv__max_slew_limit"", ""3_5_place_dp__detailedplace__negotiation__converge__phase_1__iteration"", ""3_3_place_gp__globalplace__timing__hold__ws"", ""3_5_place_dp__detailedplace__route__wirelength__estimated"", ""3_5_place_dp__detailedplace__design__instance__displacement__total"", ""3_4_place_resized__placeopt__timing__hold__ws"", ""3_3_place_gp__globalplace__design__instance__area__stdcell"", ""3_3_place_gp__globalplace__design__instance__utilization"", ""3_3_place_gp__globalplace__design__instance__utilization__stdcell"", ""3_3_place_gp__globalplace__design__nets"", ""3_3_place_gp__globalplace__gpl__area__final"", ""3_3_place_gp__globalplace__gpl__area__timing_delta"", ""3_3_place_gp__globalplace__gpl__area__timing_delta__percent"", ""3_3_place_gp__globalplace__power__internal__total"", ""3_3_place_gp__globalplace__power__switching__total"", ""3_3_place_gp__globalplace__power__total"", ""3_3_place_gp__globalplace__timing__fmax"", ""3_3_place_gp__globalplace__timing__fmax__clock:core_clock"", ""3_3_place_gp__globalplace__timing__setup__ws"", ""3_4_place_resized__placeopt__design__instance__area"", ""3_4_place_resized__placeopt__design__instance__area__stdcell"", ""3_4_place_resized__placeopt__design__instance__count"", ""3_4_place_resized__placeopt__design__instance__count__stdcell"", ""3_4_place_resized__placeopt__design__instance__utilization"", ""3_4_place_resized__placeopt__design__instance__utilization__stdcell"", ""3_4_place_resized__placeopt__design__nets"", ""3_4_place_resized__placeopt__power__internal__total"", ""3_4_place_resized__placeopt__power__switching__total"", ""3_4_place_resized__placeopt__power__total"", ""3_4_place_resized__placeopt__timing__drv__setup_violation_count"", ""3_4_place_resized__placeopt__timing__fmax"", ""3_4_place_resized__placeopt__timing__fmax__clock:core_clock"", ""3_4_place_resized__placeopt__timing__setup__tns"", ""3_4_place_resized__placeopt__timing__setup__ws"", ""3_5_place_dp__detailedplace__design__instance__area"", ""3_5_place_dp__detailedplace__design__instance__area__stdcell"", ""3_5_place_dp__detailedplace__design__instance__count"", ""3_5_place_dp__detailedplace__design__instance__count__stdcell"", ""3_5_place_dp__detailedplace__design__instance__utilization"", ""3_5_place_dp__detailedplace__design__instance__utilization__stdcell"", ""3_5_place_dp__detailedplace__design__nets"", ""3_5_place_dp__detailedplace__power__internal__total"", ""3_5_place_dp__detailedplace__power__leakage__total"", ""3_5_place_dp__detailedplace__power__switching__total"", ""3_5_place_dp__detailedplace__power__total"", ""3_5_place_dp__detailedplace__timing__drv__setup_violation_count"", ""3_5_place_dp__detailedplace__timing__setup__tns"", ""3_5_place_dp__detailedplace__timing__setup__ws"", ""3_5_place_dp__detailedplace__utilization__before__dpl"", ""param:CLK_PERIOD"", ""param:CTS_CLUSTER_SIZE""]",69,-0.07145488996539662
placement,area,70,param:PLACE_DENSITY_LB_ADDON,0.9968795414461491,0.001829769003554634,4.43736865234376,7.120181821423299,"[""3_3_place_gp__globalplace__timing__setup__tns"", ""3_3_place_gp__globalplace__gpl__area__original"", ""3_5_place_dp__detailedplace__dpl__hpwl__delta"", ""3_5_place_dp__detailedplace__dpl__hpwl__delta__percent"", ""3_3_place_gp__globalplace__gpl__convergence__iteration"", ""3_3_place_gp__globalplace__power__leakage__total"", ""3_3_place_gp__globalplace__gpl__routability__congestion"", ""3_5_place_dp__detailedplace__timing__drv__max_cap_limit"", ""3_5_place_dp__detailedplace__design__instance__displacement__max"", ""3_3_place_gp__globalplace__design__instance__area"", ""3_3_place_gp__globalplace__gpl__area__final__percent"", ""3_4_place_resized__placeopt__power__leakage__total"", ""3_5_place_dp__detailedplace__timing__hold__ws"", ""3_3_place_gp__globalplace__design__instance__count"", ""3_5_place_dp__detailedplace__design__instance__displacement__mean"", ""3_3_place_gp__globalplace__design__instance__count__stdcell"", ""3_3_place_gp__globalplace__gpl__routability__iteration"", ""3_4_place_resized__placeopt__timing__drv__max_cap_limit"", ""3_5_place_dp__detailedplace__timing__drv__max_slew_limit"", ""3_5_place_dp__detailedplace__negotiation__converge__phase_1__iteration"", ""3_3_place_gp__globalplace__timing__hold__ws"", ""3_5_place_dp__detailedplace__route__wirelength__estimated"", ""3_5_place_dp__detailedplace__design__instance__displacement__total"", ""3_4_place_resized__placeopt__timing__hold__ws"", ""3_3_place_gp__globalplace__design__instance__area__stdcell"", ""3_3_place_gp__globalplace__design__instance__utilization"", ""3_3_place_gp__globalplace__design__instance__utilization__stdcell"", ""3_3_place_gp__globalplace__design__nets"", ""3_3_place_gp__globalplace__gpl__area__final"", ""3_3_place_gp__globalplace__gpl__area__timing_delta"", ""3_3_place_gp__globalplace__gpl__area__timing_delta__percent"", ""3_3_place_gp__globalplace__power__internal__total"", ""3_3_place_gp__globalplace__power__switching__total"", ""3_3_place_gp__globalplace__power__total"", ""3_3_place_gp__globalplace__timing__fmax"", ""3_3_place_gp__globalplace__timing__fmax__clock:core_clock"", ""3_3_place_gp__globalplace__timing__setup__ws"", ""3_4_place_resized__placeopt__design__instance__area"", ""3_4_place_resized__placeopt__design__instance__area__stdcell"", ""3_4_place_resized__placeopt__design__instance__count"", ""3_4_place_resized__placeopt__design__instance__count__stdcell"", ""3_4_place_resized__placeopt__design__instance__utilization"", ""3_4_place_resized__placeopt__design__instance__utilization__stdcell"", ""3_4_place_resized__placeopt__design__nets"", ""3_4_place_resized__placeopt__power__internal__total"", ""3_4_place_resized__placeopt__power__switching__total"", ""3_4_place_resized__placeopt__power__total"", ""3_4_place_resized__placeopt__timing__drv__setup_violation_count"", ""3_4_place_resized__placeopt__timing__fmax"", ""3_4_place_resized__placeopt__timing__fmax__clock:core_clock"", ""3_4_place_resized__placeopt__timing__setup__tns"", ""3_4_place_resized__placeopt__timing__setup__ws"", ""3_5_place_dp__detailedplace__design__instance__area"", ""3_5_place_dp__detailedplace__design__instance__area__stdcell"", ""3_5_place_dp__detailedplace__design__instance__count"", ""3_5_place_dp__detailedplace__design__instance__count__stdcell"", ""3_5_place_dp__detailedplace__design__instance__utilization"", ""3_5_place_dp__detailedplace__design__instance__utilization__stdcell"", ""3_5_place_dp__detailedplace__design__nets"", ""3_5_place_dp__detailedplace__power__internal__total"", ""3_5_place_dp__detailedplace__power__leakage__total"", ""3_5_place_dp__detailedplace__power__switching__total"", ""3_5_place_dp__detailedplace__power__total"", ""3_5_place_dp__detailedplace__timing__drv__setup_violation_count"", ""3_5_place_dp__detailedplace__timing__setup__tns"", ""3_5_place_dp__detailedplace__timing__setup__ws"", ""3_5_place_dp__detailedplace__utilization__before__dpl"", ""param:CLK_PERIOD"", ""param:CTS_CLUSTER_SIZE"", ""param:PLACE_DENSITY_LB_ADDON""]",70,-0.07145488996539662
placement,area,71,3_4_place_resized__placeopt__timing__drv__max_slew_limit,0.9967496277619939,0.001794464534370091,4.538292317708343,7.26761243663708,"[""3_3_place_gp__globalplace__timing__setup__tns"", ""3_3_place_gp__globalplace__gpl__area__original"", ""3_5_place_dp__detailedplace__dpl__hpwl__delta"", ""3_5_place_dp__detailedplace__dpl__hpwl__delta__percent"", ""3_3_place_gp__globalplace__gpl__convergence__iteration"", ""3_3_place_gp__globalplace__power__leakage__total"", ""3_3_place_gp__globalplace__gpl__routability__congestion"", ""3_5_place_dp__detailedplace__timing__drv__max_cap_limit"", ""3_5_place_dp__detailedplace__design__instance__displacement__max"", ""3_3_place_gp__globalplace__design__instance__area"", ""3_3_place_gp__globalplace__gpl__area__final__percent"", ""3_4_place_resized__placeopt__power__leakage__total"", ""3_5_place_dp__detailedplace__timing__hold__ws"", ""3_3_place_gp__globalplace__design__instance__count"", ""3_5_place_dp__detailedplace__design__instance__displacement__mean"", ""3_3_place_gp__globalplace__design__instance__count__stdcell"", ""3_3_place_gp__globalplace__gpl__routability__iteration"", ""3_4_place_resized__placeopt__timing__drv__max_cap_limit"", ""3_5_place_dp__detailedplace__timing__drv__max_slew_limit"", ""3_5_place_dp__detailedplace__negotiation__converge__phase_1__iteration"", ""3_3_place_gp__globalplace__timing__hold__ws"", ""3_5_place_dp__detailedplace__route__wirelength__estimated"", ""3_5_place_dp__detailedplace__design__instance__displacement__total"", ""3_4_place_resized__placeopt__timing__hold__ws"", ""3_3_place_gp__globalplace__design__instance__area__stdcell"", ""3_3_place_gp__globalplace__design__instance__utilization"", ""3_3_place_gp__globalplace__design__instance__utilization__stdcell"", ""3_3_place_gp__globalplace__design__nets"", ""3_3_place_gp__globalplace__gpl__area__final"", ""3_3_place_gp__globalplace__gpl__area__timing_delta"", ""3_3_place_gp__globalplace__gpl__area__timing_delta__percent"", ""3_3_place_gp__globalplace__power__internal__total"", ""3_3_place_gp__globalplace__power__switching__total"", ""3_3_place_gp__globalplace__power__total"", ""3_3_place_gp__globalplace__timing__fmax"", ""3_3_place_gp__globalplace__timing__fmax__clock:core_clock"", ""3_3_place_gp__globalplace__timing__setup__ws"", ""3_4_place_resized__placeopt__design__instance__area"", ""3_4_place_resized__placeopt__design__instance__area__stdcell"", ""3_4_place_resized__placeopt__design__instance__count"", ""3_4_place_resized__placeopt__design__instance__count__stdcell"", ""3_4_place_resized__placeopt__design__instance__utilization"", ""3_4_place_resized__placeopt__design__instance__utilization__stdcell"", ""3_4_place_resized__placeopt__design__nets"", ""3_4_place_resized__placeopt__power__internal__total"", ""3_4_place_resized__placeopt__power__switching__total"", ""3_4_place_resized__placeopt__power__total"", ""3_4_place_resized__placeopt__timing__drv__setup_violation_count"", ""3_4_place_resized__placeopt__timing__fmax"", ""3_4_place_resized__placeopt__timing__fmax__clock:core_clock"", ""3_4_place_resized__placeopt__timing__setup__tns"", ""3_4_place_resized__placeopt__timing__setup__ws"", ""3_5_place_dp__detailedplace__design__instance__area"", ""3_5_place_dp__detailedplace__design__instance__area__stdcell"", ""3_5_place_dp__detailedplace__design__instance__count"", ""3_5_place_dp__detailedplace__design__instance__count__stdcell"", ""3_5_place_dp__detailedplace__design__instance__utilization"", ""3_5_place_dp__detailedplace__design__instance__utilization__stdcell"", ""3_5_place_dp__detailedplace__design__nets"", ""3_5_place_dp__detailedplace__power__internal__total"", ""3_5_place_dp__detailedplace__power__leakage__total"", ""3_5_place_dp__detailedplace__power__switching__total"", ""3_5_place_dp__detailedplace__power__total"", ""3_5_place_dp__detailedplace__timing__drv__setup_violation_count"", ""3_5_place_dp__detailedplace__timing__setup__tns"", ""3_5_place_dp__detailedplace__timing__setup__ws"", ""3_5_place_dp__detailedplace__utilization__before__dpl"", ""param:CLK_PERIOD"", ""param:CTS_CLUSTER_SIZE"", ""param:PLACE_DENSITY_LB_ADDON"", ""3_4_place_resized__placeopt__timing__drv__max_slew_limit""]",71,-0.07145488996539662
placement,area,72,3_3_place_gp__globalplace__route__wirelength__estimated,0.9916365953125069,0.008668007421402123,6.226184505208342,10.40408673939362,"[""3_3_place_gp__globalplace__timing__setup__tns"", ""3_3_place_gp__globalplace__gpl__area__original"", ""3_5_place_dp__detailedplace__dpl__hpwl__delta"", ""3_5_place_dp__detailedplace__dpl__hpwl__delta__percent"", ""3_3_place_gp__globalplace__gpl__convergence__iteration"", ""3_3_place_gp__globalplace__power__leakage__total"", ""3_3_place_gp__globalplace__gpl__routability__congestion"", ""3_5_place_dp__detailedplace__timing__drv__max_cap_limit"", ""3_5_place_dp__detailedplace__design__instance__displacement__max"", ""3_3_place_gp__globalplace__design__instance__area"", ""3_3_place_gp__globalplace__gpl__area__final__percent"", ""3_4_place_resized__placeopt__power__leakage__total"", ""3_5_place_dp__detailedplace__timing__hold__ws"", ""3_3_place_gp__globalplace__design__instance__count"", ""3_5_place_dp__detailedplace__design__instance__displacement__mean"", ""3_3_place_gp__globalplace__design__instance__count__stdcell"", ""3_3_place_gp__globalplace__gpl__routability__iteration"", ""3_4_place_resized__placeopt__timing__drv__max_cap_limit"", ""3_5_place_dp__detailedplace__timing__drv__max_slew_limit"", ""3_5_place_dp__detailedplace__negotiation__converge__phase_1__iteration"", ""3_3_place_gp__globalplace__timing__hold__ws"", ""3_5_place_dp__detailedplace__route__wirelength__estimated"", ""3_5_place_dp__detailedplace__design__instance__displacement__total"", ""3_4_place_resized__placeopt__timing__hold__ws"", ""3_3_place_gp__globalplace__design__instance__area__stdcell"", ""3_3_place_gp__globalplace__design__instance__utilization"", ""3_3_place_gp__globalplace__design__instance__utilization__stdcell"", ""3_3_place_gp__globalplace__design__nets"", ""3_3_place_gp__globalplace__gpl__area__final"", ""3_3_place_gp__globalplace__gpl__area__timing_delta"", ""3_3_place_gp__globalplace__gpl__area__timing_delta__percent"", ""3_3_place_gp__globalplace__power__internal__total"", ""3_3_place_gp__globalplace__power__switching__total"", ""3_3_place_gp__globalplace__power__total"", ""3_3_place_gp__globalplace__timing__fmax"", ""3_3_place_gp__globalplace__timing__fmax__clock:core_clock"", ""3_3_place_gp__globalplace__timing__setup__ws"", ""3_4_place_resized__placeopt__design__instance__area"", ""3_4_place_resized__placeopt__design__instance__area__stdcell"", ""3_4_place_resized__placeopt__design__instance__count"", ""3_4_place_resized__placeopt__design__instance__count__stdcell"", ""3_4_place_resized__placeopt__design__instance__utilization"", ""3_4_place_resized__placeopt__design__instance__utilization__stdcell"", ""3_4_place_resized__placeopt__design__nets"", ""3_4_place_resized__placeopt__power__internal__total"", ""3_4_place_resized__placeopt__power__switching__total"", ""3_4_place_resized__placeopt__power__total"", ""3_4_place_resized__placeopt__timing__drv__setup_violation_count"", ""3_4_place_resized__placeopt__timing__fmax"", ""3_4_place_resized__placeopt__timing__fmax__clock:core_clock"", ""3_4_place_resized__placeopt__timing__setup__tns"", ""3_4_place_resized__placeopt__timing__setup__ws"", ""3_5_place_dp__detailedplace__design__instance__area"", ""3_5_place_dp__detailedplace__design__instance__area__stdcell"", ""3_5_place_dp__detailedplace__design__instance__count"", ""3_5_place_dp__detailedplace__design__instance__count__stdcell"", ""3_5_place_dp__detailedplace__design__instance__utilization"", ""3_5_place_dp__detailedplace__design__instance__utilization__stdcell"", ""3_5_place_dp__detailedplace__design__nets"", ""3_5_place_dp__detailedplace__power__internal__total"", ""3_5_place_dp__detailedplace__power__leakage__total"", ""3_5_place_dp__detailedplace__power__switching__total"", ""3_5_place_dp__detailedplace__power__total"", ""3_5_place_dp__detailedplace__timing__drv__setup_violation_count"", ""3_5_place_dp__detailedplace__timing__setup__tns"", ""3_5_place_dp__detailedplace__timing__setup__ws"", ""3_5_place_dp__detailedplace__utilization__before__dpl"", ""param:CLK_PERIOD"", ""param:CTS_CLUSTER_SIZE"", ""param:PLACE_DENSITY_LB_ADDON"", ""3_4_place_resized__placeopt__timing__drv__max_slew_limit"", ""3_3_place_gp__globalplace__route__wirelength__estimated""]",72,-0.07145488996539662
placement,area,73,param:CORE_UTILIZATION,0.9950936353413479,0.0034116504171096728,5.361098014322928,8.720937957833703,"[""3_3_place_gp__globalplace__timing__setup__tns"", ""3_3_place_gp__globalplace__gpl__area__original"", ""3_5_place_dp__detailedplace__dpl__hpwl__delta"", ""3_5_place_dp__detailedplace__dpl__hpwl__delta__percent"", ""3_3_place_gp__globalplace__gpl__convergence__iteration"", ""3_3_place_gp__globalplace__power__leakage__total"", ""3_3_place_gp__globalplace__gpl__routability__congestion"", ""3_5_place_dp__detailedplace__timing__drv__max_cap_limit"", ""3_5_place_dp__detailedplace__design__instance__displacement__max"", ""3_3_place_gp__globalplace__design__instance__area"", ""3_3_place_gp__globalplace__gpl__area__final__percent"", ""3_4_place_resized__placeopt__power__leakage__total"", ""3_5_place_dp__detailedplace__timing__hold__ws"", ""3_3_place_gp__globalplace__design__instance__count"", ""3_5_place_dp__detailedplace__design__instance__displacement__mean"", ""3_3_place_gp__globalplace__design__instance__count__stdcell"", ""3_3_place_gp__globalplace__gpl__routability__iteration"", ""3_4_place_resized__placeopt__timing__drv__max_cap_limit"", ""3_5_place_dp__detailedplace__timing__drv__max_slew_limit"", ""3_5_place_dp__detailedplace__negotiation__converge__phase_1__iteration"", ""3_3_place_gp__globalplace__timing__hold__ws"", ""3_5_place_dp__detailedplace__route__wirelength__estimated"", ""3_5_place_dp__detailedplace__design__instance__displacement__total"", ""3_4_place_resized__placeopt__timing__hold__ws"", ""3_3_place_gp__globalplace__design__instance__area__stdcell"", ""3_3_place_gp__globalplace__design__instance__utilization"", ""3_3_place_gp__globalplace__design__instance__utilization__stdcell"", ""3_3_place_gp__globalplace__design__nets"", ""3_3_place_gp__globalplace__gpl__area__final"", ""3_3_place_gp__globalplace__gpl__area__timing_delta"", ""3_3_place_gp__globalplace__gpl__area__timing_delta__percent"", ""3_3_place_gp__globalplace__power__internal__total"", ""3_3_place_gp__globalplace__power__switching__total"", ""3_3_place_gp__globalplace__power__total"", ""3_3_place_gp__globalplace__timing__fmax"", ""3_3_place_gp__globalplace__timing__fmax__clock:core_clock"", ""3_3_place_gp__globalplace__timing__setup__ws"", ""3_4_place_resized__placeopt__design__instance__area"", ""3_4_place_resized__placeopt__design__instance__area__stdcell"", ""3_4_place_resized__placeopt__design__instance__count"", ""3_4_place_resized__placeopt__design__instance__count__stdcell"", ""3_4_place_resized__placeopt__design__instance__utilization"", ""3_4_place_resized__placeopt__design__instance__utilization__stdcell"", ""3_4_place_resized__placeopt__design__nets"", ""3_4_place_resized__placeopt__power__internal__total"", ""3_4_place_resized__placeopt__power__switching__total"", ""3_4_place_resized__placeopt__power__total"", ""3_4_place_resized__placeopt__timing__drv__setup_violation_count"", ""3_4_place_resized__placeopt__timing__fmax"", ""3_4_place_resized__placeopt__timing__fmax__clock:core_clock"", ""3_4_place_resized__placeopt__timing__setup__tns"", ""3_4_place_resized__placeopt__timing__setup__ws"", ""3_5_place_dp__detailedplace__design__instance__area"", ""3_5_place_dp__detailedplace__design__instance__area__stdcell"", ""3_5_place_dp__detailedplace__design__instance__count"", ""3_5_place_dp__detailedplace__design__instance__count__stdcell"", ""3_5_place_dp__detailedplace__design__instance__utilization"", ""3_5_place_dp__detailedplace__design__instance__utilization__stdcell"", ""3_5_place_dp__detailedplace__design__nets"", ""3_5_place_dp__detailedplace__power__internal__total"", ""3_5_place_dp__detailedplace__power__leakage__total"", ""3_5_place_dp__detailedplace__power__switching__total"", ""3_5_place_dp__detailedplace__power__total"", ""3_5_place_dp__detailedplace__timing__drv__setup_violation_count"", ""3_5_place_dp__detailedplace__timing__setup__tns"", ""3_5_place_dp__detailedplace__timing__setup__ws"", ""3_5_place_dp__detailedplace__utilization__before__dpl"", ""param:CLK_PERIOD"", ""param:CTS_CLUSTER_SIZE"", ""param:PLACE_DENSITY_LB_ADDON"", ""3_4_place_resized__placeopt__timing__drv__max_slew_limit"", ""3_3_place_gp__globalplace__route__wirelength__estimated"", ""param:CORE_UTILIZATION""]",73,-0.07145488996539662
placement,area,74,3_5_place_dp__detailedplace__timing__fmax,0.9915512059633437,0.009371813710533982,6.184616894531261,10.173129327795655,"[""3_3_place_gp__globalplace__timing__setup__tns"", ""3_3_place_gp__globalplace__gpl__area__original"", ""3_5_place_dp__detailedplace__dpl__hpwl__delta"", ""3_5_place_dp__detailedplace__dpl__hpwl__delta__percent"", ""3_3_place_gp__globalplace__gpl__convergence__iteration"", ""3_3_place_gp__globalplace__power__leakage__total"", ""3_3_place_gp__globalplace__gpl__routability__congestion"", ""3_5_place_dp__detailedplace__timing__drv__max_cap_limit"", ""3_5_place_dp__detailedplace__design__instance__displacement__max"", ""3_3_place_gp__globalplace__design__instance__area"", ""3_3_place_gp__globalplace__gpl__area__final__percent"", ""3_4_place_resized__placeopt__power__leakage__total"", ""3_5_place_dp__detailedplace__timing__hold__ws"", ""3_3_place_gp__globalplace__design__instance__count"", ""3_5_place_dp__detailedplace__design__instance__displacement__mean"", ""3_3_place_gp__globalplace__design__instance__count__stdcell"", ""3_3_place_gp__globalplace__gpl__routability__iteration"", ""3_4_place_resized__placeopt__timing__drv__max_cap_limit"", ""3_5_place_dp__detailedplace__timing__drv__max_slew_limit"", ""3_5_place_dp__detailedplace__negotiation__converge__phase_1__iteration"", ""3_3_place_gp__globalplace__timing__hold__ws"", ""3_5_place_dp__detailedplace__route__wirelength__estimated"", ""3_5_place_dp__detailedplace__design__instance__displacement__total"", ""3_4_place_resized__placeopt__timing__hold__ws"", ""3_3_place_gp__globalplace__design__instance__area__stdcell"", ""3_3_place_gp__globalplace__design__instance__utilization"", ""3_3_place_gp__globalplace__design__instance__utilization__stdcell"", ""3_3_place_gp__globalplace__design__nets"", ""3_3_place_gp__globalplace__gpl__area__final"", ""3_3_place_gp__globalplace__gpl__area__timing_delta"", ""3_3_place_gp__globalplace__gpl__area__timing_delta__percent"", ""3_3_place_gp__globalplace__power__internal__total"", ""3_3_place_gp__globalplace__power__switching__total"", ""3_3_place_gp__globalplace__power__total"", ""3_3_place_gp__globalplace__timing__fmax"", ""3_3_place_gp__globalplace__timing__fmax__clock:core_clock"", ""3_3_place_gp__globalplace__timing__setup__ws"", ""3_4_place_resized__placeopt__design__instance__area"", ""3_4_place_resized__placeopt__design__instance__area__stdcell"", ""3_4_place_resized__placeopt__design__instance__count"", ""3_4_place_resized__placeopt__design__instance__count__stdcell"", ""3_4_place_resized__placeopt__design__instance__utilization"", ""3_4_place_resized__placeopt__design__instance__utilization__stdcell"", ""3_4_place_resized__placeopt__design__nets"", ""3_4_place_resized__placeopt__power__internal__total"", ""3_4_place_resized__placeopt__power__switching__total"", ""3_4_place_resized__placeopt__power__total"", ""3_4_place_resized__placeopt__timing__drv__setup_violation_count"", ""3_4_place_resized__placeopt__timing__fmax"", ""3_4_place_resized__placeopt__timing__fmax__clock:core_clock"", ""3_4_place_resized__placeopt__timing__setup__tns"", ""3_4_place_resized__placeopt__timing__setup__ws"", ""3_5_place_dp__detailedplace__design__instance__area"", ""3_5_place_dp__detailedplace__design__instance__area__stdcell"", ""3_5_place_dp__detailedplace__design__instance__count"", ""3_5_place_dp__detailedplace__design__instance__count__stdcell"", ""3_5_place_dp__detailedplace__design__instance__utilization"", ""3_5_place_dp__detailedplace__design__instance__utilization__stdcell"", ""3_5_place_dp__detailedplace__design__nets"", ""3_5_place_dp__detailedplace__power__internal__total"", ""3_5_place_dp__detailedplace__power__leakage__total"", ""3_5_place_dp__detailedplace__power__switching__total"", ""3_5_place_dp__detailedplace__power__total"", ""3_5_place_dp__detailedplace__timing__drv__setup_violation_count"", ""3_5_place_dp__detailedplace__timing__setup__tns"", ""3_5_place_dp__detailedplace__timing__setup__ws"", ""3_5_place_dp__detailedplace__utilization__before__dpl"", ""param:CLK_PERIOD"", ""param:CTS_CLUSTER_SIZE"", ""param:PLACE_DENSITY_LB_ADDON"", ""3_4_place_resized__placeopt__timing__drv__max_slew_limit"", ""3_3_place_gp__globalplace__route__wirelength__estimated"", ""param:CORE_UTILIZATION"", ""3_5_place_dp__detailedplace__timing__fmax""]",74,-0.07145488996539662
placement,area,75,3_5_place_dp__detailedplace__timing__fmax__clock:core_clock,0.9949576230790855,0.003759213853584224,4.818108919270844,8.676742150793606,"[""3_3_place_gp__globalplace__timing__setup__tns"", ""3_3_place_gp__globalplace__gpl__area__original"", ""3_5_place_dp__detailedplace__dpl__hpwl__delta"", ""3_5_place_dp__detailedplace__dpl__hpwl__delta__percent"", ""3_3_place_gp__globalplace__gpl__convergence__iteration"", ""3_3_place_gp__globalplace__power__leakage__total"", ""3_3_place_gp__globalplace__gpl__routability__congestion"", ""3_5_place_dp__detailedplace__timing__drv__max_cap_limit"", ""3_5_place_dp__detailedplace__design__instance__displacement__max"", ""3_3_place_gp__globalplace__design__instance__area"", ""3_3_place_gp__globalplace__gpl__area__final__percent"", ""3_4_place_resized__placeopt__power__leakage__total"", ""3_5_place_dp__detailedplace__timing__hold__ws"", ""3_3_place_gp__globalplace__design__instance__count"", ""3_5_place_dp__detailedplace__design__instance__displacement__mean"", ""3_3_place_gp__globalplace__design__instance__count__stdcell"", ""3_3_place_gp__globalplace__gpl__routability__iteration"", ""3_4_place_resized__placeopt__timing__drv__max_cap_limit"", ""3_5_place_dp__detailedplace__timing__drv__max_slew_limit"", ""3_5_place_dp__detailedplace__negotiation__converge__phase_1__iteration"", ""3_3_place_gp__globalplace__timing__hold__ws"", ""3_5_place_dp__detailedplace__route__wirelength__estimated"", ""3_5_place_dp__detailedplace__design__instance__displacement__total"", ""3_4_place_resized__placeopt__timing__hold__ws"", ""3_3_place_gp__globalplace__design__instance__area__stdcell"", ""3_3_place_gp__globalplace__design__instance__utilization"", ""3_3_place_gp__globalplace__design__instance__utilization__stdcell"", ""3_3_place_gp__globalplace__design__nets"", ""3_3_place_gp__globalplace__gpl__area__final"", ""3_3_place_gp__globalplace__gpl__area__timing_delta"", ""3_3_place_gp__globalplace__gpl__area__timing_delta__percent"", ""3_3_place_gp__globalplace__power__internal__total"", ""3_3_place_gp__globalplace__power__switching__total"", ""3_3_place_gp__globalplace__power__total"", ""3_3_place_gp__globalplace__timing__fmax"", ""3_3_place_gp__globalplace__timing__fmax__clock:core_clock"", ""3_3_place_gp__globalplace__timing__setup__ws"", ""3_4_place_resized__placeopt__design__instance__area"", ""3_4_place_resized__placeopt__design__instance__area__stdcell"", ""3_4_place_resized__placeopt__design__instance__count"", ""3_4_place_resized__placeopt__design__instance__count__stdcell"", ""3_4_place_resized__placeopt__design__instance__utilization"", ""3_4_place_resized__placeopt__design__instance__utilization__stdcell"", ""3_4_place_resized__placeopt__design__nets"", ""3_4_place_resized__placeopt__power__internal__total"", ""3_4_place_resized__placeopt__power__switching__total"", ""3_4_place_resized__placeopt__power__total"", ""3_4_place_resized__placeopt__timing__drv__setup_violation_count"", ""3_4_place_resized__placeopt__timing__fmax"", ""3_4_place_resized__placeopt__timing__fmax__clock:core_clock"", ""3_4_place_resized__placeopt__timing__setup__tns"", ""3_4_place_resized__placeopt__timing__setup__ws"", ""3_5_place_dp__detailedplace__design__instance__area"", ""3_5_place_dp__detailedplace__design__instance__area__stdcell"", ""3_5_place_dp__detailedplace__design__instance__count"", ""3_5_place_dp__detailedplace__design__instance__count__stdcell"", ""3_5_place_dp__detailedplace__design__instance__utilization"", ""3_5_place_dp__detailedplace__design__instance__utilization__stdcell"", ""3_5_place_dp__detailedplace__design__nets"", ""3_5_place_dp__detailedplace__power__internal__total"", ""3_5_place_dp__detailedplace__power__leakage__total"", ""3_5_place_dp__detailedplace__power__switching__total"", ""3_5_place_dp__detailedplace__power__total"", ""3_5_place_dp__detailedplace__timing__drv__setup_violation_count"", ""3_5_place_dp__detailedplace__timing__setup__tns"", ""3_5_place_dp__detailedplace__timing__setup__ws"", ""3_5_place_dp__detailedplace__utilization__before__dpl"", ""param:CLK_PERIOD"", ""param:CTS_CLUSTER_SIZE"", ""param:PLACE_DENSITY_LB_ADDON"", ""3_4_place_resized__placeopt__timing__drv__max_slew_limit"", ""3_3_place_gp__globalplace__route__wirelength__estimated"", ""param:CORE_UTILIZATION"", ""3_5_place_dp__detailedplace__timing__fmax"", ""3_5_place_dp__detailedplace__timing__fmax__clock:core_clock""]",75,-0.07145488996539662
