stage,target,iteration,feature_added,validation_R2,validation_R2_std,validation_MAE,validation_RMSE,selected_features,number_of_features,baseline_R2
placement,power,0,,-0.07672385948385196,0.09786384546481142,,,[],0,-0.07672385948385196
placement,power,1,3_3_place_gp__globalplace__power__internal__total,0.9779128787402765,0.008673780481533064,0.0003250799970113834,0.00039898676209646145,"[""3_3_place_gp__globalplace__power__internal__total""]",1,-0.07672385948385196
placement,power,2,3_3_place_gp__globalplace__timing__setup__tns,0.984182343637127,0.004611786445206794,0.00026328648158069443,0.0003437493453719705,"[""3_3_place_gp__globalplace__power__internal__total"", ""3_3_place_gp__globalplace__timing__setup__tns""]",2,-0.07672385948385196
placement,power,3,3_3_place_gp__globalplace__design__instance__area,0.9837796861472468,0.0036348381595405804,0.0002603460799251,0.0003494189125430661,"[""3_3_place_gp__globalplace__power__internal__total"", ""3_3_place_gp__globalplace__timing__setup__tns"", ""3_3_place_gp__globalplace__design__instance__area""]",3,-0.07672385948385196
placement,power,4,3_3_place_gp__globalplace__power__leakage__total,0.9860388874802754,0.0027721786280917576,0.00023335070631758364,0.00032494093871600886,"[""3_3_place_gp__globalplace__power__internal__total"", ""3_3_place_gp__globalplace__timing__setup__tns"", ""3_3_place_gp__globalplace__design__instance__area"", ""3_3_place_gp__globalplace__power__leakage__total""]",4,-0.07672385948385196
placement,power,5,3_3_place_gp__globalplace__design__instance__area__stdcell,0.9782207227170455,0.007329170935413464,0.00031538277144567173,0.00039939378703971053,"[""3_3_place_gp__globalplace__power__internal__total"", ""3_3_place_gp__globalplace__timing__setup__tns"", ""3_3_place_gp__globalplace__design__instance__area"", ""3_3_place_gp__globalplace__power__leakage__total"", ""3_3_place_gp__globalplace__design__instance__area__stdcell""]",5,-0.07672385948385196
placement,power,6,3_3_place_gp__globalplace__design__instance__utilization,0.9788702851333637,0.00756795162325572,0.0003111705103858312,0.00039196741878183523,"[""3_3_place_gp__globalplace__power__internal__total"", ""3_3_place_gp__globalplace__timing__setup__tns"", ""3_3_place_gp__globalplace__design__instance__area"", ""3_3_place_gp__globalplace__power__leakage__total"", ""3_3_place_gp__globalplace__design__instance__area__stdcell"", ""3_3_place_gp__globalplace__design__instance__utilization""]",6,-0.07672385948385196
placement,power,7,3_3_place_gp__globalplace__design__instance__utilization__stdcell,0.9839263416888949,0.0035689614789257283,0.0002599064170385995,0.00034787597884807056,"[""3_3_place_gp__globalplace__power__internal__total"", ""3_3_place_gp__globalplace__timing__setup__tns"", ""3_3_place_gp__globalplace__design__instance__area"", ""3_3_place_gp__globalplace__power__leakage__total"", ""3_3_place_gp__globalplace__design__instance__area__stdcell"", ""3_3_place_gp__globalplace__design__instance__utilization"", ""3_3_place_gp__globalplace__design__instance__utilization__stdcell""]",7,-0.07672385948385196
placement,power,8,3_3_place_gp__globalplace__gpl__area__final,0.982681121058604,0.004457736453878433,0.00026502461361563204,0.00036002528557275965,"[""3_3_place_gp__globalplace__power__internal__total"", ""3_3_place_gp__globalplace__timing__setup__tns"", ""3_3_place_gp__globalplace__design__instance__area"", ""3_3_place_gp__globalplace__power__leakage__total"", ""3_3_place_gp__globalplace__design__instance__area__stdcell"", ""3_3_place_gp__globalplace__design__instance__utilization"", ""3_3_place_gp__globalplace__design__instance__utilization__stdcell"", ""3_3_place_gp__globalplace__gpl__area__final""]",8,-0.07672385948385196
placement,power,9,3_3_place_gp__globalplace__gpl__area__original,0.9836636321650362,0.003862431799286178,0.00027356150069276494,0.00035019208299709,"[""3_3_place_gp__globalplace__power__internal__total"", ""3_3_place_gp__globalplace__timing__setup__tns"", ""3_3_place_gp__globalplace__design__instance__area"", ""3_3_place_gp__globalplace__power__leakage__total"", ""3_3_place_gp__globalplace__design__instance__area__stdcell"", ""3_3_place_gp__globalplace__design__instance__utilization"", ""3_3_place_gp__globalplace__design__instance__utilization__stdcell"", ""3_3_place_gp__globalplace__gpl__area__final"", ""3_3_place_gp__globalplace__gpl__area__original""]",9,-0.07672385948385196
placement,power,10,3_3_place_gp__globalplace__design__instance__count,0.9789123003432098,0.007629533877056752,0.0003178309701416492,0.0003914560132181671,"[""3_3_place_gp__globalplace__power__internal__total"", ""3_3_place_gp__globalplace__timing__setup__tns"", ""3_3_place_gp__globalplace__design__instance__area"", ""3_3_place_gp__globalplace__power__leakage__total"", ""3_3_place_gp__globalplace__design__instance__area__stdcell"", ""3_3_place_gp__globalplace__design__instance__utilization"", ""3_3_place_gp__globalplace__design__instance__utilization__stdcell"", ""3_3_place_gp__globalplace__gpl__area__final"", ""3_3_place_gp__globalplace__gpl__area__original"", ""3_3_place_gp__globalplace__design__instance__count""]",10,-0.07672385948385196
placement,power,11,3_3_place_gp__globalplace__design__instance__count__stdcell,0.9770281575437213,0.008547209222296572,0.00032121191944019,0.0004076517378799598,"[""3_3_place_gp__globalplace__power__internal__total"", ""3_3_place_gp__globalplace__timing__setup__tns"", ""3_3_place_gp__globalplace__design__instance__area"", ""3_3_place_gp__globalplace__power__leakage__total"", ""3_3_place_gp__globalplace__design__instance__area__stdcell"", ""3_3_place_gp__globalplace__design__instance__utilization"", ""3_3_place_gp__globalplace__design__instance__utilization__stdcell"", ""3_3_place_gp__globalplace__gpl__area__final"", ""3_3_place_gp__globalplace__gpl__area__original"", ""3_3_place_gp__globalplace__design__instance__count"", ""3_3_place_gp__globalplace__design__instance__count__stdcell""]",11,-0.07672385948385196
placement,power,12,3_3_place_gp__globalplace__design__nets,0.9778945667578492,0.009232496121380343,0.0003238162854098876,0.00039744856114170434,"[""3_3_place_gp__globalplace__power__internal__total"", ""3_3_place_gp__globalplace__timing__setup__tns"", ""3_3_place_gp__globalplace__design__instance__area"", ""3_3_place_gp__globalplace__power__leakage__total"", ""3_3_place_gp__globalplace__design__instance__area__stdcell"", ""3_3_place_gp__globalplace__design__instance__utilization"", ""3_3_place_gp__globalplace__design__instance__utilization__stdcell"", ""3_3_place_gp__globalplace__gpl__area__final"", ""3_3_place_gp__globalplace__gpl__area__original"", ""3_3_place_gp__globalplace__design__instance__count"", ""3_3_place_gp__globalplace__design__instance__count__stdcell"", ""3_3_place_gp__globalplace__design__nets""]",12,-0.07672385948385196
placement,power,13,3_3_place_gp__globalplace__gpl__area__final__percent,0.9805252188510186,0.006728811353437743,0.00028832834735846515,0.0003785330793883974,"[""3_3_place_gp__globalplace__power__internal__total"", ""3_3_place_gp__globalplace__timing__setup__tns"", ""3_3_place_gp__globalplace__design__instance__area"", ""3_3_place_gp__globalplace__power__leakage__total"", ""3_3_place_gp__globalplace__design__instance__area__stdcell"", ""3_3_place_gp__globalplace__design__instance__utilization"", ""3_3_place_gp__globalplace__design__instance__utilization__stdcell"", ""3_3_place_gp__globalplace__gpl__area__final"", ""3_3_place_gp__globalplace__gpl__area__original"", ""3_3_place_gp__globalplace__design__instance__count"", ""3_3_place_gp__globalplace__design__instance__count__stdcell"", ""3_3_place_gp__globalplace__design__nets"", ""3_3_place_gp__globalplace__gpl__area__final__percent""]",13,-0.07672385948385196
placement,power,14,3_3_place_gp__globalplace__gpl__area__timing_delta,0.9815538113619476,0.0053853190694075365,0.0002817034463121096,0.0003697710700125555,"[""3_3_place_gp__globalplace__power__internal__total"", ""3_3_place_gp__globalplace__timing__setup__tns"", ""3_3_place_gp__globalplace__design__instance__area"", ""3_3_place_gp__globalplace__power__leakage__total"", ""3_3_place_gp__globalplace__design__instance__area__stdcell"", ""3_3_place_gp__globalplace__design__instance__utilization"", ""3_3_place_gp__globalplace__design__instance__utilization__stdcell"", ""3_3_place_gp__globalplace__gpl__area__final"", ""3_3_place_gp__globalplace__gpl__area__original"", ""3_3_place_gp__globalplace__design__instance__count"", ""3_3_place_gp__globalplace__design__instance__count__stdcell"", ""3_3_place_gp__globalplace__design__nets"", ""3_3_place_gp__globalplace__gpl__area__final__percent"", ""3_3_place_gp__globalplace__gpl__area__timing_delta""]",14,-0.07672385948385196
placement,power,15,3_3_place_gp__globalplace__gpl__area__timing_delta__percent,0.9802285351866992,0.006377829852690871,0.00030935504995620246,0.0003811810883395941,"[""3_3_place_gp__globalplace__power__internal__total"", ""3_3_place_gp__globalplace__timing__setup__tns"", ""3_3_place_gp__globalplace__design__instance__area"", ""3_3_place_gp__globalplace__power__leakage__total"", ""3_3_place_gp__globalplace__design__instance__area__stdcell"", ""3_3_place_gp__globalplace__design__instance__utilization"", ""3_3_place_gp__globalplace__design__instance__utilization__stdcell"", ""3_3_place_gp__globalplace__gpl__area__final"", ""3_3_place_gp__globalplace__gpl__area__original"", ""3_3_place_gp__globalplace__design__instance__count"", ""3_3_place_gp__globalplace__design__instance__count__stdcell"", ""3_3_place_gp__globalplace__design__nets"", ""3_3_place_gp__globalplace__gpl__area__final__percent"", ""3_3_place_gp__globalplace__gpl__area__timing_delta"", ""3_3_place_gp__globalplace__gpl__area__timing_delta__percent""]",15,-0.07672385948385196
placement,power,16,3_3_place_gp__globalplace__gpl__convergence__iteration,0.979296874106915,0.007375026703890807,0.0003155097275044123,0.0003881213258014365,"[""3_3_place_gp__globalplace__power__internal__total"", ""3_3_place_gp__globalplace__timing__setup__tns"", ""3_3_place_gp__globalplace__design__instance__area"", ""3_3_place_gp__globalplace__power__leakage__total"", ""3_3_place_gp__globalplace__design__instance__area__stdcell"", ""3_3_place_gp__globalplace__design__instance__utilization"", ""3_3_place_gp__globalplace__design__instance__utilization__stdcell"", ""3_3_place_gp__globalplace__gpl__area__final"", ""3_3_place_gp__globalplace__gpl__area__original"", ""3_3_place_gp__globalplace__design__instance__count"", ""3_3_place_gp__globalplace__design__instance__count__stdcell"", ""3_3_place_gp__globalplace__design__nets"", ""3_3_place_gp__globalplace__gpl__area__final__percent"", ""3_3_place_gp__globalplace__gpl__area__timing_delta"", ""3_3_place_gp__globalplace__gpl__area__timing_delta__percent"", ""3_3_place_gp__globalplace__gpl__convergence__iteration""]",16,-0.07672385948385196
placement,power,17,3_3_place_gp__globalplace__gpl__routability__congestion,0.9790528752085771,0.006612234626806922,0.00031198082082307336,0.000392727080789567,"[""3_3_place_gp__globalplace__power__internal__total"", ""3_3_place_gp__globalplace__timing__setup__tns"", ""3_3_place_gp__globalplace__design__instance__area"", ""3_3_place_gp__globalplace__power__leakage__total"", ""3_3_place_gp__globalplace__design__instance__area__stdcell"", ""3_3_place_gp__globalplace__design__instance__utilization"", ""3_3_place_gp__globalplace__design__instance__utilization__stdcell"", ""3_3_place_gp__globalplace__gpl__area__final"", ""3_3_place_gp__globalplace__gpl__area__original"", ""3_3_place_gp__globalplace__design__instance__count"", ""3_3_place_gp__globalplace__design__instance__count__stdcell"", ""3_3_place_gp__globalplace__design__nets"", ""3_3_place_gp__globalplace__gpl__area__final__percent"", ""3_3_place_gp__globalplace__gpl__area__timing_delta"", ""3_3_place_gp__globalplace__gpl__area__timing_delta__percent"", ""3_3_place_gp__globalplace__gpl__convergence__iteration"", ""3_3_place_gp__globalplace__gpl__routability__congestion""]",17,-0.07672385948385196
placement,power,18,3_3_place_gp__globalplace__gpl__routability__iteration,0.9797670227330718,0.00630249419037923,0.0002858778729058901,0.00038628826903308556,"[""3_3_place_gp__globalplace__power__internal__total"", ""3_3_place_gp__globalplace__timing__setup__tns"", ""3_3_place_gp__globalplace__design__instance__area"", ""3_3_place_gp__globalplace__power__leakage__total"", ""3_3_place_gp__globalplace__design__instance__area__stdcell"", ""3_3_place_gp__globalplace__design__instance__utilization"", ""3_3_place_gp__globalplace__design__instance__utilization__stdcell"", ""3_3_place_gp__globalplace__gpl__area__final"", ""3_3_place_gp__globalplace__gpl__area__original"", ""3_3_place_gp__globalplace__design__instance__count"", ""3_3_place_gp__globalplace__design__instance__count__stdcell"", ""3_3_place_gp__globalplace__design__nets"", ""3_3_place_gp__globalplace__gpl__area__final__percent"", ""3_3_place_gp__globalplace__gpl__area__timing_delta"", ""3_3_place_gp__globalplace__gpl__area__timing_delta__percent"", ""3_3_place_gp__globalplace__gpl__convergence__iteration"", ""3_3_place_gp__globalplace__gpl__routability__congestion"", ""3_3_place_gp__globalplace__gpl__routability__iteration""]",18,-0.07672385948385196
placement,power,19,3_3_place_gp__globalplace__power__switching__total,0.9779963876880083,0.008061502325180965,0.000310873153588732,0.00039987060218002745,"[""3_3_place_gp__globalplace__power__internal__total"", ""3_3_place_gp__globalplace__timing__setup__tns"", ""3_3_place_gp__globalplace__design__instance__area"", ""3_3_place_gp__globalplace__power__leakage__total"", ""3_3_place_gp__globalplace__design__instance__area__stdcell"", ""3_3_place_gp__globalplace__design__instance__utilization"", ""3_3_place_gp__globalplace__design__instance__utilization__stdcell"", ""3_3_place_gp__globalplace__gpl__area__final"", ""3_3_place_gp__globalplace__gpl__area__original"", ""3_3_place_gp__globalplace__design__instance__count"", ""3_3_place_gp__globalplace__design__instance__count__stdcell"", ""3_3_place_gp__globalplace__design__nets"", ""3_3_place_gp__globalplace__gpl__area__final__percent"", ""3_3_place_gp__globalplace__gpl__area__timing_delta"", ""3_3_place_gp__globalplace__gpl__area__timing_delta__percent"", ""3_3_place_gp__globalplace__gpl__convergence__iteration"", ""3_3_place_gp__globalplace__gpl__routability__congestion"", ""3_3_place_gp__globalplace__gpl__routability__iteration"", ""3_3_place_gp__globalplace__power__switching__total""]",19,-0.07672385948385196
placement,power,20,3_3_place_gp__globalplace__power__total,0.9829362454639513,0.004894875622489632,0.00028600163969234627,0.0003560782823450977,"[""3_3_place_gp__globalplace__power__internal__total"", ""3_3_place_gp__globalplace__timing__setup__tns"", ""3_3_place_gp__globalplace__design__instance__area"", ""3_3_place_gp__globalplace__power__leakage__total"", ""3_3_place_gp__globalplace__design__instance__area__stdcell"", ""3_3_place_gp__globalplace__design__instance__utilization"", ""3_3_place_gp__globalplace__design__instance__utilization__stdcell"", ""3_3_place_gp__globalplace__gpl__area__final"", ""3_3_place_gp__globalplace__gpl__area__original"", ""3_3_place_gp__globalplace__design__instance__count"", ""3_3_place_gp__globalplace__design__instance__count__stdcell"", ""3_3_place_gp__globalplace__design__nets"", ""3_3_place_gp__globalplace__gpl__area__final__percent"", ""3_3_place_gp__globalplace__gpl__area__timing_delta"", ""3_3_place_gp__globalplace__gpl__area__timing_delta__percent"", ""3_3_place_gp__globalplace__gpl__convergence__iteration"", ""3_3_place_gp__globalplace__gpl__routability__congestion"", ""3_3_place_gp__globalplace__gpl__routability__iteration"", ""3_3_place_gp__globalplace__power__switching__total"", ""3_3_place_gp__globalplace__power__total""]",20,-0.07672385948385196
placement,power,21,3_3_place_gp__globalplace__route__wirelength__estimated,0.9818226200955502,0.004458583636947447,0.00028102656106487905,0.000369059256333731,"[""3_3_place_gp__globalplace__power__internal__total"", ""3_3_place_gp__globalplace__timing__setup__tns"", ""3_3_place_gp__globalplace__design__instance__area"", ""3_3_place_gp__globalplace__power__leakage__total"", ""3_3_place_gp__globalplace__design__instance__area__stdcell"", ""3_3_place_gp__globalplace__design__instance__utilization"", ""3_3_place_gp__globalplace__design__instance__utilization__stdcell"", ""3_3_place_gp__globalplace__gpl__area__final"", ""3_3_place_gp__globalplace__gpl__area__original"", ""3_3_place_gp__globalplace__design__instance__count"", ""3_3_place_gp__globalplace__design__instance__count__stdcell"", ""3_3_place_gp__globalplace__design__nets"", ""3_3_place_gp__globalplace__gpl__area__final__percent"", ""3_3_place_gp__globalplace__gpl__area__timing_delta"", ""3_3_place_gp__globalplace__gpl__area__timing_delta__percent"", ""3_3_place_gp__globalplace__gpl__convergence__iteration"", ""3_3_place_gp__globalplace__gpl__routability__congestion"", ""3_3_place_gp__globalplace__gpl__routability__iteration"", ""3_3_place_gp__globalplace__power__switching__total"", ""3_3_place_gp__globalplace__power__total"", ""3_3_place_gp__globalplace__route__wirelength__estimated""]",21,-0.07672385948385196
placement,power,22,3_3_place_gp__globalplace__timing__fmax,0.9825210656614011,0.005089840906256135,0.0002839116599724292,0.00036025084757496253,"[""3_3_place_gp__globalplace__power__internal__total"", ""3_3_place_gp__globalplace__timing__setup__tns"", ""3_3_place_gp__globalplace__design__instance__area"", ""3_3_place_gp__globalplace__power__leakage__total"", ""3_3_place_gp__globalplace__design__instance__area__stdcell"", ""3_3_place_gp__globalplace__design__instance__utilization"", ""3_3_place_gp__globalplace__design__instance__utilization__stdcell"", ""3_3_place_gp__globalplace__gpl__area__final"", ""3_3_place_gp__globalplace__gpl__area__original"", ""3_3_place_gp__globalplace__design__instance__count"", ""3_3_place_gp__globalplace__design__instance__count__stdcell"", ""3_3_place_gp__globalplace__design__nets"", ""3_3_place_gp__globalplace__gpl__area__final__percent"", ""3_3_place_gp__globalplace__gpl__area__timing_delta"", ""3_3_place_gp__globalplace__gpl__area__timing_delta__percent"", ""3_3_place_gp__globalplace__gpl__convergence__iteration"", ""3_3_place_gp__globalplace__gpl__routability__congestion"", ""3_3_place_gp__globalplace__gpl__routability__iteration"", ""3_3_place_gp__globalplace__power__switching__total"", ""3_3_place_gp__globalplace__power__total"", ""3_3_place_gp__globalplace__route__wirelength__estimated"", ""3_3_place_gp__globalplace__timing__fmax""]",22,-0.07672385948385196
placement,power,23,3_3_place_gp__globalplace__timing__fmax__clock:core_clock,0.9795687521100991,0.006697418700805729,0.00029974670360819497,0.0003873275144202729,"[""3_3_place_gp__globalplace__power__internal__total"", ""3_3_place_gp__globalplace__timing__setup__tns"", ""3_3_place_gp__globalplace__design__instance__area"", ""3_3_place_gp__globalplace__power__leakage__total"", ""3_3_place_gp__globalplace__design__instance__area__stdcell"", ""3_3_place_gp__globalplace__design__instance__utilization"", ""3_3_place_gp__globalplace__design__instance__utilization__stdcell"", ""3_3_place_gp__globalplace__gpl__area__final"", ""3_3_place_gp__globalplace__gpl__area__original"", ""3_3_place_gp__globalplace__design__instance__count"", ""3_3_place_gp__globalplace__design__instance__count__stdcell"", ""3_3_place_gp__globalplace__design__nets"", ""3_3_place_gp__globalplace__gpl__area__final__percent"", ""3_3_place_gp__globalplace__gpl__area__timing_delta"", ""3_3_place_gp__globalplace__gpl__area__timing_delta__percent"", ""3_3_place_gp__globalplace__gpl__convergence__iteration"", ""3_3_place_gp__globalplace__gpl__routability__congestion"", ""3_3_place_gp__globalplace__gpl__routability__iteration"", ""3_3_place_gp__globalplace__power__switching__total"", ""3_3_place_gp__globalplace__power__total"", ""3_3_place_gp__globalplace__route__wirelength__estimated"", ""3_3_place_gp__globalplace__timing__fmax"", ""3_3_place_gp__globalplace__timing__fmax__clock:core_clock""]",23,-0.07672385948385196
placement,power,24,3_3_place_gp__globalplace__timing__hold__ws,0.984209633538534,0.003804763247678384,0.0002574419822857379,0.0003443339041833147,"[""3_3_place_gp__globalplace__power__internal__total"", ""3_3_place_gp__globalplace__timing__setup__tns"", ""3_3_place_gp__globalplace__design__instance__area"", ""3_3_place_gp__globalplace__power__leakage__total"", ""3_3_place_gp__globalplace__design__instance__area__stdcell"", ""3_3_place_gp__globalplace__design__instance__utilization"", ""3_3_place_gp__globalplace__design__instance__utilization__stdcell"", ""3_3_place_gp__globalplace__gpl__area__final"", ""3_3_place_gp__globalplace__gpl__area__original"", ""3_3_place_gp__globalplace__design__instance__count"", ""3_3_place_gp__globalplace__design__instance__count__stdcell"", ""3_3_place_gp__globalplace__design__nets"", ""3_3_place_gp__globalplace__gpl__area__final__percent"", ""3_3_place_gp__globalplace__gpl__area__timing_delta"", ""3_3_place_gp__globalplace__gpl__area__timing_delta__percent"", ""3_3_place_gp__globalplace__gpl__convergence__iteration"", ""3_3_place_gp__globalplace__gpl__routability__congestion"", ""3_3_place_gp__globalplace__gpl__routability__iteration"", ""3_3_place_gp__globalplace__power__switching__total"", ""3_3_place_gp__globalplace__power__total"", ""3_3_place_gp__globalplace__route__wirelength__estimated"", ""3_3_place_gp__globalplace__timing__fmax"", ""3_3_place_gp__globalplace__timing__fmax__clock:core_clock"", ""3_3_place_gp__globalplace__timing__hold__ws""]",24,-0.07672385948385196
placement,power,25,3_3_place_gp__globalplace__timing__setup__ws,0.9806575187274102,0.006752133617106496,0.0002826641365919113,0.00037720324385945113,"[""3_3_place_gp__globalplace__power__internal__total"", ""3_3_place_gp__globalplace__timing__setup__tns"", ""3_3_place_gp__globalplace__design__instance__area"", ""3_3_place_gp__globalplace__power__leakage__total"", ""3_3_place_gp__globalplace__design__instance__area__stdcell"", ""3_3_place_gp__globalplace__design__instance__utilization"", ""3_3_place_gp__globalplace__design__instance__utilization__stdcell"", ""3_3_place_gp__globalplace__gpl__area__final"", ""3_3_place_gp__globalplace__gpl__area__original"", ""3_3_place_gp__globalplace__design__instance__count"", ""3_3_place_gp__globalplace__design__instance__count__stdcell"", ""3_3_place_gp__globalplace__design__nets"", ""3_3_place_gp__globalplace__gpl__area__final__percent"", ""3_3_place_gp__globalplace__gpl__area__timing_delta"", ""3_3_place_gp__globalplace__gpl__area__timing_delta__percent"", ""3_3_place_gp__globalplace__gpl__convergence__iteration"", ""3_3_place_gp__globalplace__gpl__routability__congestion"", ""3_3_place_gp__globalplace__gpl__routability__iteration"", ""3_3_place_gp__globalplace__power__switching__total"", ""3_3_place_gp__globalplace__power__total"", ""3_3_place_gp__globalplace__route__wirelength__estimated"", ""3_3_place_gp__globalplace__timing__fmax"", ""3_3_place_gp__globalplace__timing__fmax__clock:core_clock"", ""3_3_place_gp__globalplace__timing__hold__ws"", ""3_3_place_gp__globalplace__timing__setup__ws""]",25,-0.07672385948385196
placement,power,26,3_4_place_resized__placeopt__design__instance__area,0.9806578218637879,0.005693884485298083,0.0002976942083521286,0.00037847357764515013,"[""3_3_place_gp__globalplace__power__internal__total"", ""3_3_place_gp__globalplace__timing__setup__tns"", ""3_3_place_gp__globalplace__design__instance__area"", ""3_3_place_gp__globalplace__power__leakage__total"", ""3_3_place_gp__globalplace__design__instance__area__stdcell"", ""3_3_place_gp__globalplace__design__instance__utilization"", ""3_3_place_gp__globalplace__design__instance__utilization__stdcell"", ""3_3_place_gp__globalplace__gpl__area__final"", ""3_3_place_gp__globalplace__gpl__area__original"", ""3_3_place_gp__globalplace__design__instance__count"", ""3_3_place_gp__globalplace__design__instance__count__stdcell"", ""3_3_place_gp__globalplace__design__nets"", ""3_3_place_gp__globalplace__gpl__area__final__percent"", ""3_3_place_gp__globalplace__gpl__area__timing_delta"", ""3_3_place_gp__globalplace__gpl__area__timing_delta__percent"", ""3_3_place_gp__globalplace__gpl__convergence__iteration"", ""3_3_place_gp__globalplace__gpl__routability__congestion"", ""3_3_place_gp__globalplace__gpl__routability__iteration"", ""3_3_place_gp__globalplace__power__switching__total"", ""3_3_place_gp__globalplace__power__total"", ""3_3_place_gp__globalplace__route__wirelength__estimated"", ""3_3_place_gp__globalplace__timing__fmax"", ""3_3_place_gp__globalplace__timing__fmax__clock:core_clock"", ""3_3_place_gp__globalplace__timing__hold__ws"", ""3_3_place_gp__globalplace__timing__setup__ws"", ""3_4_place_resized__placeopt__design__instance__area""]",26,-0.07672385948385196
placement,power,27,3_4_place_resized__placeopt__design__instance__area__stdcell,0.98039601034711,0.006499122083981013,0.00028016532616353035,0.00038014524103881464,"[""3_3_place_gp__globalplace__power__internal__total"", ""3_3_place_gp__globalplace__timing__setup__tns"", ""3_3_place_gp__globalplace__design__instance__area"", ""3_3_place_gp__globalplace__power__leakage__total"", ""3_3_place_gp__globalplace__design__instance__area__stdcell"", ""3_3_place_gp__globalplace__design__instance__utilization"", ""3_3_place_gp__globalplace__design__instance__utilization__stdcell"", ""3_3_place_gp__globalplace__gpl__area__final"", ""3_3_place_gp__globalplace__gpl__area__original"", ""3_3_place_gp__globalplace__design__instance__count"", ""3_3_place_gp__globalplace__design__instance__count__stdcell"", ""3_3_place_gp__globalplace__design__nets"", ""3_3_place_gp__globalplace__gpl__area__final__percent"", ""3_3_place_gp__globalplace__gpl__area__timing_delta"", ""3_3_place_gp__globalplace__gpl__area__timing_delta__percent"", ""3_3_place_gp__globalplace__gpl__convergence__iteration"", ""3_3_place_gp__globalplace__gpl__routability__congestion"", ""3_3_place_gp__globalplace__gpl__routability__iteration"", ""3_3_place_gp__globalplace__power__switching__total"", ""3_3_place_gp__globalplace__power__total"", ""3_3_place_gp__globalplace__route__wirelength__estimated"", ""3_3_place_gp__globalplace__timing__fmax"", ""3_3_place_gp__globalplace__timing__fmax__clock:core_clock"", ""3_3_place_gp__globalplace__timing__hold__ws"", ""3_3_place_gp__globalplace__timing__setup__ws"", ""3_4_place_resized__placeopt__design__instance__area"", ""3_4_place_resized__placeopt__design__instance__area__stdcell""]",27,-0.07672385948385196
placement,power,28,3_4_place_resized__placeopt__design__instance__count,0.9785221700283366,0.008026168934374057,0.0003186961532914241,0.00039443643621382436,"[""3_3_place_gp__globalplace__power__internal__total"", ""3_3_place_gp__globalplace__timing__setup__tns"", ""3_3_place_gp__globalplace__design__instance__area"", ""3_3_place_gp__globalplace__power__leakage__total"", ""3_3_place_gp__globalplace__design__instance__area__stdcell"", ""3_3_place_gp__globalplace__design__instance__utilization"", ""3_3_place_gp__globalplace__design__instance__utilization__stdcell"", ""3_3_place_gp__globalplace__gpl__area__final"", ""3_3_place_gp__globalplace__gpl__area__original"", ""3_3_place_gp__globalplace__design__instance__count"", ""3_3_place_gp__globalplace__design__instance__count__stdcell"", ""3_3_place_gp__globalplace__design__nets"", ""3_3_place_gp__globalplace__gpl__area__final__percent"", ""3_3_place_gp__globalplace__gpl__area__timing_delta"", ""3_3_place_gp__globalplace__gpl__area__timing_delta__percent"", ""3_3_place_gp__globalplace__gpl__convergence__iteration"", ""3_3_place_gp__globalplace__gpl__routability__congestion"", ""3_3_place_gp__globalplace__gpl__routability__iteration"", ""3_3_place_gp__globalplace__power__switching__total"", ""3_3_place_gp__globalplace__power__total"", ""3_3_place_gp__globalplace__route__wirelength__estimated"", ""3_3_place_gp__globalplace__timing__fmax"", ""3_3_place_gp__globalplace__timing__fmax__clock:core_clock"", ""3_3_place_gp__globalplace__timing__hold__ws"", ""3_3_place_gp__globalplace__timing__setup__ws"", ""3_4_place_resized__placeopt__design__instance__area"", ""3_4_place_resized__placeopt__design__instance__area__stdcell"", ""3_4_place_resized__placeopt__design__instance__count""]",28,-0.07672385948385196
placement,power,29,3_4_place_resized__placeopt__design__instance__count__stdcell,0.9811839663433474,0.005197409311744732,0.00030155357805724934,0.0003744309946036685,"[""3_3_place_gp__globalplace__power__internal__total"", ""3_3_place_gp__globalplace__timing__setup__tns"", ""3_3_place_gp__globalplace__design__instance__area"", ""3_3_place_gp__globalplace__power__leakage__total"", ""3_3_place_gp__globalplace__design__instance__area__stdcell"", ""3_3_place_gp__globalplace__design__instance__utilization"", ""3_3_place_gp__globalplace__design__instance__utilization__stdcell"", ""3_3_place_gp__globalplace__gpl__area__final"", ""3_3_place_gp__globalplace__gpl__area__original"", ""3_3_place_gp__globalplace__design__instance__count"", ""3_3_place_gp__globalplace__design__instance__count__stdcell"", ""3_3_place_gp__globalplace__design__nets"", ""3_3_place_gp__globalplace__gpl__area__final__percent"", ""3_3_place_gp__globalplace__gpl__area__timing_delta"", ""3_3_place_gp__globalplace__gpl__area__timing_delta__percent"", ""3_3_place_gp__globalplace__gpl__convergence__iteration"", ""3_3_place_gp__globalplace__gpl__routability__congestion"", ""3_3_place_gp__globalplace__gpl__routability__iteration"", ""3_3_place_gp__globalplace__power__switching__total"", ""3_3_place_gp__globalplace__power__total"", ""3_3_place_gp__globalplace__route__wirelength__estimated"", ""3_3_place_gp__globalplace__timing__fmax"", ""3_3_place_gp__globalplace__timing__fmax__clock:core_clock"", ""3_3_place_gp__globalplace__timing__hold__ws"", ""3_3_place_gp__globalplace__timing__setup__ws"", ""3_4_place_resized__placeopt__design__instance__area"", ""3_4_place_resized__placeopt__design__instance__area__stdcell"", ""3_4_place_resized__placeopt__design__instance__count"", ""3_4_place_resized__placeopt__design__instance__count__stdcell""]",29,-0.07672385948385196
placement,power,30,3_4_place_resized__placeopt__design__instance__utilization,0.9783387532019002,0.008440729786092473,0.00031362662303284803,0.00039473563414785506,"[""3_3_place_gp__globalplace__power__internal__total"", ""3_3_place_gp__globalplace__timing__setup__tns"", ""3_3_place_gp__globalplace__design__instance__area"", ""3_3_place_gp__globalplace__power__leakage__total"", ""3_3_place_gp__globalplace__design__instance__area__stdcell"", ""3_3_place_gp__globalplace__design__instance__utilization"", ""3_3_place_gp__globalplace__design__instance__utilization__stdcell"", ""3_3_place_gp__globalplace__gpl__area__final"", ""3_3_place_gp__globalplace__gpl__area__original"", ""3_3_place_gp__globalplace__design__instance__count"", ""3_3_place_gp__globalplace__design__instance__count__stdcell"", ""3_3_place_gp__globalplace__design__nets"", ""3_3_place_gp__globalplace__gpl__area__final__percent"", ""3_3_place_gp__globalplace__gpl__area__timing_delta"", ""3_3_place_gp__globalplace__gpl__area__timing_delta__percent"", ""3_3_place_gp__globalplace__gpl__convergence__iteration"", ""3_3_place_gp__globalplace__gpl__routability__congestion"", ""3_3_place_gp__globalplace__gpl__routability__iteration"", ""3_3_place_gp__globalplace__power__switching__total"", ""3_3_place_gp__globalplace__power__total"", ""3_3_place_gp__globalplace__route__wirelength__estimated"", ""3_3_place_gp__globalplace__timing__fmax"", ""3_3_place_gp__globalplace__timing__fmax__clock:core_clock"", ""3_3_place_gp__globalplace__timing__hold__ws"", ""3_3_place_gp__globalplace__timing__setup__ws"", ""3_4_place_resized__placeopt__design__instance__area"", ""3_4_place_resized__placeopt__design__instance__area__stdcell"", ""3_4_place_resized__placeopt__design__instance__count"", ""3_4_place_resized__placeopt__design__instance__count__stdcell"", ""3_4_place_resized__placeopt__design__instance__utilization""]",30,-0.07672385948385196
placement,power,31,3_4_place_resized__placeopt__design__instance__utilization__stdcell,0.9849171492856136,0.002717046207463779,0.0002623018703403473,0.0003382862738063312,"[""3_3_place_gp__globalplace__power__internal__total"", ""3_3_place_gp__globalplace__timing__setup__tns"", ""3_3_place_gp__globalplace__design__instance__area"", ""3_3_place_gp__globalplace__power__leakage__total"", ""3_3_place_gp__globalplace__design__instance__area__stdcell"", ""3_3_place_gp__globalplace__design__instance__utilization"", ""3_3_place_gp__globalplace__design__instance__utilization__stdcell"", ""3_3_place_gp__globalplace__gpl__area__final"", ""3_3_place_gp__globalplace__gpl__area__original"", ""3_3_place_gp__globalplace__design__instance__count"", ""3_3_place_gp__globalplace__design__instance__count__stdcell"", ""3_3_place_gp__globalplace__design__nets"", ""3_3_place_gp__globalplace__gpl__area__final__percent"", ""3_3_place_gp__globalplace__gpl__area__timing_delta"", ""3_3_place_gp__globalplace__gpl__area__timing_delta__percent"", ""3_3_place_gp__globalplace__gpl__convergence__iteration"", ""3_3_place_gp__globalplace__gpl__routability__congestion"", ""3_3_place_gp__globalplace__gpl__routability__iteration"", ""3_3_place_gp__globalplace__power__switching__total"", ""3_3_place_gp__globalplace__power__total"", ""3_3_place_gp__globalplace__route__wirelength__estimated"", ""3_3_place_gp__globalplace__timing__fmax"", ""3_3_place_gp__globalplace__timing__fmax__clock:core_clock"", ""3_3_place_gp__globalplace__timing__hold__ws"", ""3_3_place_gp__globalplace__timing__setup__ws"", ""3_4_place_resized__placeopt__design__instance__area"", ""3_4_place_resized__placeopt__design__instance__area__stdcell"", ""3_4_place_resized__placeopt__design__instance__count"", ""3_4_place_resized__placeopt__design__instance__count__stdcell"", ""3_4_place_resized__placeopt__design__instance__utilization"", ""3_4_place_resized__placeopt__design__instance__utilization__stdcell""]",31,-0.07672385948385196
placement,power,32,3_4_place_resized__placeopt__design__nets,0.9783387532019002,0.008440729786092473,0.00031362662303284803,0.00039473563414785506,"[""3_3_place_gp__globalplace__power__internal__total"", ""3_3_place_gp__globalplace__timing__setup__tns"", ""3_3_place_gp__globalplace__design__instance__area"", ""3_3_place_gp__globalplace__power__leakage__total"", ""3_3_place_gp__globalplace__design__instance__area__stdcell"", ""3_3_place_gp__globalplace__design__instance__utilization"", ""3_3_place_gp__globalplace__design__instance__utilization__stdcell"", ""3_3_place_gp__globalplace__gpl__area__final"", ""3_3_place_gp__globalplace__gpl__area__original"", ""3_3_place_gp__globalplace__design__instance__count"", ""3_3_place_gp__globalplace__design__instance__count__stdcell"", ""3_3_place_gp__globalplace__design__nets"", ""3_3_place_gp__globalplace__gpl__area__final__percent"", ""3_3_place_gp__globalplace__gpl__area__timing_delta"", ""3_3_place_gp__globalplace__gpl__area__timing_delta__percent"", ""3_3_place_gp__globalplace__gpl__convergence__iteration"", ""3_3_place_gp__globalplace__gpl__routability__congestion"", ""3_3_place_gp__globalplace__gpl__routability__iteration"", ""3_3_place_gp__globalplace__power__switching__total"", ""3_3_place_gp__globalplace__power__total"", ""3_3_place_gp__globalplace__route__wirelength__estimated"", ""3_3_place_gp__globalplace__timing__fmax"", ""3_3_place_gp__globalplace__timing__fmax__clock:core_clock"", ""3_3_place_gp__globalplace__timing__hold__ws"", ""3_3_place_gp__globalplace__timing__setup__ws"", ""3_4_place_resized__placeopt__design__instance__area"", ""3_4_place_resized__placeopt__design__instance__area__stdcell"", ""3_4_place_resized__placeopt__design__instance__count"", ""3_4_place_resized__placeopt__design__instance__count__stdcell"", ""3_4_place_resized__placeopt__design__instance__utilization"", ""3_4_place_resized__placeopt__design__instance__utilization__stdcell"", ""3_4_place_resized__placeopt__design__nets""]",32,-0.07672385948385196
placement,power,33,3_4_place_resized__placeopt__power__internal__total,0.9845194887074674,0.002549149466054405,0.0002590221405062675,0.00034320442835619617,"[""3_3_place_gp__globalplace__power__internal__total"", ""3_3_place_gp__globalplace__timing__setup__tns"", ""3_3_place_gp__globalplace__design__instance__area"", ""3_3_place_gp__globalplace__power__leakage__total"", ""3_3_place_gp__globalplace__design__instance__area__stdcell"", ""3_3_place_gp__globalplace__design__instance__utilization"", ""3_3_place_gp__globalplace__design__instance__utilization__stdcell"", ""3_3_place_gp__globalplace__gpl__area__final"", ""3_3_place_gp__globalplace__gpl__area__original"", ""3_3_place_gp__globalplace__design__instance__count"", ""3_3_place_gp__globalplace__design__instance__count__stdcell"", ""3_3_place_gp__globalplace__design__nets"", ""3_3_place_gp__globalplace__gpl__area__final__percent"", ""3_3_place_gp__globalplace__gpl__area__timing_delta"", ""3_3_place_gp__globalplace__gpl__area__timing_delta__percent"", ""3_3_place_gp__globalplace__gpl__convergence__iteration"", ""3_3_place_gp__globalplace__gpl__routability__congestion"", ""3_3_place_gp__globalplace__gpl__routability__iteration"", ""3_3_place_gp__globalplace__power__switching__total"", ""3_3_place_gp__globalplace__power__total"", ""3_3_place_gp__globalplace__route__wirelength__estimated"", ""3_3_place_gp__globalplace__timing__fmax"", ""3_3_place_gp__globalplace__timing__fmax__clock:core_clock"", ""3_3_place_gp__globalplace__timing__hold__ws"", ""3_3_place_gp__globalplace__timing__setup__ws"", ""3_4_place_resized__placeopt__design__instance__area"", ""3_4_place_resized__placeopt__design__instance__area__stdcell"", ""3_4_place_resized__placeopt__design__instance__count"", ""3_4_place_resized__placeopt__design__instance__count__stdcell"", ""3_4_place_resized__placeopt__design__instance__utilization"", ""3_4_place_resized__placeopt__design__instance__utilization__stdcell"", ""3_4_place_resized__placeopt__design__nets"", ""3_4_place_resized__placeopt__power__internal__total""]",33,-0.07672385948385196
placement,power,34,3_4_place_resized__placeopt__power__leakage__total,0.9780581284371905,0.008510380312666153,0.00031058400770362217,0.00039726110384245215,"[""3_3_place_gp__globalplace__power__internal__total"", ""3_3_place_gp__globalplace__timing__setup__tns"", ""3_3_place_gp__globalplace__design__instance__area"", ""3_3_place_gp__globalplace__power__leakage__total"", ""3_3_place_gp__globalplace__design__instance__area__stdcell"", ""3_3_place_gp__globalplace__design__instance__utilization"", ""3_3_place_gp__globalplace__design__instance__utilization__stdcell"", ""3_3_place_gp__globalplace__gpl__area__final"", ""3_3_place_gp__globalplace__gpl__area__original"", ""3_3_place_gp__globalplace__design__instance__count"", ""3_3_place_gp__globalplace__design__instance__count__stdcell"", ""3_3_place_gp__globalplace__design__nets"", ""3_3_place_gp__globalplace__gpl__area__final__percent"", ""3_3_place_gp__globalplace__gpl__area__timing_delta"", ""3_3_place_gp__globalplace__gpl__area__timing_delta__percent"", ""3_3_place_gp__globalplace__gpl__convergence__iteration"", ""3_3_place_gp__globalplace__gpl__routability__congestion"", ""3_3_place_gp__globalplace__gpl__routability__iteration"", ""3_3_place_gp__globalplace__power__switching__total"", ""3_3_place_gp__globalplace__power__total"", ""3_3_place_gp__globalplace__route__wirelength__estimated"", ""3_3_place_gp__globalplace__timing__fmax"", ""3_3_place_gp__globalplace__timing__fmax__clock:core_clock"", ""3_3_place_gp__globalplace__timing__hold__ws"", ""3_3_place_gp__globalplace__timing__setup__ws"", ""3_4_place_resized__placeopt__design__instance__area"", ""3_4_place_resized__placeopt__design__instance__area__stdcell"", ""3_4_place_resized__placeopt__design__instance__count"", ""3_4_place_resized__placeopt__design__instance__count__stdcell"", ""3_4_place_resized__placeopt__design__instance__utilization"", ""3_4_place_resized__placeopt__design__instance__utilization__stdcell"", ""3_4_place_resized__placeopt__design__nets"", ""3_4_place_resized__placeopt__power__internal__total"", ""3_4_place_resized__placeopt__power__leakage__total""]",34,-0.07672385948385196
placement,power,35,3_4_place_resized__placeopt__power__switching__total,0.9826139633726859,0.004753611859200839,0.0002805932321929534,0.00036085818701381365,"[""3_3_place_gp__globalplace__power__internal__total"", ""3_3_place_gp__globalplace__timing__setup__tns"", ""3_3_place_gp__globalplace__design__instance__area"", ""3_3_place_gp__globalplace__power__leakage__total"", ""3_3_place_gp__globalplace__design__instance__area__stdcell"", ""3_3_place_gp__globalplace__design__instance__utilization"", ""3_3_place_gp__globalplace__design__instance__utilization__stdcell"", ""3_3_place_gp__globalplace__gpl__area__final"", ""3_3_place_gp__globalplace__gpl__area__original"", ""3_3_place_gp__globalplace__design__instance__count"", ""3_3_place_gp__globalplace__design__instance__count__stdcell"", ""3_3_place_gp__globalplace__design__nets"", ""3_3_place_gp__globalplace__gpl__area__final__percent"", ""3_3_place_gp__globalplace__gpl__area__timing_delta"", ""3_3_place_gp__globalplace__gpl__area__timing_delta__percent"", ""3_3_place_gp__globalplace__gpl__convergence__iteration"", ""3_3_place_gp__globalplace__gpl__routability__congestion"", ""3_3_place_gp__globalplace__gpl__routability__iteration"", ""3_3_place_gp__globalplace__power__switching__total"", ""3_3_place_gp__globalplace__power__total"", ""3_3_place_gp__globalplace__route__wirelength__estimated"", ""3_3_place_gp__globalplace__timing__fmax"", ""3_3_place_gp__globalplace__timing__fmax__clock:core_clock"", ""3_3_place_gp__globalplace__timing__hold__ws"", ""3_3_place_gp__globalplace__timing__setup__ws"", ""3_4_place_resized__placeopt__design__instance__area"", ""3_4_place_resized__placeopt__design__instance__area__stdcell"", ""3_4_place_resized__placeopt__design__instance__count"", ""3_4_place_resized__placeopt__design__instance__count__stdcell"", ""3_4_place_resized__placeopt__design__instance__utilization"", ""3_4_place_resized__placeopt__design__instance__utilization__stdcell"", ""3_4_place_resized__placeopt__design__nets"", ""3_4_place_resized__placeopt__power__internal__total"", ""3_4_place_resized__placeopt__power__leakage__total"", ""3_4_place_resized__placeopt__power__switching__total""]",35,-0.07672385948385196
placement,power,36,3_4_place_resized__placeopt__power__total,0.9778945667578492,0.009232496121380343,0.0003238162854098876,0.00039744856114170434,"[""3_3_place_gp__globalplace__power__internal__total"", ""3_3_place_gp__globalplace__timing__setup__tns"", ""3_3_place_gp__globalplace__design__instance__area"", ""3_3_place_gp__globalplace__power__leakage__total"", ""3_3_place_gp__globalplace__design__instance__area__stdcell"", ""3_3_place_gp__globalplace__design__instance__utilization"", ""3_3_place_gp__globalplace__design__instance__utilization__stdcell"", ""3_3_place_gp__globalplace__gpl__area__final"", ""3_3_place_gp__globalplace__gpl__area__original"", ""3_3_place_gp__globalplace__design__instance__count"", ""3_3_place_gp__globalplace__design__instance__count__stdcell"", ""3_3_place_gp__globalplace__design__nets"", ""3_3_place_gp__globalplace__gpl__area__final__percent"", ""3_3_place_gp__globalplace__gpl__area__timing_delta"", ""3_3_place_gp__globalplace__gpl__area__timing_delta__percent"", ""3_3_place_gp__globalplace__gpl__convergence__iteration"", ""3_3_place_gp__globalplace__gpl__routability__congestion"", ""3_3_place_gp__globalplace__gpl__routability__iteration"", ""3_3_place_gp__globalplace__power__switching__total"", ""3_3_place_gp__globalplace__power__total"", ""3_3_place_gp__globalplace__route__wirelength__estimated"", ""3_3_place_gp__globalplace__timing__fmax"", ""3_3_place_gp__globalplace__timing__fmax__clock:core_clock"", ""3_3_place_gp__globalplace__timing__hold__ws"", ""3_3_place_gp__globalplace__timing__setup__ws"", ""3_4_place_resized__placeopt__design__instance__area"", ""3_4_place_resized__placeopt__design__instance__area__stdcell"", ""3_4_place_resized__placeopt__design__instance__count"", ""3_4_place_resized__placeopt__design__instance__count__stdcell"", ""3_4_place_resized__placeopt__design__instance__utilization"", ""3_4_place_resized__placeopt__design__instance__utilization__stdcell"", ""3_4_place_resized__placeopt__design__nets"", ""3_4_place_resized__placeopt__power__internal__total"", ""3_4_place_resized__placeopt__power__leakage__total"", ""3_4_place_resized__placeopt__power__switching__total"", ""3_4_place_resized__placeopt__power__total""]",36,-0.07672385948385196
placement,power,37,3_4_place_resized__placeopt__timing__drv__max_cap_limit,0.9794692076025785,0.007262845085162958,0.0003043763714845577,0.00038756106604782327,"[""3_3_place_gp__globalplace__power__internal__total"", ""3_3_place_gp__globalplace__timing__setup__tns"", ""3_3_place_gp__globalplace__design__instance__area"", ""3_3_place_gp__globalplace__power__leakage__total"", ""3_3_place_gp__globalplace__design__instance__area__stdcell"", ""3_3_place_gp__globalplace__design__instance__utilization"", ""3_3_place_gp__globalplace__design__instance__utilization__stdcell"", ""3_3_place_gp__globalplace__gpl__area__final"", ""3_3_place_gp__globalplace__gpl__area__original"", ""3_3_place_gp__globalplace__design__instance__count"", ""3_3_place_gp__globalplace__design__instance__count__stdcell"", ""3_3_place_gp__globalplace__design__nets"", ""3_3_place_gp__globalplace__gpl__area__final__percent"", ""3_3_place_gp__globalplace__gpl__area__timing_delta"", ""3_3_place_gp__globalplace__gpl__area__timing_delta__percent"", ""3_3_place_gp__globalplace__gpl__convergence__iteration"", ""3_3_place_gp__globalplace__gpl__routability__congestion"", ""3_3_place_gp__globalplace__gpl__routability__iteration"", ""3_3_place_gp__globalplace__power__switching__total"", ""3_3_place_gp__globalplace__power__total"", ""3_3_place_gp__globalplace__route__wirelength__estimated"", ""3_3_place_gp__globalplace__timing__fmax"", ""3_3_place_gp__globalplace__timing__fmax__clock:core_clock"", ""3_3_place_gp__globalplace__timing__hold__ws"", ""3_3_place_gp__globalplace__timing__setup__ws"", ""3_4_place_resized__placeopt__design__instance__area"", ""3_4_place_resized__placeopt__design__instance__area__stdcell"", ""3_4_place_resized__placeopt__design__instance__count"", ""3_4_place_resized__placeopt__design__instance__count__stdcell"", ""3_4_place_resized__placeopt__design__instance__utilization"", ""3_4_place_resized__placeopt__design__instance__utilization__stdcell"", ""3_4_place_resized__placeopt__design__nets"", ""3_4_place_resized__placeopt__power__internal__total"", ""3_4_place_resized__placeopt__power__leakage__total"", ""3_4_place_resized__placeopt__power__switching__total"", ""3_4_place_resized__placeopt__power__total"", ""3_4_place_resized__placeopt__timing__drv__max_cap_limit""]",37,-0.07672385948385196
placement,power,38,3_4_place_resized__placeopt__timing__drv__max_slew_limit,0.9796223802057549,0.0074774307534208675,0.000309426218522946,0.0003843371701636651,"[""3_3_place_gp__globalplace__power__internal__total"", ""3_3_place_gp__globalplace__timing__setup__tns"", ""3_3_place_gp__globalplace__design__instance__area"", ""3_3_place_gp__globalplace__power__leakage__total"", ""3_3_place_gp__globalplace__design__instance__area__stdcell"", ""3_3_place_gp__globalplace__design__instance__utilization"", ""3_3_place_gp__globalplace__design__instance__utilization__stdcell"", ""3_3_place_gp__globalplace__gpl__area__final"", ""3_3_place_gp__globalplace__gpl__area__original"", ""3_3_place_gp__globalplace__design__instance__count"", ""3_3_place_gp__globalplace__design__instance__count__stdcell"", ""3_3_place_gp__globalplace__design__nets"", ""3_3_place_gp__globalplace__gpl__area__final__percent"", ""3_3_place_gp__globalplace__gpl__area__timing_delta"", ""3_3_place_gp__globalplace__gpl__area__timing_delta__percent"", ""3_3_place_gp__globalplace__gpl__convergence__iteration"", ""3_3_place_gp__globalplace__gpl__routability__congestion"", ""3_3_place_gp__globalplace__gpl__routability__iteration"", ""3_3_place_gp__globalplace__power__switching__total"", ""3_3_place_gp__globalplace__power__total"", ""3_3_place_gp__globalplace__route__wirelength__estimated"", ""3_3_place_gp__globalplace__timing__fmax"", ""3_3_place_gp__globalplace__timing__fmax__clock:core_clock"", ""3_3_place_gp__globalplace__timing__hold__ws"", ""3_3_place_gp__globalplace__timing__setup__ws"", ""3_4_place_resized__placeopt__design__instance__area"", ""3_4_place_resized__placeopt__design__instance__area__stdcell"", ""3_4_place_resized__placeopt__design__instance__count"", ""3_4_place_resized__placeopt__design__instance__count__stdcell"", ""3_4_place_resized__placeopt__design__instance__utilization"", ""3_4_place_resized__placeopt__design__instance__utilization__stdcell"", ""3_4_place_resized__placeopt__design__nets"", ""3_4_place_resized__placeopt__power__internal__total"", ""3_4_place_resized__placeopt__power__leakage__total"", ""3_4_place_resized__placeopt__power__switching__total"", ""3_4_place_resized__placeopt__power__total"", ""3_4_place_resized__placeopt__timing__drv__max_cap_limit"", ""3_4_place_resized__placeopt__timing__drv__max_slew_limit""]",38,-0.07672385948385196
placement,power,39,3_4_place_resized__placeopt__timing__drv__setup_violation_count,0.9775390882928469,0.00811891499136971,0.00031813284283216793,0.0004039679379943515,"[""3_3_place_gp__globalplace__power__internal__total"", ""3_3_place_gp__globalplace__timing__setup__tns"", ""3_3_place_gp__globalplace__design__instance__area"", ""3_3_place_gp__globalplace__power__leakage__total"", ""3_3_place_gp__globalplace__design__instance__area__stdcell"", ""3_3_place_gp__globalplace__design__instance__utilization"", ""3_3_place_gp__globalplace__design__instance__utilization__stdcell"", ""3_3_place_gp__globalplace__gpl__area__final"", ""3_3_place_gp__globalplace__gpl__area__original"", ""3_3_place_gp__globalplace__design__instance__count"", ""3_3_place_gp__globalplace__design__instance__count__stdcell"", ""3_3_place_gp__globalplace__design__nets"", ""3_3_place_gp__globalplace__gpl__area__final__percent"", ""3_3_place_gp__globalplace__gpl__area__timing_delta"", ""3_3_place_gp__globalplace__gpl__area__timing_delta__percent"", ""3_3_place_gp__globalplace__gpl__convergence__iteration"", ""3_3_place_gp__globalplace__gpl__routability__congestion"", ""3_3_place_gp__globalplace__gpl__routability__iteration"", ""3_3_place_gp__globalplace__power__switching__total"", ""3_3_place_gp__globalplace__power__total"", ""3_3_place_gp__globalplace__route__wirelength__estimated"", ""3_3_place_gp__globalplace__timing__fmax"", ""3_3_place_gp__globalplace__timing__fmax__clock:core_clock"", ""3_3_place_gp__globalplace__timing__hold__ws"", ""3_3_place_gp__globalplace__timing__setup__ws"", ""3_4_place_resized__placeopt__design__instance__area"", ""3_4_place_resized__placeopt__design__instance__area__stdcell"", ""3_4_place_resized__placeopt__design__instance__count"", ""3_4_place_resized__placeopt__design__instance__count__stdcell"", ""3_4_place_resized__placeopt__design__instance__utilization"", ""3_4_place_resized__placeopt__design__instance__utilization__stdcell"", ""3_4_place_resized__placeopt__design__nets"", ""3_4_place_resized__placeopt__power__internal__total"", ""3_4_place_resized__placeopt__power__leakage__total"", ""3_4_place_resized__placeopt__power__switching__total"", ""3_4_place_resized__placeopt__power__total"", ""3_4_place_resized__placeopt__timing__drv__max_cap_limit"", ""3_4_place_resized__placeopt__timing__drv__max_slew_limit"", ""3_4_place_resized__placeopt__timing__drv__setup_violation_count""]",39,-0.07672385948385196
placement,power,40,3_4_place_resized__placeopt__timing__fmax,0.9803505190497424,0.006758936757528159,0.00029734853372629473,0.00037877236623290396,"[""3_3_place_gp__globalplace__power__internal__total"", ""3_3_place_gp__globalplace__timing__setup__tns"", ""3_3_place_gp__globalplace__design__instance__area"", ""3_3_place_gp__globalplace__power__leakage__total"", ""3_3_place_gp__globalplace__design__instance__area__stdcell"", ""3_3_place_gp__globalplace__design__instance__utilization"", ""3_3_place_gp__globalplace__design__instance__utilization__stdcell"", ""3_3_place_gp__globalplace__gpl__area__final"", ""3_3_place_gp__globalplace__gpl__area__original"", ""3_3_place_gp__globalplace__design__instance__count"", ""3_3_place_gp__globalplace__design__instance__count__stdcell"", ""3_3_place_gp__globalplace__design__nets"", ""3_3_place_gp__globalplace__gpl__area__final__percent"", ""3_3_place_gp__globalplace__gpl__area__timing_delta"", ""3_3_place_gp__globalplace__gpl__area__timing_delta__percent"", ""3_3_place_gp__globalplace__gpl__convergence__iteration"", ""3_3_place_gp__globalplace__gpl__routability__congestion"", ""3_3_place_gp__globalplace__gpl__routability__iteration"", ""3_3_place_gp__globalplace__power__switching__total"", ""3_3_place_gp__globalplace__power__total"", ""3_3_place_gp__globalplace__route__wirelength__estimated"", ""3_3_place_gp__globalplace__timing__fmax"", ""3_3_place_gp__globalplace__timing__fmax__clock:core_clock"", ""3_3_place_gp__globalplace__timing__hold__ws"", ""3_3_place_gp__globalplace__timing__setup__ws"", ""3_4_place_resized__placeopt__design__instance__area"", ""3_4_place_resized__placeopt__design__instance__area__stdcell"", ""3_4_place_resized__placeopt__design__instance__count"", ""3_4_place_resized__placeopt__design__instance__count__stdcell"", ""3_4_place_resized__placeopt__design__instance__utilization"", ""3_4_place_resized__placeopt__design__instance__utilization__stdcell"", ""3_4_place_resized__placeopt__design__nets"", ""3_4_place_resized__placeopt__power__internal__total"", ""3_4_place_resized__placeopt__power__leakage__total"", ""3_4_place_resized__placeopt__power__switching__total"", ""3_4_place_resized__placeopt__power__total"", ""3_4_place_resized__placeopt__timing__drv__max_cap_limit"", ""3_4_place_resized__placeopt__timing__drv__max_slew_limit"", ""3_4_place_resized__placeopt__timing__drv__setup_violation_count"", ""3_4_place_resized__placeopt__timing__fmax""]",40,-0.07672385948385196
placement,power,41,3_4_place_resized__placeopt__timing__fmax__clock:core_clock,0.981496077832997,0.0055801249869644005,0.00029115295559501645,0.0003701829005026107,"[""3_3_place_gp__globalplace__power__internal__total"", ""3_3_place_gp__globalplace__timing__setup__tns"", ""3_3_place_gp__globalplace__design__instance__area"", ""3_3_place_gp__globalplace__power__leakage__total"", ""3_3_place_gp__globalplace__design__instance__area__stdcell"", ""3_3_place_gp__globalplace__design__instance__utilization"", ""3_3_place_gp__globalplace__design__instance__utilization__stdcell"", ""3_3_place_gp__globalplace__gpl__area__final"", ""3_3_place_gp__globalplace__gpl__area__original"", ""3_3_place_gp__globalplace__design__instance__count"", ""3_3_place_gp__globalplace__design__instance__count__stdcell"", ""3_3_place_gp__globalplace__design__nets"", ""3_3_place_gp__globalplace__gpl__area__final__percent"", ""3_3_place_gp__globalplace__gpl__area__timing_delta"", ""3_3_place_gp__globalplace__gpl__area__timing_delta__percent"", ""3_3_place_gp__globalplace__gpl__convergence__iteration"", ""3_3_place_gp__globalplace__gpl__routability__congestion"", ""3_3_place_gp__globalplace__gpl__routability__iteration"", ""3_3_place_gp__globalplace__power__switching__total"", ""3_3_place_gp__globalplace__power__total"", ""3_3_place_gp__globalplace__route__wirelength__estimated"", ""3_3_place_gp__globalplace__timing__fmax"", ""3_3_place_gp__globalplace__timing__fmax__clock:core_clock"", ""3_3_place_gp__globalplace__timing__hold__ws"", ""3_3_place_gp__globalplace__timing__setup__ws"", ""3_4_place_resized__placeopt__design__instance__area"", ""3_4_place_resized__placeopt__design__instance__area__stdcell"", ""3_4_place_resized__placeopt__design__instance__count"", ""3_4_place_resized__placeopt__design__instance__count__stdcell"", ""3_4_place_resized__placeopt__design__instance__utilization"", ""3_4_place_resized__placeopt__design__instance__utilization__stdcell"", ""3_4_place_resized__placeopt__design__nets"", ""3_4_place_resized__placeopt__power__internal__total"", ""3_4_place_resized__placeopt__power__leakage__total"", ""3_4_place_resized__placeopt__power__switching__total"", ""3_4_place_resized__placeopt__power__total"", ""3_4_place_resized__placeopt__timing__drv__max_cap_limit"", ""3_4_place_resized__placeopt__timing__drv__max_slew_limit"", ""3_4_place_resized__placeopt__timing__drv__setup_violation_count"", ""3_4_place_resized__placeopt__timing__fmax"", ""3_4_place_resized__placeopt__timing__fmax__clock:core_clock""]",41,-0.07672385948385196
placement,power,42,3_4_place_resized__placeopt__timing__hold__ws,0.9811796987972538,0.0062240953594891206,0.0002916375705664952,0.00037168865442998986,"[""3_3_place_gp__globalplace__power__internal__total"", ""3_3_place_gp__globalplace__timing__setup__tns"", ""3_3_place_gp__globalplace__design__instance__area"", ""3_3_place_gp__globalplace__power__leakage__total"", ""3_3_place_gp__globalplace__design__instance__area__stdcell"", ""3_3_place_gp__globalplace__design__instance__utilization"", ""3_3_place_gp__globalplace__design__instance__utilization__stdcell"", ""3_3_place_gp__globalplace__gpl__area__final"", ""3_3_place_gp__globalplace__gpl__area__original"", ""3_3_place_gp__globalplace__design__instance__count"", ""3_3_place_gp__globalplace__design__instance__count__stdcell"", ""3_3_place_gp__globalplace__design__nets"", ""3_3_place_gp__globalplace__gpl__area__final__percent"", ""3_3_place_gp__globalplace__gpl__area__timing_delta"", ""3_3_place_gp__globalplace__gpl__area__timing_delta__percent"", ""3_3_place_gp__globalplace__gpl__convergence__iteration"", ""3_3_place_gp__globalplace__gpl__routability__congestion"", ""3_3_place_gp__globalplace__gpl__routability__iteration"", ""3_3_place_gp__globalplace__power__switching__total"", ""3_3_place_gp__globalplace__power__total"", ""3_3_place_gp__globalplace__route__wirelength__estimated"", ""3_3_place_gp__globalplace__timing__fmax"", ""3_3_place_gp__globalplace__timing__fmax__clock:core_clock"", ""3_3_place_gp__globalplace__timing__hold__ws"", ""3_3_place_gp__globalplace__timing__setup__ws"", ""3_4_place_resized__placeopt__design__instance__area"", ""3_4_place_resized__placeopt__design__instance__area__stdcell"", ""3_4_place_resized__placeopt__design__instance__count"", ""3_4_place_resized__placeopt__design__instance__count__stdcell"", ""3_4_place_resized__placeopt__design__instance__utilization"", ""3_4_place_resized__placeopt__design__instance__utilization__stdcell"", ""3_4_place_resized__placeopt__design__nets"", ""3_4_place_resized__placeopt__power__internal__total"", ""3_4_place_resized__placeopt__power__leakage__total"", ""3_4_place_resized__placeopt__power__switching__total"", ""3_4_place_resized__placeopt__power__total"", ""3_4_place_resized__placeopt__timing__drv__max_cap_limit"", ""3_4_place_resized__placeopt__timing__drv__max_slew_limit"", ""3_4_place_resized__placeopt__timing__drv__setup_violation_count"", ""3_4_place_resized__placeopt__timing__fmax"", ""3_4_place_resized__placeopt__timing__fmax__clock:core_clock"", ""3_4_place_resized__placeopt__timing__hold__ws""]",42,-0.07672385948385196
placement,power,43,3_4_place_resized__placeopt__timing__setup__tns,0.9785221700283366,0.008026168934374057,0.0003186961532914241,0.00039443643621382436,"[""3_3_place_gp__globalplace__power__internal__total"", ""3_3_place_gp__globalplace__timing__setup__tns"", ""3_3_place_gp__globalplace__design__instance__area"", ""3_3_place_gp__globalplace__power__leakage__total"", ""3_3_place_gp__globalplace__design__instance__area__stdcell"", ""3_3_place_gp__globalplace__design__instance__utilization"", ""3_3_place_gp__globalplace__design__instance__utilization__stdcell"", ""3_3_place_gp__globalplace__gpl__area__final"", ""3_3_place_gp__globalplace__gpl__area__original"", ""3_3_place_gp__globalplace__design__instance__count"", ""3_3_place_gp__globalplace__design__instance__count__stdcell"", ""3_3_place_gp__globalplace__design__nets"", ""3_3_place_gp__globalplace__gpl__area__final__percent"", ""3_3_place_gp__globalplace__gpl__area__timing_delta"", ""3_3_place_gp__globalplace__gpl__area__timing_delta__percent"", ""3_3_place_gp__globalplace__gpl__convergence__iteration"", ""3_3_place_gp__globalplace__gpl__routability__congestion"", ""3_3_place_gp__globalplace__gpl__routability__iteration"", ""3_3_place_gp__globalplace__power__switching__total"", ""3_3_place_gp__globalplace__power__total"", ""3_3_place_gp__globalplace__route__wirelength__estimated"", ""3_3_place_gp__globalplace__timing__fmax"", ""3_3_place_gp__globalplace__timing__fmax__clock:core_clock"", ""3_3_place_gp__globalplace__timing__hold__ws"", ""3_3_place_gp__globalplace__timing__setup__ws"", ""3_4_place_resized__placeopt__design__instance__area"", ""3_4_place_resized__placeopt__design__instance__area__stdcell"", ""3_4_place_resized__placeopt__design__instance__count"", ""3_4_place_resized__placeopt__design__instance__count__stdcell"", ""3_4_place_resized__placeopt__design__instance__utilization"", ""3_4_place_resized__placeopt__design__instance__utilization__stdcell"", ""3_4_place_resized__placeopt__design__nets"", ""3_4_place_resized__placeopt__power__internal__total"", ""3_4_place_resized__placeopt__power__leakage__total"", ""3_4_place_resized__placeopt__power__switching__total"", ""3_4_place_resized__placeopt__power__total"", ""3_4_place_resized__placeopt__timing__drv__max_cap_limit"", ""3_4_place_resized__placeopt__timing__drv__max_slew_limit"", ""3_4_place_resized__placeopt__timing__drv__setup_violation_count"", ""3_4_place_resized__placeopt__timing__fmax"", ""3_4_place_resized__placeopt__timing__fmax__clock:core_clock"", ""3_4_place_resized__placeopt__timing__hold__ws"", ""3_4_place_resized__placeopt__timing__setup__tns""]",43,-0.07672385948385196
placement,power,44,3_4_place_resized__placeopt__timing__setup__ws,0.9789402606816185,0.006620016763217254,0.00030757122574086976,0.0003939092259834578,"[""3_3_place_gp__globalplace__power__internal__total"", ""3_3_place_gp__globalplace__timing__setup__tns"", ""3_3_place_gp__globalplace__design__instance__area"", ""3_3_place_gp__globalplace__power__leakage__total"", ""3_3_place_gp__globalplace__design__instance__area__stdcell"", ""3_3_place_gp__globalplace__design__instance__utilization"", ""3_3_place_gp__globalplace__design__instance__utilization__stdcell"", ""3_3_place_gp__globalplace__gpl__area__final"", ""3_3_place_gp__globalplace__gpl__area__original"", ""3_3_place_gp__globalplace__design__instance__count"", ""3_3_place_gp__globalplace__design__instance__count__stdcell"", ""3_3_place_gp__globalplace__design__nets"", ""3_3_place_gp__globalplace__gpl__area__final__percent"", ""3_3_place_gp__globalplace__gpl__area__timing_delta"", ""3_3_place_gp__globalplace__gpl__area__timing_delta__percent"", ""3_3_place_gp__globalplace__gpl__convergence__iteration"", ""3_3_place_gp__globalplace__gpl__routability__congestion"", ""3_3_place_gp__globalplace__gpl__routability__iteration"", ""3_3_place_gp__globalplace__power__switching__total"", ""3_3_place_gp__globalplace__power__total"", ""3_3_place_gp__globalplace__route__wirelength__estimated"", ""3_3_place_gp__globalplace__timing__fmax"", ""3_3_place_gp__globalplace__timing__fmax__clock:core_clock"", ""3_3_place_gp__globalplace__timing__hold__ws"", ""3_3_place_gp__globalplace__timing__setup__ws"", ""3_4_place_resized__placeopt__design__instance__area"", ""3_4_place_resized__placeopt__design__instance__area__stdcell"", ""3_4_place_resized__placeopt__design__instance__count"", ""3_4_place_resized__placeopt__design__instance__count__stdcell"", ""3_4_place_resized__placeopt__design__instance__utilization"", ""3_4_place_resized__placeopt__design__instance__utilization__stdcell"", ""3_4_place_resized__placeopt__design__nets"", ""3_4_place_resized__placeopt__power__internal__total"", ""3_4_place_resized__placeopt__power__leakage__total"", ""3_4_place_resized__placeopt__power__switching__total"", ""3_4_place_resized__placeopt__power__total"", ""3_4_place_resized__placeopt__timing__drv__max_cap_limit"", ""3_4_place_resized__placeopt__timing__drv__max_slew_limit"", ""3_4_place_resized__placeopt__timing__drv__setup_violation_count"", ""3_4_place_resized__placeopt__timing__fmax"", ""3_4_place_resized__placeopt__timing__fmax__clock:core_clock"", ""3_4_place_resized__placeopt__timing__hold__ws"", ""3_4_place_resized__placeopt__timing__setup__tns"", ""3_4_place_resized__placeopt__timing__setup__ws""]",44,-0.07672385948385196
placement,power,45,3_5_place_dp__detailedplace__design__instance__area,0.9776720950928867,0.008940545129306917,0.00032784450389778606,0.00040074698773780024,"[""3_3_place_gp__globalplace__power__internal__total"", ""3_3_place_gp__globalplace__timing__setup__tns"", ""3_3_place_gp__globalplace__design__instance__area"", ""3_3_place_gp__globalplace__power__leakage__total"", ""3_3_place_gp__globalplace__design__instance__area__stdcell"", ""3_3_place_gp__globalplace__design__instance__utilization"", ""3_3_place_gp__globalplace__design__instance__utilization__stdcell"", ""3_3_place_gp__globalplace__gpl__area__final"", ""3_3_place_gp__globalplace__gpl__area__original"", ""3_3_place_gp__globalplace__design__instance__count"", ""3_3_place_gp__globalplace__design__instance__count__stdcell"", ""3_3_place_gp__globalplace__design__nets"", ""3_3_place_gp__globalplace__gpl__area__final__percent"", ""3_3_place_gp__globalplace__gpl__area__timing_delta"", ""3_3_place_gp__globalplace__gpl__area__timing_delta__percent"", ""3_3_place_gp__globalplace__gpl__convergence__iteration"", ""3_3_place_gp__globalplace__gpl__routability__congestion"", ""3_3_place_gp__globalplace__gpl__routability__iteration"", ""3_3_place_gp__globalplace__power__switching__total"", ""3_3_place_gp__globalplace__power__total"", ""3_3_place_gp__globalplace__route__wirelength__estimated"", ""3_3_place_gp__globalplace__timing__fmax"", ""3_3_place_gp__globalplace__timing__fmax__clock:core_clock"", ""3_3_place_gp__globalplace__timing__hold__ws"", ""3_3_place_gp__globalplace__timing__setup__ws"", ""3_4_place_resized__placeopt__design__instance__area"", ""3_4_place_resized__placeopt__design__instance__area__stdcell"", ""3_4_place_resized__placeopt__design__instance__count"", ""3_4_place_resized__placeopt__design__instance__count__stdcell"", ""3_4_place_resized__placeopt__design__instance__utilization"", ""3_4_place_resized__placeopt__design__instance__utilization__stdcell"", ""3_4_place_resized__placeopt__design__nets"", ""3_4_place_resized__placeopt__power__internal__total"", ""3_4_place_resized__placeopt__power__leakage__total"", ""3_4_place_resized__placeopt__power__switching__total"", ""3_4_place_resized__placeopt__power__total"", ""3_4_place_resized__placeopt__timing__drv__max_cap_limit"", ""3_4_place_resized__placeopt__timing__drv__max_slew_limit"", ""3_4_place_resized__placeopt__timing__drv__setup_violation_count"", ""3_4_place_resized__placeopt__timing__fmax"", ""3_4_place_resized__placeopt__timing__fmax__clock:core_clock"", ""3_4_place_resized__placeopt__timing__hold__ws"", ""3_4_place_resized__placeopt__timing__setup__tns"", ""3_4_place_resized__placeopt__timing__setup__ws"", ""3_5_place_dp__detailedplace__design__instance__area""]",45,-0.07672385948385196
placement,power,46,3_5_place_dp__detailedplace__design__instance__area__stdcell,0.9809367060154904,0.0053757754825420005,0.0002905523314143816,0.0003767070552173648,"[""3_3_place_gp__globalplace__power__internal__total"", ""3_3_place_gp__globalplace__timing__setup__tns"", ""3_3_place_gp__globalplace__design__instance__area"", ""3_3_place_gp__globalplace__power__leakage__total"", ""3_3_place_gp__globalplace__design__instance__area__stdcell"", ""3_3_place_gp__globalplace__design__instance__utilization"", ""3_3_place_gp__globalplace__design__instance__utilization__stdcell"", ""3_3_place_gp__globalplace__gpl__area__final"", ""3_3_place_gp__globalplace__gpl__area__original"", ""3_3_place_gp__globalplace__design__instance__count"", ""3_3_place_gp__globalplace__design__instance__count__stdcell"", ""3_3_place_gp__globalplace__design__nets"", ""3_3_place_gp__globalplace__gpl__area__final__percent"", ""3_3_place_gp__globalplace__gpl__area__timing_delta"", ""3_3_place_gp__globalplace__gpl__area__timing_delta__percent"", ""3_3_place_gp__globalplace__gpl__convergence__iteration"", ""3_3_place_gp__globalplace__gpl__routability__congestion"", ""3_3_place_gp__globalplace__gpl__routability__iteration"", ""3_3_place_gp__globalplace__power__switching__total"", ""3_3_place_gp__globalplace__power__total"", ""3_3_place_gp__globalplace__route__wirelength__estimated"", ""3_3_place_gp__globalplace__timing__fmax"", ""3_3_place_gp__globalplace__timing__fmax__clock:core_clock"", ""3_3_place_gp__globalplace__timing__hold__ws"", ""3_3_place_gp__globalplace__timing__setup__ws"", ""3_4_place_resized__placeopt__design__instance__area"", ""3_4_place_resized__placeopt__design__instance__area__stdcell"", ""3_4_place_resized__placeopt__design__instance__count"", ""3_4_place_resized__placeopt__design__instance__count__stdcell"", ""3_4_place_resized__placeopt__design__instance__utilization"", ""3_4_place_resized__placeopt__design__instance__utilization__stdcell"", ""3_4_place_resized__placeopt__design__nets"", ""3_4_place_resized__placeopt__power__internal__total"", ""3_4_place_resized__placeopt__power__leakage__total"", ""3_4_place_resized__placeopt__power__switching__total"", ""3_4_place_resized__placeopt__power__total"", ""3_4_place_resized__placeopt__timing__drv__max_cap_limit"", ""3_4_place_resized__placeopt__timing__drv__max_slew_limit"", ""3_4_place_resized__placeopt__timing__drv__setup_violation_count"", ""3_4_place_resized__placeopt__timing__fmax"", ""3_4_place_resized__placeopt__timing__fmax__clock:core_clock"", ""3_4_place_resized__placeopt__timing__hold__ws"", ""3_4_place_resized__placeopt__timing__setup__tns"", ""3_4_place_resized__placeopt__timing__setup__ws"", ""3_5_place_dp__detailedplace__design__instance__area"", ""3_5_place_dp__detailedplace__design__instance__area__stdcell""]",46,-0.07672385948385196
placement,power,47,3_5_place_dp__detailedplace__design__instance__count,0.9776720950928867,0.008940545129306917,0.00032784450389778606,0.00040074698773780024,"[""3_3_place_gp__globalplace__power__internal__total"", ""3_3_place_gp__globalplace__timing__setup__tns"", ""3_3_place_gp__globalplace__design__instance__area"", ""3_3_place_gp__globalplace__power__leakage__total"", ""3_3_place_gp__globalplace__design__instance__area__stdcell"", ""3_3_place_gp__globalplace__design__instance__utilization"", ""3_3_place_gp__globalplace__design__instance__utilization__stdcell"", ""3_3_place_gp__globalplace__gpl__area__final"", ""3_3_place_gp__globalplace__gpl__area__original"", ""3_3_place_gp__globalplace__design__instance__count"", ""3_3_place_gp__globalplace__design__instance__count__stdcell"", ""3_3_place_gp__globalplace__design__nets"", ""3_3_place_gp__globalplace__gpl__area__final__percent"", ""3_3_place_gp__globalplace__gpl__area__timing_delta"", ""3_3_place_gp__globalplace__gpl__area__timing_delta__percent"", ""3_3_place_gp__globalplace__gpl__convergence__iteration"", ""3_3_place_gp__globalplace__gpl__routability__congestion"", ""3_3_place_gp__globalplace__gpl__routability__iteration"", ""3_3_place_gp__globalplace__power__switching__total"", ""3_3_place_gp__globalplace__power__total"", ""3_3_place_gp__globalplace__route__wirelength__estimated"", ""3_3_place_gp__globalplace__timing__fmax"", ""3_3_place_gp__globalplace__timing__fmax__clock:core_clock"", ""3_3_place_gp__globalplace__timing__hold__ws"", ""3_3_place_gp__globalplace__timing__setup__ws"", ""3_4_place_resized__placeopt__design__instance__area"", ""3_4_place_resized__placeopt__design__instance__area__stdcell"", ""3_4_place_resized__placeopt__design__instance__count"", ""3_4_place_resized__placeopt__design__instance__count__stdcell"", ""3_4_place_resized__placeopt__design__instance__utilization"", ""3_4_place_resized__placeopt__design__instance__utilization__stdcell"", ""3_4_place_resized__placeopt__design__nets"", ""3_4_place_resized__placeopt__power__internal__total"", ""3_4_place_resized__placeopt__power__leakage__total"", ""3_4_place_resized__placeopt__power__switching__total"", ""3_4_place_resized__placeopt__power__total"", ""3_4_place_resized__placeopt__timing__drv__max_cap_limit"", ""3_4_place_resized__placeopt__timing__drv__max_slew_limit"", ""3_4_place_resized__placeopt__timing__drv__setup_violation_count"", ""3_4_place_resized__placeopt__timing__fmax"", ""3_4_place_resized__placeopt__timing__fmax__clock:core_clock"", ""3_4_place_resized__placeopt__timing__hold__ws"", ""3_4_place_resized__placeopt__timing__setup__tns"", ""3_4_place_resized__placeopt__timing__setup__ws"", ""3_5_place_dp__detailedplace__design__instance__area"", ""3_5_place_dp__detailedplace__design__instance__area__stdcell"", ""3_5_place_dp__detailedplace__design__instance__count""]",47,-0.07672385948385196
placement,power,48,3_5_place_dp__detailedplace__design__instance__count__stdcell,0.9801452417251744,0.005957653747618984,0.0003003043653136094,0.0003832172262600246,"[""3_3_place_gp__globalplace__power__internal__total"", ""3_3_place_gp__globalplace__timing__setup__tns"", ""3_3_place_gp__globalplace__design__instance__area"", ""3_3_place_gp__globalplace__power__leakage__total"", ""3_3_place_gp__globalplace__design__instance__area__stdcell"", ""3_3_place_gp__globalplace__design__instance__utilization"", ""3_3_place_gp__globalplace__design__instance__utilization__stdcell"", ""3_3_place_gp__globalplace__gpl__area__final"", ""3_3_place_gp__globalplace__gpl__area__original"", ""3_3_place_gp__globalplace__design__instance__count"", ""3_3_place_gp__globalplace__design__instance__count__stdcell"", ""3_3_place_gp__globalplace__design__nets"", ""3_3_place_gp__globalplace__gpl__area__final__percent"", ""3_3_place_gp__globalplace__gpl__area__timing_delta"", ""3_3_place_gp__globalplace__gpl__area__timing_delta__percent"", ""3_3_place_gp__globalplace__gpl__convergence__iteration"", ""3_3_place_gp__globalplace__gpl__routability__congestion"", ""3_3_place_gp__globalplace__gpl__routability__iteration"", ""3_3_place_gp__globalplace__power__switching__total"", ""3_3_place_gp__globalplace__power__total"", ""3_3_place_gp__globalplace__route__wirelength__estimated"", ""3_3_place_gp__globalplace__timing__fmax"", ""3_3_place_gp__globalplace__timing__fmax__clock:core_clock"", ""3_3_place_gp__globalplace__timing__hold__ws"", ""3_3_place_gp__globalplace__timing__setup__ws"", ""3_4_place_resized__placeopt__design__instance__area"", ""3_4_place_resized__placeopt__design__instance__area__stdcell"", ""3_4_place_resized__placeopt__design__instance__count"", ""3_4_place_resized__placeopt__design__instance__count__stdcell"", ""3_4_place_resized__placeopt__design__instance__utilization"", ""3_4_place_resized__placeopt__design__instance__utilization__stdcell"", ""3_4_place_resized__placeopt__design__nets"", ""3_4_place_resized__placeopt__power__internal__total"", ""3_4_place_resized__placeopt__power__leakage__total"", ""3_4_place_resized__placeopt__power__switching__total"", ""3_4_place_resized__placeopt__power__total"", ""3_4_place_resized__placeopt__timing__drv__max_cap_limit"", ""3_4_place_resized__placeopt__timing__drv__max_slew_limit"", ""3_4_place_resized__placeopt__timing__drv__setup_violation_count"", ""3_4_place_resized__placeopt__timing__fmax"", ""3_4_place_resized__placeopt__timing__fmax__clock:core_clock"", ""3_4_place_resized__placeopt__timing__hold__ws"", ""3_4_place_resized__placeopt__timing__setup__tns"", ""3_4_place_resized__placeopt__timing__setup__ws"", ""3_5_place_dp__detailedplace__design__instance__area"", ""3_5_place_dp__detailedplace__design__instance__area__stdcell"", ""3_5_place_dp__detailedplace__design__instance__count"", ""3_5_place_dp__detailedplace__design__instance__count__stdcell""]",48,-0.07672385948385196
placement,power,49,3_5_place_dp__detailedplace__design__instance__displacement__max,0.9798540180227193,0.007154691952898985,0.00030218605600949123,0.0003828381795815631,"[""3_3_place_gp__globalplace__power__internal__total"", ""3_3_place_gp__globalplace__timing__setup__tns"", ""3_3_place_gp__globalplace__design__instance__area"", ""3_3_place_gp__globalplace__power__leakage__total"", ""3_3_place_gp__globalplace__design__instance__area__stdcell"", ""3_3_place_gp__globalplace__design__instance__utilization"", ""3_3_place_gp__globalplace__design__instance__utilization__stdcell"", ""3_3_place_gp__globalplace__gpl__area__final"", ""3_3_place_gp__globalplace__gpl__area__original"", ""3_3_place_gp__globalplace__design__instance__count"", ""3_3_place_gp__globalplace__design__instance__count__stdcell"", ""3_3_place_gp__globalplace__design__nets"", ""3_3_place_gp__globalplace__gpl__area__final__percent"", ""3_3_place_gp__globalplace__gpl__area__timing_delta"", ""3_3_place_gp__globalplace__gpl__area__timing_delta__percent"", ""3_3_place_gp__globalplace__gpl__convergence__iteration"", ""3_3_place_gp__globalplace__gpl__routability__congestion"", ""3_3_place_gp__globalplace__gpl__routability__iteration"", ""3_3_place_gp__globalplace__power__switching__total"", ""3_3_place_gp__globalplace__power__total"", ""3_3_place_gp__globalplace__route__wirelength__estimated"", ""3_3_place_gp__globalplace__timing__fmax"", ""3_3_place_gp__globalplace__timing__fmax__clock:core_clock"", ""3_3_place_gp__globalplace__timing__hold__ws"", ""3_3_place_gp__globalplace__timing__setup__ws"", ""3_4_place_resized__placeopt__design__instance__area"", ""3_4_place_resized__placeopt__design__instance__area__stdcell"", ""3_4_place_resized__placeopt__design__instance__count"", ""3_4_place_resized__placeopt__design__instance__count__stdcell"", ""3_4_place_resized__placeopt__design__instance__utilization"", ""3_4_place_resized__placeopt__design__instance__utilization__stdcell"", ""3_4_place_resized__placeopt__design__nets"", ""3_4_place_resized__placeopt__power__internal__total"", ""3_4_place_resized__placeopt__power__leakage__total"", ""3_4_place_resized__placeopt__power__switching__total"", ""3_4_place_resized__placeopt__power__total"", ""3_4_place_resized__placeopt__timing__drv__max_cap_limit"", ""3_4_place_resized__placeopt__timing__drv__max_slew_limit"", ""3_4_place_resized__placeopt__timing__drv__setup_violation_count"", ""3_4_place_resized__placeopt__timing__fmax"", ""3_4_place_resized__placeopt__timing__fmax__clock:core_clock"", ""3_4_place_resized__placeopt__timing__hold__ws"", ""3_4_place_resized__placeopt__timing__setup__tns"", ""3_4_place_resized__placeopt__timing__setup__ws"", ""3_5_place_dp__detailedplace__design__instance__area"", ""3_5_place_dp__detailedplace__design__instance__area__stdcell"", ""3_5_place_dp__detailedplace__design__instance__count"", ""3_5_place_dp__detailedplace__design__instance__count__stdcell"", ""3_5_place_dp__detailedplace__design__instance__displacement__max""]",49,-0.07672385948385196
placement,power,50,3_5_place_dp__detailedplace__design__instance__displacement__mean,0.9804898628741269,0.007096863956671942,0.00029266520614759124,0.0003763675789223329,"[""3_3_place_gp__globalplace__power__internal__total"", ""3_3_place_gp__globalplace__timing__setup__tns"", ""3_3_place_gp__globalplace__design__instance__area"", ""3_3_place_gp__globalplace__power__leakage__total"", ""3_3_place_gp__globalplace__design__instance__area__stdcell"", ""3_3_place_gp__globalplace__design__instance__utilization"", ""3_3_place_gp__globalplace__design__instance__utilization__stdcell"", ""3_3_place_gp__globalplace__gpl__area__final"", ""3_3_place_gp__globalplace__gpl__area__original"", ""3_3_place_gp__globalplace__design__instance__count"", ""3_3_place_gp__globalplace__design__instance__count__stdcell"", ""3_3_place_gp__globalplace__design__nets"", ""3_3_place_gp__globalplace__gpl__area__final__percent"", ""3_3_place_gp__globalplace__gpl__area__timing_delta"", ""3_3_place_gp__globalplace__gpl__area__timing_delta__percent"", ""3_3_place_gp__globalplace__gpl__convergence__iteration"", ""3_3_place_gp__globalplace__gpl__routability__congestion"", ""3_3_place_gp__globalplace__gpl__routability__iteration"", ""3_3_place_gp__globalplace__power__switching__total"", ""3_3_place_gp__globalplace__power__total"", ""3_3_place_gp__globalplace__route__wirelength__estimated"", ""3_3_place_gp__globalplace__timing__fmax"", ""3_3_place_gp__globalplace__timing__fmax__clock:core_clock"", ""3_3_place_gp__globalplace__timing__hold__ws"", ""3_3_place_gp__globalplace__timing__setup__ws"", ""3_4_place_resized__placeopt__design__instance__area"", ""3_4_place_resized__placeopt__design__instance__area__stdcell"", ""3_4_place_resized__placeopt__design__instance__count"", ""3_4_place_resized__placeopt__design__instance__count__stdcell"", ""3_4_place_resized__placeopt__design__instance__utilization"", ""3_4_place_resized__placeopt__design__instance__utilization__stdcell"", ""3_4_place_resized__placeopt__design__nets"", ""3_4_place_resized__placeopt__power__internal__total"", ""3_4_place_resized__placeopt__power__leakage__total"", ""3_4_place_resized__placeopt__power__switching__total"", ""3_4_place_resized__placeopt__power__total"", ""3_4_place_resized__placeopt__timing__drv__max_cap_limit"", ""3_4_place_resized__placeopt__timing__drv__max_slew_limit"", ""3_4_place_resized__placeopt__timing__drv__setup_violation_count"", ""3_4_place_resized__placeopt__timing__fmax"", ""3_4_place_resized__placeopt__timing__fmax__clock:core_clock"", ""3_4_place_resized__placeopt__timing__hold__ws"", ""3_4_place_resized__placeopt__timing__setup__tns"", ""3_4_place_resized__placeopt__timing__setup__ws"", ""3_5_place_dp__detailedplace__design__instance__area"", ""3_5_place_dp__detailedplace__design__instance__area__stdcell"", ""3_5_place_dp__detailedplace__design__instance__count"", ""3_5_place_dp__detailedplace__design__instance__count__stdcell"", ""3_5_place_dp__detailedplace__design__instance__displacement__max"", ""3_5_place_dp__detailedplace__design__instance__displacement__mean""]",50,-0.07672385948385196
placement,power,51,3_5_place_dp__detailedplace__design__instance__displacement__total,0.9794208474691448,0.0067102607272049985,0.0003080055480235417,0.0003886733367059075,"[""3_3_place_gp__globalplace__power__internal__total"", ""3_3_place_gp__globalplace__timing__setup__tns"", ""3_3_place_gp__globalplace__design__instance__area"", ""3_3_place_gp__globalplace__power__leakage__total"", ""3_3_place_gp__globalplace__design__instance__area__stdcell"", ""3_3_place_gp__globalplace__design__instance__utilization"", ""3_3_place_gp__globalplace__design__instance__utilization__stdcell"", ""3_3_place_gp__globalplace__gpl__area__final"", ""3_3_place_gp__globalplace__gpl__area__original"", ""3_3_place_gp__globalplace__design__instance__count"", ""3_3_place_gp__globalplace__design__instance__count__stdcell"", ""3_3_place_gp__globalplace__design__nets"", ""3_3_place_gp__globalplace__gpl__area__final__percent"", ""3_3_place_gp__globalplace__gpl__area__timing_delta"", ""3_3_place_gp__globalplace__gpl__area__timing_delta__percent"", ""3_3_place_gp__globalplace__gpl__convergence__iteration"", ""3_3_place_gp__globalplace__gpl__routability__congestion"", ""3_3_place_gp__globalplace__gpl__routability__iteration"", ""3_3_place_gp__globalplace__power__switching__total"", ""3_3_place_gp__globalplace__power__total"", ""3_3_place_gp__globalplace__route__wirelength__estimated"", ""3_3_place_gp__globalplace__timing__fmax"", ""3_3_place_gp__globalplace__timing__fmax__clock:core_clock"", ""3_3_place_gp__globalplace__timing__hold__ws"", ""3_3_place_gp__globalplace__timing__setup__ws"", ""3_4_place_resized__placeopt__design__instance__area"", ""3_4_place_resized__placeopt__design__instance__area__stdcell"", ""3_4_place_resized__placeopt__design__instance__count"", ""3_4_place_resized__placeopt__design__instance__count__stdcell"", ""3_4_place_resized__placeopt__design__instance__utilization"", ""3_4_place_resized__placeopt__design__instance__utilization__stdcell"", ""3_4_place_resized__placeopt__design__nets"", ""3_4_place_resized__placeopt__power__internal__total"", ""3_4_place_resized__placeopt__power__leakage__total"", ""3_4_place_resized__placeopt__power__switching__total"", ""3_4_place_resized__placeopt__power__total"", ""3_4_place_resized__placeopt__timing__drv__max_cap_limit"", ""3_4_place_resized__placeopt__timing__drv__max_slew_limit"", ""3_4_place_resized__placeopt__timing__drv__setup_violation_count"", ""3_4_place_resized__placeopt__timing__fmax"", ""3_4_place_resized__placeopt__timing__fmax__clock:core_clock"", ""3_4_place_resized__placeopt__timing__hold__ws"", ""3_4_place_resized__placeopt__timing__setup__tns"", ""3_4_place_resized__placeopt__timing__setup__ws"", ""3_5_place_dp__detailedplace__design__instance__area"", ""3_5_place_dp__detailedplace__design__instance__area__stdcell"", ""3_5_place_dp__detailedplace__design__instance__count"", ""3_5_place_dp__detailedplace__design__instance__count__stdcell"", ""3_5_place_dp__detailedplace__design__instance__displacement__max"", ""3_5_place_dp__detailedplace__design__instance__displacement__mean"", ""3_5_place_dp__detailedplace__design__instance__displacement__total""]",51,-0.07672385948385196
placement,power,52,3_5_place_dp__detailedplace__design__instance__utilization,0.9804055765177244,0.006978089588661059,0.0002958516189521153,0.0003776590011445491,"[""3_3_place_gp__globalplace__power__internal__total"", ""3_3_place_gp__globalplace__timing__setup__tns"", ""3_3_place_gp__globalplace__design__instance__area"", ""3_3_place_gp__globalplace__power__leakage__total"", ""3_3_place_gp__globalplace__design__instance__area__stdcell"", ""3_3_place_gp__globalplace__design__instance__utilization"", ""3_3_place_gp__globalplace__design__instance__utilization__stdcell"", ""3_3_place_gp__globalplace__gpl__area__final"", ""3_3_place_gp__globalplace__gpl__area__original"", ""3_3_place_gp__globalplace__design__instance__count"", ""3_3_place_gp__globalplace__design__instance__count__stdcell"", ""3_3_place_gp__globalplace__design__nets"", ""3_3_place_gp__globalplace__gpl__area__final__percent"", ""3_3_place_gp__globalplace__gpl__area__timing_delta"", ""3_3_place_gp__globalplace__gpl__area__timing_delta__percent"", ""3_3_place_gp__globalplace__gpl__convergence__iteration"", ""3_3_place_gp__globalplace__gpl__routability__congestion"", ""3_3_place_gp__globalplace__gpl__routability__iteration"", ""3_3_place_gp__globalplace__power__switching__total"", ""3_3_place_gp__globalplace__power__total"", ""3_3_place_gp__globalplace__route__wirelength__estimated"", ""3_3_place_gp__globalplace__timing__fmax"", ""3_3_place_gp__globalplace__timing__fmax__clock:core_clock"", ""3_3_place_gp__globalplace__timing__hold__ws"", ""3_3_place_gp__globalplace__timing__setup__ws"", ""3_4_place_resized__placeopt__design__instance__area"", ""3_4_place_resized__placeopt__design__instance__area__stdcell"", ""3_4_place_resized__placeopt__design__instance__count"", ""3_4_place_resized__placeopt__design__instance__count__stdcell"", ""3_4_place_resized__placeopt__design__instance__utilization"", ""3_4_place_resized__placeopt__design__instance__utilization__stdcell"", ""3_4_place_resized__placeopt__design__nets"", ""3_4_place_resized__placeopt__power__internal__total"", ""3_4_place_resized__placeopt__power__leakage__total"", ""3_4_place_resized__placeopt__power__switching__total"", ""3_4_place_resized__placeopt__power__total"", ""3_4_place_resized__placeopt__timing__drv__max_cap_limit"", ""3_4_place_resized__placeopt__timing__drv__max_slew_limit"", ""3_4_place_resized__placeopt__timing__drv__setup_violation_count"", ""3_4_place_resized__placeopt__timing__fmax"", ""3_4_place_resized__placeopt__timing__fmax__clock:core_clock"", ""3_4_place_resized__placeopt__timing__hold__ws"", ""3_4_place_resized__placeopt__timing__setup__tns"", ""3_4_place_resized__placeopt__timing__setup__ws"", ""3_5_place_dp__detailedplace__design__instance__area"", ""3_5_place_dp__detailedplace__design__instance__area__stdcell"", ""3_5_place_dp__detailedplace__design__instance__count"", ""3_5_place_dp__detailedplace__design__instance__count__stdcell"", ""3_5_place_dp__detailedplace__design__instance__displacement__max"", ""3_5_place_dp__detailedplace__design__instance__displacement__mean"", ""3_5_place_dp__detailedplace__design__instance__displacement__total"", ""3_5_place_dp__detailedplace__design__instance__utilization""]",52,-0.07672385948385196
placement,power,53,3_5_place_dp__detailedplace__design__instance__utilization__stdcell,0.9794208474691448,0.0067102607272049985,0.0003080055480235417,0.0003886733367059075,"[""3_3_place_gp__globalplace__power__internal__total"", ""3_3_place_gp__globalplace__timing__setup__tns"", ""3_3_place_gp__globalplace__design__instance__area"", ""3_3_place_gp__globalplace__power__leakage__total"", ""3_3_place_gp__globalplace__design__instance__area__stdcell"", ""3_3_place_gp__globalplace__design__instance__utilization"", ""3_3_place_gp__globalplace__design__instance__utilization__stdcell"", ""3_3_place_gp__globalplace__gpl__area__final"", ""3_3_place_gp__globalplace__gpl__area__original"", ""3_3_place_gp__globalplace__design__instance__count"", ""3_3_place_gp__globalplace__design__instance__count__stdcell"", ""3_3_place_gp__globalplace__design__nets"", ""3_3_place_gp__globalplace__gpl__area__final__percent"", ""3_3_place_gp__globalplace__gpl__area__timing_delta"", ""3_3_place_gp__globalplace__gpl__area__timing_delta__percent"", ""3_3_place_gp__globalplace__gpl__convergence__iteration"", ""3_3_place_gp__globalplace__gpl__routability__congestion"", ""3_3_place_gp__globalplace__gpl__routability__iteration"", ""3_3_place_gp__globalplace__power__switching__total"", ""3_3_place_gp__globalplace__power__total"", ""3_3_place_gp__globalplace__route__wirelength__estimated"", ""3_3_place_gp__globalplace__timing__fmax"", ""3_3_place_gp__globalplace__timing__fmax__clock:core_clock"", ""3_3_place_gp__globalplace__timing__hold__ws"", ""3_3_place_gp__globalplace__timing__setup__ws"", ""3_4_place_resized__placeopt__design__instance__area"", ""3_4_place_resized__placeopt__design__instance__area__stdcell"", ""3_4_place_resized__placeopt__design__instance__count"", ""3_4_place_resized__placeopt__design__instance__count__stdcell"", ""3_4_place_resized__placeopt__design__instance__utilization"", ""3_4_place_resized__placeopt__design__instance__utilization__stdcell"", ""3_4_place_resized__placeopt__design__nets"", ""3_4_place_resized__placeopt__power__internal__total"", ""3_4_place_resized__placeopt__power__leakage__total"", ""3_4_place_resized__placeopt__power__switching__total"", ""3_4_place_resized__placeopt__power__total"", ""3_4_place_resized__placeopt__timing__drv__max_cap_limit"", ""3_4_place_resized__placeopt__timing__drv__max_slew_limit"", ""3_4_place_resized__placeopt__timing__drv__setup_violation_count"", ""3_4_place_resized__placeopt__timing__fmax"", ""3_4_place_resized__placeopt__timing__fmax__clock:core_clock"", ""3_4_place_resized__placeopt__timing__hold__ws"", ""3_4_place_resized__placeopt__timing__setup__tns"", ""3_4_place_resized__placeopt__timing__setup__ws"", ""3_5_place_dp__detailedplace__design__instance__area"", ""3_5_place_dp__detailedplace__design__instance__area__stdcell"", ""3_5_place_dp__detailedplace__design__instance__count"", ""3_5_place_dp__detailedplace__design__instance__count__stdcell"", ""3_5_place_dp__detailedplace__design__instance__displacement__max"", ""3_5_place_dp__detailedplace__design__instance__displacement__mean"", ""3_5_place_dp__detailedplace__design__instance__displacement__total"", ""3_5_place_dp__detailedplace__design__instance__utilization"", ""3_5_place_dp__detailedplace__design__instance__utilization__stdcell""]",53,-0.07672385948385196
placement,power,54,3_5_place_dp__detailedplace__design__nets,0.9818120959770117,0.006664054374662049,0.0002786714182859261,0.00036490072186815,"[""3_3_place_gp__globalplace__power__internal__total"", ""3_3_place_gp__globalplace__timing__setup__tns"", ""3_3_place_gp__globalplace__design__instance__area"", ""3_3_place_gp__globalplace__power__leakage__total"", ""3_3_place_gp__globalplace__design__instance__area__stdcell"", ""3_3_place_gp__globalplace__design__instance__utilization"", ""3_3_place_gp__globalplace__design__instance__utilization__stdcell"", ""3_3_place_gp__globalplace__gpl__area__final"", ""3_3_place_gp__globalplace__gpl__area__original"", ""3_3_place_gp__globalplace__design__instance__count"", ""3_3_place_gp__globalplace__design__instance__count__stdcell"", ""3_3_place_gp__globalplace__design__nets"", ""3_3_place_gp__globalplace__gpl__area__final__percent"", ""3_3_place_gp__globalplace__gpl__area__timing_delta"", ""3_3_place_gp__globalplace__gpl__area__timing_delta__percent"", ""3_3_place_gp__globalplace__gpl__convergence__iteration"", ""3_3_place_gp__globalplace__gpl__routability__congestion"", ""3_3_place_gp__globalplace__gpl__routability__iteration"", ""3_3_place_gp__globalplace__power__switching__total"", ""3_3_place_gp__globalplace__power__total"", ""3_3_place_gp__globalplace__route__wirelength__estimated"", ""3_3_place_gp__globalplace__timing__fmax"", ""3_3_place_gp__globalplace__timing__fmax__clock:core_clock"", ""3_3_place_gp__globalplace__timing__hold__ws"", ""3_3_place_gp__globalplace__timing__setup__ws"", ""3_4_place_resized__placeopt__design__instance__area"", ""3_4_place_resized__placeopt__design__instance__area__stdcell"", ""3_4_place_resized__placeopt__design__instance__count"", ""3_4_place_resized__placeopt__design__instance__count__stdcell"", ""3_4_place_resized__placeopt__design__instance__utilization"", ""3_4_place_resized__placeopt__design__instance__utilization__stdcell"", ""3_4_place_resized__placeopt__design__nets"", ""3_4_place_resized__placeopt__power__internal__total"", ""3_4_place_resized__placeopt__power__leakage__total"", ""3_4_place_resized__placeopt__power__switching__total"", ""3_4_place_resized__placeopt__power__total"", ""3_4_place_resized__placeopt__timing__drv__max_cap_limit"", ""3_4_place_resized__placeopt__timing__drv__max_slew_limit"", ""3_4_place_resized__placeopt__timing__drv__setup_violation_count"", ""3_4_place_resized__placeopt__timing__fmax"", ""3_4_place_resized__placeopt__timing__fmax__clock:core_clock"", ""3_4_place_resized__placeopt__timing__hold__ws"", ""3_4_place_resized__placeopt__timing__setup__tns"", ""3_4_place_resized__placeopt__timing__setup__ws"", ""3_5_place_dp__detailedplace__design__instance__area"", ""3_5_place_dp__detailedplace__design__instance__area__stdcell"", ""3_5_place_dp__detailedplace__design__instance__count"", ""3_5_place_dp__detailedplace__design__instance__count__stdcell"", ""3_5_place_dp__detailedplace__design__instance__displacement__max"", ""3_5_place_dp__detailedplace__design__instance__displacement__mean"", ""3_5_place_dp__detailedplace__design__instance__displacement__total"", ""3_5_place_dp__detailedplace__design__instance__utilization"", ""3_5_place_dp__detailedplace__design__instance__utilization__stdcell"", ""3_5_place_dp__detailedplace__design__nets""]",54,-0.07672385948385196
placement,power,55,3_5_place_dp__detailedplace__dpl__hpwl__delta,0.9779918087081141,0.009360568786908401,0.00032171241346156586,0.0003959721683537633,"[""3_3_place_gp__globalplace__power__internal__total"", ""3_3_place_gp__globalplace__timing__setup__tns"", ""3_3_place_gp__globalplace__design__instance__area"", ""3_3_place_gp__globalplace__power__leakage__total"", ""3_3_place_gp__globalplace__design__instance__area__stdcell"", ""3_3_place_gp__globalplace__design__instance__utilization"", ""3_3_place_gp__globalplace__design__instance__utilization__stdcell"", ""3_3_place_gp__globalplace__gpl__area__final"", ""3_3_place_gp__globalplace__gpl__area__original"", ""3_3_place_gp__globalplace__design__instance__count"", ""3_3_place_gp__globalplace__design__instance__count__stdcell"", ""3_3_place_gp__globalplace__design__nets"", ""3_3_place_gp__globalplace__gpl__area__final__percent"", ""3_3_place_gp__globalplace__gpl__area__timing_delta"", ""3_3_place_gp__globalplace__gpl__area__timing_delta__percent"", ""3_3_place_gp__globalplace__gpl__convergence__iteration"", ""3_3_place_gp__globalplace__gpl__routability__congestion"", ""3_3_place_gp__globalplace__gpl__routability__iteration"", ""3_3_place_gp__globalplace__power__switching__total"", ""3_3_place_gp__globalplace__power__total"", ""3_3_place_gp__globalplace__route__wirelength__estimated"", ""3_3_place_gp__globalplace__timing__fmax"", ""3_3_place_gp__globalplace__timing__fmax__clock:core_clock"", ""3_3_place_gp__globalplace__timing__hold__ws"", ""3_3_place_gp__globalplace__timing__setup__ws"", ""3_4_place_resized__placeopt__design__instance__area"", ""3_4_place_resized__placeopt__design__instance__area__stdcell"", ""3_4_place_resized__placeopt__design__instance__count"", ""3_4_place_resized__placeopt__design__instance__count__stdcell"", ""3_4_place_resized__placeopt__design__instance__utilization"", ""3_4_place_resized__placeopt__design__instance__utilization__stdcell"", ""3_4_place_resized__placeopt__design__nets"", ""3_4_place_resized__placeopt__power__internal__total"", ""3_4_place_resized__placeopt__power__leakage__total"", ""3_4_place_resized__placeopt__power__switching__total"", ""3_4_place_resized__placeopt__power__total"", ""3_4_place_resized__placeopt__timing__drv__max_cap_limit"", ""3_4_place_resized__placeopt__timing__drv__max_slew_limit"", ""3_4_place_resized__placeopt__timing__drv__setup_violation_count"", ""3_4_place_resized__placeopt__timing__fmax"", ""3_4_place_resized__placeopt__timing__fmax__clock:core_clock"", ""3_4_place_resized__placeopt__timing__hold__ws"", ""3_4_place_resized__placeopt__timing__setup__tns"", ""3_4_place_resized__placeopt__timing__setup__ws"", ""3_5_place_dp__detailedplace__design__instance__area"", ""3_5_place_dp__detailedplace__design__instance__area__stdcell"", ""3_5_place_dp__detailedplace__design__instance__count"", ""3_5_place_dp__detailedplace__design__instance__count__stdcell"", ""3_5_place_dp__detailedplace__design__instance__displacement__max"", ""3_5_place_dp__detailedplace__design__instance__displacement__mean"", ""3_5_place_dp__detailedplace__design__instance__displacement__total"", ""3_5_place_dp__detailedplace__design__instance__utilization"", ""3_5_place_dp__detailedplace__design__instance__utilization__stdcell"", ""3_5_place_dp__detailedplace__design__nets"", ""3_5_place_dp__detailedplace__dpl__hpwl__delta""]",55,-0.07672385948385196
placement,power,56,3_5_place_dp__detailedplace__dpl__hpwl__delta__percent,0.9812616405197606,0.0058666479530112055,0.00028865580164547756,0.00037252561515702673,"[""3_3_place_gp__globalplace__power__internal__total"", ""3_3_place_gp__globalplace__timing__setup__tns"", ""3_3_place_gp__globalplace__design__instance__area"", ""3_3_place_gp__globalplace__power__leakage__total"", ""3_3_place_gp__globalplace__design__instance__area__stdcell"", ""3_3_place_gp__globalplace__design__instance__utilization"", ""3_3_place_gp__globalplace__design__instance__utilization__stdcell"", ""3_3_place_gp__globalplace__gpl__area__final"", ""3_3_place_gp__globalplace__gpl__area__original"", ""3_3_place_gp__globalplace__design__instance__count"", ""3_3_place_gp__globalplace__design__instance__count__stdcell"", ""3_3_place_gp__globalplace__design__nets"", ""3_3_place_gp__globalplace__gpl__area__final__percent"", ""3_3_place_gp__globalplace__gpl__area__timing_delta"", ""3_3_place_gp__globalplace__gpl__area__timing_delta__percent"", ""3_3_place_gp__globalplace__gpl__convergence__iteration"", ""3_3_place_gp__globalplace__gpl__routability__congestion"", ""3_3_place_gp__globalplace__gpl__routability__iteration"", ""3_3_place_gp__globalplace__power__switching__total"", ""3_3_place_gp__globalplace__power__total"", ""3_3_place_gp__globalplace__route__wirelength__estimated"", ""3_3_place_gp__globalplace__timing__fmax"", ""3_3_place_gp__globalplace__timing__fmax__clock:core_clock"", ""3_3_place_gp__globalplace__timing__hold__ws"", ""3_3_place_gp__globalplace__timing__setup__ws"", ""3_4_place_resized__placeopt__design__instance__area"", ""3_4_place_resized__placeopt__design__instance__area__stdcell"", ""3_4_place_resized__placeopt__design__instance__count"", ""3_4_place_resized__placeopt__design__instance__count__stdcell"", ""3_4_place_resized__placeopt__design__instance__utilization"", ""3_4_place_resized__placeopt__design__instance__utilization__stdcell"", ""3_4_place_resized__placeopt__design__nets"", ""3_4_place_resized__placeopt__power__internal__total"", ""3_4_place_resized__placeopt__power__leakage__total"", ""3_4_place_resized__placeopt__power__switching__total"", ""3_4_place_resized__placeopt__power__total"", ""3_4_place_resized__placeopt__timing__drv__max_cap_limit"", ""3_4_place_resized__placeopt__timing__drv__max_slew_limit"", ""3_4_place_resized__placeopt__timing__drv__setup_violation_count"", ""3_4_place_resized__placeopt__timing__fmax"", ""3_4_place_resized__placeopt__timing__fmax__clock:core_clock"", ""3_4_place_resized__placeopt__timing__hold__ws"", ""3_4_place_resized__placeopt__timing__setup__tns"", ""3_4_place_resized__placeopt__timing__setup__ws"", ""3_5_place_dp__detailedplace__design__instance__area"", ""3_5_place_dp__detailedplace__design__instance__area__stdcell"", ""3_5_place_dp__detailedplace__design__instance__count"", ""3_5_place_dp__detailedplace__design__instance__count__stdcell"", ""3_5_place_dp__detailedplace__design__instance__displacement__max"", ""3_5_place_dp__detailedplace__design__instance__displacement__mean"", ""3_5_place_dp__detailedplace__design__instance__displacement__total"", ""3_5_place_dp__detailedplace__design__instance__utilization"", ""3_5_place_dp__detailedplace__design__instance__utilization__stdcell"", ""3_5_place_dp__detailedplace__design__nets"", ""3_5_place_dp__detailedplace__dpl__hpwl__delta"", ""3_5_place_dp__detailedplace__dpl__hpwl__delta__percent""]",56,-0.07672385948385196
placement,power,57,3_5_place_dp__detailedplace__negotiation__converge__phase_1__iteration,0.9815339036534693,0.005655341332345318,0.0002915196483367284,0.0003695305940984445,"[""3_3_place_gp__globalplace__power__internal__total"", ""3_3_place_gp__globalplace__timing__setup__tns"", ""3_3_place_gp__globalplace__design__instance__area"", ""3_3_place_gp__globalplace__power__leakage__total"", ""3_3_place_gp__globalplace__design__instance__area__stdcell"", ""3_3_place_gp__globalplace__design__instance__utilization"", ""3_3_place_gp__globalplace__design__instance__utilization__stdcell"", ""3_3_place_gp__globalplace__gpl__area__final"", ""3_3_place_gp__globalplace__gpl__area__original"", ""3_3_place_gp__globalplace__design__instance__count"", ""3_3_place_gp__globalplace__design__instance__count__stdcell"", ""3_3_place_gp__globalplace__design__nets"", ""3_3_place_gp__globalplace__gpl__area__final__percent"", ""3_3_place_gp__globalplace__gpl__area__timing_delta"", ""3_3_place_gp__globalplace__gpl__area__timing_delta__percent"", ""3_3_place_gp__globalplace__gpl__convergence__iteration"", ""3_3_place_gp__globalplace__gpl__routability__congestion"", ""3_3_place_gp__globalplace__gpl__routability__iteration"", ""3_3_place_gp__globalplace__power__switching__total"", ""3_3_place_gp__globalplace__power__total"", ""3_3_place_gp__globalplace__route__wirelength__estimated"", ""3_3_place_gp__globalplace__timing__fmax"", ""3_3_place_gp__globalplace__timing__fmax__clock:core_clock"", ""3_3_place_gp__globalplace__timing__hold__ws"", ""3_3_place_gp__globalplace__timing__setup__ws"", ""3_4_place_resized__placeopt__design__instance__area"", ""3_4_place_resized__placeopt__design__instance__area__stdcell"", ""3_4_place_resized__placeopt__design__instance__count"", ""3_4_place_resized__placeopt__design__instance__count__stdcell"", ""3_4_place_resized__placeopt__design__instance__utilization"", ""3_4_place_resized__placeopt__design__instance__utilization__stdcell"", ""3_4_place_resized__placeopt__design__nets"", ""3_4_place_resized__placeopt__power__internal__total"", ""3_4_place_resized__placeopt__power__leakage__total"", ""3_4_place_resized__placeopt__power__switching__total"", ""3_4_place_resized__placeopt__power__total"", ""3_4_place_resized__placeopt__timing__drv__max_cap_limit"", ""3_4_place_resized__placeopt__timing__drv__max_slew_limit"", ""3_4_place_resized__placeopt__timing__drv__setup_violation_count"", ""3_4_place_resized__placeopt__timing__fmax"", ""3_4_place_resized__placeopt__timing__fmax__clock:core_clock"", ""3_4_place_resized__placeopt__timing__hold__ws"", ""3_4_place_resized__placeopt__timing__setup__tns"", ""3_4_place_resized__placeopt__timing__setup__ws"", ""3_5_place_dp__detailedplace__design__instance__area"", ""3_5_place_dp__detailedplace__design__instance__area__stdcell"", ""3_5_place_dp__detailedplace__design__instance__count"", ""3_5_place_dp__detailedplace__design__instance__count__stdcell"", ""3_5_place_dp__detailedplace__design__instance__displacement__max"", ""3_5_place_dp__detailedplace__design__instance__displacement__mean"", ""3_5_place_dp__detailedplace__design__instance__displacement__total"", ""3_5_place_dp__detailedplace__design__instance__utilization"", ""3_5_place_dp__detailedplace__design__instance__utilization__stdcell"", ""3_5_place_dp__detailedplace__design__nets"", ""3_5_place_dp__detailedplace__dpl__hpwl__delta"", ""3_5_place_dp__detailedplace__dpl__hpwl__delta__percent"", ""3_5_place_dp__detailedplace__negotiation__converge__phase_1__iteration""]",57,-0.07672385948385196
placement,power,58,3_5_place_dp__detailedplace__power__internal__total,0.9823886096852772,0.004912978255641197,0.000280983673660318,0.0003621570777603464,"[""3_3_place_gp__globalplace__power__internal__total"", ""3_3_place_gp__globalplace__timing__setup__tns"", ""3_3_place_gp__globalplace__design__instance__area"", ""3_3_place_gp__globalplace__power__leakage__total"", ""3_3_place_gp__globalplace__design__instance__area__stdcell"", ""3_3_place_gp__globalplace__design__instance__utilization"", ""3_3_place_gp__globalplace__design__instance__utilization__stdcell"", ""3_3_place_gp__globalplace__gpl__area__final"", ""3_3_place_gp__globalplace__gpl__area__original"", ""3_3_place_gp__globalplace__design__instance__count"", ""3_3_place_gp__globalplace__design__instance__count__stdcell"", ""3_3_place_gp__globalplace__design__nets"", ""3_3_place_gp__globalplace__gpl__area__final__percent"", ""3_3_place_gp__globalplace__gpl__area__timing_delta"", ""3_3_place_gp__globalplace__gpl__area__timing_delta__percent"", ""3_3_place_gp__globalplace__gpl__convergence__iteration"", ""3_3_place_gp__globalplace__gpl__routability__congestion"", ""3_3_place_gp__globalplace__gpl__routability__iteration"", ""3_3_place_gp__globalplace__power__switching__total"", ""3_3_place_gp__globalplace__power__total"", ""3_3_place_gp__globalplace__route__wirelength__estimated"", ""3_3_place_gp__globalplace__timing__fmax"", ""3_3_place_gp__globalplace__timing__fmax__clock:core_clock"", ""3_3_place_gp__globalplace__timing__hold__ws"", ""3_3_place_gp__globalplace__timing__setup__ws"", ""3_4_place_resized__placeopt__design__instance__area"", ""3_4_place_resized__placeopt__design__instance__area__stdcell"", ""3_4_place_resized__placeopt__design__instance__count"", ""3_4_place_resized__placeopt__design__instance__count__stdcell"", ""3_4_place_resized__placeopt__design__instance__utilization"", ""3_4_place_resized__placeopt__design__instance__utilization__stdcell"", ""3_4_place_resized__placeopt__design__nets"", ""3_4_place_resized__placeopt__power__internal__total"", ""3_4_place_resized__placeopt__power__leakage__total"", ""3_4_place_resized__placeopt__power__switching__total"", ""3_4_place_resized__placeopt__power__total"", ""3_4_place_resized__placeopt__timing__drv__max_cap_limit"", ""3_4_place_resized__placeopt__timing__drv__max_slew_limit"", ""3_4_place_resized__placeopt__timing__drv__setup_violation_count"", ""3_4_place_resized__placeopt__timing__fmax"", ""3_4_place_resized__placeopt__timing__fmax__clock:core_clock"", ""3_4_place_resized__placeopt__timing__hold__ws"", ""3_4_place_resized__placeopt__timing__setup__tns"", ""3_4_place_resized__placeopt__timing__setup__ws"", ""3_5_place_dp__detailedplace__design__instance__area"", ""3_5_place_dp__detailedplace__design__instance__area__stdcell"", ""3_5_place_dp__detailedplace__design__instance__count"", ""3_5_place_dp__detailedplace__design__instance__count__stdcell"", ""3_5_place_dp__detailedplace__design__instance__displacement__max"", ""3_5_place_dp__detailedplace__design__instance__displacement__mean"", ""3_5_place_dp__detailedplace__design__instance__displacement__total"", ""3_5_place_dp__detailedplace__design__instance__utilization"", ""3_5_place_dp__detailedplace__design__instance__utilization__stdcell"", ""3_5_place_dp__detailedplace__design__nets"", ""3_5_place_dp__detailedplace__dpl__hpwl__delta"", ""3_5_place_dp__detailedplace__dpl__hpwl__delta__percent"", ""3_5_place_dp__detailedplace__negotiation__converge__phase_1__iteration"", ""3_5_place_dp__detailedplace__power__internal__total""]",58,-0.07672385948385196
placement,power,59,3_5_place_dp__detailedplace__power__leakage__total,0.9815339036534693,0.005655341332345318,0.0002915196483367284,0.0003695305940984445,"[""3_3_place_gp__globalplace__power__internal__total"", ""3_3_place_gp__globalplace__timing__setup__tns"", ""3_3_place_gp__globalplace__design__instance__area"", ""3_3_place_gp__globalplace__power__leakage__total"", ""3_3_place_gp__globalplace__design__instance__area__stdcell"", ""3_3_place_gp__globalplace__design__instance__utilization"", ""3_3_place_gp__globalplace__design__instance__utilization__stdcell"", ""3_3_place_gp__globalplace__gpl__area__final"", ""3_3_place_gp__globalplace__gpl__area__original"", ""3_3_place_gp__globalplace__design__instance__count"", ""3_3_place_gp__globalplace__design__instance__count__stdcell"", ""3_3_place_gp__globalplace__design__nets"", ""3_3_place_gp__globalplace__gpl__area__final__percent"", ""3_3_place_gp__globalplace__gpl__area__timing_delta"", ""3_3_place_gp__globalplace__gpl__area__timing_delta__percent"", ""3_3_place_gp__globalplace__gpl__convergence__iteration"", ""3_3_place_gp__globalplace__gpl__routability__congestion"", ""3_3_place_gp__globalplace__gpl__routability__iteration"", ""3_3_place_gp__globalplace__power__switching__total"", ""3_3_place_gp__globalplace__power__total"", ""3_3_place_gp__globalplace__route__wirelength__estimated"", ""3_3_place_gp__globalplace__timing__fmax"", ""3_3_place_gp__globalplace__timing__fmax__clock:core_clock"", ""3_3_place_gp__globalplace__timing__hold__ws"", ""3_3_place_gp__globalplace__timing__setup__ws"", ""3_4_place_resized__placeopt__design__instance__area"", ""3_4_place_resized__placeopt__design__instance__area__stdcell"", ""3_4_place_resized__placeopt__design__instance__count"", ""3_4_place_resized__placeopt__design__instance__count__stdcell"", ""3_4_place_resized__placeopt__design__instance__utilization"", ""3_4_place_resized__placeopt__design__instance__utilization__stdcell"", ""3_4_place_resized__placeopt__design__nets"", ""3_4_place_resized__placeopt__power__internal__total"", ""3_4_place_resized__placeopt__power__leakage__total"", ""3_4_place_resized__placeopt__power__switching__total"", ""3_4_place_resized__placeopt__power__total"", ""3_4_place_resized__placeopt__timing__drv__max_cap_limit"", ""3_4_place_resized__placeopt__timing__drv__max_slew_limit"", ""3_4_place_resized__placeopt__timing__drv__setup_violation_count"", ""3_4_place_resized__placeopt__timing__fmax"", ""3_4_place_resized__placeopt__timing__fmax__clock:core_clock"", ""3_4_place_resized__placeopt__timing__hold__ws"", ""3_4_place_resized__placeopt__timing__setup__tns"", ""3_4_place_resized__placeopt__timing__setup__ws"", ""3_5_place_dp__detailedplace__design__instance__area"", ""3_5_place_dp__detailedplace__design__instance__area__stdcell"", ""3_5_place_dp__detailedplace__design__instance__count"", ""3_5_place_dp__detailedplace__design__instance__count__stdcell"", ""3_5_place_dp__detailedplace__design__instance__displacement__max"", ""3_5_place_dp__detailedplace__design__instance__displacement__mean"", ""3_5_place_dp__detailedplace__design__instance__displacement__total"", ""3_5_place_dp__detailedplace__design__instance__utilization"", ""3_5_place_dp__detailedplace__design__instance__utilization__stdcell"", ""3_5_place_dp__detailedplace__design__nets"", ""3_5_place_dp__detailedplace__dpl__hpwl__delta"", ""3_5_place_dp__detailedplace__dpl__hpwl__delta__percent"", ""3_5_place_dp__detailedplace__negotiation__converge__phase_1__iteration"", ""3_5_place_dp__detailedplace__power__internal__total"", ""3_5_place_dp__detailedplace__power__leakage__total""]",59,-0.07672385948385196
placement,power,60,3_5_place_dp__detailedplace__power__switching__total,0.9845907108929852,0.0036350240599138943,0.0002551776577100753,0.000340127296441691,"[""3_3_place_gp__globalplace__power__internal__total"", ""3_3_place_gp__globalplace__timing__setup__tns"", ""3_3_place_gp__globalplace__design__instance__area"", ""3_3_place_gp__globalplace__power__leakage__total"", ""3_3_place_gp__globalplace__design__instance__area__stdcell"", ""3_3_place_gp__globalplace__design__instance__utilization"", ""3_3_place_gp__globalplace__design__instance__utilization__stdcell"", ""3_3_place_gp__globalplace__gpl__area__final"", ""3_3_place_gp__globalplace__gpl__area__original"", ""3_3_place_gp__globalplace__design__instance__count"", ""3_3_place_gp__globalplace__design__instance__count__stdcell"", ""3_3_place_gp__globalplace__design__nets"", ""3_3_place_gp__globalplace__gpl__area__final__percent"", ""3_3_place_gp__globalplace__gpl__area__timing_delta"", ""3_3_place_gp__globalplace__gpl__area__timing_delta__percent"", ""3_3_place_gp__globalplace__gpl__convergence__iteration"", ""3_3_place_gp__globalplace__gpl__routability__congestion"", ""3_3_place_gp__globalplace__gpl__routability__iteration"", ""3_3_place_gp__globalplace__power__switching__total"", ""3_3_place_gp__globalplace__power__total"", ""3_3_place_gp__globalplace__route__wirelength__estimated"", ""3_3_place_gp__globalplace__timing__fmax"", ""3_3_place_gp__globalplace__timing__fmax__clock:core_clock"", ""3_3_place_gp__globalplace__timing__hold__ws"", ""3_3_place_gp__globalplace__timing__setup__ws"", ""3_4_place_resized__placeopt__design__instance__area"", ""3_4_place_resized__placeopt__design__instance__area__stdcell"", ""3_4_place_resized__placeopt__design__instance__count"", ""3_4_place_resized__placeopt__design__instance__count__stdcell"", ""3_4_place_resized__placeopt__design__instance__utilization"", ""3_4_place_resized__placeopt__design__instance__utilization__stdcell"", ""3_4_place_resized__placeopt__design__nets"", ""3_4_place_resized__placeopt__power__internal__total"", ""3_4_place_resized__placeopt__power__leakage__total"", ""3_4_place_resized__placeopt__power__switching__total"", ""3_4_place_resized__placeopt__power__total"", ""3_4_place_resized__placeopt__timing__drv__max_cap_limit"", ""3_4_place_resized__placeopt__timing__drv__max_slew_limit"", ""3_4_place_resized__placeopt__timing__drv__setup_violation_count"", ""3_4_place_resized__placeopt__timing__fmax"", ""3_4_place_resized__placeopt__timing__fmax__clock:core_clock"", ""3_4_place_resized__placeopt__timing__hold__ws"", ""3_4_place_resized__placeopt__timing__setup__tns"", ""3_4_place_resized__placeopt__timing__setup__ws"", ""3_5_place_dp__detailedplace__design__instance__area"", ""3_5_place_dp__detailedplace__design__instance__area__stdcell"", ""3_5_place_dp__detailedplace__design__instance__count"", ""3_5_place_dp__detailedplace__design__instance__count__stdcell"", ""3_5_place_dp__detailedplace__design__instance__displacement__max"", ""3_5_place_dp__detailedplace__design__instance__displacement__mean"", ""3_5_place_dp__detailedplace__design__instance__displacement__total"", ""3_5_place_dp__detailedplace__design__instance__utilization"", ""3_5_place_dp__detailedplace__design__instance__utilization__stdcell"", ""3_5_place_dp__detailedplace__design__nets"", ""3_5_place_dp__detailedplace__dpl__hpwl__delta"", ""3_5_place_dp__detailedplace__dpl__hpwl__delta__percent"", ""3_5_place_dp__detailedplace__negotiation__converge__phase_1__iteration"", ""3_5_place_dp__detailedplace__power__internal__total"", ""3_5_place_dp__detailedplace__power__leakage__total"", ""3_5_place_dp__detailedplace__power__switching__total""]",60,-0.07672385948385196
placement,power,61,3_5_place_dp__detailedplace__power__total,0.981651223323813,0.0057464945231475075,0.0002891646297341187,0.00036799124575318193,"[""3_3_place_gp__globalplace__power__internal__total"", ""3_3_place_gp__globalplace__timing__setup__tns"", ""3_3_place_gp__globalplace__design__instance__area"", ""3_3_place_gp__globalplace__power__leakage__total"", ""3_3_place_gp__globalplace__design__instance__area__stdcell"", ""3_3_place_gp__globalplace__design__instance__utilization"", ""3_3_place_gp__globalplace__design__instance__utilization__stdcell"", ""3_3_place_gp__globalplace__gpl__area__final"", ""3_3_place_gp__globalplace__gpl__area__original"", ""3_3_place_gp__globalplace__design__instance__count"", ""3_3_place_gp__globalplace__design__instance__count__stdcell"", ""3_3_place_gp__globalplace__design__nets"", ""3_3_place_gp__globalplace__gpl__area__final__percent"", ""3_3_place_gp__globalplace__gpl__area__timing_delta"", ""3_3_place_gp__globalplace__gpl__area__timing_delta__percent"", ""3_3_place_gp__globalplace__gpl__convergence__iteration"", ""3_3_place_gp__globalplace__gpl__routability__congestion"", ""3_3_place_gp__globalplace__gpl__routability__iteration"", ""3_3_place_gp__globalplace__power__switching__total"", ""3_3_place_gp__globalplace__power__total"", ""3_3_place_gp__globalplace__route__wirelength__estimated"", ""3_3_place_gp__globalplace__timing__fmax"", ""3_3_place_gp__globalplace__timing__fmax__clock:core_clock"", ""3_3_place_gp__globalplace__timing__hold__ws"", ""3_3_place_gp__globalplace__timing__setup__ws"", ""3_4_place_resized__placeopt__design__instance__area"", ""3_4_place_resized__placeopt__design__instance__area__stdcell"", ""3_4_place_resized__placeopt__design__instance__count"", ""3_4_place_resized__placeopt__design__instance__count__stdcell"", ""3_4_place_resized__placeopt__design__instance__utilization"", ""3_4_place_resized__placeopt__design__instance__utilization__stdcell"", ""3_4_place_resized__placeopt__design__nets"", ""3_4_place_resized__placeopt__power__internal__total"", ""3_4_place_resized__placeopt__power__leakage__total"", ""3_4_place_resized__placeopt__power__switching__total"", ""3_4_place_resized__placeopt__power__total"", ""3_4_place_resized__placeopt__timing__drv__max_cap_limit"", ""3_4_place_resized__placeopt__timing__drv__max_slew_limit"", ""3_4_place_resized__placeopt__timing__drv__setup_violation_count"", ""3_4_place_resized__placeopt__timing__fmax"", ""3_4_place_resized__placeopt__timing__fmax__clock:core_clock"", ""3_4_place_resized__placeopt__timing__hold__ws"", ""3_4_place_resized__placeopt__timing__setup__tns"", ""3_4_place_resized__placeopt__timing__setup__ws"", ""3_5_place_dp__detailedplace__design__instance__area"", ""3_5_place_dp__detailedplace__design__instance__area__stdcell"", ""3_5_place_dp__detailedplace__design__instance__count"", ""3_5_place_dp__detailedplace__design__instance__count__stdcell"", ""3_5_place_dp__detailedplace__design__instance__displacement__max"", ""3_5_place_dp__detailedplace__design__instance__displacement__mean"", ""3_5_place_dp__detailedplace__design__instance__displacement__total"", ""3_5_place_dp__detailedplace__design__instance__utilization"", ""3_5_place_dp__detailedplace__design__instance__utilization__stdcell"", ""3_5_place_dp__detailedplace__design__nets"", ""3_5_place_dp__detailedplace__dpl__hpwl__delta"", ""3_5_place_dp__detailedplace__dpl__hpwl__delta__percent"", ""3_5_place_dp__detailedplace__negotiation__converge__phase_1__iteration"", ""3_5_place_dp__detailedplace__power__internal__total"", ""3_5_place_dp__detailedplace__power__leakage__total"", ""3_5_place_dp__detailedplace__power__switching__total"", ""3_5_place_dp__detailedplace__power__total""]",61,-0.07672385948385196
placement,power,62,3_5_place_dp__detailedplace__route__wirelength__estimated,0.9845907108929852,0.0036350240599138943,0.0002551776577100753,0.000340127296441691,"[""3_3_place_gp__globalplace__power__internal__total"", ""3_3_place_gp__globalplace__timing__setup__tns"", ""3_3_place_gp__globalplace__design__instance__area"", ""3_3_place_gp__globalplace__power__leakage__total"", ""3_3_place_gp__globalplace__design__instance__area__stdcell"", ""3_3_place_gp__globalplace__design__instance__utilization"", ""3_3_place_gp__globalplace__design__instance__utilization__stdcell"", ""3_3_place_gp__globalplace__gpl__area__final"", ""3_3_place_gp__globalplace__gpl__area__original"", ""3_3_place_gp__globalplace__design__instance__count"", ""3_3_place_gp__globalplace__design__instance__count__stdcell"", ""3_3_place_gp__globalplace__design__nets"", ""3_3_place_gp__globalplace__gpl__area__final__percent"", ""3_3_place_gp__globalplace__gpl__area__timing_delta"", ""3_3_place_gp__globalplace__gpl__area__timing_delta__percent"", ""3_3_place_gp__globalplace__gpl__convergence__iteration"", ""3_3_place_gp__globalplace__gpl__routability__congestion"", ""3_3_place_gp__globalplace__gpl__routability__iteration"", ""3_3_place_gp__globalplace__power__switching__total"", ""3_3_place_gp__globalplace__power__total"", ""3_3_place_gp__globalplace__route__wirelength__estimated"", ""3_3_place_gp__globalplace__timing__fmax"", ""3_3_place_gp__globalplace__timing__fmax__clock:core_clock"", ""3_3_place_gp__globalplace__timing__hold__ws"", ""3_3_place_gp__globalplace__timing__setup__ws"", ""3_4_place_resized__placeopt__design__instance__area"", ""3_4_place_resized__placeopt__design__instance__area__stdcell"", ""3_4_place_resized__placeopt__design__instance__count"", ""3_4_place_resized__placeopt__design__instance__count__stdcell"", ""3_4_place_resized__placeopt__design__instance__utilization"", ""3_4_place_resized__placeopt__design__instance__utilization__stdcell"", ""3_4_place_resized__placeopt__design__nets"", ""3_4_place_resized__placeopt__power__internal__total"", ""3_4_place_resized__placeopt__power__leakage__total"", ""3_4_place_resized__placeopt__power__switching__total"", ""3_4_place_resized__placeopt__power__total"", ""3_4_place_resized__placeopt__timing__drv__max_cap_limit"", ""3_4_place_resized__placeopt__timing__drv__max_slew_limit"", ""3_4_place_resized__placeopt__timing__drv__setup_violation_count"", ""3_4_place_resized__placeopt__timing__fmax"", ""3_4_place_resized__placeopt__timing__fmax__clock:core_clock"", ""3_4_place_resized__placeopt__timing__hold__ws"", ""3_4_place_resized__placeopt__timing__setup__tns"", ""3_4_place_resized__placeopt__timing__setup__ws"", ""3_5_place_dp__detailedplace__design__instance__area"", ""3_5_place_dp__detailedplace__design__instance__area__stdcell"", ""3_5_place_dp__detailedplace__design__instance__count"", ""3_5_place_dp__detailedplace__design__instance__count__stdcell"", ""3_5_place_dp__detailedplace__design__instance__displacement__max"", ""3_5_place_dp__detailedplace__design__instance__displacement__mean"", ""3_5_place_dp__detailedplace__design__instance__displacement__total"", ""3_5_place_dp__detailedplace__design__instance__utilization"", ""3_5_place_dp__detailedplace__design__instance__utilization__stdcell"", ""3_5_place_dp__detailedplace__design__nets"", ""3_5_place_dp__detailedplace__dpl__hpwl__delta"", ""3_5_place_dp__detailedplace__dpl__hpwl__delta__percent"", ""3_5_place_dp__detailedplace__negotiation__converge__phase_1__iteration"", ""3_5_place_dp__detailedplace__power__internal__total"", ""3_5_place_dp__detailedplace__power__leakage__total"", ""3_5_place_dp__detailedplace__power__switching__total"", ""3_5_place_dp__detailedplace__power__total"", ""3_5_place_dp__detailedplace__route__wirelength__estimated""]",62,-0.07672385948385196
placement,power,63,3_5_place_dp__detailedplace__timing__drv__max_cap_limit,0.9832264129650491,0.00493046429036215,0.00026676965905384213,0.00035305837954576245,"[""3_3_place_gp__globalplace__power__internal__total"", ""3_3_place_gp__globalplace__timing__setup__tns"", ""3_3_place_gp__globalplace__design__instance__area"", ""3_3_place_gp__globalplace__power__leakage__total"", ""3_3_place_gp__globalplace__design__instance__area__stdcell"", ""3_3_place_gp__globalplace__design__instance__utilization"", ""3_3_place_gp__globalplace__design__instance__utilization__stdcell"", ""3_3_place_gp__globalplace__gpl__area__final"", ""3_3_place_gp__globalplace__gpl__area__original"", ""3_3_place_gp__globalplace__design__instance__count"", ""3_3_place_gp__globalplace__design__instance__count__stdcell"", ""3_3_place_gp__globalplace__design__nets"", ""3_3_place_gp__globalplace__gpl__area__final__percent"", ""3_3_place_gp__globalplace__gpl__area__timing_delta"", ""3_3_place_gp__globalplace__gpl__area__timing_delta__percent"", ""3_3_place_gp__globalplace__gpl__convergence__iteration"", ""3_3_place_gp__globalplace__gpl__routability__congestion"", ""3_3_place_gp__globalplace__gpl__routability__iteration"", ""3_3_place_gp__globalplace__power__switching__total"", ""3_3_place_gp__globalplace__power__total"", ""3_3_place_gp__globalplace__route__wirelength__estimated"", ""3_3_place_gp__globalplace__timing__fmax"", ""3_3_place_gp__globalplace__timing__fmax__clock:core_clock"", ""3_3_place_gp__globalplace__timing__hold__ws"", ""3_3_place_gp__globalplace__timing__setup__ws"", ""3_4_place_resized__placeopt__design__instance__area"", ""3_4_place_resized__placeopt__design__instance__area__stdcell"", ""3_4_place_resized__placeopt__design__instance__count"", ""3_4_place_resized__placeopt__design__instance__count__stdcell"", ""3_4_place_resized__placeopt__design__instance__utilization"", ""3_4_place_resized__placeopt__design__instance__utilization__stdcell"", ""3_4_place_resized__placeopt__design__nets"", ""3_4_place_resized__placeopt__power__internal__total"", ""3_4_place_resized__placeopt__power__leakage__total"", ""3_4_place_resized__placeopt__power__switching__total"", ""3_4_place_resized__placeopt__power__total"", ""3_4_place_resized__placeopt__timing__drv__max_cap_limit"", ""3_4_place_resized__placeopt__timing__drv__max_slew_limit"", ""3_4_place_resized__placeopt__timing__drv__setup_violation_count"", ""3_4_place_resized__placeopt__timing__fmax"", ""3_4_place_resized__placeopt__timing__fmax__clock:core_clock"", ""3_4_place_resized__placeopt__timing__hold__ws"", ""3_4_place_resized__placeopt__timing__setup__tns"", ""3_4_place_resized__placeopt__timing__setup__ws"", ""3_5_place_dp__detailedplace__design__instance__area"", ""3_5_place_dp__detailedplace__design__instance__area__stdcell"", ""3_5_place_dp__detailedplace__design__instance__count"", ""3_5_place_dp__detailedplace__design__instance__count__stdcell"", ""3_5_place_dp__detailedplace__design__instance__displacement__max"", ""3_5_place_dp__detailedplace__design__instance__displacement__mean"", ""3_5_place_dp__detailedplace__design__instance__displacement__total"", ""3_5_place_dp__detailedplace__design__instance__utilization"", ""3_5_place_dp__detailedplace__design__instance__utilization__stdcell"", ""3_5_place_dp__detailedplace__design__nets"", ""3_5_place_dp__detailedplace__dpl__hpwl__delta"", ""3_5_place_dp__detailedplace__dpl__hpwl__delta__percent"", ""3_5_place_dp__detailedplace__negotiation__converge__phase_1__iteration"", ""3_5_place_dp__detailedplace__power__internal__total"", ""3_5_place_dp__detailedplace__power__leakage__total"", ""3_5_place_dp__detailedplace__power__switching__total"", ""3_5_place_dp__detailedplace__power__total"", ""3_5_place_dp__detailedplace__route__wirelength__estimated"", ""3_5_place_dp__detailedplace__timing__drv__max_cap_limit""]",63,-0.07672385948385196
placement,power,64,3_5_place_dp__detailedplace__timing__drv__max_slew_limit,0.9847590455386029,0.003871872404577855,0.0002563080802593231,0.00033760098155929285,"[""3_3_place_gp__globalplace__power__internal__total"", ""3_3_place_gp__globalplace__timing__setup__tns"", ""3_3_place_gp__globalplace__design__instance__area"", ""3_3_place_gp__globalplace__power__leakage__total"", ""3_3_place_gp__globalplace__design__instance__area__stdcell"", ""3_3_place_gp__globalplace__design__instance__utilization"", ""3_3_place_gp__globalplace__design__instance__utilization__stdcell"", ""3_3_place_gp__globalplace__gpl__area__final"", ""3_3_place_gp__globalplace__gpl__area__original"", ""3_3_place_gp__globalplace__design__instance__count"", ""3_3_place_gp__globalplace__design__instance__count__stdcell"", ""3_3_place_gp__globalplace__design__nets"", ""3_3_place_gp__globalplace__gpl__area__final__percent"", ""3_3_place_gp__globalplace__gpl__area__timing_delta"", ""3_3_place_gp__globalplace__gpl__area__timing_delta__percent"", ""3_3_place_gp__globalplace__gpl__convergence__iteration"", ""3_3_place_gp__globalplace__gpl__routability__congestion"", ""3_3_place_gp__globalplace__gpl__routability__iteration"", ""3_3_place_gp__globalplace__power__switching__total"", ""3_3_place_gp__globalplace__power__total"", ""3_3_place_gp__globalplace__route__wirelength__estimated"", ""3_3_place_gp__globalplace__timing__fmax"", ""3_3_place_gp__globalplace__timing__fmax__clock:core_clock"", ""3_3_place_gp__globalplace__timing__hold__ws"", ""3_3_place_gp__globalplace__timing__setup__ws"", ""3_4_place_resized__placeopt__design__instance__area"", ""3_4_place_resized__placeopt__design__instance__area__stdcell"", ""3_4_place_resized__placeopt__design__instance__count"", ""3_4_place_resized__placeopt__design__instance__count__stdcell"", ""3_4_place_resized__placeopt__design__instance__utilization"", ""3_4_place_resized__placeopt__design__instance__utilization__stdcell"", ""3_4_place_resized__placeopt__design__nets"", ""3_4_place_resized__placeopt__power__internal__total"", ""3_4_place_resized__placeopt__power__leakage__total"", ""3_4_place_resized__placeopt__power__switching__total"", ""3_4_place_resized__placeopt__power__total"", ""3_4_place_resized__placeopt__timing__drv__max_cap_limit"", ""3_4_place_resized__placeopt__timing__drv__max_slew_limit"", ""3_4_place_resized__placeopt__timing__drv__setup_violation_count"", ""3_4_place_resized__placeopt__timing__fmax"", ""3_4_place_resized__placeopt__timing__fmax__clock:core_clock"", ""3_4_place_resized__placeopt__timing__hold__ws"", ""3_4_place_resized__placeopt__timing__setup__tns"", ""3_4_place_resized__placeopt__timing__setup__ws"", ""3_5_place_dp__detailedplace__design__instance__area"", ""3_5_place_dp__detailedplace__design__instance__area__stdcell"", ""3_5_place_dp__detailedplace__design__instance__count"", ""3_5_place_dp__detailedplace__design__instance__count__stdcell"", ""3_5_place_dp__detailedplace__design__instance__displacement__max"", ""3_5_place_dp__detailedplace__design__instance__displacement__mean"", ""3_5_place_dp__detailedplace__design__instance__displacement__total"", ""3_5_place_dp__detailedplace__design__instance__utilization"", ""3_5_place_dp__detailedplace__design__instance__utilization__stdcell"", ""3_5_place_dp__detailedplace__design__nets"", ""3_5_place_dp__detailedplace__dpl__hpwl__delta"", ""3_5_place_dp__detailedplace__dpl__hpwl__delta__percent"", ""3_5_place_dp__detailedplace__negotiation__converge__phase_1__iteration"", ""3_5_place_dp__detailedplace__power__internal__total"", ""3_5_place_dp__detailedplace__power__leakage__total"", ""3_5_place_dp__detailedplace__power__switching__total"", ""3_5_place_dp__detailedplace__power__total"", ""3_5_place_dp__detailedplace__route__wirelength__estimated"", ""3_5_place_dp__detailedplace__timing__drv__max_cap_limit"", ""3_5_place_dp__detailedplace__timing__drv__max_slew_limit""]",64,-0.07672385948385196
placement,power,65,3_5_place_dp__detailedplace__timing__drv__setup_violation_count,0.982879043825136,0.00392657074876737,0.0002717403759872515,0.00035876262502365836,"[""3_3_place_gp__globalplace__power__internal__total"", ""3_3_place_gp__globalplace__timing__setup__tns"", ""3_3_place_gp__globalplace__design__instance__area"", ""3_3_place_gp__globalplace__power__leakage__total"", ""3_3_place_gp__globalplace__design__instance__area__stdcell"", ""3_3_place_gp__globalplace__design__instance__utilization"", ""3_3_place_gp__globalplace__design__instance__utilization__stdcell"", ""3_3_place_gp__globalplace__gpl__area__final"", ""3_3_place_gp__globalplace__gpl__area__original"", ""3_3_place_gp__globalplace__design__instance__count"", ""3_3_place_gp__globalplace__design__instance__count__stdcell"", ""3_3_place_gp__globalplace__design__nets"", ""3_3_place_gp__globalplace__gpl__area__final__percent"", ""3_3_place_gp__globalplace__gpl__area__timing_delta"", ""3_3_place_gp__globalplace__gpl__area__timing_delta__percent"", ""3_3_place_gp__globalplace__gpl__convergence__iteration"", ""3_3_place_gp__globalplace__gpl__routability__congestion"", ""3_3_place_gp__globalplace__gpl__routability__iteration"", ""3_3_place_gp__globalplace__power__switching__total"", ""3_3_place_gp__globalplace__power__total"", ""3_3_place_gp__globalplace__route__wirelength__estimated"", ""3_3_place_gp__globalplace__timing__fmax"", ""3_3_place_gp__globalplace__timing__fmax__clock:core_clock"", ""3_3_place_gp__globalplace__timing__hold__ws"", ""3_3_place_gp__globalplace__timing__setup__ws"", ""3_4_place_resized__placeopt__design__instance__area"", ""3_4_place_resized__placeopt__design__instance__area__stdcell"", ""3_4_place_resized__placeopt__design__instance__count"", ""3_4_place_resized__placeopt__design__instance__count__stdcell"", ""3_4_place_resized__placeopt__design__instance__utilization"", ""3_4_place_resized__placeopt__design__instance__utilization__stdcell"", ""3_4_place_resized__placeopt__design__nets"", ""3_4_place_resized__placeopt__power__internal__total"", ""3_4_place_resized__placeopt__power__leakage__total"", ""3_4_place_resized__placeopt__power__switching__total"", ""3_4_place_resized__placeopt__power__total"", ""3_4_place_resized__placeopt__timing__drv__max_cap_limit"", ""3_4_place_resized__placeopt__timing__drv__max_slew_limit"", ""3_4_place_resized__placeopt__timing__drv__setup_violation_count"", ""3_4_place_resized__placeopt__timing__fmax"", ""3_4_place_resized__placeopt__timing__fmax__clock:core_clock"", ""3_4_place_resized__placeopt__timing__hold__ws"", ""3_4_place_resized__placeopt__timing__setup__tns"", ""3_4_place_resized__placeopt__timing__setup__ws"", ""3_5_place_dp__detailedplace__design__instance__area"", ""3_5_place_dp__detailedplace__design__instance__area__stdcell"", ""3_5_place_dp__detailedplace__design__instance__count"", ""3_5_place_dp__detailedplace__design__instance__count__stdcell"", ""3_5_place_dp__detailedplace__design__instance__displacement__max"", ""3_5_place_dp__detailedplace__design__instance__displacement__mean"", ""3_5_place_dp__detailedplace__design__instance__displacement__total"", ""3_5_place_dp__detailedplace__design__instance__utilization"", ""3_5_place_dp__detailedplace__design__instance__utilization__stdcell"", ""3_5_place_dp__detailedplace__design__nets"", ""3_5_place_dp__detailedplace__dpl__hpwl__delta"", ""3_5_place_dp__detailedplace__dpl__hpwl__delta__percent"", ""3_5_place_dp__detailedplace__negotiation__converge__phase_1__iteration"", ""3_5_place_dp__detailedplace__power__internal__total"", ""3_5_place_dp__detailedplace__power__leakage__total"", ""3_5_place_dp__detailedplace__power__switching__total"", ""3_5_place_dp__detailedplace__power__total"", ""3_5_place_dp__detailedplace__route__wirelength__estimated"", ""3_5_place_dp__detailedplace__timing__drv__max_cap_limit"", ""3_5_place_dp__detailedplace__timing__drv__max_slew_limit"", ""3_5_place_dp__detailedplace__timing__drv__setup_violation_count""]",65,-0.07672385948385196
placement,power,66,3_5_place_dp__detailedplace__timing__fmax,0.9814380500025838,0.006371605386315626,0.0003018247636689345,0.0003690478966687123,"[""3_3_place_gp__globalplace__power__internal__total"", ""3_3_place_gp__globalplace__timing__setup__tns"", ""3_3_place_gp__globalplace__design__instance__area"", ""3_3_place_gp__globalplace__power__leakage__total"", ""3_3_place_gp__globalplace__design__instance__area__stdcell"", ""3_3_place_gp__globalplace__design__instance__utilization"", ""3_3_place_gp__globalplace__design__instance__utilization__stdcell"", ""3_3_place_gp__globalplace__gpl__area__final"", ""3_3_place_gp__globalplace__gpl__area__original"", ""3_3_place_gp__globalplace__design__instance__count"", ""3_3_place_gp__globalplace__design__instance__count__stdcell"", ""3_3_place_gp__globalplace__design__nets"", ""3_3_place_gp__globalplace__gpl__area__final__percent"", ""3_3_place_gp__globalplace__gpl__area__timing_delta"", ""3_3_place_gp__globalplace__gpl__area__timing_delta__percent"", ""3_3_place_gp__globalplace__gpl__convergence__iteration"", ""3_3_place_gp__globalplace__gpl__routability__congestion"", ""3_3_place_gp__globalplace__gpl__routability__iteration"", ""3_3_place_gp__globalplace__power__switching__total"", ""3_3_place_gp__globalplace__power__total"", ""3_3_place_gp__globalplace__route__wirelength__estimated"", ""3_3_place_gp__globalplace__timing__fmax"", ""3_3_place_gp__globalplace__timing__fmax__clock:core_clock"", ""3_3_place_gp__globalplace__timing__hold__ws"", ""3_3_place_gp__globalplace__timing__setup__ws"", ""3_4_place_resized__placeopt__design__instance__area"", ""3_4_place_resized__placeopt__design__instance__area__stdcell"", ""3_4_place_resized__placeopt__design__instance__count"", ""3_4_place_resized__placeopt__design__instance__count__stdcell"", ""3_4_place_resized__placeopt__design__instance__utilization"", ""3_4_place_resized__placeopt__design__instance__utilization__stdcell"", ""3_4_place_resized__placeopt__design__nets"", ""3_4_place_resized__placeopt__power__internal__total"", ""3_4_place_resized__placeopt__power__leakage__total"", ""3_4_place_resized__placeopt__power__switching__total"", ""3_4_place_resized__placeopt__power__total"", ""3_4_place_resized__placeopt__timing__drv__max_cap_limit"", ""3_4_place_resized__placeopt__timing__drv__max_slew_limit"", ""3_4_place_resized__placeopt__timing__drv__setup_violation_count"", ""3_4_place_resized__placeopt__timing__fmax"", ""3_4_place_resized__placeopt__timing__fmax__clock:core_clock"", ""3_4_place_resized__placeopt__timing__hold__ws"", ""3_4_place_resized__placeopt__timing__setup__tns"", ""3_4_place_resized__placeopt__timing__setup__ws"", ""3_5_place_dp__detailedplace__design__instance__area"", ""3_5_place_dp__detailedplace__design__instance__area__stdcell"", ""3_5_place_dp__detailedplace__design__instance__count"", ""3_5_place_dp__detailedplace__design__instance__count__stdcell"", ""3_5_place_dp__detailedplace__design__instance__displacement__max"", ""3_5_place_dp__detailedplace__design__instance__displacement__mean"", ""3_5_place_dp__detailedplace__design__instance__displacement__total"", ""3_5_place_dp__detailedplace__design__instance__utilization"", ""3_5_place_dp__detailedplace__design__instance__utilization__stdcell"", ""3_5_place_dp__detailedplace__design__nets"", ""3_5_place_dp__detailedplace__dpl__hpwl__delta"", ""3_5_place_dp__detailedplace__dpl__hpwl__delta__percent"", ""3_5_place_dp__detailedplace__negotiation__converge__phase_1__iteration"", ""3_5_place_dp__detailedplace__power__internal__total"", ""3_5_place_dp__detailedplace__power__leakage__total"", ""3_5_place_dp__detailedplace__power__switching__total"", ""3_5_place_dp__detailedplace__power__total"", ""3_5_place_dp__detailedplace__route__wirelength__estimated"", ""3_5_place_dp__detailedplace__timing__drv__max_cap_limit"", ""3_5_place_dp__detailedplace__timing__drv__max_slew_limit"", ""3_5_place_dp__detailedplace__timing__drv__setup_violation_count"", ""3_5_place_dp__detailedplace__timing__fmax""]",66,-0.07672385948385196
placement,power,67,3_5_place_dp__detailedplace__timing__fmax__clock:core_clock,0.982879043825136,0.00392657074876737,0.0002717403759872515,0.00035876262502365836,"[""3_3_place_gp__globalplace__power__internal__total"", ""3_3_place_gp__globalplace__timing__setup__tns"", ""3_3_place_gp__globalplace__design__instance__area"", ""3_3_place_gp__globalplace__power__leakage__total"", ""3_3_place_gp__globalplace__design__instance__area__stdcell"", ""3_3_place_gp__globalplace__design__instance__utilization"", ""3_3_place_gp__globalplace__design__instance__utilization__stdcell"", ""3_3_place_gp__globalplace__gpl__area__final"", ""3_3_place_gp__globalplace__gpl__area__original"", ""3_3_place_gp__globalplace__design__instance__count"", ""3_3_place_gp__globalplace__design__instance__count__stdcell"", ""3_3_place_gp__globalplace__design__nets"", ""3_3_place_gp__globalplace__gpl__area__final__percent"", ""3_3_place_gp__globalplace__gpl__area__timing_delta"", ""3_3_place_gp__globalplace__gpl__area__timing_delta__percent"", ""3_3_place_gp__globalplace__gpl__convergence__iteration"", ""3_3_place_gp__globalplace__gpl__routability__congestion"", ""3_3_place_gp__globalplace__gpl__routability__iteration"", ""3_3_place_gp__globalplace__power__switching__total"", ""3_3_place_gp__globalplace__power__total"", ""3_3_place_gp__globalplace__route__wirelength__estimated"", ""3_3_place_gp__globalplace__timing__fmax"", ""3_3_place_gp__globalplace__timing__fmax__clock:core_clock"", ""3_3_place_gp__globalplace__timing__hold__ws"", ""3_3_place_gp__globalplace__timing__setup__ws"", ""3_4_place_resized__placeopt__design__instance__area"", ""3_4_place_resized__placeopt__design__instance__area__stdcell"", ""3_4_place_resized__placeopt__design__instance__count"", ""3_4_place_resized__placeopt__design__instance__count__stdcell"", ""3_4_place_resized__placeopt__design__instance__utilization"", ""3_4_place_resized__placeopt__design__instance__utilization__stdcell"", ""3_4_place_resized__placeopt__design__nets"", ""3_4_place_resized__placeopt__power__internal__total"", ""3_4_place_resized__placeopt__power__leakage__total"", ""3_4_place_resized__placeopt__power__switching__total"", ""3_4_place_resized__placeopt__power__total"", ""3_4_place_resized__placeopt__timing__drv__max_cap_limit"", ""3_4_place_resized__placeopt__timing__drv__max_slew_limit"", ""3_4_place_resized__placeopt__timing__drv__setup_violation_count"", ""3_4_place_resized__placeopt__timing__fmax"", ""3_4_place_resized__placeopt__timing__fmax__clock:core_clock"", ""3_4_place_resized__placeopt__timing__hold__ws"", ""3_4_place_resized__placeopt__timing__setup__tns"", ""3_4_place_resized__placeopt__timing__setup__ws"", ""3_5_place_dp__detailedplace__design__instance__area"", ""3_5_place_dp__detailedplace__design__instance__area__stdcell"", ""3_5_place_dp__detailedplace__design__instance__count"", ""3_5_place_dp__detailedplace__design__instance__count__stdcell"", ""3_5_place_dp__detailedplace__design__instance__displacement__max"", ""3_5_place_dp__detailedplace__design__instance__displacement__mean"", ""3_5_place_dp__detailedplace__design__instance__displacement__total"", ""3_5_place_dp__detailedplace__design__instance__utilization"", ""3_5_place_dp__detailedplace__design__instance__utilization__stdcell"", ""3_5_place_dp__detailedplace__design__nets"", ""3_5_place_dp__detailedplace__dpl__hpwl__delta"", ""3_5_place_dp__detailedplace__dpl__hpwl__delta__percent"", ""3_5_place_dp__detailedplace__negotiation__converge__phase_1__iteration"", ""3_5_place_dp__detailedplace__power__internal__total"", ""3_5_place_dp__detailedplace__power__leakage__total"", ""3_5_place_dp__detailedplace__power__switching__total"", ""3_5_place_dp__detailedplace__power__total"", ""3_5_place_dp__detailedplace__route__wirelength__estimated"", ""3_5_place_dp__detailedplace__timing__drv__max_cap_limit"", ""3_5_place_dp__detailedplace__timing__drv__max_slew_limit"", ""3_5_place_dp__detailedplace__timing__drv__setup_violation_count"", ""3_5_place_dp__detailedplace__timing__fmax"", ""3_5_place_dp__detailedplace__timing__fmax__clock:core_clock""]",67,-0.07672385948385196
placement,power,68,3_5_place_dp__detailedplace__timing__hold__ws,0.9798540180227193,0.007154691952898985,0.00030218605600949123,0.0003828381795815631,"[""3_3_place_gp__globalplace__power__internal__total"", ""3_3_place_gp__globalplace__timing__setup__tns"", ""3_3_place_gp__globalplace__design__instance__area"", ""3_3_place_gp__globalplace__power__leakage__total"", ""3_3_place_gp__globalplace__design__instance__area__stdcell"", ""3_3_place_gp__globalplace__design__instance__utilization"", ""3_3_place_gp__globalplace__design__instance__utilization__stdcell"", ""3_3_place_gp__globalplace__gpl__area__final"", ""3_3_place_gp__globalplace__gpl__area__original"", ""3_3_place_gp__globalplace__design__instance__count"", ""3_3_place_gp__globalplace__design__instance__count__stdcell"", ""3_3_place_gp__globalplace__design__nets"", ""3_3_place_gp__globalplace__gpl__area__final__percent"", ""3_3_place_gp__globalplace__gpl__area__timing_delta"", ""3_3_place_gp__globalplace__gpl__area__timing_delta__percent"", ""3_3_place_gp__globalplace__gpl__convergence__iteration"", ""3_3_place_gp__globalplace__gpl__routability__congestion"", ""3_3_place_gp__globalplace__gpl__routability__iteration"", ""3_3_place_gp__globalplace__power__switching__total"", ""3_3_place_gp__globalplace__power__total"", ""3_3_place_gp__globalplace__route__wirelength__estimated"", ""3_3_place_gp__globalplace__timing__fmax"", ""3_3_place_gp__globalplace__timing__fmax__clock:core_clock"", ""3_3_place_gp__globalplace__timing__hold__ws"", ""3_3_place_gp__globalplace__timing__setup__ws"", ""3_4_place_resized__placeopt__design__instance__area"", ""3_4_place_resized__placeopt__design__instance__area__stdcell"", ""3_4_place_resized__placeopt__design__instance__count"", ""3_4_place_resized__placeopt__design__instance__count__stdcell"", ""3_4_place_resized__placeopt__design__instance__utilization"", ""3_4_place_resized__placeopt__design__instance__utilization__stdcell"", ""3_4_place_resized__placeopt__design__nets"", ""3_4_place_resized__placeopt__power__internal__total"", ""3_4_place_resized__placeopt__power__leakage__total"", ""3_4_place_resized__placeopt__power__switching__total"", ""3_4_place_resized__placeopt__power__total"", ""3_4_place_resized__placeopt__timing__drv__max_cap_limit"", ""3_4_place_resized__placeopt__timing__drv__max_slew_limit"", ""3_4_place_resized__placeopt__timing__drv__setup_violation_count"", ""3_4_place_resized__placeopt__timing__fmax"", ""3_4_place_resized__placeopt__timing__fmax__clock:core_clock"", ""3_4_place_resized__placeopt__timing__hold__ws"", ""3_4_place_resized__placeopt__timing__setup__tns"", ""3_4_place_resized__placeopt__timing__setup__ws"", ""3_5_place_dp__detailedplace__design__instance__area"", ""3_5_place_dp__detailedplace__design__instance__area__stdcell"", ""3_5_place_dp__detailedplace__design__instance__count"", ""3_5_place_dp__detailedplace__design__instance__count__stdcell"", ""3_5_place_dp__detailedplace__design__instance__displacement__max"", ""3_5_place_dp__detailedplace__design__instance__displacement__mean"", ""3_5_place_dp__detailedplace__design__instance__displacement__total"", ""3_5_place_dp__detailedplace__design__instance__utilization"", ""3_5_place_dp__detailedplace__design__instance__utilization__stdcell"", ""3_5_place_dp__detailedplace__design__nets"", ""3_5_place_dp__detailedplace__dpl__hpwl__delta"", ""3_5_place_dp__detailedplace__dpl__hpwl__delta__percent"", ""3_5_place_dp__detailedplace__negotiation__converge__phase_1__iteration"", ""3_5_place_dp__detailedplace__power__internal__total"", ""3_5_place_dp__detailedplace__power__leakage__total"", ""3_5_place_dp__detailedplace__power__switching__total"", ""3_5_place_dp__detailedplace__power__total"", ""3_5_place_dp__detailedplace__route__wirelength__estimated"", ""3_5_place_dp__detailedplace__timing__drv__max_cap_limit"", ""3_5_place_dp__detailedplace__timing__drv__max_slew_limit"", ""3_5_place_dp__detailedplace__timing__drv__setup_violation_count"", ""3_5_place_dp__detailedplace__timing__fmax"", ""3_5_place_dp__detailedplace__timing__fmax__clock:core_clock"", ""3_5_place_dp__detailedplace__timing__hold__ws""]",68,-0.07672385948385196
placement,power,69,3_5_place_dp__detailedplace__timing__setup__tns,0.981611540798836,0.005313531231734546,0.0002879617477490107,0.00036952100283874095,"[""3_3_place_gp__globalplace__power__internal__total"", ""3_3_place_gp__globalplace__timing__setup__tns"", ""3_3_place_gp__globalplace__design__instance__area"", ""3_3_place_gp__globalplace__power__leakage__total"", ""3_3_place_gp__globalplace__design__instance__area__stdcell"", ""3_3_place_gp__globalplace__design__instance__utilization"", ""3_3_place_gp__globalplace__design__instance__utilization__stdcell"", ""3_3_place_gp__globalplace__gpl__area__final"", ""3_3_place_gp__globalplace__gpl__area__original"", ""3_3_place_gp__globalplace__design__instance__count"", ""3_3_place_gp__globalplace__design__instance__count__stdcell"", ""3_3_place_gp__globalplace__design__nets"", ""3_3_place_gp__globalplace__gpl__area__final__percent"", ""3_3_place_gp__globalplace__gpl__area__timing_delta"", ""3_3_place_gp__globalplace__gpl__area__timing_delta__percent"", ""3_3_place_gp__globalplace__gpl__convergence__iteration"", ""3_3_place_gp__globalplace__gpl__routability__congestion"", ""3_3_place_gp__globalplace__gpl__routability__iteration"", ""3_3_place_gp__globalplace__power__switching__total"", ""3_3_place_gp__globalplace__power__total"", ""3_3_place_gp__globalplace__route__wirelength__estimated"", ""3_3_place_gp__globalplace__timing__fmax"", ""3_3_place_gp__globalplace__timing__fmax__clock:core_clock"", ""3_3_place_gp__globalplace__timing__hold__ws"", ""3_3_place_gp__globalplace__timing__setup__ws"", ""3_4_place_resized__placeopt__design__instance__area"", ""3_4_place_resized__placeopt__design__instance__area__stdcell"", ""3_4_place_resized__placeopt__design__instance__count"", ""3_4_place_resized__placeopt__design__instance__count__stdcell"", ""3_4_place_resized__placeopt__design__instance__utilization"", ""3_4_place_resized__placeopt__design__instance__utilization__stdcell"", ""3_4_place_resized__placeopt__design__nets"", ""3_4_place_resized__placeopt__power__internal__total"", ""3_4_place_resized__placeopt__power__leakage__total"", ""3_4_place_resized__placeopt__power__switching__total"", ""3_4_place_resized__placeopt__power__total"", ""3_4_place_resized__placeopt__timing__drv__max_cap_limit"", ""3_4_place_resized__placeopt__timing__drv__max_slew_limit"", ""3_4_place_resized__placeopt__timing__drv__setup_violation_count"", ""3_4_place_resized__placeopt__timing__fmax"", ""3_4_place_resized__placeopt__timing__fmax__clock:core_clock"", ""3_4_place_resized__placeopt__timing__hold__ws"", ""3_4_place_resized__placeopt__timing__setup__tns"", ""3_4_place_resized__placeopt__timing__setup__ws"", ""3_5_place_dp__detailedplace__design__instance__area"", ""3_5_place_dp__detailedplace__design__instance__area__stdcell"", ""3_5_place_dp__detailedplace__design__instance__count"", ""3_5_place_dp__detailedplace__design__instance__count__stdcell"", ""3_5_place_dp__detailedplace__design__instance__displacement__max"", ""3_5_place_dp__detailedplace__design__instance__displacement__mean"", ""3_5_place_dp__detailedplace__design__instance__displacement__total"", ""3_5_place_dp__detailedplace__design__instance__utilization"", ""3_5_place_dp__detailedplace__design__instance__utilization__stdcell"", ""3_5_place_dp__detailedplace__design__nets"", ""3_5_place_dp__detailedplace__dpl__hpwl__delta"", ""3_5_place_dp__detailedplace__dpl__hpwl__delta__percent"", ""3_5_place_dp__detailedplace__negotiation__converge__phase_1__iteration"", ""3_5_place_dp__detailedplace__power__internal__total"", ""3_5_place_dp__detailedplace__power__leakage__total"", ""3_5_place_dp__detailedplace__power__switching__total"", ""3_5_place_dp__detailedplace__power__total"", ""3_5_place_dp__detailedplace__route__wirelength__estimated"", ""3_5_place_dp__detailedplace__timing__drv__max_cap_limit"", ""3_5_place_dp__detailedplace__timing__drv__max_slew_limit"", ""3_5_place_dp__detailedplace__timing__drv__setup_violation_count"", ""3_5_place_dp__detailedplace__timing__fmax"", ""3_5_place_dp__detailedplace__timing__fmax__clock:core_clock"", ""3_5_place_dp__detailedplace__timing__hold__ws"", ""3_5_place_dp__detailedplace__timing__setup__tns""]",69,-0.07672385948385196
placement,power,70,3_5_place_dp__detailedplace__timing__setup__ws,0.9794108238746667,0.00746684794733536,0.0003101549176191885,0.00038654316449640097,"[""3_3_place_gp__globalplace__power__internal__total"", ""3_3_place_gp__globalplace__timing__setup__tns"", ""3_3_place_gp__globalplace__design__instance__area"", ""3_3_place_gp__globalplace__power__leakage__total"", ""3_3_place_gp__globalplace__design__instance__area__stdcell"", ""3_3_place_gp__globalplace__design__instance__utilization"", ""3_3_place_gp__globalplace__design__instance__utilization__stdcell"", ""3_3_place_gp__globalplace__gpl__area__final"", ""3_3_place_gp__globalplace__gpl__area__original"", ""3_3_place_gp__globalplace__design__instance__count"", ""3_3_place_gp__globalplace__design__instance__count__stdcell"", ""3_3_place_gp__globalplace__design__nets"", ""3_3_place_gp__globalplace__gpl__area__final__percent"", ""3_3_place_gp__globalplace__gpl__area__timing_delta"", ""3_3_place_gp__globalplace__gpl__area__timing_delta__percent"", ""3_3_place_gp__globalplace__gpl__convergence__iteration"", ""3_3_place_gp__globalplace__gpl__routability__congestion"", ""3_3_place_gp__globalplace__gpl__routability__iteration"", ""3_3_place_gp__globalplace__power__switching__total"", ""3_3_place_gp__globalplace__power__total"", ""3_3_place_gp__globalplace__route__wirelength__estimated"", ""3_3_place_gp__globalplace__timing__fmax"", ""3_3_place_gp__globalplace__timing__fmax__clock:core_clock"", ""3_3_place_gp__globalplace__timing__hold__ws"", ""3_3_place_gp__globalplace__timing__setup__ws"", ""3_4_place_resized__placeopt__design__instance__area"", ""3_4_place_resized__placeopt__design__instance__area__stdcell"", ""3_4_place_resized__placeopt__design__instance__count"", ""3_4_place_resized__placeopt__design__instance__count__stdcell"", ""3_4_place_resized__placeopt__design__instance__utilization"", ""3_4_place_resized__placeopt__design__instance__utilization__stdcell"", ""3_4_place_resized__placeopt__design__nets"", ""3_4_place_resized__placeopt__power__internal__total"", ""3_4_place_resized__placeopt__power__leakage__total"", ""3_4_place_resized__placeopt__power__switching__total"", ""3_4_place_resized__placeopt__power__total"", ""3_4_place_resized__placeopt__timing__drv__max_cap_limit"", ""3_4_place_resized__placeopt__timing__drv__max_slew_limit"", ""3_4_place_resized__placeopt__timing__drv__setup_violation_count"", ""3_4_place_resized__placeopt__timing__fmax"", ""3_4_place_resized__placeopt__timing__fmax__clock:core_clock"", ""3_4_place_resized__placeopt__timing__hold__ws"", ""3_4_place_resized__placeopt__timing__setup__tns"", ""3_4_place_resized__placeopt__timing__setup__ws"", ""3_5_place_dp__detailedplace__design__instance__area"", ""3_5_place_dp__detailedplace__design__instance__area__stdcell"", ""3_5_place_dp__detailedplace__design__instance__count"", ""3_5_place_dp__detailedplace__design__instance__count__stdcell"", ""3_5_place_dp__detailedplace__design__instance__displacement__max"", ""3_5_place_dp__detailedplace__design__instance__displacement__mean"", ""3_5_place_dp__detailedplace__design__instance__displacement__total"", ""3_5_place_dp__detailedplace__design__instance__utilization"", ""3_5_place_dp__detailedplace__design__instance__utilization__stdcell"", ""3_5_place_dp__detailedplace__design__nets"", ""3_5_place_dp__detailedplace__dpl__hpwl__delta"", ""3_5_place_dp__detailedplace__dpl__hpwl__delta__percent"", ""3_5_place_dp__detailedplace__negotiation__converge__phase_1__iteration"", ""3_5_place_dp__detailedplace__power__internal__total"", ""3_5_place_dp__detailedplace__power__leakage__total"", ""3_5_place_dp__detailedplace__power__switching__total"", ""3_5_place_dp__detailedplace__power__total"", ""3_5_place_dp__detailedplace__route__wirelength__estimated"", ""3_5_place_dp__detailedplace__timing__drv__max_cap_limit"", ""3_5_place_dp__detailedplace__timing__drv__max_slew_limit"", ""3_5_place_dp__detailedplace__timing__drv__setup_violation_count"", ""3_5_place_dp__detailedplace__timing__fmax"", ""3_5_place_dp__detailedplace__timing__fmax__clock:core_clock"", ""3_5_place_dp__detailedplace__timing__hold__ws"", ""3_5_place_dp__detailedplace__timing__setup__tns"", ""3_5_place_dp__detailedplace__timing__setup__ws""]",70,-0.07672385948385196
placement,power,71,3_5_place_dp__detailedplace__utilization__before__dpl,0.9794775127831183,0.006484067550376709,0.0003046435666614373,0.00038871642607462756,"[""3_3_place_gp__globalplace__power__internal__total"", ""3_3_place_gp__globalplace__timing__setup__tns"", ""3_3_place_gp__globalplace__design__instance__area"", ""3_3_place_gp__globalplace__power__leakage__total"", ""3_3_place_gp__globalplace__design__instance__area__stdcell"", ""3_3_place_gp__globalplace__design__instance__utilization"", ""3_3_place_gp__globalplace__design__instance__utilization__stdcell"", ""3_3_place_gp__globalplace__gpl__area__final"", ""3_3_place_gp__globalplace__gpl__area__original"", ""3_3_place_gp__globalplace__design__instance__count"", ""3_3_place_gp__globalplace__design__instance__count__stdcell"", ""3_3_place_gp__globalplace__design__nets"", ""3_3_place_gp__globalplace__gpl__area__final__percent"", ""3_3_place_gp__globalplace__gpl__area__timing_delta"", ""3_3_place_gp__globalplace__gpl__area__timing_delta__percent"", ""3_3_place_gp__globalplace__gpl__convergence__iteration"", ""3_3_place_gp__globalplace__gpl__routability__congestion"", ""3_3_place_gp__globalplace__gpl__routability__iteration"", ""3_3_place_gp__globalplace__power__switching__total"", ""3_3_place_gp__globalplace__power__total"", ""3_3_place_gp__globalplace__route__wirelength__estimated"", ""3_3_place_gp__globalplace__timing__fmax"", ""3_3_place_gp__globalplace__timing__fmax__clock:core_clock"", ""3_3_place_gp__globalplace__timing__hold__ws"", ""3_3_place_gp__globalplace__timing__setup__ws"", ""3_4_place_resized__placeopt__design__instance__area"", ""3_4_place_resized__placeopt__design__instance__area__stdcell"", ""3_4_place_resized__placeopt__design__instance__count"", ""3_4_place_resized__placeopt__design__instance__count__stdcell"", ""3_4_place_resized__placeopt__design__instance__utilization"", ""3_4_place_resized__placeopt__design__instance__utilization__stdcell"", ""3_4_place_resized__placeopt__design__nets"", ""3_4_place_resized__placeopt__power__internal__total"", ""3_4_place_resized__placeopt__power__leakage__total"", ""3_4_place_resized__placeopt__power__switching__total"", ""3_4_place_resized__placeopt__power__total"", ""3_4_place_resized__placeopt__timing__drv__max_cap_limit"", ""3_4_place_resized__placeopt__timing__drv__max_slew_limit"", ""3_4_place_resized__placeopt__timing__drv__setup_violation_count"", ""3_4_place_resized__placeopt__timing__fmax"", ""3_4_place_resized__placeopt__timing__fmax__clock:core_clock"", ""3_4_place_resized__placeopt__timing__hold__ws"", ""3_4_place_resized__placeopt__timing__setup__tns"", ""3_4_place_resized__placeopt__timing__setup__ws"", ""3_5_place_dp__detailedplace__design__instance__area"", ""3_5_place_dp__detailedplace__design__instance__area__stdcell"", ""3_5_place_dp__detailedplace__design__instance__count"", ""3_5_place_dp__detailedplace__design__instance__count__stdcell"", ""3_5_place_dp__detailedplace__design__instance__displacement__max"", ""3_5_place_dp__detailedplace__design__instance__displacement__mean"", ""3_5_place_dp__detailedplace__design__instance__displacement__total"", ""3_5_place_dp__detailedplace__design__instance__utilization"", ""3_5_place_dp__detailedplace__design__instance__utilization__stdcell"", ""3_5_place_dp__detailedplace__design__nets"", ""3_5_place_dp__detailedplace__dpl__hpwl__delta"", ""3_5_place_dp__detailedplace__dpl__hpwl__delta__percent"", ""3_5_place_dp__detailedplace__negotiation__converge__phase_1__iteration"", ""3_5_place_dp__detailedplace__power__internal__total"", ""3_5_place_dp__detailedplace__power__leakage__total"", ""3_5_place_dp__detailedplace__power__switching__total"", ""3_5_place_dp__detailedplace__power__total"", ""3_5_place_dp__detailedplace__route__wirelength__estimated"", ""3_5_place_dp__detailedplace__timing__drv__max_cap_limit"", ""3_5_place_dp__detailedplace__timing__drv__max_slew_limit"", ""3_5_place_dp__detailedplace__timing__drv__setup_violation_count"", ""3_5_place_dp__detailedplace__timing__fmax"", ""3_5_place_dp__detailedplace__timing__fmax__clock:core_clock"", ""3_5_place_dp__detailedplace__timing__hold__ws"", ""3_5_place_dp__detailedplace__timing__setup__tns"", ""3_5_place_dp__detailedplace__timing__setup__ws"", ""3_5_place_dp__detailedplace__utilization__before__dpl""]",71,-0.07672385948385196
placement,power,72,param:CLK_PERIOD,0.9794108238746667,0.00746684794733536,0.0003101549176191885,0.00038654316449640097,"[""3_3_place_gp__globalplace__power__internal__total"", ""3_3_place_gp__globalplace__timing__setup__tns"", ""3_3_place_gp__globalplace__design__instance__area"", ""3_3_place_gp__globalplace__power__leakage__total"", ""3_3_place_gp__globalplace__design__instance__area__stdcell"", ""3_3_place_gp__globalplace__design__instance__utilization"", ""3_3_place_gp__globalplace__design__instance__utilization__stdcell"", ""3_3_place_gp__globalplace__gpl__area__final"", ""3_3_place_gp__globalplace__gpl__area__original"", ""3_3_place_gp__globalplace__design__instance__count"", ""3_3_place_gp__globalplace__design__instance__count__stdcell"", ""3_3_place_gp__globalplace__design__nets"", ""3_3_place_gp__globalplace__gpl__area__final__percent"", ""3_3_place_gp__globalplace__gpl__area__timing_delta"", ""3_3_place_gp__globalplace__gpl__area__timing_delta__percent"", ""3_3_place_gp__globalplace__gpl__convergence__iteration"", ""3_3_place_gp__globalplace__gpl__routability__congestion"", ""3_3_place_gp__globalplace__gpl__routability__iteration"", ""3_3_place_gp__globalplace__power__switching__total"", ""3_3_place_gp__globalplace__power__total"", ""3_3_place_gp__globalplace__route__wirelength__estimated"", ""3_3_place_gp__globalplace__timing__fmax"", ""3_3_place_gp__globalplace__timing__fmax__clock:core_clock"", ""3_3_place_gp__globalplace__timing__hold__ws"", ""3_3_place_gp__globalplace__timing__setup__ws"", ""3_4_place_resized__placeopt__design__instance__area"", ""3_4_place_resized__placeopt__design__instance__area__stdcell"", ""3_4_place_resized__placeopt__design__instance__count"", ""3_4_place_resized__placeopt__design__instance__count__stdcell"", ""3_4_place_resized__placeopt__design__instance__utilization"", ""3_4_place_resized__placeopt__design__instance__utilization__stdcell"", ""3_4_place_resized__placeopt__design__nets"", ""3_4_place_resized__placeopt__power__internal__total"", ""3_4_place_resized__placeopt__power__leakage__total"", ""3_4_place_resized__placeopt__power__switching__total"", ""3_4_place_resized__placeopt__power__total"", ""3_4_place_resized__placeopt__timing__drv__max_cap_limit"", ""3_4_place_resized__placeopt__timing__drv__max_slew_limit"", ""3_4_place_resized__placeopt__timing__drv__setup_violation_count"", ""3_4_place_resized__placeopt__timing__fmax"", ""3_4_place_resized__placeopt__timing__fmax__clock:core_clock"", ""3_4_place_resized__placeopt__timing__hold__ws"", ""3_4_place_resized__placeopt__timing__setup__tns"", ""3_4_place_resized__placeopt__timing__setup__ws"", ""3_5_place_dp__detailedplace__design__instance__area"", ""3_5_place_dp__detailedplace__design__instance__area__stdcell"", ""3_5_place_dp__detailedplace__design__instance__count"", ""3_5_place_dp__detailedplace__design__instance__count__stdcell"", ""3_5_place_dp__detailedplace__design__instance__displacement__max"", ""3_5_place_dp__detailedplace__design__instance__displacement__mean"", ""3_5_place_dp__detailedplace__design__instance__displacement__total"", ""3_5_place_dp__detailedplace__design__instance__utilization"", ""3_5_place_dp__detailedplace__design__instance__utilization__stdcell"", ""3_5_place_dp__detailedplace__design__nets"", ""3_5_place_dp__detailedplace__dpl__hpwl__delta"", ""3_5_place_dp__detailedplace__dpl__hpwl__delta__percent"", ""3_5_place_dp__detailedplace__negotiation__converge__phase_1__iteration"", ""3_5_place_dp__detailedplace__power__internal__total"", ""3_5_place_dp__detailedplace__power__leakage__total"", ""3_5_place_dp__detailedplace__power__switching__total"", ""3_5_place_dp__detailedplace__power__total"", ""3_5_place_dp__detailedplace__route__wirelength__estimated"", ""3_5_place_dp__detailedplace__timing__drv__max_cap_limit"", ""3_5_place_dp__detailedplace__timing__drv__max_slew_limit"", ""3_5_place_dp__detailedplace__timing__drv__setup_violation_count"", ""3_5_place_dp__detailedplace__timing__fmax"", ""3_5_place_dp__detailedplace__timing__fmax__clock:core_clock"", ""3_5_place_dp__detailedplace__timing__hold__ws"", ""3_5_place_dp__detailedplace__timing__setup__tns"", ""3_5_place_dp__detailedplace__timing__setup__ws"", ""3_5_place_dp__detailedplace__utilization__before__dpl"", ""param:CLK_PERIOD""]",72,-0.07672385948385196
placement,power,73,param:CORE_UTILIZATION,0.978403215988425,0.00825276805638346,0.0003138952785515388,0.000395026318821112,"[""3_3_place_gp__globalplace__power__internal__total"", ""3_3_place_gp__globalplace__timing__setup__tns"", ""3_3_place_gp__globalplace__design__instance__area"", ""3_3_place_gp__globalplace__power__leakage__total"", ""3_3_place_gp__globalplace__design__instance__area__stdcell"", ""3_3_place_gp__globalplace__design__instance__utilization"", ""3_3_place_gp__globalplace__design__instance__utilization__stdcell"", ""3_3_place_gp__globalplace__gpl__area__final"", ""3_3_place_gp__globalplace__gpl__area__original"", ""3_3_place_gp__globalplace__design__instance__count"", ""3_3_place_gp__globalplace__design__instance__count__stdcell"", ""3_3_place_gp__globalplace__design__nets"", ""3_3_place_gp__globalplace__gpl__area__final__percent"", ""3_3_place_gp__globalplace__gpl__area__timing_delta"", ""3_3_place_gp__globalplace__gpl__area__timing_delta__percent"", ""3_3_place_gp__globalplace__gpl__convergence__iteration"", ""3_3_place_gp__globalplace__gpl__routability__congestion"", ""3_3_place_gp__globalplace__gpl__routability__iteration"", ""3_3_place_gp__globalplace__power__switching__total"", ""3_3_place_gp__globalplace__power__total"", ""3_3_place_gp__globalplace__route__wirelength__estimated"", ""3_3_place_gp__globalplace__timing__fmax"", ""3_3_place_gp__globalplace__timing__fmax__clock:core_clock"", ""3_3_place_gp__globalplace__timing__hold__ws"", ""3_3_place_gp__globalplace__timing__setup__ws"", ""3_4_place_resized__placeopt__design__instance__area"", ""3_4_place_resized__placeopt__design__instance__area__stdcell"", ""3_4_place_resized__placeopt__design__instance__count"", ""3_4_place_resized__placeopt__design__instance__count__stdcell"", ""3_4_place_resized__placeopt__design__instance__utilization"", ""3_4_place_resized__placeopt__design__instance__utilization__stdcell"", ""3_4_place_resized__placeopt__design__nets"", ""3_4_place_resized__placeopt__power__internal__total"", ""3_4_place_resized__placeopt__power__leakage__total"", ""3_4_place_resized__placeopt__power__switching__total"", ""3_4_place_resized__placeopt__power__total"", ""3_4_place_resized__placeopt__timing__drv__max_cap_limit"", ""3_4_place_resized__placeopt__timing__drv__max_slew_limit"", ""3_4_place_resized__placeopt__timing__drv__setup_violation_count"", ""3_4_place_resized__placeopt__timing__fmax"", ""3_4_place_resized__placeopt__timing__fmax__clock:core_clock"", ""3_4_place_resized__placeopt__timing__hold__ws"", ""3_4_place_resized__placeopt__timing__setup__tns"", ""3_4_place_resized__placeopt__timing__setup__ws"", ""3_5_place_dp__detailedplace__design__instance__area"", ""3_5_place_dp__detailedplace__design__instance__area__stdcell"", ""3_5_place_dp__detailedplace__design__instance__count"", ""3_5_place_dp__detailedplace__design__instance__count__stdcell"", ""3_5_place_dp__detailedplace__design__instance__displacement__max"", ""3_5_place_dp__detailedplace__design__instance__displacement__mean"", ""3_5_place_dp__detailedplace__design__instance__displacement__total"", ""3_5_place_dp__detailedplace__design__instance__utilization"", ""3_5_place_dp__detailedplace__design__instance__utilization__stdcell"", ""3_5_place_dp__detailedplace__design__nets"", ""3_5_place_dp__detailedplace__dpl__hpwl__delta"", ""3_5_place_dp__detailedplace__dpl__hpwl__delta__percent"", ""3_5_place_dp__detailedplace__negotiation__converge__phase_1__iteration"", ""3_5_place_dp__detailedplace__power__internal__total"", ""3_5_place_dp__detailedplace__power__leakage__total"", ""3_5_place_dp__detailedplace__power__switching__total"", ""3_5_place_dp__detailedplace__power__total"", ""3_5_place_dp__detailedplace__route__wirelength__estimated"", ""3_5_place_dp__detailedplace__timing__drv__max_cap_limit"", ""3_5_place_dp__detailedplace__timing__drv__max_slew_limit"", ""3_5_place_dp__detailedplace__timing__drv__setup_violation_count"", ""3_5_place_dp__detailedplace__timing__fmax"", ""3_5_place_dp__detailedplace__timing__fmax__clock:core_clock"", ""3_5_place_dp__detailedplace__timing__hold__ws"", ""3_5_place_dp__detailedplace__timing__setup__tns"", ""3_5_place_dp__detailedplace__timing__setup__ws"", ""3_5_place_dp__detailedplace__utilization__before__dpl"", ""param:CLK_PERIOD"", ""param:CORE_UTILIZATION""]",73,-0.07672385948385196
placement,power,74,param:CTS_CLUSTER_SIZE,0.9800463580639587,0.00643258732121361,0.0003131832992350657,0.00038301025070013907,"[""3_3_place_gp__globalplace__power__internal__total"", ""3_3_place_gp__globalplace__timing__setup__tns"", ""3_3_place_gp__globalplace__design__instance__area"", ""3_3_place_gp__globalplace__power__leakage__total"", ""3_3_place_gp__globalplace__design__instance__area__stdcell"", ""3_3_place_gp__globalplace__design__instance__utilization"", ""3_3_place_gp__globalplace__design__instance__utilization__stdcell"", ""3_3_place_gp__globalplace__gpl__area__final"", ""3_3_place_gp__globalplace__gpl__area__original"", ""3_3_place_gp__globalplace__design__instance__count"", ""3_3_place_gp__globalplace__design__instance__count__stdcell"", ""3_3_place_gp__globalplace__design__nets"", ""3_3_place_gp__globalplace__gpl__area__final__percent"", ""3_3_place_gp__globalplace__gpl__area__timing_delta"", ""3_3_place_gp__globalplace__gpl__area__timing_delta__percent"", ""3_3_place_gp__globalplace__gpl__convergence__iteration"", ""3_3_place_gp__globalplace__gpl__routability__congestion"", ""3_3_place_gp__globalplace__gpl__routability__iteration"", ""3_3_place_gp__globalplace__power__switching__total"", ""3_3_place_gp__globalplace__power__total"", ""3_3_place_gp__globalplace__route__wirelength__estimated"", ""3_3_place_gp__globalplace__timing__fmax"", ""3_3_place_gp__globalplace__timing__fmax__clock:core_clock"", ""3_3_place_gp__globalplace__timing__hold__ws"", ""3_3_place_gp__globalplace__timing__setup__ws"", ""3_4_place_resized__placeopt__design__instance__area"", ""3_4_place_resized__placeopt__design__instance__area__stdcell"", ""3_4_place_resized__placeopt__design__instance__count"", ""3_4_place_resized__placeopt__design__instance__count__stdcell"", ""3_4_place_resized__placeopt__design__instance__utilization"", ""3_4_place_resized__placeopt__design__instance__utilization__stdcell"", ""3_4_place_resized__placeopt__design__nets"", ""3_4_place_resized__placeopt__power__internal__total"", ""3_4_place_resized__placeopt__power__leakage__total"", ""3_4_place_resized__placeopt__power__switching__total"", ""3_4_place_resized__placeopt__power__total"", ""3_4_place_resized__placeopt__timing__drv__max_cap_limit"", ""3_4_place_resized__placeopt__timing__drv__max_slew_limit"", ""3_4_place_resized__placeopt__timing__drv__setup_violation_count"", ""3_4_place_resized__placeopt__timing__fmax"", ""3_4_place_resized__placeopt__timing__fmax__clock:core_clock"", ""3_4_place_resized__placeopt__timing__hold__ws"", ""3_4_place_resized__placeopt__timing__setup__tns"", ""3_4_place_resized__placeopt__timing__setup__ws"", ""3_5_place_dp__detailedplace__design__instance__area"", ""3_5_place_dp__detailedplace__design__instance__area__stdcell"", ""3_5_place_dp__detailedplace__design__instance__count"", ""3_5_place_dp__detailedplace__design__instance__count__stdcell"", ""3_5_place_dp__detailedplace__design__instance__displacement__max"", ""3_5_place_dp__detailedplace__design__instance__displacement__mean"", ""3_5_place_dp__detailedplace__design__instance__displacement__total"", ""3_5_place_dp__detailedplace__design__instance__utilization"", ""3_5_place_dp__detailedplace__design__instance__utilization__stdcell"", ""3_5_place_dp__detailedplace__design__nets"", ""3_5_place_dp__detailedplace__dpl__hpwl__delta"", ""3_5_place_dp__detailedplace__dpl__hpwl__delta__percent"", ""3_5_place_dp__detailedplace__negotiation__converge__phase_1__iteration"", ""3_5_place_dp__detailedplace__power__internal__total"", ""3_5_place_dp__detailedplace__power__leakage__total"", ""3_5_place_dp__detailedplace__power__switching__total"", ""3_5_place_dp__detailedplace__power__total"", ""3_5_place_dp__detailedplace__route__wirelength__estimated"", ""3_5_place_dp__detailedplace__timing__drv__max_cap_limit"", ""3_5_place_dp__detailedplace__timing__drv__max_slew_limit"", ""3_5_place_dp__detailedplace__timing__drv__setup_violation_count"", ""3_5_place_dp__detailedplace__timing__fmax"", ""3_5_place_dp__detailedplace__timing__fmax__clock:core_clock"", ""3_5_place_dp__detailedplace__timing__hold__ws"", ""3_5_place_dp__detailedplace__timing__setup__tns"", ""3_5_place_dp__detailedplace__timing__setup__ws"", ""3_5_place_dp__detailedplace__utilization__before__dpl"", ""param:CLK_PERIOD"", ""param:CORE_UTILIZATION"", ""param:CTS_CLUSTER_SIZE""]",74,-0.07672385948385196
placement,power,75,param:PLACE_DENSITY_LB_ADDON,0.978403215988425,0.00825276805638346,0.0003138952785515388,0.000395026318821112,"[""3_3_place_gp__globalplace__power__internal__total"", ""3_3_place_gp__globalplace__timing__setup__tns"", ""3_3_place_gp__globalplace__design__instance__area"", ""3_3_place_gp__globalplace__power__leakage__total"", ""3_3_place_gp__globalplace__design__instance__area__stdcell"", ""3_3_place_gp__globalplace__design__instance__utilization"", ""3_3_place_gp__globalplace__design__instance__utilization__stdcell"", ""3_3_place_gp__globalplace__gpl__area__final"", ""3_3_place_gp__globalplace__gpl__area__original"", ""3_3_place_gp__globalplace__design__instance__count"", ""3_3_place_gp__globalplace__design__instance__count__stdcell"", ""3_3_place_gp__globalplace__design__nets"", ""3_3_place_gp__globalplace__gpl__area__final__percent"", ""3_3_place_gp__globalplace__gpl__area__timing_delta"", ""3_3_place_gp__globalplace__gpl__area__timing_delta__percent"", ""3_3_place_gp__globalplace__gpl__convergence__iteration"", ""3_3_place_gp__globalplace__gpl__routability__congestion"", ""3_3_place_gp__globalplace__gpl__routability__iteration"", ""3_3_place_gp__globalplace__power__switching__total"", ""3_3_place_gp__globalplace__power__total"", ""3_3_place_gp__globalplace__route__wirelength__estimated"", ""3_3_place_gp__globalplace__timing__fmax"", ""3_3_place_gp__globalplace__timing__fmax__clock:core_clock"", ""3_3_place_gp__globalplace__timing__hold__ws"", ""3_3_place_gp__globalplace__timing__setup__ws"", ""3_4_place_resized__placeopt__design__instance__area"", ""3_4_place_resized__placeopt__design__instance__area__stdcell"", ""3_4_place_resized__placeopt__design__instance__count"", ""3_4_place_resized__placeopt__design__instance__count__stdcell"", ""3_4_place_resized__placeopt__design__instance__utilization"", ""3_4_place_resized__placeopt__design__instance__utilization__stdcell"", ""3_4_place_resized__placeopt__design__nets"", ""3_4_place_resized__placeopt__power__internal__total"", ""3_4_place_resized__placeopt__power__leakage__total"", ""3_4_place_resized__placeopt__power__switching__total"", ""3_4_place_resized__placeopt__power__total"", ""3_4_place_resized__placeopt__timing__drv__max_cap_limit"", ""3_4_place_resized__placeopt__timing__drv__max_slew_limit"", ""3_4_place_resized__placeopt__timing__drv__setup_violation_count"", ""3_4_place_resized__placeopt__timing__fmax"", ""3_4_place_resized__placeopt__timing__fmax__clock:core_clock"", ""3_4_place_resized__placeopt__timing__hold__ws"", ""3_4_place_resized__placeopt__timing__setup__tns"", ""3_4_place_resized__placeopt__timing__setup__ws"", ""3_5_place_dp__detailedplace__design__instance__area"", ""3_5_place_dp__detailedplace__design__instance__area__stdcell"", ""3_5_place_dp__detailedplace__design__instance__count"", ""3_5_place_dp__detailedplace__design__instance__count__stdcell"", ""3_5_place_dp__detailedplace__design__instance__displacement__max"", ""3_5_place_dp__detailedplace__design__instance__displacement__mean"", ""3_5_place_dp__detailedplace__design__instance__displacement__total"", ""3_5_place_dp__detailedplace__design__instance__utilization"", ""3_5_place_dp__detailedplace__design__instance__utilization__stdcell"", ""3_5_place_dp__detailedplace__design__nets"", ""3_5_place_dp__detailedplace__dpl__hpwl__delta"", ""3_5_place_dp__detailedplace__dpl__hpwl__delta__percent"", ""3_5_place_dp__detailedplace__negotiation__converge__phase_1__iteration"", ""3_5_place_dp__detailedplace__power__internal__total"", ""3_5_place_dp__detailedplace__power__leakage__total"", ""3_5_place_dp__detailedplace__power__switching__total"", ""3_5_place_dp__detailedplace__power__total"", ""3_5_place_dp__detailedplace__route__wirelength__estimated"", ""3_5_place_dp__detailedplace__timing__drv__max_cap_limit"", ""3_5_place_dp__detailedplace__timing__drv__max_slew_limit"", ""3_5_place_dp__detailedplace__timing__drv__setup_violation_count"", ""3_5_place_dp__detailedplace__timing__fmax"", ""3_5_place_dp__detailedplace__timing__fmax__clock:core_clock"", ""3_5_place_dp__detailedplace__timing__hold__ws"", ""3_5_place_dp__detailedplace__timing__setup__tns"", ""3_5_place_dp__detailedplace__timing__setup__ws"", ""3_5_place_dp__detailedplace__utilization__before__dpl"", ""param:CLK_PERIOD"", ""param:CORE_UTILIZATION"", ""param:CTS_CLUSTER_SIZE"", ""param:PLACE_DENSITY_LB_ADDON""]",75,-0.07672385948385196
