stage,target,iteration,feature_added,validation_R2,validation_R2_std,validation_MAE,validation_RMSE,selected_features,number_of_features,baseline_R2
routing,area,0,,-0.07145488996539662,0.020805719248858094,,,[],0,-0.07145488996539662
routing,area,1,5_2_route__detailedroute__route__wirelength__iter:1,0.9994372849178005,0.0004908758802653442,2.2029858723958413,2.7993698093500137,"[""5_2_route__detailedroute__route__wirelength__iter:1""]",1,-0.07145488996539662
routing,area,2,5_1_grt__globalroute__global_route__wirelength,0.9994749340582914,0.00021753864344210272,2.635976139322929,3.026980260156178,"[""5_2_route__detailedroute__route__wirelength__iter:1"", ""5_1_grt__globalroute__global_route__wirelength""]",2,-0.07145488996539662
routing,area,3,5_1_grt__globalroute__design__instance__displacement__max,0.9996219245328941,0.0002918122052266419,1.99922239583334,2.4182530503038113,"[""5_2_route__detailedroute__route__wirelength__iter:1"", ""5_1_grt__globalroute__global_route__wirelength"", ""5_1_grt__globalroute__design__instance__displacement__max""]",3,-0.07145488996539662
routing,area,4,5_2_route__detailedroute__route__drc_errors__iter:1,0.9994641987964193,0.00014013352492368194,2.3791581054687563,3.105608068573756,"[""5_2_route__detailedroute__route__wirelength__iter:1"", ""5_1_grt__globalroute__global_route__wirelength"", ""5_1_grt__globalroute__design__instance__displacement__max"", ""5_2_route__detailedroute__route__drc_errors__iter:1""]",4,-0.07145488996539662
routing,area,5,5_1_grt__globalroute__timing__drv__max_slew_limit,0.9997328194311818,0.00029601260220473265,1.3582598307291693,1.7805730140493639,"[""5_2_route__detailedroute__route__wirelength__iter:1"", ""5_1_grt__globalroute__global_route__wirelength"", ""5_1_grt__globalroute__design__instance__displacement__max"", ""5_2_route__detailedroute__route__drc_errors__iter:1"", ""5_1_grt__globalroute__timing__drv__max_slew_limit""]",5,-0.07145488996539662
routing,area,6,5_1_grt__globalroute__dpl__hpwl__delta,0.9997758336486928,0.00027166687150287355,1.1008988281250065,1.5911602308093873,"[""5_2_route__detailedroute__route__wirelength__iter:1"", ""5_1_grt__globalroute__global_route__wirelength"", ""5_1_grt__globalroute__design__instance__displacement__max"", ""5_2_route__detailedroute__route__drc_errors__iter:1"", ""5_1_grt__globalroute__timing__drv__max_slew_limit"", ""5_1_grt__globalroute__dpl__hpwl__delta""]",6,-0.07145488996539662
routing,area,7,5_1_grt__globalroute__design__instance__area,0.9997716418678726,0.00020022090071583393,1.4199242838541675,1.7645414443970964,"[""5_2_route__detailedroute__route__wirelength__iter:1"", ""5_1_grt__globalroute__global_route__wirelength"", ""5_1_grt__globalroute__design__instance__displacement__max"", ""5_2_route__detailedroute__route__drc_errors__iter:1"", ""5_1_grt__globalroute__timing__drv__max_slew_limit"", ""5_1_grt__globalroute__dpl__hpwl__delta"", ""5_1_grt__globalroute__design__instance__area""]",7,-0.07145488996539662
routing,area,8,5_1_grt__globalroute__design__instance__area__stdcell,0.9997085309998589,0.00028469758050906285,1.3577607421875049,2.0124129413756484,"[""5_2_route__detailedroute__route__wirelength__iter:1"", ""5_1_grt__globalroute__global_route__wirelength"", ""5_1_grt__globalroute__design__instance__displacement__max"", ""5_2_route__detailedroute__route__drc_errors__iter:1"", ""5_1_grt__globalroute__timing__drv__max_slew_limit"", ""5_1_grt__globalroute__dpl__hpwl__delta"", ""5_1_grt__globalroute__design__instance__area"", ""5_1_grt__globalroute__design__instance__area__stdcell""]",8,-0.07145488996539662
routing,area,9,param:CORE_UTILIZATION,0.9997676152727543,0.00026240450107672817,1.18971311848959,1.6943862267987306,"[""5_2_route__detailedroute__route__wirelength__iter:1"", ""5_1_grt__globalroute__global_route__wirelength"", ""5_1_grt__globalroute__design__instance__displacement__max"", ""5_2_route__detailedroute__route__drc_errors__iter:1"", ""5_1_grt__globalroute__timing__drv__max_slew_limit"", ""5_1_grt__globalroute__dpl__hpwl__delta"", ""5_1_grt__globalroute__design__instance__area"", ""5_1_grt__globalroute__design__instance__area__stdcell"", ""param:CORE_UTILIZATION""]",9,-0.07145488996539662
routing,area,10,5_2_route__detailedroute__route__vias,0.9997655351538972,0.00026366611632156037,1.1639150716145954,1.7050194368388396,"[""5_2_route__detailedroute__route__wirelength__iter:1"", ""5_1_grt__globalroute__global_route__wirelength"", ""5_1_grt__globalroute__design__instance__displacement__max"", ""5_2_route__detailedroute__route__drc_errors__iter:1"", ""5_1_grt__globalroute__timing__drv__max_slew_limit"", ""5_1_grt__globalroute__dpl__hpwl__delta"", ""5_1_grt__globalroute__design__instance__area"", ""5_1_grt__globalroute__design__instance__area__stdcell"", ""param:CORE_UTILIZATION"", ""5_2_route__detailedroute__route__vias""]",10,-0.07145488996539662
routing,area,11,5_1_grt__globalroute__global_route__fastroute__overflow_iterations_s,0.9997423127979016,0.0003239810435725278,1.1884213867187556,1.6008573562541477,"[""5_2_route__detailedroute__route__wirelength__iter:1"", ""5_1_grt__globalroute__global_route__wirelength"", ""5_1_grt__globalroute__design__instance__displacement__max"", ""5_2_route__detailedroute__route__drc_errors__iter:1"", ""5_1_grt__globalroute__timing__drv__max_slew_limit"", ""5_1_grt__globalroute__dpl__hpwl__delta"", ""5_1_grt__globalroute__design__instance__area"", ""5_1_grt__globalroute__design__instance__area__stdcell"", ""param:CORE_UTILIZATION"", ""5_2_route__detailedroute__route__vias"", ""5_1_grt__globalroute__global_route__fastroute__overflow_iterations_s""]",11,-0.07145488996539662
routing,area,12,5_1_grt__globalroute__global_route__fastroute__spiral_s,0.9997664167704764,0.0002770932094128292,1.18696735026042,1.6367621559731427,"[""5_2_route__detailedroute__route__wirelength__iter:1"", ""5_1_grt__globalroute__global_route__wirelength"", ""5_1_grt__globalroute__design__instance__displacement__max"", ""5_2_route__detailedroute__route__drc_errors__iter:1"", ""5_1_grt__globalroute__timing__drv__max_slew_limit"", ""5_1_grt__globalroute__dpl__hpwl__delta"", ""5_1_grt__globalroute__design__instance__area"", ""5_1_grt__globalroute__design__instance__area__stdcell"", ""param:CORE_UTILIZATION"", ""5_2_route__detailedroute__route__vias"", ""5_1_grt__globalroute__global_route__fastroute__overflow_iterations_s"", ""5_1_grt__globalroute__global_route__fastroute__spiral_s""]",12,-0.07145488996539662
routing,area,13,5_1_grt__globalroute__power__internal__total,0.9996935556783043,0.00029027384210772114,1.5289105143229333,2.069118868413295,"[""5_2_route__detailedroute__route__wirelength__iter:1"", ""5_1_grt__globalroute__global_route__wirelength"", ""5_1_grt__globalroute__design__instance__displacement__max"", ""5_2_route__detailedroute__route__drc_errors__iter:1"", ""5_1_grt__globalroute__timing__drv__max_slew_limit"", ""5_1_grt__globalroute__dpl__hpwl__delta"", ""5_1_grt__globalroute__design__instance__area"", ""5_1_grt__globalroute__design__instance__area__stdcell"", ""param:CORE_UTILIZATION"", ""5_2_route__detailedroute__route__vias"", ""5_1_grt__globalroute__global_route__fastroute__overflow_iterations_s"", ""5_1_grt__globalroute__global_route__fastroute__spiral_s"", ""5_1_grt__globalroute__power__internal__total""]",13,-0.07145488996539662
routing,area,14,5_1_grt__globalroute__timing__drv__max_cap_limit,0.9997606905694929,0.000298937659478443,1.20412363281251,1.6049053054325428,"[""5_2_route__detailedroute__route__wirelength__iter:1"", ""5_1_grt__globalroute__global_route__wirelength"", ""5_1_grt__globalroute__design__instance__displacement__max"", ""5_2_route__detailedroute__route__drc_errors__iter:1"", ""5_1_grt__globalroute__timing__drv__max_slew_limit"", ""5_1_grt__globalroute__dpl__hpwl__delta"", ""5_1_grt__globalroute__design__instance__area"", ""5_1_grt__globalroute__design__instance__area__stdcell"", ""param:CORE_UTILIZATION"", ""5_2_route__detailedroute__route__vias"", ""5_1_grt__globalroute__global_route__fastroute__overflow_iterations_s"", ""5_1_grt__globalroute__global_route__fastroute__spiral_s"", ""5_1_grt__globalroute__power__internal__total"", ""5_1_grt__globalroute__timing__drv__max_cap_limit""]",14,-0.07145488996539662
routing,area,15,5_1_grt__globalroute__timing__hold__ws,0.999473425775915,7.673559859922488e-05,1.9986359375000118,3.099182922424047,"[""5_2_route__detailedroute__route__wirelength__iter:1"", ""5_1_grt__globalroute__global_route__wirelength"", ""5_1_grt__globalroute__design__instance__displacement__max"", ""5_2_route__detailedroute__route__drc_errors__iter:1"", ""5_1_grt__globalroute__timing__drv__max_slew_limit"", ""5_1_grt__globalroute__dpl__hpwl__delta"", ""5_1_grt__globalroute__design__instance__area"", ""5_1_grt__globalroute__design__instance__area__stdcell"", ""param:CORE_UTILIZATION"", ""5_2_route__detailedroute__route__vias"", ""5_1_grt__globalroute__global_route__fastroute__overflow_iterations_s"", ""5_1_grt__globalroute__global_route__fastroute__spiral_s"", ""5_1_grt__globalroute__power__internal__total"", ""5_1_grt__globalroute__timing__drv__max_cap_limit"", ""5_1_grt__globalroute__timing__hold__ws""]",15,-0.07145488996539662
routing,area,16,5_2_route__detailedroute__route__drc_errors__iter:0,0.9997804153533282,0.00027135359677854347,1.0654111328125053,1.4869498925495541,"[""5_2_route__detailedroute__route__wirelength__iter:1"", ""5_1_grt__globalroute__global_route__wirelength"", ""5_1_grt__globalroute__design__instance__displacement__max"", ""5_2_route__detailedroute__route__drc_errors__iter:1"", ""5_1_grt__globalroute__timing__drv__max_slew_limit"", ""5_1_grt__globalroute__dpl__hpwl__delta"", ""5_1_grt__globalroute__design__instance__area"", ""5_1_grt__globalroute__design__instance__area__stdcell"", ""param:CORE_UTILIZATION"", ""5_2_route__detailedroute__route__vias"", ""5_1_grt__globalroute__global_route__fastroute__overflow_iterations_s"", ""5_1_grt__globalroute__global_route__fastroute__spiral_s"", ""5_1_grt__globalroute__power__internal__total"", ""5_1_grt__globalroute__timing__drv__max_cap_limit"", ""5_1_grt__globalroute__timing__hold__ws"", ""5_2_route__detailedroute__route__drc_errors__iter:0""]",16,-0.07145488996539662
routing,area,17,5_1_grt__globalroute__clock__skew__hold,0.9995828274138977,0.0005587912256695702,1.4708577799479219,1.9470171088921056,"[""5_2_route__detailedroute__route__wirelength__iter:1"", ""5_1_grt__globalroute__global_route__wirelength"", ""5_1_grt__globalroute__design__instance__displacement__max"", ""5_2_route__detailedroute__route__drc_errors__iter:1"", ""5_1_grt__globalroute__timing__drv__max_slew_limit"", ""5_1_grt__globalroute__dpl__hpwl__delta"", ""5_1_grt__globalroute__design__instance__area"", ""5_1_grt__globalroute__design__instance__area__stdcell"", ""param:CORE_UTILIZATION"", ""5_2_route__detailedroute__route__vias"", ""5_1_grt__globalroute__global_route__fastroute__overflow_iterations_s"", ""5_1_grt__globalroute__global_route__fastroute__spiral_s"", ""5_1_grt__globalroute__power__internal__total"", ""5_1_grt__globalroute__timing__drv__max_cap_limit"", ""5_1_grt__globalroute__timing__hold__ws"", ""5_2_route__detailedroute__route__drc_errors__iter:0"", ""5_1_grt__globalroute__clock__skew__hold""]",17,-0.07145488996539662
routing,area,18,5_2_route__detailedroute__route__drc_errors__iter:2,0.9998103026937449,0.00013721754066604812,1.231221386718759,1.7217195687607587,"[""5_2_route__detailedroute__route__wirelength__iter:1"", ""5_1_grt__globalroute__global_route__wirelength"", ""5_1_grt__globalroute__design__instance__displacement__max"", ""5_2_route__detailedroute__route__drc_errors__iter:1"", ""5_1_grt__globalroute__timing__drv__max_slew_limit"", ""5_1_grt__globalroute__dpl__hpwl__delta"", ""5_1_grt__globalroute__design__instance__area"", ""5_1_grt__globalroute__design__instance__area__stdcell"", ""param:CORE_UTILIZATION"", ""5_2_route__detailedroute__route__vias"", ""5_1_grt__globalroute__global_route__fastroute__overflow_iterations_s"", ""5_1_grt__globalroute__global_route__fastroute__spiral_s"", ""5_1_grt__globalroute__power__internal__total"", ""5_1_grt__globalroute__timing__drv__max_cap_limit"", ""5_1_grt__globalroute__timing__hold__ws"", ""5_2_route__detailedroute__route__drc_errors__iter:0"", ""5_1_grt__globalroute__clock__skew__hold"", ""5_2_route__detailedroute__route__drc_errors__iter:2""]",18,-0.07145488996539662
routing,area,19,5_1_grt__globalroute__dpl__hpwl__delta__percent,0.9997362183353147,0.000243329875319503,1.2932363606770954,1.923508334894774,"[""5_2_route__detailedroute__route__wirelength__iter:1"", ""5_1_grt__globalroute__global_route__wirelength"", ""5_1_grt__globalroute__design__instance__displacement__max"", ""5_2_route__detailedroute__route__drc_errors__iter:1"", ""5_1_grt__globalroute__timing__drv__max_slew_limit"", ""5_1_grt__globalroute__dpl__hpwl__delta"", ""5_1_grt__globalroute__design__instance__area"", ""5_1_grt__globalroute__design__instance__area__stdcell"", ""param:CORE_UTILIZATION"", ""5_2_route__detailedroute__route__vias"", ""5_1_grt__globalroute__global_route__fastroute__overflow_iterations_s"", ""5_1_grt__globalroute__global_route__fastroute__spiral_s"", ""5_1_grt__globalroute__power__internal__total"", ""5_1_grt__globalroute__timing__drv__max_cap_limit"", ""5_1_grt__globalroute__timing__hold__ws"", ""5_2_route__detailedroute__route__drc_errors__iter:0"", ""5_1_grt__globalroute__clock__skew__hold"", ""5_2_route__detailedroute__route__drc_errors__iter:2"", ""5_1_grt__globalroute__dpl__hpwl__delta__percent""]",19,-0.07145488996539662
routing,area,20,5_1_grt__globalroute__timing__fmax,0.9997735397281531,0.0002684019824694754,1.1340392903645957,1.6253301819392219,"[""5_2_route__detailedroute__route__wirelength__iter:1"", ""5_1_grt__globalroute__global_route__wirelength"", ""5_1_grt__globalroute__design__instance__displacement__max"", ""5_2_route__detailedroute__route__drc_errors__iter:1"", ""5_1_grt__globalroute__timing__drv__max_slew_limit"", ""5_1_grt__globalroute__dpl__hpwl__delta"", ""5_1_grt__globalroute__design__instance__area"", ""5_1_grt__globalroute__design__instance__area__stdcell"", ""param:CORE_UTILIZATION"", ""5_2_route__detailedroute__route__vias"", ""5_1_grt__globalroute__global_route__fastroute__overflow_iterations_s"", ""5_1_grt__globalroute__global_route__fastroute__spiral_s"", ""5_1_grt__globalroute__power__internal__total"", ""5_1_grt__globalroute__timing__drv__max_cap_limit"", ""5_1_grt__globalroute__timing__hold__ws"", ""5_2_route__detailedroute__route__drc_errors__iter:0"", ""5_1_grt__globalroute__clock__skew__hold"", ""5_2_route__detailedroute__route__drc_errors__iter:2"", ""5_1_grt__globalroute__dpl__hpwl__delta__percent"", ""5_1_grt__globalroute__timing__fmax""]",20,-0.07145488996539662
routing,area,21,5_1_grt__globalroute__global_route__fastroute__monotonic_s,0.9990050823484334,0.00039418634986959,3.041198470052086,4.210343886335099,"[""5_2_route__detailedroute__route__wirelength__iter:1"", ""5_1_grt__globalroute__global_route__wirelength"", ""5_1_grt__globalroute__design__instance__displacement__max"", ""5_2_route__detailedroute__route__drc_errors__iter:1"", ""5_1_grt__globalroute__timing__drv__max_slew_limit"", ""5_1_grt__globalroute__dpl__hpwl__delta"", ""5_1_grt__globalroute__design__instance__area"", ""5_1_grt__globalroute__design__instance__area__stdcell"", ""param:CORE_UTILIZATION"", ""5_2_route__detailedroute__route__vias"", ""5_1_grt__globalroute__global_route__fastroute__overflow_iterations_s"", ""5_1_grt__globalroute__global_route__fastroute__spiral_s"", ""5_1_grt__globalroute__power__internal__total"", ""5_1_grt__globalroute__timing__drv__max_cap_limit"", ""5_1_grt__globalroute__timing__hold__ws"", ""5_2_route__detailedroute__route__drc_errors__iter:0"", ""5_1_grt__globalroute__clock__skew__hold"", ""5_2_route__detailedroute__route__drc_errors__iter:2"", ""5_1_grt__globalroute__dpl__hpwl__delta__percent"", ""5_1_grt__globalroute__timing__fmax"", ""5_1_grt__globalroute__global_route__fastroute__monotonic_s""]",21,-0.07145488996539662
routing,area,22,5_1_grt__globalroute__clock__skew__setup,0.9997429853441019,0.00026142674045438307,1.4085106119791666,1.8716895881773412,"[""5_2_route__detailedroute__route__wirelength__iter:1"", ""5_1_grt__globalroute__global_route__wirelength"", ""5_1_grt__globalroute__design__instance__displacement__max"", ""5_2_route__detailedroute__route__drc_errors__iter:1"", ""5_1_grt__globalroute__timing__drv__max_slew_limit"", ""5_1_grt__globalroute__dpl__hpwl__delta"", ""5_1_grt__globalroute__design__instance__area"", ""5_1_grt__globalroute__design__instance__area__stdcell"", ""param:CORE_UTILIZATION"", ""5_2_route__detailedroute__route__vias"", ""5_1_grt__globalroute__global_route__fastroute__overflow_iterations_s"", ""5_1_grt__globalroute__global_route__fastroute__spiral_s"", ""5_1_grt__globalroute__power__internal__total"", ""5_1_grt__globalroute__timing__drv__max_cap_limit"", ""5_1_grt__globalroute__timing__hold__ws"", ""5_2_route__detailedroute__route__drc_errors__iter:0"", ""5_1_grt__globalroute__clock__skew__hold"", ""5_2_route__detailedroute__route__drc_errors__iter:2"", ""5_1_grt__globalroute__dpl__hpwl__delta__percent"", ""5_1_grt__globalroute__timing__fmax"", ""5_1_grt__globalroute__global_route__fastroute__monotonic_s"", ""5_1_grt__globalroute__clock__skew__setup""]",22,-0.07145488996539662
routing,area,23,5_1_grt__globalroute__design__instance__count,0.9990040275983766,0.0003997193772871039,2.9205807942708364,4.207387629706363,"[""5_2_route__detailedroute__route__wirelength__iter:1"", ""5_1_grt__globalroute__global_route__wirelength"", ""5_1_grt__globalroute__design__instance__displacement__max"", ""5_2_route__detailedroute__route__drc_errors__iter:1"", ""5_1_grt__globalroute__timing__drv__max_slew_limit"", ""5_1_grt__globalroute__dpl__hpwl__delta"", ""5_1_grt__globalroute__design__instance__area"", ""5_1_grt__globalroute__design__instance__area__stdcell"", ""param:CORE_UTILIZATION"", ""5_2_route__detailedroute__route__vias"", ""5_1_grt__globalroute__global_route__fastroute__overflow_iterations_s"", ""5_1_grt__globalroute__global_route__fastroute__spiral_s"", ""5_1_grt__globalroute__power__internal__total"", ""5_1_grt__globalroute__timing__drv__max_cap_limit"", ""5_1_grt__globalroute__timing__hold__ws"", ""5_2_route__detailedroute__route__drc_errors__iter:0"", ""5_1_grt__globalroute__clock__skew__hold"", ""5_2_route__detailedroute__route__drc_errors__iter:2"", ""5_1_grt__globalroute__dpl__hpwl__delta__percent"", ""5_1_grt__globalroute__timing__fmax"", ""5_1_grt__globalroute__global_route__fastroute__monotonic_s"", ""5_1_grt__globalroute__clock__skew__setup"", ""5_1_grt__globalroute__design__instance__count""]",23,-0.07145488996539662
routing,area,24,5_1_grt__globalroute__global_route__vias,0.9997268293138625,6.276927153873163e-05,1.5874438802083357,2.21539126007636,"[""5_2_route__detailedroute__route__wirelength__iter:1"", ""5_1_grt__globalroute__global_route__wirelength"", ""5_1_grt__globalroute__design__instance__displacement__max"", ""5_2_route__detailedroute__route__drc_errors__iter:1"", ""5_1_grt__globalroute__timing__drv__max_slew_limit"", ""5_1_grt__globalroute__dpl__hpwl__delta"", ""5_1_grt__globalroute__design__instance__area"", ""5_1_grt__globalroute__design__instance__area__stdcell"", ""param:CORE_UTILIZATION"", ""5_2_route__detailedroute__route__vias"", ""5_1_grt__globalroute__global_route__fastroute__overflow_iterations_s"", ""5_1_grt__globalroute__global_route__fastroute__spiral_s"", ""5_1_grt__globalroute__power__internal__total"", ""5_1_grt__globalroute__timing__drv__max_cap_limit"", ""5_1_grt__globalroute__timing__hold__ws"", ""5_2_route__detailedroute__route__drc_errors__iter:0"", ""5_1_grt__globalroute__clock__skew__hold"", ""5_2_route__detailedroute__route__drc_errors__iter:2"", ""5_1_grt__globalroute__dpl__hpwl__delta__percent"", ""5_1_grt__globalroute__timing__fmax"", ""5_1_grt__globalroute__global_route__fastroute__monotonic_s"", ""5_1_grt__globalroute__clock__skew__setup"", ""5_1_grt__globalroute__design__instance__count"", ""5_1_grt__globalroute__global_route__vias""]",24,-0.07145488996539662
routing,area,25,5_1_grt__globalroute__design__instance__count__setup_buffer,0.999711610828863,0.0002649992489324405,1.3948695963541773,1.9807689599656693,"[""5_2_route__detailedroute__route__wirelength__iter:1"", ""5_1_grt__globalroute__global_route__wirelength"", ""5_1_grt__globalroute__design__instance__displacement__max"", ""5_2_route__detailedroute__route__drc_errors__iter:1"", ""5_1_grt__globalroute__timing__drv__max_slew_limit"", ""5_1_grt__globalroute__dpl__hpwl__delta"", ""5_1_grt__globalroute__design__instance__area"", ""5_1_grt__globalroute__design__instance__area__stdcell"", ""param:CORE_UTILIZATION"", ""5_2_route__detailedroute__route__vias"", ""5_1_grt__globalroute__global_route__fastroute__overflow_iterations_s"", ""5_1_grt__globalroute__global_route__fastroute__spiral_s"", ""5_1_grt__globalroute__power__internal__total"", ""5_1_grt__globalroute__timing__drv__max_cap_limit"", ""5_1_grt__globalroute__timing__hold__ws"", ""5_2_route__detailedroute__route__drc_errors__iter:0"", ""5_1_grt__globalroute__clock__skew__hold"", ""5_2_route__detailedroute__route__drc_errors__iter:2"", ""5_1_grt__globalroute__dpl__hpwl__delta__percent"", ""5_1_grt__globalroute__timing__fmax"", ""5_1_grt__globalroute__global_route__fastroute__monotonic_s"", ""5_1_grt__globalroute__clock__skew__setup"", ""5_1_grt__globalroute__design__instance__count"", ""5_1_grt__globalroute__global_route__vias"", ""5_1_grt__globalroute__design__instance__count__setup_buffer""]",25,-0.07145488996539662
routing,area,26,5_1_grt__globalroute__global_route__fastroute__finalization_s,0.9991880926690847,0.0001066560388190788,2.5320768554687523,3.8559722517565285,"[""5_2_route__detailedroute__route__wirelength__iter:1"", ""5_1_grt__globalroute__global_route__wirelength"", ""5_1_grt__globalroute__design__instance__displacement__max"", ""5_2_route__detailedroute__route__drc_errors__iter:1"", ""5_1_grt__globalroute__timing__drv__max_slew_limit"", ""5_1_grt__globalroute__dpl__hpwl__delta"", ""5_1_grt__globalroute__design__instance__area"", ""5_1_grt__globalroute__design__instance__area__stdcell"", ""param:CORE_UTILIZATION"", ""5_2_route__detailedroute__route__vias"", ""5_1_grt__globalroute__global_route__fastroute__overflow_iterations_s"", ""5_1_grt__globalroute__global_route__fastroute__spiral_s"", ""5_1_grt__globalroute__power__internal__total"", ""5_1_grt__globalroute__timing__drv__max_cap_limit"", ""5_1_grt__globalroute__timing__hold__ws"", ""5_2_route__detailedroute__route__drc_errors__iter:0"", ""5_1_grt__globalroute__clock__skew__hold"", ""5_2_route__detailedroute__route__drc_errors__iter:2"", ""5_1_grt__globalroute__dpl__hpwl__delta__percent"", ""5_1_grt__globalroute__timing__fmax"", ""5_1_grt__globalroute__global_route__fastroute__monotonic_s"", ""5_1_grt__globalroute__clock__skew__setup"", ""5_1_grt__globalroute__design__instance__count"", ""5_1_grt__globalroute__global_route__vias"", ""5_1_grt__globalroute__design__instance__count__setup_buffer"", ""5_1_grt__globalroute__global_route__fastroute__finalization_s""]",26,-0.07145488996539662
routing,area,27,5_1_grt__globalroute__design__instance__count__stdcell,0.9996819558649722,0.00032091716962733745,1.3657395507812602,2.0306421732940745,"[""5_2_route__detailedroute__route__wirelength__iter:1"", ""5_1_grt__globalroute__global_route__wirelength"", ""5_1_grt__globalroute__design__instance__displacement__max"", ""5_2_route__detailedroute__route__drc_errors__iter:1"", ""5_1_grt__globalroute__timing__drv__max_slew_limit"", ""5_1_grt__globalroute__dpl__hpwl__delta"", ""5_1_grt__globalroute__design__instance__area"", ""5_1_grt__globalroute__design__instance__area__stdcell"", ""param:CORE_UTILIZATION"", ""5_2_route__detailedroute__route__vias"", ""5_1_grt__globalroute__global_route__fastroute__overflow_iterations_s"", ""5_1_grt__globalroute__global_route__fastroute__spiral_s"", ""5_1_grt__globalroute__power__internal__total"", ""5_1_grt__globalroute__timing__drv__max_cap_limit"", ""5_1_grt__globalroute__timing__hold__ws"", ""5_2_route__detailedroute__route__drc_errors__iter:0"", ""5_1_grt__globalroute__clock__skew__hold"", ""5_2_route__detailedroute__route__drc_errors__iter:2"", ""5_1_grt__globalroute__dpl__hpwl__delta__percent"", ""5_1_grt__globalroute__timing__fmax"", ""5_1_grt__globalroute__global_route__fastroute__monotonic_s"", ""5_1_grt__globalroute__clock__skew__setup"", ""5_1_grt__globalroute__design__instance__count"", ""5_1_grt__globalroute__global_route__vias"", ""5_1_grt__globalroute__design__instance__count__setup_buffer"", ""5_1_grt__globalroute__global_route__fastroute__finalization_s"", ""5_1_grt__globalroute__design__instance__count__stdcell""]",27,-0.07145488996539662
routing,area,28,5_1_grt__globalroute__global_route__fastroute__route_z_s,0.9997589744649579,0.00026074452535549466,1.2480773763020958,1.761255972190057,"[""5_2_route__detailedroute__route__wirelength__iter:1"", ""5_1_grt__globalroute__global_route__wirelength"", ""5_1_grt__globalroute__design__instance__displacement__max"", ""5_2_route__detailedroute__route__drc_errors__iter:1"", ""5_1_grt__globalroute__timing__drv__max_slew_limit"", ""5_1_grt__globalroute__dpl__hpwl__delta"", ""5_1_grt__globalroute__design__instance__area"", ""5_1_grt__globalroute__design__instance__area__stdcell"", ""param:CORE_UTILIZATION"", ""5_2_route__detailedroute__route__vias"", ""5_1_grt__globalroute__global_route__fastroute__overflow_iterations_s"", ""5_1_grt__globalroute__global_route__fastroute__spiral_s"", ""5_1_grt__globalroute__power__internal__total"", ""5_1_grt__globalroute__timing__drv__max_cap_limit"", ""5_1_grt__globalroute__timing__hold__ws"", ""5_2_route__detailedroute__route__drc_errors__iter:0"", ""5_1_grt__globalroute__clock__skew__hold"", ""5_2_route__detailedroute__route__drc_errors__iter:2"", ""5_1_grt__globalroute__dpl__hpwl__delta__percent"", ""5_1_grt__globalroute__timing__fmax"", ""5_1_grt__globalroute__global_route__fastroute__monotonic_s"", ""5_1_grt__globalroute__clock__skew__setup"", ""5_1_grt__globalroute__design__instance__count"", ""5_1_grt__globalroute__global_route__vias"", ""5_1_grt__globalroute__design__instance__count__setup_buffer"", ""5_1_grt__globalroute__global_route__fastroute__finalization_s"", ""5_1_grt__globalroute__design__instance__count__stdcell"", ""5_1_grt__globalroute__global_route__fastroute__route_z_s""]",28,-0.07145488996539662
routing,area,29,5_1_grt__globalroute__design__instance__displacement__mean,0.9996527403241672,0.000448818552442322,1.441934277343762,1.8548391882841153,"[""5_2_route__detailedroute__route__wirelength__iter:1"", ""5_1_grt__globalroute__global_route__wirelength"", ""5_1_grt__globalroute__design__instance__displacement__max"", ""5_2_route__detailedroute__route__drc_errors__iter:1"", ""5_1_grt__globalroute__timing__drv__max_slew_limit"", ""5_1_grt__globalroute__dpl__hpwl__delta"", ""5_1_grt__globalroute__design__instance__area"", ""5_1_grt__globalroute__design__instance__area__stdcell"", ""param:CORE_UTILIZATION"", ""5_2_route__detailedroute__route__vias"", ""5_1_grt__globalroute__global_route__fastroute__overflow_iterations_s"", ""5_1_grt__globalroute__global_route__fastroute__spiral_s"", ""5_1_grt__globalroute__power__internal__total"", ""5_1_grt__globalroute__timing__drv__max_cap_limit"", ""5_1_grt__globalroute__timing__hold__ws"", ""5_2_route__detailedroute__route__drc_errors__iter:0"", ""5_1_grt__globalroute__clock__skew__hold"", ""5_2_route__detailedroute__route__drc_errors__iter:2"", ""5_1_grt__globalroute__dpl__hpwl__delta__percent"", ""5_1_grt__globalroute__timing__fmax"", ""5_1_grt__globalroute__global_route__fastroute__monotonic_s"", ""5_1_grt__globalroute__clock__skew__setup"", ""5_1_grt__globalroute__design__instance__count"", ""5_1_grt__globalroute__global_route__vias"", ""5_1_grt__globalroute__design__instance__count__setup_buffer"", ""5_1_grt__globalroute__global_route__fastroute__finalization_s"", ""5_1_grt__globalroute__design__instance__count__stdcell"", ""5_1_grt__globalroute__global_route__fastroute__route_z_s"", ""5_1_grt__globalroute__design__instance__displacement__mean""]",29,-0.07145488996539662
routing,area,30,5_1_grt__globalroute__design__instance__utilization,0.9997668496282858,0.00027618560148116715,1.2410461263020958,1.6533119940698244,"[""5_2_route__detailedroute__route__wirelength__iter:1"", ""5_1_grt__globalroute__global_route__wirelength"", ""5_1_grt__globalroute__design__instance__displacement__max"", ""5_2_route__detailedroute__route__drc_errors__iter:1"", ""5_1_grt__globalroute__timing__drv__max_slew_limit"", ""5_1_grt__globalroute__dpl__hpwl__delta"", ""5_1_grt__globalroute__design__instance__area"", ""5_1_grt__globalroute__design__instance__area__stdcell"", ""param:CORE_UTILIZATION"", ""5_2_route__detailedroute__route__vias"", ""5_1_grt__globalroute__global_route__fastroute__overflow_iterations_s"", ""5_1_grt__globalroute__global_route__fastroute__spiral_s"", ""5_1_grt__globalroute__power__internal__total"", ""5_1_grt__globalroute__timing__drv__max_cap_limit"", ""5_1_grt__globalroute__timing__hold__ws"", ""5_2_route__detailedroute__route__drc_errors__iter:0"", ""5_1_grt__globalroute__clock__skew__hold"", ""5_2_route__detailedroute__route__drc_errors__iter:2"", ""5_1_grt__globalroute__dpl__hpwl__delta__percent"", ""5_1_grt__globalroute__timing__fmax"", ""5_1_grt__globalroute__global_route__fastroute__monotonic_s"", ""5_1_grt__globalroute__clock__skew__setup"", ""5_1_grt__globalroute__design__instance__count"", ""5_1_grt__globalroute__global_route__vias"", ""5_1_grt__globalroute__design__instance__count__setup_buffer"", ""5_1_grt__globalroute__global_route__fastroute__finalization_s"", ""5_1_grt__globalroute__design__instance__count__stdcell"", ""5_1_grt__globalroute__global_route__fastroute__route_z_s"", ""5_1_grt__globalroute__design__instance__displacement__mean"", ""5_1_grt__globalroute__design__instance__utilization""]",30,-0.07145488996539662
routing,area,31,5_1_grt__globalroute__design__instance__displacement__total,0.9997129545819928,0.0002820352213817463,1.4150345703125067,1.8893221109317748,"[""5_2_route__detailedroute__route__wirelength__iter:1"", ""5_1_grt__globalroute__global_route__wirelength"", ""5_1_grt__globalroute__design__instance__displacement__max"", ""5_2_route__detailedroute__route__drc_errors__iter:1"", ""5_1_grt__globalroute__timing__drv__max_slew_limit"", ""5_1_grt__globalroute__dpl__hpwl__delta"", ""5_1_grt__globalroute__design__instance__area"", ""5_1_grt__globalroute__design__instance__area__stdcell"", ""param:CORE_UTILIZATION"", ""5_2_route__detailedroute__route__vias"", ""5_1_grt__globalroute__global_route__fastroute__overflow_iterations_s"", ""5_1_grt__globalroute__global_route__fastroute__spiral_s"", ""5_1_grt__globalroute__power__internal__total"", ""5_1_grt__globalroute__timing__drv__max_cap_limit"", ""5_1_grt__globalroute__timing__hold__ws"", ""5_2_route__detailedroute__route__drc_errors__iter:0"", ""5_1_grt__globalroute__clock__skew__hold"", ""5_2_route__detailedroute__route__drc_errors__iter:2"", ""5_1_grt__globalroute__dpl__hpwl__delta__percent"", ""5_1_grt__globalroute__timing__fmax"", ""5_1_grt__globalroute__global_route__fastroute__monotonic_s"", ""5_1_grt__globalroute__clock__skew__setup"", ""5_1_grt__globalroute__design__instance__count"", ""5_1_grt__globalroute__global_route__vias"", ""5_1_grt__globalroute__design__instance__count__setup_buffer"", ""5_1_grt__globalroute__global_route__fastroute__finalization_s"", ""5_1_grt__globalroute__design__instance__count__stdcell"", ""5_1_grt__globalroute__global_route__fastroute__route_z_s"", ""5_1_grt__globalroute__design__instance__displacement__mean"", ""5_1_grt__globalroute__design__instance__utilization"", ""5_1_grt__globalroute__design__instance__displacement__total""]",31,-0.07145488996539662
routing,area,32,5_1_grt__globalroute__design__instance__utilization__stdcell,0.9995543720054441,0.000589957737426977,1.5481584635416767,1.9825139405766594,"[""5_2_route__detailedroute__route__wirelength__iter:1"", ""5_1_grt__globalroute__global_route__wirelength"", ""5_1_grt__globalroute__design__instance__displacement__max"", ""5_2_route__detailedroute__route__drc_errors__iter:1"", ""5_1_grt__globalroute__timing__drv__max_slew_limit"", ""5_1_grt__globalroute__dpl__hpwl__delta"", ""5_1_grt__globalroute__design__instance__area"", ""5_1_grt__globalroute__design__instance__area__stdcell"", ""param:CORE_UTILIZATION"", ""5_2_route__detailedroute__route__vias"", ""5_1_grt__globalroute__global_route__fastroute__overflow_iterations_s"", ""5_1_grt__globalroute__global_route__fastroute__spiral_s"", ""5_1_grt__globalroute__power__internal__total"", ""5_1_grt__globalroute__timing__drv__max_cap_limit"", ""5_1_grt__globalroute__timing__hold__ws"", ""5_2_route__detailedroute__route__drc_errors__iter:0"", ""5_1_grt__globalroute__clock__skew__hold"", ""5_2_route__detailedroute__route__drc_errors__iter:2"", ""5_1_grt__globalroute__dpl__hpwl__delta__percent"", ""5_1_grt__globalroute__timing__fmax"", ""5_1_grt__globalroute__global_route__fastroute__monotonic_s"", ""5_1_grt__globalroute__clock__skew__setup"", ""5_1_grt__globalroute__design__instance__count"", ""5_1_grt__globalroute__global_route__vias"", ""5_1_grt__globalroute__design__instance__count__setup_buffer"", ""5_1_grt__globalroute__global_route__fastroute__finalization_s"", ""5_1_grt__globalroute__design__instance__count__stdcell"", ""5_1_grt__globalroute__global_route__fastroute__route_z_s"", ""5_1_grt__globalroute__design__instance__displacement__mean"", ""5_1_grt__globalroute__design__instance__utilization"", ""5_1_grt__globalroute__design__instance__displacement__total"", ""5_1_grt__globalroute__design__instance__utilization__stdcell""]",32,-0.07145488996539662
routing,area,33,5_1_grt__globalroute__design__nets,0.9990573803066404,8.567683609610884e-05,2.789490592447919,4.148730056691492,"[""5_2_route__detailedroute__route__wirelength__iter:1"", ""5_1_grt__globalroute__global_route__wirelength"", ""5_1_grt__globalroute__design__instance__displacement__max"", ""5_2_route__detailedroute__route__drc_errors__iter:1"", ""5_1_grt__globalroute__timing__drv__max_slew_limit"", ""5_1_grt__globalroute__dpl__hpwl__delta"", ""5_1_grt__globalroute__design__instance__area"", ""5_1_grt__globalroute__design__instance__area__stdcell"", ""param:CORE_UTILIZATION"", ""5_2_route__detailedroute__route__vias"", ""5_1_grt__globalroute__global_route__fastroute__overflow_iterations_s"", ""5_1_grt__globalroute__global_route__fastroute__spiral_s"", ""5_1_grt__globalroute__power__internal__total"", ""5_1_grt__globalroute__timing__drv__max_cap_limit"", ""5_1_grt__globalroute__timing__hold__ws"", ""5_2_route__detailedroute__route__drc_errors__iter:0"", ""5_1_grt__globalroute__clock__skew__hold"", ""5_2_route__detailedroute__route__drc_errors__iter:2"", ""5_1_grt__globalroute__dpl__hpwl__delta__percent"", ""5_1_grt__globalroute__timing__fmax"", ""5_1_grt__globalroute__global_route__fastroute__monotonic_s"", ""5_1_grt__globalroute__clock__skew__setup"", ""5_1_grt__globalroute__design__instance__count"", ""5_1_grt__globalroute__global_route__vias"", ""5_1_grt__globalroute__design__instance__count__setup_buffer"", ""5_1_grt__globalroute__global_route__fastroute__finalization_s"", ""5_1_grt__globalroute__design__instance__count__stdcell"", ""5_1_grt__globalroute__global_route__fastroute__route_z_s"", ""5_1_grt__globalroute__design__instance__displacement__mean"", ""5_1_grt__globalroute__design__instance__utilization"", ""5_1_grt__globalroute__design__instance__displacement__total"", ""5_1_grt__globalroute__design__instance__utilization__stdcell"", ""5_1_grt__globalroute__design__nets""]",33,-0.07145488996539662
routing,area,34,5_1_grt__globalroute__flow__warnings__count,0.9997607351632514,0.0002959678179335526,1.128115332031257,1.5642836669734284,"[""5_2_route__detailedroute__route__wirelength__iter:1"", ""5_1_grt__globalroute__global_route__wirelength"", ""5_1_grt__globalroute__design__instance__displacement__max"", ""5_2_route__detailedroute__route__drc_errors__iter:1"", ""5_1_grt__globalroute__timing__drv__max_slew_limit"", ""5_1_grt__globalroute__dpl__hpwl__delta"", ""5_1_grt__globalroute__design__instance__area"", ""5_1_grt__globalroute__design__instance__area__stdcell"", ""param:CORE_UTILIZATION"", ""5_2_route__detailedroute__route__vias"", ""5_1_grt__globalroute__global_route__fastroute__overflow_iterations_s"", ""5_1_grt__globalroute__global_route__fastroute__spiral_s"", ""5_1_grt__globalroute__power__internal__total"", ""5_1_grt__globalroute__timing__drv__max_cap_limit"", ""5_1_grt__globalroute__timing__hold__ws"", ""5_2_route__detailedroute__route__drc_errors__iter:0"", ""5_1_grt__globalroute__clock__skew__hold"", ""5_2_route__detailedroute__route__drc_errors__iter:2"", ""5_1_grt__globalroute__dpl__hpwl__delta__percent"", ""5_1_grt__globalroute__timing__fmax"", ""5_1_grt__globalroute__global_route__fastroute__monotonic_s"", ""5_1_grt__globalroute__clock__skew__setup"", ""5_1_grt__globalroute__design__instance__count"", ""5_1_grt__globalroute__global_route__vias"", ""5_1_grt__globalroute__design__instance__count__setup_buffer"", ""5_1_grt__globalroute__global_route__fastroute__finalization_s"", ""5_1_grt__globalroute__design__instance__count__stdcell"", ""5_1_grt__globalroute__global_route__fastroute__route_z_s"", ""5_1_grt__globalroute__design__instance__displacement__mean"", ""5_1_grt__globalroute__design__instance__utilization"", ""5_1_grt__globalroute__design__instance__displacement__total"", ""5_1_grt__globalroute__design__instance__utilization__stdcell"", ""5_1_grt__globalroute__design__nets"", ""5_1_grt__globalroute__flow__warnings__count""]",34,-0.07145488996539662
routing,area,35,5_1_grt__globalroute__flow__warnings__type_count,0.9997494306330402,0.00011094623661656023,1.4497968098958305,2.0625222904544533,"[""5_2_route__detailedroute__route__wirelength__iter:1"", ""5_1_grt__globalroute__global_route__wirelength"", ""5_1_grt__globalroute__design__instance__displacement__max"", ""5_2_route__detailedroute__route__drc_errors__iter:1"", ""5_1_grt__globalroute__timing__drv__max_slew_limit"", ""5_1_grt__globalroute__dpl__hpwl__delta"", ""5_1_grt__globalroute__design__instance__area"", ""5_1_grt__globalroute__design__instance__area__stdcell"", ""param:CORE_UTILIZATION"", ""5_2_route__detailedroute__route__vias"", ""5_1_grt__globalroute__global_route__fastroute__overflow_iterations_s"", ""5_1_grt__globalroute__global_route__fastroute__spiral_s"", ""5_1_grt__globalroute__power__internal__total"", ""5_1_grt__globalroute__timing__drv__max_cap_limit"", ""5_1_grt__globalroute__timing__hold__ws"", ""5_2_route__detailedroute__route__drc_errors__iter:0"", ""5_1_grt__globalroute__clock__skew__hold"", ""5_2_route__detailedroute__route__drc_errors__iter:2"", ""5_1_grt__globalroute__dpl__hpwl__delta__percent"", ""5_1_grt__globalroute__timing__fmax"", ""5_1_grt__globalroute__global_route__fastroute__monotonic_s"", ""5_1_grt__globalroute__clock__skew__setup"", ""5_1_grt__globalroute__design__instance__count"", ""5_1_grt__globalroute__global_route__vias"", ""5_1_grt__globalroute__design__instance__count__setup_buffer"", ""5_1_grt__globalroute__global_route__fastroute__finalization_s"", ""5_1_grt__globalroute__design__instance__count__stdcell"", ""5_1_grt__globalroute__global_route__fastroute__route_z_s"", ""5_1_grt__globalroute__design__instance__displacement__mean"", ""5_1_grt__globalroute__design__instance__utilization"", ""5_1_grt__globalroute__design__instance__displacement__total"", ""5_1_grt__globalroute__design__instance__utilization__stdcell"", ""5_1_grt__globalroute__design__nets"", ""5_1_grt__globalroute__flow__warnings__count"", ""5_1_grt__globalroute__flow__warnings__type_count""]",35,-0.07145488996539662
routing,area,36,5_1_grt__globalroute__global_route__fastroute__congestion_rsmt_s,0.9997428070641997,0.00030147145495379056,1.3179490234375104,1.7289831735764316,"[""5_2_route__detailedroute__route__wirelength__iter:1"", ""5_1_grt__globalroute__global_route__wirelength"", ""5_1_grt__globalroute__design__instance__displacement__max"", ""5_2_route__detailedroute__route__drc_errors__iter:1"", ""5_1_grt__globalroute__timing__drv__max_slew_limit"", ""5_1_grt__globalroute__dpl__hpwl__delta"", ""5_1_grt__globalroute__design__instance__area"", ""5_1_grt__globalroute__design__instance__area__stdcell"", ""param:CORE_UTILIZATION"", ""5_2_route__detailedroute__route__vias"", ""5_1_grt__globalroute__global_route__fastroute__overflow_iterations_s"", ""5_1_grt__globalroute__global_route__fastroute__spiral_s"", ""5_1_grt__globalroute__power__internal__total"", ""5_1_grt__globalroute__timing__drv__max_cap_limit"", ""5_1_grt__globalroute__timing__hold__ws"", ""5_2_route__detailedroute__route__drc_errors__iter:0"", ""5_1_grt__globalroute__clock__skew__hold"", ""5_2_route__detailedroute__route__drc_errors__iter:2"", ""5_1_grt__globalroute__dpl__hpwl__delta__percent"", ""5_1_grt__globalroute__timing__fmax"", ""5_1_grt__globalroute__global_route__fastroute__monotonic_s"", ""5_1_grt__globalroute__clock__skew__setup"", ""5_1_grt__globalroute__design__instance__count"", ""5_1_grt__globalroute__global_route__vias"", ""5_1_grt__globalroute__design__instance__count__setup_buffer"", ""5_1_grt__globalroute__global_route__fastroute__finalization_s"", ""5_1_grt__globalroute__design__instance__count__stdcell"", ""5_1_grt__globalroute__global_route__fastroute__route_z_s"", ""5_1_grt__globalroute__design__instance__displacement__mean"", ""5_1_grt__globalroute__design__instance__utilization"", ""5_1_grt__globalroute__design__instance__displacement__total"", ""5_1_grt__globalroute__design__instance__utilization__stdcell"", ""5_1_grt__globalroute__design__nets"", ""5_1_grt__globalroute__flow__warnings__count"", ""5_1_grt__globalroute__flow__warnings__type_count"", ""5_1_grt__globalroute__global_route__fastroute__congestion_rsmt_s""]",36,-0.07145488996539662
routing,area,37,5_1_grt__globalroute__global_route__fastroute__initial_rsmt_s,0.9994977992214215,0.00010767789568532419,2.161409082031257,3.0113782704483136,"[""5_2_route__detailedroute__route__wirelength__iter:1"", ""5_1_grt__globalroute__global_route__wirelength"", ""5_1_grt__globalroute__design__instance__displacement__max"", ""5_2_route__detailedroute__route__drc_errors__iter:1"", ""5_1_grt__globalroute__timing__drv__max_slew_limit"", ""5_1_grt__globalroute__dpl__hpwl__delta"", ""5_1_grt__globalroute__design__instance__area"", ""5_1_grt__globalroute__design__instance__area__stdcell"", ""param:CORE_UTILIZATION"", ""5_2_route__detailedroute__route__vias"", ""5_1_grt__globalroute__global_route__fastroute__overflow_iterations_s"", ""5_1_grt__globalroute__global_route__fastroute__spiral_s"", ""5_1_grt__globalroute__power__internal__total"", ""5_1_grt__globalroute__timing__drv__max_cap_limit"", ""5_1_grt__globalroute__timing__hold__ws"", ""5_2_route__detailedroute__route__drc_errors__iter:0"", ""5_1_grt__globalroute__clock__skew__hold"", ""5_2_route__detailedroute__route__drc_errors__iter:2"", ""5_1_grt__globalroute__dpl__hpwl__delta__percent"", ""5_1_grt__globalroute__timing__fmax"", ""5_1_grt__globalroute__global_route__fastroute__monotonic_s"", ""5_1_grt__globalroute__clock__skew__setup"", ""5_1_grt__globalroute__design__instance__count"", ""5_1_grt__globalroute__global_route__vias"", ""5_1_grt__globalroute__design__instance__count__setup_buffer"", ""5_1_grt__globalroute__global_route__fastroute__finalization_s"", ""5_1_grt__globalroute__design__instance__count__stdcell"", ""5_1_grt__globalroute__global_route__fastroute__route_z_s"", ""5_1_grt__globalroute__design__instance__displacement__mean"", ""5_1_grt__globalroute__design__instance__utilization"", ""5_1_grt__globalroute__design__instance__displacement__total"", ""5_1_grt__globalroute__design__instance__utilization__stdcell"", ""5_1_grt__globalroute__design__nets"", ""5_1_grt__globalroute__flow__warnings__count"", ""5_1_grt__globalroute__flow__warnings__type_count"", ""5_1_grt__globalroute__global_route__fastroute__congestion_rsmt_s"", ""5_1_grt__globalroute__global_route__fastroute__initial_rsmt_s""]",37,-0.07145488996539662
routing,area,38,5_1_grt__globalroute__route__net,0.9997553394300719,0.00027295858396671083,1.3624558593750102,1.7547739394332138,"[""5_2_route__detailedroute__route__wirelength__iter:1"", ""5_1_grt__globalroute__global_route__wirelength"", ""5_1_grt__globalroute__design__instance__displacement__max"", ""5_2_route__detailedroute__route__drc_errors__iter:1"", ""5_1_grt__globalroute__timing__drv__max_slew_limit"", ""5_1_grt__globalroute__dpl__hpwl__delta"", ""5_1_grt__globalroute__design__instance__area"", ""5_1_grt__globalroute__design__instance__area__stdcell"", ""param:CORE_UTILIZATION"", ""5_2_route__detailedroute__route__vias"", ""5_1_grt__globalroute__global_route__fastroute__overflow_iterations_s"", ""5_1_grt__globalroute__global_route__fastroute__spiral_s"", ""5_1_grt__globalroute__power__internal__total"", ""5_1_grt__globalroute__timing__drv__max_cap_limit"", ""5_1_grt__globalroute__timing__hold__ws"", ""5_2_route__detailedroute__route__drc_errors__iter:0"", ""5_1_grt__globalroute__clock__skew__hold"", ""5_2_route__detailedroute__route__drc_errors__iter:2"", ""5_1_grt__globalroute__dpl__hpwl__delta__percent"", ""5_1_grt__globalroute__timing__fmax"", ""5_1_grt__globalroute__global_route__fastroute__monotonic_s"", ""5_1_grt__globalroute__clock__skew__setup"", ""5_1_grt__globalroute__design__instance__count"", ""5_1_grt__globalroute__global_route__vias"", ""5_1_grt__globalroute__design__instance__count__setup_buffer"", ""5_1_grt__globalroute__global_route__fastroute__finalization_s"", ""5_1_grt__globalroute__design__instance__count__stdcell"", ""5_1_grt__globalroute__global_route__fastroute__route_z_s"", ""5_1_grt__globalroute__design__instance__displacement__mean"", ""5_1_grt__globalroute__design__instance__utilization"", ""5_1_grt__globalroute__design__instance__displacement__total"", ""5_1_grt__globalroute__design__instance__utilization__stdcell"", ""5_1_grt__globalroute__design__nets"", ""5_1_grt__globalroute__flow__warnings__count"", ""5_1_grt__globalroute__flow__warnings__type_count"", ""5_1_grt__globalroute__global_route__fastroute__congestion_rsmt_s"", ""5_1_grt__globalroute__global_route__fastroute__initial_rsmt_s"", ""5_1_grt__globalroute__route__net""]",38,-0.07145488996539662
routing,area,39,5_1_grt__globalroute__global_route__fastroute__new_route_l_s,0.9997328554184283,0.00024137471250071935,1.4271632161458303,1.977655827999218,"[""5_2_route__detailedroute__route__wirelength__iter:1"", ""5_1_grt__globalroute__global_route__wirelength"", ""5_1_grt__globalroute__design__instance__displacement__max"", ""5_2_route__detailedroute__route__drc_errors__iter:1"", ""5_1_grt__globalroute__timing__drv__max_slew_limit"", ""5_1_grt__globalroute__dpl__hpwl__delta"", ""5_1_grt__globalroute__design__instance__area"", ""5_1_grt__globalroute__design__instance__area__stdcell"", ""param:CORE_UTILIZATION"", ""5_2_route__detailedroute__route__vias"", ""5_1_grt__globalroute__global_route__fastroute__overflow_iterations_s"", ""5_1_grt__globalroute__global_route__fastroute__spiral_s"", ""5_1_grt__globalroute__power__internal__total"", ""5_1_grt__globalroute__timing__drv__max_cap_limit"", ""5_1_grt__globalroute__timing__hold__ws"", ""5_2_route__detailedroute__route__drc_errors__iter:0"", ""5_1_grt__globalroute__clock__skew__hold"", ""5_2_route__detailedroute__route__drc_errors__iter:2"", ""5_1_grt__globalroute__dpl__hpwl__delta__percent"", ""5_1_grt__globalroute__timing__fmax"", ""5_1_grt__globalroute__global_route__fastroute__monotonic_s"", ""5_1_grt__globalroute__clock__skew__setup"", ""5_1_grt__globalroute__design__instance__count"", ""5_1_grt__globalroute__global_route__vias"", ""5_1_grt__globalroute__design__instance__count__setup_buffer"", ""5_1_grt__globalroute__global_route__fastroute__finalization_s"", ""5_1_grt__globalroute__design__instance__count__stdcell"", ""5_1_grt__globalroute__global_route__fastroute__route_z_s"", ""5_1_grt__globalroute__design__instance__displacement__mean"", ""5_1_grt__globalroute__design__instance__utilization"", ""5_1_grt__globalroute__design__instance__displacement__total"", ""5_1_grt__globalroute__design__instance__utilization__stdcell"", ""5_1_grt__globalroute__design__nets"", ""5_1_grt__globalroute__flow__warnings__count"", ""5_1_grt__globalroute__flow__warnings__type_count"", ""5_1_grt__globalroute__global_route__fastroute__congestion_rsmt_s"", ""5_1_grt__globalroute__global_route__fastroute__initial_rsmt_s"", ""5_1_grt__globalroute__route__net"", ""5_1_grt__globalroute__global_route__fastroute__new_route_l_s""]",39,-0.07145488996539662
routing,area,40,5_1_grt__globalroute__global_route__fastroute__route_l_s,0.9997344939862159,0.00024721056354486695,1.424813444010427,1.9398422202556505,"[""5_2_route__detailedroute__route__wirelength__iter:1"", ""5_1_grt__globalroute__global_route__wirelength"", ""5_1_grt__globalroute__design__instance__displacement__max"", ""5_2_route__detailedroute__route__drc_errors__iter:1"", ""5_1_grt__globalroute__timing__drv__max_slew_limit"", ""5_1_grt__globalroute__dpl__hpwl__delta"", ""5_1_grt__globalroute__design__instance__area"", ""5_1_grt__globalroute__design__instance__area__stdcell"", ""param:CORE_UTILIZATION"", ""5_2_route__detailedroute__route__vias"", ""5_1_grt__globalroute__global_route__fastroute__overflow_iterations_s"", ""5_1_grt__globalroute__global_route__fastroute__spiral_s"", ""5_1_grt__globalroute__power__internal__total"", ""5_1_grt__globalroute__timing__drv__max_cap_limit"", ""5_1_grt__globalroute__timing__hold__ws"", ""5_2_route__detailedroute__route__drc_errors__iter:0"", ""5_1_grt__globalroute__clock__skew__hold"", ""5_2_route__detailedroute__route__drc_errors__iter:2"", ""5_1_grt__globalroute__dpl__hpwl__delta__percent"", ""5_1_grt__globalroute__timing__fmax"", ""5_1_grt__globalroute__global_route__fastroute__monotonic_s"", ""5_1_grt__globalroute__clock__skew__setup"", ""5_1_grt__globalroute__design__instance__count"", ""5_1_grt__globalroute__global_route__vias"", ""5_1_grt__globalroute__design__instance__count__setup_buffer"", ""5_1_grt__globalroute__global_route__fastroute__finalization_s"", ""5_1_grt__globalroute__design__instance__count__stdcell"", ""5_1_grt__globalroute__global_route__fastroute__route_z_s"", ""5_1_grt__globalroute__design__instance__displacement__mean"", ""5_1_grt__globalroute__design__instance__utilization"", ""5_1_grt__globalroute__design__instance__displacement__total"", ""5_1_grt__globalroute__design__instance__utilization__stdcell"", ""5_1_grt__globalroute__design__nets"", ""5_1_grt__globalroute__flow__warnings__count"", ""5_1_grt__globalroute__flow__warnings__type_count"", ""5_1_grt__globalroute__global_route__fastroute__congestion_rsmt_s"", ""5_1_grt__globalroute__global_route__fastroute__initial_rsmt_s"", ""5_1_grt__globalroute__route__net"", ""5_1_grt__globalroute__global_route__fastroute__new_route_l_s"", ""5_1_grt__globalroute__global_route__fastroute__route_l_s""]",40,-0.07145488996539662
routing,area,41,5_1_grt__globalroute__power__leakage__total,0.9996593996540147,0.00025531526647464166,1.723767936197919,2.287662650582341,"[""5_2_route__detailedroute__route__wirelength__iter:1"", ""5_1_grt__globalroute__global_route__wirelength"", ""5_1_grt__globalroute__design__instance__displacement__max"", ""5_2_route__detailedroute__route__drc_errors__iter:1"", ""5_1_grt__globalroute__timing__drv__max_slew_limit"", ""5_1_grt__globalroute__dpl__hpwl__delta"", ""5_1_grt__globalroute__design__instance__area"", ""5_1_grt__globalroute__design__instance__area__stdcell"", ""param:CORE_UTILIZATION"", ""5_2_route__detailedroute__route__vias"", ""5_1_grt__globalroute__global_route__fastroute__overflow_iterations_s"", ""5_1_grt__globalroute__global_route__fastroute__spiral_s"", ""5_1_grt__globalroute__power__internal__total"", ""5_1_grt__globalroute__timing__drv__max_cap_limit"", ""5_1_grt__globalroute__timing__hold__ws"", ""5_2_route__detailedroute__route__drc_errors__iter:0"", ""5_1_grt__globalroute__clock__skew__hold"", ""5_2_route__detailedroute__route__drc_errors__iter:2"", ""5_1_grt__globalroute__dpl__hpwl__delta__percent"", ""5_1_grt__globalroute__timing__fmax"", ""5_1_grt__globalroute__global_route__fastroute__monotonic_s"", ""5_1_grt__globalroute__clock__skew__setup"", ""5_1_grt__globalroute__design__instance__count"", ""5_1_grt__globalroute__global_route__vias"", ""5_1_grt__globalroute__design__instance__count__setup_buffer"", ""5_1_grt__globalroute__global_route__fastroute__finalization_s"", ""5_1_grt__globalroute__design__instance__count__stdcell"", ""5_1_grt__globalroute__global_route__fastroute__route_z_s"", ""5_1_grt__globalroute__design__instance__displacement__mean"", ""5_1_grt__globalroute__design__instance__utilization"", ""5_1_grt__globalroute__design__instance__displacement__total"", ""5_1_grt__globalroute__design__instance__utilization__stdcell"", ""5_1_grt__globalroute__design__nets"", ""5_1_grt__globalroute__flow__warnings__count"", ""5_1_grt__globalroute__flow__warnings__type_count"", ""5_1_grt__globalroute__global_route__fastroute__congestion_rsmt_s"", ""5_1_grt__globalroute__global_route__fastroute__initial_rsmt_s"", ""5_1_grt__globalroute__route__net"", ""5_1_grt__globalroute__global_route__fastroute__new_route_l_s"", ""5_1_grt__globalroute__global_route__fastroute__route_l_s"", ""5_1_grt__globalroute__power__leakage__total""]",41,-0.07145488996539662
routing,area,42,5_1_grt__globalroute__power__switching__total,0.9997305612671147,0.00024359586102167902,1.423549381510429,1.9774853051062957,"[""5_2_route__detailedroute__route__wirelength__iter:1"", ""5_1_grt__globalroute__global_route__wirelength"", ""5_1_grt__globalroute__design__instance__displacement__max"", ""5_2_route__detailedroute__route__drc_errors__iter:1"", ""5_1_grt__globalroute__timing__drv__max_slew_limit"", ""5_1_grt__globalroute__dpl__hpwl__delta"", ""5_1_grt__globalroute__design__instance__area"", ""5_1_grt__globalroute__design__instance__area__stdcell"", ""param:CORE_UTILIZATION"", ""5_2_route__detailedroute__route__vias"", ""5_1_grt__globalroute__global_route__fastroute__overflow_iterations_s"", ""5_1_grt__globalroute__global_route__fastroute__spiral_s"", ""5_1_grt__globalroute__power__internal__total"", ""5_1_grt__globalroute__timing__drv__max_cap_limit"", ""5_1_grt__globalroute__timing__hold__ws"", ""5_2_route__detailedroute__route__drc_errors__iter:0"", ""5_1_grt__globalroute__clock__skew__hold"", ""5_2_route__detailedroute__route__drc_errors__iter:2"", ""5_1_grt__globalroute__dpl__hpwl__delta__percent"", ""5_1_grt__globalroute__timing__fmax"", ""5_1_grt__globalroute__global_route__fastroute__monotonic_s"", ""5_1_grt__globalroute__clock__skew__setup"", ""5_1_grt__globalroute__design__instance__count"", ""5_1_grt__globalroute__global_route__vias"", ""5_1_grt__globalroute__design__instance__count__setup_buffer"", ""5_1_grt__globalroute__global_route__fastroute__finalization_s"", ""5_1_grt__globalroute__design__instance__count__stdcell"", ""5_1_grt__globalroute__global_route__fastroute__route_z_s"", ""5_1_grt__globalroute__design__instance__displacement__mean"", ""5_1_grt__globalroute__design__instance__utilization"", ""5_1_grt__globalroute__design__instance__displacement__total"", ""5_1_grt__globalroute__design__instance__utilization__stdcell"", ""5_1_grt__globalroute__design__nets"", ""5_1_grt__globalroute__flow__warnings__count"", ""5_1_grt__globalroute__flow__warnings__type_count"", ""5_1_grt__globalroute__global_route__fastroute__congestion_rsmt_s"", ""5_1_grt__globalroute__global_route__fastroute__initial_rsmt_s"", ""5_1_grt__globalroute__route__net"", ""5_1_grt__globalroute__global_route__fastroute__new_route_l_s"", ""5_1_grt__globalroute__global_route__fastroute__route_l_s"", ""5_1_grt__globalroute__power__leakage__total"", ""5_1_grt__globalroute__power__switching__total""]",42,-0.07145488996539662
routing,area,43,5_1_grt__globalroute__power__total,0.9996165496738955,0.0002382441306118305,1.7686555013020857,2.4277385102940894,"[""5_2_route__detailedroute__route__wirelength__iter:1"", ""5_1_grt__globalroute__global_route__wirelength"", ""5_1_grt__globalroute__design__instance__displacement__max"", ""5_2_route__detailedroute__route__drc_errors__iter:1"", ""5_1_grt__globalroute__timing__drv__max_slew_limit"", ""5_1_grt__globalroute__dpl__hpwl__delta"", ""5_1_grt__globalroute__design__instance__area"", ""5_1_grt__globalroute__design__instance__area__stdcell"", ""param:CORE_UTILIZATION"", ""5_2_route__detailedroute__route__vias"", ""5_1_grt__globalroute__global_route__fastroute__overflow_iterations_s"", ""5_1_grt__globalroute__global_route__fastroute__spiral_s"", ""5_1_grt__globalroute__power__internal__total"", ""5_1_grt__globalroute__timing__drv__max_cap_limit"", ""5_1_grt__globalroute__timing__hold__ws"", ""5_2_route__detailedroute__route__drc_errors__iter:0"", ""5_1_grt__globalroute__clock__skew__hold"", ""5_2_route__detailedroute__route__drc_errors__iter:2"", ""5_1_grt__globalroute__dpl__hpwl__delta__percent"", ""5_1_grt__globalroute__timing__fmax"", ""5_1_grt__globalroute__global_route__fastroute__monotonic_s"", ""5_1_grt__globalroute__clock__skew__setup"", ""5_1_grt__globalroute__design__instance__count"", ""5_1_grt__globalroute__global_route__vias"", ""5_1_grt__globalroute__design__instance__count__setup_buffer"", ""5_1_grt__globalroute__global_route__fastroute__finalization_s"", ""5_1_grt__globalroute__design__instance__count__stdcell"", ""5_1_grt__globalroute__global_route__fastroute__route_z_s"", ""5_1_grt__globalroute__design__instance__displacement__mean"", ""5_1_grt__globalroute__design__instance__utilization"", ""5_1_grt__globalroute__design__instance__displacement__total"", ""5_1_grt__globalroute__design__instance__utilization__stdcell"", ""5_1_grt__globalroute__design__nets"", ""5_1_grt__globalroute__flow__warnings__count"", ""5_1_grt__globalroute__flow__warnings__type_count"", ""5_1_grt__globalroute__global_route__fastroute__congestion_rsmt_s"", ""5_1_grt__globalroute__global_route__fastroute__initial_rsmt_s"", ""5_1_grt__globalroute__route__net"", ""5_1_grt__globalroute__global_route__fastroute__new_route_l_s"", ""5_1_grt__globalroute__global_route__fastroute__route_l_s"", ""5_1_grt__globalroute__power__leakage__total"", ""5_1_grt__globalroute__power__switching__total"", ""5_1_grt__globalroute__power__total""]",43,-0.07145488996539662
routing,area,44,5_1_grt__globalroute__route__wirelength__estimated,0.9997155789827706,0.00023005299447647373,1.4559834635416793,2.080546817103976,"[""5_2_route__detailedroute__route__wirelength__iter:1"", ""5_1_grt__globalroute__global_route__wirelength"", ""5_1_grt__globalroute__design__instance__displacement__max"", ""5_2_route__detailedroute__route__drc_errors__iter:1"", ""5_1_grt__globalroute__timing__drv__max_slew_limit"", ""5_1_grt__globalroute__dpl__hpwl__delta"", ""5_1_grt__globalroute__design__instance__area"", ""5_1_grt__globalroute__design__instance__area__stdcell"", ""param:CORE_UTILIZATION"", ""5_2_route__detailedroute__route__vias"", ""5_1_grt__globalroute__global_route__fastroute__overflow_iterations_s"", ""5_1_grt__globalroute__global_route__fastroute__spiral_s"", ""5_1_grt__globalroute__power__internal__total"", ""5_1_grt__globalroute__timing__drv__max_cap_limit"", ""5_1_grt__globalroute__timing__hold__ws"", ""5_2_route__detailedroute__route__drc_errors__iter:0"", ""5_1_grt__globalroute__clock__skew__hold"", ""5_2_route__detailedroute__route__drc_errors__iter:2"", ""5_1_grt__globalroute__dpl__hpwl__delta__percent"", ""5_1_grt__globalroute__timing__fmax"", ""5_1_grt__globalroute__global_route__fastroute__monotonic_s"", ""5_1_grt__globalroute__clock__skew__setup"", ""5_1_grt__globalroute__design__instance__count"", ""5_1_grt__globalroute__global_route__vias"", ""5_1_grt__globalroute__design__instance__count__setup_buffer"", ""5_1_grt__globalroute__global_route__fastroute__finalization_s"", ""5_1_grt__globalroute__design__instance__count__stdcell"", ""5_1_grt__globalroute__global_route__fastroute__route_z_s"", ""5_1_grt__globalroute__design__instance__displacement__mean"", ""5_1_grt__globalroute__design__instance__utilization"", ""5_1_grt__globalroute__design__instance__displacement__total"", ""5_1_grt__globalroute__design__instance__utilization__stdcell"", ""5_1_grt__globalroute__design__nets"", ""5_1_grt__globalroute__flow__warnings__count"", ""5_1_grt__globalroute__flow__warnings__type_count"", ""5_1_grt__globalroute__global_route__fastroute__congestion_rsmt_s"", ""5_1_grt__globalroute__global_route__fastroute__initial_rsmt_s"", ""5_1_grt__globalroute__route__net"", ""5_1_grt__globalroute__global_route__fastroute__new_route_l_s"", ""5_1_grt__globalroute__global_route__fastroute__route_l_s"", ""5_1_grt__globalroute__power__leakage__total"", ""5_1_grt__globalroute__power__switching__total"", ""5_1_grt__globalroute__power__total"", ""5_1_grt__globalroute__route__wirelength__estimated""]",44,-0.07145488996539662
routing,area,45,5_1_grt__globalroute__timing__drv__setup_violation_count,0.9996080067903278,0.0002502301665445431,1.7796458984375023,2.428691138351542,"[""5_2_route__detailedroute__route__wirelength__iter:1"", ""5_1_grt__globalroute__global_route__wirelength"", ""5_1_grt__globalroute__design__instance__displacement__max"", ""5_2_route__detailedroute__route__drc_errors__iter:1"", ""5_1_grt__globalroute__timing__drv__max_slew_limit"", ""5_1_grt__globalroute__dpl__hpwl__delta"", ""5_1_grt__globalroute__design__instance__area"", ""5_1_grt__globalroute__design__instance__area__stdcell"", ""param:CORE_UTILIZATION"", ""5_2_route__detailedroute__route__vias"", ""5_1_grt__globalroute__global_route__fastroute__overflow_iterations_s"", ""5_1_grt__globalroute__global_route__fastroute__spiral_s"", ""5_1_grt__globalroute__power__internal__total"", ""5_1_grt__globalroute__timing__drv__max_cap_limit"", ""5_1_grt__globalroute__timing__hold__ws"", ""5_2_route__detailedroute__route__drc_errors__iter:0"", ""5_1_grt__globalroute__clock__skew__hold"", ""5_2_route__detailedroute__route__drc_errors__iter:2"", ""5_1_grt__globalroute__dpl__hpwl__delta__percent"", ""5_1_grt__globalroute__timing__fmax"", ""5_1_grt__globalroute__global_route__fastroute__monotonic_s"", ""5_1_grt__globalroute__clock__skew__setup"", ""5_1_grt__globalroute__design__instance__count"", ""5_1_grt__globalroute__global_route__vias"", ""5_1_grt__globalroute__design__instance__count__setup_buffer"", ""5_1_grt__globalroute__global_route__fastroute__finalization_s"", ""5_1_grt__globalroute__design__instance__count__stdcell"", ""5_1_grt__globalroute__global_route__fastroute__route_z_s"", ""5_1_grt__globalroute__design__instance__displacement__mean"", ""5_1_grt__globalroute__design__instance__utilization"", ""5_1_grt__globalroute__design__instance__displacement__total"", ""5_1_grt__globalroute__design__instance__utilization__stdcell"", ""5_1_grt__globalroute__design__nets"", ""5_1_grt__globalroute__flow__warnings__count"", ""5_1_grt__globalroute__flow__warnings__type_count"", ""5_1_grt__globalroute__global_route__fastroute__congestion_rsmt_s"", ""5_1_grt__globalroute__global_route__fastroute__initial_rsmt_s"", ""5_1_grt__globalroute__route__net"", ""5_1_grt__globalroute__global_route__fastroute__new_route_l_s"", ""5_1_grt__globalroute__global_route__fastroute__route_l_s"", ""5_1_grt__globalroute__power__leakage__total"", ""5_1_grt__globalroute__power__switching__total"", ""5_1_grt__globalroute__power__total"", ""5_1_grt__globalroute__route__wirelength__estimated"", ""5_1_grt__globalroute__timing__drv__setup_violation_count""]",45,-0.07145488996539662
routing,area,46,5_1_grt__globalroute__timing__fmax__clock:core_clock,0.9996754029243845,0.00023635921693985137,1.5537821289062625,2.183455333672677,"[""5_2_route__detailedroute__route__wirelength__iter:1"", ""5_1_grt__globalroute__global_route__wirelength"", ""5_1_grt__globalroute__design__instance__displacement__max"", ""5_2_route__detailedroute__route__drc_errors__iter:1"", ""5_1_grt__globalroute__timing__drv__max_slew_limit"", ""5_1_grt__globalroute__dpl__hpwl__delta"", ""5_1_grt__globalroute__design__instance__area"", ""5_1_grt__globalroute__design__instance__area__stdcell"", ""param:CORE_UTILIZATION"", ""5_2_route__detailedroute__route__vias"", ""5_1_grt__globalroute__global_route__fastroute__overflow_iterations_s"", ""5_1_grt__globalroute__global_route__fastroute__spiral_s"", ""5_1_grt__globalroute__power__internal__total"", ""5_1_grt__globalroute__timing__drv__max_cap_limit"", ""5_1_grt__globalroute__timing__hold__ws"", ""5_2_route__detailedroute__route__drc_errors__iter:0"", ""5_1_grt__globalroute__clock__skew__hold"", ""5_2_route__detailedroute__route__drc_errors__iter:2"", ""5_1_grt__globalroute__dpl__hpwl__delta__percent"", ""5_1_grt__globalroute__timing__fmax"", ""5_1_grt__globalroute__global_route__fastroute__monotonic_s"", ""5_1_grt__globalroute__clock__skew__setup"", ""5_1_grt__globalroute__design__instance__count"", ""5_1_grt__globalroute__global_route__vias"", ""5_1_grt__globalroute__design__instance__count__setup_buffer"", ""5_1_grt__globalroute__global_route__fastroute__finalization_s"", ""5_1_grt__globalroute__design__instance__count__stdcell"", ""5_1_grt__globalroute__global_route__fastroute__route_z_s"", ""5_1_grt__globalroute__design__instance__displacement__mean"", ""5_1_grt__globalroute__design__instance__utilization"", ""5_1_grt__globalroute__design__instance__displacement__total"", ""5_1_grt__globalroute__design__instance__utilization__stdcell"", ""5_1_grt__globalroute__design__nets"", ""5_1_grt__globalroute__flow__warnings__count"", ""5_1_grt__globalroute__flow__warnings__type_count"", ""5_1_grt__globalroute__global_route__fastroute__congestion_rsmt_s"", ""5_1_grt__globalroute__global_route__fastroute__initial_rsmt_s"", ""5_1_grt__globalroute__route__net"", ""5_1_grt__globalroute__global_route__fastroute__new_route_l_s"", ""5_1_grt__globalroute__global_route__fastroute__route_l_s"", ""5_1_grt__globalroute__power__leakage__total"", ""5_1_grt__globalroute__power__switching__total"", ""5_1_grt__globalroute__power__total"", ""5_1_grt__globalroute__route__wirelength__estimated"", ""5_1_grt__globalroute__timing__drv__setup_violation_count"", ""5_1_grt__globalroute__timing__fmax__clock:core_clock""]",46,-0.07145488996539662
routing,area,47,5_1_grt__globalroute__timing__setup__tns,0.9997659591513136,0.00026116533839371273,1.2022654947916787,1.7157614371936794,"[""5_2_route__detailedroute__route__wirelength__iter:1"", ""5_1_grt__globalroute__global_route__wirelength"", ""5_1_grt__globalroute__design__instance__displacement__max"", ""5_2_route__detailedroute__route__drc_errors__iter:1"", ""5_1_grt__globalroute__timing__drv__max_slew_limit"", ""5_1_grt__globalroute__dpl__hpwl__delta"", ""5_1_grt__globalroute__design__instance__area"", ""5_1_grt__globalroute__design__instance__area__stdcell"", ""param:CORE_UTILIZATION"", ""5_2_route__detailedroute__route__vias"", ""5_1_grt__globalroute__global_route__fastroute__overflow_iterations_s"", ""5_1_grt__globalroute__global_route__fastroute__spiral_s"", ""5_1_grt__globalroute__power__internal__total"", ""5_1_grt__globalroute__timing__drv__max_cap_limit"", ""5_1_grt__globalroute__timing__hold__ws"", ""5_2_route__detailedroute__route__drc_errors__iter:0"", ""5_1_grt__globalroute__clock__skew__hold"", ""5_2_route__detailedroute__route__drc_errors__iter:2"", ""5_1_grt__globalroute__dpl__hpwl__delta__percent"", ""5_1_grt__globalroute__timing__fmax"", ""5_1_grt__globalroute__global_route__fastroute__monotonic_s"", ""5_1_grt__globalroute__clock__skew__setup"", ""5_1_grt__globalroute__design__instance__count"", ""5_1_grt__globalroute__global_route__vias"", ""5_1_grt__globalroute__design__instance__count__setup_buffer"", ""5_1_grt__globalroute__global_route__fastroute__finalization_s"", ""5_1_grt__globalroute__design__instance__count__stdcell"", ""5_1_grt__globalroute__global_route__fastroute__route_z_s"", ""5_1_grt__globalroute__design__instance__displacement__mean"", ""5_1_grt__globalroute__design__instance__utilization"", ""5_1_grt__globalroute__design__instance__displacement__total"", ""5_1_grt__globalroute__design__instance__utilization__stdcell"", ""5_1_grt__globalroute__design__nets"", ""5_1_grt__globalroute__flow__warnings__count"", ""5_1_grt__globalroute__flow__warnings__type_count"", ""5_1_grt__globalroute__global_route__fastroute__congestion_rsmt_s"", ""5_1_grt__globalroute__global_route__fastroute__initial_rsmt_s"", ""5_1_grt__globalroute__route__net"", ""5_1_grt__globalroute__global_route__fastroute__new_route_l_s"", ""5_1_grt__globalroute__global_route__fastroute__route_l_s"", ""5_1_grt__globalroute__power__leakage__total"", ""5_1_grt__globalroute__power__switching__total"", ""5_1_grt__globalroute__power__total"", ""5_1_grt__globalroute__route__wirelength__estimated"", ""5_1_grt__globalroute__timing__drv__setup_violation_count"", ""5_1_grt__globalroute__timing__fmax__clock:core_clock"", ""5_1_grt__globalroute__timing__setup__tns""]",47,-0.07145488996539662
routing,area,48,5_1_grt__globalroute__timing__setup__ws,0.9996808128772353,0.0001937815536184401,1.5655311523437527,2.267923936289091,"[""5_2_route__detailedroute__route__wirelength__iter:1"", ""5_1_grt__globalroute__global_route__wirelength"", ""5_1_grt__globalroute__design__instance__displacement__max"", ""5_2_route__detailedroute__route__drc_errors__iter:1"", ""5_1_grt__globalroute__timing__drv__max_slew_limit"", ""5_1_grt__globalroute__dpl__hpwl__delta"", ""5_1_grt__globalroute__design__instance__area"", ""5_1_grt__globalroute__design__instance__area__stdcell"", ""param:CORE_UTILIZATION"", ""5_2_route__detailedroute__route__vias"", ""5_1_grt__globalroute__global_route__fastroute__overflow_iterations_s"", ""5_1_grt__globalroute__global_route__fastroute__spiral_s"", ""5_1_grt__globalroute__power__internal__total"", ""5_1_grt__globalroute__timing__drv__max_cap_limit"", ""5_1_grt__globalroute__timing__hold__ws"", ""5_2_route__detailedroute__route__drc_errors__iter:0"", ""5_1_grt__globalroute__clock__skew__hold"", ""5_2_route__detailedroute__route__drc_errors__iter:2"", ""5_1_grt__globalroute__dpl__hpwl__delta__percent"", ""5_1_grt__globalroute__timing__fmax"", ""5_1_grt__globalroute__global_route__fastroute__monotonic_s"", ""5_1_grt__globalroute__clock__skew__setup"", ""5_1_grt__globalroute__design__instance__count"", ""5_1_grt__globalroute__global_route__vias"", ""5_1_grt__globalroute__design__instance__count__setup_buffer"", ""5_1_grt__globalroute__global_route__fastroute__finalization_s"", ""5_1_grt__globalroute__design__instance__count__stdcell"", ""5_1_grt__globalroute__global_route__fastroute__route_z_s"", ""5_1_grt__globalroute__design__instance__displacement__mean"", ""5_1_grt__globalroute__design__instance__utilization"", ""5_1_grt__globalroute__design__instance__displacement__total"", ""5_1_grt__globalroute__design__instance__utilization__stdcell"", ""5_1_grt__globalroute__design__nets"", ""5_1_grt__globalroute__flow__warnings__count"", ""5_1_grt__globalroute__flow__warnings__type_count"", ""5_1_grt__globalroute__global_route__fastroute__congestion_rsmt_s"", ""5_1_grt__globalroute__global_route__fastroute__initial_rsmt_s"", ""5_1_grt__globalroute__route__net"", ""5_1_grt__globalroute__global_route__fastroute__new_route_l_s"", ""5_1_grt__globalroute__global_route__fastroute__route_l_s"", ""5_1_grt__globalroute__power__leakage__total"", ""5_1_grt__globalroute__power__switching__total"", ""5_1_grt__globalroute__power__total"", ""5_1_grt__globalroute__route__wirelength__estimated"", ""5_1_grt__globalroute__timing__drv__setup_violation_count"", ""5_1_grt__globalroute__timing__fmax__clock:core_clock"", ""5_1_grt__globalroute__timing__setup__tns"", ""5_1_grt__globalroute__timing__setup__ws""]",48,-0.07145488996539662
routing,area,49,5_1_grt__globalroute__utilization__before__dpl,0.9997421698738864,0.00024415792876330406,1.325711132812512,1.9119096934474902,"[""5_2_route__detailedroute__route__wirelength__iter:1"", ""5_1_grt__globalroute__global_route__wirelength"", ""5_1_grt__globalroute__design__instance__displacement__max"", ""5_2_route__detailedroute__route__drc_errors__iter:1"", ""5_1_grt__globalroute__timing__drv__max_slew_limit"", ""5_1_grt__globalroute__dpl__hpwl__delta"", ""5_1_grt__globalroute__design__instance__area"", ""5_1_grt__globalroute__design__instance__area__stdcell"", ""param:CORE_UTILIZATION"", ""5_2_route__detailedroute__route__vias"", ""5_1_grt__globalroute__global_route__fastroute__overflow_iterations_s"", ""5_1_grt__globalroute__global_route__fastroute__spiral_s"", ""5_1_grt__globalroute__power__internal__total"", ""5_1_grt__globalroute__timing__drv__max_cap_limit"", ""5_1_grt__globalroute__timing__hold__ws"", ""5_2_route__detailedroute__route__drc_errors__iter:0"", ""5_1_grt__globalroute__clock__skew__hold"", ""5_2_route__detailedroute__route__drc_errors__iter:2"", ""5_1_grt__globalroute__dpl__hpwl__delta__percent"", ""5_1_grt__globalroute__timing__fmax"", ""5_1_grt__globalroute__global_route__fastroute__monotonic_s"", ""5_1_grt__globalroute__clock__skew__setup"", ""5_1_grt__globalroute__design__instance__count"", ""5_1_grt__globalroute__global_route__vias"", ""5_1_grt__globalroute__design__instance__count__setup_buffer"", ""5_1_grt__globalroute__global_route__fastroute__finalization_s"", ""5_1_grt__globalroute__design__instance__count__stdcell"", ""5_1_grt__globalroute__global_route__fastroute__route_z_s"", ""5_1_grt__globalroute__design__instance__displacement__mean"", ""5_1_grt__globalroute__design__instance__utilization"", ""5_1_grt__globalroute__design__instance__displacement__total"", ""5_1_grt__globalroute__design__instance__utilization__stdcell"", ""5_1_grt__globalroute__design__nets"", ""5_1_grt__globalroute__flow__warnings__count"", ""5_1_grt__globalroute__flow__warnings__type_count"", ""5_1_grt__globalroute__global_route__fastroute__congestion_rsmt_s"", ""5_1_grt__globalroute__global_route__fastroute__initial_rsmt_s"", ""5_1_grt__globalroute__route__net"", ""5_1_grt__globalroute__global_route__fastroute__new_route_l_s"", ""5_1_grt__globalroute__global_route__fastroute__route_l_s"", ""5_1_grt__globalroute__power__leakage__total"", ""5_1_grt__globalroute__power__switching__total"", ""5_1_grt__globalroute__power__total"", ""5_1_grt__globalroute__route__wirelength__estimated"", ""5_1_grt__globalroute__timing__drv__setup_violation_count"", ""5_1_grt__globalroute__timing__fmax__clock:core_clock"", ""5_1_grt__globalroute__timing__setup__tns"", ""5_1_grt__globalroute__timing__setup__ws"", ""5_1_grt__globalroute__utilization__before__dpl""]",49,-0.07145488996539662
routing,area,50,5_2_route__detailedroute__route__net,0.9997092778157963,0.00022070247600040592,1.4520138997395862,2.1354469218969045,"[""5_2_route__detailedroute__route__wirelength__iter:1"", ""5_1_grt__globalroute__global_route__wirelength"", ""5_1_grt__globalroute__design__instance__displacement__max"", ""5_2_route__detailedroute__route__drc_errors__iter:1"", ""5_1_grt__globalroute__timing__drv__max_slew_limit"", ""5_1_grt__globalroute__dpl__hpwl__delta"", ""5_1_grt__globalroute__design__instance__area"", ""5_1_grt__globalroute__design__instance__area__stdcell"", ""param:CORE_UTILIZATION"", ""5_2_route__detailedroute__route__vias"", ""5_1_grt__globalroute__global_route__fastroute__overflow_iterations_s"", ""5_1_grt__globalroute__global_route__fastroute__spiral_s"", ""5_1_grt__globalroute__power__internal__total"", ""5_1_grt__globalroute__timing__drv__max_cap_limit"", ""5_1_grt__globalroute__timing__hold__ws"", ""5_2_route__detailedroute__route__drc_errors__iter:0"", ""5_1_grt__globalroute__clock__skew__hold"", ""5_2_route__detailedroute__route__drc_errors__iter:2"", ""5_1_grt__globalroute__dpl__hpwl__delta__percent"", ""5_1_grt__globalroute__timing__fmax"", ""5_1_grt__globalroute__global_route__fastroute__monotonic_s"", ""5_1_grt__globalroute__clock__skew__setup"", ""5_1_grt__globalroute__design__instance__count"", ""5_1_grt__globalroute__global_route__vias"", ""5_1_grt__globalroute__design__instance__count__setup_buffer"", ""5_1_grt__globalroute__global_route__fastroute__finalization_s"", ""5_1_grt__globalroute__design__instance__count__stdcell"", ""5_1_grt__globalroute__global_route__fastroute__route_z_s"", ""5_1_grt__globalroute__design__instance__displacement__mean"", ""5_1_grt__globalroute__design__instance__utilization"", ""5_1_grt__globalroute__design__instance__displacement__total"", ""5_1_grt__globalroute__design__instance__utilization__stdcell"", ""5_1_grt__globalroute__design__nets"", ""5_1_grt__globalroute__flow__warnings__count"", ""5_1_grt__globalroute__flow__warnings__type_count"", ""5_1_grt__globalroute__global_route__fastroute__congestion_rsmt_s"", ""5_1_grt__globalroute__global_route__fastroute__initial_rsmt_s"", ""5_1_grt__globalroute__route__net"", ""5_1_grt__globalroute__global_route__fastroute__new_route_l_s"", ""5_1_grt__globalroute__global_route__fastroute__route_l_s"", ""5_1_grt__globalroute__power__leakage__total"", ""5_1_grt__globalroute__power__switching__total"", ""5_1_grt__globalroute__power__total"", ""5_1_grt__globalroute__route__wirelength__estimated"", ""5_1_grt__globalroute__timing__drv__setup_violation_count"", ""5_1_grt__globalroute__timing__fmax__clock:core_clock"", ""5_1_grt__globalroute__timing__setup__tns"", ""5_1_grt__globalroute__timing__setup__ws"", ""5_1_grt__globalroute__utilization__before__dpl"", ""5_2_route__detailedroute__route__net""]",50,-0.07145488996539662
routing,area,51,5_2_route__detailedroute__route__vias__singlecut,0.9997352645524771,0.00026764017236020915,1.3740469075520954,1.892657655820323,"[""5_2_route__detailedroute__route__wirelength__iter:1"", ""5_1_grt__globalroute__global_route__wirelength"", ""5_1_grt__globalroute__design__instance__displacement__max"", ""5_2_route__detailedroute__route__drc_errors__iter:1"", ""5_1_grt__globalroute__timing__drv__max_slew_limit"", ""5_1_grt__globalroute__dpl__hpwl__delta"", ""5_1_grt__globalroute__design__instance__area"", ""5_1_grt__globalroute__design__instance__area__stdcell"", ""param:CORE_UTILIZATION"", ""5_2_route__detailedroute__route__vias"", ""5_1_grt__globalroute__global_route__fastroute__overflow_iterations_s"", ""5_1_grt__globalroute__global_route__fastroute__spiral_s"", ""5_1_grt__globalroute__power__internal__total"", ""5_1_grt__globalroute__timing__drv__max_cap_limit"", ""5_1_grt__globalroute__timing__hold__ws"", ""5_2_route__detailedroute__route__drc_errors__iter:0"", ""5_1_grt__globalroute__clock__skew__hold"", ""5_2_route__detailedroute__route__drc_errors__iter:2"", ""5_1_grt__globalroute__dpl__hpwl__delta__percent"", ""5_1_grt__globalroute__timing__fmax"", ""5_1_grt__globalroute__global_route__fastroute__monotonic_s"", ""5_1_grt__globalroute__clock__skew__setup"", ""5_1_grt__globalroute__design__instance__count"", ""5_1_grt__globalroute__global_route__vias"", ""5_1_grt__globalroute__design__instance__count__setup_buffer"", ""5_1_grt__globalroute__global_route__fastroute__finalization_s"", ""5_1_grt__globalroute__design__instance__count__stdcell"", ""5_1_grt__globalroute__global_route__fastroute__route_z_s"", ""5_1_grt__globalroute__design__instance__displacement__mean"", ""5_1_grt__globalroute__design__instance__utilization"", ""5_1_grt__globalroute__design__instance__displacement__total"", ""5_1_grt__globalroute__design__instance__utilization__stdcell"", ""5_1_grt__globalroute__design__nets"", ""5_1_grt__globalroute__flow__warnings__count"", ""5_1_grt__globalroute__flow__warnings__type_count"", ""5_1_grt__globalroute__global_route__fastroute__congestion_rsmt_s"", ""5_1_grt__globalroute__global_route__fastroute__initial_rsmt_s"", ""5_1_grt__globalroute__route__net"", ""5_1_grt__globalroute__global_route__fastroute__new_route_l_s"", ""5_1_grt__globalroute__global_route__fastroute__route_l_s"", ""5_1_grt__globalroute__power__leakage__total"", ""5_1_grt__globalroute__power__switching__total"", ""5_1_grt__globalroute__power__total"", ""5_1_grt__globalroute__route__wirelength__estimated"", ""5_1_grt__globalroute__timing__drv__setup_violation_count"", ""5_1_grt__globalroute__timing__fmax__clock:core_clock"", ""5_1_grt__globalroute__timing__setup__tns"", ""5_1_grt__globalroute__timing__setup__ws"", ""5_1_grt__globalroute__utilization__before__dpl"", ""5_2_route__detailedroute__route__net"", ""5_2_route__detailedroute__route__vias__singlecut""]",51,-0.07145488996539662
routing,area,52,5_2_route__detailedroute__route__wirelength,0.9997399580974934,0.0002990595671774195,1.376473600260427,1.7770399781037158,"[""5_2_route__detailedroute__route__wirelength__iter:1"", ""5_1_grt__globalroute__global_route__wirelength"", ""5_1_grt__globalroute__design__instance__displacement__max"", ""5_2_route__detailedroute__route__drc_errors__iter:1"", ""5_1_grt__globalroute__timing__drv__max_slew_limit"", ""5_1_grt__globalroute__dpl__hpwl__delta"", ""5_1_grt__globalroute__design__instance__area"", ""5_1_grt__globalroute__design__instance__area__stdcell"", ""param:CORE_UTILIZATION"", ""5_2_route__detailedroute__route__vias"", ""5_1_grt__globalroute__global_route__fastroute__overflow_iterations_s"", ""5_1_grt__globalroute__global_route__fastroute__spiral_s"", ""5_1_grt__globalroute__power__internal__total"", ""5_1_grt__globalroute__timing__drv__max_cap_limit"", ""5_1_grt__globalroute__timing__hold__ws"", ""5_2_route__detailedroute__route__drc_errors__iter:0"", ""5_1_grt__globalroute__clock__skew__hold"", ""5_2_route__detailedroute__route__drc_errors__iter:2"", ""5_1_grt__globalroute__dpl__hpwl__delta__percent"", ""5_1_grt__globalroute__timing__fmax"", ""5_1_grt__globalroute__global_route__fastroute__monotonic_s"", ""5_1_grt__globalroute__clock__skew__setup"", ""5_1_grt__globalroute__design__instance__count"", ""5_1_grt__globalroute__global_route__vias"", ""5_1_grt__globalroute__design__instance__count__setup_buffer"", ""5_1_grt__globalroute__global_route__fastroute__finalization_s"", ""5_1_grt__globalroute__design__instance__count__stdcell"", ""5_1_grt__globalroute__global_route__fastroute__route_z_s"", ""5_1_grt__globalroute__design__instance__displacement__mean"", ""5_1_grt__globalroute__design__instance__utilization"", ""5_1_grt__globalroute__design__instance__displacement__total"", ""5_1_grt__globalroute__design__instance__utilization__stdcell"", ""5_1_grt__globalroute__design__nets"", ""5_1_grt__globalroute__flow__warnings__count"", ""5_1_grt__globalroute__flow__warnings__type_count"", ""5_1_grt__globalroute__global_route__fastroute__congestion_rsmt_s"", ""5_1_grt__globalroute__global_route__fastroute__initial_rsmt_s"", ""5_1_grt__globalroute__route__net"", ""5_1_grt__globalroute__global_route__fastroute__new_route_l_s"", ""5_1_grt__globalroute__global_route__fastroute__route_l_s"", ""5_1_grt__globalroute__power__leakage__total"", ""5_1_grt__globalroute__power__switching__total"", ""5_1_grt__globalroute__power__total"", ""5_1_grt__globalroute__route__wirelength__estimated"", ""5_1_grt__globalroute__timing__drv__setup_violation_count"", ""5_1_grt__globalroute__timing__fmax__clock:core_clock"", ""5_1_grt__globalroute__timing__setup__tns"", ""5_1_grt__globalroute__timing__setup__ws"", ""5_1_grt__globalroute__utilization__before__dpl"", ""5_2_route__detailedroute__route__net"", ""5_2_route__detailedroute__route__vias__singlecut"", ""5_2_route__detailedroute__route__wirelength""]",52,-0.07145488996539662
routing,area,53,5_2_route__detailedroute__route__wirelength__iter:0,0.999736013725603,0.00026752611292707576,1.3761790690104287,1.8889113422401695,"[""5_2_route__detailedroute__route__wirelength__iter:1"", ""5_1_grt__globalroute__global_route__wirelength"", ""5_1_grt__globalroute__design__instance__displacement__max"", ""5_2_route__detailedroute__route__drc_errors__iter:1"", ""5_1_grt__globalroute__timing__drv__max_slew_limit"", ""5_1_grt__globalroute__dpl__hpwl__delta"", ""5_1_grt__globalroute__design__instance__area"", ""5_1_grt__globalroute__design__instance__area__stdcell"", ""param:CORE_UTILIZATION"", ""5_2_route__detailedroute__route__vias"", ""5_1_grt__globalroute__global_route__fastroute__overflow_iterations_s"", ""5_1_grt__globalroute__global_route__fastroute__spiral_s"", ""5_1_grt__globalroute__power__internal__total"", ""5_1_grt__globalroute__timing__drv__max_cap_limit"", ""5_1_grt__globalroute__timing__hold__ws"", ""5_2_route__detailedroute__route__drc_errors__iter:0"", ""5_1_grt__globalroute__clock__skew__hold"", ""5_2_route__detailedroute__route__drc_errors__iter:2"", ""5_1_grt__globalroute__dpl__hpwl__delta__percent"", ""5_1_grt__globalroute__timing__fmax"", ""5_1_grt__globalroute__global_route__fastroute__monotonic_s"", ""5_1_grt__globalroute__clock__skew__setup"", ""5_1_grt__globalroute__design__instance__count"", ""5_1_grt__globalroute__global_route__vias"", ""5_1_grt__globalroute__design__instance__count__setup_buffer"", ""5_1_grt__globalroute__global_route__fastroute__finalization_s"", ""5_1_grt__globalroute__design__instance__count__stdcell"", ""5_1_grt__globalroute__global_route__fastroute__route_z_s"", ""5_1_grt__globalroute__design__instance__displacement__mean"", ""5_1_grt__globalroute__design__instance__utilization"", ""5_1_grt__globalroute__design__instance__displacement__total"", ""5_1_grt__globalroute__design__instance__utilization__stdcell"", ""5_1_grt__globalroute__design__nets"", ""5_1_grt__globalroute__flow__warnings__count"", ""5_1_grt__globalroute__flow__warnings__type_count"", ""5_1_grt__globalroute__global_route__fastroute__congestion_rsmt_s"", ""5_1_grt__globalroute__global_route__fastroute__initial_rsmt_s"", ""5_1_grt__globalroute__route__net"", ""5_1_grt__globalroute__global_route__fastroute__new_route_l_s"", ""5_1_grt__globalroute__global_route__fastroute__route_l_s"", ""5_1_grt__globalroute__power__leakage__total"", ""5_1_grt__globalroute__power__switching__total"", ""5_1_grt__globalroute__power__total"", ""5_1_grt__globalroute__route__wirelength__estimated"", ""5_1_grt__globalroute__timing__drv__setup_violation_count"", ""5_1_grt__globalroute__timing__fmax__clock:core_clock"", ""5_1_grt__globalroute__timing__setup__tns"", ""5_1_grt__globalroute__timing__setup__ws"", ""5_1_grt__globalroute__utilization__before__dpl"", ""5_2_route__detailedroute__route__net"", ""5_2_route__detailedroute__route__vias__singlecut"", ""5_2_route__detailedroute__route__wirelength"", ""5_2_route__detailedroute__route__wirelength__iter:0""]",53,-0.07145488996539662
routing,area,54,5_2_route__detailedroute__route__wirelength__iter:2,0.9994248846049172,0.0001434573911759274,2.1956405598958404,3.2295903044520595,"[""5_2_route__detailedroute__route__wirelength__iter:1"", ""5_1_grt__globalroute__global_route__wirelength"", ""5_1_grt__globalroute__design__instance__displacement__max"", ""5_2_route__detailedroute__route__drc_errors__iter:1"", ""5_1_grt__globalroute__timing__drv__max_slew_limit"", ""5_1_grt__globalroute__dpl__hpwl__delta"", ""5_1_grt__globalroute__design__instance__area"", ""5_1_grt__globalroute__design__instance__area__stdcell"", ""param:CORE_UTILIZATION"", ""5_2_route__detailedroute__route__vias"", ""5_1_grt__globalroute__global_route__fastroute__overflow_iterations_s"", ""5_1_grt__globalroute__global_route__fastroute__spiral_s"", ""5_1_grt__globalroute__power__internal__total"", ""5_1_grt__globalroute__timing__drv__max_cap_limit"", ""5_1_grt__globalroute__timing__hold__ws"", ""5_2_route__detailedroute__route__drc_errors__iter:0"", ""5_1_grt__globalroute__clock__skew__hold"", ""5_2_route__detailedroute__route__drc_errors__iter:2"", ""5_1_grt__globalroute__dpl__hpwl__delta__percent"", ""5_1_grt__globalroute__timing__fmax"", ""5_1_grt__globalroute__global_route__fastroute__monotonic_s"", ""5_1_grt__globalroute__clock__skew__setup"", ""5_1_grt__globalroute__design__instance__count"", ""5_1_grt__globalroute__global_route__vias"", ""5_1_grt__globalroute__design__instance__count__setup_buffer"", ""5_1_grt__globalroute__global_route__fastroute__finalization_s"", ""5_1_grt__globalroute__design__instance__count__stdcell"", ""5_1_grt__globalroute__global_route__fastroute__route_z_s"", ""5_1_grt__globalroute__design__instance__displacement__mean"", ""5_1_grt__globalroute__design__instance__utilization"", ""5_1_grt__globalroute__design__instance__displacement__total"", ""5_1_grt__globalroute__design__instance__utilization__stdcell"", ""5_1_grt__globalroute__design__nets"", ""5_1_grt__globalroute__flow__warnings__count"", ""5_1_grt__globalroute__flow__warnings__type_count"", ""5_1_grt__globalroute__global_route__fastroute__congestion_rsmt_s"", ""5_1_grt__globalroute__global_route__fastroute__initial_rsmt_s"", ""5_1_grt__globalroute__route__net"", ""5_1_grt__globalroute__global_route__fastroute__new_route_l_s"", ""5_1_grt__globalroute__global_route__fastroute__route_l_s"", ""5_1_grt__globalroute__power__leakage__total"", ""5_1_grt__globalroute__power__switching__total"", ""5_1_grt__globalroute__power__total"", ""5_1_grt__globalroute__route__wirelength__estimated"", ""5_1_grt__globalroute__timing__drv__setup_violation_count"", ""5_1_grt__globalroute__timing__fmax__clock:core_clock"", ""5_1_grt__globalroute__timing__setup__tns"", ""5_1_grt__globalroute__timing__setup__ws"", ""5_1_grt__globalroute__utilization__before__dpl"", ""5_2_route__detailedroute__route__net"", ""5_2_route__detailedroute__route__vias__singlecut"", ""5_2_route__detailedroute__route__wirelength"", ""5_2_route__detailedroute__route__wirelength__iter:0"", ""5_2_route__detailedroute__route__wirelength__iter:2""]",54,-0.07145488996539662
routing,area,55,5_2_route__detailedroute__route__wirelength__iter:3,0.9997575144376666,0.000282768988931235,1.2783586588541767,1.7039684541077147,"[""5_2_route__detailedroute__route__wirelength__iter:1"", ""5_1_grt__globalroute__global_route__wirelength"", ""5_1_grt__globalroute__design__instance__displacement__max"", ""5_2_route__detailedroute__route__drc_errors__iter:1"", ""5_1_grt__globalroute__timing__drv__max_slew_limit"", ""5_1_grt__globalroute__dpl__hpwl__delta"", ""5_1_grt__globalroute__design__instance__area"", ""5_1_grt__globalroute__design__instance__area__stdcell"", ""param:CORE_UTILIZATION"", ""5_2_route__detailedroute__route__vias"", ""5_1_grt__globalroute__global_route__fastroute__overflow_iterations_s"", ""5_1_grt__globalroute__global_route__fastroute__spiral_s"", ""5_1_grt__globalroute__power__internal__total"", ""5_1_grt__globalroute__timing__drv__max_cap_limit"", ""5_1_grt__globalroute__timing__hold__ws"", ""5_2_route__detailedroute__route__drc_errors__iter:0"", ""5_1_grt__globalroute__clock__skew__hold"", ""5_2_route__detailedroute__route__drc_errors__iter:2"", ""5_1_grt__globalroute__dpl__hpwl__delta__percent"", ""5_1_grt__globalroute__timing__fmax"", ""5_1_grt__globalroute__global_route__fastroute__monotonic_s"", ""5_1_grt__globalroute__clock__skew__setup"", ""5_1_grt__globalroute__design__instance__count"", ""5_1_grt__globalroute__global_route__vias"", ""5_1_grt__globalroute__design__instance__count__setup_buffer"", ""5_1_grt__globalroute__global_route__fastroute__finalization_s"", ""5_1_grt__globalroute__design__instance__count__stdcell"", ""5_1_grt__globalroute__global_route__fastroute__route_z_s"", ""5_1_grt__globalroute__design__instance__displacement__mean"", ""5_1_grt__globalroute__design__instance__utilization"", ""5_1_grt__globalroute__design__instance__displacement__total"", ""5_1_grt__globalroute__design__instance__utilization__stdcell"", ""5_1_grt__globalroute__design__nets"", ""5_1_grt__globalroute__flow__warnings__count"", ""5_1_grt__globalroute__flow__warnings__type_count"", ""5_1_grt__globalroute__global_route__fastroute__congestion_rsmt_s"", ""5_1_grt__globalroute__global_route__fastroute__initial_rsmt_s"", ""5_1_grt__globalroute__route__net"", ""5_1_grt__globalroute__global_route__fastroute__new_route_l_s"", ""5_1_grt__globalroute__global_route__fastroute__route_l_s"", ""5_1_grt__globalroute__power__leakage__total"", ""5_1_grt__globalroute__power__switching__total"", ""5_1_grt__globalroute__power__total"", ""5_1_grt__globalroute__route__wirelength__estimated"", ""5_1_grt__globalroute__timing__drv__setup_violation_count"", ""5_1_grt__globalroute__timing__fmax__clock:core_clock"", ""5_1_grt__globalroute__timing__setup__tns"", ""5_1_grt__globalroute__timing__setup__ws"", ""5_1_grt__globalroute__utilization__before__dpl"", ""5_2_route__detailedroute__route__net"", ""5_2_route__detailedroute__route__vias__singlecut"", ""5_2_route__detailedroute__route__wirelength"", ""5_2_route__detailedroute__route__wirelength__iter:0"", ""5_2_route__detailedroute__route__wirelength__iter:2"", ""5_2_route__detailedroute__route__wirelength__iter:3""]",55,-0.07145488996539662
routing,area,56,param:CLK_PERIOD,0.9996106009626501,9.005756095813619e-05,1.9990056315104237,2.6569166114484193,"[""5_2_route__detailedroute__route__wirelength__iter:1"", ""5_1_grt__globalroute__global_route__wirelength"", ""5_1_grt__globalroute__design__instance__displacement__max"", ""5_2_route__detailedroute__route__drc_errors__iter:1"", ""5_1_grt__globalroute__timing__drv__max_slew_limit"", ""5_1_grt__globalroute__dpl__hpwl__delta"", ""5_1_grt__globalroute__design__instance__area"", ""5_1_grt__globalroute__design__instance__area__stdcell"", ""param:CORE_UTILIZATION"", ""5_2_route__detailedroute__route__vias"", ""5_1_grt__globalroute__global_route__fastroute__overflow_iterations_s"", ""5_1_grt__globalroute__global_route__fastroute__spiral_s"", ""5_1_grt__globalroute__power__internal__total"", ""5_1_grt__globalroute__timing__drv__max_cap_limit"", ""5_1_grt__globalroute__timing__hold__ws"", ""5_2_route__detailedroute__route__drc_errors__iter:0"", ""5_1_grt__globalroute__clock__skew__hold"", ""5_2_route__detailedroute__route__drc_errors__iter:2"", ""5_1_grt__globalroute__dpl__hpwl__delta__percent"", ""5_1_grt__globalroute__timing__fmax"", ""5_1_grt__globalroute__global_route__fastroute__monotonic_s"", ""5_1_grt__globalroute__clock__skew__setup"", ""5_1_grt__globalroute__design__instance__count"", ""5_1_grt__globalroute__global_route__vias"", ""5_1_grt__globalroute__design__instance__count__setup_buffer"", ""5_1_grt__globalroute__global_route__fastroute__finalization_s"", ""5_1_grt__globalroute__design__instance__count__stdcell"", ""5_1_grt__globalroute__global_route__fastroute__route_z_s"", ""5_1_grt__globalroute__design__instance__displacement__mean"", ""5_1_grt__globalroute__design__instance__utilization"", ""5_1_grt__globalroute__design__instance__displacement__total"", ""5_1_grt__globalroute__design__instance__utilization__stdcell"", ""5_1_grt__globalroute__design__nets"", ""5_1_grt__globalroute__flow__warnings__count"", ""5_1_grt__globalroute__flow__warnings__type_count"", ""5_1_grt__globalroute__global_route__fastroute__congestion_rsmt_s"", ""5_1_grt__globalroute__global_route__fastroute__initial_rsmt_s"", ""5_1_grt__globalroute__route__net"", ""5_1_grt__globalroute__global_route__fastroute__new_route_l_s"", ""5_1_grt__globalroute__global_route__fastroute__route_l_s"", ""5_1_grt__globalroute__power__leakage__total"", ""5_1_grt__globalroute__power__switching__total"", ""5_1_grt__globalroute__power__total"", ""5_1_grt__globalroute__route__wirelength__estimated"", ""5_1_grt__globalroute__timing__drv__setup_violation_count"", ""5_1_grt__globalroute__timing__fmax__clock:core_clock"", ""5_1_grt__globalroute__timing__setup__tns"", ""5_1_grt__globalroute__timing__setup__ws"", ""5_1_grt__globalroute__utilization__before__dpl"", ""5_2_route__detailedroute__route__net"", ""5_2_route__detailedroute__route__vias__singlecut"", ""5_2_route__detailedroute__route__wirelength"", ""5_2_route__detailedroute__route__wirelength__iter:0"", ""5_2_route__detailedroute__route__wirelength__iter:2"", ""5_2_route__detailedroute__route__wirelength__iter:3"", ""param:CLK_PERIOD""]",56,-0.07145488996539662
routing,area,57,param:CTS_CLUSTER_SIZE,0.9997246473327444,0.00032066607018305766,1.3932675130208432,1.8144419605574325,"[""5_2_route__detailedroute__route__wirelength__iter:1"", ""5_1_grt__globalroute__global_route__wirelength"", ""5_1_grt__globalroute__design__instance__displacement__max"", ""5_2_route__detailedroute__route__drc_errors__iter:1"", ""5_1_grt__globalroute__timing__drv__max_slew_limit"", ""5_1_grt__globalroute__dpl__hpwl__delta"", ""5_1_grt__globalroute__design__instance__area"", ""5_1_grt__globalroute__design__instance__area__stdcell"", ""param:CORE_UTILIZATION"", ""5_2_route__detailedroute__route__vias"", ""5_1_grt__globalroute__global_route__fastroute__overflow_iterations_s"", ""5_1_grt__globalroute__global_route__fastroute__spiral_s"", ""5_1_grt__globalroute__power__internal__total"", ""5_1_grt__globalroute__timing__drv__max_cap_limit"", ""5_1_grt__globalroute__timing__hold__ws"", ""5_2_route__detailedroute__route__drc_errors__iter:0"", ""5_1_grt__globalroute__clock__skew__hold"", ""5_2_route__detailedroute__route__drc_errors__iter:2"", ""5_1_grt__globalroute__dpl__hpwl__delta__percent"", ""5_1_grt__globalroute__timing__fmax"", ""5_1_grt__globalroute__global_route__fastroute__monotonic_s"", ""5_1_grt__globalroute__clock__skew__setup"", ""5_1_grt__globalroute__design__instance__count"", ""5_1_grt__globalroute__global_route__vias"", ""5_1_grt__globalroute__design__instance__count__setup_buffer"", ""5_1_grt__globalroute__global_route__fastroute__finalization_s"", ""5_1_grt__globalroute__design__instance__count__stdcell"", ""5_1_grt__globalroute__global_route__fastroute__route_z_s"", ""5_1_grt__globalroute__design__instance__displacement__mean"", ""5_1_grt__globalroute__design__instance__utilization"", ""5_1_grt__globalroute__design__instance__displacement__total"", ""5_1_grt__globalroute__design__instance__utilization__stdcell"", ""5_1_grt__globalroute__design__nets"", ""5_1_grt__globalroute__flow__warnings__count"", ""5_1_grt__globalroute__flow__warnings__type_count"", ""5_1_grt__globalroute__global_route__fastroute__congestion_rsmt_s"", ""5_1_grt__globalroute__global_route__fastroute__initial_rsmt_s"", ""5_1_grt__globalroute__route__net"", ""5_1_grt__globalroute__global_route__fastroute__new_route_l_s"", ""5_1_grt__globalroute__global_route__fastroute__route_l_s"", ""5_1_grt__globalroute__power__leakage__total"", ""5_1_grt__globalroute__power__switching__total"", ""5_1_grt__globalroute__power__total"", ""5_1_grt__globalroute__route__wirelength__estimated"", ""5_1_grt__globalroute__timing__drv__setup_violation_count"", ""5_1_grt__globalroute__timing__fmax__clock:core_clock"", ""5_1_grt__globalroute__timing__setup__tns"", ""5_1_grt__globalroute__timing__setup__ws"", ""5_1_grt__globalroute__utilization__before__dpl"", ""5_2_route__detailedroute__route__net"", ""5_2_route__detailedroute__route__vias__singlecut"", ""5_2_route__detailedroute__route__wirelength"", ""5_2_route__detailedroute__route__wirelength__iter:0"", ""5_2_route__detailedroute__route__wirelength__iter:2"", ""5_2_route__detailedroute__route__wirelength__iter:3"", ""param:CLK_PERIOD"", ""param:CTS_CLUSTER_SIZE""]",57,-0.07145488996539662
routing,area,58,param:PLACE_DENSITY_LB_ADDON,0.99968476806526,0.00021023672542092766,1.5755277994791719,2.2049007775508227,"[""5_2_route__detailedroute__route__wirelength__iter:1"", ""5_1_grt__globalroute__global_route__wirelength"", ""5_1_grt__globalroute__design__instance__displacement__max"", ""5_2_route__detailedroute__route__drc_errors__iter:1"", ""5_1_grt__globalroute__timing__drv__max_slew_limit"", ""5_1_grt__globalroute__dpl__hpwl__delta"", ""5_1_grt__globalroute__design__instance__area"", ""5_1_grt__globalroute__design__instance__area__stdcell"", ""param:CORE_UTILIZATION"", ""5_2_route__detailedroute__route__vias"", ""5_1_grt__globalroute__global_route__fastroute__overflow_iterations_s"", ""5_1_grt__globalroute__global_route__fastroute__spiral_s"", ""5_1_grt__globalroute__power__internal__total"", ""5_1_grt__globalroute__timing__drv__max_cap_limit"", ""5_1_grt__globalroute__timing__hold__ws"", ""5_2_route__detailedroute__route__drc_errors__iter:0"", ""5_1_grt__globalroute__clock__skew__hold"", ""5_2_route__detailedroute__route__drc_errors__iter:2"", ""5_1_grt__globalroute__dpl__hpwl__delta__percent"", ""5_1_grt__globalroute__timing__fmax"", ""5_1_grt__globalroute__global_route__fastroute__monotonic_s"", ""5_1_grt__globalroute__clock__skew__setup"", ""5_1_grt__globalroute__design__instance__count"", ""5_1_grt__globalroute__global_route__vias"", ""5_1_grt__globalroute__design__instance__count__setup_buffer"", ""5_1_grt__globalroute__global_route__fastroute__finalization_s"", ""5_1_grt__globalroute__design__instance__count__stdcell"", ""5_1_grt__globalroute__global_route__fastroute__route_z_s"", ""5_1_grt__globalroute__design__instance__displacement__mean"", ""5_1_grt__globalroute__design__instance__utilization"", ""5_1_grt__globalroute__design__instance__displacement__total"", ""5_1_grt__globalroute__design__instance__utilization__stdcell"", ""5_1_grt__globalroute__design__nets"", ""5_1_grt__globalroute__flow__warnings__count"", ""5_1_grt__globalroute__flow__warnings__type_count"", ""5_1_grt__globalroute__global_route__fastroute__congestion_rsmt_s"", ""5_1_grt__globalroute__global_route__fastroute__initial_rsmt_s"", ""5_1_grt__globalroute__route__net"", ""5_1_grt__globalroute__global_route__fastroute__new_route_l_s"", ""5_1_grt__globalroute__global_route__fastroute__route_l_s"", ""5_1_grt__globalroute__power__leakage__total"", ""5_1_grt__globalroute__power__switching__total"", ""5_1_grt__globalroute__power__total"", ""5_1_grt__globalroute__route__wirelength__estimated"", ""5_1_grt__globalroute__timing__drv__setup_violation_count"", ""5_1_grt__globalroute__timing__fmax__clock:core_clock"", ""5_1_grt__globalroute__timing__setup__tns"", ""5_1_grt__globalroute__timing__setup__ws"", ""5_1_grt__globalroute__utilization__before__dpl"", ""5_2_route__detailedroute__route__net"", ""5_2_route__detailedroute__route__vias__singlecut"", ""5_2_route__detailedroute__route__wirelength"", ""5_2_route__detailedroute__route__wirelength__iter:0"", ""5_2_route__detailedroute__route__wirelength__iter:2"", ""5_2_route__detailedroute__route__wirelength__iter:3"", ""param:CLK_PERIOD"", ""param:CTS_CLUSTER_SIZE"", ""param:PLACE_DENSITY_LB_ADDON""]",58,-0.07145488996539662
