trajectory_id,tier,final_V,V_P,V_T,V_A,feasible,core_area,utilization,aspect_ratio,norm_p,norm_t,norm_a,stage,hpwl,placement_density,estimated_congestion,inv_fmax,total_negative_slack,clock_skew,buffer_inverter_count,routed_wirelength,congestion,drc_violation_count
traj_default,default,0.5843890619993193,0.28184633719881763,0.9964280892118474,0.7106371035644119,1.0,1076.77,0.648468,1.187273048097551,0.4497989153692725,1.009492363148355,0.9645714285714285,floorplan,,,,,,,,,,
traj_default,default,0.5843890619993193,0.28184633719881763,0.9964280892118474,0.7106371035644119,1.0,,,,0.36931587015217954,1.0204740453424002,0.8138862102217936,placement,3507.92,0.768528,0.72427,4.0094462553776696e-10,,,,,,
traj_default,default,0.5843890619993193,0.28184633719881763,0.9964280892118474,0.7106371035644119,1.0,,,,0.2952544288492877,1.0001759360411118,0.7317919075144508,cts,,,,4.090816117815504e-10,-6.95295,0.000893972,10.0,,,
traj_default,default,0.5843890619993193,0.28184633719881763,0.9964280892118474,0.7106371035644119,1.0,,,,0.2745550921894811,0.9764327535627049,0.7106371035644119,routing,,,,4.190289423290467e-10,-7.57673,,,4527.0,0.72427,0.0
traj_small_01,small,0.59811720800604,0.29239358898440193,0.9959616541261093,0.73476494486361,1.0,1076.77,0.648468,1.187273048097551,0.4497989153692725,1.009492363148355,0.9645714285714285,floorplan,,,,,,,,,,
traj_small_01,small,0.59811720800604,0.29239358898440193,0.9959616541261093,0.73476494486361,1.0,,,,0.36808755524426257,1.009643749974428,0.8120590121872995,placement,3537.12,0.770257,0.728374,4.052454977225203e-10,,,,,,
traj_small_01,small,0.59811720800604,0.29239358898440193,0.9959616541261093,0.73476494486361,1.0,,,,0.29748826893315566,1.0006178219118111,0.743612334801762,cts,,,,4.0890095601043516e-10,-6.9413,0.000735551,7.0,,,
traj_small_01,small,0.59811720800604,0.29239358898440193,0.9959616541261093,0.73476494486361,1.0,,,,0.2838910633673563,0.9760154169070444,0.73476494486361,routing,,,,4.1920811586912324e-10,-7.41968,,,4072.0,0.728374,0.0
traj_small_02,small,0.5882415935873505,0.28350416268380324,0.9955770497571673,0.7211620620905724,1.0,1076.77,0.648468,1.187273048097551,0.4497989153692725,1.009492363148355,0.9645714285714285,floorplan,,,,,,,,,,
traj_small_02,small,0.5882415935873505,0.28350416268380324,0.9955770497571673,0.7211620620905724,1.0,,,,0.37429272935144553,1.0092959694280441,0.8228794280142996,placement,3430.86,0.760128,0.726809,4.05385136148598e-10,,,,,,
traj_small_02,small,0.5882415935873505,0.28350416268380324,0.9955770497571673,0.7211620620905724,1.0,,,,0.29781409899520134,1.0035800938598323,0.7431758144995597,cts,,,,4.076940011904665e-10,-6.92161,0.000461152,3.0,,,
traj_small_02,small,0.5882415935873505,0.28350416268380324,0.9955770497571673,0.7211620620905724,1.0,,,,0.27587540694738427,0.9775047359527346,0.7211620620905724,routing,,,,4.1856941345868093e-10,-7.4098,,,4250.0,0.726809,0.0
traj_small_03,small,0.6454146867111481,0.36115420166378653,0.9881631868154349,0.7533472180898542,1.0,1076.77,0.643034,1.187273048097551,0.5437296175511415,1.0093491593939616,0.9727237802535534,floorplan,,,,,,,,,,
traj_small_03,small,0.6454146867111481,0.36115420166378653,0.9881631868154349,0.7533472180898542,1.0,,,,0.4464548308890744,1.012352346700381,0.8231469440832249,placement,3545.62,0.759881,0.698121,4.0416124416997403e-10,,,,,,
traj_small_03,small,0.6454146867111481,0.36115420166378653,0.9881631868154349,0.7533472180898542,1.0,,,,0.3643890828437157,0.9992757981563539,0.7576301615798923,cts,,,,4.0945010850427877e-10,-4.65592,0.00155324,6.0,,,
traj_small_03,small,0.6454146867111481,0.36115420166378653,0.9881631868154349,0.7533472180898542,1.0,,,,0.3506623744024973,0.9634707680221924,0.7533472180898542,routing,,,,4.2466631844028554e-10,-5.20595,,,4056.0,0.698121,0.0
traj_small_04,small,0.628632732335191,0.3193583408405607,1.0,0.7778801843317972,1.0,1113.48,0.610607,1.2,0.46631312397517594,1.0092836948205248,0.9906103286384976,floorplan,,,,,,,,,,
traj_small_04,small,0.628632732335191,0.3193583408405607,1.0,0.7778801843317972,1.0,,,,0.38130273271342896,1.0140257848588625,0.8258317025440312,placement,3546.09,0.732441,0.680145,4.034942602941473e-10,,,,,,
traj_small_04,small,0.628632732335191,0.3193583408405607,1.0,0.7778801843317972,1.0,,,,0.32670051241222736,1.0034409816412786,0.7924882629107981,cts,,,,4.0775052192066805e-10,-6.84263,0.00173053,3.0,,,
traj_small_04,small,0.628632732335191,0.3193583408405607,1.0,0.7778801843317972,1.0,,,,0.3086645978199829,0.9706841457077743,0.7778801843317972,routing,,,,4.2151052511781217e-10,-7.39926,,,3871.0,0.680145,0.0
traj_small_05,small,0.628632732335191,0.3193583408405607,1.0,0.7778801843317972,1.0,1113.48,0.610607,1.1487678269928514,0.46631312397517594,1.0092836948205248,0.9906103286384976,floorplan,,,,,,,,,,
traj_small_05,small,0.628632732335191,0.3193583408405607,1.0,0.7778801843317972,1.0,,,,0.38130273271342896,1.0140257848588625,0.8258317025440312,placement,3546.09,0.732441,0.680145,4.034942602941473e-10,,,,,,
traj_small_05,small,0.628632732335191,0.3193583408405607,1.0,0.7778801843317972,1.0,,,,0.32670051241222736,1.0034409816412786,0.7924882629107981,cts,,,,4.0775052192066805e-10,-6.84263,0.00173053,3.0,,,
traj_small_05,small,0.628632732335191,0.3193583408405607,1.0,0.7778801843317972,1.0,,,,0.3086645978199829,0.9706841457077743,0.7778801843317972,routing,,,,4.2151052511781217e-10,-7.39926,,,3871.0,0.680145,0.0
traj_medium_01,medium,0.6683176843139688,0.4158018202260708,0.9642849836543144,0.7444869156130549,1.0,1076.77,0.632164,1.187273048097551,0.649571908215965,1.0092836948205248,0.9894490035169988,floorplan,,,,,,,,,,
traj_medium_01,medium,0.6683176843139688,0.4158018202260708,0.9642849836543144,0.7444869156130549,1.0,,,,0.543110195176638,0.9992717066205141,0.851664984863774,placement,3456.81,0.734437,0.721308,4.094517850050567e-10,,,,,,
traj_medium_01,medium,0.6683176843139688,0.4158018202260708,0.9642849836543144,0.7444869156130549,1.0,,,,0.45230162165426857,0.9891042400585908,0.8043202033036848,cts,,,,4.136607320140314e-10,-2.40526,0.000918925,4.0,,,
traj_medium_01,medium,0.6683176843139688,0.4158018202260708,0.9642849836543144,0.7444869156130549,1.0,,,,0.40281765268822267,0.9523622482171132,0.7444869156130549,routing,,,,4.296197006409926e-10,-3.1803,,,4075.0,0.721308,0.0
traj_medium_02,medium,0.5991410136393266,0.2958254397500827,0.9883227567131875,0.7356188262638,1.0,1076.77,0.648468,1.187273048097551,0.4497989153692725,1.009492363148355,0.9645714285714285,floorplan,,,,,,,,,,
traj_medium_02,medium,0.5991410136393266,0.2958254397500827,0.9883227567131875,0.7356188262638,1.0,,,,0.3739640833685315,1.0144103892278045,0.8236824983734548,placement,3499.32,0.759387,0.708537,4.033412791565327e-10,,,,,,
traj_medium_02,medium,0.5991410136393266,0.2958254397500827,0.9883227567131875,0.7356188262638,1.0,,,,0.3101137398890208,1.004758456181697,0.761274804570054,cts,,,,4.072158651301055e-10,-6.95825,0.00100434,1.0,,,
traj_medium_02,medium,0.5991410136393266,0.2958254397500827,0.9883227567131875,0.7356188262638,1.0,,,,0.28733213965980303,0.9686465608595498,0.7356188262638,routing,,,,4.223971885243132e-10,-7.53232,,,4243.0,0.708537,0.0
traj_medium_03,medium,0.5707244048790228,0.24743045785069812,0.997311860953246,0.7533472180898542,1.0,1076.77,0.627717,1.187273048097551,0.3766584586367685,1.0092836948205248,0.9964580873671782,floorplan,,,,,,,,,,
traj_medium_03,medium,0.5707244048790228,0.24743045785069812,0.997311860953246,0.7533472180898542,1.0,,,,0.3014671472732732,1.0198930472531473,0.8234146341463413,placement,3579.92,0.759634,0.699932,4.011730299395432e-10,,,,,,
traj_medium_03,medium,0.5707244048790228,0.24743045785069812,0.997311860953246,0.7533472180898542,1.0,,,,0.25436641206249194,1.0066528372755281,0.7736021998166819,cts,,,,4.064495413216926e-10,-9.54407,0.000895291,3.0,,,
traj_medium_03,medium,0.5707244048790228,0.24743045785069812,0.997311860953246,0.7533472180898542,1.0,,,,0.23990592343331416,0.980311529538843,0.7533472180898542,routing,,,,4.1737098019574697e-10,-10.0498,,,4125.0,0.699932,0.0
traj_medium_04,medium,0.5799135638578496,0.27827675633830073,0.9784498807317302,0.7162659123055163,1.0,1091.66,0.63962,1.1751369474012052,0.4497989153692725,1.009492363148355,0.9645714285714285,floorplan,,,,,,,,,,
traj_medium_04,medium,0.5799135638578496,0.27827675633830073,0.9784498807317302,0.7162659123055163,1.0,,,,0.369618149811625,1.0091036672435731,0.8202137998056365,placement,3737.93,0.752193,0.728691,4.054623893087677e-10,,,,,,
traj_medium_04,medium,0.5799135638578496,0.27827675633830073,0.9784498807317302,0.7162659123055163,1.0,,,,0.28998246216943124,1.0037642129726236,0.7386231038506418,cts,,,,4.076192184309106e-10,-6.92773,0.00287986,6.0,,,
traj_medium_04,medium,0.5799135638578496,0.27827675633830073,0.9784498807317302,0.7162659123055163,1.0,,,,0.2716466230074104,0.969730817857099,0.7162659123055163,routing,,,,4.219249058052648e-10,-7.46678,,,4737.0,0.728691,0.0
traj_medium_05,medium,0.5943241176240844,0.29334612923864367,0.9858310113867442,0.7259174311926605,1.0,1091.66,0.63962,1.35,0.4497989153692725,1.009492363148355,0.9645714285714285,floorplan,,,,,,,,,,
traj_medium_05,medium,0.5943241176240844,0.29334612923864367,0.9858310113867442,0.7259174311926605,1.0,,,,0.3714008224329965,1.0169839652710437,0.8133633151300995,placement,3573.21,0.758528,0.679073,4.0232058513505903e-10,,,,,,
traj_medium_05,medium,0.5943241176240844,0.29334612923864367,0.9858310113867442,0.7259174311926605,1.0,,,,0.30711869040702644,1.0008714971338792,0.752004752004752,cts,,,,4.0879731828959204e-10,-6.94561,0.00112631,5.0,,,
traj_medium_05,medium,0.5943241176240844,0.29334612923864367,0.9858310113867442,0.7259174311926605,1.0,,,,0.2846558684576046,0.9635976056332265,0.7259174311926605,routing,,,,4.246104199397053e-10,-7.66805,,,4215.0,0.679073,0.0
traj_large_01,large,0.8596658211092684,0.6950865319539785,0.9490235549718298,0.9631038417649296,1.0,1076.77,0.582016,1.187273048097551,0.9191901111321363,0.9981751750154455,1.0747028862478776,floorplan,,,,,,,,,,
traj_large_01,large,0.8596658211092684,0.6950865319539785,0.9490235549718298,0.9631038417649296,1.0,,,,0.8121901732092746,0.9607130728661618,0.9972430090586843,placement,3227.74,0.627223,0.736751,4.2588530908626306e-10,,,,,,
traj_large_01,large,0.8596658211092684,0.6950865319539785,0.9490235549718298,0.9631038417649296,1.0,,,,0.7125153617443013,0.9504760501949617,0.9833009708737862,cts,,,,4.3047227112865527e-10,0.0,0.000869929,0.0,,,
traj_large_01,large,0.8596658211092684,0.6950865319539785,0.9490235549718298,0.9631038417649296,1.0,,,,0.6711977832383542,0.9196708768570458,0.9631038417649296,routing,,,,4.4489131305222134e-10,0.0,,,3589.0,0.736751,0.0
traj_large_02,large,0.5540966453660072,0.26161863173216887,0.95946924597086,0.6777301927194861,1.0,1076.77,0.648468,1.187273048097551,0.4497989153692725,1.009492363148355,0.9645714285714285,floorplan,,,,,,,,,,
traj_large_02,large,0.5540966453660072,0.26161863173216887,0.95946924597086,0.6777301927194861,1.0,,,,0.3719873252933251,1.0136452720257603,0.8178294573643411,placement,3442.58,0.764822,0.707247,4.036457282172583e-10,,,,,,
traj_large_02,large,0.5540966453660072,0.26161863173216887,0.95946924597086,0.6777301927194861,1.0,,,,0.28915716924185775,0.9941613783565937,0.73094688221709,cts,,,,4.1155650670837107e-10,-7.05634,0.000611053,9.0,,,
traj_large_02,large,0.5540966453660072,0.26161863173216887,0.95946924597086,0.6777301927194861,1.0,,,,0.2565705043560685,0.9412373622686748,0.6777301927194861,routing,,,,4.3469755917320526e-10,-8.11847,,,6214.0,0.707247,0.0
traj_large_03,large,0.5117856511707731,0.180066022471685,0.9920051389690148,0.7504445761707171,1.0,1076.77,0.627717,1.187273048097551,0.28276109446975606,1.0092836948205248,0.9964580873671782,floorplan,,,,,,,,,,
traj_large_03,large,0.5117856511707731,0.180066022471685,0.9920051389690148,0.7504445761707171,1.0,,,,0.22323268329580329,1.0057895232133285,0.8218111002921128,placement,3540.06,0.761117,0.669555,4.067984151133747e-10,,,,,,
traj_large_03,large,0.5117856511707731,0.180066022471685,0.9920051389690148,0.7504445761707171,1.0,,,,0.18915454447865995,1.0093532509298015,0.7778801843317972,cts,,,,4.0536213025906693e-10,-11.9756,0.00112678,2.0,,,
traj_large_03,large,0.5117856511707731,0.180066022471685,0.9920051389690148,0.7504445761707171,1.0,,,,0.17468534051259124,0.9684665332825982,0.7504445761707171,routing,,,,4.224757076468103e-10,-12.518,,,4020.0,0.669555,0.0
traj_large_04,large,0.5815205418791304,0.278631368275165,0.9817272009394167,0.7189097103918228,1.0,1064.0,0.65625,1.2093703007518797,0.4497989153692725,1.009492363148355,0.9645714285714285,floorplan,,,,,,,,,,
traj_large_04,large,0.5815205418791304,0.278631368275165,0.9817272009394167,0.7189097103918228,1.0,,,,0.3708773805077454,1.009979255913292,0.8175653858572811,placement,3516.17,0.77425,0.717416,4.051108788475406e-10,,,,,,
traj_large_04,large,0.5815205418791304,0.278631368275165,0.9817272009394167,0.7189097103918228,1.0,,,,0.3025373601624018,1.0080930578911407,0.7571770334928228,cts,,,,4.058688637701159e-10,-6.92389,0.00135821,4.0,,,
traj_large_04,large,0.5815205418791304,0.278631368275165,0.9817272009394167,0.7189097103918228,1.0,,,,0.2717986175066425,0.9660975340313493,0.7189097103918228,routing,,,,4.2351167409929656e-10,-7.66182,,,4643.0,0.717416,0.0
traj_bad_01,bad,0.4394736626547789,0.12695089563202805,0.9764859435286224,0.6846944294213088,1.0,1076.77,0.656374,1.187273048097551,0.21422986335593253,1.009492363148355,0.9529544599171998,floorplan,,,,,,,,,,
traj_bad_01,bad,0.4394736626547789,0.12695089563202805,0.9764859435286224,0.6846944294213088,1.0,,,,0.17138879353091507,1.0259362456885441,0.7997473152242577,placement,3567.48,0.782115,0.683829,3.9880995110589997e-10,,,,,,
traj_bad_01,bad,0.4394736626547789,0.12695089563202805,0.9764859435286224,0.6846944294213088,1.0,,,,0.13911576209789778,0.9965999337171194,0.7261256094063664,cts,,,,4.105494794232601e-10,-13.5283,0.00071889,11.0,,,
traj_bad_01,bad,0.4394736626547789,0.12695089563202805,0.9764859435286224,0.6846944294213088,1.0,,,,0.12432006197603962,0.9609094665864726,0.6846944294213088,routing,,,,4.2579826529786716e-10,-14.5503,,,5923.0,0.683829,0.0
traj_bad_02,bad,0.42016703040819076,0.1088921874526673,0.969325755808958,0.7027477102414653,1.0,1076.77,0.656374,1.187273048097551,0.17858903020667727,1.009492363148355,0.9529544599171998,floorplan,,,,,,,,,,
traj_bad_02,bad,0.42016703040819076,0.1088921874526673,0.969325755808958,0.7027477102414653,1.0,,,,0.14290075850334727,1.0176508856129325,0.7974803149606299,placement,3552.21,0.784338,0.717108,4.020569232191894e-10,,,,,,
traj_bad_02,bad,0.42016703040819076,0.1088921874526673,0.969325755808958,0.7027477102414653,1.0,,,,0.1141503442318929,0.9893538237448191,0.7197271176805002,cts,,,,4.1355637807324083e-10,-14.5608,0.00068473,7.0,,,
traj_bad_02,bad,0.42016703040819076,0.1088921874526673,0.969325755808958,0.7027477102414653,1.0,,,,0.10569672733688143,0.9515684902641904,0.7027477102414653,routing,,,,4.29978071118373e-10,-15.3228,,,4635.0,0.717108,0.0
traj_bad_03,bad,0.9507327872368024,0.966961312293878,0.8904777686400144,0.9980291683090263,1.0,1076.77,0.582016,1.187273048097551,1.2225169707110695,0.9981751750154455,1.0747028862478776,floorplan,,,,,,,,,,
traj_bad_03,bad,0.9507327872368024,0.966961312293878,0.8904777686400144,0.9980291683090263,1.0,,,,1.1009954363073908,0.9054896136362707,1.0115860966839791,placement,3082.16,0.61833,0.693021,4.5185894771088256e-10,,,,,,
traj_bad_03,bad,0.9507327872368024,0.966961312293878,0.8904777686400144,0.9980291683090263,1.0,,,,0.965185403968531,0.8965005093962121,0.9980291683090263,cts,,,,4.563896837675881e-10,0.0,0.000583304,0.0,,,
traj_bad_03,bad,0.9507327872368024,0.966961312293878,0.8904777686400144,0.9980291683090263,1.0,,,,0.9293710669059057,0.8665709247280151,0.9980291683090263,routing,,,,4.721524485825983e-10,0.0,,,3446.0,0.693021,0.0
traj_bad_04,bad,0.43666320257985636,0.12725200189746602,0.9563801364118049,0.6841394217778978,1.0,1088.47,0.649316,2.0,0.21422986335593253,1.009492363148355,0.9529544599171998,floorplan,,,,,,,,,,
traj_bad_04,bad,0.43666320257985636,0.12725200189746602,0.9563801364118049,0.6841394217778978,1.0,,,,0.16934600925254162,1.0073115745457373,0.7878033602986931,placement,4010.95,0.785435,0.723398,4.0618374127720414e-10,,,,,,
traj_bad_04,bad,0.43666320257985636,0.12725200189746602,0.9563801364118049,0.6841394217778978,1.0,,,,0.13444741999670862,0.9783189515848564,0.7068676716917922,cts,,,,4.1822105492078895e-10,-13.8461,0.00162551,7.0,,,
traj_bad_04,bad,0.43666320257985636,0.12725200189746602,0.9563801364118049,0.6841394217778978,1.0,,,,0.12450349475959241,0.9430294549665108,0.6841394217778978,routing,,,,4.338714785906119e-10,-14.6061,,,5896.0,0.723398,0.0
traj_sweep_001,sweep,0.5056668207284034,0.1953549239805745,0.9588146002364908,0.6902944383860414,1.0,1076.77,0.656374,1.187273048097551,0.3209975764265061,1.009492363148355,0.9529544599171998,floorplan,,,,,,,,,,
traj_sweep_001,sweep,0.5056668207284034,0.1953549239805745,0.9588146002364908,0.6902944383860414,1.0,,,,0.26251508061005996,1.0167752969432136,0.8061127029608405,placement,3553.91,0.775939,0.713634,4.024031516214835e-10,,,,,,
traj_sweep_001,sweep,0.5056668207284034,0.1953549239805745,0.9588146002364908,0.6902944383860414,1.0,,,,0.2083972501562411,0.9965099199286436,0.7182978723404255,cts,,,,4.105865639652808e-10,-10.6007,0.00104417,8.0,,,
traj_sweep_001,sweep,0.5056668207284034,0.1953549239805745,0.9588146002364908,0.6902944383860414,1.0,,,,0.19054383848321457,0.9546575998232456,0.6902944383860414,routing,,,,4.2858673524054433e-10,-11.2222,,,5155.0,0.713634,0.0
traj_sweep_002,sweep,0.5425896248023782,0.23920985630000122,0.9710810246842357,0.6876697447039651,1.0,1076.77,0.656374,1.187273048097551,0.3920478837109876,1.009492363148355,0.9529544599171998,floorplan,,,,,,,,,,
traj_sweep_002,sweep,0.5425896248023782,0.23920985630000122,0.9710810246842357,0.6876697447039651,1.0,,,,0.3241761313933124,1.0168203038374515,0.8107588856868395,placement,3500.82,0.771492,0.734526,4.0238534029728227e-10,,,,,,
traj_sweep_002,sweep,0.5425896248023782,0.23920985630000122,0.9710810246842357,0.6876697447039651,1.0,,,,0.2556890282417076,0.9947792002684047,0.7197271176805002,cts,,,,4.1130090362808525e-10,-8.47741,0.000845185,11.0,,,
traj_sweep_002,sweep,0.5425896248023782,0.23920985630000122,0.9710810246842357,0.6876697447039651,1.0,,,,0.23347488286116239,0.9594078729332629,0.6876697447039651,routing,,,,4.2646469298806754e-10,-9.16002,,,4816.0,0.734526,0.0
traj_sweep_003,sweep,0.6029641162581968,0.31353763438984433,0.9769646532218799,0.7156585641605426,1.0,1076.77,0.643528,1.187273048097551,0.5073004959200206,1.009492363148355,0.9719769673704415,floorplan,,,,,,,,,,
traj_sweep_003,sweep,0.6029641162581968,0.31353763438984433,0.9769646532218799,0.7156585641605426,1.0,,,,0.4176230165276774,0.9992389743337957,0.8178294573643411,placement,3481.37,0.764822,0.718272,4.09465197505538e-10,,,,,,
traj_sweep_003,sweep,0.6029641162581968,0.31353763438984433,0.9769646532218799,0.7156585641605426,1.0,,,,0.33091893285217167,0.9952292692107837,0.7399181765049678,cts,,,,4.1111490250410086e-10,-5.59219,0.00157546,10.0,,,
traj_sweep_003,sweep,0.6029641162581968,0.31353763438984433,0.9769646532218799,0.7156585641605426,1.0,,,,0.306014836608318,0.9652383115049896,0.7156585641605426,routing,,,,4.2388866987974277e-10,-6.22271,,,4745.0,0.718272,0.0
traj_sweep_004,sweep,0.6589834339277019,0.38574727642660306,0.9821118053083586,0.7553699284009546,1.0,1076.77,0.638587,1.187273048097551,0.5855072841468818,1.0093246101789228,0.9794970986460347,floorplan,,,,,,,,,,
traj_sweep_004,sweep,0.6589834339277019,0.38574727642660306,0.9821118053083586,0.7553699284009546,1.0,,,,0.4864247515534674,1.0131542877249833,0.8367481824190349,placement,3436.51,0.74753,0.707363,4.0384133881480646e-10,,,,,,
traj_sweep_004,sweep,0.6589834339277019,0.38574727642660306,0.9821118053083586,0.7553699284009546,1.0,,,,0.4133879819126083,1.0051144197997601,0.7972292191435767,cts,,,,4.070716486808843e-10,-3.50995,0.00190797,3.0,,,
traj_sweep_004,sweep,0.6589834339277019,0.38574727642660306,0.9821118053083586,0.7553699284009546,1.0,,,,0.3739461879676096,0.9622105749835316,0.7553699284009546,routing,,,,4.252224976719068e-10,-4.22504,,,4063.0,0.707363,0.0
traj_sweep_005,sweep,0.6729939821208115,0.43481795088907704,0.960708981330322,0.7296829971181555,1.0,1076.77,0.6292,1.187273048097551,0.7107964881752749,1.0092836948205248,0.9941107184923439,floorplan,,,,,,,,,,
traj_sweep_005,sweep,0.6729939821208115,0.43481795088907704,0.960708981330322,0.7296829971181555,1.0,,,,0.5936392491817032,0.9979337744008968,0.8577235772357723,placement,3352.76,0.729249,0.70579,4.100007380013284e-10,,,,,,
traj_sweep_005,sweep,0.6729939821208115,0.43481795088907704,0.960708981330322,0.7296829971181555,1.0,,,,0.47040287268929887,0.9768787309692439,0.7686703096539161,cts,,,,4.1883764177654175e-10,-1.31907,0.0014791,7.0,,,
traj_sweep_005,sweep,0.6729939821208115,0.43481795088907704,0.960708981330322,0.7296829971181555,1.0,,,,0.42268797682097403,0.9459589946278134,0.7296829971181555,routing,,,,4.325278223521728e-10,-1.94565,,,4256.0,0.70579,0.0
traj_sweep_006,sweep,0.8644098738801551,0.7026243056125661,0.9537451873309685,0.9638370765131327,1.0,1076.77,0.582016,1.187273048097551,0.9191901111321363,0.9981751750154455,1.0747028862478776,floorplan,,,,,,,,,,
traj_sweep_006,sweep,0.8644098738801551,0.7026243056125661,0.9537451873309685,0.9638370765131327,1.0,,,,0.8178409566626018,0.9484057330600187,1.0,placement,3199.09,0.625494,0.700785,4.3141196823082264e-10,,,,,,
traj_sweep_006,sweep,0.8644098738801551,0.7026243056125661,0.9537451873309685,0.9638370765131327,1.0,,,,0.7174729648273303,0.9380582389211438,0.9867498051441932,cts,,,,4.3617076957970583e-10,0.0,0.000231738,0.0,,,
traj_sweep_006,sweep,0.8644098738801551,0.7026243056125661,0.9537451873309685,0.9638370765131327,1.0,,,,0.6767476711524124,0.9296828650570564,0.9638370765131327,routing,,,,4.401001667979632e-10,-0.00124065,,,3517.0,0.700785,0.0
traj_sweep_007,sweep,0.9141603746219544,0.8361261269643373,0.9165694926904713,0.9968503937007873,1.0,1076.77,0.582016,1.187273048097551,1.0609291069004192,0.9981751750154455,1.0747028862478776,floorplan,,,,,,,,,,
traj_sweep_007,sweep,0.9141603746219544,0.8361261269643373,0.9165694926904713,0.9968503937007873,1.0,,,,0.9528788039444386,0.9295887597327409,1.0103750997605745,placement,3101.12,0.619071,0.693292,4.4014471958379914e-10,,,,,,
traj_sweep_007,sweep,0.9141603746219544,0.8361261269643373,0.9165694926904713,0.9968503937007873,1.0,,,,0.8335899671632376,0.9204196279157307,0.9968503937007873,cts,,,,4.4452939895179965e-10,0.0,0.00248632,0.0,,,
traj_sweep_007,sweep,0.9141603746219544,0.8361261269643373,0.9165694926904713,0.9968503937007873,1.0,,,,0.8052292501097641,0.8967623676899598,0.9968503937007873,routing,,,,4.562564161058515e-10,0.0,,,3397.0,0.693292,0.0
traj_sweep_008,sweep,0.5056668207284034,0.1953549239805745,0.9588146002364908,0.6902944383860414,1.0,1076.77,0.656374,1.187273048097551,0.3209975764265061,1.009492363148355,0.9529544599171998,floorplan,,,,,,,,,,
traj_sweep_008,sweep,0.5056668207284034,0.1953549239805745,0.9588146002364908,0.6902944383860414,1.0,,,,0.26251508061005996,1.0167752969432136,0.8061127029608405,placement,3553.91,0.775939,0.713634,4.024031516214835e-10,,,,,,
traj_sweep_008,sweep,0.5056668207284034,0.1953549239805745,0.9588146002364908,0.6902944383860414,1.0,,,,0.2083972501562411,0.9965099199286436,0.7182978723404255,cts,,,,4.105865639652808e-10,-10.6007,0.00104417,8.0,,,
traj_sweep_008,sweep,0.5056668207284034,0.1953549239805745,0.9588146002364908,0.6902944383860414,1.0,,,,0.19054383848321457,0.9546575998232456,0.6902944383860414,routing,,,,4.2858673524054433e-10,-11.2222,,,5155.0,0.713634,0.0
traj_sweep_009,sweep,0.5425896248023782,0.23920985630000122,0.9710810246842357,0.6876697447039651,1.0,1076.77,0.656374,1.187273048097551,0.3920478837109876,1.009492363148355,0.9529544599171998,floorplan,,,,,,,,,,
traj_sweep_009,sweep,0.5425896248023782,0.23920985630000122,0.9710810246842357,0.6876697447039651,1.0,,,,0.3241761313933124,1.0168203038374515,0.8107588856868395,placement,3500.82,0.771492,0.734526,4.0238534029728227e-10,,,,,,
traj_sweep_009,sweep,0.5425896248023782,0.23920985630000122,0.9710810246842357,0.6876697447039651,1.0,,,,0.2556890282417076,0.9947792002684047,0.7197271176805002,cts,,,,4.1130090362808525e-10,-8.47741,0.000845185,11.0,,,
traj_sweep_009,sweep,0.5425896248023782,0.23920985630000122,0.9710810246842357,0.6876697447039651,1.0,,,,0.23347488286116239,0.9594078729332629,0.6876697447039651,routing,,,,4.2646469298806754e-10,-9.16002,,,4816.0,0.734526,0.0
traj_sweep_010,sweep,0.6029641162581968,0.31353763438984433,0.9769646532218799,0.7156585641605426,1.0,1076.77,0.643528,1.187273048097551,0.5073004959200206,1.009492363148355,0.9719769673704415,floorplan,,,,,,,,,,
traj_sweep_010,sweep,0.6029641162581968,0.31353763438984433,0.9769646532218799,0.7156585641605426,1.0,,,,0.4176230165276774,0.9992389743337957,0.8178294573643411,placement,3481.37,0.764822,0.718272,4.09465197505538e-10,,,,,,
traj_sweep_010,sweep,0.6029641162581968,0.31353763438984433,0.9769646532218799,0.7156585641605426,1.0,,,,0.33091893285217167,0.9952292692107837,0.7399181765049678,cts,,,,4.1111490250410086e-10,-5.59219,0.00157546,10.0,,,
traj_sweep_010,sweep,0.6029641162581968,0.31353763438984433,0.9769646532218799,0.7156585641605426,1.0,,,,0.306014836608318,0.9652383115049896,0.7156585641605426,routing,,,,4.2388866987974277e-10,-6.22271,,,4745.0,0.718272,0.0
traj_sweep_011,sweep,0.6589834339277019,0.38574727642660306,0.9821118053083586,0.7553699284009546,1.0,1076.77,0.638587,1.187273048097551,0.5855072841468818,1.0093246101789228,0.9794970986460347,floorplan,,,,,,,,,,
traj_sweep_011,sweep,0.6589834339277019,0.38574727642660306,0.9821118053083586,0.7553699284009546,1.0,,,,0.4864247515534674,1.0131542877249833,0.8367481824190349,placement,3436.51,0.74753,0.707363,4.0384133881480646e-10,,,,,,
traj_sweep_011,sweep,0.6589834339277019,0.38574727642660306,0.9821118053083586,0.7553699284009546,1.0,,,,0.4133879819126083,1.0051144197997601,0.7972292191435767,cts,,,,4.070716486808843e-10,-3.50995,0.00190797,3.0,,,
traj_sweep_011,sweep,0.6589834339277019,0.38574727642660306,0.9821118053083586,0.7553699284009546,1.0,,,,0.3739461879676096,0.9622105749835316,0.7553699284009546,routing,,,,4.252224976719068e-10,-4.22504,,,4063.0,0.707363,0.0
traj_sweep_012,sweep,0.6729939821208115,0.43481795088907704,0.960708981330322,0.7296829971181555,1.0,1076.77,0.6292,1.187273048097551,0.7107964881752749,1.0092836948205248,0.9941107184923439,floorplan,,,,,,,,,,
traj_sweep_012,sweep,0.6729939821208115,0.43481795088907704,0.960708981330322,0.7296829971181555,1.0,,,,0.5936392491817032,0.9979337744008968,0.8577235772357723,placement,3352.76,0.729249,0.70579,4.100007380013284e-10,,,,,,
traj_sweep_012,sweep,0.6729939821208115,0.43481795088907704,0.960708981330322,0.7296829971181555,1.0,,,,0.47040287268929887,0.9768787309692439,0.7686703096539161,cts,,,,4.1883764177654175e-10,-1.31907,0.0014791,7.0,,,
traj_sweep_012,sweep,0.6729939821208115,0.43481795088907704,0.960708981330322,0.7296829971181555,1.0,,,,0.42268797682097403,0.9459589946278134,0.7296829971181555,routing,,,,4.325278223521728e-10,-1.94565,,,4256.0,0.70579,0.0
traj_sweep_013,sweep,0.8644098738801551,0.7026243056125661,0.9537451873309685,0.9638370765131327,1.0,1076.77,0.582016,1.187273048097551,0.9191901111321363,0.9981751750154455,1.0747028862478776,floorplan,,,,,,,,,,
traj_sweep_013,sweep,0.8644098738801551,0.7026243056125661,0.9537451873309685,0.9638370765131327,1.0,,,,0.8178409566626018,0.9484057330600187,1.0,placement,3199.09,0.625494,0.700785,4.3141196823082264e-10,,,,,,
traj_sweep_013,sweep,0.8644098738801551,0.7026243056125661,0.9537451873309685,0.9638370765131327,1.0,,,,0.7174729648273303,0.9380582389211438,0.9867498051441932,cts,,,,4.3617076957970583e-10,0.0,0.000231738,0.0,,,
traj_sweep_013,sweep,0.8644098738801551,0.7026243056125661,0.9537451873309685,0.9638370765131327,1.0,,,,0.6767476711524124,0.9296828650570564,0.9638370765131327,routing,,,,4.401001667979632e-10,-0.00124065,,,3517.0,0.700785,0.0
traj_sweep_014,sweep,0.9141603746219544,0.8361261269643373,0.9165694926904713,0.9968503937007873,1.0,1076.77,0.582016,1.187273048097551,1.0609291069004192,0.9981751750154455,1.0747028862478776,floorplan,,,,,,,,,,
traj_sweep_014,sweep,0.9141603746219544,0.8361261269643373,0.9165694926904713,0.9968503937007873,1.0,,,,0.9528788039444386,0.9295887597327409,1.0103750997605745,placement,3101.12,0.619071,0.693292,4.4014471958379914e-10,,,,,,
traj_sweep_014,sweep,0.9141603746219544,0.8361261269643373,0.9165694926904713,0.9968503937007873,1.0,,,,0.8335899671632376,0.9204196279157307,0.9968503937007873,cts,,,,4.4452939895179965e-10,0.0,0.00248632,0.0,,,
traj_sweep_014,sweep,0.9141603746219544,0.8361261269643373,0.9165694926904713,0.9968503937007873,1.0,,,,0.8052292501097641,0.8967623676899598,0.9968503937007873,routing,,,,4.562564161058515e-10,0.0,,,3397.0,0.693292,0.0
traj_sweep_015,sweep,0.5056668207284034,0.1953549239805745,0.9588146002364908,0.6902944383860414,1.0,1076.77,0.656374,1.187273048097551,0.3209975764265061,1.009492363148355,0.9529544599171998,floorplan,,,,,,,,,,
traj_sweep_015,sweep,0.5056668207284034,0.1953549239805745,0.9588146002364908,0.6902944383860414,1.0,,,,0.26251508061005996,1.0167752969432136,0.8061127029608405,placement,3553.91,0.775939,0.713634,4.024031516214835e-10,,,,,,
traj_sweep_015,sweep,0.5056668207284034,0.1953549239805745,0.9588146002364908,0.6902944383860414,1.0,,,,0.2083972501562411,0.9965099199286436,0.7182978723404255,cts,,,,4.105865639652808e-10,-10.6007,0.00104417,8.0,,,
traj_sweep_015,sweep,0.5056668207284034,0.1953549239805745,0.9588146002364908,0.6902944383860414,1.0,,,,0.19054383848321457,0.9546575998232456,0.6902944383860414,routing,,,,4.2858673524054433e-10,-11.2222,,,5155.0,0.713634,0.0
traj_sweep_016,sweep,0.5425896248023782,0.23920985630000122,0.9710810246842357,0.6876697447039651,1.0,1076.77,0.656374,1.187273048097551,0.3920478837109876,1.009492363148355,0.9529544599171998,floorplan,,,,,,,,,,
traj_sweep_016,sweep,0.5425896248023782,0.23920985630000122,0.9710810246842357,0.6876697447039651,1.0,,,,0.3241761313933124,1.0168203038374515,0.8107588856868395,placement,3500.82,0.771492,0.734526,4.0238534029728227e-10,,,,,,
traj_sweep_016,sweep,0.5425896248023782,0.23920985630000122,0.9710810246842357,0.6876697447039651,1.0,,,,0.2556890282417076,0.9947792002684047,0.7197271176805002,cts,,,,4.1130090362808525e-10,-8.47741,0.000845185,11.0,,,
traj_sweep_016,sweep,0.5425896248023782,0.23920985630000122,0.9710810246842357,0.6876697447039651,1.0,,,,0.23347488286116239,0.9594078729332629,0.6876697447039651,routing,,,,4.2646469298806754e-10,-9.16002,,,4816.0,0.734526,0.0
traj_sweep_017,sweep,0.6029641162581968,0.31353763438984433,0.9769646532218799,0.7156585641605426,1.0,1076.77,0.643528,1.187273048097551,0.5073004959200206,1.009492363148355,0.9719769673704415,floorplan,,,,,,,,,,
traj_sweep_017,sweep,0.6029641162581968,0.31353763438984433,0.9769646532218799,0.7156585641605426,1.0,,,,0.4176230165276774,0.9992389743337957,0.8178294573643411,placement,3481.37,0.764822,0.718272,4.09465197505538e-10,,,,,,
traj_sweep_017,sweep,0.6029641162581968,0.31353763438984433,0.9769646532218799,0.7156585641605426,1.0,,,,0.33091893285217167,0.9952292692107837,0.7399181765049678,cts,,,,4.1111490250410086e-10,-5.59219,0.00157546,10.0,,,
traj_sweep_017,sweep,0.6029641162581968,0.31353763438984433,0.9769646532218799,0.7156585641605426,1.0,,,,0.306014836608318,0.9652383115049896,0.7156585641605426,routing,,,,4.2388866987974277e-10,-6.22271,,,4745.0,0.718272,0.0
traj_sweep_018,sweep,0.6589834339277019,0.38574727642660306,0.9821118053083586,0.7553699284009546,1.0,1076.77,0.638587,1.187273048097551,0.5855072841468818,1.0093246101789228,0.9794970986460347,floorplan,,,,,,,,,,
traj_sweep_018,sweep,0.6589834339277019,0.38574727642660306,0.9821118053083586,0.7553699284009546,1.0,,,,0.4864247515534674,1.0131542877249833,0.8367481824190349,placement,3436.51,0.74753,0.707363,4.0384133881480646e-10,,,,,,
traj_sweep_018,sweep,0.6589834339277019,0.38574727642660306,0.9821118053083586,0.7553699284009546,1.0,,,,0.4133879819126083,1.0051144197997601,0.7972292191435767,cts,,,,4.070716486808843e-10,-3.50995,0.00190797,3.0,,,
traj_sweep_018,sweep,0.6589834339277019,0.38574727642660306,0.9821118053083586,0.7553699284009546,1.0,,,,0.3739461879676096,0.9622105749835316,0.7553699284009546,routing,,,,4.252224976719068e-10,-4.22504,,,4063.0,0.707363,0.0
traj_sweep_019,sweep,0.6729939821208115,0.43481795088907704,0.960708981330322,0.7296829971181555,1.0,1076.77,0.6292,1.187273048097551,0.7107964881752749,1.0092836948205248,0.9941107184923439,floorplan,,,,,,,,,,
traj_sweep_019,sweep,0.6729939821208115,0.43481795088907704,0.960708981330322,0.7296829971181555,1.0,,,,0.5936392491817032,0.9979337744008968,0.8577235772357723,placement,3352.76,0.729249,0.70579,4.100007380013284e-10,,,,,,
traj_sweep_019,sweep,0.6729939821208115,0.43481795088907704,0.960708981330322,0.7296829971181555,1.0,,,,0.47040287268929887,0.9768787309692439,0.7686703096539161,cts,,,,4.1883764177654175e-10,-1.31907,0.0014791,7.0,,,
traj_sweep_019,sweep,0.6729939821208115,0.43481795088907704,0.960708981330322,0.7296829971181555,1.0,,,,0.42268797682097403,0.9459589946278134,0.7296829971181555,routing,,,,4.325278223521728e-10,-1.94565,,,4256.0,0.70579,0.0
traj_sweep_020,sweep,0.8644098738801551,0.7026243056125661,0.9537451873309685,0.9638370765131327,1.0,1076.77,0.582016,1.187273048097551,0.9191901111321363,0.9981751750154455,1.0747028862478776,floorplan,,,,,,,,,,
traj_sweep_020,sweep,0.8644098738801551,0.7026243056125661,0.9537451873309685,0.9638370765131327,1.0,,,,0.8178409566626018,0.9484057330600187,1.0,placement,3199.09,0.625494,0.700785,4.3141196823082264e-10,,,,,,
traj_sweep_020,sweep,0.8644098738801551,0.7026243056125661,0.9537451873309685,0.9638370765131327,1.0,,,,0.7174729648273303,0.9380582389211438,0.9867498051441932,cts,,,,4.3617076957970583e-10,0.0,0.000231738,0.0,,,
traj_sweep_020,sweep,0.8644098738801551,0.7026243056125661,0.9537451873309685,0.9638370765131327,1.0,,,,0.6767476711524124,0.9296828650570564,0.9638370765131327,routing,,,,4.401001667979632e-10,-0.00124065,,,3517.0,0.700785,0.0
traj_sweep_021,sweep,0.9141603746219544,0.8361261269643373,0.9165694926904713,0.9968503937007873,1.0,1076.77,0.582016,1.187273048097551,1.0609291069004192,0.9981751750154455,1.0747028862478776,floorplan,,,,,,,,,,
traj_sweep_021,sweep,0.9141603746219544,0.8361261269643373,0.9165694926904713,0.9968503937007873,1.0,,,,0.9528788039444386,0.9295887597327409,1.0103750997605745,placement,3101.12,0.619071,0.693292,4.4014471958379914e-10,,,,,,
traj_sweep_021,sweep,0.9141603746219544,0.8361261269643373,0.9165694926904713,0.9968503937007873,1.0,,,,0.8335899671632376,0.9204196279157307,0.9968503937007873,cts,,,,4.4452939895179965e-10,0.0,0.00248632,0.0,,,
traj_sweep_021,sweep,0.9141603746219544,0.8361261269643373,0.9165694926904713,0.9968503937007873,1.0,,,,0.8052292501097641,0.8967623676899598,0.9968503937007873,routing,,,,4.562564161058515e-10,0.0,,,3397.0,0.693292,0.0
traj_sweep_022,sweep,0.5056668207284034,0.1953549239805745,0.9588146002364908,0.6902944383860414,1.0,1076.77,0.656374,1.187273048097551,0.3209975764265061,1.009492363148355,0.9529544599171998,floorplan,,,,,,,,,,
traj_sweep_022,sweep,0.5056668207284034,0.1953549239805745,0.9588146002364908,0.6902944383860414,1.0,,,,0.26251508061005996,1.0167752969432136,0.8061127029608405,placement,3553.91,0.775939,0.713634,4.024031516214835e-10,,,,,,
traj_sweep_022,sweep,0.5056668207284034,0.1953549239805745,0.9588146002364908,0.6902944383860414,1.0,,,,0.2083972501562411,0.9965099199286436,0.7182978723404255,cts,,,,4.105865639652808e-10,-10.6007,0.00104417,8.0,,,
traj_sweep_022,sweep,0.5056668207284034,0.1953549239805745,0.9588146002364908,0.6902944383860414,1.0,,,,0.19054383848321457,0.9546575998232456,0.6902944383860414,routing,,,,4.2858673524054433e-10,-11.2222,,,5155.0,0.713634,0.0
traj_sweep_023,sweep,0.5425896248023782,0.23920985630000122,0.9710810246842357,0.6876697447039651,1.0,1076.77,0.656374,1.187273048097551,0.3920478837109876,1.009492363148355,0.9529544599171998,floorplan,,,,,,,,,,
traj_sweep_023,sweep,0.5425896248023782,0.23920985630000122,0.9710810246842357,0.6876697447039651,1.0,,,,0.3241761313933124,1.0168203038374515,0.8107588856868395,placement,3500.82,0.771492,0.734526,4.0238534029728227e-10,,,,,,
traj_sweep_023,sweep,0.5425896248023782,0.23920985630000122,0.9710810246842357,0.6876697447039651,1.0,,,,0.2556890282417076,0.9947792002684047,0.7197271176805002,cts,,,,4.1130090362808525e-10,-8.47741,0.000845185,11.0,,,
traj_sweep_023,sweep,0.5425896248023782,0.23920985630000122,0.9710810246842357,0.6876697447039651,1.0,,,,0.23347488286116239,0.9594078729332629,0.6876697447039651,routing,,,,4.2646469298806754e-10,-9.16002,,,4816.0,0.734526,0.0
traj_sweep_024,sweep,0.6029641162581968,0.31353763438984433,0.9769646532218799,0.7156585641605426,1.0,1076.77,0.643528,1.187273048097551,0.5073004959200206,1.009492363148355,0.9719769673704415,floorplan,,,,,,,,,,
traj_sweep_024,sweep,0.6029641162581968,0.31353763438984433,0.9769646532218799,0.7156585641605426,1.0,,,,0.4176230165276774,0.9992389743337957,0.8178294573643411,placement,3481.37,0.764822,0.718272,4.09465197505538e-10,,,,,,
traj_sweep_024,sweep,0.6029641162581968,0.31353763438984433,0.9769646532218799,0.7156585641605426,1.0,,,,0.33091893285217167,0.9952292692107837,0.7399181765049678,cts,,,,4.1111490250410086e-10,-5.59219,0.00157546,10.0,,,
traj_sweep_024,sweep,0.6029641162581968,0.31353763438984433,0.9769646532218799,0.7156585641605426,1.0,,,,0.306014836608318,0.9652383115049896,0.7156585641605426,routing,,,,4.2388866987974277e-10,-6.22271,,,4745.0,0.718272,0.0
traj_sweep_025,sweep,0.6589834339277019,0.38574727642660306,0.9821118053083586,0.7553699284009546,1.0,1076.77,0.638587,1.187273048097551,0.5855072841468818,1.0093246101789228,0.9794970986460347,floorplan,,,,,,,,,,
traj_sweep_025,sweep,0.6589834339277019,0.38574727642660306,0.9821118053083586,0.7553699284009546,1.0,,,,0.4864247515534674,1.0131542877249833,0.8367481824190349,placement,3436.51,0.74753,0.707363,4.0384133881480646e-10,,,,,,
traj_sweep_025,sweep,0.6589834339277019,0.38574727642660306,0.9821118053083586,0.7553699284009546,1.0,,,,0.4133879819126083,1.0051144197997601,0.7972292191435767,cts,,,,4.070716486808843e-10,-3.50995,0.00190797,3.0,,,
traj_sweep_025,sweep,0.6589834339277019,0.38574727642660306,0.9821118053083586,0.7553699284009546,1.0,,,,0.3739461879676096,0.9622105749835316,0.7553699284009546,routing,,,,4.252224976719068e-10,-4.22504,,,4063.0,0.707363,0.0
traj_sweep_026,sweep,0.6729939821208115,0.43481795088907704,0.960708981330322,0.7296829971181555,1.0,1076.77,0.6292,1.187273048097551,0.7107964881752749,1.0092836948205248,0.9941107184923439,floorplan,,,,,,,,,,
traj_sweep_026,sweep,0.6729939821208115,0.43481795088907704,0.960708981330322,0.7296829971181555,1.0,,,,0.5936392491817032,0.9979337744008968,0.8577235772357723,placement,3352.76,0.729249,0.70579,4.100007380013284e-10,,,,,,
traj_sweep_026,sweep,0.6729939821208115,0.43481795088907704,0.960708981330322,0.7296829971181555,1.0,,,,0.47040287268929887,0.9768787309692439,0.7686703096539161,cts,,,,4.1883764177654175e-10,-1.31907,0.0014791,7.0,,,
traj_sweep_026,sweep,0.6729939821208115,0.43481795088907704,0.960708981330322,0.7296829971181555,1.0,,,,0.42268797682097403,0.9459589946278134,0.7296829971181555,routing,,,,4.325278223521728e-10,-1.94565,,,4256.0,0.70579,0.0
traj_sweep_027,sweep,0.8644098738801551,0.7026243056125661,0.9537451873309685,0.9638370765131327,1.0,1076.77,0.582016,1.187273048097551,0.9191901111321363,0.9981751750154455,1.0747028862478776,floorplan,,,,,,,,,,
traj_sweep_027,sweep,0.8644098738801551,0.7026243056125661,0.9537451873309685,0.9638370765131327,1.0,,,,0.8178409566626018,0.9484057330600187,1.0,placement,3199.09,0.625494,0.700785,4.3141196823082264e-10,,,,,,
traj_sweep_027,sweep,0.8644098738801551,0.7026243056125661,0.9537451873309685,0.9638370765131327,1.0,,,,0.7174729648273303,0.9380582389211438,0.9867498051441932,cts,,,,4.3617076957970583e-10,0.0,0.000231738,0.0,,,
traj_sweep_027,sweep,0.8644098738801551,0.7026243056125661,0.9537451873309685,0.9638370765131327,1.0,,,,0.6767476711524124,0.9296828650570564,0.9638370765131327,routing,,,,4.401001667979632e-10,-0.00124065,,,3517.0,0.700785,0.0
traj_sweep_028,sweep,0.9141603746219544,0.8361261269643373,0.9165694926904713,0.9968503937007873,1.0,1076.77,0.582016,1.187273048097551,1.0609291069004192,0.9981751750154455,1.0747028862478776,floorplan,,,,,,,,,,
traj_sweep_028,sweep,0.9141603746219544,0.8361261269643373,0.9165694926904713,0.9968503937007873,1.0,,,,0.9528788039444386,0.9295887597327409,1.0103750997605745,placement,3101.12,0.619071,0.693292,4.4014471958379914e-10,,,,,,
traj_sweep_028,sweep,0.9141603746219544,0.8361261269643373,0.9165694926904713,0.9968503937007873,1.0,,,,0.8335899671632376,0.9204196279157307,0.9968503937007873,cts,,,,4.4452939895179965e-10,0.0,0.00248632,0.0,,,
traj_sweep_028,sweep,0.9141603746219544,0.8361261269643373,0.9165694926904713,0.9968503937007873,1.0,,,,0.8052292501097641,0.8967623676899598,0.9968503937007873,routing,,,,4.562564161058515e-10,0.0,,,3397.0,0.693292,0.0
traj_sweep_029,sweep,0.5056668207284034,0.1953549239805745,0.9588146002364908,0.6902944383860414,1.0,1076.77,0.656374,1.187273048097551,0.3209975764265061,1.009492363148355,0.9529544599171998,floorplan,,,,,,,,,,
traj_sweep_029,sweep,0.5056668207284034,0.1953549239805745,0.9588146002364908,0.6902944383860414,1.0,,,,0.26251508061005996,1.0167752969432136,0.8061127029608405,placement,3553.91,0.775939,0.713634,4.024031516214835e-10,,,,,,
traj_sweep_029,sweep,0.5056668207284034,0.1953549239805745,0.9588146002364908,0.6902944383860414,1.0,,,,0.2083972501562411,0.9965099199286436,0.7182978723404255,cts,,,,4.105865639652808e-10,-10.6007,0.00104417,8.0,,,
traj_sweep_029,sweep,0.5056668207284034,0.1953549239805745,0.9588146002364908,0.6902944383860414,1.0,,,,0.19054383848321457,0.9546575998232456,0.6902944383860414,routing,,,,4.2858673524054433e-10,-11.2222,,,5155.0,0.713634,0.0
traj_sweep_030,sweep,0.5425896248023782,0.23920985630000122,0.9710810246842357,0.6876697447039651,1.0,1076.77,0.656374,1.187273048097551,0.3920478837109876,1.009492363148355,0.9529544599171998,floorplan,,,,,,,,,,
traj_sweep_030,sweep,0.5425896248023782,0.23920985630000122,0.9710810246842357,0.6876697447039651,1.0,,,,0.3241761313933124,1.0168203038374515,0.8107588856868395,placement,3500.82,0.771492,0.734526,4.0238534029728227e-10,,,,,,
traj_sweep_030,sweep,0.5425896248023782,0.23920985630000122,0.9710810246842357,0.6876697447039651,1.0,,,,0.2556890282417076,0.9947792002684047,0.7197271176805002,cts,,,,4.1130090362808525e-10,-8.47741,0.000845185,11.0,,,
traj_sweep_030,sweep,0.5425896248023782,0.23920985630000122,0.9710810246842357,0.6876697447039651,1.0,,,,0.23347488286116239,0.9594078729332629,0.6876697447039651,routing,,,,4.2646469298806754e-10,-9.16002,,,4816.0,0.734526,0.0
traj_sweep_031,sweep,0.6029641162581968,0.31353763438984433,0.9769646532218799,0.7156585641605426,1.0,1076.77,0.643528,1.187273048097551,0.5073004959200206,1.009492363148355,0.9719769673704415,floorplan,,,,,,,,,,
traj_sweep_031,sweep,0.6029641162581968,0.31353763438984433,0.9769646532218799,0.7156585641605426,1.0,,,,0.4176230165276774,0.9992389743337957,0.8178294573643411,placement,3481.37,0.764822,0.718272,4.09465197505538e-10,,,,,,
traj_sweep_031,sweep,0.6029641162581968,0.31353763438984433,0.9769646532218799,0.7156585641605426,1.0,,,,0.33091893285217167,0.9952292692107837,0.7399181765049678,cts,,,,4.1111490250410086e-10,-5.59219,0.00157546,10.0,,,
traj_sweep_031,sweep,0.6029641162581968,0.31353763438984433,0.9769646532218799,0.7156585641605426,1.0,,,,0.306014836608318,0.9652383115049896,0.7156585641605426,routing,,,,4.2388866987974277e-10,-6.22271,,,4745.0,0.718272,0.0
traj_sweep_032,sweep,0.6589834339277019,0.38574727642660306,0.9821118053083586,0.7553699284009546,1.0,1076.77,0.638587,1.187273048097551,0.5855072841468818,1.0093246101789228,0.9794970986460347,floorplan,,,,,,,,,,
traj_sweep_032,sweep,0.6589834339277019,0.38574727642660306,0.9821118053083586,0.7553699284009546,1.0,,,,0.4864247515534674,1.0131542877249833,0.8367481824190349,placement,3436.51,0.74753,0.707363,4.0384133881480646e-10,,,,,,
traj_sweep_032,sweep,0.6589834339277019,0.38574727642660306,0.9821118053083586,0.7553699284009546,1.0,,,,0.4133879819126083,1.0051144197997601,0.7972292191435767,cts,,,,4.070716486808843e-10,-3.50995,0.00190797,3.0,,,
traj_sweep_032,sweep,0.6589834339277019,0.38574727642660306,0.9821118053083586,0.7553699284009546,1.0,,,,0.3739461879676096,0.9622105749835316,0.7553699284009546,routing,,,,4.252224976719068e-10,-4.22504,,,4063.0,0.707363,0.0
traj_sweep_033,sweep,0.6729939821208115,0.43481795088907704,0.960708981330322,0.7296829971181555,1.0,1076.77,0.6292,1.187273048097551,0.7107964881752749,1.0092836948205248,0.9941107184923439,floorplan,,,,,,,,,,
traj_sweep_033,sweep,0.6729939821208115,0.43481795088907704,0.960708981330322,0.7296829971181555,1.0,,,,0.5936392491817032,0.9979337744008968,0.8577235772357723,placement,3352.76,0.729249,0.70579,4.100007380013284e-10,,,,,,
traj_sweep_033,sweep,0.6729939821208115,0.43481795088907704,0.960708981330322,0.7296829971181555,1.0,,,,0.47040287268929887,0.9768787309692439,0.7686703096539161,cts,,,,4.1883764177654175e-10,-1.31907,0.0014791,7.0,,,
traj_sweep_033,sweep,0.6729939821208115,0.43481795088907704,0.960708981330322,0.7296829971181555,1.0,,,,0.42268797682097403,0.9459589946278134,0.7296829971181555,routing,,,,4.325278223521728e-10,-1.94565,,,4256.0,0.70579,0.0
traj_sweep_034,sweep,0.8644098738801551,0.7026243056125661,0.9537451873309685,0.9638370765131327,1.0,1076.77,0.582016,1.187273048097551,0.9191901111321363,0.9981751750154455,1.0747028862478776,floorplan,,,,,,,,,,
traj_sweep_034,sweep,0.8644098738801551,0.7026243056125661,0.9537451873309685,0.9638370765131327,1.0,,,,0.8178409566626018,0.9484057330600187,1.0,placement,3199.09,0.625494,0.700785,4.3141196823082264e-10,,,,,,
traj_sweep_034,sweep,0.8644098738801551,0.7026243056125661,0.9537451873309685,0.9638370765131327,1.0,,,,0.7174729648273303,0.9380582389211438,0.9867498051441932,cts,,,,4.3617076957970583e-10,0.0,0.000231738,0.0,,,
traj_sweep_034,sweep,0.8644098738801551,0.7026243056125661,0.9537451873309685,0.9638370765131327,1.0,,,,0.6767476711524124,0.9296828650570564,0.9638370765131327,routing,,,,4.401001667979632e-10,-0.00124065,,,3517.0,0.700785,0.0
traj_sweep_035,sweep,0.9141603746219544,0.8361261269643373,0.9165694926904713,0.9968503937007873,1.0,1076.77,0.582016,1.187273048097551,1.0609291069004192,0.9981751750154455,1.0747028862478776,floorplan,,,,,,,,,,
traj_sweep_035,sweep,0.9141603746219544,0.8361261269643373,0.9165694926904713,0.9968503937007873,1.0,,,,0.9528788039444386,0.9295887597327409,1.0103750997605745,placement,3101.12,0.619071,0.693292,4.4014471958379914e-10,,,,,,
traj_sweep_035,sweep,0.9141603746219544,0.8361261269643373,0.9165694926904713,0.9968503937007873,1.0,,,,0.8335899671632376,0.9204196279157307,0.9968503937007873,cts,,,,4.4452939895179965e-10,0.0,0.00248632,0.0,,,
traj_sweep_035,sweep,0.9141603746219544,0.8361261269643373,0.9165694926904713,0.9968503937007873,1.0,,,,0.8052292501097641,0.8967623676899598,0.9968503937007873,routing,,,,4.562564161058515e-10,0.0,,,3397.0,0.693292,0.0
traj_sweep_036,sweep,0.5056668207284034,0.1953549239805745,0.9588146002364908,0.6902944383860414,1.0,1076.77,0.656374,1.187273048097551,0.3209975764265061,1.009492363148355,0.9529544599171998,floorplan,,,,,,,,,,
traj_sweep_036,sweep,0.5056668207284034,0.1953549239805745,0.9588146002364908,0.6902944383860414,1.0,,,,0.26251508061005996,1.0167752969432136,0.8061127029608405,placement,3553.91,0.775939,0.713634,4.024031516214835e-10,,,,,,
traj_sweep_036,sweep,0.5056668207284034,0.1953549239805745,0.9588146002364908,0.6902944383860414,1.0,,,,0.2083972501562411,0.9965099199286436,0.7182978723404255,cts,,,,4.105865639652808e-10,-10.6007,0.00104417,8.0,,,
traj_sweep_036,sweep,0.5056668207284034,0.1953549239805745,0.9588146002364908,0.6902944383860414,1.0,,,,0.19054383848321457,0.9546575998232456,0.6902944383860414,routing,,,,4.2858673524054433e-10,-11.2222,,,5155.0,0.713634,0.0
traj_sweep_037,sweep,0.5425896248023782,0.23920985630000122,0.9710810246842357,0.6876697447039651,1.0,1076.77,0.656374,1.187273048097551,0.3920478837109876,1.009492363148355,0.9529544599171998,floorplan,,,,,,,,,,
traj_sweep_037,sweep,0.5425896248023782,0.23920985630000122,0.9710810246842357,0.6876697447039651,1.0,,,,0.3241761313933124,1.0168203038374515,0.8107588856868395,placement,3500.82,0.771492,0.734526,4.0238534029728227e-10,,,,,,
traj_sweep_037,sweep,0.5425896248023782,0.23920985630000122,0.9710810246842357,0.6876697447039651,1.0,,,,0.2556890282417076,0.9947792002684047,0.7197271176805002,cts,,,,4.1130090362808525e-10,-8.47741,0.000845185,11.0,,,
traj_sweep_037,sweep,0.5425896248023782,0.23920985630000122,0.9710810246842357,0.6876697447039651,1.0,,,,0.23347488286116239,0.9594078729332629,0.6876697447039651,routing,,,,4.2646469298806754e-10,-9.16002,,,4816.0,0.734526,0.0
traj_sweep_038,sweep,0.6029641162581968,0.31353763438984433,0.9769646532218799,0.7156585641605426,1.0,1076.77,0.643528,1.187273048097551,0.5073004959200206,1.009492363148355,0.9719769673704415,floorplan,,,,,,,,,,
traj_sweep_038,sweep,0.6029641162581968,0.31353763438984433,0.9769646532218799,0.7156585641605426,1.0,,,,0.4176230165276774,0.9992389743337957,0.8178294573643411,placement,3481.37,0.764822,0.718272,4.09465197505538e-10,,,,,,
traj_sweep_038,sweep,0.6029641162581968,0.31353763438984433,0.9769646532218799,0.7156585641605426,1.0,,,,0.33091893285217167,0.9952292692107837,0.7399181765049678,cts,,,,4.1111490250410086e-10,-5.59219,0.00157546,10.0,,,
traj_sweep_038,sweep,0.6029641162581968,0.31353763438984433,0.9769646532218799,0.7156585641605426,1.0,,,,0.306014836608318,0.9652383115049896,0.7156585641605426,routing,,,,4.2388866987974277e-10,-6.22271,,,4745.0,0.718272,0.0
traj_sweep_039,sweep,0.6589834339277019,0.38574727642660306,0.9821118053083586,0.7553699284009546,1.0,1076.77,0.638587,1.187273048097551,0.5855072841468818,1.0093246101789228,0.9794970986460347,floorplan,,,,,,,,,,
traj_sweep_039,sweep,0.6589834339277019,0.38574727642660306,0.9821118053083586,0.7553699284009546,1.0,,,,0.4864247515534674,1.0131542877249833,0.8367481824190349,placement,3436.51,0.74753,0.707363,4.0384133881480646e-10,,,,,,
traj_sweep_039,sweep,0.6589834339277019,0.38574727642660306,0.9821118053083586,0.7553699284009546,1.0,,,,0.4133879819126083,1.0051144197997601,0.7972292191435767,cts,,,,4.070716486808843e-10,-3.50995,0.00190797,3.0,,,
traj_sweep_039,sweep,0.6589834339277019,0.38574727642660306,0.9821118053083586,0.7553699284009546,1.0,,,,0.3739461879676096,0.9622105749835316,0.7553699284009546,routing,,,,4.252224976719068e-10,-4.22504,,,4063.0,0.707363,0.0
traj_sweep_040,sweep,0.6729939821208115,0.43481795088907704,0.960708981330322,0.7296829971181555,1.0,1076.77,0.6292,1.187273048097551,0.7107964881752749,1.0092836948205248,0.9941107184923439,floorplan,,,,,,,,,,
traj_sweep_040,sweep,0.6729939821208115,0.43481795088907704,0.960708981330322,0.7296829971181555,1.0,,,,0.5936392491817032,0.9979337744008968,0.8577235772357723,placement,3352.76,0.729249,0.70579,4.100007380013284e-10,,,,,,
traj_sweep_040,sweep,0.6729939821208115,0.43481795088907704,0.960708981330322,0.7296829971181555,1.0,,,,0.47040287268929887,0.9768787309692439,0.7686703096539161,cts,,,,4.1883764177654175e-10,-1.31907,0.0014791,7.0,,,
traj_sweep_040,sweep,0.6729939821208115,0.43481795088907704,0.960708981330322,0.7296829971181555,1.0,,,,0.42268797682097403,0.9459589946278134,0.7296829971181555,routing,,,,4.325278223521728e-10,-1.94565,,,4256.0,0.70579,0.0
traj_sweep_041,sweep,0.8644098738801551,0.7026243056125661,0.9537451873309685,0.9638370765131327,1.0,1076.77,0.582016,1.187273048097551,0.9191901111321363,0.9981751750154455,1.0747028862478776,floorplan,,,,,,,,,,
traj_sweep_041,sweep,0.8644098738801551,0.7026243056125661,0.9537451873309685,0.9638370765131327,1.0,,,,0.8178409566626018,0.9484057330600187,1.0,placement,3199.09,0.625494,0.700785,4.3141196823082264e-10,,,,,,
traj_sweep_041,sweep,0.8644098738801551,0.7026243056125661,0.9537451873309685,0.9638370765131327,1.0,,,,0.7174729648273303,0.9380582389211438,0.9867498051441932,cts,,,,4.3617076957970583e-10,0.0,0.000231738,0.0,,,
traj_sweep_041,sweep,0.8644098738801551,0.7026243056125661,0.9537451873309685,0.9638370765131327,1.0,,,,0.6767476711524124,0.9296828650570564,0.9638370765131327,routing,,,,4.401001667979632e-10,-0.00124065,,,3517.0,0.700785,0.0
traj_sweep_042,sweep,0.9141603746219544,0.8361261269643373,0.9165694926904713,0.9968503937007873,1.0,1076.77,0.582016,1.187273048097551,1.0609291069004192,0.9981751750154455,1.0747028862478776,floorplan,,,,,,,,,,
traj_sweep_042,sweep,0.9141603746219544,0.8361261269643373,0.9165694926904713,0.9968503937007873,1.0,,,,0.9528788039444386,0.9295887597327409,1.0103750997605745,placement,3101.12,0.619071,0.693292,4.4014471958379914e-10,,,,,,
traj_sweep_042,sweep,0.9141603746219544,0.8361261269643373,0.9165694926904713,0.9968503937007873,1.0,,,,0.8335899671632376,0.9204196279157307,0.9968503937007873,cts,,,,4.4452939895179965e-10,0.0,0.00248632,0.0,,,
traj_sweep_042,sweep,0.9141603746219544,0.8361261269643373,0.9165694926904713,0.9968503937007873,1.0,,,,0.8052292501097641,0.8967623676899598,0.9968503937007873,routing,,,,4.562564161058515e-10,0.0,,,3397.0,0.693292,0.0
traj_sweep_043,sweep,0.5901583739507742,0.28580060807286695,0.9938545131686081,0.7236353243783937,1.0,1085.28,0.643382,1.1794283502874834,0.4497989153692725,1.009492363148355,0.9645714285714285,floorplan,,,,,,,,,,
traj_sweep_043,sweep,0.5901583739507742,0.28580060807286695,0.9938545131686081,0.7236353243783937,1.0,,,,0.3687869336835194,1.0209241142847791,0.8186226964112511,placement,3584.45,0.758088,0.671183,4.007678712412983e-10,,,,,,
traj_sweep_043,sweep,0.5901583739507742,0.28580060807286695,0.9938545131686081,0.7236353243783937,1.0,,,,0.3061660088477636,1.0159037998093345,0.7619620824556124,cts,,,,4.0274835477297076e-10,-6.86272,0.000737514,3.0,,,
traj_sweep_043,sweep,0.5901583739507742,0.28580060807286695,0.9938545131686081,0.7236353243783937,1.0,,,,0.2780451507008677,0.9722471123985811,0.7236353243783937,routing,,,,4.208329125004208e-10,-7.52795,,,4367.0,0.671183,0.0
traj_sweep_044,sweep,0.5901583739507742,0.28580060807286695,0.9938545131686081,0.7236353243783937,1.0,1085.28,0.643382,1.1794283502874834,0.4497989153692725,1.009492363148355,0.9645714285714285,floorplan,,,,,,,,,,
traj_sweep_044,sweep,0.5901583739507742,0.28580060807286695,0.9938545131686081,0.7236353243783937,1.0,,,,0.3687869336835194,1.0209241142847791,0.8186226964112511,placement,3584.45,0.758088,0.671183,4.007678712412983e-10,,,,,,
traj_sweep_044,sweep,0.5901583739507742,0.28580060807286695,0.9938545131686081,0.7236353243783937,1.0,,,,0.3061660088477636,1.0159037998093345,0.7619620824556124,cts,,,,4.0274835477297076e-10,-6.86272,0.000737514,3.0,,,
traj_sweep_044,sweep,0.5901583739507742,0.28580060807286695,0.9938545131686081,0.7236353243783937,1.0,,,,0.2780451507008677,0.9722471123985811,0.7236353243783937,routing,,,,4.208329125004208e-10,-7.52795,,,4367.0,0.671183,0.0
traj_sweep_045,sweep,0.6008879183213315,0.2970683565309519,0.9965712929662407,0.7328509406657019,1.0,1066.93,0.65445,1.1987009457040294,0.4497989153692725,1.009492363148355,0.9645714285714285,floorplan,,,,,,,,,,
traj_sweep_045,sweep,0.6008879183213315,0.2970683565309519,0.9965712929662407,0.7328509406657019,1.0,,,,0.3717895677500496,1.0108425699754917,0.8194174757281553,placement,3509.36,0.770381,0.749578,4.047648923123004e-10,,,,,,
traj_sweep_045,sweep,0.6008879183213315,0.2970683565309519,0.9965712929662407,0.7328509406657019,1.0,,,,0.30415828984153415,1.0008796802055588,0.7502222222222221,cts,,,,4.0879397601196947e-10,-7.03893,0.00109143,5.0,,,
traj_sweep_045,sweep,0.6008879183213315,0.2970683565309519,0.9965712929662407,0.7328509406657019,1.0,,,,0.28815119071667455,0.9738591775194655,0.7328509406657019,routing,,,,4.20136292213194e-10,-7.53805,,,4092.0,0.749578,0.0
traj_sweep_046,sweep,0.5560248573888175,0.2600759685996455,0.975532615677947,0.6775488359646775,1.0,1090.6,0.640244,1.172510544654319,0.4497989153692725,1.009492363148355,0.9645714285714285,floorplan,,,,,,,,,,
traj_sweep_046,sweep,0.5560248573888175,0.2600759685996455,0.975532615677947,0.6775488359646775,1.0,,,,0.36880812259404266,1.0076388974129218,0.8104993597951343,placement,3591.44,0.761951,0.698197,4.0605179596709355e-10,,,,,,
traj_sweep_046,sweep,0.5560248573888175,0.2600759685996455,0.975532615677947,0.6775488359646775,1.0,,,,0.2721669841635195,0.987754033231454,0.7015793848711553,cts,,,,4.1422618406554713e-10,-7.15489,0.00158307,11.0,,,
traj_sweep_046,sweep,0.5560248573888175,0.2600759685996455,0.975532615677947,0.6775488359646775,1.0,,,,0.25472655430647917,0.9585036435126654,0.6775488359646775,routing,,,,4.2686700958316437e-10,-7.73108,,,5525.0,0.698197,0.0
traj_sweep_047,sweep,0.5560248573888175,0.2600759685996455,0.975532615677947,0.6775488359646775,1.0,1090.6,0.640244,1.172510544654319,0.4497989153692725,1.009492363148355,0.9645714285714285,floorplan,,,,,,,,,,
traj_sweep_047,sweep,0.5560248573888175,0.2600759685996455,0.975532615677947,0.6775488359646775,1.0,,,,0.36880812259404266,1.0076388974129218,0.8104993597951343,placement,3591.44,0.761951,0.698197,4.0605179596709355e-10,,,,,,
traj_sweep_047,sweep,0.5560248573888175,0.2600759685996455,0.975532615677947,0.6775488359646775,1.0,,,,0.2721669841635195,0.987754033231454,0.7015793848711553,cts,,,,4.1422618406554713e-10,-7.15489,0.00158307,11.0,,,
traj_sweep_047,sweep,0.5560248573888175,0.2600759685996455,0.975532615677947,0.6775488359646775,1.0,,,,0.25472655430647917,0.9585036435126654,0.6775488359646775,routing,,,,4.2686700958316437e-10,-7.73108,,,5525.0,0.698197,0.0
traj_sweep_048,sweep,0.5898694166547813,0.2862443999573178,0.9877417586239347,0.7259174311926605,1.0,1113.21,0.62724,1.3,0.4497989153692725,1.009492363148355,0.9645714285714285,floorplan,,,,,,,,,,
traj_sweep_048,sweep,0.5898694166547813,0.2862443999573178,0.9877417586239347,0.7259174311926605,1.0,,,,0.3678201378926451,1.009831960623059,0.8112784363985901,placement,3700.47,0.745759,0.705799,4.051699688019124e-10,,,,,,
traj_sweep_048,sweep,0.5898694166547813,0.2862443999573178,0.9877417586239347,0.7259174311926605,1.0,,,,0.3000123522322487,0.9939977169230014,0.7508896797153024,cts,,,,4.116242693669219e-10,-7.09775,0.00162043,4.0,,,
traj_sweep_048,sweep,0.5898694166547813,0.2862443999573178,0.9877417586239347,0.7259174311926605,1.0,,,,0.2781269004662477,0.9693093896655988,0.7259174311926605,routing,,,,4.22108346770449e-10,-7.64124,,,4321.0,0.705799,0.0
traj_sweep_049,sweep,0.5898694166547813,0.2862443999573178,0.9877417586239347,0.7259174311926605,1.0,1113.21,0.62724,1.3,0.4497989153692725,1.009492363148355,0.9645714285714285,floorplan,,,,,,,,,,
traj_sweep_049,sweep,0.5898694166547813,0.2862443999573178,0.9877417586239347,0.7259174311926605,1.0,,,,0.3678201378926451,1.009831960623059,0.8112784363985901,placement,3700.47,0.745759,0.705799,4.051699688019124e-10,,,,,,
traj_sweep_049,sweep,0.5898694166547813,0.2862443999573178,0.9877417586239347,0.7259174311926605,1.0,,,,0.3000123522322487,0.9939977169230014,0.7508896797153024,cts,,,,4.116242693669219e-10,-7.09775,0.00162043,4.0,,,
traj_sweep_049,sweep,0.5898694166547813,0.2862443999573178,0.9877417586239347,0.7259174311926605,1.0,,,,0.2781269004662477,0.9693093896655988,0.7259174311926605,routing,,,,4.22108346770449e-10,-7.64124,,,4321.0,0.705799,0.0
traj_sweep_050,sweep,0.5940867031906543,0.2904553049964932,0.9967308628639933,0.7242562929061784,1.0,1076.77,0.648468,1.187273048097551,0.4497989153692725,1.009492363148355,0.9645714285714285,floorplan,,,,,,,,,,
traj_sweep_050,sweep,0.5940867031906543,0.2904553049964932,0.9967308628639933,0.7242562929061784,1.0,,,,0.3702180952302483,1.0124137197379781,0.8183581124757594,placement,3523.55,0.764328,0.737694,4.041367437086012e-10,,,,,,
traj_sweep_050,sweep,0.5940867031906543,0.2904553049964932,0.9967308628639933,0.7242562929061784,1.0,,,,0.29670790452890117,0.9991816928320384,0.740567417373501,cts,,,,4.0948867149590306e-10,-7.03466,0.00099052,10.0,,,
traj_sweep_050,sweep,0.5940867031906543,0.2904553049964932,0.9967308628639933,0.7242562929061784,1.0,,,,0.2822681714100844,0.9797182568420708,0.7242562929061784,routing,,,,4.1762372102735437e-10,-7.48525,,,4244.0,0.737694,0.0
traj_sweep_051,sweep,0.6102815913521894,0.3045226352021064,0.9913668593780047,0.7528991971454059,1.0,1076.77,0.648468,1.187273048097551,0.4497989153692725,1.009492363148355,0.9645714285714285,floorplan,,,,,,,,,,
traj_sweep_051,sweep,0.6102815913521894,0.3045226352021064,0.9913668593780047,0.7528991971454059,1.0,,,,0.3722161244227225,1.0031832148833708,0.8199481865284973,placement,3527.23,0.762846,0.720908,4.0785529294206413e-10,,,,,,
traj_sweep_051,sweep,0.6102815913521894,0.3045226352021064,0.9913668593780047,0.7528991971454059,1.0,,,,0.3098939789199264,0.9935476479806225,0.7698388567953784,cts,,,,4.1181073178767037e-10,-6.94293,0.000686042,4.0,,,
traj_sweep_051,sweep,0.6102815913521894,0.3045226352021064,0.9913668593780047,0.7528991971454059,1.0,,,,0.2946880338937476,0.9740432966322569,0.7528991971454059,routing,,,,4.200568757009699e-10,-7.4015,,,3854.0,0.720908,0.0
traj_sweep_052,sweep,0.601554364501018,0.29450647405625596,0.9983715687357564,0.7403508771929824,1.0,1076.77,0.648468,1.187273048097551,0.4497989153692725,1.009492363148355,0.9645714285714285,floorplan,,,,,,,,,,
traj_sweep_052,sweep,0.601554364501018,0.29450647405625596,0.9983715687357564,0.7403508771929824,1.0,,,,0.3683296957773611,1.013694370455838,0.8138862102217936,placement,3591.91,0.768528,0.73076,4.036261775793731e-10,,,,,,
traj_sweep_052,sweep,0.601554364501018,0.29450647405625596,0.9983715687357564,0.7403508771929824,1.0,,,,0.30719165380519964,1.0046970831440998,0.7619620824556124,cts,,,,4.07240740363666e-10,-6.819,0.00116673,9.0,,,
traj_sweep_052,sweep,0.601554364501018,0.29450647405625596,0.9983715687357564,0.7403508771929824,1.0,,,,0.28555404621751945,0.9714083475514204,0.7403508771929824,routing,,,,4.211962816792253e-10,-7.43676,,,4067.0,0.73076,0.0
traj_sweep_053,sweep,0.5896736473729731,0.2887822371898795,0.9836952296783643,0.7217787913340934,1.0,1076.77,0.648468,1.187273048097551,0.4497989153692725,1.009492363148355,0.9645714285714285,floorplan,,,,,,,,,,
traj_sweep_053,sweep,0.5896736473729731,0.2887822371898795,0.9836952296783643,0.7217787913340934,1.0,,,,0.3746063373691352,1.011370378098827,0.8220779220779221,placement,3521.98,0.76087,0.715234,4.045536559513888e-10,,,,,,
traj_sweep_053,sweep,0.5896736473729731,0.2887822371898795,0.9836952296783643,0.7217787913340934,1.0,,,,0.3004491726163511,0.9940386322813994,0.7453635560788932,cts,,,,4.1160732661041365e-10,-7.11416,0.00165873,13.0,,,
traj_sweep_053,sweep,0.5896736473729731,0.2887822371898795,0.9836952296783643,0.7217787913340934,1.0,,,,0.28100643995240787,0.952133122210084,0.7217787913340934,routing,,,,4.2972308644309607e-10,-7.71511,,,4436.0,0.715234,0.0
traj_sweep_054,sweep,0.5729108790873798,0.2760211501751509,0.9672840794248937,0.7043115438108484,1.0,1076.77,0.648468,1.187273048097551,0.4497989153692725,1.009492363148355,0.9645714285714285,floorplan,,,,,,,,,,
traj_sweep_054,sweep,0.5729108790873798,0.2760211501751509,0.9672840794248937,0.7043115438108484,1.0,,,,0.3751975333640898,1.0046152524273035,0.8244871377401497,placement,3521.63,0.758646,0.705322,4.072739120695624e-10,,,,,,
traj_sweep_054,sweep,0.5729108790873798,0.2760211501751509,0.9672840794248937,0.7043115438108484,1.0,,,,0.3069141578866481,0.9994312765182667,0.7540202501488982,cts,,,,4.093864116462246e-10,-7.04859,0.00113704,7.0,,,
traj_sweep_054,sweep,0.5729108790873798,0.2760211501751509,0.9672840794248937,0.7043115438108484,1.0,,,,0.2690703530376931,0.9539947710171968,0.7043115438108484,routing,,,,4.288845142668434e-10,-7.76837,,,4810.0,0.705322,0.0
traj_sweep_055,sweep,0.56006688412312,0.26466283216855296,0.9629061360762989,0.6893547508848352,1.0,1076.77,0.648468,1.187273048097551,0.4497989153692725,1.009492363148355,0.9645714285714285,floorplan,,,,,,,,,,
traj_sweep_055,sweep,0.56006688412312,0.26466283216855296,0.9629061360762989,0.6893547508848352,1.0,,,,0.3739314061020899,1.0147949935967464,0.821277975997405,placement,3529.07,0.761611,0.711128,4.031884139777359e-10,,,,,,
traj_sweep_055,sweep,0.56006688412312,0.26466283216855296,0.9629061360762989,0.6893547508848352,1.0,,,,0.2969559585492228,1.0025735760432393,0.7390542907180384,cts,,,,4.0810329910707e-10,-6.9629,0.00109825,6.0,,,
traj_sweep_055,sweep,0.56006688412312,0.26466283216855296,0.9629061360762989,0.6893547508848352,1.0,,,,0.2584235090453692,0.9488598935382374,0.6893547508848352,routing,,,,4.3120547803439297e-10,-7.79517,,,5187.0,0.711128,0.0
traj_sweep_056,mega_sweep,0.4911547093882337,0.17604560503065803,0.9731186095324602,0.6916143130292269,1.0,1076.77,0.656374,1.187273048097551,0.2854338711726591,1.009492363148355,0.9529544599171998,floorplan,,,,,,,,,,
traj_sweep_056,mega_sweep,0.4911547093882337,0.17604560503065803,0.9731186095324602,0.6916143130292269,1.0,,,,0.22942235940011055,1.01514686567897,0.800252844500632,placement,3514.5,0.781621,0.695239,4.030486600647296e-10,,,,,,
traj_sweep_056,mega_sweep,0.4911547093882337,0.17604560503065803,0.9731186095324602,0.6916143130292269,1.0,,,,0.1800979590527953,0.9846280998498407,0.7023578363384189,cts,,,,4.15541242468315e-10,-11.8419,0.000851805,9.0,,,
traj_sweep_056,mega_sweep,0.4911547093882337,0.17604560503065803,0.9731186095324602,0.6916143130292269,1.0,,,,0.17161298946825676,0.9544530230312552,0.6916143130292269,routing,,,,4.286785982209838e-10,-12.4429,,,5284.0,0.695239,0.0
traj_sweep_057,mega_sweep,0.5264187637238101,0.21186191938421278,0.9825291419640191,0.7008026570716855,1.0,1076.77,0.656374,1.187273048097551,0.3387699017798746,1.009492363148355,0.9529544599171998,floorplan,,,,,,,,,,
traj_sweep_057,mega_sweep,0.5264187637238101,0.21186191938421278,0.9825291419640191,0.7008026570716855,1.0,,,,0.2771020624008461,1.0164397910043492,0.8061127029608405,placement,3526.04,0.775939,0.713638,4.0253597665291335e-10,,,,,,
traj_sweep_057,mega_sweep,0.5264187637238101,0.21186191938421278,0.9825291419640191,0.7008026570716855,1.0,,,,0.22121514973980771,1.0011619961785054,0.7211620620905724,cts,,,,4.086787008921456e-10,-10.1011,0.00131423,10.0,,,
traj_sweep_057,mega_sweep,0.5264187637238101,0.21186191938421278,0.9825291419640191,0.7008026570716855,1.0,,,,0.20637951683410247,0.9686465608595498,0.7008026570716855,routing,,,,4.223971885243132e-10,-10.7028,,,4847.0,0.713638,0.0
traj_sweep_058,mega_sweep,0.5577773907929987,0.24214711354637228,0.9957161619757209,0.7197271176805002,1.0,1076.77,0.656374,1.187273048097551,0.37429428829065226,1.009492363148355,0.9529544599171998,floorplan,,,,,,,,,,
traj_sweep_058,mega_sweep,0.5577773907929987,0.24214711354637228,0.9957161619757209,0.7197271176805002,1.0,,,,0.3083616848613992,1.0164725232910679,0.8089456869009584,placement,3487.14,0.773221,0.701202,4.0252301425333995e-10,,,,,,
traj_sweep_058,mega_sweep,0.5577773907929987,0.24214711354637228,0.9957161619757209,0.7197271176805002,1.0,,,,0.24978215702760734,1.0026103998657976,0.735191637630662,cts,,,,4.0808831031035114e-10,-8.92024,0.00108259,10.0,,,
traj_sweep_058,mega_sweep,0.5577773907929987,0.24214711354637228,0.9957161619757209,0.7197271176805002,1.0,,,,0.23540691163661845,0.9681433019512534,0.7197271176805002,routing,,,,4.2261675844493935e-10,-9.5411,,,4305.0,0.701202,0.0
traj_sweep_059,mega_sweep,0.5710835759791159,0.2636708119820495,0.9878685962349687,0.7150522451284947,1.0,1076.77,0.656374,1.187273048097551,0.4097940906220146,1.009492363148355,0.9529544599171998,floorplan,,,,,,,,,,
traj_sweep_059,mega_sweep,0.5710835759791159,0.2636708119820495,0.9878685962349687,0.7150522451284947,1.0,,,,0.3380409902818764,1.0113990188497055,0.8092042186001918,placement,3534.75,0.772974,0.716815,4.045421998195742e-10,,,,,,
traj_sweep_059,mega_sweep,0.5710835759791159,0.2636708119820495,0.9878685962349687,0.7150522451284947,1.0,,,,0.27478721924177124,0.9944068705069822,0.7394859813084111,cts,,,,4.1145490454246215e-10,-7.86846,0.000638753,8.0,,,
traj_sweep_059,mega_sweep,0.5710835759791159,0.2636708119820495,0.9878685962349687,0.7150522451284947,1.0,,,,0.2559905655002678,0.969538515672628,0.7150522451284947,routing,,,,4.2200859209493504e-10,-8.45931,,,4425.0,0.716815,0.0
traj_sweep_060,mega_sweep,0.596251771772693,0.29660067362737286,0.9938463300969285,0.7191138880999716,1.0,1076.77,0.647233,1.187273048097551,0.46846565066556156,1.009492363148355,0.9664122137404579,floorplan,,,,,,,,,,
traj_sweep_060,mega_sweep,0.596251771772693,0.29660067362737286,0.9938463300969285,0.7191138880999716,1.0,,,,0.38608618693383573,1.008514486082641,0.8151963940759819,placement,3530.3,0.767292,0.706494,4.056992632501379e-10,,,,,,
traj_sweep_060,mega_sweep,0.596251771772693,0.29660067362737286,0.9938463300969285,0.7191138880999716,1.0,,,,0.3117294870994374,0.9947792002684047,0.7429577464788731,cts,,,,4.1130090362808525e-10,-6.63624,0.00115493,6.0,,,
traj_sweep_060,mega_sweep,0.596251771772693,0.29660067362737286,0.9938463300969285,0.7191138880999716,1.0,,,,0.288675557211669,0.9633684796261973,0.7191138880999716,routing,,,,4.247114085978578e-10,-7.09569,,,4426.0,0.706494,0.0
traj_sweep_061,mega_sweep,0.6176359337099318,0.3336650206066907,0.9777665942464823,0.7221905305191101,1.0,1076.77,0.643281,1.187273048097551,0.5255137246646316,1.0093491593939616,0.9723502304147464,floorplan,,,,,,,,,,
traj_sweep_061,mega_sweep,0.6176359337099318,0.3336650206066907,0.9777665942464823,0.7221905305191101,1.0,,,,0.43382509123911406,0.9993330796581112,0.8228794280142996,placement,3471.13,0.760128,0.697093,4.094266389348357e-10,,,,,,
traj_sweep_061,mega_sweep,0.6176359337099318,0.3336650206066907,0.9777665942464823,0.7221905305191101,1.0,,,,0.34375179304356474,0.9909945296165822,0.7369033760186262,cts,,,,4.1287168773688515e-10,-5.18383,0.000829684,9.0,,,
traj_sweep_061,mega_sweep,0.6176359337099318,0.3336650206066907,0.9777665942464823,0.7221905305191101,1.0,,,,0.32458242510379554,0.9627220169635076,0.7221905305191101,routing,,,,4.249966000271998e-10,-5.82479,,,4449.0,0.697093,0.0
traj_sweep_062,mega_sweep,0.6550179178990979,0.3755401215221189,0.990998621152422,0.7551446465851476,1.0,1076.77,0.638587,1.187273048097551,0.5673107880333571,1.0093246101789228,0.9794970986460347,floorplan,,,,,,,,,,
traj_sweep_062,mega_sweep,0.6550179178990979,0.3755401215221189,0.990998621152422,0.7551446465851476,1.0,,,,0.464349380719368,1.0041856411641237,0.827721477607061,placement,3473.01,0.755682,0.716951,4.0744815222262966e-10,,,,,,
traj_sweep_062,mega_sweep,0.6550179178990979,0.3755401215221189,0.990998621152422,0.7551446465851476,1.0,,,,0.37887609563600644,0.9981056189061688,0.7601320924647252,cts,,,,4.0993014790279734e-10,-4.19347,0.00154405,7.0,,,
traj_sweep_062,mega_sweep,0.6550179178990979,0.3755401215221189,0.990998621152422,0.7551446465851476,1.0,,,,0.3636643229298397,0.9634707680221924,0.7551446465851476,routing,,,,4.2466631844028554e-10,-4.73614,,,3903.0,0.716951,0.0
traj_sweep_063,mega_sweep,0.6848929607845863,0.4228958383823173,0.987713117873056,0.7691373025516403,1.0,1076.77,0.632164,1.187273048097551,0.6311235651254824,1.0092836948205248,0.9894490035169988,floorplan,,,,,,,,,,
traj_sweep_063,mega_sweep,0.6848929607845863,0.4228958383823173,0.987713117873056,0.7691373025516403,1.0,,,,0.5259058336771449,1.0043861264202745,0.850235057085292,placement,3414.91,0.735672,0.736636,4.0736682160184783e-10,,,,,,
traj_sweep_063,mega_sweep,0.6848929607845863,0.4228958383823173,0.987713117873056,0.7691373025516403,1.0,,,,0.4481871228367662,1.0025367522206812,0.8125802310654685,cts,,,,4.081182890048852e-10,-2.81344,0.00187142,3.0,,,
traj_sweep_063,mega_sweep,0.6848929607845863,0.4228958383823173,0.987713117873056,0.7691373025516403,1.0,,,,0.4089865447586453,0.9698944792906914,0.7691373025516403,routing,,,,4.218537095705951e-10,-3.40311,,,3914.0,0.736636,0.0
traj_sweep_064,mega_sweep,0.5425896248023782,0.23920985630000122,0.9710810246842357,0.6876697447039651,1.0,1076.77,0.656374,1.187273048097551,0.3920478837109876,1.009492363148355,0.9529544599171998,floorplan,,,,,,,,,,
traj_sweep_064,mega_sweep,0.5425896248023782,0.23920985630000122,0.9710810246842357,0.6876697447039651,1.0,,,,0.3241761313933124,1.0168203038374515,0.8107588856868395,placement,3500.82,0.771492,0.734526,4.0238534029728227e-10,,,,,,
traj_sweep_064,mega_sweep,0.5425896248023782,0.23920985630000122,0.9710810246842357,0.6876697447039651,1.0,,,,0.2556890282417076,0.9947792002684047,0.7197271176805002,cts,,,,4.1130090362808525e-10,-8.47741,0.000845185,11.0,,,
traj_sweep_064,mega_sweep,0.5425896248023782,0.23920985630000122,0.9710810246842357,0.6876697447039651,1.0,,,,0.23347488286116239,0.9594078729332629,0.6876697447039651,routing,,,,4.2646469298806754e-10,-9.16002,,,4816.0,0.734526,0.0
traj_sweep_065,mega_sweep,0.5710835759791159,0.2636708119820495,0.9878685962349687,0.7150522451284947,1.0,1076.77,0.656374,1.187273048097551,0.4097940906220146,1.009492363148355,0.9529544599171998,floorplan,,,,,,,,,,
traj_sweep_065,mega_sweep,0.5710835759791159,0.2636708119820495,0.9878685962349687,0.7150522451284947,1.0,,,,0.3380409902818764,1.0113990188497055,0.8092042186001918,placement,3534.75,0.772974,0.716815,4.045421998195742e-10,,,,,,
traj_sweep_065,mega_sweep,0.5710835759791159,0.2636708119820495,0.9878685962349687,0.7150522451284947,1.0,,,,0.27478721924177124,0.9944068705069822,0.7394859813084111,cts,,,,4.1145490454246215e-10,-7.86846,0.000638753,8.0,,,
traj_sweep_065,mega_sweep,0.5710835759791159,0.2636708119820495,0.9878685962349687,0.7150522451284947,1.0,,,,0.2559905655002678,0.969538515672628,0.7150522451284947,routing,,,,4.2200859209493504e-10,-8.45931,,,4425.0,0.716815,0.0
traj_sweep_066,mega_sweep,0.582164425918003,0.27588557008502274,0.9871689436063615,0.7244635193133047,1.0,1076.77,0.655385,1.187273048097551,0.42863139016875107,1.009492363148355,0.9543912551828119,floorplan,,,,,,,,,,
traj_sweep_066,mega_sweep,0.582164425918003,0.27588557008502274,0.9871689436063615,0.7244635193133047,1.0,,,,0.3517872975919485,1.0120577561199147,0.805856142584341,placement,3631.89,0.776186,0.707283,4.0427888774792405e-10,,,,,,
traj_sweep_066,mega_sweep,0.582164425918003,0.27588557008502274,0.9871689436063615,0.7244635193133047,1.0,,,,0.29081247957232126,0.9960271186995463,0.7531231409875073,cts,,,,4.1078558635534594e-10,-7.45693,0.00195154,6.0,,,
traj_sweep_066,mega_sweep,0.582164425918003,0.27588557008502274,0.9871689436063615,0.7244635193133047,1.0,,,,0.2680067101584343,0.9618464282937886,0.7244635193133047,routing,,,,4.253834832101139e-10,-8.07402,,,4343.0,0.707283,0.0
traj_sweep_067,mega_sweep,0.5843890619993193,0.28184633719881763,0.9964280892118474,0.7106371035644119,1.0,1076.77,0.648468,1.187273048097551,0.4497989153692725,1.009492363148355,0.9645714285714285,floorplan,,,,,,,,,,
traj_sweep_067,mega_sweep,0.5843890619993193,0.28184633719881763,0.9964280892118474,0.7106371035644119,1.0,,,,0.36931587015217954,1.0204740453424002,0.8138862102217936,placement,3507.92,0.768528,0.72427,4.0094462553776696e-10,,,,,,
traj_sweep_067,mega_sweep,0.5843890619993193,0.28184633719881763,0.9964280892118474,0.7106371035644119,1.0,,,,0.2952544288492877,1.0001759360411118,0.7317919075144508,cts,,,,4.090816117815504e-10,-6.95295,0.000893972,10.0,,,
traj_sweep_067,mega_sweep,0.5843890619993193,0.28184633719881763,0.9964280892118474,0.7106371035644119,1.0,,,,0.2745550921894811,0.9764327535627049,0.7106371035644119,routing,,,,4.190289423290467e-10,-7.57673,,,4527.0,0.72427,0.0
traj_sweep_068,mega_sweep,0.596251771772693,0.29660067362737286,0.9938463300969285,0.7191138880999716,1.0,1076.77,0.647233,1.187273048097551,0.46846565066556156,1.009492363148355,0.9664122137404579,floorplan,,,,,,,,,,
traj_sweep_068,mega_sweep,0.596251771772693,0.29660067362737286,0.9938463300969285,0.7191138880999716,1.0,,,,0.38608618693383573,1.008514486082641,0.8151963940759819,placement,3530.3,0.767292,0.706494,4.056992632501379e-10,,,,,,
traj_sweep_068,mega_sweep,0.596251771772693,0.29660067362737286,0.9938463300969285,0.7191138880999716,1.0,,,,0.3117294870994374,0.9947792002684047,0.7429577464788731,cts,,,,4.1130090362808525e-10,-6.63624,0.00115493,6.0,,,
traj_sweep_068,mega_sweep,0.596251771772693,0.29660067362737286,0.9938463300969285,0.7191138880999716,1.0,,,,0.288675557211669,0.9633684796261973,0.7191138880999716,routing,,,,4.247114085978578e-10,-7.09569,,,4426.0,0.706494,0.0
traj_sweep_069,mega_sweep,0.6104135990366428,0.3138409422282756,0.9969027073692652,0.726959517657192,1.0,1076.77,0.643528,1.187273048097551,0.48926903100057717,1.009492363148355,0.9719769673704415,floorplan,,,,,,,,,,
traj_sweep_069,mega_sweep,0.6104135990366428,0.3138409422282756,0.9969027073692652,0.726959517657192,1.0,,,,0.4025154415683886,1.0091609487453306,0.8188874514877101,placement,3473.1,0.763834,0.712297,4.054393746503085e-10,,,,,,
traj_sweep_069,mega_sweep,0.6104135990366428,0.3138409422282756,0.9969027073692652,0.726959517657192,1.0,,,,0.32064309874834085,1.0013133830045784,0.7447058823529411,cts,,,,4.086169134712824e-10,-5.97472,0.00108621,10.0,,,
traj_sweep_069,mega_sweep,0.6104135990366428,0.3138409422282756,0.9969027073692652,0.726959517657192,1.0,,,,0.30417012894043427,0.978752654383876,0.726959517657192,routing,,,,4.180357336945162e-10,-6.60341,,,4102.0,0.712297,0.0
traj_sweep_070,mega_sweep,0.6029641162581968,0.31353763438984433,0.9769646532218799,0.7156585641605426,1.0,1076.77,0.643528,1.187273048097551,0.5073004959200206,1.009492363148355,0.9719769673704415,floorplan,,,,,,,,,,
traj_sweep_070,mega_sweep,0.6029641162581968,0.31353763438984433,0.9769646532218799,0.7156585641605426,1.0,,,,0.4176230165276774,0.9992389743337957,0.8178294573643411,placement,3481.37,0.764822,0.718272,4.09465197505538e-10,,,,,,
traj_sweep_070,mega_sweep,0.6029641162581968,0.31353763438984433,0.9769646532218799,0.7156585641605426,1.0,,,,0.33091893285217167,0.9952292692107837,0.7399181765049678,cts,,,,4.1111490250410086e-10,-5.59219,0.00157546,10.0,,,
traj_sweep_070,mega_sweep,0.6029641162581968,0.31353763438984433,0.9769646532218799,0.7156585641605426,1.0,,,,0.306014836608318,0.9652383115049896,0.7156585641605426,routing,,,,4.2388866987974277e-10,-6.22271,,,4745.0,0.718272,0.0
traj_sweep_071,mega_sweep,0.6176359337099318,0.3336650206066907,0.9777665942464823,0.7221905305191101,1.0,1076.77,0.643281,1.187273048097551,0.5255137246646316,1.0093491593939616,0.9723502304147464,floorplan,,,,,,,,,,
traj_sweep_071,mega_sweep,0.6176359337099318,0.3336650206066907,0.9777665942464823,0.7221905305191101,1.0,,,,0.43382509123911406,0.9993330796581112,0.8228794280142996,placement,3471.13,0.760128,0.697093,4.094266389348357e-10,,,,,,
traj_sweep_071,mega_sweep,0.6176359337099318,0.3336650206066907,0.9777665942464823,0.7221905305191101,1.0,,,,0.34375179304356474,0.9909945296165822,0.7369033760186262,cts,,,,4.1287168773688515e-10,-5.18383,0.000829684,9.0,,,
traj_sweep_071,mega_sweep,0.6176359337099318,0.3336650206066907,0.9777665942464823,0.7221905305191101,1.0,,,,0.32458242510379554,0.9627220169635076,0.7221905305191101,routing,,,,4.249966000271998e-10,-5.82479,,,4449.0,0.697093,0.0
traj_sweep_072,mega_sweep,0.6454146867111481,0.36115420166378653,0.9881631868154349,0.7533472180898542,1.0,1076.77,0.643034,1.187273048097551,0.5437296175511415,1.0093491593939616,0.9727237802535534,floorplan,,,,,,,,,,
traj_sweep_072,mega_sweep,0.6454146867111481,0.36115420166378653,0.9881631868154349,0.7533472180898542,1.0,,,,0.4464548308890744,1.012352346700381,0.8231469440832249,placement,3545.62,0.759881,0.698121,4.0416124416997403e-10,,,,,,
traj_sweep_072,mega_sweep,0.6454146867111481,0.36115420166378653,0.9881631868154349,0.7533472180898542,1.0,,,,0.3643890828437157,0.9992757981563539,0.7576301615798923,cts,,,,4.0945010850427877e-10,-4.65592,0.00155324,6.0,,,
traj_sweep_072,mega_sweep,0.6454146867111481,0.36115420166378653,0.9881631868154349,0.7533472180898542,1.0,,,,0.3506623744024973,0.9634707680221924,0.7533472180898542,routing,,,,4.2466631844028554e-10,-5.20595,,,4056.0,0.698121,0.0
traj_sweep_073,mega_sweep,0.6550179178990979,0.3755401215221189,0.990998621152422,0.7551446465851476,1.0,1076.77,0.638587,1.187273048097551,0.5673107880333571,1.0093246101789228,0.9794970986460347,floorplan,,,,,,,,,,
traj_sweep_073,mega_sweep,0.6550179178990979,0.3755401215221189,0.990998621152422,0.7551446465851476,1.0,,,,0.464349380719368,1.0041856411641237,0.827721477607061,placement,3473.01,0.755682,0.716951,4.0744815222262966e-10,,,,,,
traj_sweep_073,mega_sweep,0.6550179178990979,0.3755401215221189,0.990998621152422,0.7551446465851476,1.0,,,,0.37887609563600644,0.9981056189061688,0.7601320924647252,cts,,,,4.0993014790279734e-10,-4.19347,0.00154405,7.0,,,
traj_sweep_073,mega_sweep,0.6550179178990979,0.3755401215221189,0.990998621152422,0.7551446465851476,1.0,,,,0.3636643229298397,0.9634707680221924,0.7551446465851476,routing,,,,4.2466631844028554e-10,-4.73614,,,3903.0,0.716951,0.0
traj_sweep_074,mega_sweep,0.6589834339277019,0.38574727642660306,0.9821118053083586,0.7553699284009546,1.0,1076.77,0.638587,1.187273048097551,0.5855072841468818,1.0093246101789228,0.9794970986460347,floorplan,,,,,,,,,,
traj_sweep_074,mega_sweep,0.6589834339277019,0.38574727642660306,0.9821118053083586,0.7553699284009546,1.0,,,,0.4864247515534674,1.0131542877249833,0.8367481824190349,placement,3436.51,0.74753,0.707363,4.0384133881480646e-10,,,,,,
traj_sweep_074,mega_sweep,0.6589834339277019,0.38574727642660306,0.9821118053083586,0.7553699284009546,1.0,,,,0.4133879819126083,1.0051144197997601,0.7972292191435767,cts,,,,4.070716486808843e-10,-3.50995,0.00190797,3.0,,,
traj_sweep_074,mega_sweep,0.6589834339277019,0.38574727642660306,0.9821118053083586,0.7553699284009546,1.0,,,,0.3739461879676096,0.9622105749835316,0.7553699284009546,routing,,,,4.252224976719068e-10,-4.22504,,,4063.0,0.707363,0.0
traj_sweep_075,mega_sweep,0.664453872653627,0.39659741606628646,0.975724917862418,0.7580838323353293,1.0,1076.77,0.638587,1.187273048097551,0.6036988022222372,1.0093246101789228,0.9794970986460347,floorplan,,,,,,,,,,
traj_sweep_075,mega_sweep,0.664453872653627,0.39659741606628646,0.975724917862418,0.7580838323353293,1.0,,,,0.5047772578932882,1.008768161304709,0.8451268357810413,placement,3519.75,0.740119,0.726176,4.055972419387548e-10,,,,,,
traj_sweep_075,mega_sweep,0.664453872653627,0.39659741606628646,0.975724917862418,0.7580838323353293,1.0,,,,0.4286497908408817,1.00618640218979,0.8053435114503816,cts,,,,4.0663795802683e-10,-3.16886,0.000767504,4.0,,,
traj_sweep_075,mega_sweep,0.664453872653627,0.39659741606628646,0.975724917862418,0.7580838323353293,1.0,,,,0.3851875981817753,0.9609503819448706,0.7580838323353293,routing,,,,4.257801356535512e-10,-3.97803,,,4086.0,0.726176,0.0
traj_sweep_076,mega_sweep,0.6848929607845863,0.4228958383823173,0.987713117873056,0.7691373025516403,1.0,1076.77,0.632164,1.187273048097551,0.6311235651254824,1.0092836948205248,0.9894490035169988,floorplan,,,,,,,,,,
traj_sweep_076,mega_sweep,0.6848929607845863,0.4228958383823173,0.987713117873056,0.7691373025516403,1.0,,,,0.5259058336771449,1.0043861264202745,0.850235057085292,placement,3414.91,0.735672,0.736636,4.0736682160184783e-10,,,,,,
traj_sweep_076,mega_sweep,0.6848929607845863,0.4228958383823173,0.987713117873056,0.7691373025516403,1.0,,,,0.4481871228367662,1.0025367522206812,0.8125802310654685,cts,,,,4.081182890048852e-10,-2.81344,0.00187142,3.0,,,
traj_sweep_076,mega_sweep,0.6848929607845863,0.4228958383823173,0.987713117873056,0.7691373025516403,1.0,,,,0.4089865447586453,0.9698944792906914,0.7691373025516403,routing,,,,4.218537095705951e-10,-3.40311,,,3914.0,0.736636,0.0
traj_sweep_077,mega_sweep,0.684881222680565,0.4273624991380561,0.9791208926094588,0.7677380230442692,1.0,1076.77,0.632164,1.187273048097551,0.649571908215965,1.0092836948205248,0.9894490035169988,floorplan,,,,,,,,,,
traj_sweep_077,mega_sweep,0.684881222680565,0.4273624991380561,0.9791208926094588,0.7677380230442692,1.0,,,,0.5435076461569632,1.0003805128331023,0.8530997304582209,placement,3293.12,0.733202,0.70467,4.0899795501022496e-10,,,,,,
traj_sweep_077,mega_sweep,0.684881222680565,0.4273624991380561,0.9791208926094588,0.7677380230442692,1.0,,,,0.44330657195358075,0.9933307965811127,0.7863354037267081,cts,,,,4.1190063309127306e-10,-2.50817,0.00165626,4.0,,,
traj_sweep_077,mega_sweep,0.684881222680565,0.4273624991380561,0.9791208926094588,0.7677380230442692,1.0,,,,0.4145980821620774,0.9583931720449905,0.7677380230442692,routing,,,,4.269162134239534e-10,-3.06388,,,3915.0,0.70467,0.0
traj_sweep_078,mega_sweep,0.7160353267907977,0.464482583066073,0.9870339229236479,0.8007590132827324,1.0,1076.77,0.632164,1.187273048097551,0.6680145992997688,1.0092836948205248,0.9894490035169988,floorplan,,,,,,,,,,
traj_sweep_078,mega_sweep,0.7160353267907977,0.464482583066073,0.9870339229236479,0.8007590132827324,1.0,,,,0.5588038689578624,0.9995499310576211,0.8528123947457056,placement,3298.45,0.733449,0.729327,4.0933781421793965e-10,,,,,,
traj_sweep_078,mega_sweep,0.7160353267907977,0.464482583066073,0.9870339229236479,0.8007590132827324,1.0,,,,0.46986792709324576,0.9950042347395942,0.807140580172139,cts,,,,4.112078820326828e-10,-1.98018,0.00188383,3.0,,,
traj_sweep_078,mega_sweep,0.7160353267907977,0.464482583066073,0.9870339229236479,0.8007590132827324,1.0,,,,0.44810331716924917,0.9602220885653848,0.8007590132827324,routing,,,,4.261030743336813e-10,-2.57983,,,3639.0,0.729327,0.0
traj_sweep_079,mega_sweep,0.6901020364254337,0.44708006954998963,0.9659256895260774,0.7610459873760144,1.0,1076.77,0.631423,1.187273048097551,0.6886890415630497,1.0092836948205248,0.9906103286384976,floorplan,,,,,,,,,,
traj_sweep_079,mega_sweep,0.6901020364254337,0.44708006954998963,0.9659256895260774,0.7610459873760144,1.0,,,,0.5781264575231515,1.004521147102988,0.8559837728194726,placement,3307.98,0.730731,0.72308,4.073120662126495e-10,,,,,,
traj_sweep_079,mega_sweep,0.6901020364254337,0.44708006954998963,0.9659256895260774,0.7610459873760144,1.0,,,,0.49826041877472493,0.9849595142528651,0.8266405484818804,cts,,,,4.154014231652758e-10,-1.66071,0.00140771,1.0,,,
traj_sweep_079,mega_sweep,0.6901020364254337,0.44708006954998963,0.9659256895260774,0.7610459873760144,1.0,,,,0.4340168021771835,0.9551363095165032,0.7610459873760144,routing,,,,4.2837192964419426e-10,-2.26339,,,4036.0,0.72308,0.0
traj_sweep_080,mega_sweep,0.6729939821208115,0.43481795088907704,0.960708981330322,0.7296829971181555,1.0,1076.77,0.6292,1.187273048097551,0.7107964881752749,1.0092836948205248,0.9941107184923439,floorplan,,,,,,,,,,
traj_sweep_080,mega_sweep,0.6729939821208115,0.43481795088907704,0.960708981330322,0.7296829971181555,1.0,,,,0.5936392491817032,0.9979337744008968,0.8577235772357723,placement,3352.76,0.729249,0.70579,4.100007380013284e-10,,,,,,
traj_sweep_080,mega_sweep,0.6729939821208115,0.43481795088907704,0.960708981330322,0.7296829971181555,1.0,,,,0.47040287268929887,0.9768787309692439,0.7686703096539161,cts,,,,4.1883764177654175e-10,-1.31907,0.0014791,7.0,,,
traj_sweep_080,mega_sweep,0.6729939821208115,0.43481795088907704,0.960708981330322,0.7296829971181555,1.0,,,,0.42268797682097403,0.9459589946278134,0.7296829971181555,routing,,,,4.325278223521728e-10,-1.94565,,,4256.0,0.70579,0.0
traj_sweep_081,mega_sweep,0.7125709266348675,0.4830959945382511,0.9666498913697235,0.7747858017135862,1.0,1076.77,0.628211,1.187273048097551,0.7312242672785563,1.0092836948205248,0.995674400314589,floorplan,,,,,,,,,,
traj_sweep_081,mega_sweep,0.7125709266348675,0.4830959945382511,0.9666498913697235,0.7747858017135862,1.0,,,,0.6055966440352444,0.9879381523442454,0.8583050847457626,placement,3388.08,0.728755,0.703711,4.141489859562079e-10,,,,,,
traj_sweep_081,mega_sweep,0.7125709266348675,0.4830959945382511,0.9666498913697235,0.7747858017135862,1.0,,,,0.5183196398651513,0.9811011959559259,0.8220779220779221,cts,,,,4.1703504762540244e-10,-0.895063,0.000693008,2.0,,,
traj_sweep_081,mega_sweep,0.7125709266348675,0.4830959945382511,0.9666498913697235,0.7747858017135862,1.0,,,,0.4678352222147026,0.9492485894430193,0.7747858017135862,routing,,,,4.310289091089339e-10,-1.4621,,,3849.0,0.703711,0.0
traj_sweep_082,mega_sweep,0.7233452978790677,0.4978463737365623,0.965892957239359,0.7870686975442959,1.0,1076.77,0.593132,1.187273048097551,0.7954644029989466,1.010216564992001,1.054560599750104,floorplan,,,,,,,,,,
traj_sweep_082,mega_sweep,0.7233452978790677,0.4978463737365623,0.965892957239359,0.7870686975442959,1.0,,,,0.6572947828058602,0.9944559689370599,0.8994671403197158,placement,3294.82,0.695405,0.74122,4.114345901288613e-10,,,,,,
traj_sweep_082,mega_sweep,0.7233452978790677,0.4978463737365623,0.965892957239359,0.7870686975442959,1.0,,,,0.5295596038880492,0.9744688163595969,0.8328947368421052,cts,,,,4.198734501421272e-10,-0.367142,0.00106511,2.0,,,
traj_sweep_082,mega_sweep,0.7233452978790677,0.4978463737365623,0.965892957239359,0.7870686975442959,1.0,,,,0.4827339849216134,0.9476938058238921,0.7870686975442959,routing,,,,4.3173605384612063e-10,-1.2017,,,3924.0,0.74122,0.0
traj_sweep_083,mega_sweep,0.7596857043183861,0.5342853830444386,0.9797223483779106,0.8375785643400594,1.0,1076.77,0.582016,1.187273048097551,0.8380442587636269,0.9981751750154455,1.0747028862478776,floorplan,,,,,,,,,,
traj_sweep_083,mega_sweep,0.7596857043183861,0.5342853830444386,0.9797223483779106,0.8375785643400594,1.0,,,,0.6944419759287522,0.9781552901512641,0.9308823529411764,placement,3269.26,0.671937,0.702066,4.182910301671491e-10,,,,,,
traj_sweep_083,mega_sweep,0.7596857043183861,0.5342853830444386,0.9797223483779106,0.8375785643400594,1.0,,,,0.5607880211794732,0.9741169442773734,0.8615175229669955,cts,,,,4.200251175020266e-10,-0.192529,0.00117015,9.0,,,
traj_sweep_083,mega_sweep,0.7596857043183861,0.5342853830444386,0.9797223483779106,0.8375785643400594,1.0,,,,0.5174958466619255,0.9554513577761684,0.8375785643400594,routing,,,,4.2823067930232657e-10,-0.350038,,,3939.0,0.702066,0.0
traj_sweep_084,mega_sweep,0.7628368558042665,0.5468746672021859,0.9700908730110022,0.8367481824190349,1.0,1076.77,0.582016,1.187273048097551,0.8583395018983262,0.9981751750154455,1.0747028862478776,floorplan,,,,,,,,,,
traj_sweep_084,mega_sweep,0.7628368558042665,0.5468746672021859,0.9700908730110022,0.8367481824190349,1.0,,,,0.7225436082155103,0.954158432450789,0.9561933534743201,placement,3227.23,0.65415,0.688757,4.288109501164222e-10,,,,,,
traj_sweep_084,mega_sweep,0.7628368558042665,0.5468746672021859,0.9700908730110022,0.8367481824190349,1.0,,,,0.6227547399933474,0.9713428829779834,0.9210622044379774,cts,,,,4.21224668601492e-10,-0.00748426,0.00105548,7.0,,,
traj_sweep_084,mega_sweep,0.7628368558042665,0.5468746672021859,0.9700908730110022,0.8367481824190349,1.0,,,,0.5304943019648702,0.9513189065779621,0.8367481824190349,routing,,,,4.300908782025642e-10,-0.141226,,,3867.0,0.688757,0.0
traj_sweep_085,mega_sweep,0.8309168154783562,0.6347006808486595,0.9774024475567393,0.9247626004382761,1.0,1076.77,0.582016,1.187273048097551,0.8786315928411852,0.9981751750154455,1.0747028862478776,floorplan,,,,,,,,,,
traj_sweep_085,mega_sweep,0.8309168154783562,0.6347006808486595,0.9774024475567393,0.9247626004382761,1.0,,,,0.7618765021809442,0.9550094719054691,0.9817758821248544,placement,3166.61,0.637105,0.713591,4.284288229774946e-10,,,,,,
traj_sweep_085,mega_sweep,0.8309168154783562,0.6347006808486595,0.9774024475567393,0.9247626004382761,1.0,,,,0.6603399943420004,0.9532091961359536,0.9554716981132075,cts,,,,4.2923797382506835e-10,-0.00079331,0.000908697,5.0,,,
traj_sweep_085,mega_sweep,0.8309168154783562,0.6347006808486595,0.9774024475567393,0.9247626004382761,1.0,,,,0.6113042236083996,0.9462208529215612,0.9247626004382761,routing,,,,4.324081240838353e-10,-0.0282078,,,3524.0,0.713591,0.0
traj_sweep_086,mega_sweep,0.8355191854140607,0.6507643399737858,0.9628324884311824,0.9308823529411764,1.0,1076.77,0.582016,1.187273048097551,0.898911695274677,0.9981751750154455,1.0747028862478776,floorplan,,,,,,,,,,
traj_sweep_086,mega_sweep,0.8355191854140607,0.6507643399737858,0.9628324884311824,0.9308823529411764,1.0,,,,0.795158229108139,0.9551485841240226,0.9968503937007873,placement,3134.44,0.62747,0.717508,4.2836642463963674e-10,,,,,,
traj_sweep_086,mega_sweep,0.8355191854140607,0.6507643399737858,0.9628324884311824,0.9308823529411764,1.0,,,,0.6960663953123609,0.9436022699840839,0.9817758821248544,cts,,,,4.336080963303747e-10,0.0,0.00374065,1.0,,,
traj_sweep_086,mega_sweep,0.8355191854140607,0.6507643399737858,0.9628324884311824,0.9308823529411764,1.0,,,,0.6281392634220331,0.9427553220652436,0.9308823529411764,routing,,,,4.3399763905284354e-10,-0.00717409,,,3653.0,0.717508,0.0
traj_sweep_087,mega_sweep,0.8644098738801551,0.7026243056125661,0.9537451873309685,0.9638370765131327,1.0,1076.77,0.582016,1.187273048097551,0.9191901111321363,0.9981751750154455,1.0747028862478776,floorplan,,,,,,,,,,
traj_sweep_087,mega_sweep,0.8644098738801551,0.7026243056125661,0.9537451873309685,0.9638370765131327,1.0,,,,0.8178409566626018,0.9484057330600187,1.0,placement,3199.09,0.625494,0.700785,4.3141196823082264e-10,,,,,,
traj_sweep_087,mega_sweep,0.8644098738801551,0.7026243056125661,0.9537451873309685,0.9638370765131327,1.0,,,,0.7174729648273303,0.9380582389211438,0.9867498051441932,cts,,,,4.3617076957970583e-10,0.0,0.000231738,0.0,,,
traj_sweep_087,mega_sweep,0.8644098738801551,0.7026243056125661,0.9537451873309685,0.9638370765131327,1.0,,,,0.6767476711524124,0.9296828650570564,0.9638370765131327,routing,,,,4.401001667979632e-10,-0.00124065,,,3517.0,0.700785,0.0
traj_sweep_088,mega_sweep,0.8775413667385399,0.7355845771653318,0.9321173288817424,0.9855975087582716,1.0,1076.77,0.582016,1.187273048097551,0.9394607817514662,0.9981751750154455,1.0747028862478776,floorplan,,,,,,,,,,
traj_sweep_088,mega_sweep,0.8775413667385399,0.7355845771653318,0.9321173288817424,0.9855975087582716,1.0,,,,0.8389008947616536,0.9463926974268331,1.0027722772277228,placement,3111.44,0.623765,0.708605,4.3232960809321025e-10,,,,,,
traj_sweep_088,mega_sweep,0.8775413667385399,0.7355845771653318,0.9321173288817424,0.9855975087582716,1.0,,,,0.7389931417857672,0.9360656609671573,0.9902229174814234,cts,,,,4.3709923463924014e-10,0.0,0.000770897,0.0,,,
traj_sweep_088,mega_sweep,0.8775413667385399,0.7355845771653318,0.9321173288817424,0.9855975087582716,1.0,,,,0.7086944521115098,0.9109272647673757,0.9855975087582716,routing,,,,4.491616397993146e-10,0.0,,,3446.0,0.708605,0.0
traj_sweep_089,mega_sweep,0.8902788029838921,0.7646673417118351,0.9289913955001289,0.9933307179285994,1.0,1076.77,0.582016,1.187273048097551,0.9597223334668269,0.9981751750154455,1.0747028862478776,floorplan,,,,,,,,,,
traj_sweep_089,mega_sweep,0.8902788029838921,0.7646673417118351,0.9289913955001289,0.9933307179285994,1.0,,,,0.8604104532986103,0.9405172519608685,1.0051607780865421,placement,3086.52,0.622283,0.713027,4.3503038687252303e-10,,,,,,
traj_sweep_089,mega_sweep,0.8902788029838921,0.7646673417118351,0.9289913955001289,0.9933307179285994,1.0,,,,0.7641276805605156,0.9299447233508041,0.9941107184923439,cts,,,,4.3997624128297074e-10,0.0,0.000728924,0.0,,,
traj_sweep_089,mega_sweep,0.8902788029838921,0.7646673417118351,0.9289913955001289,0.9933307179285994,1.0,,,,0.7362203434263993,0.904671306468309,0.9933307179285994,routing,,,,4.522676700978707e-10,0.0,,,3428.0,0.713027,0.0
traj_sweep_090,mega_sweep,0.8923737178583957,0.7755760766376112,0.9220439676441345,0.9937205651491364,1.0,1076.77,0.582016,1.187273048097551,0.9799786264203616,0.9981751750154455,1.0747028862478776,floorplan,,,,,,,,,,
traj_sweep_090,mega_sweep,0.8923737178583957,0.7755760766376112,0.9220439676441345,0.9937205651491364,1.0,,,,0.880314251008973,0.9365320960528953,1.0063593004769475,placement,3140.15,0.621542,0.708539,4.3688153957054543e-10,,,,,,
traj_sweep_090,mega_sweep,0.8923737178583957,0.7755760766376112,0.9220439676441345,0.9937205651491364,1.0,,,,0.7745399698340875,0.924658459045772,0.9945011783189316,cts,,,,4.424915815976601e-10,0.0,0.000389543,0.0,,,
traj_sweep_090,mega_sweep,0.8923737178583957,0.7755760766376112,0.9220439676441345,0.9937205651491364,1.0,,,,0.7472331933646531,0.902793291517837,0.9937205651491364,routing,,,,4.5320848950142534e-10,0.0,,,3413.0,0.708539,0.0
traj_sweep_091,mega_sweep,0.8967154098666559,0.7906946051410194,0.9147978576718343,0.9968503937007873,1.0,1076.77,0.582016,1.187273048097551,1.000228169468699,0.9981751750154455,1.0747028862478776,floorplan,,,,,,,,,,
traj_sweep_091,mega_sweep,0.8967154098666559,0.7906946051410194,0.9147978576718343,0.9968503937007873,1.0,,,,0.8991635315776835,0.928389939731677,1.0103750997605745,placement,3111.44,0.619071,0.706286,4.407130737533329e-10,,,,,,
traj_sweep_091,mega_sweep,0.8967154098666559,0.7906946051410194,0.9147978576718343,0.9968503937007873,1.0,,,,0.7890111240857969,0.9203173395197355,0.9968503937007873,cts,,,,4.445788060391585e-10,0.0,0.0011519,0.0,,,
traj_sweep_091,mega_sweep,0.8967154098666559,0.7906946051410194,0.9147978576718343,0.9968503937007873,1.0,,,,0.7612343608379287,0.8912919842721362,0.9968503937007873,routing,,,,4.590567302307219e-10,0.0,,,3418.0,0.706286,0.0
traj_sweep_092,mega_sweep,0.9014056446959536,0.8080239531726265,0.9078667959591992,0.9984227129337538,1.0,1076.77,0.582016,1.187273048097551,1.020468184889313,0.9981751750154455,1.0747028862478776,floorplan,,,,,,,,,,
traj_sweep_092,mega_sweep,0.9014056446959536,0.8080239531726265,0.9078667959591992,0.9984227129337538,1.0,,,,0.9172246264391278,0.9229072817063341,1.0103750997605745,placement,3084.59,0.619071,0.704894,4.4333119056591224e-10,,,,,,
traj_sweep_092,mega_sweep,0.9014056446959536,0.8080239531726265,0.9078667959591992,0.9984227129337538,1.0,,,,0.8075701274718164,0.9131530602642314,0.9984227129337538,cts,,,,4.480668157235607e-10,0.0,0.000743405,0.0,,,
traj_sweep_092,mega_sweep,0.9014056446959536,0.8080239531726265,0.9078667959591992,0.9984227129337538,1.0,,,,0.7795454545454545,0.8863044020834101,0.9984227129337538,routing,,,,4.616400223433771e-10,0.0,,,3452.0,0.704894,0.0
traj_sweep_093,mega_sweep,0.9001140535567516,0.8220453713867546,0.8896021799702954,0.9972430090586843,1.0,1076.77,0.582016,1.187273048097551,1.0407059559240774,0.9981751750154455,1.0747028862478776,floorplan,,,,,,,,,,
traj_sweep_093,mega_sweep,0.9001140535567516,0.8220453713867546,0.8896021799702954,0.9972430090586843,1.0,,,,0.9373686379021701,0.9055264374588289,1.0107784431137723,placement,3064.66,0.618824,0.695823,4.518405725723736e-10,,,,,,
traj_sweep_093,mega_sweep,0.9001140535567516,0.8220453713867546,0.8896021799702954,0.9972430090586843,1.0,,,,0.8218536656743991,0.8966027977922073,0.9972430090586843,cts,,,,4.563376168224299e-10,0.0,0.000647427,0.0,,,
traj_sweep_093,mega_sweep,0.9001140535567516,0.8220453713867546,0.8896021799702954,0.9972430090586843,1.0,,,,0.7928082116249012,0.8754168252136805,0.9972430090586843,routing,,,,4.673814486955384e-10,0.0,,,3456.0,0.695823,0.0
traj_sweep_094,mega_sweep,0.9141603746219544,0.8361261269643373,0.9165694926904713,0.9968503937007873,1.0,1076.77,0.582016,1.187273048097551,1.0609291069004192,0.9981751750154455,1.0747028862478776,floorplan,,,,,,,,,,
traj_sweep_094,mega_sweep,0.9141603746219544,0.8361261269643373,0.9165694926904713,0.9968503937007873,1.0,,,,0.9528788039444386,0.9295887597327409,1.0103750997605745,placement,3101.12,0.619071,0.693292,4.4014471958379914e-10,,,,,,
traj_sweep_094,mega_sweep,0.9141603746219544,0.8361261269643373,0.9165694926904713,0.9968503937007873,1.0,,,,0.8335899671632376,0.9204196279157307,0.9968503937007873,cts,,,,4.4452939895179965e-10,0.0,0.00248632,0.0,,,
traj_sweep_094,mega_sweep,0.9141603746219544,0.8361261269643373,0.9165694926904713,0.9968503937007873,1.0,,,,0.8052292501097641,0.8967623676899598,0.9968503937007873,routing,,,,4.562564161058515e-10,0.0,,,3397.0,0.693292,0.0
traj_sweep_095,mega_sweep,0.9199903678924793,0.8568826847071052,0.9108699832656184,0.9976359338061466,1.0,1076.77,0.582016,1.187273048097551,1.0811532654399336,0.9981751750154455,1.0747028862478776,floorplan,,,,,,,,,,
traj_sweep_095,mega_sweep,0.9199903678924793,0.8568826847071052,0.9108699832656184,0.9976359338061466,1.0,,,,0.9724231587034502,0.9254440339270151,1.0103750997605745,placement,3097.93,0.619071,0.706648,4.421159670181489e-10,,,,,,
traj_sweep_095,mega_sweep,0.9199903678924793,0.8568826847071052,0.9108699832656184,0.9976359338061466,1.0,,,,0.8557403430922101,0.9158411993109854,0.9976359338061466,cts,,,,4.467516686174823e-10,0.0,0.00095926,0.0,,,
traj_sweep_095,mega_sweep,0.9199903678924793,0.8568826847071052,0.9108699832656184,0.9976359338061466,1.0,,,,0.8261489101556395,0.8860507268613419,0.9976359338061466,routing,,,,4.6177218930812673e-10,0.0,,,3420.0,0.706648,0.0
traj_sweep_096,mega_sweep,0.9189967046624367,0.8766815924766113,0.8874172998318379,0.9976359338061466,1.0,1076.77,0.582016,1.187273048097551,1.10136650530057,0.9981751750154455,1.0747028862478776,floorplan,,,,,,,,,,
traj_sweep_096,mega_sweep,0.9189967046624367,0.8766815924766113,0.8874172998318379,0.9976359338061466,1.0,,,,0.9923694468677188,0.897527484892004,1.0103750997605745,placement,3059.26,0.619071,0.686049,4.558674702090608e-10,,,,,,
traj_sweep_096,mega_sweep,0.9189967046624367,0.8766815924766113,0.8874172998318379,0.9976359338061466,1.0,,,,0.8741446142921759,0.8888943442700087,0.9976359338061466,cts,,,,4.60294957008451e-10,0.0,0.00133069,0.0,,,
traj_sweep_096,mega_sweep,0.9189967046624367,0.8766815924766113,0.8874172998318379,0.9976359338061466,1.0,,,,0.8428071689159407,0.86326905530529,0.9976359338061466,routing,,,,4.739583580186644e-10,0.0,,,3437.0,0.686049,0.0
traj_sweep_097,mega_sweep,0.9235159145736241,0.8895906235924748,0.8871554415380901,0.9980291683090263,1.0,1076.77,0.582016,1.187273048097551,1.1215795418380146,0.9981751750154455,1.0747028862478776,floorplan,,,,,,,,,,
traj_sweep_097,mega_sweep,0.9235159145736241,0.8895906235924748,0.8871554415380901,0.9980291683090263,1.0,,,,1.012152680009461,0.898636291104592,1.0107784431137723,placement,3111.84,0.618824,0.704334,4.553049860449022e-10,,,,,,
traj_sweep_097,mega_sweep,0.9235159145736241,0.8895906235924748,0.8871554415380901,0.9980291683090263,1.0,,,,0.8872762457668119,0.8892625824955914,0.9980291683090263,cts,,,,4.601043516669581e-10,0.0,0.00231828,0.0,,,
traj_sweep_097,mega_sweep,0.9235159145736241,0.8895906235924748,0.8871554415380901,0.9980291683090263,1.0,,,,0.8565478261283974,0.8682402713506568,0.9980291683090263,routing,,,,4.712446513732069e-10,0.0,,,3465.0,0.704334,0.0
traj_sweep_098,mega_sweep,0.9290038212553512,0.9028220094636272,0.8894794338951012,0.9984227129337538,1.0,1076.77,0.582016,1.187273048097551,1.1417790031382216,0.9981751750154455,1.0747028862478776,floorplan,,,,,,,,,,
traj_sweep_098,mega_sweep,0.9290038212553512,0.9028220094636272,0.8894794338951012,0.9984227129337538,1.0,,,,1.0291335516822795,0.9069666580744414,1.0119904076738608,placement,3120.48,0.618083,0.694979,4.5112307088496814e-10,,,,,,
traj_sweep_098,mega_sweep,0.9290038212553512,0.9028220094636272,0.8894794338951012,0.9984227129337538,1.0,,,,0.9022917241898641,0.8975438510353632,0.9984227129337538,cts,,,,4.5585915775462014e-10,0.0,0.000744189,0.0,,,
traj_sweep_098,mega_sweep,0.9290038212553512,0.9028220094636272,0.8894794338951012,0.9984227129337538,1.0,,,,0.8703180913550236,0.8735756340857668,0.9984227129337538,routing,,,,4.683665249077318e-10,0.0,,,3451.0,0.694979,0.0
traj_sweep_099,mega_sweep,0.9344586579938493,0.9188188863668896,0.8894794338951012,0.9984227129337538,1.0,1076.77,0.582016,1.187273048097551,1.1619752000930967,0.9981751750154455,1.0747028862478776,floorplan,,,,,,,,,,
traj_sweep_099,mega_sweep,0.9344586579938493,0.9188188863668896,0.8894794338951012,0.9984227129337538,1.0,,,,1.0473465534622712,0.9069666580744414,1.0119904076738608,placement,3120.48,0.618083,0.694979,4.5112307088496814e-10,,,,,,
traj_sweep_099,mega_sweep,0.9344586579938493,0.9188188863668896,0.8894794338951012,0.9984227129337538,1.0,,,,0.9182743399002697,0.8975438510353632,0.9984227129337538,cts,,,,4.5585915775462014e-10,0.0,0.000744189,0.0,,,
traj_sweep_099,mega_sweep,0.9344586579938493,0.9188188863668896,0.8894794338951012,0.9984227129337538,1.0,,,,0.885741460794315,0.8735756340857668,0.9984227129337538,routing,,,,4.683665249077318e-10,0.0,,,3451.0,0.694979,0.0
traj_sweep_100,mega_sweep,0.9413559026604787,0.9382935182091547,0.8897453837246887,0.9992107340173638,1.0,1076.77,0.582016,1.187273048097551,1.1821596058854094,0.9981751750154455,1.0747028862478776,floorplan,,,,,,,,,,
traj_sweep_100,mega_sweep,0.9413559026604787,0.9382935182091547,0.8897453837246887,0.9992107340173638,1.0,,,,1.0663296786748304,0.9048595171169402,1.0128,placement,3079.18,0.617589,0.678675,4.521735984879315e-10,,,,,,
traj_sweep_100,mega_sweep,0.9413559026604787,0.9382935182091547,0.8897453837246887,0.9992107340173638,1.0,,,,0.9360017914707245,0.8962632003175032,0.9992107340173638,cts,,,,4.565105248501504e-10,0.0,0.000527439,0.0,,,
traj_sweep_100,mega_sweep,0.9413559026604787,0.9382935182091547,0.8897453837246887,0.9992107340173638,1.0,,,,0.9021196287763573,0.8690381208394194,0.9992107340173638,routing,,,,4.708120094727376e-10,0.0,,,3373.0,0.678675,0.0
traj_sweep_101,mega_sweep,0.9470527129806628,0.9555739866445494,0.8889107104133679,1.0,1.0,1076.77,0.582016,1.187273048097551,1.2023413720440177,0.9981751750154455,1.0747028862478776,floorplan,,,,,,,,,,
traj_sweep_101,mega_sweep,0.9470527129806628,0.9555739866445494,0.8889107104133679,1.0,1.0,,,,1.0834147105983338,0.9016558445543704,1.0128,placement,3107.61,0.617589,0.697135,4.537802160901389e-10,,,,,,
traj_sweep_101,mega_sweep,0.9470527129806628,0.9555739866445494,0.8889107104133679,1.0,1.0,,,,0.9536118848653669,0.8928181271403847,1.0,cts,,,,4.5827203944805717e-10,0.0,0.00118603,0.0,,,
traj_sweep_101,mega_sweep,0.9470527129806628,0.9555739866445494,0.8889107104133679,1.0,1.0,,,,0.9211262697184326,0.8699137095091385,1.0,routing,,,,4.703381260788381e-10,0.0,,,3413.0,0.697135,0.0
traj_sweep_102,mega_sweep,0.9507327872368024,0.966961312293878,0.8904777686400144,0.9980291683090263,1.0,1076.77,0.582016,1.187273048097551,1.2225169707110695,0.9981751750154455,1.0747028862478776,floorplan,,,,,,,,,,
traj_sweep_102,mega_sweep,0.9507327872368024,0.966961312293878,0.8904777686400144,0.9980291683090263,1.0,,,,1.1009954363073908,0.9054896136362707,1.0115860966839791,placement,3082.16,0.61833,0.693021,4.5185894771088256e-10,,,,,,
traj_sweep_102,mega_sweep,0.9507327872368024,0.966961312293878,0.8904777686400144,0.9980291683090263,1.0,,,,0.965185403968531,0.8965005093962121,0.9980291683090263,cts,,,,4.563896837675881e-10,0.0,0.000583304,0.0,,,
traj_sweep_102,mega_sweep,0.9507327872368024,0.966961312293878,0.8904777686400144,0.9980291683090263,1.0,,,,0.9293710669059057,0.8665709247280151,0.9980291683090263,routing,,,,4.721524485825983e-10,0.0,,,3446.0,0.693021,0.0
traj_sweep_103,mega_sweep,0.9570802248347616,0.9848382730864278,0.8919425384706657,0.9980291683090263,1.0,1076.77,0.582016,1.187273048097551,1.242684883013441,0.9981751750154455,1.0747028862478776,floorplan,,,,,,,,,,
traj_sweep_103,mega_sweep,0.9570802248347616,0.9848382730864278,0.8919425384706657,0.9980291683090263,1.0,,,,1.119623245644089,0.9058496687901738,1.0115860966839791,placement,3091.56,0.61833,0.69283,4.5167934380024934e-10,,,,,,
traj_sweep_103,mega_sweep,0.9570802248347616,0.9848382730864278,0.8919425384706657,0.9980291683090263,1.0,,,,0.9815306311914982,0.8964432278944547,0.9980291683090263,cts,,,,4.564188464470075e-10,0.0,0.000787898,0.0,,,
traj_sweep_103,mega_sweep,0.9570802248347616,0.9848382730864278,0.8919425384706657,0.9980291683090263,1.0,,,,0.9476836765900007,0.8717753583162512,0.9980291683090263,routing,,,,4.693337338314529e-10,0.0,,,3428.0,0.69283,0.0
traj_sweep_104,mega_sweep,0.9631460003994804,1.0,0.8941683339675214,0.9992107340173638,1.0,1076.77,0.582016,1.187273048097551,1.2628457803728141,0.9981751750154455,1.0747028862478776,floorplan,,,,,,,,,,
traj_sweep_104,mega_sweep,0.9631460003994804,1.0,0.8941683339675214,0.9992107340173638,1.0,,,,1.1378179562173183,0.9079240774609565,1.0128,placement,3096.8,0.617589,0.691376,4.5064735492535025e-10,,,,,,
traj_sweep_104,mega_sweep,0.9631460003994804,1.0,0.8941683339675214,0.9992107340173638,1.0,,,,0.9963413011663488,0.8996264427778256,0.9992107340173638,cts,,,,4.548038658328596e-10,0.0,0.000870845,0.0,,,
traj_sweep_104,mega_sweep,0.9631460003994804,1.0,0.8941683339675214,0.9992107340173638,1.0,,,,0.9610874342946062,0.8759650910162148,0.9992107340173638,routing,,,,4.670889150458681e-10,0.0,,,3415.0,0.691376,0.0
traj_sweep_105,mega_sweep,0.45943377106979993,0.147781614865976,0.9703322736255509,0.6762820512820512,1.0,1076.77,0.656374,1.187273048097551,0.2498446568201564,1.009492363148355,0.9529544599171998,floorplan,,,,,,,,,,
traj_sweep_105,mega_sweep,0.45943377106979993,0.147781614865976,0.9703322736255509,0.6762820512820512,1.0,,,,0.19990167967594333,1.0119963830823175,0.7984862819299905,placement,3566.14,0.78335,0.730149,4.043034054475841e-10,,,,,,
traj_sweep_105,mega_sweep,0.45943377106979993,0.147781614865976,0.9703322736255509,0.6762820512820512,1.0,,,,0.16038478355924793,0.9929421006763308,0.7142454160789844,cts,,,,4.120618752111817e-10,-12.6792,0.00037427,9.0,,,
traj_sweep_105,mega_sweep,0.45943377106979993,0.147781614865976,0.9703322736255509,0.6762820512820512,1.0,,,,0.1443143678437796,0.9547721628267603,0.6762820512820512,routing,,,,4.285353091667988e-10,-13.3868,,,5300.0,0.730149,0.0
traj_sweep_106,mega_sweep,0.4850418708163662,0.16546403616177052,0.9862769887932833,0.6992543496271747,1.0,1076.77,0.656374,1.187273048097551,0.26764233744032356,1.009492363148355,0.9529544599171998,floorplan,,,,,,,,,,
traj_sweep_106,mega_sweep,0.4850418708163662,0.16546403616177052,0.9862769887932833,0.6992543496271747,1.0,,,,0.2150295268996277,1.0154619139386352,0.800252844500632,placement,3550.1,0.781621,0.704469,4.0292361374130694e-10,,,,,,
traj_sweep_106,mega_sweep,0.4850418708163662,0.16546403616177052,0.9862769887932833,0.6992543496271747,1.0,,,,0.1706532472464869,0.9953683814293371,0.7116357504215851,cts,,,,4.110574452779776e-10,-12.2224,0.00139967,8.0,,,
traj_sweep_106,mega_sweep,0.4850418708163662,0.16546403616177052,0.9862769887932833,0.6992543496271747,1.0,,,,0.1605954465849387,0.9621123781233761,0.6992543496271747,routing,,,,4.252658975024134e-10,-12.7749,,,4529.0,0.704469,0.0
traj_sweep_107,mega_sweep,0.4911547093882337,0.17604560503065803,0.9731186095324602,0.6916143130292269,1.0,1076.77,0.656374,1.187273048097551,0.2854338711726591,1.009492363148355,0.9529544599171998,floorplan,,,,,,,,,,
traj_sweep_107,mega_sweep,0.4911547093882337,0.17604560503065803,0.9731186095324602,0.6916143130292269,1.0,,,,0.22942235940011055,1.01514686567897,0.800252844500632,placement,3514.5,0.781621,0.695239,4.030486600647296e-10,,,,,,
traj_sweep_107,mega_sweep,0.4911547093882337,0.17604560503065803,0.9731186095324602,0.6916143130292269,1.0,,,,0.1800979590527953,0.9846280998498407,0.7023578363384189,cts,,,,4.15541242468315e-10,-11.8419,0.000851805,9.0,,,
traj_sweep_107,mega_sweep,0.4911547093882337,0.17604560503065803,0.9731186095324602,0.6916143130292269,1.0,,,,0.17161298946825676,0.9544530230312552,0.6916143130292269,routing,,,,4.286785982209838e-10,-12.4429,,,5284.0,0.695239,0.0
traj_sweep_108,mega_sweep,0.5035381107444564,0.18734905033965954,0.9699885846150069,0.7025527192008878,1.0,1076.77,0.656374,1.187273048097551,0.3032187425663901,1.009492363148355,0.9529544599171998,floorplan,,,,,,,,,,
traj_sweep_108,mega_sweep,0.5035381107444564,0.18734905033965954,0.9699885846150069,0.7025527192008878,1.0,,,,0.24590033848031367,1.0186533118936856,0.8038095238095238,placement,3523.76,0.778162,0.716833,4.0166127101692603e-10,,,,,,
traj_sweep_108,mega_sweep,0.5035381107444564,0.18734905033965954,0.9699885846150069,0.7025527192008878,1.0,,,,0.19401101682748617,0.9947628341250455,0.7170773152081563,cts,,,,4.1130767047674675e-10,-11.1102,0.000282892,12.0,,,
traj_sweep_108,mega_sweep,0.5035381107444564,0.18734905033965954,0.9699885846150069,0.7025527192008878,1.0,,,,0.18228453027747551,0.9588391494515296,0.7025527192008878,routing,,,,4.2671764520134673e-10,-11.7635,,,4872.0,0.716833,0.0
traj_sweep_109,mega_sweep,0.5056668207284034,0.1953549239805745,0.9588146002364908,0.6902944383860414,1.0,1076.77,0.656374,1.187273048097551,0.3209975764265061,1.009492363148355,0.9529544599171998,floorplan,,,,,,,,,,
traj_sweep_109,mega_sweep,0.5056668207284034,0.1953549239805745,0.9588146002364908,0.6902944383860414,1.0,,,,0.26251508061005996,1.0167752969432136,0.8061127029608405,placement,3553.91,0.775939,0.713634,4.024031516214835e-10,,,,,,
traj_sweep_109,mega_sweep,0.5056668207284034,0.1953549239805745,0.9588146002364908,0.6902944383860414,1.0,,,,0.2083972501562411,0.9965099199286436,0.7182978723404255,cts,,,,4.105865639652808e-10,-10.6007,0.00104417,8.0,,,
traj_sweep_109,mega_sweep,0.5056668207284034,0.1953549239805745,0.9588146002364908,0.6902944383860414,1.0,,,,0.19054383848321457,0.9546575998232456,0.6902944383860414,routing,,,,4.2858673524054433e-10,-11.2222,,,5155.0,0.713634,0.0
traj_sweep_110,mega_sweep,0.5264187637238101,0.21186191938421278,0.9825291419640191,0.7008026570716855,1.0,1076.77,0.656374,1.187273048097551,0.3387699017798746,1.009492363148355,0.9529544599171998,floorplan,,,,,,,,,,
traj_sweep_110,mega_sweep,0.5264187637238101,0.21186191938421278,0.9825291419640191,0.7008026570716855,1.0,,,,0.2771020624008461,1.0164397910043492,0.8061127029608405,placement,3526.04,0.775939,0.713638,4.0253597665291335e-10,,,,,,
traj_sweep_110,mega_sweep,0.5264187637238101,0.21186191938421278,0.9825291419640191,0.7008026570716855,1.0,,,,0.22121514973980771,1.0011619961785054,0.7211620620905724,cts,,,,4.086787008921456e-10,-10.1011,0.00131423,10.0,,,
traj_sweep_110,mega_sweep,0.5264187637238101,0.21186191938421278,0.9825291419640191,0.7008026570716855,1.0,,,,0.20637951683410247,0.9686465608595498,0.7008026570716855,routing,,,,4.223971885243132e-10,-10.7028,,,4847.0,0.713638,0.0
traj_sweep_111,mega_sweep,0.5359103549523994,0.22231292920896908,0.9884536858600613,0.700414937759336,1.0,1076.77,0.656374,1.187273048097551,0.35653541807592437,1.009492363148355,0.9529544599171998,floorplan,,,,,,,,,,
traj_sweep_111,mega_sweep,0.5359103549523994,0.22231292920896908,0.9884536858600613,0.700414937759336,1.0,,,,0.2921925168464433,1.016337502608354,0.8066263141127746,placement,3490.04,0.775445,0.7193,4.0257648953301125e-10,,,,,,
traj_sweep_111,mega_sweep,0.5359103549523994,0.22231292920896908,0.9884536858600613,0.700414937759336,1.0,,,,0.23353434240667761,1.0010801654617094,0.7199317600227466,cts,,,,4.087121072787539e-10,-9.54891,0.000822994,13.0,,,
traj_sweep_111,mega_sweep,0.5359103549523994,0.22231292920896908,0.9884536858600613,0.700414937759336,1.0,,,,0.21616771724475525,0.9677832467973503,0.700414937759336,routing,,,,4.227739892530852e-10,-10.2378,,,4778.0,0.7193,0.0
traj_sweep_112,mega_sweep,0.5577773907929987,0.24214711354637228,0.9957161619757209,0.7197271176805002,1.0,1076.77,0.656374,1.187273048097551,0.37429428829065226,1.009492363148355,0.9529544599171998,floorplan,,,,,,,,,,
traj_sweep_112,mega_sweep,0.5577773907929987,0.24214711354637228,0.9957161619757209,0.7197271176805002,1.0,,,,0.3083616848613992,1.0164725232910679,0.8089456869009584,placement,3487.14,0.773221,0.701202,4.0252301425333995e-10,,,,,,
traj_sweep_112,mega_sweep,0.5577773907929987,0.24214711354637228,0.9957161619757209,0.7197271176805002,1.0,,,,0.24978215702760734,1.0026103998657976,0.735191637630662,cts,,,,4.0808831031035114e-10,-8.92024,0.00108259,10.0,,,
traj_sweep_112,mega_sweep,0.5577773907929987,0.24214711354637228,0.9957161619757209,0.7197271176805002,1.0,,,,0.23540691163661845,0.9681433019512534,0.7197271176805002,routing,,,,4.2261675844493935e-10,-9.5411,,,4305.0,0.701202,0.0
traj_sweep_113,mega_sweep,0.5425896248023782,0.23920985630000122,0.9710810246842357,0.6876697447039651,1.0,1076.77,0.656374,1.187273048097551,0.3920478837109876,1.009492363148355,0.9529544599171998,floorplan,,,,,,,,,,
traj_sweep_113,mega_sweep,0.5425896248023782,0.23920985630000122,0.9710810246842357,0.6876697447039651,1.0,,,,0.3241761313933124,1.0168203038374515,0.8107588856868395,placement,3500.82,0.771492,0.734526,4.0238534029728227e-10,,,,,,
traj_sweep_113,mega_sweep,0.5425896248023782,0.23920985630000122,0.9710810246842357,0.6876697447039651,1.0,,,,0.2556890282417076,0.9947792002684047,0.7197271176805002,cts,,,,4.1130090362808525e-10,-8.47741,0.000845185,11.0,,,
traj_sweep_113,mega_sweep,0.5425896248023782,0.23920985630000122,0.9710810246842357,0.6876697447039651,1.0,,,,0.23347488286116239,0.9594078729332629,0.6876697447039651,routing,,,,4.2646469298806754e-10,-9.16002,,,4816.0,0.734526,0.0
traj_sweep_114,mega_sweep,0.5710835759791159,0.2636708119820495,0.9878685962349687,0.7150522451284947,1.0,1076.77,0.656374,1.187273048097551,0.4097940906220146,1.009492363148355,0.9529544599171998,floorplan,,,,,,,,,,
traj_sweep_114,mega_sweep,0.5710835759791159,0.2636708119820495,0.9878685962349687,0.7150522451284947,1.0,,,,0.3380409902818764,1.0113990188497055,0.8092042186001918,placement,3534.75,0.772974,0.716815,4.045421998195742e-10,,,,,,
traj_sweep_114,mega_sweep,0.5710835759791159,0.2636708119820495,0.9878685962349687,0.7150522451284947,1.0,,,,0.27478721924177124,0.9944068705069822,0.7394859813084111,cts,,,,4.1145490454246215e-10,-7.86846,0.000638753,8.0,,,
traj_sweep_114,mega_sweep,0.5710835759791159,0.2636708119820495,0.9878685962349687,0.7150522451284947,1.0,,,,0.2559905655002678,0.969538515672628,0.7150522451284947,routing,,,,4.2200859209493504e-10,-8.45931,,,4425.0,0.716815,0.0
traj_sweep_115,mega_sweep,0.582164425918003,0.27588557008502274,0.9871689436063615,0.7244635193133047,1.0,1076.77,0.655385,1.187273048097551,0.42863139016875107,1.009492363148355,0.9543912551828119,floorplan,,,,,,,,,,
traj_sweep_115,mega_sweep,0.582164425918003,0.27588557008502274,0.9871689436063615,0.7244635193133047,1.0,,,,0.3517872975919485,1.0120577561199147,0.805856142584341,placement,3631.89,0.776186,0.707283,4.0427888774792405e-10,,,,,,
traj_sweep_115,mega_sweep,0.582164425918003,0.27588557008502274,0.9871689436063615,0.7244635193133047,1.0,,,,0.29081247957232126,0.9960271186995463,0.7531231409875073,cts,,,,4.1078558635534594e-10,-7.45693,0.00195154,6.0,,,
traj_sweep_115,mega_sweep,0.582164425918003,0.27588557008502274,0.9871689436063615,0.7244635193133047,1.0,,,,0.2680067101584343,0.9618464282937886,0.7244635193133047,routing,,,,4.253834832101139e-10,-8.07402,,,4343.0,0.707283,0.0
traj_sweep_116,mega_sweep,0.5843890619993193,0.28184633719881763,0.9964280892118474,0.7106371035644119,1.0,1076.77,0.648468,1.187273048097551,0.4497989153692725,1.009492363148355,0.9645714285714285,floorplan,,,,,,,,,,
traj_sweep_116,mega_sweep,0.5843890619993193,0.28184633719881763,0.9964280892118474,0.7106371035644119,1.0,,,,0.36931587015217954,1.0204740453424002,0.8138862102217936,placement,3507.92,0.768528,0.72427,4.0094462553776696e-10,,,,,,
traj_sweep_116,mega_sweep,0.5843890619993193,0.28184633719881763,0.9964280892118474,0.7106371035644119,1.0,,,,0.2952544288492877,1.0001759360411118,0.7317919075144508,cts,,,,4.090816117815504e-10,-6.95295,0.000893972,10.0,,,
traj_sweep_116,mega_sweep,0.5843890619993193,0.28184633719881763,0.9964280892118474,0.7106371035644119,1.0,,,,0.2745550921894811,0.9764327535627049,0.7106371035644119,routing,,,,4.190289423290467e-10,-7.57673,,,4527.0,0.72427,0.0
traj_sweep_117,mega_sweep,0.596251771772693,0.29660067362737286,0.9938463300969285,0.7191138880999716,1.0,1076.77,0.647233,1.187273048097551,0.46846565066556156,1.009492363148355,0.9664122137404579,floorplan,,,,,,,,,,
traj_sweep_117,mega_sweep,0.596251771772693,0.29660067362737286,0.9938463300969285,0.7191138880999716,1.0,,,,0.38608618693383573,1.008514486082641,0.8151963940759819,placement,3530.3,0.767292,0.706494,4.056992632501379e-10,,,,,,
traj_sweep_117,mega_sweep,0.596251771772693,0.29660067362737286,0.9938463300969285,0.7191138880999716,1.0,,,,0.3117294870994374,0.9947792002684047,0.7429577464788731,cts,,,,4.1130090362808525e-10,-6.63624,0.00115493,6.0,,,
traj_sweep_117,mega_sweep,0.596251771772693,0.29660067362737286,0.9938463300969285,0.7191138880999716,1.0,,,,0.288675557211669,0.9633684796261973,0.7191138880999716,routing,,,,4.247114085978578e-10,-7.09569,,,4426.0,0.706494,0.0
traj_sweep_118,mega_sweep,0.6104135990366428,0.3138409422282756,0.9969027073692652,0.726959517657192,1.0,1076.77,0.643528,1.187273048097551,0.48926903100057717,1.009492363148355,0.9719769673704415,floorplan,,,,,,,,,,
traj_sweep_118,mega_sweep,0.6104135990366428,0.3138409422282756,0.9969027073692652,0.726959517657192,1.0,,,,0.4025154415683886,1.0091609487453306,0.8188874514877101,placement,3473.1,0.763834,0.712297,4.054393746503085e-10,,,,,,
traj_sweep_118,mega_sweep,0.6104135990366428,0.3138409422282756,0.9969027073692652,0.726959517657192,1.0,,,,0.32064309874834085,1.0013133830045784,0.7447058823529411,cts,,,,4.086169134712824e-10,-5.97472,0.00108621,10.0,,,
traj_sweep_118,mega_sweep,0.6104135990366428,0.3138409422282756,0.9969027073692652,0.726959517657192,1.0,,,,0.30417012894043427,0.978752654383876,0.726959517657192,routing,,,,4.180357336945162e-10,-6.60341,,,4102.0,0.712297,0.0
traj_sweep_119,mega_sweep,0.6029641162581968,0.31353763438984433,0.9769646532218799,0.7156585641605426,1.0,1076.77,0.643528,1.187273048097551,0.5073004959200206,1.009492363148355,0.9719769673704415,floorplan,,,,,,,,,,
traj_sweep_119,mega_sweep,0.6029641162581968,0.31353763438984433,0.9769646532218799,0.7156585641605426,1.0,,,,0.4176230165276774,0.9992389743337957,0.8178294573643411,placement,3481.37,0.764822,0.718272,4.09465197505538e-10,,,,,,
traj_sweep_119,mega_sweep,0.6029641162581968,0.31353763438984433,0.9769646532218799,0.7156585641605426,1.0,,,,0.33091893285217167,0.9952292692107837,0.7399181765049678,cts,,,,4.1111490250410086e-10,-5.59219,0.00157546,10.0,,,
traj_sweep_119,mega_sweep,0.6029641162581968,0.31353763438984433,0.9769646532218799,0.7156585641605426,1.0,,,,0.306014836608318,0.9652383115049896,0.7156585641605426,routing,,,,4.2388866987974277e-10,-6.22271,,,4745.0,0.718272,0.0
traj_sweep_120,mega_sweep,0.6176359337099318,0.3336650206066907,0.9777665942464823,0.7221905305191101,1.0,1076.77,0.643281,1.187273048097551,0.5255137246646316,1.0093491593939616,0.9723502304147464,floorplan,,,,,,,,,,
traj_sweep_120,mega_sweep,0.6176359337099318,0.3336650206066907,0.9777665942464823,0.7221905305191101,1.0,,,,0.43382509123911406,0.9993330796581112,0.8228794280142996,placement,3471.13,0.760128,0.697093,4.094266389348357e-10,,,,,,
traj_sweep_120,mega_sweep,0.6176359337099318,0.3336650206066907,0.9777665942464823,0.7221905305191101,1.0,,,,0.34375179304356474,0.9909945296165822,0.7369033760186262,cts,,,,4.1287168773688515e-10,-5.18383,0.000829684,9.0,,,
traj_sweep_120,mega_sweep,0.6176359337099318,0.3336650206066907,0.9777665942464823,0.7221905305191101,1.0,,,,0.32458242510379554,0.9627220169635076,0.7221905305191101,routing,,,,4.249966000271998e-10,-5.82479,,,4449.0,0.697093,0.0
traj_sweep_121,mega_sweep,0.6454146867111481,0.36115420166378653,0.9881631868154349,0.7533472180898542,1.0,1076.77,0.643034,1.187273048097551,0.5437296175511415,1.0093491593939616,0.9727237802535534,floorplan,,,,,,,,,,
traj_sweep_121,mega_sweep,0.6454146867111481,0.36115420166378653,0.9881631868154349,0.7533472180898542,1.0,,,,0.4464548308890744,1.012352346700381,0.8231469440832249,placement,3545.62,0.759881,0.698121,4.0416124416997403e-10,,,,,,
traj_sweep_121,mega_sweep,0.6454146867111481,0.36115420166378653,0.9881631868154349,0.7533472180898542,1.0,,,,0.3643890828437157,0.9992757981563539,0.7576301615798923,cts,,,,4.0945010850427877e-10,-4.65592,0.00155324,6.0,,,
traj_sweep_121,mega_sweep,0.6454146867111481,0.36115420166378653,0.9881631868154349,0.7533472180898542,1.0,,,,0.3506623744024973,0.9634707680221924,0.7533472180898542,routing,,,,4.2466631844028554e-10,-5.20595,,,4056.0,0.698121,0.0
traj_sweep_122,mega_sweep,0.6550179178990979,0.3755401215221189,0.990998621152422,0.7551446465851476,1.0,1076.77,0.638587,1.187273048097551,0.5673107880333571,1.0093246101789228,0.9794970986460347,floorplan,,,,,,,,,,
traj_sweep_122,mega_sweep,0.6550179178990979,0.3755401215221189,0.990998621152422,0.7551446465851476,1.0,,,,0.464349380719368,1.0041856411641237,0.827721477607061,placement,3473.01,0.755682,0.716951,4.0744815222262966e-10,,,,,,
traj_sweep_122,mega_sweep,0.6550179178990979,0.3755401215221189,0.990998621152422,0.7551446465851476,1.0,,,,0.37887609563600644,0.9981056189061688,0.7601320924647252,cts,,,,4.0993014790279734e-10,-4.19347,0.00154405,7.0,,,
traj_sweep_122,mega_sweep,0.6550179178990979,0.3755401215221189,0.990998621152422,0.7551446465851476,1.0,,,,0.3636643229298397,0.9634707680221924,0.7551446465851476,routing,,,,4.2466631844028554e-10,-4.73614,,,3903.0,0.716951,0.0
traj_sweep_123,mega_sweep,0.6589834339277019,0.38574727642660306,0.9821118053083586,0.7553699284009546,1.0,1076.77,0.638587,1.187273048097551,0.5855072841468818,1.0093246101789228,0.9794970986460347,floorplan,,,,,,,,,,
traj_sweep_123,mega_sweep,0.6589834339277019,0.38574727642660306,0.9821118053083586,0.7553699284009546,1.0,,,,0.4864247515534674,1.0131542877249833,0.8367481824190349,placement,3436.51,0.74753,0.707363,4.0384133881480646e-10,,,,,,
traj_sweep_123,mega_sweep,0.6589834339277019,0.38574727642660306,0.9821118053083586,0.7553699284009546,1.0,,,,0.4133879819126083,1.0051144197997601,0.7972292191435767,cts,,,,4.070716486808843e-10,-3.50995,0.00190797,3.0,,,
traj_sweep_123,mega_sweep,0.6589834339277019,0.38574727642660306,0.9821118053083586,0.7553699284009546,1.0,,,,0.3739461879676096,0.9622105749835316,0.7553699284009546,routing,,,,4.252224976719068e-10,-4.22504,,,4063.0,0.707363,0.0
traj_sweep_124,mega_sweep,0.664453872653627,0.39659741606628646,0.975724917862418,0.7580838323353293,1.0,1076.77,0.638587,1.187273048097551,0.6036988022222372,1.0093246101789228,0.9794970986460347,floorplan,,,,,,,,,,
traj_sweep_124,mega_sweep,0.664453872653627,0.39659741606628646,0.975724917862418,0.7580838323353293,1.0,,,,0.5047772578932882,1.008768161304709,0.8451268357810413,placement,3519.75,0.740119,0.726176,4.055972419387548e-10,,,,,,
traj_sweep_124,mega_sweep,0.664453872653627,0.39659741606628646,0.975724917862418,0.7580838323353293,1.0,,,,0.4286497908408817,1.00618640218979,0.8053435114503816,cts,,,,4.0663795802683e-10,-3.16886,0.000767504,4.0,,,
traj_sweep_124,mega_sweep,0.664453872653627,0.39659741606628646,0.975724917862418,0.7580838323353293,1.0,,,,0.3851875981817753,0.9609503819448706,0.7580838323353293,routing,,,,4.257801356535512e-10,-3.97803,,,4086.0,0.726176,0.0
traj_sweep_125,mega_sweep,0.6848929607845863,0.4228958383823173,0.987713117873056,0.7691373025516403,1.0,1076.77,0.632164,1.187273048097551,0.6311235651254824,1.0092836948205248,0.9894490035169988,floorplan,,,,,,,,,,
traj_sweep_125,mega_sweep,0.6848929607845863,0.4228958383823173,0.987713117873056,0.7691373025516403,1.0,,,,0.5259058336771449,1.0043861264202745,0.850235057085292,placement,3414.91,0.735672,0.736636,4.0736682160184783e-10,,,,,,
traj_sweep_125,mega_sweep,0.6848929607845863,0.4228958383823173,0.987713117873056,0.7691373025516403,1.0,,,,0.4481871228367662,1.0025367522206812,0.8125802310654685,cts,,,,4.081182890048852e-10,-2.81344,0.00187142,3.0,,,
traj_sweep_125,mega_sweep,0.6848929607845863,0.4228958383823173,0.987713117873056,0.7691373025516403,1.0,,,,0.4089865447586453,0.9698944792906914,0.7691373025516403,routing,,,,4.218537095705951e-10,-3.40311,,,3914.0,0.736636,0.0
traj_sweep_126,mega_sweep,0.684881222680565,0.4273624991380561,0.9791208926094588,0.7677380230442692,1.0,1076.77,0.632164,1.187273048097551,0.649571908215965,1.0092836948205248,0.9894490035169988,floorplan,,,,,,,,,,
traj_sweep_126,mega_sweep,0.684881222680565,0.4273624991380561,0.9791208926094588,0.7677380230442692,1.0,,,,0.5435076461569632,1.0003805128331023,0.8530997304582209,placement,3293.12,0.733202,0.70467,4.0899795501022496e-10,,,,,,
traj_sweep_126,mega_sweep,0.684881222680565,0.4273624991380561,0.9791208926094588,0.7677380230442692,1.0,,,,0.44330657195358075,0.9933307965811127,0.7863354037267081,cts,,,,4.1190063309127306e-10,-2.50817,0.00165626,4.0,,,
traj_sweep_126,mega_sweep,0.684881222680565,0.4273624991380561,0.9791208926094588,0.7677380230442692,1.0,,,,0.4145980821620774,0.9583931720449905,0.7677380230442692,routing,,,,4.269162134239534e-10,-3.06388,,,3915.0,0.70467,0.0
traj_sweep_127,mega_sweep,0.7160353267907977,0.464482583066073,0.9870339229236479,0.8007590132827324,1.0,1076.77,0.632164,1.187273048097551,0.6680145992997688,1.0092836948205248,0.9894490035169988,floorplan,,,,,,,,,,
traj_sweep_127,mega_sweep,0.7160353267907977,0.464482583066073,0.9870339229236479,0.8007590132827324,1.0,,,,0.5588038689578624,0.9995499310576211,0.8528123947457056,placement,3298.45,0.733449,0.729327,4.0933781421793965e-10,,,,,,
traj_sweep_127,mega_sweep,0.7160353267907977,0.464482583066073,0.9870339229236479,0.8007590132827324,1.0,,,,0.46986792709324576,0.9950042347395942,0.807140580172139,cts,,,,4.112078820326828e-10,-1.98018,0.00188383,3.0,,,
traj_sweep_127,mega_sweep,0.7160353267907977,0.464482583066073,0.9870339229236479,0.8007590132827324,1.0,,,,0.44810331716924917,0.9602220885653848,0.8007590132827324,routing,,,,4.261030743336813e-10,-2.57983,,,3639.0,0.729327,0.0
traj_sweep_128,mega_sweep,0.6901020364254337,0.44708006954998963,0.9659256895260774,0.7610459873760144,1.0,1076.77,0.631423,1.187273048097551,0.6886890415630497,1.0092836948205248,0.9906103286384976,floorplan,,,,,,,,,,
traj_sweep_128,mega_sweep,0.6901020364254337,0.44708006954998963,0.9659256895260774,0.7610459873760144,1.0,,,,0.5781264575231515,1.004521147102988,0.8559837728194726,placement,3307.98,0.730731,0.72308,4.073120662126495e-10,,,,,,
traj_sweep_128,mega_sweep,0.6901020364254337,0.44708006954998963,0.9659256895260774,0.7610459873760144,1.0,,,,0.49826041877472493,0.9849595142528651,0.8266405484818804,cts,,,,4.154014231652758e-10,-1.66071,0.00140771,1.0,,,
traj_sweep_128,mega_sweep,0.6901020364254337,0.44708006954998963,0.9659256895260774,0.7610459873760144,1.0,,,,0.4340168021771835,0.9551363095165032,0.7610459873760144,routing,,,,4.2837192964419426e-10,-2.26339,,,4036.0,0.72308,0.0
traj_sweep_129,mega_sweep,0.6729939821208115,0.43481795088907704,0.960708981330322,0.7296829971181555,1.0,1076.77,0.6292,1.187273048097551,0.7107964881752749,1.0092836948205248,0.9941107184923439,floorplan,,,,,,,,,,
traj_sweep_129,mega_sweep,0.6729939821208115,0.43481795088907704,0.960708981330322,0.7296829971181555,1.0,,,,0.5936392491817032,0.9979337744008968,0.8577235772357723,placement,3352.76,0.729249,0.70579,4.100007380013284e-10,,,,,,
traj_sweep_129,mega_sweep,0.6729939821208115,0.43481795088907704,0.960708981330322,0.7296829971181555,1.0,,,,0.47040287268929887,0.9768787309692439,0.7686703096539161,cts,,,,4.1883764177654175e-10,-1.31907,0.0014791,7.0,,,
traj_sweep_129,mega_sweep,0.6729939821208115,0.43481795088907704,0.960708981330322,0.7296829971181555,1.0,,,,0.42268797682097403,0.9459589946278134,0.7296829971181555,routing,,,,4.325278223521728e-10,-1.94565,,,4256.0,0.70579,0.0
traj_sweep_130,mega_sweep,0.7125709266348675,0.4830959945382511,0.9666498913697235,0.7747858017135862,1.0,1076.77,0.628211,1.187273048097551,0.7312242672785563,1.0092836948205248,0.995674400314589,floorplan,,,,,,,,,,
traj_sweep_130,mega_sweep,0.7125709266348675,0.4830959945382511,0.9666498913697235,0.7747858017135862,1.0,,,,0.6055966440352444,0.9879381523442454,0.8583050847457626,placement,3388.08,0.728755,0.703711,4.141489859562079e-10,,,,,,
traj_sweep_130,mega_sweep,0.7125709266348675,0.4830959945382511,0.9666498913697235,0.7747858017135862,1.0,,,,0.5183196398651513,0.9811011959559259,0.8220779220779221,cts,,,,4.1703504762540244e-10,-0.895063,0.000693008,2.0,,,
traj_sweep_130,mega_sweep,0.7125709266348675,0.4830959945382511,0.9666498913697235,0.7747858017135862,1.0,,,,0.4678352222147026,0.9492485894430193,0.7747858017135862,routing,,,,4.310289091089339e-10,-1.4621,,,3849.0,0.703711,0.0
traj_sweep_131,mega_sweep,0.7233452978790677,0.4978463737365623,0.965892957239359,0.7870686975442959,1.0,1076.77,0.593132,1.187273048097551,0.7954644029989466,1.010216564992001,1.054560599750104,floorplan,,,,,,,,,,
traj_sweep_131,mega_sweep,0.7233452978790677,0.4978463737365623,0.965892957239359,0.7870686975442959,1.0,,,,0.6572947828058602,0.9944559689370599,0.8994671403197158,placement,3294.82,0.695405,0.74122,4.114345901288613e-10,,,,,,
traj_sweep_131,mega_sweep,0.7233452978790677,0.4978463737365623,0.965892957239359,0.7870686975442959,1.0,,,,0.5295596038880492,0.9744688163595969,0.8328947368421052,cts,,,,4.198734501421272e-10,-0.367142,0.00106511,2.0,,,
traj_sweep_131,mega_sweep,0.7233452978790677,0.4978463737365623,0.965892957239359,0.7870686975442959,1.0,,,,0.4827339849216134,0.9476938058238921,0.7870686975442959,routing,,,,4.3173605384612063e-10,-1.2017,,,3924.0,0.74122,0.0
traj_sweep_132,mega_sweep,0.7596857043183861,0.5342853830444386,0.9797223483779106,0.8375785643400594,1.0,1076.77,0.582016,1.187273048097551,0.8380442587636269,0.9981751750154455,1.0747028862478776,floorplan,,,,,,,,,,
traj_sweep_132,mega_sweep,0.7596857043183861,0.5342853830444386,0.9797223483779106,0.8375785643400594,1.0,,,,0.6944419759287522,0.9781552901512641,0.9308823529411764,placement,3269.26,0.671937,0.702066,4.182910301671491e-10,,,,,,
traj_sweep_132,mega_sweep,0.7596857043183861,0.5342853830444386,0.9797223483779106,0.8375785643400594,1.0,,,,0.5607880211794732,0.9741169442773734,0.8615175229669955,cts,,,,4.200251175020266e-10,-0.192529,0.00117015,9.0,,,
traj_sweep_132,mega_sweep,0.7596857043183861,0.5342853830444386,0.9797223483779106,0.8375785643400594,1.0,,,,0.5174958466619255,0.9554513577761684,0.8375785643400594,routing,,,,4.2823067930232657e-10,-0.350038,,,3939.0,0.702066,0.0
traj_sweep_133,mega_sweep,0.7628368558042665,0.5468746672021859,0.9700908730110022,0.8367481824190349,1.0,1076.77,0.582016,1.187273048097551,0.8583395018983262,0.9981751750154455,1.0747028862478776,floorplan,,,,,,,,,,
traj_sweep_133,mega_sweep,0.7628368558042665,0.5468746672021859,0.9700908730110022,0.8367481824190349,1.0,,,,0.7225436082155103,0.954158432450789,0.9561933534743201,placement,3227.23,0.65415,0.688757,4.288109501164222e-10,,,,,,
traj_sweep_133,mega_sweep,0.7628368558042665,0.5468746672021859,0.9700908730110022,0.8367481824190349,1.0,,,,0.6227547399933474,0.9713428829779834,0.9210622044379774,cts,,,,4.21224668601492e-10,-0.00748426,0.00105548,7.0,,,
traj_sweep_133,mega_sweep,0.7628368558042665,0.5468746672021859,0.9700908730110022,0.8367481824190349,1.0,,,,0.5304943019648702,0.9513189065779621,0.8367481824190349,routing,,,,4.300908782025642e-10,-0.141226,,,3867.0,0.688757,0.0
traj_sweep_134,mega_sweep,0.8309168154783562,0.6347006808486595,0.9774024475567393,0.9247626004382761,1.0,1076.77,0.582016,1.187273048097551,0.8786315928411852,0.9981751750154455,1.0747028862478776,floorplan,,,,,,,,,,
traj_sweep_134,mega_sweep,0.8309168154783562,0.6347006808486595,0.9774024475567393,0.9247626004382761,1.0,,,,0.7618765021809442,0.9550094719054691,0.9817758821248544,placement,3166.61,0.637105,0.713591,4.284288229774946e-10,,,,,,
traj_sweep_134,mega_sweep,0.8309168154783562,0.6347006808486595,0.9774024475567393,0.9247626004382761,1.0,,,,0.6603399943420004,0.9532091961359536,0.9554716981132075,cts,,,,4.2923797382506835e-10,-0.00079331,0.000908697,5.0,,,
traj_sweep_134,mega_sweep,0.8309168154783562,0.6347006808486595,0.9774024475567393,0.9247626004382761,1.0,,,,0.6113042236083996,0.9462208529215612,0.9247626004382761,routing,,,,4.324081240838353e-10,-0.0282078,,,3524.0,0.713591,0.0
traj_sweep_135,mega_sweep,0.8355191854140607,0.6507643399737858,0.9628324884311824,0.9308823529411764,1.0,1076.77,0.582016,1.187273048097551,0.898911695274677,0.9981751750154455,1.0747028862478776,floorplan,,,,,,,,,,
traj_sweep_135,mega_sweep,0.8355191854140607,0.6507643399737858,0.9628324884311824,0.9308823529411764,1.0,,,,0.795158229108139,0.9551485841240226,0.9968503937007873,placement,3134.44,0.62747,0.717508,4.2836642463963674e-10,,,,,,
traj_sweep_135,mega_sweep,0.8355191854140607,0.6507643399737858,0.9628324884311824,0.9308823529411764,1.0,,,,0.6960663953123609,0.9436022699840839,0.9817758821248544,cts,,,,4.336080963303747e-10,0.0,0.00374065,1.0,,,
traj_sweep_135,mega_sweep,0.8355191854140607,0.6507643399737858,0.9628324884311824,0.9308823529411764,1.0,,,,0.6281392634220331,0.9427553220652436,0.9308823529411764,routing,,,,4.3399763905284354e-10,-0.00717409,,,3653.0,0.717508,0.0
traj_sweep_136,mega_sweep,0.8644098738801551,0.7026243056125661,0.9537451873309685,0.9638370765131327,1.0,1076.77,0.582016,1.187273048097551,0.9191901111321363,0.9981751750154455,1.0747028862478776,floorplan,,,,,,,,,,
traj_sweep_136,mega_sweep,0.8644098738801551,0.7026243056125661,0.9537451873309685,0.9638370765131327,1.0,,,,0.8178409566626018,0.9484057330600187,1.0,placement,3199.09,0.625494,0.700785,4.3141196823082264e-10,,,,,,
traj_sweep_136,mega_sweep,0.8644098738801551,0.7026243056125661,0.9537451873309685,0.9638370765131327,1.0,,,,0.7174729648273303,0.9380582389211438,0.9867498051441932,cts,,,,4.3617076957970583e-10,0.0,0.000231738,0.0,,,
traj_sweep_136,mega_sweep,0.8644098738801551,0.7026243056125661,0.9537451873309685,0.9638370765131327,1.0,,,,0.6767476711524124,0.9296828650570564,0.9638370765131327,routing,,,,4.401001667979632e-10,-0.00124065,,,3517.0,0.700785,0.0
traj_sweep_137,mega_sweep,0.8775413667385399,0.7355845771653318,0.9321173288817424,0.9855975087582716,1.0,1076.77,0.582016,1.187273048097551,0.9394607817514662,0.9981751750154455,1.0747028862478776,floorplan,,,,,,,,,,
traj_sweep_137,mega_sweep,0.8775413667385399,0.7355845771653318,0.9321173288817424,0.9855975087582716,1.0,,,,0.8389008947616536,0.9463926974268331,1.0027722772277228,placement,3111.44,0.623765,0.708605,4.3232960809321025e-10,,,,,,
traj_sweep_137,mega_sweep,0.8775413667385399,0.7355845771653318,0.9321173288817424,0.9855975087582716,1.0,,,,0.7389931417857672,0.9360656609671573,0.9902229174814234,cts,,,,4.3709923463924014e-10,0.0,0.000770897,0.0,,,
traj_sweep_137,mega_sweep,0.8775413667385399,0.7355845771653318,0.9321173288817424,0.9855975087582716,1.0,,,,0.7086944521115098,0.9109272647673757,0.9855975087582716,routing,,,,4.491616397993146e-10,0.0,,,3446.0,0.708605,0.0
traj_sweep_138,mega_sweep,0.8902788029838921,0.7646673417118351,0.9289913955001289,0.9933307179285994,1.0,1076.77,0.582016,1.187273048097551,0.9597223334668269,0.9981751750154455,1.0747028862478776,floorplan,,,,,,,,,,
traj_sweep_138,mega_sweep,0.8902788029838921,0.7646673417118351,0.9289913955001289,0.9933307179285994,1.0,,,,0.8604104532986103,0.9405172519608685,1.0051607780865421,placement,3086.52,0.622283,0.713027,4.3503038687252303e-10,,,,,,
traj_sweep_138,mega_sweep,0.8902788029838921,0.7646673417118351,0.9289913955001289,0.9933307179285994,1.0,,,,0.7641276805605156,0.9299447233508041,0.9941107184923439,cts,,,,4.3997624128297074e-10,0.0,0.000728924,0.0,,,
traj_sweep_138,mega_sweep,0.8902788029838921,0.7646673417118351,0.9289913955001289,0.9933307179285994,1.0,,,,0.7362203434263993,0.904671306468309,0.9933307179285994,routing,,,,4.522676700978707e-10,0.0,,,3428.0,0.713027,0.0
traj_sweep_139,mega_sweep,0.8923737178583957,0.7755760766376112,0.9220439676441345,0.9937205651491364,1.0,1076.77,0.582016,1.187273048097551,0.9799786264203616,0.9981751750154455,1.0747028862478776,floorplan,,,,,,,,,,
traj_sweep_139,mega_sweep,0.8923737178583957,0.7755760766376112,0.9220439676441345,0.9937205651491364,1.0,,,,0.880314251008973,0.9365320960528953,1.0063593004769475,placement,3140.15,0.621542,0.708539,4.3688153957054543e-10,,,,,,
traj_sweep_139,mega_sweep,0.8923737178583957,0.7755760766376112,0.9220439676441345,0.9937205651491364,1.0,,,,0.7745399698340875,0.924658459045772,0.9945011783189316,cts,,,,4.424915815976601e-10,0.0,0.000389543,0.0,,,
traj_sweep_139,mega_sweep,0.8923737178583957,0.7755760766376112,0.9220439676441345,0.9937205651491364,1.0,,,,0.7472331933646531,0.902793291517837,0.9937205651491364,routing,,,,4.5320848950142534e-10,0.0,,,3413.0,0.708539,0.0
traj_sweep_140,mega_sweep,0.8967154098666559,0.7906946051410194,0.9147978576718343,0.9968503937007873,1.0,1076.77,0.582016,1.187273048097551,1.000228169468699,0.9981751750154455,1.0747028862478776,floorplan,,,,,,,,,,
traj_sweep_140,mega_sweep,0.8967154098666559,0.7906946051410194,0.9147978576718343,0.9968503937007873,1.0,,,,0.8991635315776835,0.928389939731677,1.0103750997605745,placement,3111.44,0.619071,0.706286,4.407130737533329e-10,,,,,,
traj_sweep_140,mega_sweep,0.8967154098666559,0.7906946051410194,0.9147978576718343,0.9968503937007873,1.0,,,,0.7890111240857969,0.9203173395197355,0.9968503937007873,cts,,,,4.445788060391585e-10,0.0,0.0011519,0.0,,,
traj_sweep_140,mega_sweep,0.8967154098666559,0.7906946051410194,0.9147978576718343,0.9968503937007873,1.0,,,,0.7612343608379287,0.8912919842721362,0.9968503937007873,routing,,,,4.590567302307219e-10,0.0,,,3418.0,0.706286,0.0
traj_sweep_141,mega_sweep,0.9014056446959536,0.8080239531726265,0.9078667959591992,0.9984227129337538,1.0,1076.77,0.582016,1.187273048097551,1.020468184889313,0.9981751750154455,1.0747028862478776,floorplan,,,,,,,,,,
traj_sweep_141,mega_sweep,0.9014056446959536,0.8080239531726265,0.9078667959591992,0.9984227129337538,1.0,,,,0.9172246264391278,0.9229072817063341,1.0103750997605745,placement,3084.59,0.619071,0.704894,4.4333119056591224e-10,,,,,,
traj_sweep_141,mega_sweep,0.9014056446959536,0.8080239531726265,0.9078667959591992,0.9984227129337538,1.0,,,,0.8075701274718164,0.9131530602642314,0.9984227129337538,cts,,,,4.480668157235607e-10,0.0,0.000743405,0.0,,,
traj_sweep_141,mega_sweep,0.9014056446959536,0.8080239531726265,0.9078667959591992,0.9984227129337538,1.0,,,,0.7795454545454545,0.8863044020834101,0.9984227129337538,routing,,,,4.616400223433771e-10,0.0,,,3452.0,0.704894,0.0
traj_sweep_142,mega_sweep,0.9001140535567516,0.8220453713867546,0.8896021799702954,0.9972430090586843,1.0,1076.77,0.582016,1.187273048097551,1.0407059559240774,0.9981751750154455,1.0747028862478776,floorplan,,,,,,,,,,
traj_sweep_142,mega_sweep,0.9001140535567516,0.8220453713867546,0.8896021799702954,0.9972430090586843,1.0,,,,0.9373686379021701,0.9055264374588289,1.0107784431137723,placement,3064.66,0.618824,0.695823,4.518405725723736e-10,,,,,,
traj_sweep_142,mega_sweep,0.9001140535567516,0.8220453713867546,0.8896021799702954,0.9972430090586843,1.0,,,,0.8218536656743991,0.8966027977922073,0.9972430090586843,cts,,,,4.563376168224299e-10,0.0,0.000647427,0.0,,,
traj_sweep_142,mega_sweep,0.9001140535567516,0.8220453713867546,0.8896021799702954,0.9972430090586843,1.0,,,,0.7928082116249012,0.8754168252136805,0.9972430090586843,routing,,,,4.673814486955384e-10,0.0,,,3456.0,0.695823,0.0
traj_sweep_143,mega_sweep,0.9141603746219544,0.8361261269643373,0.9165694926904713,0.9968503937007873,1.0,1076.77,0.582016,1.187273048097551,1.0609291069004192,0.9981751750154455,1.0747028862478776,floorplan,,,,,,,,,,
traj_sweep_143,mega_sweep,0.9141603746219544,0.8361261269643373,0.9165694926904713,0.9968503937007873,1.0,,,,0.9528788039444386,0.9295887597327409,1.0103750997605745,placement,3101.12,0.619071,0.693292,4.4014471958379914e-10,,,,,,
traj_sweep_143,mega_sweep,0.9141603746219544,0.8361261269643373,0.9165694926904713,0.9968503937007873,1.0,,,,0.8335899671632376,0.9204196279157307,0.9968503937007873,cts,,,,4.4452939895179965e-10,0.0,0.00248632,0.0,,,
traj_sweep_143,mega_sweep,0.9141603746219544,0.8361261269643373,0.9165694926904713,0.9968503937007873,1.0,,,,0.8052292501097641,0.8967623676899598,0.9968503937007873,routing,,,,4.562564161058515e-10,0.0,,,3397.0,0.693292,0.0
traj_sweep_144,mega_sweep,0.9199903678924793,0.8568826847071052,0.9108699832656184,0.9976359338061466,1.0,1076.77,0.582016,1.187273048097551,1.0811532654399336,0.9981751750154455,1.0747028862478776,floorplan,,,,,,,,,,
traj_sweep_144,mega_sweep,0.9199903678924793,0.8568826847071052,0.9108699832656184,0.9976359338061466,1.0,,,,0.9724231587034502,0.9254440339270151,1.0103750997605745,placement,3097.93,0.619071,0.706648,4.421159670181489e-10,,,,,,
traj_sweep_144,mega_sweep,0.9199903678924793,0.8568826847071052,0.9108699832656184,0.9976359338061466,1.0,,,,0.8557403430922101,0.9158411993109854,0.9976359338061466,cts,,,,4.467516686174823e-10,0.0,0.00095926,0.0,,,
traj_sweep_144,mega_sweep,0.9199903678924793,0.8568826847071052,0.9108699832656184,0.9976359338061466,1.0,,,,0.8261489101556395,0.8860507268613419,0.9976359338061466,routing,,,,4.6177218930812673e-10,0.0,,,3420.0,0.706648,0.0
traj_sweep_145,mega_sweep,0.9189967046624367,0.8766815924766113,0.8874172998318379,0.9976359338061466,1.0,1076.77,0.582016,1.187273048097551,1.10136650530057,0.9981751750154455,1.0747028862478776,floorplan,,,,,,,,,,
traj_sweep_145,mega_sweep,0.9189967046624367,0.8766815924766113,0.8874172998318379,0.9976359338061466,1.0,,,,0.9923694468677188,0.897527484892004,1.0103750997605745,placement,3059.26,0.619071,0.686049,4.558674702090608e-10,,,,,,
traj_sweep_145,mega_sweep,0.9189967046624367,0.8766815924766113,0.8874172998318379,0.9976359338061466,1.0,,,,0.8741446142921759,0.8888943442700087,0.9976359338061466,cts,,,,4.60294957008451e-10,0.0,0.00133069,0.0,,,
traj_sweep_145,mega_sweep,0.9189967046624367,0.8766815924766113,0.8874172998318379,0.9976359338061466,1.0,,,,0.8428071689159407,0.86326905530529,0.9976359338061466,routing,,,,4.739583580186644e-10,0.0,,,3437.0,0.686049,0.0
traj_sweep_146,mega_sweep,0.9235159145736241,0.8895906235924748,0.8871554415380901,0.9980291683090263,1.0,1076.77,0.582016,1.187273048097551,1.1215795418380146,0.9981751750154455,1.0747028862478776,floorplan,,,,,,,,,,
traj_sweep_146,mega_sweep,0.9235159145736241,0.8895906235924748,0.8871554415380901,0.9980291683090263,1.0,,,,1.012152680009461,0.898636291104592,1.0107784431137723,placement,3111.84,0.618824,0.704334,4.553049860449022e-10,,,,,,
traj_sweep_146,mega_sweep,0.9235159145736241,0.8895906235924748,0.8871554415380901,0.9980291683090263,1.0,,,,0.8872762457668119,0.8892625824955914,0.9980291683090263,cts,,,,4.601043516669581e-10,0.0,0.00231828,0.0,,,
traj_sweep_146,mega_sweep,0.9235159145736241,0.8895906235924748,0.8871554415380901,0.9980291683090263,1.0,,,,0.8565478261283974,0.8682402713506568,0.9980291683090263,routing,,,,4.712446513732069e-10,0.0,,,3465.0,0.704334,0.0
traj_sweep_147,mega_sweep,0.9290038212553512,0.9028220094636272,0.8894794338951012,0.9984227129337538,1.0,1076.77,0.582016,1.187273048097551,1.1417790031382216,0.9981751750154455,1.0747028862478776,floorplan,,,,,,,,,,
traj_sweep_147,mega_sweep,0.9290038212553512,0.9028220094636272,0.8894794338951012,0.9984227129337538,1.0,,,,1.0291335516822795,0.9069666580744414,1.0119904076738608,placement,3120.48,0.618083,0.694979,4.5112307088496814e-10,,,,,,
traj_sweep_147,mega_sweep,0.9290038212553512,0.9028220094636272,0.8894794338951012,0.9984227129337538,1.0,,,,0.9022917241898641,0.8975438510353632,0.9984227129337538,cts,,,,4.5585915775462014e-10,0.0,0.000744189,0.0,,,
traj_sweep_147,mega_sweep,0.9290038212553512,0.9028220094636272,0.8894794338951012,0.9984227129337538,1.0,,,,0.8703180913550236,0.8735756340857668,0.9984227129337538,routing,,,,4.683665249077318e-10,0.0,,,3451.0,0.694979,0.0
traj_sweep_148,mega_sweep,0.9344586579938493,0.9188188863668896,0.8894794338951012,0.9984227129337538,1.0,1076.77,0.582016,1.187273048097551,1.1619752000930967,0.9981751750154455,1.0747028862478776,floorplan,,,,,,,,,,
traj_sweep_148,mega_sweep,0.9344586579938493,0.9188188863668896,0.8894794338951012,0.9984227129337538,1.0,,,,1.0473465534622712,0.9069666580744414,1.0119904076738608,placement,3120.48,0.618083,0.694979,4.5112307088496814e-10,,,,,,
traj_sweep_148,mega_sweep,0.9344586579938493,0.9188188863668896,0.8894794338951012,0.9984227129337538,1.0,,,,0.9182743399002697,0.8975438510353632,0.9984227129337538,cts,,,,4.5585915775462014e-10,0.0,0.000744189,0.0,,,
traj_sweep_148,mega_sweep,0.9344586579938493,0.9188188863668896,0.8894794338951012,0.9984227129337538,1.0,,,,0.885741460794315,0.8735756340857668,0.9984227129337538,routing,,,,4.683665249077318e-10,0.0,,,3451.0,0.694979,0.0
traj_sweep_149,mega_sweep,0.9413559026604787,0.9382935182091547,0.8897453837246887,0.9992107340173638,1.0,1076.77,0.582016,1.187273048097551,1.1821596058854094,0.9981751750154455,1.0747028862478776,floorplan,,,,,,,,,,
traj_sweep_149,mega_sweep,0.9413559026604787,0.9382935182091547,0.8897453837246887,0.9992107340173638,1.0,,,,1.0663296786748304,0.9048595171169402,1.0128,placement,3079.18,0.617589,0.678675,4.521735984879315e-10,,,,,,
traj_sweep_149,mega_sweep,0.9413559026604787,0.9382935182091547,0.8897453837246887,0.9992107340173638,1.0,,,,0.9360017914707245,0.8962632003175032,0.9992107340173638,cts,,,,4.565105248501504e-10,0.0,0.000527439,0.0,,,
traj_sweep_149,mega_sweep,0.9413559026604787,0.9382935182091547,0.8897453837246887,0.9992107340173638,1.0,,,,0.9021196287763573,0.8690381208394194,0.9992107340173638,routing,,,,4.708120094727376e-10,0.0,,,3373.0,0.678675,0.0
traj_sweep_150,mega_sweep,0.9470527129806628,0.9555739866445494,0.8889107104133679,1.0,1.0,1076.77,0.582016,1.187273048097551,1.2023413720440177,0.9981751750154455,1.0747028862478776,floorplan,,,,,,,,,,
traj_sweep_150,mega_sweep,0.9470527129806628,0.9555739866445494,0.8889107104133679,1.0,1.0,,,,1.0834147105983338,0.9016558445543704,1.0128,placement,3107.61,0.617589,0.697135,4.537802160901389e-10,,,,,,
traj_sweep_150,mega_sweep,0.9470527129806628,0.9555739866445494,0.8889107104133679,1.0,1.0,,,,0.9536118848653669,0.8928181271403847,1.0,cts,,,,4.5827203944805717e-10,0.0,0.00118603,0.0,,,
traj_sweep_150,mega_sweep,0.9470527129806628,0.9555739866445494,0.8889107104133679,1.0,1.0,,,,0.9211262697184326,0.8699137095091385,1.0,routing,,,,4.703381260788381e-10,0.0,,,3413.0,0.697135,0.0
traj_sweep_151,mega_sweep,0.9507327872368024,0.966961312293878,0.8904777686400144,0.9980291683090263,1.0,1076.77,0.582016,1.187273048097551,1.2225169707110695,0.9981751750154455,1.0747028862478776,floorplan,,,,,,,,,,
traj_sweep_151,mega_sweep,0.9507327872368024,0.966961312293878,0.8904777686400144,0.9980291683090263,1.0,,,,1.1009954363073908,0.9054896136362707,1.0115860966839791,placement,3082.16,0.61833,0.693021,4.5185894771088256e-10,,,,,,
traj_sweep_151,mega_sweep,0.9507327872368024,0.966961312293878,0.8904777686400144,0.9980291683090263,1.0,,,,0.965185403968531,0.8965005093962121,0.9980291683090263,cts,,,,4.563896837675881e-10,0.0,0.000583304,0.0,,,
traj_sweep_151,mega_sweep,0.9507327872368024,0.966961312293878,0.8904777686400144,0.9980291683090263,1.0,,,,0.9293710669059057,0.8665709247280151,0.9980291683090263,routing,,,,4.721524485825983e-10,0.0,,,3446.0,0.693021,0.0
traj_sweep_152,mega_sweep,0.9570802248347616,0.9848382730864278,0.8919425384706657,0.9980291683090263,1.0,1076.77,0.582016,1.187273048097551,1.242684883013441,0.9981751750154455,1.0747028862478776,floorplan,,,,,,,,,,
traj_sweep_152,mega_sweep,0.9570802248347616,0.9848382730864278,0.8919425384706657,0.9980291683090263,1.0,,,,1.119623245644089,0.9058496687901738,1.0115860966839791,placement,3091.56,0.61833,0.69283,4.5167934380024934e-10,,,,,,
traj_sweep_152,mega_sweep,0.9570802248347616,0.9848382730864278,0.8919425384706657,0.9980291683090263,1.0,,,,0.9815306311914982,0.8964432278944547,0.9980291683090263,cts,,,,4.564188464470075e-10,0.0,0.000787898,0.0,,,
traj_sweep_152,mega_sweep,0.9570802248347616,0.9848382730864278,0.8919425384706657,0.9980291683090263,1.0,,,,0.9476836765900007,0.8717753583162512,0.9980291683090263,routing,,,,4.693337338314529e-10,0.0,,,3428.0,0.69283,0.0
traj_sweep_153,mega_sweep,0.9631460003994804,1.0,0.8941683339675214,0.9992107340173638,1.0,1076.77,0.582016,1.187273048097551,1.2628457803728141,0.9981751750154455,1.0747028862478776,floorplan,,,,,,,,,,
traj_sweep_153,mega_sweep,0.9631460003994804,1.0,0.8941683339675214,0.9992107340173638,1.0,,,,1.1378179562173183,0.9079240774609565,1.0128,placement,3096.8,0.617589,0.691376,4.5064735492535025e-10,,,,,,
traj_sweep_153,mega_sweep,0.9631460003994804,1.0,0.8941683339675214,0.9992107340173638,1.0,,,,0.9963413011663488,0.8996264427778256,0.9992107340173638,cts,,,,4.548038658328596e-10,0.0,0.000870845,0.0,,,
traj_sweep_153,mega_sweep,0.9631460003994804,1.0,0.8941683339675214,0.9992107340173638,1.0,,,,0.9610874342946062,0.8759650910162148,0.9992107340173638,routing,,,,4.670889150458681e-10,0.0,,,3415.0,0.691376,0.0
traj_sweep_154,mega_sweep,0.45943377106979993,0.147781614865976,0.9703322736255509,0.6762820512820512,1.0,1076.77,0.656374,1.187273048097551,0.2498446568201564,1.009492363148355,0.9529544599171998,floorplan,,,,,,,,,,
traj_sweep_154,mega_sweep,0.45943377106979993,0.147781614865976,0.9703322736255509,0.6762820512820512,1.0,,,,0.19990167967594333,1.0119963830823175,0.7984862819299905,placement,3566.14,0.78335,0.730149,4.043034054475841e-10,,,,,,
traj_sweep_154,mega_sweep,0.45943377106979993,0.147781614865976,0.9703322736255509,0.6762820512820512,1.0,,,,0.16038478355924793,0.9929421006763308,0.7142454160789844,cts,,,,4.120618752111817e-10,-12.6792,0.00037427,9.0,,,
traj_sweep_154,mega_sweep,0.45943377106979993,0.147781614865976,0.9703322736255509,0.6762820512820512,1.0,,,,0.1443143678437796,0.9547721628267603,0.6762820512820512,routing,,,,4.285353091667988e-10,-13.3868,,,5300.0,0.730149,0.0
traj_sweep_155,mega_sweep,0.4850418708163662,0.16546403616177052,0.9862769887932833,0.6992543496271747,1.0,1076.77,0.656374,1.187273048097551,0.26764233744032356,1.009492363148355,0.9529544599171998,floorplan,,,,,,,,,,
traj_sweep_155,mega_sweep,0.4850418708163662,0.16546403616177052,0.9862769887932833,0.6992543496271747,1.0,,,,0.2150295268996277,1.0154619139386352,0.800252844500632,placement,3550.1,0.781621,0.704469,4.0292361374130694e-10,,,,,,
traj_sweep_155,mega_sweep,0.4850418708163662,0.16546403616177052,0.9862769887932833,0.6992543496271747,1.0,,,,0.1706532472464869,0.9953683814293371,0.7116357504215851,cts,,,,4.110574452779776e-10,-12.2224,0.00139967,8.0,,,
traj_sweep_155,mega_sweep,0.4850418708163662,0.16546403616177052,0.9862769887932833,0.6992543496271747,1.0,,,,0.1605954465849387,0.9621123781233761,0.6992543496271747,routing,,,,4.252658975024134e-10,-12.7749,,,4529.0,0.704469,0.0
traj_sweep_156,mega_sweep,0.4911547093882337,0.17604560503065803,0.9731186095324602,0.6916143130292269,1.0,1076.77,0.656374,1.187273048097551,0.2854338711726591,1.009492363148355,0.9529544599171998,floorplan,,,,,,,,,,
traj_sweep_156,mega_sweep,0.4911547093882337,0.17604560503065803,0.9731186095324602,0.6916143130292269,1.0,,,,0.22942235940011055,1.01514686567897,0.800252844500632,placement,3514.5,0.781621,0.695239,4.030486600647296e-10,,,,,,
traj_sweep_156,mega_sweep,0.4911547093882337,0.17604560503065803,0.9731186095324602,0.6916143130292269,1.0,,,,0.1800979590527953,0.9846280998498407,0.7023578363384189,cts,,,,4.15541242468315e-10,-11.8419,0.000851805,9.0,,,
traj_sweep_156,mega_sweep,0.4911547093882337,0.17604560503065803,0.9731186095324602,0.6916143130292269,1.0,,,,0.17161298946825676,0.9544530230312552,0.6916143130292269,routing,,,,4.286785982209838e-10,-12.4429,,,5284.0,0.695239,0.0
traj_sweep_157,mega_sweep,0.5035381107444564,0.18734905033965954,0.9699885846150069,0.7025527192008878,1.0,1076.77,0.656374,1.187273048097551,0.3032187425663901,1.009492363148355,0.9529544599171998,floorplan,,,,,,,,,,
traj_sweep_157,mega_sweep,0.5035381107444564,0.18734905033965954,0.9699885846150069,0.7025527192008878,1.0,,,,0.24590033848031367,1.0186533118936856,0.8038095238095238,placement,3523.76,0.778162,0.716833,4.0166127101692603e-10,,,,,,
traj_sweep_157,mega_sweep,0.5035381107444564,0.18734905033965954,0.9699885846150069,0.7025527192008878,1.0,,,,0.19401101682748617,0.9947628341250455,0.7170773152081563,cts,,,,4.1130767047674675e-10,-11.1102,0.000282892,12.0,,,
traj_sweep_157,mega_sweep,0.5035381107444564,0.18734905033965954,0.9699885846150069,0.7025527192008878,1.0,,,,0.18228453027747551,0.9588391494515296,0.7025527192008878,routing,,,,4.2671764520134673e-10,-11.7635,,,4872.0,0.716833,0.0
traj_sweep_158,mega_sweep,0.5056668207284034,0.1953549239805745,0.9588146002364908,0.6902944383860414,1.0,1076.77,0.656374,1.187273048097551,0.3209975764265061,1.009492363148355,0.9529544599171998,floorplan,,,,,,,,,,
traj_sweep_158,mega_sweep,0.5056668207284034,0.1953549239805745,0.9588146002364908,0.6902944383860414,1.0,,,,0.26251508061005996,1.0167752969432136,0.8061127029608405,placement,3553.91,0.775939,0.713634,4.024031516214835e-10,,,,,,
traj_sweep_158,mega_sweep,0.5056668207284034,0.1953549239805745,0.9588146002364908,0.6902944383860414,1.0,,,,0.2083972501562411,0.9965099199286436,0.7182978723404255,cts,,,,4.105865639652808e-10,-10.6007,0.00104417,8.0,,,
traj_sweep_158,mega_sweep,0.5056668207284034,0.1953549239805745,0.9588146002364908,0.6902944383860414,1.0,,,,0.19054383848321457,0.9546575998232456,0.6902944383860414,routing,,,,4.2858673524054433e-10,-11.2222,,,5155.0,0.713634,0.0
traj_sweep_159,mega_sweep,0.5264187637238101,0.21186191938421278,0.9825291419640191,0.7008026570716855,1.0,1076.77,0.656374,1.187273048097551,0.3387699017798746,1.009492363148355,0.9529544599171998,floorplan,,,,,,,,,,
traj_sweep_159,mega_sweep,0.5264187637238101,0.21186191938421278,0.9825291419640191,0.7008026570716855,1.0,,,,0.2771020624008461,1.0164397910043492,0.8061127029608405,placement,3526.04,0.775939,0.713638,4.0253597665291335e-10,,,,,,
traj_sweep_159,mega_sweep,0.5264187637238101,0.21186191938421278,0.9825291419640191,0.7008026570716855,1.0,,,,0.22121514973980771,1.0011619961785054,0.7211620620905724,cts,,,,4.086787008921456e-10,-10.1011,0.00131423,10.0,,,
traj_sweep_159,mega_sweep,0.5264187637238101,0.21186191938421278,0.9825291419640191,0.7008026570716855,1.0,,,,0.20637951683410247,0.9686465608595498,0.7008026570716855,routing,,,,4.223971885243132e-10,-10.7028,,,4847.0,0.713638,0.0
traj_sweep_160,mega_sweep,0.5359103549523994,0.22231292920896908,0.9884536858600613,0.700414937759336,1.0,1076.77,0.656374,1.187273048097551,0.35653541807592437,1.009492363148355,0.9529544599171998,floorplan,,,,,,,,,,
traj_sweep_160,mega_sweep,0.5359103549523994,0.22231292920896908,0.9884536858600613,0.700414937759336,1.0,,,,0.2921925168464433,1.016337502608354,0.8066263141127746,placement,3490.04,0.775445,0.7193,4.0257648953301125e-10,,,,,,
traj_sweep_160,mega_sweep,0.5359103549523994,0.22231292920896908,0.9884536858600613,0.700414937759336,1.0,,,,0.23353434240667761,1.0010801654617094,0.7199317600227466,cts,,,,4.087121072787539e-10,-9.54891,0.000822994,13.0,,,
traj_sweep_160,mega_sweep,0.5359103549523994,0.22231292920896908,0.9884536858600613,0.700414937759336,1.0,,,,0.21616771724475525,0.9677832467973503,0.700414937759336,routing,,,,4.227739892530852e-10,-10.2378,,,4778.0,0.7193,0.0
traj_sweep_161,mega_sweep,0.5577773907929987,0.24214711354637228,0.9957161619757209,0.7197271176805002,1.0,1076.77,0.656374,1.187273048097551,0.37429428829065226,1.009492363148355,0.9529544599171998,floorplan,,,,,,,,,,
traj_sweep_161,mega_sweep,0.5577773907929987,0.24214711354637228,0.9957161619757209,0.7197271176805002,1.0,,,,0.3083616848613992,1.0164725232910679,0.8089456869009584,placement,3487.14,0.773221,0.701202,4.0252301425333995e-10,,,,,,
traj_sweep_161,mega_sweep,0.5577773907929987,0.24214711354637228,0.9957161619757209,0.7197271176805002,1.0,,,,0.24978215702760734,1.0026103998657976,0.735191637630662,cts,,,,4.0808831031035114e-10,-8.92024,0.00108259,10.0,,,
traj_sweep_161,mega_sweep,0.5577773907929987,0.24214711354637228,0.9957161619757209,0.7197271176805002,1.0,,,,0.23540691163661845,0.9681433019512534,0.7197271176805002,routing,,,,4.2261675844493935e-10,-9.5411,,,4305.0,0.701202,0.0
traj_sweep_162,mega_sweep,0.5425896248023782,0.23920985630000122,0.9710810246842357,0.6876697447039651,1.0,1076.77,0.656374,1.187273048097551,0.3920478837109876,1.009492363148355,0.9529544599171998,floorplan,,,,,,,,,,
traj_sweep_162,mega_sweep,0.5425896248023782,0.23920985630000122,0.9710810246842357,0.6876697447039651,1.0,,,,0.3241761313933124,1.0168203038374515,0.8107588856868395,placement,3500.82,0.771492,0.734526,4.0238534029728227e-10,,,,,,
traj_sweep_162,mega_sweep,0.5425896248023782,0.23920985630000122,0.9710810246842357,0.6876697447039651,1.0,,,,0.2556890282417076,0.9947792002684047,0.7197271176805002,cts,,,,4.1130090362808525e-10,-8.47741,0.000845185,11.0,,,
traj_sweep_162,mega_sweep,0.5425896248023782,0.23920985630000122,0.9710810246842357,0.6876697447039651,1.0,,,,0.23347488286116239,0.9594078729332629,0.6876697447039651,routing,,,,4.2646469298806754e-10,-9.16002,,,4816.0,0.734526,0.0
traj_sweep_163,mega_sweep,0.5710835759791159,0.2636708119820495,0.9878685962349687,0.7150522451284947,1.0,1076.77,0.656374,1.187273048097551,0.4097940906220146,1.009492363148355,0.9529544599171998,floorplan,,,,,,,,,,
traj_sweep_163,mega_sweep,0.5710835759791159,0.2636708119820495,0.9878685962349687,0.7150522451284947,1.0,,,,0.3380409902818764,1.0113990188497055,0.8092042186001918,placement,3534.75,0.772974,0.716815,4.045421998195742e-10,,,,,,
traj_sweep_163,mega_sweep,0.5710835759791159,0.2636708119820495,0.9878685962349687,0.7150522451284947,1.0,,,,0.27478721924177124,0.9944068705069822,0.7394859813084111,cts,,,,4.1145490454246215e-10,-7.86846,0.000638753,8.0,,,
traj_sweep_163,mega_sweep,0.5710835759791159,0.2636708119820495,0.9878685962349687,0.7150522451284947,1.0,,,,0.2559905655002678,0.969538515672628,0.7150522451284947,routing,,,,4.2200859209493504e-10,-8.45931,,,4425.0,0.716815,0.0
traj_sweep_164,mega_sweep,0.582164425918003,0.27588557008502274,0.9871689436063615,0.7244635193133047,1.0,1076.77,0.655385,1.187273048097551,0.42863139016875107,1.009492363148355,0.9543912551828119,floorplan,,,,,,,,,,
traj_sweep_164,mega_sweep,0.582164425918003,0.27588557008502274,0.9871689436063615,0.7244635193133047,1.0,,,,0.3517872975919485,1.0120577561199147,0.805856142584341,placement,3631.89,0.776186,0.707283,4.0427888774792405e-10,,,,,,
traj_sweep_164,mega_sweep,0.582164425918003,0.27588557008502274,0.9871689436063615,0.7244635193133047,1.0,,,,0.29081247957232126,0.9960271186995463,0.7531231409875073,cts,,,,4.1078558635534594e-10,-7.45693,0.00195154,6.0,,,
traj_sweep_164,mega_sweep,0.582164425918003,0.27588557008502274,0.9871689436063615,0.7244635193133047,1.0,,,,0.2680067101584343,0.9618464282937886,0.7244635193133047,routing,,,,4.253834832101139e-10,-8.07402,,,4343.0,0.707283,0.0
traj_sweep_165,mega_sweep,0.5843890619993193,0.28184633719881763,0.9964280892118474,0.7106371035644119,1.0,1076.77,0.648468,1.187273048097551,0.4497989153692725,1.009492363148355,0.9645714285714285,floorplan,,,,,,,,,,
traj_sweep_165,mega_sweep,0.5843890619993193,0.28184633719881763,0.9964280892118474,0.7106371035644119,1.0,,,,0.36931587015217954,1.0204740453424002,0.8138862102217936,placement,3507.92,0.768528,0.72427,4.0094462553776696e-10,,,,,,
traj_sweep_165,mega_sweep,0.5843890619993193,0.28184633719881763,0.9964280892118474,0.7106371035644119,1.0,,,,0.2952544288492877,1.0001759360411118,0.7317919075144508,cts,,,,4.090816117815504e-10,-6.95295,0.000893972,10.0,,,
traj_sweep_165,mega_sweep,0.5843890619993193,0.28184633719881763,0.9964280892118474,0.7106371035644119,1.0,,,,0.2745550921894811,0.9764327535627049,0.7106371035644119,routing,,,,4.190289423290467e-10,-7.57673,,,4527.0,0.72427,0.0
traj_sweep_166,mega_sweep,0.596251771772693,0.29660067362737286,0.9938463300969285,0.7191138880999716,1.0,1076.77,0.647233,1.187273048097551,0.46846565066556156,1.009492363148355,0.9664122137404579,floorplan,,,,,,,,,,
traj_sweep_166,mega_sweep,0.596251771772693,0.29660067362737286,0.9938463300969285,0.7191138880999716,1.0,,,,0.38608618693383573,1.008514486082641,0.8151963940759819,placement,3530.3,0.767292,0.706494,4.056992632501379e-10,,,,,,
traj_sweep_166,mega_sweep,0.596251771772693,0.29660067362737286,0.9938463300969285,0.7191138880999716,1.0,,,,0.3117294870994374,0.9947792002684047,0.7429577464788731,cts,,,,4.1130090362808525e-10,-6.63624,0.00115493,6.0,,,
traj_sweep_166,mega_sweep,0.596251771772693,0.29660067362737286,0.9938463300969285,0.7191138880999716,1.0,,,,0.288675557211669,0.9633684796261973,0.7191138880999716,routing,,,,4.247114085978578e-10,-7.09569,,,4426.0,0.706494,0.0
traj_sweep_167,mega_sweep,0.6104135990366428,0.3138409422282756,0.9969027073692652,0.726959517657192,1.0,1076.77,0.643528,1.187273048097551,0.48926903100057717,1.009492363148355,0.9719769673704415,floorplan,,,,,,,,,,
traj_sweep_167,mega_sweep,0.6104135990366428,0.3138409422282756,0.9969027073692652,0.726959517657192,1.0,,,,0.4025154415683886,1.0091609487453306,0.8188874514877101,placement,3473.1,0.763834,0.712297,4.054393746503085e-10,,,,,,
traj_sweep_167,mega_sweep,0.6104135990366428,0.3138409422282756,0.9969027073692652,0.726959517657192,1.0,,,,0.32064309874834085,1.0013133830045784,0.7447058823529411,cts,,,,4.086169134712824e-10,-5.97472,0.00108621,10.0,,,
traj_sweep_167,mega_sweep,0.6104135990366428,0.3138409422282756,0.9969027073692652,0.726959517657192,1.0,,,,0.30417012894043427,0.978752654383876,0.726959517657192,routing,,,,4.180357336945162e-10,-6.60341,,,4102.0,0.712297,0.0
traj_sweep_168,mega_sweep,0.6029641162581968,0.31353763438984433,0.9769646532218799,0.7156585641605426,1.0,1076.77,0.643528,1.187273048097551,0.5073004959200206,1.009492363148355,0.9719769673704415,floorplan,,,,,,,,,,
traj_sweep_168,mega_sweep,0.6029641162581968,0.31353763438984433,0.9769646532218799,0.7156585641605426,1.0,,,,0.4176230165276774,0.9992389743337957,0.8178294573643411,placement,3481.37,0.764822,0.718272,4.09465197505538e-10,,,,,,
traj_sweep_168,mega_sweep,0.6029641162581968,0.31353763438984433,0.9769646532218799,0.7156585641605426,1.0,,,,0.33091893285217167,0.9952292692107837,0.7399181765049678,cts,,,,4.1111490250410086e-10,-5.59219,0.00157546,10.0,,,
traj_sweep_168,mega_sweep,0.6029641162581968,0.31353763438984433,0.9769646532218799,0.7156585641605426,1.0,,,,0.306014836608318,0.9652383115049896,0.7156585641605426,routing,,,,4.2388866987974277e-10,-6.22271,,,4745.0,0.718272,0.0
traj_sweep_169,mega_sweep,0.6176359337099318,0.3336650206066907,0.9777665942464823,0.7221905305191101,1.0,1076.77,0.643281,1.187273048097551,0.5255137246646316,1.0093491593939616,0.9723502304147464,floorplan,,,,,,,,,,
traj_sweep_169,mega_sweep,0.6176359337099318,0.3336650206066907,0.9777665942464823,0.7221905305191101,1.0,,,,0.43382509123911406,0.9993330796581112,0.8228794280142996,placement,3471.13,0.760128,0.697093,4.094266389348357e-10,,,,,,
traj_sweep_169,mega_sweep,0.6176359337099318,0.3336650206066907,0.9777665942464823,0.7221905305191101,1.0,,,,0.34375179304356474,0.9909945296165822,0.7369033760186262,cts,,,,4.1287168773688515e-10,-5.18383,0.000829684,9.0,,,
traj_sweep_169,mega_sweep,0.6176359337099318,0.3336650206066907,0.9777665942464823,0.7221905305191101,1.0,,,,0.32458242510379554,0.9627220169635076,0.7221905305191101,routing,,,,4.249966000271998e-10,-5.82479,,,4449.0,0.697093,0.0
traj_sweep_170,mega_sweep,0.6454146867111481,0.36115420166378653,0.9881631868154349,0.7533472180898542,1.0,1076.77,0.643034,1.187273048097551,0.5437296175511415,1.0093491593939616,0.9727237802535534,floorplan,,,,,,,,,,
traj_sweep_170,mega_sweep,0.6454146867111481,0.36115420166378653,0.9881631868154349,0.7533472180898542,1.0,,,,0.4464548308890744,1.012352346700381,0.8231469440832249,placement,3545.62,0.759881,0.698121,4.0416124416997403e-10,,,,,,
traj_sweep_170,mega_sweep,0.6454146867111481,0.36115420166378653,0.9881631868154349,0.7533472180898542,1.0,,,,0.3643890828437157,0.9992757981563539,0.7576301615798923,cts,,,,4.0945010850427877e-10,-4.65592,0.00155324,6.0,,,
traj_sweep_170,mega_sweep,0.6454146867111481,0.36115420166378653,0.9881631868154349,0.7533472180898542,1.0,,,,0.3506623744024973,0.9634707680221924,0.7533472180898542,routing,,,,4.2466631844028554e-10,-5.20595,,,4056.0,0.698121,0.0
traj_sweep_171,mega_sweep,0.6550179178990979,0.3755401215221189,0.990998621152422,0.7551446465851476,1.0,1076.77,0.638587,1.187273048097551,0.5673107880333571,1.0093246101789228,0.9794970986460347,floorplan,,,,,,,,,,
traj_sweep_171,mega_sweep,0.6550179178990979,0.3755401215221189,0.990998621152422,0.7551446465851476,1.0,,,,0.464349380719368,1.0041856411641237,0.827721477607061,placement,3473.01,0.755682,0.716951,4.0744815222262966e-10,,,,,,
traj_sweep_171,mega_sweep,0.6550179178990979,0.3755401215221189,0.990998621152422,0.7551446465851476,1.0,,,,0.37887609563600644,0.9981056189061688,0.7601320924647252,cts,,,,4.0993014790279734e-10,-4.19347,0.00154405,7.0,,,
traj_sweep_171,mega_sweep,0.6550179178990979,0.3755401215221189,0.990998621152422,0.7551446465851476,1.0,,,,0.3636643229298397,0.9634707680221924,0.7551446465851476,routing,,,,4.2466631844028554e-10,-4.73614,,,3903.0,0.716951,0.0
traj_sweep_172,mega_sweep,0.6589834339277019,0.38574727642660306,0.9821118053083586,0.7553699284009546,1.0,1076.77,0.638587,1.187273048097551,0.5855072841468818,1.0093246101789228,0.9794970986460347,floorplan,,,,,,,,,,
traj_sweep_172,mega_sweep,0.6589834339277019,0.38574727642660306,0.9821118053083586,0.7553699284009546,1.0,,,,0.4864247515534674,1.0131542877249833,0.8367481824190349,placement,3436.51,0.74753,0.707363,4.0384133881480646e-10,,,,,,
traj_sweep_172,mega_sweep,0.6589834339277019,0.38574727642660306,0.9821118053083586,0.7553699284009546,1.0,,,,0.4133879819126083,1.0051144197997601,0.7972292191435767,cts,,,,4.070716486808843e-10,-3.50995,0.00190797,3.0,,,
traj_sweep_172,mega_sweep,0.6589834339277019,0.38574727642660306,0.9821118053083586,0.7553699284009546,1.0,,,,0.3739461879676096,0.9622105749835316,0.7553699284009546,routing,,,,4.252224976719068e-10,-4.22504,,,4063.0,0.707363,0.0
traj_sweep_173,mega_sweep,0.664453872653627,0.39659741606628646,0.975724917862418,0.7580838323353293,1.0,1076.77,0.638587,1.187273048097551,0.6036988022222372,1.0093246101789228,0.9794970986460347,floorplan,,,,,,,,,,
traj_sweep_173,mega_sweep,0.664453872653627,0.39659741606628646,0.975724917862418,0.7580838323353293,1.0,,,,0.5047772578932882,1.008768161304709,0.8451268357810413,placement,3519.75,0.740119,0.726176,4.055972419387548e-10,,,,,,
traj_sweep_173,mega_sweep,0.664453872653627,0.39659741606628646,0.975724917862418,0.7580838323353293,1.0,,,,0.4286497908408817,1.00618640218979,0.8053435114503816,cts,,,,4.0663795802683e-10,-3.16886,0.000767504,4.0,,,
traj_sweep_173,mega_sweep,0.664453872653627,0.39659741606628646,0.975724917862418,0.7580838323353293,1.0,,,,0.3851875981817753,0.9609503819448706,0.7580838323353293,routing,,,,4.257801356535512e-10,-3.97803,,,4086.0,0.726176,0.0
traj_sweep_174,mega_sweep,0.6848929607845863,0.4228958383823173,0.987713117873056,0.7691373025516403,1.0,1076.77,0.632164,1.187273048097551,0.6311235651254824,1.0092836948205248,0.9894490035169988,floorplan,,,,,,,,,,
traj_sweep_174,mega_sweep,0.6848929607845863,0.4228958383823173,0.987713117873056,0.7691373025516403,1.0,,,,0.5259058336771449,1.0043861264202745,0.850235057085292,placement,3414.91,0.735672,0.736636,4.0736682160184783e-10,,,,,,
traj_sweep_174,mega_sweep,0.6848929607845863,0.4228958383823173,0.987713117873056,0.7691373025516403,1.0,,,,0.4481871228367662,1.0025367522206812,0.8125802310654685,cts,,,,4.081182890048852e-10,-2.81344,0.00187142,3.0,,,
traj_sweep_174,mega_sweep,0.6848929607845863,0.4228958383823173,0.987713117873056,0.7691373025516403,1.0,,,,0.4089865447586453,0.9698944792906914,0.7691373025516403,routing,,,,4.218537095705951e-10,-3.40311,,,3914.0,0.736636,0.0
traj_sweep_175,mega_sweep,0.684881222680565,0.4273624991380561,0.9791208926094588,0.7677380230442692,1.0,1076.77,0.632164,1.187273048097551,0.649571908215965,1.0092836948205248,0.9894490035169988,floorplan,,,,,,,,,,
traj_sweep_175,mega_sweep,0.684881222680565,0.4273624991380561,0.9791208926094588,0.7677380230442692,1.0,,,,0.5435076461569632,1.0003805128331023,0.8530997304582209,placement,3293.12,0.733202,0.70467,4.0899795501022496e-10,,,,,,
traj_sweep_175,mega_sweep,0.684881222680565,0.4273624991380561,0.9791208926094588,0.7677380230442692,1.0,,,,0.44330657195358075,0.9933307965811127,0.7863354037267081,cts,,,,4.1190063309127306e-10,-2.50817,0.00165626,4.0,,,
traj_sweep_175,mega_sweep,0.684881222680565,0.4273624991380561,0.9791208926094588,0.7677380230442692,1.0,,,,0.4145980821620774,0.9583931720449905,0.7677380230442692,routing,,,,4.269162134239534e-10,-3.06388,,,3915.0,0.70467,0.0
traj_sweep_176,mega_sweep,0.7160353267907977,0.464482583066073,0.9870339229236479,0.8007590132827324,1.0,1076.77,0.632164,1.187273048097551,0.6680145992997688,1.0092836948205248,0.9894490035169988,floorplan,,,,,,,,,,
traj_sweep_176,mega_sweep,0.7160353267907977,0.464482583066073,0.9870339229236479,0.8007590132827324,1.0,,,,0.5588038689578624,0.9995499310576211,0.8528123947457056,placement,3298.45,0.733449,0.729327,4.0933781421793965e-10,,,,,,
traj_sweep_176,mega_sweep,0.7160353267907977,0.464482583066073,0.9870339229236479,0.8007590132827324,1.0,,,,0.46986792709324576,0.9950042347395942,0.807140580172139,cts,,,,4.112078820326828e-10,-1.98018,0.00188383,3.0,,,
traj_sweep_176,mega_sweep,0.7160353267907977,0.464482583066073,0.9870339229236479,0.8007590132827324,1.0,,,,0.44810331716924917,0.9602220885653848,0.8007590132827324,routing,,,,4.261030743336813e-10,-2.57983,,,3639.0,0.729327,0.0
traj_sweep_177,mega_sweep,0.6901020364254337,0.44708006954998963,0.9659256895260774,0.7610459873760144,1.0,1076.77,0.631423,1.187273048097551,0.6886890415630497,1.0092836948205248,0.9906103286384976,floorplan,,,,,,,,,,
traj_sweep_177,mega_sweep,0.6901020364254337,0.44708006954998963,0.9659256895260774,0.7610459873760144,1.0,,,,0.5781264575231515,1.004521147102988,0.8559837728194726,placement,3307.98,0.730731,0.72308,4.073120662126495e-10,,,,,,
traj_sweep_177,mega_sweep,0.6901020364254337,0.44708006954998963,0.9659256895260774,0.7610459873760144,1.0,,,,0.49826041877472493,0.9849595142528651,0.8266405484818804,cts,,,,4.154014231652758e-10,-1.66071,0.00140771,1.0,,,
traj_sweep_177,mega_sweep,0.6901020364254337,0.44708006954998963,0.9659256895260774,0.7610459873760144,1.0,,,,0.4340168021771835,0.9551363095165032,0.7610459873760144,routing,,,,4.2837192964419426e-10,-2.26339,,,4036.0,0.72308,0.0
traj_sweep_178,mega_sweep,0.6729939821208115,0.43481795088907704,0.960708981330322,0.7296829971181555,1.0,1076.77,0.6292,1.187273048097551,0.7107964881752749,1.0092836948205248,0.9941107184923439,floorplan,,,,,,,,,,
traj_sweep_178,mega_sweep,0.6729939821208115,0.43481795088907704,0.960708981330322,0.7296829971181555,1.0,,,,0.5936392491817032,0.9979337744008968,0.8577235772357723,placement,3352.76,0.729249,0.70579,4.100007380013284e-10,,,,,,
traj_sweep_178,mega_sweep,0.6729939821208115,0.43481795088907704,0.960708981330322,0.7296829971181555,1.0,,,,0.47040287268929887,0.9768787309692439,0.7686703096539161,cts,,,,4.1883764177654175e-10,-1.31907,0.0014791,7.0,,,
traj_sweep_178,mega_sweep,0.6729939821208115,0.43481795088907704,0.960708981330322,0.7296829971181555,1.0,,,,0.42268797682097403,0.9459589946278134,0.7296829971181555,routing,,,,4.325278223521728e-10,-1.94565,,,4256.0,0.70579,0.0
traj_sweep_179,mega_sweep,0.7125709266348675,0.4830959945382511,0.9666498913697235,0.7747858017135862,1.0,1076.77,0.628211,1.187273048097551,0.7312242672785563,1.0092836948205248,0.995674400314589,floorplan,,,,,,,,,,
traj_sweep_179,mega_sweep,0.7125709266348675,0.4830959945382511,0.9666498913697235,0.7747858017135862,1.0,,,,0.6055966440352444,0.9879381523442454,0.8583050847457626,placement,3388.08,0.728755,0.703711,4.141489859562079e-10,,,,,,
traj_sweep_179,mega_sweep,0.7125709266348675,0.4830959945382511,0.9666498913697235,0.7747858017135862,1.0,,,,0.5183196398651513,0.9811011959559259,0.8220779220779221,cts,,,,4.1703504762540244e-10,-0.895063,0.000693008,2.0,,,
traj_sweep_179,mega_sweep,0.7125709266348675,0.4830959945382511,0.9666498913697235,0.7747858017135862,1.0,,,,0.4678352222147026,0.9492485894430193,0.7747858017135862,routing,,,,4.310289091089339e-10,-1.4621,,,3849.0,0.703711,0.0
traj_sweep_180,mega_sweep,0.7233452978790677,0.4978463737365623,0.965892957239359,0.7870686975442959,1.0,1076.77,0.593132,1.187273048097551,0.7954644029989466,1.010216564992001,1.054560599750104,floorplan,,,,,,,,,,
traj_sweep_180,mega_sweep,0.7233452978790677,0.4978463737365623,0.965892957239359,0.7870686975442959,1.0,,,,0.6572947828058602,0.9944559689370599,0.8994671403197158,placement,3294.82,0.695405,0.74122,4.114345901288613e-10,,,,,,
traj_sweep_180,mega_sweep,0.7233452978790677,0.4978463737365623,0.965892957239359,0.7870686975442959,1.0,,,,0.5295596038880492,0.9744688163595969,0.8328947368421052,cts,,,,4.198734501421272e-10,-0.367142,0.00106511,2.0,,,
traj_sweep_180,mega_sweep,0.7233452978790677,0.4978463737365623,0.965892957239359,0.7870686975442959,1.0,,,,0.4827339849216134,0.9476938058238921,0.7870686975442959,routing,,,,4.3173605384612063e-10,-1.2017,,,3924.0,0.74122,0.0
traj_sweep_181,mega_sweep,0.7596857043183861,0.5342853830444386,0.9797223483779106,0.8375785643400594,1.0,1076.77,0.582016,1.187273048097551,0.8380442587636269,0.9981751750154455,1.0747028862478776,floorplan,,,,,,,,,,
traj_sweep_181,mega_sweep,0.7596857043183861,0.5342853830444386,0.9797223483779106,0.8375785643400594,1.0,,,,0.6944419759287522,0.9781552901512641,0.9308823529411764,placement,3269.26,0.671937,0.702066,4.182910301671491e-10,,,,,,
traj_sweep_181,mega_sweep,0.7596857043183861,0.5342853830444386,0.9797223483779106,0.8375785643400594,1.0,,,,0.5607880211794732,0.9741169442773734,0.8615175229669955,cts,,,,4.200251175020266e-10,-0.192529,0.00117015,9.0,,,
traj_sweep_181,mega_sweep,0.7596857043183861,0.5342853830444386,0.9797223483779106,0.8375785643400594,1.0,,,,0.5174958466619255,0.9554513577761684,0.8375785643400594,routing,,,,4.2823067930232657e-10,-0.350038,,,3939.0,0.702066,0.0
traj_sweep_182,mega_sweep,0.7628368558042665,0.5468746672021859,0.9700908730110022,0.8367481824190349,1.0,1076.77,0.582016,1.187273048097551,0.8583395018983262,0.9981751750154455,1.0747028862478776,floorplan,,,,,,,,,,
traj_sweep_182,mega_sweep,0.7628368558042665,0.5468746672021859,0.9700908730110022,0.8367481824190349,1.0,,,,0.7225436082155103,0.954158432450789,0.9561933534743201,placement,3227.23,0.65415,0.688757,4.288109501164222e-10,,,,,,
traj_sweep_182,mega_sweep,0.7628368558042665,0.5468746672021859,0.9700908730110022,0.8367481824190349,1.0,,,,0.6227547399933474,0.9713428829779834,0.9210622044379774,cts,,,,4.21224668601492e-10,-0.00748426,0.00105548,7.0,,,
traj_sweep_182,mega_sweep,0.7628368558042665,0.5468746672021859,0.9700908730110022,0.8367481824190349,1.0,,,,0.5304943019648702,0.9513189065779621,0.8367481824190349,routing,,,,4.300908782025642e-10,-0.141226,,,3867.0,0.688757,0.0
traj_sweep_183,mega_sweep,0.8309168154783562,0.6347006808486595,0.9774024475567393,0.9247626004382761,1.0,1076.77,0.582016,1.187273048097551,0.8786315928411852,0.9981751750154455,1.0747028862478776,floorplan,,,,,,,,,,
traj_sweep_183,mega_sweep,0.8309168154783562,0.6347006808486595,0.9774024475567393,0.9247626004382761,1.0,,,,0.7618765021809442,0.9550094719054691,0.9817758821248544,placement,3166.61,0.637105,0.713591,4.284288229774946e-10,,,,,,
traj_sweep_183,mega_sweep,0.8309168154783562,0.6347006808486595,0.9774024475567393,0.9247626004382761,1.0,,,,0.6603399943420004,0.9532091961359536,0.9554716981132075,cts,,,,4.2923797382506835e-10,-0.00079331,0.000908697,5.0,,,
traj_sweep_183,mega_sweep,0.8309168154783562,0.6347006808486595,0.9774024475567393,0.9247626004382761,1.0,,,,0.6113042236083996,0.9462208529215612,0.9247626004382761,routing,,,,4.324081240838353e-10,-0.0282078,,,3524.0,0.713591,0.0
traj_sweep_184,mega_sweep,0.8355191854140607,0.6507643399737858,0.9628324884311824,0.9308823529411764,1.0,1076.77,0.582016,1.187273048097551,0.898911695274677,0.9981751750154455,1.0747028862478776,floorplan,,,,,,,,,,
traj_sweep_184,mega_sweep,0.8355191854140607,0.6507643399737858,0.9628324884311824,0.9308823529411764,1.0,,,,0.795158229108139,0.9551485841240226,0.9968503937007873,placement,3134.44,0.62747,0.717508,4.2836642463963674e-10,,,,,,
traj_sweep_184,mega_sweep,0.8355191854140607,0.6507643399737858,0.9628324884311824,0.9308823529411764,1.0,,,,0.6960663953123609,0.9436022699840839,0.9817758821248544,cts,,,,4.336080963303747e-10,0.0,0.00374065,1.0,,,
traj_sweep_184,mega_sweep,0.8355191854140607,0.6507643399737858,0.9628324884311824,0.9308823529411764,1.0,,,,0.6281392634220331,0.9427553220652436,0.9308823529411764,routing,,,,4.3399763905284354e-10,-0.00717409,,,3653.0,0.717508,0.0
traj_sweep_185,mega_sweep,0.8644098738801551,0.7026243056125661,0.9537451873309685,0.9638370765131327,1.0,1076.77,0.582016,1.187273048097551,0.9191901111321363,0.9981751750154455,1.0747028862478776,floorplan,,,,,,,,,,
traj_sweep_185,mega_sweep,0.8644098738801551,0.7026243056125661,0.9537451873309685,0.9638370765131327,1.0,,,,0.8178409566626018,0.9484057330600187,1.0,placement,3199.09,0.625494,0.700785,4.3141196823082264e-10,,,,,,
traj_sweep_185,mega_sweep,0.8644098738801551,0.7026243056125661,0.9537451873309685,0.9638370765131327,1.0,,,,0.7174729648273303,0.9380582389211438,0.9867498051441932,cts,,,,4.3617076957970583e-10,0.0,0.000231738,0.0,,,
traj_sweep_185,mega_sweep,0.8644098738801551,0.7026243056125661,0.9537451873309685,0.9638370765131327,1.0,,,,0.6767476711524124,0.9296828650570564,0.9638370765131327,routing,,,,4.401001667979632e-10,-0.00124065,,,3517.0,0.700785,0.0
traj_sweep_186,mega_sweep,0.8775413667385399,0.7355845771653318,0.9321173288817424,0.9855975087582716,1.0,1076.77,0.582016,1.187273048097551,0.9394607817514662,0.9981751750154455,1.0747028862478776,floorplan,,,,,,,,,,
traj_sweep_186,mega_sweep,0.8775413667385399,0.7355845771653318,0.9321173288817424,0.9855975087582716,1.0,,,,0.8389008947616536,0.9463926974268331,1.0027722772277228,placement,3111.44,0.623765,0.708605,4.3232960809321025e-10,,,,,,
traj_sweep_186,mega_sweep,0.8775413667385399,0.7355845771653318,0.9321173288817424,0.9855975087582716,1.0,,,,0.7389931417857672,0.9360656609671573,0.9902229174814234,cts,,,,4.3709923463924014e-10,0.0,0.000770897,0.0,,,
traj_sweep_186,mega_sweep,0.8775413667385399,0.7355845771653318,0.9321173288817424,0.9855975087582716,1.0,,,,0.7086944521115098,0.9109272647673757,0.9855975087582716,routing,,,,4.491616397993146e-10,0.0,,,3446.0,0.708605,0.0
traj_sweep_187,mega_sweep,0.8902788029838921,0.7646673417118351,0.9289913955001289,0.9933307179285994,1.0,1076.77,0.582016,1.187273048097551,0.9597223334668269,0.9981751750154455,1.0747028862478776,floorplan,,,,,,,,,,
traj_sweep_187,mega_sweep,0.8902788029838921,0.7646673417118351,0.9289913955001289,0.9933307179285994,1.0,,,,0.8604104532986103,0.9405172519608685,1.0051607780865421,placement,3086.52,0.622283,0.713027,4.3503038687252303e-10,,,,,,
traj_sweep_187,mega_sweep,0.8902788029838921,0.7646673417118351,0.9289913955001289,0.9933307179285994,1.0,,,,0.7641276805605156,0.9299447233508041,0.9941107184923439,cts,,,,4.3997624128297074e-10,0.0,0.000728924,0.0,,,
traj_sweep_187,mega_sweep,0.8902788029838921,0.7646673417118351,0.9289913955001289,0.9933307179285994,1.0,,,,0.7362203434263993,0.904671306468309,0.9933307179285994,routing,,,,4.522676700978707e-10,0.0,,,3428.0,0.713027,0.0
traj_sweep_188,mega_sweep,0.8923737178583957,0.7755760766376112,0.9220439676441345,0.9937205651491364,1.0,1076.77,0.582016,1.187273048097551,0.9799786264203616,0.9981751750154455,1.0747028862478776,floorplan,,,,,,,,,,
traj_sweep_188,mega_sweep,0.8923737178583957,0.7755760766376112,0.9220439676441345,0.9937205651491364,1.0,,,,0.880314251008973,0.9365320960528953,1.0063593004769475,placement,3140.15,0.621542,0.708539,4.3688153957054543e-10,,,,,,
traj_sweep_188,mega_sweep,0.8923737178583957,0.7755760766376112,0.9220439676441345,0.9937205651491364,1.0,,,,0.7745399698340875,0.924658459045772,0.9945011783189316,cts,,,,4.424915815976601e-10,0.0,0.000389543,0.0,,,
traj_sweep_188,mega_sweep,0.8923737178583957,0.7755760766376112,0.9220439676441345,0.9937205651491364,1.0,,,,0.7472331933646531,0.902793291517837,0.9937205651491364,routing,,,,4.5320848950142534e-10,0.0,,,3413.0,0.708539,0.0
traj_sweep_189,mega_sweep,0.8967154098666559,0.7906946051410194,0.9147978576718343,0.9968503937007873,1.0,1076.77,0.582016,1.187273048097551,1.000228169468699,0.9981751750154455,1.0747028862478776,floorplan,,,,,,,,,,
traj_sweep_189,mega_sweep,0.8967154098666559,0.7906946051410194,0.9147978576718343,0.9968503937007873,1.0,,,,0.8991635315776835,0.928389939731677,1.0103750997605745,placement,3111.44,0.619071,0.706286,4.407130737533329e-10,,,,,,
traj_sweep_189,mega_sweep,0.8967154098666559,0.7906946051410194,0.9147978576718343,0.9968503937007873,1.0,,,,0.7890111240857969,0.9203173395197355,0.9968503937007873,cts,,,,4.445788060391585e-10,0.0,0.0011519,0.0,,,
traj_sweep_189,mega_sweep,0.8967154098666559,0.7906946051410194,0.9147978576718343,0.9968503937007873,1.0,,,,0.7612343608379287,0.8912919842721362,0.9968503937007873,routing,,,,4.590567302307219e-10,0.0,,,3418.0,0.706286,0.0
traj_sweep_190,mega_sweep,0.9014056446959536,0.8080239531726265,0.9078667959591992,0.9984227129337538,1.0,1076.77,0.582016,1.187273048097551,1.020468184889313,0.9981751750154455,1.0747028862478776,floorplan,,,,,,,,,,
traj_sweep_190,mega_sweep,0.9014056446959536,0.8080239531726265,0.9078667959591992,0.9984227129337538,1.0,,,,0.9172246264391278,0.9229072817063341,1.0103750997605745,placement,3084.59,0.619071,0.704894,4.4333119056591224e-10,,,,,,
traj_sweep_190,mega_sweep,0.9014056446959536,0.8080239531726265,0.9078667959591992,0.9984227129337538,1.0,,,,0.8075701274718164,0.9131530602642314,0.9984227129337538,cts,,,,4.480668157235607e-10,0.0,0.000743405,0.0,,,
traj_sweep_190,mega_sweep,0.9014056446959536,0.8080239531726265,0.9078667959591992,0.9984227129337538,1.0,,,,0.7795454545454545,0.8863044020834101,0.9984227129337538,routing,,,,4.616400223433771e-10,0.0,,,3452.0,0.704894,0.0
traj_sweep_191,mega_sweep,0.9001140535567516,0.8220453713867546,0.8896021799702954,0.9972430090586843,1.0,1076.77,0.582016,1.187273048097551,1.0407059559240774,0.9981751750154455,1.0747028862478776,floorplan,,,,,,,,,,
traj_sweep_191,mega_sweep,0.9001140535567516,0.8220453713867546,0.8896021799702954,0.9972430090586843,1.0,,,,0.9373686379021701,0.9055264374588289,1.0107784431137723,placement,3064.66,0.618824,0.695823,4.518405725723736e-10,,,,,,
traj_sweep_191,mega_sweep,0.9001140535567516,0.8220453713867546,0.8896021799702954,0.9972430090586843,1.0,,,,0.8218536656743991,0.8966027977922073,0.9972430090586843,cts,,,,4.563376168224299e-10,0.0,0.000647427,0.0,,,
traj_sweep_191,mega_sweep,0.9001140535567516,0.8220453713867546,0.8896021799702954,0.9972430090586843,1.0,,,,0.7928082116249012,0.8754168252136805,0.9972430090586843,routing,,,,4.673814486955384e-10,0.0,,,3456.0,0.695823,0.0
traj_sweep_192,mega_sweep,0.9141603746219544,0.8361261269643373,0.9165694926904713,0.9968503937007873,1.0,1076.77,0.582016,1.187273048097551,1.0609291069004192,0.9981751750154455,1.0747028862478776,floorplan,,,,,,,,,,
traj_sweep_192,mega_sweep,0.9141603746219544,0.8361261269643373,0.9165694926904713,0.9968503937007873,1.0,,,,0.9528788039444386,0.9295887597327409,1.0103750997605745,placement,3101.12,0.619071,0.693292,4.4014471958379914e-10,,,,,,
traj_sweep_192,mega_sweep,0.9141603746219544,0.8361261269643373,0.9165694926904713,0.9968503937007873,1.0,,,,0.8335899671632376,0.9204196279157307,0.9968503937007873,cts,,,,4.4452939895179965e-10,0.0,0.00248632,0.0,,,
traj_sweep_192,mega_sweep,0.9141603746219544,0.8361261269643373,0.9165694926904713,0.9968503937007873,1.0,,,,0.8052292501097641,0.8967623676899598,0.9968503937007873,routing,,,,4.562564161058515e-10,0.0,,,3397.0,0.693292,0.0
traj_sweep_193,mega_sweep,0.9199903678924793,0.8568826847071052,0.9108699832656184,0.9976359338061466,1.0,1076.77,0.582016,1.187273048097551,1.0811532654399336,0.9981751750154455,1.0747028862478776,floorplan,,,,,,,,,,
traj_sweep_193,mega_sweep,0.9199903678924793,0.8568826847071052,0.9108699832656184,0.9976359338061466,1.0,,,,0.9724231587034502,0.9254440339270151,1.0103750997605745,placement,3097.93,0.619071,0.706648,4.421159670181489e-10,,,,,,
traj_sweep_193,mega_sweep,0.9199903678924793,0.8568826847071052,0.9108699832656184,0.9976359338061466,1.0,,,,0.8557403430922101,0.9158411993109854,0.9976359338061466,cts,,,,4.467516686174823e-10,0.0,0.00095926,0.0,,,
traj_sweep_193,mega_sweep,0.9199903678924793,0.8568826847071052,0.9108699832656184,0.9976359338061466,1.0,,,,0.8261489101556395,0.8860507268613419,0.9976359338061466,routing,,,,4.6177218930812673e-10,0.0,,,3420.0,0.706648,0.0
traj_sweep_194,mega_sweep,0.9189967046624367,0.8766815924766113,0.8874172998318379,0.9976359338061466,1.0,1076.77,0.582016,1.187273048097551,1.10136650530057,0.9981751750154455,1.0747028862478776,floorplan,,,,,,,,,,
traj_sweep_194,mega_sweep,0.9189967046624367,0.8766815924766113,0.8874172998318379,0.9976359338061466,1.0,,,,0.9923694468677188,0.897527484892004,1.0103750997605745,placement,3059.26,0.619071,0.686049,4.558674702090608e-10,,,,,,
traj_sweep_194,mega_sweep,0.9189967046624367,0.8766815924766113,0.8874172998318379,0.9976359338061466,1.0,,,,0.8741446142921759,0.8888943442700087,0.9976359338061466,cts,,,,4.60294957008451e-10,0.0,0.00133069,0.0,,,
traj_sweep_194,mega_sweep,0.9189967046624367,0.8766815924766113,0.8874172998318379,0.9976359338061466,1.0,,,,0.8428071689159407,0.86326905530529,0.9976359338061466,routing,,,,4.739583580186644e-10,0.0,,,3437.0,0.686049,0.0
traj_sweep_195,mega_sweep,0.9235159145736241,0.8895906235924748,0.8871554415380901,0.9980291683090263,1.0,1076.77,0.582016,1.187273048097551,1.1215795418380146,0.9981751750154455,1.0747028862478776,floorplan,,,,,,,,,,
traj_sweep_195,mega_sweep,0.9235159145736241,0.8895906235924748,0.8871554415380901,0.9980291683090263,1.0,,,,1.012152680009461,0.898636291104592,1.0107784431137723,placement,3111.84,0.618824,0.704334,4.553049860449022e-10,,,,,,
traj_sweep_195,mega_sweep,0.9235159145736241,0.8895906235924748,0.8871554415380901,0.9980291683090263,1.0,,,,0.8872762457668119,0.8892625824955914,0.9980291683090263,cts,,,,4.601043516669581e-10,0.0,0.00231828,0.0,,,
traj_sweep_195,mega_sweep,0.9235159145736241,0.8895906235924748,0.8871554415380901,0.9980291683090263,1.0,,,,0.8565478261283974,0.8682402713506568,0.9980291683090263,routing,,,,4.712446513732069e-10,0.0,,,3465.0,0.704334,0.0
traj_sweep_196,mega_sweep,0.9290038212553512,0.9028220094636272,0.8894794338951012,0.9984227129337538,1.0,1076.77,0.582016,1.187273048097551,1.1417790031382216,0.9981751750154455,1.0747028862478776,floorplan,,,,,,,,,,
traj_sweep_196,mega_sweep,0.9290038212553512,0.9028220094636272,0.8894794338951012,0.9984227129337538,1.0,,,,1.0291335516822795,0.9069666580744414,1.0119904076738608,placement,3120.48,0.618083,0.694979,4.5112307088496814e-10,,,,,,
traj_sweep_196,mega_sweep,0.9290038212553512,0.9028220094636272,0.8894794338951012,0.9984227129337538,1.0,,,,0.9022917241898641,0.8975438510353632,0.9984227129337538,cts,,,,4.5585915775462014e-10,0.0,0.000744189,0.0,,,
traj_sweep_196,mega_sweep,0.9290038212553512,0.9028220094636272,0.8894794338951012,0.9984227129337538,1.0,,,,0.8703180913550236,0.8735756340857668,0.9984227129337538,routing,,,,4.683665249077318e-10,0.0,,,3451.0,0.694979,0.0
traj_sweep_197,mega_sweep,0.9344586579938493,0.9188188863668896,0.8894794338951012,0.9984227129337538,1.0,1076.77,0.582016,1.187273048097551,1.1619752000930967,0.9981751750154455,1.0747028862478776,floorplan,,,,,,,,,,
traj_sweep_197,mega_sweep,0.9344586579938493,0.9188188863668896,0.8894794338951012,0.9984227129337538,1.0,,,,1.0473465534622712,0.9069666580744414,1.0119904076738608,placement,3120.48,0.618083,0.694979,4.5112307088496814e-10,,,,,,
traj_sweep_197,mega_sweep,0.9344586579938493,0.9188188863668896,0.8894794338951012,0.9984227129337538,1.0,,,,0.9182743399002697,0.8975438510353632,0.9984227129337538,cts,,,,4.5585915775462014e-10,0.0,0.000744189,0.0,,,
traj_sweep_197,mega_sweep,0.9344586579938493,0.9188188863668896,0.8894794338951012,0.9984227129337538,1.0,,,,0.885741460794315,0.8735756340857668,0.9984227129337538,routing,,,,4.683665249077318e-10,0.0,,,3451.0,0.694979,0.0
traj_sweep_198,mega_sweep,0.9413559026604787,0.9382935182091547,0.8897453837246887,0.9992107340173638,1.0,1076.77,0.582016,1.187273048097551,1.1821596058854094,0.9981751750154455,1.0747028862478776,floorplan,,,,,,,,,,
traj_sweep_198,mega_sweep,0.9413559026604787,0.9382935182091547,0.8897453837246887,0.9992107340173638,1.0,,,,1.0663296786748304,0.9048595171169402,1.0128,placement,3079.18,0.617589,0.678675,4.521735984879315e-10,,,,,,
traj_sweep_198,mega_sweep,0.9413559026604787,0.9382935182091547,0.8897453837246887,0.9992107340173638,1.0,,,,0.9360017914707245,0.8962632003175032,0.9992107340173638,cts,,,,4.565105248501504e-10,0.0,0.000527439,0.0,,,
traj_sweep_198,mega_sweep,0.9413559026604787,0.9382935182091547,0.8897453837246887,0.9992107340173638,1.0,,,,0.9021196287763573,0.8690381208394194,0.9992107340173638,routing,,,,4.708120094727376e-10,0.0,,,3373.0,0.678675,0.0
traj_sweep_199,mega_sweep,0.9470527129806628,0.9555739866445494,0.8889107104133679,1.0,1.0,1076.77,0.582016,1.187273048097551,1.2023413720440177,0.9981751750154455,1.0747028862478776,floorplan,,,,,,,,,,
traj_sweep_199,mega_sweep,0.9470527129806628,0.9555739866445494,0.8889107104133679,1.0,1.0,,,,1.0834147105983338,0.9016558445543704,1.0128,placement,3107.61,0.617589,0.697135,4.537802160901389e-10,,,,,,
traj_sweep_199,mega_sweep,0.9470527129806628,0.9555739866445494,0.8889107104133679,1.0,1.0,,,,0.9536118848653669,0.8928181271403847,1.0,cts,,,,4.5827203944805717e-10,0.0,0.00118603,0.0,,,
traj_sweep_199,mega_sweep,0.9470527129806628,0.9555739866445494,0.8889107104133679,1.0,1.0,,,,0.9211262697184326,0.8699137095091385,1.0,routing,,,,4.703381260788381e-10,0.0,,,3413.0,0.697135,0.0
traj_sweep_200,mega_sweep,0.9507327872368024,0.966961312293878,0.8904777686400144,0.9980291683090263,1.0,1076.77,0.582016,1.187273048097551,1.2225169707110695,0.9981751750154455,1.0747028862478776,floorplan,,,,,,,,,,
traj_sweep_200,mega_sweep,0.9507327872368024,0.966961312293878,0.8904777686400144,0.9980291683090263,1.0,,,,1.1009954363073908,0.9054896136362707,1.0115860966839791,placement,3082.16,0.61833,0.693021,4.5185894771088256e-10,,,,,,
traj_sweep_200,mega_sweep,0.9507327872368024,0.966961312293878,0.8904777686400144,0.9980291683090263,1.0,,,,0.965185403968531,0.8965005093962121,0.9980291683090263,cts,,,,4.563896837675881e-10,0.0,0.000583304,0.0,,,
traj_sweep_200,mega_sweep,0.9507327872368024,0.966961312293878,0.8904777686400144,0.9980291683090263,1.0,,,,0.9293710669059057,0.8665709247280151,0.9980291683090263,routing,,,,4.721524485825983e-10,0.0,,,3446.0,0.693021,0.0
traj_sweep_201,mega_sweep,0.9570802248347616,0.9848382730864278,0.8919425384706657,0.9980291683090263,1.0,1076.77,0.582016,1.187273048097551,1.242684883013441,0.9981751750154455,1.0747028862478776,floorplan,,,,,,,,,,
traj_sweep_201,mega_sweep,0.9570802248347616,0.9848382730864278,0.8919425384706657,0.9980291683090263,1.0,,,,1.119623245644089,0.9058496687901738,1.0115860966839791,placement,3091.56,0.61833,0.69283,4.5167934380024934e-10,,,,,,
traj_sweep_201,mega_sweep,0.9570802248347616,0.9848382730864278,0.8919425384706657,0.9980291683090263,1.0,,,,0.9815306311914982,0.8964432278944547,0.9980291683090263,cts,,,,4.564188464470075e-10,0.0,0.000787898,0.0,,,
traj_sweep_201,mega_sweep,0.9570802248347616,0.9848382730864278,0.8919425384706657,0.9980291683090263,1.0,,,,0.9476836765900007,0.8717753583162512,0.9980291683090263,routing,,,,4.693337338314529e-10,0.0,,,3428.0,0.69283,0.0
traj_sweep_202,mega_sweep,0.9631460003994804,1.0,0.8941683339675214,0.9992107340173638,1.0,1076.77,0.582016,1.187273048097551,1.2628457803728141,0.9981751750154455,1.0747028862478776,floorplan,,,,,,,,,,
traj_sweep_202,mega_sweep,0.9631460003994804,1.0,0.8941683339675214,0.9992107340173638,1.0,,,,1.1378179562173183,0.9079240774609565,1.0128,placement,3096.8,0.617589,0.691376,4.5064735492535025e-10,,,,,,
traj_sweep_202,mega_sweep,0.9631460003994804,1.0,0.8941683339675214,0.9992107340173638,1.0,,,,0.9963413011663488,0.8996264427778256,0.9992107340173638,cts,,,,4.548038658328596e-10,0.0,0.000870845,0.0,,,
traj_sweep_202,mega_sweep,0.9631460003994804,1.0,0.8941683339675214,0.9992107340173638,1.0,,,,0.9610874342946062,0.8759650910162148,0.9992107340173638,routing,,,,4.670889150458681e-10,0.0,,,3415.0,0.691376,0.0
traj_sweep_203,mega_sweep,0.45943377106979993,0.147781614865976,0.9703322736255509,0.6762820512820512,1.0,1076.77,0.656374,1.187273048097551,0.2498446568201564,1.009492363148355,0.9529544599171998,floorplan,,,,,,,,,,
traj_sweep_203,mega_sweep,0.45943377106979993,0.147781614865976,0.9703322736255509,0.6762820512820512,1.0,,,,0.19990167967594333,1.0119963830823175,0.7984862819299905,placement,3566.14,0.78335,0.730149,4.043034054475841e-10,,,,,,
traj_sweep_203,mega_sweep,0.45943377106979993,0.147781614865976,0.9703322736255509,0.6762820512820512,1.0,,,,0.16038478355924793,0.9929421006763308,0.7142454160789844,cts,,,,4.120618752111817e-10,-12.6792,0.00037427,9.0,,,
traj_sweep_203,mega_sweep,0.45943377106979993,0.147781614865976,0.9703322736255509,0.6762820512820512,1.0,,,,0.1443143678437796,0.9547721628267603,0.6762820512820512,routing,,,,4.285353091667988e-10,-13.3868,,,5300.0,0.730149,0.0
traj_sweep_204,mega_sweep,0.4850418708163662,0.16546403616177052,0.9862769887932833,0.6992543496271747,1.0,1076.77,0.656374,1.187273048097551,0.26764233744032356,1.009492363148355,0.9529544599171998,floorplan,,,,,,,,,,
traj_sweep_204,mega_sweep,0.4850418708163662,0.16546403616177052,0.9862769887932833,0.6992543496271747,1.0,,,,0.2150295268996277,1.0154619139386352,0.800252844500632,placement,3550.1,0.781621,0.704469,4.0292361374130694e-10,,,,,,
traj_sweep_204,mega_sweep,0.4850418708163662,0.16546403616177052,0.9862769887932833,0.6992543496271747,1.0,,,,0.1706532472464869,0.9953683814293371,0.7116357504215851,cts,,,,4.110574452779776e-10,-12.2224,0.00139967,8.0,,,
traj_sweep_204,mega_sweep,0.4850418708163662,0.16546403616177052,0.9862769887932833,0.6992543496271747,1.0,,,,0.1605954465849387,0.9621123781233761,0.6992543496271747,routing,,,,4.252658975024134e-10,-12.7749,,,4529.0,0.704469,0.0
traj_sweep_205,mega_sweep,0.4911547093882337,0.17604560503065803,0.9731186095324602,0.6916143130292269,1.0,1076.77,0.656374,1.187273048097551,0.2854338711726591,1.009492363148355,0.9529544599171998,floorplan,,,,,,,,,,
traj_sweep_205,mega_sweep,0.4911547093882337,0.17604560503065803,0.9731186095324602,0.6916143130292269,1.0,,,,0.22942235940011055,1.01514686567897,0.800252844500632,placement,3514.5,0.781621,0.695239,4.030486600647296e-10,,,,,,
traj_sweep_205,mega_sweep,0.4911547093882337,0.17604560503065803,0.9731186095324602,0.6916143130292269,1.0,,,,0.1800979590527953,0.9846280998498407,0.7023578363384189,cts,,,,4.15541242468315e-10,-11.8419,0.000851805,9.0,,,
traj_sweep_205,mega_sweep,0.4911547093882337,0.17604560503065803,0.9731186095324602,0.6916143130292269,1.0,,,,0.17161298946825676,0.9544530230312552,0.6916143130292269,routing,,,,4.286785982209838e-10,-12.4429,,,5284.0,0.695239,0.0
traj_sweep_206,mega_sweep,0.5035381107444564,0.18734905033965954,0.9699885846150069,0.7025527192008878,1.0,1076.77,0.656374,1.187273048097551,0.3032187425663901,1.009492363148355,0.9529544599171998,floorplan,,,,,,,,,,
traj_sweep_206,mega_sweep,0.5035381107444564,0.18734905033965954,0.9699885846150069,0.7025527192008878,1.0,,,,0.24590033848031367,1.0186533118936856,0.8038095238095238,placement,3523.76,0.778162,0.716833,4.0166127101692603e-10,,,,,,
traj_sweep_206,mega_sweep,0.5035381107444564,0.18734905033965954,0.9699885846150069,0.7025527192008878,1.0,,,,0.19401101682748617,0.9947628341250455,0.7170773152081563,cts,,,,4.1130767047674675e-10,-11.1102,0.000282892,12.0,,,
traj_sweep_206,mega_sweep,0.5035381107444564,0.18734905033965954,0.9699885846150069,0.7025527192008878,1.0,,,,0.18228453027747551,0.9588391494515296,0.7025527192008878,routing,,,,4.2671764520134673e-10,-11.7635,,,4872.0,0.716833,0.0
traj_sweep_207,mega_sweep,0.5056668207284034,0.1953549239805745,0.9588146002364908,0.6902944383860414,1.0,1076.77,0.656374,1.187273048097551,0.3209975764265061,1.009492363148355,0.9529544599171998,floorplan,,,,,,,,,,
traj_sweep_207,mega_sweep,0.5056668207284034,0.1953549239805745,0.9588146002364908,0.6902944383860414,1.0,,,,0.26251508061005996,1.0167752969432136,0.8061127029608405,placement,3553.91,0.775939,0.713634,4.024031516214835e-10,,,,,,
traj_sweep_207,mega_sweep,0.5056668207284034,0.1953549239805745,0.9588146002364908,0.6902944383860414,1.0,,,,0.2083972501562411,0.9965099199286436,0.7182978723404255,cts,,,,4.105865639652808e-10,-10.6007,0.00104417,8.0,,,
traj_sweep_207,mega_sweep,0.5056668207284034,0.1953549239805745,0.9588146002364908,0.6902944383860414,1.0,,,,0.19054383848321457,0.9546575998232456,0.6902944383860414,routing,,,,4.2858673524054433e-10,-11.2222,,,5155.0,0.713634,0.0
traj_sweep_208,mega_sweep,0.5264187637238101,0.21186191938421278,0.9825291419640191,0.7008026570716855,1.0,1076.77,0.656374,1.187273048097551,0.3387699017798746,1.009492363148355,0.9529544599171998,floorplan,,,,,,,,,,
traj_sweep_208,mega_sweep,0.5264187637238101,0.21186191938421278,0.9825291419640191,0.7008026570716855,1.0,,,,0.2771020624008461,1.0164397910043492,0.8061127029608405,placement,3526.04,0.775939,0.713638,4.0253597665291335e-10,,,,,,
traj_sweep_208,mega_sweep,0.5264187637238101,0.21186191938421278,0.9825291419640191,0.7008026570716855,1.0,,,,0.22121514973980771,1.0011619961785054,0.7211620620905724,cts,,,,4.086787008921456e-10,-10.1011,0.00131423,10.0,,,
traj_sweep_208,mega_sweep,0.5264187637238101,0.21186191938421278,0.9825291419640191,0.7008026570716855,1.0,,,,0.20637951683410247,0.9686465608595498,0.7008026570716855,routing,,,,4.223971885243132e-10,-10.7028,,,4847.0,0.713638,0.0
traj_sweep_209,mega_sweep,0.5359103549523994,0.22231292920896908,0.9884536858600613,0.700414937759336,1.0,1076.77,0.656374,1.187273048097551,0.35653541807592437,1.009492363148355,0.9529544599171998,floorplan,,,,,,,,,,
traj_sweep_209,mega_sweep,0.5359103549523994,0.22231292920896908,0.9884536858600613,0.700414937759336,1.0,,,,0.2921925168464433,1.016337502608354,0.8066263141127746,placement,3490.04,0.775445,0.7193,4.0257648953301125e-10,,,,,,
traj_sweep_209,mega_sweep,0.5359103549523994,0.22231292920896908,0.9884536858600613,0.700414937759336,1.0,,,,0.23353434240667761,1.0010801654617094,0.7199317600227466,cts,,,,4.087121072787539e-10,-9.54891,0.000822994,13.0,,,
traj_sweep_209,mega_sweep,0.5359103549523994,0.22231292920896908,0.9884536858600613,0.700414937759336,1.0,,,,0.21616771724475525,0.9677832467973503,0.700414937759336,routing,,,,4.227739892530852e-10,-10.2378,,,4778.0,0.7193,0.0
traj_sweep_210,mega_sweep,0.5577773907929987,0.24214711354637228,0.9957161619757209,0.7197271176805002,1.0,1076.77,0.656374,1.187273048097551,0.37429428829065226,1.009492363148355,0.9529544599171998,floorplan,,,,,,,,,,
traj_sweep_210,mega_sweep,0.5577773907929987,0.24214711354637228,0.9957161619757209,0.7197271176805002,1.0,,,,0.3083616848613992,1.0164725232910679,0.8089456869009584,placement,3487.14,0.773221,0.701202,4.0252301425333995e-10,,,,,,
traj_sweep_210,mega_sweep,0.5577773907929987,0.24214711354637228,0.9957161619757209,0.7197271176805002,1.0,,,,0.24978215702760734,1.0026103998657976,0.735191637630662,cts,,,,4.0808831031035114e-10,-8.92024,0.00108259,10.0,,,
traj_sweep_210,mega_sweep,0.5577773907929987,0.24214711354637228,0.9957161619757209,0.7197271176805002,1.0,,,,0.23540691163661845,0.9681433019512534,0.7197271176805002,routing,,,,4.2261675844493935e-10,-9.5411,,,4305.0,0.701202,0.0
traj_sweep_211,mega_sweep,0.5425896248023782,0.23920985630000122,0.9710810246842357,0.6876697447039651,1.0,1076.77,0.656374,1.187273048097551,0.3920478837109876,1.009492363148355,0.9529544599171998,floorplan,,,,,,,,,,
traj_sweep_211,mega_sweep,0.5425896248023782,0.23920985630000122,0.9710810246842357,0.6876697447039651,1.0,,,,0.3241761313933124,1.0168203038374515,0.8107588856868395,placement,3500.82,0.771492,0.734526,4.0238534029728227e-10,,,,,,
traj_sweep_211,mega_sweep,0.5425896248023782,0.23920985630000122,0.9710810246842357,0.6876697447039651,1.0,,,,0.2556890282417076,0.9947792002684047,0.7197271176805002,cts,,,,4.1130090362808525e-10,-8.47741,0.000845185,11.0,,,
traj_sweep_211,mega_sweep,0.5425896248023782,0.23920985630000122,0.9710810246842357,0.6876697447039651,1.0,,,,0.23347488286116239,0.9594078729332629,0.6876697447039651,routing,,,,4.2646469298806754e-10,-9.16002,,,4816.0,0.734526,0.0
traj_sweep_212,mega_sweep,0.5710835759791159,0.2636708119820495,0.9878685962349687,0.7150522451284947,1.0,1076.77,0.656374,1.187273048097551,0.4097940906220146,1.009492363148355,0.9529544599171998,floorplan,,,,,,,,,,
traj_sweep_212,mega_sweep,0.5710835759791159,0.2636708119820495,0.9878685962349687,0.7150522451284947,1.0,,,,0.3380409902818764,1.0113990188497055,0.8092042186001918,placement,3534.75,0.772974,0.716815,4.045421998195742e-10,,,,,,
traj_sweep_212,mega_sweep,0.5710835759791159,0.2636708119820495,0.9878685962349687,0.7150522451284947,1.0,,,,0.27478721924177124,0.9944068705069822,0.7394859813084111,cts,,,,4.1145490454246215e-10,-7.86846,0.000638753,8.0,,,
traj_sweep_212,mega_sweep,0.5710835759791159,0.2636708119820495,0.9878685962349687,0.7150522451284947,1.0,,,,0.2559905655002678,0.969538515672628,0.7150522451284947,routing,,,,4.2200859209493504e-10,-8.45931,,,4425.0,0.716815,0.0
traj_sweep_213,mega_sweep,0.582164425918003,0.27588557008502274,0.9871689436063615,0.7244635193133047,1.0,1076.77,0.655385,1.187273048097551,0.42863139016875107,1.009492363148355,0.9543912551828119,floorplan,,,,,,,,,,
traj_sweep_213,mega_sweep,0.582164425918003,0.27588557008502274,0.9871689436063615,0.7244635193133047,1.0,,,,0.3517872975919485,1.0120577561199147,0.805856142584341,placement,3631.89,0.776186,0.707283,4.0427888774792405e-10,,,,,,
traj_sweep_213,mega_sweep,0.582164425918003,0.27588557008502274,0.9871689436063615,0.7244635193133047,1.0,,,,0.29081247957232126,0.9960271186995463,0.7531231409875073,cts,,,,4.1078558635534594e-10,-7.45693,0.00195154,6.0,,,
traj_sweep_213,mega_sweep,0.582164425918003,0.27588557008502274,0.9871689436063615,0.7244635193133047,1.0,,,,0.2680067101584343,0.9618464282937886,0.7244635193133047,routing,,,,4.253834832101139e-10,-8.07402,,,4343.0,0.707283,0.0
traj_sweep_214,mega_sweep,0.5843890619993193,0.28184633719881763,0.9964280892118474,0.7106371035644119,1.0,1076.77,0.648468,1.187273048097551,0.4497989153692725,1.009492363148355,0.9645714285714285,floorplan,,,,,,,,,,
traj_sweep_214,mega_sweep,0.5843890619993193,0.28184633719881763,0.9964280892118474,0.7106371035644119,1.0,,,,0.36931587015217954,1.0204740453424002,0.8138862102217936,placement,3507.92,0.768528,0.72427,4.0094462553776696e-10,,,,,,
traj_sweep_214,mega_sweep,0.5843890619993193,0.28184633719881763,0.9964280892118474,0.7106371035644119,1.0,,,,0.2952544288492877,1.0001759360411118,0.7317919075144508,cts,,,,4.090816117815504e-10,-6.95295,0.000893972,10.0,,,
traj_sweep_214,mega_sweep,0.5843890619993193,0.28184633719881763,0.9964280892118474,0.7106371035644119,1.0,,,,0.2745550921894811,0.9764327535627049,0.7106371035644119,routing,,,,4.190289423290467e-10,-7.57673,,,4527.0,0.72427,0.0
traj_sweep_215,mega_sweep,0.596251771772693,0.29660067362737286,0.9938463300969285,0.7191138880999716,1.0,1076.77,0.647233,1.187273048097551,0.46846565066556156,1.009492363148355,0.9664122137404579,floorplan,,,,,,,,,,
traj_sweep_215,mega_sweep,0.596251771772693,0.29660067362737286,0.9938463300969285,0.7191138880999716,1.0,,,,0.38608618693383573,1.008514486082641,0.8151963940759819,placement,3530.3,0.767292,0.706494,4.056992632501379e-10,,,,,,
traj_sweep_215,mega_sweep,0.596251771772693,0.29660067362737286,0.9938463300969285,0.7191138880999716,1.0,,,,0.3117294870994374,0.9947792002684047,0.7429577464788731,cts,,,,4.1130090362808525e-10,-6.63624,0.00115493,6.0,,,
traj_sweep_215,mega_sweep,0.596251771772693,0.29660067362737286,0.9938463300969285,0.7191138880999716,1.0,,,,0.288675557211669,0.9633684796261973,0.7191138880999716,routing,,,,4.247114085978578e-10,-7.09569,,,4426.0,0.706494,0.0
traj_sweep_216,mega_sweep,0.6104135990366428,0.3138409422282756,0.9969027073692652,0.726959517657192,1.0,1076.77,0.643528,1.187273048097551,0.48926903100057717,1.009492363148355,0.9719769673704415,floorplan,,,,,,,,,,
traj_sweep_216,mega_sweep,0.6104135990366428,0.3138409422282756,0.9969027073692652,0.726959517657192,1.0,,,,0.4025154415683886,1.0091609487453306,0.8188874514877101,placement,3473.1,0.763834,0.712297,4.054393746503085e-10,,,,,,
traj_sweep_216,mega_sweep,0.6104135990366428,0.3138409422282756,0.9969027073692652,0.726959517657192,1.0,,,,0.32064309874834085,1.0013133830045784,0.7447058823529411,cts,,,,4.086169134712824e-10,-5.97472,0.00108621,10.0,,,
traj_sweep_216,mega_sweep,0.6104135990366428,0.3138409422282756,0.9969027073692652,0.726959517657192,1.0,,,,0.30417012894043427,0.978752654383876,0.726959517657192,routing,,,,4.180357336945162e-10,-6.60341,,,4102.0,0.712297,0.0
traj_sweep_217,mega_sweep,0.6029641162581968,0.31353763438984433,0.9769646532218799,0.7156585641605426,1.0,1076.77,0.643528,1.187273048097551,0.5073004959200206,1.009492363148355,0.9719769673704415,floorplan,,,,,,,,,,
traj_sweep_217,mega_sweep,0.6029641162581968,0.31353763438984433,0.9769646532218799,0.7156585641605426,1.0,,,,0.4176230165276774,0.9992389743337957,0.8178294573643411,placement,3481.37,0.764822,0.718272,4.09465197505538e-10,,,,,,
traj_sweep_217,mega_sweep,0.6029641162581968,0.31353763438984433,0.9769646532218799,0.7156585641605426,1.0,,,,0.33091893285217167,0.9952292692107837,0.7399181765049678,cts,,,,4.1111490250410086e-10,-5.59219,0.00157546,10.0,,,
traj_sweep_217,mega_sweep,0.6029641162581968,0.31353763438984433,0.9769646532218799,0.7156585641605426,1.0,,,,0.306014836608318,0.9652383115049896,0.7156585641605426,routing,,,,4.2388866987974277e-10,-6.22271,,,4745.0,0.718272,0.0
traj_sweep_218,mega_sweep,0.6176359337099318,0.3336650206066907,0.9777665942464823,0.7221905305191101,1.0,1076.77,0.643281,1.187273048097551,0.5255137246646316,1.0093491593939616,0.9723502304147464,floorplan,,,,,,,,,,
traj_sweep_218,mega_sweep,0.6176359337099318,0.3336650206066907,0.9777665942464823,0.7221905305191101,1.0,,,,0.43382509123911406,0.9993330796581112,0.8228794280142996,placement,3471.13,0.760128,0.697093,4.094266389348357e-10,,,,,,
traj_sweep_218,mega_sweep,0.6176359337099318,0.3336650206066907,0.9777665942464823,0.7221905305191101,1.0,,,,0.34375179304356474,0.9909945296165822,0.7369033760186262,cts,,,,4.1287168773688515e-10,-5.18383,0.000829684,9.0,,,
traj_sweep_218,mega_sweep,0.6176359337099318,0.3336650206066907,0.9777665942464823,0.7221905305191101,1.0,,,,0.32458242510379554,0.9627220169635076,0.7221905305191101,routing,,,,4.249966000271998e-10,-5.82479,,,4449.0,0.697093,0.0
traj_sweep_219,mega_sweep,0.6454146867111481,0.36115420166378653,0.9881631868154349,0.7533472180898542,1.0,1076.77,0.643034,1.187273048097551,0.5437296175511415,1.0093491593939616,0.9727237802535534,floorplan,,,,,,,,,,
traj_sweep_219,mega_sweep,0.6454146867111481,0.36115420166378653,0.9881631868154349,0.7533472180898542,1.0,,,,0.4464548308890744,1.012352346700381,0.8231469440832249,placement,3545.62,0.759881,0.698121,4.0416124416997403e-10,,,,,,
traj_sweep_219,mega_sweep,0.6454146867111481,0.36115420166378653,0.9881631868154349,0.7533472180898542,1.0,,,,0.3643890828437157,0.9992757981563539,0.7576301615798923,cts,,,,4.0945010850427877e-10,-4.65592,0.00155324,6.0,,,
traj_sweep_219,mega_sweep,0.6454146867111481,0.36115420166378653,0.9881631868154349,0.7533472180898542,1.0,,,,0.3506623744024973,0.9634707680221924,0.7533472180898542,routing,,,,4.2466631844028554e-10,-5.20595,,,4056.0,0.698121,0.0
traj_sweep_220,mega_sweep,0.6550179178990979,0.3755401215221189,0.990998621152422,0.7551446465851476,1.0,1076.77,0.638587,1.187273048097551,0.5673107880333571,1.0093246101789228,0.9794970986460347,floorplan,,,,,,,,,,
traj_sweep_220,mega_sweep,0.6550179178990979,0.3755401215221189,0.990998621152422,0.7551446465851476,1.0,,,,0.464349380719368,1.0041856411641237,0.827721477607061,placement,3473.01,0.755682,0.716951,4.0744815222262966e-10,,,,,,
traj_sweep_220,mega_sweep,0.6550179178990979,0.3755401215221189,0.990998621152422,0.7551446465851476,1.0,,,,0.37887609563600644,0.9981056189061688,0.7601320924647252,cts,,,,4.0993014790279734e-10,-4.19347,0.00154405,7.0,,,
traj_sweep_220,mega_sweep,0.6550179178990979,0.3755401215221189,0.990998621152422,0.7551446465851476,1.0,,,,0.3636643229298397,0.9634707680221924,0.7551446465851476,routing,,,,4.2466631844028554e-10,-4.73614,,,3903.0,0.716951,0.0
traj_sweep_221,mega_sweep,0.6589834339277019,0.38574727642660306,0.9821118053083586,0.7553699284009546,1.0,1076.77,0.638587,1.187273048097551,0.5855072841468818,1.0093246101789228,0.9794970986460347,floorplan,,,,,,,,,,
traj_sweep_221,mega_sweep,0.6589834339277019,0.38574727642660306,0.9821118053083586,0.7553699284009546,1.0,,,,0.4864247515534674,1.0131542877249833,0.8367481824190349,placement,3436.51,0.74753,0.707363,4.0384133881480646e-10,,,,,,
traj_sweep_221,mega_sweep,0.6589834339277019,0.38574727642660306,0.9821118053083586,0.7553699284009546,1.0,,,,0.4133879819126083,1.0051144197997601,0.7972292191435767,cts,,,,4.070716486808843e-10,-3.50995,0.00190797,3.0,,,
traj_sweep_221,mega_sweep,0.6589834339277019,0.38574727642660306,0.9821118053083586,0.7553699284009546,1.0,,,,0.3739461879676096,0.9622105749835316,0.7553699284009546,routing,,,,4.252224976719068e-10,-4.22504,,,4063.0,0.707363,0.0
traj_sweep_222,mega_sweep,0.664453872653627,0.39659741606628646,0.975724917862418,0.7580838323353293,1.0,1076.77,0.638587,1.187273048097551,0.6036988022222372,1.0093246101789228,0.9794970986460347,floorplan,,,,,,,,,,
traj_sweep_222,mega_sweep,0.664453872653627,0.39659741606628646,0.975724917862418,0.7580838323353293,1.0,,,,0.5047772578932882,1.008768161304709,0.8451268357810413,placement,3519.75,0.740119,0.726176,4.055972419387548e-10,,,,,,
traj_sweep_222,mega_sweep,0.664453872653627,0.39659741606628646,0.975724917862418,0.7580838323353293,1.0,,,,0.4286497908408817,1.00618640218979,0.8053435114503816,cts,,,,4.0663795802683e-10,-3.16886,0.000767504,4.0,,,
traj_sweep_222,mega_sweep,0.664453872653627,0.39659741606628646,0.975724917862418,0.7580838323353293,1.0,,,,0.3851875981817753,0.9609503819448706,0.7580838323353293,routing,,,,4.257801356535512e-10,-3.97803,,,4086.0,0.726176,0.0
traj_sweep_223,mega_sweep,0.6848929607845863,0.4228958383823173,0.987713117873056,0.7691373025516403,1.0,1076.77,0.632164,1.187273048097551,0.6311235651254824,1.0092836948205248,0.9894490035169988,floorplan,,,,,,,,,,
traj_sweep_223,mega_sweep,0.6848929607845863,0.4228958383823173,0.987713117873056,0.7691373025516403,1.0,,,,0.5259058336771449,1.0043861264202745,0.850235057085292,placement,3414.91,0.735672,0.736636,4.0736682160184783e-10,,,,,,
traj_sweep_223,mega_sweep,0.6848929607845863,0.4228958383823173,0.987713117873056,0.7691373025516403,1.0,,,,0.4481871228367662,1.0025367522206812,0.8125802310654685,cts,,,,4.081182890048852e-10,-2.81344,0.00187142,3.0,,,
traj_sweep_223,mega_sweep,0.6848929607845863,0.4228958383823173,0.987713117873056,0.7691373025516403,1.0,,,,0.4089865447586453,0.9698944792906914,0.7691373025516403,routing,,,,4.218537095705951e-10,-3.40311,,,3914.0,0.736636,0.0
traj_sweep_224,mega_sweep,0.684881222680565,0.4273624991380561,0.9791208926094588,0.7677380230442692,1.0,1076.77,0.632164,1.187273048097551,0.649571908215965,1.0092836948205248,0.9894490035169988,floorplan,,,,,,,,,,
traj_sweep_224,mega_sweep,0.684881222680565,0.4273624991380561,0.9791208926094588,0.7677380230442692,1.0,,,,0.5435076461569632,1.0003805128331023,0.8530997304582209,placement,3293.12,0.733202,0.70467,4.0899795501022496e-10,,,,,,
traj_sweep_224,mega_sweep,0.684881222680565,0.4273624991380561,0.9791208926094588,0.7677380230442692,1.0,,,,0.44330657195358075,0.9933307965811127,0.7863354037267081,cts,,,,4.1190063309127306e-10,-2.50817,0.00165626,4.0,,,
traj_sweep_224,mega_sweep,0.684881222680565,0.4273624991380561,0.9791208926094588,0.7677380230442692,1.0,,,,0.4145980821620774,0.9583931720449905,0.7677380230442692,routing,,,,4.269162134239534e-10,-3.06388,,,3915.0,0.70467,0.0
traj_sweep_225,mega_sweep,0.7160353267907977,0.464482583066073,0.9870339229236479,0.8007590132827324,1.0,1076.77,0.632164,1.187273048097551,0.6680145992997688,1.0092836948205248,0.9894490035169988,floorplan,,,,,,,,,,
traj_sweep_225,mega_sweep,0.7160353267907977,0.464482583066073,0.9870339229236479,0.8007590132827324,1.0,,,,0.5588038689578624,0.9995499310576211,0.8528123947457056,placement,3298.45,0.733449,0.729327,4.0933781421793965e-10,,,,,,
traj_sweep_225,mega_sweep,0.7160353267907977,0.464482583066073,0.9870339229236479,0.8007590132827324,1.0,,,,0.46986792709324576,0.9950042347395942,0.807140580172139,cts,,,,4.112078820326828e-10,-1.98018,0.00188383,3.0,,,
traj_sweep_225,mega_sweep,0.7160353267907977,0.464482583066073,0.9870339229236479,0.8007590132827324,1.0,,,,0.44810331716924917,0.9602220885653848,0.8007590132827324,routing,,,,4.261030743336813e-10,-2.57983,,,3639.0,0.729327,0.0
traj_sweep_226,mega_sweep,0.6901020364254337,0.44708006954998963,0.9659256895260774,0.7610459873760144,1.0,1076.77,0.631423,1.187273048097551,0.6886890415630497,1.0092836948205248,0.9906103286384976,floorplan,,,,,,,,,,
traj_sweep_226,mega_sweep,0.6901020364254337,0.44708006954998963,0.9659256895260774,0.7610459873760144,1.0,,,,0.5781264575231515,1.004521147102988,0.8559837728194726,placement,3307.98,0.730731,0.72308,4.073120662126495e-10,,,,,,
traj_sweep_226,mega_sweep,0.6901020364254337,0.44708006954998963,0.9659256895260774,0.7610459873760144,1.0,,,,0.49826041877472493,0.9849595142528651,0.8266405484818804,cts,,,,4.154014231652758e-10,-1.66071,0.00140771,1.0,,,
traj_sweep_226,mega_sweep,0.6901020364254337,0.44708006954998963,0.9659256895260774,0.7610459873760144,1.0,,,,0.4340168021771835,0.9551363095165032,0.7610459873760144,routing,,,,4.2837192964419426e-10,-2.26339,,,4036.0,0.72308,0.0
traj_sweep_227,mega_sweep,0.6729939821208115,0.43481795088907704,0.960708981330322,0.7296829971181555,1.0,1076.77,0.6292,1.187273048097551,0.7107964881752749,1.0092836948205248,0.9941107184923439,floorplan,,,,,,,,,,
traj_sweep_227,mega_sweep,0.6729939821208115,0.43481795088907704,0.960708981330322,0.7296829971181555,1.0,,,,0.5936392491817032,0.9979337744008968,0.8577235772357723,placement,3352.76,0.729249,0.70579,4.100007380013284e-10,,,,,,
traj_sweep_227,mega_sweep,0.6729939821208115,0.43481795088907704,0.960708981330322,0.7296829971181555,1.0,,,,0.47040287268929887,0.9768787309692439,0.7686703096539161,cts,,,,4.1883764177654175e-10,-1.31907,0.0014791,7.0,,,
traj_sweep_227,mega_sweep,0.6729939821208115,0.43481795088907704,0.960708981330322,0.7296829971181555,1.0,,,,0.42268797682097403,0.9459589946278134,0.7296829971181555,routing,,,,4.325278223521728e-10,-1.94565,,,4256.0,0.70579,0.0
traj_sweep_228,mega_sweep,0.7125709266348675,0.4830959945382511,0.9666498913697235,0.7747858017135862,1.0,1076.77,0.628211,1.187273048097551,0.7312242672785563,1.0092836948205248,0.995674400314589,floorplan,,,,,,,,,,
traj_sweep_228,mega_sweep,0.7125709266348675,0.4830959945382511,0.9666498913697235,0.7747858017135862,1.0,,,,0.6055966440352444,0.9879381523442454,0.8583050847457626,placement,3388.08,0.728755,0.703711,4.141489859562079e-10,,,,,,
traj_sweep_228,mega_sweep,0.7125709266348675,0.4830959945382511,0.9666498913697235,0.7747858017135862,1.0,,,,0.5183196398651513,0.9811011959559259,0.8220779220779221,cts,,,,4.1703504762540244e-10,-0.895063,0.000693008,2.0,,,
traj_sweep_228,mega_sweep,0.7125709266348675,0.4830959945382511,0.9666498913697235,0.7747858017135862,1.0,,,,0.4678352222147026,0.9492485894430193,0.7747858017135862,routing,,,,4.310289091089339e-10,-1.4621,,,3849.0,0.703711,0.0
traj_sweep_229,mega_sweep,0.7233452978790677,0.4978463737365623,0.965892957239359,0.7870686975442959,1.0,1076.77,0.593132,1.187273048097551,0.7954644029989466,1.010216564992001,1.054560599750104,floorplan,,,,,,,,,,
traj_sweep_229,mega_sweep,0.7233452978790677,0.4978463737365623,0.965892957239359,0.7870686975442959,1.0,,,,0.6572947828058602,0.9944559689370599,0.8994671403197158,placement,3294.82,0.695405,0.74122,4.114345901288613e-10,,,,,,
traj_sweep_229,mega_sweep,0.7233452978790677,0.4978463737365623,0.965892957239359,0.7870686975442959,1.0,,,,0.5295596038880492,0.9744688163595969,0.8328947368421052,cts,,,,4.198734501421272e-10,-0.367142,0.00106511,2.0,,,
traj_sweep_229,mega_sweep,0.7233452978790677,0.4978463737365623,0.965892957239359,0.7870686975442959,1.0,,,,0.4827339849216134,0.9476938058238921,0.7870686975442959,routing,,,,4.3173605384612063e-10,-1.2017,,,3924.0,0.74122,0.0
traj_sweep_230,mega_sweep,0.7596857043183861,0.5342853830444386,0.9797223483779106,0.8375785643400594,1.0,1076.77,0.582016,1.187273048097551,0.8380442587636269,0.9981751750154455,1.0747028862478776,floorplan,,,,,,,,,,
traj_sweep_230,mega_sweep,0.7596857043183861,0.5342853830444386,0.9797223483779106,0.8375785643400594,1.0,,,,0.6944419759287522,0.9781552901512641,0.9308823529411764,placement,3269.26,0.671937,0.702066,4.182910301671491e-10,,,,,,
traj_sweep_230,mega_sweep,0.7596857043183861,0.5342853830444386,0.9797223483779106,0.8375785643400594,1.0,,,,0.5607880211794732,0.9741169442773734,0.8615175229669955,cts,,,,4.200251175020266e-10,-0.192529,0.00117015,9.0,,,
traj_sweep_230,mega_sweep,0.7596857043183861,0.5342853830444386,0.9797223483779106,0.8375785643400594,1.0,,,,0.5174958466619255,0.9554513577761684,0.8375785643400594,routing,,,,4.2823067930232657e-10,-0.350038,,,3939.0,0.702066,0.0
traj_sweep_231,mega_sweep,0.7628368558042665,0.5468746672021859,0.9700908730110022,0.8367481824190349,1.0,1076.77,0.582016,1.187273048097551,0.8583395018983262,0.9981751750154455,1.0747028862478776,floorplan,,,,,,,,,,
traj_sweep_231,mega_sweep,0.7628368558042665,0.5468746672021859,0.9700908730110022,0.8367481824190349,1.0,,,,0.7225436082155103,0.954158432450789,0.9561933534743201,placement,3227.23,0.65415,0.688757,4.288109501164222e-10,,,,,,
traj_sweep_231,mega_sweep,0.7628368558042665,0.5468746672021859,0.9700908730110022,0.8367481824190349,1.0,,,,0.6227547399933474,0.9713428829779834,0.9210622044379774,cts,,,,4.21224668601492e-10,-0.00748426,0.00105548,7.0,,,
traj_sweep_231,mega_sweep,0.7628368558042665,0.5468746672021859,0.9700908730110022,0.8367481824190349,1.0,,,,0.5304943019648702,0.9513189065779621,0.8367481824190349,routing,,,,4.300908782025642e-10,-0.141226,,,3867.0,0.688757,0.0
traj_sweep_232,mega_sweep,0.8309168154783562,0.6347006808486595,0.9774024475567393,0.9247626004382761,1.0,1076.77,0.582016,1.187273048097551,0.8786315928411852,0.9981751750154455,1.0747028862478776,floorplan,,,,,,,,,,
traj_sweep_232,mega_sweep,0.8309168154783562,0.6347006808486595,0.9774024475567393,0.9247626004382761,1.0,,,,0.7618765021809442,0.9550094719054691,0.9817758821248544,placement,3166.61,0.637105,0.713591,4.284288229774946e-10,,,,,,
traj_sweep_232,mega_sweep,0.8309168154783562,0.6347006808486595,0.9774024475567393,0.9247626004382761,1.0,,,,0.6603399943420004,0.9532091961359536,0.9554716981132075,cts,,,,4.2923797382506835e-10,-0.00079331,0.000908697,5.0,,,
traj_sweep_232,mega_sweep,0.8309168154783562,0.6347006808486595,0.9774024475567393,0.9247626004382761,1.0,,,,0.6113042236083996,0.9462208529215612,0.9247626004382761,routing,,,,4.324081240838353e-10,-0.0282078,,,3524.0,0.713591,0.0
traj_sweep_233,mega_sweep,0.8355191854140607,0.6507643399737858,0.9628324884311824,0.9308823529411764,1.0,1076.77,0.582016,1.187273048097551,0.898911695274677,0.9981751750154455,1.0747028862478776,floorplan,,,,,,,,,,
traj_sweep_233,mega_sweep,0.8355191854140607,0.6507643399737858,0.9628324884311824,0.9308823529411764,1.0,,,,0.795158229108139,0.9551485841240226,0.9968503937007873,placement,3134.44,0.62747,0.717508,4.2836642463963674e-10,,,,,,
traj_sweep_233,mega_sweep,0.8355191854140607,0.6507643399737858,0.9628324884311824,0.9308823529411764,1.0,,,,0.6960663953123609,0.9436022699840839,0.9817758821248544,cts,,,,4.336080963303747e-10,0.0,0.00374065,1.0,,,
traj_sweep_233,mega_sweep,0.8355191854140607,0.6507643399737858,0.9628324884311824,0.9308823529411764,1.0,,,,0.6281392634220331,0.9427553220652436,0.9308823529411764,routing,,,,4.3399763905284354e-10,-0.00717409,,,3653.0,0.717508,0.0
traj_sweep_234,mega_sweep,0.8644098738801551,0.7026243056125661,0.9537451873309685,0.9638370765131327,1.0,1076.77,0.582016,1.187273048097551,0.9191901111321363,0.9981751750154455,1.0747028862478776,floorplan,,,,,,,,,,
traj_sweep_234,mega_sweep,0.8644098738801551,0.7026243056125661,0.9537451873309685,0.9638370765131327,1.0,,,,0.8178409566626018,0.9484057330600187,1.0,placement,3199.09,0.625494,0.700785,4.3141196823082264e-10,,,,,,
traj_sweep_234,mega_sweep,0.8644098738801551,0.7026243056125661,0.9537451873309685,0.9638370765131327,1.0,,,,0.7174729648273303,0.9380582389211438,0.9867498051441932,cts,,,,4.3617076957970583e-10,0.0,0.000231738,0.0,,,
traj_sweep_234,mega_sweep,0.8644098738801551,0.7026243056125661,0.9537451873309685,0.9638370765131327,1.0,,,,0.6767476711524124,0.9296828650570564,0.9638370765131327,routing,,,,4.401001667979632e-10,-0.00124065,,,3517.0,0.700785,0.0
traj_sweep_235,mega_sweep,0.8775413667385399,0.7355845771653318,0.9321173288817424,0.9855975087582716,1.0,1076.77,0.582016,1.187273048097551,0.9394607817514662,0.9981751750154455,1.0747028862478776,floorplan,,,,,,,,,,
traj_sweep_235,mega_sweep,0.8775413667385399,0.7355845771653318,0.9321173288817424,0.9855975087582716,1.0,,,,0.8389008947616536,0.9463926974268331,1.0027722772277228,placement,3111.44,0.623765,0.708605,4.3232960809321025e-10,,,,,,
traj_sweep_235,mega_sweep,0.8775413667385399,0.7355845771653318,0.9321173288817424,0.9855975087582716,1.0,,,,0.7389931417857672,0.9360656609671573,0.9902229174814234,cts,,,,4.3709923463924014e-10,0.0,0.000770897,0.0,,,
traj_sweep_235,mega_sweep,0.8775413667385399,0.7355845771653318,0.9321173288817424,0.9855975087582716,1.0,,,,0.7086944521115098,0.9109272647673757,0.9855975087582716,routing,,,,4.491616397993146e-10,0.0,,,3446.0,0.708605,0.0
traj_sweep_236,mega_sweep,0.8902788029838921,0.7646673417118351,0.9289913955001289,0.9933307179285994,1.0,1076.77,0.582016,1.187273048097551,0.9597223334668269,0.9981751750154455,1.0747028862478776,floorplan,,,,,,,,,,
traj_sweep_236,mega_sweep,0.8902788029838921,0.7646673417118351,0.9289913955001289,0.9933307179285994,1.0,,,,0.8604104532986103,0.9405172519608685,1.0051607780865421,placement,3086.52,0.622283,0.713027,4.3503038687252303e-10,,,,,,
traj_sweep_236,mega_sweep,0.8902788029838921,0.7646673417118351,0.9289913955001289,0.9933307179285994,1.0,,,,0.7641276805605156,0.9299447233508041,0.9941107184923439,cts,,,,4.3997624128297074e-10,0.0,0.000728924,0.0,,,
traj_sweep_236,mega_sweep,0.8902788029838921,0.7646673417118351,0.9289913955001289,0.9933307179285994,1.0,,,,0.7362203434263993,0.904671306468309,0.9933307179285994,routing,,,,4.522676700978707e-10,0.0,,,3428.0,0.713027,0.0
traj_sweep_237,mega_sweep,0.8923737178583957,0.7755760766376112,0.9220439676441345,0.9937205651491364,1.0,1076.77,0.582016,1.187273048097551,0.9799786264203616,0.9981751750154455,1.0747028862478776,floorplan,,,,,,,,,,
traj_sweep_237,mega_sweep,0.8923737178583957,0.7755760766376112,0.9220439676441345,0.9937205651491364,1.0,,,,0.880314251008973,0.9365320960528953,1.0063593004769475,placement,3140.15,0.621542,0.708539,4.3688153957054543e-10,,,,,,
traj_sweep_237,mega_sweep,0.8923737178583957,0.7755760766376112,0.9220439676441345,0.9937205651491364,1.0,,,,0.7745399698340875,0.924658459045772,0.9945011783189316,cts,,,,4.424915815976601e-10,0.0,0.000389543,0.0,,,
traj_sweep_237,mega_sweep,0.8923737178583957,0.7755760766376112,0.9220439676441345,0.9937205651491364,1.0,,,,0.7472331933646531,0.902793291517837,0.9937205651491364,routing,,,,4.5320848950142534e-10,0.0,,,3413.0,0.708539,0.0
traj_sweep_238,mega_sweep,0.8967154098666559,0.7906946051410194,0.9147978576718343,0.9968503937007873,1.0,1076.77,0.582016,1.187273048097551,1.000228169468699,0.9981751750154455,1.0747028862478776,floorplan,,,,,,,,,,
traj_sweep_238,mega_sweep,0.8967154098666559,0.7906946051410194,0.9147978576718343,0.9968503937007873,1.0,,,,0.8991635315776835,0.928389939731677,1.0103750997605745,placement,3111.44,0.619071,0.706286,4.407130737533329e-10,,,,,,
traj_sweep_238,mega_sweep,0.8967154098666559,0.7906946051410194,0.9147978576718343,0.9968503937007873,1.0,,,,0.7890111240857969,0.9203173395197355,0.9968503937007873,cts,,,,4.445788060391585e-10,0.0,0.0011519,0.0,,,
traj_sweep_238,mega_sweep,0.8967154098666559,0.7906946051410194,0.9147978576718343,0.9968503937007873,1.0,,,,0.7612343608379287,0.8912919842721362,0.9968503937007873,routing,,,,4.590567302307219e-10,0.0,,,3418.0,0.706286,0.0
traj_sweep_239,mega_sweep,0.9014056446959536,0.8080239531726265,0.9078667959591992,0.9984227129337538,1.0,1076.77,0.582016,1.187273048097551,1.020468184889313,0.9981751750154455,1.0747028862478776,floorplan,,,,,,,,,,
traj_sweep_239,mega_sweep,0.9014056446959536,0.8080239531726265,0.9078667959591992,0.9984227129337538,1.0,,,,0.9172246264391278,0.9229072817063341,1.0103750997605745,placement,3084.59,0.619071,0.704894,4.4333119056591224e-10,,,,,,
traj_sweep_239,mega_sweep,0.9014056446959536,0.8080239531726265,0.9078667959591992,0.9984227129337538,1.0,,,,0.8075701274718164,0.9131530602642314,0.9984227129337538,cts,,,,4.480668157235607e-10,0.0,0.000743405,0.0,,,
traj_sweep_239,mega_sweep,0.9014056446959536,0.8080239531726265,0.9078667959591992,0.9984227129337538,1.0,,,,0.7795454545454545,0.8863044020834101,0.9984227129337538,routing,,,,4.616400223433771e-10,0.0,,,3452.0,0.704894,0.0
traj_sweep_240,mega_sweep,0.9001140535567516,0.8220453713867546,0.8896021799702954,0.9972430090586843,1.0,1076.77,0.582016,1.187273048097551,1.0407059559240774,0.9981751750154455,1.0747028862478776,floorplan,,,,,,,,,,
traj_sweep_240,mega_sweep,0.9001140535567516,0.8220453713867546,0.8896021799702954,0.9972430090586843,1.0,,,,0.9373686379021701,0.9055264374588289,1.0107784431137723,placement,3064.66,0.618824,0.695823,4.518405725723736e-10,,,,,,
traj_sweep_240,mega_sweep,0.9001140535567516,0.8220453713867546,0.8896021799702954,0.9972430090586843,1.0,,,,0.8218536656743991,0.8966027977922073,0.9972430090586843,cts,,,,4.563376168224299e-10,0.0,0.000647427,0.0,,,
traj_sweep_240,mega_sweep,0.9001140535567516,0.8220453713867546,0.8896021799702954,0.9972430090586843,1.0,,,,0.7928082116249012,0.8754168252136805,0.9972430090586843,routing,,,,4.673814486955384e-10,0.0,,,3456.0,0.695823,0.0
traj_sweep_241,mega_sweep,0.9141603746219544,0.8361261269643373,0.9165694926904713,0.9968503937007873,1.0,1076.77,0.582016,1.187273048097551,1.0609291069004192,0.9981751750154455,1.0747028862478776,floorplan,,,,,,,,,,
traj_sweep_241,mega_sweep,0.9141603746219544,0.8361261269643373,0.9165694926904713,0.9968503937007873,1.0,,,,0.9528788039444386,0.9295887597327409,1.0103750997605745,placement,3101.12,0.619071,0.693292,4.4014471958379914e-10,,,,,,
traj_sweep_241,mega_sweep,0.9141603746219544,0.8361261269643373,0.9165694926904713,0.9968503937007873,1.0,,,,0.8335899671632376,0.9204196279157307,0.9968503937007873,cts,,,,4.4452939895179965e-10,0.0,0.00248632,0.0,,,
traj_sweep_241,mega_sweep,0.9141603746219544,0.8361261269643373,0.9165694926904713,0.9968503937007873,1.0,,,,0.8052292501097641,0.8967623676899598,0.9968503937007873,routing,,,,4.562564161058515e-10,0.0,,,3397.0,0.693292,0.0
traj_sweep_242,mega_sweep,0.9199903678924793,0.8568826847071052,0.9108699832656184,0.9976359338061466,1.0,1076.77,0.582016,1.187273048097551,1.0811532654399336,0.9981751750154455,1.0747028862478776,floorplan,,,,,,,,,,
traj_sweep_242,mega_sweep,0.9199903678924793,0.8568826847071052,0.9108699832656184,0.9976359338061466,1.0,,,,0.9724231587034502,0.9254440339270151,1.0103750997605745,placement,3097.93,0.619071,0.706648,4.421159670181489e-10,,,,,,
traj_sweep_242,mega_sweep,0.9199903678924793,0.8568826847071052,0.9108699832656184,0.9976359338061466,1.0,,,,0.8557403430922101,0.9158411993109854,0.9976359338061466,cts,,,,4.467516686174823e-10,0.0,0.00095926,0.0,,,
traj_sweep_242,mega_sweep,0.9199903678924793,0.8568826847071052,0.9108699832656184,0.9976359338061466,1.0,,,,0.8261489101556395,0.8860507268613419,0.9976359338061466,routing,,,,4.6177218930812673e-10,0.0,,,3420.0,0.706648,0.0
traj_sweep_243,mega_sweep,0.9189967046624367,0.8766815924766113,0.8874172998318379,0.9976359338061466,1.0,1076.77,0.582016,1.187273048097551,1.10136650530057,0.9981751750154455,1.0747028862478776,floorplan,,,,,,,,,,
traj_sweep_243,mega_sweep,0.9189967046624367,0.8766815924766113,0.8874172998318379,0.9976359338061466,1.0,,,,0.9923694468677188,0.897527484892004,1.0103750997605745,placement,3059.26,0.619071,0.686049,4.558674702090608e-10,,,,,,
traj_sweep_243,mega_sweep,0.9189967046624367,0.8766815924766113,0.8874172998318379,0.9976359338061466,1.0,,,,0.8741446142921759,0.8888943442700087,0.9976359338061466,cts,,,,4.60294957008451e-10,0.0,0.00133069,0.0,,,
traj_sweep_243,mega_sweep,0.9189967046624367,0.8766815924766113,0.8874172998318379,0.9976359338061466,1.0,,,,0.8428071689159407,0.86326905530529,0.9976359338061466,routing,,,,4.739583580186644e-10,0.0,,,3437.0,0.686049,0.0
traj_sweep_244,mega_sweep,0.9235159145736241,0.8895906235924748,0.8871554415380901,0.9980291683090263,1.0,1076.77,0.582016,1.187273048097551,1.1215795418380146,0.9981751750154455,1.0747028862478776,floorplan,,,,,,,,,,
traj_sweep_244,mega_sweep,0.9235159145736241,0.8895906235924748,0.8871554415380901,0.9980291683090263,1.0,,,,1.012152680009461,0.898636291104592,1.0107784431137723,placement,3111.84,0.618824,0.704334,4.553049860449022e-10,,,,,,
traj_sweep_244,mega_sweep,0.9235159145736241,0.8895906235924748,0.8871554415380901,0.9980291683090263,1.0,,,,0.8872762457668119,0.8892625824955914,0.9980291683090263,cts,,,,4.601043516669581e-10,0.0,0.00231828,0.0,,,
traj_sweep_244,mega_sweep,0.9235159145736241,0.8895906235924748,0.8871554415380901,0.9980291683090263,1.0,,,,0.8565478261283974,0.8682402713506568,0.9980291683090263,routing,,,,4.712446513732069e-10,0.0,,,3465.0,0.704334,0.0
traj_sweep_245,mega_sweep,0.9290038212553512,0.9028220094636272,0.8894794338951012,0.9984227129337538,1.0,1076.77,0.582016,1.187273048097551,1.1417790031382216,0.9981751750154455,1.0747028862478776,floorplan,,,,,,,,,,
traj_sweep_245,mega_sweep,0.9290038212553512,0.9028220094636272,0.8894794338951012,0.9984227129337538,1.0,,,,1.0291335516822795,0.9069666580744414,1.0119904076738608,placement,3120.48,0.618083,0.694979,4.5112307088496814e-10,,,,,,
traj_sweep_245,mega_sweep,0.9290038212553512,0.9028220094636272,0.8894794338951012,0.9984227129337538,1.0,,,,0.9022917241898641,0.8975438510353632,0.9984227129337538,cts,,,,4.5585915775462014e-10,0.0,0.000744189,0.0,,,
traj_sweep_245,mega_sweep,0.9290038212553512,0.9028220094636272,0.8894794338951012,0.9984227129337538,1.0,,,,0.8703180913550236,0.8735756340857668,0.9984227129337538,routing,,,,4.683665249077318e-10,0.0,,,3451.0,0.694979,0.0
traj_sweep_246,mega_sweep,0.9344586579938493,0.9188188863668896,0.8894794338951012,0.9984227129337538,1.0,1076.77,0.582016,1.187273048097551,1.1619752000930967,0.9981751750154455,1.0747028862478776,floorplan,,,,,,,,,,
traj_sweep_246,mega_sweep,0.9344586579938493,0.9188188863668896,0.8894794338951012,0.9984227129337538,1.0,,,,1.0473465534622712,0.9069666580744414,1.0119904076738608,placement,3120.48,0.618083,0.694979,4.5112307088496814e-10,,,,,,
traj_sweep_246,mega_sweep,0.9344586579938493,0.9188188863668896,0.8894794338951012,0.9984227129337538,1.0,,,,0.9182743399002697,0.8975438510353632,0.9984227129337538,cts,,,,4.5585915775462014e-10,0.0,0.000744189,0.0,,,
traj_sweep_246,mega_sweep,0.9344586579938493,0.9188188863668896,0.8894794338951012,0.9984227129337538,1.0,,,,0.885741460794315,0.8735756340857668,0.9984227129337538,routing,,,,4.683665249077318e-10,0.0,,,3451.0,0.694979,0.0
traj_sweep_247,mega_sweep,0.9413559026604787,0.9382935182091547,0.8897453837246887,0.9992107340173638,1.0,1076.77,0.582016,1.187273048097551,1.1821596058854094,0.9981751750154455,1.0747028862478776,floorplan,,,,,,,,,,
traj_sweep_247,mega_sweep,0.9413559026604787,0.9382935182091547,0.8897453837246887,0.9992107340173638,1.0,,,,1.0663296786748304,0.9048595171169402,1.0128,placement,3079.18,0.617589,0.678675,4.521735984879315e-10,,,,,,
traj_sweep_247,mega_sweep,0.9413559026604787,0.9382935182091547,0.8897453837246887,0.9992107340173638,1.0,,,,0.9360017914707245,0.8962632003175032,0.9992107340173638,cts,,,,4.565105248501504e-10,0.0,0.000527439,0.0,,,
traj_sweep_247,mega_sweep,0.9413559026604787,0.9382935182091547,0.8897453837246887,0.9992107340173638,1.0,,,,0.9021196287763573,0.8690381208394194,0.9992107340173638,routing,,,,4.708120094727376e-10,0.0,,,3373.0,0.678675,0.0
traj_sweep_248,mega_sweep,0.9470527129806628,0.9555739866445494,0.8889107104133679,1.0,1.0,1076.77,0.582016,1.187273048097551,1.2023413720440177,0.9981751750154455,1.0747028862478776,floorplan,,,,,,,,,,
traj_sweep_248,mega_sweep,0.9470527129806628,0.9555739866445494,0.8889107104133679,1.0,1.0,,,,1.0834147105983338,0.9016558445543704,1.0128,placement,3107.61,0.617589,0.697135,4.537802160901389e-10,,,,,,
traj_sweep_248,mega_sweep,0.9470527129806628,0.9555739866445494,0.8889107104133679,1.0,1.0,,,,0.9536118848653669,0.8928181271403847,1.0,cts,,,,4.5827203944805717e-10,0.0,0.00118603,0.0,,,
traj_sweep_248,mega_sweep,0.9470527129806628,0.9555739866445494,0.8889107104133679,1.0,1.0,,,,0.9211262697184326,0.8699137095091385,1.0,routing,,,,4.703381260788381e-10,0.0,,,3413.0,0.697135,0.0
traj_sweep_249,mega_sweep,0.9507327872368024,0.966961312293878,0.8904777686400144,0.9980291683090263,1.0,1076.77,0.582016,1.187273048097551,1.2225169707110695,0.9981751750154455,1.0747028862478776,floorplan,,,,,,,,,,
traj_sweep_249,mega_sweep,0.9507327872368024,0.966961312293878,0.8904777686400144,0.9980291683090263,1.0,,,,1.1009954363073908,0.9054896136362707,1.0115860966839791,placement,3082.16,0.61833,0.693021,4.5185894771088256e-10,,,,,,
traj_sweep_249,mega_sweep,0.9507327872368024,0.966961312293878,0.8904777686400144,0.9980291683090263,1.0,,,,0.965185403968531,0.8965005093962121,0.9980291683090263,cts,,,,4.563896837675881e-10,0.0,0.000583304,0.0,,,
traj_sweep_249,mega_sweep,0.9507327872368024,0.966961312293878,0.8904777686400144,0.9980291683090263,1.0,,,,0.9293710669059057,0.8665709247280151,0.9980291683090263,routing,,,,4.721524485825983e-10,0.0,,,3446.0,0.693021,0.0
traj_sweep_250,mega_sweep,0.9570802248347616,0.9848382730864278,0.8919425384706657,0.9980291683090263,1.0,1076.77,0.582016,1.187273048097551,1.242684883013441,0.9981751750154455,1.0747028862478776,floorplan,,,,,,,,,,
traj_sweep_250,mega_sweep,0.9570802248347616,0.9848382730864278,0.8919425384706657,0.9980291683090263,1.0,,,,1.119623245644089,0.9058496687901738,1.0115860966839791,placement,3091.56,0.61833,0.69283,4.5167934380024934e-10,,,,,,
traj_sweep_250,mega_sweep,0.9570802248347616,0.9848382730864278,0.8919425384706657,0.9980291683090263,1.0,,,,0.9815306311914982,0.8964432278944547,0.9980291683090263,cts,,,,4.564188464470075e-10,0.0,0.000787898,0.0,,,
traj_sweep_250,mega_sweep,0.9570802248347616,0.9848382730864278,0.8919425384706657,0.9980291683090263,1.0,,,,0.9476836765900007,0.8717753583162512,0.9980291683090263,routing,,,,4.693337338314529e-10,0.0,,,3428.0,0.69283,0.0
traj_sweep_251,mega_sweep,0.9631460003994804,1.0,0.8941683339675214,0.9992107340173638,1.0,1076.77,0.582016,1.187273048097551,1.2628457803728141,0.9981751750154455,1.0747028862478776,floorplan,,,,,,,,,,
traj_sweep_251,mega_sweep,0.9631460003994804,1.0,0.8941683339675214,0.9992107340173638,1.0,,,,1.1378179562173183,0.9079240774609565,1.0128,placement,3096.8,0.617589,0.691376,4.5064735492535025e-10,,,,,,
traj_sweep_251,mega_sweep,0.9631460003994804,1.0,0.8941683339675214,0.9992107340173638,1.0,,,,0.9963413011663488,0.8996264427778256,0.9992107340173638,cts,,,,4.548038658328596e-10,0.0,0.000870845,0.0,,,
traj_sweep_251,mega_sweep,0.9631460003994804,1.0,0.8941683339675214,0.9992107340173638,1.0,,,,0.9610874342946062,0.8759650910162148,0.9992107340173638,routing,,,,4.670889150458681e-10,0.0,,,3415.0,0.691376,0.0
traj_sweep_252,mega_sweep,0.45943377106979993,0.147781614865976,0.9703322736255509,0.6762820512820512,1.0,1076.77,0.656374,1.187273048097551,0.2498446568201564,1.009492363148355,0.9529544599171998,floorplan,,,,,,,,,,
traj_sweep_252,mega_sweep,0.45943377106979993,0.147781614865976,0.9703322736255509,0.6762820512820512,1.0,,,,0.19990167967594333,1.0119963830823175,0.7984862819299905,placement,3566.14,0.78335,0.730149,4.043034054475841e-10,,,,,,
traj_sweep_252,mega_sweep,0.45943377106979993,0.147781614865976,0.9703322736255509,0.6762820512820512,1.0,,,,0.16038478355924793,0.9929421006763308,0.7142454160789844,cts,,,,4.120618752111817e-10,-12.6792,0.00037427,9.0,,,
traj_sweep_252,mega_sweep,0.45943377106979993,0.147781614865976,0.9703322736255509,0.6762820512820512,1.0,,,,0.1443143678437796,0.9547721628267603,0.6762820512820512,routing,,,,4.285353091667988e-10,-13.3868,,,5300.0,0.730149,0.0
traj_sweep_253,mega_sweep,0.4850418708163662,0.16546403616177052,0.9862769887932833,0.6992543496271747,1.0,1076.77,0.656374,1.187273048097551,0.26764233744032356,1.009492363148355,0.9529544599171998,floorplan,,,,,,,,,,
traj_sweep_253,mega_sweep,0.4850418708163662,0.16546403616177052,0.9862769887932833,0.6992543496271747,1.0,,,,0.2150295268996277,1.0154619139386352,0.800252844500632,placement,3550.1,0.781621,0.704469,4.0292361374130694e-10,,,,,,
traj_sweep_253,mega_sweep,0.4850418708163662,0.16546403616177052,0.9862769887932833,0.6992543496271747,1.0,,,,0.1706532472464869,0.9953683814293371,0.7116357504215851,cts,,,,4.110574452779776e-10,-12.2224,0.00139967,8.0,,,
traj_sweep_253,mega_sweep,0.4850418708163662,0.16546403616177052,0.9862769887932833,0.6992543496271747,1.0,,,,0.1605954465849387,0.9621123781233761,0.6992543496271747,routing,,,,4.252658975024134e-10,-12.7749,,,4529.0,0.704469,0.0
traj_sweep_254,mega_sweep,0.4911547093882337,0.17604560503065803,0.9731186095324602,0.6916143130292269,1.0,1076.77,0.656374,1.187273048097551,0.2854338711726591,1.009492363148355,0.9529544599171998,floorplan,,,,,,,,,,
traj_sweep_254,mega_sweep,0.4911547093882337,0.17604560503065803,0.9731186095324602,0.6916143130292269,1.0,,,,0.22942235940011055,1.01514686567897,0.800252844500632,placement,3514.5,0.781621,0.695239,4.030486600647296e-10,,,,,,
traj_sweep_254,mega_sweep,0.4911547093882337,0.17604560503065803,0.9731186095324602,0.6916143130292269,1.0,,,,0.1800979590527953,0.9846280998498407,0.7023578363384189,cts,,,,4.15541242468315e-10,-11.8419,0.000851805,9.0,,,
traj_sweep_254,mega_sweep,0.4911547093882337,0.17604560503065803,0.9731186095324602,0.6916143130292269,1.0,,,,0.17161298946825676,0.9544530230312552,0.6916143130292269,routing,,,,4.286785982209838e-10,-12.4429,,,5284.0,0.695239,0.0
traj_sweep_255,mega_sweep,0.5035381107444564,0.18734905033965954,0.9699885846150069,0.7025527192008878,1.0,1076.77,0.656374,1.187273048097551,0.3032187425663901,1.009492363148355,0.9529544599171998,floorplan,,,,,,,,,,
traj_sweep_255,mega_sweep,0.5035381107444564,0.18734905033965954,0.9699885846150069,0.7025527192008878,1.0,,,,0.24590033848031367,1.0186533118936856,0.8038095238095238,placement,3523.76,0.778162,0.716833,4.0166127101692603e-10,,,,,,
traj_sweep_255,mega_sweep,0.5035381107444564,0.18734905033965954,0.9699885846150069,0.7025527192008878,1.0,,,,0.19401101682748617,0.9947628341250455,0.7170773152081563,cts,,,,4.1130767047674675e-10,-11.1102,0.000282892,12.0,,,
traj_sweep_255,mega_sweep,0.5035381107444564,0.18734905033965954,0.9699885846150069,0.7025527192008878,1.0,,,,0.18228453027747551,0.9588391494515296,0.7025527192008878,routing,,,,4.2671764520134673e-10,-11.7635,,,4872.0,0.716833,0.0
traj_sweep_256,mega_sweep,0.5056668207284034,0.1953549239805745,0.9588146002364908,0.6902944383860414,1.0,1076.77,0.656374,1.187273048097551,0.3209975764265061,1.009492363148355,0.9529544599171998,floorplan,,,,,,,,,,
traj_sweep_256,mega_sweep,0.5056668207284034,0.1953549239805745,0.9588146002364908,0.6902944383860414,1.0,,,,0.26251508061005996,1.0167752969432136,0.8061127029608405,placement,3553.91,0.775939,0.713634,4.024031516214835e-10,,,,,,
traj_sweep_256,mega_sweep,0.5056668207284034,0.1953549239805745,0.9588146002364908,0.6902944383860414,1.0,,,,0.2083972501562411,0.9965099199286436,0.7182978723404255,cts,,,,4.105865639652808e-10,-10.6007,0.00104417,8.0,,,
traj_sweep_256,mega_sweep,0.5056668207284034,0.1953549239805745,0.9588146002364908,0.6902944383860414,1.0,,,,0.19054383848321457,0.9546575998232456,0.6902944383860414,routing,,,,4.2858673524054433e-10,-11.2222,,,5155.0,0.713634,0.0
traj_sweep_257,mega_sweep,0.5264187637238101,0.21186191938421278,0.9825291419640191,0.7008026570716855,1.0,1076.77,0.656374,1.187273048097551,0.3387699017798746,1.009492363148355,0.9529544599171998,floorplan,,,,,,,,,,
traj_sweep_257,mega_sweep,0.5264187637238101,0.21186191938421278,0.9825291419640191,0.7008026570716855,1.0,,,,0.2771020624008461,1.0164397910043492,0.8061127029608405,placement,3526.04,0.775939,0.713638,4.0253597665291335e-10,,,,,,
traj_sweep_257,mega_sweep,0.5264187637238101,0.21186191938421278,0.9825291419640191,0.7008026570716855,1.0,,,,0.22121514973980771,1.0011619961785054,0.7211620620905724,cts,,,,4.086787008921456e-10,-10.1011,0.00131423,10.0,,,
traj_sweep_257,mega_sweep,0.5264187637238101,0.21186191938421278,0.9825291419640191,0.7008026570716855,1.0,,,,0.20637951683410247,0.9686465608595498,0.7008026570716855,routing,,,,4.223971885243132e-10,-10.7028,,,4847.0,0.713638,0.0
traj_sweep_258,mega_sweep,0.5359103549523994,0.22231292920896908,0.9884536858600613,0.700414937759336,1.0,1076.77,0.656374,1.187273048097551,0.35653541807592437,1.009492363148355,0.9529544599171998,floorplan,,,,,,,,,,
traj_sweep_258,mega_sweep,0.5359103549523994,0.22231292920896908,0.9884536858600613,0.700414937759336,1.0,,,,0.2921925168464433,1.016337502608354,0.8066263141127746,placement,3490.04,0.775445,0.7193,4.0257648953301125e-10,,,,,,
traj_sweep_258,mega_sweep,0.5359103549523994,0.22231292920896908,0.9884536858600613,0.700414937759336,1.0,,,,0.23353434240667761,1.0010801654617094,0.7199317600227466,cts,,,,4.087121072787539e-10,-9.54891,0.000822994,13.0,,,
traj_sweep_258,mega_sweep,0.5359103549523994,0.22231292920896908,0.9884536858600613,0.700414937759336,1.0,,,,0.21616771724475525,0.9677832467973503,0.700414937759336,routing,,,,4.227739892530852e-10,-10.2378,,,4778.0,0.7193,0.0
traj_sweep_259,mega_sweep,0.5577773907929987,0.24214711354637228,0.9957161619757209,0.7197271176805002,1.0,1076.77,0.656374,1.187273048097551,0.37429428829065226,1.009492363148355,0.9529544599171998,floorplan,,,,,,,,,,
traj_sweep_259,mega_sweep,0.5577773907929987,0.24214711354637228,0.9957161619757209,0.7197271176805002,1.0,,,,0.3083616848613992,1.0164725232910679,0.8089456869009584,placement,3487.14,0.773221,0.701202,4.0252301425333995e-10,,,,,,
traj_sweep_259,mega_sweep,0.5577773907929987,0.24214711354637228,0.9957161619757209,0.7197271176805002,1.0,,,,0.24978215702760734,1.0026103998657976,0.735191637630662,cts,,,,4.0808831031035114e-10,-8.92024,0.00108259,10.0,,,
traj_sweep_259,mega_sweep,0.5577773907929987,0.24214711354637228,0.9957161619757209,0.7197271176805002,1.0,,,,0.23540691163661845,0.9681433019512534,0.7197271176805002,routing,,,,4.2261675844493935e-10,-9.5411,,,4305.0,0.701202,0.0
traj_sweep_260,mega_sweep,0.5425896248023782,0.23920985630000122,0.9710810246842357,0.6876697447039651,1.0,1076.77,0.656374,1.187273048097551,0.3920478837109876,1.009492363148355,0.9529544599171998,floorplan,,,,,,,,,,
traj_sweep_260,mega_sweep,0.5425896248023782,0.23920985630000122,0.9710810246842357,0.6876697447039651,1.0,,,,0.3241761313933124,1.0168203038374515,0.8107588856868395,placement,3500.82,0.771492,0.734526,4.0238534029728227e-10,,,,,,
traj_sweep_260,mega_sweep,0.5425896248023782,0.23920985630000122,0.9710810246842357,0.6876697447039651,1.0,,,,0.2556890282417076,0.9947792002684047,0.7197271176805002,cts,,,,4.1130090362808525e-10,-8.47741,0.000845185,11.0,,,
traj_sweep_260,mega_sweep,0.5425896248023782,0.23920985630000122,0.9710810246842357,0.6876697447039651,1.0,,,,0.23347488286116239,0.9594078729332629,0.6876697447039651,routing,,,,4.2646469298806754e-10,-9.16002,,,4816.0,0.734526,0.0
traj_sweep_261,mega_sweep,0.5710835759791159,0.2636708119820495,0.9878685962349687,0.7150522451284947,1.0,1076.77,0.656374,1.187273048097551,0.4097940906220146,1.009492363148355,0.9529544599171998,floorplan,,,,,,,,,,
traj_sweep_261,mega_sweep,0.5710835759791159,0.2636708119820495,0.9878685962349687,0.7150522451284947,1.0,,,,0.3380409902818764,1.0113990188497055,0.8092042186001918,placement,3534.75,0.772974,0.716815,4.045421998195742e-10,,,,,,
traj_sweep_261,mega_sweep,0.5710835759791159,0.2636708119820495,0.9878685962349687,0.7150522451284947,1.0,,,,0.27478721924177124,0.9944068705069822,0.7394859813084111,cts,,,,4.1145490454246215e-10,-7.86846,0.000638753,8.0,,,
traj_sweep_261,mega_sweep,0.5710835759791159,0.2636708119820495,0.9878685962349687,0.7150522451284947,1.0,,,,0.2559905655002678,0.969538515672628,0.7150522451284947,routing,,,,4.2200859209493504e-10,-8.45931,,,4425.0,0.716815,0.0
traj_sweep_262,mega_sweep,0.582164425918003,0.27588557008502274,0.9871689436063615,0.7244635193133047,1.0,1076.77,0.655385,1.187273048097551,0.42863139016875107,1.009492363148355,0.9543912551828119,floorplan,,,,,,,,,,
traj_sweep_262,mega_sweep,0.582164425918003,0.27588557008502274,0.9871689436063615,0.7244635193133047,1.0,,,,0.3517872975919485,1.0120577561199147,0.805856142584341,placement,3631.89,0.776186,0.707283,4.0427888774792405e-10,,,,,,
traj_sweep_262,mega_sweep,0.582164425918003,0.27588557008502274,0.9871689436063615,0.7244635193133047,1.0,,,,0.29081247957232126,0.9960271186995463,0.7531231409875073,cts,,,,4.1078558635534594e-10,-7.45693,0.00195154,6.0,,,
traj_sweep_262,mega_sweep,0.582164425918003,0.27588557008502274,0.9871689436063615,0.7244635193133047,1.0,,,,0.2680067101584343,0.9618464282937886,0.7244635193133047,routing,,,,4.253834832101139e-10,-8.07402,,,4343.0,0.707283,0.0
traj_sweep_263,mega_sweep,0.5843890619993193,0.28184633719881763,0.9964280892118474,0.7106371035644119,1.0,1076.77,0.648468,1.187273048097551,0.4497989153692725,1.009492363148355,0.9645714285714285,floorplan,,,,,,,,,,
traj_sweep_263,mega_sweep,0.5843890619993193,0.28184633719881763,0.9964280892118474,0.7106371035644119,1.0,,,,0.36931587015217954,1.0204740453424002,0.8138862102217936,placement,3507.92,0.768528,0.72427,4.0094462553776696e-10,,,,,,
traj_sweep_263,mega_sweep,0.5843890619993193,0.28184633719881763,0.9964280892118474,0.7106371035644119,1.0,,,,0.2952544288492877,1.0001759360411118,0.7317919075144508,cts,,,,4.090816117815504e-10,-6.95295,0.000893972,10.0,,,
traj_sweep_263,mega_sweep,0.5843890619993193,0.28184633719881763,0.9964280892118474,0.7106371035644119,1.0,,,,0.2745550921894811,0.9764327535627049,0.7106371035644119,routing,,,,4.190289423290467e-10,-7.57673,,,4527.0,0.72427,0.0
traj_sweep_264,mega_sweep,0.596251771772693,0.29660067362737286,0.9938463300969285,0.7191138880999716,1.0,1076.77,0.647233,1.187273048097551,0.46846565066556156,1.009492363148355,0.9664122137404579,floorplan,,,,,,,,,,
traj_sweep_264,mega_sweep,0.596251771772693,0.29660067362737286,0.9938463300969285,0.7191138880999716,1.0,,,,0.38608618693383573,1.008514486082641,0.8151963940759819,placement,3530.3,0.767292,0.706494,4.056992632501379e-10,,,,,,
traj_sweep_264,mega_sweep,0.596251771772693,0.29660067362737286,0.9938463300969285,0.7191138880999716,1.0,,,,0.3117294870994374,0.9947792002684047,0.7429577464788731,cts,,,,4.1130090362808525e-10,-6.63624,0.00115493,6.0,,,
traj_sweep_264,mega_sweep,0.596251771772693,0.29660067362737286,0.9938463300969285,0.7191138880999716,1.0,,,,0.288675557211669,0.9633684796261973,0.7191138880999716,routing,,,,4.247114085978578e-10,-7.09569,,,4426.0,0.706494,0.0
traj_sweep_265,mega_sweep,0.6104135990366428,0.3138409422282756,0.9969027073692652,0.726959517657192,1.0,1076.77,0.643528,1.187273048097551,0.48926903100057717,1.009492363148355,0.9719769673704415,floorplan,,,,,,,,,,
traj_sweep_265,mega_sweep,0.6104135990366428,0.3138409422282756,0.9969027073692652,0.726959517657192,1.0,,,,0.4025154415683886,1.0091609487453306,0.8188874514877101,placement,3473.1,0.763834,0.712297,4.054393746503085e-10,,,,,,
traj_sweep_265,mega_sweep,0.6104135990366428,0.3138409422282756,0.9969027073692652,0.726959517657192,1.0,,,,0.32064309874834085,1.0013133830045784,0.7447058823529411,cts,,,,4.086169134712824e-10,-5.97472,0.00108621,10.0,,,
traj_sweep_265,mega_sweep,0.6104135990366428,0.3138409422282756,0.9969027073692652,0.726959517657192,1.0,,,,0.30417012894043427,0.978752654383876,0.726959517657192,routing,,,,4.180357336945162e-10,-6.60341,,,4102.0,0.712297,0.0
traj_sweep_266,mega_sweep,0.6029641162581968,0.31353763438984433,0.9769646532218799,0.7156585641605426,1.0,1076.77,0.643528,1.187273048097551,0.5073004959200206,1.009492363148355,0.9719769673704415,floorplan,,,,,,,,,,
traj_sweep_266,mega_sweep,0.6029641162581968,0.31353763438984433,0.9769646532218799,0.7156585641605426,1.0,,,,0.4176230165276774,0.9992389743337957,0.8178294573643411,placement,3481.37,0.764822,0.718272,4.09465197505538e-10,,,,,,
traj_sweep_266,mega_sweep,0.6029641162581968,0.31353763438984433,0.9769646532218799,0.7156585641605426,1.0,,,,0.33091893285217167,0.9952292692107837,0.7399181765049678,cts,,,,4.1111490250410086e-10,-5.59219,0.00157546,10.0,,,
traj_sweep_266,mega_sweep,0.6029641162581968,0.31353763438984433,0.9769646532218799,0.7156585641605426,1.0,,,,0.306014836608318,0.9652383115049896,0.7156585641605426,routing,,,,4.2388866987974277e-10,-6.22271,,,4745.0,0.718272,0.0
traj_sweep_267,mega_sweep,0.6176359337099318,0.3336650206066907,0.9777665942464823,0.7221905305191101,1.0,1076.77,0.643281,1.187273048097551,0.5255137246646316,1.0093491593939616,0.9723502304147464,floorplan,,,,,,,,,,
traj_sweep_267,mega_sweep,0.6176359337099318,0.3336650206066907,0.9777665942464823,0.7221905305191101,1.0,,,,0.43382509123911406,0.9993330796581112,0.8228794280142996,placement,3471.13,0.760128,0.697093,4.094266389348357e-10,,,,,,
traj_sweep_267,mega_sweep,0.6176359337099318,0.3336650206066907,0.9777665942464823,0.7221905305191101,1.0,,,,0.34375179304356474,0.9909945296165822,0.7369033760186262,cts,,,,4.1287168773688515e-10,-5.18383,0.000829684,9.0,,,
traj_sweep_267,mega_sweep,0.6176359337099318,0.3336650206066907,0.9777665942464823,0.7221905305191101,1.0,,,,0.32458242510379554,0.9627220169635076,0.7221905305191101,routing,,,,4.249966000271998e-10,-5.82479,,,4449.0,0.697093,0.0
traj_sweep_268,mega_sweep,0.6454146867111481,0.36115420166378653,0.9881631868154349,0.7533472180898542,1.0,1076.77,0.643034,1.187273048097551,0.5437296175511415,1.0093491593939616,0.9727237802535534,floorplan,,,,,,,,,,
traj_sweep_268,mega_sweep,0.6454146867111481,0.36115420166378653,0.9881631868154349,0.7533472180898542,1.0,,,,0.4464548308890744,1.012352346700381,0.8231469440832249,placement,3545.62,0.759881,0.698121,4.0416124416997403e-10,,,,,,
traj_sweep_268,mega_sweep,0.6454146867111481,0.36115420166378653,0.9881631868154349,0.7533472180898542,1.0,,,,0.3643890828437157,0.9992757981563539,0.7576301615798923,cts,,,,4.0945010850427877e-10,-4.65592,0.00155324,6.0,,,
traj_sweep_268,mega_sweep,0.6454146867111481,0.36115420166378653,0.9881631868154349,0.7533472180898542,1.0,,,,0.3506623744024973,0.9634707680221924,0.7533472180898542,routing,,,,4.2466631844028554e-10,-5.20595,,,4056.0,0.698121,0.0
traj_sweep_269,mega_sweep,0.6550179178990979,0.3755401215221189,0.990998621152422,0.7551446465851476,1.0,1076.77,0.638587,1.187273048097551,0.5673107880333571,1.0093246101789228,0.9794970986460347,floorplan,,,,,,,,,,
traj_sweep_269,mega_sweep,0.6550179178990979,0.3755401215221189,0.990998621152422,0.7551446465851476,1.0,,,,0.464349380719368,1.0041856411641237,0.827721477607061,placement,3473.01,0.755682,0.716951,4.0744815222262966e-10,,,,,,
traj_sweep_269,mega_sweep,0.6550179178990979,0.3755401215221189,0.990998621152422,0.7551446465851476,1.0,,,,0.37887609563600644,0.9981056189061688,0.7601320924647252,cts,,,,4.0993014790279734e-10,-4.19347,0.00154405,7.0,,,
traj_sweep_269,mega_sweep,0.6550179178990979,0.3755401215221189,0.990998621152422,0.7551446465851476,1.0,,,,0.3636643229298397,0.9634707680221924,0.7551446465851476,routing,,,,4.2466631844028554e-10,-4.73614,,,3903.0,0.716951,0.0
traj_sweep_270,mega_sweep,0.6589834339277019,0.38574727642660306,0.9821118053083586,0.7553699284009546,1.0,1076.77,0.638587,1.187273048097551,0.5855072841468818,1.0093246101789228,0.9794970986460347,floorplan,,,,,,,,,,
traj_sweep_270,mega_sweep,0.6589834339277019,0.38574727642660306,0.9821118053083586,0.7553699284009546,1.0,,,,0.4864247515534674,1.0131542877249833,0.8367481824190349,placement,3436.51,0.74753,0.707363,4.0384133881480646e-10,,,,,,
traj_sweep_270,mega_sweep,0.6589834339277019,0.38574727642660306,0.9821118053083586,0.7553699284009546,1.0,,,,0.4133879819126083,1.0051144197997601,0.7972292191435767,cts,,,,4.070716486808843e-10,-3.50995,0.00190797,3.0,,,
traj_sweep_270,mega_sweep,0.6589834339277019,0.38574727642660306,0.9821118053083586,0.7553699284009546,1.0,,,,0.3739461879676096,0.9622105749835316,0.7553699284009546,routing,,,,4.252224976719068e-10,-4.22504,,,4063.0,0.707363,0.0
traj_sweep_271,mega_sweep,0.664453872653627,0.39659741606628646,0.975724917862418,0.7580838323353293,1.0,1076.77,0.638587,1.187273048097551,0.6036988022222372,1.0093246101789228,0.9794970986460347,floorplan,,,,,,,,,,
traj_sweep_271,mega_sweep,0.664453872653627,0.39659741606628646,0.975724917862418,0.7580838323353293,1.0,,,,0.5047772578932882,1.008768161304709,0.8451268357810413,placement,3519.75,0.740119,0.726176,4.055972419387548e-10,,,,,,
traj_sweep_271,mega_sweep,0.664453872653627,0.39659741606628646,0.975724917862418,0.7580838323353293,1.0,,,,0.4286497908408817,1.00618640218979,0.8053435114503816,cts,,,,4.0663795802683e-10,-3.16886,0.000767504,4.0,,,
traj_sweep_271,mega_sweep,0.664453872653627,0.39659741606628646,0.975724917862418,0.7580838323353293,1.0,,,,0.3851875981817753,0.9609503819448706,0.7580838323353293,routing,,,,4.257801356535512e-10,-3.97803,,,4086.0,0.726176,0.0
traj_sweep_272,mega_sweep,0.6848929607845863,0.4228958383823173,0.987713117873056,0.7691373025516403,1.0,1076.77,0.632164,1.187273048097551,0.6311235651254824,1.0092836948205248,0.9894490035169988,floorplan,,,,,,,,,,
traj_sweep_272,mega_sweep,0.6848929607845863,0.4228958383823173,0.987713117873056,0.7691373025516403,1.0,,,,0.5259058336771449,1.0043861264202745,0.850235057085292,placement,3414.91,0.735672,0.736636,4.0736682160184783e-10,,,,,,
traj_sweep_272,mega_sweep,0.6848929607845863,0.4228958383823173,0.987713117873056,0.7691373025516403,1.0,,,,0.4481871228367662,1.0025367522206812,0.8125802310654685,cts,,,,4.081182890048852e-10,-2.81344,0.00187142,3.0,,,
traj_sweep_272,mega_sweep,0.6848929607845863,0.4228958383823173,0.987713117873056,0.7691373025516403,1.0,,,,0.4089865447586453,0.9698944792906914,0.7691373025516403,routing,,,,4.218537095705951e-10,-3.40311,,,3914.0,0.736636,0.0
traj_sweep_273,mega_sweep,0.684881222680565,0.4273624991380561,0.9791208926094588,0.7677380230442692,1.0,1076.77,0.632164,1.187273048097551,0.649571908215965,1.0092836948205248,0.9894490035169988,floorplan,,,,,,,,,,
traj_sweep_273,mega_sweep,0.684881222680565,0.4273624991380561,0.9791208926094588,0.7677380230442692,1.0,,,,0.5435076461569632,1.0003805128331023,0.8530997304582209,placement,3293.12,0.733202,0.70467,4.0899795501022496e-10,,,,,,
traj_sweep_273,mega_sweep,0.684881222680565,0.4273624991380561,0.9791208926094588,0.7677380230442692,1.0,,,,0.44330657195358075,0.9933307965811127,0.7863354037267081,cts,,,,4.1190063309127306e-10,-2.50817,0.00165626,4.0,,,
traj_sweep_273,mega_sweep,0.684881222680565,0.4273624991380561,0.9791208926094588,0.7677380230442692,1.0,,,,0.4145980821620774,0.9583931720449905,0.7677380230442692,routing,,,,4.269162134239534e-10,-3.06388,,,3915.0,0.70467,0.0
traj_sweep_274,mega_sweep,0.7160353267907977,0.464482583066073,0.9870339229236479,0.8007590132827324,1.0,1076.77,0.632164,1.187273048097551,0.6680145992997688,1.0092836948205248,0.9894490035169988,floorplan,,,,,,,,,,
traj_sweep_274,mega_sweep,0.7160353267907977,0.464482583066073,0.9870339229236479,0.8007590132827324,1.0,,,,0.5588038689578624,0.9995499310576211,0.8528123947457056,placement,3298.45,0.733449,0.729327,4.0933781421793965e-10,,,,,,
traj_sweep_274,mega_sweep,0.7160353267907977,0.464482583066073,0.9870339229236479,0.8007590132827324,1.0,,,,0.46986792709324576,0.9950042347395942,0.807140580172139,cts,,,,4.112078820326828e-10,-1.98018,0.00188383,3.0,,,
traj_sweep_274,mega_sweep,0.7160353267907977,0.464482583066073,0.9870339229236479,0.8007590132827324,1.0,,,,0.44810331716924917,0.9602220885653848,0.8007590132827324,routing,,,,4.261030743336813e-10,-2.57983,,,3639.0,0.729327,0.0
traj_sweep_275,mega_sweep,0.6901020364254337,0.44708006954998963,0.9659256895260774,0.7610459873760144,1.0,1076.77,0.631423,1.187273048097551,0.6886890415630497,1.0092836948205248,0.9906103286384976,floorplan,,,,,,,,,,
traj_sweep_275,mega_sweep,0.6901020364254337,0.44708006954998963,0.9659256895260774,0.7610459873760144,1.0,,,,0.5781264575231515,1.004521147102988,0.8559837728194726,placement,3307.98,0.730731,0.72308,4.073120662126495e-10,,,,,,
traj_sweep_275,mega_sweep,0.6901020364254337,0.44708006954998963,0.9659256895260774,0.7610459873760144,1.0,,,,0.49826041877472493,0.9849595142528651,0.8266405484818804,cts,,,,4.154014231652758e-10,-1.66071,0.00140771,1.0,,,
traj_sweep_275,mega_sweep,0.6901020364254337,0.44708006954998963,0.9659256895260774,0.7610459873760144,1.0,,,,0.4340168021771835,0.9551363095165032,0.7610459873760144,routing,,,,4.2837192964419426e-10,-2.26339,,,4036.0,0.72308,0.0
traj_sweep_276,mega_sweep,0.6729939821208115,0.43481795088907704,0.960708981330322,0.7296829971181555,1.0,1076.77,0.6292,1.187273048097551,0.7107964881752749,1.0092836948205248,0.9941107184923439,floorplan,,,,,,,,,,
traj_sweep_276,mega_sweep,0.6729939821208115,0.43481795088907704,0.960708981330322,0.7296829971181555,1.0,,,,0.5936392491817032,0.9979337744008968,0.8577235772357723,placement,3352.76,0.729249,0.70579,4.100007380013284e-10,,,,,,
traj_sweep_276,mega_sweep,0.6729939821208115,0.43481795088907704,0.960708981330322,0.7296829971181555,1.0,,,,0.47040287268929887,0.9768787309692439,0.7686703096539161,cts,,,,4.1883764177654175e-10,-1.31907,0.0014791,7.0,,,
traj_sweep_276,mega_sweep,0.6729939821208115,0.43481795088907704,0.960708981330322,0.7296829971181555,1.0,,,,0.42268797682097403,0.9459589946278134,0.7296829971181555,routing,,,,4.325278223521728e-10,-1.94565,,,4256.0,0.70579,0.0
traj_sweep_277,mega_sweep,0.7125709266348675,0.4830959945382511,0.9666498913697235,0.7747858017135862,1.0,1076.77,0.628211,1.187273048097551,0.7312242672785563,1.0092836948205248,0.995674400314589,floorplan,,,,,,,,,,
traj_sweep_277,mega_sweep,0.7125709266348675,0.4830959945382511,0.9666498913697235,0.7747858017135862,1.0,,,,0.6055966440352444,0.9879381523442454,0.8583050847457626,placement,3388.08,0.728755,0.703711,4.141489859562079e-10,,,,,,
traj_sweep_277,mega_sweep,0.7125709266348675,0.4830959945382511,0.9666498913697235,0.7747858017135862,1.0,,,,0.5183196398651513,0.9811011959559259,0.8220779220779221,cts,,,,4.1703504762540244e-10,-0.895063,0.000693008,2.0,,,
traj_sweep_277,mega_sweep,0.7125709266348675,0.4830959945382511,0.9666498913697235,0.7747858017135862,1.0,,,,0.4678352222147026,0.9492485894430193,0.7747858017135862,routing,,,,4.310289091089339e-10,-1.4621,,,3849.0,0.703711,0.0
traj_sweep_278,mega_sweep,0.7233452978790677,0.4978463737365623,0.965892957239359,0.7870686975442959,1.0,1076.77,0.593132,1.187273048097551,0.7954644029989466,1.010216564992001,1.054560599750104,floorplan,,,,,,,,,,
traj_sweep_278,mega_sweep,0.7233452978790677,0.4978463737365623,0.965892957239359,0.7870686975442959,1.0,,,,0.6572947828058602,0.9944559689370599,0.8994671403197158,placement,3294.82,0.695405,0.74122,4.114345901288613e-10,,,,,,
traj_sweep_278,mega_sweep,0.7233452978790677,0.4978463737365623,0.965892957239359,0.7870686975442959,1.0,,,,0.5295596038880492,0.9744688163595969,0.8328947368421052,cts,,,,4.198734501421272e-10,-0.367142,0.00106511,2.0,,,
traj_sweep_278,mega_sweep,0.7233452978790677,0.4978463737365623,0.965892957239359,0.7870686975442959,1.0,,,,0.4827339849216134,0.9476938058238921,0.7870686975442959,routing,,,,4.3173605384612063e-10,-1.2017,,,3924.0,0.74122,0.0
traj_sweep_279,mega_sweep,0.7596857043183861,0.5342853830444386,0.9797223483779106,0.8375785643400594,1.0,1076.77,0.582016,1.187273048097551,0.8380442587636269,0.9981751750154455,1.0747028862478776,floorplan,,,,,,,,,,
traj_sweep_279,mega_sweep,0.7596857043183861,0.5342853830444386,0.9797223483779106,0.8375785643400594,1.0,,,,0.6944419759287522,0.9781552901512641,0.9308823529411764,placement,3269.26,0.671937,0.702066,4.182910301671491e-10,,,,,,
traj_sweep_279,mega_sweep,0.7596857043183861,0.5342853830444386,0.9797223483779106,0.8375785643400594,1.0,,,,0.5607880211794732,0.9741169442773734,0.8615175229669955,cts,,,,4.200251175020266e-10,-0.192529,0.00117015,9.0,,,
traj_sweep_279,mega_sweep,0.7596857043183861,0.5342853830444386,0.9797223483779106,0.8375785643400594,1.0,,,,0.5174958466619255,0.9554513577761684,0.8375785643400594,routing,,,,4.2823067930232657e-10,-0.350038,,,3939.0,0.702066,0.0
traj_sweep_280,mega_sweep,0.7628368558042665,0.5468746672021859,0.9700908730110022,0.8367481824190349,1.0,1076.77,0.582016,1.187273048097551,0.8583395018983262,0.9981751750154455,1.0747028862478776,floorplan,,,,,,,,,,
traj_sweep_280,mega_sweep,0.7628368558042665,0.5468746672021859,0.9700908730110022,0.8367481824190349,1.0,,,,0.7225436082155103,0.954158432450789,0.9561933534743201,placement,3227.23,0.65415,0.688757,4.288109501164222e-10,,,,,,
traj_sweep_280,mega_sweep,0.7628368558042665,0.5468746672021859,0.9700908730110022,0.8367481824190349,1.0,,,,0.6227547399933474,0.9713428829779834,0.9210622044379774,cts,,,,4.21224668601492e-10,-0.00748426,0.00105548,7.0,,,
traj_sweep_280,mega_sweep,0.7628368558042665,0.5468746672021859,0.9700908730110022,0.8367481824190349,1.0,,,,0.5304943019648702,0.9513189065779621,0.8367481824190349,routing,,,,4.300908782025642e-10,-0.141226,,,3867.0,0.688757,0.0
traj_sweep_281,mega_sweep,0.8309168154783562,0.6347006808486595,0.9774024475567393,0.9247626004382761,1.0,1076.77,0.582016,1.187273048097551,0.8786315928411852,0.9981751750154455,1.0747028862478776,floorplan,,,,,,,,,,
traj_sweep_281,mega_sweep,0.8309168154783562,0.6347006808486595,0.9774024475567393,0.9247626004382761,1.0,,,,0.7618765021809442,0.9550094719054691,0.9817758821248544,placement,3166.61,0.637105,0.713591,4.284288229774946e-10,,,,,,
traj_sweep_281,mega_sweep,0.8309168154783562,0.6347006808486595,0.9774024475567393,0.9247626004382761,1.0,,,,0.6603399943420004,0.9532091961359536,0.9554716981132075,cts,,,,4.2923797382506835e-10,-0.00079331,0.000908697,5.0,,,
traj_sweep_281,mega_sweep,0.8309168154783562,0.6347006808486595,0.9774024475567393,0.9247626004382761,1.0,,,,0.6113042236083996,0.9462208529215612,0.9247626004382761,routing,,,,4.324081240838353e-10,-0.0282078,,,3524.0,0.713591,0.0
traj_sweep_282,mega_sweep,0.8355191854140607,0.6507643399737858,0.9628324884311824,0.9308823529411764,1.0,1076.77,0.582016,1.187273048097551,0.898911695274677,0.9981751750154455,1.0747028862478776,floorplan,,,,,,,,,,
traj_sweep_282,mega_sweep,0.8355191854140607,0.6507643399737858,0.9628324884311824,0.9308823529411764,1.0,,,,0.795158229108139,0.9551485841240226,0.9968503937007873,placement,3134.44,0.62747,0.717508,4.2836642463963674e-10,,,,,,
traj_sweep_282,mega_sweep,0.8355191854140607,0.6507643399737858,0.9628324884311824,0.9308823529411764,1.0,,,,0.6960663953123609,0.9436022699840839,0.9817758821248544,cts,,,,4.336080963303747e-10,0.0,0.00374065,1.0,,,
traj_sweep_282,mega_sweep,0.8355191854140607,0.6507643399737858,0.9628324884311824,0.9308823529411764,1.0,,,,0.6281392634220331,0.9427553220652436,0.9308823529411764,routing,,,,4.3399763905284354e-10,-0.00717409,,,3653.0,0.717508,0.0
traj_sweep_283,mega_sweep,0.8644098738801551,0.7026243056125661,0.9537451873309685,0.9638370765131327,1.0,1076.77,0.582016,1.187273048097551,0.9191901111321363,0.9981751750154455,1.0747028862478776,floorplan,,,,,,,,,,
traj_sweep_283,mega_sweep,0.8644098738801551,0.7026243056125661,0.9537451873309685,0.9638370765131327,1.0,,,,0.8178409566626018,0.9484057330600187,1.0,placement,3199.09,0.625494,0.700785,4.3141196823082264e-10,,,,,,
traj_sweep_283,mega_sweep,0.8644098738801551,0.7026243056125661,0.9537451873309685,0.9638370765131327,1.0,,,,0.7174729648273303,0.9380582389211438,0.9867498051441932,cts,,,,4.3617076957970583e-10,0.0,0.000231738,0.0,,,
traj_sweep_283,mega_sweep,0.8644098738801551,0.7026243056125661,0.9537451873309685,0.9638370765131327,1.0,,,,0.6767476711524124,0.9296828650570564,0.9638370765131327,routing,,,,4.401001667979632e-10,-0.00124065,,,3517.0,0.700785,0.0
traj_sweep_284,mega_sweep,0.8775413667385399,0.7355845771653318,0.9321173288817424,0.9855975087582716,1.0,1076.77,0.582016,1.187273048097551,0.9394607817514662,0.9981751750154455,1.0747028862478776,floorplan,,,,,,,,,,
traj_sweep_284,mega_sweep,0.8775413667385399,0.7355845771653318,0.9321173288817424,0.9855975087582716,1.0,,,,0.8389008947616536,0.9463926974268331,1.0027722772277228,placement,3111.44,0.623765,0.708605,4.3232960809321025e-10,,,,,,
traj_sweep_284,mega_sweep,0.8775413667385399,0.7355845771653318,0.9321173288817424,0.9855975087582716,1.0,,,,0.7389931417857672,0.9360656609671573,0.9902229174814234,cts,,,,4.3709923463924014e-10,0.0,0.000770897,0.0,,,
traj_sweep_284,mega_sweep,0.8775413667385399,0.7355845771653318,0.9321173288817424,0.9855975087582716,1.0,,,,0.7086944521115098,0.9109272647673757,0.9855975087582716,routing,,,,4.491616397993146e-10,0.0,,,3446.0,0.708605,0.0
traj_sweep_285,mega_sweep,0.8902788029838921,0.7646673417118351,0.9289913955001289,0.9933307179285994,1.0,1076.77,0.582016,1.187273048097551,0.9597223334668269,0.9981751750154455,1.0747028862478776,floorplan,,,,,,,,,,
traj_sweep_285,mega_sweep,0.8902788029838921,0.7646673417118351,0.9289913955001289,0.9933307179285994,1.0,,,,0.8604104532986103,0.9405172519608685,1.0051607780865421,placement,3086.52,0.622283,0.713027,4.3503038687252303e-10,,,,,,
traj_sweep_285,mega_sweep,0.8902788029838921,0.7646673417118351,0.9289913955001289,0.9933307179285994,1.0,,,,0.7641276805605156,0.9299447233508041,0.9941107184923439,cts,,,,4.3997624128297074e-10,0.0,0.000728924,0.0,,,
traj_sweep_285,mega_sweep,0.8902788029838921,0.7646673417118351,0.9289913955001289,0.9933307179285994,1.0,,,,0.7362203434263993,0.904671306468309,0.9933307179285994,routing,,,,4.522676700978707e-10,0.0,,,3428.0,0.713027,0.0
traj_sweep_286,mega_sweep,0.8923737178583957,0.7755760766376112,0.9220439676441345,0.9937205651491364,1.0,1076.77,0.582016,1.187273048097551,0.9799786264203616,0.9981751750154455,1.0747028862478776,floorplan,,,,,,,,,,
traj_sweep_286,mega_sweep,0.8923737178583957,0.7755760766376112,0.9220439676441345,0.9937205651491364,1.0,,,,0.880314251008973,0.9365320960528953,1.0063593004769475,placement,3140.15,0.621542,0.708539,4.3688153957054543e-10,,,,,,
traj_sweep_286,mega_sweep,0.8923737178583957,0.7755760766376112,0.9220439676441345,0.9937205651491364,1.0,,,,0.7745399698340875,0.924658459045772,0.9945011783189316,cts,,,,4.424915815976601e-10,0.0,0.000389543,0.0,,,
traj_sweep_286,mega_sweep,0.8923737178583957,0.7755760766376112,0.9220439676441345,0.9937205651491364,1.0,,,,0.7472331933646531,0.902793291517837,0.9937205651491364,routing,,,,4.5320848950142534e-10,0.0,,,3413.0,0.708539,0.0
traj_sweep_287,mega_sweep,0.8967154098666559,0.7906946051410194,0.9147978576718343,0.9968503937007873,1.0,1076.77,0.582016,1.187273048097551,1.000228169468699,0.9981751750154455,1.0747028862478776,floorplan,,,,,,,,,,
traj_sweep_287,mega_sweep,0.8967154098666559,0.7906946051410194,0.9147978576718343,0.9968503937007873,1.0,,,,0.8991635315776835,0.928389939731677,1.0103750997605745,placement,3111.44,0.619071,0.706286,4.407130737533329e-10,,,,,,
traj_sweep_287,mega_sweep,0.8967154098666559,0.7906946051410194,0.9147978576718343,0.9968503937007873,1.0,,,,0.7890111240857969,0.9203173395197355,0.9968503937007873,cts,,,,4.445788060391585e-10,0.0,0.0011519,0.0,,,
traj_sweep_287,mega_sweep,0.8967154098666559,0.7906946051410194,0.9147978576718343,0.9968503937007873,1.0,,,,0.7612343608379287,0.8912919842721362,0.9968503937007873,routing,,,,4.590567302307219e-10,0.0,,,3418.0,0.706286,0.0
traj_sweep_288,mega_sweep,0.9014056446959536,0.8080239531726265,0.9078667959591992,0.9984227129337538,1.0,1076.77,0.582016,1.187273048097551,1.020468184889313,0.9981751750154455,1.0747028862478776,floorplan,,,,,,,,,,
traj_sweep_288,mega_sweep,0.9014056446959536,0.8080239531726265,0.9078667959591992,0.9984227129337538,1.0,,,,0.9172246264391278,0.9229072817063341,1.0103750997605745,placement,3084.59,0.619071,0.704894,4.4333119056591224e-10,,,,,,
traj_sweep_288,mega_sweep,0.9014056446959536,0.8080239531726265,0.9078667959591992,0.9984227129337538,1.0,,,,0.8075701274718164,0.9131530602642314,0.9984227129337538,cts,,,,4.480668157235607e-10,0.0,0.000743405,0.0,,,
traj_sweep_288,mega_sweep,0.9014056446959536,0.8080239531726265,0.9078667959591992,0.9984227129337538,1.0,,,,0.7795454545454545,0.8863044020834101,0.9984227129337538,routing,,,,4.616400223433771e-10,0.0,,,3452.0,0.704894,0.0
traj_sweep_289,mega_sweep,0.9001140535567516,0.8220453713867546,0.8896021799702954,0.9972430090586843,1.0,1076.77,0.582016,1.187273048097551,1.0407059559240774,0.9981751750154455,1.0747028862478776,floorplan,,,,,,,,,,
traj_sweep_289,mega_sweep,0.9001140535567516,0.8220453713867546,0.8896021799702954,0.9972430090586843,1.0,,,,0.9373686379021701,0.9055264374588289,1.0107784431137723,placement,3064.66,0.618824,0.695823,4.518405725723736e-10,,,,,,
traj_sweep_289,mega_sweep,0.9001140535567516,0.8220453713867546,0.8896021799702954,0.9972430090586843,1.0,,,,0.8218536656743991,0.8966027977922073,0.9972430090586843,cts,,,,4.563376168224299e-10,0.0,0.000647427,0.0,,,
traj_sweep_289,mega_sweep,0.9001140535567516,0.8220453713867546,0.8896021799702954,0.9972430090586843,1.0,,,,0.7928082116249012,0.8754168252136805,0.9972430090586843,routing,,,,4.673814486955384e-10,0.0,,,3456.0,0.695823,0.0
traj_sweep_290,mega_sweep,0.9141603746219544,0.8361261269643373,0.9165694926904713,0.9968503937007873,1.0,1076.77,0.582016,1.187273048097551,1.0609291069004192,0.9981751750154455,1.0747028862478776,floorplan,,,,,,,,,,
traj_sweep_290,mega_sweep,0.9141603746219544,0.8361261269643373,0.9165694926904713,0.9968503937007873,1.0,,,,0.9528788039444386,0.9295887597327409,1.0103750997605745,placement,3101.12,0.619071,0.693292,4.4014471958379914e-10,,,,,,
traj_sweep_290,mega_sweep,0.9141603746219544,0.8361261269643373,0.9165694926904713,0.9968503937007873,1.0,,,,0.8335899671632376,0.9204196279157307,0.9968503937007873,cts,,,,4.4452939895179965e-10,0.0,0.00248632,0.0,,,
traj_sweep_290,mega_sweep,0.9141603746219544,0.8361261269643373,0.9165694926904713,0.9968503937007873,1.0,,,,0.8052292501097641,0.8967623676899598,0.9968503937007873,routing,,,,4.562564161058515e-10,0.0,,,3397.0,0.693292,0.0
traj_sweep_291,mega_sweep,0.9199903678924793,0.8568826847071052,0.9108699832656184,0.9976359338061466,1.0,1076.77,0.582016,1.187273048097551,1.0811532654399336,0.9981751750154455,1.0747028862478776,floorplan,,,,,,,,,,
traj_sweep_291,mega_sweep,0.9199903678924793,0.8568826847071052,0.9108699832656184,0.9976359338061466,1.0,,,,0.9724231587034502,0.9254440339270151,1.0103750997605745,placement,3097.93,0.619071,0.706648,4.421159670181489e-10,,,,,,
traj_sweep_291,mega_sweep,0.9199903678924793,0.8568826847071052,0.9108699832656184,0.9976359338061466,1.0,,,,0.8557403430922101,0.9158411993109854,0.9976359338061466,cts,,,,4.467516686174823e-10,0.0,0.00095926,0.0,,,
traj_sweep_291,mega_sweep,0.9199903678924793,0.8568826847071052,0.9108699832656184,0.9976359338061466,1.0,,,,0.8261489101556395,0.8860507268613419,0.9976359338061466,routing,,,,4.6177218930812673e-10,0.0,,,3420.0,0.706648,0.0
traj_sweep_292,mega_sweep,0.9189967046624367,0.8766815924766113,0.8874172998318379,0.9976359338061466,1.0,1076.77,0.582016,1.187273048097551,1.10136650530057,0.9981751750154455,1.0747028862478776,floorplan,,,,,,,,,,
traj_sweep_292,mega_sweep,0.9189967046624367,0.8766815924766113,0.8874172998318379,0.9976359338061466,1.0,,,,0.9923694468677188,0.897527484892004,1.0103750997605745,placement,3059.26,0.619071,0.686049,4.558674702090608e-10,,,,,,
traj_sweep_292,mega_sweep,0.9189967046624367,0.8766815924766113,0.8874172998318379,0.9976359338061466,1.0,,,,0.8741446142921759,0.8888943442700087,0.9976359338061466,cts,,,,4.60294957008451e-10,0.0,0.00133069,0.0,,,
traj_sweep_292,mega_sweep,0.9189967046624367,0.8766815924766113,0.8874172998318379,0.9976359338061466,1.0,,,,0.8428071689159407,0.86326905530529,0.9976359338061466,routing,,,,4.739583580186644e-10,0.0,,,3437.0,0.686049,0.0
traj_sweep_293,mega_sweep,0.9235159145736241,0.8895906235924748,0.8871554415380901,0.9980291683090263,1.0,1076.77,0.582016,1.187273048097551,1.1215795418380146,0.9981751750154455,1.0747028862478776,floorplan,,,,,,,,,,
traj_sweep_293,mega_sweep,0.9235159145736241,0.8895906235924748,0.8871554415380901,0.9980291683090263,1.0,,,,1.012152680009461,0.898636291104592,1.0107784431137723,placement,3111.84,0.618824,0.704334,4.553049860449022e-10,,,,,,
traj_sweep_293,mega_sweep,0.9235159145736241,0.8895906235924748,0.8871554415380901,0.9980291683090263,1.0,,,,0.8872762457668119,0.8892625824955914,0.9980291683090263,cts,,,,4.601043516669581e-10,0.0,0.00231828,0.0,,,
traj_sweep_293,mega_sweep,0.9235159145736241,0.8895906235924748,0.8871554415380901,0.9980291683090263,1.0,,,,0.8565478261283974,0.8682402713506568,0.9980291683090263,routing,,,,4.712446513732069e-10,0.0,,,3465.0,0.704334,0.0
traj_sweep_294,mega_sweep,0.9290038212553512,0.9028220094636272,0.8894794338951012,0.9984227129337538,1.0,1076.77,0.582016,1.187273048097551,1.1417790031382216,0.9981751750154455,1.0747028862478776,floorplan,,,,,,,,,,
traj_sweep_294,mega_sweep,0.9290038212553512,0.9028220094636272,0.8894794338951012,0.9984227129337538,1.0,,,,1.0291335516822795,0.9069666580744414,1.0119904076738608,placement,3120.48,0.618083,0.694979,4.5112307088496814e-10,,,,,,
traj_sweep_294,mega_sweep,0.9290038212553512,0.9028220094636272,0.8894794338951012,0.9984227129337538,1.0,,,,0.9022917241898641,0.8975438510353632,0.9984227129337538,cts,,,,4.5585915775462014e-10,0.0,0.000744189,0.0,,,
traj_sweep_294,mega_sweep,0.9290038212553512,0.9028220094636272,0.8894794338951012,0.9984227129337538,1.0,,,,0.8703180913550236,0.8735756340857668,0.9984227129337538,routing,,,,4.683665249077318e-10,0.0,,,3451.0,0.694979,0.0
traj_sweep_295,mega_sweep,0.9344586579938493,0.9188188863668896,0.8894794338951012,0.9984227129337538,1.0,1076.77,0.582016,1.187273048097551,1.1619752000930967,0.9981751750154455,1.0747028862478776,floorplan,,,,,,,,,,
traj_sweep_295,mega_sweep,0.9344586579938493,0.9188188863668896,0.8894794338951012,0.9984227129337538,1.0,,,,1.0473465534622712,0.9069666580744414,1.0119904076738608,placement,3120.48,0.618083,0.694979,4.5112307088496814e-10,,,,,,
traj_sweep_295,mega_sweep,0.9344586579938493,0.9188188863668896,0.8894794338951012,0.9984227129337538,1.0,,,,0.9182743399002697,0.8975438510353632,0.9984227129337538,cts,,,,4.5585915775462014e-10,0.0,0.000744189,0.0,,,
traj_sweep_295,mega_sweep,0.9344586579938493,0.9188188863668896,0.8894794338951012,0.9984227129337538,1.0,,,,0.885741460794315,0.8735756340857668,0.9984227129337538,routing,,,,4.683665249077318e-10,0.0,,,3451.0,0.694979,0.0
traj_sweep_296,mega_sweep,0.9413559026604787,0.9382935182091547,0.8897453837246887,0.9992107340173638,1.0,1076.77,0.582016,1.187273048097551,1.1821596058854094,0.9981751750154455,1.0747028862478776,floorplan,,,,,,,,,,
traj_sweep_296,mega_sweep,0.9413559026604787,0.9382935182091547,0.8897453837246887,0.9992107340173638,1.0,,,,1.0663296786748304,0.9048595171169402,1.0128,placement,3079.18,0.617589,0.678675,4.521735984879315e-10,,,,,,
traj_sweep_296,mega_sweep,0.9413559026604787,0.9382935182091547,0.8897453837246887,0.9992107340173638,1.0,,,,0.9360017914707245,0.8962632003175032,0.9992107340173638,cts,,,,4.565105248501504e-10,0.0,0.000527439,0.0,,,
traj_sweep_296,mega_sweep,0.9413559026604787,0.9382935182091547,0.8897453837246887,0.9992107340173638,1.0,,,,0.9021196287763573,0.8690381208394194,0.9992107340173638,routing,,,,4.708120094727376e-10,0.0,,,3373.0,0.678675,0.0
traj_sweep_297,mega_sweep,0.9470527129806628,0.9555739866445494,0.8889107104133679,1.0,1.0,1076.77,0.582016,1.187273048097551,1.2023413720440177,0.9981751750154455,1.0747028862478776,floorplan,,,,,,,,,,
traj_sweep_297,mega_sweep,0.9470527129806628,0.9555739866445494,0.8889107104133679,1.0,1.0,,,,1.0834147105983338,0.9016558445543704,1.0128,placement,3107.61,0.617589,0.697135,4.537802160901389e-10,,,,,,
traj_sweep_297,mega_sweep,0.9470527129806628,0.9555739866445494,0.8889107104133679,1.0,1.0,,,,0.9536118848653669,0.8928181271403847,1.0,cts,,,,4.5827203944805717e-10,0.0,0.00118603,0.0,,,
traj_sweep_297,mega_sweep,0.9470527129806628,0.9555739866445494,0.8889107104133679,1.0,1.0,,,,0.9211262697184326,0.8699137095091385,1.0,routing,,,,4.703381260788381e-10,0.0,,,3413.0,0.697135,0.0
traj_sweep_298,mega_sweep,0.9507327872368024,0.966961312293878,0.8904777686400144,0.9980291683090263,1.0,1076.77,0.582016,1.187273048097551,1.2225169707110695,0.9981751750154455,1.0747028862478776,floorplan,,,,,,,,,,
traj_sweep_298,mega_sweep,0.9507327872368024,0.966961312293878,0.8904777686400144,0.9980291683090263,1.0,,,,1.1009954363073908,0.9054896136362707,1.0115860966839791,placement,3082.16,0.61833,0.693021,4.5185894771088256e-10,,,,,,
traj_sweep_298,mega_sweep,0.9507327872368024,0.966961312293878,0.8904777686400144,0.9980291683090263,1.0,,,,0.965185403968531,0.8965005093962121,0.9980291683090263,cts,,,,4.563896837675881e-10,0.0,0.000583304,0.0,,,
traj_sweep_298,mega_sweep,0.9507327872368024,0.966961312293878,0.8904777686400144,0.9980291683090263,1.0,,,,0.9293710669059057,0.8665709247280151,0.9980291683090263,routing,,,,4.721524485825983e-10,0.0,,,3446.0,0.693021,0.0
traj_sweep_299,mega_sweep,0.9570802248347616,0.9848382730864278,0.8919425384706657,0.9980291683090263,1.0,1076.77,0.582016,1.187273048097551,1.242684883013441,0.9981751750154455,1.0747028862478776,floorplan,,,,,,,,,,
traj_sweep_299,mega_sweep,0.9570802248347616,0.9848382730864278,0.8919425384706657,0.9980291683090263,1.0,,,,1.119623245644089,0.9058496687901738,1.0115860966839791,placement,3091.56,0.61833,0.69283,4.5167934380024934e-10,,,,,,
traj_sweep_299,mega_sweep,0.9570802248347616,0.9848382730864278,0.8919425384706657,0.9980291683090263,1.0,,,,0.9815306311914982,0.8964432278944547,0.9980291683090263,cts,,,,4.564188464470075e-10,0.0,0.000787898,0.0,,,
traj_sweep_299,mega_sweep,0.9570802248347616,0.9848382730864278,0.8919425384706657,0.9980291683090263,1.0,,,,0.9476836765900007,0.8717753583162512,0.9980291683090263,routing,,,,4.693337338314529e-10,0.0,,,3428.0,0.69283,0.0
traj_sweep_300,mega_sweep,0.9631460003994804,1.0,0.8941683339675214,0.9992107340173638,1.0,1076.77,0.582016,1.187273048097551,1.2628457803728141,0.9981751750154455,1.0747028862478776,floorplan,,,,,,,,,,
traj_sweep_300,mega_sweep,0.9631460003994804,1.0,0.8941683339675214,0.9992107340173638,1.0,,,,1.1378179562173183,0.9079240774609565,1.0128,placement,3096.8,0.617589,0.691376,4.5064735492535025e-10,,,,,,
traj_sweep_300,mega_sweep,0.9631460003994804,1.0,0.8941683339675214,0.9992107340173638,1.0,,,,0.9963413011663488,0.8996264427778256,0.9992107340173638,cts,,,,4.548038658328596e-10,0.0,0.000870845,0.0,,,
traj_sweep_300,mega_sweep,0.9631460003994804,1.0,0.8941683339675214,0.9992107340173638,1.0,,,,0.9610874342946062,0.8759650910162148,0.9992107340173638,routing,,,,4.670889150458681e-10,0.0,,,3415.0,0.691376,0.0
traj_sweep_301,mega_sweep,0.45943377106979993,0.147781614865976,0.9703322736255509,0.6762820512820512,1.0,1076.77,0.656374,1.187273048097551,0.2498446568201564,1.009492363148355,0.9529544599171998,floorplan,,,,,,,,,,
traj_sweep_301,mega_sweep,0.45943377106979993,0.147781614865976,0.9703322736255509,0.6762820512820512,1.0,,,,0.19990167967594333,1.0119963830823175,0.7984862819299905,placement,3566.14,0.78335,0.730149,4.043034054475841e-10,,,,,,
traj_sweep_301,mega_sweep,0.45943377106979993,0.147781614865976,0.9703322736255509,0.6762820512820512,1.0,,,,0.16038478355924793,0.9929421006763308,0.7142454160789844,cts,,,,4.120618752111817e-10,-12.6792,0.00037427,9.0,,,
traj_sweep_301,mega_sweep,0.45943377106979993,0.147781614865976,0.9703322736255509,0.6762820512820512,1.0,,,,0.1443143678437796,0.9547721628267603,0.6762820512820512,routing,,,,4.285353091667988e-10,-13.3868,,,5300.0,0.730149,0.0
traj_sweep_302,mega_sweep,0.4850418708163662,0.16546403616177052,0.9862769887932833,0.6992543496271747,1.0,1076.77,0.656374,1.187273048097551,0.26764233744032356,1.009492363148355,0.9529544599171998,floorplan,,,,,,,,,,
traj_sweep_302,mega_sweep,0.4850418708163662,0.16546403616177052,0.9862769887932833,0.6992543496271747,1.0,,,,0.2150295268996277,1.0154619139386352,0.800252844500632,placement,3550.1,0.781621,0.704469,4.0292361374130694e-10,,,,,,
traj_sweep_302,mega_sweep,0.4850418708163662,0.16546403616177052,0.9862769887932833,0.6992543496271747,1.0,,,,0.1706532472464869,0.9953683814293371,0.7116357504215851,cts,,,,4.110574452779776e-10,-12.2224,0.00139967,8.0,,,
traj_sweep_302,mega_sweep,0.4850418708163662,0.16546403616177052,0.9862769887932833,0.6992543496271747,1.0,,,,0.1605954465849387,0.9621123781233761,0.6992543496271747,routing,,,,4.252658975024134e-10,-12.7749,,,4529.0,0.704469,0.0
traj_sweep_303,mega_sweep,0.4911547093882337,0.17604560503065803,0.9731186095324602,0.6916143130292269,1.0,1076.77,0.656374,1.187273048097551,0.2854338711726591,1.009492363148355,0.9529544599171998,floorplan,,,,,,,,,,
traj_sweep_303,mega_sweep,0.4911547093882337,0.17604560503065803,0.9731186095324602,0.6916143130292269,1.0,,,,0.22942235940011055,1.01514686567897,0.800252844500632,placement,3514.5,0.781621,0.695239,4.030486600647296e-10,,,,,,
traj_sweep_303,mega_sweep,0.4911547093882337,0.17604560503065803,0.9731186095324602,0.6916143130292269,1.0,,,,0.1800979590527953,0.9846280998498407,0.7023578363384189,cts,,,,4.15541242468315e-10,-11.8419,0.000851805,9.0,,,
traj_sweep_303,mega_sweep,0.4911547093882337,0.17604560503065803,0.9731186095324602,0.6916143130292269,1.0,,,,0.17161298946825676,0.9544530230312552,0.6916143130292269,routing,,,,4.286785982209838e-10,-12.4429,,,5284.0,0.695239,0.0
traj_sweep_304,mega_sweep,0.5035381107444564,0.18734905033965954,0.9699885846150069,0.7025527192008878,1.0,1076.77,0.656374,1.187273048097551,0.3032187425663901,1.009492363148355,0.9529544599171998,floorplan,,,,,,,,,,
traj_sweep_304,mega_sweep,0.5035381107444564,0.18734905033965954,0.9699885846150069,0.7025527192008878,1.0,,,,0.24590033848031367,1.0186533118936856,0.8038095238095238,placement,3523.76,0.778162,0.716833,4.0166127101692603e-10,,,,,,
traj_sweep_304,mega_sweep,0.5035381107444564,0.18734905033965954,0.9699885846150069,0.7025527192008878,1.0,,,,0.19401101682748617,0.9947628341250455,0.7170773152081563,cts,,,,4.1130767047674675e-10,-11.1102,0.000282892,12.0,,,
traj_sweep_304,mega_sweep,0.5035381107444564,0.18734905033965954,0.9699885846150069,0.7025527192008878,1.0,,,,0.18228453027747551,0.9588391494515296,0.7025527192008878,routing,,,,4.2671764520134673e-10,-11.7635,,,4872.0,0.716833,0.0
traj_sweep_305,mega_sweep,0.5056668207284034,0.1953549239805745,0.9588146002364908,0.6902944383860414,1.0,1076.77,0.656374,1.187273048097551,0.3209975764265061,1.009492363148355,0.9529544599171998,floorplan,,,,,,,,,,
traj_sweep_305,mega_sweep,0.5056668207284034,0.1953549239805745,0.9588146002364908,0.6902944383860414,1.0,,,,0.26251508061005996,1.0167752969432136,0.8061127029608405,placement,3553.91,0.775939,0.713634,4.024031516214835e-10,,,,,,
traj_sweep_305,mega_sweep,0.5056668207284034,0.1953549239805745,0.9588146002364908,0.6902944383860414,1.0,,,,0.2083972501562411,0.9965099199286436,0.7182978723404255,cts,,,,4.105865639652808e-10,-10.6007,0.00104417,8.0,,,
traj_sweep_305,mega_sweep,0.5056668207284034,0.1953549239805745,0.9588146002364908,0.6902944383860414,1.0,,,,0.19054383848321457,0.9546575998232456,0.6902944383860414,routing,,,,4.2858673524054433e-10,-11.2222,,,5155.0,0.713634,0.0
traj_sweep_306,mega_sweep,0.5264187637238101,0.21186191938421278,0.9825291419640191,0.7008026570716855,1.0,1076.77,0.656374,1.187273048097551,0.3387699017798746,1.009492363148355,0.9529544599171998,floorplan,,,,,,,,,,
traj_sweep_306,mega_sweep,0.5264187637238101,0.21186191938421278,0.9825291419640191,0.7008026570716855,1.0,,,,0.2771020624008461,1.0164397910043492,0.8061127029608405,placement,3526.04,0.775939,0.713638,4.0253597665291335e-10,,,,,,
traj_sweep_306,mega_sweep,0.5264187637238101,0.21186191938421278,0.9825291419640191,0.7008026570716855,1.0,,,,0.22121514973980771,1.0011619961785054,0.7211620620905724,cts,,,,4.086787008921456e-10,-10.1011,0.00131423,10.0,,,
traj_sweep_306,mega_sweep,0.5264187637238101,0.21186191938421278,0.9825291419640191,0.7008026570716855,1.0,,,,0.20637951683410247,0.9686465608595498,0.7008026570716855,routing,,,,4.223971885243132e-10,-10.7028,,,4847.0,0.713638,0.0
traj_sweep_307,mega_sweep,0.5359103549523994,0.22231292920896908,0.9884536858600613,0.700414937759336,1.0,1076.77,0.656374,1.187273048097551,0.35653541807592437,1.009492363148355,0.9529544599171998,floorplan,,,,,,,,,,
traj_sweep_307,mega_sweep,0.5359103549523994,0.22231292920896908,0.9884536858600613,0.700414937759336,1.0,,,,0.2921925168464433,1.016337502608354,0.8066263141127746,placement,3490.04,0.775445,0.7193,4.0257648953301125e-10,,,,,,
traj_sweep_307,mega_sweep,0.5359103549523994,0.22231292920896908,0.9884536858600613,0.700414937759336,1.0,,,,0.23353434240667761,1.0010801654617094,0.7199317600227466,cts,,,,4.087121072787539e-10,-9.54891,0.000822994,13.0,,,
traj_sweep_307,mega_sweep,0.5359103549523994,0.22231292920896908,0.9884536858600613,0.700414937759336,1.0,,,,0.21616771724475525,0.9677832467973503,0.700414937759336,routing,,,,4.227739892530852e-10,-10.2378,,,4778.0,0.7193,0.0
traj_sweep_308,mega_sweep,0.5577773907929987,0.24214711354637228,0.9957161619757209,0.7197271176805002,1.0,1076.77,0.656374,1.187273048097551,0.37429428829065226,1.009492363148355,0.9529544599171998,floorplan,,,,,,,,,,
traj_sweep_308,mega_sweep,0.5577773907929987,0.24214711354637228,0.9957161619757209,0.7197271176805002,1.0,,,,0.3083616848613992,1.0164725232910679,0.8089456869009584,placement,3487.14,0.773221,0.701202,4.0252301425333995e-10,,,,,,
traj_sweep_308,mega_sweep,0.5577773907929987,0.24214711354637228,0.9957161619757209,0.7197271176805002,1.0,,,,0.24978215702760734,1.0026103998657976,0.735191637630662,cts,,,,4.0808831031035114e-10,-8.92024,0.00108259,10.0,,,
traj_sweep_308,mega_sweep,0.5577773907929987,0.24214711354637228,0.9957161619757209,0.7197271176805002,1.0,,,,0.23540691163661845,0.9681433019512534,0.7197271176805002,routing,,,,4.2261675844493935e-10,-9.5411,,,4305.0,0.701202,0.0
traj_sweep_309,mega_sweep,0.5425896248023782,0.23920985630000122,0.9710810246842357,0.6876697447039651,1.0,1076.77,0.656374,1.187273048097551,0.3920478837109876,1.009492363148355,0.9529544599171998,floorplan,,,,,,,,,,
traj_sweep_309,mega_sweep,0.5425896248023782,0.23920985630000122,0.9710810246842357,0.6876697447039651,1.0,,,,0.3241761313933124,1.0168203038374515,0.8107588856868395,placement,3500.82,0.771492,0.734526,4.0238534029728227e-10,,,,,,
traj_sweep_309,mega_sweep,0.5425896248023782,0.23920985630000122,0.9710810246842357,0.6876697447039651,1.0,,,,0.2556890282417076,0.9947792002684047,0.7197271176805002,cts,,,,4.1130090362808525e-10,-8.47741,0.000845185,11.0,,,
traj_sweep_309,mega_sweep,0.5425896248023782,0.23920985630000122,0.9710810246842357,0.6876697447039651,1.0,,,,0.23347488286116239,0.9594078729332629,0.6876697447039651,routing,,,,4.2646469298806754e-10,-9.16002,,,4816.0,0.734526,0.0
traj_sweep_310,mega_sweep,0.5710835759791159,0.2636708119820495,0.9878685962349687,0.7150522451284947,1.0,1076.77,0.656374,1.187273048097551,0.4097940906220146,1.009492363148355,0.9529544599171998,floorplan,,,,,,,,,,
traj_sweep_310,mega_sweep,0.5710835759791159,0.2636708119820495,0.9878685962349687,0.7150522451284947,1.0,,,,0.3380409902818764,1.0113990188497055,0.8092042186001918,placement,3534.75,0.772974,0.716815,4.045421998195742e-10,,,,,,
traj_sweep_310,mega_sweep,0.5710835759791159,0.2636708119820495,0.9878685962349687,0.7150522451284947,1.0,,,,0.27478721924177124,0.9944068705069822,0.7394859813084111,cts,,,,4.1145490454246215e-10,-7.86846,0.000638753,8.0,,,
traj_sweep_310,mega_sweep,0.5710835759791159,0.2636708119820495,0.9878685962349687,0.7150522451284947,1.0,,,,0.2559905655002678,0.969538515672628,0.7150522451284947,routing,,,,4.2200859209493504e-10,-8.45931,,,4425.0,0.716815,0.0
traj_sweep_311,mega_sweep,0.582164425918003,0.27588557008502274,0.9871689436063615,0.7244635193133047,1.0,1076.77,0.655385,1.187273048097551,0.42863139016875107,1.009492363148355,0.9543912551828119,floorplan,,,,,,,,,,
traj_sweep_311,mega_sweep,0.582164425918003,0.27588557008502274,0.9871689436063615,0.7244635193133047,1.0,,,,0.3517872975919485,1.0120577561199147,0.805856142584341,placement,3631.89,0.776186,0.707283,4.0427888774792405e-10,,,,,,
traj_sweep_311,mega_sweep,0.582164425918003,0.27588557008502274,0.9871689436063615,0.7244635193133047,1.0,,,,0.29081247957232126,0.9960271186995463,0.7531231409875073,cts,,,,4.1078558635534594e-10,-7.45693,0.00195154,6.0,,,
traj_sweep_311,mega_sweep,0.582164425918003,0.27588557008502274,0.9871689436063615,0.7244635193133047,1.0,,,,0.2680067101584343,0.9618464282937886,0.7244635193133047,routing,,,,4.253834832101139e-10,-8.07402,,,4343.0,0.707283,0.0
traj_sweep_312,mega_sweep,0.5843890619993193,0.28184633719881763,0.9964280892118474,0.7106371035644119,1.0,1076.77,0.648468,1.187273048097551,0.4497989153692725,1.009492363148355,0.9645714285714285,floorplan,,,,,,,,,,
traj_sweep_312,mega_sweep,0.5843890619993193,0.28184633719881763,0.9964280892118474,0.7106371035644119,1.0,,,,0.36931587015217954,1.0204740453424002,0.8138862102217936,placement,3507.92,0.768528,0.72427,4.0094462553776696e-10,,,,,,
traj_sweep_312,mega_sweep,0.5843890619993193,0.28184633719881763,0.9964280892118474,0.7106371035644119,1.0,,,,0.2952544288492877,1.0001759360411118,0.7317919075144508,cts,,,,4.090816117815504e-10,-6.95295,0.000893972,10.0,,,
traj_sweep_312,mega_sweep,0.5843890619993193,0.28184633719881763,0.9964280892118474,0.7106371035644119,1.0,,,,0.2745550921894811,0.9764327535627049,0.7106371035644119,routing,,,,4.190289423290467e-10,-7.57673,,,4527.0,0.72427,0.0
traj_sweep_313,mega_sweep,0.596251771772693,0.29660067362737286,0.9938463300969285,0.7191138880999716,1.0,1076.77,0.647233,1.187273048097551,0.46846565066556156,1.009492363148355,0.9664122137404579,floorplan,,,,,,,,,,
traj_sweep_313,mega_sweep,0.596251771772693,0.29660067362737286,0.9938463300969285,0.7191138880999716,1.0,,,,0.38608618693383573,1.008514486082641,0.8151963940759819,placement,3530.3,0.767292,0.706494,4.056992632501379e-10,,,,,,
traj_sweep_313,mega_sweep,0.596251771772693,0.29660067362737286,0.9938463300969285,0.7191138880999716,1.0,,,,0.3117294870994374,0.9947792002684047,0.7429577464788731,cts,,,,4.1130090362808525e-10,-6.63624,0.00115493,6.0,,,
traj_sweep_313,mega_sweep,0.596251771772693,0.29660067362737286,0.9938463300969285,0.7191138880999716,1.0,,,,0.288675557211669,0.9633684796261973,0.7191138880999716,routing,,,,4.247114085978578e-10,-7.09569,,,4426.0,0.706494,0.0
traj_sweep_314,mega_sweep,0.6104135990366428,0.3138409422282756,0.9969027073692652,0.726959517657192,1.0,1076.77,0.643528,1.187273048097551,0.48926903100057717,1.009492363148355,0.9719769673704415,floorplan,,,,,,,,,,
traj_sweep_314,mega_sweep,0.6104135990366428,0.3138409422282756,0.9969027073692652,0.726959517657192,1.0,,,,0.4025154415683886,1.0091609487453306,0.8188874514877101,placement,3473.1,0.763834,0.712297,4.054393746503085e-10,,,,,,
traj_sweep_314,mega_sweep,0.6104135990366428,0.3138409422282756,0.9969027073692652,0.726959517657192,1.0,,,,0.32064309874834085,1.0013133830045784,0.7447058823529411,cts,,,,4.086169134712824e-10,-5.97472,0.00108621,10.0,,,
traj_sweep_314,mega_sweep,0.6104135990366428,0.3138409422282756,0.9969027073692652,0.726959517657192,1.0,,,,0.30417012894043427,0.978752654383876,0.726959517657192,routing,,,,4.180357336945162e-10,-6.60341,,,4102.0,0.712297,0.0
traj_sweep_315,mega_sweep,0.6029641162581968,0.31353763438984433,0.9769646532218799,0.7156585641605426,1.0,1076.77,0.643528,1.187273048097551,0.5073004959200206,1.009492363148355,0.9719769673704415,floorplan,,,,,,,,,,
traj_sweep_315,mega_sweep,0.6029641162581968,0.31353763438984433,0.9769646532218799,0.7156585641605426,1.0,,,,0.4176230165276774,0.9992389743337957,0.8178294573643411,placement,3481.37,0.764822,0.718272,4.09465197505538e-10,,,,,,
traj_sweep_315,mega_sweep,0.6029641162581968,0.31353763438984433,0.9769646532218799,0.7156585641605426,1.0,,,,0.33091893285217167,0.9952292692107837,0.7399181765049678,cts,,,,4.1111490250410086e-10,-5.59219,0.00157546,10.0,,,
traj_sweep_315,mega_sweep,0.6029641162581968,0.31353763438984433,0.9769646532218799,0.7156585641605426,1.0,,,,0.306014836608318,0.9652383115049896,0.7156585641605426,routing,,,,4.2388866987974277e-10,-6.22271,,,4745.0,0.718272,0.0
traj_sweep_316,mega_sweep,0.6176359337099318,0.3336650206066907,0.9777665942464823,0.7221905305191101,1.0,1076.77,0.643281,1.187273048097551,0.5255137246646316,1.0093491593939616,0.9723502304147464,floorplan,,,,,,,,,,
traj_sweep_316,mega_sweep,0.6176359337099318,0.3336650206066907,0.9777665942464823,0.7221905305191101,1.0,,,,0.43382509123911406,0.9993330796581112,0.8228794280142996,placement,3471.13,0.760128,0.697093,4.094266389348357e-10,,,,,,
traj_sweep_316,mega_sweep,0.6176359337099318,0.3336650206066907,0.9777665942464823,0.7221905305191101,1.0,,,,0.34375179304356474,0.9909945296165822,0.7369033760186262,cts,,,,4.1287168773688515e-10,-5.18383,0.000829684,9.0,,,
traj_sweep_316,mega_sweep,0.6176359337099318,0.3336650206066907,0.9777665942464823,0.7221905305191101,1.0,,,,0.32458242510379554,0.9627220169635076,0.7221905305191101,routing,,,,4.249966000271998e-10,-5.82479,,,4449.0,0.697093,0.0
traj_sweep_317,mega_sweep,0.6454146867111481,0.36115420166378653,0.9881631868154349,0.7533472180898542,1.0,1076.77,0.643034,1.187273048097551,0.5437296175511415,1.0093491593939616,0.9727237802535534,floorplan,,,,,,,,,,
traj_sweep_317,mega_sweep,0.6454146867111481,0.36115420166378653,0.9881631868154349,0.7533472180898542,1.0,,,,0.4464548308890744,1.012352346700381,0.8231469440832249,placement,3545.62,0.759881,0.698121,4.0416124416997403e-10,,,,,,
traj_sweep_317,mega_sweep,0.6454146867111481,0.36115420166378653,0.9881631868154349,0.7533472180898542,1.0,,,,0.3643890828437157,0.9992757981563539,0.7576301615798923,cts,,,,4.0945010850427877e-10,-4.65592,0.00155324,6.0,,,
traj_sweep_317,mega_sweep,0.6454146867111481,0.36115420166378653,0.9881631868154349,0.7533472180898542,1.0,,,,0.3506623744024973,0.9634707680221924,0.7533472180898542,routing,,,,4.2466631844028554e-10,-5.20595,,,4056.0,0.698121,0.0
traj_sweep_318,mega_sweep,0.6550179178990979,0.3755401215221189,0.990998621152422,0.7551446465851476,1.0,1076.77,0.638587,1.187273048097551,0.5673107880333571,1.0093246101789228,0.9794970986460347,floorplan,,,,,,,,,,
traj_sweep_318,mega_sweep,0.6550179178990979,0.3755401215221189,0.990998621152422,0.7551446465851476,1.0,,,,0.464349380719368,1.0041856411641237,0.827721477607061,placement,3473.01,0.755682,0.716951,4.0744815222262966e-10,,,,,,
traj_sweep_318,mega_sweep,0.6550179178990979,0.3755401215221189,0.990998621152422,0.7551446465851476,1.0,,,,0.37887609563600644,0.9981056189061688,0.7601320924647252,cts,,,,4.0993014790279734e-10,-4.19347,0.00154405,7.0,,,
traj_sweep_318,mega_sweep,0.6550179178990979,0.3755401215221189,0.990998621152422,0.7551446465851476,1.0,,,,0.3636643229298397,0.9634707680221924,0.7551446465851476,routing,,,,4.2466631844028554e-10,-4.73614,,,3903.0,0.716951,0.0
traj_sweep_319,mega_sweep,0.6589834339277019,0.38574727642660306,0.9821118053083586,0.7553699284009546,1.0,1076.77,0.638587,1.187273048097551,0.5855072841468818,1.0093246101789228,0.9794970986460347,floorplan,,,,,,,,,,
traj_sweep_319,mega_sweep,0.6589834339277019,0.38574727642660306,0.9821118053083586,0.7553699284009546,1.0,,,,0.4864247515534674,1.0131542877249833,0.8367481824190349,placement,3436.51,0.74753,0.707363,4.0384133881480646e-10,,,,,,
traj_sweep_319,mega_sweep,0.6589834339277019,0.38574727642660306,0.9821118053083586,0.7553699284009546,1.0,,,,0.4133879819126083,1.0051144197997601,0.7972292191435767,cts,,,,4.070716486808843e-10,-3.50995,0.00190797,3.0,,,
traj_sweep_319,mega_sweep,0.6589834339277019,0.38574727642660306,0.9821118053083586,0.7553699284009546,1.0,,,,0.3739461879676096,0.9622105749835316,0.7553699284009546,routing,,,,4.252224976719068e-10,-4.22504,,,4063.0,0.707363,0.0
traj_sweep_320,mega_sweep,0.664453872653627,0.39659741606628646,0.975724917862418,0.7580838323353293,1.0,1076.77,0.638587,1.187273048097551,0.6036988022222372,1.0093246101789228,0.9794970986460347,floorplan,,,,,,,,,,
traj_sweep_320,mega_sweep,0.664453872653627,0.39659741606628646,0.975724917862418,0.7580838323353293,1.0,,,,0.5047772578932882,1.008768161304709,0.8451268357810413,placement,3519.75,0.740119,0.726176,4.055972419387548e-10,,,,,,
traj_sweep_320,mega_sweep,0.664453872653627,0.39659741606628646,0.975724917862418,0.7580838323353293,1.0,,,,0.4286497908408817,1.00618640218979,0.8053435114503816,cts,,,,4.0663795802683e-10,-3.16886,0.000767504,4.0,,,
traj_sweep_320,mega_sweep,0.664453872653627,0.39659741606628646,0.975724917862418,0.7580838323353293,1.0,,,,0.3851875981817753,0.9609503819448706,0.7580838323353293,routing,,,,4.257801356535512e-10,-3.97803,,,4086.0,0.726176,0.0
traj_sweep_321,mega_sweep,0.6848929607845863,0.4228958383823173,0.987713117873056,0.7691373025516403,1.0,1076.77,0.632164,1.187273048097551,0.6311235651254824,1.0092836948205248,0.9894490035169988,floorplan,,,,,,,,,,
traj_sweep_321,mega_sweep,0.6848929607845863,0.4228958383823173,0.987713117873056,0.7691373025516403,1.0,,,,0.5259058336771449,1.0043861264202745,0.850235057085292,placement,3414.91,0.735672,0.736636,4.0736682160184783e-10,,,,,,
traj_sweep_321,mega_sweep,0.6848929607845863,0.4228958383823173,0.987713117873056,0.7691373025516403,1.0,,,,0.4481871228367662,1.0025367522206812,0.8125802310654685,cts,,,,4.081182890048852e-10,-2.81344,0.00187142,3.0,,,
traj_sweep_321,mega_sweep,0.6848929607845863,0.4228958383823173,0.987713117873056,0.7691373025516403,1.0,,,,0.4089865447586453,0.9698944792906914,0.7691373025516403,routing,,,,4.218537095705951e-10,-3.40311,,,3914.0,0.736636,0.0
traj_sweep_322,mega_sweep,0.684881222680565,0.4273624991380561,0.9791208926094588,0.7677380230442692,1.0,1076.77,0.632164,1.187273048097551,0.649571908215965,1.0092836948205248,0.9894490035169988,floorplan,,,,,,,,,,
traj_sweep_322,mega_sweep,0.684881222680565,0.4273624991380561,0.9791208926094588,0.7677380230442692,1.0,,,,0.5435076461569632,1.0003805128331023,0.8530997304582209,placement,3293.12,0.733202,0.70467,4.0899795501022496e-10,,,,,,
traj_sweep_322,mega_sweep,0.684881222680565,0.4273624991380561,0.9791208926094588,0.7677380230442692,1.0,,,,0.44330657195358075,0.9933307965811127,0.7863354037267081,cts,,,,4.1190063309127306e-10,-2.50817,0.00165626,4.0,,,
traj_sweep_322,mega_sweep,0.684881222680565,0.4273624991380561,0.9791208926094588,0.7677380230442692,1.0,,,,0.4145980821620774,0.9583931720449905,0.7677380230442692,routing,,,,4.269162134239534e-10,-3.06388,,,3915.0,0.70467,0.0
traj_sweep_323,mega_sweep,0.7160353267907977,0.464482583066073,0.9870339229236479,0.8007590132827324,1.0,1076.77,0.632164,1.187273048097551,0.6680145992997688,1.0092836948205248,0.9894490035169988,floorplan,,,,,,,,,,
traj_sweep_323,mega_sweep,0.7160353267907977,0.464482583066073,0.9870339229236479,0.8007590132827324,1.0,,,,0.5588038689578624,0.9995499310576211,0.8528123947457056,placement,3298.45,0.733449,0.729327,4.0933781421793965e-10,,,,,,
traj_sweep_323,mega_sweep,0.7160353267907977,0.464482583066073,0.9870339229236479,0.8007590132827324,1.0,,,,0.46986792709324576,0.9950042347395942,0.807140580172139,cts,,,,4.112078820326828e-10,-1.98018,0.00188383,3.0,,,
traj_sweep_323,mega_sweep,0.7160353267907977,0.464482583066073,0.9870339229236479,0.8007590132827324,1.0,,,,0.44810331716924917,0.9602220885653848,0.8007590132827324,routing,,,,4.261030743336813e-10,-2.57983,,,3639.0,0.729327,0.0
traj_sweep_324,mega_sweep,0.6901020364254337,0.44708006954998963,0.9659256895260774,0.7610459873760144,1.0,1076.77,0.631423,1.187273048097551,0.6886890415630497,1.0092836948205248,0.9906103286384976,floorplan,,,,,,,,,,
traj_sweep_324,mega_sweep,0.6901020364254337,0.44708006954998963,0.9659256895260774,0.7610459873760144,1.0,,,,0.5781264575231515,1.004521147102988,0.8559837728194726,placement,3307.98,0.730731,0.72308,4.073120662126495e-10,,,,,,
traj_sweep_324,mega_sweep,0.6901020364254337,0.44708006954998963,0.9659256895260774,0.7610459873760144,1.0,,,,0.49826041877472493,0.9849595142528651,0.8266405484818804,cts,,,,4.154014231652758e-10,-1.66071,0.00140771,1.0,,,
traj_sweep_324,mega_sweep,0.6901020364254337,0.44708006954998963,0.9659256895260774,0.7610459873760144,1.0,,,,0.4340168021771835,0.9551363095165032,0.7610459873760144,routing,,,,4.2837192964419426e-10,-2.26339,,,4036.0,0.72308,0.0
traj_sweep_325,mega_sweep,0.6729939821208115,0.43481795088907704,0.960708981330322,0.7296829971181555,1.0,1076.77,0.6292,1.187273048097551,0.7107964881752749,1.0092836948205248,0.9941107184923439,floorplan,,,,,,,,,,
traj_sweep_325,mega_sweep,0.6729939821208115,0.43481795088907704,0.960708981330322,0.7296829971181555,1.0,,,,0.5936392491817032,0.9979337744008968,0.8577235772357723,placement,3352.76,0.729249,0.70579,4.100007380013284e-10,,,,,,
traj_sweep_325,mega_sweep,0.6729939821208115,0.43481795088907704,0.960708981330322,0.7296829971181555,1.0,,,,0.47040287268929887,0.9768787309692439,0.7686703096539161,cts,,,,4.1883764177654175e-10,-1.31907,0.0014791,7.0,,,
traj_sweep_325,mega_sweep,0.6729939821208115,0.43481795088907704,0.960708981330322,0.7296829971181555,1.0,,,,0.42268797682097403,0.9459589946278134,0.7296829971181555,routing,,,,4.325278223521728e-10,-1.94565,,,4256.0,0.70579,0.0
traj_sweep_326,mega_sweep,0.7125709266348675,0.4830959945382511,0.9666498913697235,0.7747858017135862,1.0,1076.77,0.628211,1.187273048097551,0.7312242672785563,1.0092836948205248,0.995674400314589,floorplan,,,,,,,,,,
traj_sweep_326,mega_sweep,0.7125709266348675,0.4830959945382511,0.9666498913697235,0.7747858017135862,1.0,,,,0.6055966440352444,0.9879381523442454,0.8583050847457626,placement,3388.08,0.728755,0.703711,4.141489859562079e-10,,,,,,
traj_sweep_326,mega_sweep,0.7125709266348675,0.4830959945382511,0.9666498913697235,0.7747858017135862,1.0,,,,0.5183196398651513,0.9811011959559259,0.8220779220779221,cts,,,,4.1703504762540244e-10,-0.895063,0.000693008,2.0,,,
traj_sweep_326,mega_sweep,0.7125709266348675,0.4830959945382511,0.9666498913697235,0.7747858017135862,1.0,,,,0.4678352222147026,0.9492485894430193,0.7747858017135862,routing,,,,4.310289091089339e-10,-1.4621,,,3849.0,0.703711,0.0
traj_sweep_327,mega_sweep,0.7233452978790677,0.4978463737365623,0.965892957239359,0.7870686975442959,1.0,1076.77,0.593132,1.187273048097551,0.7954644029989466,1.010216564992001,1.054560599750104,floorplan,,,,,,,,,,
traj_sweep_327,mega_sweep,0.7233452978790677,0.4978463737365623,0.965892957239359,0.7870686975442959,1.0,,,,0.6572947828058602,0.9944559689370599,0.8994671403197158,placement,3294.82,0.695405,0.74122,4.114345901288613e-10,,,,,,
traj_sweep_327,mega_sweep,0.7233452978790677,0.4978463737365623,0.965892957239359,0.7870686975442959,1.0,,,,0.5295596038880492,0.9744688163595969,0.8328947368421052,cts,,,,4.198734501421272e-10,-0.367142,0.00106511,2.0,,,
traj_sweep_327,mega_sweep,0.7233452978790677,0.4978463737365623,0.965892957239359,0.7870686975442959,1.0,,,,0.4827339849216134,0.9476938058238921,0.7870686975442959,routing,,,,4.3173605384612063e-10,-1.2017,,,3924.0,0.74122,0.0
traj_sweep_328,mega_sweep,0.7596857043183861,0.5342853830444386,0.9797223483779106,0.8375785643400594,1.0,1076.77,0.582016,1.187273048097551,0.8380442587636269,0.9981751750154455,1.0747028862478776,floorplan,,,,,,,,,,
traj_sweep_328,mega_sweep,0.7596857043183861,0.5342853830444386,0.9797223483779106,0.8375785643400594,1.0,,,,0.6944419759287522,0.9781552901512641,0.9308823529411764,placement,3269.26,0.671937,0.702066,4.182910301671491e-10,,,,,,
traj_sweep_328,mega_sweep,0.7596857043183861,0.5342853830444386,0.9797223483779106,0.8375785643400594,1.0,,,,0.5607880211794732,0.9741169442773734,0.8615175229669955,cts,,,,4.200251175020266e-10,-0.192529,0.00117015,9.0,,,
traj_sweep_328,mega_sweep,0.7596857043183861,0.5342853830444386,0.9797223483779106,0.8375785643400594,1.0,,,,0.5174958466619255,0.9554513577761684,0.8375785643400594,routing,,,,4.2823067930232657e-10,-0.350038,,,3939.0,0.702066,0.0
traj_sweep_329,mega_sweep,0.7628368558042665,0.5468746672021859,0.9700908730110022,0.8367481824190349,1.0,1076.77,0.582016,1.187273048097551,0.8583395018983262,0.9981751750154455,1.0747028862478776,floorplan,,,,,,,,,,
traj_sweep_329,mega_sweep,0.7628368558042665,0.5468746672021859,0.9700908730110022,0.8367481824190349,1.0,,,,0.7225436082155103,0.954158432450789,0.9561933534743201,placement,3227.23,0.65415,0.688757,4.288109501164222e-10,,,,,,
traj_sweep_329,mega_sweep,0.7628368558042665,0.5468746672021859,0.9700908730110022,0.8367481824190349,1.0,,,,0.6227547399933474,0.9713428829779834,0.9210622044379774,cts,,,,4.21224668601492e-10,-0.00748426,0.00105548,7.0,,,
traj_sweep_329,mega_sweep,0.7628368558042665,0.5468746672021859,0.9700908730110022,0.8367481824190349,1.0,,,,0.5304943019648702,0.9513189065779621,0.8367481824190349,routing,,,,4.300908782025642e-10,-0.141226,,,3867.0,0.688757,0.0
traj_sweep_330,mega_sweep,0.8309168154783562,0.6347006808486595,0.9774024475567393,0.9247626004382761,1.0,1076.77,0.582016,1.187273048097551,0.8786315928411852,0.9981751750154455,1.0747028862478776,floorplan,,,,,,,,,,
traj_sweep_330,mega_sweep,0.8309168154783562,0.6347006808486595,0.9774024475567393,0.9247626004382761,1.0,,,,0.7618765021809442,0.9550094719054691,0.9817758821248544,placement,3166.61,0.637105,0.713591,4.284288229774946e-10,,,,,,
traj_sweep_330,mega_sweep,0.8309168154783562,0.6347006808486595,0.9774024475567393,0.9247626004382761,1.0,,,,0.6603399943420004,0.9532091961359536,0.9554716981132075,cts,,,,4.2923797382506835e-10,-0.00079331,0.000908697,5.0,,,
traj_sweep_330,mega_sweep,0.8309168154783562,0.6347006808486595,0.9774024475567393,0.9247626004382761,1.0,,,,0.6113042236083996,0.9462208529215612,0.9247626004382761,routing,,,,4.324081240838353e-10,-0.0282078,,,3524.0,0.713591,0.0
traj_sweep_331,mega_sweep,0.8355191854140607,0.6507643399737858,0.9628324884311824,0.9308823529411764,1.0,1076.77,0.582016,1.187273048097551,0.898911695274677,0.9981751750154455,1.0747028862478776,floorplan,,,,,,,,,,
traj_sweep_331,mega_sweep,0.8355191854140607,0.6507643399737858,0.9628324884311824,0.9308823529411764,1.0,,,,0.795158229108139,0.9551485841240226,0.9968503937007873,placement,3134.44,0.62747,0.717508,4.2836642463963674e-10,,,,,,
traj_sweep_331,mega_sweep,0.8355191854140607,0.6507643399737858,0.9628324884311824,0.9308823529411764,1.0,,,,0.6960663953123609,0.9436022699840839,0.9817758821248544,cts,,,,4.336080963303747e-10,0.0,0.00374065,1.0,,,
traj_sweep_331,mega_sweep,0.8355191854140607,0.6507643399737858,0.9628324884311824,0.9308823529411764,1.0,,,,0.6281392634220331,0.9427553220652436,0.9308823529411764,routing,,,,4.3399763905284354e-10,-0.00717409,,,3653.0,0.717508,0.0
traj_sweep_332,mega_sweep,0.8644098738801551,0.7026243056125661,0.9537451873309685,0.9638370765131327,1.0,1076.77,0.582016,1.187273048097551,0.9191901111321363,0.9981751750154455,1.0747028862478776,floorplan,,,,,,,,,,
traj_sweep_332,mega_sweep,0.8644098738801551,0.7026243056125661,0.9537451873309685,0.9638370765131327,1.0,,,,0.8178409566626018,0.9484057330600187,1.0,placement,3199.09,0.625494,0.700785,4.3141196823082264e-10,,,,,,
traj_sweep_332,mega_sweep,0.8644098738801551,0.7026243056125661,0.9537451873309685,0.9638370765131327,1.0,,,,0.7174729648273303,0.9380582389211438,0.9867498051441932,cts,,,,4.3617076957970583e-10,0.0,0.000231738,0.0,,,
traj_sweep_332,mega_sweep,0.8644098738801551,0.7026243056125661,0.9537451873309685,0.9638370765131327,1.0,,,,0.6767476711524124,0.9296828650570564,0.9638370765131327,routing,,,,4.401001667979632e-10,-0.00124065,,,3517.0,0.700785,0.0
traj_sweep_333,mega_sweep,0.8775413667385399,0.7355845771653318,0.9321173288817424,0.9855975087582716,1.0,1076.77,0.582016,1.187273048097551,0.9394607817514662,0.9981751750154455,1.0747028862478776,floorplan,,,,,,,,,,
traj_sweep_333,mega_sweep,0.8775413667385399,0.7355845771653318,0.9321173288817424,0.9855975087582716,1.0,,,,0.8389008947616536,0.9463926974268331,1.0027722772277228,placement,3111.44,0.623765,0.708605,4.3232960809321025e-10,,,,,,
traj_sweep_333,mega_sweep,0.8775413667385399,0.7355845771653318,0.9321173288817424,0.9855975087582716,1.0,,,,0.7389931417857672,0.9360656609671573,0.9902229174814234,cts,,,,4.3709923463924014e-10,0.0,0.000770897,0.0,,,
traj_sweep_333,mega_sweep,0.8775413667385399,0.7355845771653318,0.9321173288817424,0.9855975087582716,1.0,,,,0.7086944521115098,0.9109272647673757,0.9855975087582716,routing,,,,4.491616397993146e-10,0.0,,,3446.0,0.708605,0.0
traj_sweep_334,mega_sweep,0.8902788029838921,0.7646673417118351,0.9289913955001289,0.9933307179285994,1.0,1076.77,0.582016,1.187273048097551,0.9597223334668269,0.9981751750154455,1.0747028862478776,floorplan,,,,,,,,,,
traj_sweep_334,mega_sweep,0.8902788029838921,0.7646673417118351,0.9289913955001289,0.9933307179285994,1.0,,,,0.8604104532986103,0.9405172519608685,1.0051607780865421,placement,3086.52,0.622283,0.713027,4.3503038687252303e-10,,,,,,
traj_sweep_334,mega_sweep,0.8902788029838921,0.7646673417118351,0.9289913955001289,0.9933307179285994,1.0,,,,0.7641276805605156,0.9299447233508041,0.9941107184923439,cts,,,,4.3997624128297074e-10,0.0,0.000728924,0.0,,,
traj_sweep_334,mega_sweep,0.8902788029838921,0.7646673417118351,0.9289913955001289,0.9933307179285994,1.0,,,,0.7362203434263993,0.904671306468309,0.9933307179285994,routing,,,,4.522676700978707e-10,0.0,,,3428.0,0.713027,0.0
traj_sweep_335,mega_sweep,0.8923737178583957,0.7755760766376112,0.9220439676441345,0.9937205651491364,1.0,1076.77,0.582016,1.187273048097551,0.9799786264203616,0.9981751750154455,1.0747028862478776,floorplan,,,,,,,,,,
traj_sweep_335,mega_sweep,0.8923737178583957,0.7755760766376112,0.9220439676441345,0.9937205651491364,1.0,,,,0.880314251008973,0.9365320960528953,1.0063593004769475,placement,3140.15,0.621542,0.708539,4.3688153957054543e-10,,,,,,
traj_sweep_335,mega_sweep,0.8923737178583957,0.7755760766376112,0.9220439676441345,0.9937205651491364,1.0,,,,0.7745399698340875,0.924658459045772,0.9945011783189316,cts,,,,4.424915815976601e-10,0.0,0.000389543,0.0,,,
traj_sweep_335,mega_sweep,0.8923737178583957,0.7755760766376112,0.9220439676441345,0.9937205651491364,1.0,,,,0.7472331933646531,0.902793291517837,0.9937205651491364,routing,,,,4.5320848950142534e-10,0.0,,,3413.0,0.708539,0.0
traj_sweep_336,mega_sweep,0.8967154098666559,0.7906946051410194,0.9147978576718343,0.9968503937007873,1.0,1076.77,0.582016,1.187273048097551,1.000228169468699,0.9981751750154455,1.0747028862478776,floorplan,,,,,,,,,,
traj_sweep_336,mega_sweep,0.8967154098666559,0.7906946051410194,0.9147978576718343,0.9968503937007873,1.0,,,,0.8991635315776835,0.928389939731677,1.0103750997605745,placement,3111.44,0.619071,0.706286,4.407130737533329e-10,,,,,,
traj_sweep_336,mega_sweep,0.8967154098666559,0.7906946051410194,0.9147978576718343,0.9968503937007873,1.0,,,,0.7890111240857969,0.9203173395197355,0.9968503937007873,cts,,,,4.445788060391585e-10,0.0,0.0011519,0.0,,,
traj_sweep_336,mega_sweep,0.8967154098666559,0.7906946051410194,0.9147978576718343,0.9968503937007873,1.0,,,,0.7612343608379287,0.8912919842721362,0.9968503937007873,routing,,,,4.590567302307219e-10,0.0,,,3418.0,0.706286,0.0
traj_sweep_337,mega_sweep,0.9014056446959536,0.8080239531726265,0.9078667959591992,0.9984227129337538,1.0,1076.77,0.582016,1.187273048097551,1.020468184889313,0.9981751750154455,1.0747028862478776,floorplan,,,,,,,,,,
traj_sweep_337,mega_sweep,0.9014056446959536,0.8080239531726265,0.9078667959591992,0.9984227129337538,1.0,,,,0.9172246264391278,0.9229072817063341,1.0103750997605745,placement,3084.59,0.619071,0.704894,4.4333119056591224e-10,,,,,,
traj_sweep_337,mega_sweep,0.9014056446959536,0.8080239531726265,0.9078667959591992,0.9984227129337538,1.0,,,,0.8075701274718164,0.9131530602642314,0.9984227129337538,cts,,,,4.480668157235607e-10,0.0,0.000743405,0.0,,,
traj_sweep_337,mega_sweep,0.9014056446959536,0.8080239531726265,0.9078667959591992,0.9984227129337538,1.0,,,,0.7795454545454545,0.8863044020834101,0.9984227129337538,routing,,,,4.616400223433771e-10,0.0,,,3452.0,0.704894,0.0
traj_sweep_338,mega_sweep,0.9001140535567516,0.8220453713867546,0.8896021799702954,0.9972430090586843,1.0,1076.77,0.582016,1.187273048097551,1.0407059559240774,0.9981751750154455,1.0747028862478776,floorplan,,,,,,,,,,
traj_sweep_338,mega_sweep,0.9001140535567516,0.8220453713867546,0.8896021799702954,0.9972430090586843,1.0,,,,0.9373686379021701,0.9055264374588289,1.0107784431137723,placement,3064.66,0.618824,0.695823,4.518405725723736e-10,,,,,,
traj_sweep_338,mega_sweep,0.9001140535567516,0.8220453713867546,0.8896021799702954,0.9972430090586843,1.0,,,,0.8218536656743991,0.8966027977922073,0.9972430090586843,cts,,,,4.563376168224299e-10,0.0,0.000647427,0.0,,,
traj_sweep_338,mega_sweep,0.9001140535567516,0.8220453713867546,0.8896021799702954,0.9972430090586843,1.0,,,,0.7928082116249012,0.8754168252136805,0.9972430090586843,routing,,,,4.673814486955384e-10,0.0,,,3456.0,0.695823,0.0
traj_sweep_339,mega_sweep,0.9141603746219544,0.8361261269643373,0.9165694926904713,0.9968503937007873,1.0,1076.77,0.582016,1.187273048097551,1.0609291069004192,0.9981751750154455,1.0747028862478776,floorplan,,,,,,,,,,
traj_sweep_339,mega_sweep,0.9141603746219544,0.8361261269643373,0.9165694926904713,0.9968503937007873,1.0,,,,0.9528788039444386,0.9295887597327409,1.0103750997605745,placement,3101.12,0.619071,0.693292,4.4014471958379914e-10,,,,,,
traj_sweep_339,mega_sweep,0.9141603746219544,0.8361261269643373,0.9165694926904713,0.9968503937007873,1.0,,,,0.8335899671632376,0.9204196279157307,0.9968503937007873,cts,,,,4.4452939895179965e-10,0.0,0.00248632,0.0,,,
traj_sweep_339,mega_sweep,0.9141603746219544,0.8361261269643373,0.9165694926904713,0.9968503937007873,1.0,,,,0.8052292501097641,0.8967623676899598,0.9968503937007873,routing,,,,4.562564161058515e-10,0.0,,,3397.0,0.693292,0.0
traj_sweep_340,mega_sweep,0.9199903678924793,0.8568826847071052,0.9108699832656184,0.9976359338061466,1.0,1076.77,0.582016,1.187273048097551,1.0811532654399336,0.9981751750154455,1.0747028862478776,floorplan,,,,,,,,,,
traj_sweep_340,mega_sweep,0.9199903678924793,0.8568826847071052,0.9108699832656184,0.9976359338061466,1.0,,,,0.9724231587034502,0.9254440339270151,1.0103750997605745,placement,3097.93,0.619071,0.706648,4.421159670181489e-10,,,,,,
traj_sweep_340,mega_sweep,0.9199903678924793,0.8568826847071052,0.9108699832656184,0.9976359338061466,1.0,,,,0.8557403430922101,0.9158411993109854,0.9976359338061466,cts,,,,4.467516686174823e-10,0.0,0.00095926,0.0,,,
traj_sweep_340,mega_sweep,0.9199903678924793,0.8568826847071052,0.9108699832656184,0.9976359338061466,1.0,,,,0.8261489101556395,0.8860507268613419,0.9976359338061466,routing,,,,4.6177218930812673e-10,0.0,,,3420.0,0.706648,0.0
traj_sweep_341,mega_sweep,0.9189967046624367,0.8766815924766113,0.8874172998318379,0.9976359338061466,1.0,1076.77,0.582016,1.187273048097551,1.10136650530057,0.9981751750154455,1.0747028862478776,floorplan,,,,,,,,,,
traj_sweep_341,mega_sweep,0.9189967046624367,0.8766815924766113,0.8874172998318379,0.9976359338061466,1.0,,,,0.9923694468677188,0.897527484892004,1.0103750997605745,placement,3059.26,0.619071,0.686049,4.558674702090608e-10,,,,,,
traj_sweep_341,mega_sweep,0.9189967046624367,0.8766815924766113,0.8874172998318379,0.9976359338061466,1.0,,,,0.8741446142921759,0.8888943442700087,0.9976359338061466,cts,,,,4.60294957008451e-10,0.0,0.00133069,0.0,,,
traj_sweep_341,mega_sweep,0.9189967046624367,0.8766815924766113,0.8874172998318379,0.9976359338061466,1.0,,,,0.8428071689159407,0.86326905530529,0.9976359338061466,routing,,,,4.739583580186644e-10,0.0,,,3437.0,0.686049,0.0
traj_sweep_342,mega_sweep,0.9235159145736241,0.8895906235924748,0.8871554415380901,0.9980291683090263,1.0,1076.77,0.582016,1.187273048097551,1.1215795418380146,0.9981751750154455,1.0747028862478776,floorplan,,,,,,,,,,
traj_sweep_342,mega_sweep,0.9235159145736241,0.8895906235924748,0.8871554415380901,0.9980291683090263,1.0,,,,1.012152680009461,0.898636291104592,1.0107784431137723,placement,3111.84,0.618824,0.704334,4.553049860449022e-10,,,,,,
traj_sweep_342,mega_sweep,0.9235159145736241,0.8895906235924748,0.8871554415380901,0.9980291683090263,1.0,,,,0.8872762457668119,0.8892625824955914,0.9980291683090263,cts,,,,4.601043516669581e-10,0.0,0.00231828,0.0,,,
traj_sweep_342,mega_sweep,0.9235159145736241,0.8895906235924748,0.8871554415380901,0.9980291683090263,1.0,,,,0.8565478261283974,0.8682402713506568,0.9980291683090263,routing,,,,4.712446513732069e-10,0.0,,,3465.0,0.704334,0.0
traj_sweep_343,mega_sweep,0.9290038212553512,0.9028220094636272,0.8894794338951012,0.9984227129337538,1.0,1076.77,0.582016,1.187273048097551,1.1417790031382216,0.9981751750154455,1.0747028862478776,floorplan,,,,,,,,,,
traj_sweep_343,mega_sweep,0.9290038212553512,0.9028220094636272,0.8894794338951012,0.9984227129337538,1.0,,,,1.0291335516822795,0.9069666580744414,1.0119904076738608,placement,3120.48,0.618083,0.694979,4.5112307088496814e-10,,,,,,
traj_sweep_343,mega_sweep,0.9290038212553512,0.9028220094636272,0.8894794338951012,0.9984227129337538,1.0,,,,0.9022917241898641,0.8975438510353632,0.9984227129337538,cts,,,,4.5585915775462014e-10,0.0,0.000744189,0.0,,,
traj_sweep_343,mega_sweep,0.9290038212553512,0.9028220094636272,0.8894794338951012,0.9984227129337538,1.0,,,,0.8703180913550236,0.8735756340857668,0.9984227129337538,routing,,,,4.683665249077318e-10,0.0,,,3451.0,0.694979,0.0
traj_sweep_344,mega_sweep,0.9344586579938493,0.9188188863668896,0.8894794338951012,0.9984227129337538,1.0,1076.77,0.582016,1.187273048097551,1.1619752000930967,0.9981751750154455,1.0747028862478776,floorplan,,,,,,,,,,
traj_sweep_344,mega_sweep,0.9344586579938493,0.9188188863668896,0.8894794338951012,0.9984227129337538,1.0,,,,1.0473465534622712,0.9069666580744414,1.0119904076738608,placement,3120.48,0.618083,0.694979,4.5112307088496814e-10,,,,,,
traj_sweep_344,mega_sweep,0.9344586579938493,0.9188188863668896,0.8894794338951012,0.9984227129337538,1.0,,,,0.9182743399002697,0.8975438510353632,0.9984227129337538,cts,,,,4.5585915775462014e-10,0.0,0.000744189,0.0,,,
traj_sweep_344,mega_sweep,0.9344586579938493,0.9188188863668896,0.8894794338951012,0.9984227129337538,1.0,,,,0.885741460794315,0.8735756340857668,0.9984227129337538,routing,,,,4.683665249077318e-10,0.0,,,3451.0,0.694979,0.0
traj_sweep_345,mega_sweep,0.9413559026604787,0.9382935182091547,0.8897453837246887,0.9992107340173638,1.0,1076.77,0.582016,1.187273048097551,1.1821596058854094,0.9981751750154455,1.0747028862478776,floorplan,,,,,,,,,,
traj_sweep_345,mega_sweep,0.9413559026604787,0.9382935182091547,0.8897453837246887,0.9992107340173638,1.0,,,,1.0663296786748304,0.9048595171169402,1.0128,placement,3079.18,0.617589,0.678675,4.521735984879315e-10,,,,,,
traj_sweep_345,mega_sweep,0.9413559026604787,0.9382935182091547,0.8897453837246887,0.9992107340173638,1.0,,,,0.9360017914707245,0.8962632003175032,0.9992107340173638,cts,,,,4.565105248501504e-10,0.0,0.000527439,0.0,,,
traj_sweep_345,mega_sweep,0.9413559026604787,0.9382935182091547,0.8897453837246887,0.9992107340173638,1.0,,,,0.9021196287763573,0.8690381208394194,0.9992107340173638,routing,,,,4.708120094727376e-10,0.0,,,3373.0,0.678675,0.0
traj_sweep_346,mega_sweep,0.9470527129806628,0.9555739866445494,0.8889107104133679,1.0,1.0,1076.77,0.582016,1.187273048097551,1.2023413720440177,0.9981751750154455,1.0747028862478776,floorplan,,,,,,,,,,
traj_sweep_346,mega_sweep,0.9470527129806628,0.9555739866445494,0.8889107104133679,1.0,1.0,,,,1.0834147105983338,0.9016558445543704,1.0128,placement,3107.61,0.617589,0.697135,4.537802160901389e-10,,,,,,
traj_sweep_346,mega_sweep,0.9470527129806628,0.9555739866445494,0.8889107104133679,1.0,1.0,,,,0.9536118848653669,0.8928181271403847,1.0,cts,,,,4.5827203944805717e-10,0.0,0.00118603,0.0,,,
traj_sweep_346,mega_sweep,0.9470527129806628,0.9555739866445494,0.8889107104133679,1.0,1.0,,,,0.9211262697184326,0.8699137095091385,1.0,routing,,,,4.703381260788381e-10,0.0,,,3413.0,0.697135,0.0
traj_sweep_347,mega_sweep,0.9507327872368024,0.966961312293878,0.8904777686400144,0.9980291683090263,1.0,1076.77,0.582016,1.187273048097551,1.2225169707110695,0.9981751750154455,1.0747028862478776,floorplan,,,,,,,,,,
traj_sweep_347,mega_sweep,0.9507327872368024,0.966961312293878,0.8904777686400144,0.9980291683090263,1.0,,,,1.1009954363073908,0.9054896136362707,1.0115860966839791,placement,3082.16,0.61833,0.693021,4.5185894771088256e-10,,,,,,
traj_sweep_347,mega_sweep,0.9507327872368024,0.966961312293878,0.8904777686400144,0.9980291683090263,1.0,,,,0.965185403968531,0.8965005093962121,0.9980291683090263,cts,,,,4.563896837675881e-10,0.0,0.000583304,0.0,,,
traj_sweep_347,mega_sweep,0.9507327872368024,0.966961312293878,0.8904777686400144,0.9980291683090263,1.0,,,,0.9293710669059057,0.8665709247280151,0.9980291683090263,routing,,,,4.721524485825983e-10,0.0,,,3446.0,0.693021,0.0
traj_sweep_348,mega_sweep,0.9570802248347616,0.9848382730864278,0.8919425384706657,0.9980291683090263,1.0,1076.77,0.582016,1.187273048097551,1.242684883013441,0.9981751750154455,1.0747028862478776,floorplan,,,,,,,,,,
traj_sweep_348,mega_sweep,0.9570802248347616,0.9848382730864278,0.8919425384706657,0.9980291683090263,1.0,,,,1.119623245644089,0.9058496687901738,1.0115860966839791,placement,3091.56,0.61833,0.69283,4.5167934380024934e-10,,,,,,
traj_sweep_348,mega_sweep,0.9570802248347616,0.9848382730864278,0.8919425384706657,0.9980291683090263,1.0,,,,0.9815306311914982,0.8964432278944547,0.9980291683090263,cts,,,,4.564188464470075e-10,0.0,0.000787898,0.0,,,
traj_sweep_348,mega_sweep,0.9570802248347616,0.9848382730864278,0.8919425384706657,0.9980291683090263,1.0,,,,0.9476836765900007,0.8717753583162512,0.9980291683090263,routing,,,,4.693337338314529e-10,0.0,,,3428.0,0.69283,0.0
traj_sweep_349,mega_sweep,0.9631460003994804,1.0,0.8941683339675214,0.9992107340173638,1.0,1076.77,0.582016,1.187273048097551,1.2628457803728141,0.9981751750154455,1.0747028862478776,floorplan,,,,,,,,,,
traj_sweep_349,mega_sweep,0.9631460003994804,1.0,0.8941683339675214,0.9992107340173638,1.0,,,,1.1378179562173183,0.9079240774609565,1.0128,placement,3096.8,0.617589,0.691376,4.5064735492535025e-10,,,,,,
traj_sweep_349,mega_sweep,0.9631460003994804,1.0,0.8941683339675214,0.9992107340173638,1.0,,,,0.9963413011663488,0.8996264427778256,0.9992107340173638,cts,,,,4.548038658328596e-10,0.0,0.000870845,0.0,,,
traj_sweep_349,mega_sweep,0.9631460003994804,1.0,0.8941683339675214,0.9992107340173638,1.0,,,,0.9610874342946062,0.8759650910162148,0.9992107340173638,routing,,,,4.670889150458681e-10,0.0,,,3415.0,0.691376,0.0
traj_sweep_350,mega_sweep,0.45943377106979993,0.147781614865976,0.9703322736255509,0.6762820512820512,1.0,1076.77,0.656374,1.187273048097551,0.2498446568201564,1.009492363148355,0.9529544599171998,floorplan,,,,,,,,,,
traj_sweep_350,mega_sweep,0.45943377106979993,0.147781614865976,0.9703322736255509,0.6762820512820512,1.0,,,,0.19990167967594333,1.0119963830823175,0.7984862819299905,placement,3566.14,0.78335,0.730149,4.043034054475841e-10,,,,,,
traj_sweep_350,mega_sweep,0.45943377106979993,0.147781614865976,0.9703322736255509,0.6762820512820512,1.0,,,,0.16038478355924793,0.9929421006763308,0.7142454160789844,cts,,,,4.120618752111817e-10,-12.6792,0.00037427,9.0,,,
traj_sweep_350,mega_sweep,0.45943377106979993,0.147781614865976,0.9703322736255509,0.6762820512820512,1.0,,,,0.1443143678437796,0.9547721628267603,0.6762820512820512,routing,,,,4.285353091667988e-10,-13.3868,,,5300.0,0.730149,0.0
traj_sweep_351,mega_sweep,0.4850418708163662,0.16546403616177052,0.9862769887932833,0.6992543496271747,1.0,1076.77,0.656374,1.187273048097551,0.26764233744032356,1.009492363148355,0.9529544599171998,floorplan,,,,,,,,,,
traj_sweep_351,mega_sweep,0.4850418708163662,0.16546403616177052,0.9862769887932833,0.6992543496271747,1.0,,,,0.2150295268996277,1.0154619139386352,0.800252844500632,placement,3550.1,0.781621,0.704469,4.0292361374130694e-10,,,,,,
traj_sweep_351,mega_sweep,0.4850418708163662,0.16546403616177052,0.9862769887932833,0.6992543496271747,1.0,,,,0.1706532472464869,0.9953683814293371,0.7116357504215851,cts,,,,4.110574452779776e-10,-12.2224,0.00139967,8.0,,,
traj_sweep_351,mega_sweep,0.4850418708163662,0.16546403616177052,0.9862769887932833,0.6992543496271747,1.0,,,,0.1605954465849387,0.9621123781233761,0.6992543496271747,routing,,,,4.252658975024134e-10,-12.7749,,,4529.0,0.704469,0.0
traj_sweep_352,mega_sweep,0.4911547093882337,0.17604560503065803,0.9731186095324602,0.6916143130292269,1.0,1076.77,0.656374,1.187273048097551,0.2854338711726591,1.009492363148355,0.9529544599171998,floorplan,,,,,,,,,,
traj_sweep_352,mega_sweep,0.4911547093882337,0.17604560503065803,0.9731186095324602,0.6916143130292269,1.0,,,,0.22942235940011055,1.01514686567897,0.800252844500632,placement,3514.5,0.781621,0.695239,4.030486600647296e-10,,,,,,
traj_sweep_352,mega_sweep,0.4911547093882337,0.17604560503065803,0.9731186095324602,0.6916143130292269,1.0,,,,0.1800979590527953,0.9846280998498407,0.7023578363384189,cts,,,,4.15541242468315e-10,-11.8419,0.000851805,9.0,,,
traj_sweep_352,mega_sweep,0.4911547093882337,0.17604560503065803,0.9731186095324602,0.6916143130292269,1.0,,,,0.17161298946825676,0.9544530230312552,0.6916143130292269,routing,,,,4.286785982209838e-10,-12.4429,,,5284.0,0.695239,0.0
traj_sweep_353,mega_sweep,0.5035381107444564,0.18734905033965954,0.9699885846150069,0.7025527192008878,1.0,1076.77,0.656374,1.187273048097551,0.3032187425663901,1.009492363148355,0.9529544599171998,floorplan,,,,,,,,,,
traj_sweep_353,mega_sweep,0.5035381107444564,0.18734905033965954,0.9699885846150069,0.7025527192008878,1.0,,,,0.24590033848031367,1.0186533118936856,0.8038095238095238,placement,3523.76,0.778162,0.716833,4.0166127101692603e-10,,,,,,
traj_sweep_353,mega_sweep,0.5035381107444564,0.18734905033965954,0.9699885846150069,0.7025527192008878,1.0,,,,0.19401101682748617,0.9947628341250455,0.7170773152081563,cts,,,,4.1130767047674675e-10,-11.1102,0.000282892,12.0,,,
traj_sweep_353,mega_sweep,0.5035381107444564,0.18734905033965954,0.9699885846150069,0.7025527192008878,1.0,,,,0.18228453027747551,0.9588391494515296,0.7025527192008878,routing,,,,4.2671764520134673e-10,-11.7635,,,4872.0,0.716833,0.0
traj_sweep_354,mega_sweep,0.5056668207284034,0.1953549239805745,0.9588146002364908,0.6902944383860414,1.0,1076.77,0.656374,1.187273048097551,0.3209975764265061,1.009492363148355,0.9529544599171998,floorplan,,,,,,,,,,
traj_sweep_354,mega_sweep,0.5056668207284034,0.1953549239805745,0.9588146002364908,0.6902944383860414,1.0,,,,0.26251508061005996,1.0167752969432136,0.8061127029608405,placement,3553.91,0.775939,0.713634,4.024031516214835e-10,,,,,,
traj_sweep_354,mega_sweep,0.5056668207284034,0.1953549239805745,0.9588146002364908,0.6902944383860414,1.0,,,,0.2083972501562411,0.9965099199286436,0.7182978723404255,cts,,,,4.105865639652808e-10,-10.6007,0.00104417,8.0,,,
traj_sweep_354,mega_sweep,0.5056668207284034,0.1953549239805745,0.9588146002364908,0.6902944383860414,1.0,,,,0.19054383848321457,0.9546575998232456,0.6902944383860414,routing,,,,4.2858673524054433e-10,-11.2222,,,5155.0,0.713634,0.0
traj_sweep_355,mega_sweep,0.5264187637238101,0.21186191938421278,0.9825291419640191,0.7008026570716855,1.0,1076.77,0.656374,1.187273048097551,0.3387699017798746,1.009492363148355,0.9529544599171998,floorplan,,,,,,,,,,
traj_sweep_355,mega_sweep,0.5264187637238101,0.21186191938421278,0.9825291419640191,0.7008026570716855,1.0,,,,0.2771020624008461,1.0164397910043492,0.8061127029608405,placement,3526.04,0.775939,0.713638,4.0253597665291335e-10,,,,,,
traj_sweep_355,mega_sweep,0.5264187637238101,0.21186191938421278,0.9825291419640191,0.7008026570716855,1.0,,,,0.22121514973980771,1.0011619961785054,0.7211620620905724,cts,,,,4.086787008921456e-10,-10.1011,0.00131423,10.0,,,
traj_sweep_355,mega_sweep,0.5264187637238101,0.21186191938421278,0.9825291419640191,0.7008026570716855,1.0,,,,0.20637951683410247,0.9686465608595498,0.7008026570716855,routing,,,,4.223971885243132e-10,-10.7028,,,4847.0,0.713638,0.0
traj_sweep_356,mega_sweep,0.5359103549523994,0.22231292920896908,0.9884536858600613,0.700414937759336,1.0,1076.77,0.656374,1.187273048097551,0.35653541807592437,1.009492363148355,0.9529544599171998,floorplan,,,,,,,,,,
traj_sweep_356,mega_sweep,0.5359103549523994,0.22231292920896908,0.9884536858600613,0.700414937759336,1.0,,,,0.2921925168464433,1.016337502608354,0.8066263141127746,placement,3490.04,0.775445,0.7193,4.0257648953301125e-10,,,,,,
traj_sweep_356,mega_sweep,0.5359103549523994,0.22231292920896908,0.9884536858600613,0.700414937759336,1.0,,,,0.23353434240667761,1.0010801654617094,0.7199317600227466,cts,,,,4.087121072787539e-10,-9.54891,0.000822994,13.0,,,
traj_sweep_356,mega_sweep,0.5359103549523994,0.22231292920896908,0.9884536858600613,0.700414937759336,1.0,,,,0.21616771724475525,0.9677832467973503,0.700414937759336,routing,,,,4.227739892530852e-10,-10.2378,,,4778.0,0.7193,0.0
traj_sweep_357,mega_sweep,0.5577773907929987,0.24214711354637228,0.9957161619757209,0.7197271176805002,1.0,1076.77,0.656374,1.187273048097551,0.37429428829065226,1.009492363148355,0.9529544599171998,floorplan,,,,,,,,,,
traj_sweep_357,mega_sweep,0.5577773907929987,0.24214711354637228,0.9957161619757209,0.7197271176805002,1.0,,,,0.3083616848613992,1.0164725232910679,0.8089456869009584,placement,3487.14,0.773221,0.701202,4.0252301425333995e-10,,,,,,
traj_sweep_357,mega_sweep,0.5577773907929987,0.24214711354637228,0.9957161619757209,0.7197271176805002,1.0,,,,0.24978215702760734,1.0026103998657976,0.735191637630662,cts,,,,4.0808831031035114e-10,-8.92024,0.00108259,10.0,,,
traj_sweep_357,mega_sweep,0.5577773907929987,0.24214711354637228,0.9957161619757209,0.7197271176805002,1.0,,,,0.23540691163661845,0.9681433019512534,0.7197271176805002,routing,,,,4.2261675844493935e-10,-9.5411,,,4305.0,0.701202,0.0
traj_sweep_358,mega_sweep,0.5425896248023782,0.23920985630000122,0.9710810246842357,0.6876697447039651,1.0,1076.77,0.656374,1.187273048097551,0.3920478837109876,1.009492363148355,0.9529544599171998,floorplan,,,,,,,,,,
traj_sweep_358,mega_sweep,0.5425896248023782,0.23920985630000122,0.9710810246842357,0.6876697447039651,1.0,,,,0.3241761313933124,1.0168203038374515,0.8107588856868395,placement,3500.82,0.771492,0.734526,4.0238534029728227e-10,,,,,,
traj_sweep_358,mega_sweep,0.5425896248023782,0.23920985630000122,0.9710810246842357,0.6876697447039651,1.0,,,,0.2556890282417076,0.9947792002684047,0.7197271176805002,cts,,,,4.1130090362808525e-10,-8.47741,0.000845185,11.0,,,
traj_sweep_358,mega_sweep,0.5425896248023782,0.23920985630000122,0.9710810246842357,0.6876697447039651,1.0,,,,0.23347488286116239,0.9594078729332629,0.6876697447039651,routing,,,,4.2646469298806754e-10,-9.16002,,,4816.0,0.734526,0.0
traj_sweep_359,mega_sweep,0.5710835759791159,0.2636708119820495,0.9878685962349687,0.7150522451284947,1.0,1076.77,0.656374,1.187273048097551,0.4097940906220146,1.009492363148355,0.9529544599171998,floorplan,,,,,,,,,,
traj_sweep_359,mega_sweep,0.5710835759791159,0.2636708119820495,0.9878685962349687,0.7150522451284947,1.0,,,,0.3380409902818764,1.0113990188497055,0.8092042186001918,placement,3534.75,0.772974,0.716815,4.045421998195742e-10,,,,,,
traj_sweep_359,mega_sweep,0.5710835759791159,0.2636708119820495,0.9878685962349687,0.7150522451284947,1.0,,,,0.27478721924177124,0.9944068705069822,0.7394859813084111,cts,,,,4.1145490454246215e-10,-7.86846,0.000638753,8.0,,,
traj_sweep_359,mega_sweep,0.5710835759791159,0.2636708119820495,0.9878685962349687,0.7150522451284947,1.0,,,,0.2559905655002678,0.969538515672628,0.7150522451284947,routing,,,,4.2200859209493504e-10,-8.45931,,,4425.0,0.716815,0.0
traj_sweep_360,mega_sweep,0.582164425918003,0.27588557008502274,0.9871689436063615,0.7244635193133047,1.0,1076.77,0.655385,1.187273048097551,0.42863139016875107,1.009492363148355,0.9543912551828119,floorplan,,,,,,,,,,
traj_sweep_360,mega_sweep,0.582164425918003,0.27588557008502274,0.9871689436063615,0.7244635193133047,1.0,,,,0.3517872975919485,1.0120577561199147,0.805856142584341,placement,3631.89,0.776186,0.707283,4.0427888774792405e-10,,,,,,
traj_sweep_360,mega_sweep,0.582164425918003,0.27588557008502274,0.9871689436063615,0.7244635193133047,1.0,,,,0.29081247957232126,0.9960271186995463,0.7531231409875073,cts,,,,4.1078558635534594e-10,-7.45693,0.00195154,6.0,,,
traj_sweep_360,mega_sweep,0.582164425918003,0.27588557008502274,0.9871689436063615,0.7244635193133047,1.0,,,,0.2680067101584343,0.9618464282937886,0.7244635193133047,routing,,,,4.253834832101139e-10,-8.07402,,,4343.0,0.707283,0.0
traj_sweep_361,mega_sweep,0.5843890619993193,0.28184633719881763,0.9964280892118474,0.7106371035644119,1.0,1076.77,0.648468,1.187273048097551,0.4497989153692725,1.009492363148355,0.9645714285714285,floorplan,,,,,,,,,,
traj_sweep_361,mega_sweep,0.5843890619993193,0.28184633719881763,0.9964280892118474,0.7106371035644119,1.0,,,,0.36931587015217954,1.0204740453424002,0.8138862102217936,placement,3507.92,0.768528,0.72427,4.0094462553776696e-10,,,,,,
traj_sweep_361,mega_sweep,0.5843890619993193,0.28184633719881763,0.9964280892118474,0.7106371035644119,1.0,,,,0.2952544288492877,1.0001759360411118,0.7317919075144508,cts,,,,4.090816117815504e-10,-6.95295,0.000893972,10.0,,,
traj_sweep_361,mega_sweep,0.5843890619993193,0.28184633719881763,0.9964280892118474,0.7106371035644119,1.0,,,,0.2745550921894811,0.9764327535627049,0.7106371035644119,routing,,,,4.190289423290467e-10,-7.57673,,,4527.0,0.72427,0.0
traj_sweep_362,mega_sweep,0.596251771772693,0.29660067362737286,0.9938463300969285,0.7191138880999716,1.0,1076.77,0.647233,1.187273048097551,0.46846565066556156,1.009492363148355,0.9664122137404579,floorplan,,,,,,,,,,
traj_sweep_362,mega_sweep,0.596251771772693,0.29660067362737286,0.9938463300969285,0.7191138880999716,1.0,,,,0.38608618693383573,1.008514486082641,0.8151963940759819,placement,3530.3,0.767292,0.706494,4.056992632501379e-10,,,,,,
traj_sweep_362,mega_sweep,0.596251771772693,0.29660067362737286,0.9938463300969285,0.7191138880999716,1.0,,,,0.3117294870994374,0.9947792002684047,0.7429577464788731,cts,,,,4.1130090362808525e-10,-6.63624,0.00115493,6.0,,,
traj_sweep_362,mega_sweep,0.596251771772693,0.29660067362737286,0.9938463300969285,0.7191138880999716,1.0,,,,0.288675557211669,0.9633684796261973,0.7191138880999716,routing,,,,4.247114085978578e-10,-7.09569,,,4426.0,0.706494,0.0
traj_sweep_363,mega_sweep,0.6104135990366428,0.3138409422282756,0.9969027073692652,0.726959517657192,1.0,1076.77,0.643528,1.187273048097551,0.48926903100057717,1.009492363148355,0.9719769673704415,floorplan,,,,,,,,,,
traj_sweep_363,mega_sweep,0.6104135990366428,0.3138409422282756,0.9969027073692652,0.726959517657192,1.0,,,,0.4025154415683886,1.0091609487453306,0.8188874514877101,placement,3473.1,0.763834,0.712297,4.054393746503085e-10,,,,,,
traj_sweep_363,mega_sweep,0.6104135990366428,0.3138409422282756,0.9969027073692652,0.726959517657192,1.0,,,,0.32064309874834085,1.0013133830045784,0.7447058823529411,cts,,,,4.086169134712824e-10,-5.97472,0.00108621,10.0,,,
traj_sweep_363,mega_sweep,0.6104135990366428,0.3138409422282756,0.9969027073692652,0.726959517657192,1.0,,,,0.30417012894043427,0.978752654383876,0.726959517657192,routing,,,,4.180357336945162e-10,-6.60341,,,4102.0,0.712297,0.0
traj_sweep_364,mega_sweep,0.6029641162581968,0.31353763438984433,0.9769646532218799,0.7156585641605426,1.0,1076.77,0.643528,1.187273048097551,0.5073004959200206,1.009492363148355,0.9719769673704415,floorplan,,,,,,,,,,
traj_sweep_364,mega_sweep,0.6029641162581968,0.31353763438984433,0.9769646532218799,0.7156585641605426,1.0,,,,0.4176230165276774,0.9992389743337957,0.8178294573643411,placement,3481.37,0.764822,0.718272,4.09465197505538e-10,,,,,,
traj_sweep_364,mega_sweep,0.6029641162581968,0.31353763438984433,0.9769646532218799,0.7156585641605426,1.0,,,,0.33091893285217167,0.9952292692107837,0.7399181765049678,cts,,,,4.1111490250410086e-10,-5.59219,0.00157546,10.0,,,
traj_sweep_364,mega_sweep,0.6029641162581968,0.31353763438984433,0.9769646532218799,0.7156585641605426,1.0,,,,0.306014836608318,0.9652383115049896,0.7156585641605426,routing,,,,4.2388866987974277e-10,-6.22271,,,4745.0,0.718272,0.0
traj_sweep_365,mega_sweep,0.6176359337099318,0.3336650206066907,0.9777665942464823,0.7221905305191101,1.0,1076.77,0.643281,1.187273048097551,0.5255137246646316,1.0093491593939616,0.9723502304147464,floorplan,,,,,,,,,,
traj_sweep_365,mega_sweep,0.6176359337099318,0.3336650206066907,0.9777665942464823,0.7221905305191101,1.0,,,,0.43382509123911406,0.9993330796581112,0.8228794280142996,placement,3471.13,0.760128,0.697093,4.094266389348357e-10,,,,,,
traj_sweep_365,mega_sweep,0.6176359337099318,0.3336650206066907,0.9777665942464823,0.7221905305191101,1.0,,,,0.34375179304356474,0.9909945296165822,0.7369033760186262,cts,,,,4.1287168773688515e-10,-5.18383,0.000829684,9.0,,,
traj_sweep_365,mega_sweep,0.6176359337099318,0.3336650206066907,0.9777665942464823,0.7221905305191101,1.0,,,,0.32458242510379554,0.9627220169635076,0.7221905305191101,routing,,,,4.249966000271998e-10,-5.82479,,,4449.0,0.697093,0.0
traj_sweep_366,mega_sweep,0.6454146867111481,0.36115420166378653,0.9881631868154349,0.7533472180898542,1.0,1076.77,0.643034,1.187273048097551,0.5437296175511415,1.0093491593939616,0.9727237802535534,floorplan,,,,,,,,,,
traj_sweep_366,mega_sweep,0.6454146867111481,0.36115420166378653,0.9881631868154349,0.7533472180898542,1.0,,,,0.4464548308890744,1.012352346700381,0.8231469440832249,placement,3545.62,0.759881,0.698121,4.0416124416997403e-10,,,,,,
traj_sweep_366,mega_sweep,0.6454146867111481,0.36115420166378653,0.9881631868154349,0.7533472180898542,1.0,,,,0.3643890828437157,0.9992757981563539,0.7576301615798923,cts,,,,4.0945010850427877e-10,-4.65592,0.00155324,6.0,,,
traj_sweep_366,mega_sweep,0.6454146867111481,0.36115420166378653,0.9881631868154349,0.7533472180898542,1.0,,,,0.3506623744024973,0.9634707680221924,0.7533472180898542,routing,,,,4.2466631844028554e-10,-5.20595,,,4056.0,0.698121,0.0
traj_sweep_367,mega_sweep,0.6550179178990979,0.3755401215221189,0.990998621152422,0.7551446465851476,1.0,1076.77,0.638587,1.187273048097551,0.5673107880333571,1.0093246101789228,0.9794970986460347,floorplan,,,,,,,,,,
traj_sweep_367,mega_sweep,0.6550179178990979,0.3755401215221189,0.990998621152422,0.7551446465851476,1.0,,,,0.464349380719368,1.0041856411641237,0.827721477607061,placement,3473.01,0.755682,0.716951,4.0744815222262966e-10,,,,,,
traj_sweep_367,mega_sweep,0.6550179178990979,0.3755401215221189,0.990998621152422,0.7551446465851476,1.0,,,,0.37887609563600644,0.9981056189061688,0.7601320924647252,cts,,,,4.0993014790279734e-10,-4.19347,0.00154405,7.0,,,
traj_sweep_367,mega_sweep,0.6550179178990979,0.3755401215221189,0.990998621152422,0.7551446465851476,1.0,,,,0.3636643229298397,0.9634707680221924,0.7551446465851476,routing,,,,4.2466631844028554e-10,-4.73614,,,3903.0,0.716951,0.0
traj_sweep_368,mega_sweep,0.6589834339277019,0.38574727642660306,0.9821118053083586,0.7553699284009546,1.0,1076.77,0.638587,1.187273048097551,0.5855072841468818,1.0093246101789228,0.9794970986460347,floorplan,,,,,,,,,,
traj_sweep_368,mega_sweep,0.6589834339277019,0.38574727642660306,0.9821118053083586,0.7553699284009546,1.0,,,,0.4864247515534674,1.0131542877249833,0.8367481824190349,placement,3436.51,0.74753,0.707363,4.0384133881480646e-10,,,,,,
traj_sweep_368,mega_sweep,0.6589834339277019,0.38574727642660306,0.9821118053083586,0.7553699284009546,1.0,,,,0.4133879819126083,1.0051144197997601,0.7972292191435767,cts,,,,4.070716486808843e-10,-3.50995,0.00190797,3.0,,,
traj_sweep_368,mega_sweep,0.6589834339277019,0.38574727642660306,0.9821118053083586,0.7553699284009546,1.0,,,,0.3739461879676096,0.9622105749835316,0.7553699284009546,routing,,,,4.252224976719068e-10,-4.22504,,,4063.0,0.707363,0.0
traj_sweep_369,mega_sweep,0.664453872653627,0.39659741606628646,0.975724917862418,0.7580838323353293,1.0,1076.77,0.638587,1.187273048097551,0.6036988022222372,1.0093246101789228,0.9794970986460347,floorplan,,,,,,,,,,
traj_sweep_369,mega_sweep,0.664453872653627,0.39659741606628646,0.975724917862418,0.7580838323353293,1.0,,,,0.5047772578932882,1.008768161304709,0.8451268357810413,placement,3519.75,0.740119,0.726176,4.055972419387548e-10,,,,,,
traj_sweep_369,mega_sweep,0.664453872653627,0.39659741606628646,0.975724917862418,0.7580838323353293,1.0,,,,0.4286497908408817,1.00618640218979,0.8053435114503816,cts,,,,4.0663795802683e-10,-3.16886,0.000767504,4.0,,,
traj_sweep_369,mega_sweep,0.664453872653627,0.39659741606628646,0.975724917862418,0.7580838323353293,1.0,,,,0.3851875981817753,0.9609503819448706,0.7580838323353293,routing,,,,4.257801356535512e-10,-3.97803,,,4086.0,0.726176,0.0
traj_sweep_370,mega_sweep,0.6848929607845863,0.4228958383823173,0.987713117873056,0.7691373025516403,1.0,1076.77,0.632164,1.187273048097551,0.6311235651254824,1.0092836948205248,0.9894490035169988,floorplan,,,,,,,,,,
traj_sweep_370,mega_sweep,0.6848929607845863,0.4228958383823173,0.987713117873056,0.7691373025516403,1.0,,,,0.5259058336771449,1.0043861264202745,0.850235057085292,placement,3414.91,0.735672,0.736636,4.0736682160184783e-10,,,,,,
traj_sweep_370,mega_sweep,0.6848929607845863,0.4228958383823173,0.987713117873056,0.7691373025516403,1.0,,,,0.4481871228367662,1.0025367522206812,0.8125802310654685,cts,,,,4.081182890048852e-10,-2.81344,0.00187142,3.0,,,
traj_sweep_370,mega_sweep,0.6848929607845863,0.4228958383823173,0.987713117873056,0.7691373025516403,1.0,,,,0.4089865447586453,0.9698944792906914,0.7691373025516403,routing,,,,4.218537095705951e-10,-3.40311,,,3914.0,0.736636,0.0
traj_sweep_371,mega_sweep,0.684881222680565,0.4273624991380561,0.9791208926094588,0.7677380230442692,1.0,1076.77,0.632164,1.187273048097551,0.649571908215965,1.0092836948205248,0.9894490035169988,floorplan,,,,,,,,,,
traj_sweep_371,mega_sweep,0.684881222680565,0.4273624991380561,0.9791208926094588,0.7677380230442692,1.0,,,,0.5435076461569632,1.0003805128331023,0.8530997304582209,placement,3293.12,0.733202,0.70467,4.0899795501022496e-10,,,,,,
traj_sweep_371,mega_sweep,0.684881222680565,0.4273624991380561,0.9791208926094588,0.7677380230442692,1.0,,,,0.44330657195358075,0.9933307965811127,0.7863354037267081,cts,,,,4.1190063309127306e-10,-2.50817,0.00165626,4.0,,,
traj_sweep_371,mega_sweep,0.684881222680565,0.4273624991380561,0.9791208926094588,0.7677380230442692,1.0,,,,0.4145980821620774,0.9583931720449905,0.7677380230442692,routing,,,,4.269162134239534e-10,-3.06388,,,3915.0,0.70467,0.0
traj_sweep_372,mega_sweep,0.7160353267907977,0.464482583066073,0.9870339229236479,0.8007590132827324,1.0,1076.77,0.632164,1.187273048097551,0.6680145992997688,1.0092836948205248,0.9894490035169988,floorplan,,,,,,,,,,
traj_sweep_372,mega_sweep,0.7160353267907977,0.464482583066073,0.9870339229236479,0.8007590132827324,1.0,,,,0.5588038689578624,0.9995499310576211,0.8528123947457056,placement,3298.45,0.733449,0.729327,4.0933781421793965e-10,,,,,,
traj_sweep_372,mega_sweep,0.7160353267907977,0.464482583066073,0.9870339229236479,0.8007590132827324,1.0,,,,0.46986792709324576,0.9950042347395942,0.807140580172139,cts,,,,4.112078820326828e-10,-1.98018,0.00188383,3.0,,,
traj_sweep_372,mega_sweep,0.7160353267907977,0.464482583066073,0.9870339229236479,0.8007590132827324,1.0,,,,0.44810331716924917,0.9602220885653848,0.8007590132827324,routing,,,,4.261030743336813e-10,-2.57983,,,3639.0,0.729327,0.0
traj_sweep_373,mega_sweep,0.6901020364254337,0.44708006954998963,0.9659256895260774,0.7610459873760144,1.0,1076.77,0.631423,1.187273048097551,0.6886890415630497,1.0092836948205248,0.9906103286384976,floorplan,,,,,,,,,,
traj_sweep_373,mega_sweep,0.6901020364254337,0.44708006954998963,0.9659256895260774,0.7610459873760144,1.0,,,,0.5781264575231515,1.004521147102988,0.8559837728194726,placement,3307.98,0.730731,0.72308,4.073120662126495e-10,,,,,,
traj_sweep_373,mega_sweep,0.6901020364254337,0.44708006954998963,0.9659256895260774,0.7610459873760144,1.0,,,,0.49826041877472493,0.9849595142528651,0.8266405484818804,cts,,,,4.154014231652758e-10,-1.66071,0.00140771,1.0,,,
traj_sweep_373,mega_sweep,0.6901020364254337,0.44708006954998963,0.9659256895260774,0.7610459873760144,1.0,,,,0.4340168021771835,0.9551363095165032,0.7610459873760144,routing,,,,4.2837192964419426e-10,-2.26339,,,4036.0,0.72308,0.0
traj_sweep_374,mega_sweep,0.6729939821208115,0.43481795088907704,0.960708981330322,0.7296829971181555,1.0,1076.77,0.6292,1.187273048097551,0.7107964881752749,1.0092836948205248,0.9941107184923439,floorplan,,,,,,,,,,
traj_sweep_374,mega_sweep,0.6729939821208115,0.43481795088907704,0.960708981330322,0.7296829971181555,1.0,,,,0.5936392491817032,0.9979337744008968,0.8577235772357723,placement,3352.76,0.729249,0.70579,4.100007380013284e-10,,,,,,
traj_sweep_374,mega_sweep,0.6729939821208115,0.43481795088907704,0.960708981330322,0.7296829971181555,1.0,,,,0.47040287268929887,0.9768787309692439,0.7686703096539161,cts,,,,4.1883764177654175e-10,-1.31907,0.0014791,7.0,,,
traj_sweep_374,mega_sweep,0.6729939821208115,0.43481795088907704,0.960708981330322,0.7296829971181555,1.0,,,,0.42268797682097403,0.9459589946278134,0.7296829971181555,routing,,,,4.325278223521728e-10,-1.94565,,,4256.0,0.70579,0.0
traj_sweep_375,mega_sweep,0.7125709266348675,0.4830959945382511,0.9666498913697235,0.7747858017135862,1.0,1076.77,0.628211,1.187273048097551,0.7312242672785563,1.0092836948205248,0.995674400314589,floorplan,,,,,,,,,,
traj_sweep_375,mega_sweep,0.7125709266348675,0.4830959945382511,0.9666498913697235,0.7747858017135862,1.0,,,,0.6055966440352444,0.9879381523442454,0.8583050847457626,placement,3388.08,0.728755,0.703711,4.141489859562079e-10,,,,,,
traj_sweep_375,mega_sweep,0.7125709266348675,0.4830959945382511,0.9666498913697235,0.7747858017135862,1.0,,,,0.5183196398651513,0.9811011959559259,0.8220779220779221,cts,,,,4.1703504762540244e-10,-0.895063,0.000693008,2.0,,,
traj_sweep_375,mega_sweep,0.7125709266348675,0.4830959945382511,0.9666498913697235,0.7747858017135862,1.0,,,,0.4678352222147026,0.9492485894430193,0.7747858017135862,routing,,,,4.310289091089339e-10,-1.4621,,,3849.0,0.703711,0.0
traj_sweep_376,mega_sweep,0.7233452978790677,0.4978463737365623,0.965892957239359,0.7870686975442959,1.0,1076.77,0.593132,1.187273048097551,0.7954644029989466,1.010216564992001,1.054560599750104,floorplan,,,,,,,,,,
traj_sweep_376,mega_sweep,0.7233452978790677,0.4978463737365623,0.965892957239359,0.7870686975442959,1.0,,,,0.6572947828058602,0.9944559689370599,0.8994671403197158,placement,3294.82,0.695405,0.74122,4.114345901288613e-10,,,,,,
traj_sweep_376,mega_sweep,0.7233452978790677,0.4978463737365623,0.965892957239359,0.7870686975442959,1.0,,,,0.5295596038880492,0.9744688163595969,0.8328947368421052,cts,,,,4.198734501421272e-10,-0.367142,0.00106511,2.0,,,
traj_sweep_376,mega_sweep,0.7233452978790677,0.4978463737365623,0.965892957239359,0.7870686975442959,1.0,,,,0.4827339849216134,0.9476938058238921,0.7870686975442959,routing,,,,4.3173605384612063e-10,-1.2017,,,3924.0,0.74122,0.0
traj_sweep_377,mega_sweep,0.7596857043183861,0.5342853830444386,0.9797223483779106,0.8375785643400594,1.0,1076.77,0.582016,1.187273048097551,0.8380442587636269,0.9981751750154455,1.0747028862478776,floorplan,,,,,,,,,,
traj_sweep_377,mega_sweep,0.7596857043183861,0.5342853830444386,0.9797223483779106,0.8375785643400594,1.0,,,,0.6944419759287522,0.9781552901512641,0.9308823529411764,placement,3269.26,0.671937,0.702066,4.182910301671491e-10,,,,,,
traj_sweep_377,mega_sweep,0.7596857043183861,0.5342853830444386,0.9797223483779106,0.8375785643400594,1.0,,,,0.5607880211794732,0.9741169442773734,0.8615175229669955,cts,,,,4.200251175020266e-10,-0.192529,0.00117015,9.0,,,
traj_sweep_377,mega_sweep,0.7596857043183861,0.5342853830444386,0.9797223483779106,0.8375785643400594,1.0,,,,0.5174958466619255,0.9554513577761684,0.8375785643400594,routing,,,,4.2823067930232657e-10,-0.350038,,,3939.0,0.702066,0.0
traj_sweep_378,mega_sweep,0.7628368558042665,0.5468746672021859,0.9700908730110022,0.8367481824190349,1.0,1076.77,0.582016,1.187273048097551,0.8583395018983262,0.9981751750154455,1.0747028862478776,floorplan,,,,,,,,,,
traj_sweep_378,mega_sweep,0.7628368558042665,0.5468746672021859,0.9700908730110022,0.8367481824190349,1.0,,,,0.7225436082155103,0.954158432450789,0.9561933534743201,placement,3227.23,0.65415,0.688757,4.288109501164222e-10,,,,,,
traj_sweep_378,mega_sweep,0.7628368558042665,0.5468746672021859,0.9700908730110022,0.8367481824190349,1.0,,,,0.6227547399933474,0.9713428829779834,0.9210622044379774,cts,,,,4.21224668601492e-10,-0.00748426,0.00105548,7.0,,,
traj_sweep_378,mega_sweep,0.7628368558042665,0.5468746672021859,0.9700908730110022,0.8367481824190349,1.0,,,,0.5304943019648702,0.9513189065779621,0.8367481824190349,routing,,,,4.300908782025642e-10,-0.141226,,,3867.0,0.688757,0.0
traj_sweep_379,mega_sweep,0.8309168154783562,0.6347006808486595,0.9774024475567393,0.9247626004382761,1.0,1076.77,0.582016,1.187273048097551,0.8786315928411852,0.9981751750154455,1.0747028862478776,floorplan,,,,,,,,,,
traj_sweep_379,mega_sweep,0.8309168154783562,0.6347006808486595,0.9774024475567393,0.9247626004382761,1.0,,,,0.7618765021809442,0.9550094719054691,0.9817758821248544,placement,3166.61,0.637105,0.713591,4.284288229774946e-10,,,,,,
traj_sweep_379,mega_sweep,0.8309168154783562,0.6347006808486595,0.9774024475567393,0.9247626004382761,1.0,,,,0.6603399943420004,0.9532091961359536,0.9554716981132075,cts,,,,4.2923797382506835e-10,-0.00079331,0.000908697,5.0,,,
traj_sweep_379,mega_sweep,0.8309168154783562,0.6347006808486595,0.9774024475567393,0.9247626004382761,1.0,,,,0.6113042236083996,0.9462208529215612,0.9247626004382761,routing,,,,4.324081240838353e-10,-0.0282078,,,3524.0,0.713591,0.0
traj_sweep_380,mega_sweep,0.8355191854140607,0.6507643399737858,0.9628324884311824,0.9308823529411764,1.0,1076.77,0.582016,1.187273048097551,0.898911695274677,0.9981751750154455,1.0747028862478776,floorplan,,,,,,,,,,
traj_sweep_380,mega_sweep,0.8355191854140607,0.6507643399737858,0.9628324884311824,0.9308823529411764,1.0,,,,0.795158229108139,0.9551485841240226,0.9968503937007873,placement,3134.44,0.62747,0.717508,4.2836642463963674e-10,,,,,,
traj_sweep_380,mega_sweep,0.8355191854140607,0.6507643399737858,0.9628324884311824,0.9308823529411764,1.0,,,,0.6960663953123609,0.9436022699840839,0.9817758821248544,cts,,,,4.336080963303747e-10,0.0,0.00374065,1.0,,,
traj_sweep_380,mega_sweep,0.8355191854140607,0.6507643399737858,0.9628324884311824,0.9308823529411764,1.0,,,,0.6281392634220331,0.9427553220652436,0.9308823529411764,routing,,,,4.3399763905284354e-10,-0.00717409,,,3653.0,0.717508,0.0
traj_sweep_381,mega_sweep,0.8644098738801551,0.7026243056125661,0.9537451873309685,0.9638370765131327,1.0,1076.77,0.582016,1.187273048097551,0.9191901111321363,0.9981751750154455,1.0747028862478776,floorplan,,,,,,,,,,
traj_sweep_381,mega_sweep,0.8644098738801551,0.7026243056125661,0.9537451873309685,0.9638370765131327,1.0,,,,0.8178409566626018,0.9484057330600187,1.0,placement,3199.09,0.625494,0.700785,4.3141196823082264e-10,,,,,,
traj_sweep_381,mega_sweep,0.8644098738801551,0.7026243056125661,0.9537451873309685,0.9638370765131327,1.0,,,,0.7174729648273303,0.9380582389211438,0.9867498051441932,cts,,,,4.3617076957970583e-10,0.0,0.000231738,0.0,,,
traj_sweep_381,mega_sweep,0.8644098738801551,0.7026243056125661,0.9537451873309685,0.9638370765131327,1.0,,,,0.6767476711524124,0.9296828650570564,0.9638370765131327,routing,,,,4.401001667979632e-10,-0.00124065,,,3517.0,0.700785,0.0
traj_sweep_382,mega_sweep,0.8775413667385399,0.7355845771653318,0.9321173288817424,0.9855975087582716,1.0,1076.77,0.582016,1.187273048097551,0.9394607817514662,0.9981751750154455,1.0747028862478776,floorplan,,,,,,,,,,
traj_sweep_382,mega_sweep,0.8775413667385399,0.7355845771653318,0.9321173288817424,0.9855975087582716,1.0,,,,0.8389008947616536,0.9463926974268331,1.0027722772277228,placement,3111.44,0.623765,0.708605,4.3232960809321025e-10,,,,,,
traj_sweep_382,mega_sweep,0.8775413667385399,0.7355845771653318,0.9321173288817424,0.9855975087582716,1.0,,,,0.7389931417857672,0.9360656609671573,0.9902229174814234,cts,,,,4.3709923463924014e-10,0.0,0.000770897,0.0,,,
traj_sweep_382,mega_sweep,0.8775413667385399,0.7355845771653318,0.9321173288817424,0.9855975087582716,1.0,,,,0.7086944521115098,0.9109272647673757,0.9855975087582716,routing,,,,4.491616397993146e-10,0.0,,,3446.0,0.708605,0.0
traj_sweep_383,mega_sweep,0.8902788029838921,0.7646673417118351,0.9289913955001289,0.9933307179285994,1.0,1076.77,0.582016,1.187273048097551,0.9597223334668269,0.9981751750154455,1.0747028862478776,floorplan,,,,,,,,,,
traj_sweep_383,mega_sweep,0.8902788029838921,0.7646673417118351,0.9289913955001289,0.9933307179285994,1.0,,,,0.8604104532986103,0.9405172519608685,1.0051607780865421,placement,3086.52,0.622283,0.713027,4.3503038687252303e-10,,,,,,
traj_sweep_383,mega_sweep,0.8902788029838921,0.7646673417118351,0.9289913955001289,0.9933307179285994,1.0,,,,0.7641276805605156,0.9299447233508041,0.9941107184923439,cts,,,,4.3997624128297074e-10,0.0,0.000728924,0.0,,,
traj_sweep_383,mega_sweep,0.8902788029838921,0.7646673417118351,0.9289913955001289,0.9933307179285994,1.0,,,,0.7362203434263993,0.904671306468309,0.9933307179285994,routing,,,,4.522676700978707e-10,0.0,,,3428.0,0.713027,0.0
traj_sweep_384,mega_sweep,0.8923737178583957,0.7755760766376112,0.9220439676441345,0.9937205651491364,1.0,1076.77,0.582016,1.187273048097551,0.9799786264203616,0.9981751750154455,1.0747028862478776,floorplan,,,,,,,,,,
traj_sweep_384,mega_sweep,0.8923737178583957,0.7755760766376112,0.9220439676441345,0.9937205651491364,1.0,,,,0.880314251008973,0.9365320960528953,1.0063593004769475,placement,3140.15,0.621542,0.708539,4.3688153957054543e-10,,,,,,
traj_sweep_384,mega_sweep,0.8923737178583957,0.7755760766376112,0.9220439676441345,0.9937205651491364,1.0,,,,0.7745399698340875,0.924658459045772,0.9945011783189316,cts,,,,4.424915815976601e-10,0.0,0.000389543,0.0,,,
traj_sweep_384,mega_sweep,0.8923737178583957,0.7755760766376112,0.9220439676441345,0.9937205651491364,1.0,,,,0.7472331933646531,0.902793291517837,0.9937205651491364,routing,,,,4.5320848950142534e-10,0.0,,,3413.0,0.708539,0.0
traj_sweep_385,mega_sweep,0.8967154098666559,0.7906946051410194,0.9147978576718343,0.9968503937007873,1.0,1076.77,0.582016,1.187273048097551,1.000228169468699,0.9981751750154455,1.0747028862478776,floorplan,,,,,,,,,,
traj_sweep_385,mega_sweep,0.8967154098666559,0.7906946051410194,0.9147978576718343,0.9968503937007873,1.0,,,,0.8991635315776835,0.928389939731677,1.0103750997605745,placement,3111.44,0.619071,0.706286,4.407130737533329e-10,,,,,,
traj_sweep_385,mega_sweep,0.8967154098666559,0.7906946051410194,0.9147978576718343,0.9968503937007873,1.0,,,,0.7890111240857969,0.9203173395197355,0.9968503937007873,cts,,,,4.445788060391585e-10,0.0,0.0011519,0.0,,,
traj_sweep_385,mega_sweep,0.8967154098666559,0.7906946051410194,0.9147978576718343,0.9968503937007873,1.0,,,,0.7612343608379287,0.8912919842721362,0.9968503937007873,routing,,,,4.590567302307219e-10,0.0,,,3418.0,0.706286,0.0
traj_sweep_386,mega_sweep,0.9014056446959536,0.8080239531726265,0.9078667959591992,0.9984227129337538,1.0,1076.77,0.582016,1.187273048097551,1.020468184889313,0.9981751750154455,1.0747028862478776,floorplan,,,,,,,,,,
traj_sweep_386,mega_sweep,0.9014056446959536,0.8080239531726265,0.9078667959591992,0.9984227129337538,1.0,,,,0.9172246264391278,0.9229072817063341,1.0103750997605745,placement,3084.59,0.619071,0.704894,4.4333119056591224e-10,,,,,,
traj_sweep_386,mega_sweep,0.9014056446959536,0.8080239531726265,0.9078667959591992,0.9984227129337538,1.0,,,,0.8075701274718164,0.9131530602642314,0.9984227129337538,cts,,,,4.480668157235607e-10,0.0,0.000743405,0.0,,,
traj_sweep_386,mega_sweep,0.9014056446959536,0.8080239531726265,0.9078667959591992,0.9984227129337538,1.0,,,,0.7795454545454545,0.8863044020834101,0.9984227129337538,routing,,,,4.616400223433771e-10,0.0,,,3452.0,0.704894,0.0
traj_sweep_387,mega_sweep,0.9001140535567516,0.8220453713867546,0.8896021799702954,0.9972430090586843,1.0,1076.77,0.582016,1.187273048097551,1.0407059559240774,0.9981751750154455,1.0747028862478776,floorplan,,,,,,,,,,
traj_sweep_387,mega_sweep,0.9001140535567516,0.8220453713867546,0.8896021799702954,0.9972430090586843,1.0,,,,0.9373686379021701,0.9055264374588289,1.0107784431137723,placement,3064.66,0.618824,0.695823,4.518405725723736e-10,,,,,,
traj_sweep_387,mega_sweep,0.9001140535567516,0.8220453713867546,0.8896021799702954,0.9972430090586843,1.0,,,,0.8218536656743991,0.8966027977922073,0.9972430090586843,cts,,,,4.563376168224299e-10,0.0,0.000647427,0.0,,,
traj_sweep_387,mega_sweep,0.9001140535567516,0.8220453713867546,0.8896021799702954,0.9972430090586843,1.0,,,,0.7928082116249012,0.8754168252136805,0.9972430090586843,routing,,,,4.673814486955384e-10,0.0,,,3456.0,0.695823,0.0
traj_sweep_388,mega_sweep,0.9141603746219544,0.8361261269643373,0.9165694926904713,0.9968503937007873,1.0,1076.77,0.582016,1.187273048097551,1.0609291069004192,0.9981751750154455,1.0747028862478776,floorplan,,,,,,,,,,
traj_sweep_388,mega_sweep,0.9141603746219544,0.8361261269643373,0.9165694926904713,0.9968503937007873,1.0,,,,0.9528788039444386,0.9295887597327409,1.0103750997605745,placement,3101.12,0.619071,0.693292,4.4014471958379914e-10,,,,,,
traj_sweep_388,mega_sweep,0.9141603746219544,0.8361261269643373,0.9165694926904713,0.9968503937007873,1.0,,,,0.8335899671632376,0.9204196279157307,0.9968503937007873,cts,,,,4.4452939895179965e-10,0.0,0.00248632,0.0,,,
traj_sweep_388,mega_sweep,0.9141603746219544,0.8361261269643373,0.9165694926904713,0.9968503937007873,1.0,,,,0.8052292501097641,0.8967623676899598,0.9968503937007873,routing,,,,4.562564161058515e-10,0.0,,,3397.0,0.693292,0.0
traj_sweep_389,mega_sweep,0.9199903678924793,0.8568826847071052,0.9108699832656184,0.9976359338061466,1.0,1076.77,0.582016,1.187273048097551,1.0811532654399336,0.9981751750154455,1.0747028862478776,floorplan,,,,,,,,,,
traj_sweep_389,mega_sweep,0.9199903678924793,0.8568826847071052,0.9108699832656184,0.9976359338061466,1.0,,,,0.9724231587034502,0.9254440339270151,1.0103750997605745,placement,3097.93,0.619071,0.706648,4.421159670181489e-10,,,,,,
traj_sweep_389,mega_sweep,0.9199903678924793,0.8568826847071052,0.9108699832656184,0.9976359338061466,1.0,,,,0.8557403430922101,0.9158411993109854,0.9976359338061466,cts,,,,4.467516686174823e-10,0.0,0.00095926,0.0,,,
traj_sweep_389,mega_sweep,0.9199903678924793,0.8568826847071052,0.9108699832656184,0.9976359338061466,1.0,,,,0.8261489101556395,0.8860507268613419,0.9976359338061466,routing,,,,4.6177218930812673e-10,0.0,,,3420.0,0.706648,0.0
traj_sweep_390,mega_sweep,0.9189967046624367,0.8766815924766113,0.8874172998318379,0.9976359338061466,1.0,1076.77,0.582016,1.187273048097551,1.10136650530057,0.9981751750154455,1.0747028862478776,floorplan,,,,,,,,,,
traj_sweep_390,mega_sweep,0.9189967046624367,0.8766815924766113,0.8874172998318379,0.9976359338061466,1.0,,,,0.9923694468677188,0.897527484892004,1.0103750997605745,placement,3059.26,0.619071,0.686049,4.558674702090608e-10,,,,,,
traj_sweep_390,mega_sweep,0.9189967046624367,0.8766815924766113,0.8874172998318379,0.9976359338061466,1.0,,,,0.8741446142921759,0.8888943442700087,0.9976359338061466,cts,,,,4.60294957008451e-10,0.0,0.00133069,0.0,,,
traj_sweep_390,mega_sweep,0.9189967046624367,0.8766815924766113,0.8874172998318379,0.9976359338061466,1.0,,,,0.8428071689159407,0.86326905530529,0.9976359338061466,routing,,,,4.739583580186644e-10,0.0,,,3437.0,0.686049,0.0
traj_sweep_391,mega_sweep,0.9235159145736241,0.8895906235924748,0.8871554415380901,0.9980291683090263,1.0,1076.77,0.582016,1.187273048097551,1.1215795418380146,0.9981751750154455,1.0747028862478776,floorplan,,,,,,,,,,
traj_sweep_391,mega_sweep,0.9235159145736241,0.8895906235924748,0.8871554415380901,0.9980291683090263,1.0,,,,1.012152680009461,0.898636291104592,1.0107784431137723,placement,3111.84,0.618824,0.704334,4.553049860449022e-10,,,,,,
traj_sweep_391,mega_sweep,0.9235159145736241,0.8895906235924748,0.8871554415380901,0.9980291683090263,1.0,,,,0.8872762457668119,0.8892625824955914,0.9980291683090263,cts,,,,4.601043516669581e-10,0.0,0.00231828,0.0,,,
traj_sweep_391,mega_sweep,0.9235159145736241,0.8895906235924748,0.8871554415380901,0.9980291683090263,1.0,,,,0.8565478261283974,0.8682402713506568,0.9980291683090263,routing,,,,4.712446513732069e-10,0.0,,,3465.0,0.704334,0.0
traj_sweep_392,mega_sweep,0.9290038212553512,0.9028220094636272,0.8894794338951012,0.9984227129337538,1.0,1076.77,0.582016,1.187273048097551,1.1417790031382216,0.9981751750154455,1.0747028862478776,floorplan,,,,,,,,,,
traj_sweep_392,mega_sweep,0.9290038212553512,0.9028220094636272,0.8894794338951012,0.9984227129337538,1.0,,,,1.0291335516822795,0.9069666580744414,1.0119904076738608,placement,3120.48,0.618083,0.694979,4.5112307088496814e-10,,,,,,
traj_sweep_392,mega_sweep,0.9290038212553512,0.9028220094636272,0.8894794338951012,0.9984227129337538,1.0,,,,0.9022917241898641,0.8975438510353632,0.9984227129337538,cts,,,,4.5585915775462014e-10,0.0,0.000744189,0.0,,,
traj_sweep_392,mega_sweep,0.9290038212553512,0.9028220094636272,0.8894794338951012,0.9984227129337538,1.0,,,,0.8703180913550236,0.8735756340857668,0.9984227129337538,routing,,,,4.683665249077318e-10,0.0,,,3451.0,0.694979,0.0
traj_sweep_393,mega_sweep,0.9344586579938493,0.9188188863668896,0.8894794338951012,0.9984227129337538,1.0,1076.77,0.582016,1.187273048097551,1.1619752000930967,0.9981751750154455,1.0747028862478776,floorplan,,,,,,,,,,
traj_sweep_393,mega_sweep,0.9344586579938493,0.9188188863668896,0.8894794338951012,0.9984227129337538,1.0,,,,1.0473465534622712,0.9069666580744414,1.0119904076738608,placement,3120.48,0.618083,0.694979,4.5112307088496814e-10,,,,,,
traj_sweep_393,mega_sweep,0.9344586579938493,0.9188188863668896,0.8894794338951012,0.9984227129337538,1.0,,,,0.9182743399002697,0.8975438510353632,0.9984227129337538,cts,,,,4.5585915775462014e-10,0.0,0.000744189,0.0,,,
traj_sweep_393,mega_sweep,0.9344586579938493,0.9188188863668896,0.8894794338951012,0.9984227129337538,1.0,,,,0.885741460794315,0.8735756340857668,0.9984227129337538,routing,,,,4.683665249077318e-10,0.0,,,3451.0,0.694979,0.0
traj_sweep_394,mega_sweep,0.9413559026604787,0.9382935182091547,0.8897453837246887,0.9992107340173638,1.0,1076.77,0.582016,1.187273048097551,1.1821596058854094,0.9981751750154455,1.0747028862478776,floorplan,,,,,,,,,,
traj_sweep_394,mega_sweep,0.9413559026604787,0.9382935182091547,0.8897453837246887,0.9992107340173638,1.0,,,,1.0663296786748304,0.9048595171169402,1.0128,placement,3079.18,0.617589,0.678675,4.521735984879315e-10,,,,,,
traj_sweep_394,mega_sweep,0.9413559026604787,0.9382935182091547,0.8897453837246887,0.9992107340173638,1.0,,,,0.9360017914707245,0.8962632003175032,0.9992107340173638,cts,,,,4.565105248501504e-10,0.0,0.000527439,0.0,,,
traj_sweep_394,mega_sweep,0.9413559026604787,0.9382935182091547,0.8897453837246887,0.9992107340173638,1.0,,,,0.9021196287763573,0.8690381208394194,0.9992107340173638,routing,,,,4.708120094727376e-10,0.0,,,3373.0,0.678675,0.0
traj_sweep_395,mega_sweep,0.9470527129806628,0.9555739866445494,0.8889107104133679,1.0,1.0,1076.77,0.582016,1.187273048097551,1.2023413720440177,0.9981751750154455,1.0747028862478776,floorplan,,,,,,,,,,
traj_sweep_395,mega_sweep,0.9470527129806628,0.9555739866445494,0.8889107104133679,1.0,1.0,,,,1.0834147105983338,0.9016558445543704,1.0128,placement,3107.61,0.617589,0.697135,4.537802160901389e-10,,,,,,
traj_sweep_395,mega_sweep,0.9470527129806628,0.9555739866445494,0.8889107104133679,1.0,1.0,,,,0.9536118848653669,0.8928181271403847,1.0,cts,,,,4.5827203944805717e-10,0.0,0.00118603,0.0,,,
traj_sweep_395,mega_sweep,0.9470527129806628,0.9555739866445494,0.8889107104133679,1.0,1.0,,,,0.9211262697184326,0.8699137095091385,1.0,routing,,,,4.703381260788381e-10,0.0,,,3413.0,0.697135,0.0
traj_sweep_396,mega_sweep,0.9507327872368024,0.966961312293878,0.8904777686400144,0.9980291683090263,1.0,1076.77,0.582016,1.187273048097551,1.2225169707110695,0.9981751750154455,1.0747028862478776,floorplan,,,,,,,,,,
traj_sweep_396,mega_sweep,0.9507327872368024,0.966961312293878,0.8904777686400144,0.9980291683090263,1.0,,,,1.1009954363073908,0.9054896136362707,1.0115860966839791,placement,3082.16,0.61833,0.693021,4.5185894771088256e-10,,,,,,
traj_sweep_396,mega_sweep,0.9507327872368024,0.966961312293878,0.8904777686400144,0.9980291683090263,1.0,,,,0.965185403968531,0.8965005093962121,0.9980291683090263,cts,,,,4.563896837675881e-10,0.0,0.000583304,0.0,,,
traj_sweep_396,mega_sweep,0.9507327872368024,0.966961312293878,0.8904777686400144,0.9980291683090263,1.0,,,,0.9293710669059057,0.8665709247280151,0.9980291683090263,routing,,,,4.721524485825983e-10,0.0,,,3446.0,0.693021,0.0
traj_sweep_397,mega_sweep,0.9570802248347616,0.9848382730864278,0.8919425384706657,0.9980291683090263,1.0,1076.77,0.582016,1.187273048097551,1.242684883013441,0.9981751750154455,1.0747028862478776,floorplan,,,,,,,,,,
traj_sweep_397,mega_sweep,0.9570802248347616,0.9848382730864278,0.8919425384706657,0.9980291683090263,1.0,,,,1.119623245644089,0.9058496687901738,1.0115860966839791,placement,3091.56,0.61833,0.69283,4.5167934380024934e-10,,,,,,
traj_sweep_397,mega_sweep,0.9570802248347616,0.9848382730864278,0.8919425384706657,0.9980291683090263,1.0,,,,0.9815306311914982,0.8964432278944547,0.9980291683090263,cts,,,,4.564188464470075e-10,0.0,0.000787898,0.0,,,
traj_sweep_397,mega_sweep,0.9570802248347616,0.9848382730864278,0.8919425384706657,0.9980291683090263,1.0,,,,0.9476836765900007,0.8717753583162512,0.9980291683090263,routing,,,,4.693337338314529e-10,0.0,,,3428.0,0.69283,0.0
traj_sweep_398,mega_sweep,0.9631460003994804,1.0,0.8941683339675214,0.9992107340173638,1.0,1076.77,0.582016,1.187273048097551,1.2628457803728141,0.9981751750154455,1.0747028862478776,floorplan,,,,,,,,,,
traj_sweep_398,mega_sweep,0.9631460003994804,1.0,0.8941683339675214,0.9992107340173638,1.0,,,,1.1378179562173183,0.9079240774609565,1.0128,placement,3096.8,0.617589,0.691376,4.5064735492535025e-10,,,,,,
traj_sweep_398,mega_sweep,0.9631460003994804,1.0,0.8941683339675214,0.9992107340173638,1.0,,,,0.9963413011663488,0.8996264427778256,0.9992107340173638,cts,,,,4.548038658328596e-10,0.0,0.000870845,0.0,,,
traj_sweep_398,mega_sweep,0.9631460003994804,1.0,0.8941683339675214,0.9992107340173638,1.0,,,,0.9610874342946062,0.8759650910162148,0.9992107340173638,routing,,,,4.670889150458681e-10,0.0,,,3415.0,0.691376,0.0
traj_sweep_399,mega_sweep,0.45943377106979993,0.147781614865976,0.9703322736255509,0.6762820512820512,1.0,1076.77,0.656374,1.187273048097551,0.2498446568201564,1.009492363148355,0.9529544599171998,floorplan,,,,,,,,,,
traj_sweep_399,mega_sweep,0.45943377106979993,0.147781614865976,0.9703322736255509,0.6762820512820512,1.0,,,,0.19990167967594333,1.0119963830823175,0.7984862819299905,placement,3566.14,0.78335,0.730149,4.043034054475841e-10,,,,,,
traj_sweep_399,mega_sweep,0.45943377106979993,0.147781614865976,0.9703322736255509,0.6762820512820512,1.0,,,,0.16038478355924793,0.9929421006763308,0.7142454160789844,cts,,,,4.120618752111817e-10,-12.6792,0.00037427,9.0,,,
traj_sweep_399,mega_sweep,0.45943377106979993,0.147781614865976,0.9703322736255509,0.6762820512820512,1.0,,,,0.1443143678437796,0.9547721628267603,0.6762820512820512,routing,,,,4.285353091667988e-10,-13.3868,,,5300.0,0.730149,0.0
traj_sweep_400,mega_sweep,0.4850418708163662,0.16546403616177052,0.9862769887932833,0.6992543496271747,1.0,1076.77,0.656374,1.187273048097551,0.26764233744032356,1.009492363148355,0.9529544599171998,floorplan,,,,,,,,,,
traj_sweep_400,mega_sweep,0.4850418708163662,0.16546403616177052,0.9862769887932833,0.6992543496271747,1.0,,,,0.2150295268996277,1.0154619139386352,0.800252844500632,placement,3550.1,0.781621,0.704469,4.0292361374130694e-10,,,,,,
traj_sweep_400,mega_sweep,0.4850418708163662,0.16546403616177052,0.9862769887932833,0.6992543496271747,1.0,,,,0.1706532472464869,0.9953683814293371,0.7116357504215851,cts,,,,4.110574452779776e-10,-12.2224,0.00139967,8.0,,,
traj_sweep_400,mega_sweep,0.4850418708163662,0.16546403616177052,0.9862769887932833,0.6992543496271747,1.0,,,,0.1605954465849387,0.9621123781233761,0.6992543496271747,routing,,,,4.252658975024134e-10,-12.7749,,,4529.0,0.704469,0.0
traj_sweep_401,mega_sweep,0.4911547093882337,0.17604560503065803,0.9731186095324602,0.6916143130292269,1.0,1076.77,0.656374,1.187273048097551,0.2854338711726591,1.009492363148355,0.9529544599171998,floorplan,,,,,,,,,,
traj_sweep_401,mega_sweep,0.4911547093882337,0.17604560503065803,0.9731186095324602,0.6916143130292269,1.0,,,,0.22942235940011055,1.01514686567897,0.800252844500632,placement,3514.5,0.781621,0.695239,4.030486600647296e-10,,,,,,
traj_sweep_401,mega_sweep,0.4911547093882337,0.17604560503065803,0.9731186095324602,0.6916143130292269,1.0,,,,0.1800979590527953,0.9846280998498407,0.7023578363384189,cts,,,,4.15541242468315e-10,-11.8419,0.000851805,9.0,,,
traj_sweep_401,mega_sweep,0.4911547093882337,0.17604560503065803,0.9731186095324602,0.6916143130292269,1.0,,,,0.17161298946825676,0.9544530230312552,0.6916143130292269,routing,,,,4.286785982209838e-10,-12.4429,,,5284.0,0.695239,0.0
traj_sweep_402,mega_sweep,0.5035381107444564,0.18734905033965954,0.9699885846150069,0.7025527192008878,1.0,1076.77,0.656374,1.187273048097551,0.3032187425663901,1.009492363148355,0.9529544599171998,floorplan,,,,,,,,,,
traj_sweep_402,mega_sweep,0.5035381107444564,0.18734905033965954,0.9699885846150069,0.7025527192008878,1.0,,,,0.24590033848031367,1.0186533118936856,0.8038095238095238,placement,3523.76,0.778162,0.716833,4.0166127101692603e-10,,,,,,
traj_sweep_402,mega_sweep,0.5035381107444564,0.18734905033965954,0.9699885846150069,0.7025527192008878,1.0,,,,0.19401101682748617,0.9947628341250455,0.7170773152081563,cts,,,,4.1130767047674675e-10,-11.1102,0.000282892,12.0,,,
traj_sweep_402,mega_sweep,0.5035381107444564,0.18734905033965954,0.9699885846150069,0.7025527192008878,1.0,,,,0.18228453027747551,0.9588391494515296,0.7025527192008878,routing,,,,4.2671764520134673e-10,-11.7635,,,4872.0,0.716833,0.0
traj_sweep_404,mega_sweep,0.5264187637238101,0.21186191938421278,0.9825291419640191,0.7008026570716855,1.0,1076.77,0.656374,1.187273048097551,0.3387699017798746,1.009492363148355,0.9529544599171998,floorplan,,,,,,,,,,
traj_sweep_404,mega_sweep,0.5264187637238101,0.21186191938421278,0.9825291419640191,0.7008026570716855,1.0,,,,0.2771020624008461,1.0164397910043492,0.8061127029608405,placement,3526.04,0.775939,0.713638,4.0253597665291335e-10,,,,,,
traj_sweep_404,mega_sweep,0.5264187637238101,0.21186191938421278,0.9825291419640191,0.7008026570716855,1.0,,,,0.22121514973980771,1.0011619961785054,0.7211620620905724,cts,,,,4.086787008921456e-10,-10.1011,0.00131423,10.0,,,
traj_sweep_404,mega_sweep,0.5264187637238101,0.21186191938421278,0.9825291419640191,0.7008026570716855,1.0,,,,0.20637951683410247,0.9686465608595498,0.7008026570716855,routing,,,,4.223971885243132e-10,-10.7028,,,4847.0,0.713638,0.0
traj_sweep_405,mega_sweep,0.5359103549523994,0.22231292920896908,0.9884536858600613,0.700414937759336,1.0,1076.77,0.656374,1.187273048097551,0.35653541807592437,1.009492363148355,0.9529544599171998,floorplan,,,,,,,,,,
traj_sweep_405,mega_sweep,0.5359103549523994,0.22231292920896908,0.9884536858600613,0.700414937759336,1.0,,,,0.2921925168464433,1.016337502608354,0.8066263141127746,placement,3490.04,0.775445,0.7193,4.0257648953301125e-10,,,,,,
traj_sweep_405,mega_sweep,0.5359103549523994,0.22231292920896908,0.9884536858600613,0.700414937759336,1.0,,,,0.23353434240667761,1.0010801654617094,0.7199317600227466,cts,,,,4.087121072787539e-10,-9.54891,0.000822994,13.0,,,
traj_sweep_405,mega_sweep,0.5359103549523994,0.22231292920896908,0.9884536858600613,0.700414937759336,1.0,,,,0.21616771724475525,0.9677832467973503,0.700414937759336,routing,,,,4.227739892530852e-10,-10.2378,,,4778.0,0.7193,0.0
traj_sweep_406,mega_sweep,0.5577773907929987,0.24214711354637228,0.9957161619757209,0.7197271176805002,1.0,1076.77,0.656374,1.187273048097551,0.37429428829065226,1.009492363148355,0.9529544599171998,floorplan,,,,,,,,,,
traj_sweep_406,mega_sweep,0.5577773907929987,0.24214711354637228,0.9957161619757209,0.7197271176805002,1.0,,,,0.3083616848613992,1.0164725232910679,0.8089456869009584,placement,3487.14,0.773221,0.701202,4.0252301425333995e-10,,,,,,
traj_sweep_406,mega_sweep,0.5577773907929987,0.24214711354637228,0.9957161619757209,0.7197271176805002,1.0,,,,0.24978215702760734,1.0026103998657976,0.735191637630662,cts,,,,4.0808831031035114e-10,-8.92024,0.00108259,10.0,,,
traj_sweep_406,mega_sweep,0.5577773907929987,0.24214711354637228,0.9957161619757209,0.7197271176805002,1.0,,,,0.23540691163661845,0.9681433019512534,0.7197271176805002,routing,,,,4.2261675844493935e-10,-9.5411,,,4305.0,0.701202,0.0
traj_sweep_408,mega_sweep,0.5710835759791159,0.2636708119820495,0.9878685962349687,0.7150522451284947,1.0,1076.77,0.656374,1.187273048097551,0.4097940906220146,1.009492363148355,0.9529544599171998,floorplan,,,,,,,,,,
traj_sweep_408,mega_sweep,0.5710835759791159,0.2636708119820495,0.9878685962349687,0.7150522451284947,1.0,,,,0.3380409902818764,1.0113990188497055,0.8092042186001918,placement,3534.75,0.772974,0.716815,4.045421998195742e-10,,,,,,
traj_sweep_408,mega_sweep,0.5710835759791159,0.2636708119820495,0.9878685962349687,0.7150522451284947,1.0,,,,0.27478721924177124,0.9944068705069822,0.7394859813084111,cts,,,,4.1145490454246215e-10,-7.86846,0.000638753,8.0,,,
traj_sweep_408,mega_sweep,0.5710835759791159,0.2636708119820495,0.9878685962349687,0.7150522451284947,1.0,,,,0.2559905655002678,0.969538515672628,0.7150522451284947,routing,,,,4.2200859209493504e-10,-8.45931,,,4425.0,0.716815,0.0
traj_sweep_409,mega_sweep,0.582164425918003,0.27588557008502274,0.9871689436063615,0.7244635193133047,1.0,1076.77,0.655385,1.187273048097551,0.42863139016875107,1.009492363148355,0.9543912551828119,floorplan,,,,,,,,,,
traj_sweep_409,mega_sweep,0.582164425918003,0.27588557008502274,0.9871689436063615,0.7244635193133047,1.0,,,,0.3517872975919485,1.0120577561199147,0.805856142584341,placement,3631.89,0.776186,0.707283,4.0427888774792405e-10,,,,,,
traj_sweep_409,mega_sweep,0.582164425918003,0.27588557008502274,0.9871689436063615,0.7244635193133047,1.0,,,,0.29081247957232126,0.9960271186995463,0.7531231409875073,cts,,,,4.1078558635534594e-10,-7.45693,0.00195154,6.0,,,
traj_sweep_409,mega_sweep,0.582164425918003,0.27588557008502274,0.9871689436063615,0.7244635193133047,1.0,,,,0.2680067101584343,0.9618464282937886,0.7244635193133047,routing,,,,4.253834832101139e-10,-8.07402,,,4343.0,0.707283,0.0
traj_sweep_410,mega_sweep,0.5843890619993193,0.28184633719881763,0.9964280892118474,0.7106371035644119,1.0,1076.77,0.648468,1.187273048097551,0.4497989153692725,1.009492363148355,0.9645714285714285,floorplan,,,,,,,,,,
traj_sweep_410,mega_sweep,0.5843890619993193,0.28184633719881763,0.9964280892118474,0.7106371035644119,1.0,,,,0.36931587015217954,1.0204740453424002,0.8138862102217936,placement,3507.92,0.768528,0.72427,4.0094462553776696e-10,,,,,,
traj_sweep_410,mega_sweep,0.5843890619993193,0.28184633719881763,0.9964280892118474,0.7106371035644119,1.0,,,,0.2952544288492877,1.0001759360411118,0.7317919075144508,cts,,,,4.090816117815504e-10,-6.95295,0.000893972,10.0,,,
traj_sweep_410,mega_sweep,0.5843890619993193,0.28184633719881763,0.9964280892118474,0.7106371035644119,1.0,,,,0.2745550921894811,0.9764327535627049,0.7106371035644119,routing,,,,4.190289423290467e-10,-7.57673,,,4527.0,0.72427,0.0
traj_sweep_411,mega_sweep,0.596251771772693,0.29660067362737286,0.9938463300969285,0.7191138880999716,1.0,1076.77,0.647233,1.187273048097551,0.46846565066556156,1.009492363148355,0.9664122137404579,floorplan,,,,,,,,,,
traj_sweep_411,mega_sweep,0.596251771772693,0.29660067362737286,0.9938463300969285,0.7191138880999716,1.0,,,,0.38608618693383573,1.008514486082641,0.8151963940759819,placement,3530.3,0.767292,0.706494,4.056992632501379e-10,,,,,,
traj_sweep_411,mega_sweep,0.596251771772693,0.29660067362737286,0.9938463300969285,0.7191138880999716,1.0,,,,0.3117294870994374,0.9947792002684047,0.7429577464788731,cts,,,,4.1130090362808525e-10,-6.63624,0.00115493,6.0,,,
traj_sweep_411,mega_sweep,0.596251771772693,0.29660067362737286,0.9938463300969285,0.7191138880999716,1.0,,,,0.288675557211669,0.9633684796261973,0.7191138880999716,routing,,,,4.247114085978578e-10,-7.09569,,,4426.0,0.706494,0.0
traj_sweep_412,mega_sweep,0.6104135990366428,0.3138409422282756,0.9969027073692652,0.726959517657192,1.0,1076.77,0.643528,1.187273048097551,0.48926903100057717,1.009492363148355,0.9719769673704415,floorplan,,,,,,,,,,
traj_sweep_412,mega_sweep,0.6104135990366428,0.3138409422282756,0.9969027073692652,0.726959517657192,1.0,,,,0.4025154415683886,1.0091609487453306,0.8188874514877101,placement,3473.1,0.763834,0.712297,4.054393746503085e-10,,,,,,
traj_sweep_412,mega_sweep,0.6104135990366428,0.3138409422282756,0.9969027073692652,0.726959517657192,1.0,,,,0.32064309874834085,1.0013133830045784,0.7447058823529411,cts,,,,4.086169134712824e-10,-5.97472,0.00108621,10.0,,,
traj_sweep_412,mega_sweep,0.6104135990366428,0.3138409422282756,0.9969027073692652,0.726959517657192,1.0,,,,0.30417012894043427,0.978752654383876,0.726959517657192,routing,,,,4.180357336945162e-10,-6.60341,,,4102.0,0.712297,0.0
traj_sweep_414,mega_sweep,0.6176359337099318,0.3336650206066907,0.9777665942464823,0.7221905305191101,1.0,1076.77,0.643281,1.187273048097551,0.5255137246646316,1.0093491593939616,0.9723502304147464,floorplan,,,,,,,,,,
traj_sweep_414,mega_sweep,0.6176359337099318,0.3336650206066907,0.9777665942464823,0.7221905305191101,1.0,,,,0.43382509123911406,0.9993330796581112,0.8228794280142996,placement,3471.13,0.760128,0.697093,4.094266389348357e-10,,,,,,
traj_sweep_414,mega_sweep,0.6176359337099318,0.3336650206066907,0.9777665942464823,0.7221905305191101,1.0,,,,0.34375179304356474,0.9909945296165822,0.7369033760186262,cts,,,,4.1287168773688515e-10,-5.18383,0.000829684,9.0,,,
traj_sweep_414,mega_sweep,0.6176359337099318,0.3336650206066907,0.9777665942464823,0.7221905305191101,1.0,,,,0.32458242510379554,0.9627220169635076,0.7221905305191101,routing,,,,4.249966000271998e-10,-5.82479,,,4449.0,0.697093,0.0
traj_sweep_415,mega_sweep,0.6454146867111481,0.36115420166378653,0.9881631868154349,0.7533472180898542,1.0,1076.77,0.643034,1.187273048097551,0.5437296175511415,1.0093491593939616,0.9727237802535534,floorplan,,,,,,,,,,
traj_sweep_415,mega_sweep,0.6454146867111481,0.36115420166378653,0.9881631868154349,0.7533472180898542,1.0,,,,0.4464548308890744,1.012352346700381,0.8231469440832249,placement,3545.62,0.759881,0.698121,4.0416124416997403e-10,,,,,,
traj_sweep_415,mega_sweep,0.6454146867111481,0.36115420166378653,0.9881631868154349,0.7533472180898542,1.0,,,,0.3643890828437157,0.9992757981563539,0.7576301615798923,cts,,,,4.0945010850427877e-10,-4.65592,0.00155324,6.0,,,
traj_sweep_415,mega_sweep,0.6454146867111481,0.36115420166378653,0.9881631868154349,0.7533472180898542,1.0,,,,0.3506623744024973,0.9634707680221924,0.7533472180898542,routing,,,,4.2466631844028554e-10,-5.20595,,,4056.0,0.698121,0.0
traj_sweep_416,mega_sweep,0.6550179178990979,0.3755401215221189,0.990998621152422,0.7551446465851476,1.0,1076.77,0.638587,1.187273048097551,0.5673107880333571,1.0093246101789228,0.9794970986460347,floorplan,,,,,,,,,,
traj_sweep_416,mega_sweep,0.6550179178990979,0.3755401215221189,0.990998621152422,0.7551446465851476,1.0,,,,0.464349380719368,1.0041856411641237,0.827721477607061,placement,3473.01,0.755682,0.716951,4.0744815222262966e-10,,,,,,
traj_sweep_416,mega_sweep,0.6550179178990979,0.3755401215221189,0.990998621152422,0.7551446465851476,1.0,,,,0.37887609563600644,0.9981056189061688,0.7601320924647252,cts,,,,4.0993014790279734e-10,-4.19347,0.00154405,7.0,,,
traj_sweep_416,mega_sweep,0.6550179178990979,0.3755401215221189,0.990998621152422,0.7551446465851476,1.0,,,,0.3636643229298397,0.9634707680221924,0.7551446465851476,routing,,,,4.2466631844028554e-10,-4.73614,,,3903.0,0.716951,0.0
traj_sweep_418,mega_sweep,0.664453872653627,0.39659741606628646,0.975724917862418,0.7580838323353293,1.0,1076.77,0.638587,1.187273048097551,0.6036988022222372,1.0093246101789228,0.9794970986460347,floorplan,,,,,,,,,,
traj_sweep_418,mega_sweep,0.664453872653627,0.39659741606628646,0.975724917862418,0.7580838323353293,1.0,,,,0.5047772578932882,1.008768161304709,0.8451268357810413,placement,3519.75,0.740119,0.726176,4.055972419387548e-10,,,,,,
traj_sweep_418,mega_sweep,0.664453872653627,0.39659741606628646,0.975724917862418,0.7580838323353293,1.0,,,,0.4286497908408817,1.00618640218979,0.8053435114503816,cts,,,,4.0663795802683e-10,-3.16886,0.000767504,4.0,,,
traj_sweep_418,mega_sweep,0.664453872653627,0.39659741606628646,0.975724917862418,0.7580838323353293,1.0,,,,0.3851875981817753,0.9609503819448706,0.7580838323353293,routing,,,,4.257801356535512e-10,-3.97803,,,4086.0,0.726176,0.0
traj_sweep_419,mega_sweep,0.6848929607845863,0.4228958383823173,0.987713117873056,0.7691373025516403,1.0,1076.77,0.632164,1.187273048097551,0.6311235651254824,1.0092836948205248,0.9894490035169988,floorplan,,,,,,,,,,
traj_sweep_419,mega_sweep,0.6848929607845863,0.4228958383823173,0.987713117873056,0.7691373025516403,1.0,,,,0.5259058336771449,1.0043861264202745,0.850235057085292,placement,3414.91,0.735672,0.736636,4.0736682160184783e-10,,,,,,
traj_sweep_419,mega_sweep,0.6848929607845863,0.4228958383823173,0.987713117873056,0.7691373025516403,1.0,,,,0.4481871228367662,1.0025367522206812,0.8125802310654685,cts,,,,4.081182890048852e-10,-2.81344,0.00187142,3.0,,,
traj_sweep_419,mega_sweep,0.6848929607845863,0.4228958383823173,0.987713117873056,0.7691373025516403,1.0,,,,0.4089865447586453,0.9698944792906914,0.7691373025516403,routing,,,,4.218537095705951e-10,-3.40311,,,3914.0,0.736636,0.0
traj_sweep_420,mega_sweep,0.684881222680565,0.4273624991380561,0.9791208926094588,0.7677380230442692,1.0,1076.77,0.632164,1.187273048097551,0.649571908215965,1.0092836948205248,0.9894490035169988,floorplan,,,,,,,,,,
traj_sweep_420,mega_sweep,0.684881222680565,0.4273624991380561,0.9791208926094588,0.7677380230442692,1.0,,,,0.5435076461569632,1.0003805128331023,0.8530997304582209,placement,3293.12,0.733202,0.70467,4.0899795501022496e-10,,,,,,
traj_sweep_420,mega_sweep,0.684881222680565,0.4273624991380561,0.9791208926094588,0.7677380230442692,1.0,,,,0.44330657195358075,0.9933307965811127,0.7863354037267081,cts,,,,4.1190063309127306e-10,-2.50817,0.00165626,4.0,,,
traj_sweep_420,mega_sweep,0.684881222680565,0.4273624991380561,0.9791208926094588,0.7677380230442692,1.0,,,,0.4145980821620774,0.9583931720449905,0.7677380230442692,routing,,,,4.269162134239534e-10,-3.06388,,,3915.0,0.70467,0.0
traj_sweep_421,mega_sweep,0.7160353267907977,0.464482583066073,0.9870339229236479,0.8007590132827324,1.0,1076.77,0.632164,1.187273048097551,0.6680145992997688,1.0092836948205248,0.9894490035169988,floorplan,,,,,,,,,,
traj_sweep_421,mega_sweep,0.7160353267907977,0.464482583066073,0.9870339229236479,0.8007590132827324,1.0,,,,0.5588038689578624,0.9995499310576211,0.8528123947457056,placement,3298.45,0.733449,0.729327,4.0933781421793965e-10,,,,,,
traj_sweep_421,mega_sweep,0.7160353267907977,0.464482583066073,0.9870339229236479,0.8007590132827324,1.0,,,,0.46986792709324576,0.9950042347395942,0.807140580172139,cts,,,,4.112078820326828e-10,-1.98018,0.00188383,3.0,,,
traj_sweep_421,mega_sweep,0.7160353267907977,0.464482583066073,0.9870339229236479,0.8007590132827324,1.0,,,,0.44810331716924917,0.9602220885653848,0.8007590132827324,routing,,,,4.261030743336813e-10,-2.57983,,,3639.0,0.729327,0.0
traj_sweep_422,mega_sweep,0.6901020364254337,0.44708006954998963,0.9659256895260774,0.7610459873760144,1.0,1076.77,0.631423,1.187273048097551,0.6886890415630497,1.0092836948205248,0.9906103286384976,floorplan,,,,,,,,,,
traj_sweep_422,mega_sweep,0.6901020364254337,0.44708006954998963,0.9659256895260774,0.7610459873760144,1.0,,,,0.5781264575231515,1.004521147102988,0.8559837728194726,placement,3307.98,0.730731,0.72308,4.073120662126495e-10,,,,,,
traj_sweep_422,mega_sweep,0.6901020364254337,0.44708006954998963,0.9659256895260774,0.7610459873760144,1.0,,,,0.49826041877472493,0.9849595142528651,0.8266405484818804,cts,,,,4.154014231652758e-10,-1.66071,0.00140771,1.0,,,
traj_sweep_422,mega_sweep,0.6901020364254337,0.44708006954998963,0.9659256895260774,0.7610459873760144,1.0,,,,0.4340168021771835,0.9551363095165032,0.7610459873760144,routing,,,,4.2837192964419426e-10,-2.26339,,,4036.0,0.72308,0.0
traj_sweep_424,mega_sweep,0.7125709266348675,0.4830959945382511,0.9666498913697235,0.7747858017135862,1.0,1076.77,0.628211,1.187273048097551,0.7312242672785563,1.0092836948205248,0.995674400314589,floorplan,,,,,,,,,,
traj_sweep_424,mega_sweep,0.7125709266348675,0.4830959945382511,0.9666498913697235,0.7747858017135862,1.0,,,,0.6055966440352444,0.9879381523442454,0.8583050847457626,placement,3388.08,0.728755,0.703711,4.141489859562079e-10,,,,,,
traj_sweep_424,mega_sweep,0.7125709266348675,0.4830959945382511,0.9666498913697235,0.7747858017135862,1.0,,,,0.5183196398651513,0.9811011959559259,0.8220779220779221,cts,,,,4.1703504762540244e-10,-0.895063,0.000693008,2.0,,,
traj_sweep_424,mega_sweep,0.7125709266348675,0.4830959945382511,0.9666498913697235,0.7747858017135862,1.0,,,,0.4678352222147026,0.9492485894430193,0.7747858017135862,routing,,,,4.310289091089339e-10,-1.4621,,,3849.0,0.703711,0.0
traj_sweep_425,mega_sweep,0.7233452978790677,0.4978463737365623,0.965892957239359,0.7870686975442959,1.0,1076.77,0.593132,1.187273048097551,0.7954644029989466,1.010216564992001,1.054560599750104,floorplan,,,,,,,,,,
traj_sweep_425,mega_sweep,0.7233452978790677,0.4978463737365623,0.965892957239359,0.7870686975442959,1.0,,,,0.6572947828058602,0.9944559689370599,0.8994671403197158,placement,3294.82,0.695405,0.74122,4.114345901288613e-10,,,,,,
traj_sweep_425,mega_sweep,0.7233452978790677,0.4978463737365623,0.965892957239359,0.7870686975442959,1.0,,,,0.5295596038880492,0.9744688163595969,0.8328947368421052,cts,,,,4.198734501421272e-10,-0.367142,0.00106511,2.0,,,
traj_sweep_425,mega_sweep,0.7233452978790677,0.4978463737365623,0.965892957239359,0.7870686975442959,1.0,,,,0.4827339849216134,0.9476938058238921,0.7870686975442959,routing,,,,4.3173605384612063e-10,-1.2017,,,3924.0,0.74122,0.0
traj_sweep_426,mega_sweep,0.7596857043183861,0.5342853830444386,0.9797223483779106,0.8375785643400594,1.0,1076.77,0.582016,1.187273048097551,0.8380442587636269,0.9981751750154455,1.0747028862478776,floorplan,,,,,,,,,,
traj_sweep_426,mega_sweep,0.7596857043183861,0.5342853830444386,0.9797223483779106,0.8375785643400594,1.0,,,,0.6944419759287522,0.9781552901512641,0.9308823529411764,placement,3269.26,0.671937,0.702066,4.182910301671491e-10,,,,,,
traj_sweep_426,mega_sweep,0.7596857043183861,0.5342853830444386,0.9797223483779106,0.8375785643400594,1.0,,,,0.5607880211794732,0.9741169442773734,0.8615175229669955,cts,,,,4.200251175020266e-10,-0.192529,0.00117015,9.0,,,
traj_sweep_426,mega_sweep,0.7596857043183861,0.5342853830444386,0.9797223483779106,0.8375785643400594,1.0,,,,0.5174958466619255,0.9554513577761684,0.8375785643400594,routing,,,,4.2823067930232657e-10,-0.350038,,,3939.0,0.702066,0.0
traj_sweep_427,mega_sweep,0.7628368558042665,0.5468746672021859,0.9700908730110022,0.8367481824190349,1.0,1076.77,0.582016,1.187273048097551,0.8583395018983262,0.9981751750154455,1.0747028862478776,floorplan,,,,,,,,,,
traj_sweep_427,mega_sweep,0.7628368558042665,0.5468746672021859,0.9700908730110022,0.8367481824190349,1.0,,,,0.7225436082155103,0.954158432450789,0.9561933534743201,placement,3227.23,0.65415,0.688757,4.288109501164222e-10,,,,,,
traj_sweep_427,mega_sweep,0.7628368558042665,0.5468746672021859,0.9700908730110022,0.8367481824190349,1.0,,,,0.6227547399933474,0.9713428829779834,0.9210622044379774,cts,,,,4.21224668601492e-10,-0.00748426,0.00105548,7.0,,,
traj_sweep_427,mega_sweep,0.7628368558042665,0.5468746672021859,0.9700908730110022,0.8367481824190349,1.0,,,,0.5304943019648702,0.9513189065779621,0.8367481824190349,routing,,,,4.300908782025642e-10,-0.141226,,,3867.0,0.688757,0.0
traj_sweep_428,mega_sweep,0.8309168154783562,0.6347006808486595,0.9774024475567393,0.9247626004382761,1.0,1076.77,0.582016,1.187273048097551,0.8786315928411852,0.9981751750154455,1.0747028862478776,floorplan,,,,,,,,,,
traj_sweep_428,mega_sweep,0.8309168154783562,0.6347006808486595,0.9774024475567393,0.9247626004382761,1.0,,,,0.7618765021809442,0.9550094719054691,0.9817758821248544,placement,3166.61,0.637105,0.713591,4.284288229774946e-10,,,,,,
traj_sweep_428,mega_sweep,0.8309168154783562,0.6347006808486595,0.9774024475567393,0.9247626004382761,1.0,,,,0.6603399943420004,0.9532091961359536,0.9554716981132075,cts,,,,4.2923797382506835e-10,-0.00079331,0.000908697,5.0,,,
traj_sweep_428,mega_sweep,0.8309168154783562,0.6347006808486595,0.9774024475567393,0.9247626004382761,1.0,,,,0.6113042236083996,0.9462208529215612,0.9247626004382761,routing,,,,4.324081240838353e-10,-0.0282078,,,3524.0,0.713591,0.0
traj_sweep_429,mega_sweep,0.8355191854140607,0.6507643399737858,0.9628324884311824,0.9308823529411764,1.0,1076.77,0.582016,1.187273048097551,0.898911695274677,0.9981751750154455,1.0747028862478776,floorplan,,,,,,,,,,
traj_sweep_429,mega_sweep,0.8355191854140607,0.6507643399737858,0.9628324884311824,0.9308823529411764,1.0,,,,0.795158229108139,0.9551485841240226,0.9968503937007873,placement,3134.44,0.62747,0.717508,4.2836642463963674e-10,,,,,,
traj_sweep_429,mega_sweep,0.8355191854140607,0.6507643399737858,0.9628324884311824,0.9308823529411764,1.0,,,,0.6960663953123609,0.9436022699840839,0.9817758821248544,cts,,,,4.336080963303747e-10,0.0,0.00374065,1.0,,,
traj_sweep_429,mega_sweep,0.8355191854140607,0.6507643399737858,0.9628324884311824,0.9308823529411764,1.0,,,,0.6281392634220331,0.9427553220652436,0.9308823529411764,routing,,,,4.3399763905284354e-10,-0.00717409,,,3653.0,0.717508,0.0
traj_sweep_431,mega_sweep,0.8775413667385399,0.7355845771653318,0.9321173288817424,0.9855975087582716,1.0,1076.77,0.582016,1.187273048097551,0.9394607817514662,0.9981751750154455,1.0747028862478776,floorplan,,,,,,,,,,
traj_sweep_431,mega_sweep,0.8775413667385399,0.7355845771653318,0.9321173288817424,0.9855975087582716,1.0,,,,0.8389008947616536,0.9463926974268331,1.0027722772277228,placement,3111.44,0.623765,0.708605,4.3232960809321025e-10,,,,,,
traj_sweep_431,mega_sweep,0.8775413667385399,0.7355845771653318,0.9321173288817424,0.9855975087582716,1.0,,,,0.7389931417857672,0.9360656609671573,0.9902229174814234,cts,,,,4.3709923463924014e-10,0.0,0.000770897,0.0,,,
traj_sweep_431,mega_sweep,0.8775413667385399,0.7355845771653318,0.9321173288817424,0.9855975087582716,1.0,,,,0.7086944521115098,0.9109272647673757,0.9855975087582716,routing,,,,4.491616397993146e-10,0.0,,,3446.0,0.708605,0.0
traj_sweep_432,mega_sweep,0.8902788029838921,0.7646673417118351,0.9289913955001289,0.9933307179285994,1.0,1076.77,0.582016,1.187273048097551,0.9597223334668269,0.9981751750154455,1.0747028862478776,floorplan,,,,,,,,,,
traj_sweep_432,mega_sweep,0.8902788029838921,0.7646673417118351,0.9289913955001289,0.9933307179285994,1.0,,,,0.8604104532986103,0.9405172519608685,1.0051607780865421,placement,3086.52,0.622283,0.713027,4.3503038687252303e-10,,,,,,
traj_sweep_432,mega_sweep,0.8902788029838921,0.7646673417118351,0.9289913955001289,0.9933307179285994,1.0,,,,0.7641276805605156,0.9299447233508041,0.9941107184923439,cts,,,,4.3997624128297074e-10,0.0,0.000728924,0.0,,,
traj_sweep_432,mega_sweep,0.8902788029838921,0.7646673417118351,0.9289913955001289,0.9933307179285994,1.0,,,,0.7362203434263993,0.904671306468309,0.9933307179285994,routing,,,,4.522676700978707e-10,0.0,,,3428.0,0.713027,0.0
traj_sweep_433,mega_sweep,0.8923737178583957,0.7755760766376112,0.9220439676441345,0.9937205651491364,1.0,1076.77,0.582016,1.187273048097551,0.9799786264203616,0.9981751750154455,1.0747028862478776,floorplan,,,,,,,,,,
traj_sweep_433,mega_sweep,0.8923737178583957,0.7755760766376112,0.9220439676441345,0.9937205651491364,1.0,,,,0.880314251008973,0.9365320960528953,1.0063593004769475,placement,3140.15,0.621542,0.708539,4.3688153957054543e-10,,,,,,
traj_sweep_433,mega_sweep,0.8923737178583957,0.7755760766376112,0.9220439676441345,0.9937205651491364,1.0,,,,0.7745399698340875,0.924658459045772,0.9945011783189316,cts,,,,4.424915815976601e-10,0.0,0.000389543,0.0,,,
traj_sweep_433,mega_sweep,0.8923737178583957,0.7755760766376112,0.9220439676441345,0.9937205651491364,1.0,,,,0.7472331933646531,0.902793291517837,0.9937205651491364,routing,,,,4.5320848950142534e-10,0.0,,,3413.0,0.708539,0.0
traj_sweep_434,mega_sweep,0.8967154098666559,0.7906946051410194,0.9147978576718343,0.9968503937007873,1.0,1076.77,0.582016,1.187273048097551,1.000228169468699,0.9981751750154455,1.0747028862478776,floorplan,,,,,,,,,,
traj_sweep_434,mega_sweep,0.8967154098666559,0.7906946051410194,0.9147978576718343,0.9968503937007873,1.0,,,,0.8991635315776835,0.928389939731677,1.0103750997605745,placement,3111.44,0.619071,0.706286,4.407130737533329e-10,,,,,,
traj_sweep_434,mega_sweep,0.8967154098666559,0.7906946051410194,0.9147978576718343,0.9968503937007873,1.0,,,,0.7890111240857969,0.9203173395197355,0.9968503937007873,cts,,,,4.445788060391585e-10,0.0,0.0011519,0.0,,,
traj_sweep_434,mega_sweep,0.8967154098666559,0.7906946051410194,0.9147978576718343,0.9968503937007873,1.0,,,,0.7612343608379287,0.8912919842721362,0.9968503937007873,routing,,,,4.590567302307219e-10,0.0,,,3418.0,0.706286,0.0
traj_sweep_435,mega_sweep,0.9014056446959536,0.8080239531726265,0.9078667959591992,0.9984227129337538,1.0,1076.77,0.582016,1.187273048097551,1.020468184889313,0.9981751750154455,1.0747028862478776,floorplan,,,,,,,,,,
traj_sweep_435,mega_sweep,0.9014056446959536,0.8080239531726265,0.9078667959591992,0.9984227129337538,1.0,,,,0.9172246264391278,0.9229072817063341,1.0103750997605745,placement,3084.59,0.619071,0.704894,4.4333119056591224e-10,,,,,,
traj_sweep_435,mega_sweep,0.9014056446959536,0.8080239531726265,0.9078667959591992,0.9984227129337538,1.0,,,,0.8075701274718164,0.9131530602642314,0.9984227129337538,cts,,,,4.480668157235607e-10,0.0,0.000743405,0.0,,,
traj_sweep_435,mega_sweep,0.9014056446959536,0.8080239531726265,0.9078667959591992,0.9984227129337538,1.0,,,,0.7795454545454545,0.8863044020834101,0.9984227129337538,routing,,,,4.616400223433771e-10,0.0,,,3452.0,0.704894,0.0
traj_sweep_436,mega_sweep,0.9001140535567516,0.8220453713867546,0.8896021799702954,0.9972430090586843,1.0,1076.77,0.582016,1.187273048097551,1.0407059559240774,0.9981751750154455,1.0747028862478776,floorplan,,,,,,,,,,
traj_sweep_436,mega_sweep,0.9001140535567516,0.8220453713867546,0.8896021799702954,0.9972430090586843,1.0,,,,0.9373686379021701,0.9055264374588289,1.0107784431137723,placement,3064.66,0.618824,0.695823,4.518405725723736e-10,,,,,,
traj_sweep_436,mega_sweep,0.9001140535567516,0.8220453713867546,0.8896021799702954,0.9972430090586843,1.0,,,,0.8218536656743991,0.8966027977922073,0.9972430090586843,cts,,,,4.563376168224299e-10,0.0,0.000647427,0.0,,,
traj_sweep_436,mega_sweep,0.9001140535567516,0.8220453713867546,0.8896021799702954,0.9972430090586843,1.0,,,,0.7928082116249012,0.8754168252136805,0.9972430090586843,routing,,,,4.673814486955384e-10,0.0,,,3456.0,0.695823,0.0
traj_sweep_438,mega_sweep,0.9199903678924793,0.8568826847071052,0.9108699832656184,0.9976359338061466,1.0,1076.77,0.582016,1.187273048097551,1.0811532654399336,0.9981751750154455,1.0747028862478776,floorplan,,,,,,,,,,
traj_sweep_438,mega_sweep,0.9199903678924793,0.8568826847071052,0.9108699832656184,0.9976359338061466,1.0,,,,0.9724231587034502,0.9254440339270151,1.0103750997605745,placement,3097.93,0.619071,0.706648,4.421159670181489e-10,,,,,,
traj_sweep_438,mega_sweep,0.9199903678924793,0.8568826847071052,0.9108699832656184,0.9976359338061466,1.0,,,,0.8557403430922101,0.9158411993109854,0.9976359338061466,cts,,,,4.467516686174823e-10,0.0,0.00095926,0.0,,,
traj_sweep_438,mega_sweep,0.9199903678924793,0.8568826847071052,0.9108699832656184,0.9976359338061466,1.0,,,,0.8261489101556395,0.8860507268613419,0.9976359338061466,routing,,,,4.6177218930812673e-10,0.0,,,3420.0,0.706648,0.0
traj_sweep_439,mega_sweep,0.9189967046624367,0.8766815924766113,0.8874172998318379,0.9976359338061466,1.0,1076.77,0.582016,1.187273048097551,1.10136650530057,0.9981751750154455,1.0747028862478776,floorplan,,,,,,,,,,
traj_sweep_439,mega_sweep,0.9189967046624367,0.8766815924766113,0.8874172998318379,0.9976359338061466,1.0,,,,0.9923694468677188,0.897527484892004,1.0103750997605745,placement,3059.26,0.619071,0.686049,4.558674702090608e-10,,,,,,
traj_sweep_439,mega_sweep,0.9189967046624367,0.8766815924766113,0.8874172998318379,0.9976359338061466,1.0,,,,0.8741446142921759,0.8888943442700087,0.9976359338061466,cts,,,,4.60294957008451e-10,0.0,0.00133069,0.0,,,
traj_sweep_439,mega_sweep,0.9189967046624367,0.8766815924766113,0.8874172998318379,0.9976359338061466,1.0,,,,0.8428071689159407,0.86326905530529,0.9976359338061466,routing,,,,4.739583580186644e-10,0.0,,,3437.0,0.686049,0.0
traj_sweep_440,mega_sweep,0.9235159145736241,0.8895906235924748,0.8871554415380901,0.9980291683090263,1.0,1076.77,0.582016,1.187273048097551,1.1215795418380146,0.9981751750154455,1.0747028862478776,floorplan,,,,,,,,,,
traj_sweep_440,mega_sweep,0.9235159145736241,0.8895906235924748,0.8871554415380901,0.9980291683090263,1.0,,,,1.012152680009461,0.898636291104592,1.0107784431137723,placement,3111.84,0.618824,0.704334,4.553049860449022e-10,,,,,,
traj_sweep_440,mega_sweep,0.9235159145736241,0.8895906235924748,0.8871554415380901,0.9980291683090263,1.0,,,,0.8872762457668119,0.8892625824955914,0.9980291683090263,cts,,,,4.601043516669581e-10,0.0,0.00231828,0.0,,,
traj_sweep_440,mega_sweep,0.9235159145736241,0.8895906235924748,0.8871554415380901,0.9980291683090263,1.0,,,,0.8565478261283974,0.8682402713506568,0.9980291683090263,routing,,,,4.712446513732069e-10,0.0,,,3465.0,0.704334,0.0
traj_sweep_441,mega_sweep,0.9290038212553512,0.9028220094636272,0.8894794338951012,0.9984227129337538,1.0,1076.77,0.582016,1.187273048097551,1.1417790031382216,0.9981751750154455,1.0747028862478776,floorplan,,,,,,,,,,
traj_sweep_441,mega_sweep,0.9290038212553512,0.9028220094636272,0.8894794338951012,0.9984227129337538,1.0,,,,1.0291335516822795,0.9069666580744414,1.0119904076738608,placement,3120.48,0.618083,0.694979,4.5112307088496814e-10,,,,,,
traj_sweep_441,mega_sweep,0.9290038212553512,0.9028220094636272,0.8894794338951012,0.9984227129337538,1.0,,,,0.9022917241898641,0.8975438510353632,0.9984227129337538,cts,,,,4.5585915775462014e-10,0.0,0.000744189,0.0,,,
traj_sweep_441,mega_sweep,0.9290038212553512,0.9028220094636272,0.8894794338951012,0.9984227129337538,1.0,,,,0.8703180913550236,0.8735756340857668,0.9984227129337538,routing,,,,4.683665249077318e-10,0.0,,,3451.0,0.694979,0.0
traj_sweep_442,mega_sweep,0.9344586579938493,0.9188188863668896,0.8894794338951012,0.9984227129337538,1.0,1076.77,0.582016,1.187273048097551,1.1619752000930967,0.9981751750154455,1.0747028862478776,floorplan,,,,,,,,,,
traj_sweep_442,mega_sweep,0.9344586579938493,0.9188188863668896,0.8894794338951012,0.9984227129337538,1.0,,,,1.0473465534622712,0.9069666580744414,1.0119904076738608,placement,3120.48,0.618083,0.694979,4.5112307088496814e-10,,,,,,
traj_sweep_442,mega_sweep,0.9344586579938493,0.9188188863668896,0.8894794338951012,0.9984227129337538,1.0,,,,0.9182743399002697,0.8975438510353632,0.9984227129337538,cts,,,,4.5585915775462014e-10,0.0,0.000744189,0.0,,,
traj_sweep_442,mega_sweep,0.9344586579938493,0.9188188863668896,0.8894794338951012,0.9984227129337538,1.0,,,,0.885741460794315,0.8735756340857668,0.9984227129337538,routing,,,,4.683665249077318e-10,0.0,,,3451.0,0.694979,0.0
traj_sweep_443,mega_sweep,0.9413559026604787,0.9382935182091547,0.8897453837246887,0.9992107340173638,1.0,1076.77,0.582016,1.187273048097551,1.1821596058854094,0.9981751750154455,1.0747028862478776,floorplan,,,,,,,,,,
traj_sweep_443,mega_sweep,0.9413559026604787,0.9382935182091547,0.8897453837246887,0.9992107340173638,1.0,,,,1.0663296786748304,0.9048595171169402,1.0128,placement,3079.18,0.617589,0.678675,4.521735984879315e-10,,,,,,
traj_sweep_443,mega_sweep,0.9413559026604787,0.9382935182091547,0.8897453837246887,0.9992107340173638,1.0,,,,0.9360017914707245,0.8962632003175032,0.9992107340173638,cts,,,,4.565105248501504e-10,0.0,0.000527439,0.0,,,
traj_sweep_443,mega_sweep,0.9413559026604787,0.9382935182091547,0.8897453837246887,0.9992107340173638,1.0,,,,0.9021196287763573,0.8690381208394194,0.9992107340173638,routing,,,,4.708120094727376e-10,0.0,,,3373.0,0.678675,0.0
traj_sweep_444,mega_sweep,0.9470527129806628,0.9555739866445494,0.8889107104133679,1.0,1.0,1076.77,0.582016,1.187273048097551,1.2023413720440177,0.9981751750154455,1.0747028862478776,floorplan,,,,,,,,,,
traj_sweep_444,mega_sweep,0.9470527129806628,0.9555739866445494,0.8889107104133679,1.0,1.0,,,,1.0834147105983338,0.9016558445543704,1.0128,placement,3107.61,0.617589,0.697135,4.537802160901389e-10,,,,,,
traj_sweep_444,mega_sweep,0.9470527129806628,0.9555739866445494,0.8889107104133679,1.0,1.0,,,,0.9536118848653669,0.8928181271403847,1.0,cts,,,,4.5827203944805717e-10,0.0,0.00118603,0.0,,,
traj_sweep_444,mega_sweep,0.9470527129806628,0.9555739866445494,0.8889107104133679,1.0,1.0,,,,0.9211262697184326,0.8699137095091385,1.0,routing,,,,4.703381260788381e-10,0.0,,,3413.0,0.697135,0.0
traj_sweep_445,mega_sweep,0.9507327872368024,0.966961312293878,0.8904777686400144,0.9980291683090263,1.0,1076.77,0.582016,1.187273048097551,1.2225169707110695,0.9981751750154455,1.0747028862478776,floorplan,,,,,,,,,,
traj_sweep_445,mega_sweep,0.9507327872368024,0.966961312293878,0.8904777686400144,0.9980291683090263,1.0,,,,1.1009954363073908,0.9054896136362707,1.0115860966839791,placement,3082.16,0.61833,0.693021,4.5185894771088256e-10,,,,,,
traj_sweep_445,mega_sweep,0.9507327872368024,0.966961312293878,0.8904777686400144,0.9980291683090263,1.0,,,,0.965185403968531,0.8965005093962121,0.9980291683090263,cts,,,,4.563896837675881e-10,0.0,0.000583304,0.0,,,
traj_sweep_445,mega_sweep,0.9507327872368024,0.966961312293878,0.8904777686400144,0.9980291683090263,1.0,,,,0.9293710669059057,0.8665709247280151,0.9980291683090263,routing,,,,4.721524485825983e-10,0.0,,,3446.0,0.693021,0.0
traj_sweep_446,mega_sweep,0.9570802248347616,0.9848382730864278,0.8919425384706657,0.9980291683090263,1.0,1076.77,0.582016,1.187273048097551,1.242684883013441,0.9981751750154455,1.0747028862478776,floorplan,,,,,,,,,,
traj_sweep_446,mega_sweep,0.9570802248347616,0.9848382730864278,0.8919425384706657,0.9980291683090263,1.0,,,,1.119623245644089,0.9058496687901738,1.0115860966839791,placement,3091.56,0.61833,0.69283,4.5167934380024934e-10,,,,,,
traj_sweep_446,mega_sweep,0.9570802248347616,0.9848382730864278,0.8919425384706657,0.9980291683090263,1.0,,,,0.9815306311914982,0.8964432278944547,0.9980291683090263,cts,,,,4.564188464470075e-10,0.0,0.000787898,0.0,,,
traj_sweep_446,mega_sweep,0.9570802248347616,0.9848382730864278,0.8919425384706657,0.9980291683090263,1.0,,,,0.9476836765900007,0.8717753583162512,0.9980291683090263,routing,,,,4.693337338314529e-10,0.0,,,3428.0,0.69283,0.0
traj_sweep_447,mega_sweep,0.9631460003994804,1.0,0.8941683339675214,0.9992107340173638,1.0,1076.77,0.582016,1.187273048097551,1.2628457803728141,0.9981751750154455,1.0747028862478776,floorplan,,,,,,,,,,
traj_sweep_447,mega_sweep,0.9631460003994804,1.0,0.8941683339675214,0.9992107340173638,1.0,,,,1.1378179562173183,0.9079240774609565,1.0128,placement,3096.8,0.617589,0.691376,4.5064735492535025e-10,,,,,,
traj_sweep_447,mega_sweep,0.9631460003994804,1.0,0.8941683339675214,0.9992107340173638,1.0,,,,0.9963413011663488,0.8996264427778256,0.9992107340173638,cts,,,,4.548038658328596e-10,0.0,0.000870845,0.0,,,
traj_sweep_447,mega_sweep,0.9631460003994804,1.0,0.8941683339675214,0.9992107340173638,1.0,,,,0.9610874342946062,0.8759650910162148,0.9992107340173638,routing,,,,4.670889150458681e-10,0.0,,,3415.0,0.691376,0.0
traj_sweep_448,mega_sweep,0.45943377106979993,0.147781614865976,0.9703322736255509,0.6762820512820512,1.0,1076.77,0.656374,1.187273048097551,0.2498446568201564,1.009492363148355,0.9529544599171998,floorplan,,,,,,,,,,
traj_sweep_448,mega_sweep,0.45943377106979993,0.147781614865976,0.9703322736255509,0.6762820512820512,1.0,,,,0.19990167967594333,1.0119963830823175,0.7984862819299905,placement,3566.14,0.78335,0.730149,4.043034054475841e-10,,,,,,
traj_sweep_448,mega_sweep,0.45943377106979993,0.147781614865976,0.9703322736255509,0.6762820512820512,1.0,,,,0.16038478355924793,0.9929421006763308,0.7142454160789844,cts,,,,4.120618752111817e-10,-12.6792,0.00037427,9.0,,,
traj_sweep_448,mega_sweep,0.45943377106979993,0.147781614865976,0.9703322736255509,0.6762820512820512,1.0,,,,0.1443143678437796,0.9547721628267603,0.6762820512820512,routing,,,,4.285353091667988e-10,-13.3868,,,5300.0,0.730149,0.0
traj_sweep_449,mega_sweep,0.4850418708163662,0.16546403616177052,0.9862769887932833,0.6992543496271747,1.0,1076.77,0.656374,1.187273048097551,0.26764233744032356,1.009492363148355,0.9529544599171998,floorplan,,,,,,,,,,
traj_sweep_449,mega_sweep,0.4850418708163662,0.16546403616177052,0.9862769887932833,0.6992543496271747,1.0,,,,0.2150295268996277,1.0154619139386352,0.800252844500632,placement,3550.1,0.781621,0.704469,4.0292361374130694e-10,,,,,,
traj_sweep_449,mega_sweep,0.4850418708163662,0.16546403616177052,0.9862769887932833,0.6992543496271747,1.0,,,,0.1706532472464869,0.9953683814293371,0.7116357504215851,cts,,,,4.110574452779776e-10,-12.2224,0.00139967,8.0,,,
traj_sweep_449,mega_sweep,0.4850418708163662,0.16546403616177052,0.9862769887932833,0.6992543496271747,1.0,,,,0.1605954465849387,0.9621123781233761,0.6992543496271747,routing,,,,4.252658975024134e-10,-12.7749,,,4529.0,0.704469,0.0
traj_sweep_450,mega_sweep,0.4911547093882337,0.17604560503065803,0.9731186095324602,0.6916143130292269,1.0,1076.77,0.656374,1.187273048097551,0.2854338711726591,1.009492363148355,0.9529544599171998,floorplan,,,,,,,,,,
traj_sweep_450,mega_sweep,0.4911547093882337,0.17604560503065803,0.9731186095324602,0.6916143130292269,1.0,,,,0.22942235940011055,1.01514686567897,0.800252844500632,placement,3514.5,0.781621,0.695239,4.030486600647296e-10,,,,,,
traj_sweep_450,mega_sweep,0.4911547093882337,0.17604560503065803,0.9731186095324602,0.6916143130292269,1.0,,,,0.1800979590527953,0.9846280998498407,0.7023578363384189,cts,,,,4.15541242468315e-10,-11.8419,0.000851805,9.0,,,
traj_sweep_450,mega_sweep,0.4911547093882337,0.17604560503065803,0.9731186095324602,0.6916143130292269,1.0,,,,0.17161298946825676,0.9544530230312552,0.6916143130292269,routing,,,,4.286785982209838e-10,-12.4429,,,5284.0,0.695239,0.0
traj_sweep_451,mega_sweep,0.5035381107444564,0.18734905033965954,0.9699885846150069,0.7025527192008878,1.0,1076.77,0.656374,1.187273048097551,0.3032187425663901,1.009492363148355,0.9529544599171998,floorplan,,,,,,,,,,
traj_sweep_451,mega_sweep,0.5035381107444564,0.18734905033965954,0.9699885846150069,0.7025527192008878,1.0,,,,0.24590033848031367,1.0186533118936856,0.8038095238095238,placement,3523.76,0.778162,0.716833,4.0166127101692603e-10,,,,,,
traj_sweep_451,mega_sweep,0.5035381107444564,0.18734905033965954,0.9699885846150069,0.7025527192008878,1.0,,,,0.19401101682748617,0.9947628341250455,0.7170773152081563,cts,,,,4.1130767047674675e-10,-11.1102,0.000282892,12.0,,,
traj_sweep_451,mega_sweep,0.5035381107444564,0.18734905033965954,0.9699885846150069,0.7025527192008878,1.0,,,,0.18228453027747551,0.9588391494515296,0.7025527192008878,routing,,,,4.2671764520134673e-10,-11.7635,,,4872.0,0.716833,0.0
traj_sweep_452,mega_sweep,0.5056668207284034,0.1953549239805745,0.9588146002364908,0.6902944383860414,1.0,1076.77,0.656374,1.187273048097551,0.3209975764265061,1.009492363148355,0.9529544599171998,floorplan,,,,,,,,,,
traj_sweep_452,mega_sweep,0.5056668207284034,0.1953549239805745,0.9588146002364908,0.6902944383860414,1.0,,,,0.26251508061005996,1.0167752969432136,0.8061127029608405,placement,3553.91,0.775939,0.713634,4.024031516214835e-10,,,,,,
traj_sweep_452,mega_sweep,0.5056668207284034,0.1953549239805745,0.9588146002364908,0.6902944383860414,1.0,,,,0.2083972501562411,0.9965099199286436,0.7182978723404255,cts,,,,4.105865639652808e-10,-10.6007,0.00104417,8.0,,,
traj_sweep_452,mega_sweep,0.5056668207284034,0.1953549239805745,0.9588146002364908,0.6902944383860414,1.0,,,,0.19054383848321457,0.9546575998232456,0.6902944383860414,routing,,,,4.2858673524054433e-10,-11.2222,,,5155.0,0.713634,0.0
traj_sweep_453,mega_sweep,0.5264187637238101,0.21186191938421278,0.9825291419640191,0.7008026570716855,1.0,1076.77,0.656374,1.187273048097551,0.3387699017798746,1.009492363148355,0.9529544599171998,floorplan,,,,,,,,,,
traj_sweep_453,mega_sweep,0.5264187637238101,0.21186191938421278,0.9825291419640191,0.7008026570716855,1.0,,,,0.2771020624008461,1.0164397910043492,0.8061127029608405,placement,3526.04,0.775939,0.713638,4.0253597665291335e-10,,,,,,
traj_sweep_453,mega_sweep,0.5264187637238101,0.21186191938421278,0.9825291419640191,0.7008026570716855,1.0,,,,0.22121514973980771,1.0011619961785054,0.7211620620905724,cts,,,,4.086787008921456e-10,-10.1011,0.00131423,10.0,,,
traj_sweep_453,mega_sweep,0.5264187637238101,0.21186191938421278,0.9825291419640191,0.7008026570716855,1.0,,,,0.20637951683410247,0.9686465608595498,0.7008026570716855,routing,,,,4.223971885243132e-10,-10.7028,,,4847.0,0.713638,0.0
traj_sweep_454,mega_sweep,0.5359103549523994,0.22231292920896908,0.9884536858600613,0.700414937759336,1.0,1076.77,0.656374,1.187273048097551,0.35653541807592437,1.009492363148355,0.9529544599171998,floorplan,,,,,,,,,,
traj_sweep_454,mega_sweep,0.5359103549523994,0.22231292920896908,0.9884536858600613,0.700414937759336,1.0,,,,0.2921925168464433,1.016337502608354,0.8066263141127746,placement,3490.04,0.775445,0.7193,4.0257648953301125e-10,,,,,,
traj_sweep_454,mega_sweep,0.5359103549523994,0.22231292920896908,0.9884536858600613,0.700414937759336,1.0,,,,0.23353434240667761,1.0010801654617094,0.7199317600227466,cts,,,,4.087121072787539e-10,-9.54891,0.000822994,13.0,,,
traj_sweep_454,mega_sweep,0.5359103549523994,0.22231292920896908,0.9884536858600613,0.700414937759336,1.0,,,,0.21616771724475525,0.9677832467973503,0.700414937759336,routing,,,,4.227739892530852e-10,-10.2378,,,4778.0,0.7193,0.0
traj_sweep_455,mega_sweep,0.5577773907929987,0.24214711354637228,0.9957161619757209,0.7197271176805002,1.0,1076.77,0.656374,1.187273048097551,0.37429428829065226,1.009492363148355,0.9529544599171998,floorplan,,,,,,,,,,
traj_sweep_455,mega_sweep,0.5577773907929987,0.24214711354637228,0.9957161619757209,0.7197271176805002,1.0,,,,0.3083616848613992,1.0164725232910679,0.8089456869009584,placement,3487.14,0.773221,0.701202,4.0252301425333995e-10,,,,,,
traj_sweep_455,mega_sweep,0.5577773907929987,0.24214711354637228,0.9957161619757209,0.7197271176805002,1.0,,,,0.24978215702760734,1.0026103998657976,0.735191637630662,cts,,,,4.0808831031035114e-10,-8.92024,0.00108259,10.0,,,
traj_sweep_455,mega_sweep,0.5577773907929987,0.24214711354637228,0.9957161619757209,0.7197271176805002,1.0,,,,0.23540691163661845,0.9681433019512534,0.7197271176805002,routing,,,,4.2261675844493935e-10,-9.5411,,,4305.0,0.701202,0.0
traj_sweep_456,mega_sweep,0.5425896248023782,0.23920985630000122,0.9710810246842357,0.6876697447039651,1.0,1076.77,0.656374,1.187273048097551,0.3920478837109876,1.009492363148355,0.9529544599171998,floorplan,,,,,,,,,,
traj_sweep_456,mega_sweep,0.5425896248023782,0.23920985630000122,0.9710810246842357,0.6876697447039651,1.0,,,,0.3241761313933124,1.0168203038374515,0.8107588856868395,placement,3500.82,0.771492,0.734526,4.0238534029728227e-10,,,,,,
traj_sweep_456,mega_sweep,0.5425896248023782,0.23920985630000122,0.9710810246842357,0.6876697447039651,1.0,,,,0.2556890282417076,0.9947792002684047,0.7197271176805002,cts,,,,4.1130090362808525e-10,-8.47741,0.000845185,11.0,,,
traj_sweep_456,mega_sweep,0.5425896248023782,0.23920985630000122,0.9710810246842357,0.6876697447039651,1.0,,,,0.23347488286116239,0.9594078729332629,0.6876697447039651,routing,,,,4.2646469298806754e-10,-9.16002,,,4816.0,0.734526,0.0
traj_sweep_457,mega_sweep,0.5710835759791159,0.2636708119820495,0.9878685962349687,0.7150522451284947,1.0,1076.77,0.656374,1.187273048097551,0.4097940906220146,1.009492363148355,0.9529544599171998,floorplan,,,,,,,,,,
traj_sweep_457,mega_sweep,0.5710835759791159,0.2636708119820495,0.9878685962349687,0.7150522451284947,1.0,,,,0.3380409902818764,1.0113990188497055,0.8092042186001918,placement,3534.75,0.772974,0.716815,4.045421998195742e-10,,,,,,
traj_sweep_457,mega_sweep,0.5710835759791159,0.2636708119820495,0.9878685962349687,0.7150522451284947,1.0,,,,0.27478721924177124,0.9944068705069822,0.7394859813084111,cts,,,,4.1145490454246215e-10,-7.86846,0.000638753,8.0,,,
traj_sweep_457,mega_sweep,0.5710835759791159,0.2636708119820495,0.9878685962349687,0.7150522451284947,1.0,,,,0.2559905655002678,0.969538515672628,0.7150522451284947,routing,,,,4.2200859209493504e-10,-8.45931,,,4425.0,0.716815,0.0
traj_sweep_458,mega_sweep,0.582164425918003,0.27588557008502274,0.9871689436063615,0.7244635193133047,1.0,1076.77,0.655385,1.187273048097551,0.42863139016875107,1.009492363148355,0.9543912551828119,floorplan,,,,,,,,,,
traj_sweep_458,mega_sweep,0.582164425918003,0.27588557008502274,0.9871689436063615,0.7244635193133047,1.0,,,,0.3517872975919485,1.0120577561199147,0.805856142584341,placement,3631.89,0.776186,0.707283,4.0427888774792405e-10,,,,,,
traj_sweep_458,mega_sweep,0.582164425918003,0.27588557008502274,0.9871689436063615,0.7244635193133047,1.0,,,,0.29081247957232126,0.9960271186995463,0.7531231409875073,cts,,,,4.1078558635534594e-10,-7.45693,0.00195154,6.0,,,
traj_sweep_458,mega_sweep,0.582164425918003,0.27588557008502274,0.9871689436063615,0.7244635193133047,1.0,,,,0.2680067101584343,0.9618464282937886,0.7244635193133047,routing,,,,4.253834832101139e-10,-8.07402,,,4343.0,0.707283,0.0
traj_sweep_459,mega_sweep,0.5843890619993193,0.28184633719881763,0.9964280892118474,0.7106371035644119,1.0,1076.77,0.648468,1.187273048097551,0.4497989153692725,1.009492363148355,0.9645714285714285,floorplan,,,,,,,,,,
traj_sweep_459,mega_sweep,0.5843890619993193,0.28184633719881763,0.9964280892118474,0.7106371035644119,1.0,,,,0.36931587015217954,1.0204740453424002,0.8138862102217936,placement,3507.92,0.768528,0.72427,4.0094462553776696e-10,,,,,,
traj_sweep_459,mega_sweep,0.5843890619993193,0.28184633719881763,0.9964280892118474,0.7106371035644119,1.0,,,,0.2952544288492877,1.0001759360411118,0.7317919075144508,cts,,,,4.090816117815504e-10,-6.95295,0.000893972,10.0,,,
traj_sweep_459,mega_sweep,0.5843890619993193,0.28184633719881763,0.9964280892118474,0.7106371035644119,1.0,,,,0.2745550921894811,0.9764327535627049,0.7106371035644119,routing,,,,4.190289423290467e-10,-7.57673,,,4527.0,0.72427,0.0
traj_sweep_460,mega_sweep,0.596251771772693,0.29660067362737286,0.9938463300969285,0.7191138880999716,1.0,1076.77,0.647233,1.187273048097551,0.46846565066556156,1.009492363148355,0.9664122137404579,floorplan,,,,,,,,,,
traj_sweep_460,mega_sweep,0.596251771772693,0.29660067362737286,0.9938463300969285,0.7191138880999716,1.0,,,,0.38608618693383573,1.008514486082641,0.8151963940759819,placement,3530.3,0.767292,0.706494,4.056992632501379e-10,,,,,,
traj_sweep_460,mega_sweep,0.596251771772693,0.29660067362737286,0.9938463300969285,0.7191138880999716,1.0,,,,0.3117294870994374,0.9947792002684047,0.7429577464788731,cts,,,,4.1130090362808525e-10,-6.63624,0.00115493,6.0,,,
traj_sweep_460,mega_sweep,0.596251771772693,0.29660067362737286,0.9938463300969285,0.7191138880999716,1.0,,,,0.288675557211669,0.9633684796261973,0.7191138880999716,routing,,,,4.247114085978578e-10,-7.09569,,,4426.0,0.706494,0.0
traj_sweep_461,mega_sweep,0.6104135990366428,0.3138409422282756,0.9969027073692652,0.726959517657192,1.0,1076.77,0.643528,1.187273048097551,0.48926903100057717,1.009492363148355,0.9719769673704415,floorplan,,,,,,,,,,
traj_sweep_461,mega_sweep,0.6104135990366428,0.3138409422282756,0.9969027073692652,0.726959517657192,1.0,,,,0.4025154415683886,1.0091609487453306,0.8188874514877101,placement,3473.1,0.763834,0.712297,4.054393746503085e-10,,,,,,
traj_sweep_461,mega_sweep,0.6104135990366428,0.3138409422282756,0.9969027073692652,0.726959517657192,1.0,,,,0.32064309874834085,1.0013133830045784,0.7447058823529411,cts,,,,4.086169134712824e-10,-5.97472,0.00108621,10.0,,,
traj_sweep_461,mega_sweep,0.6104135990366428,0.3138409422282756,0.9969027073692652,0.726959517657192,1.0,,,,0.30417012894043427,0.978752654383876,0.726959517657192,routing,,,,4.180357336945162e-10,-6.60341,,,4102.0,0.712297,0.0
traj_sweep_462,mega_sweep,0.6029641162581968,0.31353763438984433,0.9769646532218799,0.7156585641605426,1.0,1076.77,0.643528,1.187273048097551,0.5073004959200206,1.009492363148355,0.9719769673704415,floorplan,,,,,,,,,,
traj_sweep_462,mega_sweep,0.6029641162581968,0.31353763438984433,0.9769646532218799,0.7156585641605426,1.0,,,,0.4176230165276774,0.9992389743337957,0.8178294573643411,placement,3481.37,0.764822,0.718272,4.09465197505538e-10,,,,,,
traj_sweep_462,mega_sweep,0.6029641162581968,0.31353763438984433,0.9769646532218799,0.7156585641605426,1.0,,,,0.33091893285217167,0.9952292692107837,0.7399181765049678,cts,,,,4.1111490250410086e-10,-5.59219,0.00157546,10.0,,,
traj_sweep_462,mega_sweep,0.6029641162581968,0.31353763438984433,0.9769646532218799,0.7156585641605426,1.0,,,,0.306014836608318,0.9652383115049896,0.7156585641605426,routing,,,,4.2388866987974277e-10,-6.22271,,,4745.0,0.718272,0.0
traj_sweep_463,mega_sweep,0.6176359337099318,0.3336650206066907,0.9777665942464823,0.7221905305191101,1.0,1076.77,0.643281,1.187273048097551,0.5255137246646316,1.0093491593939616,0.9723502304147464,floorplan,,,,,,,,,,
traj_sweep_463,mega_sweep,0.6176359337099318,0.3336650206066907,0.9777665942464823,0.7221905305191101,1.0,,,,0.43382509123911406,0.9993330796581112,0.8228794280142996,placement,3471.13,0.760128,0.697093,4.094266389348357e-10,,,,,,
traj_sweep_463,mega_sweep,0.6176359337099318,0.3336650206066907,0.9777665942464823,0.7221905305191101,1.0,,,,0.34375179304356474,0.9909945296165822,0.7369033760186262,cts,,,,4.1287168773688515e-10,-5.18383,0.000829684,9.0,,,
traj_sweep_463,mega_sweep,0.6176359337099318,0.3336650206066907,0.9777665942464823,0.7221905305191101,1.0,,,,0.32458242510379554,0.9627220169635076,0.7221905305191101,routing,,,,4.249966000271998e-10,-5.82479,,,4449.0,0.697093,0.0
traj_sweep_464,mega_sweep,0.6454146867111481,0.36115420166378653,0.9881631868154349,0.7533472180898542,1.0,1076.77,0.643034,1.187273048097551,0.5437296175511415,1.0093491593939616,0.9727237802535534,floorplan,,,,,,,,,,
traj_sweep_464,mega_sweep,0.6454146867111481,0.36115420166378653,0.9881631868154349,0.7533472180898542,1.0,,,,0.4464548308890744,1.012352346700381,0.8231469440832249,placement,3545.62,0.759881,0.698121,4.0416124416997403e-10,,,,,,
traj_sweep_464,mega_sweep,0.6454146867111481,0.36115420166378653,0.9881631868154349,0.7533472180898542,1.0,,,,0.3643890828437157,0.9992757981563539,0.7576301615798923,cts,,,,4.0945010850427877e-10,-4.65592,0.00155324,6.0,,,
traj_sweep_464,mega_sweep,0.6454146867111481,0.36115420166378653,0.9881631868154349,0.7533472180898542,1.0,,,,0.3506623744024973,0.9634707680221924,0.7533472180898542,routing,,,,4.2466631844028554e-10,-5.20595,,,4056.0,0.698121,0.0
traj_sweep_465,mega_sweep,0.6550179178990979,0.3755401215221189,0.990998621152422,0.7551446465851476,1.0,1076.77,0.638587,1.187273048097551,0.5673107880333571,1.0093246101789228,0.9794970986460347,floorplan,,,,,,,,,,
traj_sweep_465,mega_sweep,0.6550179178990979,0.3755401215221189,0.990998621152422,0.7551446465851476,1.0,,,,0.464349380719368,1.0041856411641237,0.827721477607061,placement,3473.01,0.755682,0.716951,4.0744815222262966e-10,,,,,,
traj_sweep_465,mega_sweep,0.6550179178990979,0.3755401215221189,0.990998621152422,0.7551446465851476,1.0,,,,0.37887609563600644,0.9981056189061688,0.7601320924647252,cts,,,,4.0993014790279734e-10,-4.19347,0.00154405,7.0,,,
traj_sweep_465,mega_sweep,0.6550179178990979,0.3755401215221189,0.990998621152422,0.7551446465851476,1.0,,,,0.3636643229298397,0.9634707680221924,0.7551446465851476,routing,,,,4.2466631844028554e-10,-4.73614,,,3903.0,0.716951,0.0
traj_sweep_466,mega_sweep,0.6589834339277019,0.38574727642660306,0.9821118053083586,0.7553699284009546,1.0,1076.77,0.638587,1.187273048097551,0.5855072841468818,1.0093246101789228,0.9794970986460347,floorplan,,,,,,,,,,
traj_sweep_466,mega_sweep,0.6589834339277019,0.38574727642660306,0.9821118053083586,0.7553699284009546,1.0,,,,0.4864247515534674,1.0131542877249833,0.8367481824190349,placement,3436.51,0.74753,0.707363,4.0384133881480646e-10,,,,,,
traj_sweep_466,mega_sweep,0.6589834339277019,0.38574727642660306,0.9821118053083586,0.7553699284009546,1.0,,,,0.4133879819126083,1.0051144197997601,0.7972292191435767,cts,,,,4.070716486808843e-10,-3.50995,0.00190797,3.0,,,
traj_sweep_466,mega_sweep,0.6589834339277019,0.38574727642660306,0.9821118053083586,0.7553699284009546,1.0,,,,0.3739461879676096,0.9622105749835316,0.7553699284009546,routing,,,,4.252224976719068e-10,-4.22504,,,4063.0,0.707363,0.0
traj_sweep_467,mega_sweep,0.664453872653627,0.39659741606628646,0.975724917862418,0.7580838323353293,1.0,1076.77,0.638587,1.187273048097551,0.6036988022222372,1.0093246101789228,0.9794970986460347,floorplan,,,,,,,,,,
traj_sweep_467,mega_sweep,0.664453872653627,0.39659741606628646,0.975724917862418,0.7580838323353293,1.0,,,,0.5047772578932882,1.008768161304709,0.8451268357810413,placement,3519.75,0.740119,0.726176,4.055972419387548e-10,,,,,,
traj_sweep_467,mega_sweep,0.664453872653627,0.39659741606628646,0.975724917862418,0.7580838323353293,1.0,,,,0.4286497908408817,1.00618640218979,0.8053435114503816,cts,,,,4.0663795802683e-10,-3.16886,0.000767504,4.0,,,
traj_sweep_467,mega_sweep,0.664453872653627,0.39659741606628646,0.975724917862418,0.7580838323353293,1.0,,,,0.3851875981817753,0.9609503819448706,0.7580838323353293,routing,,,,4.257801356535512e-10,-3.97803,,,4086.0,0.726176,0.0
traj_sweep_468,mega_sweep,0.6848929607845863,0.4228958383823173,0.987713117873056,0.7691373025516403,1.0,1076.77,0.632164,1.187273048097551,0.6311235651254824,1.0092836948205248,0.9894490035169988,floorplan,,,,,,,,,,
traj_sweep_468,mega_sweep,0.6848929607845863,0.4228958383823173,0.987713117873056,0.7691373025516403,1.0,,,,0.5259058336771449,1.0043861264202745,0.850235057085292,placement,3414.91,0.735672,0.736636,4.0736682160184783e-10,,,,,,
traj_sweep_468,mega_sweep,0.6848929607845863,0.4228958383823173,0.987713117873056,0.7691373025516403,1.0,,,,0.4481871228367662,1.0025367522206812,0.8125802310654685,cts,,,,4.081182890048852e-10,-2.81344,0.00187142,3.0,,,
traj_sweep_468,mega_sweep,0.6848929607845863,0.4228958383823173,0.987713117873056,0.7691373025516403,1.0,,,,0.4089865447586453,0.9698944792906914,0.7691373025516403,routing,,,,4.218537095705951e-10,-3.40311,,,3914.0,0.736636,0.0
traj_sweep_469,mega_sweep,0.684881222680565,0.4273624991380561,0.9791208926094588,0.7677380230442692,1.0,1076.77,0.632164,1.187273048097551,0.649571908215965,1.0092836948205248,0.9894490035169988,floorplan,,,,,,,,,,
traj_sweep_469,mega_sweep,0.684881222680565,0.4273624991380561,0.9791208926094588,0.7677380230442692,1.0,,,,0.5435076461569632,1.0003805128331023,0.8530997304582209,placement,3293.12,0.733202,0.70467,4.0899795501022496e-10,,,,,,
traj_sweep_469,mega_sweep,0.684881222680565,0.4273624991380561,0.9791208926094588,0.7677380230442692,1.0,,,,0.44330657195358075,0.9933307965811127,0.7863354037267081,cts,,,,4.1190063309127306e-10,-2.50817,0.00165626,4.0,,,
traj_sweep_469,mega_sweep,0.684881222680565,0.4273624991380561,0.9791208926094588,0.7677380230442692,1.0,,,,0.4145980821620774,0.9583931720449905,0.7677380230442692,routing,,,,4.269162134239534e-10,-3.06388,,,3915.0,0.70467,0.0
traj_sweep_470,mega_sweep,0.7160353267907977,0.464482583066073,0.9870339229236479,0.8007590132827324,1.0,1076.77,0.632164,1.187273048097551,0.6680145992997688,1.0092836948205248,0.9894490035169988,floorplan,,,,,,,,,,
traj_sweep_470,mega_sweep,0.7160353267907977,0.464482583066073,0.9870339229236479,0.8007590132827324,1.0,,,,0.5588038689578624,0.9995499310576211,0.8528123947457056,placement,3298.45,0.733449,0.729327,4.0933781421793965e-10,,,,,,
traj_sweep_470,mega_sweep,0.7160353267907977,0.464482583066073,0.9870339229236479,0.8007590132827324,1.0,,,,0.46986792709324576,0.9950042347395942,0.807140580172139,cts,,,,4.112078820326828e-10,-1.98018,0.00188383,3.0,,,
traj_sweep_470,mega_sweep,0.7160353267907977,0.464482583066073,0.9870339229236479,0.8007590132827324,1.0,,,,0.44810331716924917,0.9602220885653848,0.8007590132827324,routing,,,,4.261030743336813e-10,-2.57983,,,3639.0,0.729327,0.0
traj_sweep_471,mega_sweep,0.6901020364254337,0.44708006954998963,0.9659256895260774,0.7610459873760144,1.0,1076.77,0.631423,1.187273048097551,0.6886890415630497,1.0092836948205248,0.9906103286384976,floorplan,,,,,,,,,,
traj_sweep_471,mega_sweep,0.6901020364254337,0.44708006954998963,0.9659256895260774,0.7610459873760144,1.0,,,,0.5781264575231515,1.004521147102988,0.8559837728194726,placement,3307.98,0.730731,0.72308,4.073120662126495e-10,,,,,,
traj_sweep_471,mega_sweep,0.6901020364254337,0.44708006954998963,0.9659256895260774,0.7610459873760144,1.0,,,,0.49826041877472493,0.9849595142528651,0.8266405484818804,cts,,,,4.154014231652758e-10,-1.66071,0.00140771,1.0,,,
traj_sweep_471,mega_sweep,0.6901020364254337,0.44708006954998963,0.9659256895260774,0.7610459873760144,1.0,,,,0.4340168021771835,0.9551363095165032,0.7610459873760144,routing,,,,4.2837192964419426e-10,-2.26339,,,4036.0,0.72308,0.0
traj_sweep_472,mega_sweep,0.6729939821208115,0.43481795088907704,0.960708981330322,0.7296829971181555,1.0,1076.77,0.6292,1.187273048097551,0.7107964881752749,1.0092836948205248,0.9941107184923439,floorplan,,,,,,,,,,
traj_sweep_472,mega_sweep,0.6729939821208115,0.43481795088907704,0.960708981330322,0.7296829971181555,1.0,,,,0.5936392491817032,0.9979337744008968,0.8577235772357723,placement,3352.76,0.729249,0.70579,4.100007380013284e-10,,,,,,
traj_sweep_472,mega_sweep,0.6729939821208115,0.43481795088907704,0.960708981330322,0.7296829971181555,1.0,,,,0.47040287268929887,0.9768787309692439,0.7686703096539161,cts,,,,4.1883764177654175e-10,-1.31907,0.0014791,7.0,,,
traj_sweep_472,mega_sweep,0.6729939821208115,0.43481795088907704,0.960708981330322,0.7296829971181555,1.0,,,,0.42268797682097403,0.9459589946278134,0.7296829971181555,routing,,,,4.325278223521728e-10,-1.94565,,,4256.0,0.70579,0.0
traj_sweep_473,mega_sweep,0.7125709266348675,0.4830959945382511,0.9666498913697235,0.7747858017135862,1.0,1076.77,0.628211,1.187273048097551,0.7312242672785563,1.0092836948205248,0.995674400314589,floorplan,,,,,,,,,,
traj_sweep_473,mega_sweep,0.7125709266348675,0.4830959945382511,0.9666498913697235,0.7747858017135862,1.0,,,,0.6055966440352444,0.9879381523442454,0.8583050847457626,placement,3388.08,0.728755,0.703711,4.141489859562079e-10,,,,,,
traj_sweep_473,mega_sweep,0.7125709266348675,0.4830959945382511,0.9666498913697235,0.7747858017135862,1.0,,,,0.5183196398651513,0.9811011959559259,0.8220779220779221,cts,,,,4.1703504762540244e-10,-0.895063,0.000693008,2.0,,,
traj_sweep_473,mega_sweep,0.7125709266348675,0.4830959945382511,0.9666498913697235,0.7747858017135862,1.0,,,,0.4678352222147026,0.9492485894430193,0.7747858017135862,routing,,,,4.310289091089339e-10,-1.4621,,,3849.0,0.703711,0.0
traj_sweep_474,mega_sweep,0.7233452978790677,0.4978463737365623,0.965892957239359,0.7870686975442959,1.0,1076.77,0.593132,1.187273048097551,0.7954644029989466,1.010216564992001,1.054560599750104,floorplan,,,,,,,,,,
traj_sweep_474,mega_sweep,0.7233452978790677,0.4978463737365623,0.965892957239359,0.7870686975442959,1.0,,,,0.6572947828058602,0.9944559689370599,0.8994671403197158,placement,3294.82,0.695405,0.74122,4.114345901288613e-10,,,,,,
traj_sweep_474,mega_sweep,0.7233452978790677,0.4978463737365623,0.965892957239359,0.7870686975442959,1.0,,,,0.5295596038880492,0.9744688163595969,0.8328947368421052,cts,,,,4.198734501421272e-10,-0.367142,0.00106511,2.0,,,
traj_sweep_474,mega_sweep,0.7233452978790677,0.4978463737365623,0.965892957239359,0.7870686975442959,1.0,,,,0.4827339849216134,0.9476938058238921,0.7870686975442959,routing,,,,4.3173605384612063e-10,-1.2017,,,3924.0,0.74122,0.0
traj_sweep_475,mega_sweep,0.7596857043183861,0.5342853830444386,0.9797223483779106,0.8375785643400594,1.0,1076.77,0.582016,1.187273048097551,0.8380442587636269,0.9981751750154455,1.0747028862478776,floorplan,,,,,,,,,,
traj_sweep_475,mega_sweep,0.7596857043183861,0.5342853830444386,0.9797223483779106,0.8375785643400594,1.0,,,,0.6944419759287522,0.9781552901512641,0.9308823529411764,placement,3269.26,0.671937,0.702066,4.182910301671491e-10,,,,,,
traj_sweep_475,mega_sweep,0.7596857043183861,0.5342853830444386,0.9797223483779106,0.8375785643400594,1.0,,,,0.5607880211794732,0.9741169442773734,0.8615175229669955,cts,,,,4.200251175020266e-10,-0.192529,0.00117015,9.0,,,
traj_sweep_475,mega_sweep,0.7596857043183861,0.5342853830444386,0.9797223483779106,0.8375785643400594,1.0,,,,0.5174958466619255,0.9554513577761684,0.8375785643400594,routing,,,,4.2823067930232657e-10,-0.350038,,,3939.0,0.702066,0.0
traj_sweep_476,mega_sweep,0.7628368558042665,0.5468746672021859,0.9700908730110022,0.8367481824190349,1.0,1076.77,0.582016,1.187273048097551,0.8583395018983262,0.9981751750154455,1.0747028862478776,floorplan,,,,,,,,,,
traj_sweep_476,mega_sweep,0.7628368558042665,0.5468746672021859,0.9700908730110022,0.8367481824190349,1.0,,,,0.7225436082155103,0.954158432450789,0.9561933534743201,placement,3227.23,0.65415,0.688757,4.288109501164222e-10,,,,,,
traj_sweep_476,mega_sweep,0.7628368558042665,0.5468746672021859,0.9700908730110022,0.8367481824190349,1.0,,,,0.6227547399933474,0.9713428829779834,0.9210622044379774,cts,,,,4.21224668601492e-10,-0.00748426,0.00105548,7.0,,,
traj_sweep_476,mega_sweep,0.7628368558042665,0.5468746672021859,0.9700908730110022,0.8367481824190349,1.0,,,,0.5304943019648702,0.9513189065779621,0.8367481824190349,routing,,,,4.300908782025642e-10,-0.141226,,,3867.0,0.688757,0.0
traj_sweep_477,mega_sweep,0.8309168154783562,0.6347006808486595,0.9774024475567393,0.9247626004382761,1.0,1076.77,0.582016,1.187273048097551,0.8786315928411852,0.9981751750154455,1.0747028862478776,floorplan,,,,,,,,,,
traj_sweep_477,mega_sweep,0.8309168154783562,0.6347006808486595,0.9774024475567393,0.9247626004382761,1.0,,,,0.7618765021809442,0.9550094719054691,0.9817758821248544,placement,3166.61,0.637105,0.713591,4.284288229774946e-10,,,,,,
traj_sweep_477,mega_sweep,0.8309168154783562,0.6347006808486595,0.9774024475567393,0.9247626004382761,1.0,,,,0.6603399943420004,0.9532091961359536,0.9554716981132075,cts,,,,4.2923797382506835e-10,-0.00079331,0.000908697,5.0,,,
traj_sweep_477,mega_sweep,0.8309168154783562,0.6347006808486595,0.9774024475567393,0.9247626004382761,1.0,,,,0.6113042236083996,0.9462208529215612,0.9247626004382761,routing,,,,4.324081240838353e-10,-0.0282078,,,3524.0,0.713591,0.0
traj_sweep_478,mega_sweep,0.8355191854140607,0.6507643399737858,0.9628324884311824,0.9308823529411764,1.0,1076.77,0.582016,1.187273048097551,0.898911695274677,0.9981751750154455,1.0747028862478776,floorplan,,,,,,,,,,
traj_sweep_478,mega_sweep,0.8355191854140607,0.6507643399737858,0.9628324884311824,0.9308823529411764,1.0,,,,0.795158229108139,0.9551485841240226,0.9968503937007873,placement,3134.44,0.62747,0.717508,4.2836642463963674e-10,,,,,,
traj_sweep_478,mega_sweep,0.8355191854140607,0.6507643399737858,0.9628324884311824,0.9308823529411764,1.0,,,,0.6960663953123609,0.9436022699840839,0.9817758821248544,cts,,,,4.336080963303747e-10,0.0,0.00374065,1.0,,,
traj_sweep_478,mega_sweep,0.8355191854140607,0.6507643399737858,0.9628324884311824,0.9308823529411764,1.0,,,,0.6281392634220331,0.9427553220652436,0.9308823529411764,routing,,,,4.3399763905284354e-10,-0.00717409,,,3653.0,0.717508,0.0
traj_sweep_479,mega_sweep,0.8644098738801551,0.7026243056125661,0.9537451873309685,0.9638370765131327,1.0,1076.77,0.582016,1.187273048097551,0.9191901111321363,0.9981751750154455,1.0747028862478776,floorplan,,,,,,,,,,
traj_sweep_479,mega_sweep,0.8644098738801551,0.7026243056125661,0.9537451873309685,0.9638370765131327,1.0,,,,0.8178409566626018,0.9484057330600187,1.0,placement,3199.09,0.625494,0.700785,4.3141196823082264e-10,,,,,,
traj_sweep_479,mega_sweep,0.8644098738801551,0.7026243056125661,0.9537451873309685,0.9638370765131327,1.0,,,,0.7174729648273303,0.9380582389211438,0.9867498051441932,cts,,,,4.3617076957970583e-10,0.0,0.000231738,0.0,,,
traj_sweep_479,mega_sweep,0.8644098738801551,0.7026243056125661,0.9537451873309685,0.9638370765131327,1.0,,,,0.6767476711524124,0.9296828650570564,0.9638370765131327,routing,,,,4.401001667979632e-10,-0.00124065,,,3517.0,0.700785,0.0
traj_sweep_480,mega_sweep,0.8775413667385399,0.7355845771653318,0.9321173288817424,0.9855975087582716,1.0,1076.77,0.582016,1.187273048097551,0.9394607817514662,0.9981751750154455,1.0747028862478776,floorplan,,,,,,,,,,
traj_sweep_480,mega_sweep,0.8775413667385399,0.7355845771653318,0.9321173288817424,0.9855975087582716,1.0,,,,0.8389008947616536,0.9463926974268331,1.0027722772277228,placement,3111.44,0.623765,0.708605,4.3232960809321025e-10,,,,,,
traj_sweep_480,mega_sweep,0.8775413667385399,0.7355845771653318,0.9321173288817424,0.9855975087582716,1.0,,,,0.7389931417857672,0.9360656609671573,0.9902229174814234,cts,,,,4.3709923463924014e-10,0.0,0.000770897,0.0,,,
traj_sweep_480,mega_sweep,0.8775413667385399,0.7355845771653318,0.9321173288817424,0.9855975087582716,1.0,,,,0.7086944521115098,0.9109272647673757,0.9855975087582716,routing,,,,4.491616397993146e-10,0.0,,,3446.0,0.708605,0.0
traj_sweep_481,mega_sweep,0.8902788029838921,0.7646673417118351,0.9289913955001289,0.9933307179285994,1.0,1076.77,0.582016,1.187273048097551,0.9597223334668269,0.9981751750154455,1.0747028862478776,floorplan,,,,,,,,,,
traj_sweep_481,mega_sweep,0.8902788029838921,0.7646673417118351,0.9289913955001289,0.9933307179285994,1.0,,,,0.8604104532986103,0.9405172519608685,1.0051607780865421,placement,3086.52,0.622283,0.713027,4.3503038687252303e-10,,,,,,
traj_sweep_481,mega_sweep,0.8902788029838921,0.7646673417118351,0.9289913955001289,0.9933307179285994,1.0,,,,0.7641276805605156,0.9299447233508041,0.9941107184923439,cts,,,,4.3997624128297074e-10,0.0,0.000728924,0.0,,,
traj_sweep_481,mega_sweep,0.8902788029838921,0.7646673417118351,0.9289913955001289,0.9933307179285994,1.0,,,,0.7362203434263993,0.904671306468309,0.9933307179285994,routing,,,,4.522676700978707e-10,0.0,,,3428.0,0.713027,0.0
traj_sweep_482,mega_sweep,0.8923737178583957,0.7755760766376112,0.9220439676441345,0.9937205651491364,1.0,1076.77,0.582016,1.187273048097551,0.9799786264203616,0.9981751750154455,1.0747028862478776,floorplan,,,,,,,,,,
traj_sweep_482,mega_sweep,0.8923737178583957,0.7755760766376112,0.9220439676441345,0.9937205651491364,1.0,,,,0.880314251008973,0.9365320960528953,1.0063593004769475,placement,3140.15,0.621542,0.708539,4.3688153957054543e-10,,,,,,
traj_sweep_482,mega_sweep,0.8923737178583957,0.7755760766376112,0.9220439676441345,0.9937205651491364,1.0,,,,0.7745399698340875,0.924658459045772,0.9945011783189316,cts,,,,4.424915815976601e-10,0.0,0.000389543,0.0,,,
traj_sweep_482,mega_sweep,0.8923737178583957,0.7755760766376112,0.9220439676441345,0.9937205651491364,1.0,,,,0.7472331933646531,0.902793291517837,0.9937205651491364,routing,,,,4.5320848950142534e-10,0.0,,,3413.0,0.708539,0.0
traj_sweep_483,mega_sweep,0.8967154098666559,0.7906946051410194,0.9147978576718343,0.9968503937007873,1.0,1076.77,0.582016,1.187273048097551,1.000228169468699,0.9981751750154455,1.0747028862478776,floorplan,,,,,,,,,,
traj_sweep_483,mega_sweep,0.8967154098666559,0.7906946051410194,0.9147978576718343,0.9968503937007873,1.0,,,,0.8991635315776835,0.928389939731677,1.0103750997605745,placement,3111.44,0.619071,0.706286,4.407130737533329e-10,,,,,,
traj_sweep_483,mega_sweep,0.8967154098666559,0.7906946051410194,0.9147978576718343,0.9968503937007873,1.0,,,,0.7890111240857969,0.9203173395197355,0.9968503937007873,cts,,,,4.445788060391585e-10,0.0,0.0011519,0.0,,,
traj_sweep_483,mega_sweep,0.8967154098666559,0.7906946051410194,0.9147978576718343,0.9968503937007873,1.0,,,,0.7612343608379287,0.8912919842721362,0.9968503937007873,routing,,,,4.590567302307219e-10,0.0,,,3418.0,0.706286,0.0
traj_sweep_484,mega_sweep,0.9014056446959536,0.8080239531726265,0.9078667959591992,0.9984227129337538,1.0,1076.77,0.582016,1.187273048097551,1.020468184889313,0.9981751750154455,1.0747028862478776,floorplan,,,,,,,,,,
traj_sweep_484,mega_sweep,0.9014056446959536,0.8080239531726265,0.9078667959591992,0.9984227129337538,1.0,,,,0.9172246264391278,0.9229072817063341,1.0103750997605745,placement,3084.59,0.619071,0.704894,4.4333119056591224e-10,,,,,,
traj_sweep_484,mega_sweep,0.9014056446959536,0.8080239531726265,0.9078667959591992,0.9984227129337538,1.0,,,,0.8075701274718164,0.9131530602642314,0.9984227129337538,cts,,,,4.480668157235607e-10,0.0,0.000743405,0.0,,,
traj_sweep_484,mega_sweep,0.9014056446959536,0.8080239531726265,0.9078667959591992,0.9984227129337538,1.0,,,,0.7795454545454545,0.8863044020834101,0.9984227129337538,routing,,,,4.616400223433771e-10,0.0,,,3452.0,0.704894,0.0
traj_sweep_485,mega_sweep,0.9001140535567516,0.8220453713867546,0.8896021799702954,0.9972430090586843,1.0,1076.77,0.582016,1.187273048097551,1.0407059559240774,0.9981751750154455,1.0747028862478776,floorplan,,,,,,,,,,
traj_sweep_485,mega_sweep,0.9001140535567516,0.8220453713867546,0.8896021799702954,0.9972430090586843,1.0,,,,0.9373686379021701,0.9055264374588289,1.0107784431137723,placement,3064.66,0.618824,0.695823,4.518405725723736e-10,,,,,,
traj_sweep_485,mega_sweep,0.9001140535567516,0.8220453713867546,0.8896021799702954,0.9972430090586843,1.0,,,,0.8218536656743991,0.8966027977922073,0.9972430090586843,cts,,,,4.563376168224299e-10,0.0,0.000647427,0.0,,,
traj_sweep_485,mega_sweep,0.9001140535567516,0.8220453713867546,0.8896021799702954,0.9972430090586843,1.0,,,,0.7928082116249012,0.8754168252136805,0.9972430090586843,routing,,,,4.673814486955384e-10,0.0,,,3456.0,0.695823,0.0
traj_sweep_486,mega_sweep,0.9141603746219544,0.8361261269643373,0.9165694926904713,0.9968503937007873,1.0,1076.77,0.582016,1.187273048097551,1.0609291069004192,0.9981751750154455,1.0747028862478776,floorplan,,,,,,,,,,
traj_sweep_486,mega_sweep,0.9141603746219544,0.8361261269643373,0.9165694926904713,0.9968503937007873,1.0,,,,0.9528788039444386,0.9295887597327409,1.0103750997605745,placement,3101.12,0.619071,0.693292,4.4014471958379914e-10,,,,,,
traj_sweep_486,mega_sweep,0.9141603746219544,0.8361261269643373,0.9165694926904713,0.9968503937007873,1.0,,,,0.8335899671632376,0.9204196279157307,0.9968503937007873,cts,,,,4.4452939895179965e-10,0.0,0.00248632,0.0,,,
traj_sweep_486,mega_sweep,0.9141603746219544,0.8361261269643373,0.9165694926904713,0.9968503937007873,1.0,,,,0.8052292501097641,0.8967623676899598,0.9968503937007873,routing,,,,4.562564161058515e-10,0.0,,,3397.0,0.693292,0.0
traj_sweep_487,mega_sweep,0.9199903678924793,0.8568826847071052,0.9108699832656184,0.9976359338061466,1.0,1076.77,0.582016,1.187273048097551,1.0811532654399336,0.9981751750154455,1.0747028862478776,floorplan,,,,,,,,,,
traj_sweep_487,mega_sweep,0.9199903678924793,0.8568826847071052,0.9108699832656184,0.9976359338061466,1.0,,,,0.9724231587034502,0.9254440339270151,1.0103750997605745,placement,3097.93,0.619071,0.706648,4.421159670181489e-10,,,,,,
traj_sweep_487,mega_sweep,0.9199903678924793,0.8568826847071052,0.9108699832656184,0.9976359338061466,1.0,,,,0.8557403430922101,0.9158411993109854,0.9976359338061466,cts,,,,4.467516686174823e-10,0.0,0.00095926,0.0,,,
traj_sweep_487,mega_sweep,0.9199903678924793,0.8568826847071052,0.9108699832656184,0.9976359338061466,1.0,,,,0.8261489101556395,0.8860507268613419,0.9976359338061466,routing,,,,4.6177218930812673e-10,0.0,,,3420.0,0.706648,0.0
traj_sweep_488,mega_sweep,0.9189967046624367,0.8766815924766113,0.8874172998318379,0.9976359338061466,1.0,1076.77,0.582016,1.187273048097551,1.10136650530057,0.9981751750154455,1.0747028862478776,floorplan,,,,,,,,,,
traj_sweep_488,mega_sweep,0.9189967046624367,0.8766815924766113,0.8874172998318379,0.9976359338061466,1.0,,,,0.9923694468677188,0.897527484892004,1.0103750997605745,placement,3059.26,0.619071,0.686049,4.558674702090608e-10,,,,,,
traj_sweep_488,mega_sweep,0.9189967046624367,0.8766815924766113,0.8874172998318379,0.9976359338061466,1.0,,,,0.8741446142921759,0.8888943442700087,0.9976359338061466,cts,,,,4.60294957008451e-10,0.0,0.00133069,0.0,,,
traj_sweep_488,mega_sweep,0.9189967046624367,0.8766815924766113,0.8874172998318379,0.9976359338061466,1.0,,,,0.8428071689159407,0.86326905530529,0.9976359338061466,routing,,,,4.739583580186644e-10,0.0,,,3437.0,0.686049,0.0
traj_sweep_489,mega_sweep,0.9235159145736241,0.8895906235924748,0.8871554415380901,0.9980291683090263,1.0,1076.77,0.582016,1.187273048097551,1.1215795418380146,0.9981751750154455,1.0747028862478776,floorplan,,,,,,,,,,
traj_sweep_489,mega_sweep,0.9235159145736241,0.8895906235924748,0.8871554415380901,0.9980291683090263,1.0,,,,1.012152680009461,0.898636291104592,1.0107784431137723,placement,3111.84,0.618824,0.704334,4.553049860449022e-10,,,,,,
traj_sweep_489,mega_sweep,0.9235159145736241,0.8895906235924748,0.8871554415380901,0.9980291683090263,1.0,,,,0.8872762457668119,0.8892625824955914,0.9980291683090263,cts,,,,4.601043516669581e-10,0.0,0.00231828,0.0,,,
traj_sweep_489,mega_sweep,0.9235159145736241,0.8895906235924748,0.8871554415380901,0.9980291683090263,1.0,,,,0.8565478261283974,0.8682402713506568,0.9980291683090263,routing,,,,4.712446513732069e-10,0.0,,,3465.0,0.704334,0.0
traj_sweep_490,mega_sweep,0.9290038212553512,0.9028220094636272,0.8894794338951012,0.9984227129337538,1.0,1076.77,0.582016,1.187273048097551,1.1417790031382216,0.9981751750154455,1.0747028862478776,floorplan,,,,,,,,,,
traj_sweep_490,mega_sweep,0.9290038212553512,0.9028220094636272,0.8894794338951012,0.9984227129337538,1.0,,,,1.0291335516822795,0.9069666580744414,1.0119904076738608,placement,3120.48,0.618083,0.694979,4.5112307088496814e-10,,,,,,
traj_sweep_490,mega_sweep,0.9290038212553512,0.9028220094636272,0.8894794338951012,0.9984227129337538,1.0,,,,0.9022917241898641,0.8975438510353632,0.9984227129337538,cts,,,,4.5585915775462014e-10,0.0,0.000744189,0.0,,,
traj_sweep_490,mega_sweep,0.9290038212553512,0.9028220094636272,0.8894794338951012,0.9984227129337538,1.0,,,,0.8703180913550236,0.8735756340857668,0.9984227129337538,routing,,,,4.683665249077318e-10,0.0,,,3451.0,0.694979,0.0
traj_sweep_491,mega_sweep,0.9344586579938493,0.9188188863668896,0.8894794338951012,0.9984227129337538,1.0,1076.77,0.582016,1.187273048097551,1.1619752000930967,0.9981751750154455,1.0747028862478776,floorplan,,,,,,,,,,
traj_sweep_491,mega_sweep,0.9344586579938493,0.9188188863668896,0.8894794338951012,0.9984227129337538,1.0,,,,1.0473465534622712,0.9069666580744414,1.0119904076738608,placement,3120.48,0.618083,0.694979,4.5112307088496814e-10,,,,,,
traj_sweep_491,mega_sweep,0.9344586579938493,0.9188188863668896,0.8894794338951012,0.9984227129337538,1.0,,,,0.9182743399002697,0.8975438510353632,0.9984227129337538,cts,,,,4.5585915775462014e-10,0.0,0.000744189,0.0,,,
traj_sweep_491,mega_sweep,0.9344586579938493,0.9188188863668896,0.8894794338951012,0.9984227129337538,1.0,,,,0.885741460794315,0.8735756340857668,0.9984227129337538,routing,,,,4.683665249077318e-10,0.0,,,3451.0,0.694979,0.0
traj_sweep_492,mega_sweep,0.9413559026604787,0.9382935182091547,0.8897453837246887,0.9992107340173638,1.0,1076.77,0.582016,1.187273048097551,1.1821596058854094,0.9981751750154455,1.0747028862478776,floorplan,,,,,,,,,,
traj_sweep_492,mega_sweep,0.9413559026604787,0.9382935182091547,0.8897453837246887,0.9992107340173638,1.0,,,,1.0663296786748304,0.9048595171169402,1.0128,placement,3079.18,0.617589,0.678675,4.521735984879315e-10,,,,,,
traj_sweep_492,mega_sweep,0.9413559026604787,0.9382935182091547,0.8897453837246887,0.9992107340173638,1.0,,,,0.9360017914707245,0.8962632003175032,0.9992107340173638,cts,,,,4.565105248501504e-10,0.0,0.000527439,0.0,,,
traj_sweep_492,mega_sweep,0.9413559026604787,0.9382935182091547,0.8897453837246887,0.9992107340173638,1.0,,,,0.9021196287763573,0.8690381208394194,0.9992107340173638,routing,,,,4.708120094727376e-10,0.0,,,3373.0,0.678675,0.0
traj_sweep_493,mega_sweep,0.9470527129806628,0.9555739866445494,0.8889107104133679,1.0,1.0,1076.77,0.582016,1.187273048097551,1.2023413720440177,0.9981751750154455,1.0747028862478776,floorplan,,,,,,,,,,
traj_sweep_493,mega_sweep,0.9470527129806628,0.9555739866445494,0.8889107104133679,1.0,1.0,,,,1.0834147105983338,0.9016558445543704,1.0128,placement,3107.61,0.617589,0.697135,4.537802160901389e-10,,,,,,
traj_sweep_493,mega_sweep,0.9470527129806628,0.9555739866445494,0.8889107104133679,1.0,1.0,,,,0.9536118848653669,0.8928181271403847,1.0,cts,,,,4.5827203944805717e-10,0.0,0.00118603,0.0,,,
traj_sweep_493,mega_sweep,0.9470527129806628,0.9555739866445494,0.8889107104133679,1.0,1.0,,,,0.9211262697184326,0.8699137095091385,1.0,routing,,,,4.703381260788381e-10,0.0,,,3413.0,0.697135,0.0
traj_sweep_494,mega_sweep,0.9507327872368024,0.966961312293878,0.8904777686400144,0.9980291683090263,1.0,1076.77,0.582016,1.187273048097551,1.2225169707110695,0.9981751750154455,1.0747028862478776,floorplan,,,,,,,,,,
traj_sweep_494,mega_sweep,0.9507327872368024,0.966961312293878,0.8904777686400144,0.9980291683090263,1.0,,,,1.1009954363073908,0.9054896136362707,1.0115860966839791,placement,3082.16,0.61833,0.693021,4.5185894771088256e-10,,,,,,
traj_sweep_494,mega_sweep,0.9507327872368024,0.966961312293878,0.8904777686400144,0.9980291683090263,1.0,,,,0.965185403968531,0.8965005093962121,0.9980291683090263,cts,,,,4.563896837675881e-10,0.0,0.000583304,0.0,,,
traj_sweep_494,mega_sweep,0.9507327872368024,0.966961312293878,0.8904777686400144,0.9980291683090263,1.0,,,,0.9293710669059057,0.8665709247280151,0.9980291683090263,routing,,,,4.721524485825983e-10,0.0,,,3446.0,0.693021,0.0
traj_sweep_495,mega_sweep,0.9570802248347616,0.9848382730864278,0.8919425384706657,0.9980291683090263,1.0,1076.77,0.582016,1.187273048097551,1.242684883013441,0.9981751750154455,1.0747028862478776,floorplan,,,,,,,,,,
traj_sweep_495,mega_sweep,0.9570802248347616,0.9848382730864278,0.8919425384706657,0.9980291683090263,1.0,,,,1.119623245644089,0.9058496687901738,1.0115860966839791,placement,3091.56,0.61833,0.69283,4.5167934380024934e-10,,,,,,
traj_sweep_495,mega_sweep,0.9570802248347616,0.9848382730864278,0.8919425384706657,0.9980291683090263,1.0,,,,0.9815306311914982,0.8964432278944547,0.9980291683090263,cts,,,,4.564188464470075e-10,0.0,0.000787898,0.0,,,
traj_sweep_495,mega_sweep,0.9570802248347616,0.9848382730864278,0.8919425384706657,0.9980291683090263,1.0,,,,0.9476836765900007,0.8717753583162512,0.9980291683090263,routing,,,,4.693337338314529e-10,0.0,,,3428.0,0.69283,0.0
traj_sweep_496,mega_sweep,0.9631460003994804,1.0,0.8941683339675214,0.9992107340173638,1.0,1076.77,0.582016,1.187273048097551,1.2628457803728141,0.9981751750154455,1.0747028862478776,floorplan,,,,,,,,,,
traj_sweep_496,mega_sweep,0.9631460003994804,1.0,0.8941683339675214,0.9992107340173638,1.0,,,,1.1378179562173183,0.9079240774609565,1.0128,placement,3096.8,0.617589,0.691376,4.5064735492535025e-10,,,,,,
traj_sweep_496,mega_sweep,0.9631460003994804,1.0,0.8941683339675214,0.9992107340173638,1.0,,,,0.9963413011663488,0.8996264427778256,0.9992107340173638,cts,,,,4.548038658328596e-10,0.0,0.000870845,0.0,,,
traj_sweep_496,mega_sweep,0.9631460003994804,1.0,0.8941683339675214,0.9992107340173638,1.0,,,,0.9610874342946062,0.8759650910162148,0.9992107340173638,routing,,,,4.670889150458681e-10,0.0,,,3415.0,0.691376,0.0
traj_sweep_497,mega_sweep,0.45943377106979993,0.147781614865976,0.9703322736255509,0.6762820512820512,1.0,1076.77,0.656374,1.187273048097551,0.2498446568201564,1.009492363148355,0.9529544599171998,floorplan,,,,,,,,,,
traj_sweep_497,mega_sweep,0.45943377106979993,0.147781614865976,0.9703322736255509,0.6762820512820512,1.0,,,,0.19990167967594333,1.0119963830823175,0.7984862819299905,placement,3566.14,0.78335,0.730149,4.043034054475841e-10,,,,,,
traj_sweep_497,mega_sweep,0.45943377106979993,0.147781614865976,0.9703322736255509,0.6762820512820512,1.0,,,,0.16038478355924793,0.9929421006763308,0.7142454160789844,cts,,,,4.120618752111817e-10,-12.6792,0.00037427,9.0,,,
traj_sweep_497,mega_sweep,0.45943377106979993,0.147781614865976,0.9703322736255509,0.6762820512820512,1.0,,,,0.1443143678437796,0.9547721628267603,0.6762820512820512,routing,,,,4.285353091667988e-10,-13.3868,,,5300.0,0.730149,0.0
traj_sweep_498,mega_sweep,0.4850418708163662,0.16546403616177052,0.9862769887932833,0.6992543496271747,1.0,1076.77,0.656374,1.187273048097551,0.26764233744032356,1.009492363148355,0.9529544599171998,floorplan,,,,,,,,,,
traj_sweep_498,mega_sweep,0.4850418708163662,0.16546403616177052,0.9862769887932833,0.6992543496271747,1.0,,,,0.2150295268996277,1.0154619139386352,0.800252844500632,placement,3550.1,0.781621,0.704469,4.0292361374130694e-10,,,,,,
traj_sweep_498,mega_sweep,0.4850418708163662,0.16546403616177052,0.9862769887932833,0.6992543496271747,1.0,,,,0.1706532472464869,0.9953683814293371,0.7116357504215851,cts,,,,4.110574452779776e-10,-12.2224,0.00139967,8.0,,,
traj_sweep_498,mega_sweep,0.4850418708163662,0.16546403616177052,0.9862769887932833,0.6992543496271747,1.0,,,,0.1605954465849387,0.9621123781233761,0.6992543496271747,routing,,,,4.252658975024134e-10,-12.7749,,,4529.0,0.704469,0.0
traj_sweep_499,mega_sweep,0.4911547093882337,0.17604560503065803,0.9731186095324602,0.6916143130292269,1.0,1076.77,0.656374,1.187273048097551,0.2854338711726591,1.009492363148355,0.9529544599171998,floorplan,,,,,,,,,,
traj_sweep_499,mega_sweep,0.4911547093882337,0.17604560503065803,0.9731186095324602,0.6916143130292269,1.0,,,,0.22942235940011055,1.01514686567897,0.800252844500632,placement,3514.5,0.781621,0.695239,4.030486600647296e-10,,,,,,
traj_sweep_499,mega_sweep,0.4911547093882337,0.17604560503065803,0.9731186095324602,0.6916143130292269,1.0,,,,0.1800979590527953,0.9846280998498407,0.7023578363384189,cts,,,,4.15541242468315e-10,-11.8419,0.000851805,9.0,,,
traj_sweep_499,mega_sweep,0.4911547093882337,0.17604560503065803,0.9731186095324602,0.6916143130292269,1.0,,,,0.17161298946825676,0.9544530230312552,0.6916143130292269,routing,,,,4.286785982209838e-10,-12.4429,,,5284.0,0.695239,0.0
traj_sweep_500,mega_sweep,0.5035381107444564,0.18734905033965954,0.9699885846150069,0.7025527192008878,1.0,1076.77,0.656374,1.187273048097551,0.3032187425663901,1.009492363148355,0.9529544599171998,floorplan,,,,,,,,,,
traj_sweep_500,mega_sweep,0.5035381107444564,0.18734905033965954,0.9699885846150069,0.7025527192008878,1.0,,,,0.24590033848031367,1.0186533118936856,0.8038095238095238,placement,3523.76,0.778162,0.716833,4.0166127101692603e-10,,,,,,
traj_sweep_500,mega_sweep,0.5035381107444564,0.18734905033965954,0.9699885846150069,0.7025527192008878,1.0,,,,0.19401101682748617,0.9947628341250455,0.7170773152081563,cts,,,,4.1130767047674675e-10,-11.1102,0.000282892,12.0,,,
traj_sweep_500,mega_sweep,0.5035381107444564,0.18734905033965954,0.9699885846150069,0.7025527192008878,1.0,,,,0.18228453027747551,0.9588391494515296,0.7025527192008878,routing,,,,4.2671764520134673e-10,-11.7635,,,4872.0,0.716833,0.0
traj_sweep_501,mega_sweep,0.5056668207284034,0.1953549239805745,0.9588146002364908,0.6902944383860414,1.0,1076.77,0.656374,1.187273048097551,0.3209975764265061,1.009492363148355,0.9529544599171998,floorplan,,,,,,,,,,
traj_sweep_501,mega_sweep,0.5056668207284034,0.1953549239805745,0.9588146002364908,0.6902944383860414,1.0,,,,0.26251508061005996,1.0167752969432136,0.8061127029608405,placement,3553.91,0.775939,0.713634,4.024031516214835e-10,,,,,,
traj_sweep_501,mega_sweep,0.5056668207284034,0.1953549239805745,0.9588146002364908,0.6902944383860414,1.0,,,,0.2083972501562411,0.9965099199286436,0.7182978723404255,cts,,,,4.105865639652808e-10,-10.6007,0.00104417,8.0,,,
traj_sweep_501,mega_sweep,0.5056668207284034,0.1953549239805745,0.9588146002364908,0.6902944383860414,1.0,,,,0.19054383848321457,0.9546575998232456,0.6902944383860414,routing,,,,4.2858673524054433e-10,-11.2222,,,5155.0,0.713634,0.0
traj_sweep_502,mega_sweep,0.5264187637238101,0.21186191938421278,0.9825291419640191,0.7008026570716855,1.0,1076.77,0.656374,1.187273048097551,0.3387699017798746,1.009492363148355,0.9529544599171998,floorplan,,,,,,,,,,
traj_sweep_502,mega_sweep,0.5264187637238101,0.21186191938421278,0.9825291419640191,0.7008026570716855,1.0,,,,0.2771020624008461,1.0164397910043492,0.8061127029608405,placement,3526.04,0.775939,0.713638,4.0253597665291335e-10,,,,,,
traj_sweep_502,mega_sweep,0.5264187637238101,0.21186191938421278,0.9825291419640191,0.7008026570716855,1.0,,,,0.22121514973980771,1.0011619961785054,0.7211620620905724,cts,,,,4.086787008921456e-10,-10.1011,0.00131423,10.0,,,
traj_sweep_502,mega_sweep,0.5264187637238101,0.21186191938421278,0.9825291419640191,0.7008026570716855,1.0,,,,0.20637951683410247,0.9686465608595498,0.7008026570716855,routing,,,,4.223971885243132e-10,-10.7028,,,4847.0,0.713638,0.0
traj_sweep_503,mega_sweep,0.5359103549523994,0.22231292920896908,0.9884536858600613,0.700414937759336,1.0,1076.77,0.656374,1.187273048097551,0.35653541807592437,1.009492363148355,0.9529544599171998,floorplan,,,,,,,,,,
traj_sweep_503,mega_sweep,0.5359103549523994,0.22231292920896908,0.9884536858600613,0.700414937759336,1.0,,,,0.2921925168464433,1.016337502608354,0.8066263141127746,placement,3490.04,0.775445,0.7193,4.0257648953301125e-10,,,,,,
traj_sweep_503,mega_sweep,0.5359103549523994,0.22231292920896908,0.9884536858600613,0.700414937759336,1.0,,,,0.23353434240667761,1.0010801654617094,0.7199317600227466,cts,,,,4.087121072787539e-10,-9.54891,0.000822994,13.0,,,
traj_sweep_503,mega_sweep,0.5359103549523994,0.22231292920896908,0.9884536858600613,0.700414937759336,1.0,,,,0.21616771724475525,0.9677832467973503,0.700414937759336,routing,,,,4.227739892530852e-10,-10.2378,,,4778.0,0.7193,0.0
traj_sweep_504,mega_sweep,0.5577773907929987,0.24214711354637228,0.9957161619757209,0.7197271176805002,1.0,1076.77,0.656374,1.187273048097551,0.37429428829065226,1.009492363148355,0.9529544599171998,floorplan,,,,,,,,,,
traj_sweep_504,mega_sweep,0.5577773907929987,0.24214711354637228,0.9957161619757209,0.7197271176805002,1.0,,,,0.3083616848613992,1.0164725232910679,0.8089456869009584,placement,3487.14,0.773221,0.701202,4.0252301425333995e-10,,,,,,
traj_sweep_504,mega_sweep,0.5577773907929987,0.24214711354637228,0.9957161619757209,0.7197271176805002,1.0,,,,0.24978215702760734,1.0026103998657976,0.735191637630662,cts,,,,4.0808831031035114e-10,-8.92024,0.00108259,10.0,,,
traj_sweep_504,mega_sweep,0.5577773907929987,0.24214711354637228,0.9957161619757209,0.7197271176805002,1.0,,,,0.23540691163661845,0.9681433019512534,0.7197271176805002,routing,,,,4.2261675844493935e-10,-9.5411,,,4305.0,0.701202,0.0
traj_sweep_505,mega_sweep,0.5425896248023782,0.23920985630000122,0.9710810246842357,0.6876697447039651,1.0,1076.77,0.656374,1.187273048097551,0.3920478837109876,1.009492363148355,0.9529544599171998,floorplan,,,,,,,,,,
traj_sweep_505,mega_sweep,0.5425896248023782,0.23920985630000122,0.9710810246842357,0.6876697447039651,1.0,,,,0.3241761313933124,1.0168203038374515,0.8107588856868395,placement,3500.82,0.771492,0.734526,4.0238534029728227e-10,,,,,,
traj_sweep_505,mega_sweep,0.5425896248023782,0.23920985630000122,0.9710810246842357,0.6876697447039651,1.0,,,,0.2556890282417076,0.9947792002684047,0.7197271176805002,cts,,,,4.1130090362808525e-10,-8.47741,0.000845185,11.0,,,
traj_sweep_505,mega_sweep,0.5425896248023782,0.23920985630000122,0.9710810246842357,0.6876697447039651,1.0,,,,0.23347488286116239,0.9594078729332629,0.6876697447039651,routing,,,,4.2646469298806754e-10,-9.16002,,,4816.0,0.734526,0.0
traj_sweep_506,mega_sweep,0.5710835759791159,0.2636708119820495,0.9878685962349687,0.7150522451284947,1.0,1076.77,0.656374,1.187273048097551,0.4097940906220146,1.009492363148355,0.9529544599171998,floorplan,,,,,,,,,,
traj_sweep_506,mega_sweep,0.5710835759791159,0.2636708119820495,0.9878685962349687,0.7150522451284947,1.0,,,,0.3380409902818764,1.0113990188497055,0.8092042186001918,placement,3534.75,0.772974,0.716815,4.045421998195742e-10,,,,,,
traj_sweep_506,mega_sweep,0.5710835759791159,0.2636708119820495,0.9878685962349687,0.7150522451284947,1.0,,,,0.27478721924177124,0.9944068705069822,0.7394859813084111,cts,,,,4.1145490454246215e-10,-7.86846,0.000638753,8.0,,,
traj_sweep_506,mega_sweep,0.5710835759791159,0.2636708119820495,0.9878685962349687,0.7150522451284947,1.0,,,,0.2559905655002678,0.969538515672628,0.7150522451284947,routing,,,,4.2200859209493504e-10,-8.45931,,,4425.0,0.716815,0.0
traj_sweep_507,mega_sweep,0.582164425918003,0.27588557008502274,0.9871689436063615,0.7244635193133047,1.0,1076.77,0.655385,1.187273048097551,0.42863139016875107,1.009492363148355,0.9543912551828119,floorplan,,,,,,,,,,
traj_sweep_507,mega_sweep,0.582164425918003,0.27588557008502274,0.9871689436063615,0.7244635193133047,1.0,,,,0.3517872975919485,1.0120577561199147,0.805856142584341,placement,3631.89,0.776186,0.707283,4.0427888774792405e-10,,,,,,
traj_sweep_507,mega_sweep,0.582164425918003,0.27588557008502274,0.9871689436063615,0.7244635193133047,1.0,,,,0.29081247957232126,0.9960271186995463,0.7531231409875073,cts,,,,4.1078558635534594e-10,-7.45693,0.00195154,6.0,,,
traj_sweep_507,mega_sweep,0.582164425918003,0.27588557008502274,0.9871689436063615,0.7244635193133047,1.0,,,,0.2680067101584343,0.9618464282937886,0.7244635193133047,routing,,,,4.253834832101139e-10,-8.07402,,,4343.0,0.707283,0.0
traj_sweep_508,mega_sweep,0.5843890619993193,0.28184633719881763,0.9964280892118474,0.7106371035644119,1.0,1076.77,0.648468,1.187273048097551,0.4497989153692725,1.009492363148355,0.9645714285714285,floorplan,,,,,,,,,,
traj_sweep_508,mega_sweep,0.5843890619993193,0.28184633719881763,0.9964280892118474,0.7106371035644119,1.0,,,,0.36931587015217954,1.0204740453424002,0.8138862102217936,placement,3507.92,0.768528,0.72427,4.0094462553776696e-10,,,,,,
traj_sweep_508,mega_sweep,0.5843890619993193,0.28184633719881763,0.9964280892118474,0.7106371035644119,1.0,,,,0.2952544288492877,1.0001759360411118,0.7317919075144508,cts,,,,4.090816117815504e-10,-6.95295,0.000893972,10.0,,,
traj_sweep_508,mega_sweep,0.5843890619993193,0.28184633719881763,0.9964280892118474,0.7106371035644119,1.0,,,,0.2745550921894811,0.9764327535627049,0.7106371035644119,routing,,,,4.190289423290467e-10,-7.57673,,,4527.0,0.72427,0.0
traj_sweep_509,mega_sweep,0.596251771772693,0.29660067362737286,0.9938463300969285,0.7191138880999716,1.0,1076.77,0.647233,1.187273048097551,0.46846565066556156,1.009492363148355,0.9664122137404579,floorplan,,,,,,,,,,
traj_sweep_509,mega_sweep,0.596251771772693,0.29660067362737286,0.9938463300969285,0.7191138880999716,1.0,,,,0.38608618693383573,1.008514486082641,0.8151963940759819,placement,3530.3,0.767292,0.706494,4.056992632501379e-10,,,,,,
traj_sweep_509,mega_sweep,0.596251771772693,0.29660067362737286,0.9938463300969285,0.7191138880999716,1.0,,,,0.3117294870994374,0.9947792002684047,0.7429577464788731,cts,,,,4.1130090362808525e-10,-6.63624,0.00115493,6.0,,,
traj_sweep_509,mega_sweep,0.596251771772693,0.29660067362737286,0.9938463300969285,0.7191138880999716,1.0,,,,0.288675557211669,0.9633684796261973,0.7191138880999716,routing,,,,4.247114085978578e-10,-7.09569,,,4426.0,0.706494,0.0
traj_sweep_510,mega_sweep,0.6104135990366428,0.3138409422282756,0.9969027073692652,0.726959517657192,1.0,1076.77,0.643528,1.187273048097551,0.48926903100057717,1.009492363148355,0.9719769673704415,floorplan,,,,,,,,,,
traj_sweep_510,mega_sweep,0.6104135990366428,0.3138409422282756,0.9969027073692652,0.726959517657192,1.0,,,,0.4025154415683886,1.0091609487453306,0.8188874514877101,placement,3473.1,0.763834,0.712297,4.054393746503085e-10,,,,,,
traj_sweep_510,mega_sweep,0.6104135990366428,0.3138409422282756,0.9969027073692652,0.726959517657192,1.0,,,,0.32064309874834085,1.0013133830045784,0.7447058823529411,cts,,,,4.086169134712824e-10,-5.97472,0.00108621,10.0,,,
traj_sweep_510,mega_sweep,0.6104135990366428,0.3138409422282756,0.9969027073692652,0.726959517657192,1.0,,,,0.30417012894043427,0.978752654383876,0.726959517657192,routing,,,,4.180357336945162e-10,-6.60341,,,4102.0,0.712297,0.0
traj_sweep_511,mega_sweep,0.6029641162581968,0.31353763438984433,0.9769646532218799,0.7156585641605426,1.0,1076.77,0.643528,1.187273048097551,0.5073004959200206,1.009492363148355,0.9719769673704415,floorplan,,,,,,,,,,
traj_sweep_511,mega_sweep,0.6029641162581968,0.31353763438984433,0.9769646532218799,0.7156585641605426,1.0,,,,0.4176230165276774,0.9992389743337957,0.8178294573643411,placement,3481.37,0.764822,0.718272,4.09465197505538e-10,,,,,,
traj_sweep_511,mega_sweep,0.6029641162581968,0.31353763438984433,0.9769646532218799,0.7156585641605426,1.0,,,,0.33091893285217167,0.9952292692107837,0.7399181765049678,cts,,,,4.1111490250410086e-10,-5.59219,0.00157546,10.0,,,
traj_sweep_511,mega_sweep,0.6029641162581968,0.31353763438984433,0.9769646532218799,0.7156585641605426,1.0,,,,0.306014836608318,0.9652383115049896,0.7156585641605426,routing,,,,4.2388866987974277e-10,-6.22271,,,4745.0,0.718272,0.0
traj_sweep_512,mega_sweep,0.6176359337099318,0.3336650206066907,0.9777665942464823,0.7221905305191101,1.0,1076.77,0.643281,1.187273048097551,0.5255137246646316,1.0093491593939616,0.9723502304147464,floorplan,,,,,,,,,,
traj_sweep_512,mega_sweep,0.6176359337099318,0.3336650206066907,0.9777665942464823,0.7221905305191101,1.0,,,,0.43382509123911406,0.9993330796581112,0.8228794280142996,placement,3471.13,0.760128,0.697093,4.094266389348357e-10,,,,,,
traj_sweep_512,mega_sweep,0.6176359337099318,0.3336650206066907,0.9777665942464823,0.7221905305191101,1.0,,,,0.34375179304356474,0.9909945296165822,0.7369033760186262,cts,,,,4.1287168773688515e-10,-5.18383,0.000829684,9.0,,,
traj_sweep_512,mega_sweep,0.6176359337099318,0.3336650206066907,0.9777665942464823,0.7221905305191101,1.0,,,,0.32458242510379554,0.9627220169635076,0.7221905305191101,routing,,,,4.249966000271998e-10,-5.82479,,,4449.0,0.697093,0.0
traj_sweep_513,mega_sweep,0.6454146867111481,0.36115420166378653,0.9881631868154349,0.7533472180898542,1.0,1076.77,0.643034,1.187273048097551,0.5437296175511415,1.0093491593939616,0.9727237802535534,floorplan,,,,,,,,,,
traj_sweep_513,mega_sweep,0.6454146867111481,0.36115420166378653,0.9881631868154349,0.7533472180898542,1.0,,,,0.4464548308890744,1.012352346700381,0.8231469440832249,placement,3545.62,0.759881,0.698121,4.0416124416997403e-10,,,,,,
traj_sweep_513,mega_sweep,0.6454146867111481,0.36115420166378653,0.9881631868154349,0.7533472180898542,1.0,,,,0.3643890828437157,0.9992757981563539,0.7576301615798923,cts,,,,4.0945010850427877e-10,-4.65592,0.00155324,6.0,,,
traj_sweep_513,mega_sweep,0.6454146867111481,0.36115420166378653,0.9881631868154349,0.7533472180898542,1.0,,,,0.3506623744024973,0.9634707680221924,0.7533472180898542,routing,,,,4.2466631844028554e-10,-5.20595,,,4056.0,0.698121,0.0
traj_sweep_514,mega_sweep,0.6550179178990979,0.3755401215221189,0.990998621152422,0.7551446465851476,1.0,1076.77,0.638587,1.187273048097551,0.5673107880333571,1.0093246101789228,0.9794970986460347,floorplan,,,,,,,,,,
traj_sweep_514,mega_sweep,0.6550179178990979,0.3755401215221189,0.990998621152422,0.7551446465851476,1.0,,,,0.464349380719368,1.0041856411641237,0.827721477607061,placement,3473.01,0.755682,0.716951,4.0744815222262966e-10,,,,,,
traj_sweep_514,mega_sweep,0.6550179178990979,0.3755401215221189,0.990998621152422,0.7551446465851476,1.0,,,,0.37887609563600644,0.9981056189061688,0.7601320924647252,cts,,,,4.0993014790279734e-10,-4.19347,0.00154405,7.0,,,
traj_sweep_514,mega_sweep,0.6550179178990979,0.3755401215221189,0.990998621152422,0.7551446465851476,1.0,,,,0.3636643229298397,0.9634707680221924,0.7551446465851476,routing,,,,4.2466631844028554e-10,-4.73614,,,3903.0,0.716951,0.0
traj_sweep_515,mega_sweep,0.6589834339277019,0.38574727642660306,0.9821118053083586,0.7553699284009546,1.0,1076.77,0.638587,1.187273048097551,0.5855072841468818,1.0093246101789228,0.9794970986460347,floorplan,,,,,,,,,,
traj_sweep_515,mega_sweep,0.6589834339277019,0.38574727642660306,0.9821118053083586,0.7553699284009546,1.0,,,,0.4864247515534674,1.0131542877249833,0.8367481824190349,placement,3436.51,0.74753,0.707363,4.0384133881480646e-10,,,,,,
traj_sweep_515,mega_sweep,0.6589834339277019,0.38574727642660306,0.9821118053083586,0.7553699284009546,1.0,,,,0.4133879819126083,1.0051144197997601,0.7972292191435767,cts,,,,4.070716486808843e-10,-3.50995,0.00190797,3.0,,,
traj_sweep_515,mega_sweep,0.6589834339277019,0.38574727642660306,0.9821118053083586,0.7553699284009546,1.0,,,,0.3739461879676096,0.9622105749835316,0.7553699284009546,routing,,,,4.252224976719068e-10,-4.22504,,,4063.0,0.707363,0.0
traj_sweep_516,mega_sweep,0.664453872653627,0.39659741606628646,0.975724917862418,0.7580838323353293,1.0,1076.77,0.638587,1.187273048097551,0.6036988022222372,1.0093246101789228,0.9794970986460347,floorplan,,,,,,,,,,
traj_sweep_516,mega_sweep,0.664453872653627,0.39659741606628646,0.975724917862418,0.7580838323353293,1.0,,,,0.5047772578932882,1.008768161304709,0.8451268357810413,placement,3519.75,0.740119,0.726176,4.055972419387548e-10,,,,,,
traj_sweep_516,mega_sweep,0.664453872653627,0.39659741606628646,0.975724917862418,0.7580838323353293,1.0,,,,0.4286497908408817,1.00618640218979,0.8053435114503816,cts,,,,4.0663795802683e-10,-3.16886,0.000767504,4.0,,,
traj_sweep_516,mega_sweep,0.664453872653627,0.39659741606628646,0.975724917862418,0.7580838323353293,1.0,,,,0.3851875981817753,0.9609503819448706,0.7580838323353293,routing,,,,4.257801356535512e-10,-3.97803,,,4086.0,0.726176,0.0
traj_sweep_517,mega_sweep,0.6848929607845863,0.4228958383823173,0.987713117873056,0.7691373025516403,1.0,1076.77,0.632164,1.187273048097551,0.6311235651254824,1.0092836948205248,0.9894490035169988,floorplan,,,,,,,,,,
traj_sweep_517,mega_sweep,0.6848929607845863,0.4228958383823173,0.987713117873056,0.7691373025516403,1.0,,,,0.5259058336771449,1.0043861264202745,0.850235057085292,placement,3414.91,0.735672,0.736636,4.0736682160184783e-10,,,,,,
traj_sweep_517,mega_sweep,0.6848929607845863,0.4228958383823173,0.987713117873056,0.7691373025516403,1.0,,,,0.4481871228367662,1.0025367522206812,0.8125802310654685,cts,,,,4.081182890048852e-10,-2.81344,0.00187142,3.0,,,
traj_sweep_517,mega_sweep,0.6848929607845863,0.4228958383823173,0.987713117873056,0.7691373025516403,1.0,,,,0.4089865447586453,0.9698944792906914,0.7691373025516403,routing,,,,4.218537095705951e-10,-3.40311,,,3914.0,0.736636,0.0
traj_sweep_518,mega_sweep,0.684881222680565,0.4273624991380561,0.9791208926094588,0.7677380230442692,1.0,1076.77,0.632164,1.187273048097551,0.649571908215965,1.0092836948205248,0.9894490035169988,floorplan,,,,,,,,,,
traj_sweep_518,mega_sweep,0.684881222680565,0.4273624991380561,0.9791208926094588,0.7677380230442692,1.0,,,,0.5435076461569632,1.0003805128331023,0.8530997304582209,placement,3293.12,0.733202,0.70467,4.0899795501022496e-10,,,,,,
traj_sweep_518,mega_sweep,0.684881222680565,0.4273624991380561,0.9791208926094588,0.7677380230442692,1.0,,,,0.44330657195358075,0.9933307965811127,0.7863354037267081,cts,,,,4.1190063309127306e-10,-2.50817,0.00165626,4.0,,,
traj_sweep_518,mega_sweep,0.684881222680565,0.4273624991380561,0.9791208926094588,0.7677380230442692,1.0,,,,0.4145980821620774,0.9583931720449905,0.7677380230442692,routing,,,,4.269162134239534e-10,-3.06388,,,3915.0,0.70467,0.0
traj_sweep_519,mega_sweep,0.7160353267907977,0.464482583066073,0.9870339229236479,0.8007590132827324,1.0,1076.77,0.632164,1.187273048097551,0.6680145992997688,1.0092836948205248,0.9894490035169988,floorplan,,,,,,,,,,
traj_sweep_519,mega_sweep,0.7160353267907977,0.464482583066073,0.9870339229236479,0.8007590132827324,1.0,,,,0.5588038689578624,0.9995499310576211,0.8528123947457056,placement,3298.45,0.733449,0.729327,4.0933781421793965e-10,,,,,,
traj_sweep_519,mega_sweep,0.7160353267907977,0.464482583066073,0.9870339229236479,0.8007590132827324,1.0,,,,0.46986792709324576,0.9950042347395942,0.807140580172139,cts,,,,4.112078820326828e-10,-1.98018,0.00188383,3.0,,,
traj_sweep_519,mega_sweep,0.7160353267907977,0.464482583066073,0.9870339229236479,0.8007590132827324,1.0,,,,0.44810331716924917,0.9602220885653848,0.8007590132827324,routing,,,,4.261030743336813e-10,-2.57983,,,3639.0,0.729327,0.0
traj_sweep_520,mega_sweep,0.6901020364254337,0.44708006954998963,0.9659256895260774,0.7610459873760144,1.0,1076.77,0.631423,1.187273048097551,0.6886890415630497,1.0092836948205248,0.9906103286384976,floorplan,,,,,,,,,,
traj_sweep_520,mega_sweep,0.6901020364254337,0.44708006954998963,0.9659256895260774,0.7610459873760144,1.0,,,,0.5781264575231515,1.004521147102988,0.8559837728194726,placement,3307.98,0.730731,0.72308,4.073120662126495e-10,,,,,,
traj_sweep_520,mega_sweep,0.6901020364254337,0.44708006954998963,0.9659256895260774,0.7610459873760144,1.0,,,,0.49826041877472493,0.9849595142528651,0.8266405484818804,cts,,,,4.154014231652758e-10,-1.66071,0.00140771,1.0,,,
traj_sweep_520,mega_sweep,0.6901020364254337,0.44708006954998963,0.9659256895260774,0.7610459873760144,1.0,,,,0.4340168021771835,0.9551363095165032,0.7610459873760144,routing,,,,4.2837192964419426e-10,-2.26339,,,4036.0,0.72308,0.0
traj_sweep_521,mega_sweep,0.6729939821208115,0.43481795088907704,0.960708981330322,0.7296829971181555,1.0,1076.77,0.6292,1.187273048097551,0.7107964881752749,1.0092836948205248,0.9941107184923439,floorplan,,,,,,,,,,
traj_sweep_521,mega_sweep,0.6729939821208115,0.43481795088907704,0.960708981330322,0.7296829971181555,1.0,,,,0.5936392491817032,0.9979337744008968,0.8577235772357723,placement,3352.76,0.729249,0.70579,4.100007380013284e-10,,,,,,
traj_sweep_521,mega_sweep,0.6729939821208115,0.43481795088907704,0.960708981330322,0.7296829971181555,1.0,,,,0.47040287268929887,0.9768787309692439,0.7686703096539161,cts,,,,4.1883764177654175e-10,-1.31907,0.0014791,7.0,,,
traj_sweep_521,mega_sweep,0.6729939821208115,0.43481795088907704,0.960708981330322,0.7296829971181555,1.0,,,,0.42268797682097403,0.9459589946278134,0.7296829971181555,routing,,,,4.325278223521728e-10,-1.94565,,,4256.0,0.70579,0.0
traj_sweep_522,mega_sweep,0.7125709266348675,0.4830959945382511,0.9666498913697235,0.7747858017135862,1.0,1076.77,0.628211,1.187273048097551,0.7312242672785563,1.0092836948205248,0.995674400314589,floorplan,,,,,,,,,,
traj_sweep_522,mega_sweep,0.7125709266348675,0.4830959945382511,0.9666498913697235,0.7747858017135862,1.0,,,,0.6055966440352444,0.9879381523442454,0.8583050847457626,placement,3388.08,0.728755,0.703711,4.141489859562079e-10,,,,,,
traj_sweep_522,mega_sweep,0.7125709266348675,0.4830959945382511,0.9666498913697235,0.7747858017135862,1.0,,,,0.5183196398651513,0.9811011959559259,0.8220779220779221,cts,,,,4.1703504762540244e-10,-0.895063,0.000693008,2.0,,,
traj_sweep_522,mega_sweep,0.7125709266348675,0.4830959945382511,0.9666498913697235,0.7747858017135862,1.0,,,,0.4678352222147026,0.9492485894430193,0.7747858017135862,routing,,,,4.310289091089339e-10,-1.4621,,,3849.0,0.703711,0.0
traj_sweep_523,mega_sweep,0.7233452978790677,0.4978463737365623,0.965892957239359,0.7870686975442959,1.0,1076.77,0.593132,1.187273048097551,0.7954644029989466,1.010216564992001,1.054560599750104,floorplan,,,,,,,,,,
traj_sweep_523,mega_sweep,0.7233452978790677,0.4978463737365623,0.965892957239359,0.7870686975442959,1.0,,,,0.6572947828058602,0.9944559689370599,0.8994671403197158,placement,3294.82,0.695405,0.74122,4.114345901288613e-10,,,,,,
traj_sweep_523,mega_sweep,0.7233452978790677,0.4978463737365623,0.965892957239359,0.7870686975442959,1.0,,,,0.5295596038880492,0.9744688163595969,0.8328947368421052,cts,,,,4.198734501421272e-10,-0.367142,0.00106511,2.0,,,
traj_sweep_523,mega_sweep,0.7233452978790677,0.4978463737365623,0.965892957239359,0.7870686975442959,1.0,,,,0.4827339849216134,0.9476938058238921,0.7870686975442959,routing,,,,4.3173605384612063e-10,-1.2017,,,3924.0,0.74122,0.0
traj_sweep_524,mega_sweep,0.7596857043183861,0.5342853830444386,0.9797223483779106,0.8375785643400594,1.0,1076.77,0.582016,1.187273048097551,0.8380442587636269,0.9981751750154455,1.0747028862478776,floorplan,,,,,,,,,,
traj_sweep_524,mega_sweep,0.7596857043183861,0.5342853830444386,0.9797223483779106,0.8375785643400594,1.0,,,,0.6944419759287522,0.9781552901512641,0.9308823529411764,placement,3269.26,0.671937,0.702066,4.182910301671491e-10,,,,,,
traj_sweep_524,mega_sweep,0.7596857043183861,0.5342853830444386,0.9797223483779106,0.8375785643400594,1.0,,,,0.5607880211794732,0.9741169442773734,0.8615175229669955,cts,,,,4.200251175020266e-10,-0.192529,0.00117015,9.0,,,
traj_sweep_524,mega_sweep,0.7596857043183861,0.5342853830444386,0.9797223483779106,0.8375785643400594,1.0,,,,0.5174958466619255,0.9554513577761684,0.8375785643400594,routing,,,,4.2823067930232657e-10,-0.350038,,,3939.0,0.702066,0.0
traj_sweep_525,mega_sweep,0.7628368558042665,0.5468746672021859,0.9700908730110022,0.8367481824190349,1.0,1076.77,0.582016,1.187273048097551,0.8583395018983262,0.9981751750154455,1.0747028862478776,floorplan,,,,,,,,,,
traj_sweep_525,mega_sweep,0.7628368558042665,0.5468746672021859,0.9700908730110022,0.8367481824190349,1.0,,,,0.7225436082155103,0.954158432450789,0.9561933534743201,placement,3227.23,0.65415,0.688757,4.288109501164222e-10,,,,,,
traj_sweep_525,mega_sweep,0.7628368558042665,0.5468746672021859,0.9700908730110022,0.8367481824190349,1.0,,,,0.6227547399933474,0.9713428829779834,0.9210622044379774,cts,,,,4.21224668601492e-10,-0.00748426,0.00105548,7.0,,,
traj_sweep_525,mega_sweep,0.7628368558042665,0.5468746672021859,0.9700908730110022,0.8367481824190349,1.0,,,,0.5304943019648702,0.9513189065779621,0.8367481824190349,routing,,,,4.300908782025642e-10,-0.141226,,,3867.0,0.688757,0.0
traj_sweep_526,mega_sweep,0.8309168154783562,0.6347006808486595,0.9774024475567393,0.9247626004382761,1.0,1076.77,0.582016,1.187273048097551,0.8786315928411852,0.9981751750154455,1.0747028862478776,floorplan,,,,,,,,,,
traj_sweep_526,mega_sweep,0.8309168154783562,0.6347006808486595,0.9774024475567393,0.9247626004382761,1.0,,,,0.7618765021809442,0.9550094719054691,0.9817758821248544,placement,3166.61,0.637105,0.713591,4.284288229774946e-10,,,,,,
traj_sweep_526,mega_sweep,0.8309168154783562,0.6347006808486595,0.9774024475567393,0.9247626004382761,1.0,,,,0.6603399943420004,0.9532091961359536,0.9554716981132075,cts,,,,4.2923797382506835e-10,-0.00079331,0.000908697,5.0,,,
traj_sweep_526,mega_sweep,0.8309168154783562,0.6347006808486595,0.9774024475567393,0.9247626004382761,1.0,,,,0.6113042236083996,0.9462208529215612,0.9247626004382761,routing,,,,4.324081240838353e-10,-0.0282078,,,3524.0,0.713591,0.0
traj_sweep_527,mega_sweep,0.8355191854140607,0.6507643399737858,0.9628324884311824,0.9308823529411764,1.0,1076.77,0.582016,1.187273048097551,0.898911695274677,0.9981751750154455,1.0747028862478776,floorplan,,,,,,,,,,
traj_sweep_527,mega_sweep,0.8355191854140607,0.6507643399737858,0.9628324884311824,0.9308823529411764,1.0,,,,0.795158229108139,0.9551485841240226,0.9968503937007873,placement,3134.44,0.62747,0.717508,4.2836642463963674e-10,,,,,,
traj_sweep_527,mega_sweep,0.8355191854140607,0.6507643399737858,0.9628324884311824,0.9308823529411764,1.0,,,,0.6960663953123609,0.9436022699840839,0.9817758821248544,cts,,,,4.336080963303747e-10,0.0,0.00374065,1.0,,,
traj_sweep_527,mega_sweep,0.8355191854140607,0.6507643399737858,0.9628324884311824,0.9308823529411764,1.0,,,,0.6281392634220331,0.9427553220652436,0.9308823529411764,routing,,,,4.3399763905284354e-10,-0.00717409,,,3653.0,0.717508,0.0
traj_sweep_528,mega_sweep,0.8644098738801551,0.7026243056125661,0.9537451873309685,0.9638370765131327,1.0,1076.77,0.582016,1.187273048097551,0.9191901111321363,0.9981751750154455,1.0747028862478776,floorplan,,,,,,,,,,
traj_sweep_528,mega_sweep,0.8644098738801551,0.7026243056125661,0.9537451873309685,0.9638370765131327,1.0,,,,0.8178409566626018,0.9484057330600187,1.0,placement,3199.09,0.625494,0.700785,4.3141196823082264e-10,,,,,,
traj_sweep_528,mega_sweep,0.8644098738801551,0.7026243056125661,0.9537451873309685,0.9638370765131327,1.0,,,,0.7174729648273303,0.9380582389211438,0.9867498051441932,cts,,,,4.3617076957970583e-10,0.0,0.000231738,0.0,,,
traj_sweep_528,mega_sweep,0.8644098738801551,0.7026243056125661,0.9537451873309685,0.9638370765131327,1.0,,,,0.6767476711524124,0.9296828650570564,0.9638370765131327,routing,,,,4.401001667979632e-10,-0.00124065,,,3517.0,0.700785,0.0
traj_sweep_529,mega_sweep,0.8775413667385399,0.7355845771653318,0.9321173288817424,0.9855975087582716,1.0,1076.77,0.582016,1.187273048097551,0.9394607817514662,0.9981751750154455,1.0747028862478776,floorplan,,,,,,,,,,
traj_sweep_529,mega_sweep,0.8775413667385399,0.7355845771653318,0.9321173288817424,0.9855975087582716,1.0,,,,0.8389008947616536,0.9463926974268331,1.0027722772277228,placement,3111.44,0.623765,0.708605,4.3232960809321025e-10,,,,,,
traj_sweep_529,mega_sweep,0.8775413667385399,0.7355845771653318,0.9321173288817424,0.9855975087582716,1.0,,,,0.7389931417857672,0.9360656609671573,0.9902229174814234,cts,,,,4.3709923463924014e-10,0.0,0.000770897,0.0,,,
traj_sweep_529,mega_sweep,0.8775413667385399,0.7355845771653318,0.9321173288817424,0.9855975087582716,1.0,,,,0.7086944521115098,0.9109272647673757,0.9855975087582716,routing,,,,4.491616397993146e-10,0.0,,,3446.0,0.708605,0.0
traj_sweep_530,mega_sweep,0.8902788029838921,0.7646673417118351,0.9289913955001289,0.9933307179285994,1.0,1076.77,0.582016,1.187273048097551,0.9597223334668269,0.9981751750154455,1.0747028862478776,floorplan,,,,,,,,,,
traj_sweep_530,mega_sweep,0.8902788029838921,0.7646673417118351,0.9289913955001289,0.9933307179285994,1.0,,,,0.8604104532986103,0.9405172519608685,1.0051607780865421,placement,3086.52,0.622283,0.713027,4.3503038687252303e-10,,,,,,
traj_sweep_530,mega_sweep,0.8902788029838921,0.7646673417118351,0.9289913955001289,0.9933307179285994,1.0,,,,0.7641276805605156,0.9299447233508041,0.9941107184923439,cts,,,,4.3997624128297074e-10,0.0,0.000728924,0.0,,,
traj_sweep_530,mega_sweep,0.8902788029838921,0.7646673417118351,0.9289913955001289,0.9933307179285994,1.0,,,,0.7362203434263993,0.904671306468309,0.9933307179285994,routing,,,,4.522676700978707e-10,0.0,,,3428.0,0.713027,0.0
traj_sweep_531,mega_sweep,0.8923737178583957,0.7755760766376112,0.9220439676441345,0.9937205651491364,1.0,1076.77,0.582016,1.187273048097551,0.9799786264203616,0.9981751750154455,1.0747028862478776,floorplan,,,,,,,,,,
traj_sweep_531,mega_sweep,0.8923737178583957,0.7755760766376112,0.9220439676441345,0.9937205651491364,1.0,,,,0.880314251008973,0.9365320960528953,1.0063593004769475,placement,3140.15,0.621542,0.708539,4.3688153957054543e-10,,,,,,
traj_sweep_531,mega_sweep,0.8923737178583957,0.7755760766376112,0.9220439676441345,0.9937205651491364,1.0,,,,0.7745399698340875,0.924658459045772,0.9945011783189316,cts,,,,4.424915815976601e-10,0.0,0.000389543,0.0,,,
traj_sweep_531,mega_sweep,0.8923737178583957,0.7755760766376112,0.9220439676441345,0.9937205651491364,1.0,,,,0.7472331933646531,0.902793291517837,0.9937205651491364,routing,,,,4.5320848950142534e-10,0.0,,,3413.0,0.708539,0.0
traj_sweep_532,mega_sweep,0.8967154098666559,0.7906946051410194,0.9147978576718343,0.9968503937007873,1.0,1076.77,0.582016,1.187273048097551,1.000228169468699,0.9981751750154455,1.0747028862478776,floorplan,,,,,,,,,,
traj_sweep_532,mega_sweep,0.8967154098666559,0.7906946051410194,0.9147978576718343,0.9968503937007873,1.0,,,,0.8991635315776835,0.928389939731677,1.0103750997605745,placement,3111.44,0.619071,0.706286,4.407130737533329e-10,,,,,,
traj_sweep_532,mega_sweep,0.8967154098666559,0.7906946051410194,0.9147978576718343,0.9968503937007873,1.0,,,,0.7890111240857969,0.9203173395197355,0.9968503937007873,cts,,,,4.445788060391585e-10,0.0,0.0011519,0.0,,,
traj_sweep_532,mega_sweep,0.8967154098666559,0.7906946051410194,0.9147978576718343,0.9968503937007873,1.0,,,,0.7612343608379287,0.8912919842721362,0.9968503937007873,routing,,,,4.590567302307219e-10,0.0,,,3418.0,0.706286,0.0
traj_sweep_533,mega_sweep,0.9014056446959536,0.8080239531726265,0.9078667959591992,0.9984227129337538,1.0,1076.77,0.582016,1.187273048097551,1.020468184889313,0.9981751750154455,1.0747028862478776,floorplan,,,,,,,,,,
traj_sweep_533,mega_sweep,0.9014056446959536,0.8080239531726265,0.9078667959591992,0.9984227129337538,1.0,,,,0.9172246264391278,0.9229072817063341,1.0103750997605745,placement,3084.59,0.619071,0.704894,4.4333119056591224e-10,,,,,,
traj_sweep_533,mega_sweep,0.9014056446959536,0.8080239531726265,0.9078667959591992,0.9984227129337538,1.0,,,,0.8075701274718164,0.9131530602642314,0.9984227129337538,cts,,,,4.480668157235607e-10,0.0,0.000743405,0.0,,,
traj_sweep_533,mega_sweep,0.9014056446959536,0.8080239531726265,0.9078667959591992,0.9984227129337538,1.0,,,,0.7795454545454545,0.8863044020834101,0.9984227129337538,routing,,,,4.616400223433771e-10,0.0,,,3452.0,0.704894,0.0
traj_sweep_534,mega_sweep,0.9001140535567516,0.8220453713867546,0.8896021799702954,0.9972430090586843,1.0,1076.77,0.582016,1.187273048097551,1.0407059559240774,0.9981751750154455,1.0747028862478776,floorplan,,,,,,,,,,
traj_sweep_534,mega_sweep,0.9001140535567516,0.8220453713867546,0.8896021799702954,0.9972430090586843,1.0,,,,0.9373686379021701,0.9055264374588289,1.0107784431137723,placement,3064.66,0.618824,0.695823,4.518405725723736e-10,,,,,,
traj_sweep_534,mega_sweep,0.9001140535567516,0.8220453713867546,0.8896021799702954,0.9972430090586843,1.0,,,,0.8218536656743991,0.8966027977922073,0.9972430090586843,cts,,,,4.563376168224299e-10,0.0,0.000647427,0.0,,,
traj_sweep_534,mega_sweep,0.9001140535567516,0.8220453713867546,0.8896021799702954,0.9972430090586843,1.0,,,,0.7928082116249012,0.8754168252136805,0.9972430090586843,routing,,,,4.673814486955384e-10,0.0,,,3456.0,0.695823,0.0
traj_sweep_535,mega_sweep,0.9141603746219544,0.8361261269643373,0.9165694926904713,0.9968503937007873,1.0,1076.77,0.582016,1.187273048097551,1.0609291069004192,0.9981751750154455,1.0747028862478776,floorplan,,,,,,,,,,
traj_sweep_535,mega_sweep,0.9141603746219544,0.8361261269643373,0.9165694926904713,0.9968503937007873,1.0,,,,0.9528788039444386,0.9295887597327409,1.0103750997605745,placement,3101.12,0.619071,0.693292,4.4014471958379914e-10,,,,,,
traj_sweep_535,mega_sweep,0.9141603746219544,0.8361261269643373,0.9165694926904713,0.9968503937007873,1.0,,,,0.8335899671632376,0.9204196279157307,0.9968503937007873,cts,,,,4.4452939895179965e-10,0.0,0.00248632,0.0,,,
traj_sweep_535,mega_sweep,0.9141603746219544,0.8361261269643373,0.9165694926904713,0.9968503937007873,1.0,,,,0.8052292501097641,0.8967623676899598,0.9968503937007873,routing,,,,4.562564161058515e-10,0.0,,,3397.0,0.693292,0.0
traj_sweep_536,mega_sweep,0.9199903678924793,0.8568826847071052,0.9108699832656184,0.9976359338061466,1.0,1076.77,0.582016,1.187273048097551,1.0811532654399336,0.9981751750154455,1.0747028862478776,floorplan,,,,,,,,,,
traj_sweep_536,mega_sweep,0.9199903678924793,0.8568826847071052,0.9108699832656184,0.9976359338061466,1.0,,,,0.9724231587034502,0.9254440339270151,1.0103750997605745,placement,3097.93,0.619071,0.706648,4.421159670181489e-10,,,,,,
traj_sweep_536,mega_sweep,0.9199903678924793,0.8568826847071052,0.9108699832656184,0.9976359338061466,1.0,,,,0.8557403430922101,0.9158411993109854,0.9976359338061466,cts,,,,4.467516686174823e-10,0.0,0.00095926,0.0,,,
traj_sweep_536,mega_sweep,0.9199903678924793,0.8568826847071052,0.9108699832656184,0.9976359338061466,1.0,,,,0.8261489101556395,0.8860507268613419,0.9976359338061466,routing,,,,4.6177218930812673e-10,0.0,,,3420.0,0.706648,0.0
traj_sweep_537,mega_sweep,0.9189967046624367,0.8766815924766113,0.8874172998318379,0.9976359338061466,1.0,1076.77,0.582016,1.187273048097551,1.10136650530057,0.9981751750154455,1.0747028862478776,floorplan,,,,,,,,,,
traj_sweep_537,mega_sweep,0.9189967046624367,0.8766815924766113,0.8874172998318379,0.9976359338061466,1.0,,,,0.9923694468677188,0.897527484892004,1.0103750997605745,placement,3059.26,0.619071,0.686049,4.558674702090608e-10,,,,,,
traj_sweep_537,mega_sweep,0.9189967046624367,0.8766815924766113,0.8874172998318379,0.9976359338061466,1.0,,,,0.8741446142921759,0.8888943442700087,0.9976359338061466,cts,,,,4.60294957008451e-10,0.0,0.00133069,0.0,,,
traj_sweep_537,mega_sweep,0.9189967046624367,0.8766815924766113,0.8874172998318379,0.9976359338061466,1.0,,,,0.8428071689159407,0.86326905530529,0.9976359338061466,routing,,,,4.739583580186644e-10,0.0,,,3437.0,0.686049,0.0
traj_sweep_538,mega_sweep,0.9235159145736241,0.8895906235924748,0.8871554415380901,0.9980291683090263,1.0,1076.77,0.582016,1.187273048097551,1.1215795418380146,0.9981751750154455,1.0747028862478776,floorplan,,,,,,,,,,
traj_sweep_538,mega_sweep,0.9235159145736241,0.8895906235924748,0.8871554415380901,0.9980291683090263,1.0,,,,1.012152680009461,0.898636291104592,1.0107784431137723,placement,3111.84,0.618824,0.704334,4.553049860449022e-10,,,,,,
traj_sweep_538,mega_sweep,0.9235159145736241,0.8895906235924748,0.8871554415380901,0.9980291683090263,1.0,,,,0.8872762457668119,0.8892625824955914,0.9980291683090263,cts,,,,4.601043516669581e-10,0.0,0.00231828,0.0,,,
traj_sweep_538,mega_sweep,0.9235159145736241,0.8895906235924748,0.8871554415380901,0.9980291683090263,1.0,,,,0.8565478261283974,0.8682402713506568,0.9980291683090263,routing,,,,4.712446513732069e-10,0.0,,,3465.0,0.704334,0.0
traj_sweep_539,mega_sweep,0.9290038212553512,0.9028220094636272,0.8894794338951012,0.9984227129337538,1.0,1076.77,0.582016,1.187273048097551,1.1417790031382216,0.9981751750154455,1.0747028862478776,floorplan,,,,,,,,,,
traj_sweep_539,mega_sweep,0.9290038212553512,0.9028220094636272,0.8894794338951012,0.9984227129337538,1.0,,,,1.0291335516822795,0.9069666580744414,1.0119904076738608,placement,3120.48,0.618083,0.694979,4.5112307088496814e-10,,,,,,
traj_sweep_539,mega_sweep,0.9290038212553512,0.9028220094636272,0.8894794338951012,0.9984227129337538,1.0,,,,0.9022917241898641,0.8975438510353632,0.9984227129337538,cts,,,,4.5585915775462014e-10,0.0,0.000744189,0.0,,,
traj_sweep_539,mega_sweep,0.9290038212553512,0.9028220094636272,0.8894794338951012,0.9984227129337538,1.0,,,,0.8703180913550236,0.8735756340857668,0.9984227129337538,routing,,,,4.683665249077318e-10,0.0,,,3451.0,0.694979,0.0
traj_sweep_540,mega_sweep,0.9344586579938493,0.9188188863668896,0.8894794338951012,0.9984227129337538,1.0,1076.77,0.582016,1.187273048097551,1.1619752000930967,0.9981751750154455,1.0747028862478776,floorplan,,,,,,,,,,
traj_sweep_540,mega_sweep,0.9344586579938493,0.9188188863668896,0.8894794338951012,0.9984227129337538,1.0,,,,1.0473465534622712,0.9069666580744414,1.0119904076738608,placement,3120.48,0.618083,0.694979,4.5112307088496814e-10,,,,,,
traj_sweep_540,mega_sweep,0.9344586579938493,0.9188188863668896,0.8894794338951012,0.9984227129337538,1.0,,,,0.9182743399002697,0.8975438510353632,0.9984227129337538,cts,,,,4.5585915775462014e-10,0.0,0.000744189,0.0,,,
traj_sweep_540,mega_sweep,0.9344586579938493,0.9188188863668896,0.8894794338951012,0.9984227129337538,1.0,,,,0.885741460794315,0.8735756340857668,0.9984227129337538,routing,,,,4.683665249077318e-10,0.0,,,3451.0,0.694979,0.0
traj_sweep_541,mega_sweep,0.9413559026604787,0.9382935182091547,0.8897453837246887,0.9992107340173638,1.0,1076.77,0.582016,1.187273048097551,1.1821596058854094,0.9981751750154455,1.0747028862478776,floorplan,,,,,,,,,,
traj_sweep_541,mega_sweep,0.9413559026604787,0.9382935182091547,0.8897453837246887,0.9992107340173638,1.0,,,,1.0663296786748304,0.9048595171169402,1.0128,placement,3079.18,0.617589,0.678675,4.521735984879315e-10,,,,,,
traj_sweep_541,mega_sweep,0.9413559026604787,0.9382935182091547,0.8897453837246887,0.9992107340173638,1.0,,,,0.9360017914707245,0.8962632003175032,0.9992107340173638,cts,,,,4.565105248501504e-10,0.0,0.000527439,0.0,,,
traj_sweep_541,mega_sweep,0.9413559026604787,0.9382935182091547,0.8897453837246887,0.9992107340173638,1.0,,,,0.9021196287763573,0.8690381208394194,0.9992107340173638,routing,,,,4.708120094727376e-10,0.0,,,3373.0,0.678675,0.0
traj_sweep_542,mega_sweep,0.9470527129806628,0.9555739866445494,0.8889107104133679,1.0,1.0,1076.77,0.582016,1.187273048097551,1.2023413720440177,0.9981751750154455,1.0747028862478776,floorplan,,,,,,,,,,
traj_sweep_542,mega_sweep,0.9470527129806628,0.9555739866445494,0.8889107104133679,1.0,1.0,,,,1.0834147105983338,0.9016558445543704,1.0128,placement,3107.61,0.617589,0.697135,4.537802160901389e-10,,,,,,
traj_sweep_542,mega_sweep,0.9470527129806628,0.9555739866445494,0.8889107104133679,1.0,1.0,,,,0.9536118848653669,0.8928181271403847,1.0,cts,,,,4.5827203944805717e-10,0.0,0.00118603,0.0,,,
traj_sweep_542,mega_sweep,0.9470527129806628,0.9555739866445494,0.8889107104133679,1.0,1.0,,,,0.9211262697184326,0.8699137095091385,1.0,routing,,,,4.703381260788381e-10,0.0,,,3413.0,0.697135,0.0
traj_sweep_543,mega_sweep,0.9507327872368024,0.966961312293878,0.8904777686400144,0.9980291683090263,1.0,1076.77,0.582016,1.187273048097551,1.2225169707110695,0.9981751750154455,1.0747028862478776,floorplan,,,,,,,,,,
traj_sweep_543,mega_sweep,0.9507327872368024,0.966961312293878,0.8904777686400144,0.9980291683090263,1.0,,,,1.1009954363073908,0.9054896136362707,1.0115860966839791,placement,3082.16,0.61833,0.693021,4.5185894771088256e-10,,,,,,
traj_sweep_543,mega_sweep,0.9507327872368024,0.966961312293878,0.8904777686400144,0.9980291683090263,1.0,,,,0.965185403968531,0.8965005093962121,0.9980291683090263,cts,,,,4.563896837675881e-10,0.0,0.000583304,0.0,,,
traj_sweep_543,mega_sweep,0.9507327872368024,0.966961312293878,0.8904777686400144,0.9980291683090263,1.0,,,,0.9293710669059057,0.8665709247280151,0.9980291683090263,routing,,,,4.721524485825983e-10,0.0,,,3446.0,0.693021,0.0
traj_sweep_544,mega_sweep,0.9570802248347616,0.9848382730864278,0.8919425384706657,0.9980291683090263,1.0,1076.77,0.582016,1.187273048097551,1.242684883013441,0.9981751750154455,1.0747028862478776,floorplan,,,,,,,,,,
traj_sweep_544,mega_sweep,0.9570802248347616,0.9848382730864278,0.8919425384706657,0.9980291683090263,1.0,,,,1.119623245644089,0.9058496687901738,1.0115860966839791,placement,3091.56,0.61833,0.69283,4.5167934380024934e-10,,,,,,
traj_sweep_544,mega_sweep,0.9570802248347616,0.9848382730864278,0.8919425384706657,0.9980291683090263,1.0,,,,0.9815306311914982,0.8964432278944547,0.9980291683090263,cts,,,,4.564188464470075e-10,0.0,0.000787898,0.0,,,
traj_sweep_544,mega_sweep,0.9570802248347616,0.9848382730864278,0.8919425384706657,0.9980291683090263,1.0,,,,0.9476836765900007,0.8717753583162512,0.9980291683090263,routing,,,,4.693337338314529e-10,0.0,,,3428.0,0.69283,0.0
traj_sweep_545,mega_sweep,0.9631460003994804,1.0,0.8941683339675214,0.9992107340173638,1.0,1076.77,0.582016,1.187273048097551,1.2628457803728141,0.9981751750154455,1.0747028862478776,floorplan,,,,,,,,,,
traj_sweep_545,mega_sweep,0.9631460003994804,1.0,0.8941683339675214,0.9992107340173638,1.0,,,,1.1378179562173183,0.9079240774609565,1.0128,placement,3096.8,0.617589,0.691376,4.5064735492535025e-10,,,,,,
traj_sweep_545,mega_sweep,0.9631460003994804,1.0,0.8941683339675214,0.9992107340173638,1.0,,,,0.9963413011663488,0.8996264427778256,0.9992107340173638,cts,,,,4.548038658328596e-10,0.0,0.000870845,0.0,,,
traj_sweep_545,mega_sweep,0.9631460003994804,1.0,0.8941683339675214,0.9992107340173638,1.0,,,,0.9610874342946062,0.8759650910162148,0.9992107340173638,routing,,,,4.670889150458681e-10,0.0,,,3415.0,0.691376,0.0
traj_sweep_546,mega_sweep,0.45943377106979993,0.147781614865976,0.9703322736255509,0.6762820512820512,1.0,1076.77,0.656374,1.187273048097551,0.2498446568201564,1.009492363148355,0.9529544599171998,floorplan,,,,,,,,,,
traj_sweep_546,mega_sweep,0.45943377106979993,0.147781614865976,0.9703322736255509,0.6762820512820512,1.0,,,,0.19990167967594333,1.0119963830823175,0.7984862819299905,placement,3566.14,0.78335,0.730149,4.043034054475841e-10,,,,,,
traj_sweep_546,mega_sweep,0.45943377106979993,0.147781614865976,0.9703322736255509,0.6762820512820512,1.0,,,,0.16038478355924793,0.9929421006763308,0.7142454160789844,cts,,,,4.120618752111817e-10,-12.6792,0.00037427,9.0,,,
traj_sweep_546,mega_sweep,0.45943377106979993,0.147781614865976,0.9703322736255509,0.6762820512820512,1.0,,,,0.1443143678437796,0.9547721628267603,0.6762820512820512,routing,,,,4.285353091667988e-10,-13.3868,,,5300.0,0.730149,0.0
traj_sweep_547,mega_sweep,0.4850418708163662,0.16546403616177052,0.9862769887932833,0.6992543496271747,1.0,1076.77,0.656374,1.187273048097551,0.26764233744032356,1.009492363148355,0.9529544599171998,floorplan,,,,,,,,,,
traj_sweep_547,mega_sweep,0.4850418708163662,0.16546403616177052,0.9862769887932833,0.6992543496271747,1.0,,,,0.2150295268996277,1.0154619139386352,0.800252844500632,placement,3550.1,0.781621,0.704469,4.0292361374130694e-10,,,,,,
traj_sweep_547,mega_sweep,0.4850418708163662,0.16546403616177052,0.9862769887932833,0.6992543496271747,1.0,,,,0.1706532472464869,0.9953683814293371,0.7116357504215851,cts,,,,4.110574452779776e-10,-12.2224,0.00139967,8.0,,,
traj_sweep_547,mega_sweep,0.4850418708163662,0.16546403616177052,0.9862769887932833,0.6992543496271747,1.0,,,,0.1605954465849387,0.9621123781233761,0.6992543496271747,routing,,,,4.252658975024134e-10,-12.7749,,,4529.0,0.704469,0.0
traj_sweep_548,mega_sweep,0.4911547093882337,0.17604560503065803,0.9731186095324602,0.6916143130292269,1.0,1076.77,0.656374,1.187273048097551,0.2854338711726591,1.009492363148355,0.9529544599171998,floorplan,,,,,,,,,,
traj_sweep_548,mega_sweep,0.4911547093882337,0.17604560503065803,0.9731186095324602,0.6916143130292269,1.0,,,,0.22942235940011055,1.01514686567897,0.800252844500632,placement,3514.5,0.781621,0.695239,4.030486600647296e-10,,,,,,
traj_sweep_548,mega_sweep,0.4911547093882337,0.17604560503065803,0.9731186095324602,0.6916143130292269,1.0,,,,0.1800979590527953,0.9846280998498407,0.7023578363384189,cts,,,,4.15541242468315e-10,-11.8419,0.000851805,9.0,,,
traj_sweep_548,mega_sweep,0.4911547093882337,0.17604560503065803,0.9731186095324602,0.6916143130292269,1.0,,,,0.17161298946825676,0.9544530230312552,0.6916143130292269,routing,,,,4.286785982209838e-10,-12.4429,,,5284.0,0.695239,0.0
traj_sweep_549,mega_sweep,0.5035381107444564,0.18734905033965954,0.9699885846150069,0.7025527192008878,1.0,1076.77,0.656374,1.187273048097551,0.3032187425663901,1.009492363148355,0.9529544599171998,floorplan,,,,,,,,,,
traj_sweep_549,mega_sweep,0.5035381107444564,0.18734905033965954,0.9699885846150069,0.7025527192008878,1.0,,,,0.24590033848031367,1.0186533118936856,0.8038095238095238,placement,3523.76,0.778162,0.716833,4.0166127101692603e-10,,,,,,
traj_sweep_549,mega_sweep,0.5035381107444564,0.18734905033965954,0.9699885846150069,0.7025527192008878,1.0,,,,0.19401101682748617,0.9947628341250455,0.7170773152081563,cts,,,,4.1130767047674675e-10,-11.1102,0.000282892,12.0,,,
traj_sweep_549,mega_sweep,0.5035381107444564,0.18734905033965954,0.9699885846150069,0.7025527192008878,1.0,,,,0.18228453027747551,0.9588391494515296,0.7025527192008878,routing,,,,4.2671764520134673e-10,-11.7635,,,4872.0,0.716833,0.0
traj_sweep_550,mega_sweep,0.5056668207284034,0.1953549239805745,0.9588146002364908,0.6902944383860414,1.0,1076.77,0.656374,1.187273048097551,0.3209975764265061,1.009492363148355,0.9529544599171998,floorplan,,,,,,,,,,
traj_sweep_550,mega_sweep,0.5056668207284034,0.1953549239805745,0.9588146002364908,0.6902944383860414,1.0,,,,0.26251508061005996,1.0167752969432136,0.8061127029608405,placement,3553.91,0.775939,0.713634,4.024031516214835e-10,,,,,,
traj_sweep_550,mega_sweep,0.5056668207284034,0.1953549239805745,0.9588146002364908,0.6902944383860414,1.0,,,,0.2083972501562411,0.9965099199286436,0.7182978723404255,cts,,,,4.105865639652808e-10,-10.6007,0.00104417,8.0,,,
traj_sweep_550,mega_sweep,0.5056668207284034,0.1953549239805745,0.9588146002364908,0.6902944383860414,1.0,,,,0.19054383848321457,0.9546575998232456,0.6902944383860414,routing,,,,4.2858673524054433e-10,-11.2222,,,5155.0,0.713634,0.0
traj_sweep_551,mega_sweep,0.5264187637238101,0.21186191938421278,0.9825291419640191,0.7008026570716855,1.0,1076.77,0.656374,1.187273048097551,0.3387699017798746,1.009492363148355,0.9529544599171998,floorplan,,,,,,,,,,
traj_sweep_551,mega_sweep,0.5264187637238101,0.21186191938421278,0.9825291419640191,0.7008026570716855,1.0,,,,0.2771020624008461,1.0164397910043492,0.8061127029608405,placement,3526.04,0.775939,0.713638,4.0253597665291335e-10,,,,,,
traj_sweep_551,mega_sweep,0.5264187637238101,0.21186191938421278,0.9825291419640191,0.7008026570716855,1.0,,,,0.22121514973980771,1.0011619961785054,0.7211620620905724,cts,,,,4.086787008921456e-10,-10.1011,0.00131423,10.0,,,
traj_sweep_551,mega_sweep,0.5264187637238101,0.21186191938421278,0.9825291419640191,0.7008026570716855,1.0,,,,0.20637951683410247,0.9686465608595498,0.7008026570716855,routing,,,,4.223971885243132e-10,-10.7028,,,4847.0,0.713638,0.0
traj_sweep_552,mega_sweep,0.5359103549523994,0.22231292920896908,0.9884536858600613,0.700414937759336,1.0,1076.77,0.656374,1.187273048097551,0.35653541807592437,1.009492363148355,0.9529544599171998,floorplan,,,,,,,,,,
traj_sweep_552,mega_sweep,0.5359103549523994,0.22231292920896908,0.9884536858600613,0.700414937759336,1.0,,,,0.2921925168464433,1.016337502608354,0.8066263141127746,placement,3490.04,0.775445,0.7193,4.0257648953301125e-10,,,,,,
traj_sweep_552,mega_sweep,0.5359103549523994,0.22231292920896908,0.9884536858600613,0.700414937759336,1.0,,,,0.23353434240667761,1.0010801654617094,0.7199317600227466,cts,,,,4.087121072787539e-10,-9.54891,0.000822994,13.0,,,
traj_sweep_552,mega_sweep,0.5359103549523994,0.22231292920896908,0.9884536858600613,0.700414937759336,1.0,,,,0.21616771724475525,0.9677832467973503,0.700414937759336,routing,,,,4.227739892530852e-10,-10.2378,,,4778.0,0.7193,0.0
traj_sweep_553,mega_sweep,0.5577773907929987,0.24214711354637228,0.9957161619757209,0.7197271176805002,1.0,1076.77,0.656374,1.187273048097551,0.37429428829065226,1.009492363148355,0.9529544599171998,floorplan,,,,,,,,,,
traj_sweep_553,mega_sweep,0.5577773907929987,0.24214711354637228,0.9957161619757209,0.7197271176805002,1.0,,,,0.3083616848613992,1.0164725232910679,0.8089456869009584,placement,3487.14,0.773221,0.701202,4.0252301425333995e-10,,,,,,
traj_sweep_553,mega_sweep,0.5577773907929987,0.24214711354637228,0.9957161619757209,0.7197271176805002,1.0,,,,0.24978215702760734,1.0026103998657976,0.735191637630662,cts,,,,4.0808831031035114e-10,-8.92024,0.00108259,10.0,,,
traj_sweep_553,mega_sweep,0.5577773907929987,0.24214711354637228,0.9957161619757209,0.7197271176805002,1.0,,,,0.23540691163661845,0.9681433019512534,0.7197271176805002,routing,,,,4.2261675844493935e-10,-9.5411,,,4305.0,0.701202,0.0
traj_sweep_554,mega_sweep,0.5425896248023782,0.23920985630000122,0.9710810246842357,0.6876697447039651,1.0,1076.77,0.656374,1.187273048097551,0.3920478837109876,1.009492363148355,0.9529544599171998,floorplan,,,,,,,,,,
traj_sweep_554,mega_sweep,0.5425896248023782,0.23920985630000122,0.9710810246842357,0.6876697447039651,1.0,,,,0.3241761313933124,1.0168203038374515,0.8107588856868395,placement,3500.82,0.771492,0.734526,4.0238534029728227e-10,,,,,,
traj_sweep_554,mega_sweep,0.5425896248023782,0.23920985630000122,0.9710810246842357,0.6876697447039651,1.0,,,,0.2556890282417076,0.9947792002684047,0.7197271176805002,cts,,,,4.1130090362808525e-10,-8.47741,0.000845185,11.0,,,
traj_sweep_554,mega_sweep,0.5425896248023782,0.23920985630000122,0.9710810246842357,0.6876697447039651,1.0,,,,0.23347488286116239,0.9594078729332629,0.6876697447039651,routing,,,,4.2646469298806754e-10,-9.16002,,,4816.0,0.734526,0.0
traj_sweep_555,mega_sweep,0.5710835759791159,0.2636708119820495,0.9878685962349687,0.7150522451284947,1.0,1076.77,0.656374,1.187273048097551,0.4097940906220146,1.009492363148355,0.9529544599171998,floorplan,,,,,,,,,,
traj_sweep_555,mega_sweep,0.5710835759791159,0.2636708119820495,0.9878685962349687,0.7150522451284947,1.0,,,,0.3380409902818764,1.0113990188497055,0.8092042186001918,placement,3534.75,0.772974,0.716815,4.045421998195742e-10,,,,,,
traj_sweep_555,mega_sweep,0.5710835759791159,0.2636708119820495,0.9878685962349687,0.7150522451284947,1.0,,,,0.27478721924177124,0.9944068705069822,0.7394859813084111,cts,,,,4.1145490454246215e-10,-7.86846,0.000638753,8.0,,,
traj_sweep_555,mega_sweep,0.5710835759791159,0.2636708119820495,0.9878685962349687,0.7150522451284947,1.0,,,,0.2559905655002678,0.969538515672628,0.7150522451284947,routing,,,,4.2200859209493504e-10,-8.45931,,,4425.0,0.716815,0.0
traj_sweep_556,mega_sweep,0.582164425918003,0.27588557008502274,0.9871689436063615,0.7244635193133047,1.0,1076.77,0.655385,1.187273048097551,0.42863139016875107,1.009492363148355,0.9543912551828119,floorplan,,,,,,,,,,
traj_sweep_556,mega_sweep,0.582164425918003,0.27588557008502274,0.9871689436063615,0.7244635193133047,1.0,,,,0.3517872975919485,1.0120577561199147,0.805856142584341,placement,3631.89,0.776186,0.707283,4.0427888774792405e-10,,,,,,
traj_sweep_556,mega_sweep,0.582164425918003,0.27588557008502274,0.9871689436063615,0.7244635193133047,1.0,,,,0.29081247957232126,0.9960271186995463,0.7531231409875073,cts,,,,4.1078558635534594e-10,-7.45693,0.00195154,6.0,,,
traj_sweep_556,mega_sweep,0.582164425918003,0.27588557008502274,0.9871689436063615,0.7244635193133047,1.0,,,,0.2680067101584343,0.9618464282937886,0.7244635193133047,routing,,,,4.253834832101139e-10,-8.07402,,,4343.0,0.707283,0.0
traj_sweep_557,mega_sweep,0.5843890619993193,0.28184633719881763,0.9964280892118474,0.7106371035644119,1.0,1076.77,0.648468,1.187273048097551,0.4497989153692725,1.009492363148355,0.9645714285714285,floorplan,,,,,,,,,,
traj_sweep_557,mega_sweep,0.5843890619993193,0.28184633719881763,0.9964280892118474,0.7106371035644119,1.0,,,,0.36931587015217954,1.0204740453424002,0.8138862102217936,placement,3507.92,0.768528,0.72427,4.0094462553776696e-10,,,,,,
traj_sweep_557,mega_sweep,0.5843890619993193,0.28184633719881763,0.9964280892118474,0.7106371035644119,1.0,,,,0.2952544288492877,1.0001759360411118,0.7317919075144508,cts,,,,4.090816117815504e-10,-6.95295,0.000893972,10.0,,,
traj_sweep_557,mega_sweep,0.5843890619993193,0.28184633719881763,0.9964280892118474,0.7106371035644119,1.0,,,,0.2745550921894811,0.9764327535627049,0.7106371035644119,routing,,,,4.190289423290467e-10,-7.57673,,,4527.0,0.72427,0.0
traj_sweep_558,mega_sweep,0.596251771772693,0.29660067362737286,0.9938463300969285,0.7191138880999716,1.0,1076.77,0.647233,1.187273048097551,0.46846565066556156,1.009492363148355,0.9664122137404579,floorplan,,,,,,,,,,
traj_sweep_558,mega_sweep,0.596251771772693,0.29660067362737286,0.9938463300969285,0.7191138880999716,1.0,,,,0.38608618693383573,1.008514486082641,0.8151963940759819,placement,3530.3,0.767292,0.706494,4.056992632501379e-10,,,,,,
traj_sweep_558,mega_sweep,0.596251771772693,0.29660067362737286,0.9938463300969285,0.7191138880999716,1.0,,,,0.3117294870994374,0.9947792002684047,0.7429577464788731,cts,,,,4.1130090362808525e-10,-6.63624,0.00115493,6.0,,,
traj_sweep_558,mega_sweep,0.596251771772693,0.29660067362737286,0.9938463300969285,0.7191138880999716,1.0,,,,0.288675557211669,0.9633684796261973,0.7191138880999716,routing,,,,4.247114085978578e-10,-7.09569,,,4426.0,0.706494,0.0
traj_sweep_559,mega_sweep,0.6104135990366428,0.3138409422282756,0.9969027073692652,0.726959517657192,1.0,1076.77,0.643528,1.187273048097551,0.48926903100057717,1.009492363148355,0.9719769673704415,floorplan,,,,,,,,,,
traj_sweep_559,mega_sweep,0.6104135990366428,0.3138409422282756,0.9969027073692652,0.726959517657192,1.0,,,,0.4025154415683886,1.0091609487453306,0.8188874514877101,placement,3473.1,0.763834,0.712297,4.054393746503085e-10,,,,,,
traj_sweep_559,mega_sweep,0.6104135990366428,0.3138409422282756,0.9969027073692652,0.726959517657192,1.0,,,,0.32064309874834085,1.0013133830045784,0.7447058823529411,cts,,,,4.086169134712824e-10,-5.97472,0.00108621,10.0,,,
traj_sweep_559,mega_sweep,0.6104135990366428,0.3138409422282756,0.9969027073692652,0.726959517657192,1.0,,,,0.30417012894043427,0.978752654383876,0.726959517657192,routing,,,,4.180357336945162e-10,-6.60341,,,4102.0,0.712297,0.0
traj_sweep_560,mega_sweep,0.6029641162581968,0.31353763438984433,0.9769646532218799,0.7156585641605426,1.0,1076.77,0.643528,1.187273048097551,0.5073004959200206,1.009492363148355,0.9719769673704415,floorplan,,,,,,,,,,
traj_sweep_560,mega_sweep,0.6029641162581968,0.31353763438984433,0.9769646532218799,0.7156585641605426,1.0,,,,0.4176230165276774,0.9992389743337957,0.8178294573643411,placement,3481.37,0.764822,0.718272,4.09465197505538e-10,,,,,,
traj_sweep_560,mega_sweep,0.6029641162581968,0.31353763438984433,0.9769646532218799,0.7156585641605426,1.0,,,,0.33091893285217167,0.9952292692107837,0.7399181765049678,cts,,,,4.1111490250410086e-10,-5.59219,0.00157546,10.0,,,
traj_sweep_560,mega_sweep,0.6029641162581968,0.31353763438984433,0.9769646532218799,0.7156585641605426,1.0,,,,0.306014836608318,0.9652383115049896,0.7156585641605426,routing,,,,4.2388866987974277e-10,-6.22271,,,4745.0,0.718272,0.0
traj_sweep_561,mega_sweep,0.6176359337099318,0.3336650206066907,0.9777665942464823,0.7221905305191101,1.0,1076.77,0.643281,1.187273048097551,0.5255137246646316,1.0093491593939616,0.9723502304147464,floorplan,,,,,,,,,,
traj_sweep_561,mega_sweep,0.6176359337099318,0.3336650206066907,0.9777665942464823,0.7221905305191101,1.0,,,,0.43382509123911406,0.9993330796581112,0.8228794280142996,placement,3471.13,0.760128,0.697093,4.094266389348357e-10,,,,,,
traj_sweep_561,mega_sweep,0.6176359337099318,0.3336650206066907,0.9777665942464823,0.7221905305191101,1.0,,,,0.34375179304356474,0.9909945296165822,0.7369033760186262,cts,,,,4.1287168773688515e-10,-5.18383,0.000829684,9.0,,,
traj_sweep_561,mega_sweep,0.6176359337099318,0.3336650206066907,0.9777665942464823,0.7221905305191101,1.0,,,,0.32458242510379554,0.9627220169635076,0.7221905305191101,routing,,,,4.249966000271998e-10,-5.82479,,,4449.0,0.697093,0.0
traj_sweep_562,mega_sweep,0.6454146867111481,0.36115420166378653,0.9881631868154349,0.7533472180898542,1.0,1076.77,0.643034,1.187273048097551,0.5437296175511415,1.0093491593939616,0.9727237802535534,floorplan,,,,,,,,,,
traj_sweep_562,mega_sweep,0.6454146867111481,0.36115420166378653,0.9881631868154349,0.7533472180898542,1.0,,,,0.4464548308890744,1.012352346700381,0.8231469440832249,placement,3545.62,0.759881,0.698121,4.0416124416997403e-10,,,,,,
traj_sweep_562,mega_sweep,0.6454146867111481,0.36115420166378653,0.9881631868154349,0.7533472180898542,1.0,,,,0.3643890828437157,0.9992757981563539,0.7576301615798923,cts,,,,4.0945010850427877e-10,-4.65592,0.00155324,6.0,,,
traj_sweep_562,mega_sweep,0.6454146867111481,0.36115420166378653,0.9881631868154349,0.7533472180898542,1.0,,,,0.3506623744024973,0.9634707680221924,0.7533472180898542,routing,,,,4.2466631844028554e-10,-5.20595,,,4056.0,0.698121,0.0
traj_sweep_563,mega_sweep,0.6550179178990979,0.3755401215221189,0.990998621152422,0.7551446465851476,1.0,1076.77,0.638587,1.187273048097551,0.5673107880333571,1.0093246101789228,0.9794970986460347,floorplan,,,,,,,,,,
traj_sweep_563,mega_sweep,0.6550179178990979,0.3755401215221189,0.990998621152422,0.7551446465851476,1.0,,,,0.464349380719368,1.0041856411641237,0.827721477607061,placement,3473.01,0.755682,0.716951,4.0744815222262966e-10,,,,,,
traj_sweep_563,mega_sweep,0.6550179178990979,0.3755401215221189,0.990998621152422,0.7551446465851476,1.0,,,,0.37887609563600644,0.9981056189061688,0.7601320924647252,cts,,,,4.0993014790279734e-10,-4.19347,0.00154405,7.0,,,
traj_sweep_563,mega_sweep,0.6550179178990979,0.3755401215221189,0.990998621152422,0.7551446465851476,1.0,,,,0.3636643229298397,0.9634707680221924,0.7551446465851476,routing,,,,4.2466631844028554e-10,-4.73614,,,3903.0,0.716951,0.0
traj_sweep_564,mega_sweep,0.6589834339277019,0.38574727642660306,0.9821118053083586,0.7553699284009546,1.0,1076.77,0.638587,1.187273048097551,0.5855072841468818,1.0093246101789228,0.9794970986460347,floorplan,,,,,,,,,,
traj_sweep_564,mega_sweep,0.6589834339277019,0.38574727642660306,0.9821118053083586,0.7553699284009546,1.0,,,,0.4864247515534674,1.0131542877249833,0.8367481824190349,placement,3436.51,0.74753,0.707363,4.0384133881480646e-10,,,,,,
traj_sweep_564,mega_sweep,0.6589834339277019,0.38574727642660306,0.9821118053083586,0.7553699284009546,1.0,,,,0.4133879819126083,1.0051144197997601,0.7972292191435767,cts,,,,4.070716486808843e-10,-3.50995,0.00190797,3.0,,,
traj_sweep_564,mega_sweep,0.6589834339277019,0.38574727642660306,0.9821118053083586,0.7553699284009546,1.0,,,,0.3739461879676096,0.9622105749835316,0.7553699284009546,routing,,,,4.252224976719068e-10,-4.22504,,,4063.0,0.707363,0.0
traj_sweep_565,mega_sweep,0.664453872653627,0.39659741606628646,0.975724917862418,0.7580838323353293,1.0,1076.77,0.638587,1.187273048097551,0.6036988022222372,1.0093246101789228,0.9794970986460347,floorplan,,,,,,,,,,
traj_sweep_565,mega_sweep,0.664453872653627,0.39659741606628646,0.975724917862418,0.7580838323353293,1.0,,,,0.5047772578932882,1.008768161304709,0.8451268357810413,placement,3519.75,0.740119,0.726176,4.055972419387548e-10,,,,,,
traj_sweep_565,mega_sweep,0.664453872653627,0.39659741606628646,0.975724917862418,0.7580838323353293,1.0,,,,0.4286497908408817,1.00618640218979,0.8053435114503816,cts,,,,4.0663795802683e-10,-3.16886,0.000767504,4.0,,,
traj_sweep_565,mega_sweep,0.664453872653627,0.39659741606628646,0.975724917862418,0.7580838323353293,1.0,,,,0.3851875981817753,0.9609503819448706,0.7580838323353293,routing,,,,4.257801356535512e-10,-3.97803,,,4086.0,0.726176,0.0
traj_sweep_566,mega_sweep,0.6848929607845863,0.4228958383823173,0.987713117873056,0.7691373025516403,1.0,1076.77,0.632164,1.187273048097551,0.6311235651254824,1.0092836948205248,0.9894490035169988,floorplan,,,,,,,,,,
traj_sweep_566,mega_sweep,0.6848929607845863,0.4228958383823173,0.987713117873056,0.7691373025516403,1.0,,,,0.5259058336771449,1.0043861264202745,0.850235057085292,placement,3414.91,0.735672,0.736636,4.0736682160184783e-10,,,,,,
traj_sweep_566,mega_sweep,0.6848929607845863,0.4228958383823173,0.987713117873056,0.7691373025516403,1.0,,,,0.4481871228367662,1.0025367522206812,0.8125802310654685,cts,,,,4.081182890048852e-10,-2.81344,0.00187142,3.0,,,
traj_sweep_566,mega_sweep,0.6848929607845863,0.4228958383823173,0.987713117873056,0.7691373025516403,1.0,,,,0.4089865447586453,0.9698944792906914,0.7691373025516403,routing,,,,4.218537095705951e-10,-3.40311,,,3914.0,0.736636,0.0
traj_sweep_567,mega_sweep,0.684881222680565,0.4273624991380561,0.9791208926094588,0.7677380230442692,1.0,1076.77,0.632164,1.187273048097551,0.649571908215965,1.0092836948205248,0.9894490035169988,floorplan,,,,,,,,,,
traj_sweep_567,mega_sweep,0.684881222680565,0.4273624991380561,0.9791208926094588,0.7677380230442692,1.0,,,,0.5435076461569632,1.0003805128331023,0.8530997304582209,placement,3293.12,0.733202,0.70467,4.0899795501022496e-10,,,,,,
traj_sweep_567,mega_sweep,0.684881222680565,0.4273624991380561,0.9791208926094588,0.7677380230442692,1.0,,,,0.44330657195358075,0.9933307965811127,0.7863354037267081,cts,,,,4.1190063309127306e-10,-2.50817,0.00165626,4.0,,,
traj_sweep_567,mega_sweep,0.684881222680565,0.4273624991380561,0.9791208926094588,0.7677380230442692,1.0,,,,0.4145980821620774,0.9583931720449905,0.7677380230442692,routing,,,,4.269162134239534e-10,-3.06388,,,3915.0,0.70467,0.0
traj_sweep_568,mega_sweep,0.7160353267907977,0.464482583066073,0.9870339229236479,0.8007590132827324,1.0,1076.77,0.632164,1.187273048097551,0.6680145992997688,1.0092836948205248,0.9894490035169988,floorplan,,,,,,,,,,
traj_sweep_568,mega_sweep,0.7160353267907977,0.464482583066073,0.9870339229236479,0.8007590132827324,1.0,,,,0.5588038689578624,0.9995499310576211,0.8528123947457056,placement,3298.45,0.733449,0.729327,4.0933781421793965e-10,,,,,,
traj_sweep_568,mega_sweep,0.7160353267907977,0.464482583066073,0.9870339229236479,0.8007590132827324,1.0,,,,0.46986792709324576,0.9950042347395942,0.807140580172139,cts,,,,4.112078820326828e-10,-1.98018,0.00188383,3.0,,,
traj_sweep_568,mega_sweep,0.7160353267907977,0.464482583066073,0.9870339229236479,0.8007590132827324,1.0,,,,0.44810331716924917,0.9602220885653848,0.8007590132827324,routing,,,,4.261030743336813e-10,-2.57983,,,3639.0,0.729327,0.0
traj_sweep_569,mega_sweep,0.6901020364254337,0.44708006954998963,0.9659256895260774,0.7610459873760144,1.0,1076.77,0.631423,1.187273048097551,0.6886890415630497,1.0092836948205248,0.9906103286384976,floorplan,,,,,,,,,,
traj_sweep_569,mega_sweep,0.6901020364254337,0.44708006954998963,0.9659256895260774,0.7610459873760144,1.0,,,,0.5781264575231515,1.004521147102988,0.8559837728194726,placement,3307.98,0.730731,0.72308,4.073120662126495e-10,,,,,,
traj_sweep_569,mega_sweep,0.6901020364254337,0.44708006954998963,0.9659256895260774,0.7610459873760144,1.0,,,,0.49826041877472493,0.9849595142528651,0.8266405484818804,cts,,,,4.154014231652758e-10,-1.66071,0.00140771,1.0,,,
traj_sweep_569,mega_sweep,0.6901020364254337,0.44708006954998963,0.9659256895260774,0.7610459873760144,1.0,,,,0.4340168021771835,0.9551363095165032,0.7610459873760144,routing,,,,4.2837192964419426e-10,-2.26339,,,4036.0,0.72308,0.0
traj_sweep_570,mega_sweep,0.6729939821208115,0.43481795088907704,0.960708981330322,0.7296829971181555,1.0,1076.77,0.6292,1.187273048097551,0.7107964881752749,1.0092836948205248,0.9941107184923439,floorplan,,,,,,,,,,
traj_sweep_570,mega_sweep,0.6729939821208115,0.43481795088907704,0.960708981330322,0.7296829971181555,1.0,,,,0.5936392491817032,0.9979337744008968,0.8577235772357723,placement,3352.76,0.729249,0.70579,4.100007380013284e-10,,,,,,
traj_sweep_570,mega_sweep,0.6729939821208115,0.43481795088907704,0.960708981330322,0.7296829971181555,1.0,,,,0.47040287268929887,0.9768787309692439,0.7686703096539161,cts,,,,4.1883764177654175e-10,-1.31907,0.0014791,7.0,,,
traj_sweep_570,mega_sweep,0.6729939821208115,0.43481795088907704,0.960708981330322,0.7296829971181555,1.0,,,,0.42268797682097403,0.9459589946278134,0.7296829971181555,routing,,,,4.325278223521728e-10,-1.94565,,,4256.0,0.70579,0.0
traj_sweep_571,mega_sweep,0.7125709266348675,0.4830959945382511,0.9666498913697235,0.7747858017135862,1.0,1076.77,0.628211,1.187273048097551,0.7312242672785563,1.0092836948205248,0.995674400314589,floorplan,,,,,,,,,,
traj_sweep_571,mega_sweep,0.7125709266348675,0.4830959945382511,0.9666498913697235,0.7747858017135862,1.0,,,,0.6055966440352444,0.9879381523442454,0.8583050847457626,placement,3388.08,0.728755,0.703711,4.141489859562079e-10,,,,,,
traj_sweep_571,mega_sweep,0.7125709266348675,0.4830959945382511,0.9666498913697235,0.7747858017135862,1.0,,,,0.5183196398651513,0.9811011959559259,0.8220779220779221,cts,,,,4.1703504762540244e-10,-0.895063,0.000693008,2.0,,,
traj_sweep_571,mega_sweep,0.7125709266348675,0.4830959945382511,0.9666498913697235,0.7747858017135862,1.0,,,,0.4678352222147026,0.9492485894430193,0.7747858017135862,routing,,,,4.310289091089339e-10,-1.4621,,,3849.0,0.703711,0.0
traj_sweep_572,mega_sweep,0.7233452978790677,0.4978463737365623,0.965892957239359,0.7870686975442959,1.0,1076.77,0.593132,1.187273048097551,0.7954644029989466,1.010216564992001,1.054560599750104,floorplan,,,,,,,,,,
traj_sweep_572,mega_sweep,0.7233452978790677,0.4978463737365623,0.965892957239359,0.7870686975442959,1.0,,,,0.6572947828058602,0.9944559689370599,0.8994671403197158,placement,3294.82,0.695405,0.74122,4.114345901288613e-10,,,,,,
traj_sweep_572,mega_sweep,0.7233452978790677,0.4978463737365623,0.965892957239359,0.7870686975442959,1.0,,,,0.5295596038880492,0.9744688163595969,0.8328947368421052,cts,,,,4.198734501421272e-10,-0.367142,0.00106511,2.0,,,
traj_sweep_572,mega_sweep,0.7233452978790677,0.4978463737365623,0.965892957239359,0.7870686975442959,1.0,,,,0.4827339849216134,0.9476938058238921,0.7870686975442959,routing,,,,4.3173605384612063e-10,-1.2017,,,3924.0,0.74122,0.0
traj_sweep_573,mega_sweep,0.7596857043183861,0.5342853830444386,0.9797223483779106,0.8375785643400594,1.0,1076.77,0.582016,1.187273048097551,0.8380442587636269,0.9981751750154455,1.0747028862478776,floorplan,,,,,,,,,,
traj_sweep_573,mega_sweep,0.7596857043183861,0.5342853830444386,0.9797223483779106,0.8375785643400594,1.0,,,,0.6944419759287522,0.9781552901512641,0.9308823529411764,placement,3269.26,0.671937,0.702066,4.182910301671491e-10,,,,,,
traj_sweep_573,mega_sweep,0.7596857043183861,0.5342853830444386,0.9797223483779106,0.8375785643400594,1.0,,,,0.5607880211794732,0.9741169442773734,0.8615175229669955,cts,,,,4.200251175020266e-10,-0.192529,0.00117015,9.0,,,
traj_sweep_573,mega_sweep,0.7596857043183861,0.5342853830444386,0.9797223483779106,0.8375785643400594,1.0,,,,0.5174958466619255,0.9554513577761684,0.8375785643400594,routing,,,,4.2823067930232657e-10,-0.350038,,,3939.0,0.702066,0.0
traj_sweep_574,mega_sweep,0.7628368558042665,0.5468746672021859,0.9700908730110022,0.8367481824190349,1.0,1076.77,0.582016,1.187273048097551,0.8583395018983262,0.9981751750154455,1.0747028862478776,floorplan,,,,,,,,,,
traj_sweep_574,mega_sweep,0.7628368558042665,0.5468746672021859,0.9700908730110022,0.8367481824190349,1.0,,,,0.7225436082155103,0.954158432450789,0.9561933534743201,placement,3227.23,0.65415,0.688757,4.288109501164222e-10,,,,,,
traj_sweep_574,mega_sweep,0.7628368558042665,0.5468746672021859,0.9700908730110022,0.8367481824190349,1.0,,,,0.6227547399933474,0.9713428829779834,0.9210622044379774,cts,,,,4.21224668601492e-10,-0.00748426,0.00105548,7.0,,,
traj_sweep_574,mega_sweep,0.7628368558042665,0.5468746672021859,0.9700908730110022,0.8367481824190349,1.0,,,,0.5304943019648702,0.9513189065779621,0.8367481824190349,routing,,,,4.300908782025642e-10,-0.141226,,,3867.0,0.688757,0.0
traj_sweep_575,mega_sweep,0.8309168154783562,0.6347006808486595,0.9774024475567393,0.9247626004382761,1.0,1076.77,0.582016,1.187273048097551,0.8786315928411852,0.9981751750154455,1.0747028862478776,floorplan,,,,,,,,,,
traj_sweep_575,mega_sweep,0.8309168154783562,0.6347006808486595,0.9774024475567393,0.9247626004382761,1.0,,,,0.7618765021809442,0.9550094719054691,0.9817758821248544,placement,3166.61,0.637105,0.713591,4.284288229774946e-10,,,,,,
traj_sweep_575,mega_sweep,0.8309168154783562,0.6347006808486595,0.9774024475567393,0.9247626004382761,1.0,,,,0.6603399943420004,0.9532091961359536,0.9554716981132075,cts,,,,4.2923797382506835e-10,-0.00079331,0.000908697,5.0,,,
traj_sweep_575,mega_sweep,0.8309168154783562,0.6347006808486595,0.9774024475567393,0.9247626004382761,1.0,,,,0.6113042236083996,0.9462208529215612,0.9247626004382761,routing,,,,4.324081240838353e-10,-0.0282078,,,3524.0,0.713591,0.0
traj_sweep_576,mega_sweep,0.8355191854140607,0.6507643399737858,0.9628324884311824,0.9308823529411764,1.0,1076.77,0.582016,1.187273048097551,0.898911695274677,0.9981751750154455,1.0747028862478776,floorplan,,,,,,,,,,
traj_sweep_576,mega_sweep,0.8355191854140607,0.6507643399737858,0.9628324884311824,0.9308823529411764,1.0,,,,0.795158229108139,0.9551485841240226,0.9968503937007873,placement,3134.44,0.62747,0.717508,4.2836642463963674e-10,,,,,,
traj_sweep_576,mega_sweep,0.8355191854140607,0.6507643399737858,0.9628324884311824,0.9308823529411764,1.0,,,,0.6960663953123609,0.9436022699840839,0.9817758821248544,cts,,,,4.336080963303747e-10,0.0,0.00374065,1.0,,,
traj_sweep_576,mega_sweep,0.8355191854140607,0.6507643399737858,0.9628324884311824,0.9308823529411764,1.0,,,,0.6281392634220331,0.9427553220652436,0.9308823529411764,routing,,,,4.3399763905284354e-10,-0.00717409,,,3653.0,0.717508,0.0
traj_sweep_577,mega_sweep,0.8644098738801551,0.7026243056125661,0.9537451873309685,0.9638370765131327,1.0,1076.77,0.582016,1.187273048097551,0.9191901111321363,0.9981751750154455,1.0747028862478776,floorplan,,,,,,,,,,
traj_sweep_577,mega_sweep,0.8644098738801551,0.7026243056125661,0.9537451873309685,0.9638370765131327,1.0,,,,0.8178409566626018,0.9484057330600187,1.0,placement,3199.09,0.625494,0.700785,4.3141196823082264e-10,,,,,,
traj_sweep_577,mega_sweep,0.8644098738801551,0.7026243056125661,0.9537451873309685,0.9638370765131327,1.0,,,,0.7174729648273303,0.9380582389211438,0.9867498051441932,cts,,,,4.3617076957970583e-10,0.0,0.000231738,0.0,,,
traj_sweep_577,mega_sweep,0.8644098738801551,0.7026243056125661,0.9537451873309685,0.9638370765131327,1.0,,,,0.6767476711524124,0.9296828650570564,0.9638370765131327,routing,,,,4.401001667979632e-10,-0.00124065,,,3517.0,0.700785,0.0
traj_sweep_578,mega_sweep,0.8775413667385399,0.7355845771653318,0.9321173288817424,0.9855975087582716,1.0,1076.77,0.582016,1.187273048097551,0.9394607817514662,0.9981751750154455,1.0747028862478776,floorplan,,,,,,,,,,
traj_sweep_578,mega_sweep,0.8775413667385399,0.7355845771653318,0.9321173288817424,0.9855975087582716,1.0,,,,0.8389008947616536,0.9463926974268331,1.0027722772277228,placement,3111.44,0.623765,0.708605,4.3232960809321025e-10,,,,,,
traj_sweep_578,mega_sweep,0.8775413667385399,0.7355845771653318,0.9321173288817424,0.9855975087582716,1.0,,,,0.7389931417857672,0.9360656609671573,0.9902229174814234,cts,,,,4.3709923463924014e-10,0.0,0.000770897,0.0,,,
traj_sweep_578,mega_sweep,0.8775413667385399,0.7355845771653318,0.9321173288817424,0.9855975087582716,1.0,,,,0.7086944521115098,0.9109272647673757,0.9855975087582716,routing,,,,4.491616397993146e-10,0.0,,,3446.0,0.708605,0.0
traj_sweep_579,mega_sweep,0.8902788029838921,0.7646673417118351,0.9289913955001289,0.9933307179285994,1.0,1076.77,0.582016,1.187273048097551,0.9597223334668269,0.9981751750154455,1.0747028862478776,floorplan,,,,,,,,,,
traj_sweep_579,mega_sweep,0.8902788029838921,0.7646673417118351,0.9289913955001289,0.9933307179285994,1.0,,,,0.8604104532986103,0.9405172519608685,1.0051607780865421,placement,3086.52,0.622283,0.713027,4.3503038687252303e-10,,,,,,
traj_sweep_579,mega_sweep,0.8902788029838921,0.7646673417118351,0.9289913955001289,0.9933307179285994,1.0,,,,0.7641276805605156,0.9299447233508041,0.9941107184923439,cts,,,,4.3997624128297074e-10,0.0,0.000728924,0.0,,,
traj_sweep_579,mega_sweep,0.8902788029838921,0.7646673417118351,0.9289913955001289,0.9933307179285994,1.0,,,,0.7362203434263993,0.904671306468309,0.9933307179285994,routing,,,,4.522676700978707e-10,0.0,,,3428.0,0.713027,0.0
traj_sweep_580,mega_sweep,0.8923737178583957,0.7755760766376112,0.9220439676441345,0.9937205651491364,1.0,1076.77,0.582016,1.187273048097551,0.9799786264203616,0.9981751750154455,1.0747028862478776,floorplan,,,,,,,,,,
traj_sweep_580,mega_sweep,0.8923737178583957,0.7755760766376112,0.9220439676441345,0.9937205651491364,1.0,,,,0.880314251008973,0.9365320960528953,1.0063593004769475,placement,3140.15,0.621542,0.708539,4.3688153957054543e-10,,,,,,
traj_sweep_580,mega_sweep,0.8923737178583957,0.7755760766376112,0.9220439676441345,0.9937205651491364,1.0,,,,0.7745399698340875,0.924658459045772,0.9945011783189316,cts,,,,4.424915815976601e-10,0.0,0.000389543,0.0,,,
traj_sweep_580,mega_sweep,0.8923737178583957,0.7755760766376112,0.9220439676441345,0.9937205651491364,1.0,,,,0.7472331933646531,0.902793291517837,0.9937205651491364,routing,,,,4.5320848950142534e-10,0.0,,,3413.0,0.708539,0.0
traj_sweep_581,mega_sweep,0.8967154098666559,0.7906946051410194,0.9147978576718343,0.9968503937007873,1.0,1076.77,0.582016,1.187273048097551,1.000228169468699,0.9981751750154455,1.0747028862478776,floorplan,,,,,,,,,,
traj_sweep_581,mega_sweep,0.8967154098666559,0.7906946051410194,0.9147978576718343,0.9968503937007873,1.0,,,,0.8991635315776835,0.928389939731677,1.0103750997605745,placement,3111.44,0.619071,0.706286,4.407130737533329e-10,,,,,,
traj_sweep_581,mega_sweep,0.8967154098666559,0.7906946051410194,0.9147978576718343,0.9968503937007873,1.0,,,,0.7890111240857969,0.9203173395197355,0.9968503937007873,cts,,,,4.445788060391585e-10,0.0,0.0011519,0.0,,,
traj_sweep_581,mega_sweep,0.8967154098666559,0.7906946051410194,0.9147978576718343,0.9968503937007873,1.0,,,,0.7612343608379287,0.8912919842721362,0.9968503937007873,routing,,,,4.590567302307219e-10,0.0,,,3418.0,0.706286,0.0
traj_sweep_582,mega_sweep,0.9014056446959536,0.8080239531726265,0.9078667959591992,0.9984227129337538,1.0,1076.77,0.582016,1.187273048097551,1.020468184889313,0.9981751750154455,1.0747028862478776,floorplan,,,,,,,,,,
traj_sweep_582,mega_sweep,0.9014056446959536,0.8080239531726265,0.9078667959591992,0.9984227129337538,1.0,,,,0.9172246264391278,0.9229072817063341,1.0103750997605745,placement,3084.59,0.619071,0.704894,4.4333119056591224e-10,,,,,,
traj_sweep_582,mega_sweep,0.9014056446959536,0.8080239531726265,0.9078667959591992,0.9984227129337538,1.0,,,,0.8075701274718164,0.9131530602642314,0.9984227129337538,cts,,,,4.480668157235607e-10,0.0,0.000743405,0.0,,,
traj_sweep_582,mega_sweep,0.9014056446959536,0.8080239531726265,0.9078667959591992,0.9984227129337538,1.0,,,,0.7795454545454545,0.8863044020834101,0.9984227129337538,routing,,,,4.616400223433771e-10,0.0,,,3452.0,0.704894,0.0
traj_sweep_583,mega_sweep,0.9001140535567516,0.8220453713867546,0.8896021799702954,0.9972430090586843,1.0,1076.77,0.582016,1.187273048097551,1.0407059559240774,0.9981751750154455,1.0747028862478776,floorplan,,,,,,,,,,
traj_sweep_583,mega_sweep,0.9001140535567516,0.8220453713867546,0.8896021799702954,0.9972430090586843,1.0,,,,0.9373686379021701,0.9055264374588289,1.0107784431137723,placement,3064.66,0.618824,0.695823,4.518405725723736e-10,,,,,,
traj_sweep_583,mega_sweep,0.9001140535567516,0.8220453713867546,0.8896021799702954,0.9972430090586843,1.0,,,,0.8218536656743991,0.8966027977922073,0.9972430090586843,cts,,,,4.563376168224299e-10,0.0,0.000647427,0.0,,,
traj_sweep_583,mega_sweep,0.9001140535567516,0.8220453713867546,0.8896021799702954,0.9972430090586843,1.0,,,,0.7928082116249012,0.8754168252136805,0.9972430090586843,routing,,,,4.673814486955384e-10,0.0,,,3456.0,0.695823,0.0
traj_sweep_584,mega_sweep,0.9141603746219544,0.8361261269643373,0.9165694926904713,0.9968503937007873,1.0,1076.77,0.582016,1.187273048097551,1.0609291069004192,0.9981751750154455,1.0747028862478776,floorplan,,,,,,,,,,
traj_sweep_584,mega_sweep,0.9141603746219544,0.8361261269643373,0.9165694926904713,0.9968503937007873,1.0,,,,0.9528788039444386,0.9295887597327409,1.0103750997605745,placement,3101.12,0.619071,0.693292,4.4014471958379914e-10,,,,,,
traj_sweep_584,mega_sweep,0.9141603746219544,0.8361261269643373,0.9165694926904713,0.9968503937007873,1.0,,,,0.8335899671632376,0.9204196279157307,0.9968503937007873,cts,,,,4.4452939895179965e-10,0.0,0.00248632,0.0,,,
traj_sweep_584,mega_sweep,0.9141603746219544,0.8361261269643373,0.9165694926904713,0.9968503937007873,1.0,,,,0.8052292501097641,0.8967623676899598,0.9968503937007873,routing,,,,4.562564161058515e-10,0.0,,,3397.0,0.693292,0.0
traj_sweep_585,mega_sweep,0.9199903678924793,0.8568826847071052,0.9108699832656184,0.9976359338061466,1.0,1076.77,0.582016,1.187273048097551,1.0811532654399336,0.9981751750154455,1.0747028862478776,floorplan,,,,,,,,,,
traj_sweep_585,mega_sweep,0.9199903678924793,0.8568826847071052,0.9108699832656184,0.9976359338061466,1.0,,,,0.9724231587034502,0.9254440339270151,1.0103750997605745,placement,3097.93,0.619071,0.706648,4.421159670181489e-10,,,,,,
traj_sweep_585,mega_sweep,0.9199903678924793,0.8568826847071052,0.9108699832656184,0.9976359338061466,1.0,,,,0.8557403430922101,0.9158411993109854,0.9976359338061466,cts,,,,4.467516686174823e-10,0.0,0.00095926,0.0,,,
traj_sweep_585,mega_sweep,0.9199903678924793,0.8568826847071052,0.9108699832656184,0.9976359338061466,1.0,,,,0.8261489101556395,0.8860507268613419,0.9976359338061466,routing,,,,4.6177218930812673e-10,0.0,,,3420.0,0.706648,0.0
traj_sweep_586,mega_sweep,0.9189967046624367,0.8766815924766113,0.8874172998318379,0.9976359338061466,1.0,1076.77,0.582016,1.187273048097551,1.10136650530057,0.9981751750154455,1.0747028862478776,floorplan,,,,,,,,,,
traj_sweep_586,mega_sweep,0.9189967046624367,0.8766815924766113,0.8874172998318379,0.9976359338061466,1.0,,,,0.9923694468677188,0.897527484892004,1.0103750997605745,placement,3059.26,0.619071,0.686049,4.558674702090608e-10,,,,,,
traj_sweep_586,mega_sweep,0.9189967046624367,0.8766815924766113,0.8874172998318379,0.9976359338061466,1.0,,,,0.8741446142921759,0.8888943442700087,0.9976359338061466,cts,,,,4.60294957008451e-10,0.0,0.00133069,0.0,,,
traj_sweep_586,mega_sweep,0.9189967046624367,0.8766815924766113,0.8874172998318379,0.9976359338061466,1.0,,,,0.8428071689159407,0.86326905530529,0.9976359338061466,routing,,,,4.739583580186644e-10,0.0,,,3437.0,0.686049,0.0
traj_sweep_587,mega_sweep,0.9235159145736241,0.8895906235924748,0.8871554415380901,0.9980291683090263,1.0,1076.77,0.582016,1.187273048097551,1.1215795418380146,0.9981751750154455,1.0747028862478776,floorplan,,,,,,,,,,
traj_sweep_587,mega_sweep,0.9235159145736241,0.8895906235924748,0.8871554415380901,0.9980291683090263,1.0,,,,1.012152680009461,0.898636291104592,1.0107784431137723,placement,3111.84,0.618824,0.704334,4.553049860449022e-10,,,,,,
traj_sweep_587,mega_sweep,0.9235159145736241,0.8895906235924748,0.8871554415380901,0.9980291683090263,1.0,,,,0.8872762457668119,0.8892625824955914,0.9980291683090263,cts,,,,4.601043516669581e-10,0.0,0.00231828,0.0,,,
traj_sweep_587,mega_sweep,0.9235159145736241,0.8895906235924748,0.8871554415380901,0.9980291683090263,1.0,,,,0.8565478261283974,0.8682402713506568,0.9980291683090263,routing,,,,4.712446513732069e-10,0.0,,,3465.0,0.704334,0.0
traj_sweep_588,mega_sweep,0.9290038212553512,0.9028220094636272,0.8894794338951012,0.9984227129337538,1.0,1076.77,0.582016,1.187273048097551,1.1417790031382216,0.9981751750154455,1.0747028862478776,floorplan,,,,,,,,,,
traj_sweep_588,mega_sweep,0.9290038212553512,0.9028220094636272,0.8894794338951012,0.9984227129337538,1.0,,,,1.0291335516822795,0.9069666580744414,1.0119904076738608,placement,3120.48,0.618083,0.694979,4.5112307088496814e-10,,,,,,
traj_sweep_588,mega_sweep,0.9290038212553512,0.9028220094636272,0.8894794338951012,0.9984227129337538,1.0,,,,0.9022917241898641,0.8975438510353632,0.9984227129337538,cts,,,,4.5585915775462014e-10,0.0,0.000744189,0.0,,,
traj_sweep_588,mega_sweep,0.9290038212553512,0.9028220094636272,0.8894794338951012,0.9984227129337538,1.0,,,,0.8703180913550236,0.8735756340857668,0.9984227129337538,routing,,,,4.683665249077318e-10,0.0,,,3451.0,0.694979,0.0
traj_sweep_589,mega_sweep,0.9344586579938493,0.9188188863668896,0.8894794338951012,0.9984227129337538,1.0,1076.77,0.582016,1.187273048097551,1.1619752000930967,0.9981751750154455,1.0747028862478776,floorplan,,,,,,,,,,
traj_sweep_589,mega_sweep,0.9344586579938493,0.9188188863668896,0.8894794338951012,0.9984227129337538,1.0,,,,1.0473465534622712,0.9069666580744414,1.0119904076738608,placement,3120.48,0.618083,0.694979,4.5112307088496814e-10,,,,,,
traj_sweep_589,mega_sweep,0.9344586579938493,0.9188188863668896,0.8894794338951012,0.9984227129337538,1.0,,,,0.9182743399002697,0.8975438510353632,0.9984227129337538,cts,,,,4.5585915775462014e-10,0.0,0.000744189,0.0,,,
traj_sweep_589,mega_sweep,0.9344586579938493,0.9188188863668896,0.8894794338951012,0.9984227129337538,1.0,,,,0.885741460794315,0.8735756340857668,0.9984227129337538,routing,,,,4.683665249077318e-10,0.0,,,3451.0,0.694979,0.0
traj_sweep_590,mega_sweep,0.9413559026604787,0.9382935182091547,0.8897453837246887,0.9992107340173638,1.0,1076.77,0.582016,1.187273048097551,1.1821596058854094,0.9981751750154455,1.0747028862478776,floorplan,,,,,,,,,,
traj_sweep_590,mega_sweep,0.9413559026604787,0.9382935182091547,0.8897453837246887,0.9992107340173638,1.0,,,,1.0663296786748304,0.9048595171169402,1.0128,placement,3079.18,0.617589,0.678675,4.521735984879315e-10,,,,,,
traj_sweep_590,mega_sweep,0.9413559026604787,0.9382935182091547,0.8897453837246887,0.9992107340173638,1.0,,,,0.9360017914707245,0.8962632003175032,0.9992107340173638,cts,,,,4.565105248501504e-10,0.0,0.000527439,0.0,,,
traj_sweep_590,mega_sweep,0.9413559026604787,0.9382935182091547,0.8897453837246887,0.9992107340173638,1.0,,,,0.9021196287763573,0.8690381208394194,0.9992107340173638,routing,,,,4.708120094727376e-10,0.0,,,3373.0,0.678675,0.0
traj_sweep_591,mega_sweep,0.9470527129806628,0.9555739866445494,0.8889107104133679,1.0,1.0,1076.77,0.582016,1.187273048097551,1.2023413720440177,0.9981751750154455,1.0747028862478776,floorplan,,,,,,,,,,
traj_sweep_591,mega_sweep,0.9470527129806628,0.9555739866445494,0.8889107104133679,1.0,1.0,,,,1.0834147105983338,0.9016558445543704,1.0128,placement,3107.61,0.617589,0.697135,4.537802160901389e-10,,,,,,
traj_sweep_591,mega_sweep,0.9470527129806628,0.9555739866445494,0.8889107104133679,1.0,1.0,,,,0.9536118848653669,0.8928181271403847,1.0,cts,,,,4.5827203944805717e-10,0.0,0.00118603,0.0,,,
traj_sweep_591,mega_sweep,0.9470527129806628,0.9555739866445494,0.8889107104133679,1.0,1.0,,,,0.9211262697184326,0.8699137095091385,1.0,routing,,,,4.703381260788381e-10,0.0,,,3413.0,0.697135,0.0
traj_sweep_592,mega_sweep,0.9507327872368024,0.966961312293878,0.8904777686400144,0.9980291683090263,1.0,1076.77,0.582016,1.187273048097551,1.2225169707110695,0.9981751750154455,1.0747028862478776,floorplan,,,,,,,,,,
traj_sweep_592,mega_sweep,0.9507327872368024,0.966961312293878,0.8904777686400144,0.9980291683090263,1.0,,,,1.1009954363073908,0.9054896136362707,1.0115860966839791,placement,3082.16,0.61833,0.693021,4.5185894771088256e-10,,,,,,
traj_sweep_592,mega_sweep,0.9507327872368024,0.966961312293878,0.8904777686400144,0.9980291683090263,1.0,,,,0.965185403968531,0.8965005093962121,0.9980291683090263,cts,,,,4.563896837675881e-10,0.0,0.000583304,0.0,,,
traj_sweep_592,mega_sweep,0.9507327872368024,0.966961312293878,0.8904777686400144,0.9980291683090263,1.0,,,,0.9293710669059057,0.8665709247280151,0.9980291683090263,routing,,,,4.721524485825983e-10,0.0,,,3446.0,0.693021,0.0
traj_sweep_593,mega_sweep,0.9570802248347616,0.9848382730864278,0.8919425384706657,0.9980291683090263,1.0,1076.77,0.582016,1.187273048097551,1.242684883013441,0.9981751750154455,1.0747028862478776,floorplan,,,,,,,,,,
traj_sweep_593,mega_sweep,0.9570802248347616,0.9848382730864278,0.8919425384706657,0.9980291683090263,1.0,,,,1.119623245644089,0.9058496687901738,1.0115860966839791,placement,3091.56,0.61833,0.69283,4.5167934380024934e-10,,,,,,
traj_sweep_593,mega_sweep,0.9570802248347616,0.9848382730864278,0.8919425384706657,0.9980291683090263,1.0,,,,0.9815306311914982,0.8964432278944547,0.9980291683090263,cts,,,,4.564188464470075e-10,0.0,0.000787898,0.0,,,
traj_sweep_593,mega_sweep,0.9570802248347616,0.9848382730864278,0.8919425384706657,0.9980291683090263,1.0,,,,0.9476836765900007,0.8717753583162512,0.9980291683090263,routing,,,,4.693337338314529e-10,0.0,,,3428.0,0.69283,0.0
traj_sweep_594,mega_sweep,0.9631460003994804,1.0,0.8941683339675214,0.9992107340173638,1.0,1076.77,0.582016,1.187273048097551,1.2628457803728141,0.9981751750154455,1.0747028862478776,floorplan,,,,,,,,,,
traj_sweep_594,mega_sweep,0.9631460003994804,1.0,0.8941683339675214,0.9992107340173638,1.0,,,,1.1378179562173183,0.9079240774609565,1.0128,placement,3096.8,0.617589,0.691376,4.5064735492535025e-10,,,,,,
traj_sweep_594,mega_sweep,0.9631460003994804,1.0,0.8941683339675214,0.9992107340173638,1.0,,,,0.9963413011663488,0.8996264427778256,0.9992107340173638,cts,,,,4.548038658328596e-10,0.0,0.000870845,0.0,,,
traj_sweep_594,mega_sweep,0.9631460003994804,1.0,0.8941683339675214,0.9992107340173638,1.0,,,,0.9610874342946062,0.8759650910162148,0.9992107340173638,routing,,,,4.670889150458681e-10,0.0,,,3415.0,0.691376,0.0
traj_sweep_595,mega_sweep,0.45943377106979993,0.147781614865976,0.9703322736255509,0.6762820512820512,1.0,1076.77,0.656374,1.187273048097551,0.2498446568201564,1.009492363148355,0.9529544599171998,floorplan,,,,,,,,,,
traj_sweep_595,mega_sweep,0.45943377106979993,0.147781614865976,0.9703322736255509,0.6762820512820512,1.0,,,,0.19990167967594333,1.0119963830823175,0.7984862819299905,placement,3566.14,0.78335,0.730149,4.043034054475841e-10,,,,,,
traj_sweep_595,mega_sweep,0.45943377106979993,0.147781614865976,0.9703322736255509,0.6762820512820512,1.0,,,,0.16038478355924793,0.9929421006763308,0.7142454160789844,cts,,,,4.120618752111817e-10,-12.6792,0.00037427,9.0,,,
traj_sweep_595,mega_sweep,0.45943377106979993,0.147781614865976,0.9703322736255509,0.6762820512820512,1.0,,,,0.1443143678437796,0.9547721628267603,0.6762820512820512,routing,,,,4.285353091667988e-10,-13.3868,,,5300.0,0.730149,0.0
traj_sweep_596,mega_sweep,0.4850418708163662,0.16546403616177052,0.9862769887932833,0.6992543496271747,1.0,1076.77,0.656374,1.187273048097551,0.26764233744032356,1.009492363148355,0.9529544599171998,floorplan,,,,,,,,,,
traj_sweep_596,mega_sweep,0.4850418708163662,0.16546403616177052,0.9862769887932833,0.6992543496271747,1.0,,,,0.2150295268996277,1.0154619139386352,0.800252844500632,placement,3550.1,0.781621,0.704469,4.0292361374130694e-10,,,,,,
traj_sweep_596,mega_sweep,0.4850418708163662,0.16546403616177052,0.9862769887932833,0.6992543496271747,1.0,,,,0.1706532472464869,0.9953683814293371,0.7116357504215851,cts,,,,4.110574452779776e-10,-12.2224,0.00139967,8.0,,,
traj_sweep_596,mega_sweep,0.4850418708163662,0.16546403616177052,0.9862769887932833,0.6992543496271747,1.0,,,,0.1605954465849387,0.9621123781233761,0.6992543496271747,routing,,,,4.252658975024134e-10,-12.7749,,,4529.0,0.704469,0.0
traj_sweep_597,mega_sweep,0.4911547093882337,0.17604560503065803,0.9731186095324602,0.6916143130292269,1.0,1076.77,0.656374,1.187273048097551,0.2854338711726591,1.009492363148355,0.9529544599171998,floorplan,,,,,,,,,,
traj_sweep_597,mega_sweep,0.4911547093882337,0.17604560503065803,0.9731186095324602,0.6916143130292269,1.0,,,,0.22942235940011055,1.01514686567897,0.800252844500632,placement,3514.5,0.781621,0.695239,4.030486600647296e-10,,,,,,
traj_sweep_597,mega_sweep,0.4911547093882337,0.17604560503065803,0.9731186095324602,0.6916143130292269,1.0,,,,0.1800979590527953,0.9846280998498407,0.7023578363384189,cts,,,,4.15541242468315e-10,-11.8419,0.000851805,9.0,,,
traj_sweep_597,mega_sweep,0.4911547093882337,0.17604560503065803,0.9731186095324602,0.6916143130292269,1.0,,,,0.17161298946825676,0.9544530230312552,0.6916143130292269,routing,,,,4.286785982209838e-10,-12.4429,,,5284.0,0.695239,0.0
traj_sweep_598,mega_sweep,0.5035381107444564,0.18734905033965954,0.9699885846150069,0.7025527192008878,1.0,1076.77,0.656374,1.187273048097551,0.3032187425663901,1.009492363148355,0.9529544599171998,floorplan,,,,,,,,,,
traj_sweep_598,mega_sweep,0.5035381107444564,0.18734905033965954,0.9699885846150069,0.7025527192008878,1.0,,,,0.24590033848031367,1.0186533118936856,0.8038095238095238,placement,3523.76,0.778162,0.716833,4.0166127101692603e-10,,,,,,
traj_sweep_598,mega_sweep,0.5035381107444564,0.18734905033965954,0.9699885846150069,0.7025527192008878,1.0,,,,0.19401101682748617,0.9947628341250455,0.7170773152081563,cts,,,,4.1130767047674675e-10,-11.1102,0.000282892,12.0,,,
traj_sweep_598,mega_sweep,0.5035381107444564,0.18734905033965954,0.9699885846150069,0.7025527192008878,1.0,,,,0.18228453027747551,0.9588391494515296,0.7025527192008878,routing,,,,4.2671764520134673e-10,-11.7635,,,4872.0,0.716833,0.0
traj_sweep_599,mega_sweep,0.5056668207284034,0.1953549239805745,0.9588146002364908,0.6902944383860414,1.0,1076.77,0.656374,1.187273048097551,0.3209975764265061,1.009492363148355,0.9529544599171998,floorplan,,,,,,,,,,
traj_sweep_599,mega_sweep,0.5056668207284034,0.1953549239805745,0.9588146002364908,0.6902944383860414,1.0,,,,0.26251508061005996,1.0167752969432136,0.8061127029608405,placement,3553.91,0.775939,0.713634,4.024031516214835e-10,,,,,,
traj_sweep_599,mega_sweep,0.5056668207284034,0.1953549239805745,0.9588146002364908,0.6902944383860414,1.0,,,,0.2083972501562411,0.9965099199286436,0.7182978723404255,cts,,,,4.105865639652808e-10,-10.6007,0.00104417,8.0,,,
traj_sweep_599,mega_sweep,0.5056668207284034,0.1953549239805745,0.9588146002364908,0.6902944383860414,1.0,,,,0.19054383848321457,0.9546575998232456,0.6902944383860414,routing,,,,4.2858673524054433e-10,-11.2222,,,5155.0,0.713634,0.0
traj_sweep_600,mega_sweep,0.5264187637238101,0.21186191938421278,0.9825291419640191,0.7008026570716855,1.0,1076.77,0.656374,1.187273048097551,0.3387699017798746,1.009492363148355,0.9529544599171998,floorplan,,,,,,,,,,
traj_sweep_600,mega_sweep,0.5264187637238101,0.21186191938421278,0.9825291419640191,0.7008026570716855,1.0,,,,0.2771020624008461,1.0164397910043492,0.8061127029608405,placement,3526.04,0.775939,0.713638,4.0253597665291335e-10,,,,,,
traj_sweep_600,mega_sweep,0.5264187637238101,0.21186191938421278,0.9825291419640191,0.7008026570716855,1.0,,,,0.22121514973980771,1.0011619961785054,0.7211620620905724,cts,,,,4.086787008921456e-10,-10.1011,0.00131423,10.0,,,
traj_sweep_600,mega_sweep,0.5264187637238101,0.21186191938421278,0.9825291419640191,0.7008026570716855,1.0,,,,0.20637951683410247,0.9686465608595498,0.7008026570716855,routing,,,,4.223971885243132e-10,-10.7028,,,4847.0,0.713638,0.0
traj_sweep_601,mega_sweep,0.5359103549523994,0.22231292920896908,0.9884536858600613,0.700414937759336,1.0,1076.77,0.656374,1.187273048097551,0.35653541807592437,1.009492363148355,0.9529544599171998,floorplan,,,,,,,,,,
traj_sweep_601,mega_sweep,0.5359103549523994,0.22231292920896908,0.9884536858600613,0.700414937759336,1.0,,,,0.2921925168464433,1.016337502608354,0.8066263141127746,placement,3490.04,0.775445,0.7193,4.0257648953301125e-10,,,,,,
traj_sweep_601,mega_sweep,0.5359103549523994,0.22231292920896908,0.9884536858600613,0.700414937759336,1.0,,,,0.23353434240667761,1.0010801654617094,0.7199317600227466,cts,,,,4.087121072787539e-10,-9.54891,0.000822994,13.0,,,
traj_sweep_601,mega_sweep,0.5359103549523994,0.22231292920896908,0.9884536858600613,0.700414937759336,1.0,,,,0.21616771724475525,0.9677832467973503,0.700414937759336,routing,,,,4.227739892530852e-10,-10.2378,,,4778.0,0.7193,0.0
traj_sweep_602,mega_sweep,0.5577773907929987,0.24214711354637228,0.9957161619757209,0.7197271176805002,1.0,1076.77,0.656374,1.187273048097551,0.37429428829065226,1.009492363148355,0.9529544599171998,floorplan,,,,,,,,,,
traj_sweep_602,mega_sweep,0.5577773907929987,0.24214711354637228,0.9957161619757209,0.7197271176805002,1.0,,,,0.3083616848613992,1.0164725232910679,0.8089456869009584,placement,3487.14,0.773221,0.701202,4.0252301425333995e-10,,,,,,
traj_sweep_602,mega_sweep,0.5577773907929987,0.24214711354637228,0.9957161619757209,0.7197271176805002,1.0,,,,0.24978215702760734,1.0026103998657976,0.735191637630662,cts,,,,4.0808831031035114e-10,-8.92024,0.00108259,10.0,,,
traj_sweep_602,mega_sweep,0.5577773907929987,0.24214711354637228,0.9957161619757209,0.7197271176805002,1.0,,,,0.23540691163661845,0.9681433019512534,0.7197271176805002,routing,,,,4.2261675844493935e-10,-9.5411,,,4305.0,0.701202,0.0
traj_sweep_603,mega_sweep,0.5425896248023782,0.23920985630000122,0.9710810246842357,0.6876697447039651,1.0,1076.77,0.656374,1.187273048097551,0.3920478837109876,1.009492363148355,0.9529544599171998,floorplan,,,,,,,,,,
traj_sweep_603,mega_sweep,0.5425896248023782,0.23920985630000122,0.9710810246842357,0.6876697447039651,1.0,,,,0.3241761313933124,1.0168203038374515,0.8107588856868395,placement,3500.82,0.771492,0.734526,4.0238534029728227e-10,,,,,,
traj_sweep_603,mega_sweep,0.5425896248023782,0.23920985630000122,0.9710810246842357,0.6876697447039651,1.0,,,,0.2556890282417076,0.9947792002684047,0.7197271176805002,cts,,,,4.1130090362808525e-10,-8.47741,0.000845185,11.0,,,
traj_sweep_603,mega_sweep,0.5425896248023782,0.23920985630000122,0.9710810246842357,0.6876697447039651,1.0,,,,0.23347488286116239,0.9594078729332629,0.6876697447039651,routing,,,,4.2646469298806754e-10,-9.16002,,,4816.0,0.734526,0.0
traj_sweep_604,mega_sweep,0.5710835759791159,0.2636708119820495,0.9878685962349687,0.7150522451284947,1.0,1076.77,0.656374,1.187273048097551,0.4097940906220146,1.009492363148355,0.9529544599171998,floorplan,,,,,,,,,,
traj_sweep_604,mega_sweep,0.5710835759791159,0.2636708119820495,0.9878685962349687,0.7150522451284947,1.0,,,,0.3380409902818764,1.0113990188497055,0.8092042186001918,placement,3534.75,0.772974,0.716815,4.045421998195742e-10,,,,,,
traj_sweep_604,mega_sweep,0.5710835759791159,0.2636708119820495,0.9878685962349687,0.7150522451284947,1.0,,,,0.27478721924177124,0.9944068705069822,0.7394859813084111,cts,,,,4.1145490454246215e-10,-7.86846,0.000638753,8.0,,,
traj_sweep_604,mega_sweep,0.5710835759791159,0.2636708119820495,0.9878685962349687,0.7150522451284947,1.0,,,,0.2559905655002678,0.969538515672628,0.7150522451284947,routing,,,,4.2200859209493504e-10,-8.45931,,,4425.0,0.716815,0.0
traj_sweep_605,mega_sweep,0.582164425918003,0.27588557008502274,0.9871689436063615,0.7244635193133047,1.0,1076.77,0.655385,1.187273048097551,0.42863139016875107,1.009492363148355,0.9543912551828119,floorplan,,,,,,,,,,
traj_sweep_605,mega_sweep,0.582164425918003,0.27588557008502274,0.9871689436063615,0.7244635193133047,1.0,,,,0.3517872975919485,1.0120577561199147,0.805856142584341,placement,3631.89,0.776186,0.707283,4.0427888774792405e-10,,,,,,
traj_sweep_605,mega_sweep,0.582164425918003,0.27588557008502274,0.9871689436063615,0.7244635193133047,1.0,,,,0.29081247957232126,0.9960271186995463,0.7531231409875073,cts,,,,4.1078558635534594e-10,-7.45693,0.00195154,6.0,,,
traj_sweep_605,mega_sweep,0.582164425918003,0.27588557008502274,0.9871689436063615,0.7244635193133047,1.0,,,,0.2680067101584343,0.9618464282937886,0.7244635193133047,routing,,,,4.253834832101139e-10,-8.07402,,,4343.0,0.707283,0.0
traj_sweep_606,mega_sweep,0.5843890619993193,0.28184633719881763,0.9964280892118474,0.7106371035644119,1.0,1076.77,0.648468,1.187273048097551,0.4497989153692725,1.009492363148355,0.9645714285714285,floorplan,,,,,,,,,,
traj_sweep_606,mega_sweep,0.5843890619993193,0.28184633719881763,0.9964280892118474,0.7106371035644119,1.0,,,,0.36931587015217954,1.0204740453424002,0.8138862102217936,placement,3507.92,0.768528,0.72427,4.0094462553776696e-10,,,,,,
traj_sweep_606,mega_sweep,0.5843890619993193,0.28184633719881763,0.9964280892118474,0.7106371035644119,1.0,,,,0.2952544288492877,1.0001759360411118,0.7317919075144508,cts,,,,4.090816117815504e-10,-6.95295,0.000893972,10.0,,,
traj_sweep_606,mega_sweep,0.5843890619993193,0.28184633719881763,0.9964280892118474,0.7106371035644119,1.0,,,,0.2745550921894811,0.9764327535627049,0.7106371035644119,routing,,,,4.190289423290467e-10,-7.57673,,,4527.0,0.72427,0.0
traj_sweep_607,mega_sweep,0.596251771772693,0.29660067362737286,0.9938463300969285,0.7191138880999716,1.0,1076.77,0.647233,1.187273048097551,0.46846565066556156,1.009492363148355,0.9664122137404579,floorplan,,,,,,,,,,
traj_sweep_607,mega_sweep,0.596251771772693,0.29660067362737286,0.9938463300969285,0.7191138880999716,1.0,,,,0.38608618693383573,1.008514486082641,0.8151963940759819,placement,3530.3,0.767292,0.706494,4.056992632501379e-10,,,,,,
traj_sweep_607,mega_sweep,0.596251771772693,0.29660067362737286,0.9938463300969285,0.7191138880999716,1.0,,,,0.3117294870994374,0.9947792002684047,0.7429577464788731,cts,,,,4.1130090362808525e-10,-6.63624,0.00115493,6.0,,,
traj_sweep_607,mega_sweep,0.596251771772693,0.29660067362737286,0.9938463300969285,0.7191138880999716,1.0,,,,0.288675557211669,0.9633684796261973,0.7191138880999716,routing,,,,4.247114085978578e-10,-7.09569,,,4426.0,0.706494,0.0
traj_sweep_608,mega_sweep,0.6104135990366428,0.3138409422282756,0.9969027073692652,0.726959517657192,1.0,1076.77,0.643528,1.187273048097551,0.48926903100057717,1.009492363148355,0.9719769673704415,floorplan,,,,,,,,,,
traj_sweep_608,mega_sweep,0.6104135990366428,0.3138409422282756,0.9969027073692652,0.726959517657192,1.0,,,,0.4025154415683886,1.0091609487453306,0.8188874514877101,placement,3473.1,0.763834,0.712297,4.054393746503085e-10,,,,,,
traj_sweep_608,mega_sweep,0.6104135990366428,0.3138409422282756,0.9969027073692652,0.726959517657192,1.0,,,,0.32064309874834085,1.0013133830045784,0.7447058823529411,cts,,,,4.086169134712824e-10,-5.97472,0.00108621,10.0,,,
traj_sweep_608,mega_sweep,0.6104135990366428,0.3138409422282756,0.9969027073692652,0.726959517657192,1.0,,,,0.30417012894043427,0.978752654383876,0.726959517657192,routing,,,,4.180357336945162e-10,-6.60341,,,4102.0,0.712297,0.0
traj_sweep_609,mega_sweep,0.6029641162581968,0.31353763438984433,0.9769646532218799,0.7156585641605426,1.0,1076.77,0.643528,1.187273048097551,0.5073004959200206,1.009492363148355,0.9719769673704415,floorplan,,,,,,,,,,
traj_sweep_609,mega_sweep,0.6029641162581968,0.31353763438984433,0.9769646532218799,0.7156585641605426,1.0,,,,0.4176230165276774,0.9992389743337957,0.8178294573643411,placement,3481.37,0.764822,0.718272,4.09465197505538e-10,,,,,,
traj_sweep_609,mega_sweep,0.6029641162581968,0.31353763438984433,0.9769646532218799,0.7156585641605426,1.0,,,,0.33091893285217167,0.9952292692107837,0.7399181765049678,cts,,,,4.1111490250410086e-10,-5.59219,0.00157546,10.0,,,
traj_sweep_609,mega_sweep,0.6029641162581968,0.31353763438984433,0.9769646532218799,0.7156585641605426,1.0,,,,0.306014836608318,0.9652383115049896,0.7156585641605426,routing,,,,4.2388866987974277e-10,-6.22271,,,4745.0,0.718272,0.0
traj_sweep_610,mega_sweep,0.6176359337099318,0.3336650206066907,0.9777665942464823,0.7221905305191101,1.0,1076.77,0.643281,1.187273048097551,0.5255137246646316,1.0093491593939616,0.9723502304147464,floorplan,,,,,,,,,,
traj_sweep_610,mega_sweep,0.6176359337099318,0.3336650206066907,0.9777665942464823,0.7221905305191101,1.0,,,,0.43382509123911406,0.9993330796581112,0.8228794280142996,placement,3471.13,0.760128,0.697093,4.094266389348357e-10,,,,,,
traj_sweep_610,mega_sweep,0.6176359337099318,0.3336650206066907,0.9777665942464823,0.7221905305191101,1.0,,,,0.34375179304356474,0.9909945296165822,0.7369033760186262,cts,,,,4.1287168773688515e-10,-5.18383,0.000829684,9.0,,,
traj_sweep_610,mega_sweep,0.6176359337099318,0.3336650206066907,0.9777665942464823,0.7221905305191101,1.0,,,,0.32458242510379554,0.9627220169635076,0.7221905305191101,routing,,,,4.249966000271998e-10,-5.82479,,,4449.0,0.697093,0.0
traj_sweep_611,mega_sweep,0.6454146867111481,0.36115420166378653,0.9881631868154349,0.7533472180898542,1.0,1076.77,0.643034,1.187273048097551,0.5437296175511415,1.0093491593939616,0.9727237802535534,floorplan,,,,,,,,,,
traj_sweep_611,mega_sweep,0.6454146867111481,0.36115420166378653,0.9881631868154349,0.7533472180898542,1.0,,,,0.4464548308890744,1.012352346700381,0.8231469440832249,placement,3545.62,0.759881,0.698121,4.0416124416997403e-10,,,,,,
traj_sweep_611,mega_sweep,0.6454146867111481,0.36115420166378653,0.9881631868154349,0.7533472180898542,1.0,,,,0.3643890828437157,0.9992757981563539,0.7576301615798923,cts,,,,4.0945010850427877e-10,-4.65592,0.00155324,6.0,,,
traj_sweep_611,mega_sweep,0.6454146867111481,0.36115420166378653,0.9881631868154349,0.7533472180898542,1.0,,,,0.3506623744024973,0.9634707680221924,0.7533472180898542,routing,,,,4.2466631844028554e-10,-5.20595,,,4056.0,0.698121,0.0
traj_sweep_612,mega_sweep,0.6550179178990979,0.3755401215221189,0.990998621152422,0.7551446465851476,1.0,1076.77,0.638587,1.187273048097551,0.5673107880333571,1.0093246101789228,0.9794970986460347,floorplan,,,,,,,,,,
traj_sweep_612,mega_sweep,0.6550179178990979,0.3755401215221189,0.990998621152422,0.7551446465851476,1.0,,,,0.464349380719368,1.0041856411641237,0.827721477607061,placement,3473.01,0.755682,0.716951,4.0744815222262966e-10,,,,,,
traj_sweep_612,mega_sweep,0.6550179178990979,0.3755401215221189,0.990998621152422,0.7551446465851476,1.0,,,,0.37887609563600644,0.9981056189061688,0.7601320924647252,cts,,,,4.0993014790279734e-10,-4.19347,0.00154405,7.0,,,
traj_sweep_612,mega_sweep,0.6550179178990979,0.3755401215221189,0.990998621152422,0.7551446465851476,1.0,,,,0.3636643229298397,0.9634707680221924,0.7551446465851476,routing,,,,4.2466631844028554e-10,-4.73614,,,3903.0,0.716951,0.0
traj_sweep_613,mega_sweep,0.6589834339277019,0.38574727642660306,0.9821118053083586,0.7553699284009546,1.0,1076.77,0.638587,1.187273048097551,0.5855072841468818,1.0093246101789228,0.9794970986460347,floorplan,,,,,,,,,,
traj_sweep_613,mega_sweep,0.6589834339277019,0.38574727642660306,0.9821118053083586,0.7553699284009546,1.0,,,,0.4864247515534674,1.0131542877249833,0.8367481824190349,placement,3436.51,0.74753,0.707363,4.0384133881480646e-10,,,,,,
traj_sweep_613,mega_sweep,0.6589834339277019,0.38574727642660306,0.9821118053083586,0.7553699284009546,1.0,,,,0.4133879819126083,1.0051144197997601,0.7972292191435767,cts,,,,4.070716486808843e-10,-3.50995,0.00190797,3.0,,,
traj_sweep_613,mega_sweep,0.6589834339277019,0.38574727642660306,0.9821118053083586,0.7553699284009546,1.0,,,,0.3739461879676096,0.9622105749835316,0.7553699284009546,routing,,,,4.252224976719068e-10,-4.22504,,,4063.0,0.707363,0.0
traj_sweep_614,mega_sweep,0.664453872653627,0.39659741606628646,0.975724917862418,0.7580838323353293,1.0,1076.77,0.638587,1.187273048097551,0.6036988022222372,1.0093246101789228,0.9794970986460347,floorplan,,,,,,,,,,
traj_sweep_614,mega_sweep,0.664453872653627,0.39659741606628646,0.975724917862418,0.7580838323353293,1.0,,,,0.5047772578932882,1.008768161304709,0.8451268357810413,placement,3519.75,0.740119,0.726176,4.055972419387548e-10,,,,,,
traj_sweep_614,mega_sweep,0.664453872653627,0.39659741606628646,0.975724917862418,0.7580838323353293,1.0,,,,0.4286497908408817,1.00618640218979,0.8053435114503816,cts,,,,4.0663795802683e-10,-3.16886,0.000767504,4.0,,,
traj_sweep_614,mega_sweep,0.664453872653627,0.39659741606628646,0.975724917862418,0.7580838323353293,1.0,,,,0.3851875981817753,0.9609503819448706,0.7580838323353293,routing,,,,4.257801356535512e-10,-3.97803,,,4086.0,0.726176,0.0
traj_sweep_615,mega_sweep,0.6848929607845863,0.4228958383823173,0.987713117873056,0.7691373025516403,1.0,1076.77,0.632164,1.187273048097551,0.6311235651254824,1.0092836948205248,0.9894490035169988,floorplan,,,,,,,,,,
traj_sweep_615,mega_sweep,0.6848929607845863,0.4228958383823173,0.987713117873056,0.7691373025516403,1.0,,,,0.5259058336771449,1.0043861264202745,0.850235057085292,placement,3414.91,0.735672,0.736636,4.0736682160184783e-10,,,,,,
traj_sweep_615,mega_sweep,0.6848929607845863,0.4228958383823173,0.987713117873056,0.7691373025516403,1.0,,,,0.4481871228367662,1.0025367522206812,0.8125802310654685,cts,,,,4.081182890048852e-10,-2.81344,0.00187142,3.0,,,
traj_sweep_615,mega_sweep,0.6848929607845863,0.4228958383823173,0.987713117873056,0.7691373025516403,1.0,,,,0.4089865447586453,0.9698944792906914,0.7691373025516403,routing,,,,4.218537095705951e-10,-3.40311,,,3914.0,0.736636,0.0
traj_sweep_616,mega_sweep,0.684881222680565,0.4273624991380561,0.9791208926094588,0.7677380230442692,1.0,1076.77,0.632164,1.187273048097551,0.649571908215965,1.0092836948205248,0.9894490035169988,floorplan,,,,,,,,,,
traj_sweep_616,mega_sweep,0.684881222680565,0.4273624991380561,0.9791208926094588,0.7677380230442692,1.0,,,,0.5435076461569632,1.0003805128331023,0.8530997304582209,placement,3293.12,0.733202,0.70467,4.0899795501022496e-10,,,,,,
traj_sweep_616,mega_sweep,0.684881222680565,0.4273624991380561,0.9791208926094588,0.7677380230442692,1.0,,,,0.44330657195358075,0.9933307965811127,0.7863354037267081,cts,,,,4.1190063309127306e-10,-2.50817,0.00165626,4.0,,,
traj_sweep_616,mega_sweep,0.684881222680565,0.4273624991380561,0.9791208926094588,0.7677380230442692,1.0,,,,0.4145980821620774,0.9583931720449905,0.7677380230442692,routing,,,,4.269162134239534e-10,-3.06388,,,3915.0,0.70467,0.0
traj_sweep_617,mega_sweep,0.7160353267907977,0.464482583066073,0.9870339229236479,0.8007590132827324,1.0,1076.77,0.632164,1.187273048097551,0.6680145992997688,1.0092836948205248,0.9894490035169988,floorplan,,,,,,,,,,
traj_sweep_617,mega_sweep,0.7160353267907977,0.464482583066073,0.9870339229236479,0.8007590132827324,1.0,,,,0.5588038689578624,0.9995499310576211,0.8528123947457056,placement,3298.45,0.733449,0.729327,4.0933781421793965e-10,,,,,,
traj_sweep_617,mega_sweep,0.7160353267907977,0.464482583066073,0.9870339229236479,0.8007590132827324,1.0,,,,0.46986792709324576,0.9950042347395942,0.807140580172139,cts,,,,4.112078820326828e-10,-1.98018,0.00188383,3.0,,,
traj_sweep_617,mega_sweep,0.7160353267907977,0.464482583066073,0.9870339229236479,0.8007590132827324,1.0,,,,0.44810331716924917,0.9602220885653848,0.8007590132827324,routing,,,,4.261030743336813e-10,-2.57983,,,3639.0,0.729327,0.0
traj_sweep_618,mega_sweep,0.6901020364254337,0.44708006954998963,0.9659256895260774,0.7610459873760144,1.0,1076.77,0.631423,1.187273048097551,0.6886890415630497,1.0092836948205248,0.9906103286384976,floorplan,,,,,,,,,,
traj_sweep_618,mega_sweep,0.6901020364254337,0.44708006954998963,0.9659256895260774,0.7610459873760144,1.0,,,,0.5781264575231515,1.004521147102988,0.8559837728194726,placement,3307.98,0.730731,0.72308,4.073120662126495e-10,,,,,,
traj_sweep_618,mega_sweep,0.6901020364254337,0.44708006954998963,0.9659256895260774,0.7610459873760144,1.0,,,,0.49826041877472493,0.9849595142528651,0.8266405484818804,cts,,,,4.154014231652758e-10,-1.66071,0.00140771,1.0,,,
traj_sweep_618,mega_sweep,0.6901020364254337,0.44708006954998963,0.9659256895260774,0.7610459873760144,1.0,,,,0.4340168021771835,0.9551363095165032,0.7610459873760144,routing,,,,4.2837192964419426e-10,-2.26339,,,4036.0,0.72308,0.0
traj_sweep_619,mega_sweep,0.6729939821208115,0.43481795088907704,0.960708981330322,0.7296829971181555,1.0,1076.77,0.6292,1.187273048097551,0.7107964881752749,1.0092836948205248,0.9941107184923439,floorplan,,,,,,,,,,
traj_sweep_619,mega_sweep,0.6729939821208115,0.43481795088907704,0.960708981330322,0.7296829971181555,1.0,,,,0.5936392491817032,0.9979337744008968,0.8577235772357723,placement,3352.76,0.729249,0.70579,4.100007380013284e-10,,,,,,
traj_sweep_619,mega_sweep,0.6729939821208115,0.43481795088907704,0.960708981330322,0.7296829971181555,1.0,,,,0.47040287268929887,0.9768787309692439,0.7686703096539161,cts,,,,4.1883764177654175e-10,-1.31907,0.0014791,7.0,,,
traj_sweep_619,mega_sweep,0.6729939821208115,0.43481795088907704,0.960708981330322,0.7296829971181555,1.0,,,,0.42268797682097403,0.9459589946278134,0.7296829971181555,routing,,,,4.325278223521728e-10,-1.94565,,,4256.0,0.70579,0.0
traj_sweep_620,mega_sweep,0.7125709266348675,0.4830959945382511,0.9666498913697235,0.7747858017135862,1.0,1076.77,0.628211,1.187273048097551,0.7312242672785563,1.0092836948205248,0.995674400314589,floorplan,,,,,,,,,,
traj_sweep_620,mega_sweep,0.7125709266348675,0.4830959945382511,0.9666498913697235,0.7747858017135862,1.0,,,,0.6055966440352444,0.9879381523442454,0.8583050847457626,placement,3388.08,0.728755,0.703711,4.141489859562079e-10,,,,,,
traj_sweep_620,mega_sweep,0.7125709266348675,0.4830959945382511,0.9666498913697235,0.7747858017135862,1.0,,,,0.5183196398651513,0.9811011959559259,0.8220779220779221,cts,,,,4.1703504762540244e-10,-0.895063,0.000693008,2.0,,,
traj_sweep_620,mega_sweep,0.7125709266348675,0.4830959945382511,0.9666498913697235,0.7747858017135862,1.0,,,,0.4678352222147026,0.9492485894430193,0.7747858017135862,routing,,,,4.310289091089339e-10,-1.4621,,,3849.0,0.703711,0.0
traj_sweep_621,mega_sweep,0.7233452978790677,0.4978463737365623,0.965892957239359,0.7870686975442959,1.0,1076.77,0.593132,1.187273048097551,0.7954644029989466,1.010216564992001,1.054560599750104,floorplan,,,,,,,,,,
traj_sweep_621,mega_sweep,0.7233452978790677,0.4978463737365623,0.965892957239359,0.7870686975442959,1.0,,,,0.6572947828058602,0.9944559689370599,0.8994671403197158,placement,3294.82,0.695405,0.74122,4.114345901288613e-10,,,,,,
traj_sweep_621,mega_sweep,0.7233452978790677,0.4978463737365623,0.965892957239359,0.7870686975442959,1.0,,,,0.5295596038880492,0.9744688163595969,0.8328947368421052,cts,,,,4.198734501421272e-10,-0.367142,0.00106511,2.0,,,
traj_sweep_621,mega_sweep,0.7233452978790677,0.4978463737365623,0.965892957239359,0.7870686975442959,1.0,,,,0.4827339849216134,0.9476938058238921,0.7870686975442959,routing,,,,4.3173605384612063e-10,-1.2017,,,3924.0,0.74122,0.0
traj_sweep_622,mega_sweep,0.7596857043183861,0.5342853830444386,0.9797223483779106,0.8375785643400594,1.0,1076.77,0.582016,1.187273048097551,0.8380442587636269,0.9981751750154455,1.0747028862478776,floorplan,,,,,,,,,,
traj_sweep_622,mega_sweep,0.7596857043183861,0.5342853830444386,0.9797223483779106,0.8375785643400594,1.0,,,,0.6944419759287522,0.9781552901512641,0.9308823529411764,placement,3269.26,0.671937,0.702066,4.182910301671491e-10,,,,,,
traj_sweep_622,mega_sweep,0.7596857043183861,0.5342853830444386,0.9797223483779106,0.8375785643400594,1.0,,,,0.5607880211794732,0.9741169442773734,0.8615175229669955,cts,,,,4.200251175020266e-10,-0.192529,0.00117015,9.0,,,
traj_sweep_622,mega_sweep,0.7596857043183861,0.5342853830444386,0.9797223483779106,0.8375785643400594,1.0,,,,0.5174958466619255,0.9554513577761684,0.8375785643400594,routing,,,,4.2823067930232657e-10,-0.350038,,,3939.0,0.702066,0.0
traj_sweep_623,mega_sweep,0.7628368558042665,0.5468746672021859,0.9700908730110022,0.8367481824190349,1.0,1076.77,0.582016,1.187273048097551,0.8583395018983262,0.9981751750154455,1.0747028862478776,floorplan,,,,,,,,,,
traj_sweep_623,mega_sweep,0.7628368558042665,0.5468746672021859,0.9700908730110022,0.8367481824190349,1.0,,,,0.7225436082155103,0.954158432450789,0.9561933534743201,placement,3227.23,0.65415,0.688757,4.288109501164222e-10,,,,,,
traj_sweep_623,mega_sweep,0.7628368558042665,0.5468746672021859,0.9700908730110022,0.8367481824190349,1.0,,,,0.6227547399933474,0.9713428829779834,0.9210622044379774,cts,,,,4.21224668601492e-10,-0.00748426,0.00105548,7.0,,,
traj_sweep_623,mega_sweep,0.7628368558042665,0.5468746672021859,0.9700908730110022,0.8367481824190349,1.0,,,,0.5304943019648702,0.9513189065779621,0.8367481824190349,routing,,,,4.300908782025642e-10,-0.141226,,,3867.0,0.688757,0.0
traj_sweep_624,mega_sweep,0.8309168154783562,0.6347006808486595,0.9774024475567393,0.9247626004382761,1.0,1076.77,0.582016,1.187273048097551,0.8786315928411852,0.9981751750154455,1.0747028862478776,floorplan,,,,,,,,,,
traj_sweep_624,mega_sweep,0.8309168154783562,0.6347006808486595,0.9774024475567393,0.9247626004382761,1.0,,,,0.7618765021809442,0.9550094719054691,0.9817758821248544,placement,3166.61,0.637105,0.713591,4.284288229774946e-10,,,,,,
traj_sweep_624,mega_sweep,0.8309168154783562,0.6347006808486595,0.9774024475567393,0.9247626004382761,1.0,,,,0.6603399943420004,0.9532091961359536,0.9554716981132075,cts,,,,4.2923797382506835e-10,-0.00079331,0.000908697,5.0,,,
traj_sweep_624,mega_sweep,0.8309168154783562,0.6347006808486595,0.9774024475567393,0.9247626004382761,1.0,,,,0.6113042236083996,0.9462208529215612,0.9247626004382761,routing,,,,4.324081240838353e-10,-0.0282078,,,3524.0,0.713591,0.0
traj_sweep_625,mega_sweep,0.8355191854140607,0.6507643399737858,0.9628324884311824,0.9308823529411764,1.0,1076.77,0.582016,1.187273048097551,0.898911695274677,0.9981751750154455,1.0747028862478776,floorplan,,,,,,,,,,
traj_sweep_625,mega_sweep,0.8355191854140607,0.6507643399737858,0.9628324884311824,0.9308823529411764,1.0,,,,0.795158229108139,0.9551485841240226,0.9968503937007873,placement,3134.44,0.62747,0.717508,4.2836642463963674e-10,,,,,,
traj_sweep_625,mega_sweep,0.8355191854140607,0.6507643399737858,0.9628324884311824,0.9308823529411764,1.0,,,,0.6960663953123609,0.9436022699840839,0.9817758821248544,cts,,,,4.336080963303747e-10,0.0,0.00374065,1.0,,,
traj_sweep_625,mega_sweep,0.8355191854140607,0.6507643399737858,0.9628324884311824,0.9308823529411764,1.0,,,,0.6281392634220331,0.9427553220652436,0.9308823529411764,routing,,,,4.3399763905284354e-10,-0.00717409,,,3653.0,0.717508,0.0
traj_sweep_626,mega_sweep,0.8644098738801551,0.7026243056125661,0.9537451873309685,0.9638370765131327,1.0,1076.77,0.582016,1.187273048097551,0.9191901111321363,0.9981751750154455,1.0747028862478776,floorplan,,,,,,,,,,
traj_sweep_626,mega_sweep,0.8644098738801551,0.7026243056125661,0.9537451873309685,0.9638370765131327,1.0,,,,0.8178409566626018,0.9484057330600187,1.0,placement,3199.09,0.625494,0.700785,4.3141196823082264e-10,,,,,,
traj_sweep_626,mega_sweep,0.8644098738801551,0.7026243056125661,0.9537451873309685,0.9638370765131327,1.0,,,,0.7174729648273303,0.9380582389211438,0.9867498051441932,cts,,,,4.3617076957970583e-10,0.0,0.000231738,0.0,,,
traj_sweep_626,mega_sweep,0.8644098738801551,0.7026243056125661,0.9537451873309685,0.9638370765131327,1.0,,,,0.6767476711524124,0.9296828650570564,0.9638370765131327,routing,,,,4.401001667979632e-10,-0.00124065,,,3517.0,0.700785,0.0
traj_sweep_627,mega_sweep,0.8775413667385399,0.7355845771653318,0.9321173288817424,0.9855975087582716,1.0,1076.77,0.582016,1.187273048097551,0.9394607817514662,0.9981751750154455,1.0747028862478776,floorplan,,,,,,,,,,
traj_sweep_627,mega_sweep,0.8775413667385399,0.7355845771653318,0.9321173288817424,0.9855975087582716,1.0,,,,0.8389008947616536,0.9463926974268331,1.0027722772277228,placement,3111.44,0.623765,0.708605,4.3232960809321025e-10,,,,,,
traj_sweep_627,mega_sweep,0.8775413667385399,0.7355845771653318,0.9321173288817424,0.9855975087582716,1.0,,,,0.7389931417857672,0.9360656609671573,0.9902229174814234,cts,,,,4.3709923463924014e-10,0.0,0.000770897,0.0,,,
traj_sweep_627,mega_sweep,0.8775413667385399,0.7355845771653318,0.9321173288817424,0.9855975087582716,1.0,,,,0.7086944521115098,0.9109272647673757,0.9855975087582716,routing,,,,4.491616397993146e-10,0.0,,,3446.0,0.708605,0.0
traj_sweep_628,mega_sweep,0.8902788029838921,0.7646673417118351,0.9289913955001289,0.9933307179285994,1.0,1076.77,0.582016,1.187273048097551,0.9597223334668269,0.9981751750154455,1.0747028862478776,floorplan,,,,,,,,,,
traj_sweep_628,mega_sweep,0.8902788029838921,0.7646673417118351,0.9289913955001289,0.9933307179285994,1.0,,,,0.8604104532986103,0.9405172519608685,1.0051607780865421,placement,3086.52,0.622283,0.713027,4.3503038687252303e-10,,,,,,
traj_sweep_628,mega_sweep,0.8902788029838921,0.7646673417118351,0.9289913955001289,0.9933307179285994,1.0,,,,0.7641276805605156,0.9299447233508041,0.9941107184923439,cts,,,,4.3997624128297074e-10,0.0,0.000728924,0.0,,,
traj_sweep_628,mega_sweep,0.8902788029838921,0.7646673417118351,0.9289913955001289,0.9933307179285994,1.0,,,,0.7362203434263993,0.904671306468309,0.9933307179285994,routing,,,,4.522676700978707e-10,0.0,,,3428.0,0.713027,0.0
traj_sweep_629,mega_sweep,0.8923737178583957,0.7755760766376112,0.9220439676441345,0.9937205651491364,1.0,1076.77,0.582016,1.187273048097551,0.9799786264203616,0.9981751750154455,1.0747028862478776,floorplan,,,,,,,,,,
traj_sweep_629,mega_sweep,0.8923737178583957,0.7755760766376112,0.9220439676441345,0.9937205651491364,1.0,,,,0.880314251008973,0.9365320960528953,1.0063593004769475,placement,3140.15,0.621542,0.708539,4.3688153957054543e-10,,,,,,
traj_sweep_629,mega_sweep,0.8923737178583957,0.7755760766376112,0.9220439676441345,0.9937205651491364,1.0,,,,0.7745399698340875,0.924658459045772,0.9945011783189316,cts,,,,4.424915815976601e-10,0.0,0.000389543,0.0,,,
traj_sweep_629,mega_sweep,0.8923737178583957,0.7755760766376112,0.9220439676441345,0.9937205651491364,1.0,,,,0.7472331933646531,0.902793291517837,0.9937205651491364,routing,,,,4.5320848950142534e-10,0.0,,,3413.0,0.708539,0.0
traj_sweep_630,mega_sweep,0.8967154098666559,0.7906946051410194,0.9147978576718343,0.9968503937007873,1.0,1076.77,0.582016,1.187273048097551,1.000228169468699,0.9981751750154455,1.0747028862478776,floorplan,,,,,,,,,,
traj_sweep_630,mega_sweep,0.8967154098666559,0.7906946051410194,0.9147978576718343,0.9968503937007873,1.0,,,,0.8991635315776835,0.928389939731677,1.0103750997605745,placement,3111.44,0.619071,0.706286,4.407130737533329e-10,,,,,,
traj_sweep_630,mega_sweep,0.8967154098666559,0.7906946051410194,0.9147978576718343,0.9968503937007873,1.0,,,,0.7890111240857969,0.9203173395197355,0.9968503937007873,cts,,,,4.445788060391585e-10,0.0,0.0011519,0.0,,,
traj_sweep_630,mega_sweep,0.8967154098666559,0.7906946051410194,0.9147978576718343,0.9968503937007873,1.0,,,,0.7612343608379287,0.8912919842721362,0.9968503937007873,routing,,,,4.590567302307219e-10,0.0,,,3418.0,0.706286,0.0
traj_sweep_631,mega_sweep,0.9014056446959536,0.8080239531726265,0.9078667959591992,0.9984227129337538,1.0,1076.77,0.582016,1.187273048097551,1.020468184889313,0.9981751750154455,1.0747028862478776,floorplan,,,,,,,,,,
traj_sweep_631,mega_sweep,0.9014056446959536,0.8080239531726265,0.9078667959591992,0.9984227129337538,1.0,,,,0.9172246264391278,0.9229072817063341,1.0103750997605745,placement,3084.59,0.619071,0.704894,4.4333119056591224e-10,,,,,,
traj_sweep_631,mega_sweep,0.9014056446959536,0.8080239531726265,0.9078667959591992,0.9984227129337538,1.0,,,,0.8075701274718164,0.9131530602642314,0.9984227129337538,cts,,,,4.480668157235607e-10,0.0,0.000743405,0.0,,,
traj_sweep_631,mega_sweep,0.9014056446959536,0.8080239531726265,0.9078667959591992,0.9984227129337538,1.0,,,,0.7795454545454545,0.8863044020834101,0.9984227129337538,routing,,,,4.616400223433771e-10,0.0,,,3452.0,0.704894,0.0
traj_sweep_632,mega_sweep,0.9001140535567516,0.8220453713867546,0.8896021799702954,0.9972430090586843,1.0,1076.77,0.582016,1.187273048097551,1.0407059559240774,0.9981751750154455,1.0747028862478776,floorplan,,,,,,,,,,
traj_sweep_632,mega_sweep,0.9001140535567516,0.8220453713867546,0.8896021799702954,0.9972430090586843,1.0,,,,0.9373686379021701,0.9055264374588289,1.0107784431137723,placement,3064.66,0.618824,0.695823,4.518405725723736e-10,,,,,,
traj_sweep_632,mega_sweep,0.9001140535567516,0.8220453713867546,0.8896021799702954,0.9972430090586843,1.0,,,,0.8218536656743991,0.8966027977922073,0.9972430090586843,cts,,,,4.563376168224299e-10,0.0,0.000647427,0.0,,,
traj_sweep_632,mega_sweep,0.9001140535567516,0.8220453713867546,0.8896021799702954,0.9972430090586843,1.0,,,,0.7928082116249012,0.8754168252136805,0.9972430090586843,routing,,,,4.673814486955384e-10,0.0,,,3456.0,0.695823,0.0
traj_sweep_633,mega_sweep,0.9141603746219544,0.8361261269643373,0.9165694926904713,0.9968503937007873,1.0,1076.77,0.582016,1.187273048097551,1.0609291069004192,0.9981751750154455,1.0747028862478776,floorplan,,,,,,,,,,
traj_sweep_633,mega_sweep,0.9141603746219544,0.8361261269643373,0.9165694926904713,0.9968503937007873,1.0,,,,0.9528788039444386,0.9295887597327409,1.0103750997605745,placement,3101.12,0.619071,0.693292,4.4014471958379914e-10,,,,,,
traj_sweep_633,mega_sweep,0.9141603746219544,0.8361261269643373,0.9165694926904713,0.9968503937007873,1.0,,,,0.8335899671632376,0.9204196279157307,0.9968503937007873,cts,,,,4.4452939895179965e-10,0.0,0.00248632,0.0,,,
traj_sweep_633,mega_sweep,0.9141603746219544,0.8361261269643373,0.9165694926904713,0.9968503937007873,1.0,,,,0.8052292501097641,0.8967623676899598,0.9968503937007873,routing,,,,4.562564161058515e-10,0.0,,,3397.0,0.693292,0.0
traj_sweep_634,mega_sweep,0.9199903678924793,0.8568826847071052,0.9108699832656184,0.9976359338061466,1.0,1076.77,0.582016,1.187273048097551,1.0811532654399336,0.9981751750154455,1.0747028862478776,floorplan,,,,,,,,,,
traj_sweep_634,mega_sweep,0.9199903678924793,0.8568826847071052,0.9108699832656184,0.9976359338061466,1.0,,,,0.9724231587034502,0.9254440339270151,1.0103750997605745,placement,3097.93,0.619071,0.706648,4.421159670181489e-10,,,,,,
traj_sweep_634,mega_sweep,0.9199903678924793,0.8568826847071052,0.9108699832656184,0.9976359338061466,1.0,,,,0.8557403430922101,0.9158411993109854,0.9976359338061466,cts,,,,4.467516686174823e-10,0.0,0.00095926,0.0,,,
traj_sweep_634,mega_sweep,0.9199903678924793,0.8568826847071052,0.9108699832656184,0.9976359338061466,1.0,,,,0.8261489101556395,0.8860507268613419,0.9976359338061466,routing,,,,4.6177218930812673e-10,0.0,,,3420.0,0.706648,0.0
traj_sweep_635,mega_sweep,0.9189967046624367,0.8766815924766113,0.8874172998318379,0.9976359338061466,1.0,1076.77,0.582016,1.187273048097551,1.10136650530057,0.9981751750154455,1.0747028862478776,floorplan,,,,,,,,,,
traj_sweep_635,mega_sweep,0.9189967046624367,0.8766815924766113,0.8874172998318379,0.9976359338061466,1.0,,,,0.9923694468677188,0.897527484892004,1.0103750997605745,placement,3059.26,0.619071,0.686049,4.558674702090608e-10,,,,,,
traj_sweep_635,mega_sweep,0.9189967046624367,0.8766815924766113,0.8874172998318379,0.9976359338061466,1.0,,,,0.8741446142921759,0.8888943442700087,0.9976359338061466,cts,,,,4.60294957008451e-10,0.0,0.00133069,0.0,,,
traj_sweep_635,mega_sweep,0.9189967046624367,0.8766815924766113,0.8874172998318379,0.9976359338061466,1.0,,,,0.8428071689159407,0.86326905530529,0.9976359338061466,routing,,,,4.739583580186644e-10,0.0,,,3437.0,0.686049,0.0
traj_sweep_636,mega_sweep,0.9235159145736241,0.8895906235924748,0.8871554415380901,0.9980291683090263,1.0,1076.77,0.582016,1.187273048097551,1.1215795418380146,0.9981751750154455,1.0747028862478776,floorplan,,,,,,,,,,
traj_sweep_636,mega_sweep,0.9235159145736241,0.8895906235924748,0.8871554415380901,0.9980291683090263,1.0,,,,1.012152680009461,0.898636291104592,1.0107784431137723,placement,3111.84,0.618824,0.704334,4.553049860449022e-10,,,,,,
traj_sweep_636,mega_sweep,0.9235159145736241,0.8895906235924748,0.8871554415380901,0.9980291683090263,1.0,,,,0.8872762457668119,0.8892625824955914,0.9980291683090263,cts,,,,4.601043516669581e-10,0.0,0.00231828,0.0,,,
traj_sweep_636,mega_sweep,0.9235159145736241,0.8895906235924748,0.8871554415380901,0.9980291683090263,1.0,,,,0.8565478261283974,0.8682402713506568,0.9980291683090263,routing,,,,4.712446513732069e-10,0.0,,,3465.0,0.704334,0.0
traj_sweep_637,mega_sweep,0.9290038212553512,0.9028220094636272,0.8894794338951012,0.9984227129337538,1.0,1076.77,0.582016,1.187273048097551,1.1417790031382216,0.9981751750154455,1.0747028862478776,floorplan,,,,,,,,,,
traj_sweep_637,mega_sweep,0.9290038212553512,0.9028220094636272,0.8894794338951012,0.9984227129337538,1.0,,,,1.0291335516822795,0.9069666580744414,1.0119904076738608,placement,3120.48,0.618083,0.694979,4.5112307088496814e-10,,,,,,
traj_sweep_637,mega_sweep,0.9290038212553512,0.9028220094636272,0.8894794338951012,0.9984227129337538,1.0,,,,0.9022917241898641,0.8975438510353632,0.9984227129337538,cts,,,,4.5585915775462014e-10,0.0,0.000744189,0.0,,,
traj_sweep_637,mega_sweep,0.9290038212553512,0.9028220094636272,0.8894794338951012,0.9984227129337538,1.0,,,,0.8703180913550236,0.8735756340857668,0.9984227129337538,routing,,,,4.683665249077318e-10,0.0,,,3451.0,0.694979,0.0
traj_sweep_638,mega_sweep,0.9344586579938493,0.9188188863668896,0.8894794338951012,0.9984227129337538,1.0,1076.77,0.582016,1.187273048097551,1.1619752000930967,0.9981751750154455,1.0747028862478776,floorplan,,,,,,,,,,
traj_sweep_638,mega_sweep,0.9344586579938493,0.9188188863668896,0.8894794338951012,0.9984227129337538,1.0,,,,1.0473465534622712,0.9069666580744414,1.0119904076738608,placement,3120.48,0.618083,0.694979,4.5112307088496814e-10,,,,,,
traj_sweep_638,mega_sweep,0.9344586579938493,0.9188188863668896,0.8894794338951012,0.9984227129337538,1.0,,,,0.9182743399002697,0.8975438510353632,0.9984227129337538,cts,,,,4.5585915775462014e-10,0.0,0.000744189,0.0,,,
traj_sweep_638,mega_sweep,0.9344586579938493,0.9188188863668896,0.8894794338951012,0.9984227129337538,1.0,,,,0.885741460794315,0.8735756340857668,0.9984227129337538,routing,,,,4.683665249077318e-10,0.0,,,3451.0,0.694979,0.0
traj_sweep_639,mega_sweep,0.9413559026604787,0.9382935182091547,0.8897453837246887,0.9992107340173638,1.0,1076.77,0.582016,1.187273048097551,1.1821596058854094,0.9981751750154455,1.0747028862478776,floorplan,,,,,,,,,,
traj_sweep_639,mega_sweep,0.9413559026604787,0.9382935182091547,0.8897453837246887,0.9992107340173638,1.0,,,,1.0663296786748304,0.9048595171169402,1.0128,placement,3079.18,0.617589,0.678675,4.521735984879315e-10,,,,,,
traj_sweep_639,mega_sweep,0.9413559026604787,0.9382935182091547,0.8897453837246887,0.9992107340173638,1.0,,,,0.9360017914707245,0.8962632003175032,0.9992107340173638,cts,,,,4.565105248501504e-10,0.0,0.000527439,0.0,,,
traj_sweep_639,mega_sweep,0.9413559026604787,0.9382935182091547,0.8897453837246887,0.9992107340173638,1.0,,,,0.9021196287763573,0.8690381208394194,0.9992107340173638,routing,,,,4.708120094727376e-10,0.0,,,3373.0,0.678675,0.0
traj_sweep_640,mega_sweep,0.9470527129806628,0.9555739866445494,0.8889107104133679,1.0,1.0,1076.77,0.582016,1.187273048097551,1.2023413720440177,0.9981751750154455,1.0747028862478776,floorplan,,,,,,,,,,
traj_sweep_640,mega_sweep,0.9470527129806628,0.9555739866445494,0.8889107104133679,1.0,1.0,,,,1.0834147105983338,0.9016558445543704,1.0128,placement,3107.61,0.617589,0.697135,4.537802160901389e-10,,,,,,
traj_sweep_640,mega_sweep,0.9470527129806628,0.9555739866445494,0.8889107104133679,1.0,1.0,,,,0.9536118848653669,0.8928181271403847,1.0,cts,,,,4.5827203944805717e-10,0.0,0.00118603,0.0,,,
traj_sweep_640,mega_sweep,0.9470527129806628,0.9555739866445494,0.8889107104133679,1.0,1.0,,,,0.9211262697184326,0.8699137095091385,1.0,routing,,,,4.703381260788381e-10,0.0,,,3413.0,0.697135,0.0
traj_sweep_641,mega_sweep,0.9507327872368024,0.966961312293878,0.8904777686400144,0.9980291683090263,1.0,1076.77,0.582016,1.187273048097551,1.2225169707110695,0.9981751750154455,1.0747028862478776,floorplan,,,,,,,,,,
traj_sweep_641,mega_sweep,0.9507327872368024,0.966961312293878,0.8904777686400144,0.9980291683090263,1.0,,,,1.1009954363073908,0.9054896136362707,1.0115860966839791,placement,3082.16,0.61833,0.693021,4.5185894771088256e-10,,,,,,
traj_sweep_641,mega_sweep,0.9507327872368024,0.966961312293878,0.8904777686400144,0.9980291683090263,1.0,,,,0.965185403968531,0.8965005093962121,0.9980291683090263,cts,,,,4.563896837675881e-10,0.0,0.000583304,0.0,,,
traj_sweep_641,mega_sweep,0.9507327872368024,0.966961312293878,0.8904777686400144,0.9980291683090263,1.0,,,,0.9293710669059057,0.8665709247280151,0.9980291683090263,routing,,,,4.721524485825983e-10,0.0,,,3446.0,0.693021,0.0
traj_sweep_642,mega_sweep,0.9570802248347616,0.9848382730864278,0.8919425384706657,0.9980291683090263,1.0,1076.77,0.582016,1.187273048097551,1.242684883013441,0.9981751750154455,1.0747028862478776,floorplan,,,,,,,,,,
traj_sweep_642,mega_sweep,0.9570802248347616,0.9848382730864278,0.8919425384706657,0.9980291683090263,1.0,,,,1.119623245644089,0.9058496687901738,1.0115860966839791,placement,3091.56,0.61833,0.69283,4.5167934380024934e-10,,,,,,
traj_sweep_642,mega_sweep,0.9570802248347616,0.9848382730864278,0.8919425384706657,0.9980291683090263,1.0,,,,0.9815306311914982,0.8964432278944547,0.9980291683090263,cts,,,,4.564188464470075e-10,0.0,0.000787898,0.0,,,
traj_sweep_642,mega_sweep,0.9570802248347616,0.9848382730864278,0.8919425384706657,0.9980291683090263,1.0,,,,0.9476836765900007,0.8717753583162512,0.9980291683090263,routing,,,,4.693337338314529e-10,0.0,,,3428.0,0.69283,0.0
traj_sweep_643,mega_sweep,0.9631460003994804,1.0,0.8941683339675214,0.9992107340173638,1.0,1076.77,0.582016,1.187273048097551,1.2628457803728141,0.9981751750154455,1.0747028862478776,floorplan,,,,,,,,,,
traj_sweep_643,mega_sweep,0.9631460003994804,1.0,0.8941683339675214,0.9992107340173638,1.0,,,,1.1378179562173183,0.9079240774609565,1.0128,placement,3096.8,0.617589,0.691376,4.5064735492535025e-10,,,,,,
traj_sweep_643,mega_sweep,0.9631460003994804,1.0,0.8941683339675214,0.9992107340173638,1.0,,,,0.9963413011663488,0.8996264427778256,0.9992107340173638,cts,,,,4.548038658328596e-10,0.0,0.000870845,0.0,,,
traj_sweep_643,mega_sweep,0.9631460003994804,1.0,0.8941683339675214,0.9992107340173638,1.0,,,,0.9610874342946062,0.8759650910162148,0.9992107340173638,routing,,,,4.670889150458681e-10,0.0,,,3415.0,0.691376,0.0
traj_sweep_644,mega_sweep,0.45943377106979993,0.147781614865976,0.9703322736255509,0.6762820512820512,1.0,1076.77,0.656374,1.187273048097551,0.2498446568201564,1.009492363148355,0.9529544599171998,floorplan,,,,,,,,,,
traj_sweep_644,mega_sweep,0.45943377106979993,0.147781614865976,0.9703322736255509,0.6762820512820512,1.0,,,,0.19990167967594333,1.0119963830823175,0.7984862819299905,placement,3566.14,0.78335,0.730149,4.043034054475841e-10,,,,,,
traj_sweep_644,mega_sweep,0.45943377106979993,0.147781614865976,0.9703322736255509,0.6762820512820512,1.0,,,,0.16038478355924793,0.9929421006763308,0.7142454160789844,cts,,,,4.120618752111817e-10,-12.6792,0.00037427,9.0,,,
traj_sweep_644,mega_sweep,0.45943377106979993,0.147781614865976,0.9703322736255509,0.6762820512820512,1.0,,,,0.1443143678437796,0.9547721628267603,0.6762820512820512,routing,,,,4.285353091667988e-10,-13.3868,,,5300.0,0.730149,0.0
traj_sweep_645,mega_sweep,0.4850418708163662,0.16546403616177052,0.9862769887932833,0.6992543496271747,1.0,1076.77,0.656374,1.187273048097551,0.26764233744032356,1.009492363148355,0.9529544599171998,floorplan,,,,,,,,,,
traj_sweep_645,mega_sweep,0.4850418708163662,0.16546403616177052,0.9862769887932833,0.6992543496271747,1.0,,,,0.2150295268996277,1.0154619139386352,0.800252844500632,placement,3550.1,0.781621,0.704469,4.0292361374130694e-10,,,,,,
traj_sweep_645,mega_sweep,0.4850418708163662,0.16546403616177052,0.9862769887932833,0.6992543496271747,1.0,,,,0.1706532472464869,0.9953683814293371,0.7116357504215851,cts,,,,4.110574452779776e-10,-12.2224,0.00139967,8.0,,,
traj_sweep_645,mega_sweep,0.4850418708163662,0.16546403616177052,0.9862769887932833,0.6992543496271747,1.0,,,,0.1605954465849387,0.9621123781233761,0.6992543496271747,routing,,,,4.252658975024134e-10,-12.7749,,,4529.0,0.704469,0.0
traj_sweep_646,mega_sweep,0.4911547093882337,0.17604560503065803,0.9731186095324602,0.6916143130292269,1.0,1076.77,0.656374,1.187273048097551,0.2854338711726591,1.009492363148355,0.9529544599171998,floorplan,,,,,,,,,,
traj_sweep_646,mega_sweep,0.4911547093882337,0.17604560503065803,0.9731186095324602,0.6916143130292269,1.0,,,,0.22942235940011055,1.01514686567897,0.800252844500632,placement,3514.5,0.781621,0.695239,4.030486600647296e-10,,,,,,
traj_sweep_646,mega_sweep,0.4911547093882337,0.17604560503065803,0.9731186095324602,0.6916143130292269,1.0,,,,0.1800979590527953,0.9846280998498407,0.7023578363384189,cts,,,,4.15541242468315e-10,-11.8419,0.000851805,9.0,,,
traj_sweep_646,mega_sweep,0.4911547093882337,0.17604560503065803,0.9731186095324602,0.6916143130292269,1.0,,,,0.17161298946825676,0.9544530230312552,0.6916143130292269,routing,,,,4.286785982209838e-10,-12.4429,,,5284.0,0.695239,0.0
traj_sweep_647,mega_sweep,0.5035381107444564,0.18734905033965954,0.9699885846150069,0.7025527192008878,1.0,1076.77,0.656374,1.187273048097551,0.3032187425663901,1.009492363148355,0.9529544599171998,floorplan,,,,,,,,,,
traj_sweep_647,mega_sweep,0.5035381107444564,0.18734905033965954,0.9699885846150069,0.7025527192008878,1.0,,,,0.24590033848031367,1.0186533118936856,0.8038095238095238,placement,3523.76,0.778162,0.716833,4.0166127101692603e-10,,,,,,
traj_sweep_647,mega_sweep,0.5035381107444564,0.18734905033965954,0.9699885846150069,0.7025527192008878,1.0,,,,0.19401101682748617,0.9947628341250455,0.7170773152081563,cts,,,,4.1130767047674675e-10,-11.1102,0.000282892,12.0,,,
traj_sweep_647,mega_sweep,0.5035381107444564,0.18734905033965954,0.9699885846150069,0.7025527192008878,1.0,,,,0.18228453027747551,0.9588391494515296,0.7025527192008878,routing,,,,4.2671764520134673e-10,-11.7635,,,4872.0,0.716833,0.0
traj_sweep_648,mega_sweep,0.5056668207284034,0.1953549239805745,0.9588146002364908,0.6902944383860414,1.0,1076.77,0.656374,1.187273048097551,0.3209975764265061,1.009492363148355,0.9529544599171998,floorplan,,,,,,,,,,
traj_sweep_648,mega_sweep,0.5056668207284034,0.1953549239805745,0.9588146002364908,0.6902944383860414,1.0,,,,0.26251508061005996,1.0167752969432136,0.8061127029608405,placement,3553.91,0.775939,0.713634,4.024031516214835e-10,,,,,,
traj_sweep_648,mega_sweep,0.5056668207284034,0.1953549239805745,0.9588146002364908,0.6902944383860414,1.0,,,,0.2083972501562411,0.9965099199286436,0.7182978723404255,cts,,,,4.105865639652808e-10,-10.6007,0.00104417,8.0,,,
traj_sweep_648,mega_sweep,0.5056668207284034,0.1953549239805745,0.9588146002364908,0.6902944383860414,1.0,,,,0.19054383848321457,0.9546575998232456,0.6902944383860414,routing,,,,4.2858673524054433e-10,-11.2222,,,5155.0,0.713634,0.0
traj_sweep_649,mega_sweep,0.5264187637238101,0.21186191938421278,0.9825291419640191,0.7008026570716855,1.0,1076.77,0.656374,1.187273048097551,0.3387699017798746,1.009492363148355,0.9529544599171998,floorplan,,,,,,,,,,
traj_sweep_649,mega_sweep,0.5264187637238101,0.21186191938421278,0.9825291419640191,0.7008026570716855,1.0,,,,0.2771020624008461,1.0164397910043492,0.8061127029608405,placement,3526.04,0.775939,0.713638,4.0253597665291335e-10,,,,,,
traj_sweep_649,mega_sweep,0.5264187637238101,0.21186191938421278,0.9825291419640191,0.7008026570716855,1.0,,,,0.22121514973980771,1.0011619961785054,0.7211620620905724,cts,,,,4.086787008921456e-10,-10.1011,0.00131423,10.0,,,
traj_sweep_649,mega_sweep,0.5264187637238101,0.21186191938421278,0.9825291419640191,0.7008026570716855,1.0,,,,0.20637951683410247,0.9686465608595498,0.7008026570716855,routing,,,,4.223971885243132e-10,-10.7028,,,4847.0,0.713638,0.0
traj_sweep_650,mega_sweep,0.5359103549523994,0.22231292920896908,0.9884536858600613,0.700414937759336,1.0,1076.77,0.656374,1.187273048097551,0.35653541807592437,1.009492363148355,0.9529544599171998,floorplan,,,,,,,,,,
traj_sweep_650,mega_sweep,0.5359103549523994,0.22231292920896908,0.9884536858600613,0.700414937759336,1.0,,,,0.2921925168464433,1.016337502608354,0.8066263141127746,placement,3490.04,0.775445,0.7193,4.0257648953301125e-10,,,,,,
traj_sweep_650,mega_sweep,0.5359103549523994,0.22231292920896908,0.9884536858600613,0.700414937759336,1.0,,,,0.23353434240667761,1.0010801654617094,0.7199317600227466,cts,,,,4.087121072787539e-10,-9.54891,0.000822994,13.0,,,
traj_sweep_650,mega_sweep,0.5359103549523994,0.22231292920896908,0.9884536858600613,0.700414937759336,1.0,,,,0.21616771724475525,0.9677832467973503,0.700414937759336,routing,,,,4.227739892530852e-10,-10.2378,,,4778.0,0.7193,0.0
traj_sweep_651,mega_sweep,0.5577773907929987,0.24214711354637228,0.9957161619757209,0.7197271176805002,1.0,1076.77,0.656374,1.187273048097551,0.37429428829065226,1.009492363148355,0.9529544599171998,floorplan,,,,,,,,,,
traj_sweep_651,mega_sweep,0.5577773907929987,0.24214711354637228,0.9957161619757209,0.7197271176805002,1.0,,,,0.3083616848613992,1.0164725232910679,0.8089456869009584,placement,3487.14,0.773221,0.701202,4.0252301425333995e-10,,,,,,
traj_sweep_651,mega_sweep,0.5577773907929987,0.24214711354637228,0.9957161619757209,0.7197271176805002,1.0,,,,0.24978215702760734,1.0026103998657976,0.735191637630662,cts,,,,4.0808831031035114e-10,-8.92024,0.00108259,10.0,,,
traj_sweep_651,mega_sweep,0.5577773907929987,0.24214711354637228,0.9957161619757209,0.7197271176805002,1.0,,,,0.23540691163661845,0.9681433019512534,0.7197271176805002,routing,,,,4.2261675844493935e-10,-9.5411,,,4305.0,0.701202,0.0
traj_sweep_652,mega_sweep,0.5425896248023782,0.23920985630000122,0.9710810246842357,0.6876697447039651,1.0,1076.77,0.656374,1.187273048097551,0.3920478837109876,1.009492363148355,0.9529544599171998,floorplan,,,,,,,,,,
traj_sweep_652,mega_sweep,0.5425896248023782,0.23920985630000122,0.9710810246842357,0.6876697447039651,1.0,,,,0.3241761313933124,1.0168203038374515,0.8107588856868395,placement,3500.82,0.771492,0.734526,4.0238534029728227e-10,,,,,,
traj_sweep_652,mega_sweep,0.5425896248023782,0.23920985630000122,0.9710810246842357,0.6876697447039651,1.0,,,,0.2556890282417076,0.9947792002684047,0.7197271176805002,cts,,,,4.1130090362808525e-10,-8.47741,0.000845185,11.0,,,
traj_sweep_652,mega_sweep,0.5425896248023782,0.23920985630000122,0.9710810246842357,0.6876697447039651,1.0,,,,0.23347488286116239,0.9594078729332629,0.6876697447039651,routing,,,,4.2646469298806754e-10,-9.16002,,,4816.0,0.734526,0.0
traj_sweep_653,mega_sweep,0.5710835759791159,0.2636708119820495,0.9878685962349687,0.7150522451284947,1.0,1076.77,0.656374,1.187273048097551,0.4097940906220146,1.009492363148355,0.9529544599171998,floorplan,,,,,,,,,,
traj_sweep_653,mega_sweep,0.5710835759791159,0.2636708119820495,0.9878685962349687,0.7150522451284947,1.0,,,,0.3380409902818764,1.0113990188497055,0.8092042186001918,placement,3534.75,0.772974,0.716815,4.045421998195742e-10,,,,,,
traj_sweep_653,mega_sweep,0.5710835759791159,0.2636708119820495,0.9878685962349687,0.7150522451284947,1.0,,,,0.27478721924177124,0.9944068705069822,0.7394859813084111,cts,,,,4.1145490454246215e-10,-7.86846,0.000638753,8.0,,,
traj_sweep_653,mega_sweep,0.5710835759791159,0.2636708119820495,0.9878685962349687,0.7150522451284947,1.0,,,,0.2559905655002678,0.969538515672628,0.7150522451284947,routing,,,,4.2200859209493504e-10,-8.45931,,,4425.0,0.716815,0.0
traj_sweep_654,mega_sweep,0.582164425918003,0.27588557008502274,0.9871689436063615,0.7244635193133047,1.0,1076.77,0.655385,1.187273048097551,0.42863139016875107,1.009492363148355,0.9543912551828119,floorplan,,,,,,,,,,
traj_sweep_654,mega_sweep,0.582164425918003,0.27588557008502274,0.9871689436063615,0.7244635193133047,1.0,,,,0.3517872975919485,1.0120577561199147,0.805856142584341,placement,3631.89,0.776186,0.707283,4.0427888774792405e-10,,,,,,
traj_sweep_654,mega_sweep,0.582164425918003,0.27588557008502274,0.9871689436063615,0.7244635193133047,1.0,,,,0.29081247957232126,0.9960271186995463,0.7531231409875073,cts,,,,4.1078558635534594e-10,-7.45693,0.00195154,6.0,,,
traj_sweep_654,mega_sweep,0.582164425918003,0.27588557008502274,0.9871689436063615,0.7244635193133047,1.0,,,,0.2680067101584343,0.9618464282937886,0.7244635193133047,routing,,,,4.253834832101139e-10,-8.07402,,,4343.0,0.707283,0.0
traj_sweep_655,mega_sweep,0.5843890619993193,0.28184633719881763,0.9964280892118474,0.7106371035644119,1.0,1076.77,0.648468,1.187273048097551,0.4497989153692725,1.009492363148355,0.9645714285714285,floorplan,,,,,,,,,,
traj_sweep_655,mega_sweep,0.5843890619993193,0.28184633719881763,0.9964280892118474,0.7106371035644119,1.0,,,,0.36931587015217954,1.0204740453424002,0.8138862102217936,placement,3507.92,0.768528,0.72427,4.0094462553776696e-10,,,,,,
traj_sweep_655,mega_sweep,0.5843890619993193,0.28184633719881763,0.9964280892118474,0.7106371035644119,1.0,,,,0.2952544288492877,1.0001759360411118,0.7317919075144508,cts,,,,4.090816117815504e-10,-6.95295,0.000893972,10.0,,,
traj_sweep_655,mega_sweep,0.5843890619993193,0.28184633719881763,0.9964280892118474,0.7106371035644119,1.0,,,,0.2745550921894811,0.9764327535627049,0.7106371035644119,routing,,,,4.190289423290467e-10,-7.57673,,,4527.0,0.72427,0.0
traj_sweep_656,mega_sweep,0.596251771772693,0.29660067362737286,0.9938463300969285,0.7191138880999716,1.0,1076.77,0.647233,1.187273048097551,0.46846565066556156,1.009492363148355,0.9664122137404579,floorplan,,,,,,,,,,
traj_sweep_656,mega_sweep,0.596251771772693,0.29660067362737286,0.9938463300969285,0.7191138880999716,1.0,,,,0.38608618693383573,1.008514486082641,0.8151963940759819,placement,3530.3,0.767292,0.706494,4.056992632501379e-10,,,,,,
traj_sweep_656,mega_sweep,0.596251771772693,0.29660067362737286,0.9938463300969285,0.7191138880999716,1.0,,,,0.3117294870994374,0.9947792002684047,0.7429577464788731,cts,,,,4.1130090362808525e-10,-6.63624,0.00115493,6.0,,,
traj_sweep_656,mega_sweep,0.596251771772693,0.29660067362737286,0.9938463300969285,0.7191138880999716,1.0,,,,0.288675557211669,0.9633684796261973,0.7191138880999716,routing,,,,4.247114085978578e-10,-7.09569,,,4426.0,0.706494,0.0
traj_sweep_657,mega_sweep,0.6104135990366428,0.3138409422282756,0.9969027073692652,0.726959517657192,1.0,1076.77,0.643528,1.187273048097551,0.48926903100057717,1.009492363148355,0.9719769673704415,floorplan,,,,,,,,,,
traj_sweep_657,mega_sweep,0.6104135990366428,0.3138409422282756,0.9969027073692652,0.726959517657192,1.0,,,,0.4025154415683886,1.0091609487453306,0.8188874514877101,placement,3473.1,0.763834,0.712297,4.054393746503085e-10,,,,,,
traj_sweep_657,mega_sweep,0.6104135990366428,0.3138409422282756,0.9969027073692652,0.726959517657192,1.0,,,,0.32064309874834085,1.0013133830045784,0.7447058823529411,cts,,,,4.086169134712824e-10,-5.97472,0.00108621,10.0,,,
traj_sweep_657,mega_sweep,0.6104135990366428,0.3138409422282756,0.9969027073692652,0.726959517657192,1.0,,,,0.30417012894043427,0.978752654383876,0.726959517657192,routing,,,,4.180357336945162e-10,-6.60341,,,4102.0,0.712297,0.0
traj_sweep_658,mega_sweep,0.6029641162581968,0.31353763438984433,0.9769646532218799,0.7156585641605426,1.0,1076.77,0.643528,1.187273048097551,0.5073004959200206,1.009492363148355,0.9719769673704415,floorplan,,,,,,,,,,
traj_sweep_658,mega_sweep,0.6029641162581968,0.31353763438984433,0.9769646532218799,0.7156585641605426,1.0,,,,0.4176230165276774,0.9992389743337957,0.8178294573643411,placement,3481.37,0.764822,0.718272,4.09465197505538e-10,,,,,,
traj_sweep_658,mega_sweep,0.6029641162581968,0.31353763438984433,0.9769646532218799,0.7156585641605426,1.0,,,,0.33091893285217167,0.9952292692107837,0.7399181765049678,cts,,,,4.1111490250410086e-10,-5.59219,0.00157546,10.0,,,
traj_sweep_658,mega_sweep,0.6029641162581968,0.31353763438984433,0.9769646532218799,0.7156585641605426,1.0,,,,0.306014836608318,0.9652383115049896,0.7156585641605426,routing,,,,4.2388866987974277e-10,-6.22271,,,4745.0,0.718272,0.0
traj_sweep_659,mega_sweep,0.6176359337099318,0.3336650206066907,0.9777665942464823,0.7221905305191101,1.0,1076.77,0.643281,1.187273048097551,0.5255137246646316,1.0093491593939616,0.9723502304147464,floorplan,,,,,,,,,,
traj_sweep_659,mega_sweep,0.6176359337099318,0.3336650206066907,0.9777665942464823,0.7221905305191101,1.0,,,,0.43382509123911406,0.9993330796581112,0.8228794280142996,placement,3471.13,0.760128,0.697093,4.094266389348357e-10,,,,,,
traj_sweep_659,mega_sweep,0.6176359337099318,0.3336650206066907,0.9777665942464823,0.7221905305191101,1.0,,,,0.34375179304356474,0.9909945296165822,0.7369033760186262,cts,,,,4.1287168773688515e-10,-5.18383,0.000829684,9.0,,,
traj_sweep_659,mega_sweep,0.6176359337099318,0.3336650206066907,0.9777665942464823,0.7221905305191101,1.0,,,,0.32458242510379554,0.9627220169635076,0.7221905305191101,routing,,,,4.249966000271998e-10,-5.82479,,,4449.0,0.697093,0.0
traj_sweep_660,mega_sweep,0.6454146867111481,0.36115420166378653,0.9881631868154349,0.7533472180898542,1.0,1076.77,0.643034,1.187273048097551,0.5437296175511415,1.0093491593939616,0.9727237802535534,floorplan,,,,,,,,,,
traj_sweep_660,mega_sweep,0.6454146867111481,0.36115420166378653,0.9881631868154349,0.7533472180898542,1.0,,,,0.4464548308890744,1.012352346700381,0.8231469440832249,placement,3545.62,0.759881,0.698121,4.0416124416997403e-10,,,,,,
traj_sweep_660,mega_sweep,0.6454146867111481,0.36115420166378653,0.9881631868154349,0.7533472180898542,1.0,,,,0.3643890828437157,0.9992757981563539,0.7576301615798923,cts,,,,4.0945010850427877e-10,-4.65592,0.00155324,6.0,,,
traj_sweep_660,mega_sweep,0.6454146867111481,0.36115420166378653,0.9881631868154349,0.7533472180898542,1.0,,,,0.3506623744024973,0.9634707680221924,0.7533472180898542,routing,,,,4.2466631844028554e-10,-5.20595,,,4056.0,0.698121,0.0
traj_sweep_661,mega_sweep,0.6550179178990979,0.3755401215221189,0.990998621152422,0.7551446465851476,1.0,1076.77,0.638587,1.187273048097551,0.5673107880333571,1.0093246101789228,0.9794970986460347,floorplan,,,,,,,,,,
traj_sweep_661,mega_sweep,0.6550179178990979,0.3755401215221189,0.990998621152422,0.7551446465851476,1.0,,,,0.464349380719368,1.0041856411641237,0.827721477607061,placement,3473.01,0.755682,0.716951,4.0744815222262966e-10,,,,,,
traj_sweep_661,mega_sweep,0.6550179178990979,0.3755401215221189,0.990998621152422,0.7551446465851476,1.0,,,,0.37887609563600644,0.9981056189061688,0.7601320924647252,cts,,,,4.0993014790279734e-10,-4.19347,0.00154405,7.0,,,
traj_sweep_661,mega_sweep,0.6550179178990979,0.3755401215221189,0.990998621152422,0.7551446465851476,1.0,,,,0.3636643229298397,0.9634707680221924,0.7551446465851476,routing,,,,4.2466631844028554e-10,-4.73614,,,3903.0,0.716951,0.0
traj_sweep_662,mega_sweep,0.6589834339277019,0.38574727642660306,0.9821118053083586,0.7553699284009546,1.0,1076.77,0.638587,1.187273048097551,0.5855072841468818,1.0093246101789228,0.9794970986460347,floorplan,,,,,,,,,,
traj_sweep_662,mega_sweep,0.6589834339277019,0.38574727642660306,0.9821118053083586,0.7553699284009546,1.0,,,,0.4864247515534674,1.0131542877249833,0.8367481824190349,placement,3436.51,0.74753,0.707363,4.0384133881480646e-10,,,,,,
traj_sweep_662,mega_sweep,0.6589834339277019,0.38574727642660306,0.9821118053083586,0.7553699284009546,1.0,,,,0.4133879819126083,1.0051144197997601,0.7972292191435767,cts,,,,4.070716486808843e-10,-3.50995,0.00190797,3.0,,,
traj_sweep_662,mega_sweep,0.6589834339277019,0.38574727642660306,0.9821118053083586,0.7553699284009546,1.0,,,,0.3739461879676096,0.9622105749835316,0.7553699284009546,routing,,,,4.252224976719068e-10,-4.22504,,,4063.0,0.707363,0.0
traj_sweep_663,mega_sweep,0.664453872653627,0.39659741606628646,0.975724917862418,0.7580838323353293,1.0,1076.77,0.638587,1.187273048097551,0.6036988022222372,1.0093246101789228,0.9794970986460347,floorplan,,,,,,,,,,
traj_sweep_663,mega_sweep,0.664453872653627,0.39659741606628646,0.975724917862418,0.7580838323353293,1.0,,,,0.5047772578932882,1.008768161304709,0.8451268357810413,placement,3519.75,0.740119,0.726176,4.055972419387548e-10,,,,,,
traj_sweep_663,mega_sweep,0.664453872653627,0.39659741606628646,0.975724917862418,0.7580838323353293,1.0,,,,0.4286497908408817,1.00618640218979,0.8053435114503816,cts,,,,4.0663795802683e-10,-3.16886,0.000767504,4.0,,,
traj_sweep_663,mega_sweep,0.664453872653627,0.39659741606628646,0.975724917862418,0.7580838323353293,1.0,,,,0.3851875981817753,0.9609503819448706,0.7580838323353293,routing,,,,4.257801356535512e-10,-3.97803,,,4086.0,0.726176,0.0
traj_sweep_664,mega_sweep,0.6848929607845863,0.4228958383823173,0.987713117873056,0.7691373025516403,1.0,1076.77,0.632164,1.187273048097551,0.6311235651254824,1.0092836948205248,0.9894490035169988,floorplan,,,,,,,,,,
traj_sweep_664,mega_sweep,0.6848929607845863,0.4228958383823173,0.987713117873056,0.7691373025516403,1.0,,,,0.5259058336771449,1.0043861264202745,0.850235057085292,placement,3414.91,0.735672,0.736636,4.0736682160184783e-10,,,,,,
traj_sweep_664,mega_sweep,0.6848929607845863,0.4228958383823173,0.987713117873056,0.7691373025516403,1.0,,,,0.4481871228367662,1.0025367522206812,0.8125802310654685,cts,,,,4.081182890048852e-10,-2.81344,0.00187142,3.0,,,
traj_sweep_664,mega_sweep,0.6848929607845863,0.4228958383823173,0.987713117873056,0.7691373025516403,1.0,,,,0.4089865447586453,0.9698944792906914,0.7691373025516403,routing,,,,4.218537095705951e-10,-3.40311,,,3914.0,0.736636,0.0
traj_sweep_665,mega_sweep,0.684881222680565,0.4273624991380561,0.9791208926094588,0.7677380230442692,1.0,1076.77,0.632164,1.187273048097551,0.649571908215965,1.0092836948205248,0.9894490035169988,floorplan,,,,,,,,,,
traj_sweep_665,mega_sweep,0.684881222680565,0.4273624991380561,0.9791208926094588,0.7677380230442692,1.0,,,,0.5435076461569632,1.0003805128331023,0.8530997304582209,placement,3293.12,0.733202,0.70467,4.0899795501022496e-10,,,,,,
traj_sweep_665,mega_sweep,0.684881222680565,0.4273624991380561,0.9791208926094588,0.7677380230442692,1.0,,,,0.44330657195358075,0.9933307965811127,0.7863354037267081,cts,,,,4.1190063309127306e-10,-2.50817,0.00165626,4.0,,,
traj_sweep_665,mega_sweep,0.684881222680565,0.4273624991380561,0.9791208926094588,0.7677380230442692,1.0,,,,0.4145980821620774,0.9583931720449905,0.7677380230442692,routing,,,,4.269162134239534e-10,-3.06388,,,3915.0,0.70467,0.0
traj_sweep_666,mega_sweep,0.7160353267907977,0.464482583066073,0.9870339229236479,0.8007590132827324,1.0,1076.77,0.632164,1.187273048097551,0.6680145992997688,1.0092836948205248,0.9894490035169988,floorplan,,,,,,,,,,
traj_sweep_666,mega_sweep,0.7160353267907977,0.464482583066073,0.9870339229236479,0.8007590132827324,1.0,,,,0.5588038689578624,0.9995499310576211,0.8528123947457056,placement,3298.45,0.733449,0.729327,4.0933781421793965e-10,,,,,,
traj_sweep_666,mega_sweep,0.7160353267907977,0.464482583066073,0.9870339229236479,0.8007590132827324,1.0,,,,0.46986792709324576,0.9950042347395942,0.807140580172139,cts,,,,4.112078820326828e-10,-1.98018,0.00188383,3.0,,,
traj_sweep_666,mega_sweep,0.7160353267907977,0.464482583066073,0.9870339229236479,0.8007590132827324,1.0,,,,0.44810331716924917,0.9602220885653848,0.8007590132827324,routing,,,,4.261030743336813e-10,-2.57983,,,3639.0,0.729327,0.0
traj_sweep_667,mega_sweep,0.6901020364254337,0.44708006954998963,0.9659256895260774,0.7610459873760144,1.0,1076.77,0.631423,1.187273048097551,0.6886890415630497,1.0092836948205248,0.9906103286384976,floorplan,,,,,,,,,,
traj_sweep_667,mega_sweep,0.6901020364254337,0.44708006954998963,0.9659256895260774,0.7610459873760144,1.0,,,,0.5781264575231515,1.004521147102988,0.8559837728194726,placement,3307.98,0.730731,0.72308,4.073120662126495e-10,,,,,,
traj_sweep_667,mega_sweep,0.6901020364254337,0.44708006954998963,0.9659256895260774,0.7610459873760144,1.0,,,,0.49826041877472493,0.9849595142528651,0.8266405484818804,cts,,,,4.154014231652758e-10,-1.66071,0.00140771,1.0,,,
traj_sweep_667,mega_sweep,0.6901020364254337,0.44708006954998963,0.9659256895260774,0.7610459873760144,1.0,,,,0.4340168021771835,0.9551363095165032,0.7610459873760144,routing,,,,4.2837192964419426e-10,-2.26339,,,4036.0,0.72308,0.0
traj_sweep_668,mega_sweep,0.6729939821208115,0.43481795088907704,0.960708981330322,0.7296829971181555,1.0,1076.77,0.6292,1.187273048097551,0.7107964881752749,1.0092836948205248,0.9941107184923439,floorplan,,,,,,,,,,
traj_sweep_668,mega_sweep,0.6729939821208115,0.43481795088907704,0.960708981330322,0.7296829971181555,1.0,,,,0.5936392491817032,0.9979337744008968,0.8577235772357723,placement,3352.76,0.729249,0.70579,4.100007380013284e-10,,,,,,
traj_sweep_668,mega_sweep,0.6729939821208115,0.43481795088907704,0.960708981330322,0.7296829971181555,1.0,,,,0.47040287268929887,0.9768787309692439,0.7686703096539161,cts,,,,4.1883764177654175e-10,-1.31907,0.0014791,7.0,,,
traj_sweep_668,mega_sweep,0.6729939821208115,0.43481795088907704,0.960708981330322,0.7296829971181555,1.0,,,,0.42268797682097403,0.9459589946278134,0.7296829971181555,routing,,,,4.325278223521728e-10,-1.94565,,,4256.0,0.70579,0.0
traj_sweep_669,mega_sweep,0.7125709266348675,0.4830959945382511,0.9666498913697235,0.7747858017135862,1.0,1076.77,0.628211,1.187273048097551,0.7312242672785563,1.0092836948205248,0.995674400314589,floorplan,,,,,,,,,,
traj_sweep_669,mega_sweep,0.7125709266348675,0.4830959945382511,0.9666498913697235,0.7747858017135862,1.0,,,,0.6055966440352444,0.9879381523442454,0.8583050847457626,placement,3388.08,0.728755,0.703711,4.141489859562079e-10,,,,,,
traj_sweep_669,mega_sweep,0.7125709266348675,0.4830959945382511,0.9666498913697235,0.7747858017135862,1.0,,,,0.5183196398651513,0.9811011959559259,0.8220779220779221,cts,,,,4.1703504762540244e-10,-0.895063,0.000693008,2.0,,,
traj_sweep_669,mega_sweep,0.7125709266348675,0.4830959945382511,0.9666498913697235,0.7747858017135862,1.0,,,,0.4678352222147026,0.9492485894430193,0.7747858017135862,routing,,,,4.310289091089339e-10,-1.4621,,,3849.0,0.703711,0.0
traj_sweep_670,mega_sweep,0.7233452978790677,0.4978463737365623,0.965892957239359,0.7870686975442959,1.0,1076.77,0.593132,1.187273048097551,0.7954644029989466,1.010216564992001,1.054560599750104,floorplan,,,,,,,,,,
traj_sweep_670,mega_sweep,0.7233452978790677,0.4978463737365623,0.965892957239359,0.7870686975442959,1.0,,,,0.6572947828058602,0.9944559689370599,0.8994671403197158,placement,3294.82,0.695405,0.74122,4.114345901288613e-10,,,,,,
traj_sweep_670,mega_sweep,0.7233452978790677,0.4978463737365623,0.965892957239359,0.7870686975442959,1.0,,,,0.5295596038880492,0.9744688163595969,0.8328947368421052,cts,,,,4.198734501421272e-10,-0.367142,0.00106511,2.0,,,
traj_sweep_670,mega_sweep,0.7233452978790677,0.4978463737365623,0.965892957239359,0.7870686975442959,1.0,,,,0.4827339849216134,0.9476938058238921,0.7870686975442959,routing,,,,4.3173605384612063e-10,-1.2017,,,3924.0,0.74122,0.0
traj_sweep_671,mega_sweep,0.7596857043183861,0.5342853830444386,0.9797223483779106,0.8375785643400594,1.0,1076.77,0.582016,1.187273048097551,0.8380442587636269,0.9981751750154455,1.0747028862478776,floorplan,,,,,,,,,,
traj_sweep_671,mega_sweep,0.7596857043183861,0.5342853830444386,0.9797223483779106,0.8375785643400594,1.0,,,,0.6944419759287522,0.9781552901512641,0.9308823529411764,placement,3269.26,0.671937,0.702066,4.182910301671491e-10,,,,,,
traj_sweep_671,mega_sweep,0.7596857043183861,0.5342853830444386,0.9797223483779106,0.8375785643400594,1.0,,,,0.5607880211794732,0.9741169442773734,0.8615175229669955,cts,,,,4.200251175020266e-10,-0.192529,0.00117015,9.0,,,
traj_sweep_671,mega_sweep,0.7596857043183861,0.5342853830444386,0.9797223483779106,0.8375785643400594,1.0,,,,0.5174958466619255,0.9554513577761684,0.8375785643400594,routing,,,,4.2823067930232657e-10,-0.350038,,,3939.0,0.702066,0.0
traj_sweep_672,mega_sweep,0.7628368558042665,0.5468746672021859,0.9700908730110022,0.8367481824190349,1.0,1076.77,0.582016,1.187273048097551,0.8583395018983262,0.9981751750154455,1.0747028862478776,floorplan,,,,,,,,,,
traj_sweep_672,mega_sweep,0.7628368558042665,0.5468746672021859,0.9700908730110022,0.8367481824190349,1.0,,,,0.7225436082155103,0.954158432450789,0.9561933534743201,placement,3227.23,0.65415,0.688757,4.288109501164222e-10,,,,,,
traj_sweep_672,mega_sweep,0.7628368558042665,0.5468746672021859,0.9700908730110022,0.8367481824190349,1.0,,,,0.6227547399933474,0.9713428829779834,0.9210622044379774,cts,,,,4.21224668601492e-10,-0.00748426,0.00105548,7.0,,,
traj_sweep_672,mega_sweep,0.7628368558042665,0.5468746672021859,0.9700908730110022,0.8367481824190349,1.0,,,,0.5304943019648702,0.9513189065779621,0.8367481824190349,routing,,,,4.300908782025642e-10,-0.141226,,,3867.0,0.688757,0.0
traj_sweep_673,mega_sweep,0.8309168154783562,0.6347006808486595,0.9774024475567393,0.9247626004382761,1.0,1076.77,0.582016,1.187273048097551,0.8786315928411852,0.9981751750154455,1.0747028862478776,floorplan,,,,,,,,,,
traj_sweep_673,mega_sweep,0.8309168154783562,0.6347006808486595,0.9774024475567393,0.9247626004382761,1.0,,,,0.7618765021809442,0.9550094719054691,0.9817758821248544,placement,3166.61,0.637105,0.713591,4.284288229774946e-10,,,,,,
traj_sweep_673,mega_sweep,0.8309168154783562,0.6347006808486595,0.9774024475567393,0.9247626004382761,1.0,,,,0.6603399943420004,0.9532091961359536,0.9554716981132075,cts,,,,4.2923797382506835e-10,-0.00079331,0.000908697,5.0,,,
traj_sweep_673,mega_sweep,0.8309168154783562,0.6347006808486595,0.9774024475567393,0.9247626004382761,1.0,,,,0.6113042236083996,0.9462208529215612,0.9247626004382761,routing,,,,4.324081240838353e-10,-0.0282078,,,3524.0,0.713591,0.0
traj_sweep_674,mega_sweep,0.8355191854140607,0.6507643399737858,0.9628324884311824,0.9308823529411764,1.0,1076.77,0.582016,1.187273048097551,0.898911695274677,0.9981751750154455,1.0747028862478776,floorplan,,,,,,,,,,
traj_sweep_674,mega_sweep,0.8355191854140607,0.6507643399737858,0.9628324884311824,0.9308823529411764,1.0,,,,0.795158229108139,0.9551485841240226,0.9968503937007873,placement,3134.44,0.62747,0.717508,4.2836642463963674e-10,,,,,,
traj_sweep_674,mega_sweep,0.8355191854140607,0.6507643399737858,0.9628324884311824,0.9308823529411764,1.0,,,,0.6960663953123609,0.9436022699840839,0.9817758821248544,cts,,,,4.336080963303747e-10,0.0,0.00374065,1.0,,,
traj_sweep_674,mega_sweep,0.8355191854140607,0.6507643399737858,0.9628324884311824,0.9308823529411764,1.0,,,,0.6281392634220331,0.9427553220652436,0.9308823529411764,routing,,,,4.3399763905284354e-10,-0.00717409,,,3653.0,0.717508,0.0
traj_sweep_675,mega_sweep,0.8644098738801551,0.7026243056125661,0.9537451873309685,0.9638370765131327,1.0,1076.77,0.582016,1.187273048097551,0.9191901111321363,0.9981751750154455,1.0747028862478776,floorplan,,,,,,,,,,
traj_sweep_675,mega_sweep,0.8644098738801551,0.7026243056125661,0.9537451873309685,0.9638370765131327,1.0,,,,0.8178409566626018,0.9484057330600187,1.0,placement,3199.09,0.625494,0.700785,4.3141196823082264e-10,,,,,,
traj_sweep_675,mega_sweep,0.8644098738801551,0.7026243056125661,0.9537451873309685,0.9638370765131327,1.0,,,,0.7174729648273303,0.9380582389211438,0.9867498051441932,cts,,,,4.3617076957970583e-10,0.0,0.000231738,0.0,,,
traj_sweep_675,mega_sweep,0.8644098738801551,0.7026243056125661,0.9537451873309685,0.9638370765131327,1.0,,,,0.6767476711524124,0.9296828650570564,0.9638370765131327,routing,,,,4.401001667979632e-10,-0.00124065,,,3517.0,0.700785,0.0
traj_sweep_676,mega_sweep,0.8775413667385399,0.7355845771653318,0.9321173288817424,0.9855975087582716,1.0,1076.77,0.582016,1.187273048097551,0.9394607817514662,0.9981751750154455,1.0747028862478776,floorplan,,,,,,,,,,
traj_sweep_676,mega_sweep,0.8775413667385399,0.7355845771653318,0.9321173288817424,0.9855975087582716,1.0,,,,0.8389008947616536,0.9463926974268331,1.0027722772277228,placement,3111.44,0.623765,0.708605,4.3232960809321025e-10,,,,,,
traj_sweep_676,mega_sweep,0.8775413667385399,0.7355845771653318,0.9321173288817424,0.9855975087582716,1.0,,,,0.7389931417857672,0.9360656609671573,0.9902229174814234,cts,,,,4.3709923463924014e-10,0.0,0.000770897,0.0,,,
traj_sweep_676,mega_sweep,0.8775413667385399,0.7355845771653318,0.9321173288817424,0.9855975087582716,1.0,,,,0.7086944521115098,0.9109272647673757,0.9855975087582716,routing,,,,4.491616397993146e-10,0.0,,,3446.0,0.708605,0.0
traj_sweep_677,mega_sweep,0.8902788029838921,0.7646673417118351,0.9289913955001289,0.9933307179285994,1.0,1076.77,0.582016,1.187273048097551,0.9597223334668269,0.9981751750154455,1.0747028862478776,floorplan,,,,,,,,,,
traj_sweep_677,mega_sweep,0.8902788029838921,0.7646673417118351,0.9289913955001289,0.9933307179285994,1.0,,,,0.8604104532986103,0.9405172519608685,1.0051607780865421,placement,3086.52,0.622283,0.713027,4.3503038687252303e-10,,,,,,
traj_sweep_677,mega_sweep,0.8902788029838921,0.7646673417118351,0.9289913955001289,0.9933307179285994,1.0,,,,0.7641276805605156,0.9299447233508041,0.9941107184923439,cts,,,,4.3997624128297074e-10,0.0,0.000728924,0.0,,,
traj_sweep_677,mega_sweep,0.8902788029838921,0.7646673417118351,0.9289913955001289,0.9933307179285994,1.0,,,,0.7362203434263993,0.904671306468309,0.9933307179285994,routing,,,,4.522676700978707e-10,0.0,,,3428.0,0.713027,0.0
traj_sweep_678,mega_sweep,0.8923737178583957,0.7755760766376112,0.9220439676441345,0.9937205651491364,1.0,1076.77,0.582016,1.187273048097551,0.9799786264203616,0.9981751750154455,1.0747028862478776,floorplan,,,,,,,,,,
traj_sweep_678,mega_sweep,0.8923737178583957,0.7755760766376112,0.9220439676441345,0.9937205651491364,1.0,,,,0.880314251008973,0.9365320960528953,1.0063593004769475,placement,3140.15,0.621542,0.708539,4.3688153957054543e-10,,,,,,
traj_sweep_678,mega_sweep,0.8923737178583957,0.7755760766376112,0.9220439676441345,0.9937205651491364,1.0,,,,0.7745399698340875,0.924658459045772,0.9945011783189316,cts,,,,4.424915815976601e-10,0.0,0.000389543,0.0,,,
traj_sweep_678,mega_sweep,0.8923737178583957,0.7755760766376112,0.9220439676441345,0.9937205651491364,1.0,,,,0.7472331933646531,0.902793291517837,0.9937205651491364,routing,,,,4.5320848950142534e-10,0.0,,,3413.0,0.708539,0.0
traj_sweep_679,mega_sweep,0.8967154098666559,0.7906946051410194,0.9147978576718343,0.9968503937007873,1.0,1076.77,0.582016,1.187273048097551,1.000228169468699,0.9981751750154455,1.0747028862478776,floorplan,,,,,,,,,,
traj_sweep_679,mega_sweep,0.8967154098666559,0.7906946051410194,0.9147978576718343,0.9968503937007873,1.0,,,,0.8991635315776835,0.928389939731677,1.0103750997605745,placement,3111.44,0.619071,0.706286,4.407130737533329e-10,,,,,,
traj_sweep_679,mega_sweep,0.8967154098666559,0.7906946051410194,0.9147978576718343,0.9968503937007873,1.0,,,,0.7890111240857969,0.9203173395197355,0.9968503937007873,cts,,,,4.445788060391585e-10,0.0,0.0011519,0.0,,,
traj_sweep_679,mega_sweep,0.8967154098666559,0.7906946051410194,0.9147978576718343,0.9968503937007873,1.0,,,,0.7612343608379287,0.8912919842721362,0.9968503937007873,routing,,,,4.590567302307219e-10,0.0,,,3418.0,0.706286,0.0
traj_sweep_680,mega_sweep,0.9014056446959536,0.8080239531726265,0.9078667959591992,0.9984227129337538,1.0,1076.77,0.582016,1.187273048097551,1.020468184889313,0.9981751750154455,1.0747028862478776,floorplan,,,,,,,,,,
traj_sweep_680,mega_sweep,0.9014056446959536,0.8080239531726265,0.9078667959591992,0.9984227129337538,1.0,,,,0.9172246264391278,0.9229072817063341,1.0103750997605745,placement,3084.59,0.619071,0.704894,4.4333119056591224e-10,,,,,,
traj_sweep_680,mega_sweep,0.9014056446959536,0.8080239531726265,0.9078667959591992,0.9984227129337538,1.0,,,,0.8075701274718164,0.9131530602642314,0.9984227129337538,cts,,,,4.480668157235607e-10,0.0,0.000743405,0.0,,,
traj_sweep_680,mega_sweep,0.9014056446959536,0.8080239531726265,0.9078667959591992,0.9984227129337538,1.0,,,,0.7795454545454545,0.8863044020834101,0.9984227129337538,routing,,,,4.616400223433771e-10,0.0,,,3452.0,0.704894,0.0
traj_sweep_681,mega_sweep,0.9001140535567516,0.8220453713867546,0.8896021799702954,0.9972430090586843,1.0,1076.77,0.582016,1.187273048097551,1.0407059559240774,0.9981751750154455,1.0747028862478776,floorplan,,,,,,,,,,
traj_sweep_681,mega_sweep,0.9001140535567516,0.8220453713867546,0.8896021799702954,0.9972430090586843,1.0,,,,0.9373686379021701,0.9055264374588289,1.0107784431137723,placement,3064.66,0.618824,0.695823,4.518405725723736e-10,,,,,,
traj_sweep_681,mega_sweep,0.9001140535567516,0.8220453713867546,0.8896021799702954,0.9972430090586843,1.0,,,,0.8218536656743991,0.8966027977922073,0.9972430090586843,cts,,,,4.563376168224299e-10,0.0,0.000647427,0.0,,,
traj_sweep_681,mega_sweep,0.9001140535567516,0.8220453713867546,0.8896021799702954,0.9972430090586843,1.0,,,,0.7928082116249012,0.8754168252136805,0.9972430090586843,routing,,,,4.673814486955384e-10,0.0,,,3456.0,0.695823,0.0
traj_sweep_682,mega_sweep,0.9141603746219544,0.8361261269643373,0.9165694926904713,0.9968503937007873,1.0,1076.77,0.582016,1.187273048097551,1.0609291069004192,0.9981751750154455,1.0747028862478776,floorplan,,,,,,,,,,
traj_sweep_682,mega_sweep,0.9141603746219544,0.8361261269643373,0.9165694926904713,0.9968503937007873,1.0,,,,0.9528788039444386,0.9295887597327409,1.0103750997605745,placement,3101.12,0.619071,0.693292,4.4014471958379914e-10,,,,,,
traj_sweep_682,mega_sweep,0.9141603746219544,0.8361261269643373,0.9165694926904713,0.9968503937007873,1.0,,,,0.8335899671632376,0.9204196279157307,0.9968503937007873,cts,,,,4.4452939895179965e-10,0.0,0.00248632,0.0,,,
traj_sweep_682,mega_sweep,0.9141603746219544,0.8361261269643373,0.9165694926904713,0.9968503937007873,1.0,,,,0.8052292501097641,0.8967623676899598,0.9968503937007873,routing,,,,4.562564161058515e-10,0.0,,,3397.0,0.693292,0.0
traj_sweep_683,mega_sweep,0.9199903678924793,0.8568826847071052,0.9108699832656184,0.9976359338061466,1.0,1076.77,0.582016,1.187273048097551,1.0811532654399336,0.9981751750154455,1.0747028862478776,floorplan,,,,,,,,,,
traj_sweep_683,mega_sweep,0.9199903678924793,0.8568826847071052,0.9108699832656184,0.9976359338061466,1.0,,,,0.9724231587034502,0.9254440339270151,1.0103750997605745,placement,3097.93,0.619071,0.706648,4.421159670181489e-10,,,,,,
traj_sweep_683,mega_sweep,0.9199903678924793,0.8568826847071052,0.9108699832656184,0.9976359338061466,1.0,,,,0.8557403430922101,0.9158411993109854,0.9976359338061466,cts,,,,4.467516686174823e-10,0.0,0.00095926,0.0,,,
traj_sweep_683,mega_sweep,0.9199903678924793,0.8568826847071052,0.9108699832656184,0.9976359338061466,1.0,,,,0.8261489101556395,0.8860507268613419,0.9976359338061466,routing,,,,4.6177218930812673e-10,0.0,,,3420.0,0.706648,0.0
traj_sweep_684,mega_sweep,0.9189967046624367,0.8766815924766113,0.8874172998318379,0.9976359338061466,1.0,1076.77,0.582016,1.187273048097551,1.10136650530057,0.9981751750154455,1.0747028862478776,floorplan,,,,,,,,,,
traj_sweep_684,mega_sweep,0.9189967046624367,0.8766815924766113,0.8874172998318379,0.9976359338061466,1.0,,,,0.9923694468677188,0.897527484892004,1.0103750997605745,placement,3059.26,0.619071,0.686049,4.558674702090608e-10,,,,,,
traj_sweep_684,mega_sweep,0.9189967046624367,0.8766815924766113,0.8874172998318379,0.9976359338061466,1.0,,,,0.8741446142921759,0.8888943442700087,0.9976359338061466,cts,,,,4.60294957008451e-10,0.0,0.00133069,0.0,,,
traj_sweep_684,mega_sweep,0.9189967046624367,0.8766815924766113,0.8874172998318379,0.9976359338061466,1.0,,,,0.8428071689159407,0.86326905530529,0.9976359338061466,routing,,,,4.739583580186644e-10,0.0,,,3437.0,0.686049,0.0
traj_sweep_685,mega_sweep,0.9235159145736241,0.8895906235924748,0.8871554415380901,0.9980291683090263,1.0,1076.77,0.582016,1.187273048097551,1.1215795418380146,0.9981751750154455,1.0747028862478776,floorplan,,,,,,,,,,
traj_sweep_685,mega_sweep,0.9235159145736241,0.8895906235924748,0.8871554415380901,0.9980291683090263,1.0,,,,1.012152680009461,0.898636291104592,1.0107784431137723,placement,3111.84,0.618824,0.704334,4.553049860449022e-10,,,,,,
traj_sweep_685,mega_sweep,0.9235159145736241,0.8895906235924748,0.8871554415380901,0.9980291683090263,1.0,,,,0.8872762457668119,0.8892625824955914,0.9980291683090263,cts,,,,4.601043516669581e-10,0.0,0.00231828,0.0,,,
traj_sweep_685,mega_sweep,0.9235159145736241,0.8895906235924748,0.8871554415380901,0.9980291683090263,1.0,,,,0.8565478261283974,0.8682402713506568,0.9980291683090263,routing,,,,4.712446513732069e-10,0.0,,,3465.0,0.704334,0.0
traj_sweep_686,mega_sweep,0.9290038212553512,0.9028220094636272,0.8894794338951012,0.9984227129337538,1.0,1076.77,0.582016,1.187273048097551,1.1417790031382216,0.9981751750154455,1.0747028862478776,floorplan,,,,,,,,,,
traj_sweep_686,mega_sweep,0.9290038212553512,0.9028220094636272,0.8894794338951012,0.9984227129337538,1.0,,,,1.0291335516822795,0.9069666580744414,1.0119904076738608,placement,3120.48,0.618083,0.694979,4.5112307088496814e-10,,,,,,
traj_sweep_686,mega_sweep,0.9290038212553512,0.9028220094636272,0.8894794338951012,0.9984227129337538,1.0,,,,0.9022917241898641,0.8975438510353632,0.9984227129337538,cts,,,,4.5585915775462014e-10,0.0,0.000744189,0.0,,,
traj_sweep_686,mega_sweep,0.9290038212553512,0.9028220094636272,0.8894794338951012,0.9984227129337538,1.0,,,,0.8703180913550236,0.8735756340857668,0.9984227129337538,routing,,,,4.683665249077318e-10,0.0,,,3451.0,0.694979,0.0
traj_sweep_687,mega_sweep,0.9344586579938493,0.9188188863668896,0.8894794338951012,0.9984227129337538,1.0,1076.77,0.582016,1.187273048097551,1.1619752000930967,0.9981751750154455,1.0747028862478776,floorplan,,,,,,,,,,
traj_sweep_687,mega_sweep,0.9344586579938493,0.9188188863668896,0.8894794338951012,0.9984227129337538,1.0,,,,1.0473465534622712,0.9069666580744414,1.0119904076738608,placement,3120.48,0.618083,0.694979,4.5112307088496814e-10,,,,,,
traj_sweep_687,mega_sweep,0.9344586579938493,0.9188188863668896,0.8894794338951012,0.9984227129337538,1.0,,,,0.9182743399002697,0.8975438510353632,0.9984227129337538,cts,,,,4.5585915775462014e-10,0.0,0.000744189,0.0,,,
traj_sweep_687,mega_sweep,0.9344586579938493,0.9188188863668896,0.8894794338951012,0.9984227129337538,1.0,,,,0.885741460794315,0.8735756340857668,0.9984227129337538,routing,,,,4.683665249077318e-10,0.0,,,3451.0,0.694979,0.0
traj_sweep_688,mega_sweep,0.9413559026604787,0.9382935182091547,0.8897453837246887,0.9992107340173638,1.0,1076.77,0.582016,1.187273048097551,1.1821596058854094,0.9981751750154455,1.0747028862478776,floorplan,,,,,,,,,,
traj_sweep_688,mega_sweep,0.9413559026604787,0.9382935182091547,0.8897453837246887,0.9992107340173638,1.0,,,,1.0663296786748304,0.9048595171169402,1.0128,placement,3079.18,0.617589,0.678675,4.521735984879315e-10,,,,,,
traj_sweep_688,mega_sweep,0.9413559026604787,0.9382935182091547,0.8897453837246887,0.9992107340173638,1.0,,,,0.9360017914707245,0.8962632003175032,0.9992107340173638,cts,,,,4.565105248501504e-10,0.0,0.000527439,0.0,,,
traj_sweep_688,mega_sweep,0.9413559026604787,0.9382935182091547,0.8897453837246887,0.9992107340173638,1.0,,,,0.9021196287763573,0.8690381208394194,0.9992107340173638,routing,,,,4.708120094727376e-10,0.0,,,3373.0,0.678675,0.0
traj_sweep_689,mega_sweep,0.9470527129806628,0.9555739866445494,0.8889107104133679,1.0,1.0,1076.77,0.582016,1.187273048097551,1.2023413720440177,0.9981751750154455,1.0747028862478776,floorplan,,,,,,,,,,
traj_sweep_689,mega_sweep,0.9470527129806628,0.9555739866445494,0.8889107104133679,1.0,1.0,,,,1.0834147105983338,0.9016558445543704,1.0128,placement,3107.61,0.617589,0.697135,4.537802160901389e-10,,,,,,
traj_sweep_689,mega_sweep,0.9470527129806628,0.9555739866445494,0.8889107104133679,1.0,1.0,,,,0.9536118848653669,0.8928181271403847,1.0,cts,,,,4.5827203944805717e-10,0.0,0.00118603,0.0,,,
traj_sweep_689,mega_sweep,0.9470527129806628,0.9555739866445494,0.8889107104133679,1.0,1.0,,,,0.9211262697184326,0.8699137095091385,1.0,routing,,,,4.703381260788381e-10,0.0,,,3413.0,0.697135,0.0
traj_sweep_690,mega_sweep,0.9507327872368024,0.966961312293878,0.8904777686400144,0.9980291683090263,1.0,1076.77,0.582016,1.187273048097551,1.2225169707110695,0.9981751750154455,1.0747028862478776,floorplan,,,,,,,,,,
traj_sweep_690,mega_sweep,0.9507327872368024,0.966961312293878,0.8904777686400144,0.9980291683090263,1.0,,,,1.1009954363073908,0.9054896136362707,1.0115860966839791,placement,3082.16,0.61833,0.693021,4.5185894771088256e-10,,,,,,
traj_sweep_690,mega_sweep,0.9507327872368024,0.966961312293878,0.8904777686400144,0.9980291683090263,1.0,,,,0.965185403968531,0.8965005093962121,0.9980291683090263,cts,,,,4.563896837675881e-10,0.0,0.000583304,0.0,,,
traj_sweep_690,mega_sweep,0.9507327872368024,0.966961312293878,0.8904777686400144,0.9980291683090263,1.0,,,,0.9293710669059057,0.8665709247280151,0.9980291683090263,routing,,,,4.721524485825983e-10,0.0,,,3446.0,0.693021,0.0
traj_sweep_691,mega_sweep,0.9570802248347616,0.9848382730864278,0.8919425384706657,0.9980291683090263,1.0,1076.77,0.582016,1.187273048097551,1.242684883013441,0.9981751750154455,1.0747028862478776,floorplan,,,,,,,,,,
traj_sweep_691,mega_sweep,0.9570802248347616,0.9848382730864278,0.8919425384706657,0.9980291683090263,1.0,,,,1.119623245644089,0.9058496687901738,1.0115860966839791,placement,3091.56,0.61833,0.69283,4.5167934380024934e-10,,,,,,
traj_sweep_691,mega_sweep,0.9570802248347616,0.9848382730864278,0.8919425384706657,0.9980291683090263,1.0,,,,0.9815306311914982,0.8964432278944547,0.9980291683090263,cts,,,,4.564188464470075e-10,0.0,0.000787898,0.0,,,
traj_sweep_691,mega_sweep,0.9570802248347616,0.9848382730864278,0.8919425384706657,0.9980291683090263,1.0,,,,0.9476836765900007,0.8717753583162512,0.9980291683090263,routing,,,,4.693337338314529e-10,0.0,,,3428.0,0.69283,0.0
traj_sweep_692,mega_sweep,0.9631460003994804,1.0,0.8941683339675214,0.9992107340173638,1.0,1076.77,0.582016,1.187273048097551,1.2628457803728141,0.9981751750154455,1.0747028862478776,floorplan,,,,,,,,,,
traj_sweep_692,mega_sweep,0.9631460003994804,1.0,0.8941683339675214,0.9992107340173638,1.0,,,,1.1378179562173183,0.9079240774609565,1.0128,placement,3096.8,0.617589,0.691376,4.5064735492535025e-10,,,,,,
traj_sweep_692,mega_sweep,0.9631460003994804,1.0,0.8941683339675214,0.9992107340173638,1.0,,,,0.9963413011663488,0.8996264427778256,0.9992107340173638,cts,,,,4.548038658328596e-10,0.0,0.000870845,0.0,,,
traj_sweep_692,mega_sweep,0.9631460003994804,1.0,0.8941683339675214,0.9992107340173638,1.0,,,,0.9610874342946062,0.8759650910162148,0.9992107340173638,routing,,,,4.670889150458681e-10,0.0,,,3415.0,0.691376,0.0
traj_sweep_693,mega_sweep,0.45943377106979993,0.147781614865976,0.9703322736255509,0.6762820512820512,1.0,1076.77,0.656374,1.187273048097551,0.2498446568201564,1.009492363148355,0.9529544599171998,floorplan,,,,,,,,,,
traj_sweep_693,mega_sweep,0.45943377106979993,0.147781614865976,0.9703322736255509,0.6762820512820512,1.0,,,,0.19990167967594333,1.0119963830823175,0.7984862819299905,placement,3566.14,0.78335,0.730149,4.043034054475841e-10,,,,,,
traj_sweep_693,mega_sweep,0.45943377106979993,0.147781614865976,0.9703322736255509,0.6762820512820512,1.0,,,,0.16038478355924793,0.9929421006763308,0.7142454160789844,cts,,,,4.120618752111817e-10,-12.6792,0.00037427,9.0,,,
traj_sweep_693,mega_sweep,0.45943377106979993,0.147781614865976,0.9703322736255509,0.6762820512820512,1.0,,,,0.1443143678437796,0.9547721628267603,0.6762820512820512,routing,,,,4.285353091667988e-10,-13.3868,,,5300.0,0.730149,0.0
traj_sweep_694,mega_sweep,0.4850418708163662,0.16546403616177052,0.9862769887932833,0.6992543496271747,1.0,1076.77,0.656374,1.187273048097551,0.26764233744032356,1.009492363148355,0.9529544599171998,floorplan,,,,,,,,,,
traj_sweep_694,mega_sweep,0.4850418708163662,0.16546403616177052,0.9862769887932833,0.6992543496271747,1.0,,,,0.2150295268996277,1.0154619139386352,0.800252844500632,placement,3550.1,0.781621,0.704469,4.0292361374130694e-10,,,,,,
traj_sweep_694,mega_sweep,0.4850418708163662,0.16546403616177052,0.9862769887932833,0.6992543496271747,1.0,,,,0.1706532472464869,0.9953683814293371,0.7116357504215851,cts,,,,4.110574452779776e-10,-12.2224,0.00139967,8.0,,,
traj_sweep_694,mega_sweep,0.4850418708163662,0.16546403616177052,0.9862769887932833,0.6992543496271747,1.0,,,,0.1605954465849387,0.9621123781233761,0.6992543496271747,routing,,,,4.252658975024134e-10,-12.7749,,,4529.0,0.704469,0.0
traj_sweep_695,mega_sweep,0.4911547093882337,0.17604560503065803,0.9731186095324602,0.6916143130292269,1.0,1076.77,0.656374,1.187273048097551,0.2854338711726591,1.009492363148355,0.9529544599171998,floorplan,,,,,,,,,,
traj_sweep_695,mega_sweep,0.4911547093882337,0.17604560503065803,0.9731186095324602,0.6916143130292269,1.0,,,,0.22942235940011055,1.01514686567897,0.800252844500632,placement,3514.5,0.781621,0.695239,4.030486600647296e-10,,,,,,
traj_sweep_695,mega_sweep,0.4911547093882337,0.17604560503065803,0.9731186095324602,0.6916143130292269,1.0,,,,0.1800979590527953,0.9846280998498407,0.7023578363384189,cts,,,,4.15541242468315e-10,-11.8419,0.000851805,9.0,,,
traj_sweep_695,mega_sweep,0.4911547093882337,0.17604560503065803,0.9731186095324602,0.6916143130292269,1.0,,,,0.17161298946825676,0.9544530230312552,0.6916143130292269,routing,,,,4.286785982209838e-10,-12.4429,,,5284.0,0.695239,0.0
traj_sweep_696,mega_sweep,0.5035381107444564,0.18734905033965954,0.9699885846150069,0.7025527192008878,1.0,1076.77,0.656374,1.187273048097551,0.3032187425663901,1.009492363148355,0.9529544599171998,floorplan,,,,,,,,,,
traj_sweep_696,mega_sweep,0.5035381107444564,0.18734905033965954,0.9699885846150069,0.7025527192008878,1.0,,,,0.24590033848031367,1.0186533118936856,0.8038095238095238,placement,3523.76,0.778162,0.716833,4.0166127101692603e-10,,,,,,
traj_sweep_696,mega_sweep,0.5035381107444564,0.18734905033965954,0.9699885846150069,0.7025527192008878,1.0,,,,0.19401101682748617,0.9947628341250455,0.7170773152081563,cts,,,,4.1130767047674675e-10,-11.1102,0.000282892,12.0,,,
traj_sweep_696,mega_sweep,0.5035381107444564,0.18734905033965954,0.9699885846150069,0.7025527192008878,1.0,,,,0.18228453027747551,0.9588391494515296,0.7025527192008878,routing,,,,4.2671764520134673e-10,-11.7635,,,4872.0,0.716833,0.0
traj_sweep_698,mega_sweep,0.5264187637238101,0.21186191938421278,0.9825291419640191,0.7008026570716855,1.0,1076.77,0.656374,1.187273048097551,0.3387699017798746,1.009492363148355,0.9529544599171998,floorplan,,,,,,,,,,
traj_sweep_698,mega_sweep,0.5264187637238101,0.21186191938421278,0.9825291419640191,0.7008026570716855,1.0,,,,0.2771020624008461,1.0164397910043492,0.8061127029608405,placement,3526.04,0.775939,0.713638,4.0253597665291335e-10,,,,,,
traj_sweep_698,mega_sweep,0.5264187637238101,0.21186191938421278,0.9825291419640191,0.7008026570716855,1.0,,,,0.22121514973980771,1.0011619961785054,0.7211620620905724,cts,,,,4.086787008921456e-10,-10.1011,0.00131423,10.0,,,
traj_sweep_698,mega_sweep,0.5264187637238101,0.21186191938421278,0.9825291419640191,0.7008026570716855,1.0,,,,0.20637951683410247,0.9686465608595498,0.7008026570716855,routing,,,,4.223971885243132e-10,-10.7028,,,4847.0,0.713638,0.0
traj_sweep_699,mega_sweep,0.5359103549523994,0.22231292920896908,0.9884536858600613,0.700414937759336,1.0,1076.77,0.656374,1.187273048097551,0.35653541807592437,1.009492363148355,0.9529544599171998,floorplan,,,,,,,,,,
traj_sweep_699,mega_sweep,0.5359103549523994,0.22231292920896908,0.9884536858600613,0.700414937759336,1.0,,,,0.2921925168464433,1.016337502608354,0.8066263141127746,placement,3490.04,0.775445,0.7193,4.0257648953301125e-10,,,,,,
traj_sweep_699,mega_sweep,0.5359103549523994,0.22231292920896908,0.9884536858600613,0.700414937759336,1.0,,,,0.23353434240667761,1.0010801654617094,0.7199317600227466,cts,,,,4.087121072787539e-10,-9.54891,0.000822994,13.0,,,
traj_sweep_699,mega_sweep,0.5359103549523994,0.22231292920896908,0.9884536858600613,0.700414937759336,1.0,,,,0.21616771724475525,0.9677832467973503,0.700414937759336,routing,,,,4.227739892530852e-10,-10.2378,,,4778.0,0.7193,0.0
traj_sweep_700,mega_sweep,0.5577773907929987,0.24214711354637228,0.9957161619757209,0.7197271176805002,1.0,1076.77,0.656374,1.187273048097551,0.37429428829065226,1.009492363148355,0.9529544599171998,floorplan,,,,,,,,,,
traj_sweep_700,mega_sweep,0.5577773907929987,0.24214711354637228,0.9957161619757209,0.7197271176805002,1.0,,,,0.3083616848613992,1.0164725232910679,0.8089456869009584,placement,3487.14,0.773221,0.701202,4.0252301425333995e-10,,,,,,
traj_sweep_700,mega_sweep,0.5577773907929987,0.24214711354637228,0.9957161619757209,0.7197271176805002,1.0,,,,0.24978215702760734,1.0026103998657976,0.735191637630662,cts,,,,4.0808831031035114e-10,-8.92024,0.00108259,10.0,,,
traj_sweep_700,mega_sweep,0.5577773907929987,0.24214711354637228,0.9957161619757209,0.7197271176805002,1.0,,,,0.23540691163661845,0.9681433019512534,0.7197271176805002,routing,,,,4.2261675844493935e-10,-9.5411,,,4305.0,0.701202,0.0
traj_sweep_702,mega_sweep,0.5710835759791159,0.2636708119820495,0.9878685962349687,0.7150522451284947,1.0,1076.77,0.656374,1.187273048097551,0.4097940906220146,1.009492363148355,0.9529544599171998,floorplan,,,,,,,,,,
traj_sweep_702,mega_sweep,0.5710835759791159,0.2636708119820495,0.9878685962349687,0.7150522451284947,1.0,,,,0.3380409902818764,1.0113990188497055,0.8092042186001918,placement,3534.75,0.772974,0.716815,4.045421998195742e-10,,,,,,
traj_sweep_702,mega_sweep,0.5710835759791159,0.2636708119820495,0.9878685962349687,0.7150522451284947,1.0,,,,0.27478721924177124,0.9944068705069822,0.7394859813084111,cts,,,,4.1145490454246215e-10,-7.86846,0.000638753,8.0,,,
traj_sweep_702,mega_sweep,0.5710835759791159,0.2636708119820495,0.9878685962349687,0.7150522451284947,1.0,,,,0.2559905655002678,0.969538515672628,0.7150522451284947,routing,,,,4.2200859209493504e-10,-8.45931,,,4425.0,0.716815,0.0
traj_sweep_703,mega_sweep,0.582164425918003,0.27588557008502274,0.9871689436063615,0.7244635193133047,1.0,1076.77,0.655385,1.187273048097551,0.42863139016875107,1.009492363148355,0.9543912551828119,floorplan,,,,,,,,,,
traj_sweep_703,mega_sweep,0.582164425918003,0.27588557008502274,0.9871689436063615,0.7244635193133047,1.0,,,,0.3517872975919485,1.0120577561199147,0.805856142584341,placement,3631.89,0.776186,0.707283,4.0427888774792405e-10,,,,,,
traj_sweep_703,mega_sweep,0.582164425918003,0.27588557008502274,0.9871689436063615,0.7244635193133047,1.0,,,,0.29081247957232126,0.9960271186995463,0.7531231409875073,cts,,,,4.1078558635534594e-10,-7.45693,0.00195154,6.0,,,
traj_sweep_703,mega_sweep,0.582164425918003,0.27588557008502274,0.9871689436063615,0.7244635193133047,1.0,,,,0.2680067101584343,0.9618464282937886,0.7244635193133047,routing,,,,4.253834832101139e-10,-8.07402,,,4343.0,0.707283,0.0
traj_sweep_704,mega_sweep,0.5843890619993193,0.28184633719881763,0.9964280892118474,0.7106371035644119,1.0,1076.77,0.648468,1.187273048097551,0.4497989153692725,1.009492363148355,0.9645714285714285,floorplan,,,,,,,,,,
traj_sweep_704,mega_sweep,0.5843890619993193,0.28184633719881763,0.9964280892118474,0.7106371035644119,1.0,,,,0.36931587015217954,1.0204740453424002,0.8138862102217936,placement,3507.92,0.768528,0.72427,4.0094462553776696e-10,,,,,,
traj_sweep_704,mega_sweep,0.5843890619993193,0.28184633719881763,0.9964280892118474,0.7106371035644119,1.0,,,,0.2952544288492877,1.0001759360411118,0.7317919075144508,cts,,,,4.090816117815504e-10,-6.95295,0.000893972,10.0,,,
traj_sweep_704,mega_sweep,0.5843890619993193,0.28184633719881763,0.9964280892118474,0.7106371035644119,1.0,,,,0.2745550921894811,0.9764327535627049,0.7106371035644119,routing,,,,4.190289423290467e-10,-7.57673,,,4527.0,0.72427,0.0
traj_sweep_705,mega_sweep,0.596251771772693,0.29660067362737286,0.9938463300969285,0.7191138880999716,1.0,1076.77,0.647233,1.187273048097551,0.46846565066556156,1.009492363148355,0.9664122137404579,floorplan,,,,,,,,,,
traj_sweep_705,mega_sweep,0.596251771772693,0.29660067362737286,0.9938463300969285,0.7191138880999716,1.0,,,,0.38608618693383573,1.008514486082641,0.8151963940759819,placement,3530.3,0.767292,0.706494,4.056992632501379e-10,,,,,,
traj_sweep_705,mega_sweep,0.596251771772693,0.29660067362737286,0.9938463300969285,0.7191138880999716,1.0,,,,0.3117294870994374,0.9947792002684047,0.7429577464788731,cts,,,,4.1130090362808525e-10,-6.63624,0.00115493,6.0,,,
traj_sweep_705,mega_sweep,0.596251771772693,0.29660067362737286,0.9938463300969285,0.7191138880999716,1.0,,,,0.288675557211669,0.9633684796261973,0.7191138880999716,routing,,,,4.247114085978578e-10,-7.09569,,,4426.0,0.706494,0.0
traj_sweep_706,mega_sweep,0.6104135990366428,0.3138409422282756,0.9969027073692652,0.726959517657192,1.0,1076.77,0.643528,1.187273048097551,0.48926903100057717,1.009492363148355,0.9719769673704415,floorplan,,,,,,,,,,
traj_sweep_706,mega_sweep,0.6104135990366428,0.3138409422282756,0.9969027073692652,0.726959517657192,1.0,,,,0.4025154415683886,1.0091609487453306,0.8188874514877101,placement,3473.1,0.763834,0.712297,4.054393746503085e-10,,,,,,
traj_sweep_706,mega_sweep,0.6104135990366428,0.3138409422282756,0.9969027073692652,0.726959517657192,1.0,,,,0.32064309874834085,1.0013133830045784,0.7447058823529411,cts,,,,4.086169134712824e-10,-5.97472,0.00108621,10.0,,,
traj_sweep_706,mega_sweep,0.6104135990366428,0.3138409422282756,0.9969027073692652,0.726959517657192,1.0,,,,0.30417012894043427,0.978752654383876,0.726959517657192,routing,,,,4.180357336945162e-10,-6.60341,,,4102.0,0.712297,0.0
traj_sweep_708,mega_sweep,0.6176359337099318,0.3336650206066907,0.9777665942464823,0.7221905305191101,1.0,1076.77,0.643281,1.187273048097551,0.5255137246646316,1.0093491593939616,0.9723502304147464,floorplan,,,,,,,,,,
traj_sweep_708,mega_sweep,0.6176359337099318,0.3336650206066907,0.9777665942464823,0.7221905305191101,1.0,,,,0.43382509123911406,0.9993330796581112,0.8228794280142996,placement,3471.13,0.760128,0.697093,4.094266389348357e-10,,,,,,
traj_sweep_708,mega_sweep,0.6176359337099318,0.3336650206066907,0.9777665942464823,0.7221905305191101,1.0,,,,0.34375179304356474,0.9909945296165822,0.7369033760186262,cts,,,,4.1287168773688515e-10,-5.18383,0.000829684,9.0,,,
traj_sweep_708,mega_sweep,0.6176359337099318,0.3336650206066907,0.9777665942464823,0.7221905305191101,1.0,,,,0.32458242510379554,0.9627220169635076,0.7221905305191101,routing,,,,4.249966000271998e-10,-5.82479,,,4449.0,0.697093,0.0
traj_sweep_709,mega_sweep,0.6454146867111481,0.36115420166378653,0.9881631868154349,0.7533472180898542,1.0,1076.77,0.643034,1.187273048097551,0.5437296175511415,1.0093491593939616,0.9727237802535534,floorplan,,,,,,,,,,
traj_sweep_709,mega_sweep,0.6454146867111481,0.36115420166378653,0.9881631868154349,0.7533472180898542,1.0,,,,0.4464548308890744,1.012352346700381,0.8231469440832249,placement,3545.62,0.759881,0.698121,4.0416124416997403e-10,,,,,,
traj_sweep_709,mega_sweep,0.6454146867111481,0.36115420166378653,0.9881631868154349,0.7533472180898542,1.0,,,,0.3643890828437157,0.9992757981563539,0.7576301615798923,cts,,,,4.0945010850427877e-10,-4.65592,0.00155324,6.0,,,
traj_sweep_709,mega_sweep,0.6454146867111481,0.36115420166378653,0.9881631868154349,0.7533472180898542,1.0,,,,0.3506623744024973,0.9634707680221924,0.7533472180898542,routing,,,,4.2466631844028554e-10,-5.20595,,,4056.0,0.698121,0.0
traj_sweep_710,mega_sweep,0.6550179178990979,0.3755401215221189,0.990998621152422,0.7551446465851476,1.0,1076.77,0.638587,1.187273048097551,0.5673107880333571,1.0093246101789228,0.9794970986460347,floorplan,,,,,,,,,,
traj_sweep_710,mega_sweep,0.6550179178990979,0.3755401215221189,0.990998621152422,0.7551446465851476,1.0,,,,0.464349380719368,1.0041856411641237,0.827721477607061,placement,3473.01,0.755682,0.716951,4.0744815222262966e-10,,,,,,
traj_sweep_710,mega_sweep,0.6550179178990979,0.3755401215221189,0.990998621152422,0.7551446465851476,1.0,,,,0.37887609563600644,0.9981056189061688,0.7601320924647252,cts,,,,4.0993014790279734e-10,-4.19347,0.00154405,7.0,,,
traj_sweep_710,mega_sweep,0.6550179178990979,0.3755401215221189,0.990998621152422,0.7551446465851476,1.0,,,,0.3636643229298397,0.9634707680221924,0.7551446465851476,routing,,,,4.2466631844028554e-10,-4.73614,,,3903.0,0.716951,0.0
traj_sweep_712,mega_sweep,0.664453872653627,0.39659741606628646,0.975724917862418,0.7580838323353293,1.0,1076.77,0.638587,1.187273048097551,0.6036988022222372,1.0093246101789228,0.9794970986460347,floorplan,,,,,,,,,,
traj_sweep_712,mega_sweep,0.664453872653627,0.39659741606628646,0.975724917862418,0.7580838323353293,1.0,,,,0.5047772578932882,1.008768161304709,0.8451268357810413,placement,3519.75,0.740119,0.726176,4.055972419387548e-10,,,,,,
traj_sweep_712,mega_sweep,0.664453872653627,0.39659741606628646,0.975724917862418,0.7580838323353293,1.0,,,,0.4286497908408817,1.00618640218979,0.8053435114503816,cts,,,,4.0663795802683e-10,-3.16886,0.000767504,4.0,,,
traj_sweep_712,mega_sweep,0.664453872653627,0.39659741606628646,0.975724917862418,0.7580838323353293,1.0,,,,0.3851875981817753,0.9609503819448706,0.7580838323353293,routing,,,,4.257801356535512e-10,-3.97803,,,4086.0,0.726176,0.0
traj_sweep_713,mega_sweep,0.6848929607845863,0.4228958383823173,0.987713117873056,0.7691373025516403,1.0,1076.77,0.632164,1.187273048097551,0.6311235651254824,1.0092836948205248,0.9894490035169988,floorplan,,,,,,,,,,
traj_sweep_713,mega_sweep,0.6848929607845863,0.4228958383823173,0.987713117873056,0.7691373025516403,1.0,,,,0.5259058336771449,1.0043861264202745,0.850235057085292,placement,3414.91,0.735672,0.736636,4.0736682160184783e-10,,,,,,
traj_sweep_713,mega_sweep,0.6848929607845863,0.4228958383823173,0.987713117873056,0.7691373025516403,1.0,,,,0.4481871228367662,1.0025367522206812,0.8125802310654685,cts,,,,4.081182890048852e-10,-2.81344,0.00187142,3.0,,,
traj_sweep_713,mega_sweep,0.6848929607845863,0.4228958383823173,0.987713117873056,0.7691373025516403,1.0,,,,0.4089865447586453,0.9698944792906914,0.7691373025516403,routing,,,,4.218537095705951e-10,-3.40311,,,3914.0,0.736636,0.0
traj_sweep_714,mega_sweep,0.684881222680565,0.4273624991380561,0.9791208926094588,0.7677380230442692,1.0,1076.77,0.632164,1.187273048097551,0.649571908215965,1.0092836948205248,0.9894490035169988,floorplan,,,,,,,,,,
traj_sweep_714,mega_sweep,0.684881222680565,0.4273624991380561,0.9791208926094588,0.7677380230442692,1.0,,,,0.5435076461569632,1.0003805128331023,0.8530997304582209,placement,3293.12,0.733202,0.70467,4.0899795501022496e-10,,,,,,
traj_sweep_714,mega_sweep,0.684881222680565,0.4273624991380561,0.9791208926094588,0.7677380230442692,1.0,,,,0.44330657195358075,0.9933307965811127,0.7863354037267081,cts,,,,4.1190063309127306e-10,-2.50817,0.00165626,4.0,,,
traj_sweep_714,mega_sweep,0.684881222680565,0.4273624991380561,0.9791208926094588,0.7677380230442692,1.0,,,,0.4145980821620774,0.9583931720449905,0.7677380230442692,routing,,,,4.269162134239534e-10,-3.06388,,,3915.0,0.70467,0.0
traj_sweep_715,mega_sweep,0.7160353267907977,0.464482583066073,0.9870339229236479,0.8007590132827324,1.0,1076.77,0.632164,1.187273048097551,0.6680145992997688,1.0092836948205248,0.9894490035169988,floorplan,,,,,,,,,,
traj_sweep_715,mega_sweep,0.7160353267907977,0.464482583066073,0.9870339229236479,0.8007590132827324,1.0,,,,0.5588038689578624,0.9995499310576211,0.8528123947457056,placement,3298.45,0.733449,0.729327,4.0933781421793965e-10,,,,,,
traj_sweep_715,mega_sweep,0.7160353267907977,0.464482583066073,0.9870339229236479,0.8007590132827324,1.0,,,,0.46986792709324576,0.9950042347395942,0.807140580172139,cts,,,,4.112078820326828e-10,-1.98018,0.00188383,3.0,,,
traj_sweep_715,mega_sweep,0.7160353267907977,0.464482583066073,0.9870339229236479,0.8007590132827324,1.0,,,,0.44810331716924917,0.9602220885653848,0.8007590132827324,routing,,,,4.261030743336813e-10,-2.57983,,,3639.0,0.729327,0.0
traj_sweep_716,mega_sweep,0.6901020364254337,0.44708006954998963,0.9659256895260774,0.7610459873760144,1.0,1076.77,0.631423,1.187273048097551,0.6886890415630497,1.0092836948205248,0.9906103286384976,floorplan,,,,,,,,,,
traj_sweep_716,mega_sweep,0.6901020364254337,0.44708006954998963,0.9659256895260774,0.7610459873760144,1.0,,,,0.5781264575231515,1.004521147102988,0.8559837728194726,placement,3307.98,0.730731,0.72308,4.073120662126495e-10,,,,,,
traj_sweep_716,mega_sweep,0.6901020364254337,0.44708006954998963,0.9659256895260774,0.7610459873760144,1.0,,,,0.49826041877472493,0.9849595142528651,0.8266405484818804,cts,,,,4.154014231652758e-10,-1.66071,0.00140771,1.0,,,
traj_sweep_716,mega_sweep,0.6901020364254337,0.44708006954998963,0.9659256895260774,0.7610459873760144,1.0,,,,0.4340168021771835,0.9551363095165032,0.7610459873760144,routing,,,,4.2837192964419426e-10,-2.26339,,,4036.0,0.72308,0.0
traj_sweep_718,mega_sweep,0.7125709266348675,0.4830959945382511,0.9666498913697235,0.7747858017135862,1.0,1076.77,0.628211,1.187273048097551,0.7312242672785563,1.0092836948205248,0.995674400314589,floorplan,,,,,,,,,,
traj_sweep_718,mega_sweep,0.7125709266348675,0.4830959945382511,0.9666498913697235,0.7747858017135862,1.0,,,,0.6055966440352444,0.9879381523442454,0.8583050847457626,placement,3388.08,0.728755,0.703711,4.141489859562079e-10,,,,,,
traj_sweep_718,mega_sweep,0.7125709266348675,0.4830959945382511,0.9666498913697235,0.7747858017135862,1.0,,,,0.5183196398651513,0.9811011959559259,0.8220779220779221,cts,,,,4.1703504762540244e-10,-0.895063,0.000693008,2.0,,,
traj_sweep_718,mega_sweep,0.7125709266348675,0.4830959945382511,0.9666498913697235,0.7747858017135862,1.0,,,,0.4678352222147026,0.9492485894430193,0.7747858017135862,routing,,,,4.310289091089339e-10,-1.4621,,,3849.0,0.703711,0.0
traj_sweep_719,mega_sweep,0.7233452978790677,0.4978463737365623,0.965892957239359,0.7870686975442959,1.0,1076.77,0.593132,1.187273048097551,0.7954644029989466,1.010216564992001,1.054560599750104,floorplan,,,,,,,,,,
traj_sweep_719,mega_sweep,0.7233452978790677,0.4978463737365623,0.965892957239359,0.7870686975442959,1.0,,,,0.6572947828058602,0.9944559689370599,0.8994671403197158,placement,3294.82,0.695405,0.74122,4.114345901288613e-10,,,,,,
traj_sweep_719,mega_sweep,0.7233452978790677,0.4978463737365623,0.965892957239359,0.7870686975442959,1.0,,,,0.5295596038880492,0.9744688163595969,0.8328947368421052,cts,,,,4.198734501421272e-10,-0.367142,0.00106511,2.0,,,
traj_sweep_719,mega_sweep,0.7233452978790677,0.4978463737365623,0.965892957239359,0.7870686975442959,1.0,,,,0.4827339849216134,0.9476938058238921,0.7870686975442959,routing,,,,4.3173605384612063e-10,-1.2017,,,3924.0,0.74122,0.0
traj_sweep_720,mega_sweep,0.7596857043183861,0.5342853830444386,0.9797223483779106,0.8375785643400594,1.0,1076.77,0.582016,1.187273048097551,0.8380442587636269,0.9981751750154455,1.0747028862478776,floorplan,,,,,,,,,,
traj_sweep_720,mega_sweep,0.7596857043183861,0.5342853830444386,0.9797223483779106,0.8375785643400594,1.0,,,,0.6944419759287522,0.9781552901512641,0.9308823529411764,placement,3269.26,0.671937,0.702066,4.182910301671491e-10,,,,,,
traj_sweep_720,mega_sweep,0.7596857043183861,0.5342853830444386,0.9797223483779106,0.8375785643400594,1.0,,,,0.5607880211794732,0.9741169442773734,0.8615175229669955,cts,,,,4.200251175020266e-10,-0.192529,0.00117015,9.0,,,
traj_sweep_720,mega_sweep,0.7596857043183861,0.5342853830444386,0.9797223483779106,0.8375785643400594,1.0,,,,0.5174958466619255,0.9554513577761684,0.8375785643400594,routing,,,,4.2823067930232657e-10,-0.350038,,,3939.0,0.702066,0.0
traj_sweep_721,mega_sweep,0.7628368558042665,0.5468746672021859,0.9700908730110022,0.8367481824190349,1.0,1076.77,0.582016,1.187273048097551,0.8583395018983262,0.9981751750154455,1.0747028862478776,floorplan,,,,,,,,,,
traj_sweep_721,mega_sweep,0.7628368558042665,0.5468746672021859,0.9700908730110022,0.8367481824190349,1.0,,,,0.7225436082155103,0.954158432450789,0.9561933534743201,placement,3227.23,0.65415,0.688757,4.288109501164222e-10,,,,,,
traj_sweep_721,mega_sweep,0.7628368558042665,0.5468746672021859,0.9700908730110022,0.8367481824190349,1.0,,,,0.6227547399933474,0.9713428829779834,0.9210622044379774,cts,,,,4.21224668601492e-10,-0.00748426,0.00105548,7.0,,,
traj_sweep_721,mega_sweep,0.7628368558042665,0.5468746672021859,0.9700908730110022,0.8367481824190349,1.0,,,,0.5304943019648702,0.9513189065779621,0.8367481824190349,routing,,,,4.300908782025642e-10,-0.141226,,,3867.0,0.688757,0.0
traj_sweep_722,mega_sweep,0.8309168154783562,0.6347006808486595,0.9774024475567393,0.9247626004382761,1.0,1076.77,0.582016,1.187273048097551,0.8786315928411852,0.9981751750154455,1.0747028862478776,floorplan,,,,,,,,,,
traj_sweep_722,mega_sweep,0.8309168154783562,0.6347006808486595,0.9774024475567393,0.9247626004382761,1.0,,,,0.7618765021809442,0.9550094719054691,0.9817758821248544,placement,3166.61,0.637105,0.713591,4.284288229774946e-10,,,,,,
traj_sweep_722,mega_sweep,0.8309168154783562,0.6347006808486595,0.9774024475567393,0.9247626004382761,1.0,,,,0.6603399943420004,0.9532091961359536,0.9554716981132075,cts,,,,4.2923797382506835e-10,-0.00079331,0.000908697,5.0,,,
traj_sweep_722,mega_sweep,0.8309168154783562,0.6347006808486595,0.9774024475567393,0.9247626004382761,1.0,,,,0.6113042236083996,0.9462208529215612,0.9247626004382761,routing,,,,4.324081240838353e-10,-0.0282078,,,3524.0,0.713591,0.0
traj_sweep_723,mega_sweep,0.8355191854140607,0.6507643399737858,0.9628324884311824,0.9308823529411764,1.0,1076.77,0.582016,1.187273048097551,0.898911695274677,0.9981751750154455,1.0747028862478776,floorplan,,,,,,,,,,
traj_sweep_723,mega_sweep,0.8355191854140607,0.6507643399737858,0.9628324884311824,0.9308823529411764,1.0,,,,0.795158229108139,0.9551485841240226,0.9968503937007873,placement,3134.44,0.62747,0.717508,4.2836642463963674e-10,,,,,,
traj_sweep_723,mega_sweep,0.8355191854140607,0.6507643399737858,0.9628324884311824,0.9308823529411764,1.0,,,,0.6960663953123609,0.9436022699840839,0.9817758821248544,cts,,,,4.336080963303747e-10,0.0,0.00374065,1.0,,,
traj_sweep_723,mega_sweep,0.8355191854140607,0.6507643399737858,0.9628324884311824,0.9308823529411764,1.0,,,,0.6281392634220331,0.9427553220652436,0.9308823529411764,routing,,,,4.3399763905284354e-10,-0.00717409,,,3653.0,0.717508,0.0
traj_sweep_725,mega_sweep,0.8775413667385399,0.7355845771653318,0.9321173288817424,0.9855975087582716,1.0,1076.77,0.582016,1.187273048097551,0.9394607817514662,0.9981751750154455,1.0747028862478776,floorplan,,,,,,,,,,
traj_sweep_725,mega_sweep,0.8775413667385399,0.7355845771653318,0.9321173288817424,0.9855975087582716,1.0,,,,0.8389008947616536,0.9463926974268331,1.0027722772277228,placement,3111.44,0.623765,0.708605,4.3232960809321025e-10,,,,,,
traj_sweep_725,mega_sweep,0.8775413667385399,0.7355845771653318,0.9321173288817424,0.9855975087582716,1.0,,,,0.7389931417857672,0.9360656609671573,0.9902229174814234,cts,,,,4.3709923463924014e-10,0.0,0.000770897,0.0,,,
traj_sweep_725,mega_sweep,0.8775413667385399,0.7355845771653318,0.9321173288817424,0.9855975087582716,1.0,,,,0.7086944521115098,0.9109272647673757,0.9855975087582716,routing,,,,4.491616397993146e-10,0.0,,,3446.0,0.708605,0.0
traj_sweep_726,mega_sweep,0.8902788029838921,0.7646673417118351,0.9289913955001289,0.9933307179285994,1.0,1076.77,0.582016,1.187273048097551,0.9597223334668269,0.9981751750154455,1.0747028862478776,floorplan,,,,,,,,,,
traj_sweep_726,mega_sweep,0.8902788029838921,0.7646673417118351,0.9289913955001289,0.9933307179285994,1.0,,,,0.8604104532986103,0.9405172519608685,1.0051607780865421,placement,3086.52,0.622283,0.713027,4.3503038687252303e-10,,,,,,
traj_sweep_726,mega_sweep,0.8902788029838921,0.7646673417118351,0.9289913955001289,0.9933307179285994,1.0,,,,0.7641276805605156,0.9299447233508041,0.9941107184923439,cts,,,,4.3997624128297074e-10,0.0,0.000728924,0.0,,,
traj_sweep_726,mega_sweep,0.8902788029838921,0.7646673417118351,0.9289913955001289,0.9933307179285994,1.0,,,,0.7362203434263993,0.904671306468309,0.9933307179285994,routing,,,,4.522676700978707e-10,0.0,,,3428.0,0.713027,0.0
traj_sweep_727,mega_sweep,0.8923737178583957,0.7755760766376112,0.9220439676441345,0.9937205651491364,1.0,1076.77,0.582016,1.187273048097551,0.9799786264203616,0.9981751750154455,1.0747028862478776,floorplan,,,,,,,,,,
traj_sweep_727,mega_sweep,0.8923737178583957,0.7755760766376112,0.9220439676441345,0.9937205651491364,1.0,,,,0.880314251008973,0.9365320960528953,1.0063593004769475,placement,3140.15,0.621542,0.708539,4.3688153957054543e-10,,,,,,
traj_sweep_727,mega_sweep,0.8923737178583957,0.7755760766376112,0.9220439676441345,0.9937205651491364,1.0,,,,0.7745399698340875,0.924658459045772,0.9945011783189316,cts,,,,4.424915815976601e-10,0.0,0.000389543,0.0,,,
traj_sweep_727,mega_sweep,0.8923737178583957,0.7755760766376112,0.9220439676441345,0.9937205651491364,1.0,,,,0.7472331933646531,0.902793291517837,0.9937205651491364,routing,,,,4.5320848950142534e-10,0.0,,,3413.0,0.708539,0.0
traj_sweep_728,mega_sweep,0.8967154098666559,0.7906946051410194,0.9147978576718343,0.9968503937007873,1.0,1076.77,0.582016,1.187273048097551,1.000228169468699,0.9981751750154455,1.0747028862478776,floorplan,,,,,,,,,,
traj_sweep_728,mega_sweep,0.8967154098666559,0.7906946051410194,0.9147978576718343,0.9968503937007873,1.0,,,,0.8991635315776835,0.928389939731677,1.0103750997605745,placement,3111.44,0.619071,0.706286,4.407130737533329e-10,,,,,,
traj_sweep_728,mega_sweep,0.8967154098666559,0.7906946051410194,0.9147978576718343,0.9968503937007873,1.0,,,,0.7890111240857969,0.9203173395197355,0.9968503937007873,cts,,,,4.445788060391585e-10,0.0,0.0011519,0.0,,,
traj_sweep_728,mega_sweep,0.8967154098666559,0.7906946051410194,0.9147978576718343,0.9968503937007873,1.0,,,,0.7612343608379287,0.8912919842721362,0.9968503937007873,routing,,,,4.590567302307219e-10,0.0,,,3418.0,0.706286,0.0
traj_sweep_729,mega_sweep,0.9014056446959536,0.8080239531726265,0.9078667959591992,0.9984227129337538,1.0,1076.77,0.582016,1.187273048097551,1.020468184889313,0.9981751750154455,1.0747028862478776,floorplan,,,,,,,,,,
traj_sweep_729,mega_sweep,0.9014056446959536,0.8080239531726265,0.9078667959591992,0.9984227129337538,1.0,,,,0.9172246264391278,0.9229072817063341,1.0103750997605745,placement,3084.59,0.619071,0.704894,4.4333119056591224e-10,,,,,,
traj_sweep_729,mega_sweep,0.9014056446959536,0.8080239531726265,0.9078667959591992,0.9984227129337538,1.0,,,,0.8075701274718164,0.9131530602642314,0.9984227129337538,cts,,,,4.480668157235607e-10,0.0,0.000743405,0.0,,,
traj_sweep_729,mega_sweep,0.9014056446959536,0.8080239531726265,0.9078667959591992,0.9984227129337538,1.0,,,,0.7795454545454545,0.8863044020834101,0.9984227129337538,routing,,,,4.616400223433771e-10,0.0,,,3452.0,0.704894,0.0
traj_sweep_730,mega_sweep,0.9001140535567516,0.8220453713867546,0.8896021799702954,0.9972430090586843,1.0,1076.77,0.582016,1.187273048097551,1.0407059559240774,0.9981751750154455,1.0747028862478776,floorplan,,,,,,,,,,
traj_sweep_730,mega_sweep,0.9001140535567516,0.8220453713867546,0.8896021799702954,0.9972430090586843,1.0,,,,0.9373686379021701,0.9055264374588289,1.0107784431137723,placement,3064.66,0.618824,0.695823,4.518405725723736e-10,,,,,,
traj_sweep_730,mega_sweep,0.9001140535567516,0.8220453713867546,0.8896021799702954,0.9972430090586843,1.0,,,,0.8218536656743991,0.8966027977922073,0.9972430090586843,cts,,,,4.563376168224299e-10,0.0,0.000647427,0.0,,,
traj_sweep_730,mega_sweep,0.9001140535567516,0.8220453713867546,0.8896021799702954,0.9972430090586843,1.0,,,,0.7928082116249012,0.8754168252136805,0.9972430090586843,routing,,,,4.673814486955384e-10,0.0,,,3456.0,0.695823,0.0
traj_sweep_732,mega_sweep,0.9199903678924793,0.8568826847071052,0.9108699832656184,0.9976359338061466,1.0,1076.77,0.582016,1.187273048097551,1.0811532654399336,0.9981751750154455,1.0747028862478776,floorplan,,,,,,,,,,
traj_sweep_732,mega_sweep,0.9199903678924793,0.8568826847071052,0.9108699832656184,0.9976359338061466,1.0,,,,0.9724231587034502,0.9254440339270151,1.0103750997605745,placement,3097.93,0.619071,0.706648,4.421159670181489e-10,,,,,,
traj_sweep_732,mega_sweep,0.9199903678924793,0.8568826847071052,0.9108699832656184,0.9976359338061466,1.0,,,,0.8557403430922101,0.9158411993109854,0.9976359338061466,cts,,,,4.467516686174823e-10,0.0,0.00095926,0.0,,,
traj_sweep_732,mega_sweep,0.9199903678924793,0.8568826847071052,0.9108699832656184,0.9976359338061466,1.0,,,,0.8261489101556395,0.8860507268613419,0.9976359338061466,routing,,,,4.6177218930812673e-10,0.0,,,3420.0,0.706648,0.0
traj_sweep_733,mega_sweep,0.9189967046624367,0.8766815924766113,0.8874172998318379,0.9976359338061466,1.0,1076.77,0.582016,1.187273048097551,1.10136650530057,0.9981751750154455,1.0747028862478776,floorplan,,,,,,,,,,
traj_sweep_733,mega_sweep,0.9189967046624367,0.8766815924766113,0.8874172998318379,0.9976359338061466,1.0,,,,0.9923694468677188,0.897527484892004,1.0103750997605745,placement,3059.26,0.619071,0.686049,4.558674702090608e-10,,,,,,
traj_sweep_733,mega_sweep,0.9189967046624367,0.8766815924766113,0.8874172998318379,0.9976359338061466,1.0,,,,0.8741446142921759,0.8888943442700087,0.9976359338061466,cts,,,,4.60294957008451e-10,0.0,0.00133069,0.0,,,
traj_sweep_733,mega_sweep,0.9189967046624367,0.8766815924766113,0.8874172998318379,0.9976359338061466,1.0,,,,0.8428071689159407,0.86326905530529,0.9976359338061466,routing,,,,4.739583580186644e-10,0.0,,,3437.0,0.686049,0.0
traj_sweep_734,mega_sweep,0.9235159145736241,0.8895906235924748,0.8871554415380901,0.9980291683090263,1.0,1076.77,0.582016,1.187273048097551,1.1215795418380146,0.9981751750154455,1.0747028862478776,floorplan,,,,,,,,,,
traj_sweep_734,mega_sweep,0.9235159145736241,0.8895906235924748,0.8871554415380901,0.9980291683090263,1.0,,,,1.012152680009461,0.898636291104592,1.0107784431137723,placement,3111.84,0.618824,0.704334,4.553049860449022e-10,,,,,,
traj_sweep_734,mega_sweep,0.9235159145736241,0.8895906235924748,0.8871554415380901,0.9980291683090263,1.0,,,,0.8872762457668119,0.8892625824955914,0.9980291683090263,cts,,,,4.601043516669581e-10,0.0,0.00231828,0.0,,,
traj_sweep_734,mega_sweep,0.9235159145736241,0.8895906235924748,0.8871554415380901,0.9980291683090263,1.0,,,,0.8565478261283974,0.8682402713506568,0.9980291683090263,routing,,,,4.712446513732069e-10,0.0,,,3465.0,0.704334,0.0
traj_sweep_735,mega_sweep,0.9290038212553512,0.9028220094636272,0.8894794338951012,0.9984227129337538,1.0,1076.77,0.582016,1.187273048097551,1.1417790031382216,0.9981751750154455,1.0747028862478776,floorplan,,,,,,,,,,
traj_sweep_735,mega_sweep,0.9290038212553512,0.9028220094636272,0.8894794338951012,0.9984227129337538,1.0,,,,1.0291335516822795,0.9069666580744414,1.0119904076738608,placement,3120.48,0.618083,0.694979,4.5112307088496814e-10,,,,,,
traj_sweep_735,mega_sweep,0.9290038212553512,0.9028220094636272,0.8894794338951012,0.9984227129337538,1.0,,,,0.9022917241898641,0.8975438510353632,0.9984227129337538,cts,,,,4.5585915775462014e-10,0.0,0.000744189,0.0,,,
traj_sweep_735,mega_sweep,0.9290038212553512,0.9028220094636272,0.8894794338951012,0.9984227129337538,1.0,,,,0.8703180913550236,0.8735756340857668,0.9984227129337538,routing,,,,4.683665249077318e-10,0.0,,,3451.0,0.694979,0.0
traj_sweep_736,mega_sweep,0.9344586579938493,0.9188188863668896,0.8894794338951012,0.9984227129337538,1.0,1076.77,0.582016,1.187273048097551,1.1619752000930967,0.9981751750154455,1.0747028862478776,floorplan,,,,,,,,,,
traj_sweep_736,mega_sweep,0.9344586579938493,0.9188188863668896,0.8894794338951012,0.9984227129337538,1.0,,,,1.0473465534622712,0.9069666580744414,1.0119904076738608,placement,3120.48,0.618083,0.694979,4.5112307088496814e-10,,,,,,
traj_sweep_736,mega_sweep,0.9344586579938493,0.9188188863668896,0.8894794338951012,0.9984227129337538,1.0,,,,0.9182743399002697,0.8975438510353632,0.9984227129337538,cts,,,,4.5585915775462014e-10,0.0,0.000744189,0.0,,,
traj_sweep_736,mega_sweep,0.9344586579938493,0.9188188863668896,0.8894794338951012,0.9984227129337538,1.0,,,,0.885741460794315,0.8735756340857668,0.9984227129337538,routing,,,,4.683665249077318e-10,0.0,,,3451.0,0.694979,0.0
traj_sweep_737,mega_sweep,0.9413559026604787,0.9382935182091547,0.8897453837246887,0.9992107340173638,1.0,1076.77,0.582016,1.187273048097551,1.1821596058854094,0.9981751750154455,1.0747028862478776,floorplan,,,,,,,,,,
traj_sweep_737,mega_sweep,0.9413559026604787,0.9382935182091547,0.8897453837246887,0.9992107340173638,1.0,,,,1.0663296786748304,0.9048595171169402,1.0128,placement,3079.18,0.617589,0.678675,4.521735984879315e-10,,,,,,
traj_sweep_737,mega_sweep,0.9413559026604787,0.9382935182091547,0.8897453837246887,0.9992107340173638,1.0,,,,0.9360017914707245,0.8962632003175032,0.9992107340173638,cts,,,,4.565105248501504e-10,0.0,0.000527439,0.0,,,
traj_sweep_737,mega_sweep,0.9413559026604787,0.9382935182091547,0.8897453837246887,0.9992107340173638,1.0,,,,0.9021196287763573,0.8690381208394194,0.9992107340173638,routing,,,,4.708120094727376e-10,0.0,,,3373.0,0.678675,0.0
traj_sweep_738,mega_sweep,0.9470527129806628,0.9555739866445494,0.8889107104133679,1.0,1.0,1076.77,0.582016,1.187273048097551,1.2023413720440177,0.9981751750154455,1.0747028862478776,floorplan,,,,,,,,,,
traj_sweep_738,mega_sweep,0.9470527129806628,0.9555739866445494,0.8889107104133679,1.0,1.0,,,,1.0834147105983338,0.9016558445543704,1.0128,placement,3107.61,0.617589,0.697135,4.537802160901389e-10,,,,,,
traj_sweep_738,mega_sweep,0.9470527129806628,0.9555739866445494,0.8889107104133679,1.0,1.0,,,,0.9536118848653669,0.8928181271403847,1.0,cts,,,,4.5827203944805717e-10,0.0,0.00118603,0.0,,,
traj_sweep_738,mega_sweep,0.9470527129806628,0.9555739866445494,0.8889107104133679,1.0,1.0,,,,0.9211262697184326,0.8699137095091385,1.0,routing,,,,4.703381260788381e-10,0.0,,,3413.0,0.697135,0.0
traj_sweep_739,mega_sweep,0.9507327872368024,0.966961312293878,0.8904777686400144,0.9980291683090263,1.0,1076.77,0.582016,1.187273048097551,1.2225169707110695,0.9981751750154455,1.0747028862478776,floorplan,,,,,,,,,,
traj_sweep_739,mega_sweep,0.9507327872368024,0.966961312293878,0.8904777686400144,0.9980291683090263,1.0,,,,1.1009954363073908,0.9054896136362707,1.0115860966839791,placement,3082.16,0.61833,0.693021,4.5185894771088256e-10,,,,,,
traj_sweep_739,mega_sweep,0.9507327872368024,0.966961312293878,0.8904777686400144,0.9980291683090263,1.0,,,,0.965185403968531,0.8965005093962121,0.9980291683090263,cts,,,,4.563896837675881e-10,0.0,0.000583304,0.0,,,
traj_sweep_739,mega_sweep,0.9507327872368024,0.966961312293878,0.8904777686400144,0.9980291683090263,1.0,,,,0.9293710669059057,0.8665709247280151,0.9980291683090263,routing,,,,4.721524485825983e-10,0.0,,,3446.0,0.693021,0.0
traj_sweep_740,mega_sweep,0.9570802248347616,0.9848382730864278,0.8919425384706657,0.9980291683090263,1.0,1076.77,0.582016,1.187273048097551,1.242684883013441,0.9981751750154455,1.0747028862478776,floorplan,,,,,,,,,,
traj_sweep_740,mega_sweep,0.9570802248347616,0.9848382730864278,0.8919425384706657,0.9980291683090263,1.0,,,,1.119623245644089,0.9058496687901738,1.0115860966839791,placement,3091.56,0.61833,0.69283,4.5167934380024934e-10,,,,,,
traj_sweep_740,mega_sweep,0.9570802248347616,0.9848382730864278,0.8919425384706657,0.9980291683090263,1.0,,,,0.9815306311914982,0.8964432278944547,0.9980291683090263,cts,,,,4.564188464470075e-10,0.0,0.000787898,0.0,,,
traj_sweep_740,mega_sweep,0.9570802248347616,0.9848382730864278,0.8919425384706657,0.9980291683090263,1.0,,,,0.9476836765900007,0.8717753583162512,0.9980291683090263,routing,,,,4.693337338314529e-10,0.0,,,3428.0,0.69283,0.0
traj_sweep_741,mega_sweep,0.9631460003994804,1.0,0.8941683339675214,0.9992107340173638,1.0,1076.77,0.582016,1.187273048097551,1.2628457803728141,0.9981751750154455,1.0747028862478776,floorplan,,,,,,,,,,
traj_sweep_741,mega_sweep,0.9631460003994804,1.0,0.8941683339675214,0.9992107340173638,1.0,,,,1.1378179562173183,0.9079240774609565,1.0128,placement,3096.8,0.617589,0.691376,4.5064735492535025e-10,,,,,,
traj_sweep_741,mega_sweep,0.9631460003994804,1.0,0.8941683339675214,0.9992107340173638,1.0,,,,0.9963413011663488,0.8996264427778256,0.9992107340173638,cts,,,,4.548038658328596e-10,0.0,0.000870845,0.0,,,
traj_sweep_741,mega_sweep,0.9631460003994804,1.0,0.8941683339675214,0.9992107340173638,1.0,,,,0.9610874342946062,0.8759650910162148,0.9992107340173638,routing,,,,4.670889150458681e-10,0.0,,,3415.0,0.691376,0.0
traj_sweep_742,mega_sweep,0.45943377106979993,0.147781614865976,0.9703322736255509,0.6762820512820512,1.0,1076.77,0.656374,1.187273048097551,0.2498446568201564,1.009492363148355,0.9529544599171998,floorplan,,,,,,,,,,
traj_sweep_742,mega_sweep,0.45943377106979993,0.147781614865976,0.9703322736255509,0.6762820512820512,1.0,,,,0.19990167967594333,1.0119963830823175,0.7984862819299905,placement,3566.14,0.78335,0.730149,4.043034054475841e-10,,,,,,
traj_sweep_742,mega_sweep,0.45943377106979993,0.147781614865976,0.9703322736255509,0.6762820512820512,1.0,,,,0.16038478355924793,0.9929421006763308,0.7142454160789844,cts,,,,4.120618752111817e-10,-12.6792,0.00037427,9.0,,,
traj_sweep_742,mega_sweep,0.45943377106979993,0.147781614865976,0.9703322736255509,0.6762820512820512,1.0,,,,0.1443143678437796,0.9547721628267603,0.6762820512820512,routing,,,,4.285353091667988e-10,-13.3868,,,5300.0,0.730149,0.0
traj_sweep_743,mega_sweep,0.4850418708163662,0.16546403616177052,0.9862769887932833,0.6992543496271747,1.0,1076.77,0.656374,1.187273048097551,0.26764233744032356,1.009492363148355,0.9529544599171998,floorplan,,,,,,,,,,
traj_sweep_743,mega_sweep,0.4850418708163662,0.16546403616177052,0.9862769887932833,0.6992543496271747,1.0,,,,0.2150295268996277,1.0154619139386352,0.800252844500632,placement,3550.1,0.781621,0.704469,4.0292361374130694e-10,,,,,,
traj_sweep_743,mega_sweep,0.4850418708163662,0.16546403616177052,0.9862769887932833,0.6992543496271747,1.0,,,,0.1706532472464869,0.9953683814293371,0.7116357504215851,cts,,,,4.110574452779776e-10,-12.2224,0.00139967,8.0,,,
traj_sweep_743,mega_sweep,0.4850418708163662,0.16546403616177052,0.9862769887932833,0.6992543496271747,1.0,,,,0.1605954465849387,0.9621123781233761,0.6992543496271747,routing,,,,4.252658975024134e-10,-12.7749,,,4529.0,0.704469,0.0
traj_sweep_744,mega_sweep,0.4911547093882337,0.17604560503065803,0.9731186095324602,0.6916143130292269,1.0,1076.77,0.656374,1.187273048097551,0.2854338711726591,1.009492363148355,0.9529544599171998,floorplan,,,,,,,,,,
traj_sweep_744,mega_sweep,0.4911547093882337,0.17604560503065803,0.9731186095324602,0.6916143130292269,1.0,,,,0.22942235940011055,1.01514686567897,0.800252844500632,placement,3514.5,0.781621,0.695239,4.030486600647296e-10,,,,,,
traj_sweep_744,mega_sweep,0.4911547093882337,0.17604560503065803,0.9731186095324602,0.6916143130292269,1.0,,,,0.1800979590527953,0.9846280998498407,0.7023578363384189,cts,,,,4.15541242468315e-10,-11.8419,0.000851805,9.0,,,
traj_sweep_744,mega_sweep,0.4911547093882337,0.17604560503065803,0.9731186095324602,0.6916143130292269,1.0,,,,0.17161298946825676,0.9544530230312552,0.6916143130292269,routing,,,,4.286785982209838e-10,-12.4429,,,5284.0,0.695239,0.0
traj_sweep_745,mega_sweep,0.5035381107444564,0.18734905033965954,0.9699885846150069,0.7025527192008878,1.0,1076.77,0.656374,1.187273048097551,0.3032187425663901,1.009492363148355,0.9529544599171998,floorplan,,,,,,,,,,
traj_sweep_745,mega_sweep,0.5035381107444564,0.18734905033965954,0.9699885846150069,0.7025527192008878,1.0,,,,0.24590033848031367,1.0186533118936856,0.8038095238095238,placement,3523.76,0.778162,0.716833,4.0166127101692603e-10,,,,,,
traj_sweep_745,mega_sweep,0.5035381107444564,0.18734905033965954,0.9699885846150069,0.7025527192008878,1.0,,,,0.19401101682748617,0.9947628341250455,0.7170773152081563,cts,,,,4.1130767047674675e-10,-11.1102,0.000282892,12.0,,,
traj_sweep_745,mega_sweep,0.5035381107444564,0.18734905033965954,0.9699885846150069,0.7025527192008878,1.0,,,,0.18228453027747551,0.9588391494515296,0.7025527192008878,routing,,,,4.2671764520134673e-10,-11.7635,,,4872.0,0.716833,0.0
traj_sweep_746,mega_sweep,0.5056668207284034,0.1953549239805745,0.9588146002364908,0.6902944383860414,1.0,1076.77,0.656374,1.187273048097551,0.3209975764265061,1.009492363148355,0.9529544599171998,floorplan,,,,,,,,,,
traj_sweep_746,mega_sweep,0.5056668207284034,0.1953549239805745,0.9588146002364908,0.6902944383860414,1.0,,,,0.26251508061005996,1.0167752969432136,0.8061127029608405,placement,3553.91,0.775939,0.713634,4.024031516214835e-10,,,,,,
traj_sweep_746,mega_sweep,0.5056668207284034,0.1953549239805745,0.9588146002364908,0.6902944383860414,1.0,,,,0.2083972501562411,0.9965099199286436,0.7182978723404255,cts,,,,4.105865639652808e-10,-10.6007,0.00104417,8.0,,,
traj_sweep_746,mega_sweep,0.5056668207284034,0.1953549239805745,0.9588146002364908,0.6902944383860414,1.0,,,,0.19054383848321457,0.9546575998232456,0.6902944383860414,routing,,,,4.2858673524054433e-10,-11.2222,,,5155.0,0.713634,0.0
traj_sweep_747,mega_sweep,0.5264187637238101,0.21186191938421278,0.9825291419640191,0.7008026570716855,1.0,1076.77,0.656374,1.187273048097551,0.3387699017798746,1.009492363148355,0.9529544599171998,floorplan,,,,,,,,,,
traj_sweep_747,mega_sweep,0.5264187637238101,0.21186191938421278,0.9825291419640191,0.7008026570716855,1.0,,,,0.2771020624008461,1.0164397910043492,0.8061127029608405,placement,3526.04,0.775939,0.713638,4.0253597665291335e-10,,,,,,
traj_sweep_747,mega_sweep,0.5264187637238101,0.21186191938421278,0.9825291419640191,0.7008026570716855,1.0,,,,0.22121514973980771,1.0011619961785054,0.7211620620905724,cts,,,,4.086787008921456e-10,-10.1011,0.00131423,10.0,,,
traj_sweep_747,mega_sweep,0.5264187637238101,0.21186191938421278,0.9825291419640191,0.7008026570716855,1.0,,,,0.20637951683410247,0.9686465608595498,0.7008026570716855,routing,,,,4.223971885243132e-10,-10.7028,,,4847.0,0.713638,0.0
traj_sweep_748,mega_sweep,0.5359103549523994,0.22231292920896908,0.9884536858600613,0.700414937759336,1.0,1076.77,0.656374,1.187273048097551,0.35653541807592437,1.009492363148355,0.9529544599171998,floorplan,,,,,,,,,,
traj_sweep_748,mega_sweep,0.5359103549523994,0.22231292920896908,0.9884536858600613,0.700414937759336,1.0,,,,0.2921925168464433,1.016337502608354,0.8066263141127746,placement,3490.04,0.775445,0.7193,4.0257648953301125e-10,,,,,,
traj_sweep_748,mega_sweep,0.5359103549523994,0.22231292920896908,0.9884536858600613,0.700414937759336,1.0,,,,0.23353434240667761,1.0010801654617094,0.7199317600227466,cts,,,,4.087121072787539e-10,-9.54891,0.000822994,13.0,,,
traj_sweep_748,mega_sweep,0.5359103549523994,0.22231292920896908,0.9884536858600613,0.700414937759336,1.0,,,,0.21616771724475525,0.9677832467973503,0.700414937759336,routing,,,,4.227739892530852e-10,-10.2378,,,4778.0,0.7193,0.0
traj_sweep_749,mega_sweep,0.5577773907929987,0.24214711354637228,0.9957161619757209,0.7197271176805002,1.0,1076.77,0.656374,1.187273048097551,0.37429428829065226,1.009492363148355,0.9529544599171998,floorplan,,,,,,,,,,
traj_sweep_749,mega_sweep,0.5577773907929987,0.24214711354637228,0.9957161619757209,0.7197271176805002,1.0,,,,0.3083616848613992,1.0164725232910679,0.8089456869009584,placement,3487.14,0.773221,0.701202,4.0252301425333995e-10,,,,,,
traj_sweep_749,mega_sweep,0.5577773907929987,0.24214711354637228,0.9957161619757209,0.7197271176805002,1.0,,,,0.24978215702760734,1.0026103998657976,0.735191637630662,cts,,,,4.0808831031035114e-10,-8.92024,0.00108259,10.0,,,
traj_sweep_749,mega_sweep,0.5577773907929987,0.24214711354637228,0.9957161619757209,0.7197271176805002,1.0,,,,0.23540691163661845,0.9681433019512534,0.7197271176805002,routing,,,,4.2261675844493935e-10,-9.5411,,,4305.0,0.701202,0.0
traj_sweep_750,mega_sweep,0.5425896248023782,0.23920985630000122,0.9710810246842357,0.6876697447039651,1.0,1076.77,0.656374,1.187273048097551,0.3920478837109876,1.009492363148355,0.9529544599171998,floorplan,,,,,,,,,,
traj_sweep_750,mega_sweep,0.5425896248023782,0.23920985630000122,0.9710810246842357,0.6876697447039651,1.0,,,,0.3241761313933124,1.0168203038374515,0.8107588856868395,placement,3500.82,0.771492,0.734526,4.0238534029728227e-10,,,,,,
traj_sweep_750,mega_sweep,0.5425896248023782,0.23920985630000122,0.9710810246842357,0.6876697447039651,1.0,,,,0.2556890282417076,0.9947792002684047,0.7197271176805002,cts,,,,4.1130090362808525e-10,-8.47741,0.000845185,11.0,,,
traj_sweep_750,mega_sweep,0.5425896248023782,0.23920985630000122,0.9710810246842357,0.6876697447039651,1.0,,,,0.23347488286116239,0.9594078729332629,0.6876697447039651,routing,,,,4.2646469298806754e-10,-9.16002,,,4816.0,0.734526,0.0
traj_sweep_751,mega_sweep,0.5710835759791159,0.2636708119820495,0.9878685962349687,0.7150522451284947,1.0,1076.77,0.656374,1.187273048097551,0.4097940906220146,1.009492363148355,0.9529544599171998,floorplan,,,,,,,,,,
traj_sweep_751,mega_sweep,0.5710835759791159,0.2636708119820495,0.9878685962349687,0.7150522451284947,1.0,,,,0.3380409902818764,1.0113990188497055,0.8092042186001918,placement,3534.75,0.772974,0.716815,4.045421998195742e-10,,,,,,
traj_sweep_751,mega_sweep,0.5710835759791159,0.2636708119820495,0.9878685962349687,0.7150522451284947,1.0,,,,0.27478721924177124,0.9944068705069822,0.7394859813084111,cts,,,,4.1145490454246215e-10,-7.86846,0.000638753,8.0,,,
traj_sweep_751,mega_sweep,0.5710835759791159,0.2636708119820495,0.9878685962349687,0.7150522451284947,1.0,,,,0.2559905655002678,0.969538515672628,0.7150522451284947,routing,,,,4.2200859209493504e-10,-8.45931,,,4425.0,0.716815,0.0
traj_sweep_752,mega_sweep,0.582164425918003,0.27588557008502274,0.9871689436063615,0.7244635193133047,1.0,1076.77,0.655385,1.187273048097551,0.42863139016875107,1.009492363148355,0.9543912551828119,floorplan,,,,,,,,,,
traj_sweep_752,mega_sweep,0.582164425918003,0.27588557008502274,0.9871689436063615,0.7244635193133047,1.0,,,,0.3517872975919485,1.0120577561199147,0.805856142584341,placement,3631.89,0.776186,0.707283,4.0427888774792405e-10,,,,,,
traj_sweep_752,mega_sweep,0.582164425918003,0.27588557008502274,0.9871689436063615,0.7244635193133047,1.0,,,,0.29081247957232126,0.9960271186995463,0.7531231409875073,cts,,,,4.1078558635534594e-10,-7.45693,0.00195154,6.0,,,
traj_sweep_752,mega_sweep,0.582164425918003,0.27588557008502274,0.9871689436063615,0.7244635193133047,1.0,,,,0.2680067101584343,0.9618464282937886,0.7244635193133047,routing,,,,4.253834832101139e-10,-8.07402,,,4343.0,0.707283,0.0
traj_sweep_753,mega_sweep,0.5843890619993193,0.28184633719881763,0.9964280892118474,0.7106371035644119,1.0,1076.77,0.648468,1.187273048097551,0.4497989153692725,1.009492363148355,0.9645714285714285,floorplan,,,,,,,,,,
traj_sweep_753,mega_sweep,0.5843890619993193,0.28184633719881763,0.9964280892118474,0.7106371035644119,1.0,,,,0.36931587015217954,1.0204740453424002,0.8138862102217936,placement,3507.92,0.768528,0.72427,4.0094462553776696e-10,,,,,,
traj_sweep_753,mega_sweep,0.5843890619993193,0.28184633719881763,0.9964280892118474,0.7106371035644119,1.0,,,,0.2952544288492877,1.0001759360411118,0.7317919075144508,cts,,,,4.090816117815504e-10,-6.95295,0.000893972,10.0,,,
traj_sweep_753,mega_sweep,0.5843890619993193,0.28184633719881763,0.9964280892118474,0.7106371035644119,1.0,,,,0.2745550921894811,0.9764327535627049,0.7106371035644119,routing,,,,4.190289423290467e-10,-7.57673,,,4527.0,0.72427,0.0
traj_sweep_754,mega_sweep,0.596251771772693,0.29660067362737286,0.9938463300969285,0.7191138880999716,1.0,1076.77,0.647233,1.187273048097551,0.46846565066556156,1.009492363148355,0.9664122137404579,floorplan,,,,,,,,,,
traj_sweep_754,mega_sweep,0.596251771772693,0.29660067362737286,0.9938463300969285,0.7191138880999716,1.0,,,,0.38608618693383573,1.008514486082641,0.8151963940759819,placement,3530.3,0.767292,0.706494,4.056992632501379e-10,,,,,,
traj_sweep_754,mega_sweep,0.596251771772693,0.29660067362737286,0.9938463300969285,0.7191138880999716,1.0,,,,0.3117294870994374,0.9947792002684047,0.7429577464788731,cts,,,,4.1130090362808525e-10,-6.63624,0.00115493,6.0,,,
traj_sweep_754,mega_sweep,0.596251771772693,0.29660067362737286,0.9938463300969285,0.7191138880999716,1.0,,,,0.288675557211669,0.9633684796261973,0.7191138880999716,routing,,,,4.247114085978578e-10,-7.09569,,,4426.0,0.706494,0.0
traj_sweep_755,mega_sweep,0.6104135990366428,0.3138409422282756,0.9969027073692652,0.726959517657192,1.0,1076.77,0.643528,1.187273048097551,0.48926903100057717,1.009492363148355,0.9719769673704415,floorplan,,,,,,,,,,
traj_sweep_755,mega_sweep,0.6104135990366428,0.3138409422282756,0.9969027073692652,0.726959517657192,1.0,,,,0.4025154415683886,1.0091609487453306,0.8188874514877101,placement,3473.1,0.763834,0.712297,4.054393746503085e-10,,,,,,
traj_sweep_755,mega_sweep,0.6104135990366428,0.3138409422282756,0.9969027073692652,0.726959517657192,1.0,,,,0.32064309874834085,1.0013133830045784,0.7447058823529411,cts,,,,4.086169134712824e-10,-5.97472,0.00108621,10.0,,,
traj_sweep_755,mega_sweep,0.6104135990366428,0.3138409422282756,0.9969027073692652,0.726959517657192,1.0,,,,0.30417012894043427,0.978752654383876,0.726959517657192,routing,,,,4.180357336945162e-10,-6.60341,,,4102.0,0.712297,0.0
traj_sweep_756,mega_sweep,0.6029641162581968,0.31353763438984433,0.9769646532218799,0.7156585641605426,1.0,1076.77,0.643528,1.187273048097551,0.5073004959200206,1.009492363148355,0.9719769673704415,floorplan,,,,,,,,,,
traj_sweep_756,mega_sweep,0.6029641162581968,0.31353763438984433,0.9769646532218799,0.7156585641605426,1.0,,,,0.4176230165276774,0.9992389743337957,0.8178294573643411,placement,3481.37,0.764822,0.718272,4.09465197505538e-10,,,,,,
traj_sweep_756,mega_sweep,0.6029641162581968,0.31353763438984433,0.9769646532218799,0.7156585641605426,1.0,,,,0.33091893285217167,0.9952292692107837,0.7399181765049678,cts,,,,4.1111490250410086e-10,-5.59219,0.00157546,10.0,,,
traj_sweep_756,mega_sweep,0.6029641162581968,0.31353763438984433,0.9769646532218799,0.7156585641605426,1.0,,,,0.306014836608318,0.9652383115049896,0.7156585641605426,routing,,,,4.2388866987974277e-10,-6.22271,,,4745.0,0.718272,0.0
traj_sweep_757,mega_sweep,0.6176359337099318,0.3336650206066907,0.9777665942464823,0.7221905305191101,1.0,1076.77,0.643281,1.187273048097551,0.5255137246646316,1.0093491593939616,0.9723502304147464,floorplan,,,,,,,,,,
traj_sweep_757,mega_sweep,0.6176359337099318,0.3336650206066907,0.9777665942464823,0.7221905305191101,1.0,,,,0.43382509123911406,0.9993330796581112,0.8228794280142996,placement,3471.13,0.760128,0.697093,4.094266389348357e-10,,,,,,
traj_sweep_757,mega_sweep,0.6176359337099318,0.3336650206066907,0.9777665942464823,0.7221905305191101,1.0,,,,0.34375179304356474,0.9909945296165822,0.7369033760186262,cts,,,,4.1287168773688515e-10,-5.18383,0.000829684,9.0,,,
traj_sweep_757,mega_sweep,0.6176359337099318,0.3336650206066907,0.9777665942464823,0.7221905305191101,1.0,,,,0.32458242510379554,0.9627220169635076,0.7221905305191101,routing,,,,4.249966000271998e-10,-5.82479,,,4449.0,0.697093,0.0
traj_sweep_758,mega_sweep,0.6454146867111481,0.36115420166378653,0.9881631868154349,0.7533472180898542,1.0,1076.77,0.643034,1.187273048097551,0.5437296175511415,1.0093491593939616,0.9727237802535534,floorplan,,,,,,,,,,
traj_sweep_758,mega_sweep,0.6454146867111481,0.36115420166378653,0.9881631868154349,0.7533472180898542,1.0,,,,0.4464548308890744,1.012352346700381,0.8231469440832249,placement,3545.62,0.759881,0.698121,4.0416124416997403e-10,,,,,,
traj_sweep_758,mega_sweep,0.6454146867111481,0.36115420166378653,0.9881631868154349,0.7533472180898542,1.0,,,,0.3643890828437157,0.9992757981563539,0.7576301615798923,cts,,,,4.0945010850427877e-10,-4.65592,0.00155324,6.0,,,
traj_sweep_758,mega_sweep,0.6454146867111481,0.36115420166378653,0.9881631868154349,0.7533472180898542,1.0,,,,0.3506623744024973,0.9634707680221924,0.7533472180898542,routing,,,,4.2466631844028554e-10,-5.20595,,,4056.0,0.698121,0.0
traj_sweep_759,mega_sweep,0.6550179178990979,0.3755401215221189,0.990998621152422,0.7551446465851476,1.0,1076.77,0.638587,1.187273048097551,0.5673107880333571,1.0093246101789228,0.9794970986460347,floorplan,,,,,,,,,,
traj_sweep_759,mega_sweep,0.6550179178990979,0.3755401215221189,0.990998621152422,0.7551446465851476,1.0,,,,0.464349380719368,1.0041856411641237,0.827721477607061,placement,3473.01,0.755682,0.716951,4.0744815222262966e-10,,,,,,
traj_sweep_759,mega_sweep,0.6550179178990979,0.3755401215221189,0.990998621152422,0.7551446465851476,1.0,,,,0.37887609563600644,0.9981056189061688,0.7601320924647252,cts,,,,4.0993014790279734e-10,-4.19347,0.00154405,7.0,,,
traj_sweep_759,mega_sweep,0.6550179178990979,0.3755401215221189,0.990998621152422,0.7551446465851476,1.0,,,,0.3636643229298397,0.9634707680221924,0.7551446465851476,routing,,,,4.2466631844028554e-10,-4.73614,,,3903.0,0.716951,0.0
traj_sweep_760,mega_sweep,0.6589834339277019,0.38574727642660306,0.9821118053083586,0.7553699284009546,1.0,1076.77,0.638587,1.187273048097551,0.5855072841468818,1.0093246101789228,0.9794970986460347,floorplan,,,,,,,,,,
traj_sweep_760,mega_sweep,0.6589834339277019,0.38574727642660306,0.9821118053083586,0.7553699284009546,1.0,,,,0.4864247515534674,1.0131542877249833,0.8367481824190349,placement,3436.51,0.74753,0.707363,4.0384133881480646e-10,,,,,,
traj_sweep_760,mega_sweep,0.6589834339277019,0.38574727642660306,0.9821118053083586,0.7553699284009546,1.0,,,,0.4133879819126083,1.0051144197997601,0.7972292191435767,cts,,,,4.070716486808843e-10,-3.50995,0.00190797,3.0,,,
traj_sweep_760,mega_sweep,0.6589834339277019,0.38574727642660306,0.9821118053083586,0.7553699284009546,1.0,,,,0.3739461879676096,0.9622105749835316,0.7553699284009546,routing,,,,4.252224976719068e-10,-4.22504,,,4063.0,0.707363,0.0
traj_sweep_761,mega_sweep,0.664453872653627,0.39659741606628646,0.975724917862418,0.7580838323353293,1.0,1076.77,0.638587,1.187273048097551,0.6036988022222372,1.0093246101789228,0.9794970986460347,floorplan,,,,,,,,,,
traj_sweep_761,mega_sweep,0.664453872653627,0.39659741606628646,0.975724917862418,0.7580838323353293,1.0,,,,0.5047772578932882,1.008768161304709,0.8451268357810413,placement,3519.75,0.740119,0.726176,4.055972419387548e-10,,,,,,
traj_sweep_761,mega_sweep,0.664453872653627,0.39659741606628646,0.975724917862418,0.7580838323353293,1.0,,,,0.4286497908408817,1.00618640218979,0.8053435114503816,cts,,,,4.0663795802683e-10,-3.16886,0.000767504,4.0,,,
traj_sweep_761,mega_sweep,0.664453872653627,0.39659741606628646,0.975724917862418,0.7580838323353293,1.0,,,,0.3851875981817753,0.9609503819448706,0.7580838323353293,routing,,,,4.257801356535512e-10,-3.97803,,,4086.0,0.726176,0.0
traj_sweep_762,mega_sweep,0.6848929607845863,0.4228958383823173,0.987713117873056,0.7691373025516403,1.0,1076.77,0.632164,1.187273048097551,0.6311235651254824,1.0092836948205248,0.9894490035169988,floorplan,,,,,,,,,,
traj_sweep_762,mega_sweep,0.6848929607845863,0.4228958383823173,0.987713117873056,0.7691373025516403,1.0,,,,0.5259058336771449,1.0043861264202745,0.850235057085292,placement,3414.91,0.735672,0.736636,4.0736682160184783e-10,,,,,,
traj_sweep_762,mega_sweep,0.6848929607845863,0.4228958383823173,0.987713117873056,0.7691373025516403,1.0,,,,0.4481871228367662,1.0025367522206812,0.8125802310654685,cts,,,,4.081182890048852e-10,-2.81344,0.00187142,3.0,,,
traj_sweep_762,mega_sweep,0.6848929607845863,0.4228958383823173,0.987713117873056,0.7691373025516403,1.0,,,,0.4089865447586453,0.9698944792906914,0.7691373025516403,routing,,,,4.218537095705951e-10,-3.40311,,,3914.0,0.736636,0.0
traj_sweep_763,mega_sweep,0.684881222680565,0.4273624991380561,0.9791208926094588,0.7677380230442692,1.0,1076.77,0.632164,1.187273048097551,0.649571908215965,1.0092836948205248,0.9894490035169988,floorplan,,,,,,,,,,
traj_sweep_763,mega_sweep,0.684881222680565,0.4273624991380561,0.9791208926094588,0.7677380230442692,1.0,,,,0.5435076461569632,1.0003805128331023,0.8530997304582209,placement,3293.12,0.733202,0.70467,4.0899795501022496e-10,,,,,,
traj_sweep_763,mega_sweep,0.684881222680565,0.4273624991380561,0.9791208926094588,0.7677380230442692,1.0,,,,0.44330657195358075,0.9933307965811127,0.7863354037267081,cts,,,,4.1190063309127306e-10,-2.50817,0.00165626,4.0,,,
traj_sweep_763,mega_sweep,0.684881222680565,0.4273624991380561,0.9791208926094588,0.7677380230442692,1.0,,,,0.4145980821620774,0.9583931720449905,0.7677380230442692,routing,,,,4.269162134239534e-10,-3.06388,,,3915.0,0.70467,0.0
traj_sweep_764,mega_sweep,0.7160353267907977,0.464482583066073,0.9870339229236479,0.8007590132827324,1.0,1076.77,0.632164,1.187273048097551,0.6680145992997688,1.0092836948205248,0.9894490035169988,floorplan,,,,,,,,,,
traj_sweep_764,mega_sweep,0.7160353267907977,0.464482583066073,0.9870339229236479,0.8007590132827324,1.0,,,,0.5588038689578624,0.9995499310576211,0.8528123947457056,placement,3298.45,0.733449,0.729327,4.0933781421793965e-10,,,,,,
traj_sweep_764,mega_sweep,0.7160353267907977,0.464482583066073,0.9870339229236479,0.8007590132827324,1.0,,,,0.46986792709324576,0.9950042347395942,0.807140580172139,cts,,,,4.112078820326828e-10,-1.98018,0.00188383,3.0,,,
traj_sweep_764,mega_sweep,0.7160353267907977,0.464482583066073,0.9870339229236479,0.8007590132827324,1.0,,,,0.44810331716924917,0.9602220885653848,0.8007590132827324,routing,,,,4.261030743336813e-10,-2.57983,,,3639.0,0.729327,0.0
traj_sweep_765,mega_sweep,0.6901020364254337,0.44708006954998963,0.9659256895260774,0.7610459873760144,1.0,1076.77,0.631423,1.187273048097551,0.6886890415630497,1.0092836948205248,0.9906103286384976,floorplan,,,,,,,,,,
traj_sweep_765,mega_sweep,0.6901020364254337,0.44708006954998963,0.9659256895260774,0.7610459873760144,1.0,,,,0.5781264575231515,1.004521147102988,0.8559837728194726,placement,3307.98,0.730731,0.72308,4.073120662126495e-10,,,,,,
traj_sweep_765,mega_sweep,0.6901020364254337,0.44708006954998963,0.9659256895260774,0.7610459873760144,1.0,,,,0.49826041877472493,0.9849595142528651,0.8266405484818804,cts,,,,4.154014231652758e-10,-1.66071,0.00140771,1.0,,,
traj_sweep_765,mega_sweep,0.6901020364254337,0.44708006954998963,0.9659256895260774,0.7610459873760144,1.0,,,,0.4340168021771835,0.9551363095165032,0.7610459873760144,routing,,,,4.2837192964419426e-10,-2.26339,,,4036.0,0.72308,0.0
traj_sweep_766,mega_sweep,0.6729939821208115,0.43481795088907704,0.960708981330322,0.7296829971181555,1.0,1076.77,0.6292,1.187273048097551,0.7107964881752749,1.0092836948205248,0.9941107184923439,floorplan,,,,,,,,,,
traj_sweep_766,mega_sweep,0.6729939821208115,0.43481795088907704,0.960708981330322,0.7296829971181555,1.0,,,,0.5936392491817032,0.9979337744008968,0.8577235772357723,placement,3352.76,0.729249,0.70579,4.100007380013284e-10,,,,,,
traj_sweep_766,mega_sweep,0.6729939821208115,0.43481795088907704,0.960708981330322,0.7296829971181555,1.0,,,,0.47040287268929887,0.9768787309692439,0.7686703096539161,cts,,,,4.1883764177654175e-10,-1.31907,0.0014791,7.0,,,
traj_sweep_766,mega_sweep,0.6729939821208115,0.43481795088907704,0.960708981330322,0.7296829971181555,1.0,,,,0.42268797682097403,0.9459589946278134,0.7296829971181555,routing,,,,4.325278223521728e-10,-1.94565,,,4256.0,0.70579,0.0
traj_sweep_767,mega_sweep,0.7125709266348675,0.4830959945382511,0.9666498913697235,0.7747858017135862,1.0,1076.77,0.628211,1.187273048097551,0.7312242672785563,1.0092836948205248,0.995674400314589,floorplan,,,,,,,,,,
traj_sweep_767,mega_sweep,0.7125709266348675,0.4830959945382511,0.9666498913697235,0.7747858017135862,1.0,,,,0.6055966440352444,0.9879381523442454,0.8583050847457626,placement,3388.08,0.728755,0.703711,4.141489859562079e-10,,,,,,
traj_sweep_767,mega_sweep,0.7125709266348675,0.4830959945382511,0.9666498913697235,0.7747858017135862,1.0,,,,0.5183196398651513,0.9811011959559259,0.8220779220779221,cts,,,,4.1703504762540244e-10,-0.895063,0.000693008,2.0,,,
traj_sweep_767,mega_sweep,0.7125709266348675,0.4830959945382511,0.9666498913697235,0.7747858017135862,1.0,,,,0.4678352222147026,0.9492485894430193,0.7747858017135862,routing,,,,4.310289091089339e-10,-1.4621,,,3849.0,0.703711,0.0
traj_sweep_768,mega_sweep,0.7233452978790677,0.4978463737365623,0.965892957239359,0.7870686975442959,1.0,1076.77,0.593132,1.187273048097551,0.7954644029989466,1.010216564992001,1.054560599750104,floorplan,,,,,,,,,,
traj_sweep_768,mega_sweep,0.7233452978790677,0.4978463737365623,0.965892957239359,0.7870686975442959,1.0,,,,0.6572947828058602,0.9944559689370599,0.8994671403197158,placement,3294.82,0.695405,0.74122,4.114345901288613e-10,,,,,,
traj_sweep_768,mega_sweep,0.7233452978790677,0.4978463737365623,0.965892957239359,0.7870686975442959,1.0,,,,0.5295596038880492,0.9744688163595969,0.8328947368421052,cts,,,,4.198734501421272e-10,-0.367142,0.00106511,2.0,,,
traj_sweep_768,mega_sweep,0.7233452978790677,0.4978463737365623,0.965892957239359,0.7870686975442959,1.0,,,,0.4827339849216134,0.9476938058238921,0.7870686975442959,routing,,,,4.3173605384612063e-10,-1.2017,,,3924.0,0.74122,0.0
traj_sweep_769,mega_sweep,0.7596857043183861,0.5342853830444386,0.9797223483779106,0.8375785643400594,1.0,1076.77,0.582016,1.187273048097551,0.8380442587636269,0.9981751750154455,1.0747028862478776,floorplan,,,,,,,,,,
traj_sweep_769,mega_sweep,0.7596857043183861,0.5342853830444386,0.9797223483779106,0.8375785643400594,1.0,,,,0.6944419759287522,0.9781552901512641,0.9308823529411764,placement,3269.26,0.671937,0.702066,4.182910301671491e-10,,,,,,
traj_sweep_769,mega_sweep,0.7596857043183861,0.5342853830444386,0.9797223483779106,0.8375785643400594,1.0,,,,0.5607880211794732,0.9741169442773734,0.8615175229669955,cts,,,,4.200251175020266e-10,-0.192529,0.00117015,9.0,,,
traj_sweep_769,mega_sweep,0.7596857043183861,0.5342853830444386,0.9797223483779106,0.8375785643400594,1.0,,,,0.5174958466619255,0.9554513577761684,0.8375785643400594,routing,,,,4.2823067930232657e-10,-0.350038,,,3939.0,0.702066,0.0
traj_sweep_770,mega_sweep,0.7628368558042665,0.5468746672021859,0.9700908730110022,0.8367481824190349,1.0,1076.77,0.582016,1.187273048097551,0.8583395018983262,0.9981751750154455,1.0747028862478776,floorplan,,,,,,,,,,
traj_sweep_770,mega_sweep,0.7628368558042665,0.5468746672021859,0.9700908730110022,0.8367481824190349,1.0,,,,0.7225436082155103,0.954158432450789,0.9561933534743201,placement,3227.23,0.65415,0.688757,4.288109501164222e-10,,,,,,
traj_sweep_770,mega_sweep,0.7628368558042665,0.5468746672021859,0.9700908730110022,0.8367481824190349,1.0,,,,0.6227547399933474,0.9713428829779834,0.9210622044379774,cts,,,,4.21224668601492e-10,-0.00748426,0.00105548,7.0,,,
traj_sweep_770,mega_sweep,0.7628368558042665,0.5468746672021859,0.9700908730110022,0.8367481824190349,1.0,,,,0.5304943019648702,0.9513189065779621,0.8367481824190349,routing,,,,4.300908782025642e-10,-0.141226,,,3867.0,0.688757,0.0
traj_sweep_771,mega_sweep,0.8309168154783562,0.6347006808486595,0.9774024475567393,0.9247626004382761,1.0,1076.77,0.582016,1.187273048097551,0.8786315928411852,0.9981751750154455,1.0747028862478776,floorplan,,,,,,,,,,
traj_sweep_771,mega_sweep,0.8309168154783562,0.6347006808486595,0.9774024475567393,0.9247626004382761,1.0,,,,0.7618765021809442,0.9550094719054691,0.9817758821248544,placement,3166.61,0.637105,0.713591,4.284288229774946e-10,,,,,,
traj_sweep_771,mega_sweep,0.8309168154783562,0.6347006808486595,0.9774024475567393,0.9247626004382761,1.0,,,,0.6603399943420004,0.9532091961359536,0.9554716981132075,cts,,,,4.2923797382506835e-10,-0.00079331,0.000908697,5.0,,,
traj_sweep_771,mega_sweep,0.8309168154783562,0.6347006808486595,0.9774024475567393,0.9247626004382761,1.0,,,,0.6113042236083996,0.9462208529215612,0.9247626004382761,routing,,,,4.324081240838353e-10,-0.0282078,,,3524.0,0.713591,0.0
traj_sweep_772,mega_sweep,0.8355191854140607,0.6507643399737858,0.9628324884311824,0.9308823529411764,1.0,1076.77,0.582016,1.187273048097551,0.898911695274677,0.9981751750154455,1.0747028862478776,floorplan,,,,,,,,,,
traj_sweep_772,mega_sweep,0.8355191854140607,0.6507643399737858,0.9628324884311824,0.9308823529411764,1.0,,,,0.795158229108139,0.9551485841240226,0.9968503937007873,placement,3134.44,0.62747,0.717508,4.2836642463963674e-10,,,,,,
traj_sweep_772,mega_sweep,0.8355191854140607,0.6507643399737858,0.9628324884311824,0.9308823529411764,1.0,,,,0.6960663953123609,0.9436022699840839,0.9817758821248544,cts,,,,4.336080963303747e-10,0.0,0.00374065,1.0,,,
traj_sweep_772,mega_sweep,0.8355191854140607,0.6507643399737858,0.9628324884311824,0.9308823529411764,1.0,,,,0.6281392634220331,0.9427553220652436,0.9308823529411764,routing,,,,4.3399763905284354e-10,-0.00717409,,,3653.0,0.717508,0.0
traj_sweep_773,mega_sweep,0.8644098738801551,0.7026243056125661,0.9537451873309685,0.9638370765131327,1.0,1076.77,0.582016,1.187273048097551,0.9191901111321363,0.9981751750154455,1.0747028862478776,floorplan,,,,,,,,,,
traj_sweep_773,mega_sweep,0.8644098738801551,0.7026243056125661,0.9537451873309685,0.9638370765131327,1.0,,,,0.8178409566626018,0.9484057330600187,1.0,placement,3199.09,0.625494,0.700785,4.3141196823082264e-10,,,,,,
traj_sweep_773,mega_sweep,0.8644098738801551,0.7026243056125661,0.9537451873309685,0.9638370765131327,1.0,,,,0.7174729648273303,0.9380582389211438,0.9867498051441932,cts,,,,4.3617076957970583e-10,0.0,0.000231738,0.0,,,
traj_sweep_773,mega_sweep,0.8644098738801551,0.7026243056125661,0.9537451873309685,0.9638370765131327,1.0,,,,0.6767476711524124,0.9296828650570564,0.9638370765131327,routing,,,,4.401001667979632e-10,-0.00124065,,,3517.0,0.700785,0.0
traj_sweep_774,mega_sweep,0.8775413667385399,0.7355845771653318,0.9321173288817424,0.9855975087582716,1.0,1076.77,0.582016,1.187273048097551,0.9394607817514662,0.9981751750154455,1.0747028862478776,floorplan,,,,,,,,,,
traj_sweep_774,mega_sweep,0.8775413667385399,0.7355845771653318,0.9321173288817424,0.9855975087582716,1.0,,,,0.8389008947616536,0.9463926974268331,1.0027722772277228,placement,3111.44,0.623765,0.708605,4.3232960809321025e-10,,,,,,
traj_sweep_774,mega_sweep,0.8775413667385399,0.7355845771653318,0.9321173288817424,0.9855975087582716,1.0,,,,0.7389931417857672,0.9360656609671573,0.9902229174814234,cts,,,,4.3709923463924014e-10,0.0,0.000770897,0.0,,,
traj_sweep_774,mega_sweep,0.8775413667385399,0.7355845771653318,0.9321173288817424,0.9855975087582716,1.0,,,,0.7086944521115098,0.9109272647673757,0.9855975087582716,routing,,,,4.491616397993146e-10,0.0,,,3446.0,0.708605,0.0
traj_sweep_775,mega_sweep,0.8902788029838921,0.7646673417118351,0.9289913955001289,0.9933307179285994,1.0,1076.77,0.582016,1.187273048097551,0.9597223334668269,0.9981751750154455,1.0747028862478776,floorplan,,,,,,,,,,
traj_sweep_775,mega_sweep,0.8902788029838921,0.7646673417118351,0.9289913955001289,0.9933307179285994,1.0,,,,0.8604104532986103,0.9405172519608685,1.0051607780865421,placement,3086.52,0.622283,0.713027,4.3503038687252303e-10,,,,,,
traj_sweep_775,mega_sweep,0.8902788029838921,0.7646673417118351,0.9289913955001289,0.9933307179285994,1.0,,,,0.7641276805605156,0.9299447233508041,0.9941107184923439,cts,,,,4.3997624128297074e-10,0.0,0.000728924,0.0,,,
traj_sweep_775,mega_sweep,0.8902788029838921,0.7646673417118351,0.9289913955001289,0.9933307179285994,1.0,,,,0.7362203434263993,0.904671306468309,0.9933307179285994,routing,,,,4.522676700978707e-10,0.0,,,3428.0,0.713027,0.0
traj_sweep_776,mega_sweep,0.8923737178583957,0.7755760766376112,0.9220439676441345,0.9937205651491364,1.0,1076.77,0.582016,1.187273048097551,0.9799786264203616,0.9981751750154455,1.0747028862478776,floorplan,,,,,,,,,,
traj_sweep_776,mega_sweep,0.8923737178583957,0.7755760766376112,0.9220439676441345,0.9937205651491364,1.0,,,,0.880314251008973,0.9365320960528953,1.0063593004769475,placement,3140.15,0.621542,0.708539,4.3688153957054543e-10,,,,,,
traj_sweep_776,mega_sweep,0.8923737178583957,0.7755760766376112,0.9220439676441345,0.9937205651491364,1.0,,,,0.7745399698340875,0.924658459045772,0.9945011783189316,cts,,,,4.424915815976601e-10,0.0,0.000389543,0.0,,,
traj_sweep_776,mega_sweep,0.8923737178583957,0.7755760766376112,0.9220439676441345,0.9937205651491364,1.0,,,,0.7472331933646531,0.902793291517837,0.9937205651491364,routing,,,,4.5320848950142534e-10,0.0,,,3413.0,0.708539,0.0
traj_sweep_777,mega_sweep,0.8967154098666559,0.7906946051410194,0.9147978576718343,0.9968503937007873,1.0,1076.77,0.582016,1.187273048097551,1.000228169468699,0.9981751750154455,1.0747028862478776,floorplan,,,,,,,,,,
traj_sweep_777,mega_sweep,0.8967154098666559,0.7906946051410194,0.9147978576718343,0.9968503937007873,1.0,,,,0.8991635315776835,0.928389939731677,1.0103750997605745,placement,3111.44,0.619071,0.706286,4.407130737533329e-10,,,,,,
traj_sweep_777,mega_sweep,0.8967154098666559,0.7906946051410194,0.9147978576718343,0.9968503937007873,1.0,,,,0.7890111240857969,0.9203173395197355,0.9968503937007873,cts,,,,4.445788060391585e-10,0.0,0.0011519,0.0,,,
traj_sweep_777,mega_sweep,0.8967154098666559,0.7906946051410194,0.9147978576718343,0.9968503937007873,1.0,,,,0.7612343608379287,0.8912919842721362,0.9968503937007873,routing,,,,4.590567302307219e-10,0.0,,,3418.0,0.706286,0.0
traj_sweep_778,mega_sweep,0.9014056446959536,0.8080239531726265,0.9078667959591992,0.9984227129337538,1.0,1076.77,0.582016,1.187273048097551,1.020468184889313,0.9981751750154455,1.0747028862478776,floorplan,,,,,,,,,,
traj_sweep_778,mega_sweep,0.9014056446959536,0.8080239531726265,0.9078667959591992,0.9984227129337538,1.0,,,,0.9172246264391278,0.9229072817063341,1.0103750997605745,placement,3084.59,0.619071,0.704894,4.4333119056591224e-10,,,,,,
traj_sweep_778,mega_sweep,0.9014056446959536,0.8080239531726265,0.9078667959591992,0.9984227129337538,1.0,,,,0.8075701274718164,0.9131530602642314,0.9984227129337538,cts,,,,4.480668157235607e-10,0.0,0.000743405,0.0,,,
traj_sweep_778,mega_sweep,0.9014056446959536,0.8080239531726265,0.9078667959591992,0.9984227129337538,1.0,,,,0.7795454545454545,0.8863044020834101,0.9984227129337538,routing,,,,4.616400223433771e-10,0.0,,,3452.0,0.704894,0.0
traj_sweep_779,mega_sweep,0.9001140535567516,0.8220453713867546,0.8896021799702954,0.9972430090586843,1.0,1076.77,0.582016,1.187273048097551,1.0407059559240774,0.9981751750154455,1.0747028862478776,floorplan,,,,,,,,,,
traj_sweep_779,mega_sweep,0.9001140535567516,0.8220453713867546,0.8896021799702954,0.9972430090586843,1.0,,,,0.9373686379021701,0.9055264374588289,1.0107784431137723,placement,3064.66,0.618824,0.695823,4.518405725723736e-10,,,,,,
traj_sweep_779,mega_sweep,0.9001140535567516,0.8220453713867546,0.8896021799702954,0.9972430090586843,1.0,,,,0.8218536656743991,0.8966027977922073,0.9972430090586843,cts,,,,4.563376168224299e-10,0.0,0.000647427,0.0,,,
traj_sweep_779,mega_sweep,0.9001140535567516,0.8220453713867546,0.8896021799702954,0.9972430090586843,1.0,,,,0.7928082116249012,0.8754168252136805,0.9972430090586843,routing,,,,4.673814486955384e-10,0.0,,,3456.0,0.695823,0.0
traj_sweep_780,mega_sweep,0.9141603746219544,0.8361261269643373,0.9165694926904713,0.9968503937007873,1.0,1076.77,0.582016,1.187273048097551,1.0609291069004192,0.9981751750154455,1.0747028862478776,floorplan,,,,,,,,,,
traj_sweep_780,mega_sweep,0.9141603746219544,0.8361261269643373,0.9165694926904713,0.9968503937007873,1.0,,,,0.9528788039444386,0.9295887597327409,1.0103750997605745,placement,3101.12,0.619071,0.693292,4.4014471958379914e-10,,,,,,
traj_sweep_780,mega_sweep,0.9141603746219544,0.8361261269643373,0.9165694926904713,0.9968503937007873,1.0,,,,0.8335899671632376,0.9204196279157307,0.9968503937007873,cts,,,,4.4452939895179965e-10,0.0,0.00248632,0.0,,,
traj_sweep_780,mega_sweep,0.9141603746219544,0.8361261269643373,0.9165694926904713,0.9968503937007873,1.0,,,,0.8052292501097641,0.8967623676899598,0.9968503937007873,routing,,,,4.562564161058515e-10,0.0,,,3397.0,0.693292,0.0
traj_sweep_781,mega_sweep,0.9199903678924793,0.8568826847071052,0.9108699832656184,0.9976359338061466,1.0,1076.77,0.582016,1.187273048097551,1.0811532654399336,0.9981751750154455,1.0747028862478776,floorplan,,,,,,,,,,
traj_sweep_781,mega_sweep,0.9199903678924793,0.8568826847071052,0.9108699832656184,0.9976359338061466,1.0,,,,0.9724231587034502,0.9254440339270151,1.0103750997605745,placement,3097.93,0.619071,0.706648,4.421159670181489e-10,,,,,,
traj_sweep_781,mega_sweep,0.9199903678924793,0.8568826847071052,0.9108699832656184,0.9976359338061466,1.0,,,,0.8557403430922101,0.9158411993109854,0.9976359338061466,cts,,,,4.467516686174823e-10,0.0,0.00095926,0.0,,,
traj_sweep_781,mega_sweep,0.9199903678924793,0.8568826847071052,0.9108699832656184,0.9976359338061466,1.0,,,,0.8261489101556395,0.8860507268613419,0.9976359338061466,routing,,,,4.6177218930812673e-10,0.0,,,3420.0,0.706648,0.0
traj_sweep_782,mega_sweep,0.9189967046624367,0.8766815924766113,0.8874172998318379,0.9976359338061466,1.0,1076.77,0.582016,1.187273048097551,1.10136650530057,0.9981751750154455,1.0747028862478776,floorplan,,,,,,,,,,
traj_sweep_782,mega_sweep,0.9189967046624367,0.8766815924766113,0.8874172998318379,0.9976359338061466,1.0,,,,0.9923694468677188,0.897527484892004,1.0103750997605745,placement,3059.26,0.619071,0.686049,4.558674702090608e-10,,,,,,
traj_sweep_782,mega_sweep,0.9189967046624367,0.8766815924766113,0.8874172998318379,0.9976359338061466,1.0,,,,0.8741446142921759,0.8888943442700087,0.9976359338061466,cts,,,,4.60294957008451e-10,0.0,0.00133069,0.0,,,
traj_sweep_782,mega_sweep,0.9189967046624367,0.8766815924766113,0.8874172998318379,0.9976359338061466,1.0,,,,0.8428071689159407,0.86326905530529,0.9976359338061466,routing,,,,4.739583580186644e-10,0.0,,,3437.0,0.686049,0.0
traj_sweep_783,mega_sweep,0.9235159145736241,0.8895906235924748,0.8871554415380901,0.9980291683090263,1.0,1076.77,0.582016,1.187273048097551,1.1215795418380146,0.9981751750154455,1.0747028862478776,floorplan,,,,,,,,,,
traj_sweep_783,mega_sweep,0.9235159145736241,0.8895906235924748,0.8871554415380901,0.9980291683090263,1.0,,,,1.012152680009461,0.898636291104592,1.0107784431137723,placement,3111.84,0.618824,0.704334,4.553049860449022e-10,,,,,,
traj_sweep_783,mega_sweep,0.9235159145736241,0.8895906235924748,0.8871554415380901,0.9980291683090263,1.0,,,,0.8872762457668119,0.8892625824955914,0.9980291683090263,cts,,,,4.601043516669581e-10,0.0,0.00231828,0.0,,,
traj_sweep_783,mega_sweep,0.9235159145736241,0.8895906235924748,0.8871554415380901,0.9980291683090263,1.0,,,,0.8565478261283974,0.8682402713506568,0.9980291683090263,routing,,,,4.712446513732069e-10,0.0,,,3465.0,0.704334,0.0
traj_sweep_784,mega_sweep,0.9290038212553512,0.9028220094636272,0.8894794338951012,0.9984227129337538,1.0,1076.77,0.582016,1.187273048097551,1.1417790031382216,0.9981751750154455,1.0747028862478776,floorplan,,,,,,,,,,
traj_sweep_784,mega_sweep,0.9290038212553512,0.9028220094636272,0.8894794338951012,0.9984227129337538,1.0,,,,1.0291335516822795,0.9069666580744414,1.0119904076738608,placement,3120.48,0.618083,0.694979,4.5112307088496814e-10,,,,,,
traj_sweep_784,mega_sweep,0.9290038212553512,0.9028220094636272,0.8894794338951012,0.9984227129337538,1.0,,,,0.9022917241898641,0.8975438510353632,0.9984227129337538,cts,,,,4.5585915775462014e-10,0.0,0.000744189,0.0,,,
traj_sweep_784,mega_sweep,0.9290038212553512,0.9028220094636272,0.8894794338951012,0.9984227129337538,1.0,,,,0.8703180913550236,0.8735756340857668,0.9984227129337538,routing,,,,4.683665249077318e-10,0.0,,,3451.0,0.694979,0.0
traj_sweep_785,mega_sweep,0.9344586579938493,0.9188188863668896,0.8894794338951012,0.9984227129337538,1.0,1076.77,0.582016,1.187273048097551,1.1619752000930967,0.9981751750154455,1.0747028862478776,floorplan,,,,,,,,,,
traj_sweep_785,mega_sweep,0.9344586579938493,0.9188188863668896,0.8894794338951012,0.9984227129337538,1.0,,,,1.0473465534622712,0.9069666580744414,1.0119904076738608,placement,3120.48,0.618083,0.694979,4.5112307088496814e-10,,,,,,
traj_sweep_785,mega_sweep,0.9344586579938493,0.9188188863668896,0.8894794338951012,0.9984227129337538,1.0,,,,0.9182743399002697,0.8975438510353632,0.9984227129337538,cts,,,,4.5585915775462014e-10,0.0,0.000744189,0.0,,,
traj_sweep_785,mega_sweep,0.9344586579938493,0.9188188863668896,0.8894794338951012,0.9984227129337538,1.0,,,,0.885741460794315,0.8735756340857668,0.9984227129337538,routing,,,,4.683665249077318e-10,0.0,,,3451.0,0.694979,0.0
traj_sweep_786,mega_sweep,0.9413559026604787,0.9382935182091547,0.8897453837246887,0.9992107340173638,1.0,1076.77,0.582016,1.187273048097551,1.1821596058854094,0.9981751750154455,1.0747028862478776,floorplan,,,,,,,,,,
traj_sweep_786,mega_sweep,0.9413559026604787,0.9382935182091547,0.8897453837246887,0.9992107340173638,1.0,,,,1.0663296786748304,0.9048595171169402,1.0128,placement,3079.18,0.617589,0.678675,4.521735984879315e-10,,,,,,
traj_sweep_786,mega_sweep,0.9413559026604787,0.9382935182091547,0.8897453837246887,0.9992107340173638,1.0,,,,0.9360017914707245,0.8962632003175032,0.9992107340173638,cts,,,,4.565105248501504e-10,0.0,0.000527439,0.0,,,
traj_sweep_786,mega_sweep,0.9413559026604787,0.9382935182091547,0.8897453837246887,0.9992107340173638,1.0,,,,0.9021196287763573,0.8690381208394194,0.9992107340173638,routing,,,,4.708120094727376e-10,0.0,,,3373.0,0.678675,0.0
traj_sweep_787,mega_sweep,0.9470527129806628,0.9555739866445494,0.8889107104133679,1.0,1.0,1076.77,0.582016,1.187273048097551,1.2023413720440177,0.9981751750154455,1.0747028862478776,floorplan,,,,,,,,,,
traj_sweep_787,mega_sweep,0.9470527129806628,0.9555739866445494,0.8889107104133679,1.0,1.0,,,,1.0834147105983338,0.9016558445543704,1.0128,placement,3107.61,0.617589,0.697135,4.537802160901389e-10,,,,,,
traj_sweep_787,mega_sweep,0.9470527129806628,0.9555739866445494,0.8889107104133679,1.0,1.0,,,,0.9536118848653669,0.8928181271403847,1.0,cts,,,,4.5827203944805717e-10,0.0,0.00118603,0.0,,,
traj_sweep_787,mega_sweep,0.9470527129806628,0.9555739866445494,0.8889107104133679,1.0,1.0,,,,0.9211262697184326,0.8699137095091385,1.0,routing,,,,4.703381260788381e-10,0.0,,,3413.0,0.697135,0.0
traj_sweep_788,mega_sweep,0.9507327872368024,0.966961312293878,0.8904777686400144,0.9980291683090263,1.0,1076.77,0.582016,1.187273048097551,1.2225169707110695,0.9981751750154455,1.0747028862478776,floorplan,,,,,,,,,,
traj_sweep_788,mega_sweep,0.9507327872368024,0.966961312293878,0.8904777686400144,0.9980291683090263,1.0,,,,1.1009954363073908,0.9054896136362707,1.0115860966839791,placement,3082.16,0.61833,0.693021,4.5185894771088256e-10,,,,,,
traj_sweep_788,mega_sweep,0.9507327872368024,0.966961312293878,0.8904777686400144,0.9980291683090263,1.0,,,,0.965185403968531,0.8965005093962121,0.9980291683090263,cts,,,,4.563896837675881e-10,0.0,0.000583304,0.0,,,
traj_sweep_788,mega_sweep,0.9507327872368024,0.966961312293878,0.8904777686400144,0.9980291683090263,1.0,,,,0.9293710669059057,0.8665709247280151,0.9980291683090263,routing,,,,4.721524485825983e-10,0.0,,,3446.0,0.693021,0.0
traj_sweep_789,mega_sweep,0.9570802248347616,0.9848382730864278,0.8919425384706657,0.9980291683090263,1.0,1076.77,0.582016,1.187273048097551,1.242684883013441,0.9981751750154455,1.0747028862478776,floorplan,,,,,,,,,,
traj_sweep_789,mega_sweep,0.9570802248347616,0.9848382730864278,0.8919425384706657,0.9980291683090263,1.0,,,,1.119623245644089,0.9058496687901738,1.0115860966839791,placement,3091.56,0.61833,0.69283,4.5167934380024934e-10,,,,,,
traj_sweep_789,mega_sweep,0.9570802248347616,0.9848382730864278,0.8919425384706657,0.9980291683090263,1.0,,,,0.9815306311914982,0.8964432278944547,0.9980291683090263,cts,,,,4.564188464470075e-10,0.0,0.000787898,0.0,,,
traj_sweep_789,mega_sweep,0.9570802248347616,0.9848382730864278,0.8919425384706657,0.9980291683090263,1.0,,,,0.9476836765900007,0.8717753583162512,0.9980291683090263,routing,,,,4.693337338314529e-10,0.0,,,3428.0,0.69283,0.0
traj_sweep_790,mega_sweep,0.9631460003994804,1.0,0.8941683339675214,0.9992107340173638,1.0,1076.77,0.582016,1.187273048097551,1.2628457803728141,0.9981751750154455,1.0747028862478776,floorplan,,,,,,,,,,
traj_sweep_790,mega_sweep,0.9631460003994804,1.0,0.8941683339675214,0.9992107340173638,1.0,,,,1.1378179562173183,0.9079240774609565,1.0128,placement,3096.8,0.617589,0.691376,4.5064735492535025e-10,,,,,,
traj_sweep_790,mega_sweep,0.9631460003994804,1.0,0.8941683339675214,0.9992107340173638,1.0,,,,0.9963413011663488,0.8996264427778256,0.9992107340173638,cts,,,,4.548038658328596e-10,0.0,0.000870845,0.0,,,
traj_sweep_790,mega_sweep,0.9631460003994804,1.0,0.8941683339675214,0.9992107340173638,1.0,,,,0.9610874342946062,0.8759650910162148,0.9992107340173638,routing,,,,4.670889150458681e-10,0.0,,,3415.0,0.691376,0.0
traj_sweep_791,mega_sweep,0.45943377106979993,0.147781614865976,0.9703322736255509,0.6762820512820512,1.0,1076.77,0.656374,1.187273048097551,0.2498446568201564,1.009492363148355,0.9529544599171998,floorplan,,,,,,,,,,
traj_sweep_791,mega_sweep,0.45943377106979993,0.147781614865976,0.9703322736255509,0.6762820512820512,1.0,,,,0.19990167967594333,1.0119963830823175,0.7984862819299905,placement,3566.14,0.78335,0.730149,4.043034054475841e-10,,,,,,
traj_sweep_791,mega_sweep,0.45943377106979993,0.147781614865976,0.9703322736255509,0.6762820512820512,1.0,,,,0.16038478355924793,0.9929421006763308,0.7142454160789844,cts,,,,4.120618752111817e-10,-12.6792,0.00037427,9.0,,,
traj_sweep_791,mega_sweep,0.45943377106979993,0.147781614865976,0.9703322736255509,0.6762820512820512,1.0,,,,0.1443143678437796,0.9547721628267603,0.6762820512820512,routing,,,,4.285353091667988e-10,-13.3868,,,5300.0,0.730149,0.0
traj_sweep_792,mega_sweep,0.4850418708163662,0.16546403616177052,0.9862769887932833,0.6992543496271747,1.0,1076.77,0.656374,1.187273048097551,0.26764233744032356,1.009492363148355,0.9529544599171998,floorplan,,,,,,,,,,
traj_sweep_792,mega_sweep,0.4850418708163662,0.16546403616177052,0.9862769887932833,0.6992543496271747,1.0,,,,0.2150295268996277,1.0154619139386352,0.800252844500632,placement,3550.1,0.781621,0.704469,4.0292361374130694e-10,,,,,,
traj_sweep_792,mega_sweep,0.4850418708163662,0.16546403616177052,0.9862769887932833,0.6992543496271747,1.0,,,,0.1706532472464869,0.9953683814293371,0.7116357504215851,cts,,,,4.110574452779776e-10,-12.2224,0.00139967,8.0,,,
traj_sweep_792,mega_sweep,0.4850418708163662,0.16546403616177052,0.9862769887932833,0.6992543496271747,1.0,,,,0.1605954465849387,0.9621123781233761,0.6992543496271747,routing,,,,4.252658975024134e-10,-12.7749,,,4529.0,0.704469,0.0
traj_sweep_793,mega_sweep,0.4911547093882337,0.17604560503065803,0.9731186095324602,0.6916143130292269,1.0,1076.77,0.656374,1.187273048097551,0.2854338711726591,1.009492363148355,0.9529544599171998,floorplan,,,,,,,,,,
traj_sweep_793,mega_sweep,0.4911547093882337,0.17604560503065803,0.9731186095324602,0.6916143130292269,1.0,,,,0.22942235940011055,1.01514686567897,0.800252844500632,placement,3514.5,0.781621,0.695239,4.030486600647296e-10,,,,,,
traj_sweep_793,mega_sweep,0.4911547093882337,0.17604560503065803,0.9731186095324602,0.6916143130292269,1.0,,,,0.1800979590527953,0.9846280998498407,0.7023578363384189,cts,,,,4.15541242468315e-10,-11.8419,0.000851805,9.0,,,
traj_sweep_793,mega_sweep,0.4911547093882337,0.17604560503065803,0.9731186095324602,0.6916143130292269,1.0,,,,0.17161298946825676,0.9544530230312552,0.6916143130292269,routing,,,,4.286785982209838e-10,-12.4429,,,5284.0,0.695239,0.0
traj_sweep_794,mega_sweep,0.5035381107444564,0.18734905033965954,0.9699885846150069,0.7025527192008878,1.0,1076.77,0.656374,1.187273048097551,0.3032187425663901,1.009492363148355,0.9529544599171998,floorplan,,,,,,,,,,
traj_sweep_794,mega_sweep,0.5035381107444564,0.18734905033965954,0.9699885846150069,0.7025527192008878,1.0,,,,0.24590033848031367,1.0186533118936856,0.8038095238095238,placement,3523.76,0.778162,0.716833,4.0166127101692603e-10,,,,,,
traj_sweep_794,mega_sweep,0.5035381107444564,0.18734905033965954,0.9699885846150069,0.7025527192008878,1.0,,,,0.19401101682748617,0.9947628341250455,0.7170773152081563,cts,,,,4.1130767047674675e-10,-11.1102,0.000282892,12.0,,,
traj_sweep_794,mega_sweep,0.5035381107444564,0.18734905033965954,0.9699885846150069,0.7025527192008878,1.0,,,,0.18228453027747551,0.9588391494515296,0.7025527192008878,routing,,,,4.2671764520134673e-10,-11.7635,,,4872.0,0.716833,0.0
traj_sweep_795,mega_sweep,0.5056668207284034,0.1953549239805745,0.9588146002364908,0.6902944383860414,1.0,1076.77,0.656374,1.187273048097551,0.3209975764265061,1.009492363148355,0.9529544599171998,floorplan,,,,,,,,,,
traj_sweep_795,mega_sweep,0.5056668207284034,0.1953549239805745,0.9588146002364908,0.6902944383860414,1.0,,,,0.26251508061005996,1.0167752969432136,0.8061127029608405,placement,3553.91,0.775939,0.713634,4.024031516214835e-10,,,,,,
traj_sweep_795,mega_sweep,0.5056668207284034,0.1953549239805745,0.9588146002364908,0.6902944383860414,1.0,,,,0.2083972501562411,0.9965099199286436,0.7182978723404255,cts,,,,4.105865639652808e-10,-10.6007,0.00104417,8.0,,,
traj_sweep_795,mega_sweep,0.5056668207284034,0.1953549239805745,0.9588146002364908,0.6902944383860414,1.0,,,,0.19054383848321457,0.9546575998232456,0.6902944383860414,routing,,,,4.2858673524054433e-10,-11.2222,,,5155.0,0.713634,0.0
traj_sweep_796,mega_sweep,0.5264187637238101,0.21186191938421278,0.9825291419640191,0.7008026570716855,1.0,1076.77,0.656374,1.187273048097551,0.3387699017798746,1.009492363148355,0.9529544599171998,floorplan,,,,,,,,,,
traj_sweep_796,mega_sweep,0.5264187637238101,0.21186191938421278,0.9825291419640191,0.7008026570716855,1.0,,,,0.2771020624008461,1.0164397910043492,0.8061127029608405,placement,3526.04,0.775939,0.713638,4.0253597665291335e-10,,,,,,
traj_sweep_796,mega_sweep,0.5264187637238101,0.21186191938421278,0.9825291419640191,0.7008026570716855,1.0,,,,0.22121514973980771,1.0011619961785054,0.7211620620905724,cts,,,,4.086787008921456e-10,-10.1011,0.00131423,10.0,,,
traj_sweep_796,mega_sweep,0.5264187637238101,0.21186191938421278,0.9825291419640191,0.7008026570716855,1.0,,,,0.20637951683410247,0.9686465608595498,0.7008026570716855,routing,,,,4.223971885243132e-10,-10.7028,,,4847.0,0.713638,0.0
traj_sweep_797,mega_sweep,0.5359103549523994,0.22231292920896908,0.9884536858600613,0.700414937759336,1.0,1076.77,0.656374,1.187273048097551,0.35653541807592437,1.009492363148355,0.9529544599171998,floorplan,,,,,,,,,,
traj_sweep_797,mega_sweep,0.5359103549523994,0.22231292920896908,0.9884536858600613,0.700414937759336,1.0,,,,0.2921925168464433,1.016337502608354,0.8066263141127746,placement,3490.04,0.775445,0.7193,4.0257648953301125e-10,,,,,,
traj_sweep_797,mega_sweep,0.5359103549523994,0.22231292920896908,0.9884536858600613,0.700414937759336,1.0,,,,0.23353434240667761,1.0010801654617094,0.7199317600227466,cts,,,,4.087121072787539e-10,-9.54891,0.000822994,13.0,,,
traj_sweep_797,mega_sweep,0.5359103549523994,0.22231292920896908,0.9884536858600613,0.700414937759336,1.0,,,,0.21616771724475525,0.9677832467973503,0.700414937759336,routing,,,,4.227739892530852e-10,-10.2378,,,4778.0,0.7193,0.0
traj_sweep_798,mega_sweep,0.5577773907929987,0.24214711354637228,0.9957161619757209,0.7197271176805002,1.0,1076.77,0.656374,1.187273048097551,0.37429428829065226,1.009492363148355,0.9529544599171998,floorplan,,,,,,,,,,
traj_sweep_798,mega_sweep,0.5577773907929987,0.24214711354637228,0.9957161619757209,0.7197271176805002,1.0,,,,0.3083616848613992,1.0164725232910679,0.8089456869009584,placement,3487.14,0.773221,0.701202,4.0252301425333995e-10,,,,,,
traj_sweep_798,mega_sweep,0.5577773907929987,0.24214711354637228,0.9957161619757209,0.7197271176805002,1.0,,,,0.24978215702760734,1.0026103998657976,0.735191637630662,cts,,,,4.0808831031035114e-10,-8.92024,0.00108259,10.0,,,
traj_sweep_798,mega_sweep,0.5577773907929987,0.24214711354637228,0.9957161619757209,0.7197271176805002,1.0,,,,0.23540691163661845,0.9681433019512534,0.7197271176805002,routing,,,,4.2261675844493935e-10,-9.5411,,,4305.0,0.701202,0.0
traj_sweep_799,mega_sweep,0.5425896248023782,0.23920985630000122,0.9710810246842357,0.6876697447039651,1.0,1076.77,0.656374,1.187273048097551,0.3920478837109876,1.009492363148355,0.9529544599171998,floorplan,,,,,,,,,,
traj_sweep_799,mega_sweep,0.5425896248023782,0.23920985630000122,0.9710810246842357,0.6876697447039651,1.0,,,,0.3241761313933124,1.0168203038374515,0.8107588856868395,placement,3500.82,0.771492,0.734526,4.0238534029728227e-10,,,,,,
traj_sweep_799,mega_sweep,0.5425896248023782,0.23920985630000122,0.9710810246842357,0.6876697447039651,1.0,,,,0.2556890282417076,0.9947792002684047,0.7197271176805002,cts,,,,4.1130090362808525e-10,-8.47741,0.000845185,11.0,,,
traj_sweep_799,mega_sweep,0.5425896248023782,0.23920985630000122,0.9710810246842357,0.6876697447039651,1.0,,,,0.23347488286116239,0.9594078729332629,0.6876697447039651,routing,,,,4.2646469298806754e-10,-9.16002,,,4816.0,0.734526,0.0
traj_sweep_800,mega_sweep,0.5710835759791159,0.2636708119820495,0.9878685962349687,0.7150522451284947,1.0,1076.77,0.656374,1.187273048097551,0.4097940906220146,1.009492363148355,0.9529544599171998,floorplan,,,,,,,,,,
traj_sweep_800,mega_sweep,0.5710835759791159,0.2636708119820495,0.9878685962349687,0.7150522451284947,1.0,,,,0.3380409902818764,1.0113990188497055,0.8092042186001918,placement,3534.75,0.772974,0.716815,4.045421998195742e-10,,,,,,
traj_sweep_800,mega_sweep,0.5710835759791159,0.2636708119820495,0.9878685962349687,0.7150522451284947,1.0,,,,0.27478721924177124,0.9944068705069822,0.7394859813084111,cts,,,,4.1145490454246215e-10,-7.86846,0.000638753,8.0,,,
traj_sweep_800,mega_sweep,0.5710835759791159,0.2636708119820495,0.9878685962349687,0.7150522451284947,1.0,,,,0.2559905655002678,0.969538515672628,0.7150522451284947,routing,,,,4.2200859209493504e-10,-8.45931,,,4425.0,0.716815,0.0
traj_sweep_801,mega_sweep,0.582164425918003,0.27588557008502274,0.9871689436063615,0.7244635193133047,1.0,1076.77,0.655385,1.187273048097551,0.42863139016875107,1.009492363148355,0.9543912551828119,floorplan,,,,,,,,,,
traj_sweep_801,mega_sweep,0.582164425918003,0.27588557008502274,0.9871689436063615,0.7244635193133047,1.0,,,,0.3517872975919485,1.0120577561199147,0.805856142584341,placement,3631.89,0.776186,0.707283,4.0427888774792405e-10,,,,,,
traj_sweep_801,mega_sweep,0.582164425918003,0.27588557008502274,0.9871689436063615,0.7244635193133047,1.0,,,,0.29081247957232126,0.9960271186995463,0.7531231409875073,cts,,,,4.1078558635534594e-10,-7.45693,0.00195154,6.0,,,
traj_sweep_801,mega_sweep,0.582164425918003,0.27588557008502274,0.9871689436063615,0.7244635193133047,1.0,,,,0.2680067101584343,0.9618464282937886,0.7244635193133047,routing,,,,4.253834832101139e-10,-8.07402,,,4343.0,0.707283,0.0
traj_sweep_802,mega_sweep,0.5843890619993193,0.28184633719881763,0.9964280892118474,0.7106371035644119,1.0,1076.77,0.648468,1.187273048097551,0.4497989153692725,1.009492363148355,0.9645714285714285,floorplan,,,,,,,,,,
traj_sweep_802,mega_sweep,0.5843890619993193,0.28184633719881763,0.9964280892118474,0.7106371035644119,1.0,,,,0.36931587015217954,1.0204740453424002,0.8138862102217936,placement,3507.92,0.768528,0.72427,4.0094462553776696e-10,,,,,,
traj_sweep_802,mega_sweep,0.5843890619993193,0.28184633719881763,0.9964280892118474,0.7106371035644119,1.0,,,,0.2952544288492877,1.0001759360411118,0.7317919075144508,cts,,,,4.090816117815504e-10,-6.95295,0.000893972,10.0,,,
traj_sweep_802,mega_sweep,0.5843890619993193,0.28184633719881763,0.9964280892118474,0.7106371035644119,1.0,,,,0.2745550921894811,0.9764327535627049,0.7106371035644119,routing,,,,4.190289423290467e-10,-7.57673,,,4527.0,0.72427,0.0
traj_sweep_803,mega_sweep,0.596251771772693,0.29660067362737286,0.9938463300969285,0.7191138880999716,1.0,1076.77,0.647233,1.187273048097551,0.46846565066556156,1.009492363148355,0.9664122137404579,floorplan,,,,,,,,,,
traj_sweep_803,mega_sweep,0.596251771772693,0.29660067362737286,0.9938463300969285,0.7191138880999716,1.0,,,,0.38608618693383573,1.008514486082641,0.8151963940759819,placement,3530.3,0.767292,0.706494,4.056992632501379e-10,,,,,,
traj_sweep_803,mega_sweep,0.596251771772693,0.29660067362737286,0.9938463300969285,0.7191138880999716,1.0,,,,0.3117294870994374,0.9947792002684047,0.7429577464788731,cts,,,,4.1130090362808525e-10,-6.63624,0.00115493,6.0,,,
traj_sweep_803,mega_sweep,0.596251771772693,0.29660067362737286,0.9938463300969285,0.7191138880999716,1.0,,,,0.288675557211669,0.9633684796261973,0.7191138880999716,routing,,,,4.247114085978578e-10,-7.09569,,,4426.0,0.706494,0.0
traj_sweep_804,mega_sweep,0.6104135990366428,0.3138409422282756,0.9969027073692652,0.726959517657192,1.0,1076.77,0.643528,1.187273048097551,0.48926903100057717,1.009492363148355,0.9719769673704415,floorplan,,,,,,,,,,
traj_sweep_804,mega_sweep,0.6104135990366428,0.3138409422282756,0.9969027073692652,0.726959517657192,1.0,,,,0.4025154415683886,1.0091609487453306,0.8188874514877101,placement,3473.1,0.763834,0.712297,4.054393746503085e-10,,,,,,
traj_sweep_804,mega_sweep,0.6104135990366428,0.3138409422282756,0.9969027073692652,0.726959517657192,1.0,,,,0.32064309874834085,1.0013133830045784,0.7447058823529411,cts,,,,4.086169134712824e-10,-5.97472,0.00108621,10.0,,,
traj_sweep_804,mega_sweep,0.6104135990366428,0.3138409422282756,0.9969027073692652,0.726959517657192,1.0,,,,0.30417012894043427,0.978752654383876,0.726959517657192,routing,,,,4.180357336945162e-10,-6.60341,,,4102.0,0.712297,0.0
traj_sweep_805,mega_sweep,0.6029641162581968,0.31353763438984433,0.9769646532218799,0.7156585641605426,1.0,1076.77,0.643528,1.187273048097551,0.5073004959200206,1.009492363148355,0.9719769673704415,floorplan,,,,,,,,,,
traj_sweep_805,mega_sweep,0.6029641162581968,0.31353763438984433,0.9769646532218799,0.7156585641605426,1.0,,,,0.4176230165276774,0.9992389743337957,0.8178294573643411,placement,3481.37,0.764822,0.718272,4.09465197505538e-10,,,,,,
traj_sweep_805,mega_sweep,0.6029641162581968,0.31353763438984433,0.9769646532218799,0.7156585641605426,1.0,,,,0.33091893285217167,0.9952292692107837,0.7399181765049678,cts,,,,4.1111490250410086e-10,-5.59219,0.00157546,10.0,,,
traj_sweep_805,mega_sweep,0.6029641162581968,0.31353763438984433,0.9769646532218799,0.7156585641605426,1.0,,,,0.306014836608318,0.9652383115049896,0.7156585641605426,routing,,,,4.2388866987974277e-10,-6.22271,,,4745.0,0.718272,0.0
traj_sweep_806,mega_sweep,0.6176359337099318,0.3336650206066907,0.9777665942464823,0.7221905305191101,1.0,1076.77,0.643281,1.187273048097551,0.5255137246646316,1.0093491593939616,0.9723502304147464,floorplan,,,,,,,,,,
traj_sweep_806,mega_sweep,0.6176359337099318,0.3336650206066907,0.9777665942464823,0.7221905305191101,1.0,,,,0.43382509123911406,0.9993330796581112,0.8228794280142996,placement,3471.13,0.760128,0.697093,4.094266389348357e-10,,,,,,
traj_sweep_806,mega_sweep,0.6176359337099318,0.3336650206066907,0.9777665942464823,0.7221905305191101,1.0,,,,0.34375179304356474,0.9909945296165822,0.7369033760186262,cts,,,,4.1287168773688515e-10,-5.18383,0.000829684,9.0,,,
traj_sweep_806,mega_sweep,0.6176359337099318,0.3336650206066907,0.9777665942464823,0.7221905305191101,1.0,,,,0.32458242510379554,0.9627220169635076,0.7221905305191101,routing,,,,4.249966000271998e-10,-5.82479,,,4449.0,0.697093,0.0
traj_sweep_807,mega_sweep,0.6454146867111481,0.36115420166378653,0.9881631868154349,0.7533472180898542,1.0,1076.77,0.643034,1.187273048097551,0.5437296175511415,1.0093491593939616,0.9727237802535534,floorplan,,,,,,,,,,
traj_sweep_807,mega_sweep,0.6454146867111481,0.36115420166378653,0.9881631868154349,0.7533472180898542,1.0,,,,0.4464548308890744,1.012352346700381,0.8231469440832249,placement,3545.62,0.759881,0.698121,4.0416124416997403e-10,,,,,,
traj_sweep_807,mega_sweep,0.6454146867111481,0.36115420166378653,0.9881631868154349,0.7533472180898542,1.0,,,,0.3643890828437157,0.9992757981563539,0.7576301615798923,cts,,,,4.0945010850427877e-10,-4.65592,0.00155324,6.0,,,
traj_sweep_807,mega_sweep,0.6454146867111481,0.36115420166378653,0.9881631868154349,0.7533472180898542,1.0,,,,0.3506623744024973,0.9634707680221924,0.7533472180898542,routing,,,,4.2466631844028554e-10,-5.20595,,,4056.0,0.698121,0.0
traj_sweep_808,mega_sweep,0.6550179178990979,0.3755401215221189,0.990998621152422,0.7551446465851476,1.0,1076.77,0.638587,1.187273048097551,0.5673107880333571,1.0093246101789228,0.9794970986460347,floorplan,,,,,,,,,,
traj_sweep_808,mega_sweep,0.6550179178990979,0.3755401215221189,0.990998621152422,0.7551446465851476,1.0,,,,0.464349380719368,1.0041856411641237,0.827721477607061,placement,3473.01,0.755682,0.716951,4.0744815222262966e-10,,,,,,
traj_sweep_808,mega_sweep,0.6550179178990979,0.3755401215221189,0.990998621152422,0.7551446465851476,1.0,,,,0.37887609563600644,0.9981056189061688,0.7601320924647252,cts,,,,4.0993014790279734e-10,-4.19347,0.00154405,7.0,,,
traj_sweep_808,mega_sweep,0.6550179178990979,0.3755401215221189,0.990998621152422,0.7551446465851476,1.0,,,,0.3636643229298397,0.9634707680221924,0.7551446465851476,routing,,,,4.2466631844028554e-10,-4.73614,,,3903.0,0.716951,0.0
traj_sweep_809,mega_sweep,0.6589834339277019,0.38574727642660306,0.9821118053083586,0.7553699284009546,1.0,1076.77,0.638587,1.187273048097551,0.5855072841468818,1.0093246101789228,0.9794970986460347,floorplan,,,,,,,,,,
traj_sweep_809,mega_sweep,0.6589834339277019,0.38574727642660306,0.9821118053083586,0.7553699284009546,1.0,,,,0.4864247515534674,1.0131542877249833,0.8367481824190349,placement,3436.51,0.74753,0.707363,4.0384133881480646e-10,,,,,,
traj_sweep_809,mega_sweep,0.6589834339277019,0.38574727642660306,0.9821118053083586,0.7553699284009546,1.0,,,,0.4133879819126083,1.0051144197997601,0.7972292191435767,cts,,,,4.070716486808843e-10,-3.50995,0.00190797,3.0,,,
traj_sweep_809,mega_sweep,0.6589834339277019,0.38574727642660306,0.9821118053083586,0.7553699284009546,1.0,,,,0.3739461879676096,0.9622105749835316,0.7553699284009546,routing,,,,4.252224976719068e-10,-4.22504,,,4063.0,0.707363,0.0
traj_sweep_810,mega_sweep,0.664453872653627,0.39659741606628646,0.975724917862418,0.7580838323353293,1.0,1076.77,0.638587,1.187273048097551,0.6036988022222372,1.0093246101789228,0.9794970986460347,floorplan,,,,,,,,,,
traj_sweep_810,mega_sweep,0.664453872653627,0.39659741606628646,0.975724917862418,0.7580838323353293,1.0,,,,0.5047772578932882,1.008768161304709,0.8451268357810413,placement,3519.75,0.740119,0.726176,4.055972419387548e-10,,,,,,
traj_sweep_810,mega_sweep,0.664453872653627,0.39659741606628646,0.975724917862418,0.7580838323353293,1.0,,,,0.4286497908408817,1.00618640218979,0.8053435114503816,cts,,,,4.0663795802683e-10,-3.16886,0.000767504,4.0,,,
traj_sweep_810,mega_sweep,0.664453872653627,0.39659741606628646,0.975724917862418,0.7580838323353293,1.0,,,,0.3851875981817753,0.9609503819448706,0.7580838323353293,routing,,,,4.257801356535512e-10,-3.97803,,,4086.0,0.726176,0.0
traj_sweep_811,mega_sweep,0.6848929607845863,0.4228958383823173,0.987713117873056,0.7691373025516403,1.0,1076.77,0.632164,1.187273048097551,0.6311235651254824,1.0092836948205248,0.9894490035169988,floorplan,,,,,,,,,,
traj_sweep_811,mega_sweep,0.6848929607845863,0.4228958383823173,0.987713117873056,0.7691373025516403,1.0,,,,0.5259058336771449,1.0043861264202745,0.850235057085292,placement,3414.91,0.735672,0.736636,4.0736682160184783e-10,,,,,,
traj_sweep_811,mega_sweep,0.6848929607845863,0.4228958383823173,0.987713117873056,0.7691373025516403,1.0,,,,0.4481871228367662,1.0025367522206812,0.8125802310654685,cts,,,,4.081182890048852e-10,-2.81344,0.00187142,3.0,,,
traj_sweep_811,mega_sweep,0.6848929607845863,0.4228958383823173,0.987713117873056,0.7691373025516403,1.0,,,,0.4089865447586453,0.9698944792906914,0.7691373025516403,routing,,,,4.218537095705951e-10,-3.40311,,,3914.0,0.736636,0.0
traj_sweep_812,mega_sweep,0.684881222680565,0.4273624991380561,0.9791208926094588,0.7677380230442692,1.0,1076.77,0.632164,1.187273048097551,0.649571908215965,1.0092836948205248,0.9894490035169988,floorplan,,,,,,,,,,
traj_sweep_812,mega_sweep,0.684881222680565,0.4273624991380561,0.9791208926094588,0.7677380230442692,1.0,,,,0.5435076461569632,1.0003805128331023,0.8530997304582209,placement,3293.12,0.733202,0.70467,4.0899795501022496e-10,,,,,,
traj_sweep_812,mega_sweep,0.684881222680565,0.4273624991380561,0.9791208926094588,0.7677380230442692,1.0,,,,0.44330657195358075,0.9933307965811127,0.7863354037267081,cts,,,,4.1190063309127306e-10,-2.50817,0.00165626,4.0,,,
traj_sweep_812,mega_sweep,0.684881222680565,0.4273624991380561,0.9791208926094588,0.7677380230442692,1.0,,,,0.4145980821620774,0.9583931720449905,0.7677380230442692,routing,,,,4.269162134239534e-10,-3.06388,,,3915.0,0.70467,0.0
traj_sweep_813,mega_sweep,0.7160353267907977,0.464482583066073,0.9870339229236479,0.8007590132827324,1.0,1076.77,0.632164,1.187273048097551,0.6680145992997688,1.0092836948205248,0.9894490035169988,floorplan,,,,,,,,,,
traj_sweep_813,mega_sweep,0.7160353267907977,0.464482583066073,0.9870339229236479,0.8007590132827324,1.0,,,,0.5588038689578624,0.9995499310576211,0.8528123947457056,placement,3298.45,0.733449,0.729327,4.0933781421793965e-10,,,,,,
traj_sweep_813,mega_sweep,0.7160353267907977,0.464482583066073,0.9870339229236479,0.8007590132827324,1.0,,,,0.46986792709324576,0.9950042347395942,0.807140580172139,cts,,,,4.112078820326828e-10,-1.98018,0.00188383,3.0,,,
traj_sweep_813,mega_sweep,0.7160353267907977,0.464482583066073,0.9870339229236479,0.8007590132827324,1.0,,,,0.44810331716924917,0.9602220885653848,0.8007590132827324,routing,,,,4.261030743336813e-10,-2.57983,,,3639.0,0.729327,0.0
traj_sweep_814,mega_sweep,0.6901020364254337,0.44708006954998963,0.9659256895260774,0.7610459873760144,1.0,1076.77,0.631423,1.187273048097551,0.6886890415630497,1.0092836948205248,0.9906103286384976,floorplan,,,,,,,,,,
traj_sweep_814,mega_sweep,0.6901020364254337,0.44708006954998963,0.9659256895260774,0.7610459873760144,1.0,,,,0.5781264575231515,1.004521147102988,0.8559837728194726,placement,3307.98,0.730731,0.72308,4.073120662126495e-10,,,,,,
traj_sweep_814,mega_sweep,0.6901020364254337,0.44708006954998963,0.9659256895260774,0.7610459873760144,1.0,,,,0.49826041877472493,0.9849595142528651,0.8266405484818804,cts,,,,4.154014231652758e-10,-1.66071,0.00140771,1.0,,,
traj_sweep_814,mega_sweep,0.6901020364254337,0.44708006954998963,0.9659256895260774,0.7610459873760144,1.0,,,,0.4340168021771835,0.9551363095165032,0.7610459873760144,routing,,,,4.2837192964419426e-10,-2.26339,,,4036.0,0.72308,0.0
traj_sweep_815,mega_sweep,0.6729939821208115,0.43481795088907704,0.960708981330322,0.7296829971181555,1.0,1076.77,0.6292,1.187273048097551,0.7107964881752749,1.0092836948205248,0.9941107184923439,floorplan,,,,,,,,,,
traj_sweep_815,mega_sweep,0.6729939821208115,0.43481795088907704,0.960708981330322,0.7296829971181555,1.0,,,,0.5936392491817032,0.9979337744008968,0.8577235772357723,placement,3352.76,0.729249,0.70579,4.100007380013284e-10,,,,,,
traj_sweep_815,mega_sweep,0.6729939821208115,0.43481795088907704,0.960708981330322,0.7296829971181555,1.0,,,,0.47040287268929887,0.9768787309692439,0.7686703096539161,cts,,,,4.1883764177654175e-10,-1.31907,0.0014791,7.0,,,
traj_sweep_815,mega_sweep,0.6729939821208115,0.43481795088907704,0.960708981330322,0.7296829971181555,1.0,,,,0.42268797682097403,0.9459589946278134,0.7296829971181555,routing,,,,4.325278223521728e-10,-1.94565,,,4256.0,0.70579,0.0
traj_sweep_816,mega_sweep,0.7125709266348675,0.4830959945382511,0.9666498913697235,0.7747858017135862,1.0,1076.77,0.628211,1.187273048097551,0.7312242672785563,1.0092836948205248,0.995674400314589,floorplan,,,,,,,,,,
traj_sweep_816,mega_sweep,0.7125709266348675,0.4830959945382511,0.9666498913697235,0.7747858017135862,1.0,,,,0.6055966440352444,0.9879381523442454,0.8583050847457626,placement,3388.08,0.728755,0.703711,4.141489859562079e-10,,,,,,
traj_sweep_816,mega_sweep,0.7125709266348675,0.4830959945382511,0.9666498913697235,0.7747858017135862,1.0,,,,0.5183196398651513,0.9811011959559259,0.8220779220779221,cts,,,,4.1703504762540244e-10,-0.895063,0.000693008,2.0,,,
traj_sweep_816,mega_sweep,0.7125709266348675,0.4830959945382511,0.9666498913697235,0.7747858017135862,1.0,,,,0.4678352222147026,0.9492485894430193,0.7747858017135862,routing,,,,4.310289091089339e-10,-1.4621,,,3849.0,0.703711,0.0
traj_sweep_817,mega_sweep,0.7233452978790677,0.4978463737365623,0.965892957239359,0.7870686975442959,1.0,1076.77,0.593132,1.187273048097551,0.7954644029989466,1.010216564992001,1.054560599750104,floorplan,,,,,,,,,,
traj_sweep_817,mega_sweep,0.7233452978790677,0.4978463737365623,0.965892957239359,0.7870686975442959,1.0,,,,0.6572947828058602,0.9944559689370599,0.8994671403197158,placement,3294.82,0.695405,0.74122,4.114345901288613e-10,,,,,,
traj_sweep_817,mega_sweep,0.7233452978790677,0.4978463737365623,0.965892957239359,0.7870686975442959,1.0,,,,0.5295596038880492,0.9744688163595969,0.8328947368421052,cts,,,,4.198734501421272e-10,-0.367142,0.00106511,2.0,,,
traj_sweep_817,mega_sweep,0.7233452978790677,0.4978463737365623,0.965892957239359,0.7870686975442959,1.0,,,,0.4827339849216134,0.9476938058238921,0.7870686975442959,routing,,,,4.3173605384612063e-10,-1.2017,,,3924.0,0.74122,0.0
traj_sweep_818,mega_sweep,0.7596857043183861,0.5342853830444386,0.9797223483779106,0.8375785643400594,1.0,1076.77,0.582016,1.187273048097551,0.8380442587636269,0.9981751750154455,1.0747028862478776,floorplan,,,,,,,,,,
traj_sweep_818,mega_sweep,0.7596857043183861,0.5342853830444386,0.9797223483779106,0.8375785643400594,1.0,,,,0.6944419759287522,0.9781552901512641,0.9308823529411764,placement,3269.26,0.671937,0.702066,4.182910301671491e-10,,,,,,
traj_sweep_818,mega_sweep,0.7596857043183861,0.5342853830444386,0.9797223483779106,0.8375785643400594,1.0,,,,0.5607880211794732,0.9741169442773734,0.8615175229669955,cts,,,,4.200251175020266e-10,-0.192529,0.00117015,9.0,,,
traj_sweep_818,mega_sweep,0.7596857043183861,0.5342853830444386,0.9797223483779106,0.8375785643400594,1.0,,,,0.5174958466619255,0.9554513577761684,0.8375785643400594,routing,,,,4.2823067930232657e-10,-0.350038,,,3939.0,0.702066,0.0
traj_sweep_819,mega_sweep,0.7628368558042665,0.5468746672021859,0.9700908730110022,0.8367481824190349,1.0,1076.77,0.582016,1.187273048097551,0.8583395018983262,0.9981751750154455,1.0747028862478776,floorplan,,,,,,,,,,
traj_sweep_819,mega_sweep,0.7628368558042665,0.5468746672021859,0.9700908730110022,0.8367481824190349,1.0,,,,0.7225436082155103,0.954158432450789,0.9561933534743201,placement,3227.23,0.65415,0.688757,4.288109501164222e-10,,,,,,
traj_sweep_819,mega_sweep,0.7628368558042665,0.5468746672021859,0.9700908730110022,0.8367481824190349,1.0,,,,0.6227547399933474,0.9713428829779834,0.9210622044379774,cts,,,,4.21224668601492e-10,-0.00748426,0.00105548,7.0,,,
traj_sweep_819,mega_sweep,0.7628368558042665,0.5468746672021859,0.9700908730110022,0.8367481824190349,1.0,,,,0.5304943019648702,0.9513189065779621,0.8367481824190349,routing,,,,4.300908782025642e-10,-0.141226,,,3867.0,0.688757,0.0
traj_sweep_820,mega_sweep,0.8309168154783562,0.6347006808486595,0.9774024475567393,0.9247626004382761,1.0,1076.77,0.582016,1.187273048097551,0.8786315928411852,0.9981751750154455,1.0747028862478776,floorplan,,,,,,,,,,
traj_sweep_820,mega_sweep,0.8309168154783562,0.6347006808486595,0.9774024475567393,0.9247626004382761,1.0,,,,0.7618765021809442,0.9550094719054691,0.9817758821248544,placement,3166.61,0.637105,0.713591,4.284288229774946e-10,,,,,,
traj_sweep_820,mega_sweep,0.8309168154783562,0.6347006808486595,0.9774024475567393,0.9247626004382761,1.0,,,,0.6603399943420004,0.9532091961359536,0.9554716981132075,cts,,,,4.2923797382506835e-10,-0.00079331,0.000908697,5.0,,,
traj_sweep_820,mega_sweep,0.8309168154783562,0.6347006808486595,0.9774024475567393,0.9247626004382761,1.0,,,,0.6113042236083996,0.9462208529215612,0.9247626004382761,routing,,,,4.324081240838353e-10,-0.0282078,,,3524.0,0.713591,0.0
traj_sweep_821,mega_sweep,0.8355191854140607,0.6507643399737858,0.9628324884311824,0.9308823529411764,1.0,1076.77,0.582016,1.187273048097551,0.898911695274677,0.9981751750154455,1.0747028862478776,floorplan,,,,,,,,,,
traj_sweep_821,mega_sweep,0.8355191854140607,0.6507643399737858,0.9628324884311824,0.9308823529411764,1.0,,,,0.795158229108139,0.9551485841240226,0.9968503937007873,placement,3134.44,0.62747,0.717508,4.2836642463963674e-10,,,,,,
traj_sweep_821,mega_sweep,0.8355191854140607,0.6507643399737858,0.9628324884311824,0.9308823529411764,1.0,,,,0.6960663953123609,0.9436022699840839,0.9817758821248544,cts,,,,4.336080963303747e-10,0.0,0.00374065,1.0,,,
traj_sweep_821,mega_sweep,0.8355191854140607,0.6507643399737858,0.9628324884311824,0.9308823529411764,1.0,,,,0.6281392634220331,0.9427553220652436,0.9308823529411764,routing,,,,4.3399763905284354e-10,-0.00717409,,,3653.0,0.717508,0.0
traj_sweep_822,mega_sweep,0.8644098738801551,0.7026243056125661,0.9537451873309685,0.9638370765131327,1.0,1076.77,0.582016,1.187273048097551,0.9191901111321363,0.9981751750154455,1.0747028862478776,floorplan,,,,,,,,,,
traj_sweep_822,mega_sweep,0.8644098738801551,0.7026243056125661,0.9537451873309685,0.9638370765131327,1.0,,,,0.8178409566626018,0.9484057330600187,1.0,placement,3199.09,0.625494,0.700785,4.3141196823082264e-10,,,,,,
traj_sweep_822,mega_sweep,0.8644098738801551,0.7026243056125661,0.9537451873309685,0.9638370765131327,1.0,,,,0.7174729648273303,0.9380582389211438,0.9867498051441932,cts,,,,4.3617076957970583e-10,0.0,0.000231738,0.0,,,
traj_sweep_822,mega_sweep,0.8644098738801551,0.7026243056125661,0.9537451873309685,0.9638370765131327,1.0,,,,0.6767476711524124,0.9296828650570564,0.9638370765131327,routing,,,,4.401001667979632e-10,-0.00124065,,,3517.0,0.700785,0.0
traj_sweep_823,mega_sweep,0.8775413667385399,0.7355845771653318,0.9321173288817424,0.9855975087582716,1.0,1076.77,0.582016,1.187273048097551,0.9394607817514662,0.9981751750154455,1.0747028862478776,floorplan,,,,,,,,,,
traj_sweep_823,mega_sweep,0.8775413667385399,0.7355845771653318,0.9321173288817424,0.9855975087582716,1.0,,,,0.8389008947616536,0.9463926974268331,1.0027722772277228,placement,3111.44,0.623765,0.708605,4.3232960809321025e-10,,,,,,
traj_sweep_823,mega_sweep,0.8775413667385399,0.7355845771653318,0.9321173288817424,0.9855975087582716,1.0,,,,0.7389931417857672,0.9360656609671573,0.9902229174814234,cts,,,,4.3709923463924014e-10,0.0,0.000770897,0.0,,,
traj_sweep_823,mega_sweep,0.8775413667385399,0.7355845771653318,0.9321173288817424,0.9855975087582716,1.0,,,,0.7086944521115098,0.9109272647673757,0.9855975087582716,routing,,,,4.491616397993146e-10,0.0,,,3446.0,0.708605,0.0
traj_sweep_824,mega_sweep,0.8902788029838921,0.7646673417118351,0.9289913955001289,0.9933307179285994,1.0,1076.77,0.582016,1.187273048097551,0.9597223334668269,0.9981751750154455,1.0747028862478776,floorplan,,,,,,,,,,
traj_sweep_824,mega_sweep,0.8902788029838921,0.7646673417118351,0.9289913955001289,0.9933307179285994,1.0,,,,0.8604104532986103,0.9405172519608685,1.0051607780865421,placement,3086.52,0.622283,0.713027,4.3503038687252303e-10,,,,,,
traj_sweep_824,mega_sweep,0.8902788029838921,0.7646673417118351,0.9289913955001289,0.9933307179285994,1.0,,,,0.7641276805605156,0.9299447233508041,0.9941107184923439,cts,,,,4.3997624128297074e-10,0.0,0.000728924,0.0,,,
traj_sweep_824,mega_sweep,0.8902788029838921,0.7646673417118351,0.9289913955001289,0.9933307179285994,1.0,,,,0.7362203434263993,0.904671306468309,0.9933307179285994,routing,,,,4.522676700978707e-10,0.0,,,3428.0,0.713027,0.0
traj_sweep_825,mega_sweep,0.8923737178583957,0.7755760766376112,0.9220439676441345,0.9937205651491364,1.0,1076.77,0.582016,1.187273048097551,0.9799786264203616,0.9981751750154455,1.0747028862478776,floorplan,,,,,,,,,,
traj_sweep_825,mega_sweep,0.8923737178583957,0.7755760766376112,0.9220439676441345,0.9937205651491364,1.0,,,,0.880314251008973,0.9365320960528953,1.0063593004769475,placement,3140.15,0.621542,0.708539,4.3688153957054543e-10,,,,,,
traj_sweep_825,mega_sweep,0.8923737178583957,0.7755760766376112,0.9220439676441345,0.9937205651491364,1.0,,,,0.7745399698340875,0.924658459045772,0.9945011783189316,cts,,,,4.424915815976601e-10,0.0,0.000389543,0.0,,,
traj_sweep_825,mega_sweep,0.8923737178583957,0.7755760766376112,0.9220439676441345,0.9937205651491364,1.0,,,,0.7472331933646531,0.902793291517837,0.9937205651491364,routing,,,,4.5320848950142534e-10,0.0,,,3413.0,0.708539,0.0
traj_sweep_826,mega_sweep,0.8967154098666559,0.7906946051410194,0.9147978576718343,0.9968503937007873,1.0,1076.77,0.582016,1.187273048097551,1.000228169468699,0.9981751750154455,1.0747028862478776,floorplan,,,,,,,,,,
traj_sweep_826,mega_sweep,0.8967154098666559,0.7906946051410194,0.9147978576718343,0.9968503937007873,1.0,,,,0.8991635315776835,0.928389939731677,1.0103750997605745,placement,3111.44,0.619071,0.706286,4.407130737533329e-10,,,,,,
traj_sweep_826,mega_sweep,0.8967154098666559,0.7906946051410194,0.9147978576718343,0.9968503937007873,1.0,,,,0.7890111240857969,0.9203173395197355,0.9968503937007873,cts,,,,4.445788060391585e-10,0.0,0.0011519,0.0,,,
traj_sweep_826,mega_sweep,0.8967154098666559,0.7906946051410194,0.9147978576718343,0.9968503937007873,1.0,,,,0.7612343608379287,0.8912919842721362,0.9968503937007873,routing,,,,4.590567302307219e-10,0.0,,,3418.0,0.706286,0.0
traj_sweep_827,mega_sweep,0.9014056446959536,0.8080239531726265,0.9078667959591992,0.9984227129337538,1.0,1076.77,0.582016,1.187273048097551,1.020468184889313,0.9981751750154455,1.0747028862478776,floorplan,,,,,,,,,,
traj_sweep_827,mega_sweep,0.9014056446959536,0.8080239531726265,0.9078667959591992,0.9984227129337538,1.0,,,,0.9172246264391278,0.9229072817063341,1.0103750997605745,placement,3084.59,0.619071,0.704894,4.4333119056591224e-10,,,,,,
traj_sweep_827,mega_sweep,0.9014056446959536,0.8080239531726265,0.9078667959591992,0.9984227129337538,1.0,,,,0.8075701274718164,0.9131530602642314,0.9984227129337538,cts,,,,4.480668157235607e-10,0.0,0.000743405,0.0,,,
traj_sweep_827,mega_sweep,0.9014056446959536,0.8080239531726265,0.9078667959591992,0.9984227129337538,1.0,,,,0.7795454545454545,0.8863044020834101,0.9984227129337538,routing,,,,4.616400223433771e-10,0.0,,,3452.0,0.704894,0.0
traj_sweep_828,mega_sweep,0.9001140535567516,0.8220453713867546,0.8896021799702954,0.9972430090586843,1.0,1076.77,0.582016,1.187273048097551,1.0407059559240774,0.9981751750154455,1.0747028862478776,floorplan,,,,,,,,,,
traj_sweep_828,mega_sweep,0.9001140535567516,0.8220453713867546,0.8896021799702954,0.9972430090586843,1.0,,,,0.9373686379021701,0.9055264374588289,1.0107784431137723,placement,3064.66,0.618824,0.695823,4.518405725723736e-10,,,,,,
traj_sweep_828,mega_sweep,0.9001140535567516,0.8220453713867546,0.8896021799702954,0.9972430090586843,1.0,,,,0.8218536656743991,0.8966027977922073,0.9972430090586843,cts,,,,4.563376168224299e-10,0.0,0.000647427,0.0,,,
traj_sweep_828,mega_sweep,0.9001140535567516,0.8220453713867546,0.8896021799702954,0.9972430090586843,1.0,,,,0.7928082116249012,0.8754168252136805,0.9972430090586843,routing,,,,4.673814486955384e-10,0.0,,,3456.0,0.695823,0.0
traj_sweep_829,mega_sweep,0.9141603746219544,0.8361261269643373,0.9165694926904713,0.9968503937007873,1.0,1076.77,0.582016,1.187273048097551,1.0609291069004192,0.9981751750154455,1.0747028862478776,floorplan,,,,,,,,,,
traj_sweep_829,mega_sweep,0.9141603746219544,0.8361261269643373,0.9165694926904713,0.9968503937007873,1.0,,,,0.9528788039444386,0.9295887597327409,1.0103750997605745,placement,3101.12,0.619071,0.693292,4.4014471958379914e-10,,,,,,
traj_sweep_829,mega_sweep,0.9141603746219544,0.8361261269643373,0.9165694926904713,0.9968503937007873,1.0,,,,0.8335899671632376,0.9204196279157307,0.9968503937007873,cts,,,,4.4452939895179965e-10,0.0,0.00248632,0.0,,,
traj_sweep_829,mega_sweep,0.9141603746219544,0.8361261269643373,0.9165694926904713,0.9968503937007873,1.0,,,,0.8052292501097641,0.8967623676899598,0.9968503937007873,routing,,,,4.562564161058515e-10,0.0,,,3397.0,0.693292,0.0
traj_sweep_830,mega_sweep,0.9199903678924793,0.8568826847071052,0.9108699832656184,0.9976359338061466,1.0,1076.77,0.582016,1.187273048097551,1.0811532654399336,0.9981751750154455,1.0747028862478776,floorplan,,,,,,,,,,
traj_sweep_830,mega_sweep,0.9199903678924793,0.8568826847071052,0.9108699832656184,0.9976359338061466,1.0,,,,0.9724231587034502,0.9254440339270151,1.0103750997605745,placement,3097.93,0.619071,0.706648,4.421159670181489e-10,,,,,,
traj_sweep_830,mega_sweep,0.9199903678924793,0.8568826847071052,0.9108699832656184,0.9976359338061466,1.0,,,,0.8557403430922101,0.9158411993109854,0.9976359338061466,cts,,,,4.467516686174823e-10,0.0,0.00095926,0.0,,,
traj_sweep_830,mega_sweep,0.9199903678924793,0.8568826847071052,0.9108699832656184,0.9976359338061466,1.0,,,,0.8261489101556395,0.8860507268613419,0.9976359338061466,routing,,,,4.6177218930812673e-10,0.0,,,3420.0,0.706648,0.0
traj_sweep_831,mega_sweep,0.9189967046624367,0.8766815924766113,0.8874172998318379,0.9976359338061466,1.0,1076.77,0.582016,1.187273048097551,1.10136650530057,0.9981751750154455,1.0747028862478776,floorplan,,,,,,,,,,
traj_sweep_831,mega_sweep,0.9189967046624367,0.8766815924766113,0.8874172998318379,0.9976359338061466,1.0,,,,0.9923694468677188,0.897527484892004,1.0103750997605745,placement,3059.26,0.619071,0.686049,4.558674702090608e-10,,,,,,
traj_sweep_831,mega_sweep,0.9189967046624367,0.8766815924766113,0.8874172998318379,0.9976359338061466,1.0,,,,0.8741446142921759,0.8888943442700087,0.9976359338061466,cts,,,,4.60294957008451e-10,0.0,0.00133069,0.0,,,
traj_sweep_831,mega_sweep,0.9189967046624367,0.8766815924766113,0.8874172998318379,0.9976359338061466,1.0,,,,0.8428071689159407,0.86326905530529,0.9976359338061466,routing,,,,4.739583580186644e-10,0.0,,,3437.0,0.686049,0.0
traj_sweep_832,mega_sweep,0.9235159145736241,0.8895906235924748,0.8871554415380901,0.9980291683090263,1.0,1076.77,0.582016,1.187273048097551,1.1215795418380146,0.9981751750154455,1.0747028862478776,floorplan,,,,,,,,,,
traj_sweep_832,mega_sweep,0.9235159145736241,0.8895906235924748,0.8871554415380901,0.9980291683090263,1.0,,,,1.012152680009461,0.898636291104592,1.0107784431137723,placement,3111.84,0.618824,0.704334,4.553049860449022e-10,,,,,,
traj_sweep_832,mega_sweep,0.9235159145736241,0.8895906235924748,0.8871554415380901,0.9980291683090263,1.0,,,,0.8872762457668119,0.8892625824955914,0.9980291683090263,cts,,,,4.601043516669581e-10,0.0,0.00231828,0.0,,,
traj_sweep_832,mega_sweep,0.9235159145736241,0.8895906235924748,0.8871554415380901,0.9980291683090263,1.0,,,,0.8565478261283974,0.8682402713506568,0.9980291683090263,routing,,,,4.712446513732069e-10,0.0,,,3465.0,0.704334,0.0
traj_sweep_833,mega_sweep,0.9290038212553512,0.9028220094636272,0.8894794338951012,0.9984227129337538,1.0,1076.77,0.582016,1.187273048097551,1.1417790031382216,0.9981751750154455,1.0747028862478776,floorplan,,,,,,,,,,
traj_sweep_833,mega_sweep,0.9290038212553512,0.9028220094636272,0.8894794338951012,0.9984227129337538,1.0,,,,1.0291335516822795,0.9069666580744414,1.0119904076738608,placement,3120.48,0.618083,0.694979,4.5112307088496814e-10,,,,,,
traj_sweep_833,mega_sweep,0.9290038212553512,0.9028220094636272,0.8894794338951012,0.9984227129337538,1.0,,,,0.9022917241898641,0.8975438510353632,0.9984227129337538,cts,,,,4.5585915775462014e-10,0.0,0.000744189,0.0,,,
traj_sweep_833,mega_sweep,0.9290038212553512,0.9028220094636272,0.8894794338951012,0.9984227129337538,1.0,,,,0.8703180913550236,0.8735756340857668,0.9984227129337538,routing,,,,4.683665249077318e-10,0.0,,,3451.0,0.694979,0.0
traj_sweep_834,mega_sweep,0.9344586579938493,0.9188188863668896,0.8894794338951012,0.9984227129337538,1.0,1076.77,0.582016,1.187273048097551,1.1619752000930967,0.9981751750154455,1.0747028862478776,floorplan,,,,,,,,,,
traj_sweep_834,mega_sweep,0.9344586579938493,0.9188188863668896,0.8894794338951012,0.9984227129337538,1.0,,,,1.0473465534622712,0.9069666580744414,1.0119904076738608,placement,3120.48,0.618083,0.694979,4.5112307088496814e-10,,,,,,
traj_sweep_834,mega_sweep,0.9344586579938493,0.9188188863668896,0.8894794338951012,0.9984227129337538,1.0,,,,0.9182743399002697,0.8975438510353632,0.9984227129337538,cts,,,,4.5585915775462014e-10,0.0,0.000744189,0.0,,,
traj_sweep_834,mega_sweep,0.9344586579938493,0.9188188863668896,0.8894794338951012,0.9984227129337538,1.0,,,,0.885741460794315,0.8735756340857668,0.9984227129337538,routing,,,,4.683665249077318e-10,0.0,,,3451.0,0.694979,0.0
traj_sweep_835,mega_sweep,0.9413559026604787,0.9382935182091547,0.8897453837246887,0.9992107340173638,1.0,1076.77,0.582016,1.187273048097551,1.1821596058854094,0.9981751750154455,1.0747028862478776,floorplan,,,,,,,,,,
traj_sweep_835,mega_sweep,0.9413559026604787,0.9382935182091547,0.8897453837246887,0.9992107340173638,1.0,,,,1.0663296786748304,0.9048595171169402,1.0128,placement,3079.18,0.617589,0.678675,4.521735984879315e-10,,,,,,
traj_sweep_835,mega_sweep,0.9413559026604787,0.9382935182091547,0.8897453837246887,0.9992107340173638,1.0,,,,0.9360017914707245,0.8962632003175032,0.9992107340173638,cts,,,,4.565105248501504e-10,0.0,0.000527439,0.0,,,
traj_sweep_835,mega_sweep,0.9413559026604787,0.9382935182091547,0.8897453837246887,0.9992107340173638,1.0,,,,0.9021196287763573,0.8690381208394194,0.9992107340173638,routing,,,,4.708120094727376e-10,0.0,,,3373.0,0.678675,0.0
traj_sweep_836,mega_sweep,0.9470527129806628,0.9555739866445494,0.8889107104133679,1.0,1.0,1076.77,0.582016,1.187273048097551,1.2023413720440177,0.9981751750154455,1.0747028862478776,floorplan,,,,,,,,,,
traj_sweep_836,mega_sweep,0.9470527129806628,0.9555739866445494,0.8889107104133679,1.0,1.0,,,,1.0834147105983338,0.9016558445543704,1.0128,placement,3107.61,0.617589,0.697135,4.537802160901389e-10,,,,,,
traj_sweep_836,mega_sweep,0.9470527129806628,0.9555739866445494,0.8889107104133679,1.0,1.0,,,,0.9536118848653669,0.8928181271403847,1.0,cts,,,,4.5827203944805717e-10,0.0,0.00118603,0.0,,,
traj_sweep_836,mega_sweep,0.9470527129806628,0.9555739866445494,0.8889107104133679,1.0,1.0,,,,0.9211262697184326,0.8699137095091385,1.0,routing,,,,4.703381260788381e-10,0.0,,,3413.0,0.697135,0.0
traj_sweep_837,mega_sweep,0.9507327872368024,0.966961312293878,0.8904777686400144,0.9980291683090263,1.0,1076.77,0.582016,1.187273048097551,1.2225169707110695,0.9981751750154455,1.0747028862478776,floorplan,,,,,,,,,,
traj_sweep_837,mega_sweep,0.9507327872368024,0.966961312293878,0.8904777686400144,0.9980291683090263,1.0,,,,1.1009954363073908,0.9054896136362707,1.0115860966839791,placement,3082.16,0.61833,0.693021,4.5185894771088256e-10,,,,,,
traj_sweep_837,mega_sweep,0.9507327872368024,0.966961312293878,0.8904777686400144,0.9980291683090263,1.0,,,,0.965185403968531,0.8965005093962121,0.9980291683090263,cts,,,,4.563896837675881e-10,0.0,0.000583304,0.0,,,
traj_sweep_837,mega_sweep,0.9507327872368024,0.966961312293878,0.8904777686400144,0.9980291683090263,1.0,,,,0.9293710669059057,0.8665709247280151,0.9980291683090263,routing,,,,4.721524485825983e-10,0.0,,,3446.0,0.693021,0.0
traj_sweep_838,mega_sweep,0.9570802248347616,0.9848382730864278,0.8919425384706657,0.9980291683090263,1.0,1076.77,0.582016,1.187273048097551,1.242684883013441,0.9981751750154455,1.0747028862478776,floorplan,,,,,,,,,,
traj_sweep_838,mega_sweep,0.9570802248347616,0.9848382730864278,0.8919425384706657,0.9980291683090263,1.0,,,,1.119623245644089,0.9058496687901738,1.0115860966839791,placement,3091.56,0.61833,0.69283,4.5167934380024934e-10,,,,,,
traj_sweep_838,mega_sweep,0.9570802248347616,0.9848382730864278,0.8919425384706657,0.9980291683090263,1.0,,,,0.9815306311914982,0.8964432278944547,0.9980291683090263,cts,,,,4.564188464470075e-10,0.0,0.000787898,0.0,,,
traj_sweep_838,mega_sweep,0.9570802248347616,0.9848382730864278,0.8919425384706657,0.9980291683090263,1.0,,,,0.9476836765900007,0.8717753583162512,0.9980291683090263,routing,,,,4.693337338314529e-10,0.0,,,3428.0,0.69283,0.0
traj_sweep_839,mega_sweep,0.9631460003994804,1.0,0.8941683339675214,0.9992107340173638,1.0,1076.77,0.582016,1.187273048097551,1.2628457803728141,0.9981751750154455,1.0747028862478776,floorplan,,,,,,,,,,
traj_sweep_839,mega_sweep,0.9631460003994804,1.0,0.8941683339675214,0.9992107340173638,1.0,,,,1.1378179562173183,0.9079240774609565,1.0128,placement,3096.8,0.617589,0.691376,4.5064735492535025e-10,,,,,,
traj_sweep_839,mega_sweep,0.9631460003994804,1.0,0.8941683339675214,0.9992107340173638,1.0,,,,0.9963413011663488,0.8996264427778256,0.9992107340173638,cts,,,,4.548038658328596e-10,0.0,0.000870845,0.0,,,
traj_sweep_839,mega_sweep,0.9631460003994804,1.0,0.8941683339675214,0.9992107340173638,1.0,,,,0.9610874342946062,0.8759650910162148,0.9992107340173638,routing,,,,4.670889150458681e-10,0.0,,,3415.0,0.691376,0.0
traj_sweep_840,mega_sweep,0.45943377106979993,0.147781614865976,0.9703322736255509,0.6762820512820512,1.0,1076.77,0.656374,1.187273048097551,0.2498446568201564,1.009492363148355,0.9529544599171998,floorplan,,,,,,,,,,
traj_sweep_840,mega_sweep,0.45943377106979993,0.147781614865976,0.9703322736255509,0.6762820512820512,1.0,,,,0.19990167967594333,1.0119963830823175,0.7984862819299905,placement,3566.14,0.78335,0.730149,4.043034054475841e-10,,,,,,
traj_sweep_840,mega_sweep,0.45943377106979993,0.147781614865976,0.9703322736255509,0.6762820512820512,1.0,,,,0.16038478355924793,0.9929421006763308,0.7142454160789844,cts,,,,4.120618752111817e-10,-12.6792,0.00037427,9.0,,,
traj_sweep_840,mega_sweep,0.45943377106979993,0.147781614865976,0.9703322736255509,0.6762820512820512,1.0,,,,0.1443143678437796,0.9547721628267603,0.6762820512820512,routing,,,,4.285353091667988e-10,-13.3868,,,5300.0,0.730149,0.0
traj_sweep_841,mega_sweep,0.4850418708163662,0.16546403616177052,0.9862769887932833,0.6992543496271747,1.0,1076.77,0.656374,1.187273048097551,0.26764233744032356,1.009492363148355,0.9529544599171998,floorplan,,,,,,,,,,
traj_sweep_841,mega_sweep,0.4850418708163662,0.16546403616177052,0.9862769887932833,0.6992543496271747,1.0,,,,0.2150295268996277,1.0154619139386352,0.800252844500632,placement,3550.1,0.781621,0.704469,4.0292361374130694e-10,,,,,,
traj_sweep_841,mega_sweep,0.4850418708163662,0.16546403616177052,0.9862769887932833,0.6992543496271747,1.0,,,,0.1706532472464869,0.9953683814293371,0.7116357504215851,cts,,,,4.110574452779776e-10,-12.2224,0.00139967,8.0,,,
traj_sweep_841,mega_sweep,0.4850418708163662,0.16546403616177052,0.9862769887932833,0.6992543496271747,1.0,,,,0.1605954465849387,0.9621123781233761,0.6992543496271747,routing,,,,4.252658975024134e-10,-12.7749,,,4529.0,0.704469,0.0
traj_sweep_842,mega_sweep,0.4911547093882337,0.17604560503065803,0.9731186095324602,0.6916143130292269,1.0,1076.77,0.656374,1.187273048097551,0.2854338711726591,1.009492363148355,0.9529544599171998,floorplan,,,,,,,,,,
traj_sweep_842,mega_sweep,0.4911547093882337,0.17604560503065803,0.9731186095324602,0.6916143130292269,1.0,,,,0.22942235940011055,1.01514686567897,0.800252844500632,placement,3514.5,0.781621,0.695239,4.030486600647296e-10,,,,,,
traj_sweep_842,mega_sweep,0.4911547093882337,0.17604560503065803,0.9731186095324602,0.6916143130292269,1.0,,,,0.1800979590527953,0.9846280998498407,0.7023578363384189,cts,,,,4.15541242468315e-10,-11.8419,0.000851805,9.0,,,
traj_sweep_842,mega_sweep,0.4911547093882337,0.17604560503065803,0.9731186095324602,0.6916143130292269,1.0,,,,0.17161298946825676,0.9544530230312552,0.6916143130292269,routing,,,,4.286785982209838e-10,-12.4429,,,5284.0,0.695239,0.0
traj_sweep_843,mega_sweep,0.5035381107444564,0.18734905033965954,0.9699885846150069,0.7025527192008878,1.0,1076.77,0.656374,1.187273048097551,0.3032187425663901,1.009492363148355,0.9529544599171998,floorplan,,,,,,,,,,
traj_sweep_843,mega_sweep,0.5035381107444564,0.18734905033965954,0.9699885846150069,0.7025527192008878,1.0,,,,0.24590033848031367,1.0186533118936856,0.8038095238095238,placement,3523.76,0.778162,0.716833,4.0166127101692603e-10,,,,,,
traj_sweep_843,mega_sweep,0.5035381107444564,0.18734905033965954,0.9699885846150069,0.7025527192008878,1.0,,,,0.19401101682748617,0.9947628341250455,0.7170773152081563,cts,,,,4.1130767047674675e-10,-11.1102,0.000282892,12.0,,,
traj_sweep_843,mega_sweep,0.5035381107444564,0.18734905033965954,0.9699885846150069,0.7025527192008878,1.0,,,,0.18228453027747551,0.9588391494515296,0.7025527192008878,routing,,,,4.2671764520134673e-10,-11.7635,,,4872.0,0.716833,0.0
traj_sweep_844,mega_sweep,0.5056668207284034,0.1953549239805745,0.9588146002364908,0.6902944383860414,1.0,1076.77,0.656374,1.187273048097551,0.3209975764265061,1.009492363148355,0.9529544599171998,floorplan,,,,,,,,,,
traj_sweep_844,mega_sweep,0.5056668207284034,0.1953549239805745,0.9588146002364908,0.6902944383860414,1.0,,,,0.26251508061005996,1.0167752969432136,0.8061127029608405,placement,3553.91,0.775939,0.713634,4.024031516214835e-10,,,,,,
traj_sweep_844,mega_sweep,0.5056668207284034,0.1953549239805745,0.9588146002364908,0.6902944383860414,1.0,,,,0.2083972501562411,0.9965099199286436,0.7182978723404255,cts,,,,4.105865639652808e-10,-10.6007,0.00104417,8.0,,,
traj_sweep_844,mega_sweep,0.5056668207284034,0.1953549239805745,0.9588146002364908,0.6902944383860414,1.0,,,,0.19054383848321457,0.9546575998232456,0.6902944383860414,routing,,,,4.2858673524054433e-10,-11.2222,,,5155.0,0.713634,0.0
traj_sweep_845,mega_sweep,0.5264187637238101,0.21186191938421278,0.9825291419640191,0.7008026570716855,1.0,1076.77,0.656374,1.187273048097551,0.3387699017798746,1.009492363148355,0.9529544599171998,floorplan,,,,,,,,,,
traj_sweep_845,mega_sweep,0.5264187637238101,0.21186191938421278,0.9825291419640191,0.7008026570716855,1.0,,,,0.2771020624008461,1.0164397910043492,0.8061127029608405,placement,3526.04,0.775939,0.713638,4.0253597665291335e-10,,,,,,
traj_sweep_845,mega_sweep,0.5264187637238101,0.21186191938421278,0.9825291419640191,0.7008026570716855,1.0,,,,0.22121514973980771,1.0011619961785054,0.7211620620905724,cts,,,,4.086787008921456e-10,-10.1011,0.00131423,10.0,,,
traj_sweep_845,mega_sweep,0.5264187637238101,0.21186191938421278,0.9825291419640191,0.7008026570716855,1.0,,,,0.20637951683410247,0.9686465608595498,0.7008026570716855,routing,,,,4.223971885243132e-10,-10.7028,,,4847.0,0.713638,0.0
traj_sweep_846,mega_sweep,0.5359103549523994,0.22231292920896908,0.9884536858600613,0.700414937759336,1.0,1076.77,0.656374,1.187273048097551,0.35653541807592437,1.009492363148355,0.9529544599171998,floorplan,,,,,,,,,,
traj_sweep_846,mega_sweep,0.5359103549523994,0.22231292920896908,0.9884536858600613,0.700414937759336,1.0,,,,0.2921925168464433,1.016337502608354,0.8066263141127746,placement,3490.04,0.775445,0.7193,4.0257648953301125e-10,,,,,,
traj_sweep_846,mega_sweep,0.5359103549523994,0.22231292920896908,0.9884536858600613,0.700414937759336,1.0,,,,0.23353434240667761,1.0010801654617094,0.7199317600227466,cts,,,,4.087121072787539e-10,-9.54891,0.000822994,13.0,,,
traj_sweep_846,mega_sweep,0.5359103549523994,0.22231292920896908,0.9884536858600613,0.700414937759336,1.0,,,,0.21616771724475525,0.9677832467973503,0.700414937759336,routing,,,,4.227739892530852e-10,-10.2378,,,4778.0,0.7193,0.0
traj_sweep_847,mega_sweep,0.5577773907929987,0.24214711354637228,0.9957161619757209,0.7197271176805002,1.0,1076.77,0.656374,1.187273048097551,0.37429428829065226,1.009492363148355,0.9529544599171998,floorplan,,,,,,,,,,
traj_sweep_847,mega_sweep,0.5577773907929987,0.24214711354637228,0.9957161619757209,0.7197271176805002,1.0,,,,0.3083616848613992,1.0164725232910679,0.8089456869009584,placement,3487.14,0.773221,0.701202,4.0252301425333995e-10,,,,,,
traj_sweep_847,mega_sweep,0.5577773907929987,0.24214711354637228,0.9957161619757209,0.7197271176805002,1.0,,,,0.24978215702760734,1.0026103998657976,0.735191637630662,cts,,,,4.0808831031035114e-10,-8.92024,0.00108259,10.0,,,
traj_sweep_847,mega_sweep,0.5577773907929987,0.24214711354637228,0.9957161619757209,0.7197271176805002,1.0,,,,0.23540691163661845,0.9681433019512534,0.7197271176805002,routing,,,,4.2261675844493935e-10,-9.5411,,,4305.0,0.701202,0.0
traj_sweep_848,mega_sweep,0.5425896248023782,0.23920985630000122,0.9710810246842357,0.6876697447039651,1.0,1076.77,0.656374,1.187273048097551,0.3920478837109876,1.009492363148355,0.9529544599171998,floorplan,,,,,,,,,,
traj_sweep_848,mega_sweep,0.5425896248023782,0.23920985630000122,0.9710810246842357,0.6876697447039651,1.0,,,,0.3241761313933124,1.0168203038374515,0.8107588856868395,placement,3500.82,0.771492,0.734526,4.0238534029728227e-10,,,,,,
traj_sweep_848,mega_sweep,0.5425896248023782,0.23920985630000122,0.9710810246842357,0.6876697447039651,1.0,,,,0.2556890282417076,0.9947792002684047,0.7197271176805002,cts,,,,4.1130090362808525e-10,-8.47741,0.000845185,11.0,,,
traj_sweep_848,mega_sweep,0.5425896248023782,0.23920985630000122,0.9710810246842357,0.6876697447039651,1.0,,,,0.23347488286116239,0.9594078729332629,0.6876697447039651,routing,,,,4.2646469298806754e-10,-9.16002,,,4816.0,0.734526,0.0
traj_sweep_849,mega_sweep,0.5710835759791159,0.2636708119820495,0.9878685962349687,0.7150522451284947,1.0,1076.77,0.656374,1.187273048097551,0.4097940906220146,1.009492363148355,0.9529544599171998,floorplan,,,,,,,,,,
traj_sweep_849,mega_sweep,0.5710835759791159,0.2636708119820495,0.9878685962349687,0.7150522451284947,1.0,,,,0.3380409902818764,1.0113990188497055,0.8092042186001918,placement,3534.75,0.772974,0.716815,4.045421998195742e-10,,,,,,
traj_sweep_849,mega_sweep,0.5710835759791159,0.2636708119820495,0.9878685962349687,0.7150522451284947,1.0,,,,0.27478721924177124,0.9944068705069822,0.7394859813084111,cts,,,,4.1145490454246215e-10,-7.86846,0.000638753,8.0,,,
traj_sweep_849,mega_sweep,0.5710835759791159,0.2636708119820495,0.9878685962349687,0.7150522451284947,1.0,,,,0.2559905655002678,0.969538515672628,0.7150522451284947,routing,,,,4.2200859209493504e-10,-8.45931,,,4425.0,0.716815,0.0
traj_sweep_850,mega_sweep,0.582164425918003,0.27588557008502274,0.9871689436063615,0.7244635193133047,1.0,1076.77,0.655385,1.187273048097551,0.42863139016875107,1.009492363148355,0.9543912551828119,floorplan,,,,,,,,,,
traj_sweep_850,mega_sweep,0.582164425918003,0.27588557008502274,0.9871689436063615,0.7244635193133047,1.0,,,,0.3517872975919485,1.0120577561199147,0.805856142584341,placement,3631.89,0.776186,0.707283,4.0427888774792405e-10,,,,,,
traj_sweep_850,mega_sweep,0.582164425918003,0.27588557008502274,0.9871689436063615,0.7244635193133047,1.0,,,,0.29081247957232126,0.9960271186995463,0.7531231409875073,cts,,,,4.1078558635534594e-10,-7.45693,0.00195154,6.0,,,
traj_sweep_850,mega_sweep,0.582164425918003,0.27588557008502274,0.9871689436063615,0.7244635193133047,1.0,,,,0.2680067101584343,0.9618464282937886,0.7244635193133047,routing,,,,4.253834832101139e-10,-8.07402,,,4343.0,0.707283,0.0
traj_sweep_851,mega_sweep,0.5843890619993193,0.28184633719881763,0.9964280892118474,0.7106371035644119,1.0,1076.77,0.648468,1.187273048097551,0.4497989153692725,1.009492363148355,0.9645714285714285,floorplan,,,,,,,,,,
traj_sweep_851,mega_sweep,0.5843890619993193,0.28184633719881763,0.9964280892118474,0.7106371035644119,1.0,,,,0.36931587015217954,1.0204740453424002,0.8138862102217936,placement,3507.92,0.768528,0.72427,4.0094462553776696e-10,,,,,,
traj_sweep_851,mega_sweep,0.5843890619993193,0.28184633719881763,0.9964280892118474,0.7106371035644119,1.0,,,,0.2952544288492877,1.0001759360411118,0.7317919075144508,cts,,,,4.090816117815504e-10,-6.95295,0.000893972,10.0,,,
traj_sweep_851,mega_sweep,0.5843890619993193,0.28184633719881763,0.9964280892118474,0.7106371035644119,1.0,,,,0.2745550921894811,0.9764327535627049,0.7106371035644119,routing,,,,4.190289423290467e-10,-7.57673,,,4527.0,0.72427,0.0
traj_sweep_852,mega_sweep,0.596251771772693,0.29660067362737286,0.9938463300969285,0.7191138880999716,1.0,1076.77,0.647233,1.187273048097551,0.46846565066556156,1.009492363148355,0.9664122137404579,floorplan,,,,,,,,,,
traj_sweep_852,mega_sweep,0.596251771772693,0.29660067362737286,0.9938463300969285,0.7191138880999716,1.0,,,,0.38608618693383573,1.008514486082641,0.8151963940759819,placement,3530.3,0.767292,0.706494,4.056992632501379e-10,,,,,,
traj_sweep_852,mega_sweep,0.596251771772693,0.29660067362737286,0.9938463300969285,0.7191138880999716,1.0,,,,0.3117294870994374,0.9947792002684047,0.7429577464788731,cts,,,,4.1130090362808525e-10,-6.63624,0.00115493,6.0,,,
traj_sweep_852,mega_sweep,0.596251771772693,0.29660067362737286,0.9938463300969285,0.7191138880999716,1.0,,,,0.288675557211669,0.9633684796261973,0.7191138880999716,routing,,,,4.247114085978578e-10,-7.09569,,,4426.0,0.706494,0.0
traj_sweep_853,mega_sweep,0.6104135990366428,0.3138409422282756,0.9969027073692652,0.726959517657192,1.0,1076.77,0.643528,1.187273048097551,0.48926903100057717,1.009492363148355,0.9719769673704415,floorplan,,,,,,,,,,
traj_sweep_853,mega_sweep,0.6104135990366428,0.3138409422282756,0.9969027073692652,0.726959517657192,1.0,,,,0.4025154415683886,1.0091609487453306,0.8188874514877101,placement,3473.1,0.763834,0.712297,4.054393746503085e-10,,,,,,
traj_sweep_853,mega_sweep,0.6104135990366428,0.3138409422282756,0.9969027073692652,0.726959517657192,1.0,,,,0.32064309874834085,1.0013133830045784,0.7447058823529411,cts,,,,4.086169134712824e-10,-5.97472,0.00108621,10.0,,,
traj_sweep_853,mega_sweep,0.6104135990366428,0.3138409422282756,0.9969027073692652,0.726959517657192,1.0,,,,0.30417012894043427,0.978752654383876,0.726959517657192,routing,,,,4.180357336945162e-10,-6.60341,,,4102.0,0.712297,0.0
traj_sweep_854,mega_sweep,0.6029641162581968,0.31353763438984433,0.9769646532218799,0.7156585641605426,1.0,1076.77,0.643528,1.187273048097551,0.5073004959200206,1.009492363148355,0.9719769673704415,floorplan,,,,,,,,,,
traj_sweep_854,mega_sweep,0.6029641162581968,0.31353763438984433,0.9769646532218799,0.7156585641605426,1.0,,,,0.4176230165276774,0.9992389743337957,0.8178294573643411,placement,3481.37,0.764822,0.718272,4.09465197505538e-10,,,,,,
traj_sweep_854,mega_sweep,0.6029641162581968,0.31353763438984433,0.9769646532218799,0.7156585641605426,1.0,,,,0.33091893285217167,0.9952292692107837,0.7399181765049678,cts,,,,4.1111490250410086e-10,-5.59219,0.00157546,10.0,,,
traj_sweep_854,mega_sweep,0.6029641162581968,0.31353763438984433,0.9769646532218799,0.7156585641605426,1.0,,,,0.306014836608318,0.9652383115049896,0.7156585641605426,routing,,,,4.2388866987974277e-10,-6.22271,,,4745.0,0.718272,0.0
traj_sweep_855,mega_sweep,0.6176359337099318,0.3336650206066907,0.9777665942464823,0.7221905305191101,1.0,1076.77,0.643281,1.187273048097551,0.5255137246646316,1.0093491593939616,0.9723502304147464,floorplan,,,,,,,,,,
traj_sweep_855,mega_sweep,0.6176359337099318,0.3336650206066907,0.9777665942464823,0.7221905305191101,1.0,,,,0.43382509123911406,0.9993330796581112,0.8228794280142996,placement,3471.13,0.760128,0.697093,4.094266389348357e-10,,,,,,
traj_sweep_855,mega_sweep,0.6176359337099318,0.3336650206066907,0.9777665942464823,0.7221905305191101,1.0,,,,0.34375179304356474,0.9909945296165822,0.7369033760186262,cts,,,,4.1287168773688515e-10,-5.18383,0.000829684,9.0,,,
traj_sweep_855,mega_sweep,0.6176359337099318,0.3336650206066907,0.9777665942464823,0.7221905305191101,1.0,,,,0.32458242510379554,0.9627220169635076,0.7221905305191101,routing,,,,4.249966000271998e-10,-5.82479,,,4449.0,0.697093,0.0
traj_sweep_856,mega_sweep,0.6454146867111481,0.36115420166378653,0.9881631868154349,0.7533472180898542,1.0,1076.77,0.643034,1.187273048097551,0.5437296175511415,1.0093491593939616,0.9727237802535534,floorplan,,,,,,,,,,
traj_sweep_856,mega_sweep,0.6454146867111481,0.36115420166378653,0.9881631868154349,0.7533472180898542,1.0,,,,0.4464548308890744,1.012352346700381,0.8231469440832249,placement,3545.62,0.759881,0.698121,4.0416124416997403e-10,,,,,,
traj_sweep_856,mega_sweep,0.6454146867111481,0.36115420166378653,0.9881631868154349,0.7533472180898542,1.0,,,,0.3643890828437157,0.9992757981563539,0.7576301615798923,cts,,,,4.0945010850427877e-10,-4.65592,0.00155324,6.0,,,
traj_sweep_856,mega_sweep,0.6454146867111481,0.36115420166378653,0.9881631868154349,0.7533472180898542,1.0,,,,0.3506623744024973,0.9634707680221924,0.7533472180898542,routing,,,,4.2466631844028554e-10,-5.20595,,,4056.0,0.698121,0.0
traj_sweep_857,mega_sweep,0.6550179178990979,0.3755401215221189,0.990998621152422,0.7551446465851476,1.0,1076.77,0.638587,1.187273048097551,0.5673107880333571,1.0093246101789228,0.9794970986460347,floorplan,,,,,,,,,,
traj_sweep_857,mega_sweep,0.6550179178990979,0.3755401215221189,0.990998621152422,0.7551446465851476,1.0,,,,0.464349380719368,1.0041856411641237,0.827721477607061,placement,3473.01,0.755682,0.716951,4.0744815222262966e-10,,,,,,
traj_sweep_857,mega_sweep,0.6550179178990979,0.3755401215221189,0.990998621152422,0.7551446465851476,1.0,,,,0.37887609563600644,0.9981056189061688,0.7601320924647252,cts,,,,4.0993014790279734e-10,-4.19347,0.00154405,7.0,,,
traj_sweep_857,mega_sweep,0.6550179178990979,0.3755401215221189,0.990998621152422,0.7551446465851476,1.0,,,,0.3636643229298397,0.9634707680221924,0.7551446465851476,routing,,,,4.2466631844028554e-10,-4.73614,,,3903.0,0.716951,0.0
traj_sweep_858,mega_sweep,0.6589834339277019,0.38574727642660306,0.9821118053083586,0.7553699284009546,1.0,1076.77,0.638587,1.187273048097551,0.5855072841468818,1.0093246101789228,0.9794970986460347,floorplan,,,,,,,,,,
traj_sweep_858,mega_sweep,0.6589834339277019,0.38574727642660306,0.9821118053083586,0.7553699284009546,1.0,,,,0.4864247515534674,1.0131542877249833,0.8367481824190349,placement,3436.51,0.74753,0.707363,4.0384133881480646e-10,,,,,,
traj_sweep_858,mega_sweep,0.6589834339277019,0.38574727642660306,0.9821118053083586,0.7553699284009546,1.0,,,,0.4133879819126083,1.0051144197997601,0.7972292191435767,cts,,,,4.070716486808843e-10,-3.50995,0.00190797,3.0,,,
traj_sweep_858,mega_sweep,0.6589834339277019,0.38574727642660306,0.9821118053083586,0.7553699284009546,1.0,,,,0.3739461879676096,0.9622105749835316,0.7553699284009546,routing,,,,4.252224976719068e-10,-4.22504,,,4063.0,0.707363,0.0
traj_sweep_859,mega_sweep,0.664453872653627,0.39659741606628646,0.975724917862418,0.7580838323353293,1.0,1076.77,0.638587,1.187273048097551,0.6036988022222372,1.0093246101789228,0.9794970986460347,floorplan,,,,,,,,,,
traj_sweep_859,mega_sweep,0.664453872653627,0.39659741606628646,0.975724917862418,0.7580838323353293,1.0,,,,0.5047772578932882,1.008768161304709,0.8451268357810413,placement,3519.75,0.740119,0.726176,4.055972419387548e-10,,,,,,
traj_sweep_859,mega_sweep,0.664453872653627,0.39659741606628646,0.975724917862418,0.7580838323353293,1.0,,,,0.4286497908408817,1.00618640218979,0.8053435114503816,cts,,,,4.0663795802683e-10,-3.16886,0.000767504,4.0,,,
traj_sweep_859,mega_sweep,0.664453872653627,0.39659741606628646,0.975724917862418,0.7580838323353293,1.0,,,,0.3851875981817753,0.9609503819448706,0.7580838323353293,routing,,,,4.257801356535512e-10,-3.97803,,,4086.0,0.726176,0.0
traj_sweep_860,mega_sweep,0.6848929607845863,0.4228958383823173,0.987713117873056,0.7691373025516403,1.0,1076.77,0.632164,1.187273048097551,0.6311235651254824,1.0092836948205248,0.9894490035169988,floorplan,,,,,,,,,,
traj_sweep_860,mega_sweep,0.6848929607845863,0.4228958383823173,0.987713117873056,0.7691373025516403,1.0,,,,0.5259058336771449,1.0043861264202745,0.850235057085292,placement,3414.91,0.735672,0.736636,4.0736682160184783e-10,,,,,,
traj_sweep_860,mega_sweep,0.6848929607845863,0.4228958383823173,0.987713117873056,0.7691373025516403,1.0,,,,0.4481871228367662,1.0025367522206812,0.8125802310654685,cts,,,,4.081182890048852e-10,-2.81344,0.00187142,3.0,,,
traj_sweep_860,mega_sweep,0.6848929607845863,0.4228958383823173,0.987713117873056,0.7691373025516403,1.0,,,,0.4089865447586453,0.9698944792906914,0.7691373025516403,routing,,,,4.218537095705951e-10,-3.40311,,,3914.0,0.736636,0.0
traj_sweep_861,mega_sweep,0.684881222680565,0.4273624991380561,0.9791208926094588,0.7677380230442692,1.0,1076.77,0.632164,1.187273048097551,0.649571908215965,1.0092836948205248,0.9894490035169988,floorplan,,,,,,,,,,
traj_sweep_861,mega_sweep,0.684881222680565,0.4273624991380561,0.9791208926094588,0.7677380230442692,1.0,,,,0.5435076461569632,1.0003805128331023,0.8530997304582209,placement,3293.12,0.733202,0.70467,4.0899795501022496e-10,,,,,,
traj_sweep_861,mega_sweep,0.684881222680565,0.4273624991380561,0.9791208926094588,0.7677380230442692,1.0,,,,0.44330657195358075,0.9933307965811127,0.7863354037267081,cts,,,,4.1190063309127306e-10,-2.50817,0.00165626,4.0,,,
traj_sweep_861,mega_sweep,0.684881222680565,0.4273624991380561,0.9791208926094588,0.7677380230442692,1.0,,,,0.4145980821620774,0.9583931720449905,0.7677380230442692,routing,,,,4.269162134239534e-10,-3.06388,,,3915.0,0.70467,0.0
traj_sweep_862,mega_sweep,0.7160353267907977,0.464482583066073,0.9870339229236479,0.8007590132827324,1.0,1076.77,0.632164,1.187273048097551,0.6680145992997688,1.0092836948205248,0.9894490035169988,floorplan,,,,,,,,,,
traj_sweep_862,mega_sweep,0.7160353267907977,0.464482583066073,0.9870339229236479,0.8007590132827324,1.0,,,,0.5588038689578624,0.9995499310576211,0.8528123947457056,placement,3298.45,0.733449,0.729327,4.0933781421793965e-10,,,,,,
traj_sweep_862,mega_sweep,0.7160353267907977,0.464482583066073,0.9870339229236479,0.8007590132827324,1.0,,,,0.46986792709324576,0.9950042347395942,0.807140580172139,cts,,,,4.112078820326828e-10,-1.98018,0.00188383,3.0,,,
traj_sweep_862,mega_sweep,0.7160353267907977,0.464482583066073,0.9870339229236479,0.8007590132827324,1.0,,,,0.44810331716924917,0.9602220885653848,0.8007590132827324,routing,,,,4.261030743336813e-10,-2.57983,,,3639.0,0.729327,0.0
traj_sweep_863,mega_sweep,0.6901020364254337,0.44708006954998963,0.9659256895260774,0.7610459873760144,1.0,1076.77,0.631423,1.187273048097551,0.6886890415630497,1.0092836948205248,0.9906103286384976,floorplan,,,,,,,,,,
traj_sweep_863,mega_sweep,0.6901020364254337,0.44708006954998963,0.9659256895260774,0.7610459873760144,1.0,,,,0.5781264575231515,1.004521147102988,0.8559837728194726,placement,3307.98,0.730731,0.72308,4.073120662126495e-10,,,,,,
traj_sweep_863,mega_sweep,0.6901020364254337,0.44708006954998963,0.9659256895260774,0.7610459873760144,1.0,,,,0.49826041877472493,0.9849595142528651,0.8266405484818804,cts,,,,4.154014231652758e-10,-1.66071,0.00140771,1.0,,,
traj_sweep_863,mega_sweep,0.6901020364254337,0.44708006954998963,0.9659256895260774,0.7610459873760144,1.0,,,,0.4340168021771835,0.9551363095165032,0.7610459873760144,routing,,,,4.2837192964419426e-10,-2.26339,,,4036.0,0.72308,0.0
traj_sweep_864,mega_sweep,0.6729939821208115,0.43481795088907704,0.960708981330322,0.7296829971181555,1.0,1076.77,0.6292,1.187273048097551,0.7107964881752749,1.0092836948205248,0.9941107184923439,floorplan,,,,,,,,,,
traj_sweep_864,mega_sweep,0.6729939821208115,0.43481795088907704,0.960708981330322,0.7296829971181555,1.0,,,,0.5936392491817032,0.9979337744008968,0.8577235772357723,placement,3352.76,0.729249,0.70579,4.100007380013284e-10,,,,,,
traj_sweep_864,mega_sweep,0.6729939821208115,0.43481795088907704,0.960708981330322,0.7296829971181555,1.0,,,,0.47040287268929887,0.9768787309692439,0.7686703096539161,cts,,,,4.1883764177654175e-10,-1.31907,0.0014791,7.0,,,
traj_sweep_864,mega_sweep,0.6729939821208115,0.43481795088907704,0.960708981330322,0.7296829971181555,1.0,,,,0.42268797682097403,0.9459589946278134,0.7296829971181555,routing,,,,4.325278223521728e-10,-1.94565,,,4256.0,0.70579,0.0
traj_sweep_865,mega_sweep,0.7125709266348675,0.4830959945382511,0.9666498913697235,0.7747858017135862,1.0,1076.77,0.628211,1.187273048097551,0.7312242672785563,1.0092836948205248,0.995674400314589,floorplan,,,,,,,,,,
traj_sweep_865,mega_sweep,0.7125709266348675,0.4830959945382511,0.9666498913697235,0.7747858017135862,1.0,,,,0.6055966440352444,0.9879381523442454,0.8583050847457626,placement,3388.08,0.728755,0.703711,4.141489859562079e-10,,,,,,
traj_sweep_865,mega_sweep,0.7125709266348675,0.4830959945382511,0.9666498913697235,0.7747858017135862,1.0,,,,0.5183196398651513,0.9811011959559259,0.8220779220779221,cts,,,,4.1703504762540244e-10,-0.895063,0.000693008,2.0,,,
traj_sweep_865,mega_sweep,0.7125709266348675,0.4830959945382511,0.9666498913697235,0.7747858017135862,1.0,,,,0.4678352222147026,0.9492485894430193,0.7747858017135862,routing,,,,4.310289091089339e-10,-1.4621,,,3849.0,0.703711,0.0
traj_sweep_866,mega_sweep,0.7233452978790677,0.4978463737365623,0.965892957239359,0.7870686975442959,1.0,1076.77,0.593132,1.187273048097551,0.7954644029989466,1.010216564992001,1.054560599750104,floorplan,,,,,,,,,,
traj_sweep_866,mega_sweep,0.7233452978790677,0.4978463737365623,0.965892957239359,0.7870686975442959,1.0,,,,0.6572947828058602,0.9944559689370599,0.8994671403197158,placement,3294.82,0.695405,0.74122,4.114345901288613e-10,,,,,,
traj_sweep_866,mega_sweep,0.7233452978790677,0.4978463737365623,0.965892957239359,0.7870686975442959,1.0,,,,0.5295596038880492,0.9744688163595969,0.8328947368421052,cts,,,,4.198734501421272e-10,-0.367142,0.00106511,2.0,,,
traj_sweep_866,mega_sweep,0.7233452978790677,0.4978463737365623,0.965892957239359,0.7870686975442959,1.0,,,,0.4827339849216134,0.9476938058238921,0.7870686975442959,routing,,,,4.3173605384612063e-10,-1.2017,,,3924.0,0.74122,0.0
traj_sweep_867,mega_sweep,0.7596857043183861,0.5342853830444386,0.9797223483779106,0.8375785643400594,1.0,1076.77,0.582016,1.187273048097551,0.8380442587636269,0.9981751750154455,1.0747028862478776,floorplan,,,,,,,,,,
traj_sweep_867,mega_sweep,0.7596857043183861,0.5342853830444386,0.9797223483779106,0.8375785643400594,1.0,,,,0.6944419759287522,0.9781552901512641,0.9308823529411764,placement,3269.26,0.671937,0.702066,4.182910301671491e-10,,,,,,
traj_sweep_867,mega_sweep,0.7596857043183861,0.5342853830444386,0.9797223483779106,0.8375785643400594,1.0,,,,0.5607880211794732,0.9741169442773734,0.8615175229669955,cts,,,,4.200251175020266e-10,-0.192529,0.00117015,9.0,,,
traj_sweep_867,mega_sweep,0.7596857043183861,0.5342853830444386,0.9797223483779106,0.8375785643400594,1.0,,,,0.5174958466619255,0.9554513577761684,0.8375785643400594,routing,,,,4.2823067930232657e-10,-0.350038,,,3939.0,0.702066,0.0
traj_sweep_868,mega_sweep,0.7628368558042665,0.5468746672021859,0.9700908730110022,0.8367481824190349,1.0,1076.77,0.582016,1.187273048097551,0.8583395018983262,0.9981751750154455,1.0747028862478776,floorplan,,,,,,,,,,
traj_sweep_868,mega_sweep,0.7628368558042665,0.5468746672021859,0.9700908730110022,0.8367481824190349,1.0,,,,0.7225436082155103,0.954158432450789,0.9561933534743201,placement,3227.23,0.65415,0.688757,4.288109501164222e-10,,,,,,
traj_sweep_868,mega_sweep,0.7628368558042665,0.5468746672021859,0.9700908730110022,0.8367481824190349,1.0,,,,0.6227547399933474,0.9713428829779834,0.9210622044379774,cts,,,,4.21224668601492e-10,-0.00748426,0.00105548,7.0,,,
traj_sweep_868,mega_sweep,0.7628368558042665,0.5468746672021859,0.9700908730110022,0.8367481824190349,1.0,,,,0.5304943019648702,0.9513189065779621,0.8367481824190349,routing,,,,4.300908782025642e-10,-0.141226,,,3867.0,0.688757,0.0
traj_sweep_869,mega_sweep,0.8309168154783562,0.6347006808486595,0.9774024475567393,0.9247626004382761,1.0,1076.77,0.582016,1.187273048097551,0.8786315928411852,0.9981751750154455,1.0747028862478776,floorplan,,,,,,,,,,
traj_sweep_869,mega_sweep,0.8309168154783562,0.6347006808486595,0.9774024475567393,0.9247626004382761,1.0,,,,0.7618765021809442,0.9550094719054691,0.9817758821248544,placement,3166.61,0.637105,0.713591,4.284288229774946e-10,,,,,,
traj_sweep_869,mega_sweep,0.8309168154783562,0.6347006808486595,0.9774024475567393,0.9247626004382761,1.0,,,,0.6603399943420004,0.9532091961359536,0.9554716981132075,cts,,,,4.2923797382506835e-10,-0.00079331,0.000908697,5.0,,,
traj_sweep_869,mega_sweep,0.8309168154783562,0.6347006808486595,0.9774024475567393,0.9247626004382761,1.0,,,,0.6113042236083996,0.9462208529215612,0.9247626004382761,routing,,,,4.324081240838353e-10,-0.0282078,,,3524.0,0.713591,0.0
traj_sweep_870,mega_sweep,0.8355191854140607,0.6507643399737858,0.9628324884311824,0.9308823529411764,1.0,1076.77,0.582016,1.187273048097551,0.898911695274677,0.9981751750154455,1.0747028862478776,floorplan,,,,,,,,,,
traj_sweep_870,mega_sweep,0.8355191854140607,0.6507643399737858,0.9628324884311824,0.9308823529411764,1.0,,,,0.795158229108139,0.9551485841240226,0.9968503937007873,placement,3134.44,0.62747,0.717508,4.2836642463963674e-10,,,,,,
traj_sweep_870,mega_sweep,0.8355191854140607,0.6507643399737858,0.9628324884311824,0.9308823529411764,1.0,,,,0.6960663953123609,0.9436022699840839,0.9817758821248544,cts,,,,4.336080963303747e-10,0.0,0.00374065,1.0,,,
traj_sweep_870,mega_sweep,0.8355191854140607,0.6507643399737858,0.9628324884311824,0.9308823529411764,1.0,,,,0.6281392634220331,0.9427553220652436,0.9308823529411764,routing,,,,4.3399763905284354e-10,-0.00717409,,,3653.0,0.717508,0.0
traj_sweep_871,mega_sweep,0.8644098738801551,0.7026243056125661,0.9537451873309685,0.9638370765131327,1.0,1076.77,0.582016,1.187273048097551,0.9191901111321363,0.9981751750154455,1.0747028862478776,floorplan,,,,,,,,,,
traj_sweep_871,mega_sweep,0.8644098738801551,0.7026243056125661,0.9537451873309685,0.9638370765131327,1.0,,,,0.8178409566626018,0.9484057330600187,1.0,placement,3199.09,0.625494,0.700785,4.3141196823082264e-10,,,,,,
traj_sweep_871,mega_sweep,0.8644098738801551,0.7026243056125661,0.9537451873309685,0.9638370765131327,1.0,,,,0.7174729648273303,0.9380582389211438,0.9867498051441932,cts,,,,4.3617076957970583e-10,0.0,0.000231738,0.0,,,
traj_sweep_871,mega_sweep,0.8644098738801551,0.7026243056125661,0.9537451873309685,0.9638370765131327,1.0,,,,0.6767476711524124,0.9296828650570564,0.9638370765131327,routing,,,,4.401001667979632e-10,-0.00124065,,,3517.0,0.700785,0.0
traj_sweep_872,mega_sweep,0.8775413667385399,0.7355845771653318,0.9321173288817424,0.9855975087582716,1.0,1076.77,0.582016,1.187273048097551,0.9394607817514662,0.9981751750154455,1.0747028862478776,floorplan,,,,,,,,,,
traj_sweep_872,mega_sweep,0.8775413667385399,0.7355845771653318,0.9321173288817424,0.9855975087582716,1.0,,,,0.8389008947616536,0.9463926974268331,1.0027722772277228,placement,3111.44,0.623765,0.708605,4.3232960809321025e-10,,,,,,
traj_sweep_872,mega_sweep,0.8775413667385399,0.7355845771653318,0.9321173288817424,0.9855975087582716,1.0,,,,0.7389931417857672,0.9360656609671573,0.9902229174814234,cts,,,,4.3709923463924014e-10,0.0,0.000770897,0.0,,,
traj_sweep_872,mega_sweep,0.8775413667385399,0.7355845771653318,0.9321173288817424,0.9855975087582716,1.0,,,,0.7086944521115098,0.9109272647673757,0.9855975087582716,routing,,,,4.491616397993146e-10,0.0,,,3446.0,0.708605,0.0
traj_sweep_873,mega_sweep,0.8902788029838921,0.7646673417118351,0.9289913955001289,0.9933307179285994,1.0,1076.77,0.582016,1.187273048097551,0.9597223334668269,0.9981751750154455,1.0747028862478776,floorplan,,,,,,,,,,
traj_sweep_873,mega_sweep,0.8902788029838921,0.7646673417118351,0.9289913955001289,0.9933307179285994,1.0,,,,0.8604104532986103,0.9405172519608685,1.0051607780865421,placement,3086.52,0.622283,0.713027,4.3503038687252303e-10,,,,,,
traj_sweep_873,mega_sweep,0.8902788029838921,0.7646673417118351,0.9289913955001289,0.9933307179285994,1.0,,,,0.7641276805605156,0.9299447233508041,0.9941107184923439,cts,,,,4.3997624128297074e-10,0.0,0.000728924,0.0,,,
traj_sweep_873,mega_sweep,0.8902788029838921,0.7646673417118351,0.9289913955001289,0.9933307179285994,1.0,,,,0.7362203434263993,0.904671306468309,0.9933307179285994,routing,,,,4.522676700978707e-10,0.0,,,3428.0,0.713027,0.0
traj_sweep_874,mega_sweep,0.8923737178583957,0.7755760766376112,0.9220439676441345,0.9937205651491364,1.0,1076.77,0.582016,1.187273048097551,0.9799786264203616,0.9981751750154455,1.0747028862478776,floorplan,,,,,,,,,,
traj_sweep_874,mega_sweep,0.8923737178583957,0.7755760766376112,0.9220439676441345,0.9937205651491364,1.0,,,,0.880314251008973,0.9365320960528953,1.0063593004769475,placement,3140.15,0.621542,0.708539,4.3688153957054543e-10,,,,,,
traj_sweep_874,mega_sweep,0.8923737178583957,0.7755760766376112,0.9220439676441345,0.9937205651491364,1.0,,,,0.7745399698340875,0.924658459045772,0.9945011783189316,cts,,,,4.424915815976601e-10,0.0,0.000389543,0.0,,,
traj_sweep_874,mega_sweep,0.8923737178583957,0.7755760766376112,0.9220439676441345,0.9937205651491364,1.0,,,,0.7472331933646531,0.902793291517837,0.9937205651491364,routing,,,,4.5320848950142534e-10,0.0,,,3413.0,0.708539,0.0
traj_sweep_875,mega_sweep,0.8967154098666559,0.7906946051410194,0.9147978576718343,0.9968503937007873,1.0,1076.77,0.582016,1.187273048097551,1.000228169468699,0.9981751750154455,1.0747028862478776,floorplan,,,,,,,,,,
traj_sweep_875,mega_sweep,0.8967154098666559,0.7906946051410194,0.9147978576718343,0.9968503937007873,1.0,,,,0.8991635315776835,0.928389939731677,1.0103750997605745,placement,3111.44,0.619071,0.706286,4.407130737533329e-10,,,,,,
traj_sweep_875,mega_sweep,0.8967154098666559,0.7906946051410194,0.9147978576718343,0.9968503937007873,1.0,,,,0.7890111240857969,0.9203173395197355,0.9968503937007873,cts,,,,4.445788060391585e-10,0.0,0.0011519,0.0,,,
traj_sweep_875,mega_sweep,0.8967154098666559,0.7906946051410194,0.9147978576718343,0.9968503937007873,1.0,,,,0.7612343608379287,0.8912919842721362,0.9968503937007873,routing,,,,4.590567302307219e-10,0.0,,,3418.0,0.706286,0.0
traj_sweep_876,mega_sweep,0.9014056446959536,0.8080239531726265,0.9078667959591992,0.9984227129337538,1.0,1076.77,0.582016,1.187273048097551,1.020468184889313,0.9981751750154455,1.0747028862478776,floorplan,,,,,,,,,,
traj_sweep_876,mega_sweep,0.9014056446959536,0.8080239531726265,0.9078667959591992,0.9984227129337538,1.0,,,,0.9172246264391278,0.9229072817063341,1.0103750997605745,placement,3084.59,0.619071,0.704894,4.4333119056591224e-10,,,,,,
traj_sweep_876,mega_sweep,0.9014056446959536,0.8080239531726265,0.9078667959591992,0.9984227129337538,1.0,,,,0.8075701274718164,0.9131530602642314,0.9984227129337538,cts,,,,4.480668157235607e-10,0.0,0.000743405,0.0,,,
traj_sweep_876,mega_sweep,0.9014056446959536,0.8080239531726265,0.9078667959591992,0.9984227129337538,1.0,,,,0.7795454545454545,0.8863044020834101,0.9984227129337538,routing,,,,4.616400223433771e-10,0.0,,,3452.0,0.704894,0.0
traj_sweep_877,mega_sweep,0.9001140535567516,0.8220453713867546,0.8896021799702954,0.9972430090586843,1.0,1076.77,0.582016,1.187273048097551,1.0407059559240774,0.9981751750154455,1.0747028862478776,floorplan,,,,,,,,,,
traj_sweep_877,mega_sweep,0.9001140535567516,0.8220453713867546,0.8896021799702954,0.9972430090586843,1.0,,,,0.9373686379021701,0.9055264374588289,1.0107784431137723,placement,3064.66,0.618824,0.695823,4.518405725723736e-10,,,,,,
traj_sweep_877,mega_sweep,0.9001140535567516,0.8220453713867546,0.8896021799702954,0.9972430090586843,1.0,,,,0.8218536656743991,0.8966027977922073,0.9972430090586843,cts,,,,4.563376168224299e-10,0.0,0.000647427,0.0,,,
traj_sweep_877,mega_sweep,0.9001140535567516,0.8220453713867546,0.8896021799702954,0.9972430090586843,1.0,,,,0.7928082116249012,0.8754168252136805,0.9972430090586843,routing,,,,4.673814486955384e-10,0.0,,,3456.0,0.695823,0.0
traj_sweep_878,mega_sweep,0.9141603746219544,0.8361261269643373,0.9165694926904713,0.9968503937007873,1.0,1076.77,0.582016,1.187273048097551,1.0609291069004192,0.9981751750154455,1.0747028862478776,floorplan,,,,,,,,,,
traj_sweep_878,mega_sweep,0.9141603746219544,0.8361261269643373,0.9165694926904713,0.9968503937007873,1.0,,,,0.9528788039444386,0.9295887597327409,1.0103750997605745,placement,3101.12,0.619071,0.693292,4.4014471958379914e-10,,,,,,
traj_sweep_878,mega_sweep,0.9141603746219544,0.8361261269643373,0.9165694926904713,0.9968503937007873,1.0,,,,0.8335899671632376,0.9204196279157307,0.9968503937007873,cts,,,,4.4452939895179965e-10,0.0,0.00248632,0.0,,,
traj_sweep_878,mega_sweep,0.9141603746219544,0.8361261269643373,0.9165694926904713,0.9968503937007873,1.0,,,,0.8052292501097641,0.8967623676899598,0.9968503937007873,routing,,,,4.562564161058515e-10,0.0,,,3397.0,0.693292,0.0
traj_sweep_879,mega_sweep,0.9199903678924793,0.8568826847071052,0.9108699832656184,0.9976359338061466,1.0,1076.77,0.582016,1.187273048097551,1.0811532654399336,0.9981751750154455,1.0747028862478776,floorplan,,,,,,,,,,
traj_sweep_879,mega_sweep,0.9199903678924793,0.8568826847071052,0.9108699832656184,0.9976359338061466,1.0,,,,0.9724231587034502,0.9254440339270151,1.0103750997605745,placement,3097.93,0.619071,0.706648,4.421159670181489e-10,,,,,,
traj_sweep_879,mega_sweep,0.9199903678924793,0.8568826847071052,0.9108699832656184,0.9976359338061466,1.0,,,,0.8557403430922101,0.9158411993109854,0.9976359338061466,cts,,,,4.467516686174823e-10,0.0,0.00095926,0.0,,,
traj_sweep_879,mega_sweep,0.9199903678924793,0.8568826847071052,0.9108699832656184,0.9976359338061466,1.0,,,,0.8261489101556395,0.8860507268613419,0.9976359338061466,routing,,,,4.6177218930812673e-10,0.0,,,3420.0,0.706648,0.0
traj_sweep_880,mega_sweep,0.9189967046624367,0.8766815924766113,0.8874172998318379,0.9976359338061466,1.0,1076.77,0.582016,1.187273048097551,1.10136650530057,0.9981751750154455,1.0747028862478776,floorplan,,,,,,,,,,
traj_sweep_880,mega_sweep,0.9189967046624367,0.8766815924766113,0.8874172998318379,0.9976359338061466,1.0,,,,0.9923694468677188,0.897527484892004,1.0103750997605745,placement,3059.26,0.619071,0.686049,4.558674702090608e-10,,,,,,
traj_sweep_880,mega_sweep,0.9189967046624367,0.8766815924766113,0.8874172998318379,0.9976359338061466,1.0,,,,0.8741446142921759,0.8888943442700087,0.9976359338061466,cts,,,,4.60294957008451e-10,0.0,0.00133069,0.0,,,
traj_sweep_880,mega_sweep,0.9189967046624367,0.8766815924766113,0.8874172998318379,0.9976359338061466,1.0,,,,0.8428071689159407,0.86326905530529,0.9976359338061466,routing,,,,4.739583580186644e-10,0.0,,,3437.0,0.686049,0.0
traj_sweep_881,mega_sweep,0.9235159145736241,0.8895906235924748,0.8871554415380901,0.9980291683090263,1.0,1076.77,0.582016,1.187273048097551,1.1215795418380146,0.9981751750154455,1.0747028862478776,floorplan,,,,,,,,,,
traj_sweep_881,mega_sweep,0.9235159145736241,0.8895906235924748,0.8871554415380901,0.9980291683090263,1.0,,,,1.012152680009461,0.898636291104592,1.0107784431137723,placement,3111.84,0.618824,0.704334,4.553049860449022e-10,,,,,,
traj_sweep_881,mega_sweep,0.9235159145736241,0.8895906235924748,0.8871554415380901,0.9980291683090263,1.0,,,,0.8872762457668119,0.8892625824955914,0.9980291683090263,cts,,,,4.601043516669581e-10,0.0,0.00231828,0.0,,,
traj_sweep_881,mega_sweep,0.9235159145736241,0.8895906235924748,0.8871554415380901,0.9980291683090263,1.0,,,,0.8565478261283974,0.8682402713506568,0.9980291683090263,routing,,,,4.712446513732069e-10,0.0,,,3465.0,0.704334,0.0
traj_sweep_882,mega_sweep,0.9290038212553512,0.9028220094636272,0.8894794338951012,0.9984227129337538,1.0,1076.77,0.582016,1.187273048097551,1.1417790031382216,0.9981751750154455,1.0747028862478776,floorplan,,,,,,,,,,
traj_sweep_882,mega_sweep,0.9290038212553512,0.9028220094636272,0.8894794338951012,0.9984227129337538,1.0,,,,1.0291335516822795,0.9069666580744414,1.0119904076738608,placement,3120.48,0.618083,0.694979,4.5112307088496814e-10,,,,,,
traj_sweep_882,mega_sweep,0.9290038212553512,0.9028220094636272,0.8894794338951012,0.9984227129337538,1.0,,,,0.9022917241898641,0.8975438510353632,0.9984227129337538,cts,,,,4.5585915775462014e-10,0.0,0.000744189,0.0,,,
traj_sweep_882,mega_sweep,0.9290038212553512,0.9028220094636272,0.8894794338951012,0.9984227129337538,1.0,,,,0.8703180913550236,0.8735756340857668,0.9984227129337538,routing,,,,4.683665249077318e-10,0.0,,,3451.0,0.694979,0.0
traj_sweep_883,mega_sweep,0.9344586579938493,0.9188188863668896,0.8894794338951012,0.9984227129337538,1.0,1076.77,0.582016,1.187273048097551,1.1619752000930967,0.9981751750154455,1.0747028862478776,floorplan,,,,,,,,,,
traj_sweep_883,mega_sweep,0.9344586579938493,0.9188188863668896,0.8894794338951012,0.9984227129337538,1.0,,,,1.0473465534622712,0.9069666580744414,1.0119904076738608,placement,3120.48,0.618083,0.694979,4.5112307088496814e-10,,,,,,
traj_sweep_883,mega_sweep,0.9344586579938493,0.9188188863668896,0.8894794338951012,0.9984227129337538,1.0,,,,0.9182743399002697,0.8975438510353632,0.9984227129337538,cts,,,,4.5585915775462014e-10,0.0,0.000744189,0.0,,,
traj_sweep_883,mega_sweep,0.9344586579938493,0.9188188863668896,0.8894794338951012,0.9984227129337538,1.0,,,,0.885741460794315,0.8735756340857668,0.9984227129337538,routing,,,,4.683665249077318e-10,0.0,,,3451.0,0.694979,0.0
traj_sweep_884,mega_sweep,0.9413559026604787,0.9382935182091547,0.8897453837246887,0.9992107340173638,1.0,1076.77,0.582016,1.187273048097551,1.1821596058854094,0.9981751750154455,1.0747028862478776,floorplan,,,,,,,,,,
traj_sweep_884,mega_sweep,0.9413559026604787,0.9382935182091547,0.8897453837246887,0.9992107340173638,1.0,,,,1.0663296786748304,0.9048595171169402,1.0128,placement,3079.18,0.617589,0.678675,4.521735984879315e-10,,,,,,
traj_sweep_884,mega_sweep,0.9413559026604787,0.9382935182091547,0.8897453837246887,0.9992107340173638,1.0,,,,0.9360017914707245,0.8962632003175032,0.9992107340173638,cts,,,,4.565105248501504e-10,0.0,0.000527439,0.0,,,
traj_sweep_884,mega_sweep,0.9413559026604787,0.9382935182091547,0.8897453837246887,0.9992107340173638,1.0,,,,0.9021196287763573,0.8690381208394194,0.9992107340173638,routing,,,,4.708120094727376e-10,0.0,,,3373.0,0.678675,0.0
traj_sweep_885,mega_sweep,0.9470527129806628,0.9555739866445494,0.8889107104133679,1.0,1.0,1076.77,0.582016,1.187273048097551,1.2023413720440177,0.9981751750154455,1.0747028862478776,floorplan,,,,,,,,,,
traj_sweep_885,mega_sweep,0.9470527129806628,0.9555739866445494,0.8889107104133679,1.0,1.0,,,,1.0834147105983338,0.9016558445543704,1.0128,placement,3107.61,0.617589,0.697135,4.537802160901389e-10,,,,,,
traj_sweep_885,mega_sweep,0.9470527129806628,0.9555739866445494,0.8889107104133679,1.0,1.0,,,,0.9536118848653669,0.8928181271403847,1.0,cts,,,,4.5827203944805717e-10,0.0,0.00118603,0.0,,,
traj_sweep_885,mega_sweep,0.9470527129806628,0.9555739866445494,0.8889107104133679,1.0,1.0,,,,0.9211262697184326,0.8699137095091385,1.0,routing,,,,4.703381260788381e-10,0.0,,,3413.0,0.697135,0.0
traj_sweep_886,mega_sweep,0.9507327872368024,0.966961312293878,0.8904777686400144,0.9980291683090263,1.0,1076.77,0.582016,1.187273048097551,1.2225169707110695,0.9981751750154455,1.0747028862478776,floorplan,,,,,,,,,,
traj_sweep_886,mega_sweep,0.9507327872368024,0.966961312293878,0.8904777686400144,0.9980291683090263,1.0,,,,1.1009954363073908,0.9054896136362707,1.0115860966839791,placement,3082.16,0.61833,0.693021,4.5185894771088256e-10,,,,,,
traj_sweep_886,mega_sweep,0.9507327872368024,0.966961312293878,0.8904777686400144,0.9980291683090263,1.0,,,,0.965185403968531,0.8965005093962121,0.9980291683090263,cts,,,,4.563896837675881e-10,0.0,0.000583304,0.0,,,
traj_sweep_886,mega_sweep,0.9507327872368024,0.966961312293878,0.8904777686400144,0.9980291683090263,1.0,,,,0.9293710669059057,0.8665709247280151,0.9980291683090263,routing,,,,4.721524485825983e-10,0.0,,,3446.0,0.693021,0.0
traj_sweep_887,mega_sweep,0.9570802248347616,0.9848382730864278,0.8919425384706657,0.9980291683090263,1.0,1076.77,0.582016,1.187273048097551,1.242684883013441,0.9981751750154455,1.0747028862478776,floorplan,,,,,,,,,,
traj_sweep_887,mega_sweep,0.9570802248347616,0.9848382730864278,0.8919425384706657,0.9980291683090263,1.0,,,,1.119623245644089,0.9058496687901738,1.0115860966839791,placement,3091.56,0.61833,0.69283,4.5167934380024934e-10,,,,,,
traj_sweep_887,mega_sweep,0.9570802248347616,0.9848382730864278,0.8919425384706657,0.9980291683090263,1.0,,,,0.9815306311914982,0.8964432278944547,0.9980291683090263,cts,,,,4.564188464470075e-10,0.0,0.000787898,0.0,,,
traj_sweep_887,mega_sweep,0.9570802248347616,0.9848382730864278,0.8919425384706657,0.9980291683090263,1.0,,,,0.9476836765900007,0.8717753583162512,0.9980291683090263,routing,,,,4.693337338314529e-10,0.0,,,3428.0,0.69283,0.0
traj_sweep_888,mega_sweep,0.9631460003994804,1.0,0.8941683339675214,0.9992107340173638,1.0,1076.77,0.582016,1.187273048097551,1.2628457803728141,0.9981751750154455,1.0747028862478776,floorplan,,,,,,,,,,
traj_sweep_888,mega_sweep,0.9631460003994804,1.0,0.8941683339675214,0.9992107340173638,1.0,,,,1.1378179562173183,0.9079240774609565,1.0128,placement,3096.8,0.617589,0.691376,4.5064735492535025e-10,,,,,,
traj_sweep_888,mega_sweep,0.9631460003994804,1.0,0.8941683339675214,0.9992107340173638,1.0,,,,0.9963413011663488,0.8996264427778256,0.9992107340173638,cts,,,,4.548038658328596e-10,0.0,0.000870845,0.0,,,
traj_sweep_888,mega_sweep,0.9631460003994804,1.0,0.8941683339675214,0.9992107340173638,1.0,,,,0.9610874342946062,0.8759650910162148,0.9992107340173638,routing,,,,4.670889150458681e-10,0.0,,,3415.0,0.691376,0.0
traj_sweep_889,mega_sweep,0.45943377106979993,0.147781614865976,0.9703322736255509,0.6762820512820512,1.0,1076.77,0.656374,1.187273048097551,0.2498446568201564,1.009492363148355,0.9529544599171998,floorplan,,,,,,,,,,
traj_sweep_889,mega_sweep,0.45943377106979993,0.147781614865976,0.9703322736255509,0.6762820512820512,1.0,,,,0.19990167967594333,1.0119963830823175,0.7984862819299905,placement,3566.14,0.78335,0.730149,4.043034054475841e-10,,,,,,
traj_sweep_889,mega_sweep,0.45943377106979993,0.147781614865976,0.9703322736255509,0.6762820512820512,1.0,,,,0.16038478355924793,0.9929421006763308,0.7142454160789844,cts,,,,4.120618752111817e-10,-12.6792,0.00037427,9.0,,,
traj_sweep_889,mega_sweep,0.45943377106979993,0.147781614865976,0.9703322736255509,0.6762820512820512,1.0,,,,0.1443143678437796,0.9547721628267603,0.6762820512820512,routing,,,,4.285353091667988e-10,-13.3868,,,5300.0,0.730149,0.0
traj_sweep_890,mega_sweep,0.4850418708163662,0.16546403616177052,0.9862769887932833,0.6992543496271747,1.0,1076.77,0.656374,1.187273048097551,0.26764233744032356,1.009492363148355,0.9529544599171998,floorplan,,,,,,,,,,
traj_sweep_890,mega_sweep,0.4850418708163662,0.16546403616177052,0.9862769887932833,0.6992543496271747,1.0,,,,0.2150295268996277,1.0154619139386352,0.800252844500632,placement,3550.1,0.781621,0.704469,4.0292361374130694e-10,,,,,,
traj_sweep_890,mega_sweep,0.4850418708163662,0.16546403616177052,0.9862769887932833,0.6992543496271747,1.0,,,,0.1706532472464869,0.9953683814293371,0.7116357504215851,cts,,,,4.110574452779776e-10,-12.2224,0.00139967,8.0,,,
traj_sweep_890,mega_sweep,0.4850418708163662,0.16546403616177052,0.9862769887932833,0.6992543496271747,1.0,,,,0.1605954465849387,0.9621123781233761,0.6992543496271747,routing,,,,4.252658975024134e-10,-12.7749,,,4529.0,0.704469,0.0
traj_sweep_891,mega_sweep,0.4911547093882337,0.17604560503065803,0.9731186095324602,0.6916143130292269,1.0,1076.77,0.656374,1.187273048097551,0.2854338711726591,1.009492363148355,0.9529544599171998,floorplan,,,,,,,,,,
traj_sweep_891,mega_sweep,0.4911547093882337,0.17604560503065803,0.9731186095324602,0.6916143130292269,1.0,,,,0.22942235940011055,1.01514686567897,0.800252844500632,placement,3514.5,0.781621,0.695239,4.030486600647296e-10,,,,,,
traj_sweep_891,mega_sweep,0.4911547093882337,0.17604560503065803,0.9731186095324602,0.6916143130292269,1.0,,,,0.1800979590527953,0.9846280998498407,0.7023578363384189,cts,,,,4.15541242468315e-10,-11.8419,0.000851805,9.0,,,
traj_sweep_891,mega_sweep,0.4911547093882337,0.17604560503065803,0.9731186095324602,0.6916143130292269,1.0,,,,0.17161298946825676,0.9544530230312552,0.6916143130292269,routing,,,,4.286785982209838e-10,-12.4429,,,5284.0,0.695239,0.0
traj_sweep_892,mega_sweep,0.5035381107444564,0.18734905033965954,0.9699885846150069,0.7025527192008878,1.0,1076.77,0.656374,1.187273048097551,0.3032187425663901,1.009492363148355,0.9529544599171998,floorplan,,,,,,,,,,
traj_sweep_892,mega_sweep,0.5035381107444564,0.18734905033965954,0.9699885846150069,0.7025527192008878,1.0,,,,0.24590033848031367,1.0186533118936856,0.8038095238095238,placement,3523.76,0.778162,0.716833,4.0166127101692603e-10,,,,,,
traj_sweep_892,mega_sweep,0.5035381107444564,0.18734905033965954,0.9699885846150069,0.7025527192008878,1.0,,,,0.19401101682748617,0.9947628341250455,0.7170773152081563,cts,,,,4.1130767047674675e-10,-11.1102,0.000282892,12.0,,,
traj_sweep_892,mega_sweep,0.5035381107444564,0.18734905033965954,0.9699885846150069,0.7025527192008878,1.0,,,,0.18228453027747551,0.9588391494515296,0.7025527192008878,routing,,,,4.2671764520134673e-10,-11.7635,,,4872.0,0.716833,0.0
traj_sweep_894,mega_sweep,0.5264187637238101,0.21186191938421278,0.9825291419640191,0.7008026570716855,1.0,1076.77,0.656374,1.187273048097551,0.3387699017798746,1.009492363148355,0.9529544599171998,floorplan,,,,,,,,,,
traj_sweep_894,mega_sweep,0.5264187637238101,0.21186191938421278,0.9825291419640191,0.7008026570716855,1.0,,,,0.2771020624008461,1.0164397910043492,0.8061127029608405,placement,3526.04,0.775939,0.713638,4.0253597665291335e-10,,,,,,
traj_sweep_894,mega_sweep,0.5264187637238101,0.21186191938421278,0.9825291419640191,0.7008026570716855,1.0,,,,0.22121514973980771,1.0011619961785054,0.7211620620905724,cts,,,,4.086787008921456e-10,-10.1011,0.00131423,10.0,,,
traj_sweep_894,mega_sweep,0.5264187637238101,0.21186191938421278,0.9825291419640191,0.7008026570716855,1.0,,,,0.20637951683410247,0.9686465608595498,0.7008026570716855,routing,,,,4.223971885243132e-10,-10.7028,,,4847.0,0.713638,0.0
traj_sweep_895,mega_sweep,0.5359103549523994,0.22231292920896908,0.9884536858600613,0.700414937759336,1.0,1076.77,0.656374,1.187273048097551,0.35653541807592437,1.009492363148355,0.9529544599171998,floorplan,,,,,,,,,,
traj_sweep_895,mega_sweep,0.5359103549523994,0.22231292920896908,0.9884536858600613,0.700414937759336,1.0,,,,0.2921925168464433,1.016337502608354,0.8066263141127746,placement,3490.04,0.775445,0.7193,4.0257648953301125e-10,,,,,,
traj_sweep_895,mega_sweep,0.5359103549523994,0.22231292920896908,0.9884536858600613,0.700414937759336,1.0,,,,0.23353434240667761,1.0010801654617094,0.7199317600227466,cts,,,,4.087121072787539e-10,-9.54891,0.000822994,13.0,,,
traj_sweep_895,mega_sweep,0.5359103549523994,0.22231292920896908,0.9884536858600613,0.700414937759336,1.0,,,,0.21616771724475525,0.9677832467973503,0.700414937759336,routing,,,,4.227739892530852e-10,-10.2378,,,4778.0,0.7193,0.0
traj_sweep_896,mega_sweep,0.5577773907929987,0.24214711354637228,0.9957161619757209,0.7197271176805002,1.0,1076.77,0.656374,1.187273048097551,0.37429428829065226,1.009492363148355,0.9529544599171998,floorplan,,,,,,,,,,
traj_sweep_896,mega_sweep,0.5577773907929987,0.24214711354637228,0.9957161619757209,0.7197271176805002,1.0,,,,0.3083616848613992,1.0164725232910679,0.8089456869009584,placement,3487.14,0.773221,0.701202,4.0252301425333995e-10,,,,,,
traj_sweep_896,mega_sweep,0.5577773907929987,0.24214711354637228,0.9957161619757209,0.7197271176805002,1.0,,,,0.24978215702760734,1.0026103998657976,0.735191637630662,cts,,,,4.0808831031035114e-10,-8.92024,0.00108259,10.0,,,
traj_sweep_896,mega_sweep,0.5577773907929987,0.24214711354637228,0.9957161619757209,0.7197271176805002,1.0,,,,0.23540691163661845,0.9681433019512534,0.7197271176805002,routing,,,,4.2261675844493935e-10,-9.5411,,,4305.0,0.701202,0.0
traj_sweep_898,mega_sweep,0.5710835759791159,0.2636708119820495,0.9878685962349687,0.7150522451284947,1.0,1076.77,0.656374,1.187273048097551,0.4097940906220146,1.009492363148355,0.9529544599171998,floorplan,,,,,,,,,,
traj_sweep_898,mega_sweep,0.5710835759791159,0.2636708119820495,0.9878685962349687,0.7150522451284947,1.0,,,,0.3380409902818764,1.0113990188497055,0.8092042186001918,placement,3534.75,0.772974,0.716815,4.045421998195742e-10,,,,,,
traj_sweep_898,mega_sweep,0.5710835759791159,0.2636708119820495,0.9878685962349687,0.7150522451284947,1.0,,,,0.27478721924177124,0.9944068705069822,0.7394859813084111,cts,,,,4.1145490454246215e-10,-7.86846,0.000638753,8.0,,,
traj_sweep_898,mega_sweep,0.5710835759791159,0.2636708119820495,0.9878685962349687,0.7150522451284947,1.0,,,,0.2559905655002678,0.969538515672628,0.7150522451284947,routing,,,,4.2200859209493504e-10,-8.45931,,,4425.0,0.716815,0.0
traj_sweep_899,mega_sweep,0.582164425918003,0.27588557008502274,0.9871689436063615,0.7244635193133047,1.0,1076.77,0.655385,1.187273048097551,0.42863139016875107,1.009492363148355,0.9543912551828119,floorplan,,,,,,,,,,
traj_sweep_899,mega_sweep,0.582164425918003,0.27588557008502274,0.9871689436063615,0.7244635193133047,1.0,,,,0.3517872975919485,1.0120577561199147,0.805856142584341,placement,3631.89,0.776186,0.707283,4.0427888774792405e-10,,,,,,
traj_sweep_899,mega_sweep,0.582164425918003,0.27588557008502274,0.9871689436063615,0.7244635193133047,1.0,,,,0.29081247957232126,0.9960271186995463,0.7531231409875073,cts,,,,4.1078558635534594e-10,-7.45693,0.00195154,6.0,,,
traj_sweep_899,mega_sweep,0.582164425918003,0.27588557008502274,0.9871689436063615,0.7244635193133047,1.0,,,,0.2680067101584343,0.9618464282937886,0.7244635193133047,routing,,,,4.253834832101139e-10,-8.07402,,,4343.0,0.707283,0.0
traj_sweep_900,mega_sweep,0.5843890619993193,0.28184633719881763,0.9964280892118474,0.7106371035644119,1.0,1076.77,0.648468,1.187273048097551,0.4497989153692725,1.009492363148355,0.9645714285714285,floorplan,,,,,,,,,,
traj_sweep_900,mega_sweep,0.5843890619993193,0.28184633719881763,0.9964280892118474,0.7106371035644119,1.0,,,,0.36931587015217954,1.0204740453424002,0.8138862102217936,placement,3507.92,0.768528,0.72427,4.0094462553776696e-10,,,,,,
traj_sweep_900,mega_sweep,0.5843890619993193,0.28184633719881763,0.9964280892118474,0.7106371035644119,1.0,,,,0.2952544288492877,1.0001759360411118,0.7317919075144508,cts,,,,4.090816117815504e-10,-6.95295,0.000893972,10.0,,,
traj_sweep_900,mega_sweep,0.5843890619993193,0.28184633719881763,0.9964280892118474,0.7106371035644119,1.0,,,,0.2745550921894811,0.9764327535627049,0.7106371035644119,routing,,,,4.190289423290467e-10,-7.57673,,,4527.0,0.72427,0.0
traj_sweep_901,mega_sweep,0.596251771772693,0.29660067362737286,0.9938463300969285,0.7191138880999716,1.0,1076.77,0.647233,1.187273048097551,0.46846565066556156,1.009492363148355,0.9664122137404579,floorplan,,,,,,,,,,
traj_sweep_901,mega_sweep,0.596251771772693,0.29660067362737286,0.9938463300969285,0.7191138880999716,1.0,,,,0.38608618693383573,1.008514486082641,0.8151963940759819,placement,3530.3,0.767292,0.706494,4.056992632501379e-10,,,,,,
traj_sweep_901,mega_sweep,0.596251771772693,0.29660067362737286,0.9938463300969285,0.7191138880999716,1.0,,,,0.3117294870994374,0.9947792002684047,0.7429577464788731,cts,,,,4.1130090362808525e-10,-6.63624,0.00115493,6.0,,,
traj_sweep_901,mega_sweep,0.596251771772693,0.29660067362737286,0.9938463300969285,0.7191138880999716,1.0,,,,0.288675557211669,0.9633684796261973,0.7191138880999716,routing,,,,4.247114085978578e-10,-7.09569,,,4426.0,0.706494,0.0
traj_sweep_902,mega_sweep,0.6104135990366428,0.3138409422282756,0.9969027073692652,0.726959517657192,1.0,1076.77,0.643528,1.187273048097551,0.48926903100057717,1.009492363148355,0.9719769673704415,floorplan,,,,,,,,,,
traj_sweep_902,mega_sweep,0.6104135990366428,0.3138409422282756,0.9969027073692652,0.726959517657192,1.0,,,,0.4025154415683886,1.0091609487453306,0.8188874514877101,placement,3473.1,0.763834,0.712297,4.054393746503085e-10,,,,,,
traj_sweep_902,mega_sweep,0.6104135990366428,0.3138409422282756,0.9969027073692652,0.726959517657192,1.0,,,,0.32064309874834085,1.0013133830045784,0.7447058823529411,cts,,,,4.086169134712824e-10,-5.97472,0.00108621,10.0,,,
traj_sweep_902,mega_sweep,0.6104135990366428,0.3138409422282756,0.9969027073692652,0.726959517657192,1.0,,,,0.30417012894043427,0.978752654383876,0.726959517657192,routing,,,,4.180357336945162e-10,-6.60341,,,4102.0,0.712297,0.0
traj_sweep_904,mega_sweep,0.6176359337099318,0.3336650206066907,0.9777665942464823,0.7221905305191101,1.0,1076.77,0.643281,1.187273048097551,0.5255137246646316,1.0093491593939616,0.9723502304147464,floorplan,,,,,,,,,,
traj_sweep_904,mega_sweep,0.6176359337099318,0.3336650206066907,0.9777665942464823,0.7221905305191101,1.0,,,,0.43382509123911406,0.9993330796581112,0.8228794280142996,placement,3471.13,0.760128,0.697093,4.094266389348357e-10,,,,,,
traj_sweep_904,mega_sweep,0.6176359337099318,0.3336650206066907,0.9777665942464823,0.7221905305191101,1.0,,,,0.34375179304356474,0.9909945296165822,0.7369033760186262,cts,,,,4.1287168773688515e-10,-5.18383,0.000829684,9.0,,,
traj_sweep_904,mega_sweep,0.6176359337099318,0.3336650206066907,0.9777665942464823,0.7221905305191101,1.0,,,,0.32458242510379554,0.9627220169635076,0.7221905305191101,routing,,,,4.249966000271998e-10,-5.82479,,,4449.0,0.697093,0.0
traj_sweep_905,mega_sweep,0.6454146867111481,0.36115420166378653,0.9881631868154349,0.7533472180898542,1.0,1076.77,0.643034,1.187273048097551,0.5437296175511415,1.0093491593939616,0.9727237802535534,floorplan,,,,,,,,,,
traj_sweep_905,mega_sweep,0.6454146867111481,0.36115420166378653,0.9881631868154349,0.7533472180898542,1.0,,,,0.4464548308890744,1.012352346700381,0.8231469440832249,placement,3545.62,0.759881,0.698121,4.0416124416997403e-10,,,,,,
traj_sweep_905,mega_sweep,0.6454146867111481,0.36115420166378653,0.9881631868154349,0.7533472180898542,1.0,,,,0.3643890828437157,0.9992757981563539,0.7576301615798923,cts,,,,4.0945010850427877e-10,-4.65592,0.00155324,6.0,,,
traj_sweep_905,mega_sweep,0.6454146867111481,0.36115420166378653,0.9881631868154349,0.7533472180898542,1.0,,,,0.3506623744024973,0.9634707680221924,0.7533472180898542,routing,,,,4.2466631844028554e-10,-5.20595,,,4056.0,0.698121,0.0
traj_sweep_906,mega_sweep,0.6550179178990979,0.3755401215221189,0.990998621152422,0.7551446465851476,1.0,1076.77,0.638587,1.187273048097551,0.5673107880333571,1.0093246101789228,0.9794970986460347,floorplan,,,,,,,,,,
traj_sweep_906,mega_sweep,0.6550179178990979,0.3755401215221189,0.990998621152422,0.7551446465851476,1.0,,,,0.464349380719368,1.0041856411641237,0.827721477607061,placement,3473.01,0.755682,0.716951,4.0744815222262966e-10,,,,,,
traj_sweep_906,mega_sweep,0.6550179178990979,0.3755401215221189,0.990998621152422,0.7551446465851476,1.0,,,,0.37887609563600644,0.9981056189061688,0.7601320924647252,cts,,,,4.0993014790279734e-10,-4.19347,0.00154405,7.0,,,
traj_sweep_906,mega_sweep,0.6550179178990979,0.3755401215221189,0.990998621152422,0.7551446465851476,1.0,,,,0.3636643229298397,0.9634707680221924,0.7551446465851476,routing,,,,4.2466631844028554e-10,-4.73614,,,3903.0,0.716951,0.0
traj_sweep_908,mega_sweep,0.664453872653627,0.39659741606628646,0.975724917862418,0.7580838323353293,1.0,1076.77,0.638587,1.187273048097551,0.6036988022222372,1.0093246101789228,0.9794970986460347,floorplan,,,,,,,,,,
traj_sweep_908,mega_sweep,0.664453872653627,0.39659741606628646,0.975724917862418,0.7580838323353293,1.0,,,,0.5047772578932882,1.008768161304709,0.8451268357810413,placement,3519.75,0.740119,0.726176,4.055972419387548e-10,,,,,,
traj_sweep_908,mega_sweep,0.664453872653627,0.39659741606628646,0.975724917862418,0.7580838323353293,1.0,,,,0.4286497908408817,1.00618640218979,0.8053435114503816,cts,,,,4.0663795802683e-10,-3.16886,0.000767504,4.0,,,
traj_sweep_908,mega_sweep,0.664453872653627,0.39659741606628646,0.975724917862418,0.7580838323353293,1.0,,,,0.3851875981817753,0.9609503819448706,0.7580838323353293,routing,,,,4.257801356535512e-10,-3.97803,,,4086.0,0.726176,0.0
traj_sweep_909,mega_sweep,0.6848929607845863,0.4228958383823173,0.987713117873056,0.7691373025516403,1.0,1076.77,0.632164,1.187273048097551,0.6311235651254824,1.0092836948205248,0.9894490035169988,floorplan,,,,,,,,,,
traj_sweep_909,mega_sweep,0.6848929607845863,0.4228958383823173,0.987713117873056,0.7691373025516403,1.0,,,,0.5259058336771449,1.0043861264202745,0.850235057085292,placement,3414.91,0.735672,0.736636,4.0736682160184783e-10,,,,,,
traj_sweep_909,mega_sweep,0.6848929607845863,0.4228958383823173,0.987713117873056,0.7691373025516403,1.0,,,,0.4481871228367662,1.0025367522206812,0.8125802310654685,cts,,,,4.081182890048852e-10,-2.81344,0.00187142,3.0,,,
traj_sweep_909,mega_sweep,0.6848929607845863,0.4228958383823173,0.987713117873056,0.7691373025516403,1.0,,,,0.4089865447586453,0.9698944792906914,0.7691373025516403,routing,,,,4.218537095705951e-10,-3.40311,,,3914.0,0.736636,0.0
traj_sweep_910,mega_sweep,0.684881222680565,0.4273624991380561,0.9791208926094588,0.7677380230442692,1.0,1076.77,0.632164,1.187273048097551,0.649571908215965,1.0092836948205248,0.9894490035169988,floorplan,,,,,,,,,,
traj_sweep_910,mega_sweep,0.684881222680565,0.4273624991380561,0.9791208926094588,0.7677380230442692,1.0,,,,0.5435076461569632,1.0003805128331023,0.8530997304582209,placement,3293.12,0.733202,0.70467,4.0899795501022496e-10,,,,,,
traj_sweep_910,mega_sweep,0.684881222680565,0.4273624991380561,0.9791208926094588,0.7677380230442692,1.0,,,,0.44330657195358075,0.9933307965811127,0.7863354037267081,cts,,,,4.1190063309127306e-10,-2.50817,0.00165626,4.0,,,
traj_sweep_910,mega_sweep,0.684881222680565,0.4273624991380561,0.9791208926094588,0.7677380230442692,1.0,,,,0.4145980821620774,0.9583931720449905,0.7677380230442692,routing,,,,4.269162134239534e-10,-3.06388,,,3915.0,0.70467,0.0
traj_sweep_911,mega_sweep,0.7160353267907977,0.464482583066073,0.9870339229236479,0.8007590132827324,1.0,1076.77,0.632164,1.187273048097551,0.6680145992997688,1.0092836948205248,0.9894490035169988,floorplan,,,,,,,,,,
traj_sweep_911,mega_sweep,0.7160353267907977,0.464482583066073,0.9870339229236479,0.8007590132827324,1.0,,,,0.5588038689578624,0.9995499310576211,0.8528123947457056,placement,3298.45,0.733449,0.729327,4.0933781421793965e-10,,,,,,
traj_sweep_911,mega_sweep,0.7160353267907977,0.464482583066073,0.9870339229236479,0.8007590132827324,1.0,,,,0.46986792709324576,0.9950042347395942,0.807140580172139,cts,,,,4.112078820326828e-10,-1.98018,0.00188383,3.0,,,
traj_sweep_911,mega_sweep,0.7160353267907977,0.464482583066073,0.9870339229236479,0.8007590132827324,1.0,,,,0.44810331716924917,0.9602220885653848,0.8007590132827324,routing,,,,4.261030743336813e-10,-2.57983,,,3639.0,0.729327,0.0
traj_sweep_912,mega_sweep,0.6901020364254337,0.44708006954998963,0.9659256895260774,0.7610459873760144,1.0,1076.77,0.631423,1.187273048097551,0.6886890415630497,1.0092836948205248,0.9906103286384976,floorplan,,,,,,,,,,
traj_sweep_912,mega_sweep,0.6901020364254337,0.44708006954998963,0.9659256895260774,0.7610459873760144,1.0,,,,0.5781264575231515,1.004521147102988,0.8559837728194726,placement,3307.98,0.730731,0.72308,4.073120662126495e-10,,,,,,
traj_sweep_912,mega_sweep,0.6901020364254337,0.44708006954998963,0.9659256895260774,0.7610459873760144,1.0,,,,0.49826041877472493,0.9849595142528651,0.8266405484818804,cts,,,,4.154014231652758e-10,-1.66071,0.00140771,1.0,,,
traj_sweep_912,mega_sweep,0.6901020364254337,0.44708006954998963,0.9659256895260774,0.7610459873760144,1.0,,,,0.4340168021771835,0.9551363095165032,0.7610459873760144,routing,,,,4.2837192964419426e-10,-2.26339,,,4036.0,0.72308,0.0
traj_sweep_914,mega_sweep,0.7125709266348675,0.4830959945382511,0.9666498913697235,0.7747858017135862,1.0,1076.77,0.628211,1.187273048097551,0.7312242672785563,1.0092836948205248,0.995674400314589,floorplan,,,,,,,,,,
traj_sweep_914,mega_sweep,0.7125709266348675,0.4830959945382511,0.9666498913697235,0.7747858017135862,1.0,,,,0.6055966440352444,0.9879381523442454,0.8583050847457626,placement,3388.08,0.728755,0.703711,4.141489859562079e-10,,,,,,
traj_sweep_914,mega_sweep,0.7125709266348675,0.4830959945382511,0.9666498913697235,0.7747858017135862,1.0,,,,0.5183196398651513,0.9811011959559259,0.8220779220779221,cts,,,,4.1703504762540244e-10,-0.895063,0.000693008,2.0,,,
traj_sweep_914,mega_sweep,0.7125709266348675,0.4830959945382511,0.9666498913697235,0.7747858017135862,1.0,,,,0.4678352222147026,0.9492485894430193,0.7747858017135862,routing,,,,4.310289091089339e-10,-1.4621,,,3849.0,0.703711,0.0
traj_sweep_915,mega_sweep,0.7233452978790677,0.4978463737365623,0.965892957239359,0.7870686975442959,1.0,1076.77,0.593132,1.187273048097551,0.7954644029989466,1.010216564992001,1.054560599750104,floorplan,,,,,,,,,,
traj_sweep_915,mega_sweep,0.7233452978790677,0.4978463737365623,0.965892957239359,0.7870686975442959,1.0,,,,0.6572947828058602,0.9944559689370599,0.8994671403197158,placement,3294.82,0.695405,0.74122,4.114345901288613e-10,,,,,,
traj_sweep_915,mega_sweep,0.7233452978790677,0.4978463737365623,0.965892957239359,0.7870686975442959,1.0,,,,0.5295596038880492,0.9744688163595969,0.8328947368421052,cts,,,,4.198734501421272e-10,-0.367142,0.00106511,2.0,,,
traj_sweep_915,mega_sweep,0.7233452978790677,0.4978463737365623,0.965892957239359,0.7870686975442959,1.0,,,,0.4827339849216134,0.9476938058238921,0.7870686975442959,routing,,,,4.3173605384612063e-10,-1.2017,,,3924.0,0.74122,0.0
traj_sweep_916,mega_sweep,0.7596857043183861,0.5342853830444386,0.9797223483779106,0.8375785643400594,1.0,1076.77,0.582016,1.187273048097551,0.8380442587636269,0.9981751750154455,1.0747028862478776,floorplan,,,,,,,,,,
traj_sweep_916,mega_sweep,0.7596857043183861,0.5342853830444386,0.9797223483779106,0.8375785643400594,1.0,,,,0.6944419759287522,0.9781552901512641,0.9308823529411764,placement,3269.26,0.671937,0.702066,4.182910301671491e-10,,,,,,
traj_sweep_916,mega_sweep,0.7596857043183861,0.5342853830444386,0.9797223483779106,0.8375785643400594,1.0,,,,0.5607880211794732,0.9741169442773734,0.8615175229669955,cts,,,,4.200251175020266e-10,-0.192529,0.00117015,9.0,,,
traj_sweep_916,mega_sweep,0.7596857043183861,0.5342853830444386,0.9797223483779106,0.8375785643400594,1.0,,,,0.5174958466619255,0.9554513577761684,0.8375785643400594,routing,,,,4.2823067930232657e-10,-0.350038,,,3939.0,0.702066,0.0
traj_sweep_917,mega_sweep,0.7628368558042665,0.5468746672021859,0.9700908730110022,0.8367481824190349,1.0,1076.77,0.582016,1.187273048097551,0.8583395018983262,0.9981751750154455,1.0747028862478776,floorplan,,,,,,,,,,
traj_sweep_917,mega_sweep,0.7628368558042665,0.5468746672021859,0.9700908730110022,0.8367481824190349,1.0,,,,0.7225436082155103,0.954158432450789,0.9561933534743201,placement,3227.23,0.65415,0.688757,4.288109501164222e-10,,,,,,
traj_sweep_917,mega_sweep,0.7628368558042665,0.5468746672021859,0.9700908730110022,0.8367481824190349,1.0,,,,0.6227547399933474,0.9713428829779834,0.9210622044379774,cts,,,,4.21224668601492e-10,-0.00748426,0.00105548,7.0,,,
traj_sweep_917,mega_sweep,0.7628368558042665,0.5468746672021859,0.9700908730110022,0.8367481824190349,1.0,,,,0.5304943019648702,0.9513189065779621,0.8367481824190349,routing,,,,4.300908782025642e-10,-0.141226,,,3867.0,0.688757,0.0
traj_sweep_918,mega_sweep,0.8309168154783562,0.6347006808486595,0.9774024475567393,0.9247626004382761,1.0,1076.77,0.582016,1.187273048097551,0.8786315928411852,0.9981751750154455,1.0747028862478776,floorplan,,,,,,,,,,
traj_sweep_918,mega_sweep,0.8309168154783562,0.6347006808486595,0.9774024475567393,0.9247626004382761,1.0,,,,0.7618765021809442,0.9550094719054691,0.9817758821248544,placement,3166.61,0.637105,0.713591,4.284288229774946e-10,,,,,,
traj_sweep_918,mega_sweep,0.8309168154783562,0.6347006808486595,0.9774024475567393,0.9247626004382761,1.0,,,,0.6603399943420004,0.9532091961359536,0.9554716981132075,cts,,,,4.2923797382506835e-10,-0.00079331,0.000908697,5.0,,,
traj_sweep_918,mega_sweep,0.8309168154783562,0.6347006808486595,0.9774024475567393,0.9247626004382761,1.0,,,,0.6113042236083996,0.9462208529215612,0.9247626004382761,routing,,,,4.324081240838353e-10,-0.0282078,,,3524.0,0.713591,0.0
traj_sweep_919,mega_sweep,0.8355191854140607,0.6507643399737858,0.9628324884311824,0.9308823529411764,1.0,1076.77,0.582016,1.187273048097551,0.898911695274677,0.9981751750154455,1.0747028862478776,floorplan,,,,,,,,,,
traj_sweep_919,mega_sweep,0.8355191854140607,0.6507643399737858,0.9628324884311824,0.9308823529411764,1.0,,,,0.795158229108139,0.9551485841240226,0.9968503937007873,placement,3134.44,0.62747,0.717508,4.2836642463963674e-10,,,,,,
traj_sweep_919,mega_sweep,0.8355191854140607,0.6507643399737858,0.9628324884311824,0.9308823529411764,1.0,,,,0.6960663953123609,0.9436022699840839,0.9817758821248544,cts,,,,4.336080963303747e-10,0.0,0.00374065,1.0,,,
traj_sweep_919,mega_sweep,0.8355191854140607,0.6507643399737858,0.9628324884311824,0.9308823529411764,1.0,,,,0.6281392634220331,0.9427553220652436,0.9308823529411764,routing,,,,4.3399763905284354e-10,-0.00717409,,,3653.0,0.717508,0.0
traj_sweep_921,mega_sweep,0.8775413667385399,0.7355845771653318,0.9321173288817424,0.9855975087582716,1.0,1076.77,0.582016,1.187273048097551,0.9394607817514662,0.9981751750154455,1.0747028862478776,floorplan,,,,,,,,,,
traj_sweep_921,mega_sweep,0.8775413667385399,0.7355845771653318,0.9321173288817424,0.9855975087582716,1.0,,,,0.8389008947616536,0.9463926974268331,1.0027722772277228,placement,3111.44,0.623765,0.708605,4.3232960809321025e-10,,,,,,
traj_sweep_921,mega_sweep,0.8775413667385399,0.7355845771653318,0.9321173288817424,0.9855975087582716,1.0,,,,0.7389931417857672,0.9360656609671573,0.9902229174814234,cts,,,,4.3709923463924014e-10,0.0,0.000770897,0.0,,,
traj_sweep_921,mega_sweep,0.8775413667385399,0.7355845771653318,0.9321173288817424,0.9855975087582716,1.0,,,,0.7086944521115098,0.9109272647673757,0.9855975087582716,routing,,,,4.491616397993146e-10,0.0,,,3446.0,0.708605,0.0
traj_sweep_922,mega_sweep,0.8902788029838921,0.7646673417118351,0.9289913955001289,0.9933307179285994,1.0,1076.77,0.582016,1.187273048097551,0.9597223334668269,0.9981751750154455,1.0747028862478776,floorplan,,,,,,,,,,
traj_sweep_922,mega_sweep,0.8902788029838921,0.7646673417118351,0.9289913955001289,0.9933307179285994,1.0,,,,0.8604104532986103,0.9405172519608685,1.0051607780865421,placement,3086.52,0.622283,0.713027,4.3503038687252303e-10,,,,,,
traj_sweep_922,mega_sweep,0.8902788029838921,0.7646673417118351,0.9289913955001289,0.9933307179285994,1.0,,,,0.7641276805605156,0.9299447233508041,0.9941107184923439,cts,,,,4.3997624128297074e-10,0.0,0.000728924,0.0,,,
traj_sweep_922,mega_sweep,0.8902788029838921,0.7646673417118351,0.9289913955001289,0.9933307179285994,1.0,,,,0.7362203434263993,0.904671306468309,0.9933307179285994,routing,,,,4.522676700978707e-10,0.0,,,3428.0,0.713027,0.0
traj_sweep_923,mega_sweep,0.8923737178583957,0.7755760766376112,0.9220439676441345,0.9937205651491364,1.0,1076.77,0.582016,1.187273048097551,0.9799786264203616,0.9981751750154455,1.0747028862478776,floorplan,,,,,,,,,,
traj_sweep_923,mega_sweep,0.8923737178583957,0.7755760766376112,0.9220439676441345,0.9937205651491364,1.0,,,,0.880314251008973,0.9365320960528953,1.0063593004769475,placement,3140.15,0.621542,0.708539,4.3688153957054543e-10,,,,,,
traj_sweep_923,mega_sweep,0.8923737178583957,0.7755760766376112,0.9220439676441345,0.9937205651491364,1.0,,,,0.7745399698340875,0.924658459045772,0.9945011783189316,cts,,,,4.424915815976601e-10,0.0,0.000389543,0.0,,,
traj_sweep_923,mega_sweep,0.8923737178583957,0.7755760766376112,0.9220439676441345,0.9937205651491364,1.0,,,,0.7472331933646531,0.902793291517837,0.9937205651491364,routing,,,,4.5320848950142534e-10,0.0,,,3413.0,0.708539,0.0
traj_sweep_924,mega_sweep,0.8967154098666559,0.7906946051410194,0.9147978576718343,0.9968503937007873,1.0,1076.77,0.582016,1.187273048097551,1.000228169468699,0.9981751750154455,1.0747028862478776,floorplan,,,,,,,,,,
traj_sweep_924,mega_sweep,0.8967154098666559,0.7906946051410194,0.9147978576718343,0.9968503937007873,1.0,,,,0.8991635315776835,0.928389939731677,1.0103750997605745,placement,3111.44,0.619071,0.706286,4.407130737533329e-10,,,,,,
traj_sweep_924,mega_sweep,0.8967154098666559,0.7906946051410194,0.9147978576718343,0.9968503937007873,1.0,,,,0.7890111240857969,0.9203173395197355,0.9968503937007873,cts,,,,4.445788060391585e-10,0.0,0.0011519,0.0,,,
traj_sweep_924,mega_sweep,0.8967154098666559,0.7906946051410194,0.9147978576718343,0.9968503937007873,1.0,,,,0.7612343608379287,0.8912919842721362,0.9968503937007873,routing,,,,4.590567302307219e-10,0.0,,,3418.0,0.706286,0.0
traj_sweep_925,mega_sweep,0.9014056446959536,0.8080239531726265,0.9078667959591992,0.9984227129337538,1.0,1076.77,0.582016,1.187273048097551,1.020468184889313,0.9981751750154455,1.0747028862478776,floorplan,,,,,,,,,,
traj_sweep_925,mega_sweep,0.9014056446959536,0.8080239531726265,0.9078667959591992,0.9984227129337538,1.0,,,,0.9172246264391278,0.9229072817063341,1.0103750997605745,placement,3084.59,0.619071,0.704894,4.4333119056591224e-10,,,,,,
traj_sweep_925,mega_sweep,0.9014056446959536,0.8080239531726265,0.9078667959591992,0.9984227129337538,1.0,,,,0.8075701274718164,0.9131530602642314,0.9984227129337538,cts,,,,4.480668157235607e-10,0.0,0.000743405,0.0,,,
traj_sweep_925,mega_sweep,0.9014056446959536,0.8080239531726265,0.9078667959591992,0.9984227129337538,1.0,,,,0.7795454545454545,0.8863044020834101,0.9984227129337538,routing,,,,4.616400223433771e-10,0.0,,,3452.0,0.704894,0.0
traj_sweep_926,mega_sweep,0.9001140535567516,0.8220453713867546,0.8896021799702954,0.9972430090586843,1.0,1076.77,0.582016,1.187273048097551,1.0407059559240774,0.9981751750154455,1.0747028862478776,floorplan,,,,,,,,,,
traj_sweep_926,mega_sweep,0.9001140535567516,0.8220453713867546,0.8896021799702954,0.9972430090586843,1.0,,,,0.9373686379021701,0.9055264374588289,1.0107784431137723,placement,3064.66,0.618824,0.695823,4.518405725723736e-10,,,,,,
traj_sweep_926,mega_sweep,0.9001140535567516,0.8220453713867546,0.8896021799702954,0.9972430090586843,1.0,,,,0.8218536656743991,0.8966027977922073,0.9972430090586843,cts,,,,4.563376168224299e-10,0.0,0.000647427,0.0,,,
traj_sweep_926,mega_sweep,0.9001140535567516,0.8220453713867546,0.8896021799702954,0.9972430090586843,1.0,,,,0.7928082116249012,0.8754168252136805,0.9972430090586843,routing,,,,4.673814486955384e-10,0.0,,,3456.0,0.695823,0.0
traj_sweep_928,mega_sweep,0.9199903678924793,0.8568826847071052,0.9108699832656184,0.9976359338061466,1.0,1076.77,0.582016,1.187273048097551,1.0811532654399336,0.9981751750154455,1.0747028862478776,floorplan,,,,,,,,,,
traj_sweep_928,mega_sweep,0.9199903678924793,0.8568826847071052,0.9108699832656184,0.9976359338061466,1.0,,,,0.9724231587034502,0.9254440339270151,1.0103750997605745,placement,3097.93,0.619071,0.706648,4.421159670181489e-10,,,,,,
traj_sweep_928,mega_sweep,0.9199903678924793,0.8568826847071052,0.9108699832656184,0.9976359338061466,1.0,,,,0.8557403430922101,0.9158411993109854,0.9976359338061466,cts,,,,4.467516686174823e-10,0.0,0.00095926,0.0,,,
traj_sweep_928,mega_sweep,0.9199903678924793,0.8568826847071052,0.9108699832656184,0.9976359338061466,1.0,,,,0.8261489101556395,0.8860507268613419,0.9976359338061466,routing,,,,4.6177218930812673e-10,0.0,,,3420.0,0.706648,0.0
traj_sweep_929,mega_sweep,0.9189967046624367,0.8766815924766113,0.8874172998318379,0.9976359338061466,1.0,1076.77,0.582016,1.187273048097551,1.10136650530057,0.9981751750154455,1.0747028862478776,floorplan,,,,,,,,,,
traj_sweep_929,mega_sweep,0.9189967046624367,0.8766815924766113,0.8874172998318379,0.9976359338061466,1.0,,,,0.9923694468677188,0.897527484892004,1.0103750997605745,placement,3059.26,0.619071,0.686049,4.558674702090608e-10,,,,,,
traj_sweep_929,mega_sweep,0.9189967046624367,0.8766815924766113,0.8874172998318379,0.9976359338061466,1.0,,,,0.8741446142921759,0.8888943442700087,0.9976359338061466,cts,,,,4.60294957008451e-10,0.0,0.00133069,0.0,,,
traj_sweep_929,mega_sweep,0.9189967046624367,0.8766815924766113,0.8874172998318379,0.9976359338061466,1.0,,,,0.8428071689159407,0.86326905530529,0.9976359338061466,routing,,,,4.739583580186644e-10,0.0,,,3437.0,0.686049,0.0
traj_sweep_930,mega_sweep,0.9235159145736241,0.8895906235924748,0.8871554415380901,0.9980291683090263,1.0,1076.77,0.582016,1.187273048097551,1.1215795418380146,0.9981751750154455,1.0747028862478776,floorplan,,,,,,,,,,
traj_sweep_930,mega_sweep,0.9235159145736241,0.8895906235924748,0.8871554415380901,0.9980291683090263,1.0,,,,1.012152680009461,0.898636291104592,1.0107784431137723,placement,3111.84,0.618824,0.704334,4.553049860449022e-10,,,,,,
traj_sweep_930,mega_sweep,0.9235159145736241,0.8895906235924748,0.8871554415380901,0.9980291683090263,1.0,,,,0.8872762457668119,0.8892625824955914,0.9980291683090263,cts,,,,4.601043516669581e-10,0.0,0.00231828,0.0,,,
traj_sweep_930,mega_sweep,0.9235159145736241,0.8895906235924748,0.8871554415380901,0.9980291683090263,1.0,,,,0.8565478261283974,0.8682402713506568,0.9980291683090263,routing,,,,4.712446513732069e-10,0.0,,,3465.0,0.704334,0.0
traj_sweep_931,mega_sweep,0.9290038212553512,0.9028220094636272,0.8894794338951012,0.9984227129337538,1.0,1076.77,0.582016,1.187273048097551,1.1417790031382216,0.9981751750154455,1.0747028862478776,floorplan,,,,,,,,,,
traj_sweep_931,mega_sweep,0.9290038212553512,0.9028220094636272,0.8894794338951012,0.9984227129337538,1.0,,,,1.0291335516822795,0.9069666580744414,1.0119904076738608,placement,3120.48,0.618083,0.694979,4.5112307088496814e-10,,,,,,
traj_sweep_931,mega_sweep,0.9290038212553512,0.9028220094636272,0.8894794338951012,0.9984227129337538,1.0,,,,0.9022917241898641,0.8975438510353632,0.9984227129337538,cts,,,,4.5585915775462014e-10,0.0,0.000744189,0.0,,,
traj_sweep_931,mega_sweep,0.9290038212553512,0.9028220094636272,0.8894794338951012,0.9984227129337538,1.0,,,,0.8703180913550236,0.8735756340857668,0.9984227129337538,routing,,,,4.683665249077318e-10,0.0,,,3451.0,0.694979,0.0
traj_sweep_932,mega_sweep,0.9344586579938493,0.9188188863668896,0.8894794338951012,0.9984227129337538,1.0,1076.77,0.582016,1.187273048097551,1.1619752000930967,0.9981751750154455,1.0747028862478776,floorplan,,,,,,,,,,
traj_sweep_932,mega_sweep,0.9344586579938493,0.9188188863668896,0.8894794338951012,0.9984227129337538,1.0,,,,1.0473465534622712,0.9069666580744414,1.0119904076738608,placement,3120.48,0.618083,0.694979,4.5112307088496814e-10,,,,,,
traj_sweep_932,mega_sweep,0.9344586579938493,0.9188188863668896,0.8894794338951012,0.9984227129337538,1.0,,,,0.9182743399002697,0.8975438510353632,0.9984227129337538,cts,,,,4.5585915775462014e-10,0.0,0.000744189,0.0,,,
traj_sweep_932,mega_sweep,0.9344586579938493,0.9188188863668896,0.8894794338951012,0.9984227129337538,1.0,,,,0.885741460794315,0.8735756340857668,0.9984227129337538,routing,,,,4.683665249077318e-10,0.0,,,3451.0,0.694979,0.0
traj_sweep_933,mega_sweep,0.9413559026604787,0.9382935182091547,0.8897453837246887,0.9992107340173638,1.0,1076.77,0.582016,1.187273048097551,1.1821596058854094,0.9981751750154455,1.0747028862478776,floorplan,,,,,,,,,,
traj_sweep_933,mega_sweep,0.9413559026604787,0.9382935182091547,0.8897453837246887,0.9992107340173638,1.0,,,,1.0663296786748304,0.9048595171169402,1.0128,placement,3079.18,0.617589,0.678675,4.521735984879315e-10,,,,,,
traj_sweep_933,mega_sweep,0.9413559026604787,0.9382935182091547,0.8897453837246887,0.9992107340173638,1.0,,,,0.9360017914707245,0.8962632003175032,0.9992107340173638,cts,,,,4.565105248501504e-10,0.0,0.000527439,0.0,,,
traj_sweep_933,mega_sweep,0.9413559026604787,0.9382935182091547,0.8897453837246887,0.9992107340173638,1.0,,,,0.9021196287763573,0.8690381208394194,0.9992107340173638,routing,,,,4.708120094727376e-10,0.0,,,3373.0,0.678675,0.0
traj_sweep_934,mega_sweep,0.9470527129806628,0.9555739866445494,0.8889107104133679,1.0,1.0,1076.77,0.582016,1.187273048097551,1.2023413720440177,0.9981751750154455,1.0747028862478776,floorplan,,,,,,,,,,
traj_sweep_934,mega_sweep,0.9470527129806628,0.9555739866445494,0.8889107104133679,1.0,1.0,,,,1.0834147105983338,0.9016558445543704,1.0128,placement,3107.61,0.617589,0.697135,4.537802160901389e-10,,,,,,
traj_sweep_934,mega_sweep,0.9470527129806628,0.9555739866445494,0.8889107104133679,1.0,1.0,,,,0.9536118848653669,0.8928181271403847,1.0,cts,,,,4.5827203944805717e-10,0.0,0.00118603,0.0,,,
traj_sweep_934,mega_sweep,0.9470527129806628,0.9555739866445494,0.8889107104133679,1.0,1.0,,,,0.9211262697184326,0.8699137095091385,1.0,routing,,,,4.703381260788381e-10,0.0,,,3413.0,0.697135,0.0
traj_sweep_935,mega_sweep,0.9507327872368024,0.966961312293878,0.8904777686400144,0.9980291683090263,1.0,1076.77,0.582016,1.187273048097551,1.2225169707110695,0.9981751750154455,1.0747028862478776,floorplan,,,,,,,,,,
traj_sweep_935,mega_sweep,0.9507327872368024,0.966961312293878,0.8904777686400144,0.9980291683090263,1.0,,,,1.1009954363073908,0.9054896136362707,1.0115860966839791,placement,3082.16,0.61833,0.693021,4.5185894771088256e-10,,,,,,
traj_sweep_935,mega_sweep,0.9507327872368024,0.966961312293878,0.8904777686400144,0.9980291683090263,1.0,,,,0.965185403968531,0.8965005093962121,0.9980291683090263,cts,,,,4.563896837675881e-10,0.0,0.000583304,0.0,,,
traj_sweep_935,mega_sweep,0.9507327872368024,0.966961312293878,0.8904777686400144,0.9980291683090263,1.0,,,,0.9293710669059057,0.8665709247280151,0.9980291683090263,routing,,,,4.721524485825983e-10,0.0,,,3446.0,0.693021,0.0
traj_sweep_936,mega_sweep,0.9570802248347616,0.9848382730864278,0.8919425384706657,0.9980291683090263,1.0,1076.77,0.582016,1.187273048097551,1.242684883013441,0.9981751750154455,1.0747028862478776,floorplan,,,,,,,,,,
traj_sweep_936,mega_sweep,0.9570802248347616,0.9848382730864278,0.8919425384706657,0.9980291683090263,1.0,,,,1.119623245644089,0.9058496687901738,1.0115860966839791,placement,3091.56,0.61833,0.69283,4.5167934380024934e-10,,,,,,
traj_sweep_936,mega_sweep,0.9570802248347616,0.9848382730864278,0.8919425384706657,0.9980291683090263,1.0,,,,0.9815306311914982,0.8964432278944547,0.9980291683090263,cts,,,,4.564188464470075e-10,0.0,0.000787898,0.0,,,
traj_sweep_936,mega_sweep,0.9570802248347616,0.9848382730864278,0.8919425384706657,0.9980291683090263,1.0,,,,0.9476836765900007,0.8717753583162512,0.9980291683090263,routing,,,,4.693337338314529e-10,0.0,,,3428.0,0.69283,0.0
traj_sweep_937,mega_sweep,0.9631460003994804,1.0,0.8941683339675214,0.9992107340173638,1.0,1076.77,0.582016,1.187273048097551,1.2628457803728141,0.9981751750154455,1.0747028862478776,floorplan,,,,,,,,,,
traj_sweep_937,mega_sweep,0.9631460003994804,1.0,0.8941683339675214,0.9992107340173638,1.0,,,,1.1378179562173183,0.9079240774609565,1.0128,placement,3096.8,0.617589,0.691376,4.5064735492535025e-10,,,,,,
traj_sweep_937,mega_sweep,0.9631460003994804,1.0,0.8941683339675214,0.9992107340173638,1.0,,,,0.9963413011663488,0.8996264427778256,0.9992107340173638,cts,,,,4.548038658328596e-10,0.0,0.000870845,0.0,,,
traj_sweep_937,mega_sweep,0.9631460003994804,1.0,0.8941683339675214,0.9992107340173638,1.0,,,,0.9610874342946062,0.8759650910162148,0.9992107340173638,routing,,,,4.670889150458681e-10,0.0,,,3415.0,0.691376,0.0
traj_sweep_938,mega_sweep,0.45943377106979993,0.147781614865976,0.9703322736255509,0.6762820512820512,1.0,1076.77,0.656374,1.187273048097551,0.2498446568201564,1.009492363148355,0.9529544599171998,floorplan,,,,,,,,,,
traj_sweep_938,mega_sweep,0.45943377106979993,0.147781614865976,0.9703322736255509,0.6762820512820512,1.0,,,,0.19990167967594333,1.0119963830823175,0.7984862819299905,placement,3566.14,0.78335,0.730149,4.043034054475841e-10,,,,,,
traj_sweep_938,mega_sweep,0.45943377106979993,0.147781614865976,0.9703322736255509,0.6762820512820512,1.0,,,,0.16038478355924793,0.9929421006763308,0.7142454160789844,cts,,,,4.120618752111817e-10,-12.6792,0.00037427,9.0,,,
traj_sweep_938,mega_sweep,0.45943377106979993,0.147781614865976,0.9703322736255509,0.6762820512820512,1.0,,,,0.1443143678437796,0.9547721628267603,0.6762820512820512,routing,,,,4.285353091667988e-10,-13.3868,,,5300.0,0.730149,0.0
traj_sweep_939,mega_sweep,0.4850418708163662,0.16546403616177052,0.9862769887932833,0.6992543496271747,1.0,1076.77,0.656374,1.187273048097551,0.26764233744032356,1.009492363148355,0.9529544599171998,floorplan,,,,,,,,,,
traj_sweep_939,mega_sweep,0.4850418708163662,0.16546403616177052,0.9862769887932833,0.6992543496271747,1.0,,,,0.2150295268996277,1.0154619139386352,0.800252844500632,placement,3550.1,0.781621,0.704469,4.0292361374130694e-10,,,,,,
traj_sweep_939,mega_sweep,0.4850418708163662,0.16546403616177052,0.9862769887932833,0.6992543496271747,1.0,,,,0.1706532472464869,0.9953683814293371,0.7116357504215851,cts,,,,4.110574452779776e-10,-12.2224,0.00139967,8.0,,,
traj_sweep_939,mega_sweep,0.4850418708163662,0.16546403616177052,0.9862769887932833,0.6992543496271747,1.0,,,,0.1605954465849387,0.9621123781233761,0.6992543496271747,routing,,,,4.252658975024134e-10,-12.7749,,,4529.0,0.704469,0.0
traj_sweep_940,mega_sweep,0.4911547093882337,0.17604560503065803,0.9731186095324602,0.6916143130292269,1.0,1076.77,0.656374,1.187273048097551,0.2854338711726591,1.009492363148355,0.9529544599171998,floorplan,,,,,,,,,,
traj_sweep_940,mega_sweep,0.4911547093882337,0.17604560503065803,0.9731186095324602,0.6916143130292269,1.0,,,,0.22942235940011055,1.01514686567897,0.800252844500632,placement,3514.5,0.781621,0.695239,4.030486600647296e-10,,,,,,
traj_sweep_940,mega_sweep,0.4911547093882337,0.17604560503065803,0.9731186095324602,0.6916143130292269,1.0,,,,0.1800979590527953,0.9846280998498407,0.7023578363384189,cts,,,,4.15541242468315e-10,-11.8419,0.000851805,9.0,,,
traj_sweep_940,mega_sweep,0.4911547093882337,0.17604560503065803,0.9731186095324602,0.6916143130292269,1.0,,,,0.17161298946825676,0.9544530230312552,0.6916143130292269,routing,,,,4.286785982209838e-10,-12.4429,,,5284.0,0.695239,0.0
traj_sweep_941,mega_sweep,0.5035381107444564,0.18734905033965954,0.9699885846150069,0.7025527192008878,1.0,1076.77,0.656374,1.187273048097551,0.3032187425663901,1.009492363148355,0.9529544599171998,floorplan,,,,,,,,,,
traj_sweep_941,mega_sweep,0.5035381107444564,0.18734905033965954,0.9699885846150069,0.7025527192008878,1.0,,,,0.24590033848031367,1.0186533118936856,0.8038095238095238,placement,3523.76,0.778162,0.716833,4.0166127101692603e-10,,,,,,
traj_sweep_941,mega_sweep,0.5035381107444564,0.18734905033965954,0.9699885846150069,0.7025527192008878,1.0,,,,0.19401101682748617,0.9947628341250455,0.7170773152081563,cts,,,,4.1130767047674675e-10,-11.1102,0.000282892,12.0,,,
traj_sweep_941,mega_sweep,0.5035381107444564,0.18734905033965954,0.9699885846150069,0.7025527192008878,1.0,,,,0.18228453027747551,0.9588391494515296,0.7025527192008878,routing,,,,4.2671764520134673e-10,-11.7635,,,4872.0,0.716833,0.0
traj_sweep_942,mega_sweep,0.5056668207284034,0.1953549239805745,0.9588146002364908,0.6902944383860414,1.0,1076.77,0.656374,1.187273048097551,0.3209975764265061,1.009492363148355,0.9529544599171998,floorplan,,,,,,,,,,
traj_sweep_942,mega_sweep,0.5056668207284034,0.1953549239805745,0.9588146002364908,0.6902944383860414,1.0,,,,0.26251508061005996,1.0167752969432136,0.8061127029608405,placement,3553.91,0.775939,0.713634,4.024031516214835e-10,,,,,,
traj_sweep_942,mega_sweep,0.5056668207284034,0.1953549239805745,0.9588146002364908,0.6902944383860414,1.0,,,,0.2083972501562411,0.9965099199286436,0.7182978723404255,cts,,,,4.105865639652808e-10,-10.6007,0.00104417,8.0,,,
traj_sweep_942,mega_sweep,0.5056668207284034,0.1953549239805745,0.9588146002364908,0.6902944383860414,1.0,,,,0.19054383848321457,0.9546575998232456,0.6902944383860414,routing,,,,4.2858673524054433e-10,-11.2222,,,5155.0,0.713634,0.0
traj_sweep_943,mega_sweep,0.5264187637238101,0.21186191938421278,0.9825291419640191,0.7008026570716855,1.0,1076.77,0.656374,1.187273048097551,0.3387699017798746,1.009492363148355,0.9529544599171998,floorplan,,,,,,,,,,
traj_sweep_943,mega_sweep,0.5264187637238101,0.21186191938421278,0.9825291419640191,0.7008026570716855,1.0,,,,0.2771020624008461,1.0164397910043492,0.8061127029608405,placement,3526.04,0.775939,0.713638,4.0253597665291335e-10,,,,,,
traj_sweep_943,mega_sweep,0.5264187637238101,0.21186191938421278,0.9825291419640191,0.7008026570716855,1.0,,,,0.22121514973980771,1.0011619961785054,0.7211620620905724,cts,,,,4.086787008921456e-10,-10.1011,0.00131423,10.0,,,
traj_sweep_943,mega_sweep,0.5264187637238101,0.21186191938421278,0.9825291419640191,0.7008026570716855,1.0,,,,0.20637951683410247,0.9686465608595498,0.7008026570716855,routing,,,,4.223971885243132e-10,-10.7028,,,4847.0,0.713638,0.0
traj_sweep_944,mega_sweep,0.5359103549523994,0.22231292920896908,0.9884536858600613,0.700414937759336,1.0,1076.77,0.656374,1.187273048097551,0.35653541807592437,1.009492363148355,0.9529544599171998,floorplan,,,,,,,,,,
traj_sweep_944,mega_sweep,0.5359103549523994,0.22231292920896908,0.9884536858600613,0.700414937759336,1.0,,,,0.2921925168464433,1.016337502608354,0.8066263141127746,placement,3490.04,0.775445,0.7193,4.0257648953301125e-10,,,,,,
traj_sweep_944,mega_sweep,0.5359103549523994,0.22231292920896908,0.9884536858600613,0.700414937759336,1.0,,,,0.23353434240667761,1.0010801654617094,0.7199317600227466,cts,,,,4.087121072787539e-10,-9.54891,0.000822994,13.0,,,
traj_sweep_944,mega_sweep,0.5359103549523994,0.22231292920896908,0.9884536858600613,0.700414937759336,1.0,,,,0.21616771724475525,0.9677832467973503,0.700414937759336,routing,,,,4.227739892530852e-10,-10.2378,,,4778.0,0.7193,0.0
traj_sweep_945,mega_sweep,0.5577773907929987,0.24214711354637228,0.9957161619757209,0.7197271176805002,1.0,1076.77,0.656374,1.187273048097551,0.37429428829065226,1.009492363148355,0.9529544599171998,floorplan,,,,,,,,,,
traj_sweep_945,mega_sweep,0.5577773907929987,0.24214711354637228,0.9957161619757209,0.7197271176805002,1.0,,,,0.3083616848613992,1.0164725232910679,0.8089456869009584,placement,3487.14,0.773221,0.701202,4.0252301425333995e-10,,,,,,
traj_sweep_945,mega_sweep,0.5577773907929987,0.24214711354637228,0.9957161619757209,0.7197271176805002,1.0,,,,0.24978215702760734,1.0026103998657976,0.735191637630662,cts,,,,4.0808831031035114e-10,-8.92024,0.00108259,10.0,,,
traj_sweep_945,mega_sweep,0.5577773907929987,0.24214711354637228,0.9957161619757209,0.7197271176805002,1.0,,,,0.23540691163661845,0.9681433019512534,0.7197271176805002,routing,,,,4.2261675844493935e-10,-9.5411,,,4305.0,0.701202,0.0
traj_sweep_946,mega_sweep,0.5425896248023782,0.23920985630000122,0.9710810246842357,0.6876697447039651,1.0,1076.77,0.656374,1.187273048097551,0.3920478837109876,1.009492363148355,0.9529544599171998,floorplan,,,,,,,,,,
traj_sweep_946,mega_sweep,0.5425896248023782,0.23920985630000122,0.9710810246842357,0.6876697447039651,1.0,,,,0.3241761313933124,1.0168203038374515,0.8107588856868395,placement,3500.82,0.771492,0.734526,4.0238534029728227e-10,,,,,,
traj_sweep_946,mega_sweep,0.5425896248023782,0.23920985630000122,0.9710810246842357,0.6876697447039651,1.0,,,,0.2556890282417076,0.9947792002684047,0.7197271176805002,cts,,,,4.1130090362808525e-10,-8.47741,0.000845185,11.0,,,
traj_sweep_946,mega_sweep,0.5425896248023782,0.23920985630000122,0.9710810246842357,0.6876697447039651,1.0,,,,0.23347488286116239,0.9594078729332629,0.6876697447039651,routing,,,,4.2646469298806754e-10,-9.16002,,,4816.0,0.734526,0.0
traj_sweep_947,mega_sweep,0.5710835759791159,0.2636708119820495,0.9878685962349687,0.7150522451284947,1.0,1076.77,0.656374,1.187273048097551,0.4097940906220146,1.009492363148355,0.9529544599171998,floorplan,,,,,,,,,,
traj_sweep_947,mega_sweep,0.5710835759791159,0.2636708119820495,0.9878685962349687,0.7150522451284947,1.0,,,,0.3380409902818764,1.0113990188497055,0.8092042186001918,placement,3534.75,0.772974,0.716815,4.045421998195742e-10,,,,,,
traj_sweep_947,mega_sweep,0.5710835759791159,0.2636708119820495,0.9878685962349687,0.7150522451284947,1.0,,,,0.27478721924177124,0.9944068705069822,0.7394859813084111,cts,,,,4.1145490454246215e-10,-7.86846,0.000638753,8.0,,,
traj_sweep_947,mega_sweep,0.5710835759791159,0.2636708119820495,0.9878685962349687,0.7150522451284947,1.0,,,,0.2559905655002678,0.969538515672628,0.7150522451284947,routing,,,,4.2200859209493504e-10,-8.45931,,,4425.0,0.716815,0.0
traj_sweep_948,mega_sweep,0.582164425918003,0.27588557008502274,0.9871689436063615,0.7244635193133047,1.0,1076.77,0.655385,1.187273048097551,0.42863139016875107,1.009492363148355,0.9543912551828119,floorplan,,,,,,,,,,
traj_sweep_948,mega_sweep,0.582164425918003,0.27588557008502274,0.9871689436063615,0.7244635193133047,1.0,,,,0.3517872975919485,1.0120577561199147,0.805856142584341,placement,3631.89,0.776186,0.707283,4.0427888774792405e-10,,,,,,
traj_sweep_948,mega_sweep,0.582164425918003,0.27588557008502274,0.9871689436063615,0.7244635193133047,1.0,,,,0.29081247957232126,0.9960271186995463,0.7531231409875073,cts,,,,4.1078558635534594e-10,-7.45693,0.00195154,6.0,,,
traj_sweep_948,mega_sweep,0.582164425918003,0.27588557008502274,0.9871689436063615,0.7244635193133047,1.0,,,,0.2680067101584343,0.9618464282937886,0.7244635193133047,routing,,,,4.253834832101139e-10,-8.07402,,,4343.0,0.707283,0.0
traj_sweep_949,mega_sweep,0.5843890619993193,0.28184633719881763,0.9964280892118474,0.7106371035644119,1.0,1076.77,0.648468,1.187273048097551,0.4497989153692725,1.009492363148355,0.9645714285714285,floorplan,,,,,,,,,,
traj_sweep_949,mega_sweep,0.5843890619993193,0.28184633719881763,0.9964280892118474,0.7106371035644119,1.0,,,,0.36931587015217954,1.0204740453424002,0.8138862102217936,placement,3507.92,0.768528,0.72427,4.0094462553776696e-10,,,,,,
traj_sweep_949,mega_sweep,0.5843890619993193,0.28184633719881763,0.9964280892118474,0.7106371035644119,1.0,,,,0.2952544288492877,1.0001759360411118,0.7317919075144508,cts,,,,4.090816117815504e-10,-6.95295,0.000893972,10.0,,,
traj_sweep_949,mega_sweep,0.5843890619993193,0.28184633719881763,0.9964280892118474,0.7106371035644119,1.0,,,,0.2745550921894811,0.9764327535627049,0.7106371035644119,routing,,,,4.190289423290467e-10,-7.57673,,,4527.0,0.72427,0.0
traj_sweep_950,mega_sweep,0.596251771772693,0.29660067362737286,0.9938463300969285,0.7191138880999716,1.0,1076.77,0.647233,1.187273048097551,0.46846565066556156,1.009492363148355,0.9664122137404579,floorplan,,,,,,,,,,
traj_sweep_950,mega_sweep,0.596251771772693,0.29660067362737286,0.9938463300969285,0.7191138880999716,1.0,,,,0.38608618693383573,1.008514486082641,0.8151963940759819,placement,3530.3,0.767292,0.706494,4.056992632501379e-10,,,,,,
traj_sweep_950,mega_sweep,0.596251771772693,0.29660067362737286,0.9938463300969285,0.7191138880999716,1.0,,,,0.3117294870994374,0.9947792002684047,0.7429577464788731,cts,,,,4.1130090362808525e-10,-6.63624,0.00115493,6.0,,,
traj_sweep_950,mega_sweep,0.596251771772693,0.29660067362737286,0.9938463300969285,0.7191138880999716,1.0,,,,0.288675557211669,0.9633684796261973,0.7191138880999716,routing,,,,4.247114085978578e-10,-7.09569,,,4426.0,0.706494,0.0
traj_sweep_951,mega_sweep,0.6104135990366428,0.3138409422282756,0.9969027073692652,0.726959517657192,1.0,1076.77,0.643528,1.187273048097551,0.48926903100057717,1.009492363148355,0.9719769673704415,floorplan,,,,,,,,,,
traj_sweep_951,mega_sweep,0.6104135990366428,0.3138409422282756,0.9969027073692652,0.726959517657192,1.0,,,,0.4025154415683886,1.0091609487453306,0.8188874514877101,placement,3473.1,0.763834,0.712297,4.054393746503085e-10,,,,,,
traj_sweep_951,mega_sweep,0.6104135990366428,0.3138409422282756,0.9969027073692652,0.726959517657192,1.0,,,,0.32064309874834085,1.0013133830045784,0.7447058823529411,cts,,,,4.086169134712824e-10,-5.97472,0.00108621,10.0,,,
traj_sweep_951,mega_sweep,0.6104135990366428,0.3138409422282756,0.9969027073692652,0.726959517657192,1.0,,,,0.30417012894043427,0.978752654383876,0.726959517657192,routing,,,,4.180357336945162e-10,-6.60341,,,4102.0,0.712297,0.0
traj_sweep_952,mega_sweep,0.6029641162581968,0.31353763438984433,0.9769646532218799,0.7156585641605426,1.0,1076.77,0.643528,1.187273048097551,0.5073004959200206,1.009492363148355,0.9719769673704415,floorplan,,,,,,,,,,
traj_sweep_952,mega_sweep,0.6029641162581968,0.31353763438984433,0.9769646532218799,0.7156585641605426,1.0,,,,0.4176230165276774,0.9992389743337957,0.8178294573643411,placement,3481.37,0.764822,0.718272,4.09465197505538e-10,,,,,,
traj_sweep_952,mega_sweep,0.6029641162581968,0.31353763438984433,0.9769646532218799,0.7156585641605426,1.0,,,,0.33091893285217167,0.9952292692107837,0.7399181765049678,cts,,,,4.1111490250410086e-10,-5.59219,0.00157546,10.0,,,
traj_sweep_952,mega_sweep,0.6029641162581968,0.31353763438984433,0.9769646532218799,0.7156585641605426,1.0,,,,0.306014836608318,0.9652383115049896,0.7156585641605426,routing,,,,4.2388866987974277e-10,-6.22271,,,4745.0,0.718272,0.0
traj_sweep_953,mega_sweep,0.6176359337099318,0.3336650206066907,0.9777665942464823,0.7221905305191101,1.0,1076.77,0.643281,1.187273048097551,0.5255137246646316,1.0093491593939616,0.9723502304147464,floorplan,,,,,,,,,,
traj_sweep_953,mega_sweep,0.6176359337099318,0.3336650206066907,0.9777665942464823,0.7221905305191101,1.0,,,,0.43382509123911406,0.9993330796581112,0.8228794280142996,placement,3471.13,0.760128,0.697093,4.094266389348357e-10,,,,,,
traj_sweep_953,mega_sweep,0.6176359337099318,0.3336650206066907,0.9777665942464823,0.7221905305191101,1.0,,,,0.34375179304356474,0.9909945296165822,0.7369033760186262,cts,,,,4.1287168773688515e-10,-5.18383,0.000829684,9.0,,,
traj_sweep_953,mega_sweep,0.6176359337099318,0.3336650206066907,0.9777665942464823,0.7221905305191101,1.0,,,,0.32458242510379554,0.9627220169635076,0.7221905305191101,routing,,,,4.249966000271998e-10,-5.82479,,,4449.0,0.697093,0.0
traj_sweep_954,mega_sweep,0.6454146867111481,0.36115420166378653,0.9881631868154349,0.7533472180898542,1.0,1076.77,0.643034,1.187273048097551,0.5437296175511415,1.0093491593939616,0.9727237802535534,floorplan,,,,,,,,,,
traj_sweep_954,mega_sweep,0.6454146867111481,0.36115420166378653,0.9881631868154349,0.7533472180898542,1.0,,,,0.4464548308890744,1.012352346700381,0.8231469440832249,placement,3545.62,0.759881,0.698121,4.0416124416997403e-10,,,,,,
traj_sweep_954,mega_sweep,0.6454146867111481,0.36115420166378653,0.9881631868154349,0.7533472180898542,1.0,,,,0.3643890828437157,0.9992757981563539,0.7576301615798923,cts,,,,4.0945010850427877e-10,-4.65592,0.00155324,6.0,,,
traj_sweep_954,mega_sweep,0.6454146867111481,0.36115420166378653,0.9881631868154349,0.7533472180898542,1.0,,,,0.3506623744024973,0.9634707680221924,0.7533472180898542,routing,,,,4.2466631844028554e-10,-5.20595,,,4056.0,0.698121,0.0
traj_sweep_955,mega_sweep,0.6550179178990979,0.3755401215221189,0.990998621152422,0.7551446465851476,1.0,1076.77,0.638587,1.187273048097551,0.5673107880333571,1.0093246101789228,0.9794970986460347,floorplan,,,,,,,,,,
traj_sweep_955,mega_sweep,0.6550179178990979,0.3755401215221189,0.990998621152422,0.7551446465851476,1.0,,,,0.464349380719368,1.0041856411641237,0.827721477607061,placement,3473.01,0.755682,0.716951,4.0744815222262966e-10,,,,,,
traj_sweep_955,mega_sweep,0.6550179178990979,0.3755401215221189,0.990998621152422,0.7551446465851476,1.0,,,,0.37887609563600644,0.9981056189061688,0.7601320924647252,cts,,,,4.0993014790279734e-10,-4.19347,0.00154405,7.0,,,
traj_sweep_955,mega_sweep,0.6550179178990979,0.3755401215221189,0.990998621152422,0.7551446465851476,1.0,,,,0.3636643229298397,0.9634707680221924,0.7551446465851476,routing,,,,4.2466631844028554e-10,-4.73614,,,3903.0,0.716951,0.0
traj_sweep_956,mega_sweep,0.6589834339277019,0.38574727642660306,0.9821118053083586,0.7553699284009546,1.0,1076.77,0.638587,1.187273048097551,0.5855072841468818,1.0093246101789228,0.9794970986460347,floorplan,,,,,,,,,,
traj_sweep_956,mega_sweep,0.6589834339277019,0.38574727642660306,0.9821118053083586,0.7553699284009546,1.0,,,,0.4864247515534674,1.0131542877249833,0.8367481824190349,placement,3436.51,0.74753,0.707363,4.0384133881480646e-10,,,,,,
traj_sweep_956,mega_sweep,0.6589834339277019,0.38574727642660306,0.9821118053083586,0.7553699284009546,1.0,,,,0.4133879819126083,1.0051144197997601,0.7972292191435767,cts,,,,4.070716486808843e-10,-3.50995,0.00190797,3.0,,,
traj_sweep_956,mega_sweep,0.6589834339277019,0.38574727642660306,0.9821118053083586,0.7553699284009546,1.0,,,,0.3739461879676096,0.9622105749835316,0.7553699284009546,routing,,,,4.252224976719068e-10,-4.22504,,,4063.0,0.707363,0.0
traj_sweep_957,mega_sweep,0.664453872653627,0.39659741606628646,0.975724917862418,0.7580838323353293,1.0,1076.77,0.638587,1.187273048097551,0.6036988022222372,1.0093246101789228,0.9794970986460347,floorplan,,,,,,,,,,
traj_sweep_957,mega_sweep,0.664453872653627,0.39659741606628646,0.975724917862418,0.7580838323353293,1.0,,,,0.5047772578932882,1.008768161304709,0.8451268357810413,placement,3519.75,0.740119,0.726176,4.055972419387548e-10,,,,,,
traj_sweep_957,mega_sweep,0.664453872653627,0.39659741606628646,0.975724917862418,0.7580838323353293,1.0,,,,0.4286497908408817,1.00618640218979,0.8053435114503816,cts,,,,4.0663795802683e-10,-3.16886,0.000767504,4.0,,,
traj_sweep_957,mega_sweep,0.664453872653627,0.39659741606628646,0.975724917862418,0.7580838323353293,1.0,,,,0.3851875981817753,0.9609503819448706,0.7580838323353293,routing,,,,4.257801356535512e-10,-3.97803,,,4086.0,0.726176,0.0
traj_sweep_958,mega_sweep,0.6848929607845863,0.4228958383823173,0.987713117873056,0.7691373025516403,1.0,1076.77,0.632164,1.187273048097551,0.6311235651254824,1.0092836948205248,0.9894490035169988,floorplan,,,,,,,,,,
traj_sweep_958,mega_sweep,0.6848929607845863,0.4228958383823173,0.987713117873056,0.7691373025516403,1.0,,,,0.5259058336771449,1.0043861264202745,0.850235057085292,placement,3414.91,0.735672,0.736636,4.0736682160184783e-10,,,,,,
traj_sweep_958,mega_sweep,0.6848929607845863,0.4228958383823173,0.987713117873056,0.7691373025516403,1.0,,,,0.4481871228367662,1.0025367522206812,0.8125802310654685,cts,,,,4.081182890048852e-10,-2.81344,0.00187142,3.0,,,
traj_sweep_958,mega_sweep,0.6848929607845863,0.4228958383823173,0.987713117873056,0.7691373025516403,1.0,,,,0.4089865447586453,0.9698944792906914,0.7691373025516403,routing,,,,4.218537095705951e-10,-3.40311,,,3914.0,0.736636,0.0
traj_sweep_959,mega_sweep,0.684881222680565,0.4273624991380561,0.9791208926094588,0.7677380230442692,1.0,1076.77,0.632164,1.187273048097551,0.649571908215965,1.0092836948205248,0.9894490035169988,floorplan,,,,,,,,,,
traj_sweep_959,mega_sweep,0.684881222680565,0.4273624991380561,0.9791208926094588,0.7677380230442692,1.0,,,,0.5435076461569632,1.0003805128331023,0.8530997304582209,placement,3293.12,0.733202,0.70467,4.0899795501022496e-10,,,,,,
traj_sweep_959,mega_sweep,0.684881222680565,0.4273624991380561,0.9791208926094588,0.7677380230442692,1.0,,,,0.44330657195358075,0.9933307965811127,0.7863354037267081,cts,,,,4.1190063309127306e-10,-2.50817,0.00165626,4.0,,,
traj_sweep_959,mega_sweep,0.684881222680565,0.4273624991380561,0.9791208926094588,0.7677380230442692,1.0,,,,0.4145980821620774,0.9583931720449905,0.7677380230442692,routing,,,,4.269162134239534e-10,-3.06388,,,3915.0,0.70467,0.0
traj_sweep_960,mega_sweep,0.7160353267907977,0.464482583066073,0.9870339229236479,0.8007590132827324,1.0,1076.77,0.632164,1.187273048097551,0.6680145992997688,1.0092836948205248,0.9894490035169988,floorplan,,,,,,,,,,
traj_sweep_960,mega_sweep,0.7160353267907977,0.464482583066073,0.9870339229236479,0.8007590132827324,1.0,,,,0.5588038689578624,0.9995499310576211,0.8528123947457056,placement,3298.45,0.733449,0.729327,4.0933781421793965e-10,,,,,,
traj_sweep_960,mega_sweep,0.7160353267907977,0.464482583066073,0.9870339229236479,0.8007590132827324,1.0,,,,0.46986792709324576,0.9950042347395942,0.807140580172139,cts,,,,4.112078820326828e-10,-1.98018,0.00188383,3.0,,,
traj_sweep_960,mega_sweep,0.7160353267907977,0.464482583066073,0.9870339229236479,0.8007590132827324,1.0,,,,0.44810331716924917,0.9602220885653848,0.8007590132827324,routing,,,,4.261030743336813e-10,-2.57983,,,3639.0,0.729327,0.0
traj_sweep_961,mega_sweep,0.6901020364254337,0.44708006954998963,0.9659256895260774,0.7610459873760144,1.0,1076.77,0.631423,1.187273048097551,0.6886890415630497,1.0092836948205248,0.9906103286384976,floorplan,,,,,,,,,,
traj_sweep_961,mega_sweep,0.6901020364254337,0.44708006954998963,0.9659256895260774,0.7610459873760144,1.0,,,,0.5781264575231515,1.004521147102988,0.8559837728194726,placement,3307.98,0.730731,0.72308,4.073120662126495e-10,,,,,,
traj_sweep_961,mega_sweep,0.6901020364254337,0.44708006954998963,0.9659256895260774,0.7610459873760144,1.0,,,,0.49826041877472493,0.9849595142528651,0.8266405484818804,cts,,,,4.154014231652758e-10,-1.66071,0.00140771,1.0,,,
traj_sweep_961,mega_sweep,0.6901020364254337,0.44708006954998963,0.9659256895260774,0.7610459873760144,1.0,,,,0.4340168021771835,0.9551363095165032,0.7610459873760144,routing,,,,4.2837192964419426e-10,-2.26339,,,4036.0,0.72308,0.0
traj_sweep_962,mega_sweep,0.6729939821208115,0.43481795088907704,0.960708981330322,0.7296829971181555,1.0,1076.77,0.6292,1.187273048097551,0.7107964881752749,1.0092836948205248,0.9941107184923439,floorplan,,,,,,,,,,
traj_sweep_962,mega_sweep,0.6729939821208115,0.43481795088907704,0.960708981330322,0.7296829971181555,1.0,,,,0.5936392491817032,0.9979337744008968,0.8577235772357723,placement,3352.76,0.729249,0.70579,4.100007380013284e-10,,,,,,
traj_sweep_962,mega_sweep,0.6729939821208115,0.43481795088907704,0.960708981330322,0.7296829971181555,1.0,,,,0.47040287268929887,0.9768787309692439,0.7686703096539161,cts,,,,4.1883764177654175e-10,-1.31907,0.0014791,7.0,,,
traj_sweep_962,mega_sweep,0.6729939821208115,0.43481795088907704,0.960708981330322,0.7296829971181555,1.0,,,,0.42268797682097403,0.9459589946278134,0.7296829971181555,routing,,,,4.325278223521728e-10,-1.94565,,,4256.0,0.70579,0.0
traj_sweep_963,mega_sweep,0.7125709266348675,0.4830959945382511,0.9666498913697235,0.7747858017135862,1.0,1076.77,0.628211,1.187273048097551,0.7312242672785563,1.0092836948205248,0.995674400314589,floorplan,,,,,,,,,,
traj_sweep_963,mega_sweep,0.7125709266348675,0.4830959945382511,0.9666498913697235,0.7747858017135862,1.0,,,,0.6055966440352444,0.9879381523442454,0.8583050847457626,placement,3388.08,0.728755,0.703711,4.141489859562079e-10,,,,,,
traj_sweep_963,mega_sweep,0.7125709266348675,0.4830959945382511,0.9666498913697235,0.7747858017135862,1.0,,,,0.5183196398651513,0.9811011959559259,0.8220779220779221,cts,,,,4.1703504762540244e-10,-0.895063,0.000693008,2.0,,,
traj_sweep_963,mega_sweep,0.7125709266348675,0.4830959945382511,0.9666498913697235,0.7747858017135862,1.0,,,,0.4678352222147026,0.9492485894430193,0.7747858017135862,routing,,,,4.310289091089339e-10,-1.4621,,,3849.0,0.703711,0.0
traj_sweep_964,mega_sweep,0.7233452978790677,0.4978463737365623,0.965892957239359,0.7870686975442959,1.0,1076.77,0.593132,1.187273048097551,0.7954644029989466,1.010216564992001,1.054560599750104,floorplan,,,,,,,,,,
traj_sweep_964,mega_sweep,0.7233452978790677,0.4978463737365623,0.965892957239359,0.7870686975442959,1.0,,,,0.6572947828058602,0.9944559689370599,0.8994671403197158,placement,3294.82,0.695405,0.74122,4.114345901288613e-10,,,,,,
traj_sweep_964,mega_sweep,0.7233452978790677,0.4978463737365623,0.965892957239359,0.7870686975442959,1.0,,,,0.5295596038880492,0.9744688163595969,0.8328947368421052,cts,,,,4.198734501421272e-10,-0.367142,0.00106511,2.0,,,
traj_sweep_964,mega_sweep,0.7233452978790677,0.4978463737365623,0.965892957239359,0.7870686975442959,1.0,,,,0.4827339849216134,0.9476938058238921,0.7870686975442959,routing,,,,4.3173605384612063e-10,-1.2017,,,3924.0,0.74122,0.0
traj_sweep_965,mega_sweep,0.7596857043183861,0.5342853830444386,0.9797223483779106,0.8375785643400594,1.0,1076.77,0.582016,1.187273048097551,0.8380442587636269,0.9981751750154455,1.0747028862478776,floorplan,,,,,,,,,,
traj_sweep_965,mega_sweep,0.7596857043183861,0.5342853830444386,0.9797223483779106,0.8375785643400594,1.0,,,,0.6944419759287522,0.9781552901512641,0.9308823529411764,placement,3269.26,0.671937,0.702066,4.182910301671491e-10,,,,,,
traj_sweep_965,mega_sweep,0.7596857043183861,0.5342853830444386,0.9797223483779106,0.8375785643400594,1.0,,,,0.5607880211794732,0.9741169442773734,0.8615175229669955,cts,,,,4.200251175020266e-10,-0.192529,0.00117015,9.0,,,
traj_sweep_965,mega_sweep,0.7596857043183861,0.5342853830444386,0.9797223483779106,0.8375785643400594,1.0,,,,0.5174958466619255,0.9554513577761684,0.8375785643400594,routing,,,,4.2823067930232657e-10,-0.350038,,,3939.0,0.702066,0.0
traj_sweep_966,mega_sweep,0.7628368558042665,0.5468746672021859,0.9700908730110022,0.8367481824190349,1.0,1076.77,0.582016,1.187273048097551,0.8583395018983262,0.9981751750154455,1.0747028862478776,floorplan,,,,,,,,,,
traj_sweep_966,mega_sweep,0.7628368558042665,0.5468746672021859,0.9700908730110022,0.8367481824190349,1.0,,,,0.7225436082155103,0.954158432450789,0.9561933534743201,placement,3227.23,0.65415,0.688757,4.288109501164222e-10,,,,,,
traj_sweep_966,mega_sweep,0.7628368558042665,0.5468746672021859,0.9700908730110022,0.8367481824190349,1.0,,,,0.6227547399933474,0.9713428829779834,0.9210622044379774,cts,,,,4.21224668601492e-10,-0.00748426,0.00105548,7.0,,,
traj_sweep_966,mega_sweep,0.7628368558042665,0.5468746672021859,0.9700908730110022,0.8367481824190349,1.0,,,,0.5304943019648702,0.9513189065779621,0.8367481824190349,routing,,,,4.300908782025642e-10,-0.141226,,,3867.0,0.688757,0.0
traj_sweep_967,mega_sweep,0.8309168154783562,0.6347006808486595,0.9774024475567393,0.9247626004382761,1.0,1076.77,0.582016,1.187273048097551,0.8786315928411852,0.9981751750154455,1.0747028862478776,floorplan,,,,,,,,,,
traj_sweep_967,mega_sweep,0.8309168154783562,0.6347006808486595,0.9774024475567393,0.9247626004382761,1.0,,,,0.7618765021809442,0.9550094719054691,0.9817758821248544,placement,3166.61,0.637105,0.713591,4.284288229774946e-10,,,,,,
traj_sweep_967,mega_sweep,0.8309168154783562,0.6347006808486595,0.9774024475567393,0.9247626004382761,1.0,,,,0.6603399943420004,0.9532091961359536,0.9554716981132075,cts,,,,4.2923797382506835e-10,-0.00079331,0.000908697,5.0,,,
traj_sweep_967,mega_sweep,0.8309168154783562,0.6347006808486595,0.9774024475567393,0.9247626004382761,1.0,,,,0.6113042236083996,0.9462208529215612,0.9247626004382761,routing,,,,4.324081240838353e-10,-0.0282078,,,3524.0,0.713591,0.0
traj_sweep_968,mega_sweep,0.8355191854140607,0.6507643399737858,0.9628324884311824,0.9308823529411764,1.0,1076.77,0.582016,1.187273048097551,0.898911695274677,0.9981751750154455,1.0747028862478776,floorplan,,,,,,,,,,
traj_sweep_968,mega_sweep,0.8355191854140607,0.6507643399737858,0.9628324884311824,0.9308823529411764,1.0,,,,0.795158229108139,0.9551485841240226,0.9968503937007873,placement,3134.44,0.62747,0.717508,4.2836642463963674e-10,,,,,,
traj_sweep_968,mega_sweep,0.8355191854140607,0.6507643399737858,0.9628324884311824,0.9308823529411764,1.0,,,,0.6960663953123609,0.9436022699840839,0.9817758821248544,cts,,,,4.336080963303747e-10,0.0,0.00374065,1.0,,,
traj_sweep_968,mega_sweep,0.8355191854140607,0.6507643399737858,0.9628324884311824,0.9308823529411764,1.0,,,,0.6281392634220331,0.9427553220652436,0.9308823529411764,routing,,,,4.3399763905284354e-10,-0.00717409,,,3653.0,0.717508,0.0
traj_sweep_969,mega_sweep,0.8644098738801551,0.7026243056125661,0.9537451873309685,0.9638370765131327,1.0,1076.77,0.582016,1.187273048097551,0.9191901111321363,0.9981751750154455,1.0747028862478776,floorplan,,,,,,,,,,
traj_sweep_969,mega_sweep,0.8644098738801551,0.7026243056125661,0.9537451873309685,0.9638370765131327,1.0,,,,0.8178409566626018,0.9484057330600187,1.0,placement,3199.09,0.625494,0.700785,4.3141196823082264e-10,,,,,,
traj_sweep_969,mega_sweep,0.8644098738801551,0.7026243056125661,0.9537451873309685,0.9638370765131327,1.0,,,,0.7174729648273303,0.9380582389211438,0.9867498051441932,cts,,,,4.3617076957970583e-10,0.0,0.000231738,0.0,,,
traj_sweep_969,mega_sweep,0.8644098738801551,0.7026243056125661,0.9537451873309685,0.9638370765131327,1.0,,,,0.6767476711524124,0.9296828650570564,0.9638370765131327,routing,,,,4.401001667979632e-10,-0.00124065,,,3517.0,0.700785,0.0
traj_sweep_970,mega_sweep,0.8775413667385399,0.7355845771653318,0.9321173288817424,0.9855975087582716,1.0,1076.77,0.582016,1.187273048097551,0.9394607817514662,0.9981751750154455,1.0747028862478776,floorplan,,,,,,,,,,
traj_sweep_970,mega_sweep,0.8775413667385399,0.7355845771653318,0.9321173288817424,0.9855975087582716,1.0,,,,0.8389008947616536,0.9463926974268331,1.0027722772277228,placement,3111.44,0.623765,0.708605,4.3232960809321025e-10,,,,,,
traj_sweep_970,mega_sweep,0.8775413667385399,0.7355845771653318,0.9321173288817424,0.9855975087582716,1.0,,,,0.7389931417857672,0.9360656609671573,0.9902229174814234,cts,,,,4.3709923463924014e-10,0.0,0.000770897,0.0,,,
traj_sweep_970,mega_sweep,0.8775413667385399,0.7355845771653318,0.9321173288817424,0.9855975087582716,1.0,,,,0.7086944521115098,0.9109272647673757,0.9855975087582716,routing,,,,4.491616397993146e-10,0.0,,,3446.0,0.708605,0.0
traj_sweep_971,mega_sweep,0.8902788029838921,0.7646673417118351,0.9289913955001289,0.9933307179285994,1.0,1076.77,0.582016,1.187273048097551,0.9597223334668269,0.9981751750154455,1.0747028862478776,floorplan,,,,,,,,,,
traj_sweep_971,mega_sweep,0.8902788029838921,0.7646673417118351,0.9289913955001289,0.9933307179285994,1.0,,,,0.8604104532986103,0.9405172519608685,1.0051607780865421,placement,3086.52,0.622283,0.713027,4.3503038687252303e-10,,,,,,
traj_sweep_971,mega_sweep,0.8902788029838921,0.7646673417118351,0.9289913955001289,0.9933307179285994,1.0,,,,0.7641276805605156,0.9299447233508041,0.9941107184923439,cts,,,,4.3997624128297074e-10,0.0,0.000728924,0.0,,,
traj_sweep_971,mega_sweep,0.8902788029838921,0.7646673417118351,0.9289913955001289,0.9933307179285994,1.0,,,,0.7362203434263993,0.904671306468309,0.9933307179285994,routing,,,,4.522676700978707e-10,0.0,,,3428.0,0.713027,0.0
traj_sweep_972,mega_sweep,0.8923737178583957,0.7755760766376112,0.9220439676441345,0.9937205651491364,1.0,1076.77,0.582016,1.187273048097551,0.9799786264203616,0.9981751750154455,1.0747028862478776,floorplan,,,,,,,,,,
traj_sweep_972,mega_sweep,0.8923737178583957,0.7755760766376112,0.9220439676441345,0.9937205651491364,1.0,,,,0.880314251008973,0.9365320960528953,1.0063593004769475,placement,3140.15,0.621542,0.708539,4.3688153957054543e-10,,,,,,
traj_sweep_972,mega_sweep,0.8923737178583957,0.7755760766376112,0.9220439676441345,0.9937205651491364,1.0,,,,0.7745399698340875,0.924658459045772,0.9945011783189316,cts,,,,4.424915815976601e-10,0.0,0.000389543,0.0,,,
traj_sweep_972,mega_sweep,0.8923737178583957,0.7755760766376112,0.9220439676441345,0.9937205651491364,1.0,,,,0.7472331933646531,0.902793291517837,0.9937205651491364,routing,,,,4.5320848950142534e-10,0.0,,,3413.0,0.708539,0.0
traj_sweep_973,mega_sweep,0.8967154098666559,0.7906946051410194,0.9147978576718343,0.9968503937007873,1.0,1076.77,0.582016,1.187273048097551,1.000228169468699,0.9981751750154455,1.0747028862478776,floorplan,,,,,,,,,,
traj_sweep_973,mega_sweep,0.8967154098666559,0.7906946051410194,0.9147978576718343,0.9968503937007873,1.0,,,,0.8991635315776835,0.928389939731677,1.0103750997605745,placement,3111.44,0.619071,0.706286,4.407130737533329e-10,,,,,,
traj_sweep_973,mega_sweep,0.8967154098666559,0.7906946051410194,0.9147978576718343,0.9968503937007873,1.0,,,,0.7890111240857969,0.9203173395197355,0.9968503937007873,cts,,,,4.445788060391585e-10,0.0,0.0011519,0.0,,,
traj_sweep_973,mega_sweep,0.8967154098666559,0.7906946051410194,0.9147978576718343,0.9968503937007873,1.0,,,,0.7612343608379287,0.8912919842721362,0.9968503937007873,routing,,,,4.590567302307219e-10,0.0,,,3418.0,0.706286,0.0
traj_sweep_974,mega_sweep,0.9014056446959536,0.8080239531726265,0.9078667959591992,0.9984227129337538,1.0,1076.77,0.582016,1.187273048097551,1.020468184889313,0.9981751750154455,1.0747028862478776,floorplan,,,,,,,,,,
traj_sweep_974,mega_sweep,0.9014056446959536,0.8080239531726265,0.9078667959591992,0.9984227129337538,1.0,,,,0.9172246264391278,0.9229072817063341,1.0103750997605745,placement,3084.59,0.619071,0.704894,4.4333119056591224e-10,,,,,,
traj_sweep_974,mega_sweep,0.9014056446959536,0.8080239531726265,0.9078667959591992,0.9984227129337538,1.0,,,,0.8075701274718164,0.9131530602642314,0.9984227129337538,cts,,,,4.480668157235607e-10,0.0,0.000743405,0.0,,,
traj_sweep_974,mega_sweep,0.9014056446959536,0.8080239531726265,0.9078667959591992,0.9984227129337538,1.0,,,,0.7795454545454545,0.8863044020834101,0.9984227129337538,routing,,,,4.616400223433771e-10,0.0,,,3452.0,0.704894,0.0
traj_sweep_975,mega_sweep,0.9001140535567516,0.8220453713867546,0.8896021799702954,0.9972430090586843,1.0,1076.77,0.582016,1.187273048097551,1.0407059559240774,0.9981751750154455,1.0747028862478776,floorplan,,,,,,,,,,
traj_sweep_975,mega_sweep,0.9001140535567516,0.8220453713867546,0.8896021799702954,0.9972430090586843,1.0,,,,0.9373686379021701,0.9055264374588289,1.0107784431137723,placement,3064.66,0.618824,0.695823,4.518405725723736e-10,,,,,,
traj_sweep_975,mega_sweep,0.9001140535567516,0.8220453713867546,0.8896021799702954,0.9972430090586843,1.0,,,,0.8218536656743991,0.8966027977922073,0.9972430090586843,cts,,,,4.563376168224299e-10,0.0,0.000647427,0.0,,,
traj_sweep_975,mega_sweep,0.9001140535567516,0.8220453713867546,0.8896021799702954,0.9972430090586843,1.0,,,,0.7928082116249012,0.8754168252136805,0.9972430090586843,routing,,,,4.673814486955384e-10,0.0,,,3456.0,0.695823,0.0
traj_sweep_976,mega_sweep,0.9141603746219544,0.8361261269643373,0.9165694926904713,0.9968503937007873,1.0,1076.77,0.582016,1.187273048097551,1.0609291069004192,0.9981751750154455,1.0747028862478776,floorplan,,,,,,,,,,
traj_sweep_976,mega_sweep,0.9141603746219544,0.8361261269643373,0.9165694926904713,0.9968503937007873,1.0,,,,0.9528788039444386,0.9295887597327409,1.0103750997605745,placement,3101.12,0.619071,0.693292,4.4014471958379914e-10,,,,,,
traj_sweep_976,mega_sweep,0.9141603746219544,0.8361261269643373,0.9165694926904713,0.9968503937007873,1.0,,,,0.8335899671632376,0.9204196279157307,0.9968503937007873,cts,,,,4.4452939895179965e-10,0.0,0.00248632,0.0,,,
traj_sweep_976,mega_sweep,0.9141603746219544,0.8361261269643373,0.9165694926904713,0.9968503937007873,1.0,,,,0.8052292501097641,0.8967623676899598,0.9968503937007873,routing,,,,4.562564161058515e-10,0.0,,,3397.0,0.693292,0.0
traj_sweep_977,mega_sweep,0.9199903678924793,0.8568826847071052,0.9108699832656184,0.9976359338061466,1.0,1076.77,0.582016,1.187273048097551,1.0811532654399336,0.9981751750154455,1.0747028862478776,floorplan,,,,,,,,,,
traj_sweep_977,mega_sweep,0.9199903678924793,0.8568826847071052,0.9108699832656184,0.9976359338061466,1.0,,,,0.9724231587034502,0.9254440339270151,1.0103750997605745,placement,3097.93,0.619071,0.706648,4.421159670181489e-10,,,,,,
traj_sweep_977,mega_sweep,0.9199903678924793,0.8568826847071052,0.9108699832656184,0.9976359338061466,1.0,,,,0.8557403430922101,0.9158411993109854,0.9976359338061466,cts,,,,4.467516686174823e-10,0.0,0.00095926,0.0,,,
traj_sweep_977,mega_sweep,0.9199903678924793,0.8568826847071052,0.9108699832656184,0.9976359338061466,1.0,,,,0.8261489101556395,0.8860507268613419,0.9976359338061466,routing,,,,4.6177218930812673e-10,0.0,,,3420.0,0.706648,0.0
traj_sweep_978,mega_sweep,0.9189967046624367,0.8766815924766113,0.8874172998318379,0.9976359338061466,1.0,1076.77,0.582016,1.187273048097551,1.10136650530057,0.9981751750154455,1.0747028862478776,floorplan,,,,,,,,,,
traj_sweep_978,mega_sweep,0.9189967046624367,0.8766815924766113,0.8874172998318379,0.9976359338061466,1.0,,,,0.9923694468677188,0.897527484892004,1.0103750997605745,placement,3059.26,0.619071,0.686049,4.558674702090608e-10,,,,,,
traj_sweep_978,mega_sweep,0.9189967046624367,0.8766815924766113,0.8874172998318379,0.9976359338061466,1.0,,,,0.8741446142921759,0.8888943442700087,0.9976359338061466,cts,,,,4.60294957008451e-10,0.0,0.00133069,0.0,,,
traj_sweep_978,mega_sweep,0.9189967046624367,0.8766815924766113,0.8874172998318379,0.9976359338061466,1.0,,,,0.8428071689159407,0.86326905530529,0.9976359338061466,routing,,,,4.739583580186644e-10,0.0,,,3437.0,0.686049,0.0
traj_sweep_979,mega_sweep,0.9235159145736241,0.8895906235924748,0.8871554415380901,0.9980291683090263,1.0,1076.77,0.582016,1.187273048097551,1.1215795418380146,0.9981751750154455,1.0747028862478776,floorplan,,,,,,,,,,
traj_sweep_979,mega_sweep,0.9235159145736241,0.8895906235924748,0.8871554415380901,0.9980291683090263,1.0,,,,1.012152680009461,0.898636291104592,1.0107784431137723,placement,3111.84,0.618824,0.704334,4.553049860449022e-10,,,,,,
traj_sweep_979,mega_sweep,0.9235159145736241,0.8895906235924748,0.8871554415380901,0.9980291683090263,1.0,,,,0.8872762457668119,0.8892625824955914,0.9980291683090263,cts,,,,4.601043516669581e-10,0.0,0.00231828,0.0,,,
traj_sweep_979,mega_sweep,0.9235159145736241,0.8895906235924748,0.8871554415380901,0.9980291683090263,1.0,,,,0.8565478261283974,0.8682402713506568,0.9980291683090263,routing,,,,4.712446513732069e-10,0.0,,,3465.0,0.704334,0.0
traj_sweep_980,mega_sweep,0.9290038212553512,0.9028220094636272,0.8894794338951012,0.9984227129337538,1.0,1076.77,0.582016,1.187273048097551,1.1417790031382216,0.9981751750154455,1.0747028862478776,floorplan,,,,,,,,,,
traj_sweep_980,mega_sweep,0.9290038212553512,0.9028220094636272,0.8894794338951012,0.9984227129337538,1.0,,,,1.0291335516822795,0.9069666580744414,1.0119904076738608,placement,3120.48,0.618083,0.694979,4.5112307088496814e-10,,,,,,
traj_sweep_980,mega_sweep,0.9290038212553512,0.9028220094636272,0.8894794338951012,0.9984227129337538,1.0,,,,0.9022917241898641,0.8975438510353632,0.9984227129337538,cts,,,,4.5585915775462014e-10,0.0,0.000744189,0.0,,,
traj_sweep_980,mega_sweep,0.9290038212553512,0.9028220094636272,0.8894794338951012,0.9984227129337538,1.0,,,,0.8703180913550236,0.8735756340857668,0.9984227129337538,routing,,,,4.683665249077318e-10,0.0,,,3451.0,0.694979,0.0
traj_sweep_981,mega_sweep,0.9344586579938493,0.9188188863668896,0.8894794338951012,0.9984227129337538,1.0,1076.77,0.582016,1.187273048097551,1.1619752000930967,0.9981751750154455,1.0747028862478776,floorplan,,,,,,,,,,
traj_sweep_981,mega_sweep,0.9344586579938493,0.9188188863668896,0.8894794338951012,0.9984227129337538,1.0,,,,1.0473465534622712,0.9069666580744414,1.0119904076738608,placement,3120.48,0.618083,0.694979,4.5112307088496814e-10,,,,,,
traj_sweep_981,mega_sweep,0.9344586579938493,0.9188188863668896,0.8894794338951012,0.9984227129337538,1.0,,,,0.9182743399002697,0.8975438510353632,0.9984227129337538,cts,,,,4.5585915775462014e-10,0.0,0.000744189,0.0,,,
traj_sweep_981,mega_sweep,0.9344586579938493,0.9188188863668896,0.8894794338951012,0.9984227129337538,1.0,,,,0.885741460794315,0.8735756340857668,0.9984227129337538,routing,,,,4.683665249077318e-10,0.0,,,3451.0,0.694979,0.0
traj_sweep_982,mega_sweep,0.9413559026604787,0.9382935182091547,0.8897453837246887,0.9992107340173638,1.0,1076.77,0.582016,1.187273048097551,1.1821596058854094,0.9981751750154455,1.0747028862478776,floorplan,,,,,,,,,,
traj_sweep_982,mega_sweep,0.9413559026604787,0.9382935182091547,0.8897453837246887,0.9992107340173638,1.0,,,,1.0663296786748304,0.9048595171169402,1.0128,placement,3079.18,0.617589,0.678675,4.521735984879315e-10,,,,,,
traj_sweep_982,mega_sweep,0.9413559026604787,0.9382935182091547,0.8897453837246887,0.9992107340173638,1.0,,,,0.9360017914707245,0.8962632003175032,0.9992107340173638,cts,,,,4.565105248501504e-10,0.0,0.000527439,0.0,,,
traj_sweep_982,mega_sweep,0.9413559026604787,0.9382935182091547,0.8897453837246887,0.9992107340173638,1.0,,,,0.9021196287763573,0.8690381208394194,0.9992107340173638,routing,,,,4.708120094727376e-10,0.0,,,3373.0,0.678675,0.0
traj_sweep_983,mega_sweep,0.9470527129806628,0.9555739866445494,0.8889107104133679,1.0,1.0,1076.77,0.582016,1.187273048097551,1.2023413720440177,0.9981751750154455,1.0747028862478776,floorplan,,,,,,,,,,
traj_sweep_983,mega_sweep,0.9470527129806628,0.9555739866445494,0.8889107104133679,1.0,1.0,,,,1.0834147105983338,0.9016558445543704,1.0128,placement,3107.61,0.617589,0.697135,4.537802160901389e-10,,,,,,
traj_sweep_983,mega_sweep,0.9470527129806628,0.9555739866445494,0.8889107104133679,1.0,1.0,,,,0.9536118848653669,0.8928181271403847,1.0,cts,,,,4.5827203944805717e-10,0.0,0.00118603,0.0,,,
traj_sweep_983,mega_sweep,0.9470527129806628,0.9555739866445494,0.8889107104133679,1.0,1.0,,,,0.9211262697184326,0.8699137095091385,1.0,routing,,,,4.703381260788381e-10,0.0,,,3413.0,0.697135,0.0
traj_sweep_984,mega_sweep,0.9507327872368024,0.966961312293878,0.8904777686400144,0.9980291683090263,1.0,1076.77,0.582016,1.187273048097551,1.2225169707110695,0.9981751750154455,1.0747028862478776,floorplan,,,,,,,,,,
traj_sweep_984,mega_sweep,0.9507327872368024,0.966961312293878,0.8904777686400144,0.9980291683090263,1.0,,,,1.1009954363073908,0.9054896136362707,1.0115860966839791,placement,3082.16,0.61833,0.693021,4.5185894771088256e-10,,,,,,
traj_sweep_984,mega_sweep,0.9507327872368024,0.966961312293878,0.8904777686400144,0.9980291683090263,1.0,,,,0.965185403968531,0.8965005093962121,0.9980291683090263,cts,,,,4.563896837675881e-10,0.0,0.000583304,0.0,,,
traj_sweep_984,mega_sweep,0.9507327872368024,0.966961312293878,0.8904777686400144,0.9980291683090263,1.0,,,,0.9293710669059057,0.8665709247280151,0.9980291683090263,routing,,,,4.721524485825983e-10,0.0,,,3446.0,0.693021,0.0
traj_sweep_985,mega_sweep,0.9570802248347616,0.9848382730864278,0.8919425384706657,0.9980291683090263,1.0,1076.77,0.582016,1.187273048097551,1.242684883013441,0.9981751750154455,1.0747028862478776,floorplan,,,,,,,,,,
traj_sweep_985,mega_sweep,0.9570802248347616,0.9848382730864278,0.8919425384706657,0.9980291683090263,1.0,,,,1.119623245644089,0.9058496687901738,1.0115860966839791,placement,3091.56,0.61833,0.69283,4.5167934380024934e-10,,,,,,
traj_sweep_985,mega_sweep,0.9570802248347616,0.9848382730864278,0.8919425384706657,0.9980291683090263,1.0,,,,0.9815306311914982,0.8964432278944547,0.9980291683090263,cts,,,,4.564188464470075e-10,0.0,0.000787898,0.0,,,
traj_sweep_985,mega_sweep,0.9570802248347616,0.9848382730864278,0.8919425384706657,0.9980291683090263,1.0,,,,0.9476836765900007,0.8717753583162512,0.9980291683090263,routing,,,,4.693337338314529e-10,0.0,,,3428.0,0.69283,0.0
traj_sweep_986,mega_sweep,0.9631460003994804,1.0,0.8941683339675214,0.9992107340173638,1.0,1076.77,0.582016,1.187273048097551,1.2628457803728141,0.9981751750154455,1.0747028862478776,floorplan,,,,,,,,,,
traj_sweep_986,mega_sweep,0.9631460003994804,1.0,0.8941683339675214,0.9992107340173638,1.0,,,,1.1378179562173183,0.9079240774609565,1.0128,placement,3096.8,0.617589,0.691376,4.5064735492535025e-10,,,,,,
traj_sweep_986,mega_sweep,0.9631460003994804,1.0,0.8941683339675214,0.9992107340173638,1.0,,,,0.9963413011663488,0.8996264427778256,0.9992107340173638,cts,,,,4.548038658328596e-10,0.0,0.000870845,0.0,,,
traj_sweep_986,mega_sweep,0.9631460003994804,1.0,0.8941683339675214,0.9992107340173638,1.0,,,,0.9610874342946062,0.8759650910162148,0.9992107340173638,routing,,,,4.670889150458681e-10,0.0,,,3415.0,0.691376,0.0
traj_sweep_987,mega_sweep,0.45943377106979993,0.147781614865976,0.9703322736255509,0.6762820512820512,1.0,1076.77,0.656374,1.187273048097551,0.2498446568201564,1.009492363148355,0.9529544599171998,floorplan,,,,,,,,,,
traj_sweep_987,mega_sweep,0.45943377106979993,0.147781614865976,0.9703322736255509,0.6762820512820512,1.0,,,,0.19990167967594333,1.0119963830823175,0.7984862819299905,placement,3566.14,0.78335,0.730149,4.043034054475841e-10,,,,,,
traj_sweep_987,mega_sweep,0.45943377106979993,0.147781614865976,0.9703322736255509,0.6762820512820512,1.0,,,,0.16038478355924793,0.9929421006763308,0.7142454160789844,cts,,,,4.120618752111817e-10,-12.6792,0.00037427,9.0,,,
traj_sweep_987,mega_sweep,0.45943377106979993,0.147781614865976,0.9703322736255509,0.6762820512820512,1.0,,,,0.1443143678437796,0.9547721628267603,0.6762820512820512,routing,,,,4.285353091667988e-10,-13.3868,,,5300.0,0.730149,0.0
traj_sweep_988,mega_sweep,0.4850418708163662,0.16546403616177052,0.9862769887932833,0.6992543496271747,1.0,1076.77,0.656374,1.187273048097551,0.26764233744032356,1.009492363148355,0.9529544599171998,floorplan,,,,,,,,,,
traj_sweep_988,mega_sweep,0.4850418708163662,0.16546403616177052,0.9862769887932833,0.6992543496271747,1.0,,,,0.2150295268996277,1.0154619139386352,0.800252844500632,placement,3550.1,0.781621,0.704469,4.0292361374130694e-10,,,,,,
traj_sweep_988,mega_sweep,0.4850418708163662,0.16546403616177052,0.9862769887932833,0.6992543496271747,1.0,,,,0.1706532472464869,0.9953683814293371,0.7116357504215851,cts,,,,4.110574452779776e-10,-12.2224,0.00139967,8.0,,,
traj_sweep_988,mega_sweep,0.4850418708163662,0.16546403616177052,0.9862769887932833,0.6992543496271747,1.0,,,,0.1605954465849387,0.9621123781233761,0.6992543496271747,routing,,,,4.252658975024134e-10,-12.7749,,,4529.0,0.704469,0.0
traj_sweep_989,mega_sweep,0.4911547093882337,0.17604560503065803,0.9731186095324602,0.6916143130292269,1.0,1076.77,0.656374,1.187273048097551,0.2854338711726591,1.009492363148355,0.9529544599171998,floorplan,,,,,,,,,,
traj_sweep_989,mega_sweep,0.4911547093882337,0.17604560503065803,0.9731186095324602,0.6916143130292269,1.0,,,,0.22942235940011055,1.01514686567897,0.800252844500632,placement,3514.5,0.781621,0.695239,4.030486600647296e-10,,,,,,
traj_sweep_989,mega_sweep,0.4911547093882337,0.17604560503065803,0.9731186095324602,0.6916143130292269,1.0,,,,0.1800979590527953,0.9846280998498407,0.7023578363384189,cts,,,,4.15541242468315e-10,-11.8419,0.000851805,9.0,,,
traj_sweep_989,mega_sweep,0.4911547093882337,0.17604560503065803,0.9731186095324602,0.6916143130292269,1.0,,,,0.17161298946825676,0.9544530230312552,0.6916143130292269,routing,,,,4.286785982209838e-10,-12.4429,,,5284.0,0.695239,0.0
traj_sweep_990,mega_sweep,0.5035381107444564,0.18734905033965954,0.9699885846150069,0.7025527192008878,1.0,1076.77,0.656374,1.187273048097551,0.3032187425663901,1.009492363148355,0.9529544599171998,floorplan,,,,,,,,,,
traj_sweep_990,mega_sweep,0.5035381107444564,0.18734905033965954,0.9699885846150069,0.7025527192008878,1.0,,,,0.24590033848031367,1.0186533118936856,0.8038095238095238,placement,3523.76,0.778162,0.716833,4.0166127101692603e-10,,,,,,
traj_sweep_990,mega_sweep,0.5035381107444564,0.18734905033965954,0.9699885846150069,0.7025527192008878,1.0,,,,0.19401101682748617,0.9947628341250455,0.7170773152081563,cts,,,,4.1130767047674675e-10,-11.1102,0.000282892,12.0,,,
traj_sweep_990,mega_sweep,0.5035381107444564,0.18734905033965954,0.9699885846150069,0.7025527192008878,1.0,,,,0.18228453027747551,0.9588391494515296,0.7025527192008878,routing,,,,4.2671764520134673e-10,-11.7635,,,4872.0,0.716833,0.0
traj_sweep_991,mega_sweep,0.5056668207284034,0.1953549239805745,0.9588146002364908,0.6902944383860414,1.0,1076.77,0.656374,1.187273048097551,0.3209975764265061,1.009492363148355,0.9529544599171998,floorplan,,,,,,,,,,
traj_sweep_991,mega_sweep,0.5056668207284034,0.1953549239805745,0.9588146002364908,0.6902944383860414,1.0,,,,0.26251508061005996,1.0167752969432136,0.8061127029608405,placement,3553.91,0.775939,0.713634,4.024031516214835e-10,,,,,,
traj_sweep_991,mega_sweep,0.5056668207284034,0.1953549239805745,0.9588146002364908,0.6902944383860414,1.0,,,,0.2083972501562411,0.9965099199286436,0.7182978723404255,cts,,,,4.105865639652808e-10,-10.6007,0.00104417,8.0,,,
traj_sweep_991,mega_sweep,0.5056668207284034,0.1953549239805745,0.9588146002364908,0.6902944383860414,1.0,,,,0.19054383848321457,0.9546575998232456,0.6902944383860414,routing,,,,4.2858673524054433e-10,-11.2222,,,5155.0,0.713634,0.0
traj_sweep_992,mega_sweep,0.5264187637238101,0.21186191938421278,0.9825291419640191,0.7008026570716855,1.0,1076.77,0.656374,1.187273048097551,0.3387699017798746,1.009492363148355,0.9529544599171998,floorplan,,,,,,,,,,
traj_sweep_992,mega_sweep,0.5264187637238101,0.21186191938421278,0.9825291419640191,0.7008026570716855,1.0,,,,0.2771020624008461,1.0164397910043492,0.8061127029608405,placement,3526.04,0.775939,0.713638,4.0253597665291335e-10,,,,,,
traj_sweep_992,mega_sweep,0.5264187637238101,0.21186191938421278,0.9825291419640191,0.7008026570716855,1.0,,,,0.22121514973980771,1.0011619961785054,0.7211620620905724,cts,,,,4.086787008921456e-10,-10.1011,0.00131423,10.0,,,
traj_sweep_992,mega_sweep,0.5264187637238101,0.21186191938421278,0.9825291419640191,0.7008026570716855,1.0,,,,0.20637951683410247,0.9686465608595498,0.7008026570716855,routing,,,,4.223971885243132e-10,-10.7028,,,4847.0,0.713638,0.0
traj_sweep_993,mega_sweep,0.5359103549523994,0.22231292920896908,0.9884536858600613,0.700414937759336,1.0,1076.77,0.656374,1.187273048097551,0.35653541807592437,1.009492363148355,0.9529544599171998,floorplan,,,,,,,,,,
traj_sweep_993,mega_sweep,0.5359103549523994,0.22231292920896908,0.9884536858600613,0.700414937759336,1.0,,,,0.2921925168464433,1.016337502608354,0.8066263141127746,placement,3490.04,0.775445,0.7193,4.0257648953301125e-10,,,,,,
traj_sweep_993,mega_sweep,0.5359103549523994,0.22231292920896908,0.9884536858600613,0.700414937759336,1.0,,,,0.23353434240667761,1.0010801654617094,0.7199317600227466,cts,,,,4.087121072787539e-10,-9.54891,0.000822994,13.0,,,
traj_sweep_993,mega_sweep,0.5359103549523994,0.22231292920896908,0.9884536858600613,0.700414937759336,1.0,,,,0.21616771724475525,0.9677832467973503,0.700414937759336,routing,,,,4.227739892530852e-10,-10.2378,,,4778.0,0.7193,0.0
traj_sweep_994,mega_sweep,0.5577773907929987,0.24214711354637228,0.9957161619757209,0.7197271176805002,1.0,1076.77,0.656374,1.187273048097551,0.37429428829065226,1.009492363148355,0.9529544599171998,floorplan,,,,,,,,,,
traj_sweep_994,mega_sweep,0.5577773907929987,0.24214711354637228,0.9957161619757209,0.7197271176805002,1.0,,,,0.3083616848613992,1.0164725232910679,0.8089456869009584,placement,3487.14,0.773221,0.701202,4.0252301425333995e-10,,,,,,
traj_sweep_994,mega_sweep,0.5577773907929987,0.24214711354637228,0.9957161619757209,0.7197271176805002,1.0,,,,0.24978215702760734,1.0026103998657976,0.735191637630662,cts,,,,4.0808831031035114e-10,-8.92024,0.00108259,10.0,,,
traj_sweep_994,mega_sweep,0.5577773907929987,0.24214711354637228,0.9957161619757209,0.7197271176805002,1.0,,,,0.23540691163661845,0.9681433019512534,0.7197271176805002,routing,,,,4.2261675844493935e-10,-9.5411,,,4305.0,0.701202,0.0
traj_sweep_995,mega_sweep,0.5425896248023782,0.23920985630000122,0.9710810246842357,0.6876697447039651,1.0,1076.77,0.656374,1.187273048097551,0.3920478837109876,1.009492363148355,0.9529544599171998,floorplan,,,,,,,,,,
traj_sweep_995,mega_sweep,0.5425896248023782,0.23920985630000122,0.9710810246842357,0.6876697447039651,1.0,,,,0.3241761313933124,1.0168203038374515,0.8107588856868395,placement,3500.82,0.771492,0.734526,4.0238534029728227e-10,,,,,,
traj_sweep_995,mega_sweep,0.5425896248023782,0.23920985630000122,0.9710810246842357,0.6876697447039651,1.0,,,,0.2556890282417076,0.9947792002684047,0.7197271176805002,cts,,,,4.1130090362808525e-10,-8.47741,0.000845185,11.0,,,
traj_sweep_995,mega_sweep,0.5425896248023782,0.23920985630000122,0.9710810246842357,0.6876697447039651,1.0,,,,0.23347488286116239,0.9594078729332629,0.6876697447039651,routing,,,,4.2646469298806754e-10,-9.16002,,,4816.0,0.734526,0.0
traj_sweep_996,mega_sweep,0.5710835759791159,0.2636708119820495,0.9878685962349687,0.7150522451284947,1.0,1076.77,0.656374,1.187273048097551,0.4097940906220146,1.009492363148355,0.9529544599171998,floorplan,,,,,,,,,,
traj_sweep_996,mega_sweep,0.5710835759791159,0.2636708119820495,0.9878685962349687,0.7150522451284947,1.0,,,,0.3380409902818764,1.0113990188497055,0.8092042186001918,placement,3534.75,0.772974,0.716815,4.045421998195742e-10,,,,,,
traj_sweep_996,mega_sweep,0.5710835759791159,0.2636708119820495,0.9878685962349687,0.7150522451284947,1.0,,,,0.27478721924177124,0.9944068705069822,0.7394859813084111,cts,,,,4.1145490454246215e-10,-7.86846,0.000638753,8.0,,,
traj_sweep_996,mega_sweep,0.5710835759791159,0.2636708119820495,0.9878685962349687,0.7150522451284947,1.0,,,,0.2559905655002678,0.969538515672628,0.7150522451284947,routing,,,,4.2200859209493504e-10,-8.45931,,,4425.0,0.716815,0.0
traj_sweep_997,mega_sweep,0.582164425918003,0.27588557008502274,0.9871689436063615,0.7244635193133047,1.0,1076.77,0.655385,1.187273048097551,0.42863139016875107,1.009492363148355,0.9543912551828119,floorplan,,,,,,,,,,
traj_sweep_997,mega_sweep,0.582164425918003,0.27588557008502274,0.9871689436063615,0.7244635193133047,1.0,,,,0.3517872975919485,1.0120577561199147,0.805856142584341,placement,3631.89,0.776186,0.707283,4.0427888774792405e-10,,,,,,
traj_sweep_997,mega_sweep,0.582164425918003,0.27588557008502274,0.9871689436063615,0.7244635193133047,1.0,,,,0.29081247957232126,0.9960271186995463,0.7531231409875073,cts,,,,4.1078558635534594e-10,-7.45693,0.00195154,6.0,,,
traj_sweep_997,mega_sweep,0.582164425918003,0.27588557008502274,0.9871689436063615,0.7244635193133047,1.0,,,,0.2680067101584343,0.9618464282937886,0.7244635193133047,routing,,,,4.253834832101139e-10,-8.07402,,,4343.0,0.707283,0.0
traj_sweep_998,mega_sweep,0.5843890619993193,0.28184633719881763,0.9964280892118474,0.7106371035644119,1.0,1076.77,0.648468,1.187273048097551,0.4497989153692725,1.009492363148355,0.9645714285714285,floorplan,,,,,,,,,,
traj_sweep_998,mega_sweep,0.5843890619993193,0.28184633719881763,0.9964280892118474,0.7106371035644119,1.0,,,,0.36931587015217954,1.0204740453424002,0.8138862102217936,placement,3507.92,0.768528,0.72427,4.0094462553776696e-10,,,,,,
traj_sweep_998,mega_sweep,0.5843890619993193,0.28184633719881763,0.9964280892118474,0.7106371035644119,1.0,,,,0.2952544288492877,1.0001759360411118,0.7317919075144508,cts,,,,4.090816117815504e-10,-6.95295,0.000893972,10.0,,,
traj_sweep_998,mega_sweep,0.5843890619993193,0.28184633719881763,0.9964280892118474,0.7106371035644119,1.0,,,,0.2745550921894811,0.9764327535627049,0.7106371035644119,routing,,,,4.190289423290467e-10,-7.57673,,,4527.0,0.72427,0.0
traj_sweep_999,mega_sweep,0.596251771772693,0.29660067362737286,0.9938463300969285,0.7191138880999716,1.0,1076.77,0.647233,1.187273048097551,0.46846565066556156,1.009492363148355,0.9664122137404579,floorplan,,,,,,,,,,
traj_sweep_999,mega_sweep,0.596251771772693,0.29660067362737286,0.9938463300969285,0.7191138880999716,1.0,,,,0.38608618693383573,1.008514486082641,0.8151963940759819,placement,3530.3,0.767292,0.706494,4.056992632501379e-10,,,,,,
traj_sweep_999,mega_sweep,0.596251771772693,0.29660067362737286,0.9938463300969285,0.7191138880999716,1.0,,,,0.3117294870994374,0.9947792002684047,0.7429577464788731,cts,,,,4.1130090362808525e-10,-6.63624,0.00115493,6.0,,,
traj_sweep_999,mega_sweep,0.596251771772693,0.29660067362737286,0.9938463300969285,0.7191138880999716,1.0,,,,0.288675557211669,0.9633684796261973,0.7191138880999716,routing,,,,4.247114085978578e-10,-7.09569,,,4426.0,0.706494,0.0
traj_sweep_1000,mega_sweep,0.6104135990366428,0.3138409422282756,0.9969027073692652,0.726959517657192,1.0,1076.77,0.643528,1.187273048097551,0.48926903100057717,1.009492363148355,0.9719769673704415,floorplan,,,,,,,,,,
traj_sweep_1000,mega_sweep,0.6104135990366428,0.3138409422282756,0.9969027073692652,0.726959517657192,1.0,,,,0.4025154415683886,1.0091609487453306,0.8188874514877101,placement,3473.1,0.763834,0.712297,4.054393746503085e-10,,,,,,
traj_sweep_1000,mega_sweep,0.6104135990366428,0.3138409422282756,0.9969027073692652,0.726959517657192,1.0,,,,0.32064309874834085,1.0013133830045784,0.7447058823529411,cts,,,,4.086169134712824e-10,-5.97472,0.00108621,10.0,,,
traj_sweep_1000,mega_sweep,0.6104135990366428,0.3138409422282756,0.9969027073692652,0.726959517657192,1.0,,,,0.30417012894043427,0.978752654383876,0.726959517657192,routing,,,,4.180357336945162e-10,-6.60341,,,4102.0,0.712297,0.0
traj_sweep_1001,mega_sweep,0.6029641162581968,0.31353763438984433,0.9769646532218799,0.7156585641605426,1.0,1076.77,0.643528,1.187273048097551,0.5073004959200206,1.009492363148355,0.9719769673704415,floorplan,,,,,,,,,,
traj_sweep_1001,mega_sweep,0.6029641162581968,0.31353763438984433,0.9769646532218799,0.7156585641605426,1.0,,,,0.4176230165276774,0.9992389743337957,0.8178294573643411,placement,3481.37,0.764822,0.718272,4.09465197505538e-10,,,,,,
traj_sweep_1001,mega_sweep,0.6029641162581968,0.31353763438984433,0.9769646532218799,0.7156585641605426,1.0,,,,0.33091893285217167,0.9952292692107837,0.7399181765049678,cts,,,,4.1111490250410086e-10,-5.59219,0.00157546,10.0,,,
traj_sweep_1001,mega_sweep,0.6029641162581968,0.31353763438984433,0.9769646532218799,0.7156585641605426,1.0,,,,0.306014836608318,0.9652383115049896,0.7156585641605426,routing,,,,4.2388866987974277e-10,-6.22271,,,4745.0,0.718272,0.0
traj_sweep_1002,mega_sweep,0.6176359337099318,0.3336650206066907,0.9777665942464823,0.7221905305191101,1.0,1076.77,0.643281,1.187273048097551,0.5255137246646316,1.0093491593939616,0.9723502304147464,floorplan,,,,,,,,,,
traj_sweep_1002,mega_sweep,0.6176359337099318,0.3336650206066907,0.9777665942464823,0.7221905305191101,1.0,,,,0.43382509123911406,0.9993330796581112,0.8228794280142996,placement,3471.13,0.760128,0.697093,4.094266389348357e-10,,,,,,
traj_sweep_1002,mega_sweep,0.6176359337099318,0.3336650206066907,0.9777665942464823,0.7221905305191101,1.0,,,,0.34375179304356474,0.9909945296165822,0.7369033760186262,cts,,,,4.1287168773688515e-10,-5.18383,0.000829684,9.0,,,
traj_sweep_1002,mega_sweep,0.6176359337099318,0.3336650206066907,0.9777665942464823,0.7221905305191101,1.0,,,,0.32458242510379554,0.9627220169635076,0.7221905305191101,routing,,,,4.249966000271998e-10,-5.82479,,,4449.0,0.697093,0.0
