design,stage,metric,param,knob_first_stage,gate1_reaches_stage,gate2_verdict,n,param_nunique,metric_nunique,metric_cv_pct,spearman_rho,pearson_r
aes,synth,cell_count,ABC_AREA,synth,1,param_flat,1514,2,2,0.5429176244098818,,
aes,synth,cell_count,CELL_PAD_IN_SITES_DETAIL_PLACEMENT,floorplan,0,wrong_stage,1411,5,2,0.5285684122973626,-0.16773080155935002,-0.14182956463416274
aes,synth,cell_count,CELL_PAD_IN_SITES_GLOBAL_PLACEMENT,floorplan,0,wrong_stage,1490,5,2,0.5424983320632036,-0.13547864608724106,-0.1033617832851528
aes,synth,cell_count,CLUSTER_FLOPS,route,0,wrong_stage,1295,2,2,0.5211259156032864,,
aes,synth,cell_count,CORE_ASPECT_RATIO,floorplan,0,wrong_stage,1540,211,2,0.5468742085118933,-0.19616572709049343,-0.1341209197240099
aes,synth,cell_count,CORE_MARGIN,floorplan,0,wrong_stage,1540,21,2,0.5468742085118933,0.11943461334605866,0.10774202031583892
aes,synth,cell_count,CORE_UTILIZATION,floorplan,0,wrong_stage,1540,61,2,0.5468742085118933,0.23057079562321559,0.21408061963836994
aes,synth,cell_count,CTS_CLUSTER_DIAMETER,cts,0,wrong_stage,1540,423,2,0.5468742085118933,0.281493915525307,0.279971125557092
aes,synth,cell_count,CTS_CLUSTER_SIZE,cts,0,wrong_stage,1540,41,2,0.5468742085118933,0.20696680194066783,0.19621103896574799
aes,synth,cell_count,DETAILED_ROUTE_END_ITERATION,route,0,wrong_stage,1414,176,2,0.5428447607847808,0.10541961033180233,0.13503456757474516
aes,synth,cell_count,DONT_BUFFER_PORTS,floorplan,0,wrong_stage,1197,2,2,0.5277717462921951,,
aes,synth,cell_count,ENABLE_DPO,place,0,wrong_stage,1474,2,2,0.539220549186878,,
aes,synth,cell_count,FASTROUTE_TCL,floorplan,0,wrong_stage,0,0,0,,,
aes,synth,cell_count,GLOBAL_ROUTE_ARGS,route,0,wrong_stage,0,0,0,,,
aes,synth,cell_count,GPL_ROUTABILITY_DRIVEN,place,0,wrong_stage,1499,2,2,0.5427200916822165,,
aes,synth,cell_count,GPL_TIMING_DRIVEN,place,0,wrong_stage,1489,2,2,0.5413088247687485,,
aes,synth,cell_count,HOLD_SLACK_MARGIN,floorplan,0,wrong_stage,1169,267,2,0.5300465397990433,-0.24807933748241315,-0.2030298044956159
aes,synth,cell_count,IO_PLACER_H,floorplan,0,wrong_stage,0,0,0,,,
aes,synth,cell_count,IO_PLACER_V,floorplan,0,wrong_stage,0,0,0,,,
aes,synth,cell_count,MATCH_CELL_FOOTPRINT,route,0,wrong_stage,1294,2,2,0.5212435279733179,,
aes,synth,cell_count,MAX_ROUTING_LAYER,route,0,wrong_stage,0,0,0,,,
aes,synth,cell_count,MIN_ROUTING_LAYER,route,0,wrong_stage,0,0,0,,,
aes,synth,cell_count,OPENROAD_HIERARCHICAL,synth,1,param_flat,1540,2,2,0.5468742085118933,,
aes,synth,cell_count,PLACE_DENSITY,floorplan,0,wrong_stage,1324,328,2,0.519711013885644,0.2383155516369855,0.2421997763307148
aes,synth,cell_count,PLACE_DENSITY_LB_ADDON,floorplan,0,wrong_stage,1540,181,2,0.5468742085118933,0.07035934611253424,0.007609176544641153
aes,synth,cell_count,PLACE_PINS_ARGS,place,0,wrong_stage,0,0,0,,,
aes,synth,cell_count,REMOVE_ABC_BUFFERS,floorplan,0,wrong_stage,1540,2,2,0.5468742085118933,,
aes,synth,cell_count,ROUTING_LAYER_ADJUSTMENT,floorplan,0,wrong_stage,1411,183,2,0.5285684122973626,-0.10221971316494,-0.12523908025914077
aes,synth,cell_count,SETUP_SLACK_MARGIN,floorplan,0,wrong_stage,1170,302,2,0.5299225774926056,-0.2511232215027375,-0.21090447717811217
aes,synth,cell_count,SWAP_ARITH_OPERATORS,synth,1,param_flat,1540,1,2,0.5468742085118933,,
aes,synth,cell_count,SYNTH_HIERARCHICAL,synth,1,param_flat,1504,2,2,0.5412717816203277,,
aes,synth,cell_count,TNS_END_PERCENT,floorplan,0,wrong_stage,1540,101,2,0.5468742085118933,-0.21529557620454223,-0.23703749265844434
aes,synth,chip_area_um2,ABC_AREA,synth,1,param_flat,1514,2,2,1.242551860230153,,
aes,synth,chip_area_um2,CELL_PAD_IN_SITES_DETAIL_PLACEMENT,floorplan,0,wrong_stage,1411,5,2,1.2091036737309662,-0.16773080155935002,-0.1418295646341646
aes,synth,chip_area_um2,CELL_PAD_IN_SITES_GLOBAL_PLACEMENT,floorplan,0,wrong_stage,1490,5,2,1.241571701164168,-0.13547864608724106,-0.1033617832851528
aes,synth,chip_area_um2,CLUSTER_FLOPS,route,0,wrong_stage,1295,2,2,1.1918122681356014,,
aes,synth,chip_area_um2,CORE_ASPECT_RATIO,floorplan,0,wrong_stage,1540,211,2,1.251810026031058,-0.19616572709049343,-0.13412091972400725
aes,synth,chip_area_um2,CORE_MARGIN,floorplan,0,wrong_stage,1540,21,2,1.251810026031058,0.11943461334605866,0.10774202031583707
aes,synth,chip_area_um2,CORE_UTILIZATION,floorplan,0,wrong_stage,1540,61,2,1.251810026031058,0.23057079562321559,0.21408061963836664
aes,synth,chip_area_um2,CTS_CLUSTER_DIAMETER,cts,0,wrong_stage,1540,423,2,1.251810026031058,0.281493915525307,0.27997112555708925
aes,synth,chip_area_um2,CTS_CLUSTER_SIZE,cts,0,wrong_stage,1540,41,2,1.251810026031058,0.20696680194066783,0.19621103896574538
aes,synth,chip_area_um2,DETAILED_ROUTE_END_ITERATION,route,0,wrong_stage,1414,176,2,1.242380921647387,0.10541961033180233,0.13503456757474397
aes,synth,chip_area_um2,DONT_BUFFER_PORTS,floorplan,0,wrong_stage,1197,2,2,1.2072499816780171,,
aes,synth,chip_area_um2,ENABLE_DPO,place,0,wrong_stage,1474,2,2,1.2339167286842232,,
aes,synth,chip_area_um2,FASTROUTE_TCL,floorplan,0,wrong_stage,0,0,0,,,
aes,synth,chip_area_um2,GLOBAL_ROUTE_ARGS,route,0,wrong_stage,0,0,0,,,
aes,synth,chip_area_um2,GPL_ROUTABILITY_DRIVEN,place,0,wrong_stage,1499,2,2,1.2420900521507365,,
aes,synth,chip_area_um2,GPL_TIMING_DRIVEN,place,0,wrong_stage,1489,2,2,1.2387924736378737,,
aes,synth,chip_area_um2,HOLD_SLACK_MARGIN,floorplan,0,wrong_stage,1169,267,2,1.2125402484947339,-0.24807933748241315,-0.2030298044956166
aes,synth,chip_area_um2,IO_PLACER_H,floorplan,0,wrong_stage,0,0,0,,,
aes,synth,chip_area_um2,IO_PLACER_V,floorplan,0,wrong_stage,0,0,0,,,
aes,synth,chip_area_um2,MATCH_CELL_FOOTPRINT,route,0,wrong_stage,1294,2,2,1.1920852643284285,,
aes,synth,chip_area_um2,MAX_ROUTING_LAYER,route,0,wrong_stage,0,0,0,,,
aes,synth,chip_area_um2,MIN_ROUTING_LAYER,route,0,wrong_stage,0,0,0,,,
aes,synth,chip_area_um2,OPENROAD_HIERARCHICAL,synth,1,param_flat,1540,2,2,1.251810026031058,,
aes,synth,chip_area_um2,PLACE_DENSITY,floorplan,0,wrong_stage,1324,328,2,1.1885287102545683,0.2383155516369855,0.24219977633071488
aes,synth,chip_area_um2,PLACE_DENSITY_LB_ADDON,floorplan,0,wrong_stage,1540,181,2,1.251810026031058,0.07035934611253424,0.007609176544642136
aes,synth,chip_area_um2,PLACE_PINS_ARGS,place,0,wrong_stage,0,0,0,,,
aes,synth,chip_area_um2,REMOVE_ABC_BUFFERS,floorplan,0,wrong_stage,1540,2,2,1.251810026031058,,
aes,synth,chip_area_um2,ROUTING_LAYER_ADJUSTMENT,floorplan,0,wrong_stage,1411,183,2,1.2091036737309662,-0.10221971316494,-0.12523908025914215
aes,synth,chip_area_um2,SETUP_SLACK_MARGIN,floorplan,0,wrong_stage,1170,302,2,1.2122518704676044,-0.2511232215027375,-0.2109044771781133
aes,synth,chip_area_um2,SWAP_ARITH_OPERATORS,synth,1,param_flat,1540,1,2,1.251810026031058,,
aes,synth,chip_area_um2,SYNTH_HIERARCHICAL,synth,1,param_flat,1504,2,2,1.2387060338576383,,
aes,synth,chip_area_um2,TNS_END_PERCENT,floorplan,0,wrong_stage,1540,101,2,1.251810026031058,-0.21529557620454223,-0.23703749265844168
aes,synth,comb_area_um2,ABC_AREA,synth,1,param_flat,1514,2,2,1.9230166107846465,,
aes,synth,comb_area_um2,CELL_PAD_IN_SITES_DETAIL_PLACEMENT,floorplan,0,wrong_stage,1411,5,2,1.8703371005071392,-0.16773080155935002,-0.14182956463416516
aes,synth,comb_area_um2,CELL_PAD_IN_SITES_GLOBAL_PLACEMENT,floorplan,0,wrong_stage,1490,5,2,1.9214687614991288,-0.13547864608724106,-0.1033617832851553
aes,synth,comb_area_um2,CLUSTER_FLOPS,route,0,wrong_stage,1295,2,2,1.843188794242259,,
aes,synth,comb_area_um2,CORE_ASPECT_RATIO,floorplan,0,wrong_stage,1540,211,2,1.9376503870234187,-0.19616572709049343,-0.1341209197240105
aes,synth,comb_area_um2,CORE_MARGIN,floorplan,0,wrong_stage,1540,21,2,1.9376503870234187,0.11943461334605866,0.10774202031583902
aes,synth,comb_area_um2,CORE_UTILIZATION,floorplan,0,wrong_stage,1540,61,2,1.9376503870234187,0.23057079562321559,0.21408061963836927
aes,synth,comb_area_um2,CTS_CLUSTER_DIAMETER,cts,0,wrong_stage,1540,423,2,1.9376503870234187,0.281493915525307,0.27997112555709064
aes,synth,comb_area_um2,CTS_CLUSTER_SIZE,cts,0,wrong_stage,1540,41,2,1.9376503870234187,0.20696680194066783,0.19621103896574818
aes,synth,comb_area_um2,DETAILED_ROUTE_END_ITERATION,route,0,wrong_stage,1414,176,2,1.9227457702749646,0.10541961033180233,0.13503456757474502
aes,synth,comb_area_um2,DONT_BUFFER_PORTS,floorplan,0,wrong_stage,1197,2,2,1.8674226013760822,,
aes,synth,comb_area_um2,ENABLE_DPO,place,0,wrong_stage,1474,2,2,1.9093910481232126,,
aes,synth,comb_area_um2,FASTROUTE_TCL,floorplan,0,wrong_stage,0,0,0,,,
aes,synth,comb_area_um2,GLOBAL_ROUTE_ARGS,route,0,wrong_stage,0,0,0,,,
aes,synth,comb_area_um2,GPL_ROUTABILITY_DRIVEN,place,0,wrong_stage,1499,2,2,1.9222872645264633,,
aes,synth,comb_area_um2,GPL_TIMING_DRIVEN,place,0,wrong_stage,1489,2,2,1.9170819667863719,,
aes,synth,comb_area_um2,HOLD_SLACK_MARGIN,floorplan,0,wrong_stage,1169,267,2,1.8757362624867373,-0.24807933748241315,-0.20302980449561867
aes,synth,comb_area_um2,IO_PLACER_H,floorplan,0,wrong_stage,0,0,0,,,
aes,synth,comb_area_um2,IO_PLACER_V,floorplan,0,wrong_stage,0,0,0,,,
aes,synth,comb_area_um2,MATCH_CELL_FOOTPRINT,route,0,wrong_stage,1294,2,2,1.8436170286720728,,
aes,synth,comb_area_um2,MAX_ROUTING_LAYER,route,0,wrong_stage,0,0,0,,,
aes,synth,comb_area_um2,MIN_ROUTING_LAYER,route,0,wrong_stage,0,0,0,,,
aes,synth,comb_area_um2,OPENROAD_HIERARCHICAL,synth,1,param_flat,1540,2,2,1.9376503870234187,,
aes,synth,comb_area_um2,PLACE_DENSITY,floorplan,0,wrong_stage,1324,328,2,1.8380390131792557,0.2383155516369855,0.2421997763307155
aes,synth,comb_area_um2,PLACE_DENSITY_LB_ADDON,floorplan,0,wrong_stage,1540,181,2,1.9376503870234187,0.07035934611253424,0.0076091765446409465
aes,synth,comb_area_um2,PLACE_PINS_ARGS,place,0,wrong_stage,0,0,0,,,
aes,synth,comb_area_um2,REMOVE_ABC_BUFFERS,floorplan,0,wrong_stage,1540,2,2,1.9376503870234187,,
aes,synth,comb_area_um2,ROUTING_LAYER_ADJUSTMENT,floorplan,0,wrong_stage,1411,183,2,1.8703371005071392,-0.10221971316494,-0.12523908025914257
aes,synth,comb_area_um2,SETUP_SLACK_MARGIN,floorplan,0,wrong_stage,1170,302,2,1.8752829406880056,-0.2511232215027375,-0.21090447717811114
aes,synth,comb_area_um2,SWAP_ARITH_OPERATORS,synth,1,param_flat,1540,1,2,1.9376503870234187,,
aes,synth,comb_area_um2,SYNTH_HIERARCHICAL,synth,1,param_flat,1504,2,2,1.916945690387445,,
aes,synth,comb_area_um2,TNS_END_PERCENT,floorplan,0,wrong_stage,1540,101,2,1.9376503870234187,-0.21529557620454223,-0.23703749265844185
aes,synth,seq_area_um2,ABC_AREA,synth,1,param_flat,1514,2,2,2.517797402781102,,
aes,synth,seq_area_um2,CELL_PAD_IN_SITES_DETAIL_PLACEMENT,floorplan,0,wrong_stage,1411,5,2,2.4566547087147006,0.16773080155935002,0.14182956463416607
aes,synth,seq_area_um2,CELL_PAD_IN_SITES_GLOBAL_PLACEMENT,floorplan,0,wrong_stage,1490,5,2,2.5160350425218034,0.13547864608724106,0.10336178328515391
aes,synth,seq_area_um2,CLUSTER_FLOPS,route,0,wrong_stage,1295,2,2,2.4244432221156047,,
aes,synth,seq_area_um2,CORE_ASPECT_RATIO,floorplan,0,wrong_stage,1540,211,2,2.5343490875167207,0.19616572709049343,0.1341209197240087
aes,synth,seq_area_um2,CORE_MARGIN,floorplan,0,wrong_stage,1540,21,2,2.5343490875167207,-0.11943461334605866,-0.10774202031583928
aes,synth,seq_area_um2,CORE_UTILIZATION,floorplan,0,wrong_stage,1540,61,2,2.5343490875167207,-0.23057079562321559,-0.2140806196383729
aes,synth,seq_area_um2,CTS_CLUSTER_DIAMETER,cts,0,wrong_stage,1540,423,2,2.5343490875167207,-0.281493915525307,-0.2799711255570928
aes,synth,seq_area_um2,CTS_CLUSTER_SIZE,cts,0,wrong_stage,1540,41,2,2.5343490875167207,-0.20696680194066783,-0.19621103896575096
aes,synth,seq_area_um2,DETAILED_ROUTE_END_ITERATION,route,0,wrong_stage,1414,176,2,2.517496539292699,-0.10541961033180233,-0.1350345675747453
aes,synth,seq_area_um2,DONT_BUFFER_PORTS,floorplan,0,wrong_stage,1197,2,2,2.4532311272384066,,
aes,synth,seq_area_um2,ENABLE_DPO,place,0,wrong_stage,1474,2,2,2.502193904699855,,
aes,synth,seq_area_um2,FASTROUTE_TCL,floorplan,0,wrong_stage,0,0,0,,,
aes,synth,seq_area_um2,GLOBAL_ROUTE_ARGS,route,0,wrong_stage,0,0,0,,,
aes,synth,seq_area_um2,GPL_ROUTABILITY_DRIVEN,place,0,wrong_stage,1499,2,2,2.5169675374102742,,
aes,synth,seq_area_um2,GPL_TIMING_DRIVEN,place,0,wrong_stage,1489,2,2,2.5110228674701895,,
aes,synth,seq_area_um2,HOLD_SLACK_MARGIN,floorplan,0,wrong_stage,1169,267,2,2.4630314977399146,0.24807933748241315,0.20302980449561706
aes,synth,seq_area_um2,IO_PLACER_H,floorplan,0,wrong_stage,0,0,0,,,
aes,synth,seq_area_um2,IO_PLACER_V,floorplan,0,wrong_stage,0,0,0,,,
aes,synth,seq_area_um2,MATCH_CELL_FOOTPRINT,route,0,wrong_stage,1294,2,2,2.4249545015313716,,
aes,synth,seq_area_um2,MAX_ROUTING_LAYER,route,0,wrong_stage,0,0,0,,,
aes,synth,seq_area_um2,MIN_ROUTING_LAYER,route,0,wrong_stage,0,0,0,,,
aes,synth,seq_area_um2,OPENROAD_HIERARCHICAL,synth,1,param_flat,1540,2,2,2.5343490875167207,,
aes,synth,seq_area_um2,PLACE_DENSITY,floorplan,0,wrong_stage,1324,328,2,2.4182867677382514,-0.2383155516369855,-0.24219977633071527
aes,synth,seq_area_um2,PLACE_DENSITY_LB_ADDON,floorplan,0,wrong_stage,1540,181,2,2.5343490875167207,-0.07035934611253424,-0.0076091765446412146
aes,synth,seq_area_um2,PLACE_PINS_ARGS,place,0,wrong_stage,0,0,0,,,
aes,synth,seq_area_um2,REMOVE_ABC_BUFFERS,floorplan,0,wrong_stage,1540,2,2,2.5343490875167207,,
aes,synth,seq_area_um2,ROUTING_LAYER_ADJUSTMENT,floorplan,0,wrong_stage,1411,183,2,2.4566547087147153,0.10221971316494,0.12523908025914168
aes,synth,seq_area_um2,SETUP_SLACK_MARGIN,floorplan,0,wrong_stage,1170,302,2,2.4624982321304127,0.2511232215027375,0.21090447717810745
aes,synth,seq_area_um2,SWAP_ARITH_OPERATORS,synth,1,param_flat,1540,1,2,2.5343490875167207,,
aes,synth,seq_area_um2,SYNTH_HIERARCHICAL,synth,1,param_flat,1504,2,2,2.5108658105247477,,
aes,synth,seq_area_um2,TNS_END_PERCENT,floorplan,0,wrong_stage,1540,101,2,2.5343490875167207,0.21529557620454223,0.23703749265845042
aes,synth,seq_area_pct,ABC_AREA,synth,1,param_flat,1514,2,2,3.7881453262150706,,
aes,synth,seq_area_pct,CELL_PAD_IN_SITES_DETAIL_PLACEMENT,floorplan,0,wrong_stage,1411,5,2,3.699537260848044,0.16773080155935002,0.14182956463416346
aes,synth,seq_area_pct,CELL_PAD_IN_SITES_GLOBAL_PLACEMENT,floorplan,0,wrong_stage,1490,5,2,3.7856075110515968,0.13547864608724106,0.10336178328515525
aes,synth,seq_area_pct,CLUSTER_FLOPS,route,0,wrong_stage,1295,2,2,3.6525231004578247,,
aes,synth,seq_area_pct,CORE_ASPECT_RATIO,floorplan,0,wrong_stage,1540,211,2,3.811927025961382,0.19616572709049343,0.13412091972400986
aes,synth,seq_area_pct,CORE_MARGIN,floorplan,0,wrong_stage,1540,21,2,3.811927025961382,-0.11943461334605866,-0.10774202031584043
aes,synth,seq_area_pct,CORE_UTILIZATION,floorplan,0,wrong_stage,1540,61,2,3.811927025961382,-0.23057079562321559,-0.21408061963837158
aes,synth,seq_area_pct,CTS_CLUSTER_DIAMETER,cts,0,wrong_stage,1540,423,2,3.811927025961382,-0.281493915525307,-0.2799711255570966
aes,synth,seq_area_pct,CTS_CLUSTER_SIZE,cts,0,wrong_stage,1540,41,2,3.811927025961382,-0.20696680194066783,-0.19621103896574954
aes,synth,seq_area_pct,DETAILED_ROUTE_END_ITERATION,route,0,wrong_stage,1414,176,2,3.787715795795315,-0.10541961033180233,-0.13503456757474566
aes,synth,seq_area_pct,DONT_BUFFER_PORTS,floorplan,0,wrong_stage,1197,2,2,3.6945566392862275,,
aes,synth,seq_area_pct,ENABLE_DPO,place,0,wrong_stage,1474,2,2,3.7656327621125896,,
aes,synth,seq_area_pct,FASTROUTE_TCL,floorplan,0,wrong_stage,0,0,0,,,
aes,synth,seq_area_pct,GLOBAL_ROUTE_ARGS,route,0,wrong_stage,0,0,0,,,
aes,synth,seq_area_pct,GPL_ROUTABILITY_DRIVEN,place,0,wrong_stage,1499,2,2,3.786950584941099,,
aes,synth,seq_area_pct,GPL_TIMING_DRIVEN,place,0,wrong_stage,1489,2,2,3.778381465477585,,
aes,synth,seq_area_pct,HOLD_SLACK_MARGIN,floorplan,0,wrong_stage,1169,267,2,3.7088310969065863,0.24807933748241315,0.2030298044956152
aes,synth,seq_area_pct,IO_PLACER_H,floorplan,0,wrong_stage,0,0,0,,,
aes,synth,seq_area_pct,IO_PLACER_V,floorplan,0,wrong_stage,0,0,0,,,
aes,synth,seq_area_pct,MATCH_CELL_FOOTPRINT,route,0,wrong_stage,1294,2,2,3.653270820902095,,
aes,synth,seq_area_pct,MAX_ROUTING_LAYER,route,0,wrong_stage,0,0,0,,,
aes,synth,seq_area_pct,MIN_ROUTING_LAYER,route,0,wrong_stage,0,0,0,,,
aes,synth,seq_area_pct,OPENROAD_HIERARCHICAL,synth,1,param_flat,1540,2,2,3.811927025961382,,
aes,synth,seq_area_pct,PLACE_DENSITY,floorplan,0,wrong_stage,1324,328,2,3.6435158667950054,-0.2383155516369855,-0.2421997763307143
aes,synth,seq_area_pct,PLACE_DENSITY_LB_ADDON,floorplan,0,wrong_stage,1540,181,2,3.811927025961382,-0.07035934611253424,-0.007609176544641786
aes,synth,seq_area_pct,PLACE_PINS_ARGS,place,0,wrong_stage,0,0,0,,,
aes,synth,seq_area_pct,REMOVE_ABC_BUFFERS,floorplan,0,wrong_stage,1540,2,2,3.811927025961382,,
aes,synth,seq_area_pct,ROUTING_LAYER_ADJUSTMENT,floorplan,0,wrong_stage,1411,183,2,3.699537260848044,0.10221971316494,0.12523908025914227
aes,synth,seq_area_pct,SETUP_SLACK_MARGIN,floorplan,0,wrong_stage,1170,302,2,3.7080549097685815,0.2511232215027375,0.21090447717810892
aes,synth,seq_area_pct,SWAP_ARITH_OPERATORS,synth,1,param_flat,1540,1,2,3.811927025961382,,
aes,synth,seq_area_pct,SYNTH_HIERARCHICAL,synth,1,param_flat,1504,2,2,3.778154372526564,,
aes,synth,seq_area_pct,TNS_END_PERCENT,floorplan,0,wrong_stage,1540,101,2,3.811927025961382,0.21529557620454223,0.23703749265845045
aes,synth,logic_depth,ABC_AREA,synth,1,param_flat,1514,2,2,44.87039072399752,,
aes,synth,logic_depth,CELL_PAD_IN_SITES_DETAIL_PLACEMENT,floorplan,0,wrong_stage,1411,5,2,45.15788010926992,0.16773080155935002,0.14182956463416568
aes,synth,logic_depth,CELL_PAD_IN_SITES_GLOBAL_PLACEMENT,floorplan,0,wrong_stage,1490,5,2,44.88394285856505,0.13547864608724106,0.10336178328515569
aes,synth,logic_depth,CLUSTER_FLOPS,route,0,wrong_stage,1295,2,2,45.20094466232003,,
aes,synth,logic_depth,CORE_ASPECT_RATIO,floorplan,0,wrong_stage,1540,211,2,44.72680978210059,0.19616572709049343,0.1341209197240098
aes,synth,logic_depth,CORE_MARGIN,floorplan,0,wrong_stage,1540,21,2,44.72680978210059,-0.11943461334605866,-0.10774202031583846
aes,synth,logic_depth,CORE_UTILIZATION,floorplan,0,wrong_stage,1540,61,2,44.72680978210059,-0.23057079562321559,-0.2140806196383675
aes,synth,logic_depth,CTS_CLUSTER_DIAMETER,cts,0,wrong_stage,1540,423,2,44.72680978210059,-0.281493915525307,-0.2799711255570878
aes,synth,logic_depth,CTS_CLUSTER_SIZE,cts,0,wrong_stage,1540,41,2,44.72680978210059,-0.20696680194066783,-0.19621103896574632
aes,synth,logic_depth,DETAILED_ROUTE_END_ITERATION,route,0,wrong_stage,1414,176,2,44.87416602151462,-0.10541961033180233,-0.13503456757474347
aes,synth,logic_depth,DONT_BUFFER_PORTS,floorplan,0,wrong_stage,1197,2,2,45.16846864724587,,
aes,synth,logic_depth,ENABLE_DPO,place,0,wrong_stage,1474,2,2,44.97603594797317,,
aes,synth,logic_depth,FASTROUTE_TCL,floorplan,0,wrong_stage,0,0,0,,,
aes,synth,logic_depth,GLOBAL_ROUTE_ARGS,route,0,wrong_stage,0,0,0,,,
aes,synth,logic_depth,GPL_ROUTABILITY_DRIVEN,place,0,wrong_stage,1499,2,2,44.87686904047345,,
aes,synth,logic_depth,GPL_TIMING_DRIVEN,place,0,wrong_stage,1489,2,2,44.9195974605064,,
aes,synth,logic_depth,HOLD_SLACK_MARGIN,floorplan,0,wrong_stage,1169,267,2,45.145817730350814,0.24807933748241315,0.20302980449561542
aes,synth,logic_depth,IO_PLACER_H,floorplan,0,wrong_stage,0,0,0,,,
aes,synth,logic_depth,IO_PLACER_V,floorplan,0,wrong_stage,0,0,0,,,
aes,synth,logic_depth,MATCH_CELL_FOOTPRINT,route,0,wrong_stage,1294,2,2,45.200761640362465,,
aes,synth,logic_depth,MAX_ROUTING_LAYER,route,0,wrong_stage,0,0,0,,,
aes,synth,logic_depth,MIN_ROUTING_LAYER,route,0,wrong_stage,0,0,0,,,
aes,synth,logic_depth,OPENROAD_HIERARCHICAL,synth,1,param_flat,1540,2,2,44.72680978210059,,
aes,synth,logic_depth,PLACE_DENSITY,floorplan,0,wrong_stage,1324,328,2,45.201853273689224,-0.2383155516369855,-0.24219977633071577
aes,synth,logic_depth,PLACE_DENSITY_LB_ADDON,floorplan,0,wrong_stage,1540,181,2,44.72680978210059,-0.07035934611253424,-0.007609176544641177
aes,synth,logic_depth,PLACE_PINS_ARGS,place,0,wrong_stage,0,0,0,,,
aes,synth,logic_depth,REMOVE_ABC_BUFFERS,floorplan,0,wrong_stage,1540,2,2,44.72680978210059,,
aes,synth,logic_depth,ROUTING_LAYER_ADJUSTMENT,floorplan,0,wrong_stage,1411,183,2,45.15788010926991,0.10221971316494,0.12523908025914307
aes,synth,logic_depth,SETUP_SLACK_MARGIN,floorplan,0,wrong_stage,1170,302,2,45.14722445836629,0.2511232215027375,0.21090447717811273
aes,synth,logic_depth,SWAP_ARITH_OPERATORS,synth,1,param_flat,1540,1,2,44.72680978210059,,
aes,synth,logic_depth,SYNTH_HIERARCHICAL,synth,1,param_flat,1504,2,2,44.920461405353066,,
aes,synth,logic_depth,TNS_END_PERCENT,floorplan,0,wrong_stage,1540,101,2,44.72680978210059,0.21529557620454223,0.23703749265844157
aes,floorplan,wns_ns,ABC_AREA,synth,1,param_flat,1514,2,15,194.8189612809101,,
aes,floorplan,wns_ns,CELL_PAD_IN_SITES_DETAIL_PLACEMENT,floorplan,1,weak,1411,5,15,184.88665956979915,-0.08853326546487217,-0.09062905399590238
aes,floorplan,wns_ns,CELL_PAD_IN_SITES_GLOBAL_PLACEMENT,floorplan,1,weak,1490,5,15,191.45716725942393,-0.09396608746673253,-0.08065775422522818
aes,floorplan,wns_ns,CLUSTER_FLOPS,route,0,wrong_stage,1295,2,15,198.22239171137716,,
aes,floorplan,wns_ns,CORE_ASPECT_RATIO,floorplan,1,insensitive,1540,211,15,188.12166250194898,-0.0271941518609322,-0.13397282254796228
aes,floorplan,wns_ns,CORE_MARGIN,floorplan,1,insensitive,1540,21,15,188.12166250194898,-0.021926658508762388,0.1271987231910025
aes,floorplan,wns_ns,CORE_UTILIZATION,floorplan,1,weak,1540,61,15,188.12166250194898,0.0885267389426319,0.2442756957896605
aes,floorplan,wns_ns,CTS_CLUSTER_DIAMETER,cts,0,wrong_stage,1540,423,15,188.12166250194898,0.047203345547828034,0.1331701099979081
aes,floorplan,wns_ns,CTS_CLUSTER_SIZE,cts,0,wrong_stage,1540,41,15,188.12166250194898,-0.015222071811884886,0.08261558589008952
aes,floorplan,wns_ns,DETAILED_ROUTE_END_ITERATION,route,0,wrong_stage,1414,176,15,199.41887479086324,0.08807088278088353,0.16381893673497927
aes,floorplan,wns_ns,DONT_BUFFER_PORTS,floorplan,1,param_flat,1197,2,15,197.62595926995402,,
aes,floorplan,wns_ns,ENABLE_DPO,place,0,wrong_stage,1474,2,15,189.012397821827,,
aes,floorplan,wns_ns,FASTROUTE_TCL,floorplan,1,non_numeric,0,0,0,,,
aes,floorplan,wns_ns,GLOBAL_ROUTE_ARGS,route,0,wrong_stage,0,0,0,,,
aes,floorplan,wns_ns,GPL_ROUTABILITY_DRIVEN,place,0,wrong_stage,1499,2,15,190.30061919993176,,
aes,floorplan,wns_ns,GPL_TIMING_DRIVEN,place,0,wrong_stage,1489,2,15,189.48915819204993,,
aes,floorplan,wns_ns,HOLD_SLACK_MARGIN,floorplan,1,weak,1169,267,15,197.6587009691024,-0.1292276724876172,-0.22707173131061045
aes,floorplan,wns_ns,IO_PLACER_H,floorplan,1,param_flat,0,0,0,,,
aes,floorplan,wns_ns,IO_PLACER_V,floorplan,1,param_flat,0,0,0,,,
aes,floorplan,wns_ns,MATCH_CELL_FOOTPRINT,route,0,wrong_stage,1294,2,15,198.06694642307238,,
aes,floorplan,wns_ns,MAX_ROUTING_LAYER,route,0,wrong_stage,0,0,0,,,
aes,floorplan,wns_ns,MIN_ROUTING_LAYER,route,0,wrong_stage,0,0,0,,,
aes,floorplan,wns_ns,OPENROAD_HIERARCHICAL,synth,1,param_flat,1540,2,15,188.12166250194898,,
aes,floorplan,wns_ns,PLACE_DENSITY,floorplan,1,insensitive,1324,328,15,198.92500317120562,0.0726257672060154,0.14889273169422088
aes,floorplan,wns_ns,PLACE_DENSITY_LB_ADDON,floorplan,1,moderate,1540,181,15,188.12166250194898,-0.17639434618029856,-0.04051639388325475
aes,floorplan,wns_ns,PLACE_PINS_ARGS,place,0,wrong_stage,0,0,0,,,
aes,floorplan,wns_ns,REMOVE_ABC_BUFFERS,floorplan,1,param_flat,1540,2,15,188.12166250194898,,
aes,floorplan,wns_ns,ROUTING_LAYER_ADJUSTMENT,floorplan,1,weak,1411,183,15,184.88665956979915,-0.09498343109960655,-0.08199517881951197
aes,floorplan,wns_ns,SETUP_SLACK_MARGIN,floorplan,1,insensitive,1170,302,15,197.69950137404322,-0.07529110192422216,-0.20232417552407717
aes,floorplan,wns_ns,SWAP_ARITH_OPERATORS,synth,1,param_flat,1540,1,15,188.12166250194898,,
aes,floorplan,wns_ns,SYNTH_HIERARCHICAL,synth,1,param_flat,1504,2,15,195.8285048639462,,
aes,floorplan,wns_ns,TNS_END_PERCENT,floorplan,1,insensitive,1540,101,15,188.12166250194898,-0.012266620350075513,-0.15623474396043502
aes,floorplan,tns_ns,ABC_AREA,synth,1,param_flat,1514,2,86,234.34956130509116,,
aes,floorplan,tns_ns,CELL_PAD_IN_SITES_DETAIL_PLACEMENT,floorplan,1,insensitive,1411,5,86,221.93901615861517,-0.06500270176006379,-0.09422127547170478
aes,floorplan,tns_ns,CELL_PAD_IN_SITES_GLOBAL_PLACEMENT,floorplan,1,weak,1490,5,86,229.28816593621653,-0.08087198273447506,-0.08405620991765893
aes,floorplan,tns_ns,CLUSTER_FLOPS,route,0,wrong_stage,1295,2,86,245.7382320871059,,
aes,floorplan,tns_ns,CORE_ASPECT_RATIO,floorplan,1,insensitive,1540,211,86,223.10899792672956,-0.01945406597303689,-0.14275370315579874
aes,floorplan,tns_ns,CORE_MARGIN,floorplan,1,insensitive,1540,21,86,223.10899792672956,-0.003942072947649759,0.1330763917240757
aes,floorplan,tns_ns,CORE_UTILIZATION,floorplan,1,insensitive,1540,61,86,223.10899792672956,0.07072795564008867,0.24499832122915485
aes,floorplan,tns_ns,CTS_CLUSTER_DIAMETER,cts,0,wrong_stage,1540,423,86,223.10899792672956,0.030869012164865442,0.14038546612330288
aes,floorplan,tns_ns,CTS_CLUSTER_SIZE,cts,0,wrong_stage,1540,41,86,223.10899792672956,-0.021215971731877357,0.09073671700753812
aes,floorplan,tns_ns,DETAILED_ROUTE_END_ITERATION,route,0,wrong_stage,1414,176,86,242.5688727654744,0.05676976190366611,0.16480211946479156
aes,floorplan,tns_ns,DONT_BUFFER_PORTS,floorplan,1,param_flat,1197,2,86,246.1030134725098,,
aes,floorplan,tns_ns,ENABLE_DPO,place,0,wrong_stage,1474,2,86,226.1837136900785,,
aes,floorplan,tns_ns,FASTROUTE_TCL,floorplan,1,non_numeric,0,0,0,,,
aes,floorplan,tns_ns,GLOBAL_ROUTE_ARGS,route,0,wrong_stage,0,0,0,,,
aes,floorplan,tns_ns,GPL_ROUTABILITY_DRIVEN,place,0,wrong_stage,1499,2,86,227.38144655025258,,
aes,floorplan,tns_ns,GPL_TIMING_DRIVEN,place,0,wrong_stage,1489,2,86,226.4749090331252,,
aes,floorplan,tns_ns,HOLD_SLACK_MARGIN,floorplan,1,weak,1169,267,86,245.95295300539468,-0.12514272519769876,-0.23859431308382625
aes,floorplan,tns_ns,IO_PLACER_H,floorplan,1,param_flat,0,0,0,,,
aes,floorplan,tns_ns,IO_PLACER_V,floorplan,1,param_flat,0,0,0,,,
aes,floorplan,tns_ns,MATCH_CELL_FOOTPRINT,route,0,wrong_stage,1294,2,86,245.60111783432487,,
aes,floorplan,tns_ns,MAX_ROUTING_LAYER,route,0,wrong_stage,0,0,0,,,
aes,floorplan,tns_ns,MIN_ROUTING_LAYER,route,0,wrong_stage,0,0,0,,,
aes,floorplan,tns_ns,OPENROAD_HIERARCHICAL,synth,1,param_flat,1540,2,86,223.10899792672956,,
aes,floorplan,tns_ns,PLACE_DENSITY,floorplan,1,insensitive,1324,328,86,245.37997610950387,0.038016151388831194,0.1483563274279883
aes,floorplan,tns_ns,PLACE_DENSITY_LB_ADDON,floorplan,1,moderate,1540,181,86,223.10899792672956,-0.1681087572152827,-0.03426576553618296
aes,floorplan,tns_ns,PLACE_PINS_ARGS,place,0,wrong_stage,0,0,0,,,
aes,floorplan,tns_ns,REMOVE_ABC_BUFFERS,floorplan,1,param_flat,1540,2,86,223.10899792672956,,
aes,floorplan,tns_ns,ROUTING_LAYER_ADJUSTMENT,floorplan,1,insensitive,1411,183,86,221.93901615861517,-0.0780159880895691,-0.08806144647171102
aes,floorplan,tns_ns,SETUP_SLACK_MARGIN,floorplan,1,insensitive,1170,302,86,246.04616182687852,-0.07576119241290823,-0.22097273356577432
aes,floorplan,tns_ns,SWAP_ARITH_OPERATORS,synth,1,param_flat,1540,1,86,223.10899792672956,,
aes,floorplan,tns_ns,SYNTH_HIERARCHICAL,synth,1,param_flat,1504,2,86,236.36882076736882,,
aes,floorplan,tns_ns,TNS_END_PERCENT,floorplan,1,insensitive,1540,101,86,223.10899792672956,0.019491068064658168,-0.16268917498025914
aes,floorplan,fmax_mhz,ABC_AREA,synth,1,param_flat,1514,2,50,20.97917705182241,,
aes,floorplan,fmax_mhz,CELL_PAD_IN_SITES_DETAIL_PLACEMENT,floorplan,1,insensitive,1411,5,50,18.611362103005543,-0.04938516195259613,-0.048371711629040644
aes,floorplan,fmax_mhz,CELL_PAD_IN_SITES_GLOBAL_PLACEMENT,floorplan,1,insensitive,1490,5,50,20.812499320028476,-0.011532079680045354,0.015745417422402045
aes,floorplan,fmax_mhz,CLUSTER_FLOPS,route,0,wrong_stage,1295,2,50,16.869869133659908,,
aes,floorplan,fmax_mhz,CORE_ASPECT_RATIO,floorplan,1,moderate,1540,211,50,21.630738704840788,-0.22496989693755115,-0.03965477893886385
aes,floorplan,fmax_mhz,CORE_MARGIN,floorplan,1,strong,1540,21,50,21.630738704840788,0.3916847579183341,0.3378181376095239
aes,floorplan,fmax_mhz,CORE_UTILIZATION,floorplan,1,moderate,1540,61,50,21.630738704840788,0.1857010838093207,0.21522508026423837
aes,floorplan,fmax_mhz,CTS_CLUSTER_DIAMETER,cts,0,wrong_stage,1540,423,50,21.630738704840788,0.3199299297245585,0.26741907775284435
aes,floorplan,fmax_mhz,CTS_CLUSTER_SIZE,cts,0,wrong_stage,1540,41,50,21.630738704840788,0.2845549506811645,0.2381796326862163
aes,floorplan,fmax_mhz,DETAILED_ROUTE_END_ITERATION,route,0,wrong_stage,1414,176,50,20.477200765192983,-0.017329014446087327,-0.004865231898813758
aes,floorplan,fmax_mhz,DONT_BUFFER_PORTS,floorplan,1,param_flat,1197,2,50,16.872942763591325,,
aes,floorplan,fmax_mhz,ENABLE_DPO,place,0,wrong_stage,1474,2,50,20.302530550564786,,
aes,floorplan,fmax_mhz,FASTROUTE_TCL,floorplan,1,non_numeric,0,0,0,,,
aes,floorplan,fmax_mhz,GLOBAL_ROUTE_ARGS,route,0,wrong_stage,0,0,0,,,
aes,floorplan,fmax_mhz,GPL_ROUTABILITY_DRIVEN,place,0,wrong_stage,1499,2,50,20.884224180705726,,
aes,floorplan,fmax_mhz,GPL_TIMING_DRIVEN,place,0,wrong_stage,1489,2,50,20.649537405062258,,
aes,floorplan,fmax_mhz,HOLD_SLACK_MARGIN,floorplan,1,weak,1169,267,50,16.91309948769036,-0.11397390255922941,-0.1599933143898837
aes,floorplan,fmax_mhz,IO_PLACER_H,floorplan,1,param_flat,0,0,0,,,
aes,floorplan,fmax_mhz,IO_PLACER_V,floorplan,1,param_flat,0,0,0,,,
aes,floorplan,fmax_mhz,MATCH_CELL_FOOTPRINT,route,0,wrong_stage,1294,2,50,16.876496499680734,,
aes,floorplan,fmax_mhz,MAX_ROUTING_LAYER,route,0,wrong_stage,0,0,0,,,
aes,floorplan,fmax_mhz,MIN_ROUTING_LAYER,route,0,wrong_stage,0,0,0,,,
aes,floorplan,fmax_mhz,OPENROAD_HIERARCHICAL,synth,1,param_flat,1540,2,50,21.630738704840788,,
aes,floorplan,fmax_mhz,PLACE_DENSITY,floorplan,1,weak,1324,328,50,16.924704517038915,0.14336288758780985,0.1355706056426871
aes,floorplan,fmax_mhz,PLACE_DENSITY_LB_ADDON,floorplan,1,moderate,1540,181,50,21.630738704840788,0.2152482743705395,0.17257143823864213
aes,floorplan,fmax_mhz,PLACE_PINS_ARGS,place,0,wrong_stage,0,0,0,,,
aes,floorplan,fmax_mhz,REMOVE_ABC_BUFFERS,floorplan,1,param_flat,1540,2,50,21.630738704840788,,
aes,floorplan,fmax_mhz,ROUTING_LAYER_ADJUSTMENT,floorplan,1,insensitive,1411,183,50,18.611362103005547,0.004620746612517746,-0.027287397073687093
aes,floorplan,fmax_mhz,SETUP_SLACK_MARGIN,floorplan,1,insensitive,1170,302,50,16.905730087224935,-0.05747891670624974,-0.1032089663154319
aes,floorplan,fmax_mhz,SWAP_ARITH_OPERATORS,synth,1,param_flat,1540,1,50,21.630738704840788,,
aes,floorplan,fmax_mhz,SYNTH_HIERARCHICAL,synth,1,param_flat,1504,2,50,20.71530142595101,,
aes,floorplan,fmax_mhz,TNS_END_PERCENT,floorplan,1,strong,1540,101,50,21.630738704840788,-0.4073170370286804,-0.3160722072022416
aes,floorplan,power_total_w,ABC_AREA,synth,1,param_flat,1514,2,15,38.378466693108614,,
aes,floorplan,power_total_w,CELL_PAD_IN_SITES_DETAIL_PLACEMENT,floorplan,1,weak,1411,5,13,38.76761716632443,0.10315997392946305,0.15839731266977256
aes,floorplan,power_total_w,CELL_PAD_IN_SITES_GLOBAL_PLACEMENT,floorplan,1,weak,1490,5,15,38.48497126174674,0.09102907869701163,0.16133801148691954
aes,floorplan,power_total_w,CLUSTER_FLOPS,route,0,wrong_stage,1295,2,13,38.936663186770154,,
aes,floorplan,power_total_w,CORE_ASPECT_RATIO,floorplan,1,insensitive,1540,211,15,38.336324271500224,0.029217236624345732,0.18047137915133918
aes,floorplan,power_total_w,CORE_MARGIN,floorplan,1,insensitive,1540,21,15,38.336324271500224,0.07408967952074336,0.10195743807805199
aes,floorplan,power_total_w,CORE_UTILIZATION,floorplan,1,weak,1540,61,15,38.336324271500224,-0.11031822372090677,-0.18880552445368728
aes,floorplan,power_total_w,CTS_CLUSTER_DIAMETER,cts,0,wrong_stage,1540,423,15,38.336324271500224,-0.1446411750519787,-0.156678339761015
aes,floorplan,power_total_w,CTS_CLUSTER_SIZE,cts,0,wrong_stage,1540,41,15,38.336324271500224,-0.058430134160188704,-0.05008239988496764
aes,floorplan,power_total_w,DETAILED_ROUTE_END_ITERATION,route,0,wrong_stage,1414,176,15,38.50983486840141,-0.04649919541862229,-0.23107694975017762
aes,floorplan,power_total_w,DONT_BUFFER_PORTS,floorplan,1,param_flat,1197,2,13,38.71731615715831,,
aes,floorplan,power_total_w,ENABLE_DPO,place,0,wrong_stage,1474,2,15,38.53769159725143,,
aes,floorplan,power_total_w,FASTROUTE_TCL,floorplan,1,non_numeric,0,0,0,,,
aes,floorplan,power_total_w,GLOBAL_ROUTE_ARGS,route,0,wrong_stage,0,0,0,,,
aes,floorplan,power_total_w,GPL_ROUTABILITY_DRIVEN,place,0,wrong_stage,1499,2,15,38.478346331328495,,
aes,floorplan,power_total_w,GPL_TIMING_DRIVEN,place,0,wrong_stage,1489,2,15,38.495602948946576,,
aes,floorplan,power_total_w,HOLD_SLACK_MARGIN,floorplan,1,insensitive,1169,267,13,38.72701510892272,0.059220517875141085,0.1997881556770395
aes,floorplan,power_total_w,IO_PLACER_H,floorplan,1,param_flat,0,0,0,,,
aes,floorplan,power_total_w,IO_PLACER_V,floorplan,1,param_flat,0,0,0,,,
aes,floorplan,power_total_w,MATCH_CELL_FOOTPRINT,route,0,wrong_stage,1294,2,13,38.91547861910787,,
aes,floorplan,power_total_w,MAX_ROUTING_LAYER,route,0,wrong_stage,0,0,0,,,
aes,floorplan,power_total_w,MIN_ROUTING_LAYER,route,0,wrong_stage,0,0,0,,,
aes,floorplan,power_total_w,OPENROAD_HIERARCHICAL,synth,1,param_flat,1540,2,15,38.336324271500224,,
aes,floorplan,power_total_w,PLACE_DENSITY,floorplan,1,weak,1324,328,13,39.153334821050905,-0.123338710035212,-0.2418375563284118
aes,floorplan,power_total_w,PLACE_DENSITY_LB_ADDON,floorplan,1,weak,1540,181,15,38.336324271500224,0.09963119747441518,0.1802200952827644
aes,floorplan,power_total_w,PLACE_PINS_ARGS,place,0,wrong_stage,0,0,0,,,
aes,floorplan,power_total_w,REMOVE_ABC_BUFFERS,floorplan,1,param_flat,1540,2,15,38.336324271500224,,
aes,floorplan,power_total_w,ROUTING_LAYER_ADJUSTMENT,floorplan,1,weak,1411,183,13,38.76761716632442,0.12492814570160937,0.15598760514127513
aes,floorplan,power_total_w,SETUP_SLACK_MARGIN,floorplan,1,insensitive,1170,302,13,38.72657870617059,0.05963635870454274,0.21063404463912172
aes,floorplan,power_total_w,SWAP_ARITH_OPERATORS,synth,1,param_flat,1540,1,15,38.336324271500224,,
aes,floorplan,power_total_w,SYNTH_HIERARCHICAL,synth,1,param_flat,1504,2,15,38.410036587537846,,
aes,floorplan,power_total_w,TNS_END_PERCENT,floorplan,1,insensitive,1540,101,15,38.336324271500224,-0.02946224925120297,0.06028450461685047
aes,floorplan,utilization_pct,ABC_AREA,synth,1,param_flat,1514,2,62,21.563330217586678,,
aes,floorplan,utilization_pct,CELL_PAD_IN_SITES_DETAIL_PLACEMENT,floorplan,1,moderate,1411,5,62,21.90164063316289,-0.2552915713674692,-0.24206855325940502
aes,floorplan,utilization_pct,CELL_PAD_IN_SITES_GLOBAL_PLACEMENT,floorplan,1,moderate,1490,5,62,21.52326311087804,-0.2455170576388465,-0.26503515030379016
aes,floorplan,utilization_pct,CLUSTER_FLOPS,route,0,wrong_stage,1295,2,62,21.004128014037747,,
aes,floorplan,utilization_pct,CORE_ASPECT_RATIO,floorplan,1,weak,1540,211,62,21.77901594855538,-0.1461341763836609,-0.1953185054431363
aes,floorplan,utilization_pct,CORE_MARGIN,floorplan,1,insensitive,1540,21,62,21.77901594855538,0.06674414647720482,0.05111887596512209
aes,floorplan,utilization_pct,CORE_UTILIZATION,floorplan,1,strong,1540,61,62,21.77901594855538,0.9982657282848939,0.999112075428188
aes,floorplan,utilization_pct,CTS_CLUSTER_DIAMETER,cts,0,wrong_stage,1540,423,62,21.77901594855538,0.16614876407187182,0.17471283402479118
aes,floorplan,utilization_pct,CTS_CLUSTER_SIZE,cts,0,wrong_stage,1540,41,62,21.77901594855538,0.11416643630329977,0.1403155184523786
aes,floorplan,utilization_pct,DETAILED_ROUTE_END_ITERATION,route,0,wrong_stage,1414,176,62,21.07991952787398,0.1709763230488041,0.1660841790348237
aes,floorplan,utilization_pct,DONT_BUFFER_PORTS,floorplan,1,param_flat,1197,2,62,21.253713895211103,,
aes,floorplan,utilization_pct,ENABLE_DPO,place,0,wrong_stage,1474,2,62,21.71705895381199,,
aes,floorplan,utilization_pct,FASTROUTE_TCL,floorplan,1,non_numeric,0,0,0,,,
aes,floorplan,utilization_pct,GLOBAL_ROUTE_ARGS,route,0,wrong_stage,0,0,0,,,
aes,floorplan,utilization_pct,GPL_ROUTABILITY_DRIVEN,place,0,wrong_stage,1499,2,62,21.67789603729588,,
aes,floorplan,utilization_pct,GPL_TIMING_DRIVEN,place,0,wrong_stage,1489,2,62,21.645608828427058,,
aes,floorplan,utilization_pct,HOLD_SLACK_MARGIN,floorplan,1,moderate,1169,267,62,21.336211458766126,-0.28753397627501226,-0.3283464798198396
aes,floorplan,utilization_pct,IO_PLACER_H,floorplan,1,param_flat,0,0,0,,,
aes,floorplan,utilization_pct,IO_PLACER_V,floorplan,1,param_flat,0,0,0,,,
aes,floorplan,utilization_pct,MATCH_CELL_FOOTPRINT,route,0,wrong_stage,1294,2,62,21.0189271021745,,
aes,floorplan,utilization_pct,MAX_ROUTING_LAYER,route,0,wrong_stage,0,0,0,,,
aes,floorplan,utilization_pct,MIN_ROUTING_LAYER,route,0,wrong_stage,0,0,0,,,
aes,floorplan,utilization_pct,OPENROAD_HIERARCHICAL,synth,1,param_flat,1540,2,62,21.77901594855538,,
aes,floorplan,utilization_pct,PLACE_DENSITY,floorplan,1,strong,1324,328,62,21.167531913640506,0.33979531495433646,0.3270904749729094
aes,floorplan,utilization_pct,PLACE_DENSITY_LB_ADDON,floorplan,1,weak,1540,181,62,21.77901594855538,-0.09874307929129475,-0.1520449020261204
aes,floorplan,utilization_pct,PLACE_PINS_ARGS,place,0,wrong_stage,0,0,0,,,
aes,floorplan,utilization_pct,REMOVE_ABC_BUFFERS,floorplan,1,param_flat,1540,2,62,21.77901594855538,,
aes,floorplan,utilization_pct,ROUTING_LAYER_ADJUSTMENT,floorplan,1,weak,1411,183,62,21.665930716361302,-0.08046188082674785,-0.14483395555813997
aes,floorplan,utilization_pct,SETUP_SLACK_MARGIN,floorplan,1,moderate,1170,302,62,21.339473076825634,-0.27311734509832114,-0.30334221670991224
aes,floorplan,utilization_pct,SWAP_ARITH_OPERATORS,synth,1,param_flat,1540,1,62,21.77901594855538,,
aes,floorplan,utilization_pct,SYNTH_HIERARCHICAL,synth,1,param_flat,1504,2,62,21.531384518828776,,
aes,floorplan,utilization_pct,TNS_END_PERCENT,floorplan,1,moderate,1540,101,62,21.77901594855538,-0.16008195514923798,-0.20750952947905635
aes,floorplan,core_area_um2,ABC_AREA,synth,1,param_flat,1514,2,597,33.23895442558944,,
aes,floorplan,core_area_um2,CELL_PAD_IN_SITES_DETAIL_PLACEMENT,floorplan,1,moderate,1411,5,560,34.03431919504495,0.24883220454576058,0.24930842840555678
aes,floorplan,core_area_um2,CELL_PAD_IN_SITES_GLOBAL_PLACEMENT,floorplan,1,moderate,1490,5,591,33.47767192132284,0.23970340118544245,0.2663630115140749
aes,floorplan,core_area_um2,CLUSTER_FLOPS,route,0,wrong_stage,1295,2,559,35.08019665574334,,
aes,floorplan,core_area_um2,CORE_ASPECT_RATIO,floorplan,1,weak,1540,211,597,33.2204209929301,0.12613130133476425,0.23584271679825633
aes,floorplan,core_area_um2,CORE_MARGIN,floorplan,1,insensitive,1540,21,597,33.2204209929301,-0.04537819212345944,-0.0073973686426959786
aes,floorplan,core_area_um2,CORE_UTILIZATION,floorplan,1,strong,1540,61,597,33.2204209929301,-0.9959583988608273,-0.9276041673986016
aes,floorplan,core_area_um2,CTS_CLUSTER_DIAMETER,cts,0,wrong_stage,1540,423,597,33.2204209929301,-0.139809259887588,-0.1363874500317164
aes,floorplan,core_area_um2,CTS_CLUSTER_SIZE,cts,0,wrong_stage,1540,41,597,33.2204209929301,-0.09048722580666345,-0.1308833547852586
aes,floorplan,core_area_um2,DETAILED_ROUTE_END_ITERATION,route,0,wrong_stage,1414,176,589,33.779932850144085,-0.16729178557186297,-0.16313563735097988
aes,floorplan,core_area_um2,DONT_BUFFER_PORTS,floorplan,1,param_flat,1197,2,556,35.424636329231504,,
aes,floorplan,core_area_um2,ENABLE_DPO,place,0,wrong_stage,1474,2,585,33.586628741532344,,
aes,floorplan,core_area_um2,FASTROUTE_TCL,floorplan,1,non_numeric,0,0,0,,,
aes,floorplan,core_area_um2,GLOBAL_ROUTE_ARGS,route,0,wrong_stage,0,0,0,,,
aes,floorplan,core_area_um2,GPL_ROUTABILITY_DRIVEN,place,0,wrong_stage,1499,2,593,33.38331209447604,,
aes,floorplan,core_area_um2,GPL_TIMING_DRIVEN,place,0,wrong_stage,1489,2,588,33.48344835878026,,
aes,floorplan,core_area_um2,HOLD_SLACK_MARGIN,floorplan,1,moderate,1169,267,555,35.53125180684808,0.27314592465459175,0.3363049747855111
aes,floorplan,core_area_um2,IO_PLACER_H,floorplan,1,param_flat,0,0,0,,,
aes,floorplan,core_area_um2,IO_PLACER_V,floorplan,1,param_flat,0,0,0,,,
aes,floorplan,core_area_um2,MATCH_CELL_FOOTPRINT,route,0,wrong_stage,1294,2,560,35.10328740141214,,
aes,floorplan,core_area_um2,MAX_ROUTING_LAYER,route,0,wrong_stage,0,0,0,,,
aes,floorplan,core_area_um2,MIN_ROUTING_LAYER,route,0,wrong_stage,0,0,0,,,
aes,floorplan,core_area_um2,OPENROAD_HIERARCHICAL,synth,1,param_flat,1540,2,597,33.2204209929301,,
aes,floorplan,core_area_um2,PLACE_DENSITY,floorplan,1,strong,1324,328,559,34.77265413448687,-0.3314933230620949,-0.27325447574341843
aes,floorplan,core_area_um2,PLACE_DENSITY_LB_ADDON,floorplan,1,weak,1540,181,597,33.2204209929301,0.114397109679352,0.1635172637398467
aes,floorplan,core_area_um2,PLACE_PINS_ARGS,place,0,wrong_stage,0,0,0,,,
aes,floorplan,core_area_um2,REMOVE_ABC_BUFFERS,floorplan,1,param_flat,1540,2,597,33.2204209929301,,
aes,floorplan,core_area_um2,ROUTING_LAYER_ADJUSTMENT,floorplan,1,insensitive,1411,183,560,33.95787976726903,0.07690511198027206,0.18464321708409517
aes,floorplan,core_area_um2,SETUP_SLACK_MARGIN,floorplan,1,moderate,1170,302,555,35.53455818223284,0.2601240128648427,0.30922195794942425
aes,floorplan,core_area_um2,SWAP_ARITH_OPERATORS,synth,1,param_flat,1540,1,597,33.2204209929301,,
aes,floorplan,core_area_um2,SYNTH_HIERARCHICAL,synth,1,param_flat,1504,2,595,33.34432179181488,,
aes,floorplan,core_area_um2,TNS_END_PERCENT,floorplan,1,weak,1540,101,597,33.2204209929301,0.13612896556936915,0.18326367539000046
aes,place,wns_ns,ABC_AREA,synth,1,param_flat,1145,2,139,242.182866409709,,
aes,place,wns_ns,CELL_PAD_IN_SITES_DETAIL_PLACEMENT,floorplan,1,moderate,1043,5,139,229.08886233462403,-0.28844746955359823,-0.40995222473508597
aes,place,wns_ns,CELL_PAD_IN_SITES_GLOBAL_PLACEMENT,floorplan,1,moderate,1121,5,139,239.06329166719976,-0.23721217778636747,-0.3749999700409952
aes,place,wns_ns,CLUSTER_FLOPS,route,0,wrong_stage,929,2,138,214.20906175284085,,
aes,place,wns_ns,CORE_ASPECT_RATIO,floorplan,1,weak,1166,143,139,244.6327624066451,0.1423601368151839,-0.2284666590503398
aes,place,wns_ns,CORE_MARGIN,floorplan,1,strong,1166,21,139,244.6327624066451,-0.35742155473036297,-0.21481179274915843
aes,place,wns_ns,CORE_UTILIZATION,floorplan,1,moderate,1166,57,139,244.6327624066451,0.25153714964612295,0.31940988239634005
aes,place,wns_ns,CTS_CLUSTER_DIAMETER,cts,0,wrong_stage,1166,210,139,244.6327624066451,-0.04893669944344333,0.1265095457228817
aes,place,wns_ns,CTS_CLUSTER_SIZE,cts,0,wrong_stage,1166,41,139,244.6327624066451,-0.12219165191955517,0.061445700274269044
aes,place,wns_ns,DETAILED_ROUTE_END_ITERATION,route,0,wrong_stage,1075,140,139,233.47305985966608,0.11044024933033031,0.17777980645848623
aes,place,wns_ns,DONT_BUFFER_PORTS,floorplan,1,param_flat,844,2,138,202.44406581672214,,
aes,place,wns_ns,ENABLE_DPO,place,1,param_flat,1105,2,139,237.05148923273316,,
aes,place,wns_ns,FASTROUTE_TCL,floorplan,1,non_numeric,0,0,0,,,
aes,place,wns_ns,GLOBAL_ROUTE_ARGS,route,0,wrong_stage,0,0,0,,,
aes,place,wns_ns,GPL_ROUTABILITY_DRIVEN,place,1,param_flat,1130,2,139,240.18752218421855,,
aes,place,wns_ns,GPL_TIMING_DRIVEN,place,1,param_flat,1120,2,139,238.93805049806005,,
aes,place,wns_ns,HOLD_SLACK_MARGIN,floorplan,1,moderate,824,158,138,199.47735409406556,-0.2959753759761645,-0.3654933779272851
aes,place,wns_ns,IO_PLACER_H,floorplan,1,param_flat,0,0,0,,,
aes,place,wns_ns,IO_PLACER_V,floorplan,1,param_flat,0,0,0,,,
aes,place,wns_ns,MATCH_CELL_FOOTPRINT,route,0,wrong_stage,928,2,138,214.0686971648579,,
aes,place,wns_ns,MAX_ROUTING_LAYER,route,0,wrong_stage,0,0,0,,,
aes,place,wns_ns,MIN_ROUTING_LAYER,route,0,wrong_stage,0,0,0,,,
aes,place,wns_ns,OPENROAD_HIERARCHICAL,synth,1,param_flat,1166,2,139,244.6327624066451,,
aes,place,wns_ns,PLACE_DENSITY,floorplan,1,weak,958,171,138,218.34633555700574,0.14996711097867707,0.27114546706722403
aes,place,wns_ns,PLACE_DENSITY_LB_ADDON,floorplan,1,strong,1166,104,139,244.6327624066451,-0.30971822803947235,-0.24252038174059573
aes,place,wns_ns,PLACE_PINS_ARGS,place,1,non_numeric,0,0,0,,,
aes,place,wns_ns,REMOVE_ABC_BUFFERS,floorplan,1,param_flat,1166,2,139,244.6327624066451,,
aes,place,wns_ns,ROUTING_LAYER_ADJUSTMENT,floorplan,1,moderate,1039,98,139,229.17256014719584,-0.15288134380612933,-0.17983797731659917
aes,place,wns_ns,SETUP_SLACK_MARGIN,floorplan,1,moderate,824,161,138,199.47735409406556,-0.2971249592692733,-0.36734740556169376
aes,place,wns_ns,SWAP_ARITH_OPERATORS,synth,1,param_flat,1166,1,139,244.6327624066451,,
aes,place,wns_ns,SYNTH_HIERARCHICAL,synth,1,param_flat,1135,2,139,241.23227244842184,,
aes,place,wns_ns,TNS_END_PERCENT,floorplan,1,moderate,1166,87,139,244.6327624066451,0.2866731550191807,0.0321027097471501
aes,place,tns_ns,ABC_AREA,synth,1,param_flat,1145,2,174,340.86022441776953,,
aes,place,tns_ns,CELL_PAD_IN_SITES_DETAIL_PLACEMENT,floorplan,1,moderate,1043,5,174,323.9575930815853,-0.2980571095433921,-0.49094370133366966
aes,place,tns_ns,CELL_PAD_IN_SITES_GLOBAL_PLACEMENT,floorplan,1,moderate,1121,5,174,336.9540030984958,-0.248303604473199,-0.44772556746477626
aes,place,tns_ns,CLUSTER_FLOPS,route,0,wrong_stage,929,2,174,303.99507309643076,,
aes,place,tns_ns,CORE_ASPECT_RATIO,floorplan,1,weak,1166,143,174,344.2287438174327,0.1342730144582189,-0.21530560704797447
aes,place,tns_ns,CORE_MARGIN,floorplan,1,strong,1166,21,174,344.2287438174327,-0.35670471110169766,-0.18393465396894504
aes,place,tns_ns,CORE_UTILIZATION,floorplan,1,moderate,1166,57,174,344.2287438174327,0.25758232005810877,0.30390729626964325
aes,place,tns_ns,CTS_CLUSTER_DIAMETER,cts,0,wrong_stage,1166,210,174,344.2287438174327,-0.04809598663381897,0.14356623790153106
aes,place,tns_ns,CTS_CLUSTER_SIZE,cts,0,wrong_stage,1166,41,174,344.2287438174327,-0.12182378308593006,0.09404304513264657
aes,place,tns_ns,DETAILED_ROUTE_END_ITERATION,route,0,wrong_stage,1075,140,174,329.3683352312234,0.11604258714472405,0.18370552434547238
aes,place,tns_ns,DONT_BUFFER_PORTS,floorplan,1,param_flat,844,2,174,288.21572308731675,,
aes,place,tns_ns,ENABLE_DPO,place,1,param_flat,1105,2,174,334.32927421235826,,
aes,place,tns_ns,FASTROUTE_TCL,floorplan,1,non_numeric,0,0,0,,,
aes,place,tns_ns,GLOBAL_ROUTE_ARGS,route,0,wrong_stage,0,0,0,,,
aes,place,tns_ns,GPL_ROUTABILITY_DRIVEN,place,1,param_flat,1130,2,174,338.4214649700965,,
aes,place,tns_ns,GPL_TIMING_DRIVEN,place,1,param_flat,1120,2,174,336.7905569835292,,
aes,place,tns_ns,HOLD_SLACK_MARGIN,floorplan,1,strong,824,158,174,284.36948384243834,-0.3101092292391865,-0.35025387448433315
aes,place,tns_ns,IO_PLACER_H,floorplan,1,param_flat,0,0,0,,,
aes,place,tns_ns,IO_PLACER_V,floorplan,1,param_flat,0,0,0,,,
aes,place,tns_ns,MATCH_CELL_FOOTPRINT,route,0,wrong_stage,928,2,174,303.8138574867256,,
aes,place,tns_ns,MAX_ROUTING_LAYER,route,0,wrong_stage,0,0,0,,,
aes,place,tns_ns,MIN_ROUTING_LAYER,route,0,wrong_stage,0,0,0,,,
aes,place,tns_ns,OPENROAD_HIERARCHICAL,synth,1,param_flat,1166,2,174,344.2287438174327,,
aes,place,tns_ns,PLACE_DENSITY,floorplan,1,moderate,958,171,174,309.21359347533576,0.1506941124267823,0.18117978719600547
aes,place,tns_ns,PLACE_DENSITY_LB_ADDON,floorplan,1,strong,1166,104,174,344.2287438174327,-0.3067362117022469,-0.19913865822374688
aes,place,tns_ns,PLACE_PINS_ARGS,place,1,non_numeric,0,0,0,,,
aes,place,tns_ns,REMOVE_ABC_BUFFERS,floorplan,1,param_flat,1166,2,174,344.2287438174327,,
aes,place,tns_ns,ROUTING_LAYER_ADJUSTMENT,floorplan,1,moderate,1039,98,174,323.31427246687304,-0.15531600793745634,-0.14984158898609137
aes,place,tns_ns,SETUP_SLACK_MARGIN,floorplan,1,strong,824,161,174,284.36948384243834,-0.3110188669484766,-0.3652251263630661
aes,place,tns_ns,SWAP_ARITH_OPERATORS,synth,1,param_flat,1166,1,174,344.2287438174327,,
aes,place,tns_ns,SYNTH_HIERARCHICAL,synth,1,param_flat,1135,2,174,339.2576663670069,,
aes,place,tns_ns,TNS_END_PERCENT,floorplan,1,moderate,1166,87,174,344.2287438174327,0.2829618967819626,-0.033548082606772195
aes,place,fmax_mhz,ABC_AREA,synth,1,param_flat,1145,2,585,11.182716404946294,,
aes,place,fmax_mhz,CELL_PAD_IN_SITES_DETAIL_PLACEMENT,floorplan,1,strong,1043,5,532,10.25937678990395,-0.3119952684118165,-0.3971320601231809
aes,place,fmax_mhz,CELL_PAD_IN_SITES_GLOBAL_PLACEMENT,floorplan,1,moderate,1121,5,580,11.090880895696221,-0.252913676701093,-0.3042270082326012
aes,place,fmax_mhz,CLUSTER_FLOPS,route,0,wrong_stage,929,2,492,10.66664391439261,,
aes,place,fmax_mhz,CORE_ASPECT_RATIO,floorplan,1,weak,1166,143,595,11.13445728082914,-0.1452517497343679,-0.18339397061645282
aes,place,fmax_mhz,CORE_MARGIN,floorplan,1,weak,1166,21,595,11.13445728082914,0.11321334519383427,0.08466483980823435
aes,place,fmax_mhz,CORE_UTILIZATION,floorplan,1,strong,1166,57,595,11.13445728082914,0.4762645059489905,0.4147246559786872
aes,place,fmax_mhz,CTS_CLUSTER_DIAMETER,cts,0,wrong_stage,1166,210,595,11.13445728082914,0.2299941372705297,0.2817586786720505
aes,place,fmax_mhz,CTS_CLUSTER_SIZE,cts,0,wrong_stage,1166,41,595,11.13445728082914,0.1753579353236279,0.23187925181580424
aes,place,fmax_mhz,DETAILED_ROUTE_END_ITERATION,route,0,wrong_stage,1075,140,559,11.40570324347851,0.032094478901037,0.061772299523809984
aes,place,fmax_mhz,DONT_BUFFER_PORTS,floorplan,1,param_flat,844,2,460,11.030264156477875,,
aes,place,fmax_mhz,ENABLE_DPO,place,1,param_flat,1105,2,567,10.787576422099823,,
aes,place,fmax_mhz,FASTROUTE_TCL,floorplan,1,non_numeric,0,0,0,,,
aes,place,fmax_mhz,GLOBAL_ROUTE_ARGS,route,0,wrong_stage,0,0,0,,,
aes,place,fmax_mhz,GPL_ROUTABILITY_DRIVEN,place,1,param_flat,1130,2,583,11.029857762052135,,
aes,place,fmax_mhz,GPL_TIMING_DRIVEN,place,1,param_flat,1120,2,574,10.899831440965716,,
aes,place,fmax_mhz,HOLD_SLACK_MARGIN,floorplan,1,moderate,824,158,454,11.09165351280412,-0.2739739508095668,-0.3458677538230161
aes,place,fmax_mhz,IO_PLACER_H,floorplan,1,param_flat,0,0,0,,,
aes,place,fmax_mhz,IO_PLACER_V,floorplan,1,param_flat,0,0,0,,,
aes,place,fmax_mhz,MATCH_CELL_FOOTPRINT,route,0,wrong_stage,928,2,492,10.676321301231196,,
aes,place,fmax_mhz,MAX_ROUTING_LAYER,route,0,wrong_stage,0,0,0,,,
aes,place,fmax_mhz,MIN_ROUTING_LAYER,route,0,wrong_stage,0,0,0,,,
aes,place,fmax_mhz,OPENROAD_HIERARCHICAL,synth,1,param_flat,1166,2,595,11.13445728082914,,
aes,place,fmax_mhz,PLACE_DENSITY,floorplan,1,moderate,958,171,498,10.565704278622668,0.25009012014790055,0.292897680533971
aes,place,fmax_mhz,PLACE_DENSITY_LB_ADDON,floorplan,1,weak,1166,104,595,11.13445728082914,0.14226494501607426,0.0816360510037525
aes,place,fmax_mhz,PLACE_PINS_ARGS,place,1,non_numeric,0,0,0,,,
aes,place,fmax_mhz,REMOVE_ABC_BUFFERS,floorplan,1,param_flat,1166,2,595,11.13445728082914,,
aes,place,fmax_mhz,ROUTING_LAYER_ADJUSTMENT,floorplan,1,insensitive,1039,98,525,10.27746944190148,-0.007250780370850142,-0.11971243020105327
aes,place,fmax_mhz,SETUP_SLACK_MARGIN,floorplan,1,moderate,824,161,454,11.09165351280412,-0.2772718829992803,-0.34472868699984477
aes,place,fmax_mhz,SWAP_ARITH_OPERATORS,synth,1,param_flat,1166,1,595,11.13445728082914,,
aes,place,fmax_mhz,SYNTH_HIERARCHICAL,synth,1,param_flat,1135,2,578,11.142377576869421,,
aes,place,fmax_mhz,TNS_END_PERCENT,floorplan,1,weak,1166,87,595,11.13445728082914,-0.10088187128269714,-0.17926648689756053
aes,place,core_area_um2,ABC_AREA,synth,1,param_flat,1514,2,597,33.23895442558944,,
aes,place,core_area_um2,CELL_PAD_IN_SITES_DETAIL_PLACEMENT,floorplan,1,moderate,1411,5,560,34.03431919504495,0.24883220454576058,0.24930842840555678
aes,place,core_area_um2,CELL_PAD_IN_SITES_GLOBAL_PLACEMENT,floorplan,1,moderate,1490,5,591,33.47767192132284,0.23970340118544245,0.2663630115140749
aes,place,core_area_um2,CLUSTER_FLOPS,route,0,wrong_stage,1295,2,559,35.08019665574334,,
aes,place,core_area_um2,CORE_ASPECT_RATIO,floorplan,1,weak,1540,211,597,33.2204209929301,0.12613130133476425,0.23584271679825633
aes,place,core_area_um2,CORE_MARGIN,floorplan,1,insensitive,1540,21,597,33.2204209929301,-0.04537819212345944,-0.0073973686426959786
aes,place,core_area_um2,CORE_UTILIZATION,floorplan,1,strong,1540,61,597,33.2204209929301,-0.9959583988608273,-0.9276041673986016
aes,place,core_area_um2,CTS_CLUSTER_DIAMETER,cts,0,wrong_stage,1540,423,597,33.2204209929301,-0.139809259887588,-0.1363874500317164
aes,place,core_area_um2,CTS_CLUSTER_SIZE,cts,0,wrong_stage,1540,41,597,33.2204209929301,-0.09048722580666345,-0.1308833547852586
aes,place,core_area_um2,DETAILED_ROUTE_END_ITERATION,route,0,wrong_stage,1414,176,589,33.779932850144085,-0.16729178557186297,-0.16313563735097988
aes,place,core_area_um2,DONT_BUFFER_PORTS,floorplan,1,param_flat,1197,2,556,35.424636329231504,,
aes,place,core_area_um2,ENABLE_DPO,place,1,param_flat,1474,2,585,33.586628741532344,,
aes,place,core_area_um2,FASTROUTE_TCL,floorplan,1,non_numeric,0,0,0,,,
aes,place,core_area_um2,GLOBAL_ROUTE_ARGS,route,0,wrong_stage,0,0,0,,,
aes,place,core_area_um2,GPL_ROUTABILITY_DRIVEN,place,1,param_flat,1499,2,593,33.38331209447604,,
aes,place,core_area_um2,GPL_TIMING_DRIVEN,place,1,param_flat,1489,2,588,33.48344835878026,,
aes,place,core_area_um2,HOLD_SLACK_MARGIN,floorplan,1,moderate,1169,267,555,35.53125180684808,0.27314592465459175,0.3363049747855111
aes,place,core_area_um2,IO_PLACER_H,floorplan,1,param_flat,0,0,0,,,
aes,place,core_area_um2,IO_PLACER_V,floorplan,1,param_flat,0,0,0,,,
aes,place,core_area_um2,MATCH_CELL_FOOTPRINT,route,0,wrong_stage,1294,2,560,35.10328740141214,,
aes,place,core_area_um2,MAX_ROUTING_LAYER,route,0,wrong_stage,0,0,0,,,
aes,place,core_area_um2,MIN_ROUTING_LAYER,route,0,wrong_stage,0,0,0,,,
aes,place,core_area_um2,OPENROAD_HIERARCHICAL,synth,1,param_flat,1540,2,597,33.2204209929301,,
aes,place,core_area_um2,PLACE_DENSITY,floorplan,1,strong,1324,328,559,34.77265413448687,-0.3314933230620949,-0.27325447574341843
aes,place,core_area_um2,PLACE_DENSITY_LB_ADDON,floorplan,1,weak,1540,181,597,33.2204209929301,0.114397109679352,0.1635172637398467
aes,place,core_area_um2,PLACE_PINS_ARGS,place,1,non_numeric,0,0,0,,,
aes,place,core_area_um2,REMOVE_ABC_BUFFERS,floorplan,1,param_flat,1540,2,597,33.2204209929301,,
aes,place,core_area_um2,ROUTING_LAYER_ADJUSTMENT,floorplan,1,insensitive,1411,183,560,33.95787976726903,0.07690511198027206,0.18464321708409517
aes,place,core_area_um2,SETUP_SLACK_MARGIN,floorplan,1,moderate,1170,302,555,35.53455818223284,0.2601240128648427,0.30922195794942425
aes,place,core_area_um2,SWAP_ARITH_OPERATORS,synth,1,param_flat,1540,1,597,33.2204209929301,,
aes,place,core_area_um2,SYNTH_HIERARCHICAL,synth,1,param_flat,1504,2,595,33.34432179181488,,
aes,place,core_area_um2,TNS_END_PERCENT,floorplan,1,weak,1540,101,597,33.2204209929301,0.13612896556936915,0.18326367539000046
aes,cts,wns_ns,ABC_AREA,synth,1,param_flat,1140,2,18,760.1554503210617,,
aes,cts,wns_ns,CELL_PAD_IN_SITES_DETAIL_PLACEMENT,floorplan,1,moderate,1038,5,18,724.76545254728,-0.1587808702595217,-0.11575202138951514
aes,cts,wns_ns,CELL_PAD_IN_SITES_GLOBAL_PLACEMENT,floorplan,1,weak,1116,5,18,751.9782571366392,-0.12798993413693016,-0.05698376854710021
aes,cts,wns_ns,CLUSTER_FLOPS,route,0,wrong_stage,925,2,18,683.4223441208838,,
aes,cts,wns_ns,CORE_ASPECT_RATIO,floorplan,1,insensitive,1161,143,18,767.2390017682809,0.007478963665970379,-0.008472625081223312
aes,cts,wns_ns,CORE_MARGIN,floorplan,1,insensitive,1161,21,18,767.2390017682809,-0.03568817911651436,-0.03905225606947573
aes,cts,wns_ns,CORE_UTILIZATION,floorplan,1,weak,1161,57,18,767.2390017682809,0.13329717598351895,0.10490443297578377
aes,cts,wns_ns,CTS_CLUSTER_DIAMETER,cts,1,weak,1161,210,18,767.2390017682809,0.09490475933518233,0.07647760792017907
aes,cts,wns_ns,CTS_CLUSTER_SIZE,cts,1,insensitive,1161,41,18,767.2390017682809,0.042387092124699474,0.02534482370215002
aes,cts,wns_ns,DETAILED_ROUTE_END_ITERATION,route,0,wrong_stage,1073,140,18,737.1006063465109,0.10247082983409457,0.06752132483497755
aes,cts,wns_ns,DONT_BUFFER_PORTS,floorplan,1,param_flat,842,2,18,651.3857404951631,,
aes,cts,wns_ns,ENABLE_DPO,place,1,param_flat,1100,2,18,746.4770292687863,,
aes,cts,wns_ns,FASTROUTE_TCL,floorplan,1,non_numeric,0,0,0,,,
aes,cts,wns_ns,GLOBAL_ROUTE_ARGS,route,0,wrong_stage,0,0,0,,,
aes,cts,wns_ns,GPL_ROUTABILITY_DRIVEN,place,1,param_flat,1125,2,18,755.055083186467,,
aes,cts,wns_ns,GPL_TIMING_DRIVEN,place,1,param_flat,1115,2,18,751.6356100609422,,
aes,cts,wns_ns,HOLD_SLACK_MARGIN,floorplan,1,insensitive,822,156,18,643.4276051057675,-0.03262185107864731,0.0031829911683049997
aes,cts,wns_ns,IO_PLACER_H,floorplan,1,param_flat,0,0,0,,,
aes,cts,wns_ns,IO_PLACER_V,floorplan,1,param_flat,0,0,0,,,
aes,cts,wns_ns,MATCH_CELL_FOOTPRINT,route,0,wrong_stage,924,2,18,683.0453045471475,,
aes,cts,wns_ns,MAX_ROUTING_LAYER,route,0,wrong_stage,0,0,0,,,
aes,cts,wns_ns,MIN_ROUTING_LAYER,route,0,wrong_stage,0,0,0,,,
aes,cts,wns_ns,OPENROAD_HIERARCHICAL,synth,1,param_flat,1161,2,18,767.2390017682809,,
aes,cts,wns_ns,PLACE_DENSITY,floorplan,1,moderate,953,170,18,693.8962729339959,0.17570229252583977,0.20317128778542265
aes,cts,wns_ns,PLACE_DENSITY_LB_ADDON,floorplan,1,weak,1161,104,18,767.2390017682809,-0.11004620764487356,-0.05630347490301886
aes,cts,wns_ns,PLACE_PINS_ARGS,place,1,non_numeric,0,0,0,,,
aes,cts,wns_ns,REMOVE_ABC_BUFFERS,floorplan,1,param_flat,1161,2,18,767.2390017682809,,
aes,cts,wns_ns,ROUTING_LAYER_ADJUSTMENT,floorplan,1,insensitive,1034,98,18,723.3423261190098,0.027731486495425506,0.04386045446668632
aes,cts,wns_ns,SETUP_SLACK_MARGIN,floorplan,1,insensitive,822,159,18,643.4276051057675,-0.016808030081284748,0.034566848717877775
aes,cts,wns_ns,SWAP_ARITH_OPERATORS,synth,1,param_flat,1161,1,18,767.2390017682809,,
aes,cts,wns_ns,SYNTH_HIERARCHICAL,synth,1,param_flat,1130,2,18,756.7590252580611,,
aes,cts,wns_ns,TNS_END_PERCENT,floorplan,1,insensitive,1161,87,18,767.2390017682809,0.03966953908439562,0.04471473627942509
aes,cts,tns_ns,ABC_AREA,synth,1,param_flat,1140,2,22,1005.8452093060275,,
aes,cts,tns_ns,CELL_PAD_IN_SITES_DETAIL_PLACEMENT,floorplan,1,moderate,1038,5,22,959.367365438227,-0.159583317358779,-0.1309365925283193
aes,cts,tns_ns,CELL_PAD_IN_SITES_GLOBAL_PLACEMENT,floorplan,1,weak,1116,5,22,995.1045701352255,-0.1284000861231075,-0.029714901031227366
aes,cts,tns_ns,CLUSTER_FLOPS,route,0,wrong_stage,925,2,22,905.0947069624458,,
aes,cts,tns_ns,CORE_ASPECT_RATIO,floorplan,1,insensitive,1161,143,22,1015.1500499315297,0.007463097456611015,-0.00624808037363046
aes,cts,tns_ns,CORE_MARGIN,floorplan,1,insensitive,1161,21,22,1015.1500499315297,-0.03601825241501795,-0.045225745290647004
aes,cts,tns_ns,CORE_UTILIZATION,floorplan,1,weak,1161,57,22,1015.1500499315297,0.1333704250998935,0.08044360632630752
aes,cts,tns_ns,CTS_CLUSTER_DIAMETER,cts,1,weak,1161,210,22,1015.1500499315297,0.0947263395952476,0.034003063117863074
aes,cts,tns_ns,CTS_CLUSTER_SIZE,cts,1,insensitive,1161,41,22,1015.1500499315297,0.04224776294434046,-0.007692566135356405
aes,cts,tns_ns,DETAILED_ROUTE_END_ITERATION,route,0,wrong_stage,1073,140,22,975.5652303442803,0.10272692867745636,0.06355905437927041
aes,cts,tns_ns,DONT_BUFFER_PORTS,floorplan,1,param_flat,842,2,22,863.059297461327,,
aes,cts,tns_ns,ENABLE_DPO,place,1,param_flat,1100,2,22,987.8792680666486,,
aes,cts,tns_ns,FASTROUTE_TCL,floorplan,1,non_numeric,0,0,0,,,
aes,cts,tns_ns,GLOBAL_ROUTE_ARGS,route,0,wrong_stage,0,0,0,,,
aes,cts,tns_ns,GPL_ROUTABILITY_DRIVEN,place,1,param_flat,1125,2,22,999.1458408097783,,
aes,cts,tns_ns,GPL_TIMING_DRIVEN,place,1,param_flat,1115,2,22,994.6545264700198,,
aes,cts,tns_ns,HOLD_SLACK_MARGIN,floorplan,1,insensitive,822,156,22,852.6204690686243,-0.033266787303516045,-0.006906118919125828
aes,cts,tns_ns,IO_PLACER_H,floorplan,1,param_flat,0,0,0,,,
aes,cts,tns_ns,IO_PLACER_V,floorplan,1,param_flat,0,0,0,,,
aes,cts,tns_ns,MATCH_CELL_FOOTPRINT,route,0,wrong_stage,924,2,22,904.5998821297874,,
aes,cts,tns_ns,MAX_ROUTING_LAYER,route,0,wrong_stage,0,0,0,,,
aes,cts,tns_ns,MIN_ROUTING_LAYER,route,0,wrong_stage,0,0,0,,,
aes,cts,tns_ns,OPENROAD_HIERARCHICAL,synth,1,param_flat,1161,2,22,1015.1500499315297,,
aes,cts,tns_ns,PLACE_DENSITY,floorplan,1,moderate,953,170,22,918.8416133849994,0.1755971506100004,0.14777832460166457
aes,cts,tns_ns,PLACE_DENSITY_LB_ADDON,floorplan,1,weak,1161,104,22,1015.1500499315297,-0.11027827759244797,-0.04796806571476822
aes,cts,tns_ns,PLACE_PINS_ARGS,place,1,non_numeric,0,0,0,,,
aes,cts,tns_ns,REMOVE_ABC_BUFFERS,floorplan,1,param_flat,1161,2,22,1015.1500499315297,,
aes,cts,tns_ns,ROUTING_LAYER_ADJUSTMENT,floorplan,1,insensitive,1034,98,22,957.4987327844383,0.027245559156034972,0.01620540297739029
aes,cts,tns_ns,SETUP_SLACK_MARGIN,floorplan,1,insensitive,822,159,22,852.6204690686243,-0.01741904693537561,0.025344218655017566
aes,cts,tns_ns,SWAP_ARITH_OPERATORS,synth,1,param_flat,1161,1,22,1015.1500499315297,,
aes,cts,tns_ns,SYNTH_HIERARCHICAL,synth,1,param_flat,1130,2,22,1001.3839437571166,,
aes,cts,tns_ns,TNS_END_PERCENT,floorplan,1,insensitive,1161,87,22,1015.1500499315297,0.039806205781907474,0.06701420277445504
aes,cts,fmax_mhz,ABC_AREA,synth,1,param_flat,1140,2,809,5.323407139690351,,
aes,cts,fmax_mhz,CELL_PAD_IN_SITES_DETAIL_PLACEMENT,floorplan,1,insensitive,1038,5,719,4.139834429368099,-0.06548079910866683,-0.057224443658616585
aes,cts,fmax_mhz,CELL_PAD_IN_SITES_GLOBAL_PLACEMENT,floorplan,1,insensitive,1116,5,791,5.141937298060322,-0.054121630522247596,0.0034116143027072042
aes,cts,fmax_mhz,CLUSTER_FLOPS,route,0,wrong_stage,925,2,662,3.1213592903729723,,
aes,cts,fmax_mhz,CORE_ASPECT_RATIO,floorplan,1,moderate,1161,143,821,5.327793574366193,-0.1705940493010793,0.048935025855666864
aes,cts,fmax_mhz,CORE_MARGIN,floorplan,1,strong,1161,21,821,5.327793574366193,0.39427102898147304,0.45868864484492217
aes,cts,fmax_mhz,CORE_UTILIZATION,floorplan,1,strong,1161,57,821,5.327793574366193,0.3364238815849297,0.286750454890963
aes,cts,fmax_mhz,CTS_CLUSTER_DIAMETER,cts,1,moderate,1161,210,821,5.327793574366193,0.2492237960761727,0.29284152376675066
aes,cts,fmax_mhz,CTS_CLUSTER_SIZE,cts,1,moderate,1161,41,821,5.327793574366193,0.21766976333479557,0.285568733269494
aes,cts,fmax_mhz,DETAILED_ROUTE_END_ITERATION,route,0,wrong_stage,1073,140,776,5.041321716947593,-0.010458504588428601,-0.07674068769317414
aes,cts,fmax_mhz,DONT_BUFFER_PORTS,floorplan,1,param_flat,842,2,610,3.0568649601679256,,
aes,cts,fmax_mhz,ENABLE_DPO,place,1,param_flat,1100,2,772,4.809426527956275,,
aes,cts,fmax_mhz,FASTROUTE_TCL,floorplan,1,non_numeric,0,0,0,,,
aes,cts,fmax_mhz,GLOBAL_ROUTE_ARGS,route,0,wrong_stage,0,0,0,,,
aes,cts,fmax_mhz,GPL_ROUTABILITY_DRIVEN,place,1,param_flat,1125,2,794,5.142753503721558,,
aes,cts,fmax_mhz,GPL_TIMING_DRIVEN,place,1,param_flat,1115,2,784,4.972453113911634,,
aes,cts,fmax_mhz,HOLD_SLACK_MARGIN,floorplan,1,weak,822,156,597,3.0268462009091954,0.11969616661087537,0.08515197540209396
aes,cts,fmax_mhz,IO_PLACER_H,floorplan,1,param_flat,0,0,0,,,
aes,cts,fmax_mhz,IO_PLACER_V,floorplan,1,param_flat,0,0,0,,,
aes,cts,fmax_mhz,MATCH_CELL_FOOTPRINT,route,0,wrong_stage,924,2,661,3.11640123561802,,
aes,cts,fmax_mhz,MAX_ROUTING_LAYER,route,0,wrong_stage,0,0,0,,,
aes,cts,fmax_mhz,MIN_ROUTING_LAYER,route,0,wrong_stage,0,0,0,,,
aes,cts,fmax_mhz,OPENROAD_HIERARCHICAL,synth,1,param_flat,1161,2,821,5.327793574366193,,
aes,cts,fmax_mhz,PLACE_DENSITY,floorplan,1,moderate,953,170,676,3.561001961564779,0.2088656379282973,0.12436056822471436
aes,cts,fmax_mhz,PLACE_DENSITY_LB_ADDON,floorplan,1,strong,1161,104,821,5.327793574366193,0.319134796424874,0.4018415439376026
aes,cts,fmax_mhz,PLACE_PINS_ARGS,place,1,non_numeric,0,0,0,,,
aes,cts,fmax_mhz,REMOVE_ABC_BUFFERS,floorplan,1,param_flat,1161,2,821,5.327793574366193,,
aes,cts,fmax_mhz,ROUTING_LAYER_ADJUSTMENT,floorplan,1,moderate,1034,98,719,4.094663248575457,0.20661048186185502,0.19184639339993934
aes,cts,fmax_mhz,SETUP_SLACK_MARGIN,floorplan,1,moderate,822,159,597,3.0268462009091954,0.15826662199185643,0.20174693963568485
aes,cts,fmax_mhz,SWAP_ARITH_OPERATORS,synth,1,param_flat,1161,1,821,5.327793574366193,,
aes,cts,fmax_mhz,SYNTH_HIERARCHICAL,synth,1,param_flat,1130,2,802,5.2714099047470615,,
aes,cts,fmax_mhz,TNS_END_PERCENT,floorplan,1,strong,1161,87,821,5.327793574366193,-0.32262435820069535,-0.4011788326358327
aes,cts,core_area_um2,ABC_AREA,synth,1,param_flat,1514,2,597,33.23895442558944,,
aes,cts,core_area_um2,CELL_PAD_IN_SITES_DETAIL_PLACEMENT,floorplan,1,moderate,1411,5,560,34.03431919504495,0.24883220454576058,0.24930842840555678
aes,cts,core_area_um2,CELL_PAD_IN_SITES_GLOBAL_PLACEMENT,floorplan,1,moderate,1490,5,591,33.47767192132284,0.23970340118544245,0.2663630115140749
aes,cts,core_area_um2,CLUSTER_FLOPS,route,0,wrong_stage,1295,2,559,35.08019665574334,,
aes,cts,core_area_um2,CORE_ASPECT_RATIO,floorplan,1,weak,1540,211,597,33.2204209929301,0.12613130133476425,0.23584271679825633
aes,cts,core_area_um2,CORE_MARGIN,floorplan,1,insensitive,1540,21,597,33.2204209929301,-0.04537819212345944,-0.0073973686426959786
aes,cts,core_area_um2,CORE_UTILIZATION,floorplan,1,strong,1540,61,597,33.2204209929301,-0.9959583988608273,-0.9276041673986016
aes,cts,core_area_um2,CTS_CLUSTER_DIAMETER,cts,1,weak,1540,423,597,33.2204209929301,-0.139809259887588,-0.1363874500317164
aes,cts,core_area_um2,CTS_CLUSTER_SIZE,cts,1,weak,1540,41,597,33.2204209929301,-0.09048722580666345,-0.1308833547852586
aes,cts,core_area_um2,DETAILED_ROUTE_END_ITERATION,route,0,wrong_stage,1414,176,589,33.779932850144085,-0.16729178557186297,-0.16313563735097988
aes,cts,core_area_um2,DONT_BUFFER_PORTS,floorplan,1,param_flat,1197,2,556,35.424636329231504,,
aes,cts,core_area_um2,ENABLE_DPO,place,1,param_flat,1474,2,585,33.586628741532344,,
aes,cts,core_area_um2,FASTROUTE_TCL,floorplan,1,non_numeric,0,0,0,,,
aes,cts,core_area_um2,GLOBAL_ROUTE_ARGS,route,0,wrong_stage,0,0,0,,,
aes,cts,core_area_um2,GPL_ROUTABILITY_DRIVEN,place,1,param_flat,1499,2,593,33.38331209447604,,
aes,cts,core_area_um2,GPL_TIMING_DRIVEN,place,1,param_flat,1489,2,588,33.48344835878026,,
aes,cts,core_area_um2,HOLD_SLACK_MARGIN,floorplan,1,moderate,1169,267,555,35.53125180684808,0.27314592465459175,0.3363049747855111
aes,cts,core_area_um2,IO_PLACER_H,floorplan,1,param_flat,0,0,0,,,
aes,cts,core_area_um2,IO_PLACER_V,floorplan,1,param_flat,0,0,0,,,
aes,cts,core_area_um2,MATCH_CELL_FOOTPRINT,route,0,wrong_stage,1294,2,560,35.10328740141214,,
aes,cts,core_area_um2,MAX_ROUTING_LAYER,route,0,wrong_stage,0,0,0,,,
aes,cts,core_area_um2,MIN_ROUTING_LAYER,route,0,wrong_stage,0,0,0,,,
aes,cts,core_area_um2,OPENROAD_HIERARCHICAL,synth,1,param_flat,1540,2,597,33.2204209929301,,
aes,cts,core_area_um2,PLACE_DENSITY,floorplan,1,strong,1324,328,559,34.77265413448687,-0.3314933230620949,-0.27325447574341843
aes,cts,core_area_um2,PLACE_DENSITY_LB_ADDON,floorplan,1,weak,1540,181,597,33.2204209929301,0.114397109679352,0.1635172637398467
aes,cts,core_area_um2,PLACE_PINS_ARGS,place,1,non_numeric,0,0,0,,,
aes,cts,core_area_um2,REMOVE_ABC_BUFFERS,floorplan,1,param_flat,1540,2,597,33.2204209929301,,
aes,cts,core_area_um2,ROUTING_LAYER_ADJUSTMENT,floorplan,1,insensitive,1411,183,560,33.95787976726903,0.07690511198027206,0.18464321708409517
aes,cts,core_area_um2,SETUP_SLACK_MARGIN,floorplan,1,moderate,1170,302,555,35.53455818223284,0.2601240128648427,0.30922195794942425
aes,cts,core_area_um2,SWAP_ARITH_OPERATORS,synth,1,param_flat,1540,1,597,33.2204209929301,,
aes,cts,core_area_um2,SYNTH_HIERARCHICAL,synth,1,param_flat,1504,2,595,33.34432179181488,,
aes,cts,core_area_um2,TNS_END_PERCENT,floorplan,1,weak,1540,101,597,33.2204209929301,0.13612896556936915,0.18326367539000046
aes,cts,clock_skew_ns,ABC_AREA,synth,1,param_flat,1140,2,52,529.240744248138,,
aes,cts,clock_skew_ns,CELL_PAD_IN_SITES_DETAIL_PLACEMENT,floorplan,1,insensitive,1038,5,51,493.5153057656124,-0.00202053223437566,-0.032435419592982837
aes,cts,clock_skew_ns,CELL_PAD_IN_SITES_GLOBAL_PLACEMENT,floorplan,1,insensitive,1116,5,52,523.8074176163544,0.017907316252888796,-0.038211263974599945
aes,cts,clock_skew_ns,CLUSTER_FLOPS,route,0,wrong_stage,925,2,51,498.48898428179405,,
aes,cts,clock_skew_ns,CORE_ASPECT_RATIO,floorplan,1,insensitive,1161,143,52,508.3395433169263,0.020201423076587028,-0.013654128443758911
aes,cts,clock_skew_ns,CORE_MARGIN,floorplan,1,weak,1161,21,52,508.3395433169263,-0.08704382426467312,-0.09321722403903294
aes,cts,clock_skew_ns,CORE_UTILIZATION,floorplan,1,insensitive,1161,57,52,508.3395433169263,0.005565210542339051,0.008683835439546041
aes,cts,clock_skew_ns,CTS_CLUSTER_DIAMETER,cts,1,insensitive,1161,210,52,508.3395433169263,0.02312956430336043,0.009895359093543681
aes,cts,clock_skew_ns,CTS_CLUSTER_SIZE,cts,1,insensitive,1161,41,52,508.3395433169263,0.019877975937932973,0.01368629366141805
aes,cts,clock_skew_ns,DETAILED_ROUTE_END_ITERATION,route,0,wrong_stage,1073,140,52,585.8217160649009,0.012233017537145143,0.021095126543536454
aes,cts,clock_skew_ns,DONT_BUFFER_PORTS,floorplan,1,param_flat,842,2,51,602.7742792247732,,
aes,cts,clock_skew_ns,ENABLE_DPO,place,1,param_flat,1100,2,52,499.2465497232077,,
aes,cts,clock_skew_ns,FASTROUTE_TCL,floorplan,1,non_numeric,0,0,0,,,
aes,cts,clock_skew_ns,GLOBAL_ROUTE_ARGS,route,0,wrong_stage,0,0,0,,,
aes,cts,clock_skew_ns,GPL_ROUTABILITY_DRIVEN,place,1,param_flat,1125,2,52,504.5216676036433,,
aes,cts,clock_skew_ns,GPL_TIMING_DRIVEN,place,1,param_flat,1115,2,52,510.21717630210685,,
aes,cts,clock_skew_ns,HOLD_SLACK_MARGIN,floorplan,1,insensitive,822,156,51,640.3213938547459,-0.011697229624192403,-0.013644864074325844
aes,cts,clock_skew_ns,IO_PLACER_H,floorplan,1,param_flat,0,0,0,,,
aes,cts,clock_skew_ns,IO_PLACER_V,floorplan,1,param_flat,0,0,0,,,
aes,cts,clock_skew_ns,MATCH_CELL_FOOTPRINT,route,0,wrong_stage,924,2,51,496.4528121595366,,
aes,cts,clock_skew_ns,MAX_ROUTING_LAYER,route,0,wrong_stage,0,0,0,,,
aes,cts,clock_skew_ns,MIN_ROUTING_LAYER,route,0,wrong_stage,0,0,0,,,
aes,cts,clock_skew_ns,OPENROAD_HIERARCHICAL,synth,1,param_flat,1161,2,52,508.3395433169263,,
aes,cts,clock_skew_ns,PLACE_DENSITY,floorplan,1,insensitive,953,170,51,467.7285827052385,0.024303412599427126,0.043145644121949336
aes,cts,clock_skew_ns,PLACE_DENSITY_LB_ADDON,floorplan,1,insensitive,1161,104,52,508.3395433169263,0.000952208971889071,-0.006239811040952859
aes,cts,clock_skew_ns,PLACE_PINS_ARGS,place,1,non_numeric,0,0,0,,,
aes,cts,clock_skew_ns,REMOVE_ABC_BUFFERS,floorplan,1,param_flat,1161,2,52,508.3395433169263,,
aes,cts,clock_skew_ns,ROUTING_LAYER_ADJUSTMENT,floorplan,1,insensitive,1034,98,51,483.0884008741533,-0.021277740171078665,-0.029165000592105483
aes,cts,clock_skew_ns,SETUP_SLACK_MARGIN,floorplan,1,insensitive,822,159,51,640.3213938547459,0.0037995946199081824,0.02913738981976263
aes,cts,clock_skew_ns,SWAP_ARITH_OPERATORS,synth,1,param_flat,1161,1,52,508.3395433169263,,
aes,cts,clock_skew_ns,SYNTH_HIERARCHICAL,synth,1,param_flat,1130,2,52,538.031639389981,,
aes,cts,clock_skew_ns,TNS_END_PERCENT,floorplan,1,insensitive,1161,87,52,508.3395433169263,0.04637762667662328,0.04038627688446993
aes,cts,clock_insertion_delay_ns,ABC_AREA,synth,1,param_flat,1140,2,52,14.617577708757137,,
aes,cts,clock_insertion_delay_ns,CELL_PAD_IN_SITES_DETAIL_PLACEMENT,floorplan,1,insensitive,1038,5,52,14.349047532234858,0.06914793915271218,0.0538719271367901
aes,cts,clock_insertion_delay_ns,CELL_PAD_IN_SITES_GLOBAL_PLACEMENT,floorplan,1,insensitive,1116,5,52,14.56439365590238,0.06800497521097146,0.013539710796610425
aes,cts,clock_insertion_delay_ns,CLUSTER_FLOPS,route,0,wrong_stage,925,2,52,14.146042627124736,,
aes,cts,clock_insertion_delay_ns,CORE_ASPECT_RATIO,floorplan,1,insensitive,1161,143,52,14.671514991870039,0.0340370237473902,0.016910309965203776
aes,cts,clock_insertion_delay_ns,CORE_MARGIN,floorplan,1,weak,1161,21,52,14.671514991870039,-0.08357501160078286,-0.027920320556540677
aes,cts,clock_insertion_delay_ns,CORE_UTILIZATION,floorplan,1,moderate,1161,57,52,14.671514991870039,-0.22432371800265483,-0.17850428387644876
aes,cts,clock_insertion_delay_ns,CTS_CLUSTER_DIAMETER,cts,1,insensitive,1161,210,52,14.671514991870039,-0.03705064490447211,0.06513231734885569
aes,cts,clock_insertion_delay_ns,CTS_CLUSTER_SIZE,cts,1,insensitive,1161,41,52,14.671514991870039,0.009157889518385184,0.08413479761747505
aes,cts,clock_insertion_delay_ns,DETAILED_ROUTE_END_ITERATION,route,0,wrong_stage,1073,140,52,14.560046591876235,-0.02145200582525133,-0.015200354947986166
aes,cts,clock_insertion_delay_ns,DONT_BUFFER_PORTS,floorplan,1,param_flat,842,2,51,14.154909355097672,,
aes,cts,clock_insertion_delay_ns,ENABLE_DPO,place,1,param_flat,1100,2,52,14.43699832258392,,
aes,cts,clock_insertion_delay_ns,FASTROUTE_TCL,floorplan,1,non_numeric,0,0,0,,,
aes,cts,clock_insertion_delay_ns,GLOBAL_ROUTE_ARGS,route,0,wrong_stage,0,0,0,,,
aes,cts,clock_insertion_delay_ns,GPL_ROUTABILITY_DRIVEN,place,1,param_flat,1125,2,52,14.50435237826161,,
aes,cts,clock_insertion_delay_ns,GPL_TIMING_DRIVEN,place,1,param_flat,1115,2,52,14.462611980005132,,
aes,cts,clock_insertion_delay_ns,HOLD_SLACK_MARGIN,floorplan,1,insensitive,822,156,52,14.101294870842143,0.04694458898112272,0.041214922279662745
aes,cts,clock_insertion_delay_ns,IO_PLACER_H,floorplan,1,param_flat,0,0,0,,,
aes,cts,clock_insertion_delay_ns,IO_PLACER_V,floorplan,1,param_flat,0,0,0,,,
aes,cts,clock_insertion_delay_ns,MATCH_CELL_FOOTPRINT,route,0,wrong_stage,924,2,52,14.127261575804283,,
aes,cts,clock_insertion_delay_ns,MAX_ROUTING_LAYER,route,0,wrong_stage,0,0,0,,,
aes,cts,clock_insertion_delay_ns,MIN_ROUTING_LAYER,route,0,wrong_stage,0,0,0,,,
aes,cts,clock_insertion_delay_ns,OPENROAD_HIERARCHICAL,synth,1,param_flat,1161,2,52,14.671514991870039,,
aes,cts,clock_insertion_delay_ns,PLACE_DENSITY,floorplan,1,insensitive,953,170,52,14.11199376902385,-0.05473858809610858,-0.03669671727328991
aes,cts,clock_insertion_delay_ns,PLACE_DENSITY_LB_ADDON,floorplan,1,insensitive,1161,104,52,14.671514991870039,0.016698422202323034,0.034536739530578946
aes,cts,clock_insertion_delay_ns,PLACE_PINS_ARGS,place,1,non_numeric,0,0,0,,,
aes,cts,clock_insertion_delay_ns,REMOVE_ABC_BUFFERS,floorplan,1,param_flat,1161,2,52,14.671514991870039,,
aes,cts,clock_insertion_delay_ns,ROUTING_LAYER_ADJUSTMENT,floorplan,1,insensitive,1034,98,52,14.303744202766078,-0.016484818472975137,0.0041255766019967395
aes,cts,clock_insertion_delay_ns,SETUP_SLACK_MARGIN,floorplan,1,insensitive,822,159,52,14.101294870842143,0.06017645447040235,0.08181027668174674
aes,cts,clock_insertion_delay_ns,SWAP_ARITH_OPERATORS,synth,1,param_flat,1161,1,52,14.671514991870039,,
aes,cts,clock_insertion_delay_ns,SYNTH_HIERARCHICAL,synth,1,param_flat,1130,2,52,14.563403656917115,,
aes,cts,clock_insertion_delay_ns,TNS_END_PERCENT,floorplan,1,insensitive,1161,87,52,14.671514991870039,0.03992584081408389,-0.0187406774121766
aes,cts,hold_violation_count,ABC_AREA,synth,1,param_flat,1140,2,1,,,
aes,cts,hold_violation_count,CELL_PAD_IN_SITES_DETAIL_PLACEMENT,floorplan,1,label_flat,1038,5,1,,,
aes,cts,hold_violation_count,CELL_PAD_IN_SITES_GLOBAL_PLACEMENT,floorplan,1,label_flat,1116,5,1,,,
aes,cts,hold_violation_count,CLUSTER_FLOPS,route,0,wrong_stage,925,2,1,,,
aes,cts,hold_violation_count,CORE_ASPECT_RATIO,floorplan,1,label_flat,1161,143,1,,,
aes,cts,hold_violation_count,CORE_MARGIN,floorplan,1,label_flat,1161,21,1,,,
aes,cts,hold_violation_count,CORE_UTILIZATION,floorplan,1,label_flat,1161,57,1,,,
aes,cts,hold_violation_count,CTS_CLUSTER_DIAMETER,cts,1,label_flat,1161,210,1,,,
aes,cts,hold_violation_count,CTS_CLUSTER_SIZE,cts,1,label_flat,1161,41,1,,,
aes,cts,hold_violation_count,DETAILED_ROUTE_END_ITERATION,route,0,wrong_stage,1073,140,1,,,
aes,cts,hold_violation_count,DONT_BUFFER_PORTS,floorplan,1,param_flat,842,2,1,,,
aes,cts,hold_violation_count,ENABLE_DPO,place,1,param_flat,1100,2,1,,,
aes,cts,hold_violation_count,FASTROUTE_TCL,floorplan,1,non_numeric,0,0,0,,,
aes,cts,hold_violation_count,GLOBAL_ROUTE_ARGS,route,0,wrong_stage,0,0,0,,,
aes,cts,hold_violation_count,GPL_ROUTABILITY_DRIVEN,place,1,param_flat,1125,2,1,,,
aes,cts,hold_violation_count,GPL_TIMING_DRIVEN,place,1,param_flat,1115,2,1,,,
aes,cts,hold_violation_count,HOLD_SLACK_MARGIN,floorplan,1,label_flat,822,156,1,,,
aes,cts,hold_violation_count,IO_PLACER_H,floorplan,1,param_flat,0,0,0,,,
aes,cts,hold_violation_count,IO_PLACER_V,floorplan,1,param_flat,0,0,0,,,
aes,cts,hold_violation_count,MATCH_CELL_FOOTPRINT,route,0,wrong_stage,924,2,1,,,
aes,cts,hold_violation_count,MAX_ROUTING_LAYER,route,0,wrong_stage,0,0,0,,,
aes,cts,hold_violation_count,MIN_ROUTING_LAYER,route,0,wrong_stage,0,0,0,,,
aes,cts,hold_violation_count,OPENROAD_HIERARCHICAL,synth,1,param_flat,1161,2,1,,,
aes,cts,hold_violation_count,PLACE_DENSITY,floorplan,1,label_flat,953,170,1,,,
aes,cts,hold_violation_count,PLACE_DENSITY_LB_ADDON,floorplan,1,label_flat,1161,104,1,,,
aes,cts,hold_violation_count,PLACE_PINS_ARGS,place,1,non_numeric,0,0,0,,,
aes,cts,hold_violation_count,REMOVE_ABC_BUFFERS,floorplan,1,param_flat,1161,2,1,,,
aes,cts,hold_violation_count,ROUTING_LAYER_ADJUSTMENT,floorplan,1,label_flat,1034,98,1,,,
aes,cts,hold_violation_count,SETUP_SLACK_MARGIN,floorplan,1,label_flat,822,159,1,,,
aes,cts,hold_violation_count,SWAP_ARITH_OPERATORS,synth,1,param_flat,1161,1,1,,,
aes,cts,hold_violation_count,SYNTH_HIERARCHICAL,synth,1,param_flat,1130,2,1,,,
aes,cts,hold_violation_count,TNS_END_PERCENT,floorplan,1,label_flat,1161,87,1,,,
aes,route,wns_ns,ABC_AREA,synth,1,param_flat,922,2,41,791.9145023108173,,
aes,route,wns_ns,CELL_PAD_IN_SITES_DETAIL_PLACEMENT,floorplan,1,insensitive,828,4,42,740.255321547666,-0.05688728513231056,-0.026756398270542943
aes,route,wns_ns,CELL_PAD_IN_SITES_GLOBAL_PLACEMENT,floorplan,1,insensitive,904,5,42,774.0371509751966,-0.0338932746292808,-0.011549675818839108
aes,route,wns_ns,CLUSTER_FLOPS,route,1,param_flat,763,2,42,712.1759302856618,,
aes,route,wns_ns,CORE_ASPECT_RATIO,floorplan,1,weak,939,62,42,788.5296049436199,0.08178477008993322,-0.023910264160326444
aes,route,wns_ns,CORE_MARGIN,floorplan,1,weak,939,17,42,788.5296049436199,-0.10731926314599445,-0.018032385969293376
aes,route,wns_ns,CORE_UTILIZATION,floorplan,1,weak,939,52,42,788.5296049436199,0.09087153617144764,0.08563859903614614
aes,route,wns_ns,CTS_CLUSTER_DIAMETER,cts,1,moderate,939,140,42,788.5296049436199,0.1828607517760528,0.06651909228669069
aes,route,wns_ns,CTS_CLUSTER_SIZE,cts,1,insensitive,939,40,42,788.5296049436199,0.06527906649826978,0.0304504716691527
aes,route,wns_ns,DETAILED_ROUTE_END_ITERATION,route,1,insensitive,919,81,42,783.3138377231504,0.06001971551151721,0.058065362821177864
aes,route,wns_ns,DONT_BUFFER_PORTS,floorplan,1,param_flat,679,2,41,689.1591363643431,,
aes,route,wns_ns,ENABLE_DPO,place,1,param_flat,884,2,42,765.2917971751413,,
aes,route,wns_ns,FASTROUTE_TCL,floorplan,1,non_numeric,0,0,0,,,
aes,route,wns_ns,GLOBAL_ROUTE_ARGS,route,1,non_numeric,0,0,0,,,
aes,route,wns_ns,GPL_ROUTABILITY_DRIVEN,place,1,param_flat,907,2,42,775.3404456358879,,
aes,route,wns_ns,GPL_TIMING_DRIVEN,place,1,param_flat,897,2,42,770.9875618871077,,
aes,route,wns_ns,HOLD_SLACK_MARGIN,floorplan,1,weak,662,46,41,681.0812479912713,-0.08278697196014485,-0.2339539257648261
aes,route,wns_ns,IO_PLACER_H,floorplan,1,param_flat,0,0,0,,,
aes,route,wns_ns,IO_PLACER_V,floorplan,1,param_flat,0,0,0,,,
aes,route,wns_ns,MATCH_CELL_FOOTPRINT,route,1,param_flat,762,2,42,711.7004758757457,,
aes,route,wns_ns,MAX_ROUTING_LAYER,route,1,param_flat,0,0,0,,,
aes,route,wns_ns,MIN_ROUTING_LAYER,route,1,param_flat,0,0,0,,,
aes,route,wns_ns,OPENROAD_HIERARCHICAL,synth,1,param_flat,939,2,42,788.5296049436199,,
aes,route,wns_ns,PLACE_DENSITY,floorplan,1,weak,778,114,42,726.5365255778972,0.13238485527530774,0.0410126290261199
aes,route,wns_ns,PLACE_DENSITY_LB_ADDON,floorplan,1,moderate,939,68,42,788.5296049436199,-0.2360499154371432,-0.06976411719756842
aes,route,wns_ns,PLACE_PINS_ARGS,place,1,non_numeric,0,0,0,,,
aes,route,wns_ns,REMOVE_ABC_BUFFERS,floorplan,1,param_flat,939,2,42,788.5296049436199,,
aes,route,wns_ns,ROUTING_LAYER_ADJUSTMENT,floorplan,1,insensitive,822,35,42,738.0653384926005,-0.020292282224370725,-0.07480781183214531
aes,route,wns_ns,SETUP_SLACK_MARGIN,floorplan,1,insensitive,662,47,41,681.0812479912713,-0.0665531913316089,-0.054233978668280676
aes,route,wns_ns,SWAP_ARITH_OPERATORS,synth,1,param_flat,939,1,42,788.5296049436199,,
aes,route,wns_ns,SYNTH_HIERARCHICAL,synth,1,param_flat,912,2,41,788.1305783866896,,
aes,route,wns_ns,TNS_END_PERCENT,floorplan,1,insensitive,939,72,42,788.5296049436199,0.013806167226314257,0.02362278818387723
aes,route,tns_ns,ABC_AREA,synth,1,param_flat,922,2,54,1452.2622603087873,,
aes,route,tns_ns,CELL_PAD_IN_SITES_DETAIL_PLACEMENT,floorplan,1,insensitive,828,4,55,1366.8914488893824,-0.059237752702006714,-0.021389584951965974
aes,route,tns_ns,CELL_PAD_IN_SITES_GLOBAL_PLACEMENT,floorplan,1,insensitive,904,5,55,1428.4952622673695,-0.03728382783298226,-0.011868488264555437
aes,route,tns_ns,CLUSTER_FLOPS,route,1,param_flat,763,2,55,1313.0599865966194,,
aes,route,tns_ns,CORE_ASPECT_RATIO,floorplan,1,weak,939,62,55,1455.6708332145154,0.08151591168583533,0.004555240154783339
aes,route,tns_ns,CORE_MARGIN,floorplan,1,weak,939,17,55,1455.6708332145154,-0.10786524849128828,0.014344088033486305
aes,route,tns_ns,CORE_UTILIZATION,floorplan,1,weak,939,52,55,1455.6708332145154,0.09499640517987096,0.0881872290960011
aes,route,tns_ns,CTS_CLUSTER_DIAMETER,cts,1,moderate,939,140,55,1455.6708332145154,0.18712314673357341,0.03634014897942119
aes,route,tns_ns,CTS_CLUSTER_SIZE,cts,1,insensitive,939,40,55,1455.6708332145154,0.07036182155303884,0.01804850976165016
aes,route,tns_ns,DETAILED_ROUTE_END_ITERATION,route,1,insensitive,919,81,55,1441.9145556874091,0.06362651067204561,0.04699205046682944
aes,route,tns_ns,DONT_BUFFER_PORTS,floorplan,1,param_flat,679,2,54,1251.6583089090923,,
aes,route,tns_ns,ENABLE_DPO,place,1,param_flat,884,2,55,1412.544240859336,,
aes,route,tns_ns,FASTROUTE_TCL,floorplan,1,non_numeric,0,0,0,,,
aes,route,tns_ns,GLOBAL_ROUTE_ARGS,route,1,non_numeric,0,0,0,,,
aes,route,tns_ns,GPL_ROUTABILITY_DRIVEN,place,1,param_flat,907,2,55,1430.8725784891058,,
aes,route,tns_ns,GPL_TIMING_DRIVEN,place,1,param_flat,897,2,55,1422.9327449419877,,
aes,route,tns_ns,HOLD_SLACK_MARGIN,floorplan,1,insensitive,662,46,54,1236.2230041163039,-0.07978162739673107,-0.21513332381696335
aes,route,tns_ns,IO_PLACER_H,floorplan,1,param_flat,0,0,0,,,
aes,route,tns_ns,IO_PLACER_V,floorplan,1,param_flat,0,0,0,,,
aes,route,tns_ns,MATCH_CELL_FOOTPRINT,route,1,param_flat,762,2,55,1312.1953751904948,,
aes,route,tns_ns,MAX_ROUTING_LAYER,route,1,param_flat,0,0,0,,,
aes,route,tns_ns,MIN_ROUTING_LAYER,route,1,param_flat,0,0,0,,,
aes,route,tns_ns,OPENROAD_HIERARCHICAL,synth,1,param_flat,939,2,55,1455.6708332145154,,
aes,route,tns_ns,PLACE_DENSITY,floorplan,1,weak,778,114,55,1331.1882083475928,0.13331626630753557,0.014867031487802409
aes,route,tns_ns,PLACE_DENSITY_LB_ADDON,floorplan,1,moderate,939,68,55,1455.6708332145154,-0.23594254483050406,-0.03895113509791406
aes,route,tns_ns,PLACE_PINS_ARGS,place,1,non_numeric,0,0,0,,,
aes,route,tns_ns,REMOVE_ABC_BUFFERS,floorplan,1,param_flat,939,2,55,1455.6708332145154,,
aes,route,tns_ns,ROUTING_LAYER_ADJUSTMENT,floorplan,1,insensitive,822,35,55,1362.3563154757571,-0.020427516900611245,-0.06488643393764626
aes,route,tns_ns,SETUP_SLACK_MARGIN,floorplan,1,insensitive,662,47,54,1236.2230041163039,-0.0640356325820899,-0.05667960287365573
aes,route,tns_ns,SWAP_ARITH_OPERATORS,synth,1,param_flat,939,1,55,1455.6708332145154,,
aes,route,tns_ns,SYNTH_HIERARCHICAL,synth,1,param_flat,912,2,54,1444.6541945776294,,
aes,route,tns_ns,TNS_END_PERCENT,floorplan,1,insensitive,939,72,55,1455.6708332145154,0.01249693224318503,0.010618418868854769
aes,route,fmax_mhz,ABC_AREA,synth,1,param_flat,922,2,634,6.78790369551518,,
aes,route,fmax_mhz,CELL_PAD_IN_SITES_DETAIL_PLACEMENT,floorplan,1,insensitive,828,4,549,4.8124324804911565,0.024270534458527993,0.021058775327063583
aes,route,fmax_mhz,CELL_PAD_IN_SITES_GLOBAL_PLACEMENT,floorplan,1,insensitive,904,5,621,6.531329281800733,0.0500139697261586,0.06347238804091875
aes,route,fmax_mhz,CLUSTER_FLOPS,route,1,param_flat,763,2,513,3.835224809986167,,
aes,route,fmax_mhz,CORE_ASPECT_RATIO,floorplan,1,strong,939,62,642,6.805846781283817,-0.4148185855867217,-0.1347907553246045
aes,route,fmax_mhz,CORE_MARGIN,floorplan,1,strong,939,17,642,6.805846781283817,0.5409786913603344,0.5778157768909814
aes,route,fmax_mhz,CORE_UTILIZATION,floorplan,1,moderate,939,52,642,6.805846781283817,0.21851479112496852,0.24390307245000117
aes,route,fmax_mhz,CTS_CLUSTER_DIAMETER,cts,1,strong,939,140,642,6.805846781283817,0.47332737567004113,0.42591290282295685
aes,route,fmax_mhz,CTS_CLUSTER_SIZE,cts,1,strong,939,40,642,6.805846781283817,0.4444981447714082,0.4291941339383426
aes,route,fmax_mhz,DETAILED_ROUTE_END_ITERATION,route,1,insensitive,919,81,630,6.768147040612886,0.04923830074716286,0.027861131716409877
aes,route,fmax_mhz,DONT_BUFFER_PORTS,floorplan,1,param_flat,679,2,462,3.466910727685921,,
aes,route,fmax_mhz,ENABLE_DPO,place,1,param_flat,884,2,600,5.979282335995835,,
aes,route,fmax_mhz,FASTROUTE_TCL,floorplan,1,non_numeric,0,0,0,,,
aes,route,fmax_mhz,GLOBAL_ROUTE_ARGS,route,1,non_numeric,0,0,0,,,
aes,route,fmax_mhz,GPL_ROUTABILITY_DRIVEN,place,1,param_flat,907,2,621,6.476732668767456,,
aes,route,fmax_mhz,GPL_TIMING_DRIVEN,place,1,param_flat,897,2,611,6.2455109050481905,,
aes,route,fmax_mhz,HOLD_SLACK_MARGIN,floorplan,1,insensitive,662,46,455,3.5700135055511577,0.07855053391306004,-0.10808819956426666
aes,route,fmax_mhz,IO_PLACER_H,floorplan,1,param_flat,0,0,0,,,
aes,route,fmax_mhz,IO_PLACER_V,floorplan,1,param_flat,0,0,0,,,
aes,route,fmax_mhz,MATCH_CELL_FOOTPRINT,route,1,param_flat,762,2,512,3.8223833326685956,,
aes,route,fmax_mhz,MAX_ROUTING_LAYER,route,1,param_flat,0,0,0,,,
aes,route,fmax_mhz,MIN_ROUTING_LAYER,route,1,param_flat,0,0,0,,,
aes,route,fmax_mhz,OPENROAD_HIERARCHICAL,synth,1,param_flat,939,2,642,6.805846781283817,,
aes,route,fmax_mhz,PLACE_DENSITY,floorplan,1,moderate,778,114,521,4.201318196635754,0.18870776928243987,0.12209228885595022
aes,route,fmax_mhz,PLACE_DENSITY_LB_ADDON,floorplan,1,strong,939,68,642,6.805846781283817,0.40364115429557806,0.4565998112993031
aes,route,fmax_mhz,PLACE_PINS_ARGS,place,1,non_numeric,0,0,0,,,
aes,route,fmax_mhz,REMOVE_ABC_BUFFERS,floorplan,1,param_flat,939,2,642,6.805846781283817,,
aes,route,fmax_mhz,ROUTING_LAYER_ADJUSTMENT,floorplan,1,weak,822,35,547,4.699999786517213,0.08440509092756826,0.1077066013165285
aes,route,fmax_mhz,SETUP_SLACK_MARGIN,floorplan,1,weak,662,47,455,3.5700135055511577,0.09504943796942036,0.08644514979008602
aes,route,fmax_mhz,SWAP_ARITH_OPERATORS,synth,1,param_flat,939,1,642,6.805846781283817,,
aes,route,fmax_mhz,SYNTH_HIERARCHICAL,synth,1,param_flat,912,2,628,6.715843298720305,,
aes,route,fmax_mhz,TNS_END_PERCENT,floorplan,1,strong,939,72,642,6.805846781283817,-0.49477685703448454,-0.522856764720085
aes,route,utilization_pct,ABC_AREA,synth,1,param_flat,24,2,14,15.846248568883414,,
aes,route,utilization_pct,CELL_PAD_IN_SITES_DETAIL_PLACEMENT,floorplan,1,param_flat,19,2,12,16.750417726254206,,
aes,route,utilization_pct,CELL_PAD_IN_SITES_GLOBAL_PLACEMENT,floorplan,1,param_flat,22,2,13,16.004478549658202,,
aes,route,utilization_pct,CLUSTER_FLOPS,route,1,param_flat,10,2,8,22.773556678171218,,
aes,route,utilization_pct,CORE_ASPECT_RATIO,floorplan,1,strong,31,4,16,18.300852369144422,-0.31216672857565325,-0.452331433509525
aes,route,utilization_pct,CORE_MARGIN,floorplan,1,strong,31,4,16,18.300852369144422,-0.302074381720922,-0.41462872884215013
aes,route,utilization_pct,CORE_UTILIZATION,floorplan,1,strong,31,9,16,18.300852369144422,0.9911968118661292,0.9917399070582081
aes,route,utilization_pct,CTS_CLUSTER_DIAMETER,cts,1,strong,31,13,16,18.300852369144422,0.4776077879552057,0.5147684498680452
aes,route,utilization_pct,CTS_CLUSTER_SIZE,cts,1,strong,31,9,16,18.300852369144422,0.4522159105878565,0.5178560808870611
aes,route,utilization_pct,DETAILED_ROUTE_END_ITERATION,route,1,strong,25,12,14,15.66479087014325,0.3154076274223231,0.308360571391753
aes,route,utilization_pct,DONT_BUFFER_PORTS,floorplan,1,param_flat,4,2,4,28.61583024727294,,
aes,route,utilization_pct,ENABLE_DPO,place,1,param_flat,18,1,12,17.034814890271598,,
aes,route,utilization_pct,FASTROUTE_TCL,floorplan,1,non_numeric,0,0,0,,,
aes,route,utilization_pct,GLOBAL_ROUTE_ARGS,route,1,non_numeric,0,0,0,,,
aes,route,utilization_pct,GPL_ROUTABILITY_DRIVEN,place,1,param_flat,22,2,13,16.004478549658202,,
aes,route,utilization_pct,GPL_TIMING_DRIVEN,place,1,param_flat,20,2,13,16.743822610270044,,
aes,route,utilization_pct,HOLD_SLACK_MARGIN,floorplan,1,param_flat,4,2,4,28.61583024727294,,
aes,route,utilization_pct,IO_PLACER_H,floorplan,1,param_flat,0,0,0,,,
aes,route,utilization_pct,IO_PLACER_V,floorplan,1,param_flat,0,0,0,,,
aes,route,utilization_pct,MATCH_CELL_FOOTPRINT,route,1,param_flat,7,2,6,27.51832617243432,,
aes,route,utilization_pct,MAX_ROUTING_LAYER,route,1,param_flat,0,0,0,,,
aes,route,utilization_pct,MIN_ROUTING_LAYER,route,1,param_flat,0,0,0,,,
aes,route,utilization_pct,OPENROAD_HIERARCHICAL,synth,1,param_flat,31,1,16,18.300852369144422,,
aes,route,utilization_pct,PLACE_DENSITY,floorplan,1,strong,10,6,8,22.773556678171218,-0.3672909483014628,-0.36397127316840533
aes,route,utilization_pct,PLACE_DENSITY_LB_ADDON,floorplan,1,strong,31,9,16,18.300852369144422,-0.4635559920558273,-0.4553740101321778
aes,route,utilization_pct,PLACE_PINS_ARGS,place,1,non_numeric,0,0,0,,,
aes,route,utilization_pct,REMOVE_ABC_BUFFERS,floorplan,1,param_flat,31,2,16,18.300852369144422,,
aes,route,utilization_pct,ROUTING_LAYER_ADJUSTMENT,floorplan,1,insensitive,20,4,11,16.331289529768803,-0.052297573955245424,-0.22026582523594862
aes,route,utilization_pct,SETUP_SLACK_MARGIN,floorplan,1,param_flat,4,2,4,28.61583024727294,,
aes,route,utilization_pct,SWAP_ARITH_OPERATORS,synth,1,param_flat,31,1,16,18.300852369144422,,
aes,route,utilization_pct,SYNTH_HIERARCHICAL,synth,1,param_flat,22,2,13,16.004478549658202,,
aes,route,utilization_pct,TNS_END_PERCENT,floorplan,1,weak,31,8,16,18.300852369144422,0.08353941649602889,0.03190354656280302
aes,route,core_area_um2,ABC_AREA,synth,1,param_flat,1514,2,597,33.23895442558944,,
aes,route,core_area_um2,CELL_PAD_IN_SITES_DETAIL_PLACEMENT,floorplan,1,moderate,1411,5,560,34.03431919504495,0.24883220454576058,0.24930842840555678
aes,route,core_area_um2,CELL_PAD_IN_SITES_GLOBAL_PLACEMENT,floorplan,1,moderate,1490,5,591,33.47767192132284,0.23970340118544245,0.2663630115140749
aes,route,core_area_um2,CLUSTER_FLOPS,route,1,param_flat,1295,2,559,35.08019665574334,,
aes,route,core_area_um2,CORE_ASPECT_RATIO,floorplan,1,weak,1540,211,597,33.2204209929301,0.12613130133476425,0.23584271679825633
aes,route,core_area_um2,CORE_MARGIN,floorplan,1,insensitive,1540,21,597,33.2204209929301,-0.04537819212345944,-0.0073973686426959786
aes,route,core_area_um2,CORE_UTILIZATION,floorplan,1,strong,1540,61,597,33.2204209929301,-0.9959583988608273,-0.9276041673986016
aes,route,core_area_um2,CTS_CLUSTER_DIAMETER,cts,1,weak,1540,423,597,33.2204209929301,-0.139809259887588,-0.1363874500317164
aes,route,core_area_um2,CTS_CLUSTER_SIZE,cts,1,weak,1540,41,597,33.2204209929301,-0.09048722580666345,-0.1308833547852586
aes,route,core_area_um2,DETAILED_ROUTE_END_ITERATION,route,1,moderate,1414,176,589,33.779932850144085,-0.16729178557186297,-0.16313563735097988
aes,route,core_area_um2,DONT_BUFFER_PORTS,floorplan,1,param_flat,1197,2,556,35.424636329231504,,
aes,route,core_area_um2,ENABLE_DPO,place,1,param_flat,1474,2,585,33.586628741532344,,
aes,route,core_area_um2,FASTROUTE_TCL,floorplan,1,non_numeric,0,0,0,,,
aes,route,core_area_um2,GLOBAL_ROUTE_ARGS,route,1,non_numeric,0,0,0,,,
aes,route,core_area_um2,GPL_ROUTABILITY_DRIVEN,place,1,param_flat,1499,2,593,33.38331209447604,,
aes,route,core_area_um2,GPL_TIMING_DRIVEN,place,1,param_flat,1489,2,588,33.48344835878026,,
aes,route,core_area_um2,HOLD_SLACK_MARGIN,floorplan,1,moderate,1169,267,555,35.53125180684808,0.27314592465459175,0.3363049747855111
aes,route,core_area_um2,IO_PLACER_H,floorplan,1,param_flat,0,0,0,,,
aes,route,core_area_um2,IO_PLACER_V,floorplan,1,param_flat,0,0,0,,,
aes,route,core_area_um2,MATCH_CELL_FOOTPRINT,route,1,param_flat,1294,2,560,35.10328740141214,,
aes,route,core_area_um2,MAX_ROUTING_LAYER,route,1,param_flat,0,0,0,,,
aes,route,core_area_um2,MIN_ROUTING_LAYER,route,1,param_flat,0,0,0,,,
aes,route,core_area_um2,OPENROAD_HIERARCHICAL,synth,1,param_flat,1540,2,597,33.2204209929301,,
aes,route,core_area_um2,PLACE_DENSITY,floorplan,1,strong,1324,328,559,34.77265413448687,-0.3314933230620949,-0.27325447574341843
aes,route,core_area_um2,PLACE_DENSITY_LB_ADDON,floorplan,1,weak,1540,181,597,33.2204209929301,0.114397109679352,0.1635172637398467
aes,route,core_area_um2,PLACE_PINS_ARGS,place,1,non_numeric,0,0,0,,,
aes,route,core_area_um2,REMOVE_ABC_BUFFERS,floorplan,1,param_flat,1540,2,597,33.2204209929301,,
aes,route,core_area_um2,ROUTING_LAYER_ADJUSTMENT,floorplan,1,insensitive,1411,183,560,33.95787976726903,0.07690511198027206,0.18464321708409517
aes,route,core_area_um2,SETUP_SLACK_MARGIN,floorplan,1,moderate,1170,302,555,35.53455818223284,0.2601240128648427,0.30922195794942425
aes,route,core_area_um2,SWAP_ARITH_OPERATORS,synth,1,param_flat,1540,1,597,33.2204209929301,,
aes,route,core_area_um2,SYNTH_HIERARCHICAL,synth,1,param_flat,1504,2,595,33.34432179181488,,
aes,route,core_area_um2,TNS_END_PERCENT,floorplan,1,weak,1540,101,597,33.2204209929301,0.13612896556936915,0.18326367539000046
aes,finish,wns_ns,ABC_AREA,synth,1,param_flat,24,2,1,,,
aes,finish,wns_ns,CELL_PAD_IN_SITES_DETAIL_PLACEMENT,floorplan,1,param_flat,19,2,1,,,
aes,finish,wns_ns,CELL_PAD_IN_SITES_GLOBAL_PLACEMENT,floorplan,1,param_flat,22,2,1,,,
aes,finish,wns_ns,CLUSTER_FLOPS,route,1,param_flat,10,2,1,,,
aes,finish,wns_ns,CORE_ASPECT_RATIO,floorplan,1,label_flat,31,4,1,,,
aes,finish,wns_ns,CORE_MARGIN,floorplan,1,label_flat,31,4,1,,,
aes,finish,wns_ns,CORE_UTILIZATION,floorplan,1,label_flat,31,9,1,,,
aes,finish,wns_ns,CTS_CLUSTER_DIAMETER,cts,1,label_flat,31,13,1,,,
aes,finish,wns_ns,CTS_CLUSTER_SIZE,cts,1,label_flat,31,9,1,,,
aes,finish,wns_ns,DETAILED_ROUTE_END_ITERATION,route,1,label_flat,25,12,1,,,
aes,finish,wns_ns,DONT_BUFFER_PORTS,floorplan,1,param_flat,4,2,1,,,
aes,finish,wns_ns,ENABLE_DPO,place,1,param_flat,18,1,1,,,
aes,finish,wns_ns,FASTROUTE_TCL,floorplan,1,non_numeric,0,0,0,,,
aes,finish,wns_ns,GLOBAL_ROUTE_ARGS,route,1,non_numeric,0,0,0,,,
aes,finish,wns_ns,GPL_ROUTABILITY_DRIVEN,place,1,param_flat,22,2,1,,,
aes,finish,wns_ns,GPL_TIMING_DRIVEN,place,1,param_flat,20,2,1,,,
aes,finish,wns_ns,HOLD_SLACK_MARGIN,floorplan,1,param_flat,4,2,1,,,
aes,finish,wns_ns,IO_PLACER_H,floorplan,1,param_flat,0,0,0,,,
aes,finish,wns_ns,IO_PLACER_V,floorplan,1,param_flat,0,0,0,,,
aes,finish,wns_ns,MATCH_CELL_FOOTPRINT,route,1,param_flat,7,2,1,,,
aes,finish,wns_ns,MAX_ROUTING_LAYER,route,1,param_flat,0,0,0,,,
aes,finish,wns_ns,MIN_ROUTING_LAYER,route,1,param_flat,0,0,0,,,
aes,finish,wns_ns,OPENROAD_HIERARCHICAL,synth,1,param_flat,31,1,1,,,
aes,finish,wns_ns,PLACE_DENSITY,floorplan,1,label_flat,10,6,1,,,
aes,finish,wns_ns,PLACE_DENSITY_LB_ADDON,floorplan,1,label_flat,31,9,1,,,
aes,finish,wns_ns,PLACE_PINS_ARGS,place,1,non_numeric,0,0,0,,,
aes,finish,wns_ns,REMOVE_ABC_BUFFERS,floorplan,1,param_flat,31,2,1,,,
aes,finish,wns_ns,ROUTING_LAYER_ADJUSTMENT,floorplan,1,label_flat,20,4,1,,,
aes,finish,wns_ns,SETUP_SLACK_MARGIN,floorplan,1,param_flat,4,2,1,,,
aes,finish,wns_ns,SWAP_ARITH_OPERATORS,synth,1,param_flat,31,1,1,,,
aes,finish,wns_ns,SYNTH_HIERARCHICAL,synth,1,param_flat,22,2,1,,,
aes,finish,wns_ns,TNS_END_PERCENT,floorplan,1,label_flat,31,8,1,,,
aes,finish,tns_ns,ABC_AREA,synth,1,param_flat,24,2,1,,,
aes,finish,tns_ns,CELL_PAD_IN_SITES_DETAIL_PLACEMENT,floorplan,1,param_flat,19,2,1,,,
aes,finish,tns_ns,CELL_PAD_IN_SITES_GLOBAL_PLACEMENT,floorplan,1,param_flat,22,2,1,,,
aes,finish,tns_ns,CLUSTER_FLOPS,route,1,param_flat,10,2,1,,,
aes,finish,tns_ns,CORE_ASPECT_RATIO,floorplan,1,label_flat,31,4,1,,,
aes,finish,tns_ns,CORE_MARGIN,floorplan,1,label_flat,31,4,1,,,
aes,finish,tns_ns,CORE_UTILIZATION,floorplan,1,label_flat,31,9,1,,,
aes,finish,tns_ns,CTS_CLUSTER_DIAMETER,cts,1,label_flat,31,13,1,,,
aes,finish,tns_ns,CTS_CLUSTER_SIZE,cts,1,label_flat,31,9,1,,,
aes,finish,tns_ns,DETAILED_ROUTE_END_ITERATION,route,1,label_flat,25,12,1,,,
aes,finish,tns_ns,DONT_BUFFER_PORTS,floorplan,1,param_flat,4,2,1,,,
aes,finish,tns_ns,ENABLE_DPO,place,1,param_flat,18,1,1,,,
aes,finish,tns_ns,FASTROUTE_TCL,floorplan,1,non_numeric,0,0,0,,,
aes,finish,tns_ns,GLOBAL_ROUTE_ARGS,route,1,non_numeric,0,0,0,,,
aes,finish,tns_ns,GPL_ROUTABILITY_DRIVEN,place,1,param_flat,22,2,1,,,
aes,finish,tns_ns,GPL_TIMING_DRIVEN,place,1,param_flat,20,2,1,,,
aes,finish,tns_ns,HOLD_SLACK_MARGIN,floorplan,1,param_flat,4,2,1,,,
aes,finish,tns_ns,IO_PLACER_H,floorplan,1,param_flat,0,0,0,,,
aes,finish,tns_ns,IO_PLACER_V,floorplan,1,param_flat,0,0,0,,,
aes,finish,tns_ns,MATCH_CELL_FOOTPRINT,route,1,param_flat,7,2,1,,,
aes,finish,tns_ns,MAX_ROUTING_LAYER,route,1,param_flat,0,0,0,,,
aes,finish,tns_ns,MIN_ROUTING_LAYER,route,1,param_flat,0,0,0,,,
aes,finish,tns_ns,OPENROAD_HIERARCHICAL,synth,1,param_flat,31,1,1,,,
aes,finish,tns_ns,PLACE_DENSITY,floorplan,1,label_flat,10,6,1,,,
aes,finish,tns_ns,PLACE_DENSITY_LB_ADDON,floorplan,1,label_flat,31,9,1,,,
aes,finish,tns_ns,PLACE_PINS_ARGS,place,1,non_numeric,0,0,0,,,
aes,finish,tns_ns,REMOVE_ABC_BUFFERS,floorplan,1,param_flat,31,2,1,,,
aes,finish,tns_ns,ROUTING_LAYER_ADJUSTMENT,floorplan,1,label_flat,20,4,1,,,
aes,finish,tns_ns,SETUP_SLACK_MARGIN,floorplan,1,param_flat,4,2,1,,,
aes,finish,tns_ns,SWAP_ARITH_OPERATORS,synth,1,param_flat,31,1,1,,,
aes,finish,tns_ns,SYNTH_HIERARCHICAL,synth,1,param_flat,22,2,1,,,
aes,finish,tns_ns,TNS_END_PERCENT,floorplan,1,label_flat,31,8,1,,,
aes,finish,fmax_mhz,ABC_AREA,synth,1,param_flat,24,2,20,10.188432680224455,,
aes,finish,fmax_mhz,CELL_PAD_IN_SITES_DETAIL_PLACEMENT,floorplan,1,param_flat,19,2,17,8.60934996390675,,
aes,finish,fmax_mhz,CELL_PAD_IN_SITES_GLOBAL_PLACEMENT,floorplan,1,param_flat,22,2,20,10.442056137043316,,
aes,finish,fmax_mhz,CLUSTER_FLOPS,route,1,param_flat,10,2,10,5.693458469235079,,
aes,finish,fmax_mhz,CORE_ASPECT_RATIO,floorplan,1,weak,31,4,24,9.745962432033386,0.10290954651424178,0.3819123907424611
aes,finish,fmax_mhz,CORE_MARGIN,floorplan,1,strong,31,4,24,9.745962432033386,0.5249426362595161,0.5899340957969429
aes,finish,fmax_mhz,CORE_UTILIZATION,floorplan,1,insensitive,31,9,24,9.745962432033386,0.03907428228232806,0.0015546366953174344
aes,finish,fmax_mhz,CTS_CLUSTER_DIAMETER,cts,1,strong,31,13,24,9.745962432033386,0.3162535126753672,0.3246797628895144
aes,finish,fmax_mhz,CTS_CLUSTER_SIZE,cts,1,moderate,31,9,24,9.745962432033386,0.2700429136126484,0.28684557104682484
aes,finish,fmax_mhz,DETAILED_ROUTE_END_ITERATION,route,1,insensitive,25,12,21,10.107008330187599,-0.023392883354930557,-0.06098754584584119
aes,finish,fmax_mhz,DONT_BUFFER_PORTS,floorplan,1,param_flat,4,2,4,4.396983039498526,,
aes,finish,fmax_mhz,ENABLE_DPO,place,1,param_flat,18,1,16,8.47492260598921,,
aes,finish,fmax_mhz,FASTROUTE_TCL,floorplan,1,non_numeric,0,0,0,,,
aes,finish,fmax_mhz,GLOBAL_ROUTE_ARGS,route,1,non_numeric,0,0,0,,,
aes,finish,fmax_mhz,GPL_ROUTABILITY_DRIVEN,place,1,param_flat,22,2,19,10.277022796706555,,
aes,finish,fmax_mhz,GPL_TIMING_DRIVEN,place,1,param_flat,20,2,17,9.420236721661713,,
aes,finish,fmax_mhz,HOLD_SLACK_MARGIN,floorplan,1,param_flat,4,2,4,4.396983039498526,,
aes,finish,fmax_mhz,IO_PLACER_H,floorplan,1,param_flat,0,0,0,,,
aes,finish,fmax_mhz,IO_PLACER_V,floorplan,1,param_flat,0,0,0,,,
aes,finish,fmax_mhz,MATCH_CELL_FOOTPRINT,route,1,param_flat,7,2,7,5.755932179876985,,
aes,finish,fmax_mhz,MAX_ROUTING_LAYER,route,1,param_flat,0,0,0,,,
aes,finish,fmax_mhz,MIN_ROUTING_LAYER,route,1,param_flat,0,0,0,,,
aes,finish,fmax_mhz,OPENROAD_HIERARCHICAL,synth,1,param_flat,31,1,24,9.745962432033386,,
aes,finish,fmax_mhz,PLACE_DENSITY,floorplan,1,strong,10,6,10,5.693458469235079,0.6933037246280291,0.6372013850868935
aes,finish,fmax_mhz,PLACE_DENSITY_LB_ADDON,floorplan,1,strong,31,9,24,9.745962432033386,0.4150728410104818,0.38257756108842406
aes,finish,fmax_mhz,PLACE_PINS_ARGS,place,1,non_numeric,0,0,0,,,
aes,finish,fmax_mhz,REMOVE_ABC_BUFFERS,floorplan,1,param_flat,31,2,24,9.745962432033386,,
aes,finish,fmax_mhz,ROUTING_LAYER_ADJUSTMENT,floorplan,1,strong,20,4,16,8.416832143381793,0.33550117698609194,0.3130169303399801
aes,finish,fmax_mhz,SETUP_SLACK_MARGIN,floorplan,1,param_flat,4,2,4,4.396983039498526,,
aes,finish,fmax_mhz,SWAP_ARITH_OPERATORS,synth,1,param_flat,31,1,24,9.745962432033386,,
aes,finish,fmax_mhz,SYNTH_HIERARCHICAL,synth,1,param_flat,22,2,19,10.277022796706555,,
aes,finish,fmax_mhz,TNS_END_PERCENT,floorplan,1,insensitive,31,8,24,9.745962432033386,-0.055887775499475156,-0.3850820561871649
aes,finish,power_total_w,ABC_AREA,synth,1,param_flat,24,2,19,51.85228812425298,,
aes,finish,power_total_w,CELL_PAD_IN_SITES_DETAIL_PLACEMENT,floorplan,1,param_flat,19,2,16,58.003215831234236,,
aes,finish,power_total_w,CELL_PAD_IN_SITES_GLOBAL_PLACEMENT,floorplan,1,param_flat,22,2,19,53.955057377066936,,
aes,finish,power_total_w,CLUSTER_FLOPS,route,1,param_flat,10,2,10,32.76464943985336,,
aes,finish,power_total_w,CORE_ASPECT_RATIO,floorplan,1,insensitive,31,4,23,49.057207464097594,0.05996212136892759,-0.08961743911386184
aes,finish,power_total_w,CORE_MARGIN,floorplan,1,moderate,31,4,23,49.057207464097594,-0.29703779198364705,-0.2915271519420298
aes,finish,power_total_w,CORE_UTILIZATION,floorplan,1,strong,31,9,23,49.057207464097594,-0.679402901055605,-0.5680824690242187
aes,finish,power_total_w,CTS_CLUSTER_DIAMETER,cts,1,moderate,31,13,23,49.057207464097594,-0.20902030326620694,-0.31617150048508164
aes,finish,power_total_w,CTS_CLUSTER_SIZE,cts,1,strong,31,9,23,49.057207464097594,-0.339868408800806,-0.4301734071885768
aes,finish,power_total_w,DETAILED_ROUTE_END_ITERATION,route,1,strong,25,12,20,51.013840485066666,-0.3453922470671671,-0.3310790853883018
aes,finish,power_total_w,DONT_BUFFER_PORTS,floorplan,1,param_flat,4,2,4,24.544099977016284,,
aes,finish,power_total_w,ENABLE_DPO,place,1,param_flat,18,1,15,59.53441249222243,,
aes,finish,power_total_w,FASTROUTE_TCL,floorplan,1,non_numeric,0,0,0,,,
aes,finish,power_total_w,GLOBAL_ROUTE_ARGS,route,1,non_numeric,0,0,0,,,
aes,finish,power_total_w,GPL_ROUTABILITY_DRIVEN,place,1,param_flat,22,2,18,53.90788458904234,,
aes,finish,power_total_w,GPL_TIMING_DRIVEN,place,1,param_flat,20,2,16,56.54401025725573,,
aes,finish,power_total_w,HOLD_SLACK_MARGIN,floorplan,1,param_flat,4,2,4,24.544099977016284,,
aes,finish,power_total_w,IO_PLACER_H,floorplan,1,param_flat,0,0,0,,,
aes,finish,power_total_w,IO_PLACER_V,floorplan,1,param_flat,0,0,0,,,
aes,finish,power_total_w,MATCH_CELL_FOOTPRINT,route,1,param_flat,7,2,7,37.729334357959544,,
aes,finish,power_total_w,MAX_ROUTING_LAYER,route,1,param_flat,0,0,0,,,
aes,finish,power_total_w,MIN_ROUTING_LAYER,route,1,param_flat,0,0,0,,,
aes,finish,power_total_w,OPENROAD_HIERARCHICAL,synth,1,param_flat,31,1,23,49.057207464097594,,
aes,finish,power_total_w,PLACE_DENSITY,floorplan,1,strong,10,6,10,32.76464943985336,0.5951368255656533,0.6123773196087937
aes,finish,power_total_w,PLACE_DENSITY_LB_ADDON,floorplan,1,moderate,31,9,23,49.057207464097594,0.2379974576131813,0.14598285559305982
aes,finish,power_total_w,PLACE_PINS_ARGS,place,1,non_numeric,0,0,0,,,
aes,finish,power_total_w,REMOVE_ABC_BUFFERS,floorplan,1,param_flat,31,2,23,49.057207464097594,,
aes,finish,power_total_w,ROUTING_LAYER_ADJUSTMENT,floorplan,1,insensitive,20,4,15,53.81514575232653,0.07344042060918136,-0.08988466703572366
aes,finish,power_total_w,SETUP_SLACK_MARGIN,floorplan,1,param_flat,4,2,4,24.544099977016284,,
aes,finish,power_total_w,SWAP_ARITH_OPERATORS,synth,1,param_flat,31,1,23,49.057207464097594,,
aes,finish,power_total_w,SYNTH_HIERARCHICAL,synth,1,param_flat,22,2,18,53.90788458904234,,
aes,finish,power_total_w,TNS_END_PERCENT,floorplan,1,strong,31,8,23,49.057207464097594,0.3307039911657062,0.34656272485848305
aes,finish,utilization_pct,ABC_AREA,synth,1,param_flat,24,2,14,15.846248568883414,,
aes,finish,utilization_pct,CELL_PAD_IN_SITES_DETAIL_PLACEMENT,floorplan,1,param_flat,19,2,12,16.750417726254206,,
aes,finish,utilization_pct,CELL_PAD_IN_SITES_GLOBAL_PLACEMENT,floorplan,1,param_flat,22,2,13,16.004478549658202,,
aes,finish,utilization_pct,CLUSTER_FLOPS,route,1,param_flat,10,2,8,22.773556678171218,,
aes,finish,utilization_pct,CORE_ASPECT_RATIO,floorplan,1,strong,31,4,16,18.300852369144422,-0.31216672857565325,-0.452331433509525
aes,finish,utilization_pct,CORE_MARGIN,floorplan,1,strong,31,4,16,18.300852369144422,-0.302074381720922,-0.41462872884215013
aes,finish,utilization_pct,CORE_UTILIZATION,floorplan,1,strong,31,9,16,18.300852369144422,0.9911968118661292,0.9917399070582081
aes,finish,utilization_pct,CTS_CLUSTER_DIAMETER,cts,1,strong,31,13,16,18.300852369144422,0.4776077879552057,0.5147684498680452
aes,finish,utilization_pct,CTS_CLUSTER_SIZE,cts,1,strong,31,9,16,18.300852369144422,0.4522159105878565,0.5178560808870611
aes,finish,utilization_pct,DETAILED_ROUTE_END_ITERATION,route,1,strong,25,12,14,15.66479087014325,0.3154076274223231,0.308360571391753
aes,finish,utilization_pct,DONT_BUFFER_PORTS,floorplan,1,param_flat,4,2,4,28.61583024727294,,
aes,finish,utilization_pct,ENABLE_DPO,place,1,param_flat,18,1,12,17.034814890271598,,
aes,finish,utilization_pct,FASTROUTE_TCL,floorplan,1,non_numeric,0,0,0,,,
aes,finish,utilization_pct,GLOBAL_ROUTE_ARGS,route,1,non_numeric,0,0,0,,,
aes,finish,utilization_pct,GPL_ROUTABILITY_DRIVEN,place,1,param_flat,22,2,13,16.004478549658202,,
aes,finish,utilization_pct,GPL_TIMING_DRIVEN,place,1,param_flat,20,2,13,16.743822610270044,,
aes,finish,utilization_pct,HOLD_SLACK_MARGIN,floorplan,1,param_flat,4,2,4,28.61583024727294,,
aes,finish,utilization_pct,IO_PLACER_H,floorplan,1,param_flat,0,0,0,,,
aes,finish,utilization_pct,IO_PLACER_V,floorplan,1,param_flat,0,0,0,,,
aes,finish,utilization_pct,MATCH_CELL_FOOTPRINT,route,1,param_flat,7,2,6,27.51832617243432,,
aes,finish,utilization_pct,MAX_ROUTING_LAYER,route,1,param_flat,0,0,0,,,
aes,finish,utilization_pct,MIN_ROUTING_LAYER,route,1,param_flat,0,0,0,,,
aes,finish,utilization_pct,OPENROAD_HIERARCHICAL,synth,1,param_flat,31,1,16,18.300852369144422,,
aes,finish,utilization_pct,PLACE_DENSITY,floorplan,1,strong,10,6,8,22.773556678171218,-0.3672909483014628,-0.36397127316840533
aes,finish,utilization_pct,PLACE_DENSITY_LB_ADDON,floorplan,1,strong,31,9,16,18.300852369144422,-0.4635559920558273,-0.4553740101321778
aes,finish,utilization_pct,PLACE_PINS_ARGS,place,1,non_numeric,0,0,0,,,
aes,finish,utilization_pct,REMOVE_ABC_BUFFERS,floorplan,1,param_flat,31,2,16,18.300852369144422,,
aes,finish,utilization_pct,ROUTING_LAYER_ADJUSTMENT,floorplan,1,insensitive,20,4,11,16.331289529768803,-0.052297573955245424,-0.22026582523594862
aes,finish,utilization_pct,SETUP_SLACK_MARGIN,floorplan,1,param_flat,4,2,4,28.61583024727294,,
aes,finish,utilization_pct,SWAP_ARITH_OPERATORS,synth,1,param_flat,31,1,16,18.300852369144422,,
aes,finish,utilization_pct,SYNTH_HIERARCHICAL,synth,1,param_flat,22,2,13,16.004478549658202,,
aes,finish,utilization_pct,TNS_END_PERCENT,floorplan,1,weak,31,8,16,18.300852369144422,0.08353941649602889,0.03190354656280302
aes,finish,drc_violations,ABC_AREA,synth,1,param_flat,105,2,81,93.27631522726257,,
aes,finish,drc_violations,CELL_PAD_IN_SITES_DETAIL_PLACEMENT,floorplan,1,moderate,83,3,64,83.88843864726218,-0.24652303699237538,-0.2603601606783894
aes,finish,drc_violations,CELL_PAD_IN_SITES_GLOBAL_PLACEMENT,floorplan,1,moderate,99,4,77,92.01058629977467,-0.22673833000991672,-0.2012234003606922
aes,finish,drc_violations,CLUSTER_FLOPS,route,1,param_flat,62,2,53,63.5109773982567,,
aes,finish,drc_violations,CORE_ASPECT_RATIO,floorplan,1,strong,114,10,83,101.38771983128001,-0.40378153632057456,-0.1350545689751901
aes,finish,drc_violations,CORE_MARGIN,floorplan,1,strong,114,6,83,101.38771983128001,0.4915511166312251,0.47817865014853744
aes,finish,drc_violations,CORE_UTILIZATION,floorplan,1,strong,114,24,83,101.38771983128001,0.796021732864217,0.6943479251114684
aes,finish,drc_violations,CTS_CLUSTER_DIAMETER,cts,1,insensitive,114,44,83,101.38771983128001,0.01619298298136165,0.09894950988384091
aes,finish,drc_violations,CTS_CLUSTER_SIZE,cts,1,insensitive,114,26,83,101.38771983128001,0.03943018749223115,0.08561189150585935
aes,finish,drc_violations,DETAILED_ROUTE_END_ITERATION,route,1,insensitive,105,38,81,96.09423167346284,0.06336689265529603,0.03873226793670595
aes,finish,drc_violations,DONT_BUFFER_PORTS,floorplan,1,param_flat,50,2,46,52.54157717450667,,
aes,finish,drc_violations,ENABLE_DPO,place,1,param_flat,95,2,77,87.74342279890746,,
aes,finish,drc_violations,FASTROUTE_TCL,floorplan,1,non_numeric,0,0,0,,,
aes,finish,drc_violations,GLOBAL_ROUTE_ARGS,route,1,non_numeric,0,0,0,,,
aes,finish,drc_violations,GPL_ROUTABILITY_DRIVEN,place,1,param_flat,100,2,78,91.6536199953686,,
aes,finish,drc_violations,GPL_TIMING_DRIVEN,place,1,param_flat,97,2,77,89.1727531610764,,
aes,finish,drc_violations,HOLD_SLACK_MARGIN,floorplan,1,strong,48,4,45,52.39878690172095,-0.3033279074177161,-0.3326165720660641
aes,finish,drc_violations,IO_PLACER_H,floorplan,1,param_flat,0,0,0,,,
aes,finish,drc_violations,IO_PLACER_V,floorplan,1,param_flat,0,0,0,,,
aes,finish,drc_violations,MATCH_CELL_FOOTPRINT,route,1,param_flat,60,2,54,57.32726743675085,,
aes,finish,drc_violations,MAX_ROUTING_LAYER,route,1,param_flat,0,0,0,,,
aes,finish,drc_violations,MIN_ROUTING_LAYER,route,1,param_flat,0,0,0,,,
aes,finish,drc_violations,OPENROAD_HIERARCHICAL,synth,1,param_flat,114,2,83,101.38771983128001,,
aes,finish,drc_violations,PLACE_DENSITY,floorplan,1,insensitive,66,24,56,69.12457378269464,0.02620564750156834,-0.009323625636099828
aes,finish,drc_violations,PLACE_DENSITY_LB_ADDON,floorplan,1,moderate,114,19,83,101.38771983128001,0.2951708508572941,0.3789731276287493
aes,finish,drc_violations,PLACE_PINS_ARGS,place,1,non_numeric,0,0,0,,,
aes,finish,drc_violations,REMOVE_ABC_BUFFERS,floorplan,1,param_flat,114,2,83,101.38771983128001,,
aes,finish,drc_violations,ROUTING_LAYER_ADJUSTMENT,floorplan,1,moderate,86,6,66,84.42451391437507,0.16234461691272412,0.09478756495367162
aes,finish,drc_violations,SETUP_SLACK_MARGIN,floorplan,1,strong,48,4,45,52.39878690172095,-0.3033279074177161,-0.40231098136619314
aes,finish,drc_violations,SWAP_ARITH_OPERATORS,synth,1,param_flat,114,1,83,101.38771983128001,,
aes,finish,drc_violations,SYNTH_HIERARCHICAL,synth,1,param_flat,99,2,77,90.20434600082527,,
aes,finish,drc_violations,TNS_END_PERCENT,floorplan,1,strong,114,30,83,101.38771983128001,-0.4228682178151144,-0.34441230224505653
gcd,synth,cell_count,ABC_AREA,synth,1,param_flat,4543,2,2,17.597641866025178,,
gcd,synth,cell_count,CELL_PAD_IN_SITES_DETAIL_PLACEMENT,floorplan,0,wrong_stage,4502,5,2,17.61560898257942,-0.026485114899316653,-0.027533718632561547
gcd,synth,cell_count,CELL_PAD_IN_SITES_GLOBAL_PLACEMENT,floorplan,0,wrong_stage,4502,5,2,17.61560898257942,-0.014494082628566942,-0.015229209501856578
gcd,synth,cell_count,CLUSTER_FLOPS,route,0,wrong_stage,4502,2,2,17.61560898257942,,
gcd,synth,cell_count,CORE_ASPECT_RATIO,floorplan,0,wrong_stage,4574,763,2,17.56627010062169,-0.06824863015566418,-0.06950314322777637
gcd,synth,cell_count,CORE_MARGIN,floorplan,0,wrong_stage,4566,22,2,17.57385356924342,-0.0611758772032939,-0.05800770831954145
gcd,synth,cell_count,CORE_UTILIZATION,floorplan,0,wrong_stage,4932,63,2,17.223584280339153,-0.035381386496767135,-0.03505718791210136
gcd,synth,cell_count,CORNERS,synth,1,non_numeric,0,0,0,,,
gcd,synth,cell_count,CTS_CLUSTER_DIAMETER,cts,0,wrong_stage,4502,2385,2,17.61560898257942,-0.021116838551625664,-0.020918283252526638
gcd,synth,cell_count,CTS_CLUSTER_SIZE,cts,0,wrong_stage,4502,41,2,17.61560898257942,-0.03186509404627083,-0.031259791489692976
gcd,synth,cell_count,DETAILED_ROUTE_END_ITERATION,route,0,wrong_stage,4502,181,2,17.61560898257942,-0.005404508849609852,-0.005203108714066274
gcd,synth,cell_count,DONT_BUFFER_PORTS,floorplan,0,wrong_stage,4566,2,2,17.57385356924342,,
gcd,synth,cell_count,ENABLE_DPO,place,0,wrong_stage,4502,2,2,17.61560898257942,,
gcd,synth,cell_count,FASTROUTE_TCL,floorplan,0,wrong_stage,0,0,0,,,
gcd,synth,cell_count,GLOBAL_ROUTE_ARGS,route,0,wrong_stage,0,0,0,,,
gcd,synth,cell_count,GPL_ROUTABILITY_DRIVEN,place,0,wrong_stage,4502,2,2,17.61560898257942,,
gcd,synth,cell_count,GPL_TIMING_DRIVEN,place,0,wrong_stage,4502,2,2,17.61560898257942,,
gcd,synth,cell_count,HOLD_SLACK_MARGIN,floorplan,0,wrong_stage,4562,1779,2,17.577639972462098,-0.02098563132760276,-0.019548775508414853
gcd,synth,cell_count,IO_PLACER_H,floorplan,0,wrong_stage,0,0,0,,,
gcd,synth,cell_count,IO_PLACER_V,floorplan,0,wrong_stage,0,0,0,,,
gcd,synth,cell_count,MATCH_CELL_FOOTPRINT,route,0,wrong_stage,4502,2,2,17.61560898257942,,
gcd,synth,cell_count,MAX_REPAIR_TIMING_ITER,place,0,wrong_stage,1250,50,2,16.97306617278877,-0.002676055358586221,-0.0033009787389337323
gcd,synth,cell_count,MAX_ROUTING_LAYER,route,0,wrong_stage,0,0,0,,,
gcd,synth,cell_count,MIN_ROUTING_LAYER,route,0,wrong_stage,0,0,0,,,
gcd,synth,cell_count,OPENROAD_HIERARCHICAL,synth,1,param_flat,4932,2,2,17.223584280339153,,
gcd,synth,cell_count,PLACE_DENSITY,floorplan,0,wrong_stage,4566,875,2,17.57385356924342,-0.012528349969758216,-0.012421914321684822
gcd,synth,cell_count,PLACE_DENSITY_LB_ADDON,floorplan,0,wrong_stage,4502,645,2,17.61560898257942,0.005262542015470874,0.0014233766017424001
gcd,synth,cell_count,PLACE_PINS_ARGS,place,0,wrong_stage,0,0,0,,,
gcd,synth,cell_count,REMOVE_ABC_BUFFERS,floorplan,0,wrong_stage,4562,2,2,17.577639972462098,,
gcd,synth,cell_count,ROUTING_LAYER_ADJUSTMENT,floorplan,0,wrong_stage,4565,1052,2,17.574800505904754,-0.034593271001649745,-0.03564456958634114
gcd,synth,cell_count,SETUP_SLACK_MARGIN,floorplan,0,wrong_stage,4562,1896,2,17.577639972462098,-0.04037666719015759,-0.03901003891418402
gcd,synth,cell_count,SKIP_GATE_CLONING,place,0,wrong_stage,1250,2,2,16.97306617278877,,
gcd,synth,cell_count,SKIP_PIN_SWAP,place,0,wrong_stage,1250,2,2,16.97306617278877,,
gcd,synth,cell_count,SKIP_VT_SWAP,place,0,wrong_stage,1250,2,2,16.97306617278877,,
gcd,synth,cell_count,SWAP_ARITH_OPERATORS,synth,1,param_flat,4932,1,2,17.223584280339153,,
gcd,synth,cell_count,SYNTH_HIERARCHICAL,synth,1,param_flat,4543,2,2,17.597641866025178,,
gcd,synth,cell_count,TNS_END_PERCENT,floorplan,0,wrong_stage,4932,101,2,17.223584280339153,0.12030191732444627,0.11223958302228167
gcd,synth,chip_area_um2,ABC_AREA,synth,1,param_flat,4543,2,1,,,
gcd,synth,chip_area_um2,CELL_PAD_IN_SITES_DETAIL_PLACEMENT,floorplan,0,wrong_stage,4502,5,1,,,
gcd,synth,chip_area_um2,CELL_PAD_IN_SITES_GLOBAL_PLACEMENT,floorplan,0,wrong_stage,4502,5,1,,,
gcd,synth,chip_area_um2,CLUSTER_FLOPS,route,0,wrong_stage,4502,2,1,,,
gcd,synth,chip_area_um2,CORE_ASPECT_RATIO,floorplan,0,wrong_stage,4574,763,1,,,
gcd,synth,chip_area_um2,CORE_MARGIN,floorplan,0,wrong_stage,4566,22,1,,,
gcd,synth,chip_area_um2,CORE_UTILIZATION,floorplan,0,wrong_stage,4932,63,1,,,
gcd,synth,chip_area_um2,CORNERS,synth,1,non_numeric,0,0,0,,,
gcd,synth,chip_area_um2,CTS_CLUSTER_DIAMETER,cts,0,wrong_stage,4502,2385,1,,,
gcd,synth,chip_area_um2,CTS_CLUSTER_SIZE,cts,0,wrong_stage,4502,41,1,,,
gcd,synth,chip_area_um2,DETAILED_ROUTE_END_ITERATION,route,0,wrong_stage,4502,181,1,,,
gcd,synth,chip_area_um2,DONT_BUFFER_PORTS,floorplan,0,wrong_stage,4566,2,1,,,
gcd,synth,chip_area_um2,ENABLE_DPO,place,0,wrong_stage,4502,2,1,,,
gcd,synth,chip_area_um2,FASTROUTE_TCL,floorplan,0,wrong_stage,0,0,0,,,
gcd,synth,chip_area_um2,GLOBAL_ROUTE_ARGS,route,0,wrong_stage,0,0,0,,,
gcd,synth,chip_area_um2,GPL_ROUTABILITY_DRIVEN,place,0,wrong_stage,4502,2,1,,,
gcd,synth,chip_area_um2,GPL_TIMING_DRIVEN,place,0,wrong_stage,4502,2,1,,,
gcd,synth,chip_area_um2,HOLD_SLACK_MARGIN,floorplan,0,wrong_stage,4562,1779,1,,,
gcd,synth,chip_area_um2,IO_PLACER_H,floorplan,0,wrong_stage,0,0,0,,,
gcd,synth,chip_area_um2,IO_PLACER_V,floorplan,0,wrong_stage,0,0,0,,,
gcd,synth,chip_area_um2,MATCH_CELL_FOOTPRINT,route,0,wrong_stage,4502,2,1,,,
gcd,synth,chip_area_um2,MAX_REPAIR_TIMING_ITER,place,0,wrong_stage,1250,50,1,,,
gcd,synth,chip_area_um2,MAX_ROUTING_LAYER,route,0,wrong_stage,0,0,0,,,
gcd,synth,chip_area_um2,MIN_ROUTING_LAYER,route,0,wrong_stage,0,0,0,,,
gcd,synth,chip_area_um2,OPENROAD_HIERARCHICAL,synth,1,param_flat,4932,2,1,,,
gcd,synth,chip_area_um2,PLACE_DENSITY,floorplan,0,wrong_stage,4566,875,1,,,
gcd,synth,chip_area_um2,PLACE_DENSITY_LB_ADDON,floorplan,0,wrong_stage,4502,645,1,,,
gcd,synth,chip_area_um2,PLACE_PINS_ARGS,place,0,wrong_stage,0,0,0,,,
gcd,synth,chip_area_um2,REMOVE_ABC_BUFFERS,floorplan,0,wrong_stage,4562,2,1,,,
gcd,synth,chip_area_um2,ROUTING_LAYER_ADJUSTMENT,floorplan,0,wrong_stage,4565,1052,1,,,
gcd,synth,chip_area_um2,SETUP_SLACK_MARGIN,floorplan,0,wrong_stage,4562,1896,1,,,
gcd,synth,chip_area_um2,SKIP_GATE_CLONING,place,0,wrong_stage,1250,2,1,,,
gcd,synth,chip_area_um2,SKIP_PIN_SWAP,place,0,wrong_stage,1250,2,1,,,
gcd,synth,chip_area_um2,SKIP_VT_SWAP,place,0,wrong_stage,1250,2,1,,,
gcd,synth,chip_area_um2,SWAP_ARITH_OPERATORS,synth,1,param_flat,4932,1,1,,,
gcd,synth,chip_area_um2,SYNTH_HIERARCHICAL,synth,1,param_flat,4543,2,1,,,
gcd,synth,chip_area_um2,TNS_END_PERCENT,floorplan,0,wrong_stage,4932,101,1,,,
gcd,synth,comb_area_um2,ABC_AREA,synth,1,param_flat,4543,2,1,,,
gcd,synth,comb_area_um2,CELL_PAD_IN_SITES_DETAIL_PLACEMENT,floorplan,0,wrong_stage,4502,5,1,,,
gcd,synth,comb_area_um2,CELL_PAD_IN_SITES_GLOBAL_PLACEMENT,floorplan,0,wrong_stage,4502,5,1,,,
gcd,synth,comb_area_um2,CLUSTER_FLOPS,route,0,wrong_stage,4502,2,1,,,
gcd,synth,comb_area_um2,CORE_ASPECT_RATIO,floorplan,0,wrong_stage,4574,763,1,,,
gcd,synth,comb_area_um2,CORE_MARGIN,floorplan,0,wrong_stage,4566,22,1,,,
gcd,synth,comb_area_um2,CORE_UTILIZATION,floorplan,0,wrong_stage,4932,63,1,,,
gcd,synth,comb_area_um2,CORNERS,synth,1,non_numeric,0,0,0,,,
gcd,synth,comb_area_um2,CTS_CLUSTER_DIAMETER,cts,0,wrong_stage,4502,2385,1,,,
gcd,synth,comb_area_um2,CTS_CLUSTER_SIZE,cts,0,wrong_stage,4502,41,1,,,
gcd,synth,comb_area_um2,DETAILED_ROUTE_END_ITERATION,route,0,wrong_stage,4502,181,1,,,
gcd,synth,comb_area_um2,DONT_BUFFER_PORTS,floorplan,0,wrong_stage,4566,2,1,,,
gcd,synth,comb_area_um2,ENABLE_DPO,place,0,wrong_stage,4502,2,1,,,
gcd,synth,comb_area_um2,FASTROUTE_TCL,floorplan,0,wrong_stage,0,0,0,,,
gcd,synth,comb_area_um2,GLOBAL_ROUTE_ARGS,route,0,wrong_stage,0,0,0,,,
gcd,synth,comb_area_um2,GPL_ROUTABILITY_DRIVEN,place,0,wrong_stage,4502,2,1,,,
gcd,synth,comb_area_um2,GPL_TIMING_DRIVEN,place,0,wrong_stage,4502,2,1,,,
gcd,synth,comb_area_um2,HOLD_SLACK_MARGIN,floorplan,0,wrong_stage,4562,1779,1,,,
gcd,synth,comb_area_um2,IO_PLACER_H,floorplan,0,wrong_stage,0,0,0,,,
gcd,synth,comb_area_um2,IO_PLACER_V,floorplan,0,wrong_stage,0,0,0,,,
gcd,synth,comb_area_um2,MATCH_CELL_FOOTPRINT,route,0,wrong_stage,4502,2,1,,,
gcd,synth,comb_area_um2,MAX_REPAIR_TIMING_ITER,place,0,wrong_stage,1250,50,1,,,
gcd,synth,comb_area_um2,MAX_ROUTING_LAYER,route,0,wrong_stage,0,0,0,,,
gcd,synth,comb_area_um2,MIN_ROUTING_LAYER,route,0,wrong_stage,0,0,0,,,
gcd,synth,comb_area_um2,OPENROAD_HIERARCHICAL,synth,1,param_flat,4932,2,1,,,
gcd,synth,comb_area_um2,PLACE_DENSITY,floorplan,0,wrong_stage,4566,875,1,,,
gcd,synth,comb_area_um2,PLACE_DENSITY_LB_ADDON,floorplan,0,wrong_stage,4502,645,1,,,
gcd,synth,comb_area_um2,PLACE_PINS_ARGS,place,0,wrong_stage,0,0,0,,,
gcd,synth,comb_area_um2,REMOVE_ABC_BUFFERS,floorplan,0,wrong_stage,4562,2,1,,,
gcd,synth,comb_area_um2,ROUTING_LAYER_ADJUSTMENT,floorplan,0,wrong_stage,4565,1052,1,,,
gcd,synth,comb_area_um2,SETUP_SLACK_MARGIN,floorplan,0,wrong_stage,4562,1896,1,,,
gcd,synth,comb_area_um2,SKIP_GATE_CLONING,place,0,wrong_stage,1250,2,1,,,
gcd,synth,comb_area_um2,SKIP_PIN_SWAP,place,0,wrong_stage,1250,2,1,,,
gcd,synth,comb_area_um2,SKIP_VT_SWAP,place,0,wrong_stage,1250,2,1,,,
gcd,synth,comb_area_um2,SWAP_ARITH_OPERATORS,synth,1,param_flat,4932,1,1,,,
gcd,synth,comb_area_um2,SYNTH_HIERARCHICAL,synth,1,param_flat,4543,2,1,,,
gcd,synth,comb_area_um2,TNS_END_PERCENT,floorplan,0,wrong_stage,4932,101,1,,,
gcd,synth,seq_area_um2,ABC_AREA,synth,1,param_flat,4543,2,1,,,
gcd,synth,seq_area_um2,CELL_PAD_IN_SITES_DETAIL_PLACEMENT,floorplan,0,wrong_stage,4502,5,1,,,
gcd,synth,seq_area_um2,CELL_PAD_IN_SITES_GLOBAL_PLACEMENT,floorplan,0,wrong_stage,4502,5,1,,,
gcd,synth,seq_area_um2,CLUSTER_FLOPS,route,0,wrong_stage,4502,2,1,,,
gcd,synth,seq_area_um2,CORE_ASPECT_RATIO,floorplan,0,wrong_stage,4574,763,1,,,
gcd,synth,seq_area_um2,CORE_MARGIN,floorplan,0,wrong_stage,4566,22,1,,,
gcd,synth,seq_area_um2,CORE_UTILIZATION,floorplan,0,wrong_stage,4932,63,1,,,
gcd,synth,seq_area_um2,CORNERS,synth,1,non_numeric,0,0,0,,,
gcd,synth,seq_area_um2,CTS_CLUSTER_DIAMETER,cts,0,wrong_stage,4502,2385,1,,,
gcd,synth,seq_area_um2,CTS_CLUSTER_SIZE,cts,0,wrong_stage,4502,41,1,,,
gcd,synth,seq_area_um2,DETAILED_ROUTE_END_ITERATION,route,0,wrong_stage,4502,181,1,,,
gcd,synth,seq_area_um2,DONT_BUFFER_PORTS,floorplan,0,wrong_stage,4566,2,1,,,
gcd,synth,seq_area_um2,ENABLE_DPO,place,0,wrong_stage,4502,2,1,,,
gcd,synth,seq_area_um2,FASTROUTE_TCL,floorplan,0,wrong_stage,0,0,0,,,
gcd,synth,seq_area_um2,GLOBAL_ROUTE_ARGS,route,0,wrong_stage,0,0,0,,,
gcd,synth,seq_area_um2,GPL_ROUTABILITY_DRIVEN,place,0,wrong_stage,4502,2,1,,,
gcd,synth,seq_area_um2,GPL_TIMING_DRIVEN,place,0,wrong_stage,4502,2,1,,,
gcd,synth,seq_area_um2,HOLD_SLACK_MARGIN,floorplan,0,wrong_stage,4562,1779,1,,,
gcd,synth,seq_area_um2,IO_PLACER_H,floorplan,0,wrong_stage,0,0,0,,,
gcd,synth,seq_area_um2,IO_PLACER_V,floorplan,0,wrong_stage,0,0,0,,,
gcd,synth,seq_area_um2,MATCH_CELL_FOOTPRINT,route,0,wrong_stage,4502,2,1,,,
gcd,synth,seq_area_um2,MAX_REPAIR_TIMING_ITER,place,0,wrong_stage,1250,50,1,,,
gcd,synth,seq_area_um2,MAX_ROUTING_LAYER,route,0,wrong_stage,0,0,0,,,
gcd,synth,seq_area_um2,MIN_ROUTING_LAYER,route,0,wrong_stage,0,0,0,,,
gcd,synth,seq_area_um2,OPENROAD_HIERARCHICAL,synth,1,param_flat,4932,2,1,,,
gcd,synth,seq_area_um2,PLACE_DENSITY,floorplan,0,wrong_stage,4566,875,1,,,
gcd,synth,seq_area_um2,PLACE_DENSITY_LB_ADDON,floorplan,0,wrong_stage,4502,645,1,,,
gcd,synth,seq_area_um2,PLACE_PINS_ARGS,place,0,wrong_stage,0,0,0,,,
gcd,synth,seq_area_um2,REMOVE_ABC_BUFFERS,floorplan,0,wrong_stage,4562,2,1,,,
gcd,synth,seq_area_um2,ROUTING_LAYER_ADJUSTMENT,floorplan,0,wrong_stage,4565,1052,1,,,
gcd,synth,seq_area_um2,SETUP_SLACK_MARGIN,floorplan,0,wrong_stage,4562,1896,1,,,
gcd,synth,seq_area_um2,SKIP_GATE_CLONING,place,0,wrong_stage,1250,2,1,,,
gcd,synth,seq_area_um2,SKIP_PIN_SWAP,place,0,wrong_stage,1250,2,1,,,
gcd,synth,seq_area_um2,SKIP_VT_SWAP,place,0,wrong_stage,1250,2,1,,,
gcd,synth,seq_area_um2,SWAP_ARITH_OPERATORS,synth,1,param_flat,4932,1,1,,,
gcd,synth,seq_area_um2,SYNTH_HIERARCHICAL,synth,1,param_flat,4543,2,1,,,
gcd,synth,seq_area_um2,TNS_END_PERCENT,floorplan,0,wrong_stage,4932,101,1,,,
gcd,synth,seq_area_pct,ABC_AREA,synth,1,param_flat,4543,2,1,,,
gcd,synth,seq_area_pct,CELL_PAD_IN_SITES_DETAIL_PLACEMENT,floorplan,0,wrong_stage,4502,5,1,,,
gcd,synth,seq_area_pct,CELL_PAD_IN_SITES_GLOBAL_PLACEMENT,floorplan,0,wrong_stage,4502,5,1,,,
gcd,synth,seq_area_pct,CLUSTER_FLOPS,route,0,wrong_stage,4502,2,1,,,
gcd,synth,seq_area_pct,CORE_ASPECT_RATIO,floorplan,0,wrong_stage,4574,763,1,,,
gcd,synth,seq_area_pct,CORE_MARGIN,floorplan,0,wrong_stage,4566,22,1,,,
gcd,synth,seq_area_pct,CORE_UTILIZATION,floorplan,0,wrong_stage,4932,63,1,,,
gcd,synth,seq_area_pct,CORNERS,synth,1,non_numeric,0,0,0,,,
gcd,synth,seq_area_pct,CTS_CLUSTER_DIAMETER,cts,0,wrong_stage,4502,2385,1,,,
gcd,synth,seq_area_pct,CTS_CLUSTER_SIZE,cts,0,wrong_stage,4502,41,1,,,
gcd,synth,seq_area_pct,DETAILED_ROUTE_END_ITERATION,route,0,wrong_stage,4502,181,1,,,
gcd,synth,seq_area_pct,DONT_BUFFER_PORTS,floorplan,0,wrong_stage,4566,2,1,,,
gcd,synth,seq_area_pct,ENABLE_DPO,place,0,wrong_stage,4502,2,1,,,
gcd,synth,seq_area_pct,FASTROUTE_TCL,floorplan,0,wrong_stage,0,0,0,,,
gcd,synth,seq_area_pct,GLOBAL_ROUTE_ARGS,route,0,wrong_stage,0,0,0,,,
gcd,synth,seq_area_pct,GPL_ROUTABILITY_DRIVEN,place,0,wrong_stage,4502,2,1,,,
gcd,synth,seq_area_pct,GPL_TIMING_DRIVEN,place,0,wrong_stage,4502,2,1,,,
gcd,synth,seq_area_pct,HOLD_SLACK_MARGIN,floorplan,0,wrong_stage,4562,1779,1,,,
gcd,synth,seq_area_pct,IO_PLACER_H,floorplan,0,wrong_stage,0,0,0,,,
gcd,synth,seq_area_pct,IO_PLACER_V,floorplan,0,wrong_stage,0,0,0,,,
gcd,synth,seq_area_pct,MATCH_CELL_FOOTPRINT,route,0,wrong_stage,4502,2,1,,,
gcd,synth,seq_area_pct,MAX_REPAIR_TIMING_ITER,place,0,wrong_stage,1250,50,1,,,
gcd,synth,seq_area_pct,MAX_ROUTING_LAYER,route,0,wrong_stage,0,0,0,,,
gcd,synth,seq_area_pct,MIN_ROUTING_LAYER,route,0,wrong_stage,0,0,0,,,
gcd,synth,seq_area_pct,OPENROAD_HIERARCHICAL,synth,1,param_flat,4932,2,1,,,
gcd,synth,seq_area_pct,PLACE_DENSITY,floorplan,0,wrong_stage,4566,875,1,,,
gcd,synth,seq_area_pct,PLACE_DENSITY_LB_ADDON,floorplan,0,wrong_stage,4502,645,1,,,
gcd,synth,seq_area_pct,PLACE_PINS_ARGS,place,0,wrong_stage,0,0,0,,,
gcd,synth,seq_area_pct,REMOVE_ABC_BUFFERS,floorplan,0,wrong_stage,4562,2,1,,,
gcd,synth,seq_area_pct,ROUTING_LAYER_ADJUSTMENT,floorplan,0,wrong_stage,4565,1052,1,,,
gcd,synth,seq_area_pct,SETUP_SLACK_MARGIN,floorplan,0,wrong_stage,4562,1896,1,,,
gcd,synth,seq_area_pct,SKIP_GATE_CLONING,place,0,wrong_stage,1250,2,1,,,
gcd,synth,seq_area_pct,SKIP_PIN_SWAP,place,0,wrong_stage,1250,2,1,,,
gcd,synth,seq_area_pct,SKIP_VT_SWAP,place,0,wrong_stage,1250,2,1,,,
gcd,synth,seq_area_pct,SWAP_ARITH_OPERATORS,synth,1,param_flat,4932,1,1,,,
gcd,synth,seq_area_pct,SYNTH_HIERARCHICAL,synth,1,param_flat,4543,2,1,,,
gcd,synth,seq_area_pct,TNS_END_PERCENT,floorplan,0,wrong_stage,4932,101,1,,,
gcd,synth,logic_depth,ABC_AREA,synth,1,param_flat,4543,2,2,7.61033496277907,,
gcd,synth,logic_depth,CELL_PAD_IN_SITES_DETAIL_PLACEMENT,floorplan,0,wrong_stage,4502,5,2,7.615161507598908,-0.026485114899316653,-0.02753371863256103
gcd,synth,logic_depth,CELL_PAD_IN_SITES_GLOBAL_PLACEMENT,floorplan,0,wrong_stage,4502,5,2,7.615161507598908,-0.014494082628566942,-0.015229209501856402
gcd,synth,logic_depth,CLUSTER_FLOPS,route,0,wrong_stage,4502,2,2,7.615161507598908,,
gcd,synth,logic_depth,CORE_ASPECT_RATIO,floorplan,0,wrong_stage,4574,763,2,7.601800243973048,-0.06824863015566418,-0.06950314322777922
gcd,synth,logic_depth,CORE_MARGIN,floorplan,0,wrong_stage,4566,22,2,7.6038758368444705,-0.0611758772032939,-0.05800770831954263
gcd,synth,logic_depth,CORE_UTILIZATION,floorplan,0,wrong_stage,4932,63,2,7.501328096951236,-0.035381386496767135,-0.035057187912100496
gcd,synth,logic_depth,CORNERS,synth,1,non_numeric,0,0,0,,,
gcd,synth,logic_depth,CTS_CLUSTER_DIAMETER,cts,0,wrong_stage,4502,2385,2,7.615161507598908,-0.021116838551625664,-0.020918283252526274
gcd,synth,logic_depth,CTS_CLUSTER_SIZE,cts,0,wrong_stage,4502,41,2,7.615161507598908,-0.03186509404627083,-0.031259791489692
gcd,synth,logic_depth,DETAILED_ROUTE_END_ITERATION,route,0,wrong_stage,4502,181,2,7.615161507598908,-0.005404508849609852,-0.005203108714066216
gcd,synth,logic_depth,DONT_BUFFER_PORTS,floorplan,0,wrong_stage,4566,2,2,7.6038758368444705,,
gcd,synth,logic_depth,ENABLE_DPO,place,0,wrong_stage,4502,2,2,7.615161507598908,,
gcd,synth,logic_depth,FASTROUTE_TCL,floorplan,0,wrong_stage,0,0,0,,,
gcd,synth,logic_depth,GLOBAL_ROUTE_ARGS,route,0,wrong_stage,0,0,0,,,
gcd,synth,logic_depth,GPL_ROUTABILITY_DRIVEN,place,0,wrong_stage,4502,2,2,7.615161507598908,,
gcd,synth,logic_depth,GPL_TIMING_DRIVEN,place,0,wrong_stage,4502,2,2,7.615161507598908,,
gcd,synth,logic_depth,HOLD_SLACK_MARGIN,floorplan,0,wrong_stage,4562,1779,2,7.604909239886541,-0.02098563132760276,-0.01954877550841539
gcd,synth,logic_depth,IO_PLACER_H,floorplan,0,wrong_stage,0,0,0,,,
gcd,synth,logic_depth,IO_PLACER_V,floorplan,0,wrong_stage,0,0,0,,,
gcd,synth,logic_depth,MATCH_CELL_FOOTPRINT,route,0,wrong_stage,4502,2,2,7.615161507598908,,
gcd,synth,logic_depth,MAX_REPAIR_TIMING_ITER,place,0,wrong_stage,1250,50,2,7.422281841614339,-0.002676055358586221,-0.0033009787389338186
gcd,synth,logic_depth,MAX_ROUTING_LAYER,route,0,wrong_stage,0,0,0,,,
gcd,synth,logic_depth,MIN_ROUTING_LAYER,route,0,wrong_stage,0,0,0,,,
gcd,synth,logic_depth,OPENROAD_HIERARCHICAL,synth,1,param_flat,4932,2,2,7.501328096951236,,
gcd,synth,logic_depth,PLACE_DENSITY,floorplan,0,wrong_stage,4566,875,2,7.6038758368444705,-0.012528349969758216,-0.012421914321685077
gcd,synth,logic_depth,PLACE_DENSITY_LB_ADDON,floorplan,0,wrong_stage,4502,645,2,7.615161507598908,0.005262542015470874,0.0014233766017422976
gcd,synth,logic_depth,PLACE_PINS_ARGS,place,0,wrong_stage,0,0,0,,,
gcd,synth,logic_depth,REMOVE_ABC_BUFFERS,floorplan,0,wrong_stage,4562,2,2,7.604909239886541,,
gcd,synth,logic_depth,ROUTING_LAYER_ADJUSTMENT,floorplan,0,wrong_stage,4565,1052,2,7.60413446359367,-0.034593271001649745,-0.03564456958634363
gcd,synth,logic_depth,SETUP_SLACK_MARGIN,floorplan,0,wrong_stage,4562,1896,2,7.604909239886541,-0.04037666719015759,-0.03901003891418519
gcd,synth,logic_depth,SKIP_GATE_CLONING,place,0,wrong_stage,1250,2,2,7.422281841614339,,
gcd,synth,logic_depth,SKIP_PIN_SWAP,place,0,wrong_stage,1250,2,2,7.422281841614339,,
gcd,synth,logic_depth,SKIP_VT_SWAP,place,0,wrong_stage,1250,2,2,7.422281841614339,,
gcd,synth,logic_depth,SWAP_ARITH_OPERATORS,synth,1,param_flat,4932,1,2,7.501328096951236,,
gcd,synth,logic_depth,SYNTH_HIERARCHICAL,synth,1,param_flat,4543,2,2,7.61033496277907,,
gcd,synth,logic_depth,TNS_END_PERCENT,floorplan,0,wrong_stage,4932,101,2,7.501328096951236,0.12030191732444627,0.11223958302227921
gcd,floorplan,wns_ns,ABC_AREA,synth,1,param_flat,4543,2,36,111.50153717363283,,
gcd,floorplan,wns_ns,CELL_PAD_IN_SITES_DETAIL_PLACEMENT,floorplan,1,insensitive,4502,5,36,110.66984742813244,0.03546654832775613,0.002924078606128236
gcd,floorplan,wns_ns,CELL_PAD_IN_SITES_GLOBAL_PLACEMENT,floorplan,1,insensitive,4502,5,36,110.66984742813244,0.03098188830334657,-0.021821546528157446
gcd,floorplan,wns_ns,CLUSTER_FLOPS,route,0,wrong_stage,4502,2,36,110.66984742813244,,
gcd,floorplan,wns_ns,CORE_ASPECT_RATIO,floorplan,1,insensitive,4574,763,36,112.13474599742075,0.05103228744778617,0.06873374153032331
gcd,floorplan,wns_ns,CORE_MARGIN,floorplan,1,insensitive,4566,22,36,111.958561952765,0.010378800824673809,0.02668169387655673
gcd,floorplan,wns_ns,CORE_UTILIZATION,floorplan,1,insensitive,4932,63,36,119.53086026799171,-0.0048002122958395845,0.014799474116778715
gcd,floorplan,wns_ns,CORNERS,synth,1,non_numeric,0,0,0,,,
gcd,floorplan,wns_ns,CTS_CLUSTER_DIAMETER,cts,0,wrong_stage,4502,2385,36,110.66984742813244,-0.0007932401992591124,-0.006994565898034544
gcd,floorplan,wns_ns,CTS_CLUSTER_SIZE,cts,0,wrong_stage,4502,41,36,110.66984742813244,0.03534809279623351,0.021042973185868334
gcd,floorplan,wns_ns,DETAILED_ROUTE_END_ITERATION,route,0,wrong_stage,4502,181,36,110.66984742813244,-0.012105893840285448,-0.001868817907764253
gcd,floorplan,wns_ns,DONT_BUFFER_PORTS,floorplan,1,param_flat,4566,2,36,111.958561952765,,
gcd,floorplan,wns_ns,ENABLE_DPO,place,0,wrong_stage,4502,2,36,110.66984742813244,,
gcd,floorplan,wns_ns,FASTROUTE_TCL,floorplan,1,non_numeric,0,0,0,,,
gcd,floorplan,wns_ns,GLOBAL_ROUTE_ARGS,route,0,wrong_stage,0,0,0,,,
gcd,floorplan,wns_ns,GPL_ROUTABILITY_DRIVEN,place,0,wrong_stage,4502,2,36,110.66984742813244,,
gcd,floorplan,wns_ns,GPL_TIMING_DRIVEN,place,0,wrong_stage,4502,2,36,110.66984742813244,,
gcd,floorplan,wns_ns,HOLD_SLACK_MARGIN,floorplan,1,insensitive,4562,1779,36,111.8703658562221,-0.027090829780068288,-0.033541612735870086
gcd,floorplan,wns_ns,IO_PLACER_H,floorplan,1,param_flat,0,0,0,,,
gcd,floorplan,wns_ns,IO_PLACER_V,floorplan,1,param_flat,0,0,0,,,
gcd,floorplan,wns_ns,MATCH_CELL_FOOTPRINT,route,0,wrong_stage,4502,2,36,110.66984742813244,,
gcd,floorplan,wns_ns,MAX_REPAIR_TIMING_ITER,place,0,wrong_stage,1250,50,17,86.78046816793929,0.007307097343690531,0.0046927349965914696
gcd,floorplan,wns_ns,MAX_ROUTING_LAYER,route,0,wrong_stage,0,0,0,,,
gcd,floorplan,wns_ns,MIN_ROUTING_LAYER,route,0,wrong_stage,0,0,0,,,
gcd,floorplan,wns_ns,OPENROAD_HIERARCHICAL,synth,1,param_flat,4932,2,36,119.53086026799171,,
gcd,floorplan,wns_ns,PLACE_DENSITY,floorplan,1,insensitive,4566,875,36,111.97621323006423,0.023364687748277716,0.016965526233549383
gcd,floorplan,wns_ns,PLACE_DENSITY_LB_ADDON,floorplan,1,insensitive,4502,645,36,110.66984742813244,0.008812365475123842,-0.003530298124839154
gcd,floorplan,wns_ns,PLACE_PINS_ARGS,place,0,wrong_stage,0,0,0,,,
gcd,floorplan,wns_ns,REMOVE_ABC_BUFFERS,floorplan,1,param_flat,4562,2,36,111.8703658562221,,
gcd,floorplan,wns_ns,ROUTING_LAYER_ADJUSTMENT,floorplan,1,insensitive,4565,1052,36,111.93651944479774,0.012328249357079416,0.010260250581692835
gcd,floorplan,wns_ns,SETUP_SLACK_MARGIN,floorplan,1,insensitive,4562,1896,36,111.8703658562221,0.009647965312808739,-0.00755621641767681
gcd,floorplan,wns_ns,SKIP_GATE_CLONING,place,0,wrong_stage,1250,2,17,86.78046816793929,,
gcd,floorplan,wns_ns,SKIP_PIN_SWAP,place,0,wrong_stage,1250,2,17,86.78046816793929,,
gcd,floorplan,wns_ns,SKIP_VT_SWAP,place,0,wrong_stage,1250,2,17,86.78046816793929,,
gcd,floorplan,wns_ns,SWAP_ARITH_OPERATORS,synth,1,param_flat,4932,1,36,119.53086026799171,,
gcd,floorplan,wns_ns,SYNTH_HIERARCHICAL,synth,1,param_flat,4543,2,36,111.50153717363283,,
gcd,floorplan,wns_ns,TNS_END_PERCENT,floorplan,1,moderate,4932,101,36,119.53086026799171,0.16387197800379152,0.1201812800801651
gcd,floorplan,tns_ns,ABC_AREA,synth,1,param_flat,4543,2,253,116.60609810413696,,
gcd,floorplan,tns_ns,CELL_PAD_IN_SITES_DETAIL_PLACEMENT,floorplan,1,insensitive,4502,5,253,115.7135968055747,0.038935486621269264,0.005412609527887036
gcd,floorplan,tns_ns,CELL_PAD_IN_SITES_GLOBAL_PLACEMENT,floorplan,1,insensitive,4502,5,253,115.7135968055747,0.033724437609458924,-0.02095624677098552
gcd,floorplan,tns_ns,CLUSTER_FLOPS,route,0,wrong_stage,4502,2,253,115.7135968055747,,
gcd,floorplan,tns_ns,CORE_ASPECT_RATIO,floorplan,1,insensitive,4574,763,253,117.27898162576685,0.04745534994350221,0.06534739243131889
gcd,floorplan,tns_ns,CORE_MARGIN,floorplan,1,insensitive,4566,22,253,117.10172586799501,0.008219500524208948,0.02440193146370045
gcd,floorplan,tns_ns,CORE_UTILIZATION,floorplan,1,insensitive,4932,63,254,124.7288837057659,-0.0036947312066406956,0.01622617803375496
gcd,floorplan,tns_ns,CORNERS,synth,1,non_numeric,0,0,0,,,
gcd,floorplan,tns_ns,CTS_CLUSTER_DIAMETER,cts,0,wrong_stage,4502,2385,253,115.7135968055747,-0.0027762479080530246,-0.0077791097038168115
gcd,floorplan,tns_ns,CTS_CLUSTER_SIZE,cts,0,wrong_stage,4502,41,253,115.7135968055747,0.034738043910055354,0.02174653281961569
gcd,floorplan,tns_ns,DETAILED_ROUTE_END_ITERATION,route,0,wrong_stage,4502,181,253,115.7135968055747,-0.010902350828793499,-0.001684902188577086
gcd,floorplan,tns_ns,DONT_BUFFER_PORTS,floorplan,1,param_flat,4566,2,253,117.10172586799501,,
gcd,floorplan,tns_ns,ENABLE_DPO,place,0,wrong_stage,4502,2,253,115.7135968055747,,
gcd,floorplan,tns_ns,FASTROUTE_TCL,floorplan,1,non_numeric,0,0,0,,,
gcd,floorplan,tns_ns,GLOBAL_ROUTE_ARGS,route,0,wrong_stage,0,0,0,,,
gcd,floorplan,tns_ns,GPL_ROUTABILITY_DRIVEN,place,0,wrong_stage,4502,2,253,115.7135968055747,,
gcd,floorplan,tns_ns,GPL_TIMING_DRIVEN,place,0,wrong_stage,4502,2,253,115.7135968055747,,
gcd,floorplan,tns_ns,HOLD_SLACK_MARGIN,floorplan,1,insensitive,4562,1779,253,117.01299727494904,-0.02890027907117136,-0.03447100938708941
gcd,floorplan,tns_ns,IO_PLACER_H,floorplan,1,param_flat,0,0,0,,,
gcd,floorplan,tns_ns,IO_PLACER_V,floorplan,1,param_flat,0,0,0,,,
gcd,floorplan,tns_ns,MATCH_CELL_FOOTPRINT,route,0,wrong_stage,4502,2,253,115.7135968055747,,
gcd,floorplan,tns_ns,MAX_REPAIR_TIMING_ITER,place,0,wrong_stage,1250,50,95,88.0612266514863,0.008620473427104597,0.0039033016944473023
gcd,floorplan,tns_ns,MAX_ROUTING_LAYER,route,0,wrong_stage,0,0,0,,,
gcd,floorplan,tns_ns,MIN_ROUTING_LAYER,route,0,wrong_stage,0,0,0,,,
gcd,floorplan,tns_ns,OPENROAD_HIERARCHICAL,synth,1,param_flat,4932,2,254,124.7288837057659,,
gcd,floorplan,tns_ns,PLACE_DENSITY,floorplan,1,insensitive,4566,875,253,117.10708335632134,0.023743613067751083,0.01816761381632859
gcd,floorplan,tns_ns,PLACE_DENSITY_LB_ADDON,floorplan,1,insensitive,4502,645,253,115.7135968055747,0.00940983396089381,-0.003828609335878683
gcd,floorplan,tns_ns,PLACE_PINS_ARGS,place,0,wrong_stage,0,0,0,,,
gcd,floorplan,tns_ns,REMOVE_ABC_BUFFERS,floorplan,1,param_flat,4562,2,253,117.01299727494904,,
gcd,floorplan,tns_ns,ROUTING_LAYER_ADJUSTMENT,floorplan,1,insensitive,4565,1052,253,117.07955002509745,0.009356872750139803,0.008952609116157797
gcd,floorplan,tns_ns,SETUP_SLACK_MARGIN,floorplan,1,insensitive,4562,1896,253,117.01299727494904,0.007651623260284515,-0.008706351230357708
gcd,floorplan,tns_ns,SKIP_GATE_CLONING,place,0,wrong_stage,1250,2,95,88.0612266514863,,
gcd,floorplan,tns_ns,SKIP_PIN_SWAP,place,0,wrong_stage,1250,2,95,88.0612266514863,,
gcd,floorplan,tns_ns,SKIP_VT_SWAP,place,0,wrong_stage,1250,2,95,88.0612266514863,,
gcd,floorplan,tns_ns,SWAP_ARITH_OPERATORS,synth,1,param_flat,4932,1,254,124.7288837057659,,
gcd,floorplan,tns_ns,SYNTH_HIERARCHICAL,synth,1,param_flat,4543,2,253,116.60609810413696,,
gcd,floorplan,tns_ns,TNS_END_PERCENT,floorplan,1,moderate,4932,101,254,124.7288837057659,0.17883693580570872,0.13277861874853397
gcd,floorplan,fmax_mhz,ABC_AREA,synth,1,param_flat,4543,2,73,55.13225015897862,,
gcd,floorplan,fmax_mhz,CELL_PAD_IN_SITES_DETAIL_PLACEMENT,floorplan,1,insensitive,4502,5,73,55.454902372474336,-0.03272997746622891,-0.034071667720155706
gcd,floorplan,fmax_mhz,CELL_PAD_IN_SITES_GLOBAL_PLACEMENT,floorplan,1,insensitive,4502,5,73,55.454902372474336,-0.04547565717723191,-0.04951932966412601
gcd,floorplan,fmax_mhz,CLUSTER_FLOPS,route,0,wrong_stage,4502,2,73,55.454902372474336,,
gcd,floorplan,fmax_mhz,CORE_ASPECT_RATIO,floorplan,1,weak,4574,763,73,54.90637008506485,0.09683835842252736,0.08811245330768255
gcd,floorplan,fmax_mhz,CORE_MARGIN,floorplan,1,insensitive,4566,22,73,54.954408996854184,0.07929330746820615,0.05860688758605404
gcd,floorplan,fmax_mhz,CORE_UTILIZATION,floorplan,1,insensitive,4932,63,73,52.86752635377698,-0.011570357204072597,-0.0015303081485095143
gcd,floorplan,fmax_mhz,CORNERS,synth,1,non_numeric,0,0,0,,,
gcd,floorplan,fmax_mhz,CTS_CLUSTER_DIAMETER,cts,0,wrong_stage,4502,2385,73,55.454902372474336,-0.004592309631726717,-0.009376935096755334
gcd,floorplan,fmax_mhz,CTS_CLUSTER_SIZE,cts,0,wrong_stage,4502,41,73,55.454902372474336,0.01911643461177032,0.014274923460263631
gcd,floorplan,fmax_mhz,DETAILED_ROUTE_END_ITERATION,route,0,wrong_stage,4502,181,73,55.454902372474336,-0.0069147667344245925,-0.0019964823761727804
gcd,floorplan,fmax_mhz,DONT_BUFFER_PORTS,floorplan,1,param_flat,4566,2,73,54.954408996854184,,
gcd,floorplan,fmax_mhz,ENABLE_DPO,place,0,wrong_stage,4502,2,73,55.454902372474336,,
gcd,floorplan,fmax_mhz,FASTROUTE_TCL,floorplan,1,non_numeric,0,0,0,,,
gcd,floorplan,fmax_mhz,GLOBAL_ROUTE_ARGS,route,0,wrong_stage,0,0,0,,,
gcd,floorplan,fmax_mhz,GPL_ROUTABILITY_DRIVEN,place,0,wrong_stage,4502,2,73,55.454902372474336,,
gcd,floorplan,fmax_mhz,GPL_TIMING_DRIVEN,place,0,wrong_stage,4502,2,73,55.454902372474336,,
gcd,floorplan,fmax_mhz,HOLD_SLACK_MARGIN,floorplan,1,insensitive,4562,1779,73,54.984580505787406,0.008484075926167017,-0.011252483844376299
gcd,floorplan,fmax_mhz,IO_PLACER_H,floorplan,1,param_flat,0,0,0,,,
gcd,floorplan,fmax_mhz,IO_PLACER_V,floorplan,1,param_flat,0,0,0,,,
gcd,floorplan,fmax_mhz,MATCH_CELL_FOOTPRINT,route,0,wrong_stage,4502,2,73,55.454902372474336,,
gcd,floorplan,fmax_mhz,MAX_REPAIR_TIMING_ITER,place,0,wrong_stage,1250,50,33,64.02408428225822,0.006410487006092986,0.009116403554183937
gcd,floorplan,fmax_mhz,MAX_ROUTING_LAYER,route,0,wrong_stage,0,0,0,,,
gcd,floorplan,fmax_mhz,MIN_ROUTING_LAYER,route,0,wrong_stage,0,0,0,,,
gcd,floorplan,fmax_mhz,OPENROAD_HIERARCHICAL,synth,1,param_flat,4932,2,73,52.86752635377698,,
gcd,floorplan,fmax_mhz,PLACE_DENSITY,floorplan,1,insensitive,4566,875,73,54.96170417135012,0.00870575190548855,0.012285997456579293
gcd,floorplan,fmax_mhz,PLACE_DENSITY_LB_ADDON,floorplan,1,insensitive,4502,645,73,55.454902372474336,-0.0017964791978025674,-0.006934079510039985
gcd,floorplan,fmax_mhz,PLACE_PINS_ARGS,place,0,wrong_stage,0,0,0,,,
gcd,floorplan,fmax_mhz,REMOVE_ABC_BUFFERS,floorplan,1,param_flat,4562,2,73,54.984580505787406,,
gcd,floorplan,fmax_mhz,ROUTING_LAYER_ADJUSTMENT,floorplan,1,insensitive,4565,1052,73,54.961947335318925,0.04839782365928712,0.030086049820222265
gcd,floorplan,fmax_mhz,SETUP_SLACK_MARGIN,floorplan,1,insensitive,4562,1896,73,54.984580505787406,0.07576304461044495,0.028707369295405172
gcd,floorplan,fmax_mhz,SKIP_GATE_CLONING,place,0,wrong_stage,1250,2,33,64.02408428225822,,
gcd,floorplan,fmax_mhz,SKIP_PIN_SWAP,place,0,wrong_stage,1250,2,33,64.02408428225822,,
gcd,floorplan,fmax_mhz,SKIP_VT_SWAP,place,0,wrong_stage,1250,2,33,64.02408428225822,,
gcd,floorplan,fmax_mhz,SWAP_ARITH_OPERATORS,synth,1,param_flat,4932,1,73,52.86752635377698,,
gcd,floorplan,fmax_mhz,SYNTH_HIERARCHICAL,synth,1,param_flat,4543,2,73,55.13225015897862,,
gcd,floorplan,fmax_mhz,TNS_END_PERCENT,floorplan,1,weak,4932,101,73,52.86752635377698,0.1271887035127341,0.13509751085006197
gcd,floorplan,power_total_w,ABC_AREA,synth,1,param_flat,4543,2,137,60.23742534142418,,
gcd,floorplan,power_total_w,CELL_PAD_IN_SITES_DETAIL_PLACEMENT,floorplan,1,weak,4502,5,137,60.122948550280356,-0.09240250365597207,-0.12683141884755197
gcd,floorplan,power_total_w,CELL_PAD_IN_SITES_GLOBAL_PLACEMENT,floorplan,1,weak,4502,5,137,60.122948550280356,-0.11986131622475503,-0.1591750367763405
gcd,floorplan,power_total_w,CLUSTER_FLOPS,route,0,wrong_stage,4502,2,137,60.122948550280356,,
gcd,floorplan,power_total_w,CORE_ASPECT_RATIO,floorplan,1,moderate,4574,763,137,60.41032558356635,0.1585052888934142,0.09524172131344505
gcd,floorplan,power_total_w,CORE_MARGIN,floorplan,1,moderate,4566,22,137,60.387010314967405,0.1874552960217294,0.08900487272509171
gcd,floorplan,power_total_w,CORE_UTILIZATION,floorplan,1,insensitive,4932,63,138,61.28822319346352,-0.007281602239876492,0.002498604435459757
gcd,floorplan,power_total_w,CORNERS,synth,1,non_numeric,0,0,0,,,
gcd,floorplan,power_total_w,CTS_CLUSTER_DIAMETER,cts,0,wrong_stage,4502,2385,137,60.122948550280356,0.011089659846580434,-0.0037028740789714198
gcd,floorplan,power_total_w,CTS_CLUSTER_SIZE,cts,0,wrong_stage,4502,41,137,60.122948550280356,0.003111370389182113,-0.005877496864212512
gcd,floorplan,power_total_w,DETAILED_ROUTE_END_ITERATION,route,0,wrong_stage,4502,181,137,60.122948550280356,0.015876666433906585,0.006442373191642458
gcd,floorplan,power_total_w,DONT_BUFFER_PORTS,floorplan,1,param_flat,4566,2,137,60.387010314967405,,
gcd,floorplan,power_total_w,ENABLE_DPO,place,0,wrong_stage,4502,2,137,60.122948550280356,,
gcd,floorplan,power_total_w,FASTROUTE_TCL,floorplan,1,non_numeric,0,0,0,,,
gcd,floorplan,power_total_w,GLOBAL_ROUTE_ARGS,route,0,wrong_stage,0,0,0,,,
gcd,floorplan,power_total_w,GPL_ROUTABILITY_DRIVEN,place,0,wrong_stage,4502,2,137,60.122948550280356,,
gcd,floorplan,power_total_w,GPL_TIMING_DRIVEN,place,0,wrong_stage,4502,2,137,60.122948550280356,,
gcd,floorplan,power_total_w,HOLD_SLACK_MARGIN,floorplan,1,insensitive,4562,1779,137,60.36343040792488,0.06205164637927329,0.02242841498009282
gcd,floorplan,power_total_w,IO_PLACER_H,floorplan,1,param_flat,0,0,0,,,
gcd,floorplan,power_total_w,IO_PLACER_V,floorplan,1,param_flat,0,0,0,,,
gcd,floorplan,power_total_w,MATCH_CELL_FOOTPRINT,route,0,wrong_stage,4502,2,137,60.122948550280356,,
gcd,floorplan,power_total_w,MAX_REPAIR_TIMING_ITER,place,0,wrong_stage,1250,50,44,42.56543401909077,0.0020546553202698097,0.004918125796358293
gcd,floorplan,power_total_w,MAX_ROUTING_LAYER,route,0,wrong_stage,0,0,0,,,
gcd,floorplan,power_total_w,MIN_ROUTING_LAYER,route,0,wrong_stage,0,0,0,,,
gcd,floorplan,power_total_w,OPENROAD_HIERARCHICAL,synth,1,param_flat,4932,2,138,61.28822319346352,,
gcd,floorplan,power_total_w,PLACE_DENSITY,floorplan,1,insensitive,4566,875,137,60.37515546758423,-0.013441271295370505,-0.011857100746518473
gcd,floorplan,power_total_w,PLACE_DENSITY_LB_ADDON,floorplan,1,insensitive,4502,645,137,60.122948550280356,-0.03622938046269976,-0.04077505616767054
gcd,floorplan,power_total_w,PLACE_PINS_ARGS,place,0,wrong_stage,0,0,0,,,
gcd,floorplan,power_total_w,REMOVE_ABC_BUFFERS,floorplan,1,param_flat,4562,2,137,60.36343040792488,,
gcd,floorplan,power_total_w,ROUTING_LAYER_ADJUSTMENT,floorplan,1,weak,4565,1052,137,60.38112065920318,0.08438745326700718,0.03377492594488428
gcd,floorplan,power_total_w,SETUP_SLACK_MARGIN,floorplan,1,weak,4562,1896,137,60.36343040792488,0.10242336615093972,0.040549885664986865
gcd,floorplan,power_total_w,SKIP_GATE_CLONING,place,0,wrong_stage,1250,2,44,42.56543401909077,,
gcd,floorplan,power_total_w,SKIP_PIN_SWAP,place,0,wrong_stage,1250,2,44,42.56543401909077,,
gcd,floorplan,power_total_w,SKIP_VT_SWAP,place,0,wrong_stage,1250,2,44,42.56543401909077,,
gcd,floorplan,power_total_w,SWAP_ARITH_OPERATORS,synth,1,param_flat,4932,1,138,61.28822319346352,,
gcd,floorplan,power_total_w,SYNTH_HIERARCHICAL,synth,1,param_flat,4543,2,137,60.23742534142418,,
gcd,floorplan,power_total_w,TNS_END_PERCENT,floorplan,1,insensitive,4932,101,138,61.28822319346352,-0.06817680750666473,-0.051890427470994024
gcd,floorplan,utilization_pct,ABC_AREA,synth,1,param_flat,4543,2,86,33.812746075822176,,
gcd,floorplan,utilization_pct,CELL_PAD_IN_SITES_DETAIL_PLACEMENT,floorplan,1,insensitive,4502,5,86,33.935041673088755,-0.015411479005779943,-0.015144286521864135
gcd,floorplan,utilization_pct,CELL_PAD_IN_SITES_GLOBAL_PLACEMENT,floorplan,1,insensitive,4502,5,86,33.935041673088755,-0.03798858991535869,-0.037029962714969486
gcd,floorplan,utilization_pct,CLUSTER_FLOPS,route,0,wrong_stage,4502,2,86,33.935041673088755,,
gcd,floorplan,utilization_pct,CORE_ASPECT_RATIO,floorplan,1,insensitive,4574,763,86,33.74478142827047,-0.017529991200119777,-0.018479191938580983
gcd,floorplan,utilization_pct,CORE_MARGIN,floorplan,1,insensitive,4566,22,86,33.74435169776781,-0.03285334982415796,-0.029799538238021017
gcd,floorplan,utilization_pct,CORE_UTILIZATION,floorplan,1,strong,4932,63,86,33.30320733755296,0.9886670318192203,0.9869915559284909
gcd,floorplan,utilization_pct,CORNERS,synth,1,non_numeric,0,0,0,,,
gcd,floorplan,utilization_pct,CTS_CLUSTER_DIAMETER,cts,0,wrong_stage,4502,2385,86,33.935041673088755,0.00980052234368564,0.009955996386422071
gcd,floorplan,utilization_pct,CTS_CLUSTER_SIZE,cts,0,wrong_stage,4502,41,86,33.935041673088755,0.03450833415111563,0.0339444986716653
gcd,floorplan,utilization_pct,DETAILED_ROUTE_END_ITERATION,route,0,wrong_stage,4502,181,86,33.935041673088755,-0.01935252254057731,-0.019500128632327498
gcd,floorplan,utilization_pct,DONT_BUFFER_PORTS,floorplan,1,param_flat,4566,2,86,33.742693423084404,,
gcd,floorplan,utilization_pct,ENABLE_DPO,place,0,wrong_stage,4502,2,86,33.935041673088755,,
gcd,floorplan,utilization_pct,FASTROUTE_TCL,floorplan,1,non_numeric,0,0,0,,,
gcd,floorplan,utilization_pct,GLOBAL_ROUTE_ARGS,route,0,wrong_stage,0,0,0,,,
gcd,floorplan,utilization_pct,GPL_ROUTABILITY_DRIVEN,place,0,wrong_stage,4502,2,86,33.935041673088755,,
gcd,floorplan,utilization_pct,GPL_TIMING_DRIVEN,place,0,wrong_stage,4502,2,86,33.935041673088755,,
gcd,floorplan,utilization_pct,HOLD_SLACK_MARGIN,floorplan,1,insensitive,4562,1779,86,33.75811037319059,-0.012667167206107019,-0.009785326481569363
gcd,floorplan,utilization_pct,IO_PLACER_H,floorplan,1,param_flat,0,0,0,,,
gcd,floorplan,utilization_pct,IO_PLACER_V,floorplan,1,param_flat,0,0,0,,,
gcd,floorplan,utilization_pct,MATCH_CELL_FOOTPRINT,route,0,wrong_stage,4502,2,86,33.935041673088755,,
gcd,floorplan,utilization_pct,MAX_REPAIR_TIMING_ITER,place,0,wrong_stage,1250,50,80,29.46987195214413,0.009491753749719684,0.009634162288732876
gcd,floorplan,utilization_pct,MAX_ROUTING_LAYER,route,0,wrong_stage,0,0,0,,,
gcd,floorplan,utilization_pct,MIN_ROUTING_LAYER,route,0,wrong_stage,0,0,0,,,
gcd,floorplan,utilization_pct,OPENROAD_HIERARCHICAL,synth,1,param_flat,4932,2,86,33.30320733755296,,
gcd,floorplan,utilization_pct,PLACE_DENSITY,floorplan,1,insensitive,4566,875,86,33.75398177380553,0.019043030104134922,0.018440160245453006
gcd,floorplan,utilization_pct,PLACE_DENSITY_LB_ADDON,floorplan,1,strong,4502,645,86,33.935041673088755,-0.39526038912224337,-0.4142534231455557
gcd,floorplan,utilization_pct,PLACE_PINS_ARGS,place,0,wrong_stage,0,0,0,,,
gcd,floorplan,utilization_pct,REMOVE_ABC_BUFFERS,floorplan,1,param_flat,4562,2,86,33.75811037319059,,
gcd,floorplan,utilization_pct,ROUTING_LAYER_ADJUSTMENT,floorplan,1,insensitive,4565,1052,86,33.7474583145884,-0.03472451296538569,-0.03230534600133954
gcd,floorplan,utilization_pct,SETUP_SLACK_MARGIN,floorplan,1,insensitive,4562,1896,86,33.75811037319059,-0.016334366579170957,-0.013703200337973431
gcd,floorplan,utilization_pct,SKIP_GATE_CLONING,place,0,wrong_stage,1250,2,80,29.46987195214413,,
gcd,floorplan,utilization_pct,SKIP_PIN_SWAP,place,0,wrong_stage,1250,2,80,29.46987195214413,,
gcd,floorplan,utilization_pct,SKIP_VT_SWAP,place,0,wrong_stage,1250,2,80,29.46987195214413,,
gcd,floorplan,utilization_pct,SWAP_ARITH_OPERATORS,synth,1,param_flat,4932,1,86,33.30320733755296,,
gcd,floorplan,utilization_pct,SYNTH_HIERARCHICAL,synth,1,param_flat,4543,2,86,33.812746075822176,,
gcd,floorplan,utilization_pct,TNS_END_PERCENT,floorplan,1,insensitive,4932,101,86,33.30320733755296,-0.06632866042059206,-0.05623365013856901
gcd,floorplan,core_area_um2,ABC_AREA,synth,1,param_flat,4546,2,1802,42.35610437479478,,
gcd,floorplan,core_area_um2,CELL_PAD_IN_SITES_DETAIL_PLACEMENT,floorplan,1,insensitive,4505,5,1801,42.41903984228665,0.01674353153581621,0.02148017264511752
gcd,floorplan,core_area_um2,CELL_PAD_IN_SITES_GLOBAL_PLACEMENT,floorplan,1,insensitive,4505,5,1801,42.41903984228665,0.035747783883442234,0.030891375698729743
gcd,floorplan,core_area_um2,CLUSTER_FLOPS,route,0,wrong_stage,4505,2,1801,42.41903984228665,,
gcd,floorplan,core_area_um2,CORE_ASPECT_RATIO,floorplan,1,insensitive,4577,763,1802,42.32118392816817,0.03301594077220434,0.04533602455884984
gcd,floorplan,core_area_um2,CORE_MARGIN,floorplan,1,insensitive,4569,22,1802,42.33693838550588,0.05185126431873594,0.05949720950036813
gcd,floorplan,core_area_um2,CORE_UTILIZATION,floorplan,1,strong,4935,63,1802,40.844409761996396,-0.9612693504766292,-0.8890930033346024
gcd,floorplan,core_area_um2,CORNERS,synth,1,non_numeric,0,0,0,,,
gcd,floorplan,core_area_um2,CTS_CLUSTER_DIAMETER,cts,0,wrong_stage,4505,2388,1801,42.41903984228665,-0.0060208824529806955,-0.011790116780735618
gcd,floorplan,core_area_um2,CTS_CLUSTER_SIZE,cts,0,wrong_stage,4505,41,1801,42.41903984228665,-0.030798817574501158,-0.026573315133940068
gcd,floorplan,core_area_um2,DETAILED_ROUTE_END_ITERATION,route,0,wrong_stage,4505,181,1801,42.41903984228665,0.0178208269885728,0.016276519802662186
gcd,floorplan,core_area_um2,DONT_BUFFER_PORTS,floorplan,1,param_flat,4569,2,1802,42.340409552512185,,
gcd,floorplan,core_area_um2,ENABLE_DPO,place,0,wrong_stage,4505,2,1801,42.41903984228665,,
gcd,floorplan,core_area_um2,FASTROUTE_TCL,floorplan,1,non_numeric,0,0,0,,,
gcd,floorplan,core_area_um2,GLOBAL_ROUTE_ARGS,route,0,wrong_stage,0,0,0,,,
gcd,floorplan,core_area_um2,GPL_ROUTABILITY_DRIVEN,place,0,wrong_stage,4505,2,1801,42.41903984228665,,
gcd,floorplan,core_area_um2,GPL_TIMING_DRIVEN,place,0,wrong_stage,4505,2,1801,42.41903984228665,,
gcd,floorplan,core_area_um2,HOLD_SLACK_MARGIN,floorplan,1,insensitive,4565,1782,1802,42.344545455558624,0.02410402953740093,0.016409418330228107
gcd,floorplan,core_area_um2,IO_PLACER_H,floorplan,1,param_flat,0,0,0,,,
gcd,floorplan,core_area_um2,IO_PLACER_V,floorplan,1,param_flat,0,0,0,,,
gcd,floorplan,core_area_um2,MATCH_CELL_FOOTPRINT,route,0,wrong_stage,4505,2,1801,42.41903984228665,,
gcd,floorplan,core_area_um2,MAX_REPAIR_TIMING_ITER,place,0,wrong_stage,1253,50,637,39.670740665719386,-0.01171484010559007,0.015045204120332105
gcd,floorplan,core_area_um2,MAX_ROUTING_LAYER,route,0,wrong_stage,0,0,0,,,
gcd,floorplan,core_area_um2,MIN_ROUTING_LAYER,route,0,wrong_stage,0,0,0,,,
gcd,floorplan,core_area_um2,OPENROAD_HIERARCHICAL,synth,1,param_flat,4935,2,1802,40.844409761996396,,
gcd,floorplan,core_area_um2,PLACE_DENSITY,floorplan,1,insensitive,4569,875,1802,42.33133376371623,-0.01815930668584523,-0.018698263896651357
gcd,floorplan,core_area_um2,PLACE_DENSITY_LB_ADDON,floorplan,1,strong,4505,645,1801,42.41903984228665,0.3771949500467557,0.3603943414940188
gcd,floorplan,core_area_um2,PLACE_PINS_ARGS,place,0,wrong_stage,0,0,0,,,
gcd,floorplan,core_area_um2,REMOVE_ABC_BUFFERS,floorplan,1,param_flat,4565,2,1802,42.344545455558624,,
gcd,floorplan,core_area_um2,ROUTING_LAYER_ADJUSTMENT,floorplan,1,insensitive,4568,1052,1802,42.340713399449605,0.04314432614126455,0.04497468188832698
gcd,floorplan,core_area_um2,SETUP_SLACK_MARGIN,floorplan,1,insensitive,4565,1899,1802,42.344545455558624,0.03702573180811788,0.036241393171233274
gcd,floorplan,core_area_um2,SKIP_GATE_CLONING,place,0,wrong_stage,1253,2,637,39.670740665719386,,
gcd,floorplan,core_area_um2,SKIP_PIN_SWAP,place,0,wrong_stage,1253,2,637,39.670740665719386,,
gcd,floorplan,core_area_um2,SKIP_VT_SWAP,place,0,wrong_stage,1253,2,637,39.670740665719386,,
gcd,floorplan,core_area_um2,SWAP_ARITH_OPERATORS,synth,1,param_flat,4935,1,1802,40.844409761996396,,
gcd,floorplan,core_area_um2,SYNTH_HIERARCHICAL,synth,1,param_flat,4546,2,1802,42.35610437479478,,
gcd,floorplan,core_area_um2,TNS_END_PERCENT,floorplan,1,insensitive,4935,101,1802,40.844409761996396,0.05345247189083969,0.00203895261746493
gcd,place,wns_ns,ABC_AREA,synth,1,param_flat,1324,2,577,109.11310487265185,,
gcd,place,wns_ns,CELL_PAD_IN_SITES_DETAIL_PLACEMENT,floorplan,1,insensitive,1284,5,577,106.10788520068559,-0.028141269597845603,-0.033108417911560224
gcd,place,wns_ns,CELL_PAD_IN_SITES_GLOBAL_PLACEMENT,floorplan,1,insensitive,1284,5,577,106.10788520068559,0.04672132116560395,-0.0034681069037956307
gcd,place,wns_ns,CLUSTER_FLOPS,route,0,wrong_stage,1284,2,577,106.10788520068559,,
gcd,place,wns_ns,CORE_ASPECT_RATIO,floorplan,1,insensitive,1353,465,577,111.14015767596759,0.03696163618536676,0.08455139105016306
gcd,place,wns_ns,CORE_MARGIN,floorplan,1,insensitive,1346,21,577,110.74260142332244,-0.06196673667598367,0.02057791740407247
gcd,place,wns_ns,CORE_UTILIZATION,floorplan,1,moderate,1700,58,579,128.71218509399617,0.26118715378991586,0.14173044161649104
gcd,place,wns_ns,CORNERS,synth,1,non_numeric,0,0,0,,,
gcd,place,wns_ns,CTS_CLUSTER_DIAMETER,cts,0,wrong_stage,1284,747,577,106.10788520068559,-0.007691896576023058,-0.0172017833814336
gcd,place,wns_ns,CTS_CLUSTER_SIZE,cts,0,wrong_stage,1284,41,577,106.10788520068559,0.10976523585044295,0.08756255697248669
gcd,place,wns_ns,DETAILED_ROUTE_END_ITERATION,route,0,wrong_stage,1284,180,577,106.10788520068559,-0.020590138036967187,-0.017905676690532897
gcd,place,wns_ns,DONT_BUFFER_PORTS,floorplan,1,param_flat,1346,2,577,110.74679459736767,,
gcd,place,wns_ns,ENABLE_DPO,place,1,param_flat,1284,2,577,106.10788520068559,,
gcd,place,wns_ns,FASTROUTE_TCL,floorplan,1,non_numeric,0,0,0,,,
gcd,place,wns_ns,GLOBAL_ROUTE_ARGS,route,0,wrong_stage,0,0,0,,,
gcd,place,wns_ns,GPL_ROUTABILITY_DRIVEN,place,1,param_flat,1284,2,577,106.10788520068559,,
gcd,place,wns_ns,GPL_TIMING_DRIVEN,place,1,param_flat,1284,2,577,106.10788520068559,,
gcd,place,wns_ns,HOLD_SLACK_MARGIN,floorplan,1,weak,1342,624,577,110.45158106296402,-0.14665126897100256,-0.09567271451643433
gcd,place,wns_ns,IO_PLACER_H,floorplan,1,param_flat,0,0,0,,,
gcd,place,wns_ns,IO_PLACER_V,floorplan,1,param_flat,0,0,0,,,
gcd,place,wns_ns,MATCH_CELL_FOOTPRINT,route,0,wrong_stage,1284,2,577,106.10788520068559,,
gcd,place,wns_ns,MAX_REPAIR_TIMING_ITER,place,1,insensitive,276,50,214,78.44653577470572,0.058689793289344955,0.051157650680388814
gcd,place,wns_ns,MAX_ROUTING_LAYER,route,0,wrong_stage,0,0,0,,,
gcd,place,wns_ns,MIN_ROUTING_LAYER,route,0,wrong_stage,0,0,0,,,
gcd,place,wns_ns,OPENROAD_HIERARCHICAL,synth,1,param_flat,1700,2,579,128.71218509399617,,
gcd,place,wns_ns,PLACE_DENSITY,floorplan,1,weak,1345,556,577,110.60412332462812,0.08286280332181989,0.056608161988535785
gcd,place,wns_ns,PLACE_DENSITY_LB_ADDON,floorplan,1,insensitive,1284,414,577,106.10788520068559,0.06218365641607612,0.038905162561918206
gcd,place,wns_ns,PLACE_PINS_ARGS,place,1,non_numeric,0,0,0,,,
gcd,place,wns_ns,REMOVE_ABC_BUFFERS,floorplan,1,param_flat,1342,2,577,110.45158106296402,,
gcd,place,wns_ns,ROUTING_LAYER_ADJUSTMENT,floorplan,1,insensitive,1345,366,577,110.67179571564074,-0.01182194132095849,0.018366732174195727
gcd,place,wns_ns,SETUP_SLACK_MARGIN,floorplan,1,insensitive,1342,661,577,110.45158106296402,-0.07489199475707825,-0.03386387837397329
gcd,place,wns_ns,SKIP_GATE_CLONING,place,1,param_flat,276,2,214,78.44653577470572,,
gcd,place,wns_ns,SKIP_PIN_SWAP,place,1,param_flat,276,2,214,78.44653577470572,,
gcd,place,wns_ns,SKIP_VT_SWAP,place,1,param_flat,276,2,214,78.44653577470572,,
gcd,place,wns_ns,SWAP_ARITH_OPERATORS,synth,1,param_flat,1700,1,579,128.71218509399617,,
gcd,place,wns_ns,SYNTH_HIERARCHICAL,synth,1,param_flat,1324,2,577,109.11310487265185,,
gcd,place,wns_ns,TNS_END_PERCENT,floorplan,1,strong,1700,101,579,128.71218509399617,0.4055624814914548,0.2693597050659276
gcd,place,tns_ns,ABC_AREA,synth,1,param_flat,1324,2,1205,117.76479626868989,,
gcd,place,tns_ns,CELL_PAD_IN_SITES_DETAIL_PLACEMENT,floorplan,1,insensitive,1284,5,1193,114.66866821033427,-0.014262407168647424,-0.011345370260752044
gcd,place,tns_ns,CELL_PAD_IN_SITES_GLOBAL_PLACEMENT,floorplan,1,insensitive,1284,5,1193,114.66866821033427,0.06591802409106427,-0.0021744386892261504
gcd,place,tns_ns,CLUSTER_FLOPS,route,0,wrong_stage,1284,2,1193,114.66866821033427,,
gcd,place,tns_ns,CORE_ASPECT_RATIO,floorplan,1,insensitive,1353,465,1207,119.9058871529053,0.039257497159384876,0.09477594803299284
gcd,place,tns_ns,CORE_MARGIN,floorplan,1,insensitive,1346,21,1206,119.43474595745455,-0.05945089432396058,0.03122221545647883
gcd,place,tns_ns,CORE_UTILIZATION,floorplan,1,moderate,1700,58,1217,140.51485247514688,0.263649030529899,0.13143056176370269
gcd,place,tns_ns,CORNERS,synth,1,non_numeric,0,0,0,,,
gcd,place,tns_ns,CTS_CLUSTER_DIAMETER,cts,0,wrong_stage,1284,747,1193,114.66866821033427,-0.0034686463169907905,-0.019735029247527718
gcd,place,tns_ns,CTS_CLUSTER_SIZE,cts,0,wrong_stage,1284,41,1193,114.66866821033427,0.11445353718752745,0.10649513523003602
gcd,place,tns_ns,DETAILED_ROUTE_END_ITERATION,route,0,wrong_stage,1284,180,1193,114.66866821033427,-0.01948711986381153,-0.013769822587799877
gcd,place,tns_ns,DONT_BUFFER_PORTS,floorplan,1,param_flat,1346,2,1205,119.43501315250793,,
gcd,place,tns_ns,ENABLE_DPO,place,1,param_flat,1284,2,1193,114.66866821033427,,
gcd,place,tns_ns,FASTROUTE_TCL,floorplan,1,non_numeric,0,0,0,,,
gcd,place,tns_ns,GLOBAL_ROUTE_ARGS,route,0,wrong_stage,0,0,0,,,
gcd,place,tns_ns,GPL_ROUTABILITY_DRIVEN,place,1,param_flat,1284,2,1193,114.66866821033427,,
gcd,place,tns_ns,GPL_TIMING_DRIVEN,place,1,param_flat,1284,2,1193,114.66866821033427,,
gcd,place,tns_ns,HOLD_SLACK_MARGIN,floorplan,1,moderate,1342,624,1205,119.13298820390072,-0.1574476112721886,-0.10127074596037715
gcd,place,tns_ns,IO_PLACER_H,floorplan,1,param_flat,0,0,0,,,
gcd,place,tns_ns,IO_PLACER_V,floorplan,1,param_flat,0,0,0,,,
gcd,place,tns_ns,MATCH_CELL_FOOTPRINT,route,0,wrong_stage,1284,2,1193,114.66866821033427,,
gcd,place,tns_ns,MAX_REPAIR_TIMING_ITER,place,1,insensitive,276,50,255,81.69409190486611,0.04666693442830766,0.04306111775126863
gcd,place,tns_ns,MAX_ROUTING_LAYER,route,0,wrong_stage,0,0,0,,,
gcd,place,tns_ns,MIN_ROUTING_LAYER,route,0,wrong_stage,0,0,0,,,
gcd,place,tns_ns,OPENROAD_HIERARCHICAL,synth,1,param_flat,1700,2,1217,140.51485247514688,,
gcd,place,tns_ns,PLACE_DENSITY,floorplan,1,weak,1345,556,1206,119.33184338573611,0.0897277177790216,0.07154948510024958
gcd,place,tns_ns,PLACE_DENSITY_LB_ADDON,floorplan,1,insensitive,1284,414,1193,114.66866821033427,0.07043247837666279,0.04927014655079726
gcd,place,tns_ns,PLACE_PINS_ARGS,place,1,non_numeric,0,0,0,,,
gcd,place,tns_ns,REMOVE_ABC_BUFFERS,floorplan,1,param_flat,1342,2,1205,119.13298820390072,,
gcd,place,tns_ns,ROUTING_LAYER_ADJUSTMENT,floorplan,1,insensitive,1345,366,1206,119.35945729815407,-0.002100540400137163,0.034711785791174704
gcd,place,tns_ns,SETUP_SLACK_MARGIN,floorplan,1,insensitive,1342,661,1205,119.13298820390072,-0.0646578719482745,-0.018772761700571714
gcd,place,tns_ns,SKIP_GATE_CLONING,place,1,param_flat,276,2,255,81.69409190486611,,
gcd,place,tns_ns,SKIP_PIN_SWAP,place,1,param_flat,276,2,255,81.69409190486611,,
gcd,place,tns_ns,SKIP_VT_SWAP,place,1,param_flat,276,2,255,81.69409190486611,,
gcd,place,tns_ns,SWAP_ARITH_OPERATORS,synth,1,param_flat,1700,1,1217,140.51485247514688,,
gcd,place,tns_ns,SYNTH_HIERARCHICAL,synth,1,param_flat,1324,2,1205,117.76479626868989,,
gcd,place,tns_ns,TNS_END_PERCENT,floorplan,1,strong,1700,101,1217,140.51485247514688,0.41097171927993864,0.2690778139264836
gcd,place,fmax_mhz,ABC_AREA,synth,1,param_flat,1324,2,1240,54.19305954515814,,
gcd,place,fmax_mhz,CELL_PAD_IN_SITES_DETAIL_PLACEMENT,floorplan,1,weak,1284,5,1206,55.07634633795598,-0.14964450761817755,-0.07703094007014682
gcd,place,fmax_mhz,CELL_PAD_IN_SITES_GLOBAL_PLACEMENT,floorplan,1,insensitive,1284,5,1206,55.07634633795598,-0.0741168216719324,-0.045779500607883036
gcd,place,fmax_mhz,CLUSTER_FLOPS,route,0,wrong_stage,1284,2,1206,55.07634633795598,,
gcd,place,fmax_mhz,CORE_ASPECT_RATIO,floorplan,1,insensitive,1353,465,1255,53.57134998431757,0.05786572799747258,0.0746188367643915
gcd,place,fmax_mhz,CORE_MARGIN,floorplan,1,insensitive,1346,21,1253,53.73186349718164,-0.01774815440434902,-0.005237506060145655
gcd,place,fmax_mhz,CORE_UTILIZATION,floorplan,1,moderate,1700,58,1267,47.214606061431894,0.26910921307948465,0.19612203156623603
gcd,place,fmax_mhz,CORNERS,synth,1,non_numeric,0,0,0,,,
gcd,place,fmax_mhz,CTS_CLUSTER_DIAMETER,cts,0,wrong_stage,1284,747,1206,55.07634633795598,-0.021904198698406405,-0.0132032081202143
gcd,place,fmax_mhz,CTS_CLUSTER_SIZE,cts,0,wrong_stage,1284,41,1206,55.07634633795598,0.08206437131951878,0.07597544706534631
gcd,place,fmax_mhz,DETAILED_ROUTE_END_ITERATION,route,0,wrong_stage,1284,180,1206,55.07634633795598,0.002875251329099791,0.008364709024834705
gcd,place,fmax_mhz,DONT_BUFFER_PORTS,floorplan,1,param_flat,1346,2,1253,53.73578004640633,,
gcd,place,fmax_mhz,ENABLE_DPO,place,1,param_flat,1284,2,1206,55.07634633795598,,
gcd,place,fmax_mhz,FASTROUTE_TCL,floorplan,1,non_numeric,0,0,0,,,
gcd,place,fmax_mhz,GLOBAL_ROUTE_ARGS,route,0,wrong_stage,0,0,0,,,
gcd,place,fmax_mhz,GPL_ROUTABILITY_DRIVEN,place,1,param_flat,1284,2,1206,55.07634633795598,,
gcd,place,fmax_mhz,GPL_TIMING_DRIVEN,place,1,param_flat,1284,2,1206,55.07634633795598,,
gcd,place,fmax_mhz,HOLD_SLACK_MARGIN,floorplan,1,weak,1342,624,1249,53.81684377961902,-0.11045674644139672,-0.09431232980165812
gcd,place,fmax_mhz,IO_PLACER_H,floorplan,1,param_flat,0,0,0,,,
gcd,place,fmax_mhz,IO_PLACER_V,floorplan,1,param_flat,0,0,0,,,
gcd,place,fmax_mhz,MATCH_CELL_FOOTPRINT,route,0,wrong_stage,1284,2,1206,55.07634633795598,,
gcd,place,fmax_mhz,MAX_REPAIR_TIMING_ITER,place,1,insensitive,276,50,270,69.74916018313938,0.05722743293963151,0.039452822223433014
gcd,place,fmax_mhz,MAX_ROUTING_LAYER,route,0,wrong_stage,0,0,0,,,
gcd,place,fmax_mhz,MIN_ROUTING_LAYER,route,0,wrong_stage,0,0,0,,,
gcd,place,fmax_mhz,OPENROAD_HIERARCHICAL,synth,1,param_flat,1700,2,1267,47.214606061431894,,
gcd,place,fmax_mhz,PLACE_DENSITY,floorplan,1,insensitive,1345,556,1249,53.744892646932975,0.03055906608426269,0.03420868196680988
gcd,place,fmax_mhz,PLACE_DENSITY_LB_ADDON,floorplan,1,insensitive,1284,414,1206,55.07634633795598,-0.003396643900597298,0.010678002066401356
gcd,place,fmax_mhz,PLACE_PINS_ARGS,place,1,non_numeric,0,0,0,,,
gcd,place,fmax_mhz,REMOVE_ABC_BUFFERS,floorplan,1,param_flat,1342,2,1249,53.81684377961902,,
gcd,place,fmax_mhz,ROUTING_LAYER_ADJUSTMENT,floorplan,1,insensitive,1345,366,1252,53.75452183878856,-0.005342193562006042,0.00036740987693078544
gcd,place,fmax_mhz,SETUP_SLACK_MARGIN,floorplan,1,insensitive,1342,661,1249,53.81684377961902,-0.04455854262713863,-0.0378193686005329
gcd,place,fmax_mhz,SKIP_GATE_CLONING,place,1,param_flat,276,2,270,69.74916018313938,,
gcd,place,fmax_mhz,SKIP_PIN_SWAP,place,1,param_flat,276,2,270,69.74916018313938,,
gcd,place,fmax_mhz,SKIP_VT_SWAP,place,1,param_flat,276,2,270,69.74916018313938,,
gcd,place,fmax_mhz,SWAP_ARITH_OPERATORS,synth,1,param_flat,1700,1,1267,47.214606061431894,,
gcd,place,fmax_mhz,SYNTH_HIERARCHICAL,synth,1,param_flat,1324,2,1240,54.19305954515814,,
gcd,place,fmax_mhz,TNS_END_PERCENT,floorplan,1,strong,1700,101,1267,47.214606061431894,0.35570938786722595,0.30097111912924046
gcd,place,core_area_um2,ABC_AREA,synth,1,param_flat,4543,2,1800,42.33049912176627,,
gcd,place,core_area_um2,CELL_PAD_IN_SITES_DETAIL_PLACEMENT,floorplan,1,insensitive,4502,5,1799,42.39370782930551,0.017184137511537096,0.02219616677828354
gcd,place,core_area_um2,CELL_PAD_IN_SITES_GLOBAL_PLACEMENT,floorplan,1,insensitive,4502,5,1799,42.39370782930551,0.036464542221354555,0.03187923506133175
gcd,place,core_area_um2,CLUSTER_FLOPS,route,0,wrong_stage,4502,2,1799,42.39370782930551,,
gcd,place,core_area_um2,CORE_ASPECT_RATIO,floorplan,1,insensitive,4574,763,1800,42.29544218466496,0.03317684316048065,0.04560536970728143
gcd,place,core_area_um2,CORE_MARGIN,floorplan,1,insensitive,4566,22,1800,42.31116262842192,0.05058463522510541,0.05769698845493275
gcd,place,core_area_um2,CORE_UTILIZATION,floorplan,1,strong,4932,63,1800,40.81705559823516,-0.9612072784213782,-0.8889916649218847
gcd,place,core_area_um2,CORNERS,synth,1,non_numeric,0,0,0,,,
gcd,place,core_area_um2,CTS_CLUSTER_DIAMETER,cts,0,wrong_stage,4502,2385,1799,42.39370782930551,-0.0058666919616900655,-0.011665628190834559
gcd,place,core_area_um2,CTS_CLUSTER_SIZE,cts,0,wrong_stage,4502,41,1799,42.39370782930551,-0.030389312282887715,-0.025984298610361636
gcd,place,core_area_um2,DETAILED_ROUTE_END_ITERATION,route,0,wrong_stage,4502,181,1799,42.39370782930551,0.01804200453090806,0.016782151214126642
gcd,place,core_area_um2,DONT_BUFFER_PORTS,floorplan,1,param_flat,4566,2,1800,42.31463376045582,,
gcd,place,core_area_um2,ENABLE_DPO,place,1,param_flat,4502,2,1799,42.39370782930551,,
gcd,place,core_area_um2,FASTROUTE_TCL,floorplan,1,non_numeric,0,0,0,,,
gcd,place,core_area_um2,GLOBAL_ROUTE_ARGS,route,0,wrong_stage,0,0,0,,,
gcd,place,core_area_um2,GPL_ROUTABILITY_DRIVEN,place,1,param_flat,4502,2,1799,42.39370782930551,,
gcd,place,core_area_um2,GPL_TIMING_DRIVEN,place,1,param_flat,4502,2,1799,42.39370782930551,,
gcd,place,core_area_um2,HOLD_SLACK_MARGIN,floorplan,1,insensitive,4562,1779,1800,42.31880122495756,0.02358999873140956,0.01576861642822998
gcd,place,core_area_um2,IO_PLACER_H,floorplan,1,param_flat,0,0,0,,,
gcd,place,core_area_um2,IO_PLACER_V,floorplan,1,param_flat,0,0,0,,,
gcd,place,core_area_um2,MATCH_CELL_FOOTPRINT,route,0,wrong_stage,4502,2,1799,42.39370782930551,,
gcd,place,core_area_um2,MAX_REPAIR_TIMING_ITER,place,1,insensitive,1250,50,634,39.50139922948323,-0.010518533793469604,0.017328387225406684
gcd,place,core_area_um2,MAX_ROUTING_LAYER,route,0,wrong_stage,0,0,0,,,
gcd,place,core_area_um2,MIN_ROUTING_LAYER,route,0,wrong_stage,0,0,0,,,
gcd,place,core_area_um2,OPENROAD_HIERARCHICAL,synth,1,param_flat,4932,2,1800,40.81705559823516,,
gcd,place,core_area_um2,PLACE_DENSITY,floorplan,1,insensitive,4566,875,1800,42.30557678828063,-0.017991903474435786,-0.018320488777230373
gcd,place,core_area_um2,PLACE_DENSITY_LB_ADDON,floorplan,1,strong,4502,645,1799,42.39370782930551,0.3777403137089334,0.36123127707066804
gcd,place,core_area_um2,PLACE_PINS_ARGS,place,1,non_numeric,0,0,0,,,
gcd,place,core_area_um2,REMOVE_ABC_BUFFERS,floorplan,1,param_flat,4562,2,1800,42.31880122495756,,
gcd,place,core_area_um2,ROUTING_LAYER_ADJUSTMENT,floorplan,1,insensitive,4565,1052,1800,42.314946200136156,0.043650755629502595,0.04593068266141814
gcd,place,core_area_um2,SETUP_SLACK_MARGIN,floorplan,1,insensitive,4562,1896,1800,42.31880122495756,0.03631298886971561,0.03529749151701109
gcd,place,core_area_um2,SKIP_GATE_CLONING,place,1,param_flat,1250,2,634,39.50139922948323,,
gcd,place,core_area_um2,SKIP_PIN_SWAP,place,1,param_flat,1250,2,634,39.50139922948323,,
gcd,place,core_area_um2,SKIP_VT_SWAP,place,1,param_flat,1250,2,634,39.50139922948323,,
gcd,place,core_area_um2,SWAP_ARITH_OPERATORS,synth,1,param_flat,4932,1,1800,40.81705559823516,,
gcd,place,core_area_um2,SYNTH_HIERARCHICAL,synth,1,param_flat,4543,2,1800,42.33049912176627,,
gcd,place,core_area_um2,TNS_END_PERCENT,floorplan,1,insensitive,4932,101,1800,40.81705559823516,0.053523301265515,0.002083198785258513
gcd,cts,wns_ns,ABC_AREA,synth,1,param_flat,961,2,276,119.89932002496715,,
gcd,cts,wns_ns,CELL_PAD_IN_SITES_DETAIL_PLACEMENT,floorplan,1,insensitive,926,5,273,116.25174373828675,0.028490536879110635,0.05606573926805647
gcd,cts,wns_ns,CELL_PAD_IN_SITES_GLOBAL_PLACEMENT,floorplan,1,insensitive,926,5,273,116.25174373828675,0.005540595856599768,-0.03023530333099717
gcd,cts,wns_ns,CLUSTER_FLOPS,route,0,wrong_stage,926,2,273,116.25174373828675,,
gcd,cts,wns_ns,CORE_ASPECT_RATIO,floorplan,1,insensitive,987,389,275,122.3561998961659,-0.021515067609379223,0.05908290262520255
gcd,cts,wns_ns,CORE_MARGIN,floorplan,1,weak,980,21,275,121.82764932394731,-0.09883797498103025,0.01261994430178946
gcd,cts,wns_ns,CORE_UTILIZATION,floorplan,1,strong,1334,47,277,143.6443008134644,0.31599902990309015,0.25884291525383263
gcd,cts,wns_ns,CORNERS,synth,1,non_numeric,0,0,0,,,
gcd,cts,wns_ns,CTS_CLUSTER_DIAMETER,cts,1,insensitive,926,575,273,116.25174373828675,-0.01200701260254483,-0.03393718335938905
gcd,cts,wns_ns,CTS_CLUSTER_SIZE,cts,1,weak,926,41,273,116.25174373828675,0.1329252766267847,0.12273122634193898
gcd,cts,wns_ns,DETAILED_ROUTE_END_ITERATION,route,0,wrong_stage,926,177,273,116.25174373828675,-0.03931742639340099,-0.0378180859883201
gcd,cts,wns_ns,DONT_BUFFER_PORTS,floorplan,1,param_flat,980,2,275,121.84120686044615,,
gcd,cts,wns_ns,ENABLE_DPO,place,1,param_flat,926,2,273,116.25174373828675,,
gcd,cts,wns_ns,FASTROUTE_TCL,floorplan,1,non_numeric,0,0,0,,,
gcd,cts,wns_ns,GLOBAL_ROUTE_ARGS,route,0,wrong_stage,0,0,0,,,
gcd,cts,wns_ns,GPL_ROUTABILITY_DRIVEN,place,1,param_flat,926,2,273,116.25174373828675,,
gcd,cts,wns_ns,GPL_TIMING_DRIVEN,place,1,param_flat,926,2,273,116.25174373828675,,
gcd,cts,wns_ns,HOLD_SLACK_MARGIN,floorplan,1,moderate,976,478,275,121.43860861577154,-0.18128835695401324,-0.10688716584481132
gcd,cts,wns_ns,IO_PLACER_H,floorplan,1,param_flat,0,0,0,,,
gcd,cts,wns_ns,IO_PLACER_V,floorplan,1,param_flat,0,0,0,,,
gcd,cts,wns_ns,MATCH_CELL_FOOTPRINT,route,0,wrong_stage,926,2,273,116.25174373828675,,
gcd,cts,wns_ns,MAX_REPAIR_TIMING_ITER,place,1,insensitive,195,48,92,92.54061249848918,-0.006245772809854638,0.003105067026701345
gcd,cts,wns_ns,MAX_ROUTING_LAYER,route,0,wrong_stage,0,0,0,,,
gcd,cts,wns_ns,MIN_ROUTING_LAYER,route,0,wrong_stage,0,0,0,,,
gcd,cts,wns_ns,OPENROAD_HIERARCHICAL,synth,1,param_flat,1334,2,277,143.6443008134644,,
gcd,cts,wns_ns,PLACE_DENSITY,floorplan,1,weak,980,473,276,121.74987460165492,0.12418190845374805,0.07678066903136808
gcd,cts,wns_ns,PLACE_DENSITY_LB_ADDON,floorplan,1,insensitive,926,359,273,116.25174373828675,0.06378844623547773,0.04763187262165727
gcd,cts,wns_ns,PLACE_PINS_ARGS,place,1,non_numeric,0,0,0,,,
gcd,cts,wns_ns,REMOVE_ABC_BUFFERS,floorplan,1,param_flat,976,2,275,121.43860861577154,,
gcd,cts,wns_ns,ROUTING_LAYER_ADJUSTMENT,floorplan,1,insensitive,979,280,275,121.73778112218739,-0.03223496666476589,0.03349271352223102
gcd,cts,wns_ns,SETUP_SLACK_MARGIN,floorplan,1,weak,976,512,275,121.43860861577154,-0.12069887503801344,-0.0620041286366303
gcd,cts,wns_ns,SKIP_GATE_CLONING,place,1,param_flat,195,2,92,92.54061249848918,,
gcd,cts,wns_ns,SKIP_PIN_SWAP,place,1,param_flat,195,2,92,92.54061249848918,,
gcd,cts,wns_ns,SKIP_VT_SWAP,place,1,param_flat,195,2,92,92.54061249848918,,
gcd,cts,wns_ns,SWAP_ARITH_OPERATORS,synth,1,param_flat,1334,1,277,143.6443008134644,,
gcd,cts,wns_ns,SYNTH_HIERARCHICAL,synth,1,param_flat,961,2,276,119.89932002496715,,
gcd,cts,wns_ns,TNS_END_PERCENT,floorplan,1,moderate,1334,101,277,143.6443008134644,0.22729159294115714,0.2763691416279087
gcd,cts,tns_ns,ABC_AREA,synth,1,param_flat,961,2,796,128.8621846156176,,
gcd,cts,tns_ns,CELL_PAD_IN_SITES_DETAIL_PLACEMENT,floorplan,1,insensitive,926,5,790,125.05606102751095,0.024550646687111443,0.056804605266125824
gcd,cts,tns_ns,CELL_PAD_IN_SITES_GLOBAL_PLACEMENT,floorplan,1,insensitive,926,5,790,125.05606102751095,0.004346419885081463,-0.03060043253375731
gcd,cts,tns_ns,CLUSTER_FLOPS,route,0,wrong_stage,926,2,790,125.05606102751095,,
gcd,cts,tns_ns,CORE_ASPECT_RATIO,floorplan,1,insensitive,987,389,804,131.559127338643,-0.014638202160215942,0.06461089101770179
gcd,cts,tns_ns,CORE_MARGIN,floorplan,1,weak,980,21,799,130.8803999634706,-0.10731648857368271,0.01650765092954176
gcd,cts,tns_ns,CORE_UTILIZATION,floorplan,1,strong,1334,47,848,159.6737141019272,0.3329133850813908,0.25104824251913294
gcd,cts,tns_ns,CORNERS,synth,1,non_numeric,0,0,0,,,
gcd,cts,tns_ns,CTS_CLUSTER_DIAMETER,cts,1,insensitive,926,575,790,125.05606102751095,-0.015381136988606334,-0.03529686804494901
gcd,cts,tns_ns,CTS_CLUSTER_SIZE,cts,1,weak,926,41,790,125.05606102751095,0.13752643404993525,0.13084726616046702
gcd,cts,tns_ns,DETAILED_ROUTE_END_ITERATION,route,0,wrong_stage,926,177,790,125.05606102751095,-0.04353573451905454,-0.043293406641008426
gcd,cts,tns_ns,DONT_BUFFER_PORTS,floorplan,1,param_flat,980,2,799,130.88135860191673,,
gcd,cts,tns_ns,ENABLE_DPO,place,1,param_flat,926,2,790,125.05606102751095,,
gcd,cts,tns_ns,FASTROUTE_TCL,floorplan,1,non_numeric,0,0,0,,,
gcd,cts,tns_ns,GLOBAL_ROUTE_ARGS,route,0,wrong_stage,0,0,0,,,
gcd,cts,tns_ns,GPL_ROUTABILITY_DRIVEN,place,1,param_flat,926,2,790,125.05606102751095,,
gcd,cts,tns_ns,GPL_TIMING_DRIVEN,place,1,param_flat,926,2,790,125.05606102751095,,
gcd,cts,tns_ns,HOLD_SLACK_MARGIN,floorplan,1,moderate,976,478,798,130.4587358146562,-0.19451683769200875,-0.10952544536015375
gcd,cts,tns_ns,IO_PLACER_H,floorplan,1,param_flat,0,0,0,,,
gcd,cts,tns_ns,IO_PLACER_V,floorplan,1,param_flat,0,0,0,,,
gcd,cts,tns_ns,MATCH_CELL_FOOTPRINT,route,0,wrong_stage,926,2,790,125.05606102751095,,
gcd,cts,tns_ns,MAX_REPAIR_TIMING_ITER,place,1,insensitive,195,48,139,93.84505855671581,-0.01662290075519589,0.004530405946785661
gcd,cts,tns_ns,MAX_ROUTING_LAYER,route,0,wrong_stage,0,0,0,,,
gcd,cts,tns_ns,MIN_ROUTING_LAYER,route,0,wrong_stage,0,0,0,,,
gcd,cts,tns_ns,OPENROAD_HIERARCHICAL,synth,1,param_flat,1334,2,848,159.6737141019272,,
gcd,cts,tns_ns,PLACE_DENSITY,floorplan,1,weak,980,473,800,130.85938762007405,0.12706467054184126,0.08205127905218951
gcd,cts,tns_ns,PLACE_DENSITY_LB_ADDON,floorplan,1,insensitive,926,359,790,125.05606102751095,0.04370727889826844,0.045985913553088224
gcd,cts,tns_ns,PLACE_PINS_ARGS,place,1,non_numeric,0,0,0,,,
gcd,cts,tns_ns,REMOVE_ABC_BUFFERS,floorplan,1,param_flat,976,2,798,130.4587358146562,,
gcd,cts,tns_ns,ROUTING_LAYER_ADJUSTMENT,floorplan,1,insensitive,979,280,798,130.77561136295176,-0.03452983596209074,0.03935024931864825
gcd,cts,tns_ns,SETUP_SLACK_MARGIN,floorplan,1,weak,976,512,798,130.4587358146562,-0.11176722721975979,-0.05325276866479927
gcd,cts,tns_ns,SKIP_GATE_CLONING,place,1,param_flat,195,2,139,93.84505855671581,,
gcd,cts,tns_ns,SKIP_PIN_SWAP,place,1,param_flat,195,2,139,93.84505855671581,,
gcd,cts,tns_ns,SKIP_VT_SWAP,place,1,param_flat,195,2,139,93.84505855671581,,
gcd,cts,tns_ns,SWAP_ARITH_OPERATORS,synth,1,param_flat,1334,1,848,159.6737141019272,,
gcd,cts,tns_ns,SYNTH_HIERARCHICAL,synth,1,param_flat,961,2,796,128.8621846156176,,
gcd,cts,tns_ns,TNS_END_PERCENT,floorplan,1,moderate,1334,101,848,159.6737141019272,0.2869710776726022,0.28147633306775244
gcd,cts,fmax_mhz,ABC_AREA,synth,1,param_flat,961,2,860,47.181063010708556,,
gcd,cts,fmax_mhz,CELL_PAD_IN_SITES_DETAIL_PLACEMENT,floorplan,1,weak,926,5,830,48.26053562618903,-0.1263429957398716,0.020165220220745565
gcd,cts,fmax_mhz,CELL_PAD_IN_SITES_GLOBAL_PLACEMENT,floorplan,1,moderate,926,5,830,48.26053562618903,-0.17764681609575372,-0.08132986646310471
gcd,cts,fmax_mhz,CLUSTER_FLOPS,route,0,wrong_stage,926,2,830,48.26053562618903,,
gcd,cts,fmax_mhz,CORE_ASPECT_RATIO,floorplan,1,weak,987,389,878,46.4292937921628,0.09379880062779412,0.08489641054456741
gcd,cts,fmax_mhz,CORE_MARGIN,floorplan,1,weak,980,21,873,46.62543180660372,0.0976000099651092,0.04141944830411894
gcd,cts,fmax_mhz,CORE_UTILIZATION,floorplan,1,moderate,1334,47,929,39.25288240289666,0.1945983669916905,0.2388382609283906
gcd,cts,fmax_mhz,CORNERS,synth,1,non_numeric,0,0,0,,,
gcd,cts,fmax_mhz,CTS_CLUSTER_DIAMETER,cts,1,insensitive,926,575,830,48.26053562618903,-0.05227503977037357,-0.04283105683383723
gcd,cts,fmax_mhz,CTS_CLUSTER_SIZE,cts,1,insensitive,926,41,830,48.26053562618903,0.07791610683204536,0.10404481661126691
gcd,cts,fmax_mhz,DETAILED_ROUTE_END_ITERATION,route,0,wrong_stage,926,177,830,48.26053562618903,0.03558238191660373,-0.008735477855871152
gcd,cts,fmax_mhz,DONT_BUFFER_PORTS,floorplan,1,param_flat,980,2,873,46.62550966072845,,
gcd,cts,fmax_mhz,ENABLE_DPO,place,1,param_flat,926,2,830,48.26053562618903,,
gcd,cts,fmax_mhz,FASTROUTE_TCL,floorplan,1,non_numeric,0,0,0,,,
gcd,cts,fmax_mhz,GLOBAL_ROUTE_ARGS,route,0,wrong_stage,0,0,0,,,
gcd,cts,fmax_mhz,GPL_ROUTABILITY_DRIVEN,place,1,param_flat,926,2,830,48.26053562618903,,
gcd,cts,fmax_mhz,GPL_TIMING_DRIVEN,place,1,param_flat,926,2,830,48.26053562618903,,
gcd,cts,fmax_mhz,HOLD_SLACK_MARGIN,floorplan,1,insensitive,976,478,870,46.740624641082036,-0.022222680952413847,-0.07864175863662998
gcd,cts,fmax_mhz,IO_PLACER_H,floorplan,1,param_flat,0,0,0,,,
gcd,cts,fmax_mhz,IO_PLACER_V,floorplan,1,param_flat,0,0,0,,,
gcd,cts,fmax_mhz,MATCH_CELL_FOOTPRINT,route,0,wrong_stage,926,2,830,48.26053562618903,,
gcd,cts,fmax_mhz,MAX_REPAIR_TIMING_ITER,place,1,insensitive,195,48,188,59.729561673193096,-0.002568041073225936,0.004301416160837699
gcd,cts,fmax_mhz,MAX_ROUTING_LAYER,route,0,wrong_stage,0,0,0,,,
gcd,cts,fmax_mhz,MIN_ROUTING_LAYER,route,0,wrong_stage,0,0,0,,,
gcd,cts,fmax_mhz,OPENROAD_HIERARCHICAL,synth,1,param_flat,1334,2,929,39.25288240289666,,
gcd,cts,fmax_mhz,PLACE_DENSITY,floorplan,1,insensitive,980,473,870,46.62872846362953,0.012542379598585169,0.048144194254943075
gcd,cts,fmax_mhz,PLACE_DENSITY_LB_ADDON,floorplan,1,insensitive,926,359,830,48.26053562618903,-0.03714384854444989,0.0160605371742388
gcd,cts,fmax_mhz,PLACE_PINS_ARGS,place,1,non_numeric,0,0,0,,,
gcd,cts,fmax_mhz,REMOVE_ABC_BUFFERS,floorplan,1,param_flat,976,2,870,46.740624641082036,,
gcd,cts,fmax_mhz,ROUTING_LAYER_ADJUSTMENT,floorplan,1,insensitive,979,280,872,46.654150209372006,0.07931013167640005,0.04863425314736961
gcd,cts,fmax_mhz,SETUP_SLACK_MARGIN,floorplan,1,insensitive,976,512,870,46.740624641082036,0.04058926295191491,-0.03127627698919832
gcd,cts,fmax_mhz,SKIP_GATE_CLONING,place,1,param_flat,195,2,188,59.729561673193096,,
gcd,cts,fmax_mhz,SKIP_PIN_SWAP,place,1,param_flat,195,2,188,59.729561673193096,,
gcd,cts,fmax_mhz,SKIP_VT_SWAP,place,1,param_flat,195,2,188,59.729561673193096,,
gcd,cts,fmax_mhz,SWAP_ARITH_OPERATORS,synth,1,param_flat,1334,1,929,39.25288240289666,,
gcd,cts,fmax_mhz,SYNTH_HIERARCHICAL,synth,1,param_flat,961,2,860,47.181063010708556,,
gcd,cts,fmax_mhz,TNS_END_PERCENT,floorplan,1,weak,1334,101,929,39.25288240289666,0.1174880006979456,0.25008153290020463
gcd,cts,core_area_um2,ABC_AREA,synth,1,param_flat,4543,2,1800,42.33049912176627,,
gcd,cts,core_area_um2,CELL_PAD_IN_SITES_DETAIL_PLACEMENT,floorplan,1,insensitive,4502,5,1799,42.39370782930551,0.017184137511537096,0.02219616677828354
gcd,cts,core_area_um2,CELL_PAD_IN_SITES_GLOBAL_PLACEMENT,floorplan,1,insensitive,4502,5,1799,42.39370782930551,0.036464542221354555,0.03187923506133175
gcd,cts,core_area_um2,CLUSTER_FLOPS,route,0,wrong_stage,4502,2,1799,42.39370782930551,,
gcd,cts,core_area_um2,CORE_ASPECT_RATIO,floorplan,1,insensitive,4574,763,1800,42.29544218466496,0.03317684316048065,0.04560536970728143
gcd,cts,core_area_um2,CORE_MARGIN,floorplan,1,insensitive,4566,22,1800,42.31116262842192,0.05058463522510541,0.05769698845493275
gcd,cts,core_area_um2,CORE_UTILIZATION,floorplan,1,strong,4932,63,1800,40.81705559823516,-0.9612072784213782,-0.8889916649218847
gcd,cts,core_area_um2,CORNERS,synth,1,non_numeric,0,0,0,,,
gcd,cts,core_area_um2,CTS_CLUSTER_DIAMETER,cts,1,insensitive,4502,2385,1799,42.39370782930551,-0.0058666919616900655,-0.011665628190834559
gcd,cts,core_area_um2,CTS_CLUSTER_SIZE,cts,1,insensitive,4502,41,1799,42.39370782930551,-0.030389312282887715,-0.025984298610361636
gcd,cts,core_area_um2,DETAILED_ROUTE_END_ITERATION,route,0,wrong_stage,4502,181,1799,42.39370782930551,0.01804200453090806,0.016782151214126642
gcd,cts,core_area_um2,DONT_BUFFER_PORTS,floorplan,1,param_flat,4566,2,1800,42.31463376045582,,
gcd,cts,core_area_um2,ENABLE_DPO,place,1,param_flat,4502,2,1799,42.39370782930551,,
gcd,cts,core_area_um2,FASTROUTE_TCL,floorplan,1,non_numeric,0,0,0,,,
gcd,cts,core_area_um2,GLOBAL_ROUTE_ARGS,route,0,wrong_stage,0,0,0,,,
gcd,cts,core_area_um2,GPL_ROUTABILITY_DRIVEN,place,1,param_flat,4502,2,1799,42.39370782930551,,
gcd,cts,core_area_um2,GPL_TIMING_DRIVEN,place,1,param_flat,4502,2,1799,42.39370782930551,,
gcd,cts,core_area_um2,HOLD_SLACK_MARGIN,floorplan,1,insensitive,4562,1779,1800,42.31880122495756,0.02358999873140956,0.01576861642822998
gcd,cts,core_area_um2,IO_PLACER_H,floorplan,1,param_flat,0,0,0,,,
gcd,cts,core_area_um2,IO_PLACER_V,floorplan,1,param_flat,0,0,0,,,
gcd,cts,core_area_um2,MATCH_CELL_FOOTPRINT,route,0,wrong_stage,4502,2,1799,42.39370782930551,,
gcd,cts,core_area_um2,MAX_REPAIR_TIMING_ITER,place,1,insensitive,1250,50,634,39.50139922948323,-0.010518533793469604,0.017328387225406684
gcd,cts,core_area_um2,MAX_ROUTING_LAYER,route,0,wrong_stage,0,0,0,,,
gcd,cts,core_area_um2,MIN_ROUTING_LAYER,route,0,wrong_stage,0,0,0,,,
gcd,cts,core_area_um2,OPENROAD_HIERARCHICAL,synth,1,param_flat,4932,2,1800,40.81705559823516,,
gcd,cts,core_area_um2,PLACE_DENSITY,floorplan,1,insensitive,4566,875,1800,42.30557678828063,-0.017991903474435786,-0.018320488777230373
gcd,cts,core_area_um2,PLACE_DENSITY_LB_ADDON,floorplan,1,strong,4502,645,1799,42.39370782930551,0.3777403137089334,0.36123127707066804
gcd,cts,core_area_um2,PLACE_PINS_ARGS,place,1,non_numeric,0,0,0,,,
gcd,cts,core_area_um2,REMOVE_ABC_BUFFERS,floorplan,1,param_flat,4562,2,1800,42.31880122495756,,
gcd,cts,core_area_um2,ROUTING_LAYER_ADJUSTMENT,floorplan,1,insensitive,4565,1052,1800,42.314946200136156,0.043650755629502595,0.04593068266141814
gcd,cts,core_area_um2,SETUP_SLACK_MARGIN,floorplan,1,insensitive,4562,1896,1800,42.31880122495756,0.03631298886971561,0.03529749151701109
gcd,cts,core_area_um2,SKIP_GATE_CLONING,place,1,param_flat,1250,2,634,39.50139922948323,,
gcd,cts,core_area_um2,SKIP_PIN_SWAP,place,1,param_flat,1250,2,634,39.50139922948323,,
gcd,cts,core_area_um2,SKIP_VT_SWAP,place,1,param_flat,1250,2,634,39.50139922948323,,
gcd,cts,core_area_um2,SWAP_ARITH_OPERATORS,synth,1,param_flat,4932,1,1800,40.81705559823516,,
gcd,cts,core_area_um2,SYNTH_HIERARCHICAL,synth,1,param_flat,4543,2,1800,42.33049912176627,,
gcd,cts,core_area_um2,TNS_END_PERCENT,floorplan,1,insensitive,4932,101,1800,40.81705559823516,0.053523301265515,0.002083198785258513
gcd,cts,clock_skew_ns,ABC_AREA,synth,1,param_flat,961,2,10,674.9156261481739,,
gcd,cts,clock_skew_ns,CELL_PAD_IN_SITES_DETAIL_PLACEMENT,floorplan,1,insensitive,926,5,10,694.5383023363488,-0.04376589381325831,-0.0388437301167222
gcd,cts,clock_skew_ns,CELL_PAD_IN_SITES_GLOBAL_PLACEMENT,floorplan,1,weak,926,5,10,694.5383023363488,0.11792041069911964,0.10742493933348114
gcd,cts,clock_skew_ns,CLUSTER_FLOPS,route,0,wrong_stage,926,2,10,694.5383023363488,,
gcd,cts,clock_skew_ns,CORE_ASPECT_RATIO,floorplan,1,insensitive,987,389,10,730.6867140152685,-0.05441520616565106,-0.04684923105976251
gcd,cts,clock_skew_ns,CORE_MARGIN,floorplan,1,insensitive,980,21,10,728.0448978763119,-0.04319916251592895,-0.0388412315137388
gcd,cts,clock_skew_ns,CORE_UTILIZATION,floorplan,1,insensitive,1334,47,10,953.8838739658228,-0.06828268323977778,-0.03711944022049688
gcd,cts,clock_skew_ns,CORNERS,synth,1,non_numeric,0,0,0,,,
gcd,cts,clock_skew_ns,CTS_CLUSTER_DIAMETER,cts,1,insensitive,926,575,10,694.5383023363488,-0.028390423145022374,-0.03707295499117209
gcd,cts,clock_skew_ns,CTS_CLUSTER_SIZE,cts,1,insensitive,926,41,10,694.5383023363488,-0.07408835206583282,-0.06297002381689293
gcd,cts,clock_skew_ns,DETAILED_ROUTE_END_ITERATION,route,0,wrong_stage,926,177,10,694.5383023363488,0.05664628216152363,0.04811559012062603
gcd,cts,clock_skew_ns,DONT_BUFFER_PORTS,floorplan,1,param_flat,980,2,10,723.7239456601827,,
gcd,cts,clock_skew_ns,ENABLE_DPO,place,1,param_flat,926,2,10,694.5383023363488,,
gcd,cts,clock_skew_ns,FASTROUTE_TCL,floorplan,1,non_numeric,0,0,0,,,
gcd,cts,clock_skew_ns,GLOBAL_ROUTE_ARGS,route,0,wrong_stage,0,0,0,,,
gcd,cts,clock_skew_ns,GPL_ROUTABILITY_DRIVEN,place,1,param_flat,926,2,10,694.5383023363488,,
gcd,cts,clock_skew_ns,GPL_TIMING_DRIVEN,place,1,param_flat,926,2,10,694.5383023363488,,
gcd,cts,clock_skew_ns,HOLD_SLACK_MARGIN,floorplan,1,weak,976,478,10,726.0120029687542,0.08863607810179819,0.08038225609847012
gcd,cts,clock_skew_ns,IO_PLACER_H,floorplan,1,param_flat,0,0,0,,,
gcd,cts,clock_skew_ns,IO_PLACER_V,floorplan,1,param_flat,0,0,0,,,
gcd,cts,clock_skew_ns,MATCH_CELL_FOOTPRINT,route,0,wrong_stage,926,2,10,694.5383023363488,,
gcd,cts,clock_skew_ns,MAX_REPAIR_TIMING_ITER,place,1,insensitive,195,48,10,759.241801560263,-0.00037079575547932476,0.014499107054094781
gcd,cts,clock_skew_ns,MAX_ROUTING_LAYER,route,0,wrong_stage,0,0,0,,,
gcd,cts,clock_skew_ns,MIN_ROUTING_LAYER,route,0,wrong_stage,0,0,0,,,
gcd,cts,clock_skew_ns,OPENROAD_HIERARCHICAL,synth,1,param_flat,1334,2,10,953.8838739658228,,
gcd,cts,clock_skew_ns,PLACE_DENSITY,floorplan,1,insensitive,980,473,10,713.7069397038847,-0.023492443044107827,-0.007485922478194668
gcd,cts,clock_skew_ns,PLACE_DENSITY_LB_ADDON,floorplan,1,insensitive,926,359,10,694.5383023363488,-0.03690367713581859,-0.02452433211696614
gcd,cts,clock_skew_ns,PLACE_PINS_ARGS,place,1,non_numeric,0,0,0,,,
gcd,cts,clock_skew_ns,REMOVE_ABC_BUFFERS,floorplan,1,param_flat,976,2,10,726.0120029687542,,
gcd,cts,clock_skew_ns,ROUTING_LAYER_ADJUSTMENT,floorplan,1,insensitive,979,280,10,727.666712561545,-0.0001430021288560802,-0.005319685653362351
gcd,cts,clock_skew_ns,SETUP_SLACK_MARGIN,floorplan,1,insensitive,976,512,10,726.0120029687542,0.00015450322516809235,0.0047220234696244475
gcd,cts,clock_skew_ns,SKIP_GATE_CLONING,place,1,param_flat,195,2,10,759.241801560263,,
gcd,cts,clock_skew_ns,SKIP_PIN_SWAP,place,1,param_flat,195,2,10,759.241801560263,,
gcd,cts,clock_skew_ns,SKIP_VT_SWAP,place,1,param_flat,195,2,10,759.241801560263,,
gcd,cts,clock_skew_ns,SWAP_ARITH_OPERATORS,synth,1,param_flat,1334,1,10,953.8838739658228,,
gcd,cts,clock_skew_ns,SYNTH_HIERARCHICAL,synth,1,param_flat,961,2,10,674.9156261481739,,
gcd,cts,clock_skew_ns,TNS_END_PERCENT,floorplan,1,weak,1334,101,10,953.8838739658228,-0.13446682642572313,-0.08236706449697133
gcd,cts,clock_insertion_delay_ns,ABC_AREA,synth,1,param_flat,961,2,23,56.96564667298898,,
gcd,cts,clock_insertion_delay_ns,CELL_PAD_IN_SITES_DETAIL_PLACEMENT,floorplan,1,insensitive,926,5,21,56.68444368828467,-0.05129915470077453,-0.05792822893670989
gcd,cts,clock_insertion_delay_ns,CELL_PAD_IN_SITES_GLOBAL_PLACEMENT,floorplan,1,weak,926,5,21,56.68444368828467,0.13698214788405666,0.06507717814888743
gcd,cts,clock_insertion_delay_ns,CLUSTER_FLOPS,route,0,wrong_stage,926,2,21,56.68444368828467,,
gcd,cts,clock_insertion_delay_ns,CORE_ASPECT_RATIO,floorplan,1,moderate,987,389,24,57.14651540933352,-0.16572179206440507,-0.09718977139108634
gcd,cts,clock_insertion_delay_ns,CORE_MARGIN,floorplan,1,weak,980,21,24,57.0901171740131,-0.08450296173065379,-0.038486223256163105
gcd,cts,clock_insertion_delay_ns,CORE_UTILIZATION,floorplan,1,weak,1334,47,24,58.04189629610623,-0.10355815615788634,-0.22919106003688086
gcd,cts,clock_insertion_delay_ns,CORNERS,synth,1,non_numeric,0,0,0,,,
gcd,cts,clock_insertion_delay_ns,CTS_CLUSTER_DIAMETER,cts,1,insensitive,926,575,21,56.68444368828467,0.025234157485851668,0.04068613913062564
gcd,cts,clock_insertion_delay_ns,CTS_CLUSTER_SIZE,cts,1,weak,926,41,21,56.68444368828467,-0.1454319307761167,-0.12155367558481874
gcd,cts,clock_insertion_delay_ns,DETAILED_ROUTE_END_ITERATION,route,0,wrong_stage,926,177,21,56.68444368828467,0.032087749558429364,0.020974384707782453
gcd,cts,clock_insertion_delay_ns,DONT_BUFFER_PORTS,floorplan,1,param_flat,980,2,24,57.0901171740131,,
gcd,cts,clock_insertion_delay_ns,ENABLE_DPO,place,1,param_flat,926,2,21,56.68444368828467,,
gcd,cts,clock_insertion_delay_ns,FASTROUTE_TCL,floorplan,1,non_numeric,0,0,0,,,
gcd,cts,clock_insertion_delay_ns,GLOBAL_ROUTE_ARGS,route,0,wrong_stage,0,0,0,,,
gcd,cts,clock_insertion_delay_ns,GPL_ROUTABILITY_DRIVEN,place,1,param_flat,926,2,21,56.68444368828467,,
gcd,cts,clock_insertion_delay_ns,GPL_TIMING_DRIVEN,place,1,param_flat,926,2,21,56.68444368828467,,
gcd,cts,clock_insertion_delay_ns,HOLD_SLACK_MARGIN,floorplan,1,weak,976,478,24,57.058514303047616,0.0923917978827855,0.09709613484014298
gcd,cts,clock_insertion_delay_ns,IO_PLACER_H,floorplan,1,param_flat,0,0,0,,,
gcd,cts,clock_insertion_delay_ns,IO_PLACER_V,floorplan,1,param_flat,0,0,0,,,
gcd,cts,clock_insertion_delay_ns,MATCH_CELL_FOOTPRINT,route,0,wrong_stage,926,2,21,56.68444368828467,,
gcd,cts,clock_insertion_delay_ns,MAX_REPAIR_TIMING_ITER,place,1,insensitive,195,48,20,48.84450295389637,0.034790121127424814,0.001050525431447601
gcd,cts,clock_insertion_delay_ns,MAX_ROUTING_LAYER,route,0,wrong_stage,0,0,0,,,
gcd,cts,clock_insertion_delay_ns,MIN_ROUTING_LAYER,route,0,wrong_stage,0,0,0,,,
gcd,cts,clock_insertion_delay_ns,OPENROAD_HIERARCHICAL,synth,1,param_flat,1334,2,24,58.04189629610623,,
gcd,cts,clock_insertion_delay_ns,PLACE_DENSITY,floorplan,1,insensitive,980,473,24,57.08738855826532,-0.03386091471719027,-0.0592948244209567
gcd,cts,clock_insertion_delay_ns,PLACE_DENSITY_LB_ADDON,floorplan,1,weak,926,359,21,56.68444368828467,-0.14241875620575342,-0.04363793277203834
gcd,cts,clock_insertion_delay_ns,PLACE_PINS_ARGS,place,1,non_numeric,0,0,0,,,
gcd,cts,clock_insertion_delay_ns,REMOVE_ABC_BUFFERS,floorplan,1,param_flat,976,2,24,57.058514303047616,,
gcd,cts,clock_insertion_delay_ns,ROUTING_LAYER_ADJUSTMENT,floorplan,1,insensitive,979,280,24,57.08228006845041,-0.07705306845459607,-0.0495173430612845
gcd,cts,clock_insertion_delay_ns,SETUP_SLACK_MARGIN,floorplan,1,insensitive,976,512,24,57.058514303047616,0.00926567075654483,0.04626558288152318
gcd,cts,clock_insertion_delay_ns,SKIP_GATE_CLONING,place,1,param_flat,195,2,20,48.84450295389637,,
gcd,cts,clock_insertion_delay_ns,SKIP_PIN_SWAP,place,1,param_flat,195,2,20,48.84450295389637,,
gcd,cts,clock_insertion_delay_ns,SKIP_VT_SWAP,place,1,param_flat,195,2,20,48.84450295389637,,
gcd,cts,clock_insertion_delay_ns,SWAP_ARITH_OPERATORS,synth,1,param_flat,1334,1,24,58.04189629610623,,
gcd,cts,clock_insertion_delay_ns,SYNTH_HIERARCHICAL,synth,1,param_flat,961,2,23,56.96564667298898,,
gcd,cts,clock_insertion_delay_ns,TNS_END_PERCENT,floorplan,1,weak,1334,101,24,58.04189629610623,-0.14204833251646684,-0.273385181780572
gcd,cts,hold_violation_count,ABC_AREA,synth,1,param_flat,961,2,20,684.8577484783056,,
gcd,cts,hold_violation_count,CELL_PAD_IN_SITES_DETAIL_PLACEMENT,floorplan,1,insensitive,926,5,20,672.0127005363513,-0.06609409281916567,-0.03382676386273193
gcd,cts,hold_violation_count,CELL_PAD_IN_SITES_GLOBAL_PLACEMENT,floorplan,1,weak,926,5,20,672.0127005363513,-0.09903091488593968,-0.059525405312263316
gcd,cts,hold_violation_count,CLUSTER_FLOPS,route,0,wrong_stage,926,2,20,672.0127005363513,,
gcd,cts,hold_violation_count,CORE_ASPECT_RATIO,floorplan,1,weak,987,389,20,694.2459395537994,0.09342091419098854,0.03467455909548813
gcd,cts,hold_violation_count,CORE_MARGIN,floorplan,1,insensitive,980,21,20,691.7308850925795,0.04205551516648607,0.020816253522619687
gcd,cts,hold_violation_count,CORE_UTILIZATION,floorplan,1,insensitive,1334,47,20,809.1804248167686,-0.07138708592574391,-0.049895909975138285
gcd,cts,hold_violation_count,CORNERS,synth,1,non_numeric,0,0,0,,,
gcd,cts,hold_violation_count,CTS_CLUSTER_DIAMETER,cts,1,insensitive,926,575,20,672.0127005363513,-0.050837408114514974,-0.01597308720935667
gcd,cts,hold_violation_count,CTS_CLUSTER_SIZE,cts,1,insensitive,926,41,20,672.0127005363513,-0.01665862751636936,-0.033901078464345986
gcd,cts,hold_violation_count,DETAILED_ROUTE_END_ITERATION,route,0,wrong_stage,926,177,20,672.0127005363513,0.05147360317675978,0.04571033665840233
gcd,cts,hold_violation_count,DONT_BUFFER_PORTS,floorplan,1,param_flat,980,2,20,691.7308850925795,,
gcd,cts,hold_violation_count,ENABLE_DPO,place,1,param_flat,926,2,20,672.0127005363513,,
gcd,cts,hold_violation_count,FASTROUTE_TCL,floorplan,1,non_numeric,0,0,0,,,
gcd,cts,hold_violation_count,GLOBAL_ROUTE_ARGS,route,0,wrong_stage,0,0,0,,,
gcd,cts,hold_violation_count,GPL_ROUTABILITY_DRIVEN,place,1,param_flat,926,2,20,672.0127005363513,,
gcd,cts,hold_violation_count,GPL_TIMING_DRIVEN,place,1,param_flat,926,2,20,672.0127005363513,,
gcd,cts,hold_violation_count,HOLD_SLACK_MARGIN,floorplan,1,insensitive,976,478,20,690.289596561084,-0.0007210014493932321,0.02172502594408606
gcd,cts,hold_violation_count,IO_PLACER_H,floorplan,1,param_flat,0,0,0,,,
gcd,cts,hold_violation_count,IO_PLACER_V,floorplan,1,param_flat,0,0,0,,,
gcd,cts,hold_violation_count,MATCH_CELL_FOOTPRINT,route,0,wrong_stage,926,2,20,672.0127005363513,,
gcd,cts,hold_violation_count,MAX_REPAIR_TIMING_ITER,place,1,label_flat,195,48,1,,,
gcd,cts,hold_violation_count,MAX_ROUTING_LAYER,route,0,wrong_stage,0,0,0,,,
gcd,cts,hold_violation_count,MIN_ROUTING_LAYER,route,0,wrong_stage,0,0,0,,,
gcd,cts,hold_violation_count,OPENROAD_HIERARCHICAL,synth,1,param_flat,1334,2,20,809.1804248167686,,
gcd,cts,hold_violation_count,PLACE_DENSITY,floorplan,1,insensitive,980,473,20,691.7308850925795,0.0026087147135913373,-0.0381817365276267
gcd,cts,hold_violation_count,PLACE_DENSITY_LB_ADDON,floorplan,1,weak,926,359,20,672.0127005363513,-0.08926518333833847,-0.06337563697224306
gcd,cts,hold_violation_count,PLACE_PINS_ARGS,place,1,non_numeric,0,0,0,,,
gcd,cts,hold_violation_count,REMOVE_ABC_BUFFERS,floorplan,1,param_flat,976,2,20,690.289596561084,,
gcd,cts,hold_violation_count,ROUTING_LAYER_ADJUSTMENT,floorplan,1,weak,979,280,20,691.3708446657799,0.08368441562879307,0.07189320965629951
gcd,cts,hold_violation_count,SETUP_SLACK_MARGIN,floorplan,1,weak,976,512,20,690.289596561084,0.09861651976237451,0.037205488638282984
gcd,cts,hold_violation_count,SKIP_GATE_CLONING,place,1,param_flat,195,2,1,,,
gcd,cts,hold_violation_count,SKIP_PIN_SWAP,place,1,param_flat,195,2,1,,,
gcd,cts,hold_violation_count,SKIP_VT_SWAP,place,1,param_flat,195,2,1,,,
gcd,cts,hold_violation_count,SWAP_ARITH_OPERATORS,synth,1,param_flat,1334,1,20,809.1804248167686,,
gcd,cts,hold_violation_count,SYNTH_HIERARCHICAL,synth,1,param_flat,961,2,20,684.8577484783056,,
gcd,cts,hold_violation_count,TNS_END_PERCENT,floorplan,1,insensitive,1334,101,20,809.1804248167686,-0.044300733215147055,-0.010121689962013701
gcd,route,wns_ns,ABC_AREA,synth,1,param_flat,527,2,276,109.82444623270034,,
gcd,route,wns_ns,CELL_PAD_IN_SITES_DETAIL_PLACEMENT,floorplan,1,insensitive,495,5,272,103.830425620273,-0.05445693682376855,0.009696182950936978
gcd,route,wns_ns,CELL_PAD_IN_SITES_GLOBAL_PLACEMENT,floorplan,1,insensitive,495,5,272,103.830425620273,0.024754100726514162,-0.03544081960278255
gcd,route,wns_ns,CLUSTER_FLOPS,route,1,param_flat,495,2,272,103.830425620273,,
gcd,route,wns_ns,CORE_ASPECT_RATIO,floorplan,1,insensitive,550,228,276,113.57590636636093,0.04615551474600539,0.12042208064374253
gcd,route,wns_ns,CORE_MARGIN,floorplan,1,moderate,542,21,276,112.55622269800807,-0.20818468314043045,-0.03830356104797452
gcd,route,wns_ns,CORE_UTILIZATION,floorplan,1,strong,856,42,279,139.9263004641835,0.3589253205439507,0.3353953608449169
gcd,route,wns_ns,CORNERS,synth,1,non_numeric,0,0,0,,,
gcd,route,wns_ns,CTS_CLUSTER_DIAMETER,cts,1,insensitive,495,324,272,103.830425620273,-0.03939763871342988,-0.05793536533483824
gcd,route,wns_ns,CTS_CLUSTER_SIZE,cts,1,moderate,495,41,272,103.830425620273,0.16670130649342457,0.16807608158702206
gcd,route,wns_ns,DETAILED_ROUTE_END_ITERATION,route,1,insensitive,495,159,272,103.830425620273,-0.07147111527570507,-0.05451592495037416
gcd,route,wns_ns,DONT_BUFFER_PORTS,floorplan,1,param_flat,543,2,276,112.73799019204667,,
gcd,route,wns_ns,ENABLE_DPO,place,1,param_flat,495,2,272,103.830425620273,,
gcd,route,wns_ns,FASTROUTE_TCL,floorplan,1,non_numeric,0,0,0,,,
gcd,route,wns_ns,GLOBAL_ROUTE_ARGS,route,1,non_numeric,0,0,0,,,
gcd,route,wns_ns,GPL_ROUTABILITY_DRIVEN,place,1,param_flat,495,2,272,103.830425620273,,
gcd,route,wns_ns,GPL_TIMING_DRIVEN,place,1,param_flat,495,2,272,103.830425620273,,
gcd,route,wns_ns,HOLD_SLACK_MARGIN,floorplan,1,strong,540,281,276,112.1888914756241,-0.317951731526298,-0.21074871930045153
gcd,route,wns_ns,IO_PLACER_H,floorplan,1,param_flat,0,0,0,,,
gcd,route,wns_ns,IO_PLACER_V,floorplan,1,param_flat,0,0,0,,,
gcd,route,wns_ns,MATCH_CELL_FOOTPRINT,route,1,param_flat,495,2,272,103.830425620273,,
gcd,route,wns_ns,MAX_REPAIR_TIMING_ITER,place,1,insensitive,124,43,94,89.39011814743604,-0.0316873907356179,-0.025121728341008568
gcd,route,wns_ns,MAX_ROUTING_LAYER,route,1,param_flat,0,0,0,,,
gcd,route,wns_ns,MIN_ROUTING_LAYER,route,1,param_flat,0,0,0,,,
gcd,route,wns_ns,OPENROAD_HIERARCHICAL,synth,1,param_flat,856,2,279,139.9263004641835,,
gcd,route,wns_ns,PLACE_DENSITY,floorplan,1,moderate,543,310,277,112.57007358753688,0.1857685193099532,0.1533797214505781
gcd,route,wns_ns,PLACE_DENSITY_LB_ADDON,floorplan,1,insensitive,495,247,272,103.830425620273,0.045691125528303726,0.03602672717510734
gcd,route,wns_ns,PLACE_PINS_ARGS,place,1,non_numeric,0,0,0,,,
gcd,route,wns_ns,REMOVE_ABC_BUFFERS,floorplan,1,param_flat,540,2,276,112.1888914756241,,
gcd,route,wns_ns,ROUTING_LAYER_ADJUSTMENT,floorplan,1,weak,542,167,276,112.55526632005567,-0.08634018593384261,-0.026518238773806727
gcd,route,wns_ns,SETUP_SLACK_MARGIN,floorplan,1,moderate,540,286,276,112.1888914756241,-0.19438142753804658,-0.06521121549886304
gcd,route,wns_ns,SKIP_GATE_CLONING,place,1,param_flat,124,2,94,89.39011814743604,,
gcd,route,wns_ns,SKIP_PIN_SWAP,place,1,param_flat,124,2,94,89.39011814743604,,
gcd,route,wns_ns,SKIP_VT_SWAP,place,1,param_flat,124,2,94,89.39011814743604,,
gcd,route,wns_ns,SWAP_ARITH_OPERATORS,synth,1,param_flat,856,1,279,139.9263004641835,,
gcd,route,wns_ns,SYNTH_HIERARCHICAL,synth,1,param_flat,527,2,276,109.82444623270034,,
gcd,route,wns_ns,TNS_END_PERCENT,floorplan,1,strong,856,98,279,139.9263004641835,0.30900201923204856,0.38002475886045567
gcd,route,tns_ns,ABC_AREA,synth,1,param_flat,527,2,468,118.20593150689831,,
gcd,route,tns_ns,CELL_PAD_IN_SITES_DETAIL_PLACEMENT,floorplan,1,insensitive,495,5,451,111.9121753351311,-0.04128516869488114,0.02079814834793446
gcd,route,tns_ns,CELL_PAD_IN_SITES_GLOBAL_PLACEMENT,floorplan,1,insensitive,495,5,451,111.9121753351311,0.005843457564867404,-0.04800502718603014
gcd,route,tns_ns,CLUSTER_FLOPS,route,1,param_flat,495,2,451,111.9121753351311,,
gcd,route,tns_ns,CORE_ASPECT_RATIO,floorplan,1,insensitive,550,228,477,122.31328396140493,0.057741184904681664,0.13004212767994341
gcd,route,tns_ns,CORE_MARGIN,floorplan,1,moderate,542,21,471,121.05353352311906,-0.19199776886467182,-0.015842770951774623
gcd,route,tns_ns,CORE_UTILIZATION,floorplan,1,strong,856,42,560,157.17509382956408,0.35088712384167114,0.32389977252480007
gcd,route,tns_ns,CORNERS,synth,1,non_numeric,0,0,0,,,
gcd,route,tns_ns,CTS_CLUSTER_DIAMETER,cts,1,insensitive,495,324,451,111.9121753351311,-0.04160123015940477,-0.0648973206228211
gcd,route,tns_ns,CTS_CLUSTER_SIZE,cts,1,moderate,495,41,451,111.9121753351311,0.19968058790916882,0.18478425563661133
gcd,route,tns_ns,DETAILED_ROUTE_END_ITERATION,route,1,insensitive,495,159,451,111.9121753351311,-0.0661079938711957,-0.05615363029642355
gcd,route,tns_ns,DONT_BUFFER_PORTS,floorplan,1,param_flat,543,2,471,121.24106872334633,,
gcd,route,tns_ns,ENABLE_DPO,place,1,param_flat,495,2,451,111.9121753351311,,
gcd,route,tns_ns,FASTROUTE_TCL,floorplan,1,non_numeric,0,0,0,,,
gcd,route,tns_ns,GLOBAL_ROUTE_ARGS,route,1,non_numeric,0,0,0,,,
gcd,route,tns_ns,GPL_ROUTABILITY_DRIVEN,place,1,param_flat,495,2,451,111.9121753351311,,
gcd,route,tns_ns,GPL_TIMING_DRIVEN,place,1,param_flat,495,2,451,111.9121753351311,,
gcd,route,tns_ns,HOLD_SLACK_MARGIN,floorplan,1,strong,540,281,471,120.67745267454141,-0.3409472258231679,-0.21919633245671719
gcd,route,tns_ns,IO_PLACER_H,floorplan,1,param_flat,0,0,0,,,
gcd,route,tns_ns,IO_PLACER_V,floorplan,1,param_flat,0,0,0,,,
gcd,route,tns_ns,MATCH_CELL_FOOTPRINT,route,1,param_flat,495,2,451,111.9121753351311,,
gcd,route,tns_ns,MAX_REPAIR_TIMING_ITER,place,1,insensitive,124,43,111,91.90538484935882,-0.06124194054380466,-0.028265285595001854
gcd,route,tns_ns,MAX_ROUTING_LAYER,route,1,param_flat,0,0,0,,,
gcd,route,tns_ns,MIN_ROUTING_LAYER,route,1,param_flat,0,0,0,,,
gcd,route,tns_ns,OPENROAD_HIERARCHICAL,synth,1,param_flat,856,2,560,157.17509382956408,,
gcd,route,tns_ns,PLACE_DENSITY,floorplan,1,moderate,543,310,473,121.13966590511147,0.199762244500764,0.16374243208616626
gcd,route,tns_ns,PLACE_DENSITY_LB_ADDON,floorplan,1,insensitive,495,247,451,111.9121753351311,0.05743807574479992,0.04359524933832543
gcd,route,tns_ns,PLACE_PINS_ARGS,place,1,non_numeric,0,0,0,,,
gcd,route,tns_ns,REMOVE_ABC_BUFFERS,floorplan,1,param_flat,540,2,471,120.67745267454141,,
gcd,route,tns_ns,ROUTING_LAYER_ADJUSTMENT,floorplan,1,weak,542,167,471,121.05345741583231,-0.08290108469878936,-0.014284205704879217
gcd,route,tns_ns,SETUP_SLACK_MARGIN,floorplan,1,moderate,540,286,471,120.67745267454141,-0.18902020763498087,-0.05229859984335624
gcd,route,tns_ns,SKIP_GATE_CLONING,place,1,param_flat,124,2,111,91.90538484935882,,
gcd,route,tns_ns,SKIP_PIN_SWAP,place,1,param_flat,124,2,111,91.90538484935882,,
gcd,route,tns_ns,SKIP_VT_SWAP,place,1,param_flat,124,2,111,91.90538484935882,,
gcd,route,tns_ns,SWAP_ARITH_OPERATORS,synth,1,param_flat,856,1,560,157.17509382956408,,
gcd,route,tns_ns,SYNTH_HIERARCHICAL,synth,1,param_flat,527,2,468,118.20593150689831,,
gcd,route,tns_ns,TNS_END_PERCENT,floorplan,1,strong,856,98,560,157.17509382956408,0.3032588664348589,0.3826549905568846
gcd,route,fmax_mhz,ABC_AREA,synth,1,param_flat,527,2,484,49.8728640686928,,
gcd,route,fmax_mhz,CELL_PAD_IN_SITES_DETAIL_PLACEMENT,floorplan,1,moderate,495,5,457,51.762919655113556,-0.2194550197389267,-0.0422186158180191
gcd,route,fmax_mhz,CELL_PAD_IN_SITES_GLOBAL_PLACEMENT,floorplan,1,weak,495,5,457,51.762919655113556,-0.11308231378140238,-0.08451118558338447
gcd,route,fmax_mhz,CLUSTER_FLOPS,route,1,param_flat,495,2,457,51.762919655113556,,
gcd,route,fmax_mhz,CORE_ASPECT_RATIO,floorplan,1,moderate,550,228,501,48.63092540903076,0.1574979189311162,0.14499614626858487
gcd,route,fmax_mhz,CORE_MARGIN,floorplan,1,insensitive,542,21,496,49.05859416873372,-0.06128008954026698,-0.020615833471770893
gcd,route,fmax_mhz,CORE_UTILIZATION,floorplan,1,moderate,856,42,586,38.03664014352685,0.22281568318396694,0.3090735217755376
gcd,route,fmax_mhz,CORNERS,synth,1,non_numeric,0,0,0,,,
gcd,route,fmax_mhz,CTS_CLUSTER_DIAMETER,cts,1,weak,495,324,457,51.762919655113556,-0.08954021015130262,-0.07199031894157719
gcd,route,fmax_mhz,CTS_CLUSTER_SIZE,cts,1,weak,495,41,457,51.762919655113556,0.13505692702961128,0.15054041096215026
gcd,route,fmax_mhz,DETAILED_ROUTE_END_ITERATION,route,1,insensitive,495,159,457,51.762919655113556,-0.002258208413674963,-0.0228364701096189
gcd,route,fmax_mhz,DONT_BUFFER_PORTS,floorplan,1,param_flat,543,2,497,49.00582992493289,,
gcd,route,fmax_mhz,ENABLE_DPO,place,1,param_flat,495,2,457,51.762919655113556,,
gcd,route,fmax_mhz,FASTROUTE_TCL,floorplan,1,non_numeric,0,0,0,,,
gcd,route,fmax_mhz,GLOBAL_ROUTE_ARGS,route,1,non_numeric,0,0,0,,,
gcd,route,fmax_mhz,GPL_ROUTABILITY_DRIVEN,place,1,param_flat,495,2,457,51.762919655113556,,
gcd,route,fmax_mhz,GPL_TIMING_DRIVEN,place,1,param_flat,495,2,457,51.762919655113556,,
gcd,route,fmax_mhz,HOLD_SLACK_MARGIN,floorplan,1,moderate,540,281,494,49.1639202161523,-0.18110268478641042,-0.19187123732053432
gcd,route,fmax_mhz,IO_PLACER_H,floorplan,1,param_flat,0,0,0,,,
gcd,route,fmax_mhz,IO_PLACER_V,floorplan,1,param_flat,0,0,0,,,
gcd,route,fmax_mhz,MATCH_CELL_FOOTPRINT,route,1,param_flat,495,2,457,51.762919655113556,,
gcd,route,fmax_mhz,MAX_REPAIR_TIMING_ITER,place,1,insensitive,124,43,124,61.98117486405196,-0.025597272040746657,-0.030683151656398094
gcd,route,fmax_mhz,MAX_ROUTING_LAYER,route,1,param_flat,0,0,0,,,
gcd,route,fmax_mhz,MIN_ROUTING_LAYER,route,1,param_flat,0,0,0,,,
gcd,route,fmax_mhz,OPENROAD_HIERARCHICAL,synth,1,param_flat,856,2,586,38.03664014352685,,
gcd,route,fmax_mhz,PLACE_DENSITY,floorplan,1,weak,543,310,497,49.00228580646862,0.09125728211916082,0.12794462032299686
gcd,route,fmax_mhz,PLACE_DENSITY_LB_ADDON,floorplan,1,insensitive,495,247,457,51.762919655113556,-0.0774868091956397,0.003783627016687313
gcd,route,fmax_mhz,PLACE_PINS_ARGS,place,1,non_numeric,0,0,0,,,
gcd,route,fmax_mhz,REMOVE_ABC_BUFFERS,floorplan,1,param_flat,540,2,494,49.1639202161523,,
gcd,route,fmax_mhz,ROUTING_LAYER_ADJUSTMENT,floorplan,1,insensitive,542,167,496,49.0583477633149,0.0029542554439652914,-0.0018983638119006423
gcd,route,fmax_mhz,SETUP_SLACK_MARGIN,floorplan,1,insensitive,540,286,494,49.1639202161523,-0.03214215178596639,-0.027111406958991332
gcd,route,fmax_mhz,SKIP_GATE_CLONING,place,1,param_flat,124,2,124,61.98117486405196,,
gcd,route,fmax_mhz,SKIP_PIN_SWAP,place,1,param_flat,124,2,124,61.98117486405196,,
gcd,route,fmax_mhz,SKIP_VT_SWAP,place,1,param_flat,124,2,124,61.98117486405196,,
gcd,route,fmax_mhz,SWAP_ARITH_OPERATORS,synth,1,param_flat,856,1,586,38.03664014352685,,
gcd,route,fmax_mhz,SYNTH_HIERARCHICAL,synth,1,param_flat,527,2,484,49.8728640686928,,
gcd,route,fmax_mhz,TNS_END_PERCENT,floorplan,1,moderate,856,98,586,38.03664014352685,0.1999463950675176,0.3556676773029484
gcd,route,utilization_pct,ABC_AREA,synth,1,param_flat,217,2,57,24.70026372517403,,
gcd,route,utilization_pct,CELL_PAD_IN_SITES_DETAIL_PLACEMENT,floorplan,1,strong,193,5,56,24.83077704822154,-0.5326392231213251,-0.5335609854573014
gcd,route,utilization_pct,CELL_PAD_IN_SITES_GLOBAL_PLACEMENT,floorplan,1,moderate,193,5,56,24.83077704822154,-0.29572636615967945,-0.3106460309597549
gcd,route,utilization_pct,CLUSTER_FLOPS,route,1,param_flat,193,2,56,24.83077704822154,,
gcd,route,utilization_pct,CORE_ASPECT_RATIO,floorplan,1,moderate,230,92,60,24.758710884120184,-0.2151950119128104,-0.2458773786466558
gcd,route,utilization_pct,CORE_MARGIN,floorplan,1,strong,229,21,60,24.736939609499224,-0.3044684814942609,-0.3006002603223767
gcd,route,utilization_pct,CORE_UTILIZATION,floorplan,1,strong,267,34,62,24.99857198289953,0.7903214941629209,0.7389075914623412
gcd,route,utilization_pct,CORNERS,synth,1,non_numeric,0,0,0,,,
gcd,route,utilization_pct,CTS_CLUSTER_DIAMETER,cts,1,insensitive,193,125,56,24.83077704822154,0.06992359795584592,0.09135460666765277
gcd,route,utilization_pct,CTS_CLUSTER_SIZE,cts,1,moderate,193,40,56,24.83077704822154,-0.2315540148529312,-0.2139644420742567
gcd,route,utilization_pct,DETAILED_ROUTE_END_ITERATION,route,1,weak,193,91,56,24.83077704822154,0.12012188722042304,0.12409518916244884
gcd,route,utilization_pct,DONT_BUFFER_PORTS,floorplan,1,param_flat,230,2,60,24.69642643650457,,
gcd,route,utilization_pct,ENABLE_DPO,place,1,param_flat,193,2,56,24.83077704822154,,
gcd,route,utilization_pct,FASTROUTE_TCL,floorplan,1,non_numeric,0,0,0,,,
gcd,route,utilization_pct,GLOBAL_ROUTE_ARGS,route,1,non_numeric,0,0,0,,,
gcd,route,utilization_pct,GPL_ROUTABILITY_DRIVEN,place,1,param_flat,193,2,56,24.83077704822154,,
gcd,route,utilization_pct,GPL_TIMING_DRIVEN,place,1,param_flat,193,2,56,24.83077704822154,,
gcd,route,utilization_pct,HOLD_SLACK_MARGIN,floorplan,1,insensitive,227,107,60,24.84793396721437,-0.0330937236591292,-0.03648578917985216
gcd,route,utilization_pct,IO_PLACER_H,floorplan,1,param_flat,0,0,0,,,
gcd,route,utilization_pct,IO_PLACER_V,floorplan,1,param_flat,0,0,0,,,
gcd,route,utilization_pct,MATCH_CELL_FOOTPRINT,route,1,param_flat,193,2,56,24.83077704822154,,
gcd,route,utilization_pct,MAX_REPAIR_TIMING_ITER,place,1,weak,28,24,21,28.15301308432424,-0.1450706279326666,-0.16314212641185494
gcd,route,utilization_pct,MAX_ROUTING_LAYER,route,1,param_flat,0,0,0,,,
gcd,route,utilization_pct,MIN_ROUTING_LAYER,route,1,param_flat,0,0,0,,,
gcd,route,utilization_pct,OPENROAD_HIERARCHICAL,synth,1,param_flat,267,2,62,24.99857198289953,,
gcd,route,utilization_pct,PLACE_DENSITY,floorplan,1,insensitive,228,122,59,24.721243378051735,0.07521059797399597,0.06479092189438415
gcd,route,utilization_pct,PLACE_DENSITY_LB_ADDON,floorplan,1,weak,193,109,56,24.83077704822154,-0.12681071774627412,-0.15505655472277766
gcd,route,utilization_pct,PLACE_PINS_ARGS,place,1,non_numeric,0,0,0,,,
gcd,route,utilization_pct,REMOVE_ABC_BUFFERS,floorplan,1,param_flat,227,2,60,24.84793396721437,,
gcd,route,utilization_pct,ROUTING_LAYER_ADJUSTMENT,floorplan,1,weak,229,68,60,24.753748377240637,-0.10151116677667073,-0.11096175370222927
gcd,route,utilization_pct,SETUP_SLACK_MARGIN,floorplan,1,weak,227,108,60,24.84793396721437,-0.1418326421900373,-0.12402724858195428
gcd,route,utilization_pct,SKIP_GATE_CLONING,place,1,param_flat,28,2,21,28.15301308432424,,
gcd,route,utilization_pct,SKIP_PIN_SWAP,place,1,param_flat,28,2,21,28.15301308432424,,
gcd,route,utilization_pct,SKIP_VT_SWAP,place,1,param_flat,28,2,21,28.15301308432424,,
gcd,route,utilization_pct,SWAP_ARITH_OPERATORS,synth,1,param_flat,267,1,62,24.99857198289953,,
gcd,route,utilization_pct,SYNTH_HIERARCHICAL,synth,1,param_flat,217,2,57,24.70026372517403,,
gcd,route,utilization_pct,TNS_END_PERCENT,floorplan,1,strong,267,80,62,24.99857198289953,0.4449228510591971,0.38964312903194337
gcd,route,core_area_um2,ABC_AREA,synth,1,param_flat,4543,2,1800,42.33049912176627,,
gcd,route,core_area_um2,CELL_PAD_IN_SITES_DETAIL_PLACEMENT,floorplan,1,insensitive,4502,5,1799,42.39370782930551,0.017184137511537096,0.02219616677828354
gcd,route,core_area_um2,CELL_PAD_IN_SITES_GLOBAL_PLACEMENT,floorplan,1,insensitive,4502,5,1799,42.39370782930551,0.036464542221354555,0.03187923506133175
gcd,route,core_area_um2,CLUSTER_FLOPS,route,1,param_flat,4502,2,1799,42.39370782930551,,
gcd,route,core_area_um2,CORE_ASPECT_RATIO,floorplan,1,insensitive,4574,763,1800,42.29544218466496,0.03317684316048065,0.04560536970728143
gcd,route,core_area_um2,CORE_MARGIN,floorplan,1,insensitive,4566,22,1800,42.31116262842192,0.05058463522510541,0.05769698845493275
gcd,route,core_area_um2,CORE_UTILIZATION,floorplan,1,strong,4932,63,1800,40.81705559823516,-0.9612072784213782,-0.8889916649218847
gcd,route,core_area_um2,CORNERS,synth,1,non_numeric,0,0,0,,,
gcd,route,core_area_um2,CTS_CLUSTER_DIAMETER,cts,1,insensitive,4502,2385,1799,42.39370782930551,-0.0058666919616900655,-0.011665628190834559
gcd,route,core_area_um2,CTS_CLUSTER_SIZE,cts,1,insensitive,4502,41,1799,42.39370782930551,-0.030389312282887715,-0.025984298610361636
gcd,route,core_area_um2,DETAILED_ROUTE_END_ITERATION,route,1,insensitive,4502,181,1799,42.39370782930551,0.01804200453090806,0.016782151214126642
gcd,route,core_area_um2,DONT_BUFFER_PORTS,floorplan,1,param_flat,4566,2,1800,42.31463376045582,,
gcd,route,core_area_um2,ENABLE_DPO,place,1,param_flat,4502,2,1799,42.39370782930551,,
gcd,route,core_area_um2,FASTROUTE_TCL,floorplan,1,non_numeric,0,0,0,,,
gcd,route,core_area_um2,GLOBAL_ROUTE_ARGS,route,1,non_numeric,0,0,0,,,
gcd,route,core_area_um2,GPL_ROUTABILITY_DRIVEN,place,1,param_flat,4502,2,1799,42.39370782930551,,
gcd,route,core_area_um2,GPL_TIMING_DRIVEN,place,1,param_flat,4502,2,1799,42.39370782930551,,
gcd,route,core_area_um2,HOLD_SLACK_MARGIN,floorplan,1,insensitive,4562,1779,1800,42.31880122495756,0.02358999873140956,0.01576861642822998
gcd,route,core_area_um2,IO_PLACER_H,floorplan,1,param_flat,0,0,0,,,
gcd,route,core_area_um2,IO_PLACER_V,floorplan,1,param_flat,0,0,0,,,
gcd,route,core_area_um2,MATCH_CELL_FOOTPRINT,route,1,param_flat,4502,2,1799,42.39370782930551,,
gcd,route,core_area_um2,MAX_REPAIR_TIMING_ITER,place,1,insensitive,1250,50,634,39.50139922948323,-0.010518533793469604,0.017328387225406684
gcd,route,core_area_um2,MAX_ROUTING_LAYER,route,1,param_flat,0,0,0,,,
gcd,route,core_area_um2,MIN_ROUTING_LAYER,route,1,param_flat,0,0,0,,,
gcd,route,core_area_um2,OPENROAD_HIERARCHICAL,synth,1,param_flat,4932,2,1800,40.81705559823516,,
gcd,route,core_area_um2,PLACE_DENSITY,floorplan,1,insensitive,4566,875,1800,42.30557678828063,-0.017991903474435786,-0.018320488777230373
gcd,route,core_area_um2,PLACE_DENSITY_LB_ADDON,floorplan,1,strong,4502,645,1799,42.39370782930551,0.3777403137089334,0.36123127707066804
gcd,route,core_area_um2,PLACE_PINS_ARGS,place,1,non_numeric,0,0,0,,,
gcd,route,core_area_um2,REMOVE_ABC_BUFFERS,floorplan,1,param_flat,4562,2,1800,42.31880122495756,,
gcd,route,core_area_um2,ROUTING_LAYER_ADJUSTMENT,floorplan,1,insensitive,4565,1052,1800,42.314946200136156,0.043650755629502595,0.04593068266141814
gcd,route,core_area_um2,SETUP_SLACK_MARGIN,floorplan,1,insensitive,4562,1896,1800,42.31880122495756,0.03631298886971561,0.03529749151701109
gcd,route,core_area_um2,SKIP_GATE_CLONING,place,1,param_flat,1250,2,634,39.50139922948323,,
gcd,route,core_area_um2,SKIP_PIN_SWAP,place,1,param_flat,1250,2,634,39.50139922948323,,
gcd,route,core_area_um2,SKIP_VT_SWAP,place,1,param_flat,1250,2,634,39.50139922948323,,
gcd,route,core_area_um2,SWAP_ARITH_OPERATORS,synth,1,param_flat,4932,1,1800,40.81705559823516,,
gcd,route,core_area_um2,SYNTH_HIERARCHICAL,synth,1,param_flat,4543,2,1800,42.33049912176627,,
gcd,route,core_area_um2,TNS_END_PERCENT,floorplan,1,insensitive,4932,101,1800,40.81705559823516,0.053523301265515,0.002083198785258513
gcd,finish,wns_ns,ABC_AREA,synth,1,param_flat,220,2,132,109.33374316187079,,
gcd,finish,wns_ns,CELL_PAD_IN_SITES_DETAIL_PLACEMENT,floorplan,1,insensitive,196,5,128,97.91872470593451,-0.07500702668109986,-0.04026804042851269
gcd,finish,wns_ns,CELL_PAD_IN_SITES_GLOBAL_PLACEMENT,floorplan,1,weak,196,5,128,97.91872470593451,-0.09398370297688545,-0.17996000274334711
gcd,finish,wns_ns,CLUSTER_FLOPS,route,1,param_flat,196,2,128,97.91872470593451,,
gcd,finish,wns_ns,CORE_ASPECT_RATIO,floorplan,1,insensitive,233,95,131,114.99674007215337,-0.027945794688025608,-0.008068688715503066
gcd,finish,wns_ns,CORE_MARGIN,floorplan,1,moderate,232,21,131,114.66249591804505,-0.28614298400131194,-0.007620693265916045
gcd,finish,wns_ns,CORE_UTILIZATION,floorplan,1,strong,270,34,142,122.67372130345409,0.4509987075810616,0.29827362878948865
gcd,finish,wns_ns,CORNERS,synth,1,non_numeric,0,0,0,,,
gcd,finish,wns_ns,CTS_CLUSTER_DIAMETER,cts,1,weak,196,128,128,97.91872470593451,-0.11245788408178505,-0.1621757395524853
gcd,finish,wns_ns,CTS_CLUSTER_SIZE,cts,1,moderate,196,40,128,97.91872470593451,0.24826397668829647,0.2278824793091065
gcd,finish,wns_ns,DETAILED_ROUTE_END_ITERATION,route,1,insensitive,196,93,128,97.91872470593451,-0.050820110056491695,-0.016660824685107576
gcd,finish,wns_ns,DONT_BUFFER_PORTS,floorplan,1,param_flat,233,2,131,115.09649036748372,,
gcd,finish,wns_ns,ENABLE_DPO,place,1,param_flat,196,2,128,97.91872470593451,,
gcd,finish,wns_ns,FASTROUTE_TCL,floorplan,1,non_numeric,0,0,0,,,
gcd,finish,wns_ns,GLOBAL_ROUTE_ARGS,route,1,non_numeric,0,0,0,,,
gcd,finish,wns_ns,GPL_ROUTABILITY_DRIVEN,place,1,param_flat,196,2,128,97.91872470593451,,
gcd,finish,wns_ns,GPL_TIMING_DRIVEN,place,1,param_flat,196,2,128,97.91872470593451,,
gcd,finish,wns_ns,HOLD_SLACK_MARGIN,floorplan,1,strong,230,110,131,113.78952008137473,-0.5373544682777684,-0.4131678229417161
gcd,finish,wns_ns,IO_PLACER_H,floorplan,1,param_flat,0,0,0,,,
gcd,finish,wns_ns,IO_PLACER_V,floorplan,1,param_flat,0,0,0,,,
gcd,finish,wns_ns,MATCH_CELL_FOOTPRINT,route,1,param_flat,196,2,128,97.91872470593451,,
gcd,finish,wns_ns,MAX_REPAIR_TIMING_ITER,place,1,insensitive,31,25,19,164.7070694688206,0.07660361831192902,0.19682830939599444
gcd,finish,wns_ns,MAX_ROUTING_LAYER,route,1,param_flat,0,0,0,,,
gcd,finish,wns_ns,MIN_ROUTING_LAYER,route,1,param_flat,0,0,0,,,
gcd,finish,wns_ns,OPENROAD_HIERARCHICAL,synth,1,param_flat,270,2,142,122.67372130345409,,
gcd,finish,wns_ns,PLACE_DENSITY,floorplan,1,moderate,231,123,133,114.00471553541485,0.24391360276269713,0.21474552372841418
gcd,finish,wns_ns,PLACE_DENSITY_LB_ADDON,floorplan,1,insensitive,196,112,128,97.91872470593451,0.049500314932864525,0.057797205430118126
gcd,finish,wns_ns,PLACE_PINS_ARGS,place,1,non_numeric,0,0,0,,,
gcd,finish,wns_ns,REMOVE_ABC_BUFFERS,floorplan,1,param_flat,230,2,131,113.78952008137473,,
gcd,finish,wns_ns,ROUTING_LAYER_ADJUSTMENT,floorplan,1,moderate,232,70,131,114.66249591804505,-0.2536385443790078,-0.13538284962896083
gcd,finish,wns_ns,SETUP_SLACK_MARGIN,floorplan,1,strong,230,111,131,113.78952008137473,-0.3142636022059629,-0.10556453876420802
gcd,finish,wns_ns,SKIP_GATE_CLONING,place,1,param_flat,31,2,19,164.7070694688206,,
gcd,finish,wns_ns,SKIP_PIN_SWAP,place,1,param_flat,31,2,19,164.7070694688206,,
gcd,finish,wns_ns,SKIP_VT_SWAP,place,1,param_flat,31,2,19,164.7070694688206,,
gcd,finish,wns_ns,SWAP_ARITH_OPERATORS,synth,1,param_flat,270,1,142,122.67372130345409,,
gcd,finish,wns_ns,SYNTH_HIERARCHICAL,synth,1,param_flat,220,2,132,109.33374316187079,,
gcd,finish,wns_ns,TNS_END_PERCENT,floorplan,1,strong,270,81,142,122.67372130345409,0.4183631091522805,0.33010395153510463
gcd,finish,tns_ns,ABC_AREA,synth,1,param_flat,220,2,168,117.14518575207818,,
gcd,finish,tns_ns,CELL_PAD_IN_SITES_DETAIL_PLACEMENT,floorplan,1,insensitive,196,5,164,105.54072682038978,-0.04355643429576152,-0.030166290910406564
gcd,finish,tns_ns,CELL_PAD_IN_SITES_GLOBAL_PLACEMENT,floorplan,1,weak,196,5,164,105.54072682038978,-0.10132675129953127,-0.1978718644552606
gcd,finish,tns_ns,CLUSTER_FLOPS,route,1,param_flat,196,2,164,105.54072682038978,,
gcd,finish,tns_ns,CORE_ASPECT_RATIO,floorplan,1,insensitive,233,95,170,122.94423745099412,-0.002761997844166245,0.017708955292107594
gcd,finish,tns_ns,CORE_MARGIN,floorplan,1,moderate,232,21,169,122.53905501469427,-0.2669618330036784,0.02184903369092958
gcd,finish,tns_ns,CORE_UTILIZATION,floorplan,1,strong,270,34,185,132.26171359516775,0.4309959244714216,0.2790320815102379
gcd,finish,tns_ns,CORNERS,synth,1,non_numeric,0,0,0,,,
gcd,finish,tns_ns,CTS_CLUSTER_DIAMETER,cts,1,weak,196,128,164,105.54072682038978,-0.1146184581545862,-0.17502317649142868
gcd,finish,tns_ns,CTS_CLUSTER_SIZE,cts,1,moderate,196,40,164,105.54072682038978,0.27354608307710176,0.2464486351225119
gcd,finish,tns_ns,DETAILED_ROUTE_END_ITERATION,route,1,insensitive,196,93,164,105.54072682038978,-0.05449080881852581,-0.017797438604962437
gcd,finish,tns_ns,DONT_BUFFER_PORTS,floorplan,1,param_flat,233,2,169,122.97785338211176,,
gcd,finish,tns_ns,ENABLE_DPO,place,1,param_flat,196,2,164,105.54072682038978,,
gcd,finish,tns_ns,FASTROUTE_TCL,floorplan,1,non_numeric,0,0,0,,,
gcd,finish,tns_ns,GLOBAL_ROUTE_ARGS,route,1,non_numeric,0,0,0,,,
gcd,finish,tns_ns,GPL_ROUTABILITY_DRIVEN,place,1,param_flat,196,2,164,105.54072682038978,,
gcd,finish,tns_ns,GPL_TIMING_DRIVEN,place,1,param_flat,196,2,164,105.54072682038978,,
gcd,finish,tns_ns,HOLD_SLACK_MARGIN,floorplan,1,strong,230,110,169,121.65669044637755,-0.5571722184677371,-0.4170818187279558
gcd,finish,tns_ns,IO_PLACER_H,floorplan,1,param_flat,0,0,0,,,
gcd,finish,tns_ns,IO_PLACER_V,floorplan,1,param_flat,0,0,0,,,
gcd,finish,tns_ns,MATCH_CELL_FOOTPRINT,route,1,param_flat,196,2,164,105.54072682038978,,
gcd,finish,tns_ns,MAX_REPAIR_TIMING_ITER,place,1,insensitive,31,25,19,170.98476174207335,0.06787267674042015,0.18659095832988115
gcd,finish,tns_ns,MAX_ROUTING_LAYER,route,1,param_flat,0,0,0,,,
gcd,finish,tns_ns,MIN_ROUTING_LAYER,route,1,param_flat,0,0,0,,,
gcd,finish,tns_ns,OPENROAD_HIERARCHICAL,synth,1,param_flat,270,2,185,132.26171359516775,,
gcd,finish,tns_ns,PLACE_DENSITY,floorplan,1,moderate,231,123,170,121.99557105780352,0.2713583890945816,0.227970187775721
gcd,finish,tns_ns,PLACE_DENSITY_LB_ADDON,floorplan,1,insensitive,196,112,164,105.54072682038978,0.05668836625159121,0.052068243504064624
gcd,finish,tns_ns,PLACE_PINS_ARGS,place,1,non_numeric,0,0,0,,,
gcd,finish,tns_ns,REMOVE_ABC_BUFFERS,floorplan,1,param_flat,230,2,169,121.65669044637755,,
gcd,finish,tns_ns,ROUTING_LAYER_ADJUSTMENT,floorplan,1,moderate,232,70,169,122.53905501469427,-0.2365424996893106,-0.1160361510036683
gcd,finish,tns_ns,SETUP_SLACK_MARGIN,floorplan,1,strong,230,111,169,121.65669044637755,-0.3092088041924438,-0.08945011577403687
gcd,finish,tns_ns,SKIP_GATE_CLONING,place,1,param_flat,31,2,19,170.98476174207335,,
gcd,finish,tns_ns,SKIP_PIN_SWAP,place,1,param_flat,31,2,19,170.98476174207335,,
gcd,finish,tns_ns,SKIP_VT_SWAP,place,1,param_flat,31,2,19,170.98476174207335,,
gcd,finish,tns_ns,SWAP_ARITH_OPERATORS,synth,1,param_flat,270,1,185,132.26171359516775,,
gcd,finish,tns_ns,SYNTH_HIERARCHICAL,synth,1,param_flat,220,2,168,117.14518575207818,,
gcd,finish,tns_ns,TNS_END_PERCENT,floorplan,1,strong,270,81,185,132.26171359516775,0.4145713432422714,0.3241919828832463
gcd,finish,fmax_mhz,ABC_AREA,synth,1,param_flat,220,2,197,50.525961455381164,,
gcd,finish,fmax_mhz,CELL_PAD_IN_SITES_DETAIL_PLACEMENT,floorplan,1,strong,196,5,175,54.17769037329933,-0.31396096588764005,-0.12884196745667909
gcd,finish,fmax_mhz,CELL_PAD_IN_SITES_GLOBAL_PLACEMENT,floorplan,1,strong,196,5,175,54.17769037329933,-0.33427402110197685,-0.25684988303760403
gcd,finish,fmax_mhz,CLUSTER_FLOPS,route,1,param_flat,196,2,175,54.17769037329933,,
gcd,finish,fmax_mhz,CORE_ASPECT_RATIO,floorplan,1,weak,233,95,209,48.840603384901456,0.125857400535697,0.0291254890295489
gcd,finish,fmax_mhz,CORE_MARGIN,floorplan,1,insensitive,232,21,208,48.968032882237424,-0.015679951816669972,0.025809313917364893
gcd,finish,fmax_mhz,CORE_UTILIZATION,floorplan,1,moderate,270,34,227,46.01144414943425,0.20169470333282993,0.25260299870108993
gcd,finish,fmax_mhz,CORNERS,synth,1,non_numeric,0,0,0,,,
gcd,finish,fmax_mhz,CTS_CLUSTER_DIAMETER,cts,1,moderate,196,128,175,54.17769037329933,-0.18315467045426606,-0.16666094052474048
gcd,finish,fmax_mhz,CTS_CLUSTER_SIZE,cts,1,moderate,196,40,175,54.17769037329933,0.2524526591313673,0.21150474621722698
gcd,finish,fmax_mhz,DETAILED_ROUTE_END_ITERATION,route,1,weak,196,93,175,54.17769037329933,0.10062213978190983,0.043621487458257405
gcd,finish,fmax_mhz,DONT_BUFFER_PORTS,floorplan,1,param_flat,233,2,209,48.845935422738904,,
gcd,finish,fmax_mhz,ENABLE_DPO,place,1,param_flat,196,2,175,54.17769037329933,,
gcd,finish,fmax_mhz,FASTROUTE_TCL,floorplan,1,non_numeric,0,0,0,,,
gcd,finish,fmax_mhz,GLOBAL_ROUTE_ARGS,route,1,non_numeric,0,0,0,,,
gcd,finish,fmax_mhz,GPL_ROUTABILITY_DRIVEN,place,1,param_flat,196,2,175,54.17769037329933,,
gcd,finish,fmax_mhz,GPL_TIMING_DRIVEN,place,1,param_flat,196,2,175,54.17769037329933,,
gcd,finish,fmax_mhz,HOLD_SLACK_MARGIN,floorplan,1,strong,230,110,206,49.217941021492,-0.31322874554035024,-0.3646627148197992
gcd,finish,fmax_mhz,IO_PLACER_H,floorplan,1,param_flat,0,0,0,,,
gcd,finish,fmax_mhz,IO_PLACER_V,floorplan,1,param_flat,0,0,0,,,
gcd,finish,fmax_mhz,MATCH_CELL_FOOTPRINT,route,1,param_flat,196,2,175,54.17769037329933,,
gcd,finish,fmax_mhz,MAX_REPAIR_TIMING_ITER,place,1,insensitive,31,25,31,41.55734857392383,0.008878130413867003,0.13858098187786058
gcd,finish,fmax_mhz,MAX_ROUTING_LAYER,route,1,param_flat,0,0,0,,,
gcd,finish,fmax_mhz,MIN_ROUTING_LAYER,route,1,param_flat,0,0,0,,,
gcd,finish,fmax_mhz,OPENROAD_HIERARCHICAL,synth,1,param_flat,270,2,227,46.01144414943425,,
gcd,finish,fmax_mhz,PLACE_DENSITY,floorplan,1,weak,231,123,207,49.09083047782904,0.10663079298237796,0.1687637568026891
gcd,finish,fmax_mhz,PLACE_DENSITY_LB_ADDON,floorplan,1,weak,196,112,175,54.17769037329933,-0.10309700453664665,0.027829028632522918
gcd,finish,fmax_mhz,PLACE_PINS_ARGS,place,1,non_numeric,0,0,0,,,
gcd,finish,fmax_mhz,REMOVE_ABC_BUFFERS,floorplan,1,param_flat,230,2,206,49.217941021492,,
gcd,finish,fmax_mhz,ROUTING_LAYER_ADJUSTMENT,floorplan,1,weak,232,70,208,48.96888938623684,-0.086684836577644,-0.09850389284242408
gcd,finish,fmax_mhz,SETUP_SLACK_MARGIN,floorplan,1,insensitive,230,111,206,49.217941021492,-0.05232172930833927,-0.05368283629168932
gcd,finish,fmax_mhz,SKIP_GATE_CLONING,place,1,param_flat,31,2,31,41.55734857392383,,
gcd,finish,fmax_mhz,SKIP_PIN_SWAP,place,1,param_flat,31,2,31,41.55734857392383,,
gcd,finish,fmax_mhz,SKIP_VT_SWAP,place,1,param_flat,31,2,31,41.55734857392383,,
gcd,finish,fmax_mhz,SWAP_ARITH_OPERATORS,synth,1,param_flat,270,1,227,46.01144414943425,,
gcd,finish,fmax_mhz,SYNTH_HIERARCHICAL,synth,1,param_flat,220,2,197,50.525961455381164,,
gcd,finish,fmax_mhz,TNS_END_PERCENT,floorplan,1,moderate,270,81,227,46.01144414943425,0.23835613245240173,0.3018651900550468
gcd,finish,power_total_w,ABC_AREA,synth,1,param_flat,220,2,173,77.75057575566501,,
gcd,finish,power_total_w,CELL_PAD_IN_SITES_DETAIL_PLACEMENT,floorplan,1,insensitive,196,5,157,72.80797073439797,-0.048949456287679265,-0.13315455929733644
gcd,finish,power_total_w,CELL_PAD_IN_SITES_GLOBAL_PLACEMENT,floorplan,1,moderate,196,5,157,72.80797073439797,-0.23302819361369295,-0.28065623317119687
gcd,finish,power_total_w,CLUSTER_FLOPS,route,1,param_flat,196,2,157,72.80797073439797,,
gcd,finish,power_total_w,CORE_ASPECT_RATIO,floorplan,1,strong,233,95,175,81.17146776942992,0.35452427281236354,0.3235682484081987
gcd,finish,power_total_w,CORE_MARGIN,floorplan,1,strong,232,21,175,81.08778793842313,0.5580464197939892,0.3913414022262845
gcd,finish,power_total_w,CORE_UTILIZATION,floorplan,1,strong,270,34,184,82.59853774986577,-0.530681463737959,-0.334550145365082
gcd,finish,power_total_w,CORNERS,synth,1,non_numeric,0,0,0,,,
gcd,finish,power_total_w,CTS_CLUSTER_DIAMETER,cts,1,weak,196,128,157,72.80797073439797,-0.11482062964311511,-0.1056400945445653
gcd,finish,power_total_w,CTS_CLUSTER_SIZE,cts,1,moderate,196,40,157,72.80797073439797,0.19310646859404226,0.08727477815085648
gcd,finish,power_total_w,DETAILED_ROUTE_END_ITERATION,route,1,weak,196,93,157,72.80797073439797,0.0973421711498442,0.15618722439314778
gcd,finish,power_total_w,DONT_BUFFER_PORTS,floorplan,1,param_flat,233,2,176,81.32816019249245,,
gcd,finish,power_total_w,ENABLE_DPO,place,1,param_flat,196,2,157,72.80797073439797,,
gcd,finish,power_total_w,FASTROUTE_TCL,floorplan,1,non_numeric,0,0,0,,,
gcd,finish,power_total_w,GLOBAL_ROUTE_ARGS,route,1,non_numeric,0,0,0,,,
gcd,finish,power_total_w,GPL_ROUTABILITY_DRIVEN,place,1,param_flat,196,2,157,72.80797073439797,,
gcd,finish,power_total_w,GPL_TIMING_DRIVEN,place,1,param_flat,196,2,157,72.80797073439797,,
gcd,finish,power_total_w,HOLD_SLACK_MARGIN,floorplan,1,moderate,230,110,174,80.59148788973451,0.290674893037263,0.09266365157711876
gcd,finish,power_total_w,IO_PLACER_H,floorplan,1,param_flat,0,0,0,,,
gcd,finish,power_total_w,IO_PLACER_V,floorplan,1,param_flat,0,0,0,,,
gcd,finish,power_total_w,MATCH_CELL_FOOTPRINT,route,1,param_flat,196,2,157,72.80797073439797,,
gcd,finish,power_total_w,MAX_REPAIR_TIMING_ITER,place,1,insensitive,31,25,31,56.64192044333844,-0.07384990298807553,0.008484780153322338
gcd,finish,power_total_w,MAX_ROUTING_LAYER,route,1,param_flat,0,0,0,,,
gcd,finish,power_total_w,MIN_ROUTING_LAYER,route,1,param_flat,0,0,0,,,
gcd,finish,power_total_w,OPENROAD_HIERARCHICAL,synth,1,param_flat,270,2,184,82.59853774986577,,
gcd,finish,power_total_w,PLACE_DENSITY,floorplan,1,weak,231,123,174,80.21992765266933,-0.12181760856894812,-0.11736814892368354
gcd,finish,power_total_w,PLACE_DENSITY_LB_ADDON,floorplan,1,weak,196,112,157,72.80797073439797,-0.09258251788644589,-0.08171989175787955
gcd,finish,power_total_w,PLACE_PINS_ARGS,place,1,non_numeric,0,0,0,,,
gcd,finish,power_total_w,REMOVE_ABC_BUFFERS,floorplan,1,param_flat,230,2,174,80.59148788973451,,
gcd,finish,power_total_w,ROUTING_LAYER_ADJUSTMENT,floorplan,1,strong,232,70,175,81.08177893240027,0.31405021527345583,0.23477035912761113
gcd,finish,power_total_w,SETUP_SLACK_MARGIN,floorplan,1,strong,230,111,174,80.59148788973451,0.37046035024331375,0.24787275538590536
gcd,finish,power_total_w,SKIP_GATE_CLONING,place,1,param_flat,31,2,31,56.64192044333844,,
gcd,finish,power_total_w,SKIP_PIN_SWAP,place,1,param_flat,31,2,31,56.64192044333844,,
gcd,finish,power_total_w,SKIP_VT_SWAP,place,1,param_flat,31,2,31,56.64192044333844,,
gcd,finish,power_total_w,SWAP_ARITH_OPERATORS,synth,1,param_flat,270,1,184,82.59853774986577,,
gcd,finish,power_total_w,SYNTH_HIERARCHICAL,synth,1,param_flat,220,2,173,77.75057575566501,,
gcd,finish,power_total_w,TNS_END_PERCENT,floorplan,1,strong,270,81,184,82.59853774986577,-0.32675834658461295,-0.12396483888252036
gcd,finish,utilization_pct,ABC_AREA,synth,1,param_flat,220,2,57,24.769633003507042,,
gcd,finish,utilization_pct,CELL_PAD_IN_SITES_DETAIL_PLACEMENT,floorplan,1,strong,196,5,56,24.881109231330367,-0.5206734540743045,-0.5249968743216644
gcd,finish,utilization_pct,CELL_PAD_IN_SITES_GLOBAL_PLACEMENT,floorplan,1,moderate,196,5,56,24.881109231330367,-0.2822051018271002,-0.2983662403326899
gcd,finish,utilization_pct,CLUSTER_FLOPS,route,1,param_flat,196,2,56,24.881109231330367,,
gcd,finish,utilization_pct,CORE_ASPECT_RATIO,floorplan,1,moderate,233,95,60,24.834582988639973,-0.22106156095984797,-0.24739316649878515
gcd,finish,utilization_pct,CORE_MARGIN,floorplan,1,strong,232,21,60,24.81166645249321,-0.31436197461594284,-0.31089832816651874
gcd,finish,utilization_pct,CORE_UTILIZATION,floorplan,1,strong,270,34,62,25.108549490502753,0.7949371877407427,0.7420814177793755
gcd,finish,utilization_pct,CORNERS,synth,1,non_numeric,0,0,0,,,
gcd,finish,utilization_pct,CTS_CLUSTER_DIAMETER,cts,1,insensitive,196,128,56,24.881109231330367,0.07210920821088185,0.09050591781461642
gcd,finish,utilization_pct,CTS_CLUSTER_SIZE,cts,1,moderate,196,40,56,24.881109231330367,-0.2282326591298531,-0.20942433579119643
gcd,finish,utilization_pct,DETAILED_ROUTE_END_ITERATION,route,1,weak,196,93,56,24.881109231330367,0.13356522624587291,0.13655773606878974
gcd,finish,utilization_pct,DONT_BUFFER_PORTS,floorplan,1,param_flat,233,2,60,24.772182885097322,,
gcd,finish,utilization_pct,ENABLE_DPO,place,1,param_flat,196,2,56,24.881109231330367,,
gcd,finish,utilization_pct,FASTROUTE_TCL,floorplan,1,non_numeric,0,0,0,,,
gcd,finish,utilization_pct,GLOBAL_ROUTE_ARGS,route,1,non_numeric,0,0,0,,,
gcd,finish,utilization_pct,GPL_ROUTABILITY_DRIVEN,place,1,param_flat,196,2,56,24.881109231330367,,
gcd,finish,utilization_pct,GPL_TIMING_DRIVEN,place,1,param_flat,196,2,56,24.881109231330367,,
gcd,finish,utilization_pct,HOLD_SLACK_MARGIN,floorplan,1,insensitive,230,110,60,24.92125460847672,-0.035271946615905776,-0.04078758701424672
gcd,finish,utilization_pct,IO_PLACER_H,floorplan,1,param_flat,0,0,0,,,
gcd,finish,utilization_pct,IO_PLACER_V,floorplan,1,param_flat,0,0,0,,,
gcd,finish,utilization_pct,MATCH_CELL_FOOTPRINT,route,1,param_flat,196,2,56,24.881109231330367,,
gcd,finish,utilization_pct,MAX_REPAIR_TIMING_ITER,place,1,weak,31,25,22,27.717584000232005,-0.08376277734208167,-0.12936179475401274
gcd,finish,utilization_pct,MAX_ROUTING_LAYER,route,1,param_flat,0,0,0,,,
gcd,finish,utilization_pct,MIN_ROUTING_LAYER,route,1,param_flat,0,0,0,,,
gcd,finish,utilization_pct,OPENROAD_HIERARCHICAL,synth,1,param_flat,270,2,62,25.108549490502753,,
gcd,finish,utilization_pct,PLACE_DENSITY,floorplan,1,weak,231,123,59,24.798040384024915,0.08152023671924727,0.07085250097043101
gcd,finish,utilization_pct,PLACE_DENSITY_LB_ADDON,floorplan,1,weak,196,112,56,24.881109231330367,-0.1289186507464067,-0.15444947453791727
gcd,finish,utilization_pct,PLACE_PINS_ARGS,place,1,non_numeric,0,0,0,,,
gcd,finish,utilization_pct,REMOVE_ABC_BUFFERS,floorplan,1,param_flat,230,2,60,24.92125460847672,,
gcd,finish,utilization_pct,ROUTING_LAYER_ADJUSTMENT,floorplan,1,weak,232,70,60,24.82898725972457,-0.091727144858696,-0.10048819168469152
gcd,finish,utilization_pct,SETUP_SLACK_MARGIN,floorplan,1,moderate,230,111,60,24.92125460847672,-0.15106255621850148,-0.13274380085792864
gcd,finish,utilization_pct,SKIP_GATE_CLONING,place,1,param_flat,31,2,22,27.717584000232005,,
gcd,finish,utilization_pct,SKIP_PIN_SWAP,place,1,param_flat,31,2,22,27.717584000232005,,
gcd,finish,utilization_pct,SKIP_VT_SWAP,place,1,param_flat,31,2,22,27.717584000232005,,
gcd,finish,utilization_pct,SWAP_ARITH_OPERATORS,synth,1,param_flat,270,1,62,25.108549490502753,,
gcd,finish,utilization_pct,SYNTH_HIERARCHICAL,synth,1,param_flat,220,2,57,24.769633003507042,,
gcd,finish,utilization_pct,TNS_END_PERCENT,floorplan,1,strong,270,81,62,25.108549490502753,0.4450762518514642,0.38991723979436954
gcd,finish,drc_violations,ABC_AREA,synth,1,param_flat,271,2,65,457.2549011157462,,
gcd,finish,drc_violations,CELL_PAD_IN_SITES_DETAIL_PLACEMENT,floorplan,1,insensitive,239,5,60,428.37928033092953,-0.07134993400443825,0.00511025832129883
gcd,finish,drc_violations,CELL_PAD_IN_SITES_GLOBAL_PLACEMENT,floorplan,1,insensitive,239,5,60,428.37928033092953,0.06745536190753083,0.03763587350626439
gcd,finish,drc_violations,CLUSTER_FLOPS,route,1,param_flat,239,2,60,428.37928033092953,,
gcd,finish,drc_violations,CORE_ASPECT_RATIO,floorplan,1,insensitive,288,117,66,471.8562414791066,-0.018374156217512184,0.04323275883065036
gcd,finish,drc_violations,CORE_MARGIN,floorplan,1,insensitive,286,21,66,470.1956595589154,-0.008446976254026078,0.14875996580413228
gcd,finish,drc_violations,CORE_UTILIZATION,floorplan,1,insensitive,335,35,72,509.0819358287245,0.022103226306183915,-0.05653839636587298
gcd,finish,drc_violations,CORNERS,synth,1,non_numeric,0,0,0,,,
gcd,finish,drc_violations,CTS_CLUSTER_DIAMETER,cts,1,insensitive,239,156,60,428.37928033092953,-0.03601268467114028,-0.015977671889641918
gcd,finish,drc_violations,CTS_CLUSTER_SIZE,cts,1,weak,239,41,60,428.37928033092953,0.12828004496776055,0.05246671852391985
gcd,finish,drc_violations,DETAILED_ROUTE_END_ITERATION,route,1,insensitive,239,108,60,428.37928033092953,-0.031412287839182367,0.05691839047733433
gcd,finish,drc_violations,DONT_BUFFER_PORTS,floorplan,1,param_flat,287,2,66,471.0513284885618,,
gcd,finish,drc_violations,ENABLE_DPO,place,1,param_flat,239,2,60,428.37928033092953,,
gcd,finish,drc_violations,FASTROUTE_TCL,floorplan,1,non_numeric,0,0,0,,,
gcd,finish,drc_violations,GLOBAL_ROUTE_ARGS,route,1,non_numeric,0,0,0,,,
gcd,finish,drc_violations,GPL_ROUTABILITY_DRIVEN,place,1,param_flat,239,2,60,428.37928033092953,,
gcd,finish,drc_violations,GPL_TIMING_DRIVEN,place,1,param_flat,239,2,60,428.37928033092953,,
gcd,finish,drc_violations,HOLD_SLACK_MARGIN,floorplan,1,insensitive,284,135,66,468.4889463240009,-0.056612378559930385,0.1275837725589357
gcd,finish,drc_violations,IO_PLACER_H,floorplan,1,param_flat,0,0,0,,,
gcd,finish,drc_violations,IO_PLACER_V,floorplan,1,param_flat,0,0,0,,,
gcd,finish,drc_violations,MATCH_CELL_FOOTPRINT,route,1,param_flat,239,2,60,428.37928033092953,,
gcd,finish,drc_violations,MAX_REPAIR_TIMING_ITER,place,1,moderate,39,26,15,246.2441702430295,-0.19057164913795852,-0.03150718548323001
gcd,finish,drc_violations,MAX_ROUTING_LAYER,route,1,param_flat,0,0,0,,,
gcd,finish,drc_violations,MIN_ROUTING_LAYER,route,1,param_flat,0,0,0,,,
gcd,finish,drc_violations,OPENROAD_HIERARCHICAL,synth,1,param_flat,335,2,72,509.0819358287245,,
gcd,finish,drc_violations,PLACE_DENSITY,floorplan,1,insensitive,286,153,67,470.1209588594223,0.0028071587525452337,0.02279921685225644
gcd,finish,drc_violations,PLACE_DENSITY_LB_ADDON,floorplan,1,insensitive,239,131,60,428.37928033092953,-0.006589660486048521,0.027531806993903563
gcd,finish,drc_violations,PLACE_PINS_ARGS,place,1,non_numeric,0,0,0,,,
gcd,finish,drc_violations,REMOVE_ABC_BUFFERS,floorplan,1,param_flat,284,2,66,468.4889463240009,,
gcd,finish,drc_violations,ROUTING_LAYER_ADJUSTMENT,floorplan,1,insensitive,286,80,66,470.1956595589154,0.007907005150183862,0.08213969491117987
gcd,finish,drc_violations,SETUP_SLACK_MARGIN,floorplan,1,weak,284,134,66,468.4889463240009,-0.08188479663923576,0.05340395976884379
gcd,finish,drc_violations,SKIP_GATE_CLONING,place,1,param_flat,39,2,15,246.2441702430295,,
gcd,finish,drc_violations,SKIP_PIN_SWAP,place,1,param_flat,39,2,15,246.2441702430295,,
gcd,finish,drc_violations,SKIP_VT_SWAP,place,1,param_flat,39,2,15,246.2441702430295,,
gcd,finish,drc_violations,SWAP_ARITH_OPERATORS,synth,1,param_flat,335,1,72,509.0819358287245,,
gcd,finish,drc_violations,SYNTH_HIERARCHICAL,synth,1,param_flat,271,2,65,457.2549011157462,,
gcd,finish,drc_violations,TNS_END_PERCENT,floorplan,1,insensitive,335,88,72,509.0819358287245,-0.02697111885436963,-0.030374426038812574
jpeg,synth,cell_count,ABC_AREA,synth,1,param_flat,375,2,4,56.99239227695172,,
jpeg,synth,cell_count,CELL_PAD_IN_SITES_DETAIL_PLACEMENT,floorplan,0,wrong_stage,375,5,4,56.99239227695172,0.008604965534472004,-0.03452605793075521
jpeg,synth,cell_count,CELL_PAD_IN_SITES_GLOBAL_PLACEMENT,floorplan,0,wrong_stage,375,5,4,56.99239227695172,0.011863001200840521,-0.008419762296799598
jpeg,synth,cell_count,CLUSTER_FLOPS,route,0,wrong_stage,375,2,4,56.99239227695172,,
jpeg,synth,cell_count,CORE_ASPECT_RATIO,floorplan,0,wrong_stage,377,73,4,56.82054769397422,-0.00935839096433335,0.0023111547899624238
jpeg,synth,cell_count,CORE_MARGIN,floorplan,0,wrong_stage,377,20,4,56.82054769397422,0.1595271995973187,0.08845399204220042
jpeg,synth,cell_count,CORE_UTILIZATION,floorplan,0,wrong_stage,377,50,4,56.82054769397422,0.02208341367127437,0.05826099651447837
jpeg,synth,cell_count,CTS_CLUSTER_DIAMETER,cts,0,wrong_stage,375,128,4,56.99239227695172,0.06462998862083112,0.04262236661539004
jpeg,synth,cell_count,CTS_CLUSTER_SIZE,cts,0,wrong_stage,375,41,4,56.99239227695172,-0.0679859021122645,-0.07943662678869656
jpeg,synth,cell_count,DETAILED_ROUTE_END_ITERATION,route,0,wrong_stage,375,106,4,56.99239227695172,-0.1057204310567766,-0.08986407485608565
jpeg,synth,cell_count,DONT_BUFFER_PORTS,floorplan,0,wrong_stage,375,2,4,56.99239227695172,,
jpeg,synth,cell_count,ENABLE_DPO,place,0,wrong_stage,375,2,4,56.99239227695172,,
jpeg,synth,cell_count,FASTROUTE_TCL,floorplan,0,wrong_stage,0,0,0,,,
jpeg,synth,cell_count,GLOBAL_ROUTE_ARGS,route,0,wrong_stage,0,0,0,,,
jpeg,synth,cell_count,GPL_ROUTABILITY_DRIVEN,place,0,wrong_stage,375,2,4,56.99239227695172,,
jpeg,synth,cell_count,GPL_TIMING_DRIVEN,place,0,wrong_stage,375,2,4,56.99239227695172,,
jpeg,synth,cell_count,HOLD_SLACK_MARGIN,floorplan,0,wrong_stage,375,103,4,56.99239227695172,0.04921396675453482,0.04344126373545975
jpeg,synth,cell_count,IO_PLACER_H,floorplan,0,wrong_stage,0,0,0,,,
jpeg,synth,cell_count,IO_PLACER_V,floorplan,0,wrong_stage,0,0,0,,,
jpeg,synth,cell_count,MATCH_CELL_FOOTPRINT,route,0,wrong_stage,375,2,4,56.99239227695172,,
jpeg,synth,cell_count,MAX_ROUTING_LAYER,route,0,wrong_stage,0,0,0,,,
jpeg,synth,cell_count,MIN_ROUTING_LAYER,route,0,wrong_stage,0,0,0,,,
jpeg,synth,cell_count,OPENROAD_HIERARCHICAL,synth,1,param_flat,377,2,4,56.82054769397422,,
jpeg,synth,cell_count,PLACE_DENSITY,floorplan,0,wrong_stage,375,106,4,56.99239227695172,-0.12089908091413475,-0.07937273596276478
jpeg,synth,cell_count,PLACE_DENSITY_LB_ADDON,floorplan,0,wrong_stage,377,109,4,56.82054769397422,-0.05145037663129755,-0.004526647172184928
jpeg,synth,cell_count,PLACE_PINS_ARGS,place,0,wrong_stage,0,0,0,,,
jpeg,synth,cell_count,REMOVE_ABC_BUFFERS,floorplan,0,wrong_stage,377,2,4,56.82054769397422,,
jpeg,synth,cell_count,ROUTING_LAYER_ADJUSTMENT,floorplan,0,wrong_stage,375,70,4,56.99239227695172,0.18832456958231167,0.09724873453771406
jpeg,synth,cell_count,SETUP_SLACK_MARGIN,floorplan,0,wrong_stage,375,102,4,56.99239227695172,0.09930962701496873,0.10103720022817828
jpeg,synth,cell_count,SYNTH_HIERARCHICAL,synth,1,param_flat,375,2,4,56.99239227695172,,
jpeg,synth,cell_count,TNS_END_PERCENT,floorplan,0,wrong_stage,377,88,4,56.82054769397422,-0.003068172670583616,-0.04264438519781201
jpeg,synth,chip_area_um2,ABC_AREA,synth,1,param_flat,375,2,4,55.209463944352045,,
jpeg,synth,chip_area_um2,CELL_PAD_IN_SITES_DETAIL_PLACEMENT,floorplan,0,wrong_stage,375,5,4,55.209463944352045,0.008604965534472004,-0.05160396464783803
jpeg,synth,chip_area_um2,CELL_PAD_IN_SITES_GLOBAL_PLACEMENT,floorplan,0,wrong_stage,375,5,4,55.209463944352045,0.011863001200840521,-0.02264843901255908
jpeg,synth,chip_area_um2,CLUSTER_FLOPS,route,0,wrong_stage,375,2,4,55.209463944352045,,
jpeg,synth,chip_area_um2,CORE_ASPECT_RATIO,floorplan,0,wrong_stage,377,73,4,55.0185484518185,-0.00935839096433335,8.001209432851327e-05
jpeg,synth,chip_area_um2,CORE_MARGIN,floorplan,0,wrong_stage,377,20,4,55.0185484518185,0.1595271995973187,0.056893926604744606
jpeg,synth,chip_area_um2,CORE_UTILIZATION,floorplan,0,wrong_stage,377,50,4,55.0185484518185,0.02208341367127437,0.06504120692975819
jpeg,synth,chip_area_um2,CTS_CLUSTER_DIAMETER,cts,0,wrong_stage,375,128,4,55.209463944352045,0.06462998862083112,0.030858969562673495
jpeg,synth,chip_area_um2,CTS_CLUSTER_SIZE,cts,0,wrong_stage,375,41,4,55.209463944352045,-0.0679859021122645,-0.08307604784614923
jpeg,synth,chip_area_um2,DETAILED_ROUTE_END_ITERATION,route,0,wrong_stage,375,106,4,55.209463944352045,-0.1057204310567766,-0.07890571616749376
jpeg,synth,chip_area_um2,DONT_BUFFER_PORTS,floorplan,0,wrong_stage,375,2,4,55.209463944352045,,
jpeg,synth,chip_area_um2,ENABLE_DPO,place,0,wrong_stage,375,2,4,55.209463944352045,,
jpeg,synth,chip_area_um2,FASTROUTE_TCL,floorplan,0,wrong_stage,0,0,0,,,
jpeg,synth,chip_area_um2,GLOBAL_ROUTE_ARGS,route,0,wrong_stage,0,0,0,,,
jpeg,synth,chip_area_um2,GPL_ROUTABILITY_DRIVEN,place,0,wrong_stage,375,2,4,55.209463944352045,,
jpeg,synth,chip_area_um2,GPL_TIMING_DRIVEN,place,0,wrong_stage,375,2,4,55.209463944352045,,
jpeg,synth,chip_area_um2,HOLD_SLACK_MARGIN,floorplan,0,wrong_stage,375,103,4,55.209463944352045,0.04921396675453482,0.031177834109398058
jpeg,synth,chip_area_um2,IO_PLACER_H,floorplan,0,wrong_stage,0,0,0,,,
jpeg,synth,chip_area_um2,IO_PLACER_V,floorplan,0,wrong_stage,0,0,0,,,
jpeg,synth,chip_area_um2,MATCH_CELL_FOOTPRINT,route,0,wrong_stage,375,2,4,55.209463944352045,,
jpeg,synth,chip_area_um2,MAX_ROUTING_LAYER,route,0,wrong_stage,0,0,0,,,
jpeg,synth,chip_area_um2,MIN_ROUTING_LAYER,route,0,wrong_stage,0,0,0,,,
jpeg,synth,chip_area_um2,OPENROAD_HIERARCHICAL,synth,1,param_flat,377,2,4,55.0185484518185,,
jpeg,synth,chip_area_um2,PLACE_DENSITY,floorplan,0,wrong_stage,375,106,4,55.209463944352045,-0.12089908091413475,-0.0455866040219706
jpeg,synth,chip_area_um2,PLACE_DENSITY_LB_ADDON,floorplan,0,wrong_stage,377,109,4,55.0185484518185,-0.05145037663129755,-0.0031063349277841586
jpeg,synth,chip_area_um2,PLACE_PINS_ARGS,place,0,wrong_stage,0,0,0,,,
jpeg,synth,chip_area_um2,REMOVE_ABC_BUFFERS,floorplan,0,wrong_stage,377,2,4,55.0185484518185,,
jpeg,synth,chip_area_um2,ROUTING_LAYER_ADJUSTMENT,floorplan,0,wrong_stage,375,70,4,55.209463944352045,0.18832456958231167,0.05518526810696806
jpeg,synth,chip_area_um2,SETUP_SLACK_MARGIN,floorplan,0,wrong_stage,375,102,4,55.209463944352045,0.09930962701496873,0.08468496078400832
jpeg,synth,chip_area_um2,SYNTH_HIERARCHICAL,synth,1,param_flat,375,2,4,55.209463944352045,,
jpeg,synth,chip_area_um2,TNS_END_PERCENT,floorplan,0,wrong_stage,377,88,4,55.0185484518185,-0.003068172670583616,-0.04235029845327354
jpeg,synth,comb_area_um2,ABC_AREA,synth,1,param_flat,375,2,4,55.099411601738865,,
jpeg,synth,comb_area_um2,CELL_PAD_IN_SITES_DETAIL_PLACEMENT,floorplan,0,wrong_stage,375,5,4,55.099411601738865,0.008604965534472004,-0.05008956671571067
jpeg,synth,comb_area_um2,CELL_PAD_IN_SITES_GLOBAL_PLACEMENT,floorplan,0,wrong_stage,375,5,4,55.099411601738865,0.011863001200840521,-0.02135148177666601
jpeg,synth,comb_area_um2,CLUSTER_FLOPS,route,0,wrong_stage,375,2,4,55.099411601738865,,
jpeg,synth,comb_area_um2,CORE_ASPECT_RATIO,floorplan,0,wrong_stage,377,73,4,54.909727446276015,-0.00935839096433335,0.00028297425526800174
jpeg,synth,comb_area_um2,CORE_MARGIN,floorplan,0,wrong_stage,377,20,4,54.909727446276015,0.1595271995973187,0.059992980900236643
jpeg,synth,comb_area_um2,CORE_UTILIZATION,floorplan,0,wrong_stage,377,50,4,54.909727446276015,0.02208341367127437,0.0645328082769973
jpeg,synth,comb_area_um2,CTS_CLUSTER_DIAMETER,cts,0,wrong_stage,375,128,4,55.099411601738865,0.06462998862083112,0.0320457003188511
jpeg,synth,comb_area_um2,CTS_CLUSTER_SIZE,cts,0,wrong_stage,375,41,4,55.099411601738865,-0.0679859021122645,-0.0829174361440232
jpeg,synth,comb_area_um2,DETAILED_ROUTE_END_ITERATION,route,0,wrong_stage,375,106,4,55.099411601738865,-0.1057204310567766,-0.08011962387049404
jpeg,synth,comb_area_um2,DONT_BUFFER_PORTS,floorplan,0,wrong_stage,375,2,4,55.099411601738865,,
jpeg,synth,comb_area_um2,ENABLE_DPO,place,0,wrong_stage,375,2,4,55.099411601738865,,
jpeg,synth,comb_area_um2,FASTROUTE_TCL,floorplan,0,wrong_stage,0,0,0,,,
jpeg,synth,comb_area_um2,GLOBAL_ROUTE_ARGS,route,0,wrong_stage,0,0,0,,,
jpeg,synth,comb_area_um2,GPL_ROUTABILITY_DRIVEN,place,0,wrong_stage,375,2,4,55.099411601738865,,
jpeg,synth,comb_area_um2,GPL_TIMING_DRIVEN,place,0,wrong_stage,375,2,4,55.099411601738865,,
jpeg,synth,comb_area_um2,HOLD_SLACK_MARGIN,floorplan,0,wrong_stage,375,103,4,55.099411601738865,0.04921396675453482,0.032396326695251325
jpeg,synth,comb_area_um2,IO_PLACER_H,floorplan,0,wrong_stage,0,0,0,,,
jpeg,synth,comb_area_um2,IO_PLACER_V,floorplan,0,wrong_stage,0,0,0,,,
jpeg,synth,comb_area_um2,MATCH_CELL_FOOTPRINT,route,0,wrong_stage,375,2,4,55.099411601738865,,
jpeg,synth,comb_area_um2,MAX_ROUTING_LAYER,route,0,wrong_stage,0,0,0,,,
jpeg,synth,comb_area_um2,MIN_ROUTING_LAYER,route,0,wrong_stage,0,0,0,,,
jpeg,synth,comb_area_um2,OPENROAD_HIERARCHICAL,synth,1,param_flat,377,2,4,54.909727446276015,,
jpeg,synth,comb_area_um2,PLACE_DENSITY,floorplan,0,wrong_stage,375,106,4,55.099411601738865,-0.12089908091413475,-0.04887056782120728
jpeg,synth,comb_area_um2,PLACE_DENSITY_LB_ADDON,floorplan,0,wrong_stage,377,109,4,54.909727446276015,-0.05145037663129755,-0.003251522472533638
jpeg,synth,comb_area_um2,PLACE_PINS_ARGS,place,0,wrong_stage,0,0,0,,,
jpeg,synth,comb_area_um2,REMOVE_ABC_BUFFERS,floorplan,0,wrong_stage,377,2,4,54.909727446276015,,
jpeg,synth,comb_area_um2,ROUTING_LAYER_ADJUSTMENT,floorplan,0,wrong_stage,375,70,4,55.099411601738865,0.18832456958231167,0.059273100610762394
jpeg,synth,comb_area_um2,SETUP_SLACK_MARGIN,floorplan,0,wrong_stage,375,102,4,55.099411601738865,0.09930962701496873,0.08640960160398488
jpeg,synth,comb_area_um2,SYNTH_HIERARCHICAL,synth,1,param_flat,375,2,4,55.099411601738865,,
jpeg,synth,comb_area_um2,TNS_END_PERCENT,floorplan,0,wrong_stage,377,88,4,54.909727446276015,-0.003068172670583616,-0.04246192875928062
jpeg,synth,seq_area_um2,ABC_AREA,synth,1,param_flat,375,2,2,55.510807803393206,,
jpeg,synth,seq_area_um2,CELL_PAD_IN_SITES_DETAIL_PLACEMENT,floorplan,0,wrong_stage,375,5,2,55.510807803393206,-0.04774563846507799,-0.05461069127137994
jpeg,synth,seq_area_um2,CELL_PAD_IN_SITES_GLOBAL_PLACEMENT,floorplan,0,wrong_stage,375,5,2,55.510807803393206,-0.014726703756310923,-0.025252965985509704
jpeg,synth,seq_area_um2,CLUSTER_FLOPS,route,0,wrong_stage,375,2,2,55.510807803393206,,
jpeg,synth,seq_area_um2,CORE_ASPECT_RATIO,floorplan,0,wrong_stage,377,73,2,55.3179085016456,-0.02743715048877334,-0.0003324267571100913
jpeg,synth,seq_area_um2,CORE_MARGIN,floorplan,0,wrong_stage,377,20,2,55.3179085016456,0.06941206206304082,0.050519214765504424
jpeg,synth,seq_area_um2,CORE_UTILIZATION,floorplan,0,wrong_stage,377,50,2,55.3179085016456,0.06870888811999881,0.06598393222308947
jpeg,synth,seq_area_um2,CTS_CLUSTER_DIAMETER,cts,0,wrong_stage,375,128,2,55.510807803393206,0.03266166267354097,0.028405141801045534
jpeg,synth,seq_area_um2,CTS_CLUSTER_SIZE,cts,0,wrong_stage,375,41,2,55.510807803393206,-0.08632628978594692,-0.08328456885895891
jpeg,synth,seq_area_um2,DETAILED_ROUTE_END_ITERATION,route,0,wrong_stage,375,106,2,55.510807803393206,-0.07397048237551997,-0.07633084958050042
jpeg,synth,seq_area_um2,DONT_BUFFER_PORTS,floorplan,0,wrong_stage,375,2,2,55.510807803393206,,
jpeg,synth,seq_area_um2,ENABLE_DPO,place,0,wrong_stage,375,2,2,55.510807803393206,,
jpeg,synth,seq_area_um2,FASTROUTE_TCL,floorplan,0,wrong_stage,0,0,0,,,
jpeg,synth,seq_area_um2,GLOBAL_ROUTE_ARGS,route,0,wrong_stage,0,0,0,,,
jpeg,synth,seq_area_um2,GPL_ROUTABILITY_DRIVEN,place,0,wrong_stage,375,2,2,55.510807803393206,,
jpeg,synth,seq_area_um2,GPL_TIMING_DRIVEN,place,0,wrong_stage,375,2,2,55.510807803393206,,
jpeg,synth,seq_area_um2,HOLD_SLACK_MARGIN,floorplan,0,wrong_stage,375,103,2,55.510807803393206,0.021430886263402737,0.028659026290321743
jpeg,synth,seq_area_um2,IO_PLACER_H,floorplan,0,wrong_stage,0,0,0,,,
jpeg,synth,seq_area_um2,IO_PLACER_V,floorplan,0,wrong_stage,0,0,0,,,
jpeg,synth,seq_area_um2,MATCH_CELL_FOOTPRINT,route,0,wrong_stage,375,2,2,55.510807803393206,,
jpeg,synth,seq_area_um2,MAX_ROUTING_LAYER,route,0,wrong_stage,0,0,0,,,
jpeg,synth,seq_area_um2,MIN_ROUTING_LAYER,route,0,wrong_stage,0,0,0,,,
jpeg,synth,seq_area_um2,OPENROAD_HIERARCHICAL,synth,1,param_flat,377,2,2,55.3179085016456,,
jpeg,synth,seq_area_um2,PLACE_DENSITY,floorplan,0,wrong_stage,375,106,2,55.510807803393206,-0.04362590206497649,-0.03885081068290443
jpeg,synth,seq_area_um2,PLACE_DENSITY_LB_ADDON,floorplan,0,wrong_stage,377,109,2,55.3179085016456,-0.019826664886933024,-0.0028070752855145014
jpeg,synth,seq_area_um2,PLACE_PINS_ARGS,place,0,wrong_stage,0,0,0,,,
jpeg,synth,seq_area_um2,REMOVE_ABC_BUFFERS,floorplan,0,wrong_stage,377,2,2,55.3179085016456,,
jpeg,synth,seq_area_um2,ROUTING_LAYER_ADJUSTMENT,floorplan,0,wrong_stage,375,70,2,55.510807803393206,0.01756955207934217,0.046802783398123035
jpeg,synth,seq_area_um2,SETUP_SLACK_MARGIN,floorplan,0,wrong_stage,375,102,2,55.510807803393206,0.06372949840396548,0.0810643160387836
jpeg,synth,seq_area_um2,SYNTH_HIERARCHICAL,synth,1,param_flat,375,2,2,55.510807803393206,,
jpeg,synth,seq_area_um2,TNS_END_PERCENT,floorplan,0,wrong_stage,377,88,2,55.3179085016456,-0.025233179148065336,-0.0420648407832012
jpeg,synth,seq_area_pct,ABC_AREA,synth,1,param_flat,375,2,4,14.896082545030929,,
jpeg,synth,seq_area_pct,CELL_PAD_IN_SITES_DETAIL_PLACEMENT,floorplan,0,wrong_stage,375,5,4,14.896082545030929,-0.08485289437466312,-0.07374821375404997
jpeg,synth,seq_area_pct,CELL_PAD_IN_SITES_GLOBAL_PLACEMENT,floorplan,0,wrong_stage,375,5,4,14.896082545030929,-0.03538097469873531,-0.033677188389168486
jpeg,synth,seq_area_pct,CLUSTER_FLOPS,route,0,wrong_stage,375,2,4,14.896082545030929,,
jpeg,synth,seq_area_pct,CORE_ASPECT_RATIO,floorplan,0,wrong_stage,377,73,4,14.870117134997841,-0.03435042025086446,0.00597805499838811
jpeg,synth,seq_area_pct,CORE_MARGIN,floorplan,0,wrong_stage,377,20,4,14.870117134997841,-0.048950165804671195,0.036197033532032956
jpeg,synth,seq_area_pct,CORE_UTILIZATION,floorplan,0,wrong_stage,377,50,4,14.870117134997841,0.08737342736883329,0.07701056598580076
jpeg,synth,seq_area_pct,CTS_CLUSTER_DIAMETER,cts,0,wrong_stage,375,128,4,14.896082545030929,-0.012470582832258652,0.012379755622814098
jpeg,synth,seq_area_pct,CTS_CLUSTER_SIZE,cts,0,wrong_stage,375,41,4,14.896082545030929,-0.06987382732565967,-0.07639915708843001
jpeg,synth,seq_area_pct,DETAILED_ROUTE_END_ITERATION,route,0,wrong_stage,375,106,4,14.896082545030929,-0.012407554195080965,-0.05932893684040751
jpeg,synth,seq_area_pct,DONT_BUFFER_PORTS,floorplan,0,wrong_stage,375,2,4,14.896082545030929,,
jpeg,synth,seq_area_pct,ENABLE_DPO,place,0,wrong_stage,375,2,4,14.896082545030929,,
jpeg,synth,seq_area_pct,FASTROUTE_TCL,floorplan,0,wrong_stage,0,0,0,,,
jpeg,synth,seq_area_pct,GLOBAL_ROUTE_ARGS,route,0,wrong_stage,0,0,0,,,
jpeg,synth,seq_area_pct,GPL_ROUTABILITY_DRIVEN,place,0,wrong_stage,375,2,4,14.896082545030929,,
jpeg,synth,seq_area_pct,GPL_TIMING_DRIVEN,place,0,wrong_stage,375,2,4,14.896082545030929,,
jpeg,synth,seq_area_pct,HOLD_SLACK_MARGIN,floorplan,0,wrong_stage,375,103,4,14.896082545030929,-0.014989674372533434,0.027796073870006224
jpeg,synth,seq_area_pct,IO_PLACER_H,floorplan,0,wrong_stage,0,0,0,,,
jpeg,synth,seq_area_pct,IO_PLACER_V,floorplan,0,wrong_stage,0,0,0,,,
jpeg,synth,seq_area_pct,MATCH_CELL_FOOTPRINT,route,0,wrong_stage,375,2,4,14.896082545030929,,
jpeg,synth,seq_area_pct,MAX_ROUTING_LAYER,route,0,wrong_stage,0,0,0,,,
jpeg,synth,seq_area_pct,MIN_ROUTING_LAYER,route,0,wrong_stage,0,0,0,,,
jpeg,synth,seq_area_pct,OPENROAD_HIERARCHICAL,synth,1,param_flat,377,2,4,14.870117134997841,,
jpeg,synth,seq_area_pct,PLACE_DENSITY,floorplan,0,wrong_stage,375,106,4,14.896082545030929,0.05123021097803681,-0.024679132824040332
jpeg,synth,seq_area_pct,PLACE_DENSITY_LB_ADDON,floorplan,0,wrong_stage,377,109,4,14.870117134997841,0.019865465766572745,0.0021796882968047253
jpeg,synth,seq_area_pct,PLACE_PINS_ARGS,place,0,wrong_stage,0,0,0,,,
jpeg,synth,seq_area_pct,REMOVE_ABC_BUFFERS,floorplan,0,wrong_stage,377,2,4,14.870117134997841,,
jpeg,synth,seq_area_pct,ROUTING_LAYER_ADJUSTMENT,floorplan,0,wrong_stage,375,70,4,14.896082545030929,-0.16026667780902326,0.026629040451917562
jpeg,synth,seq_area_pct,SETUP_SLACK_MARGIN,floorplan,0,wrong_stage,375,102,4,14.896082545030929,0.002463904883254171,0.07170989437295669
jpeg,synth,seq_area_pct,SYNTH_HIERARCHICAL,synth,1,param_flat,375,2,4,14.896082545030929,,
jpeg,synth,seq_area_pct,TNS_END_PERCENT,floorplan,0,wrong_stage,377,88,4,14.870117134997841,-0.037129597290744554,-0.04855924513781966
jpeg,floorplan,wns_ns,ABC_AREA,synth,1,param_flat,375,2,15,102.17966949894988,,
jpeg,floorplan,wns_ns,CELL_PAD_IN_SITES_DETAIL_PLACEMENT,floorplan,1,insensitive,375,5,15,102.17966949894988,0.013074067772043068,0.04958481324815071
jpeg,floorplan,wns_ns,CELL_PAD_IN_SITES_GLOBAL_PLACEMENT,floorplan,1,insensitive,375,5,15,102.17966949894988,0.04132576363453612,0.03226177184869442
jpeg,floorplan,wns_ns,CLUSTER_FLOPS,route,0,wrong_stage,375,2,15,102.17966949894988,,
jpeg,floorplan,wns_ns,CORE_ASPECT_RATIO,floorplan,1,weak,377,73,15,101.63743752341861,0.10429742587921592,-0.002694454268139034
jpeg,floorplan,wns_ns,CORE_MARGIN,floorplan,1,moderate,377,20,15,101.63743752341861,0.19027672843303223,0.13458748746958865
jpeg,floorplan,wns_ns,CORE_UTILIZATION,floorplan,1,insensitive,377,50,15,101.63743752341861,-0.0325769879044104,-0.0017577552710501942
jpeg,floorplan,wns_ns,CTS_CLUSTER_DIAMETER,cts,0,wrong_stage,375,128,15,102.17966949894988,0.17769638430015447,0.15575224788110495
jpeg,floorplan,wns_ns,CTS_CLUSTER_SIZE,cts,0,wrong_stage,375,41,15,102.17966949894988,0.07922211392727299,0.05685323210625549
jpeg,floorplan,wns_ns,DETAILED_ROUTE_END_ITERATION,route,0,wrong_stage,375,106,15,102.17966949894988,-0.08681127598926083,-0.054837327464433025
jpeg,floorplan,wns_ns,DONT_BUFFER_PORTS,floorplan,1,param_flat,375,2,15,102.17966949894988,,
jpeg,floorplan,wns_ns,ENABLE_DPO,place,0,wrong_stage,375,2,15,102.17966949894988,,
jpeg,floorplan,wns_ns,FASTROUTE_TCL,floorplan,1,non_numeric,0,0,0,,,
jpeg,floorplan,wns_ns,GLOBAL_ROUTE_ARGS,route,0,wrong_stage,0,0,0,,,
jpeg,floorplan,wns_ns,GPL_ROUTABILITY_DRIVEN,place,0,wrong_stage,375,2,15,102.17966949894988,,
jpeg,floorplan,wns_ns,GPL_TIMING_DRIVEN,place,0,wrong_stage,375,2,15,102.17966949894988,,
jpeg,floorplan,wns_ns,HOLD_SLACK_MARGIN,floorplan,1,moderate,375,103,15,102.17966949894988,0.2259481894665132,0.23940528238510986
jpeg,floorplan,wns_ns,IO_PLACER_H,floorplan,1,param_flat,0,0,0,,,
jpeg,floorplan,wns_ns,IO_PLACER_V,floorplan,1,param_flat,0,0,0,,,
jpeg,floorplan,wns_ns,MATCH_CELL_FOOTPRINT,route,0,wrong_stage,375,2,15,102.17966949894988,,
jpeg,floorplan,wns_ns,MAX_ROUTING_LAYER,route,0,wrong_stage,0,0,0,,,
jpeg,floorplan,wns_ns,MIN_ROUTING_LAYER,route,0,wrong_stage,0,0,0,,,
jpeg,floorplan,wns_ns,OPENROAD_HIERARCHICAL,synth,1,param_flat,377,2,15,101.63743752341861,,
jpeg,floorplan,wns_ns,PLACE_DENSITY,floorplan,1,moderate,375,106,15,102.17966949894988,-0.1962089403789126,-0.14439512753291692
jpeg,floorplan,wns_ns,PLACE_DENSITY_LB_ADDON,floorplan,1,insensitive,377,109,15,101.63743752341861,-0.038951807837239706,-0.016528816280570718
jpeg,floorplan,wns_ns,PLACE_PINS_ARGS,place,0,wrong_stage,0,0,0,,,
jpeg,floorplan,wns_ns,REMOVE_ABC_BUFFERS,floorplan,1,param_flat,377,2,15,101.63743752341861,,
jpeg,floorplan,wns_ns,ROUTING_LAYER_ADJUSTMENT,floorplan,1,moderate,375,70,15,102.17966949894988,0.16521851580719263,0.10167151998379942
jpeg,floorplan,wns_ns,SETUP_SLACK_MARGIN,floorplan,1,moderate,375,102,15,102.17966949894988,0.22395753696846013,0.20414925662508285
jpeg,floorplan,wns_ns,SYNTH_HIERARCHICAL,synth,1,param_flat,375,2,15,102.17966949894988,,
jpeg,floorplan,wns_ns,TNS_END_PERCENT,floorplan,1,moderate,377,88,15,101.63743752341861,0.2513275312075436,0.19720282666403838
jpeg,floorplan,tns_ns,ABC_AREA,synth,1,param_flat,375,2,55,100.08886998454356,,
jpeg,floorplan,tns_ns,CELL_PAD_IN_SITES_DETAIL_PLACEMENT,floorplan,1,insensitive,375,5,55,100.08886998454356,0.03360286464110777,0.046557010309811346
jpeg,floorplan,tns_ns,CELL_PAD_IN_SITES_GLOBAL_PLACEMENT,floorplan,1,insensitive,375,5,55,100.08886998454356,0.07517985518462857,0.03638416958895704
jpeg,floorplan,tns_ns,CLUSTER_FLOPS,route,0,wrong_stage,375,2,55,100.08886998454356,,
jpeg,floorplan,tns_ns,CORE_ASPECT_RATIO,floorplan,1,insensitive,377,73,55,99.65137390985716,0.07382802636376452,0.006408121239583958
jpeg,floorplan,tns_ns,CORE_MARGIN,floorplan,1,moderate,377,20,55,99.65137390985716,0.15669210844474363,0.12868947868047945
jpeg,floorplan,tns_ns,CORE_UTILIZATION,floorplan,1,insensitive,377,50,55,99.65137390985716,-0.022479674240224297,0.004098136402265404
jpeg,floorplan,tns_ns,CTS_CLUSTER_DIAMETER,cts,0,wrong_stage,375,128,55,100.08886998454356,0.14975668257361097,0.14801289417256502
jpeg,floorplan,tns_ns,CTS_CLUSTER_SIZE,cts,0,wrong_stage,375,41,55,100.08886998454356,0.05940156699037888,0.050960717338091106
jpeg,floorplan,tns_ns,DETAILED_ROUTE_END_ITERATION,route,0,wrong_stage,375,106,55,100.08886998454356,-0.10462527390453494,-0.07324955983242941
jpeg,floorplan,tns_ns,DONT_BUFFER_PORTS,floorplan,1,param_flat,375,2,55,100.08886998454356,,
jpeg,floorplan,tns_ns,ENABLE_DPO,place,0,wrong_stage,375,2,55,100.08886998454356,,
jpeg,floorplan,tns_ns,FASTROUTE_TCL,floorplan,1,non_numeric,0,0,0,,,
jpeg,floorplan,tns_ns,GLOBAL_ROUTE_ARGS,route,0,wrong_stage,0,0,0,,,
jpeg,floorplan,tns_ns,GPL_ROUTABILITY_DRIVEN,place,0,wrong_stage,375,2,55,100.08886998454356,,
jpeg,floorplan,tns_ns,GPL_TIMING_DRIVEN,place,0,wrong_stage,375,2,55,100.08886998454356,,
jpeg,floorplan,tns_ns,HOLD_SLACK_MARGIN,floorplan,1,moderate,375,103,55,100.08886998454356,0.18140581830256297,0.23583703525790714
jpeg,floorplan,tns_ns,IO_PLACER_H,floorplan,1,param_flat,0,0,0,,,
jpeg,floorplan,tns_ns,IO_PLACER_V,floorplan,1,param_flat,0,0,0,,,
jpeg,floorplan,tns_ns,MATCH_CELL_FOOTPRINT,route,0,wrong_stage,375,2,55,100.08886998454356,,
jpeg,floorplan,tns_ns,MAX_ROUTING_LAYER,route,0,wrong_stage,0,0,0,,,
jpeg,floorplan,tns_ns,MIN_ROUTING_LAYER,route,0,wrong_stage,0,0,0,,,
jpeg,floorplan,tns_ns,OPENROAD_HIERARCHICAL,synth,1,param_flat,377,2,55,99.65137390985716,,
jpeg,floorplan,tns_ns,PLACE_DENSITY,floorplan,1,weak,375,106,55,100.08886998454356,-0.1489747588658772,-0.1232945255543502
jpeg,floorplan,tns_ns,PLACE_DENSITY_LB_ADDON,floorplan,1,insensitive,377,109,55,99.65137390985716,-0.00437474976049814,0.005684179185050476
jpeg,floorplan,tns_ns,PLACE_PINS_ARGS,place,0,wrong_stage,0,0,0,,,
jpeg,floorplan,tns_ns,REMOVE_ABC_BUFFERS,floorplan,1,param_flat,377,2,55,99.65137390985716,,
jpeg,floorplan,tns_ns,ROUTING_LAYER_ADJUSTMENT,floorplan,1,weak,375,70,55,100.08886998454356,0.10287323501672595,0.10261500858377567
jpeg,floorplan,tns_ns,SETUP_SLACK_MARGIN,floorplan,1,moderate,375,102,55,100.08886998454356,0.17034942841165154,0.21316187292959984
jpeg,floorplan,tns_ns,SYNTH_HIERARCHICAL,synth,1,param_flat,375,2,55,100.08886998454356,,
jpeg,floorplan,tns_ns,TNS_END_PERCENT,floorplan,1,moderate,377,88,55,99.65137390985716,0.1947163240469774,0.17888311826758663
jpeg,floorplan,fmax_mhz,ABC_AREA,synth,1,param_flat,375,2,27,86.89816393960429,,
jpeg,floorplan,fmax_mhz,CELL_PAD_IN_SITES_DETAIL_PLACEMENT,floorplan,1,insensitive,375,5,27,86.89816393960429,0.014015009506831095,0.07053090647996545
jpeg,floorplan,fmax_mhz,CELL_PAD_IN_SITES_GLOBAL_PLACEMENT,floorplan,1,insensitive,375,5,27,86.89816393960429,0.04294650887690657,0.054432252694150376
jpeg,floorplan,fmax_mhz,CLUSTER_FLOPS,route,0,wrong_stage,375,2,27,86.89816393960429,,
jpeg,floorplan,fmax_mhz,CORE_ASPECT_RATIO,floorplan,1,weak,377,73,27,87.26188079200703,0.09978395844588155,0.0030591957731905487
jpeg,floorplan,fmax_mhz,CORE_MARGIN,floorplan,1,moderate,377,20,27,87.26188079200703,0.18822410539286935,0.15987035453489934
jpeg,floorplan,fmax_mhz,CORE_UTILIZATION,floorplan,1,insensitive,377,50,27,87.26188079200703,-0.0347337876893527,0.022571099842213366
jpeg,floorplan,fmax_mhz,CTS_CLUSTER_DIAMETER,cts,0,wrong_stage,375,128,27,86.89816393960429,0.17989379720342621,0.16347409396957335
jpeg,floorplan,fmax_mhz,CTS_CLUSTER_SIZE,cts,0,wrong_stage,375,41,27,86.89816393960429,0.07797015106679203,0.05548309430674497
jpeg,floorplan,fmax_mhz,DETAILED_ROUTE_END_ITERATION,route,0,wrong_stage,375,106,27,86.89816393960429,-0.08781103666253691,-0.09454249223333432
jpeg,floorplan,fmax_mhz,DONT_BUFFER_PORTS,floorplan,1,param_flat,375,2,27,86.89816393960429,,
jpeg,floorplan,fmax_mhz,ENABLE_DPO,place,0,wrong_stage,375,2,27,86.89816393960429,,
jpeg,floorplan,fmax_mhz,FASTROUTE_TCL,floorplan,1,non_numeric,0,0,0,,,
jpeg,floorplan,fmax_mhz,GLOBAL_ROUTE_ARGS,route,0,wrong_stage,0,0,0,,,
jpeg,floorplan,fmax_mhz,GPL_ROUTABILITY_DRIVEN,place,0,wrong_stage,375,2,27,86.89816393960429,,
jpeg,floorplan,fmax_mhz,GPL_TIMING_DRIVEN,place,0,wrong_stage,375,2,27,86.89816393960429,,
jpeg,floorplan,fmax_mhz,HOLD_SLACK_MARGIN,floorplan,1,moderate,375,103,27,86.89816393960429,0.22394887089383164,0.23301215957809704
jpeg,floorplan,fmax_mhz,IO_PLACER_H,floorplan,1,param_flat,0,0,0,,,
jpeg,floorplan,fmax_mhz,IO_PLACER_V,floorplan,1,param_flat,0,0,0,,,
jpeg,floorplan,fmax_mhz,MATCH_CELL_FOOTPRINT,route,0,wrong_stage,375,2,27,86.89816393960429,,
jpeg,floorplan,fmax_mhz,MAX_ROUTING_LAYER,route,0,wrong_stage,0,0,0,,,
jpeg,floorplan,fmax_mhz,MIN_ROUTING_LAYER,route,0,wrong_stage,0,0,0,,,
jpeg,floorplan,fmax_mhz,OPENROAD_HIERARCHICAL,synth,1,param_flat,377,2,27,87.26188079200703,,
jpeg,floorplan,fmax_mhz,PLACE_DENSITY,floorplan,1,moderate,375,106,27,86.89816393960429,-0.1987007690618838,-0.13900911132311425
jpeg,floorplan,fmax_mhz,PLACE_DENSITY_LB_ADDON,floorplan,1,insensitive,377,109,27,87.26188079200703,-0.03884089571949274,0.011583926902811407
jpeg,floorplan,fmax_mhz,PLACE_PINS_ARGS,place,0,wrong_stage,0,0,0,,,
jpeg,floorplan,fmax_mhz,REMOVE_ABC_BUFFERS,floorplan,1,param_flat,377,2,27,87.26188079200703,,
jpeg,floorplan,fmax_mhz,ROUTING_LAYER_ADJUSTMENT,floorplan,1,moderate,375,70,27,86.89816393960429,0.1649642659377788,0.1405026096750423
jpeg,floorplan,fmax_mhz,SETUP_SLACK_MARGIN,floorplan,1,moderate,375,102,27,86.89816393960429,0.22206022932176867,0.2228397630573652
jpeg,floorplan,fmax_mhz,SYNTH_HIERARCHICAL,synth,1,param_flat,375,2,27,86.89816393960429,,
jpeg,floorplan,fmax_mhz,TNS_END_PERCENT,floorplan,1,moderate,377,88,27,87.26188079200703,0.24995275240688153,0.15153994485446287
jpeg,floorplan,power_total_w,ABC_AREA,synth,1,param_flat,375,2,18,11.162835073507416,,
jpeg,floorplan,power_total_w,CELL_PAD_IN_SITES_DETAIL_PLACEMENT,floorplan,1,insensitive,375,5,18,11.162835073507416,-0.013283846204088318,-0.048436122902114485
jpeg,floorplan,power_total_w,CELL_PAD_IN_SITES_GLOBAL_PLACEMENT,floorplan,1,insensitive,375,5,18,11.162835073507416,0.0006869954340318485,-0.04096855474699822
jpeg,floorplan,power_total_w,CLUSTER_FLOPS,route,0,wrong_stage,375,2,18,11.162835073507416,,
jpeg,floorplan,power_total_w,CORE_ASPECT_RATIO,floorplan,1,insensitive,377,73,18,11.174200294973408,-0.029424954916123364,-0.0009791783054870322
jpeg,floorplan,power_total_w,CORE_MARGIN,floorplan,1,moderate,377,20,18,11.174200294973408,-0.172691920763341,-0.1446793666999666
jpeg,floorplan,power_total_w,CORE_UTILIZATION,floorplan,1,insensitive,377,50,18,11.174200294973408,0.04593869937710334,0.019265518036747194
jpeg,floorplan,power_total_w,CTS_CLUSTER_DIAMETER,cts,0,wrong_stage,375,128,18,11.162835073507416,-0.06286398667431281,-0.06432469268908866
jpeg,floorplan,power_total_w,CTS_CLUSTER_SIZE,cts,0,wrong_stage,375,41,18,11.162835073507416,0.01246595736351195,0.03164491310092562
jpeg,floorplan,power_total_w,DETAILED_ROUTE_END_ITERATION,route,0,wrong_stage,375,106,18,11.162835073507416,0.056460158992916655,0.07377124291794132
jpeg,floorplan,power_total_w,DONT_BUFFER_PORTS,floorplan,1,param_flat,375,2,18,11.162835073507416,,
jpeg,floorplan,power_total_w,ENABLE_DPO,place,0,wrong_stage,375,2,18,11.162835073507416,,
jpeg,floorplan,power_total_w,FASTROUTE_TCL,floorplan,1,non_numeric,0,0,0,,,
jpeg,floorplan,power_total_w,GLOBAL_ROUTE_ARGS,route,0,wrong_stage,0,0,0,,,
jpeg,floorplan,power_total_w,GPL_ROUTABILITY_DRIVEN,place,0,wrong_stage,375,2,18,11.162835073507416,,
jpeg,floorplan,power_total_w,GPL_TIMING_DRIVEN,place,0,wrong_stage,375,2,18,11.162835073507416,,
jpeg,floorplan,power_total_w,HOLD_SLACK_MARGIN,floorplan,1,insensitive,375,103,18,11.162835073507416,-0.029535283428535748,-0.054961212719128766
jpeg,floorplan,power_total_w,IO_PLACER_H,floorplan,1,param_flat,0,0,0,,,
jpeg,floorplan,power_total_w,IO_PLACER_V,floorplan,1,param_flat,0,0,0,,,
jpeg,floorplan,power_total_w,MATCH_CELL_FOOTPRINT,route,0,wrong_stage,375,2,18,11.162835073507416,,
jpeg,floorplan,power_total_w,MAX_ROUTING_LAYER,route,0,wrong_stage,0,0,0,,,
jpeg,floorplan,power_total_w,MIN_ROUTING_LAYER,route,0,wrong_stage,0,0,0,,,
jpeg,floorplan,power_total_w,OPENROAD_HIERARCHICAL,synth,1,param_flat,377,2,18,11.174200294973408,,
jpeg,floorplan,power_total_w,PLACE_DENSITY,floorplan,1,moderate,375,106,18,11.162835073507416,0.1579056312562162,0.16375959833660372
jpeg,floorplan,power_total_w,PLACE_DENSITY_LB_ADDON,floorplan,1,insensitive,377,109,18,11.174200294973408,0.07559168611979486,0.025220397752615604
jpeg,floorplan,power_total_w,PLACE_PINS_ARGS,place,0,wrong_stage,0,0,0,,,
jpeg,floorplan,power_total_w,REMOVE_ABC_BUFFERS,floorplan,1,param_flat,377,2,18,11.174200294973408,,
jpeg,floorplan,power_total_w,ROUTING_LAYER_ADJUSTMENT,floorplan,1,moderate,375,70,18,11.162835073507416,-0.27063592232150474,-0.1891971314960007
jpeg,floorplan,power_total_w,SETUP_SLACK_MARGIN,floorplan,1,weak,375,102,18,11.162835073507416,-0.09053314593900678,-0.09516371043041509
jpeg,floorplan,power_total_w,SYNTH_HIERARCHICAL,synth,1,param_flat,375,2,18,11.162835073507416,,
jpeg,floorplan,power_total_w,TNS_END_PERCENT,floorplan,1,insensitive,377,88,18,11.174200294973408,-0.025670797150228224,0.004004492333990343
jpeg,floorplan,utilization_pct,ABC_AREA,synth,1,param_flat,375,2,55,20.64441453297957,,
jpeg,floorplan,utilization_pct,CELL_PAD_IN_SITES_DETAIL_PLACEMENT,floorplan,1,insensitive,375,5,55,20.64441453297957,0.001568327535303395,-0.028104729869492605
jpeg,floorplan,utilization_pct,CELL_PAD_IN_SITES_GLOBAL_PLACEMENT,floorplan,1,insensitive,375,5,55,20.64441453297957,-0.07803931233330048,-0.10987154809697051
jpeg,floorplan,utilization_pct,CLUSTER_FLOPS,route,0,wrong_stage,375,2,55,20.64441453297957,,
jpeg,floorplan,utilization_pct,CORE_ASPECT_RATIO,floorplan,1,moderate,377,73,55,20.659608722964094,-0.21849724619472657,-0.30946143270078924
jpeg,floorplan,utilization_pct,CORE_MARGIN,floorplan,1,moderate,377,20,55,20.659608722964094,-0.21626395497122192,-0.29106024391143054
jpeg,floorplan,utilization_pct,CORE_UTILIZATION,floorplan,1,strong,377,50,55,20.659608722964094,0.9850945619588213,0.9922638013123772
jpeg,floorplan,utilization_pct,CTS_CLUSTER_DIAMETER,cts,0,wrong_stage,375,128,55,20.64441453297957,0.13589072427499072,0.1008509532619688
jpeg,floorplan,utilization_pct,CTS_CLUSTER_SIZE,cts,0,wrong_stage,375,41,55,20.64441453297957,0.08649574054535042,0.08434461404927539
jpeg,floorplan,utilization_pct,DETAILED_ROUTE_END_ITERATION,route,0,wrong_stage,375,106,55,20.64441453297957,-0.08652234811310243,-0.05533474727462734
jpeg,floorplan,utilization_pct,DONT_BUFFER_PORTS,floorplan,1,param_flat,375,2,55,20.64441453297957,,
jpeg,floorplan,utilization_pct,ENABLE_DPO,place,0,wrong_stage,375,2,55,20.64441453297957,,
jpeg,floorplan,utilization_pct,FASTROUTE_TCL,floorplan,1,non_numeric,0,0,0,,,
jpeg,floorplan,utilization_pct,GLOBAL_ROUTE_ARGS,route,0,wrong_stage,0,0,0,,,
jpeg,floorplan,utilization_pct,GPL_ROUTABILITY_DRIVEN,place,0,wrong_stage,375,2,55,20.64441453297957,,
jpeg,floorplan,utilization_pct,GPL_TIMING_DRIVEN,place,0,wrong_stage,375,2,55,20.64441453297957,,
jpeg,floorplan,utilization_pct,HOLD_SLACK_MARGIN,floorplan,1,weak,375,103,55,20.64441453297957,-0.10050826858531474,-0.06802208460762858
jpeg,floorplan,utilization_pct,IO_PLACER_H,floorplan,1,param_flat,0,0,0,,,
jpeg,floorplan,utilization_pct,IO_PLACER_V,floorplan,1,param_flat,0,0,0,,,
jpeg,floorplan,utilization_pct,MATCH_CELL_FOOTPRINT,route,0,wrong_stage,375,2,55,20.64441453297957,,
jpeg,floorplan,utilization_pct,MAX_ROUTING_LAYER,route,0,wrong_stage,0,0,0,,,
jpeg,floorplan,utilization_pct,MIN_ROUTING_LAYER,route,0,wrong_stage,0,0,0,,,
jpeg,floorplan,utilization_pct,OPENROAD_HIERARCHICAL,synth,1,param_flat,377,2,55,20.659608722964094,,
jpeg,floorplan,utilization_pct,PLACE_DENSITY,floorplan,1,moderate,375,106,55,20.64441453297957,0.18887062540917335,0.15316404795467833
jpeg,floorplan,utilization_pct,PLACE_DENSITY_LB_ADDON,floorplan,1,insensitive,377,109,55,20.659608722964094,0.05236332562006237,0.006243154833461491
jpeg,floorplan,utilization_pct,PLACE_PINS_ARGS,place,0,wrong_stage,0,0,0,,,
jpeg,floorplan,utilization_pct,REMOVE_ABC_BUFFERS,floorplan,1,param_flat,377,2,55,20.659608722964094,,
jpeg,floorplan,utilization_pct,ROUTING_LAYER_ADJUSTMENT,floorplan,1,moderate,375,70,55,20.64441453297957,-0.19077130806133646,-0.2084367712104469
jpeg,floorplan,utilization_pct,SETUP_SLACK_MARGIN,floorplan,1,weak,375,102,55,20.64441453297957,-0.11473256118198219,-0.11119239177762218
jpeg,floorplan,utilization_pct,SYNTH_HIERARCHICAL,synth,1,param_flat,375,2,55,20.64441453297957,,
jpeg,floorplan,utilization_pct,TNS_END_PERCENT,floorplan,1,insensitive,377,88,55,20.659608722964094,-0.02199228895178524,-0.013835581503990377
jpeg,floorplan,core_area_um2,ABC_AREA,synth,1,param_flat,375,2,282,37.35876130936277,,
jpeg,floorplan,core_area_um2,CELL_PAD_IN_SITES_DETAIL_PLACEMENT,floorplan,1,insensitive,375,5,282,37.35876130936277,0.04688164215381543,0.0546987346033387
jpeg,floorplan,core_area_um2,CELL_PAD_IN_SITES_GLOBAL_PLACEMENT,floorplan,1,weak,375,5,282,37.35876130936277,0.09804792079626688,0.11248817045248144
jpeg,floorplan,core_area_um2,CLUSTER_FLOPS,route,0,wrong_stage,375,2,282,37.35876130936277,,
jpeg,floorplan,core_area_um2,CORE_ASPECT_RATIO,floorplan,1,moderate,377,73,282,37.24861286890045,0.20624001893830768,0.2990941009198921
jpeg,floorplan,core_area_um2,CORE_MARGIN,floorplan,1,moderate,377,20,282,37.24861286890045,0.19881074022298564,0.2585791165740857
jpeg,floorplan,core_area_um2,CORE_UTILIZATION,floorplan,1,strong,377,50,282,37.24861286890045,-0.8924929222590372,-0.8916564425842234
jpeg,floorplan,core_area_um2,CTS_CLUSTER_DIAMETER,cts,0,wrong_stage,375,128,282,37.35876130936277,-0.12250024544767216,-0.0468458813769148
jpeg,floorplan,core_area_um2,CTS_CLUSTER_SIZE,cts,0,wrong_stage,375,41,282,37.35876130936277,-0.042988068464834925,-0.05391790178277749
jpeg,floorplan,core_area_um2,DETAILED_ROUTE_END_ITERATION,route,0,wrong_stage,375,106,282,37.35876130936277,0.08559514561587826,0.02335898799133057
jpeg,floorplan,core_area_um2,DONT_BUFFER_PORTS,floorplan,1,param_flat,375,2,282,37.35876130936277,,
jpeg,floorplan,core_area_um2,ENABLE_DPO,place,0,wrong_stage,375,2,282,37.35876130936277,,
jpeg,floorplan,core_area_um2,FASTROUTE_TCL,floorplan,1,non_numeric,0,0,0,,,
jpeg,floorplan,core_area_um2,GLOBAL_ROUTE_ARGS,route,0,wrong_stage,0,0,0,,,
jpeg,floorplan,core_area_um2,GPL_ROUTABILITY_DRIVEN,place,0,wrong_stage,375,2,282,37.35876130936277,,
jpeg,floorplan,core_area_um2,GPL_TIMING_DRIVEN,place,0,wrong_stage,375,2,282,37.35876130936277,,
jpeg,floorplan,core_area_um2,HOLD_SLACK_MARGIN,floorplan,1,weak,375,103,282,37.35876130936277,0.09308723408133049,0.044338065486093925
jpeg,floorplan,core_area_um2,IO_PLACER_H,floorplan,1,param_flat,0,0,0,,,
jpeg,floorplan,core_area_um2,IO_PLACER_V,floorplan,1,param_flat,0,0,0,,,
jpeg,floorplan,core_area_um2,MATCH_CELL_FOOTPRINT,route,0,wrong_stage,375,2,282,37.35876130936277,,
jpeg,floorplan,core_area_um2,MAX_ROUTING_LAYER,route,0,wrong_stage,0,0,0,,,
jpeg,floorplan,core_area_um2,MIN_ROUTING_LAYER,route,0,wrong_stage,0,0,0,,,
jpeg,floorplan,core_area_um2,OPENROAD_HIERARCHICAL,synth,1,param_flat,377,2,282,37.24861286890045,,
jpeg,floorplan,core_area_um2,PLACE_DENSITY,floorplan,1,moderate,375,106,282,37.35876130936277,-0.1660711658678454,-0.11013004822360832
jpeg,floorplan,core_area_um2,PLACE_DENSITY_LB_ADDON,floorplan,1,insensitive,377,109,282,37.24861286890045,-0.02133420527303286,0.021185266728587417
jpeg,floorplan,core_area_um2,PLACE_PINS_ARGS,place,0,wrong_stage,0,0,0,,,
jpeg,floorplan,core_area_um2,REMOVE_ABC_BUFFERS,floorplan,1,param_flat,377,2,282,37.24861286890045,,
jpeg,floorplan,core_area_um2,ROUTING_LAYER_ADJUSTMENT,floorplan,1,moderate,375,70,282,37.35876130936277,0.21332702296804007,0.20516376639825218
jpeg,floorplan,core_area_um2,SETUP_SLACK_MARGIN,floorplan,1,weak,375,102,282,37.35876130936277,0.0881049083341898,0.09974570962586797
jpeg,floorplan,core_area_um2,SYNTH_HIERARCHICAL,synth,1,param_flat,375,2,282,37.35876130936277,,
jpeg,floorplan,core_area_um2,TNS_END_PERCENT,floorplan,1,insensitive,377,88,282,37.24861286890045,0.029065936132521526,0.010210626306408434
jpeg,place,wns_ns,ABC_AREA,synth,1,param_flat,267,2,173,91.67639736599794,,
jpeg,place,wns_ns,CELL_PAD_IN_SITES_DETAIL_PLACEMENT,floorplan,1,moderate,267,5,173,91.67639736599794,-0.22764409604208988,-0.2192195222958571
jpeg,place,wns_ns,CELL_PAD_IN_SITES_GLOBAL_PLACEMENT,floorplan,1,weak,267,5,173,91.67639736599794,-0.14743061038588628,-0.11380617182490457
jpeg,place,wns_ns,CLUSTER_FLOPS,route,0,wrong_stage,267,2,173,91.67639736599794,,
jpeg,place,wns_ns,CORE_ASPECT_RATIO,floorplan,1,insensitive,269,58,173,91.69860832533926,-0.05883092153027379,-0.1581975319239793
jpeg,place,wns_ns,CORE_MARGIN,floorplan,1,insensitive,269,19,173,91.69860832533926,-0.001468120609253342,-0.1278860406439065
jpeg,place,wns_ns,CORE_UTILIZATION,floorplan,1,weak,269,46,173,91.69860832533926,0.10404815129034692,0.1822223123882721
jpeg,place,wns_ns,CTS_CLUSTER_DIAMETER,cts,0,wrong_stage,267,92,173,91.67639736599794,0.24299707281734725,0.1998276341921509
jpeg,place,wns_ns,CTS_CLUSTER_SIZE,cts,0,wrong_stage,267,37,173,91.67639736599794,0.14552965048284067,0.09470790081323496
jpeg,place,wns_ns,DETAILED_ROUTE_END_ITERATION,route,0,wrong_stage,267,93,173,91.67639736599794,0.004516344804111398,0.050268602795228844
jpeg,place,wns_ns,DONT_BUFFER_PORTS,floorplan,1,param_flat,267,2,173,91.67639736599794,,
jpeg,place,wns_ns,ENABLE_DPO,place,1,param_flat,267,2,173,91.67639736599794,,
jpeg,place,wns_ns,FASTROUTE_TCL,floorplan,1,non_numeric,0,0,0,,,
jpeg,place,wns_ns,GLOBAL_ROUTE_ARGS,route,0,wrong_stage,0,0,0,,,
jpeg,place,wns_ns,GPL_ROUTABILITY_DRIVEN,place,1,param_flat,267,2,173,91.67639736599794,,
jpeg,place,wns_ns,GPL_TIMING_DRIVEN,place,1,param_flat,267,2,173,91.67639736599794,,
jpeg,place,wns_ns,HOLD_SLACK_MARGIN,floorplan,1,insensitive,267,87,173,91.67639736599794,0.06291139657453888,-0.011415016818267341
jpeg,place,wns_ns,IO_PLACER_H,floorplan,1,param_flat,0,0,0,,,
jpeg,place,wns_ns,IO_PLACER_V,floorplan,1,param_flat,0,0,0,,,
jpeg,place,wns_ns,MATCH_CELL_FOOTPRINT,route,0,wrong_stage,267,2,173,91.67639736599794,,
jpeg,place,wns_ns,MAX_ROUTING_LAYER,route,0,wrong_stage,0,0,0,,,
jpeg,place,wns_ns,MIN_ROUTING_LAYER,route,0,wrong_stage,0,0,0,,,
jpeg,place,wns_ns,OPENROAD_HIERARCHICAL,synth,1,param_flat,269,2,173,91.69860832533926,,
jpeg,place,wns_ns,PLACE_DENSITY,floorplan,1,moderate,267,59,173,91.67639736599794,-0.20989176702343595,-0.15778442966728104
jpeg,place,wns_ns,PLACE_DENSITY_LB_ADDON,floorplan,1,insensitive,269,48,173,91.69860832533926,-0.028102336495392004,-0.01980572595818128
jpeg,place,wns_ns,PLACE_PINS_ARGS,place,1,non_numeric,0,0,0,,,
jpeg,place,wns_ns,REMOVE_ABC_BUFFERS,floorplan,1,param_flat,269,2,173,91.69860832533926,,
jpeg,place,wns_ns,ROUTING_LAYER_ADJUSTMENT,floorplan,1,insensitive,267,55,173,91.67639736599794,0.05165760690593583,-0.023338554127974045
jpeg,place,wns_ns,SETUP_SLACK_MARGIN,floorplan,1,weak,267,88,173,91.67639736599794,0.14013069064196573,0.09365077500669232
jpeg,place,wns_ns,SYNTH_HIERARCHICAL,synth,1,param_flat,267,2,173,91.67639736599794,,
jpeg,place,wns_ns,TNS_END_PERCENT,floorplan,1,moderate,269,65,173,91.69860832533926,0.24146386968346553,0.18690538056116107
jpeg,place,tns_ns,ABC_AREA,synth,1,param_flat,267,2,248,130.1557624924688,,
jpeg,place,tns_ns,CELL_PAD_IN_SITES_DETAIL_PLACEMENT,floorplan,1,moderate,267,5,248,130.1557624924688,-0.20259581736347781,-0.17343324865531393
jpeg,place,tns_ns,CELL_PAD_IN_SITES_GLOBAL_PLACEMENT,floorplan,1,moderate,267,5,248,130.1557624924688,-0.17426344714062955,-0.13076078233769586
jpeg,place,tns_ns,CLUSTER_FLOPS,route,0,wrong_stage,267,2,248,130.1557624924688,,
jpeg,place,tns_ns,CORE_ASPECT_RATIO,floorplan,1,weak,269,58,249,130.77650388375207,-0.10243626943265179,-0.20776188680348923
jpeg,place,tns_ns,CORE_MARGIN,floorplan,1,insensitive,269,19,249,130.77650388375207,-0.026140010988335426,-0.20812286821457424
jpeg,place,tns_ns,CORE_UTILIZATION,floorplan,1,moderate,269,46,249,130.77650388375207,0.1599074507364129,0.2217129059882065
jpeg,place,tns_ns,CTS_CLUSTER_DIAMETER,cts,0,wrong_stage,267,92,248,130.1557624924688,0.23614327712083508,0.13697939455967778
jpeg,place,tns_ns,CTS_CLUSTER_SIZE,cts,0,wrong_stage,267,37,248,130.1557624924688,0.152609958287687,0.06019656546535878
jpeg,place,tns_ns,DETAILED_ROUTE_END_ITERATION,route,0,wrong_stage,267,93,248,130.1557624924688,-0.03567554840491234,0.013917070815554633
jpeg,place,tns_ns,DONT_BUFFER_PORTS,floorplan,1,param_flat,267,2,248,130.1557624924688,,
jpeg,place,tns_ns,ENABLE_DPO,place,1,param_flat,267,2,248,130.1557624924688,,
jpeg,place,tns_ns,FASTROUTE_TCL,floorplan,1,non_numeric,0,0,0,,,
jpeg,place,tns_ns,GLOBAL_ROUTE_ARGS,route,0,wrong_stage,0,0,0,,,
jpeg,place,tns_ns,GPL_ROUTABILITY_DRIVEN,place,1,param_flat,267,2,248,130.1557624924688,,
jpeg,place,tns_ns,GPL_TIMING_DRIVEN,place,1,param_flat,267,2,248,130.1557624924688,,
jpeg,place,tns_ns,HOLD_SLACK_MARGIN,floorplan,1,insensitive,267,87,248,130.1557624924688,0.0550492892888542,-0.07752108063414002
jpeg,place,tns_ns,IO_PLACER_H,floorplan,1,param_flat,0,0,0,,,
jpeg,place,tns_ns,IO_PLACER_V,floorplan,1,param_flat,0,0,0,,,
jpeg,place,tns_ns,MATCH_CELL_FOOTPRINT,route,0,wrong_stage,267,2,248,130.1557624924688,,
jpeg,place,tns_ns,MAX_ROUTING_LAYER,route,0,wrong_stage,0,0,0,,,
jpeg,place,tns_ns,MIN_ROUTING_LAYER,route,0,wrong_stage,0,0,0,,,
jpeg,place,tns_ns,OPENROAD_HIERARCHICAL,synth,1,param_flat,269,2,249,130.77650388375207,,
jpeg,place,tns_ns,PLACE_DENSITY,floorplan,1,moderate,267,59,248,130.1557624924688,-0.17602653164781626,-0.08716683205381187
jpeg,place,tns_ns,PLACE_DENSITY_LB_ADDON,floorplan,1,insensitive,269,48,249,130.77650388375207,-0.045623542172070805,-0.028104656074032286
jpeg,place,tns_ns,PLACE_PINS_ARGS,place,1,non_numeric,0,0,0,,,
jpeg,place,tns_ns,REMOVE_ABC_BUFFERS,floorplan,1,param_flat,269,2,249,130.77650388375207,,
jpeg,place,tns_ns,ROUTING_LAYER_ADJUSTMENT,floorplan,1,insensitive,267,55,248,130.1557624924688,0.034794422356274925,-0.09099752696081981
jpeg,place,tns_ns,SETUP_SLACK_MARGIN,floorplan,1,weak,267,88,248,130.1557624924688,0.14386129184661592,0.02287839273523343
jpeg,place,tns_ns,SYNTH_HIERARCHICAL,synth,1,param_flat,267,2,248,130.1557624924688,,
jpeg,place,tns_ns,TNS_END_PERCENT,floorplan,1,moderate,269,65,249,130.77650388375207,0.19825445591948318,0.081069712801436
jpeg,place,fmax_mhz,ABC_AREA,synth,1,param_flat,267,2,246,20.19337015925351,,
jpeg,place,fmax_mhz,CELL_PAD_IN_SITES_DETAIL_PLACEMENT,floorplan,1,moderate,267,5,246,20.19337015925351,-0.22771518764137022,-0.1979931904816839
jpeg,place,fmax_mhz,CELL_PAD_IN_SITES_GLOBAL_PLACEMENT,floorplan,1,weak,267,5,246,20.19337015925351,-0.1476105426961555,-0.10165154914427013
jpeg,place,fmax_mhz,CLUSTER_FLOPS,route,0,wrong_stage,267,2,246,20.19337015925351,,
jpeg,place,fmax_mhz,CORE_ASPECT_RATIO,floorplan,1,insensitive,269,58,247,20.116293064734386,-0.0587858246519263,-0.15128043699371083
jpeg,place,fmax_mhz,CORE_MARGIN,floorplan,1,insensitive,269,19,247,20.116293064734386,-0.0018307934749573623,-0.0959313584953055
jpeg,place,fmax_mhz,CORE_UTILIZATION,floorplan,1,weak,269,46,247,20.116293064734386,0.10494285948284844,0.16360663102402345
jpeg,place,fmax_mhz,CTS_CLUSTER_DIAMETER,cts,0,wrong_stage,267,92,246,20.19337015925351,0.2442630154838623,0.2336394574014287
jpeg,place,fmax_mhz,CTS_CLUSTER_SIZE,cts,0,wrong_stage,267,37,246,20.19337015925351,0.146405796477999,0.09307313980751793
jpeg,place,fmax_mhz,DETAILED_ROUTE_END_ITERATION,route,0,wrong_stage,267,93,246,20.19337015925351,0.004616203212207923,0.040520430501609625
jpeg,place,fmax_mhz,DONT_BUFFER_PORTS,floorplan,1,param_flat,267,2,246,20.19337015925351,,
jpeg,place,fmax_mhz,ENABLE_DPO,place,1,param_flat,267,2,246,20.19337015925351,,
jpeg,place,fmax_mhz,FASTROUTE_TCL,floorplan,1,non_numeric,0,0,0,,,
jpeg,place,fmax_mhz,GLOBAL_ROUTE_ARGS,route,0,wrong_stage,0,0,0,,,
jpeg,place,fmax_mhz,GPL_ROUTABILITY_DRIVEN,place,1,param_flat,267,2,246,20.19337015925351,,
jpeg,place,fmax_mhz,GPL_TIMING_DRIVEN,place,1,param_flat,267,2,246,20.19337015925351,,
jpeg,place,fmax_mhz,HOLD_SLACK_MARGIN,floorplan,1,insensitive,267,87,246,20.19337015925351,0.0626897947802638,0.029404795906252647
jpeg,place,fmax_mhz,IO_PLACER_H,floorplan,1,param_flat,0,0,0,,,
jpeg,place,fmax_mhz,IO_PLACER_V,floorplan,1,param_flat,0,0,0,,,
jpeg,place,fmax_mhz,MATCH_CELL_FOOTPRINT,route,0,wrong_stage,267,2,246,20.19337015925351,,
jpeg,place,fmax_mhz,MAX_ROUTING_LAYER,route,0,wrong_stage,0,0,0,,,
jpeg,place,fmax_mhz,MIN_ROUTING_LAYER,route,0,wrong_stage,0,0,0,,,
jpeg,place,fmax_mhz,OPENROAD_HIERARCHICAL,synth,1,param_flat,269,2,247,20.116293064734386,,
jpeg,place,fmax_mhz,PLACE_DENSITY,floorplan,1,moderate,267,59,246,20.19337015925351,-0.20963906507268448,-0.18787049239964215
jpeg,place,fmax_mhz,PLACE_DENSITY_LB_ADDON,floorplan,1,insensitive,269,48,247,20.116293064734386,-0.028593819864374474,-0.04007330587179215
jpeg,place,fmax_mhz,PLACE_PINS_ARGS,place,1,non_numeric,0,0,0,,,
jpeg,place,fmax_mhz,REMOVE_ABC_BUFFERS,floorplan,1,param_flat,269,2,247,20.116293064734386,,
jpeg,place,fmax_mhz,ROUTING_LAYER_ADJUSTMENT,floorplan,1,insensitive,267,55,246,20.19337015925351,0.05157432782834485,-0.0012283156936011418
jpeg,place,fmax_mhz,SETUP_SLACK_MARGIN,floorplan,1,weak,267,88,246,20.19337015925351,0.13932198978075533,0.13678895728130272
jpeg,place,fmax_mhz,SYNTH_HIERARCHICAL,synth,1,param_flat,267,2,246,20.19337015925351,,
jpeg,place,fmax_mhz,TNS_END_PERCENT,floorplan,1,moderate,269,65,247,20.116293064734386,0.24120797949771258,0.20281504859557445
jpeg,place,core_area_um2,ABC_AREA,synth,1,param_flat,375,2,282,37.35876130936277,,
jpeg,place,core_area_um2,CELL_PAD_IN_SITES_DETAIL_PLACEMENT,floorplan,1,insensitive,375,5,282,37.35876130936277,0.04688164215381543,0.0546987346033387
jpeg,place,core_area_um2,CELL_PAD_IN_SITES_GLOBAL_PLACEMENT,floorplan,1,weak,375,5,282,37.35876130936277,0.09804792079626688,0.11248817045248144
jpeg,place,core_area_um2,CLUSTER_FLOPS,route,0,wrong_stage,375,2,282,37.35876130936277,,
jpeg,place,core_area_um2,CORE_ASPECT_RATIO,floorplan,1,moderate,377,73,282,37.24861286890045,0.20624001893830768,0.2990941009198921
jpeg,place,core_area_um2,CORE_MARGIN,floorplan,1,moderate,377,20,282,37.24861286890045,0.19881074022298564,0.2585791165740857
jpeg,place,core_area_um2,CORE_UTILIZATION,floorplan,1,strong,377,50,282,37.24861286890045,-0.8924929222590372,-0.8916564425842234
jpeg,place,core_area_um2,CTS_CLUSTER_DIAMETER,cts,0,wrong_stage,375,128,282,37.35876130936277,-0.12250024544767216,-0.0468458813769148
jpeg,place,core_area_um2,CTS_CLUSTER_SIZE,cts,0,wrong_stage,375,41,282,37.35876130936277,-0.042988068464834925,-0.05391790178277749
jpeg,place,core_area_um2,DETAILED_ROUTE_END_ITERATION,route,0,wrong_stage,375,106,282,37.35876130936277,0.08559514561587826,0.02335898799133057
jpeg,place,core_area_um2,DONT_BUFFER_PORTS,floorplan,1,param_flat,375,2,282,37.35876130936277,,
jpeg,place,core_area_um2,ENABLE_DPO,place,1,param_flat,375,2,282,37.35876130936277,,
jpeg,place,core_area_um2,FASTROUTE_TCL,floorplan,1,non_numeric,0,0,0,,,
jpeg,place,core_area_um2,GLOBAL_ROUTE_ARGS,route,0,wrong_stage,0,0,0,,,
jpeg,place,core_area_um2,GPL_ROUTABILITY_DRIVEN,place,1,param_flat,375,2,282,37.35876130936277,,
jpeg,place,core_area_um2,GPL_TIMING_DRIVEN,place,1,param_flat,375,2,282,37.35876130936277,,
jpeg,place,core_area_um2,HOLD_SLACK_MARGIN,floorplan,1,weak,375,103,282,37.35876130936277,0.09308723408133049,0.044338065486093925
jpeg,place,core_area_um2,IO_PLACER_H,floorplan,1,param_flat,0,0,0,,,
jpeg,place,core_area_um2,IO_PLACER_V,floorplan,1,param_flat,0,0,0,,,
jpeg,place,core_area_um2,MATCH_CELL_FOOTPRINT,route,0,wrong_stage,375,2,282,37.35876130936277,,
jpeg,place,core_area_um2,MAX_ROUTING_LAYER,route,0,wrong_stage,0,0,0,,,
jpeg,place,core_area_um2,MIN_ROUTING_LAYER,route,0,wrong_stage,0,0,0,,,
jpeg,place,core_area_um2,OPENROAD_HIERARCHICAL,synth,1,param_flat,377,2,282,37.24861286890045,,
jpeg,place,core_area_um2,PLACE_DENSITY,floorplan,1,moderate,375,106,282,37.35876130936277,-0.1660711658678454,-0.11013004822360832
jpeg,place,core_area_um2,PLACE_DENSITY_LB_ADDON,floorplan,1,insensitive,377,109,282,37.24861286890045,-0.02133420527303286,0.021185266728587417
jpeg,place,core_area_um2,PLACE_PINS_ARGS,place,1,non_numeric,0,0,0,,,
jpeg,place,core_area_um2,REMOVE_ABC_BUFFERS,floorplan,1,param_flat,377,2,282,37.24861286890045,,
jpeg,place,core_area_um2,ROUTING_LAYER_ADJUSTMENT,floorplan,1,moderate,375,70,282,37.35876130936277,0.21332702296804007,0.20516376639825218
jpeg,place,core_area_um2,SETUP_SLACK_MARGIN,floorplan,1,weak,375,102,282,37.35876130936277,0.0881049083341898,0.09974570962586797
jpeg,place,core_area_um2,SYNTH_HIERARCHICAL,synth,1,param_flat,375,2,282,37.35876130936277,,
jpeg,place,core_area_um2,TNS_END_PERCENT,floorplan,1,insensitive,377,88,282,37.24861286890045,0.029065936132521526,0.010210626306408434
jpeg,cts,wns_ns,ABC_AREA,synth,1,param_flat,245,2,83,100.25211982098045,,
jpeg,cts,wns_ns,CELL_PAD_IN_SITES_DETAIL_PLACEMENT,floorplan,1,moderate,245,4,83,100.25211982098045,-0.1510636967091611,-0.14040459369937502
jpeg,cts,wns_ns,CELL_PAD_IN_SITES_GLOBAL_PLACEMENT,floorplan,1,moderate,245,5,83,100.25211982098045,-0.18083246873503547,-0.11841706967741268
jpeg,cts,wns_ns,CLUSTER_FLOPS,route,0,wrong_stage,245,2,83,100.25211982098045,,
jpeg,cts,wns_ns,CORE_ASPECT_RATIO,floorplan,1,insensitive,247,55,83,99.57564318717554,-0.04657941971175608,-0.1643799284371086
jpeg,cts,wns_ns,CORE_MARGIN,floorplan,1,insensitive,247,19,83,99.57564318717554,0.06324649891649196,-0.04750448589447114
jpeg,cts,wns_ns,CORE_UTILIZATION,floorplan,1,weak,247,45,83,99.57564318717554,0.13475479928735618,0.21991121789540266
jpeg,cts,wns_ns,CTS_CLUSTER_DIAMETER,cts,1,moderate,245,83,83,100.25211982098045,0.2295680916123113,0.1949420542196779
jpeg,cts,wns_ns,CTS_CLUSTER_SIZE,cts,1,moderate,245,36,83,100.25211982098045,0.15125406448843945,0.10671201430783199
jpeg,cts,wns_ns,DETAILED_ROUTE_END_ITERATION,route,0,wrong_stage,245,90,83,100.25211982098045,-0.044279162213965426,-0.0133293024315659
jpeg,cts,wns_ns,DONT_BUFFER_PORTS,floorplan,1,param_flat,245,2,83,100.25211982098045,,
jpeg,cts,wns_ns,ENABLE_DPO,place,1,param_flat,245,2,83,100.25211982098045,,
jpeg,cts,wns_ns,FASTROUTE_TCL,floorplan,1,non_numeric,0,0,0,,,
jpeg,cts,wns_ns,GLOBAL_ROUTE_ARGS,route,0,wrong_stage,0,0,0,,,
jpeg,cts,wns_ns,GPL_ROUTABILITY_DRIVEN,place,1,param_flat,245,2,83,100.25211982098045,,
jpeg,cts,wns_ns,GPL_TIMING_DRIVEN,place,1,param_flat,245,2,83,100.25211982098045,,
jpeg,cts,wns_ns,HOLD_SLACK_MARGIN,floorplan,1,weak,245,85,83,100.25211982098045,0.12872209711813234,0.05530955065329683
jpeg,cts,wns_ns,IO_PLACER_H,floorplan,1,param_flat,0,0,0,,,
jpeg,cts,wns_ns,IO_PLACER_V,floorplan,1,param_flat,0,0,0,,,
jpeg,cts,wns_ns,MATCH_CELL_FOOTPRINT,route,0,wrong_stage,245,2,83,100.25211982098045,,
jpeg,cts,wns_ns,MAX_ROUTING_LAYER,route,0,wrong_stage,0,0,0,,,
jpeg,cts,wns_ns,MIN_ROUTING_LAYER,route,0,wrong_stage,0,0,0,,,
jpeg,cts,wns_ns,OPENROAD_HIERARCHICAL,synth,1,param_flat,247,2,83,99.57564318717554,,
jpeg,cts,wns_ns,PLACE_DENSITY,floorplan,1,moderate,245,55,83,100.25211982098045,-0.1602107836243877,-0.10320116043012821
jpeg,cts,wns_ns,PLACE_DENSITY_LB_ADDON,floorplan,1,weak,247,47,83,99.57564318717554,-0.10583972929663206,-0.08954389537398913
jpeg,cts,wns_ns,PLACE_PINS_ARGS,place,1,non_numeric,0,0,0,,,
jpeg,cts,wns_ns,REMOVE_ABC_BUFFERS,floorplan,1,param_flat,247,2,83,99.57564318717554,,
jpeg,cts,wns_ns,ROUTING_LAYER_ADJUSTMENT,floorplan,1,moderate,245,52,83,100.25211982098045,0.1836595465904765,0.06885303004437666
jpeg,cts,wns_ns,SETUP_SLACK_MARGIN,floorplan,1,moderate,245,88,83,100.25211982098045,0.2119996037737543,0.12056006717237665
jpeg,cts,wns_ns,SYNTH_HIERARCHICAL,synth,1,param_flat,245,2,83,100.25211982098045,,
jpeg,cts,wns_ns,TNS_END_PERCENT,floorplan,1,moderate,247,59,83,99.57564318717554,0.27383415677557993,0.21371238681604943
jpeg,cts,tns_ns,ABC_AREA,synth,1,param_flat,245,2,183,169.61509950612862,,
jpeg,cts,tns_ns,CELL_PAD_IN_SITES_DETAIL_PLACEMENT,floorplan,1,moderate,245,4,183,169.61509950612862,-0.16388580591707155,-0.11110511282012556
jpeg,cts,tns_ns,CELL_PAD_IN_SITES_GLOBAL_PLACEMENT,floorplan,1,moderate,245,5,183,169.61509950612862,-0.1853920284302105,-0.07326245240606112
jpeg,cts,tns_ns,CLUSTER_FLOPS,route,0,wrong_stage,245,2,183,169.61509950612862,,
jpeg,cts,tns_ns,CORE_ASPECT_RATIO,floorplan,1,insensitive,247,55,184,169.22521127921556,-0.07813571863205777,-0.16160412501107477
jpeg,cts,tns_ns,CORE_MARGIN,floorplan,1,insensitive,247,19,184,169.22521127921556,0.02606677980995074,-0.12553256557773254
jpeg,cts,tns_ns,CORE_UTILIZATION,floorplan,1,weak,247,45,184,169.22521127921556,0.14489109106735287,0.20272809858457663
jpeg,cts,tns_ns,CTS_CLUSTER_DIAMETER,cts,1,moderate,245,83,183,169.61509950612862,0.21334538073364676,0.11809606636318039
jpeg,cts,tns_ns,CTS_CLUSTER_SIZE,cts,1,moderate,245,36,183,169.61509950612862,0.15436349159423618,0.067538783681347
jpeg,cts,tns_ns,DETAILED_ROUTE_END_ITERATION,route,0,wrong_stage,245,90,183,169.61509950612862,-0.04266599805832131,-0.010496802777742412
jpeg,cts,tns_ns,DONT_BUFFER_PORTS,floorplan,1,param_flat,245,2,183,169.61509950612862,,
jpeg,cts,tns_ns,ENABLE_DPO,place,1,param_flat,245,2,183,169.61509950612862,,
jpeg,cts,tns_ns,FASTROUTE_TCL,floorplan,1,non_numeric,0,0,0,,,
jpeg,cts,tns_ns,GLOBAL_ROUTE_ARGS,route,0,wrong_stage,0,0,0,,,
jpeg,cts,tns_ns,GPL_ROUTABILITY_DRIVEN,place,1,param_flat,245,2,183,169.61509950612862,,
jpeg,cts,tns_ns,GPL_TIMING_DRIVEN,place,1,param_flat,245,2,183,169.61509950612862,,
jpeg,cts,tns_ns,HOLD_SLACK_MARGIN,floorplan,1,weak,245,85,183,169.61509950612862,0.09414778072643797,-0.043664483060837915
jpeg,cts,tns_ns,IO_PLACER_H,floorplan,1,param_flat,0,0,0,,,
jpeg,cts,tns_ns,IO_PLACER_V,floorplan,1,param_flat,0,0,0,,,
jpeg,cts,tns_ns,MATCH_CELL_FOOTPRINT,route,0,wrong_stage,245,2,183,169.61509950612862,,
jpeg,cts,tns_ns,MAX_ROUTING_LAYER,route,0,wrong_stage,0,0,0,,,
jpeg,cts,tns_ns,MIN_ROUTING_LAYER,route,0,wrong_stage,0,0,0,,,
jpeg,cts,tns_ns,OPENROAD_HIERARCHICAL,synth,1,param_flat,247,2,184,169.22521127921556,,
jpeg,cts,tns_ns,PLACE_DENSITY,floorplan,1,moderate,245,55,183,169.61509950612862,-0.150400062445745,0.02352913227808109
jpeg,cts,tns_ns,PLACE_DENSITY_LB_ADDON,floorplan,1,weak,247,47,184,169.22521127921556,-0.09689767046576102,-0.10514986396475805
jpeg,cts,tns_ns,PLACE_PINS_ARGS,place,1,non_numeric,0,0,0,,,
jpeg,cts,tns_ns,REMOVE_ABC_BUFFERS,floorplan,1,param_flat,247,2,184,169.22521127921556,,
jpeg,cts,tns_ns,ROUTING_LAYER_ADJUSTMENT,floorplan,1,weak,245,52,183,169.61509950612862,0.13843058669115088,-0.04845333022966804
jpeg,cts,tns_ns,SETUP_SLACK_MARGIN,floorplan,1,moderate,245,88,183,169.61509950612862,0.17833875278762829,-0.019725601091388663
jpeg,cts,tns_ns,SYNTH_HIERARCHICAL,synth,1,param_flat,245,2,183,169.61509950612862,,
jpeg,cts,tns_ns,TNS_END_PERCENT,floorplan,1,moderate,247,59,184,169.22521127921556,0.26494534776495055,0.15092841282971775
jpeg,cts,fmax_mhz,ABC_AREA,synth,1,param_flat,245,2,222,6.020213070314677,,
jpeg,cts,fmax_mhz,CELL_PAD_IN_SITES_DETAIL_PLACEMENT,floorplan,1,moderate,245,4,222,6.020213070314677,-0.1559847513365366,-0.15158715215809962
jpeg,cts,fmax_mhz,CELL_PAD_IN_SITES_GLOBAL_PLACEMENT,floorplan,1,moderate,245,5,222,6.020213070314677,-0.18434576402228778,-0.13421977428378465
jpeg,cts,fmax_mhz,CLUSTER_FLOPS,route,0,wrong_stage,245,2,222,6.020213070314677,,
jpeg,cts,fmax_mhz,CORE_ASPECT_RATIO,floorplan,1,insensitive,247,55,223,6.003636299777637,-0.04580415860414734,-0.15520524496277852
jpeg,cts,fmax_mhz,CORE_MARGIN,floorplan,1,insensitive,247,19,223,6.003636299777637,0.07203093424650593,-0.02713077021011615
jpeg,cts,fmax_mhz,CORE_UTILIZATION,floorplan,1,weak,247,45,223,6.003636299777637,0.1389589047478663,0.2204017574988595
jpeg,cts,fmax_mhz,CTS_CLUSTER_DIAMETER,cts,1,moderate,245,83,222,6.020213070314677,0.2428022361797352,0.2251553470888351
jpeg,cts,fmax_mhz,CTS_CLUSTER_SIZE,cts,1,moderate,245,36,222,6.020213070314677,0.15176834242133014,0.11370648656925832
jpeg,cts,fmax_mhz,DETAILED_ROUTE_END_ITERATION,route,0,wrong_stage,245,90,222,6.020213070314677,-0.05041858100793996,-0.010159621240990289
jpeg,cts,fmax_mhz,DONT_BUFFER_PORTS,floorplan,1,param_flat,245,2,222,6.020213070314677,,
jpeg,cts,fmax_mhz,ENABLE_DPO,place,1,param_flat,245,2,222,6.020213070314677,,
jpeg,cts,fmax_mhz,FASTROUTE_TCL,floorplan,1,non_numeric,0,0,0,,,
jpeg,cts,fmax_mhz,GLOBAL_ROUTE_ARGS,route,0,wrong_stage,0,0,0,,,
jpeg,cts,fmax_mhz,GPL_ROUTABILITY_DRIVEN,place,1,param_flat,245,2,222,6.020213070314677,,
jpeg,cts,fmax_mhz,GPL_TIMING_DRIVEN,place,1,param_flat,245,2,222,6.020213070314677,,
jpeg,cts,fmax_mhz,HOLD_SLACK_MARGIN,floorplan,1,weak,245,85,222,6.020213070314677,0.1471210300473195,0.10632576795897476
jpeg,cts,fmax_mhz,IO_PLACER_H,floorplan,1,param_flat,0,0,0,,,
jpeg,cts,fmax_mhz,IO_PLACER_V,floorplan,1,param_flat,0,0,0,,,
jpeg,cts,fmax_mhz,MATCH_CELL_FOOTPRINT,route,0,wrong_stage,245,2,222,6.020213070314677,,
jpeg,cts,fmax_mhz,MAX_ROUTING_LAYER,route,0,wrong_stage,0,0,0,,,
jpeg,cts,fmax_mhz,MIN_ROUTING_LAYER,route,0,wrong_stage,0,0,0,,,
jpeg,cts,fmax_mhz,OPENROAD_HIERARCHICAL,synth,1,param_flat,247,2,223,6.003636299777637,,
jpeg,cts,fmax_mhz,PLACE_DENSITY,floorplan,1,moderate,245,55,222,6.020213070314677,-0.17845710883748578,-0.15079464976253007
jpeg,cts,fmax_mhz,PLACE_DENSITY_LB_ADDON,floorplan,1,weak,247,47,223,6.003636299777637,-0.11401569570489357,-0.10844643300487418
jpeg,cts,fmax_mhz,PLACE_PINS_ARGS,place,1,non_numeric,0,0,0,,,
jpeg,cts,fmax_mhz,REMOVE_ABC_BUFFERS,floorplan,1,param_flat,247,2,223,6.003636299777637,,
jpeg,cts,fmax_mhz,ROUTING_LAYER_ADJUSTMENT,floorplan,1,moderate,245,52,222,6.020213070314677,0.18662252750276145,0.08940223184303181
jpeg,cts,fmax_mhz,SETUP_SLACK_MARGIN,floorplan,1,moderate,245,88,222,6.020213070314677,0.229071185727873,0.18369867677576882
jpeg,cts,fmax_mhz,SYNTH_HIERARCHICAL,synth,1,param_flat,245,2,222,6.020213070314677,,
jpeg,cts,fmax_mhz,TNS_END_PERCENT,floorplan,1,moderate,247,59,223,6.003636299777637,0.2874340862731706,0.2382451949780754
jpeg,cts,core_area_um2,ABC_AREA,synth,1,param_flat,375,2,282,37.35876130936277,,
jpeg,cts,core_area_um2,CELL_PAD_IN_SITES_DETAIL_PLACEMENT,floorplan,1,insensitive,375,5,282,37.35876130936277,0.04688164215381543,0.0546987346033387
jpeg,cts,core_area_um2,CELL_PAD_IN_SITES_GLOBAL_PLACEMENT,floorplan,1,weak,375,5,282,37.35876130936277,0.09804792079626688,0.11248817045248144
jpeg,cts,core_area_um2,CLUSTER_FLOPS,route,0,wrong_stage,375,2,282,37.35876130936277,,
jpeg,cts,core_area_um2,CORE_ASPECT_RATIO,floorplan,1,moderate,377,73,282,37.24861286890045,0.20624001893830768,0.2990941009198921
jpeg,cts,core_area_um2,CORE_MARGIN,floorplan,1,moderate,377,20,282,37.24861286890045,0.19881074022298564,0.2585791165740857
jpeg,cts,core_area_um2,CORE_UTILIZATION,floorplan,1,strong,377,50,282,37.24861286890045,-0.8924929222590372,-0.8916564425842234
jpeg,cts,core_area_um2,CTS_CLUSTER_DIAMETER,cts,1,weak,375,128,282,37.35876130936277,-0.12250024544767216,-0.0468458813769148
jpeg,cts,core_area_um2,CTS_CLUSTER_SIZE,cts,1,insensitive,375,41,282,37.35876130936277,-0.042988068464834925,-0.05391790178277749
jpeg,cts,core_area_um2,DETAILED_ROUTE_END_ITERATION,route,0,wrong_stage,375,106,282,37.35876130936277,0.08559514561587826,0.02335898799133057
jpeg,cts,core_area_um2,DONT_BUFFER_PORTS,floorplan,1,param_flat,375,2,282,37.35876130936277,,
jpeg,cts,core_area_um2,ENABLE_DPO,place,1,param_flat,375,2,282,37.35876130936277,,
jpeg,cts,core_area_um2,FASTROUTE_TCL,floorplan,1,non_numeric,0,0,0,,,
jpeg,cts,core_area_um2,GLOBAL_ROUTE_ARGS,route,0,wrong_stage,0,0,0,,,
jpeg,cts,core_area_um2,GPL_ROUTABILITY_DRIVEN,place,1,param_flat,375,2,282,37.35876130936277,,
jpeg,cts,core_area_um2,GPL_TIMING_DRIVEN,place,1,param_flat,375,2,282,37.35876130936277,,
jpeg,cts,core_area_um2,HOLD_SLACK_MARGIN,floorplan,1,weak,375,103,282,37.35876130936277,0.09308723408133049,0.044338065486093925
jpeg,cts,core_area_um2,IO_PLACER_H,floorplan,1,param_flat,0,0,0,,,
jpeg,cts,core_area_um2,IO_PLACER_V,floorplan,1,param_flat,0,0,0,,,
jpeg,cts,core_area_um2,MATCH_CELL_FOOTPRINT,route,0,wrong_stage,375,2,282,37.35876130936277,,
jpeg,cts,core_area_um2,MAX_ROUTING_LAYER,route,0,wrong_stage,0,0,0,,,
jpeg,cts,core_area_um2,MIN_ROUTING_LAYER,route,0,wrong_stage,0,0,0,,,
jpeg,cts,core_area_um2,OPENROAD_HIERARCHICAL,synth,1,param_flat,377,2,282,37.24861286890045,,
jpeg,cts,core_area_um2,PLACE_DENSITY,floorplan,1,moderate,375,106,282,37.35876130936277,-0.1660711658678454,-0.11013004822360832
jpeg,cts,core_area_um2,PLACE_DENSITY_LB_ADDON,floorplan,1,insensitive,377,109,282,37.24861286890045,-0.02133420527303286,0.021185266728587417
jpeg,cts,core_area_um2,PLACE_PINS_ARGS,place,1,non_numeric,0,0,0,,,
jpeg,cts,core_area_um2,REMOVE_ABC_BUFFERS,floorplan,1,param_flat,377,2,282,37.24861286890045,,
jpeg,cts,core_area_um2,ROUTING_LAYER_ADJUSTMENT,floorplan,1,moderate,375,70,282,37.35876130936277,0.21332702296804007,0.20516376639825218
jpeg,cts,core_area_um2,SETUP_SLACK_MARGIN,floorplan,1,weak,375,102,282,37.35876130936277,0.0881049083341898,0.09974570962586797
jpeg,cts,core_area_um2,SYNTH_HIERARCHICAL,synth,1,param_flat,375,2,282,37.35876130936277,,
jpeg,cts,core_area_um2,TNS_END_PERCENT,floorplan,1,insensitive,377,88,282,37.24861286890045,0.029065936132521526,0.010210626306408434
jpeg,cts,clock_skew_ns,ABC_AREA,synth,1,param_flat,245,2,51,3156.9791042281195,,
jpeg,cts,clock_skew_ns,CELL_PAD_IN_SITES_DETAIL_PLACEMENT,floorplan,1,insensitive,245,4,51,3156.9791042281195,-0.009566030603247042,-0.014506091590516499
jpeg,cts,clock_skew_ns,CELL_PAD_IN_SITES_GLOBAL_PLACEMENT,floorplan,1,insensitive,245,5,51,3156.9791042281195,0.025471731931081636,-0.0050668294426168764
jpeg,cts,clock_skew_ns,CLUSTER_FLOPS,route,0,wrong_stage,245,2,51,3156.9791042281195,,
jpeg,cts,clock_skew_ns,CORE_ASPECT_RATIO,floorplan,1,weak,247,55,51,2849.895314386027,-0.0997378109835591,-0.04223488817051349
jpeg,cts,clock_skew_ns,CORE_MARGIN,floorplan,1,insensitive,247,19,51,2849.895314386027,0.0360445103295759,0.0263261660695331
jpeg,cts,clock_skew_ns,CORE_UTILIZATION,floorplan,1,insensitive,247,45,51,2849.895314386027,-0.018442079184899506,-0.027960571733211495
jpeg,cts,clock_skew_ns,CTS_CLUSTER_DIAMETER,cts,1,weak,245,83,51,3156.9791042281195,0.11629242309412824,0.14637373892361977
jpeg,cts,clock_skew_ns,CTS_CLUSTER_SIZE,cts,1,insensitive,245,36,51,3156.9791042281195,-0.006125026228826438,0.00829373557226843
jpeg,cts,clock_skew_ns,DETAILED_ROUTE_END_ITERATION,route,0,wrong_stage,245,90,51,3156.9791042281195,-0.11616919483484905,-0.0759724762274611
jpeg,cts,clock_skew_ns,DONT_BUFFER_PORTS,floorplan,1,param_flat,245,2,51,3156.9791042281195,,
jpeg,cts,clock_skew_ns,ENABLE_DPO,place,1,param_flat,245,2,51,3156.9791042281195,,
jpeg,cts,clock_skew_ns,FASTROUTE_TCL,floorplan,1,non_numeric,0,0,0,,,
jpeg,cts,clock_skew_ns,GLOBAL_ROUTE_ARGS,route,0,wrong_stage,0,0,0,,,
jpeg,cts,clock_skew_ns,GPL_ROUTABILITY_DRIVEN,place,1,param_flat,245,2,51,3156.9791042281195,,
jpeg,cts,clock_skew_ns,GPL_TIMING_DRIVEN,place,1,param_flat,245,2,51,3156.9791042281195,,
jpeg,cts,clock_skew_ns,HOLD_SLACK_MARGIN,floorplan,1,insensitive,245,85,51,3156.9791042281195,0.05156810982920959,0.07204918589606957
jpeg,cts,clock_skew_ns,IO_PLACER_H,floorplan,1,param_flat,0,0,0,,,
jpeg,cts,clock_skew_ns,IO_PLACER_V,floorplan,1,param_flat,0,0,0,,,
jpeg,cts,clock_skew_ns,MATCH_CELL_FOOTPRINT,route,0,wrong_stage,245,2,51,3156.9791042281195,,
jpeg,cts,clock_skew_ns,MAX_ROUTING_LAYER,route,0,wrong_stage,0,0,0,,,
jpeg,cts,clock_skew_ns,MIN_ROUTING_LAYER,route,0,wrong_stage,0,0,0,,,
jpeg,cts,clock_skew_ns,OPENROAD_HIERARCHICAL,synth,1,param_flat,247,2,51,2849.895314386027,,
jpeg,cts,clock_skew_ns,PLACE_DENSITY,floorplan,1,insensitive,245,55,51,3156.9791042281195,-0.03008791611620265,-0.04625285703983116
jpeg,cts,clock_skew_ns,PLACE_DENSITY_LB_ADDON,floorplan,1,insensitive,247,47,51,2849.895314386027,0.05612391235715887,0.04018786771321898
jpeg,cts,clock_skew_ns,PLACE_PINS_ARGS,place,1,non_numeric,0,0,0,,,
jpeg,cts,clock_skew_ns,REMOVE_ABC_BUFFERS,floorplan,1,param_flat,247,2,51,2849.895314386027,,
jpeg,cts,clock_skew_ns,ROUTING_LAYER_ADJUSTMENT,floorplan,1,insensitive,245,52,51,3156.9791042281195,0.03152330244278137,0.003941412344477961
jpeg,cts,clock_skew_ns,SETUP_SLACK_MARGIN,floorplan,1,insensitive,245,88,51,3156.9791042281195,0.037419513942285564,0.03560623977016671
jpeg,cts,clock_skew_ns,SYNTH_HIERARCHICAL,synth,1,param_flat,245,2,51,3156.9791042281195,,
jpeg,cts,clock_skew_ns,TNS_END_PERCENT,floorplan,1,insensitive,247,59,51,2849.895314386027,0.04419205350790918,0.0856432138581411
jpeg,cts,clock_insertion_delay_ns,ABC_AREA,synth,1,param_flat,245,2,61,13.794302559935511,,
jpeg,cts,clock_insertion_delay_ns,CELL_PAD_IN_SITES_DETAIL_PLACEMENT,floorplan,1,weak,245,4,61,13.794302559935511,0.11480450365355557,0.12147576046250387
jpeg,cts,clock_insertion_delay_ns,CELL_PAD_IN_SITES_GLOBAL_PLACEMENT,floorplan,1,insensitive,245,5,61,13.794302559935511,0.06020477476388659,0.061823608179953055
jpeg,cts,clock_insertion_delay_ns,CLUSTER_FLOPS,route,0,wrong_stage,245,2,61,13.794302559935511,,
jpeg,cts,clock_insertion_delay_ns,CORE_ASPECT_RATIO,floorplan,1,insensitive,247,55,61,13.783336116147874,0.035135313285140496,0.1861642419962888
jpeg,cts,clock_insertion_delay_ns,CORE_MARGIN,floorplan,1,moderate,247,19,61,13.783336116147874,0.1611733295517589,0.23896608516568546
jpeg,cts,clock_insertion_delay_ns,CORE_UTILIZATION,floorplan,1,strong,247,45,61,13.783336116147874,-0.3396266474925776,-0.4484902071997663
jpeg,cts,clock_insertion_delay_ns,CTS_CLUSTER_DIAMETER,cts,1,insensitive,245,83,61,13.794302559935511,-0.021475217817334857,-0.019728569352600436
jpeg,cts,clock_insertion_delay_ns,CTS_CLUSTER_SIZE,cts,1,weak,245,36,61,13.794302559935511,-0.08586140611130613,-0.07220527196768062
jpeg,cts,clock_insertion_delay_ns,DETAILED_ROUTE_END_ITERATION,route,0,wrong_stage,245,90,61,13.794302559935511,-0.021811874448217854,-0.018874553259288072
jpeg,cts,clock_insertion_delay_ns,DONT_BUFFER_PORTS,floorplan,1,param_flat,245,2,61,13.794302559935511,,
jpeg,cts,clock_insertion_delay_ns,ENABLE_DPO,place,1,param_flat,245,2,61,13.794302559935511,,
jpeg,cts,clock_insertion_delay_ns,FASTROUTE_TCL,floorplan,1,non_numeric,0,0,0,,,
jpeg,cts,clock_insertion_delay_ns,GLOBAL_ROUTE_ARGS,route,0,wrong_stage,0,0,0,,,
jpeg,cts,clock_insertion_delay_ns,GPL_ROUTABILITY_DRIVEN,place,1,param_flat,245,2,61,13.794302559935511,,
jpeg,cts,clock_insertion_delay_ns,GPL_TIMING_DRIVEN,place,1,param_flat,245,2,61,13.794302559935511,,
jpeg,cts,clock_insertion_delay_ns,HOLD_SLACK_MARGIN,floorplan,1,weak,245,85,61,13.794302559935511,0.10150242544536087,0.07986384055782815
jpeg,cts,clock_insertion_delay_ns,IO_PLACER_H,floorplan,1,param_flat,0,0,0,,,
jpeg,cts,clock_insertion_delay_ns,IO_PLACER_V,floorplan,1,param_flat,0,0,0,,,
jpeg,cts,clock_insertion_delay_ns,MATCH_CELL_FOOTPRINT,route,0,wrong_stage,245,2,61,13.794302559935511,,
jpeg,cts,clock_insertion_delay_ns,MAX_ROUTING_LAYER,route,0,wrong_stage,0,0,0,,,
jpeg,cts,clock_insertion_delay_ns,MIN_ROUTING_LAYER,route,0,wrong_stage,0,0,0,,,
jpeg,cts,clock_insertion_delay_ns,OPENROAD_HIERARCHICAL,synth,1,param_flat,247,2,61,13.783336116147874,,
jpeg,cts,clock_insertion_delay_ns,PLACE_DENSITY,floorplan,1,insensitive,245,55,61,13.794302559935511,-0.06057779358311866,-0.0875464415207738
jpeg,cts,clock_insertion_delay_ns,PLACE_DENSITY_LB_ADDON,floorplan,1,insensitive,247,47,61,13.783336116147874,-0.026602989663704345,-0.01377389466874939
jpeg,cts,clock_insertion_delay_ns,PLACE_PINS_ARGS,place,1,non_numeric,0,0,0,,,
jpeg,cts,clock_insertion_delay_ns,REMOVE_ABC_BUFFERS,floorplan,1,param_flat,247,2,61,13.783336116147874,,
jpeg,cts,clock_insertion_delay_ns,ROUTING_LAYER_ADJUSTMENT,floorplan,1,weak,245,52,61,13.794302559935511,0.11672746320511844,0.10792949743264317
jpeg,cts,clock_insertion_delay_ns,SETUP_SLACK_MARGIN,floorplan,1,insensitive,245,88,61,13.794302559935511,0.07379150010651424,0.06656736550235626
jpeg,cts,clock_insertion_delay_ns,SYNTH_HIERARCHICAL,synth,1,param_flat,245,2,61,13.794302559935511,,
jpeg,cts,clock_insertion_delay_ns,TNS_END_PERCENT,floorplan,1,insensitive,247,59,61,13.783336116147874,0.011144736799209987,0.015729810658240407
jpeg,cts,hold_violation_count,ABC_AREA,synth,1,param_flat,245,2,1,,,
jpeg,cts,hold_violation_count,CELL_PAD_IN_SITES_DETAIL_PLACEMENT,floorplan,1,label_flat,245,4,1,,,
jpeg,cts,hold_violation_count,CELL_PAD_IN_SITES_GLOBAL_PLACEMENT,floorplan,1,label_flat,245,5,1,,,
jpeg,cts,hold_violation_count,CLUSTER_FLOPS,route,0,wrong_stage,245,2,1,,,
jpeg,cts,hold_violation_count,CORE_ASPECT_RATIO,floorplan,1,label_flat,247,55,1,,,
jpeg,cts,hold_violation_count,CORE_MARGIN,floorplan,1,label_flat,247,19,1,,,
jpeg,cts,hold_violation_count,CORE_UTILIZATION,floorplan,1,label_flat,247,45,1,,,
jpeg,cts,hold_violation_count,CTS_CLUSTER_DIAMETER,cts,1,label_flat,245,83,1,,,
jpeg,cts,hold_violation_count,CTS_CLUSTER_SIZE,cts,1,label_flat,245,36,1,,,
jpeg,cts,hold_violation_count,DETAILED_ROUTE_END_ITERATION,route,0,wrong_stage,245,90,1,,,
jpeg,cts,hold_violation_count,DONT_BUFFER_PORTS,floorplan,1,param_flat,245,2,1,,,
jpeg,cts,hold_violation_count,ENABLE_DPO,place,1,param_flat,245,2,1,,,
jpeg,cts,hold_violation_count,FASTROUTE_TCL,floorplan,1,non_numeric,0,0,0,,,
jpeg,cts,hold_violation_count,GLOBAL_ROUTE_ARGS,route,0,wrong_stage,0,0,0,,,
jpeg,cts,hold_violation_count,GPL_ROUTABILITY_DRIVEN,place,1,param_flat,245,2,1,,,
jpeg,cts,hold_violation_count,GPL_TIMING_DRIVEN,place,1,param_flat,245,2,1,,,
jpeg,cts,hold_violation_count,HOLD_SLACK_MARGIN,floorplan,1,label_flat,245,85,1,,,
jpeg,cts,hold_violation_count,IO_PLACER_H,floorplan,1,param_flat,0,0,0,,,
jpeg,cts,hold_violation_count,IO_PLACER_V,floorplan,1,param_flat,0,0,0,,,
jpeg,cts,hold_violation_count,MATCH_CELL_FOOTPRINT,route,0,wrong_stage,245,2,1,,,
jpeg,cts,hold_violation_count,MAX_ROUTING_LAYER,route,0,wrong_stage,0,0,0,,,
jpeg,cts,hold_violation_count,MIN_ROUTING_LAYER,route,0,wrong_stage,0,0,0,,,
jpeg,cts,hold_violation_count,OPENROAD_HIERARCHICAL,synth,1,param_flat,247,2,1,,,
jpeg,cts,hold_violation_count,PLACE_DENSITY,floorplan,1,label_flat,245,55,1,,,
jpeg,cts,hold_violation_count,PLACE_DENSITY_LB_ADDON,floorplan,1,label_flat,247,47,1,,,
jpeg,cts,hold_violation_count,PLACE_PINS_ARGS,place,1,non_numeric,0,0,0,,,
jpeg,cts,hold_violation_count,REMOVE_ABC_BUFFERS,floorplan,1,param_flat,247,2,1,,,
jpeg,cts,hold_violation_count,ROUTING_LAYER_ADJUSTMENT,floorplan,1,label_flat,245,52,1,,,
jpeg,cts,hold_violation_count,SETUP_SLACK_MARGIN,floorplan,1,label_flat,245,88,1,,,
jpeg,cts,hold_violation_count,SYNTH_HIERARCHICAL,synth,1,param_flat,245,2,1,,,
jpeg,cts,hold_violation_count,TNS_END_PERCENT,floorplan,1,label_flat,247,59,1,,,
jpeg,route,wns_ns,ABC_AREA,synth,1,param_flat,141,2,76,77.60617493307349,,
jpeg,route,wns_ns,CELL_PAD_IN_SITES_DETAIL_PLACEMENT,floorplan,1,moderate,141,4,76,77.60617493307349,-0.15510197826966757,-0.1621151729121656
jpeg,route,wns_ns,CELL_PAD_IN_SITES_GLOBAL_PLACEMENT,floorplan,1,moderate,141,3,76,77.60617493307349,-0.2036505651104006,-0.1673787514692769
jpeg,route,wns_ns,CLUSTER_FLOPS,route,1,param_flat,141,2,76,77.60617493307349,,
jpeg,route,wns_ns,CORE_ASPECT_RATIO,floorplan,1,moderate,143,34,76,76.91919224069844,0.1568902863731293,0.009298833988318165
jpeg,route,wns_ns,CORE_MARGIN,floorplan,1,moderate,143,17,76,76.91919224069844,0.18860196085676456,0.038611212306525096
jpeg,route,wns_ns,CORE_UTILIZATION,floorplan,1,insensitive,143,38,76,76.91919224069844,0.04085891754662393,0.020600763347457987
jpeg,route,wns_ns,CTS_CLUSTER_DIAMETER,cts,1,moderate,141,64,76,77.60617493307349,0.24478042442180814,0.16640762186036884
jpeg,route,wns_ns,CTS_CLUSTER_SIZE,cts,1,weak,141,30,76,77.60617493307349,0.10324012106748189,0.05001866205964334
jpeg,route,wns_ns,DETAILED_ROUTE_END_ITERATION,route,1,strong,141,49,76,77.60617493307349,-0.3046822961038583,-0.23425243778764968
jpeg,route,wns_ns,DONT_BUFFER_PORTS,floorplan,1,param_flat,141,2,76,77.60617493307349,,
jpeg,route,wns_ns,ENABLE_DPO,place,1,param_flat,141,2,76,77.60617493307349,,
jpeg,route,wns_ns,FASTROUTE_TCL,floorplan,1,non_numeric,0,0,0,,,
jpeg,route,wns_ns,GLOBAL_ROUTE_ARGS,route,1,non_numeric,0,0,0,,,
jpeg,route,wns_ns,GPL_ROUTABILITY_DRIVEN,place,1,param_flat,141,2,76,77.60617493307349,,
jpeg,route,wns_ns,GPL_TIMING_DRIVEN,place,1,param_flat,141,2,76,77.60617493307349,,
jpeg,route,wns_ns,HOLD_SLACK_MARGIN,floorplan,1,strong,141,55,76,77.60617493307349,0.3161716775403479,0.2817508478171964
jpeg,route,wns_ns,IO_PLACER_H,floorplan,1,param_flat,0,0,0,,,
jpeg,route,wns_ns,IO_PLACER_V,floorplan,1,param_flat,0,0,0,,,
jpeg,route,wns_ns,MATCH_CELL_FOOTPRINT,route,1,param_flat,141,2,76,77.60617493307349,,
jpeg,route,wns_ns,MAX_ROUTING_LAYER,route,1,param_flat,0,0,0,,,
jpeg,route,wns_ns,MIN_ROUTING_LAYER,route,1,param_flat,0,0,0,,,
jpeg,route,wns_ns,OPENROAD_HIERARCHICAL,synth,1,param_flat,143,2,76,76.91919224069844,,
jpeg,route,wns_ns,PLACE_DENSITY,floorplan,1,strong,141,39,76,77.60617493307349,-0.32948582967905293,-0.3100440810084495
jpeg,route,wns_ns,PLACE_DENSITY_LB_ADDON,floorplan,1,weak,143,27,76,76.91919224069844,-0.09917933855347179,-0.15059758675483467
jpeg,route,wns_ns,PLACE_PINS_ARGS,place,1,non_numeric,0,0,0,,,
jpeg,route,wns_ns,REMOVE_ABC_BUFFERS,floorplan,1,param_flat,143,2,76,76.91919224069844,,
jpeg,route,wns_ns,ROUTING_LAYER_ADJUSTMENT,floorplan,1,moderate,141,25,76,77.60617493307349,0.25755584845469337,0.13638982319280116
jpeg,route,wns_ns,SETUP_SLACK_MARGIN,floorplan,1,moderate,141,53,76,77.60617493307349,0.245495204866275,0.22755645525240792
jpeg,route,wns_ns,SYNTH_HIERARCHICAL,synth,1,param_flat,141,2,76,77.60617493307349,,
jpeg,route,wns_ns,TNS_END_PERCENT,floorplan,1,strong,143,48,76,76.91919224069844,0.3255231633375601,0.24267119687717484
jpeg,route,tns_ns,ABC_AREA,synth,1,param_flat,141,2,132,110.9594785737235,,
jpeg,route,tns_ns,CELL_PAD_IN_SITES_DETAIL_PLACEMENT,floorplan,1,moderate,141,4,132,110.9594785737235,-0.19594639369080302,-0.26210598085552794
jpeg,route,tns_ns,CELL_PAD_IN_SITES_GLOBAL_PLACEMENT,floorplan,1,moderate,141,3,132,110.9594785737235,-0.22028504606142185,-0.2349139269263122
jpeg,route,tns_ns,CLUSTER_FLOPS,route,1,param_flat,141,2,132,110.9594785737235,,
jpeg,route,tns_ns,CORE_ASPECT_RATIO,floorplan,1,weak,143,34,133,109.92710088292561,0.0858830693531843,-0.034820698811965305
jpeg,route,tns_ns,CORE_MARGIN,floorplan,1,weak,143,17,133,109.92710088292561,0.14143754547401866,-0.008284236080469878
jpeg,route,tns_ns,CORE_UTILIZATION,floorplan,1,weak,143,38,133,109.92710088292561,0.1455273294940422,0.16518497794585496
jpeg,route,tns_ns,CTS_CLUSTER_DIAMETER,cts,1,moderate,141,64,132,110.9594785737235,0.2303532351716378,0.20324694861056403
jpeg,route,tns_ns,CTS_CLUSTER_SIZE,cts,1,weak,141,30,132,110.9594785737235,0.13462677417241567,0.09752504651523122
jpeg,route,tns_ns,DETAILED_ROUTE_END_ITERATION,route,1,moderate,141,49,132,110.9594785737235,-0.243124176168787,-0.16601701392172816
jpeg,route,tns_ns,DONT_BUFFER_PORTS,floorplan,1,param_flat,141,2,132,110.9594785737235,,
jpeg,route,tns_ns,ENABLE_DPO,place,1,param_flat,141,2,132,110.9594785737235,,
jpeg,route,tns_ns,FASTROUTE_TCL,floorplan,1,non_numeric,0,0,0,,,
jpeg,route,tns_ns,GLOBAL_ROUTE_ARGS,route,1,non_numeric,0,0,0,,,
jpeg,route,tns_ns,GPL_ROUTABILITY_DRIVEN,place,1,param_flat,141,2,132,110.9594785737235,,
jpeg,route,tns_ns,GPL_TIMING_DRIVEN,place,1,param_flat,141,2,132,110.9594785737235,,
jpeg,route,tns_ns,HOLD_SLACK_MARGIN,floorplan,1,moderate,141,55,132,110.9594785737235,0.25684025990385567,0.21513471970192102
jpeg,route,tns_ns,IO_PLACER_H,floorplan,1,param_flat,0,0,0,,,
jpeg,route,tns_ns,IO_PLACER_V,floorplan,1,param_flat,0,0,0,,,
jpeg,route,tns_ns,MATCH_CELL_FOOTPRINT,route,1,param_flat,141,2,132,110.9594785737235,,
jpeg,route,tns_ns,MAX_ROUTING_LAYER,route,1,param_flat,0,0,0,,,
jpeg,route,tns_ns,MIN_ROUTING_LAYER,route,1,param_flat,0,0,0,,,
jpeg,route,tns_ns,OPENROAD_HIERARCHICAL,synth,1,param_flat,143,2,133,109.92710088292561,,
jpeg,route,tns_ns,PLACE_DENSITY,floorplan,1,moderate,141,39,132,110.9594785737235,-0.2651765524128203,-0.18453528230810567
jpeg,route,tns_ns,PLACE_DENSITY_LB_ADDON,floorplan,1,weak,143,27,133,109.92710088292561,-0.08180382794287902,-0.05659787306301104
jpeg,route,tns_ns,PLACE_PINS_ARGS,place,1,non_numeric,0,0,0,,,
jpeg,route,tns_ns,REMOVE_ABC_BUFFERS,floorplan,1,param_flat,143,2,133,109.92710088292561,,
jpeg,route,tns_ns,ROUTING_LAYER_ADJUSTMENT,floorplan,1,moderate,141,25,132,110.9594785737235,0.226651607787635,0.10451386725235132
jpeg,route,tns_ns,SETUP_SLACK_MARGIN,floorplan,1,moderate,141,53,132,110.9594785737235,0.18727762298126216,0.1757170128581374
jpeg,route,tns_ns,SYNTH_HIERARCHICAL,synth,1,param_flat,141,2,132,110.9594785737235,,
jpeg,route,tns_ns,TNS_END_PERCENT,floorplan,1,moderate,143,48,133,109.92710088292561,0.29443944103107644,0.24853853492039157
jpeg,route,fmax_mhz,ABC_AREA,synth,1,param_flat,141,2,129,6.564242891995307,,
jpeg,route,fmax_mhz,CELL_PAD_IN_SITES_DETAIL_PLACEMENT,floorplan,1,moderate,141,4,129,6.564242891995307,-0.1550358678633926,-0.1722442781177606
jpeg,route,fmax_mhz,CELL_PAD_IN_SITES_GLOBAL_PLACEMENT,floorplan,1,moderate,141,3,129,6.564242891995307,-0.20387969470412382,-0.18180481661346792
jpeg,route,fmax_mhz,CLUSTER_FLOPS,route,1,param_flat,141,2,129,6.564242891995307,,
jpeg,route,fmax_mhz,CORE_ASPECT_RATIO,floorplan,1,moderate,143,34,130,6.523053847960276,0.15567843982174895,0.006921781624539866
jpeg,route,fmax_mhz,CORE_MARGIN,floorplan,1,moderate,143,17,130,6.523053847960276,0.18952868355356528,0.04702006282637076
jpeg,route,fmax_mhz,CORE_UTILIZATION,floorplan,1,insensitive,143,38,130,6.523053847960276,0.04141591761511381,0.040421490390285426
jpeg,route,fmax_mhz,CTS_CLUSTER_DIAMETER,cts,1,moderate,141,64,129,6.564242891995307,0.24637109452741066,0.18846640035885187
jpeg,route,fmax_mhz,CTS_CLUSTER_SIZE,cts,1,weak,141,30,129,6.564242891995307,0.1014897758196717,0.04513656729785199
jpeg,route,fmax_mhz,DETAILED_ROUTE_END_ITERATION,route,1,strong,141,49,129,6.564242891995307,-0.3049436880141653,-0.2488993024889304
jpeg,route,fmax_mhz,DONT_BUFFER_PORTS,floorplan,1,param_flat,141,2,129,6.564242891995307,,
jpeg,route,fmax_mhz,ENABLE_DPO,place,1,param_flat,141,2,129,6.564242891995307,,
jpeg,route,fmax_mhz,FASTROUTE_TCL,floorplan,1,non_numeric,0,0,0,,,
jpeg,route,fmax_mhz,GLOBAL_ROUTE_ARGS,route,1,non_numeric,0,0,0,,,
jpeg,route,fmax_mhz,GPL_ROUTABILITY_DRIVEN,place,1,param_flat,141,2,129,6.564242891995307,,
jpeg,route,fmax_mhz,GPL_TIMING_DRIVEN,place,1,param_flat,141,2,129,6.564242891995307,,
jpeg,route,fmax_mhz,HOLD_SLACK_MARGIN,floorplan,1,strong,141,55,129,6.564242891995307,0.31613680226824026,0.2978168272954248
jpeg,route,fmax_mhz,IO_PLACER_H,floorplan,1,param_flat,0,0,0,,,
jpeg,route,fmax_mhz,IO_PLACER_V,floorplan,1,param_flat,0,0,0,,,
jpeg,route,fmax_mhz,MATCH_CELL_FOOTPRINT,route,1,param_flat,141,2,129,6.564242891995307,,
jpeg,route,fmax_mhz,MAX_ROUTING_LAYER,route,1,param_flat,0,0,0,,,
jpeg,route,fmax_mhz,MIN_ROUTING_LAYER,route,1,param_flat,0,0,0,,,
jpeg,route,fmax_mhz,OPENROAD_HIERARCHICAL,synth,1,param_flat,143,2,130,6.523053847960276,,
jpeg,route,fmax_mhz,PLACE_DENSITY,floorplan,1,strong,141,39,129,6.564242891995307,-0.33285336779842817,-0.3188189382867801
jpeg,route,fmax_mhz,PLACE_DENSITY_LB_ADDON,floorplan,1,weak,143,27,130,6.523053847960276,-0.09930717674337315,-0.13900910242519623
jpeg,route,fmax_mhz,PLACE_PINS_ARGS,place,1,non_numeric,0,0,0,,,
jpeg,route,fmax_mhz,REMOVE_ABC_BUFFERS,floorplan,1,param_flat,143,2,130,6.523053847960276,,
jpeg,route,fmax_mhz,ROUTING_LAYER_ADJUSTMENT,floorplan,1,moderate,141,25,129,6.564242891995307,0.25861768526178935,0.15808519699316756
jpeg,route,fmax_mhz,SETUP_SLACK_MARGIN,floorplan,1,moderate,141,53,129,6.564242891995307,0.2440594693515491,0.239937578423237
jpeg,route,fmax_mhz,SYNTH_HIERARCHICAL,synth,1,param_flat,141,2,129,6.564242891995307,,
jpeg,route,fmax_mhz,TNS_END_PERCENT,floorplan,1,strong,143,48,130,6.523053847960276,0.32770662955200547,0.2689450685437647
jpeg,route,utilization_pct,ABC_AREA,synth,1,param_flat,50,2,31,25.14161719715085,,
jpeg,route,utilization_pct,CELL_PAD_IN_SITES_DETAIL_PLACEMENT,floorplan,1,strong,50,3,31,25.14161719715085,-0.3351769831728908,-0.3019532223563573
jpeg,route,utilization_pct,CELL_PAD_IN_SITES_GLOBAL_PLACEMENT,floorplan,1,insensitive,50,3,31,25.14161719715085,0.05479717254594841,0.016300359405787248
jpeg,route,utilization_pct,CLUSTER_FLOPS,route,1,param_flat,50,2,31,25.14161719715085,,
jpeg,route,utilization_pct,CORE_ASPECT_RATIO,floorplan,1,strong,52,17,31,24.736919425160963,-0.5278161307780876,-0.6753470450822745
jpeg,route,utilization_pct,CORE_MARGIN,floorplan,1,strong,52,9,31,24.736919425160963,-0.3472185666796323,-0.4260192889622284
jpeg,route,utilization_pct,CORE_UTILIZATION,floorplan,1,strong,52,21,31,24.736919425160963,0.9843577354005659,0.9930254298417382
jpeg,route,utilization_pct,CTS_CLUSTER_DIAMETER,cts,1,insensitive,50,31,31,25.14161719715085,-0.04164763058614679,-0.05617119539018014
jpeg,route,utilization_pct,CTS_CLUSTER_SIZE,cts,1,weak,50,20,31,25.14161719715085,-0.1086436508907921,-0.050125716287507165
jpeg,route,utilization_pct,DETAILED_ROUTE_END_ITERATION,route,1,weak,50,25,31,25.14161719715085,0.13600914365082487,0.17388729119250812
jpeg,route,utilization_pct,DONT_BUFFER_PORTS,floorplan,1,param_flat,50,2,31,25.14161719715085,,
jpeg,route,utilization_pct,ENABLE_DPO,place,1,param_flat,50,2,31,25.14161719715085,,
jpeg,route,utilization_pct,FASTROUTE_TCL,floorplan,1,non_numeric,0,0,0,,,
jpeg,route,utilization_pct,GLOBAL_ROUTE_ARGS,route,1,non_numeric,0,0,0,,,
jpeg,route,utilization_pct,GPL_ROUTABILITY_DRIVEN,place,1,param_flat,50,2,31,25.14161719715085,,
jpeg,route,utilization_pct,GPL_TIMING_DRIVEN,place,1,param_flat,50,2,31,25.14161719715085,,
jpeg,route,utilization_pct,HOLD_SLACK_MARGIN,floorplan,1,moderate,50,24,31,25.14161719715085,-0.1835494683299346,-0.12092947269898793
jpeg,route,utilization_pct,IO_PLACER_H,floorplan,1,param_flat,0,0,0,,,
jpeg,route,utilization_pct,IO_PLACER_V,floorplan,1,param_flat,0,0,0,,,
jpeg,route,utilization_pct,MATCH_CELL_FOOTPRINT,route,1,param_flat,50,2,31,25.14161719715085,,
jpeg,route,utilization_pct,MAX_ROUTING_LAYER,route,1,param_flat,0,0,0,,,
jpeg,route,utilization_pct,MIN_ROUTING_LAYER,route,1,param_flat,0,0,0,,,
jpeg,route,utilization_pct,OPENROAD_HIERARCHICAL,synth,1,param_flat,52,2,31,24.736919425160963,,
jpeg,route,utilization_pct,PLACE_DENSITY,floorplan,1,strong,50,26,31,25.14161719715085,0.5293059762889585,0.4468274386257523
jpeg,route,utilization_pct,PLACE_DENSITY_LB_ADDON,floorplan,1,insensitive,52,17,31,24.736919425160963,0.003925965857745254,0.006454866840412912
jpeg,route,utilization_pct,PLACE_PINS_ARGS,place,1,non_numeric,0,0,0,,,
jpeg,route,utilization_pct,REMOVE_ABC_BUFFERS,floorplan,1,param_flat,52,2,31,24.736919425160963,,
jpeg,route,utilization_pct,ROUTING_LAYER_ADJUSTMENT,floorplan,1,strong,50,12,31,25.14161719715085,-0.39421268378296115,-0.3299575235252435
jpeg,route,utilization_pct,SETUP_SLACK_MARGIN,floorplan,1,moderate,50,23,31,25.14161719715085,-0.2866783985740874,-0.2995460984798728
jpeg,route,utilization_pct,SYNTH_HIERARCHICAL,synth,1,param_flat,50,2,31,25.14161719715085,,
jpeg,route,utilization_pct,TNS_END_PERCENT,floorplan,1,weak,52,26,31,24.736919425160963,0.12154581503577336,0.11937794036035622
jpeg,route,core_area_um2,ABC_AREA,synth,1,param_flat,375,2,282,37.35876130936277,,
jpeg,route,core_area_um2,CELL_PAD_IN_SITES_DETAIL_PLACEMENT,floorplan,1,insensitive,375,5,282,37.35876130936277,0.04688164215381543,0.0546987346033387
jpeg,route,core_area_um2,CELL_PAD_IN_SITES_GLOBAL_PLACEMENT,floorplan,1,weak,375,5,282,37.35876130936277,0.09804792079626688,0.11248817045248144
jpeg,route,core_area_um2,CLUSTER_FLOPS,route,1,param_flat,375,2,282,37.35876130936277,,
jpeg,route,core_area_um2,CORE_ASPECT_RATIO,floorplan,1,moderate,377,73,282,37.24861286890045,0.20624001893830768,0.2990941009198921
jpeg,route,core_area_um2,CORE_MARGIN,floorplan,1,moderate,377,20,282,37.24861286890045,0.19881074022298564,0.2585791165740857
jpeg,route,core_area_um2,CORE_UTILIZATION,floorplan,1,strong,377,50,282,37.24861286890045,-0.8924929222590372,-0.8916564425842234
jpeg,route,core_area_um2,CTS_CLUSTER_DIAMETER,cts,1,weak,375,128,282,37.35876130936277,-0.12250024544767216,-0.0468458813769148
jpeg,route,core_area_um2,CTS_CLUSTER_SIZE,cts,1,insensitive,375,41,282,37.35876130936277,-0.042988068464834925,-0.05391790178277749
jpeg,route,core_area_um2,DETAILED_ROUTE_END_ITERATION,route,1,weak,375,106,282,37.35876130936277,0.08559514561587826,0.02335898799133057
jpeg,route,core_area_um2,DONT_BUFFER_PORTS,floorplan,1,param_flat,375,2,282,37.35876130936277,,
jpeg,route,core_area_um2,ENABLE_DPO,place,1,param_flat,375,2,282,37.35876130936277,,
jpeg,route,core_area_um2,FASTROUTE_TCL,floorplan,1,non_numeric,0,0,0,,,
jpeg,route,core_area_um2,GLOBAL_ROUTE_ARGS,route,1,non_numeric,0,0,0,,,
jpeg,route,core_area_um2,GPL_ROUTABILITY_DRIVEN,place,1,param_flat,375,2,282,37.35876130936277,,
jpeg,route,core_area_um2,GPL_TIMING_DRIVEN,place,1,param_flat,375,2,282,37.35876130936277,,
jpeg,route,core_area_um2,HOLD_SLACK_MARGIN,floorplan,1,weak,375,103,282,37.35876130936277,0.09308723408133049,0.044338065486093925
jpeg,route,core_area_um2,IO_PLACER_H,floorplan,1,param_flat,0,0,0,,,
jpeg,route,core_area_um2,IO_PLACER_V,floorplan,1,param_flat,0,0,0,,,
jpeg,route,core_area_um2,MATCH_CELL_FOOTPRINT,route,1,param_flat,375,2,282,37.35876130936277,,
jpeg,route,core_area_um2,MAX_ROUTING_LAYER,route,1,param_flat,0,0,0,,,
jpeg,route,core_area_um2,MIN_ROUTING_LAYER,route,1,param_flat,0,0,0,,,
jpeg,route,core_area_um2,OPENROAD_HIERARCHICAL,synth,1,param_flat,377,2,282,37.24861286890045,,
jpeg,route,core_area_um2,PLACE_DENSITY,floorplan,1,moderate,375,106,282,37.35876130936277,-0.1660711658678454,-0.11013004822360832
jpeg,route,core_area_um2,PLACE_DENSITY_LB_ADDON,floorplan,1,insensitive,377,109,282,37.24861286890045,-0.02133420527303286,0.021185266728587417
jpeg,route,core_area_um2,PLACE_PINS_ARGS,place,1,non_numeric,0,0,0,,,
jpeg,route,core_area_um2,REMOVE_ABC_BUFFERS,floorplan,1,param_flat,377,2,282,37.24861286890045,,
jpeg,route,core_area_um2,ROUTING_LAYER_ADJUSTMENT,floorplan,1,moderate,375,70,282,37.35876130936277,0.21332702296804007,0.20516376639825218
jpeg,route,core_area_um2,SETUP_SLACK_MARGIN,floorplan,1,weak,375,102,282,37.35876130936277,0.0881049083341898,0.09974570962586797
jpeg,route,core_area_um2,SYNTH_HIERARCHICAL,synth,1,param_flat,375,2,282,37.35876130936277,,
jpeg,route,core_area_um2,TNS_END_PERCENT,floorplan,1,insensitive,377,88,282,37.24861286890045,0.029065936132521526,0.010210626306408434
jpeg,finish,wns_ns,ABC_AREA,synth,1,param_flat,50,2,34,86.8453738265557,,
jpeg,finish,wns_ns,CELL_PAD_IN_SITES_DETAIL_PLACEMENT,floorplan,1,insensitive,50,3,34,86.8453738265557,-0.07136637812833549,-0.18407269786359998
jpeg,finish,wns_ns,CELL_PAD_IN_SITES_GLOBAL_PLACEMENT,floorplan,1,moderate,50,3,34,86.8453738265557,-0.2512111253946955,-0.26390959901921446
jpeg,finish,wns_ns,CLUSTER_FLOPS,route,1,param_flat,50,2,34,86.8453738265557,,
jpeg,finish,wns_ns,CORE_ASPECT_RATIO,floorplan,1,moderate,52,17,34,85.3641987863191,0.2186881979085349,0.10756106292463921
jpeg,finish,wns_ns,CORE_MARGIN,floorplan,1,weak,52,9,34,85.3641987863191,0.13710556232020682,0.009710336801005446
jpeg,finish,wns_ns,CORE_UTILIZATION,floorplan,1,insensitive,52,21,34,85.3641987863191,-0.05727709989357531,-0.016067754862920173
jpeg,finish,wns_ns,CTS_CLUSTER_DIAMETER,cts,1,insensitive,50,31,34,86.8453738265557,0.00979637738278076,-0.013725759730006353
jpeg,finish,wns_ns,CTS_CLUSTER_SIZE,cts,1,insensitive,50,20,34,86.8453738265557,-0.0324308806999408,-0.0964919510390764
jpeg,finish,wns_ns,DETAILED_ROUTE_END_ITERATION,route,1,moderate,50,25,34,86.8453738265557,-0.17546535684416487,-0.06911548195941988
jpeg,finish,wns_ns,DONT_BUFFER_PORTS,floorplan,1,param_flat,50,2,34,86.8453738265557,,
jpeg,finish,wns_ns,ENABLE_DPO,place,1,param_flat,50,2,34,86.8453738265557,,
jpeg,finish,wns_ns,FASTROUTE_TCL,floorplan,1,non_numeric,0,0,0,,,
jpeg,finish,wns_ns,GLOBAL_ROUTE_ARGS,route,1,non_numeric,0,0,0,,,
jpeg,finish,wns_ns,GPL_ROUTABILITY_DRIVEN,place,1,param_flat,50,2,34,86.8453738265557,,
jpeg,finish,wns_ns,GPL_TIMING_DRIVEN,place,1,param_flat,50,2,34,86.8453738265557,,
jpeg,finish,wns_ns,HOLD_SLACK_MARGIN,floorplan,1,weak,50,24,34,86.8453738265557,0.1469431962952754,0.05148696595066256
jpeg,finish,wns_ns,IO_PLACER_H,floorplan,1,param_flat,0,0,0,,,
jpeg,finish,wns_ns,IO_PLACER_V,floorplan,1,param_flat,0,0,0,,,
jpeg,finish,wns_ns,MATCH_CELL_FOOTPRINT,route,1,param_flat,50,2,34,86.8453738265557,,
jpeg,finish,wns_ns,MAX_ROUTING_LAYER,route,1,param_flat,0,0,0,,,
jpeg,finish,wns_ns,MIN_ROUTING_LAYER,route,1,param_flat,0,0,0,,,
jpeg,finish,wns_ns,OPENROAD_HIERARCHICAL,synth,1,param_flat,52,2,34,85.3641987863191,,
jpeg,finish,wns_ns,PLACE_DENSITY,floorplan,1,moderate,50,26,34,86.8453738265557,-0.26267032059568696,-0.24952840416777822
jpeg,finish,wns_ns,PLACE_DENSITY_LB_ADDON,floorplan,1,weak,52,17,34,85.3641987863191,0.08859210244109125,0.09181411631904483
jpeg,finish,wns_ns,PLACE_PINS_ARGS,place,1,non_numeric,0,0,0,,,
jpeg,finish,wns_ns,REMOVE_ABC_BUFFERS,floorplan,1,param_flat,52,2,34,85.3641987863191,,
jpeg,finish,wns_ns,ROUTING_LAYER_ADJUSTMENT,floorplan,1,moderate,50,12,34,86.8453738265557,0.20022889492535273,0.04926324635632157
jpeg,finish,wns_ns,SETUP_SLACK_MARGIN,floorplan,1,insensitive,50,23,34,86.8453738265557,0.059988929384827555,0.006427791582897569
jpeg,finish,wns_ns,SYNTH_HIERARCHICAL,synth,1,param_flat,50,2,34,86.8453738265557,,
jpeg,finish,wns_ns,TNS_END_PERCENT,floorplan,1,weak,52,26,34,85.3641987863191,0.11215780723851816,0.12197030244800355
jpeg,finish,tns_ns,ABC_AREA,synth,1,param_flat,50,2,46,122.28356976297947,,
jpeg,finish,tns_ns,CELL_PAD_IN_SITES_DETAIL_PLACEMENT,floorplan,1,weak,50,3,46,122.28356976297947,-0.11474488494659194,-0.1292384162272181
jpeg,finish,tns_ns,CELL_PAD_IN_SITES_GLOBAL_PLACEMENT,floorplan,1,moderate,50,3,46,122.28356976297947,-0.20408039794342842,-0.1727312106589978
jpeg,finish,tns_ns,CLUSTER_FLOPS,route,1,param_flat,50,2,46,122.28356976297947,,
jpeg,finish,tns_ns,CORE_ASPECT_RATIO,floorplan,1,weak,52,17,47,120.99594164860706,0.14504773515657346,0.06388393492749876
jpeg,finish,tns_ns,CORE_MARGIN,floorplan,1,weak,52,9,47,120.99594164860706,0.11242262648210186,-0.05673361671599187
jpeg,finish,tns_ns,CORE_UTILIZATION,floorplan,1,insensitive,52,21,47,120.99594164860706,0.07035496305166829,0.09625395884815746
jpeg,finish,tns_ns,CTS_CLUSTER_DIAMETER,cts,1,insensitive,50,31,46,122.28356976297947,-0.050502926869225806,-0.01302463014662029
jpeg,finish,tns_ns,CTS_CLUSTER_SIZE,cts,1,insensitive,50,20,46,122.28356976297947,-0.0700189520981026,-0.0898753876145621
jpeg,finish,tns_ns,DETAILED_ROUTE_END_ITERATION,route,1,weak,50,25,46,122.28356976297947,-0.1268620856750618,-0.11242567010924295
jpeg,finish,tns_ns,DONT_BUFFER_PORTS,floorplan,1,param_flat,50,2,46,122.28356976297947,,
jpeg,finish,tns_ns,ENABLE_DPO,place,1,param_flat,50,2,46,122.28356976297947,,
jpeg,finish,tns_ns,FASTROUTE_TCL,floorplan,1,non_numeric,0,0,0,,,
jpeg,finish,tns_ns,GLOBAL_ROUTE_ARGS,route,1,non_numeric,0,0,0,,,
jpeg,finish,tns_ns,GPL_ROUTABILITY_DRIVEN,place,1,param_flat,50,2,46,122.28356976297947,,
jpeg,finish,tns_ns,GPL_TIMING_DRIVEN,place,1,param_flat,50,2,46,122.28356976297947,,
jpeg,finish,tns_ns,HOLD_SLACK_MARGIN,floorplan,1,weak,50,24,46,122.28356976297947,0.10230755345240367,0.0021771952800387186
jpeg,finish,tns_ns,IO_PLACER_H,floorplan,1,param_flat,0,0,0,,,
jpeg,finish,tns_ns,IO_PLACER_V,floorplan,1,param_flat,0,0,0,,,
jpeg,finish,tns_ns,MATCH_CELL_FOOTPRINT,route,1,param_flat,50,2,46,122.28356976297947,,
jpeg,finish,tns_ns,MAX_ROUTING_LAYER,route,1,param_flat,0,0,0,,,
jpeg,finish,tns_ns,MIN_ROUTING_LAYER,route,1,param_flat,0,0,0,,,
jpeg,finish,tns_ns,OPENROAD_HIERARCHICAL,synth,1,param_flat,52,2,47,120.99594164860706,,
jpeg,finish,tns_ns,PLACE_DENSITY,floorplan,1,moderate,50,26,46,122.28356976297947,-0.20935753500150125,-0.16396434801589113
jpeg,finish,tns_ns,PLACE_DENSITY_LB_ADDON,floorplan,1,insensitive,52,17,47,120.99594164860706,0.07135757422259421,0.13940744766123234
jpeg,finish,tns_ns,PLACE_PINS_ARGS,place,1,non_numeric,0,0,0,,,
jpeg,finish,tns_ns,REMOVE_ABC_BUFFERS,floorplan,1,param_flat,52,2,47,120.99594164860706,,
jpeg,finish,tns_ns,ROUTING_LAYER_ADJUSTMENT,floorplan,1,weak,50,12,46,122.28356976297947,0.12551640363567174,0.005248674444580677
jpeg,finish,tns_ns,SETUP_SLACK_MARGIN,floorplan,1,insensitive,50,23,46,122.28356976297947,-0.025980298173169363,-0.017282998822042272
jpeg,finish,tns_ns,SYNTH_HIERARCHICAL,synth,1,param_flat,50,2,46,122.28356976297947,,
jpeg,finish,tns_ns,TNS_END_PERCENT,floorplan,1,insensitive,52,26,47,120.99594164860706,0.05674984008802902,0.15422797656974443
jpeg,finish,fmax_mhz,ABC_AREA,synth,1,param_flat,50,2,49,6.827439593176726,,
jpeg,finish,fmax_mhz,CELL_PAD_IN_SITES_DETAIL_PLACEMENT,floorplan,1,insensitive,50,3,49,6.827439593176726,-0.0688201876034101,-0.1742675531660118
jpeg,finish,fmax_mhz,CELL_PAD_IN_SITES_GLOBAL_PLACEMENT,floorplan,1,moderate,50,3,49,6.827439593176726,-0.2510542504121753,-0.2558585066284426
jpeg,finish,fmax_mhz,CLUSTER_FLOPS,route,1,param_flat,50,2,49,6.827439593176726,,
jpeg,finish,fmax_mhz,CORE_ASPECT_RATIO,floorplan,1,moderate,52,17,50,6.6923493164988095,0.22397480897915087,0.09564571847493394
jpeg,finish,fmax_mhz,CORE_MARGIN,floorplan,1,weak,52,9,50,6.6923493164988095,0.1382488193659681,0.001904577484526999
jpeg,finish,fmax_mhz,CORE_UTILIZATION,floorplan,1,insensitive,52,21,50,6.6923493164988095,-0.05648607963009983,0.002961299688900994
jpeg,finish,fmax_mhz,CTS_CLUSTER_DIAMETER,cts,1,insensitive,50,31,49,6.827439593176726,0.007023970171135857,-0.049632244229186835
jpeg,finish,fmax_mhz,CTS_CLUSTER_SIZE,cts,1,insensitive,50,20,49,6.827439593176726,-0.04407363524959612,-0.12049122594694447
jpeg,finish,fmax_mhz,DETAILED_ROUTE_END_ITERATION,route,1,moderate,50,25,49,6.827439593176726,-0.17314248477284053,-0.06386852038139625
jpeg,finish,fmax_mhz,DONT_BUFFER_PORTS,floorplan,1,param_flat,50,2,49,6.827439593176726,,
jpeg,finish,fmax_mhz,ENABLE_DPO,place,1,param_flat,50,2,49,6.827439593176726,,
jpeg,finish,fmax_mhz,FASTROUTE_TCL,floorplan,1,non_numeric,0,0,0,,,
jpeg,finish,fmax_mhz,GLOBAL_ROUTE_ARGS,route,1,non_numeric,0,0,0,,,
jpeg,finish,fmax_mhz,GPL_ROUTABILITY_DRIVEN,place,1,param_flat,50,2,49,6.827439593176726,,
jpeg,finish,fmax_mhz,GPL_TIMING_DRIVEN,place,1,param_flat,50,2,49,6.827439593176726,,
jpeg,finish,fmax_mhz,HOLD_SLACK_MARGIN,floorplan,1,moderate,50,24,49,6.827439593176726,0.15326416036771306,0.050825343051867714
jpeg,finish,fmax_mhz,IO_PLACER_H,floorplan,1,param_flat,0,0,0,,,
jpeg,finish,fmax_mhz,IO_PLACER_V,floorplan,1,param_flat,0,0,0,,,
jpeg,finish,fmax_mhz,MATCH_CELL_FOOTPRINT,route,1,param_flat,50,2,49,6.827439593176726,,
jpeg,finish,fmax_mhz,MAX_ROUTING_LAYER,route,1,param_flat,0,0,0,,,
jpeg,finish,fmax_mhz,MIN_ROUTING_LAYER,route,1,param_flat,0,0,0,,,
jpeg,finish,fmax_mhz,OPENROAD_HIERARCHICAL,synth,1,param_flat,52,2,50,6.6923493164988095,,
jpeg,finish,fmax_mhz,PLACE_DENSITY,floorplan,1,moderate,50,26,49,6.827439593176726,-0.2638055874949986,-0.24583511512365244
jpeg,finish,fmax_mhz,PLACE_DENSITY_LB_ADDON,floorplan,1,weak,52,17,50,6.6923493164988095,0.08948132608400845,0.06855548161464552
jpeg,finish,fmax_mhz,PLACE_PINS_ARGS,place,1,non_numeric,0,0,0,,,
jpeg,finish,fmax_mhz,REMOVE_ABC_BUFFERS,floorplan,1,param_flat,52,2,50,6.6923493164988095,,
jpeg,finish,fmax_mhz,ROUTING_LAYER_ADJUSTMENT,floorplan,1,moderate,50,12,49,6.827439593176726,0.20071673257326,0.06632770849906863
jpeg,finish,fmax_mhz,SETUP_SLACK_MARGIN,floorplan,1,insensitive,50,23,49,6.827439593176726,0.06731651300499222,-0.010623576918378709
jpeg,finish,fmax_mhz,SYNTH_HIERARCHICAL,synth,1,param_flat,50,2,49,6.827439593176726,,
jpeg,finish,fmax_mhz,TNS_END_PERCENT,floorplan,1,weak,52,26,50,6.6923493164988095,0.11005310655173961,0.09155664001382523
jpeg,finish,power_total_w,ABC_AREA,synth,1,param_flat,50,2,44,13.545405052484,,
jpeg,finish,power_total_w,CELL_PAD_IN_SITES_DETAIL_PLACEMENT,floorplan,1,insensitive,50,3,44,13.545405052484,-0.0550423370996363,0.09355813592549188
jpeg,finish,power_total_w,CELL_PAD_IN_SITES_GLOBAL_PLACEMENT,floorplan,1,weak,50,3,44,13.545405052484,0.12331033663035823,0.238910910811827
jpeg,finish,power_total_w,CLUSTER_FLOPS,route,1,param_flat,50,2,44,13.545405052484,,
jpeg,finish,power_total_w,CORE_ASPECT_RATIO,floorplan,1,weak,52,17,44,13.401799944381358,-0.10478573275039825,0.025983552939795262
jpeg,finish,power_total_w,CORE_MARGIN,floorplan,1,weak,52,9,44,13.401799944381358,-0.10250955037528235,-0.11884615623147164
jpeg,finish,power_total_w,CORE_UTILIZATION,floorplan,1,insensitive,52,21,44,13.401799944381358,-0.05845083579896956,-0.020406937287164677
jpeg,finish,power_total_w,CTS_CLUSTER_DIAMETER,cts,1,strong,50,31,44,13.545405052484,-0.32917987731876736,-0.2722298807208334
jpeg,finish,power_total_w,CTS_CLUSTER_SIZE,cts,1,moderate,50,20,44,13.545405052484,-0.16831450466194695,-0.11038751465251223
jpeg,finish,power_total_w,DETAILED_ROUTE_END_ITERATION,route,1,insensitive,50,25,44,13.545405052484,0.038977977682678105,-0.02543350667863742
jpeg,finish,power_total_w,DONT_BUFFER_PORTS,floorplan,1,param_flat,50,2,44,13.545405052484,,
jpeg,finish,power_total_w,ENABLE_DPO,place,1,param_flat,50,2,44,13.545405052484,,
jpeg,finish,power_total_w,FASTROUTE_TCL,floorplan,1,non_numeric,0,0,0,,,
jpeg,finish,power_total_w,GLOBAL_ROUTE_ARGS,route,1,non_numeric,0,0,0,,,
jpeg,finish,power_total_w,GPL_ROUTABILITY_DRIVEN,place,1,param_flat,50,2,44,13.545405052484,,
jpeg,finish,power_total_w,GPL_TIMING_DRIVEN,place,1,param_flat,50,2,44,13.545405052484,,
jpeg,finish,power_total_w,HOLD_SLACK_MARGIN,floorplan,1,moderate,50,24,44,13.545405052484,-0.15084050153884818,-0.11676066754058255
jpeg,finish,power_total_w,IO_PLACER_H,floorplan,1,param_flat,0,0,0,,,
jpeg,finish,power_total_w,IO_PLACER_V,floorplan,1,param_flat,0,0,0,,,
jpeg,finish,power_total_w,MATCH_CELL_FOOTPRINT,route,1,param_flat,50,2,44,13.545405052484,,
jpeg,finish,power_total_w,MAX_ROUTING_LAYER,route,1,param_flat,0,0,0,,,
jpeg,finish,power_total_w,MIN_ROUTING_LAYER,route,1,param_flat,0,0,0,,,
jpeg,finish,power_total_w,OPENROAD_HIERARCHICAL,synth,1,param_flat,52,2,44,13.401799944381358,,
jpeg,finish,power_total_w,PLACE_DENSITY,floorplan,1,moderate,50,26,44,13.545405052484,0.1886614511326699,0.19198605517272957
jpeg,finish,power_total_w,PLACE_DENSITY_LB_ADDON,floorplan,1,weak,52,17,44,13.401799944381358,0.12043987967807858,0.10007280798358463
jpeg,finish,power_total_w,PLACE_PINS_ARGS,place,1,non_numeric,0,0,0,,,
jpeg,finish,power_total_w,REMOVE_ABC_BUFFERS,floorplan,1,param_flat,52,2,44,13.401799944381358,,
jpeg,finish,power_total_w,ROUTING_LAYER_ADJUSTMENT,floorplan,1,strong,50,12,44,13.545405052484,-0.31819720703273324,-0.23405519404163072
jpeg,finish,power_total_w,SETUP_SLACK_MARGIN,floorplan,1,insensitive,50,23,44,13.545405052484,-0.06042517538672815,-0.018395749142505673
jpeg,finish,power_total_w,SYNTH_HIERARCHICAL,synth,1,param_flat,50,2,44,13.545405052484,,
jpeg,finish,power_total_w,TNS_END_PERCENT,floorplan,1,insensitive,52,26,44,13.401799944381358,-0.05408373744089673,-0.03895585747123365
jpeg,finish,utilization_pct,ABC_AREA,synth,1,param_flat,50,2,31,25.14161719715085,,
jpeg,finish,utilization_pct,CELL_PAD_IN_SITES_DETAIL_PLACEMENT,floorplan,1,strong,50,3,31,25.14161719715085,-0.3351769831728908,-0.3019532223563573
jpeg,finish,utilization_pct,CELL_PAD_IN_SITES_GLOBAL_PLACEMENT,floorplan,1,insensitive,50,3,31,25.14161719715085,0.05479717254594841,0.016300359405787248
jpeg,finish,utilization_pct,CLUSTER_FLOPS,route,1,param_flat,50,2,31,25.14161719715085,,
jpeg,finish,utilization_pct,CORE_ASPECT_RATIO,floorplan,1,strong,52,17,31,24.736919425160963,-0.5278161307780876,-0.6753470450822745
jpeg,finish,utilization_pct,CORE_MARGIN,floorplan,1,strong,52,9,31,24.736919425160963,-0.3472185666796323,-0.4260192889622284
jpeg,finish,utilization_pct,CORE_UTILIZATION,floorplan,1,strong,52,21,31,24.736919425160963,0.9843577354005659,0.9930254298417382
jpeg,finish,utilization_pct,CTS_CLUSTER_DIAMETER,cts,1,insensitive,50,31,31,25.14161719715085,-0.04164763058614679,-0.05617119539018014
jpeg,finish,utilization_pct,CTS_CLUSTER_SIZE,cts,1,weak,50,20,31,25.14161719715085,-0.1086436508907921,-0.050125716287507165
jpeg,finish,utilization_pct,DETAILED_ROUTE_END_ITERATION,route,1,weak,50,25,31,25.14161719715085,0.13600914365082487,0.17388729119250812
jpeg,finish,utilization_pct,DONT_BUFFER_PORTS,floorplan,1,param_flat,50,2,31,25.14161719715085,,
jpeg,finish,utilization_pct,ENABLE_DPO,place,1,param_flat,50,2,31,25.14161719715085,,
jpeg,finish,utilization_pct,FASTROUTE_TCL,floorplan,1,non_numeric,0,0,0,,,
jpeg,finish,utilization_pct,GLOBAL_ROUTE_ARGS,route,1,non_numeric,0,0,0,,,
jpeg,finish,utilization_pct,GPL_ROUTABILITY_DRIVEN,place,1,param_flat,50,2,31,25.14161719715085,,
jpeg,finish,utilization_pct,GPL_TIMING_DRIVEN,place,1,param_flat,50,2,31,25.14161719715085,,
jpeg,finish,utilization_pct,HOLD_SLACK_MARGIN,floorplan,1,moderate,50,24,31,25.14161719715085,-0.1835494683299346,-0.12092947269898793
jpeg,finish,utilization_pct,IO_PLACER_H,floorplan,1,param_flat,0,0,0,,,
jpeg,finish,utilization_pct,IO_PLACER_V,floorplan,1,param_flat,0,0,0,,,
jpeg,finish,utilization_pct,MATCH_CELL_FOOTPRINT,route,1,param_flat,50,2,31,25.14161719715085,,
jpeg,finish,utilization_pct,MAX_ROUTING_LAYER,route,1,param_flat,0,0,0,,,
jpeg,finish,utilization_pct,MIN_ROUTING_LAYER,route,1,param_flat,0,0,0,,,
jpeg,finish,utilization_pct,OPENROAD_HIERARCHICAL,synth,1,param_flat,52,2,31,24.736919425160963,,
jpeg,finish,utilization_pct,PLACE_DENSITY,floorplan,1,strong,50,26,31,25.14161719715085,0.5293059762889585,0.4468274386257523
jpeg,finish,utilization_pct,PLACE_DENSITY_LB_ADDON,floorplan,1,insensitive,52,17,31,24.736919425160963,0.003925965857745254,0.006454866840412912
jpeg,finish,utilization_pct,PLACE_PINS_ARGS,place,1,non_numeric,0,0,0,,,
jpeg,finish,utilization_pct,REMOVE_ABC_BUFFERS,floorplan,1,param_flat,52,2,31,24.736919425160963,,
jpeg,finish,utilization_pct,ROUTING_LAYER_ADJUSTMENT,floorplan,1,strong,50,12,31,25.14161719715085,-0.39421268378296115,-0.3299575235252435
jpeg,finish,utilization_pct,SETUP_SLACK_MARGIN,floorplan,1,moderate,50,23,31,25.14161719715085,-0.2866783985740874,-0.2995460984798728
jpeg,finish,utilization_pct,SYNTH_HIERARCHICAL,synth,1,param_flat,50,2,31,25.14161719715085,,
jpeg,finish,utilization_pct,TNS_END_PERCENT,floorplan,1,weak,52,26,31,24.736919425160963,0.12154581503577336,0.11937794036035622
jpeg,finish,drc_violations,ABC_AREA,synth,1,param_flat,69,2,34,667.7758989099977,,
jpeg,finish,drc_violations,CELL_PAD_IN_SITES_DETAIL_PLACEMENT,floorplan,1,insensitive,69,3,34,667.7758989099977,-0.025842936027364767,0.3100675391567973
jpeg,finish,drc_violations,CELL_PAD_IN_SITES_GLOBAL_PLACEMENT,floorplan,1,insensitive,69,3,34,667.7758989099977,0.06696638949621612,0.45160867797398024
jpeg,finish,drc_violations,CLUSTER_FLOPS,route,1,param_flat,69,2,34,667.7758989099977,,
jpeg,finish,drc_violations,CORE_ASPECT_RATIO,floorplan,1,strong,71,22,34,677.4614374490666,-0.3215862952662705,-0.18969709127243223
jpeg,finish,drc_violations,CORE_MARGIN,floorplan,1,moderate,71,9,34,677.4614374490666,-0.25174590393531154,0.18338337493590284
jpeg,finish,drc_violations,CORE_UTILIZATION,floorplan,1,strong,71,27,34,677.4614374490666,0.33923845948233106,-0.18807503152968544
jpeg,finish,drc_violations,CTS_CLUSTER_DIAMETER,cts,1,moderate,69,37,34,667.7758989099977,-0.16520992372105056,-0.0060289772864737575
jpeg,finish,drc_violations,CTS_CLUSTER_SIZE,cts,1,weak,69,23,34,667.7758989099977,-0.1282388710876293,0.04314999547385333
jpeg,finish,drc_violations,DETAILED_ROUTE_END_ITERATION,route,1,strong,69,27,34,667.7758989099977,0.34269205856299695,0.008931669261445452
jpeg,finish,drc_violations,DONT_BUFFER_PORTS,floorplan,1,param_flat,69,2,34,667.7758989099977,,
jpeg,finish,drc_violations,ENABLE_DPO,place,1,param_flat,69,2,34,667.7758989099977,,
jpeg,finish,drc_violations,FASTROUTE_TCL,floorplan,1,non_numeric,0,0,0,,,
jpeg,finish,drc_violations,GLOBAL_ROUTE_ARGS,route,1,non_numeric,0,0,0,,,
jpeg,finish,drc_violations,GPL_ROUTABILITY_DRIVEN,place,1,param_flat,69,2,34,667.7758989099977,,
jpeg,finish,drc_violations,GPL_TIMING_DRIVEN,place,1,param_flat,69,2,34,667.7758989099977,,
jpeg,finish,drc_violations,HOLD_SLACK_MARGIN,floorplan,1,weak,69,33,34,667.7758989099977,-0.1332660713592123,0.03540595011713562
jpeg,finish,drc_violations,IO_PLACER_H,floorplan,1,param_flat,0,0,0,,,
jpeg,finish,drc_violations,IO_PLACER_V,floorplan,1,param_flat,0,0,0,,,
jpeg,finish,drc_violations,MATCH_CELL_FOOTPRINT,route,1,param_flat,69,2,34,667.7758989099977,,
jpeg,finish,drc_violations,MAX_ROUTING_LAYER,route,1,param_flat,0,0,0,,,
jpeg,finish,drc_violations,MIN_ROUTING_LAYER,route,1,param_flat,0,0,0,,,
jpeg,finish,drc_violations,OPENROAD_HIERARCHICAL,synth,1,param_flat,71,2,34,677.4614374490666,,
jpeg,finish,drc_violations,PLACE_DENSITY,floorplan,1,moderate,69,34,34,667.7758989099977,0.17647493035938172,-0.07235458997301457
jpeg,finish,drc_violations,PLACE_DENSITY_LB_ADDON,floorplan,1,insensitive,71,21,34,677.4614374490666,-0.047423368594875885,-0.050599634870950885
jpeg,finish,drc_violations,PLACE_PINS_ARGS,place,1,non_numeric,0,0,0,,,
jpeg,finish,drc_violations,REMOVE_ABC_BUFFERS,floorplan,1,param_flat,71,2,34,677.4614374490666,,
jpeg,finish,drc_violations,ROUTING_LAYER_ADJUSTMENT,floorplan,1,moderate,69,15,34,667.7758989099977,-0.22924105303328804,0.1177646937971618
jpeg,finish,drc_violations,SETUP_SLACK_MARGIN,floorplan,1,weak,69,31,34,667.7758989099977,-0.11108974757259717,0.18099202239346285
jpeg,finish,drc_violations,SYNTH_HIERARCHICAL,synth,1,param_flat,69,2,34,667.7758989099977,,
jpeg,finish,drc_violations,TNS_END_PERCENT,floorplan,1,moderate,71,29,34,677.4614374490666,-0.16356742890500756,0.08348255753180044
