trajectory_id,stage,3_3_place_gp__globalplace__design__core__area,3_3_place_gp__globalplace__design__die__area,3_3_place_gp__globalplace__design__instance__area,3_3_place_gp__globalplace__design__instance__area__stdcell,3_3_place_gp__globalplace__design__instance__count,3_3_place_gp__globalplace__design__instance__count__stdcell,3_3_place_gp__globalplace__design__instance__utilization,3_3_place_gp__globalplace__design__instance__utilization__stdcell,3_3_place_gp__globalplace__design__nets,3_3_place_gp__globalplace__design__rows,3_3_place_gp__globalplace__design__rows:FreePDK45_38x28_10R_NP_162NW_34O,3_3_place_gp__globalplace__design__sites,3_3_place_gp__globalplace__design__sites:FreePDK45_38x28_10R_NP_162NW_34O,3_3_place_gp__globalplace__gpl__area__final,3_3_place_gp__globalplace__gpl__area__final__percent,3_3_place_gp__globalplace__gpl__area__original,3_3_place_gp__globalplace__gpl__area__timing_delta,3_3_place_gp__globalplace__gpl__area__timing_delta__percent,3_3_place_gp__globalplace__gpl__convergence__iteration,3_3_place_gp__globalplace__gpl__routability__congestion,3_3_place_gp__globalplace__gpl__routability__iteration,3_3_place_gp__globalplace__power__internal__total,3_3_place_gp__globalplace__power__leakage__total,3_3_place_gp__globalplace__power__switching__total,3_3_place_gp__globalplace__power__total,3_3_place_gp__globalplace__route__wirelength__estimated,3_3_place_gp__globalplace__timing__fmax,3_3_place_gp__globalplace__timing__fmax__clock:core_clock,3_3_place_gp__globalplace__timing__hold__ws,3_3_place_gp__globalplace__timing__setup__tns,3_3_place_gp__globalplace__timing__setup__ws,3_4_place_resized__placeopt__design__core__area,3_4_place_resized__placeopt__design__die__area,3_4_place_resized__placeopt__design__instance__area,3_4_place_resized__placeopt__design__instance__area__stdcell,3_4_place_resized__placeopt__design__instance__count,3_4_place_resized__placeopt__design__instance__count__stdcell,3_4_place_resized__placeopt__design__instance__utilization,3_4_place_resized__placeopt__design__instance__utilization__stdcell,3_4_place_resized__placeopt__design__nets,3_4_place_resized__placeopt__design__rows,3_4_place_resized__placeopt__design__rows:FreePDK45_38x28_10R_NP_162NW_34O,3_4_place_resized__placeopt__design__sites,3_4_place_resized__placeopt__design__sites:FreePDK45_38x28_10R_NP_162NW_34O,3_4_place_resized__placeopt__power__internal__total,3_4_place_resized__placeopt__power__leakage__total,3_4_place_resized__placeopt__power__switching__total,3_4_place_resized__placeopt__power__total,3_4_place_resized__placeopt__timing__drv__max_cap_limit,3_4_place_resized__placeopt__timing__drv__max_slew_limit,3_4_place_resized__placeopt__timing__drv__setup_violation_count,3_4_place_resized__placeopt__timing__fmax,3_4_place_resized__placeopt__timing__fmax__clock:core_clock,3_4_place_resized__placeopt__timing__hold__ws,3_4_place_resized__placeopt__timing__setup__tns,3_4_place_resized__placeopt__timing__setup__ws,3_5_place_dp__detailedplace__design__core__area,3_5_place_dp__detailedplace__design__die__area,3_5_place_dp__detailedplace__design__instance__area,3_5_place_dp__detailedplace__design__instance__area__stdcell,3_5_place_dp__detailedplace__design__instance__count,3_5_place_dp__detailedplace__design__instance__count__stdcell,3_5_place_dp__detailedplace__design__instance__displacement__max,3_5_place_dp__detailedplace__design__instance__displacement__mean,3_5_place_dp__detailedplace__design__instance__displacement__total,3_5_place_dp__detailedplace__design__instance__utilization,3_5_place_dp__detailedplace__design__instance__utilization__stdcell,3_5_place_dp__detailedplace__design__nets,3_5_place_dp__detailedplace__design__rows,3_5_place_dp__detailedplace__design__rows:FreePDK45_38x28_10R_NP_162NW_34O,3_5_place_dp__detailedplace__design__sites,3_5_place_dp__detailedplace__design__sites:FreePDK45_38x28_10R_NP_162NW_34O,3_5_place_dp__detailedplace__dpl__hpwl__delta,3_5_place_dp__detailedplace__dpl__hpwl__delta__percent,3_5_place_dp__detailedplace__negotiation__converge__phase_1__iteration,3_5_place_dp__detailedplace__power__internal__total,3_5_place_dp__detailedplace__power__leakage__total,3_5_place_dp__detailedplace__power__switching__total,3_5_place_dp__detailedplace__power__total,3_5_place_dp__detailedplace__route__wirelength__estimated,3_5_place_dp__detailedplace__timing__drv__max_cap_limit,3_5_place_dp__detailedplace__timing__drv__max_slew_limit,3_5_place_dp__detailedplace__timing__drv__setup_violation_count,3_5_place_dp__detailedplace__timing__fmax,3_5_place_dp__detailedplace__timing__fmax__clock:core_clock,3_5_place_dp__detailedplace__timing__hold__ws,3_5_place_dp__detailedplace__timing__setup__tns,3_5_place_dp__detailedplace__timing__setup__ws,3_5_place_dp__detailedplace__utilization__before__dpl,param:CLK_PERIOD,param:CORE_ASPECT_RATIO,param:CORE_UTILIZATION,param:CTS_CLUSTER_SIZE,param:PLACE_DENSITY_LB_ADDON,param:TNS_END_PERCENT
traj_default,placement,1076.77,1278.42,827.526,827.526,711.0,711.0,0.768528,0.768528,738.0,23.0,23.0,4048.0,4048.0,888.475,13.2197,784.735,103.74,13.2197,375.0,0.72427,66.0,0.00277926,2.08669e-05,0.0020474,0.00484752,2925.08,2506480000.0,2506480000.0,0.0923091,-6.6275,-0.148966,1076.77,1278.42,827.526,827.526,711.0,711.0,0.768528,0.768528,738.0,23.0,23.0,4048.0,4048.0,0.00277926,2.08669e-05,0.0020474,0.00484752,0.740788,0.741106,51.0,2506480000.0,2506480000.0,0.0923091,-6.6275,-0.148966,1076.77,1278.42,827.526,827.526,711.0,711.0,5.5015,1.349,959.171,0.768528,0.768528,738.0,23.0,23.0,4048.0,4048.0,1165690.0,20.0,3.0,0.0027797,2.08669e-05,0.00206606,0.00486662,3507.92,0.743718,0.742523,51.0,2494110000.0,2494110000.0,0.0928891,-6.72652,-0.150944,76.8528,0.25,1.0,55.0,50.0,0.2,100.0
traj_small_01,placement,1076.77,1278.42,829.388,829.388,712.0,712.0,0.770257,0.770257,739.0,23.0,23.0,4048.0,4048.0,890.337,13.457,784.735,105.602,13.457,379.0,0.728374,64.0,0.00279115,2.09232e-05,0.00205555,0.00486762,2951.97,2494890000.0,2494890000.0,0.0926093,-6.62883,-0.150819,1076.77,1278.42,829.388,829.388,712.0,712.0,0.770257,0.770257,739.0,23.0,23.0,4048.0,4048.0,0.00279115,2.09232e-05,0.00205555,0.00486762,0.747859,0.744527,50.0,2494890000.0,2494890000.0,0.0926093,-6.62883,-0.150819,1076.77,1278.42,829.388,829.388,712.0,712.0,4.5825,1.2765,909.2,0.770257,0.770257,739.0,23.0,23.0,4048.0,4048.0,1170310.0,20.0,3.0,0.00279165,2.09232e-05,0.00207029,0.00488286,3537.12,0.742213,0.741795,50.0,2467640000.0,2467640000.0,0.092802,-6.74804,-0.155245,77.0257,0.25,1.0,50.0,50.0,0.15,100.0
traj_small_02,placement,1076.77,1278.42,818.482,818.482,707.0,707.0,0.760128,0.760128,734.0,23.0,23.0,4048.0,4048.0,879.431,12.0673,784.735,94.696,12.0673,373.0,0.726809,65.0,0.00272626,2.0413e-05,0.00203671,0.00478338,2816.65,2500040000.0,2500040000.0,0.0926528,-6.59274,-0.149994,1076.77,1278.42,818.482,818.482,707.0,707.0,0.760128,0.760128,734.0,23.0,23.0,4048.0,4048.0,0.00272626,2.0413e-05,0.00203671,0.00478338,0.742859,0.742108,52.0,2500040000.0,2500040000.0,0.0926528,-6.59274,-0.149994,1076.77,1278.42,818.482,818.482,707.0,707.0,6.3565,1.3205,933.637,0.760128,0.760128,734.0,23.0,23.0,4048.0,4048.0,1228420.0,22.0,4.0,0.00272671,2.0413e-05,0.00205479,0.00480191,3430.86,0.755584,0.748266,52.0,2466790000.0,2466790000.0,0.0924872,-6.79634,-0.155386,76.0128,0.25,1.0,60.0,50.0,0.25,100.0
traj_small_03,placement,1076.77,1278.42,818.216,818.216,703.0,703.0,0.759881,0.759881,730.0,23.0,23.0,4048.0,4048.0,879.13,12.4532,781.774,97.356,12.4532,374.0,0.698121,66.0,0.00229042,2.055e-05,0.00170174,0.00401271,2930.36,2488010000.0,2488010000.0,0.102494,-4.3351,-0.101927,1076.77,1278.42,818.216,818.216,703.0,703.0,0.759881,0.759881,730.0,23.0,23.0,4048.0,4048.0,0.00229042,2.055e-05,0.00170174,0.00401271,0.721931,0.72506,49.0,2488010000.0,2488010000.0,0.102494,-4.3351,-0.101927,1076.77,1278.42,818.216,818.216,703.0,703.0,6.1335,1.3265,932.586,0.759881,0.759881,730.0,23.0,23.0,4048.0,4048.0,1230530.0,21.0,4.0,0.0022908,2.055e-05,0.00171441,0.00402576,3545.62,0.72141,0.71763,49.0,2474260000.0,2474260000.0,0.1024,-4.42989,-0.104161,75.9881,0.3,1.0,55.0,40.0,0.2,100.0
traj_small_04,placement,1113.48,1279.13,815.556,815.556,719.0,719.0,0.732441,0.732441,740.0,26.0,26.0,4186.0,4186.0,879.117,13.6522,773.515,105.602,13.6522,374.0,0.680145,68.0,0.00269885,2.03115e-05,0.0019785,0.00469766,2945.29,2493090000.0,2493090000.0,0.0925235,-6.66874,-0.151109,1113.48,1279.13,815.556,815.556,719.0,719.0,0.732441,0.732441,740.0,26.0,26.0,4186.0,4186.0,0.00269885,2.03115e-05,0.0019785,0.00469766,0.78435,0.762181,51.0,2493090000.0,2493090000.0,0.0925235,-6.66874,-0.151109,1113.48,1279.13,815.556,815.556,719.0,719.0,5.467,1.34,963.688,0.732441,0.732441,740.0,26.0,26.0,4186.0,4186.0,1201610.0,20.0,3.0,0.00269945,2.03115e-05,0.00199387,0.00471363,3546.09,0.77725,0.758748,51.0,2478350000.0,2478350000.0,0.0927656,-6.80661,-0.153495,73.2441,0.25,1.2,55.0,50.0,0.2,80.0
traj_small_05,placement,1113.48,1279.13,815.556,815.556,719.0,719.0,0.732441,0.732441,740.0,26.0,26.0,4186.0,4186.0,879.117,13.6522,773.515,105.602,13.6522,374.0,0.680145,68.0,0.00269885,2.03115e-05,0.0019785,0.00469766,2945.29,2493090000.0,2493090000.0,0.0925235,-6.66874,-0.151109,1113.48,1279.13,815.556,815.556,719.0,719.0,0.732441,0.732441,740.0,26.0,26.0,4186.0,4186.0,0.00269885,2.03115e-05,0.0019785,0.00469766,0.78435,0.762181,51.0,2493090000.0,2493090000.0,0.0925235,-6.66874,-0.151109,1113.48,1279.13,815.556,815.556,719.0,719.0,5.467,1.34,963.688,0.732441,0.732441,740.0,26.0,26.0,4186.0,4186.0,1201610.0,20.0,3.0,0.00269945,2.03115e-05,0.00199387,0.00471363,3546.09,0.77725,0.758748,51.0,2478350000.0,2478350000.0,0.0927656,-6.80661,-0.153495,73.2441,0.25,0.9,52.0,50.0,0.2,100.0
traj_medium_01,placement,1076.77,1278.42,790.818,790.818,688.0,688.0,0.734437,0.734437,715.0,23.0,23.0,4048.0,4048.0,855.412,10.5541,773.75,81.662,10.5541,377.0,0.721308,68.0,0.00187955,1.95179e-05,0.00140371,0.00330278,2912.02,2453560000.0,2453560000.0,0.106915,-2.23505,-0.0575712,1076.77,1278.42,790.818,790.818,688.0,688.0,0.734437,0.734437,715.0,23.0,23.0,4048.0,4048.0,0.00187955,1.95179e-05,0.00140371,0.00330278,0.798421,0.726305,48.0,2453560000.0,2453560000.0,0.106915,-2.23505,-0.0575712,1076.77,1278.42,790.818,790.818,688.0,688.0,5.3695,1.295,891.268,0.734437,0.734437,715.0,23.0,23.0,4048.0,4048.0,1089580.0,19.0,3.0,0.00187965,1.95179e-05,0.00141014,0.00330931,3456.81,0.795625,0.716049,48.0,2442290000.0,2442290000.0,0.107092,-2.28071,-0.0597836,73.4437,0.35,1.0,45.0,50.0,0.1,100.0
traj_medium_02,placement,1076.77,1278.42,817.684,817.684,706.0,706.0,0.759387,0.759387,733.0,23.0,23.0,4048.0,4048.0,878.633,11.9656,784.735,93.898,11.9656,367.0,0.708537,65.0,0.00272894,2.03931e-05,0.00203297,0.0047823,2798.02,2500990000.0,2500990000.0,0.092294,-6.56116,-0.149842,1076.77,1278.42,817.684,817.684,706.0,706.0,0.759387,0.759387,733.0,23.0,23.0,4048.0,4048.0,0.00272894,2.03931e-05,0.00203297,0.0047823,0.73137,0.736548,52.0,2500990000.0,2500990000.0,0.092294,-6.56116,-0.149842,1076.77,1278.42,817.684,817.684,706.0,706.0,7.196,1.41,995.731,0.759387,0.759387,733.0,23.0,23.0,4048.0,4048.0,1402600.0,25.0,6.0,0.00272967,2.03931e-05,0.00205606,0.00480613,3499.32,0.746151,0.7437,52.0,2479290000.0,2479290000.0,0.092801,-6.7389,-0.153342,75.9387,0.25,1.0,65.0,80.0,0.3,100.0
traj_medium_03,placement,1076.77,1278.42,817.95,817.95,722.0,722.0,0.759634,0.759634,749.0,23.0,23.0,4048.0,4048.0,885.58,14.5943,772.796,112.784,14.5943,374.0,0.699932,67.0,0.00344691,2.03951e-05,0.00247275,0.00594006,2887.93,2505470000.0,2505470000.0,0.0824234,-9.23854,-0.199127,1076.77,1278.42,817.95,817.95,722.0,722.0,0.759634,0.759634,749.0,23.0,23.0,4048.0,4048.0,0.00344691,2.03951e-05,0.00247275,0.00594006,0.769415,0.754961,53.0,2505470000.0,2505470000.0,0.0824234,-9.23854,-0.199127,1076.77,1278.42,817.95,817.95,722.0,722.0,6.4145,1.3785,995.431,0.759634,0.759634,749.0,23.0,23.0,4048.0,4048.0,1383980.0,24.0,4.0,0.00344787,2.03951e-05,0.00249364,0.00596191,3579.92,0.783461,0.761753,53.0,2492690000.0,2492690000.0,0.0824512,-9.32541,-0.201174,75.9634,0.2,1.0,55.0,50.0,0.2,50.0
traj_medium_04,placement,1091.66,1282.85,821.142,821.142,700.0,700.0,0.752193,0.752193,737.0,18.0,18.0,4104.0,4104.0,884.751,12.7452,784.735,100.016,12.7452,371.0,0.728691,62.0,0.00275768,2.06802e-05,0.0020687,0.00484705,3191.38,2489460000.0,2489460000.0,0.0924498,-6.62067,-0.151693,1091.66,1282.85,821.142,821.142,700.0,700.0,0.752193,0.752193,737.0,18.0,18.0,4104.0,4104.0,0.00275768,2.06802e-05,0.0020687,0.00484705,0.789881,0.764858,51.0,2489460000.0,2489460000.0,0.0924498,-6.62067,-0.151693,1091.66,1282.85,821.142,821.142,700.0,700.0,5.6045,1.3155,920.998,0.752193,0.752193,737.0,18.0,18.0,4104.0,4104.0,1093090.0,17.0,3.0,0.00275831,2.06802e-05,0.00208365,0.00486264,3737.93,0.764926,0.752789,51.0,2466320000.0,2466320000.0,0.0927294,-6.7829,-0.155462,75.2193,0.25,0.6,58.0,50.0,0.2,100.0
traj_medium_05,placement,1091.66,1279.88,828.058,828.058,718.0,718.0,0.758528,0.758528,737.0,27.0,27.0,4104.0,4104.0,886.879,13.0164,784.735,102.144,13.0164,366.0,0.679073,68.0,0.00274807,2.07491e-05,0.00205086,0.00481968,2972.9,2488190000.0,2488190000.0,0.092469,-6.67292,-0.151899,1091.66,1279.88,828.058,828.058,718.0,718.0,0.758528,0.758528,737.0,27.0,27.0,4104.0,4104.0,0.00274807,2.07491e-05,0.00205086,0.00481968,0.716753,0.729472,49.0,2488190000.0,2488190000.0,0.092469,-6.67292,-0.151899,1091.66,1279.88,828.058,828.058,718.0,718.0,5.4095,1.2895,925.948,0.758528,0.758528,737.0,27.0,27.0,4104.0,4104.0,1200620.0,20.0,3.0,0.00274857,2.07491e-05,0.00206998,0.0048393,3573.21,0.732369,0.737027,49.0,2485580000.0,2485580000.0,0.092841,-6.70295,-0.152321,75.8528,0.25,1.35,56.0,50.0,0.2,100.0
traj_large_01,placement,1076.77,1278.42,675.374,675.374,609.0,609.0,0.627223,0.627223,636.0,23.0,23.0,4048.0,4048.0,759.494,1.74611,746.46,13.034,1.74611,374.0,0.736751,72.0,0.00123754,1.5601e-05,0.000953877,0.00220701,2860.24,2341510000.0,2341510000.0,0.106962,0.0,0.00740813,1076.77,1278.42,675.374,675.374,609.0,609.0,0.627223,0.627223,636.0,23.0,23.0,4048.0,4048.0,0.00123754,1.5601e-05,0.000953877,0.00220701,0.760058,0.607387,0.0,2341510000.0,2341510000.0,0.106962,0.0,0.00740813,1076.77,1278.42,675.374,675.374,609.0,609.0,3.8585,1.2195,742.73,0.627223,0.627223,636.0,23.0,23.0,4048.0,4048.0,734989.0,13.0,1.0,0.00123781,1.5601e-05,0.000959518,0.00221293,3227.74,0.757853,0.603982,0.0,2348050000.0,2348050000.0,0.10812,0.0,0.0065945,62.7223,0.45,1.0,40.0,50.0,0.05,100.0
traj_large_02,placement,1076.77,1278.42,823.536,823.536,712.0,712.0,0.764822,0.764822,739.0,23.0,23.0,4048.0,4048.0,884.485,12.7113,784.735,99.75,12.7113,368.0,0.707247,65.0,0.00275239,2.05852e-05,0.00203813,0.00481111,2787.33,2496990000.0,2496990000.0,0.0923179,-6.63635,-0.150483,1076.77,1278.42,823.536,823.536,712.0,712.0,0.764822,0.764822,739.0,23.0,23.0,4048.0,4048.0,0.00275239,2.05852e-05,0.00203813,0.00481111,0.753259,0.747139,52.0,2496990000.0,2496990000.0,0.0923179,-6.63635,-0.150483,1076.77,1278.42,823.536,823.536,712.0,712.0,6.375,1.363,970.576,0.764822,0.764822,739.0,23.0,23.0,4048.0,4048.0,1310500.0,24.0,5.0,0.00275306,2.05852e-05,0.00205803,0.00483167,3442.58,0.751287,0.746185,52.0,2477420000.0,2477420000.0,0.0926361,-6.78075,-0.153646,76.4822,0.25,1.0,72.0,120.0,0.35,100.0
traj_large_03,placement,1076.77,1278.42,819.546,819.546,727.0,727.0,0.761117,0.761117,754.0,23.0,23.0,4048.0,4048.0,887.176,14.8008,772.796,114.38,14.8008,372.0,0.669555,68.0,0.00467701,2.03665e-05,0.00332852,0.0080259,2877.36,2468800000.0,2468800000.0,0.072299,-11.9068,-0.255056,1076.77,1278.42,819.546,819.546,727.0,727.0,0.761117,0.761117,754.0,23.0,23.0,4048.0,4048.0,0.00467701,2.03665e-05,0.00332852,0.0080259,0.77147,0.755955,53.0,2468800000.0,2468800000.0,0.072299,-11.9068,-0.255056,1076.77,1278.42,819.546,819.546,727.0,727.0,5.593,1.357,986.637,0.761117,0.761117,754.0,23.0,23.0,4048.0,4048.0,1325400.0,23.0,5.0,0.00467791,2.03665e-05,0.00335306,0.00805133,3540.06,0.769658,0.755078,53.0,2458220000.0,2458220000.0,0.0725378,-11.9815,-0.256798,76.1117,0.15,1.0,55.0,50.0,0.2,30.0
traj_large_04,placement,1064.0,1286.77,823.802,823.802,702.0,702.0,0.77425,0.77425,743.0,16.0,16.0,4000.0,4000.0,888.475,13.2197,784.735,103.74,13.2197,394.0,0.717416,74.0,0.00276555,2.0708e-05,0.00204706,0.00483332,2991.28,2455440000.0,2455440000.0,0.0925712,-6.67485,-0.157258,1064.0,1286.77,823.802,823.802,702.0,702.0,0.77425,0.77425,743.0,16.0,16.0,4000.0,4000.0,0.00276555,2.0708e-05,0.00204706,0.00483332,0.734153,0.737894,51.0,2455440000.0,2455440000.0,0.0925712,-6.67485,-0.157258,1064.0,1286.77,823.802,823.802,702.0,702.0,5.647,1.28,898.774,0.77425,0.77425,743.0,16.0,16.0,4000.0,4000.0,1049780.0,18.0,4.0,0.00276617,2.0708e-05,0.00205925,0.00484613,3516.17,0.738785,0.740136,51.0,2468460000.0,2468460000.0,0.0932087,-6.75169,-0.155111,77.425,0.25,0.5,62.0,50.0,0.2,100.0
traj_bad_01,placement,1076.77,1278.42,842.156,842.156,720.0,720.0,0.782115,0.782115,747.0,23.0,23.0,4048.0,4048.0,902.586,14.0879,791.132,111.454,14.0879,372.0,0.683829,65.0,0.00605422,2.14096e-05,0.00435621,0.0104318,2774.57,2532170000.0,2532170000.0,0.0665511,-13.1426,-0.274918,1076.77,1278.42,842.156,842.156,720.0,720.0,0.782115,0.782115,747.0,23.0,23.0,4048.0,4048.0,0.00605422,2.14096e-05,0.00435621,0.0104318,0.746255,0.743751,53.0,2532170000.0,2532170000.0,0.0665511,-13.1426,-0.274918,1076.77,1278.42,842.156,842.156,720.0,720.0,7.465,1.4695,1058.39,0.782115,0.782115,747.0,23.0,23.0,4048.0,4048.0,1585810.0,29.0,8.0,0.00605547,2.14096e-05,0.00440988,0.0104868,3567.48,0.724339,0.733146,53.0,2507460000.0,2507460000.0,0.0665306,-13.3107,-0.27881,78.2115,0.12,1.0,85.0,50.0,0.4,100.0
traj_bad_02,placement,1076.77,1278.42,844.55,844.55,723.0,723.0,0.784338,0.784338,750.0,23.0,23.0,4048.0,4048.0,904.98,14.3905,791.132,113.848,14.3905,369.0,0.717108,64.0,0.0072581,2.14796e-05,0.00525155,0.0125311,2903.35,2503430000.0,2503430000.0,0.062744,-14.255,-0.299453,1076.77,1278.42,844.55,844.55,723.0,723.0,0.784338,0.784338,750.0,23.0,23.0,4048.0,4048.0,0.0072581,2.14796e-05,0.00525155,0.0125311,0.752258,0.746656,53.0,2503430000.0,2503430000.0,0.062744,-14.255,-0.299453,1076.77,1278.42,844.55,844.55,723.0,723.0,5.915,1.336,966.265,0.784338,0.784338,750.0,23.0,23.0,4048.0,4048.0,1297720.0,22.0,3.0,0.00725944,2.14796e-05,0.00529644,0.0125774,3552.21,0.779615,0.759894,53.0,2487210000.0,2487210000.0,0.0628012,-14.3632,-0.302057,78.4338,0.1,1.0,90.0,200.0,0.2,100.0
traj_bad_03,placement,1076.77,1278.42,665.798,665.798,600.0,600.0,0.61833,0.61833,627.0,23.0,23.0,4048.0,4048.0,749.918,0.463253,746.46,3.458,0.463253,376.0,0.693021,70.0,0.000910361,1.5262e-05,0.000701221,0.00162684,2699.62,2207480000.0,2207480000.0,0.107079,0.0,0.128742,1076.77,1278.42,665.798,665.798,600.0,600.0,0.61833,0.61833,627.0,23.0,23.0,4048.0,4048.0,0.000910361,1.5262e-05,0.000701221,0.00162684,0.760498,0.553864,0.0,2207480000.0,2207480000.0,0.107079,0.0,0.128742,1076.77,1278.42,665.798,665.798,600.0,600.0,4.1775,1.2565,754.09,0.61833,0.61833,627.0,23.0,23.0,4048.0,4048.0,765080.0,14.0,1.0,0.000910546,1.5262e-05,0.000706644,0.00163245,3082.16,0.737633,0.555381,0.0,2213080000.0,2213080000.0,0.107399,0.0,0.125865,61.833,0.6,1.0,35.0,50.0,0.2,10.0
traj_bad_04,placement,1088.47,1286.64,854.924,854.924,746.0,746.0,0.785435,0.785435,753.0,33.0,33.0,4092.0,4092.0,910.034,15.0293,791.132,118.902,15.0293,371.0,0.723398,66.0,0.00608965,2.16594e-05,0.00444856,0.0105599,3304.4,2468460000.0,2468460000.0,0.0663225,-13.3862,-0.285112,1088.47,1286.64,854.924,854.924,746.0,746.0,0.785435,0.785435,753.0,33.0,33.0,4092.0,4092.0,0.00608965,2.16594e-05,0.00444856,0.0105599,0.797793,0.692406,53.0,2468460000.0,2468460000.0,0.0663225,-13.3862,-0.285112,1088.47,1286.64,854.924,854.924,746.0,746.0,5.014,1.3375,997.792,0.785435,0.785435,753.0,33.0,33.0,4092.0,4092.0,1413080.0,21.0,5.0,0.00609091,2.16594e-05,0.00450075,0.0106133,4010.95,0.798517,0.68653,53.0,2461940000.0,2461940000.0,0.066531,-13.524,-0.286184,78.5435,0.12,2.0,78.0,50.0,0.2,100.0
traj_sweep_001,placement,1076.77,1278.42,835.506,835.506,712.0,712.0,0.775939,0.775939,739.0,23.0,23.0,4048.0,4048.0,895.936,13.2473,791.132,104.804,13.2473,378.0,0.713634,65.0,0.00391684,2.12227e-05,0.00288572,0.00682379,2915.62,2502940000.0,2502940000.0,0.0787703,-10.1664,-0.21953,1076.77,1278.42,835.506,835.506,712.0,712.0,0.775939,0.775939,739.0,23.0,23.0,4048.0,4048.0,0.00391684,2.12227e-05,0.00288572,0.00682379,0.755825,0.748382,53.0,2502940000.0,2502940000.0,0.0787703,-10.1664,-0.21953,1076.77,1278.42,835.506,835.506,712.0,712.0,4.6885,1.348,960.011,0.775939,0.775939,739.0,23.0,23.0,4048.0,4048.0,1276570.0,22.0,3.0,0.00391767,2.12227e-05,0.00290764,0.00684654,3553.91,0.786154,0.763055,53.0,2485070000.0,2485070000.0,0.0791,-10.2739,-0.222404,77.5939,0.18,1.0,42.0,50.0,0.2,100.0
traj_sweep_002,placement,1076.77,1278.42,830.718,830.718,705.0,705.0,0.771492,0.771492,732.0,23.0,23.0,4048.0,4048.0,891.148,12.6421,791.132,100.016,12.6421,379.0,0.734526,66.0,0.00315413,2.11153e-05,0.00234778,0.00552303,2914.11,2501870000.0,2501870000.0,0.0868799,-8.07462,-0.179702,1076.77,1278.42,830.718,830.718,705.0,705.0,0.771492,0.771492,732.0,23.0,23.0,4048.0,4048.0,0.00315413,2.11153e-05,0.00234778,0.00552303,0.766883,0.753736,53.0,2501870000.0,2501870000.0,0.0868799,-8.07462,-0.179702,1076.77,1278.42,830.718,830.718,705.0,705.0,5.405,1.282,903.962,0.771492,0.771492,732.0,23.0,23.0,4048.0,4048.0,1173420.0,20.0,4.0,0.00315482,2.11153e-05,0.00236833,0.00554427,3500.82,0.774799,0.757565,53.0,2485180000.0,2485180000.0,0.0870924,-8.1763,-0.182385,77.1492,0.22,1.0,42.0,50.0,0.2,100.0
traj_sweep_003,placement,1076.77,1278.42,823.536,823.536,711.0,711.0,0.764822,0.764822,738.0,23.0,23.0,4048.0,4048.0,884.45,13.1337,781.774,102.676,13.1337,376.0,0.718272,68.0,0.00244768,2.06349e-05,0.00181855,0.00428686,2871.06,2484540000.0,2484540000.0,0.0983615,-5.26336,-0.122489,1076.77,1278.42,823.536,823.536,711.0,711.0,0.764822,0.764822,738.0,23.0,23.0,4048.0,4048.0,0.00244768,2.06349e-05,0.00181855,0.00428686,0.789292,0.764572,49.0,2484540000.0,2484540000.0,0.0983615,-5.26336,-0.122489,1076.77,1278.42,823.536,823.536,711.0,711.0,4.9025,1.3285,944.769,0.764822,0.764822,738.0,23.0,23.0,4048.0,4048.0,1220630.0,21.0,2.0,0.0024486,2.06349e-05,0.00183445,0.00430369,3481.37,0.789965,0.764898,49.0,2442210000.0,2442210000.0,0.0988796,-5.40333,-0.129464,76.4822,0.28,1.0,42.0,50.0,0.2,100.0
traj_sweep_004,placement,1076.77,1278.42,804.916,804.916,693.0,693.0,0.74753,0.74753,720.0,23.0,23.0,4048.0,4048.0,867.022,11.4169,778.178,88.844,11.4169,376.0,0.707363,66.0,0.00209775,2.01274e-05,0.00156171,0.00367959,2835.7,2496650000.0,2496650000.0,0.106358,-3.31344,-0.084481,1076.77,1278.42,804.916,804.916,693.0,693.0,0.74753,0.74753,720.0,23.0,23.0,4048.0,4048.0,0.00209775,2.01274e-05,0.00156171,0.00367959,0.760607,0.750696,48.0,2496650000.0,2496650000.0,0.106358,-3.31344,-0.084481,1076.77,1278.42,804.916,804.916,693.0,693.0,4.608,1.3505,936.081,0.74753,0.74753,720.0,23.0,23.0,4048.0,4048.0,1201620.0,21.0,4.0,0.00209825,2.01274e-05,0.00157658,0.00369496,3436.51,0.760274,0.750535,48.0,2476220000.0,2476220000.0,0.106896,-3.41434,-0.0843828,74.753,0.32,1.0,42.0,50.0,0.2,100.0
traj_sweep_005,placement,1076.77,1278.42,785.232,785.232,687.0,687.0,0.729249,0.729249,714.0,23.0,23.0,4048.0,4048.0,851.631,10.1492,773.161,78.47,10.1492,369.0,0.70579,68.0,0.00172133,1.92943e-05,0.00127667,0.0030173,2784.27,2429380000.0,2429380000.0,0.107506,-0.923693,-0.0316276,1076.77,1278.42,785.232,785.232,687.0,687.0,0.729249,0.729249,714.0,23.0,23.0,4048.0,4048.0,0.00172133,1.92943e-05,0.00127667,0.0030173,0.784595,0.739281,46.0,2429380000.0,2429380000.0,0.107506,-0.923693,-0.0316276,1076.77,1278.42,785.232,785.232,687.0,687.0,4.3915,1.35,927.53,0.729249,0.729249,714.0,23.0,23.0,4048.0,4048.0,1136970.0,20.0,5.0,0.00172153,1.92943e-05,0.00128681,0.00302763,3352.76,0.783388,0.735654,46.0,2439020000.0,2439020000.0,0.107973,-0.989843,-0.0357411,72.9249,0.38,1.0,42.0,50.0,0.2,100.0
traj_sweep_006,placement,1076.77,1278.42,673.512,673.512,609.0,609.0,0.625494,0.625494,636.0,23.0,23.0,4048.0,4048.0,757.632,1.49666,746.46,11.172,1.49666,377.0,0.700785,73.0,0.00122985,1.54905e-05,0.000948943,0.00219429,2803.65,2326600000.0,2326600000.0,0.107342,0.0,0.0166585,1076.77,1278.42,673.512,673.512,609.0,609.0,0.625494,0.625494,636.0,23.0,23.0,4048.0,4048.0,0.00122985,1.54905e-05,0.000948943,0.00219429,0.74802,0.616609,0.0,2326600000.0,2326600000.0,0.107342,0.0,0.0166585,1076.77,1278.42,673.512,673.512,609.0,609.0,4.238,1.266,771.15,0.625494,0.625494,636.0,23.0,23.0,4048.0,4048.0,790890.0,14.0,1.0,0.00122997,1.54905e-05,0.000952181,0.00219764,3199.09,0.755657,0.617557,0.0,2317970000.0,2317970000.0,0.108172,0.0,0.0120457,62.5494,0.45,1.0,42.0,50.0,0.2,100.0
traj_sweep_007,placement,1076.77,1278.42,666.596,666.596,602.0,602.0,0.619071,0.619071,629.0,23.0,23.0,4048.0,4048.0,750.716,0.570158,746.46,4.256,0.570158,375.0,0.693292,70.0,0.00105001,1.52594e-05,0.000819116,0.00188438,2716.0,2286780000.0,2286780000.0,0.107137,0.0,0.0645186,1076.77,1278.42,666.596,666.596,602.0,602.0,0.619071,0.619071,629.0,23.0,23.0,4048.0,4048.0,0.00105001,1.52594e-05,0.000819116,0.00188438,0.783777,0.627299,0.0,2286780000.0,2286780000.0,0.107137,0.0,0.0645186,1076.77,1278.42,666.596,666.596,602.0,602.0,4.0475,1.2435,748.743,0.619071,0.619071,629.0,23.0,23.0,4048.0,4048.0,770249.0,14.0,2.0,0.00105008,1.52594e-05,0.000820859,0.0018862,3101.12,0.793141,0.621339,0.0,2271980000.0,2271980000.0,0.10796,0.0,0.0631478,61.9071,0.52,1.0,42.0,50.0,0.2,100.0
traj_sweep_008,placement,1076.77,1278.42,835.506,835.506,712.0,712.0,0.775939,0.775939,739.0,23.0,23.0,4048.0,4048.0,895.936,13.2473,791.132,104.804,13.2473,378.0,0.713634,65.0,0.00391684,2.12227e-05,0.00288572,0.00682379,2915.62,2502940000.0,2502940000.0,0.0787703,-10.1664,-0.21953,1076.77,1278.42,835.506,835.506,712.0,712.0,0.775939,0.775939,739.0,23.0,23.0,4048.0,4048.0,0.00391684,2.12227e-05,0.00288572,0.00682379,0.755825,0.748382,53.0,2502940000.0,2502940000.0,0.0787703,-10.1664,-0.21953,1076.77,1278.42,835.506,835.506,712.0,712.0,4.6885,1.348,960.011,0.775939,0.775939,739.0,23.0,23.0,4048.0,4048.0,1276570.0,22.0,3.0,0.00391767,2.12227e-05,0.00290764,0.00684654,3553.91,0.786154,0.763055,53.0,2485070000.0,2485070000.0,0.0791,-10.2739,-0.222404,77.5939,0.18,1.0,48.0,50.0,0.2,100.0
traj_sweep_009,placement,1076.77,1278.42,830.718,830.718,705.0,705.0,0.771492,0.771492,732.0,23.0,23.0,4048.0,4048.0,891.148,12.6421,791.132,100.016,12.6421,379.0,0.734526,66.0,0.00315413,2.11153e-05,0.00234778,0.00552303,2914.11,2501870000.0,2501870000.0,0.0868799,-8.07462,-0.179702,1076.77,1278.42,830.718,830.718,705.0,705.0,0.771492,0.771492,732.0,23.0,23.0,4048.0,4048.0,0.00315413,2.11153e-05,0.00234778,0.00552303,0.766883,0.753736,53.0,2501870000.0,2501870000.0,0.0868799,-8.07462,-0.179702,1076.77,1278.42,830.718,830.718,705.0,705.0,5.405,1.282,903.962,0.771492,0.771492,732.0,23.0,23.0,4048.0,4048.0,1173420.0,20.0,4.0,0.00315482,2.11153e-05,0.00236833,0.00554427,3500.82,0.774799,0.757565,53.0,2485180000.0,2485180000.0,0.0870924,-8.1763,-0.182385,77.1492,0.22,1.0,48.0,50.0,0.2,100.0
traj_sweep_010,placement,1076.77,1278.42,823.536,823.536,711.0,711.0,0.764822,0.764822,738.0,23.0,23.0,4048.0,4048.0,884.45,13.1337,781.774,102.676,13.1337,376.0,0.718272,68.0,0.00244768,2.06349e-05,0.00181855,0.00428686,2871.06,2484540000.0,2484540000.0,0.0983615,-5.26336,-0.122489,1076.77,1278.42,823.536,823.536,711.0,711.0,0.764822,0.764822,738.0,23.0,23.0,4048.0,4048.0,0.00244768,2.06349e-05,0.00181855,0.00428686,0.789292,0.764572,49.0,2484540000.0,2484540000.0,0.0983615,-5.26336,-0.122489,1076.77,1278.42,823.536,823.536,711.0,711.0,4.9025,1.3285,944.769,0.764822,0.764822,738.0,23.0,23.0,4048.0,4048.0,1220630.0,21.0,2.0,0.0024486,2.06349e-05,0.00183445,0.00430369,3481.37,0.789965,0.764898,49.0,2442210000.0,2442210000.0,0.0988796,-5.40333,-0.129464,76.4822,0.28,1.0,48.0,50.0,0.2,100.0
traj_sweep_011,placement,1076.77,1278.42,804.916,804.916,693.0,693.0,0.74753,0.74753,720.0,23.0,23.0,4048.0,4048.0,867.022,11.4169,778.178,88.844,11.4169,376.0,0.707363,66.0,0.00209775,2.01274e-05,0.00156171,0.00367959,2835.7,2496650000.0,2496650000.0,0.106358,-3.31344,-0.084481,1076.77,1278.42,804.916,804.916,693.0,693.0,0.74753,0.74753,720.0,23.0,23.0,4048.0,4048.0,0.00209775,2.01274e-05,0.00156171,0.00367959,0.760607,0.750696,48.0,2496650000.0,2496650000.0,0.106358,-3.31344,-0.084481,1076.77,1278.42,804.916,804.916,693.0,693.0,4.608,1.3505,936.081,0.74753,0.74753,720.0,23.0,23.0,4048.0,4048.0,1201620.0,21.0,4.0,0.00209825,2.01274e-05,0.00157658,0.00369496,3436.51,0.760274,0.750535,48.0,2476220000.0,2476220000.0,0.106896,-3.41434,-0.0843828,74.753,0.32,1.0,48.0,50.0,0.2,100.0
traj_sweep_012,placement,1076.77,1278.42,785.232,785.232,687.0,687.0,0.729249,0.729249,714.0,23.0,23.0,4048.0,4048.0,851.631,10.1492,773.161,78.47,10.1492,369.0,0.70579,68.0,0.00172133,1.92943e-05,0.00127667,0.0030173,2784.27,2429380000.0,2429380000.0,0.107506,-0.923693,-0.0316276,1076.77,1278.42,785.232,785.232,687.0,687.0,0.729249,0.729249,714.0,23.0,23.0,4048.0,4048.0,0.00172133,1.92943e-05,0.00127667,0.0030173,0.784595,0.739281,46.0,2429380000.0,2429380000.0,0.107506,-0.923693,-0.0316276,1076.77,1278.42,785.232,785.232,687.0,687.0,4.3915,1.35,927.53,0.729249,0.729249,714.0,23.0,23.0,4048.0,4048.0,1136970.0,20.0,5.0,0.00172153,1.92943e-05,0.00128681,0.00302763,3352.76,0.783388,0.735654,46.0,2439020000.0,2439020000.0,0.107973,-0.989843,-0.0357411,72.9249,0.38,1.0,48.0,50.0,0.2,100.0
traj_sweep_013,placement,1076.77,1278.42,673.512,673.512,609.0,609.0,0.625494,0.625494,636.0,23.0,23.0,4048.0,4048.0,757.632,1.49666,746.46,11.172,1.49666,377.0,0.700785,73.0,0.00122985,1.54905e-05,0.000948943,0.00219429,2803.65,2326600000.0,2326600000.0,0.107342,0.0,0.0166585,1076.77,1278.42,673.512,673.512,609.0,609.0,0.625494,0.625494,636.0,23.0,23.0,4048.0,4048.0,0.00122985,1.54905e-05,0.000948943,0.00219429,0.74802,0.616609,0.0,2326600000.0,2326600000.0,0.107342,0.0,0.0166585,1076.77,1278.42,673.512,673.512,609.0,609.0,4.238,1.266,771.15,0.625494,0.625494,636.0,23.0,23.0,4048.0,4048.0,790890.0,14.0,1.0,0.00122997,1.54905e-05,0.000952181,0.00219764,3199.09,0.755657,0.617557,0.0,2317970000.0,2317970000.0,0.108172,0.0,0.0120457,62.5494,0.45,1.0,48.0,50.0,0.2,100.0
traj_sweep_014,placement,1076.77,1278.42,666.596,666.596,602.0,602.0,0.619071,0.619071,629.0,23.0,23.0,4048.0,4048.0,750.716,0.570158,746.46,4.256,0.570158,375.0,0.693292,70.0,0.00105001,1.52594e-05,0.000819116,0.00188438,2716.0,2286780000.0,2286780000.0,0.107137,0.0,0.0645186,1076.77,1278.42,666.596,666.596,602.0,602.0,0.619071,0.619071,629.0,23.0,23.0,4048.0,4048.0,0.00105001,1.52594e-05,0.000819116,0.00188438,0.783777,0.627299,0.0,2286780000.0,2286780000.0,0.107137,0.0,0.0645186,1076.77,1278.42,666.596,666.596,602.0,602.0,4.0475,1.2435,748.743,0.619071,0.619071,629.0,23.0,23.0,4048.0,4048.0,770249.0,14.0,2.0,0.00105008,1.52594e-05,0.000820859,0.0018862,3101.12,0.793141,0.621339,0.0,2271980000.0,2271980000.0,0.10796,0.0,0.0631478,61.9071,0.52,1.0,48.0,50.0,0.2,100.0
traj_sweep_015,placement,1076.77,1278.42,835.506,835.506,712.0,712.0,0.775939,0.775939,739.0,23.0,23.0,4048.0,4048.0,895.936,13.2473,791.132,104.804,13.2473,378.0,0.713634,65.0,0.00391684,2.12227e-05,0.00288572,0.00682379,2915.62,2502940000.0,2502940000.0,0.0787703,-10.1664,-0.21953,1076.77,1278.42,835.506,835.506,712.0,712.0,0.775939,0.775939,739.0,23.0,23.0,4048.0,4048.0,0.00391684,2.12227e-05,0.00288572,0.00682379,0.755825,0.748382,53.0,2502940000.0,2502940000.0,0.0787703,-10.1664,-0.21953,1076.77,1278.42,835.506,835.506,712.0,712.0,4.6885,1.348,960.011,0.775939,0.775939,739.0,23.0,23.0,4048.0,4048.0,1276570.0,22.0,3.0,0.00391767,2.12227e-05,0.00290764,0.00684654,3553.91,0.786154,0.763055,53.0,2485070000.0,2485070000.0,0.0791,-10.2739,-0.222404,77.5939,0.18,1.0,52.0,50.0,0.2,100.0
traj_sweep_016,placement,1076.77,1278.42,830.718,830.718,705.0,705.0,0.771492,0.771492,732.0,23.0,23.0,4048.0,4048.0,891.148,12.6421,791.132,100.016,12.6421,379.0,0.734526,66.0,0.00315413,2.11153e-05,0.00234778,0.00552303,2914.11,2501870000.0,2501870000.0,0.0868799,-8.07462,-0.179702,1076.77,1278.42,830.718,830.718,705.0,705.0,0.771492,0.771492,732.0,23.0,23.0,4048.0,4048.0,0.00315413,2.11153e-05,0.00234778,0.00552303,0.766883,0.753736,53.0,2501870000.0,2501870000.0,0.0868799,-8.07462,-0.179702,1076.77,1278.42,830.718,830.718,705.0,705.0,5.405,1.282,903.962,0.771492,0.771492,732.0,23.0,23.0,4048.0,4048.0,1173420.0,20.0,4.0,0.00315482,2.11153e-05,0.00236833,0.00554427,3500.82,0.774799,0.757565,53.0,2485180000.0,2485180000.0,0.0870924,-8.1763,-0.182385,77.1492,0.22,1.0,52.0,50.0,0.2,100.0
traj_sweep_017,placement,1076.77,1278.42,823.536,823.536,711.0,711.0,0.764822,0.764822,738.0,23.0,23.0,4048.0,4048.0,884.45,13.1337,781.774,102.676,13.1337,376.0,0.718272,68.0,0.00244768,2.06349e-05,0.00181855,0.00428686,2871.06,2484540000.0,2484540000.0,0.0983615,-5.26336,-0.122489,1076.77,1278.42,823.536,823.536,711.0,711.0,0.764822,0.764822,738.0,23.0,23.0,4048.0,4048.0,0.00244768,2.06349e-05,0.00181855,0.00428686,0.789292,0.764572,49.0,2484540000.0,2484540000.0,0.0983615,-5.26336,-0.122489,1076.77,1278.42,823.536,823.536,711.0,711.0,4.9025,1.3285,944.769,0.764822,0.764822,738.0,23.0,23.0,4048.0,4048.0,1220630.0,21.0,2.0,0.0024486,2.06349e-05,0.00183445,0.00430369,3481.37,0.789965,0.764898,49.0,2442210000.0,2442210000.0,0.0988796,-5.40333,-0.129464,76.4822,0.28,1.0,52.0,50.0,0.2,100.0
traj_sweep_018,placement,1076.77,1278.42,804.916,804.916,693.0,693.0,0.74753,0.74753,720.0,23.0,23.0,4048.0,4048.0,867.022,11.4169,778.178,88.844,11.4169,376.0,0.707363,66.0,0.00209775,2.01274e-05,0.00156171,0.00367959,2835.7,2496650000.0,2496650000.0,0.106358,-3.31344,-0.084481,1076.77,1278.42,804.916,804.916,693.0,693.0,0.74753,0.74753,720.0,23.0,23.0,4048.0,4048.0,0.00209775,2.01274e-05,0.00156171,0.00367959,0.760607,0.750696,48.0,2496650000.0,2496650000.0,0.106358,-3.31344,-0.084481,1076.77,1278.42,804.916,804.916,693.0,693.0,4.608,1.3505,936.081,0.74753,0.74753,720.0,23.0,23.0,4048.0,4048.0,1201620.0,21.0,4.0,0.00209825,2.01274e-05,0.00157658,0.00369496,3436.51,0.760274,0.750535,48.0,2476220000.0,2476220000.0,0.106896,-3.41434,-0.0843828,74.753,0.32,1.0,52.0,50.0,0.2,100.0
traj_sweep_019,placement,1076.77,1278.42,785.232,785.232,687.0,687.0,0.729249,0.729249,714.0,23.0,23.0,4048.0,4048.0,851.631,10.1492,773.161,78.47,10.1492,369.0,0.70579,68.0,0.00172133,1.92943e-05,0.00127667,0.0030173,2784.27,2429380000.0,2429380000.0,0.107506,-0.923693,-0.0316276,1076.77,1278.42,785.232,785.232,687.0,687.0,0.729249,0.729249,714.0,23.0,23.0,4048.0,4048.0,0.00172133,1.92943e-05,0.00127667,0.0030173,0.784595,0.739281,46.0,2429380000.0,2429380000.0,0.107506,-0.923693,-0.0316276,1076.77,1278.42,785.232,785.232,687.0,687.0,4.3915,1.35,927.53,0.729249,0.729249,714.0,23.0,23.0,4048.0,4048.0,1136970.0,20.0,5.0,0.00172153,1.92943e-05,0.00128681,0.00302763,3352.76,0.783388,0.735654,46.0,2439020000.0,2439020000.0,0.107973,-0.989843,-0.0357411,72.9249,0.38,1.0,52.0,50.0,0.2,100.0
traj_sweep_020,placement,1076.77,1278.42,673.512,673.512,609.0,609.0,0.625494,0.625494,636.0,23.0,23.0,4048.0,4048.0,757.632,1.49666,746.46,11.172,1.49666,377.0,0.700785,73.0,0.00122985,1.54905e-05,0.000948943,0.00219429,2803.65,2326600000.0,2326600000.0,0.107342,0.0,0.0166585,1076.77,1278.42,673.512,673.512,609.0,609.0,0.625494,0.625494,636.0,23.0,23.0,4048.0,4048.0,0.00122985,1.54905e-05,0.000948943,0.00219429,0.74802,0.616609,0.0,2326600000.0,2326600000.0,0.107342,0.0,0.0166585,1076.77,1278.42,673.512,673.512,609.0,609.0,4.238,1.266,771.15,0.625494,0.625494,636.0,23.0,23.0,4048.0,4048.0,790890.0,14.0,1.0,0.00122997,1.54905e-05,0.000952181,0.00219764,3199.09,0.755657,0.617557,0.0,2317970000.0,2317970000.0,0.108172,0.0,0.0120457,62.5494,0.45,1.0,52.0,50.0,0.2,100.0
traj_sweep_021,placement,1076.77,1278.42,666.596,666.596,602.0,602.0,0.619071,0.619071,629.0,23.0,23.0,4048.0,4048.0,750.716,0.570158,746.46,4.256,0.570158,375.0,0.693292,70.0,0.00105001,1.52594e-05,0.000819116,0.00188438,2716.0,2286780000.0,2286780000.0,0.107137,0.0,0.0645186,1076.77,1278.42,666.596,666.596,602.0,602.0,0.619071,0.619071,629.0,23.0,23.0,4048.0,4048.0,0.00105001,1.52594e-05,0.000819116,0.00188438,0.783777,0.627299,0.0,2286780000.0,2286780000.0,0.107137,0.0,0.0645186,1076.77,1278.42,666.596,666.596,602.0,602.0,4.0475,1.2435,748.743,0.619071,0.619071,629.0,23.0,23.0,4048.0,4048.0,770249.0,14.0,2.0,0.00105008,1.52594e-05,0.000820859,0.0018862,3101.12,0.793141,0.621339,0.0,2271980000.0,2271980000.0,0.10796,0.0,0.0631478,61.9071,0.52,1.0,52.0,50.0,0.2,100.0
traj_sweep_022,placement,1076.77,1278.42,835.506,835.506,712.0,712.0,0.775939,0.775939,739.0,23.0,23.0,4048.0,4048.0,895.936,13.2473,791.132,104.804,13.2473,378.0,0.713634,65.0,0.00391684,2.12227e-05,0.00288572,0.00682379,2915.62,2502940000.0,2502940000.0,0.0787703,-10.1664,-0.21953,1076.77,1278.42,835.506,835.506,712.0,712.0,0.775939,0.775939,739.0,23.0,23.0,4048.0,4048.0,0.00391684,2.12227e-05,0.00288572,0.00682379,0.755825,0.748382,53.0,2502940000.0,2502940000.0,0.0787703,-10.1664,-0.21953,1076.77,1278.42,835.506,835.506,712.0,712.0,4.6885,1.348,960.011,0.775939,0.775939,739.0,23.0,23.0,4048.0,4048.0,1276570.0,22.0,3.0,0.00391767,2.12227e-05,0.00290764,0.00684654,3553.91,0.786154,0.763055,53.0,2485070000.0,2485070000.0,0.0791,-10.2739,-0.222404,77.5939,0.18,1.0,58.0,50.0,0.2,100.0
traj_sweep_023,placement,1076.77,1278.42,830.718,830.718,705.0,705.0,0.771492,0.771492,732.0,23.0,23.0,4048.0,4048.0,891.148,12.6421,791.132,100.016,12.6421,379.0,0.734526,66.0,0.00315413,2.11153e-05,0.00234778,0.00552303,2914.11,2501870000.0,2501870000.0,0.0868799,-8.07462,-0.179702,1076.77,1278.42,830.718,830.718,705.0,705.0,0.771492,0.771492,732.0,23.0,23.0,4048.0,4048.0,0.00315413,2.11153e-05,0.00234778,0.00552303,0.766883,0.753736,53.0,2501870000.0,2501870000.0,0.0868799,-8.07462,-0.179702,1076.77,1278.42,830.718,830.718,705.0,705.0,5.405,1.282,903.962,0.771492,0.771492,732.0,23.0,23.0,4048.0,4048.0,1173420.0,20.0,4.0,0.00315482,2.11153e-05,0.00236833,0.00554427,3500.82,0.774799,0.757565,53.0,2485180000.0,2485180000.0,0.0870924,-8.1763,-0.182385,77.1492,0.22,1.0,58.0,50.0,0.2,100.0
traj_sweep_024,placement,1076.77,1278.42,823.536,823.536,711.0,711.0,0.764822,0.764822,738.0,23.0,23.0,4048.0,4048.0,884.45,13.1337,781.774,102.676,13.1337,376.0,0.718272,68.0,0.00244768,2.06349e-05,0.00181855,0.00428686,2871.06,2484540000.0,2484540000.0,0.0983615,-5.26336,-0.122489,1076.77,1278.42,823.536,823.536,711.0,711.0,0.764822,0.764822,738.0,23.0,23.0,4048.0,4048.0,0.00244768,2.06349e-05,0.00181855,0.00428686,0.789292,0.764572,49.0,2484540000.0,2484540000.0,0.0983615,-5.26336,-0.122489,1076.77,1278.42,823.536,823.536,711.0,711.0,4.9025,1.3285,944.769,0.764822,0.764822,738.0,23.0,23.0,4048.0,4048.0,1220630.0,21.0,2.0,0.0024486,2.06349e-05,0.00183445,0.00430369,3481.37,0.789965,0.764898,49.0,2442210000.0,2442210000.0,0.0988796,-5.40333,-0.129464,76.4822,0.28,1.0,58.0,50.0,0.2,100.0
traj_sweep_025,placement,1076.77,1278.42,804.916,804.916,693.0,693.0,0.74753,0.74753,720.0,23.0,23.0,4048.0,4048.0,867.022,11.4169,778.178,88.844,11.4169,376.0,0.707363,66.0,0.00209775,2.01274e-05,0.00156171,0.00367959,2835.7,2496650000.0,2496650000.0,0.106358,-3.31344,-0.084481,1076.77,1278.42,804.916,804.916,693.0,693.0,0.74753,0.74753,720.0,23.0,23.0,4048.0,4048.0,0.00209775,2.01274e-05,0.00156171,0.00367959,0.760607,0.750696,48.0,2496650000.0,2496650000.0,0.106358,-3.31344,-0.084481,1076.77,1278.42,804.916,804.916,693.0,693.0,4.608,1.3505,936.081,0.74753,0.74753,720.0,23.0,23.0,4048.0,4048.0,1201620.0,21.0,4.0,0.00209825,2.01274e-05,0.00157658,0.00369496,3436.51,0.760274,0.750535,48.0,2476220000.0,2476220000.0,0.106896,-3.41434,-0.0843828,74.753,0.32,1.0,58.0,50.0,0.2,100.0
traj_sweep_026,placement,1076.77,1278.42,785.232,785.232,687.0,687.0,0.729249,0.729249,714.0,23.0,23.0,4048.0,4048.0,851.631,10.1492,773.161,78.47,10.1492,369.0,0.70579,68.0,0.00172133,1.92943e-05,0.00127667,0.0030173,2784.27,2429380000.0,2429380000.0,0.107506,-0.923693,-0.0316276,1076.77,1278.42,785.232,785.232,687.0,687.0,0.729249,0.729249,714.0,23.0,23.0,4048.0,4048.0,0.00172133,1.92943e-05,0.00127667,0.0030173,0.784595,0.739281,46.0,2429380000.0,2429380000.0,0.107506,-0.923693,-0.0316276,1076.77,1278.42,785.232,785.232,687.0,687.0,4.3915,1.35,927.53,0.729249,0.729249,714.0,23.0,23.0,4048.0,4048.0,1136970.0,20.0,5.0,0.00172153,1.92943e-05,0.00128681,0.00302763,3352.76,0.783388,0.735654,46.0,2439020000.0,2439020000.0,0.107973,-0.989843,-0.0357411,72.9249,0.38,1.0,58.0,50.0,0.2,100.0
traj_sweep_027,placement,1076.77,1278.42,673.512,673.512,609.0,609.0,0.625494,0.625494,636.0,23.0,23.0,4048.0,4048.0,757.632,1.49666,746.46,11.172,1.49666,377.0,0.700785,73.0,0.00122985,1.54905e-05,0.000948943,0.00219429,2803.65,2326600000.0,2326600000.0,0.107342,0.0,0.0166585,1076.77,1278.42,673.512,673.512,609.0,609.0,0.625494,0.625494,636.0,23.0,23.0,4048.0,4048.0,0.00122985,1.54905e-05,0.000948943,0.00219429,0.74802,0.616609,0.0,2326600000.0,2326600000.0,0.107342,0.0,0.0166585,1076.77,1278.42,673.512,673.512,609.0,609.0,4.238,1.266,771.15,0.625494,0.625494,636.0,23.0,23.0,4048.0,4048.0,790890.0,14.0,1.0,0.00122997,1.54905e-05,0.000952181,0.00219764,3199.09,0.755657,0.617557,0.0,2317970000.0,2317970000.0,0.108172,0.0,0.0120457,62.5494,0.45,1.0,58.0,50.0,0.2,100.0
traj_sweep_028,placement,1076.77,1278.42,666.596,666.596,602.0,602.0,0.619071,0.619071,629.0,23.0,23.0,4048.0,4048.0,750.716,0.570158,746.46,4.256,0.570158,375.0,0.693292,70.0,0.00105001,1.52594e-05,0.000819116,0.00188438,2716.0,2286780000.0,2286780000.0,0.107137,0.0,0.0645186,1076.77,1278.42,666.596,666.596,602.0,602.0,0.619071,0.619071,629.0,23.0,23.0,4048.0,4048.0,0.00105001,1.52594e-05,0.000819116,0.00188438,0.783777,0.627299,0.0,2286780000.0,2286780000.0,0.107137,0.0,0.0645186,1076.77,1278.42,666.596,666.596,602.0,602.0,4.0475,1.2435,748.743,0.619071,0.619071,629.0,23.0,23.0,4048.0,4048.0,770249.0,14.0,2.0,0.00105008,1.52594e-05,0.000820859,0.0018862,3101.12,0.793141,0.621339,0.0,2271980000.0,2271980000.0,0.10796,0.0,0.0631478,61.9071,0.52,1.0,58.0,50.0,0.2,100.0
traj_sweep_029,placement,1076.77,1278.42,835.506,835.506,712.0,712.0,0.775939,0.775939,739.0,23.0,23.0,4048.0,4048.0,895.936,13.2473,791.132,104.804,13.2473,378.0,0.713634,65.0,0.00391684,2.12227e-05,0.00288572,0.00682379,2915.62,2502940000.0,2502940000.0,0.0787703,-10.1664,-0.21953,1076.77,1278.42,835.506,835.506,712.0,712.0,0.775939,0.775939,739.0,23.0,23.0,4048.0,4048.0,0.00391684,2.12227e-05,0.00288572,0.00682379,0.755825,0.748382,53.0,2502940000.0,2502940000.0,0.0787703,-10.1664,-0.21953,1076.77,1278.42,835.506,835.506,712.0,712.0,4.6885,1.348,960.011,0.775939,0.775939,739.0,23.0,23.0,4048.0,4048.0,1276570.0,22.0,3.0,0.00391767,2.12227e-05,0.00290764,0.00684654,3553.91,0.786154,0.763055,53.0,2485070000.0,2485070000.0,0.0791,-10.2739,-0.222404,77.5939,0.18,1.0,64.0,50.0,0.2,100.0
traj_sweep_030,placement,1076.77,1278.42,830.718,830.718,705.0,705.0,0.771492,0.771492,732.0,23.0,23.0,4048.0,4048.0,891.148,12.6421,791.132,100.016,12.6421,379.0,0.734526,66.0,0.00315413,2.11153e-05,0.00234778,0.00552303,2914.11,2501870000.0,2501870000.0,0.0868799,-8.07462,-0.179702,1076.77,1278.42,830.718,830.718,705.0,705.0,0.771492,0.771492,732.0,23.0,23.0,4048.0,4048.0,0.00315413,2.11153e-05,0.00234778,0.00552303,0.766883,0.753736,53.0,2501870000.0,2501870000.0,0.0868799,-8.07462,-0.179702,1076.77,1278.42,830.718,830.718,705.0,705.0,5.405,1.282,903.962,0.771492,0.771492,732.0,23.0,23.0,4048.0,4048.0,1173420.0,20.0,4.0,0.00315482,2.11153e-05,0.00236833,0.00554427,3500.82,0.774799,0.757565,53.0,2485180000.0,2485180000.0,0.0870924,-8.1763,-0.182385,77.1492,0.22,1.0,64.0,50.0,0.2,100.0
traj_sweep_031,placement,1076.77,1278.42,823.536,823.536,711.0,711.0,0.764822,0.764822,738.0,23.0,23.0,4048.0,4048.0,884.45,13.1337,781.774,102.676,13.1337,376.0,0.718272,68.0,0.00244768,2.06349e-05,0.00181855,0.00428686,2871.06,2484540000.0,2484540000.0,0.0983615,-5.26336,-0.122489,1076.77,1278.42,823.536,823.536,711.0,711.0,0.764822,0.764822,738.0,23.0,23.0,4048.0,4048.0,0.00244768,2.06349e-05,0.00181855,0.00428686,0.789292,0.764572,49.0,2484540000.0,2484540000.0,0.0983615,-5.26336,-0.122489,1076.77,1278.42,823.536,823.536,711.0,711.0,4.9025,1.3285,944.769,0.764822,0.764822,738.0,23.0,23.0,4048.0,4048.0,1220630.0,21.0,2.0,0.0024486,2.06349e-05,0.00183445,0.00430369,3481.37,0.789965,0.764898,49.0,2442210000.0,2442210000.0,0.0988796,-5.40333,-0.129464,76.4822,0.28,1.0,64.0,50.0,0.2,100.0
traj_sweep_032,placement,1076.77,1278.42,804.916,804.916,693.0,693.0,0.74753,0.74753,720.0,23.0,23.0,4048.0,4048.0,867.022,11.4169,778.178,88.844,11.4169,376.0,0.707363,66.0,0.00209775,2.01274e-05,0.00156171,0.00367959,2835.7,2496650000.0,2496650000.0,0.106358,-3.31344,-0.084481,1076.77,1278.42,804.916,804.916,693.0,693.0,0.74753,0.74753,720.0,23.0,23.0,4048.0,4048.0,0.00209775,2.01274e-05,0.00156171,0.00367959,0.760607,0.750696,48.0,2496650000.0,2496650000.0,0.106358,-3.31344,-0.084481,1076.77,1278.42,804.916,804.916,693.0,693.0,4.608,1.3505,936.081,0.74753,0.74753,720.0,23.0,23.0,4048.0,4048.0,1201620.0,21.0,4.0,0.00209825,2.01274e-05,0.00157658,0.00369496,3436.51,0.760274,0.750535,48.0,2476220000.0,2476220000.0,0.106896,-3.41434,-0.0843828,74.753,0.32,1.0,64.0,50.0,0.2,100.0
traj_sweep_033,placement,1076.77,1278.42,785.232,785.232,687.0,687.0,0.729249,0.729249,714.0,23.0,23.0,4048.0,4048.0,851.631,10.1492,773.161,78.47,10.1492,369.0,0.70579,68.0,0.00172133,1.92943e-05,0.00127667,0.0030173,2784.27,2429380000.0,2429380000.0,0.107506,-0.923693,-0.0316276,1076.77,1278.42,785.232,785.232,687.0,687.0,0.729249,0.729249,714.0,23.0,23.0,4048.0,4048.0,0.00172133,1.92943e-05,0.00127667,0.0030173,0.784595,0.739281,46.0,2429380000.0,2429380000.0,0.107506,-0.923693,-0.0316276,1076.77,1278.42,785.232,785.232,687.0,687.0,4.3915,1.35,927.53,0.729249,0.729249,714.0,23.0,23.0,4048.0,4048.0,1136970.0,20.0,5.0,0.00172153,1.92943e-05,0.00128681,0.00302763,3352.76,0.783388,0.735654,46.0,2439020000.0,2439020000.0,0.107973,-0.989843,-0.0357411,72.9249,0.38,1.0,64.0,50.0,0.2,100.0
traj_sweep_034,placement,1076.77,1278.42,673.512,673.512,609.0,609.0,0.625494,0.625494,636.0,23.0,23.0,4048.0,4048.0,757.632,1.49666,746.46,11.172,1.49666,377.0,0.700785,73.0,0.00122985,1.54905e-05,0.000948943,0.00219429,2803.65,2326600000.0,2326600000.0,0.107342,0.0,0.0166585,1076.77,1278.42,673.512,673.512,609.0,609.0,0.625494,0.625494,636.0,23.0,23.0,4048.0,4048.0,0.00122985,1.54905e-05,0.000948943,0.00219429,0.74802,0.616609,0.0,2326600000.0,2326600000.0,0.107342,0.0,0.0166585,1076.77,1278.42,673.512,673.512,609.0,609.0,4.238,1.266,771.15,0.625494,0.625494,636.0,23.0,23.0,4048.0,4048.0,790890.0,14.0,1.0,0.00122997,1.54905e-05,0.000952181,0.00219764,3199.09,0.755657,0.617557,0.0,2317970000.0,2317970000.0,0.108172,0.0,0.0120457,62.5494,0.45,1.0,64.0,50.0,0.2,100.0
traj_sweep_035,placement,1076.77,1278.42,666.596,666.596,602.0,602.0,0.619071,0.619071,629.0,23.0,23.0,4048.0,4048.0,750.716,0.570158,746.46,4.256,0.570158,375.0,0.693292,70.0,0.00105001,1.52594e-05,0.000819116,0.00188438,2716.0,2286780000.0,2286780000.0,0.107137,0.0,0.0645186,1076.77,1278.42,666.596,666.596,602.0,602.0,0.619071,0.619071,629.0,23.0,23.0,4048.0,4048.0,0.00105001,1.52594e-05,0.000819116,0.00188438,0.783777,0.627299,0.0,2286780000.0,2286780000.0,0.107137,0.0,0.0645186,1076.77,1278.42,666.596,666.596,602.0,602.0,4.0475,1.2435,748.743,0.619071,0.619071,629.0,23.0,23.0,4048.0,4048.0,770249.0,14.0,2.0,0.00105008,1.52594e-05,0.000820859,0.0018862,3101.12,0.793141,0.621339,0.0,2271980000.0,2271980000.0,0.10796,0.0,0.0631478,61.9071,0.52,1.0,64.0,50.0,0.2,100.0
traj_sweep_036,placement,1076.77,1278.42,835.506,835.506,712.0,712.0,0.775939,0.775939,739.0,23.0,23.0,4048.0,4048.0,895.936,13.2473,791.132,104.804,13.2473,378.0,0.713634,65.0,0.00391684,2.12227e-05,0.00288572,0.00682379,2915.62,2502940000.0,2502940000.0,0.0787703,-10.1664,-0.21953,1076.77,1278.42,835.506,835.506,712.0,712.0,0.775939,0.775939,739.0,23.0,23.0,4048.0,4048.0,0.00391684,2.12227e-05,0.00288572,0.00682379,0.755825,0.748382,53.0,2502940000.0,2502940000.0,0.0787703,-10.1664,-0.21953,1076.77,1278.42,835.506,835.506,712.0,712.0,4.6885,1.348,960.011,0.775939,0.775939,739.0,23.0,23.0,4048.0,4048.0,1276570.0,22.0,3.0,0.00391767,2.12227e-05,0.00290764,0.00684654,3553.91,0.786154,0.763055,53.0,2485070000.0,2485070000.0,0.0791,-10.2739,-0.222404,77.5939,0.18,1.0,70.0,50.0,0.2,100.0
traj_sweep_037,placement,1076.77,1278.42,830.718,830.718,705.0,705.0,0.771492,0.771492,732.0,23.0,23.0,4048.0,4048.0,891.148,12.6421,791.132,100.016,12.6421,379.0,0.734526,66.0,0.00315413,2.11153e-05,0.00234778,0.00552303,2914.11,2501870000.0,2501870000.0,0.0868799,-8.07462,-0.179702,1076.77,1278.42,830.718,830.718,705.0,705.0,0.771492,0.771492,732.0,23.0,23.0,4048.0,4048.0,0.00315413,2.11153e-05,0.00234778,0.00552303,0.766883,0.753736,53.0,2501870000.0,2501870000.0,0.0868799,-8.07462,-0.179702,1076.77,1278.42,830.718,830.718,705.0,705.0,5.405,1.282,903.962,0.771492,0.771492,732.0,23.0,23.0,4048.0,4048.0,1173420.0,20.0,4.0,0.00315482,2.11153e-05,0.00236833,0.00554427,3500.82,0.774799,0.757565,53.0,2485180000.0,2485180000.0,0.0870924,-8.1763,-0.182385,77.1492,0.22,1.0,70.0,50.0,0.2,100.0
traj_sweep_038,placement,1076.77,1278.42,823.536,823.536,711.0,711.0,0.764822,0.764822,738.0,23.0,23.0,4048.0,4048.0,884.45,13.1337,781.774,102.676,13.1337,376.0,0.718272,68.0,0.00244768,2.06349e-05,0.00181855,0.00428686,2871.06,2484540000.0,2484540000.0,0.0983615,-5.26336,-0.122489,1076.77,1278.42,823.536,823.536,711.0,711.0,0.764822,0.764822,738.0,23.0,23.0,4048.0,4048.0,0.00244768,2.06349e-05,0.00181855,0.00428686,0.789292,0.764572,49.0,2484540000.0,2484540000.0,0.0983615,-5.26336,-0.122489,1076.77,1278.42,823.536,823.536,711.0,711.0,4.9025,1.3285,944.769,0.764822,0.764822,738.0,23.0,23.0,4048.0,4048.0,1220630.0,21.0,2.0,0.0024486,2.06349e-05,0.00183445,0.00430369,3481.37,0.789965,0.764898,49.0,2442210000.0,2442210000.0,0.0988796,-5.40333,-0.129464,76.4822,0.28,1.0,70.0,50.0,0.2,100.0
traj_sweep_039,placement,1076.77,1278.42,804.916,804.916,693.0,693.0,0.74753,0.74753,720.0,23.0,23.0,4048.0,4048.0,867.022,11.4169,778.178,88.844,11.4169,376.0,0.707363,66.0,0.00209775,2.01274e-05,0.00156171,0.00367959,2835.7,2496650000.0,2496650000.0,0.106358,-3.31344,-0.084481,1076.77,1278.42,804.916,804.916,693.0,693.0,0.74753,0.74753,720.0,23.0,23.0,4048.0,4048.0,0.00209775,2.01274e-05,0.00156171,0.00367959,0.760607,0.750696,48.0,2496650000.0,2496650000.0,0.106358,-3.31344,-0.084481,1076.77,1278.42,804.916,804.916,693.0,693.0,4.608,1.3505,936.081,0.74753,0.74753,720.0,23.0,23.0,4048.0,4048.0,1201620.0,21.0,4.0,0.00209825,2.01274e-05,0.00157658,0.00369496,3436.51,0.760274,0.750535,48.0,2476220000.0,2476220000.0,0.106896,-3.41434,-0.0843828,74.753,0.32,1.0,70.0,50.0,0.2,100.0
traj_sweep_040,placement,1076.77,1278.42,785.232,785.232,687.0,687.0,0.729249,0.729249,714.0,23.0,23.0,4048.0,4048.0,851.631,10.1492,773.161,78.47,10.1492,369.0,0.70579,68.0,0.00172133,1.92943e-05,0.00127667,0.0030173,2784.27,2429380000.0,2429380000.0,0.107506,-0.923693,-0.0316276,1076.77,1278.42,785.232,785.232,687.0,687.0,0.729249,0.729249,714.0,23.0,23.0,4048.0,4048.0,0.00172133,1.92943e-05,0.00127667,0.0030173,0.784595,0.739281,46.0,2429380000.0,2429380000.0,0.107506,-0.923693,-0.0316276,1076.77,1278.42,785.232,785.232,687.0,687.0,4.3915,1.35,927.53,0.729249,0.729249,714.0,23.0,23.0,4048.0,4048.0,1136970.0,20.0,5.0,0.00172153,1.92943e-05,0.00128681,0.00302763,3352.76,0.783388,0.735654,46.0,2439020000.0,2439020000.0,0.107973,-0.989843,-0.0357411,72.9249,0.38,1.0,70.0,50.0,0.2,100.0
traj_sweep_041,placement,1076.77,1278.42,673.512,673.512,609.0,609.0,0.625494,0.625494,636.0,23.0,23.0,4048.0,4048.0,757.632,1.49666,746.46,11.172,1.49666,377.0,0.700785,73.0,0.00122985,1.54905e-05,0.000948943,0.00219429,2803.65,2326600000.0,2326600000.0,0.107342,0.0,0.0166585,1076.77,1278.42,673.512,673.512,609.0,609.0,0.625494,0.625494,636.0,23.0,23.0,4048.0,4048.0,0.00122985,1.54905e-05,0.000948943,0.00219429,0.74802,0.616609,0.0,2326600000.0,2326600000.0,0.107342,0.0,0.0166585,1076.77,1278.42,673.512,673.512,609.0,609.0,4.238,1.266,771.15,0.625494,0.625494,636.0,23.0,23.0,4048.0,4048.0,790890.0,14.0,1.0,0.00122997,1.54905e-05,0.000952181,0.00219764,3199.09,0.755657,0.617557,0.0,2317970000.0,2317970000.0,0.108172,0.0,0.0120457,62.5494,0.45,1.0,70.0,50.0,0.2,100.0
traj_sweep_042,placement,1076.77,1278.42,666.596,666.596,602.0,602.0,0.619071,0.619071,629.0,23.0,23.0,4048.0,4048.0,750.716,0.570158,746.46,4.256,0.570158,375.0,0.693292,70.0,0.00105001,1.52594e-05,0.000819116,0.00188438,2716.0,2286780000.0,2286780000.0,0.107137,0.0,0.0645186,1076.77,1278.42,666.596,666.596,602.0,602.0,0.619071,0.619071,629.0,23.0,23.0,4048.0,4048.0,0.00105001,1.52594e-05,0.000819116,0.00188438,0.783777,0.627299,0.0,2286780000.0,2286780000.0,0.107137,0.0,0.0645186,1076.77,1278.42,666.596,666.596,602.0,602.0,4.0475,1.2435,748.743,0.619071,0.619071,629.0,23.0,23.0,4048.0,4048.0,770249.0,14.0,2.0,0.00105008,1.52594e-05,0.000820859,0.0018862,3101.12,0.793141,0.621339,0.0,2271980000.0,2271980000.0,0.10796,0.0,0.0631478,61.9071,0.52,1.0,70.0,50.0,0.2,100.0
traj_sweep_043,placement,1085.28,1280.01,822.738,822.738,706.0,706.0,0.758088,0.758088,739.0,20.0,20.0,4080.0,4080.0,885.283,12.813,784.735,100.548,12.813,371.0,0.671183,61.0,0.00277213,2.06279e-05,0.00206481,0.00485757,2971.44,2507750000.0,2507750000.0,0.0923978,-6.58044,-0.148763,1085.28,1280.01,822.738,822.738,706.0,706.0,0.758088,0.758088,739.0,20.0,20.0,4080.0,4080.0,0.00277213,2.06279e-05,0.00206481,0.00485757,0.772798,0.756597,52.0,2507750000.0,2507750000.0,0.0923978,-6.58044,-0.148763,1085.28,1280.01,822.738,822.738,706.0,706.0,5.471,1.3635,962.647,0.758088,0.758088,739.0,20.0,20.0,4080.0,4080.0,1226010.0,21.0,4.0,0.00277259,2.06279e-05,0.00208038,0.0048736,3584.45,0.75613,0.74853,52.0,2495210000.0,2495210000.0,0.093198,-6.7123,-0.150767,75.8088,0.25,0.75,50.0,50.0,0.2,100.0
traj_sweep_044,placement,1085.28,1280.01,822.738,822.738,706.0,706.0,0.758088,0.758088,739.0,20.0,20.0,4080.0,4080.0,885.283,12.813,784.735,100.548,12.813,371.0,0.671183,61.0,0.00277213,2.06279e-05,0.00206481,0.00485757,2971.44,2507750000.0,2507750000.0,0.0923978,-6.58044,-0.148763,1085.28,1280.01,822.738,822.738,706.0,706.0,0.758088,0.758088,739.0,20.0,20.0,4080.0,4080.0,0.00277213,2.06279e-05,0.00206481,0.00485757,0.772798,0.756597,52.0,2507750000.0,2507750000.0,0.0923978,-6.58044,-0.148763,1085.28,1280.01,822.738,822.738,706.0,706.0,5.471,1.3635,962.647,0.758088,0.758088,739.0,20.0,20.0,4080.0,4080.0,1226010.0,21.0,4.0,0.00277259,2.06279e-05,0.00208038,0.0048736,3584.45,0.75613,0.74853,52.0,2495210000.0,2495210000.0,0.093198,-6.7123,-0.150767,75.8088,0.25,0.75,60.0,50.0,0.2,100.0
traj_sweep_045,placement,1066.93,1278.93,821.94,821.94,706.0,706.0,0.770381,0.770381,737.0,21.0,21.0,4011.0,4011.0,883.953,12.6435,784.735,99.218,12.6435,371.0,0.749578,63.0,0.00275137,2.06057e-05,0.0020525,0.00482447,2934.21,2489270000.0,2489270000.0,0.0922723,-6.66396,-0.151725,1066.93,1278.93,821.94,821.94,706.0,706.0,0.770381,0.770381,737.0,21.0,21.0,4011.0,4011.0,0.00275137,2.06057e-05,0.0020525,0.00482447,0.73915,0.740313,52.0,2489270000.0,2489270000.0,0.0922723,-6.66396,-0.151725,1066.93,1278.93,821.94,821.94,706.0,706.0,5.1435,1.3285,938.033,0.770381,0.770381,737.0,21.0,21.0,4011.0,4011.0,1150300.0,20.0,4.0,0.00275141,2.06057e-05,0.00206223,0.00483424,3509.36,0.722999,0.732497,52.0,2470570000.0,2470570000.0,0.0929827,-6.8081,-0.154765,77.0381,0.25,0.85,55.0,50.0,0.2,100.0
traj_sweep_046,placement,1090.6,1278.74,830.984,830.984,717.0,717.0,0.761951,0.761951,740.0,25.0,25.0,4100.0,4100.0,890.869,13.5248,784.735,106.134,13.5248,370.0,0.698197,69.0,0.00277973,2.09221e-05,0.0020555,0.00485615,2979.09,2488890000.0,2488890000.0,0.0926823,-6.53006,-0.151786,1090.6,1278.74,830.984,830.984,717.0,717.0,0.761951,0.761951,740.0,25.0,25.0,4100.0,4100.0,0.00277973,2.09221e-05,0.0020555,0.00485615,0.580408,0.66374,50.0,2488890000.0,2488890000.0,0.0926823,-6.53006,-0.151786,1090.6,1278.74,830.984,830.984,717.0,717.0,5.086,1.352,969.634,0.761951,0.761951,740.0,25.0,25.0,4100.0,4100.0,1224700.0,21.0,6.0,0.00278016,2.09221e-05,0.00207224,0.00487332,3591.44,0.599936,0.673138,50.0,2462740000.0,2462740000.0,0.093312,-6.61292,-0.156052,76.1951,0.25,1.15,50.0,50.0,0.2,100.0
traj_sweep_047,placement,1090.6,1278.74,830.984,830.984,717.0,717.0,0.761951,0.761951,740.0,25.0,25.0,4100.0,4100.0,890.869,13.5248,784.735,106.134,13.5248,370.0,0.698197,69.0,0.00277973,2.09221e-05,0.0020555,0.00485615,2979.09,2488890000.0,2488890000.0,0.0926823,-6.53006,-0.151786,1090.6,1278.74,830.984,830.984,717.0,717.0,0.761951,0.761951,740.0,25.0,25.0,4100.0,4100.0,0.00277973,2.09221e-05,0.0020555,0.00485615,0.580408,0.66374,50.0,2488890000.0,2488890000.0,0.0926823,-6.53006,-0.151786,1090.6,1278.74,830.984,830.984,717.0,717.0,5.086,1.352,969.634,0.761951,0.761951,740.0,25.0,25.0,4100.0,4100.0,1224700.0,21.0,6.0,0.00278016,2.09221e-05,0.00207224,0.00487332,3591.44,0.599936,0.673138,50.0,2462740000.0,2462740000.0,0.093312,-6.61292,-0.156052,76.1951,0.25,1.15,60.0,50.0,0.2,100.0
traj_sweep_048,placement,1113.21,1279.53,830.186,830.186,718.0,718.0,0.745759,0.745759,737.0,27.0,27.0,4185.0,4185.0,889.007,13.2875,784.735,104.272,13.2875,371.0,0.705799,66.0,0.002776,2.09157e-05,0.00207727,0.00487418,3148.08,2481180000.0,2481180000.0,0.093392,-6.70222,-0.153034,1113.21,1279.53,830.186,830.186,718.0,718.0,0.745759,0.745759,737.0,27.0,27.0,4185.0,4185.0,0.002776,2.09157e-05,0.00207727,0.00487418,0.720591,0.731329,51.0,2481180000.0,2481180000.0,0.093392,-6.70222,-0.153034,1113.21,1279.53,830.186,830.186,718.0,718.0,4.7935,1.258,903.304,0.745759,0.745759,737.0,27.0,27.0,4185.0,4185.0,1104800.0,18.0,3.0,0.00277629,2.09157e-05,0.00208921,0.00488641,3700.47,0.738575,0.74003,51.0,2468100000.0,2468100000.0,0.093217,-6.79725,-0.15517,74.5759,0.25,1.3,55.0,50.0,0.2,100.0
traj_sweep_049,placement,1113.21,1279.53,830.186,830.186,718.0,718.0,0.745759,0.745759,737.0,27.0,27.0,4185.0,4185.0,889.007,13.2875,784.735,104.272,13.2875,371.0,0.705799,66.0,0.002776,2.09157e-05,0.00207727,0.00487418,3148.08,2481180000.0,2481180000.0,0.093392,-6.70222,-0.153034,1113.21,1279.53,830.186,830.186,718.0,718.0,0.745759,0.745759,737.0,27.0,27.0,4185.0,4185.0,0.002776,2.09157e-05,0.00207727,0.00487418,0.720591,0.731329,51.0,2481180000.0,2481180000.0,0.093392,-6.70222,-0.153034,1113.21,1279.53,830.186,830.186,718.0,718.0,4.7935,1.258,903.304,0.745759,0.745759,737.0,27.0,27.0,4185.0,4185.0,1104800.0,18.0,3.0,0.00277629,2.09157e-05,0.00208921,0.00488641,3700.47,0.738575,0.74003,51.0,2468100000.0,2468100000.0,0.093217,-6.79725,-0.15517,74.5759,0.25,1.3,65.0,50.0,0.2,100.0
traj_sweep_050,placement,1076.77,1278.42,823.004,823.004,706.0,706.0,0.764328,0.764328,733.0,23.0,23.0,4048.0,4048.0,883.953,12.6435,784.735,99.218,12.6435,377.0,0.737694,66.0,0.00276541,2.06966e-05,0.00205204,0.00483815,2952.5,2497380000.0,2497380000.0,0.0926568,-6.64449,-0.15042,1076.77,1278.42,823.004,823.004,706.0,706.0,0.764328,0.764328,733.0,23.0,23.0,4048.0,4048.0,0.00276541,2.06966e-05,0.00205204,0.00483815,0.747814,0.744505,51.0,2497380000.0,2497380000.0,0.0926568,-6.64449,-0.15042,1076.77,1278.42,823.004,823.004,706.0,706.0,4.8605,1.311,925.693,0.764328,0.764328,733.0,23.0,23.0,4048.0,4048.0,1142120.0,19.0,2.0,0.0027657,2.06966e-05,0.00206836,0.00485476,3523.55,0.746483,0.743861,51.0,2474410000.0,2474410000.0,0.0924827,-6.76489,-0.154137,76.4328,0.25,1.0,55.0,30.0,0.08,100.0
traj_sweep_051,placement,1076.77,1278.42,821.408,821.408,705.0,705.0,0.762846,0.762846,732.0,23.0,23.0,4048.0,4048.0,882.357,12.4401,784.735,97.622,12.4401,376.0,0.720908,66.0,0.00275088,2.06269e-05,0.00204776,0.00481926,2972.45,2486720000.0,2486720000.0,0.0926908,-6.66228,-0.152136,1076.77,1278.42,821.408,821.408,705.0,705.0,0.762846,0.762846,732.0,23.0,23.0,4048.0,4048.0,0.00275088,2.06269e-05,0.00204776,0.00481926,0.722577,0.706048,52.0,2486720000.0,2486720000.0,0.0926908,-6.66228,-0.152136,1076.77,1278.42,821.408,821.408,705.0,705.0,6.637,1.292,911.024,0.762846,0.762846,732.0,23.0,23.0,4048.0,4048.0,1109550.0,19.0,4.0,0.00275098,2.06269e-05,0.00205709,0.0048287,3527.23,0.722452,0.705227,52.0,2451850000.0,2451850000.0,0.0929577,-6.84778,-0.157855,76.2846,0.25,1.0,55.0,40.0,0.12,100.0
traj_sweep_052,placement,1076.77,1278.42,827.526,827.526,710.0,710.0,0.768528,0.768528,737.0,23.0,23.0,4048.0,4048.0,888.475,13.2197,784.735,103.74,13.2197,377.0,0.73076,63.0,0.00278054,2.08662e-05,0.00206121,0.00486262,2941.68,2498060000.0,2498060000.0,0.0926271,-6.66137,-0.150311,1076.77,1278.42,827.526,827.526,710.0,710.0,0.768528,0.768528,737.0,23.0,23.0,4048.0,4048.0,0.00278054,2.08662e-05,0.00206121,0.00486262,0.74128,0.741344,51.0,2498060000.0,2498060000.0,0.0926271,-6.66137,-0.150311,1076.77,1278.42,827.526,827.526,710.0,710.0,6.131,1.334,947.389,0.768528,0.768528,737.0,23.0,23.0,4048.0,4048.0,1300450.0,22.0,3.0,0.0027808,2.08662e-05,0.00207798,0.00487965,3591.91,0.736007,0.738792,51.0,2477540000.0,2477540000.0,0.0931386,-6.77755,-0.153627,76.8528,0.25,1.0,55.0,50.0,0.18,100.0
traj_sweep_053,placement,1076.77,1278.42,819.28,819.28,706.0,706.0,0.76087,0.76087,733.0,23.0,23.0,4048.0,4048.0,880.229,12.1689,784.735,95.494,12.1689,370.0,0.715234,66.0,0.0027219,2.04737e-05,0.0020368,0.00477917,2881.13,2487700000.0,2487700000.0,0.0924417,-6.6622,-0.151977,1076.77,1278.42,819.28,819.28,706.0,706.0,0.76087,0.76087,733.0,23.0,23.0,4048.0,4048.0,0.0027219,2.04737e-05,0.0020368,0.00477917,0.777281,0.758766,51.0,2487700000.0,2487700000.0,0.0924417,-6.6622,-0.151977,1076.77,1278.42,819.28,819.28,706.0,706.0,5.141,1.3325,940.804,0.76087,0.76087,733.0,23.0,23.0,4048.0,4048.0,1281710.0,22.0,5.0,0.0027223,2.04737e-05,0.00205512,0.00479789,3521.98,0.772068,0.756245,51.0,2471860000.0,2471860000.0,0.0923994,-6.77794,-0.154553,76.087,0.25,1.0,55.0,60.0,0.24,100.0
traj_sweep_054,placement,1076.77,1278.42,816.886,816.886,707.0,707.0,0.758646,0.758646,734.0,23.0,23.0,4048.0,4048.0,877.835,11.8639,784.735,93.1,11.8639,371.0,0.705322,65.0,0.00271575,2.03291e-05,0.0020288,0.00476488,2791.69,2472310000.0,2472310000.0,0.092426,-6.68695,-0.154479,1076.77,1278.42,816.886,816.886,707.0,707.0,0.758646,0.758646,734.0,23.0,23.0,4048.0,4048.0,0.00271575,2.03291e-05,0.0020288,0.00476488,0.748509,0.744842,52.0,2472310000.0,2472310000.0,0.092426,-6.68695,-0.154479,1076.77,1278.42,816.886,816.886,707.0,707.0,6.221,1.374,971.766,0.758646,0.758646,734.0,23.0,23.0,4048.0,4048.0,1459880.0,26.0,5.0,0.00271629,2.03291e-05,0.0020537,0.00479033,3521.63,0.742923,0.742139,52.0,2455350000.0,2455350000.0,0.0930168,-6.88329,-0.157275,75.8646,0.25,1.0,55.0,80.0,0.28,100.0
traj_sweep_055,placement,1076.77,1278.42,820.078,820.078,710.0,710.0,0.761611,0.761611,737.0,23.0,23.0,4048.0,4048.0,881.027,12.2706,784.735,96.292,12.2706,367.0,0.711128,63.0,0.00272708,2.0435e-05,0.00203702,0.00478453,2861.35,2493170000.0,2493170000.0,0.0927139,-6.63588,-0.151095,1076.77,1278.42,820.078,820.078,710.0,710.0,0.761611,0.761611,737.0,23.0,23.0,4048.0,4048.0,0.00272708,2.0435e-05,0.00203702,0.00478453,0.718888,0.730508,52.0,2493170000.0,2493170000.0,0.0927139,-6.63588,-0.151095,1076.77,1278.42,820.078,820.078,710.0,710.0,5.354,1.3885,985.977,0.761611,0.761611,737.0,23.0,23.0,4048.0,4048.0,1335430.0,23.0,5.0,0.00272789,2.0435e-05,0.00205822,0.00480655,3529.07,0.72212,0.732072,52.0,2480230000.0,2480230000.0,0.0931862,-6.75069,-0.153189,76.1611,0.25,1.0,55.0,100.0,0.32,100.0
traj_sweep_056,placement,1076.77,1278.42,841.624,841.624,719.0,719.0,0.781621,0.781621,746.0,23.0,23.0,4048.0,4048.0,902.054,14.0207,791.132,110.922,14.0207,372.0,0.695239,65.0,0.0045079,2.1417e-05,0.00327454,0.00780386,2914.82,2503090000.0,2503090000.0,0.0748557,-11.2447,-0.239506,1076.77,1278.42,841.624,841.624,719.0,719.0,0.781621,0.781621,746.0,23.0,23.0,4048.0,4048.0,0.0045079,2.1417e-05,0.00327454,0.00780386,0.765023,0.752836,53.0,2503090000.0,2503090000.0,0.0748557,-11.2447,-0.239506,1076.77,1278.42,841.624,841.624,719.0,719.0,6.216,1.2615,907.064,0.781621,0.781621,746.0,23.0,23.0,4048.0,4048.0,1199360.0,21.0,4.0,0.00450863,2.1417e-05,0.00330406,0.00783411,3514.5,0.774834,0.757582,53.0,2481090000.0,2481090000.0,0.0744838,-11.3747,-0.243049,78.1621,0.14,1.0,35.0,50.0,0.2,100.0
traj_sweep_057,placement,1076.77,1278.42,835.506,835.506,712.0,712.0,0.775939,0.775939,739.0,23.0,23.0,4048.0,4048.0,895.936,13.2473,791.132,104.804,13.2473,378.0,0.713638,65.0,0.00371068,2.12227e-05,0.00273348,0.00646538,2915.98,2502680000.0,2502680000.0,0.080778,-9.67277,-0.209572,1076.77,1278.42,835.506,835.506,712.0,712.0,0.775939,0.775939,739.0,23.0,23.0,4048.0,4048.0,0.00371068,2.12227e-05,0.00273348,0.00646538,0.756972,0.748937,53.0,2502680000.0,2502680000.0,0.080778,-9.67277,-0.209572,1076.77,1278.42,835.506,835.506,712.0,712.0,5.056,1.2895,918.157,0.775939,0.775939,739.0,23.0,23.0,4048.0,4048.0,1220110.0,21.0,3.0,0.00371167,2.12227e-05,0.00275324,0.00648613,3526.04,0.775842,0.758069,53.0,2484250000.0,2484250000.0,0.08072,-9.79155,-0.212536,77.5939,0.15,1.0,35.0,50.0,0.2,100.0
traj_sweep_058,placement,1076.77,1278.42,832.58,832.58,708.0,708.0,0.773221,0.773221,735.0,23.0,23.0,4048.0,4048.0,893.01,12.8775,791.132,101.878,12.8775,376.0,0.701202,66.0,0.00332338,2.1157e-05,0.00246717,0.00581171,2913.92,2503540000.0,2503540000.0,0.0847914,-8.58268,-0.189435,1076.77,1278.42,832.58,832.58,708.0,708.0,0.773221,0.773221,735.0,23.0,23.0,4048.0,4048.0,0.00332338,2.1157e-05,0.00246717,0.00581171,0.76862,0.754577,53.0,2503540000.0,2503540000.0,0.0847914,-8.58268,-0.189435,1076.77,1278.42,832.58,832.58,708.0,708.0,4.276,1.2575,890.662,0.773221,0.773221,735.0,23.0,23.0,4048.0,4048.0,1146450.0,20.0,2.0,0.00332386,2.1157e-05,0.00248359,0.00582861,3487.14,0.76648,0.753541,53.0,2484330000.0,2484330000.0,0.0848952,-8.72379,-0.192523,77.3221,0.16,1.0,35.0,50.0,0.2,100.0
traj_sweep_059,placement,1076.77,1278.42,832.314,832.314,706.0,706.0,0.772974,0.772974,733.0,23.0,23.0,4048.0,4048.0,892.744,12.8439,791.132,101.612,12.8439,379.0,0.716815,67.0,0.00302706,2.11997e-05,0.0022496,0.00529786,2911.39,2495760000.0,2495760000.0,0.0886463,-7.53016,-0.170679,1076.77,1278.42,832.314,832.314,706.0,706.0,0.772974,0.772974,733.0,23.0,23.0,4048.0,4048.0,0.00302706,2.11997e-05,0.0022496,0.00529786,0.769668,0.755083,53.0,2495760000.0,2495760000.0,0.0886463,-7.53016,-0.170679,1076.77,1278.42,832.314,832.314,706.0,706.0,5.62,1.3015,919.091,0.772974,0.772974,733.0,23.0,23.0,4048.0,4048.0,1246710.0,21.0,4.0,0.00302764,2.11997e-05,0.00226803,0.00531687,3534.75,0.75516,0.74806,53.0,2471930000.0,2471930000.0,0.0886847,-7.66252,-0.174542,77.2974,0.17,1.0,35.0,50.0,0.2,100.0
traj_sweep_060,placement,1076.77,1278.42,826.196,826.196,709.0,709.0,0.767292,0.767292,736.0,23.0,23.0,4048.0,4048.0,887.025,13.1674,783.817,103.208,13.1674,373.0,0.706494,64.0,0.0026498,2.08163e-05,0.00196859,0.00463921,2906.12,2489760000.0,2489760000.0,0.0946315,-6.10281,-0.141645,1076.77,1278.42,826.196,826.196,709.0,709.0,0.767292,0.767292,736.0,23.0,23.0,4048.0,4048.0,0.0026498,2.08163e-05,0.00196859,0.00463921,0.759616,0.750217,50.0,2489760000.0,2489760000.0,0.0946315,-6.10281,-0.141645,1076.77,1278.42,826.196,826.196,709.0,709.0,5.781,1.368,970.221,0.767292,0.767292,736.0,23.0,23.0,4048.0,4048.0,1248360.0,21.0,3.0,0.00264987,2.08163e-05,0.00198455,0.00465523,3530.3,0.761959,0.751353,50.0,2464880000.0,2464880000.0,0.0948005,-6.24526,-0.145699,76.7292,0.18,1.0,35.0,50.0,0.2,100.0
traj_sweep_061,placement,1076.77,1278.42,818.482,818.482,702.0,702.0,0.760128,0.760128,729.0,23.0,23.0,4048.0,4048.0,879.396,12.4872,781.774,97.622,12.4872,373.0,0.697093,65.0,0.00235573,2.06005e-05,0.001753,0.00412933,2890.52,2459180000.0,2459180000.0,0.10058,-4.80477,-0.116639,1076.77,1278.42,818.482,818.482,702.0,702.0,0.760128,0.760128,729.0,23.0,23.0,4048.0,4048.0,0.00235573,2.06005e-05,0.001753,0.00412933,0.765795,0.75321,49.0,2459180000.0,2459180000.0,0.10058,-4.80477,-0.116639,1076.77,1278.42,818.482,818.482,702.0,702.0,5.2705,1.2845,902.028,0.760128,0.760128,729.0,23.0,23.0,4048.0,4048.0,1161240.0,20.0,2.0,0.00235619,2.06005e-05,0.00176616,0.00414296,3471.13,0.774027,0.757192,49.0,2442440000.0,2442440000.0,0.101125,-4.90077,-0.119427,76.0128,0.19,1.0,35.0,50.0,0.2,100.0
traj_sweep_062,placement,1076.77,1278.42,813.694,813.694,704.0,704.0,0.755682,0.755682,731.0,23.0,23.0,4048.0,4048.0,875.8,12.545,778.178,97.622,12.545,372.0,0.716951,65.0,0.00220748,2.03812e-05,0.00162548,0.00385334,2798.91,2468660000.0,2468660000.0,0.104553,-3.87367,-0.0950781,1076.77,1278.42,813.694,813.694,704.0,704.0,0.755682,0.755682,731.0,23.0,23.0,4048.0,4048.0,0.00220748,2.03812e-05,0.00162548,0.00385334,0.754725,0.74785,48.0,2468660000.0,2468660000.0,0.104553,-3.87367,-0.0950781,1076.77,1278.42,813.694,813.694,704.0,704.0,5.25,1.3395,943.346,0.755682,0.755682,731.0,23.0,23.0,4048.0,4048.0,1348200.0,24.0,6.0,0.00220815,2.03812e-05,0.00164208,0.00387062,3473.01,0.763975,0.752329,48.0,2454300000.0,2454300000.0,0.105107,-4.00652,-0.0974479,75.5682,0.2,1.0,35.0,50.0,0.2,100.0
traj_sweep_063,placement,1076.77,1278.42,792.148,792.148,689.0,689.0,0.735672,0.735672,716.0,23.0,23.0,4048.0,4048.0,856.742,10.7259,773.75,82.992,10.7259,367.0,0.736636,69.0,0.00194169,1.9581e-05,0.00144283,0.0034041,2796.06,2457760000.0,2457760000.0,0.107493,-2.66809,-0.0668749,1076.77,1278.42,792.148,792.148,689.0,689.0,0.735672,0.735672,716.0,23.0,23.0,4048.0,4048.0,0.00194169,1.9581e-05,0.00144283,0.0034041,0.804101,0.771726,48.0,2457760000.0,2457760000.0,0.107493,-2.66809,-0.0668749,1076.77,1278.42,792.148,792.148,689.0,689.0,5.4655,1.318,908.408,0.735672,0.735672,716.0,23.0,23.0,4048.0,4048.0,1237700.0,22.0,3.0,0.00194221,1.9581e-05,0.00145578,0.00341757,3414.91,0.793701,0.766702,48.0,2454790000.0,2454790000.0,0.107777,-2.75206,-0.0673675,73.5672,0.21,1.0,35.0,50.0,0.2,100.0
traj_sweep_064,placement,1076.77,1278.42,830.718,830.718,705.0,705.0,0.771492,0.771492,732.0,23.0,23.0,4048.0,4048.0,891.148,12.6421,791.132,100.016,12.6421,379.0,0.734526,66.0,0.00315413,2.11153e-05,0.00234778,0.00552303,2914.11,2501870000.0,2501870000.0,0.0868799,-8.07462,-0.179702,1076.77,1278.42,830.718,830.718,705.0,705.0,0.771492,0.771492,732.0,23.0,23.0,4048.0,4048.0,0.00315413,2.11153e-05,0.00234778,0.00552303,0.766883,0.753736,53.0,2501870000.0,2501870000.0,0.0868799,-8.07462,-0.179702,1076.77,1278.42,830.718,830.718,705.0,705.0,5.405,1.282,903.962,0.771492,0.771492,732.0,23.0,23.0,4048.0,4048.0,1173420.0,20.0,4.0,0.00315482,2.11153e-05,0.00236833,0.00554427,3500.82,0.774799,0.757565,53.0,2485180000.0,2485180000.0,0.0870924,-8.1763,-0.182385,77.1492,0.22,1.0,35.0,50.0,0.2,100.0
traj_sweep_065,placement,1076.77,1278.42,832.314,832.314,706.0,706.0,0.772974,0.772974,733.0,23.0,23.0,4048.0,4048.0,892.744,12.8439,791.132,101.612,12.8439,379.0,0.716815,67.0,0.00302706,2.11997e-05,0.0022496,0.00529786,2911.39,2495760000.0,2495760000.0,0.0886463,-7.53016,-0.170679,1076.77,1278.42,832.314,832.314,706.0,706.0,0.772974,0.772974,733.0,23.0,23.0,4048.0,4048.0,0.00302706,2.11997e-05,0.0022496,0.00529786,0.769668,0.755083,53.0,2495760000.0,2495760000.0,0.0886463,-7.53016,-0.170679,1076.77,1278.42,832.314,832.314,706.0,706.0,5.62,1.3015,919.091,0.772974,0.772974,733.0,23.0,23.0,4048.0,4048.0,1246710.0,21.0,4.0,0.00302764,2.11997e-05,0.00226803,0.00531687,3534.75,0.75516,0.74806,53.0,2471930000.0,2471930000.0,0.0886847,-7.66252,-0.174542,77.2974,0.23,1.0,35.0,50.0,0.2,100.0
traj_sweep_066,placement,1076.77,1278.42,835.772,835.772,712.0,712.0,0.776186,0.776186,739.0,23.0,23.0,4048.0,4048.0,896.169,13.4341,790.035,106.134,13.4341,372.0,0.707283,66.0,0.00290975,2.12588e-05,0.00216149,0.0050925,2918.16,2495710000.0,2495710000.0,0.0906492,-7.13124,-0.160688,1076.77,1278.42,835.772,835.772,712.0,712.0,0.776186,0.776186,739.0,23.0,23.0,4048.0,4048.0,0.00290975,2.12588e-05,0.00216149,0.0050925,0.779387,0.759784,52.0,2495710000.0,2495710000.0,0.0906492,-7.13124,-0.160688,1076.77,1278.42,835.772,835.772,712.0,712.0,6.3065,1.3505,961.746,0.776186,0.776186,739.0,23.0,23.0,4048.0,4048.0,1427450.0,24.0,5.0,0.00291008,2.12588e-05,0.00217777,0.00510911,3631.89,0.771557,0.755997,52.0,2473540000.0,2473540000.0,0.0907267,-7.27585,-0.164279,77.6186,0.24,1.0,35.0,50.0,0.2,100.0
traj_sweep_067,placement,1076.77,1278.42,827.526,827.526,711.0,711.0,0.768528,0.768528,738.0,23.0,23.0,4048.0,4048.0,888.475,13.2197,784.735,103.74,13.2197,375.0,0.72427,66.0,0.00277926,2.08669e-05,0.0020474,0.00484752,2925.08,2506480000.0,2506480000.0,0.0923091,-6.6275,-0.148966,1076.77,1278.42,827.526,827.526,711.0,711.0,0.768528,0.768528,738.0,23.0,23.0,4048.0,4048.0,0.00277926,2.08669e-05,0.0020474,0.00484752,0.740788,0.741106,51.0,2506480000.0,2506480000.0,0.0923091,-6.6275,-0.148966,1076.77,1278.42,827.526,827.526,711.0,711.0,5.5015,1.349,959.171,0.768528,0.768528,738.0,23.0,23.0,4048.0,4048.0,1165690.0,20.0,3.0,0.0027797,2.08669e-05,0.00206606,0.00486662,3507.92,0.743718,0.742523,51.0,2494110000.0,2494110000.0,0.0928891,-6.72652,-0.150944,76.8528,0.25,1.0,35.0,50.0,0.2,100.0
traj_sweep_068,placement,1076.77,1278.42,826.196,826.196,709.0,709.0,0.767292,0.767292,736.0,23.0,23.0,4048.0,4048.0,887.025,13.1674,783.817,103.208,13.1674,373.0,0.706494,64.0,0.0026498,2.08163e-05,0.00196859,0.00463921,2906.12,2489760000.0,2489760000.0,0.0946315,-6.10281,-0.141645,1076.77,1278.42,826.196,826.196,709.0,709.0,0.767292,0.767292,736.0,23.0,23.0,4048.0,4048.0,0.0026498,2.08163e-05,0.00196859,0.00463921,0.759616,0.750217,50.0,2489760000.0,2489760000.0,0.0946315,-6.10281,-0.141645,1076.77,1278.42,826.196,826.196,709.0,709.0,5.781,1.368,970.221,0.767292,0.767292,736.0,23.0,23.0,4048.0,4048.0,1248360.0,21.0,3.0,0.00264987,2.08163e-05,0.00198455,0.00465523,3530.3,0.761959,0.751353,50.0,2464880000.0,2464880000.0,0.0948005,-6.24526,-0.145699,76.7292,0.26,1.0,35.0,50.0,0.2,100.0
traj_sweep_069,placement,1076.77,1278.42,822.472,822.472,710.0,710.0,0.763834,0.763834,737.0,23.0,23.0,4048.0,4048.0,883.386,12.9976,781.774,101.612,12.9976,374.0,0.712297,68.0,0.0025397,2.05917e-05,0.00188833,0.00444863,2860.33,2491140000.0,2491140000.0,0.0965178,-5.74567,-0.131423,1076.77,1278.42,822.472,822.472,710.0,710.0,0.763834,0.763834,737.0,23.0,23.0,4048.0,4048.0,0.0025397,2.05917e-05,0.00188833,0.00444863,0.753921,0.747461,49.0,2491140000.0,2491140000.0,0.0965178,-5.74567,-0.131423,1076.77,1278.42,822.472,822.472,710.0,710.0,5.501,1.322,938.627,0.763834,0.763834,737.0,23.0,23.0,4048.0,4048.0,1225540.0,21.0,3.0,0.00254023,2.05917e-05,0.0019044,0.00446522,3473.1,0.75764,0.74926,49.0,2466460000.0,2466460000.0,0.0964875,-5.85826,-0.135439,76.3834,0.27,1.0,35.0,50.0,0.2,100.0
traj_sweep_070,placement,1076.77,1278.42,823.536,823.536,711.0,711.0,0.764822,0.764822,738.0,23.0,23.0,4048.0,4048.0,884.45,13.1337,781.774,102.676,13.1337,376.0,0.718272,68.0,0.00244768,2.06349e-05,0.00181855,0.00428686,2871.06,2484540000.0,2484540000.0,0.0983615,-5.26336,-0.122489,1076.77,1278.42,823.536,823.536,711.0,711.0,0.764822,0.764822,738.0,23.0,23.0,4048.0,4048.0,0.00244768,2.06349e-05,0.00181855,0.00428686,0.789292,0.764572,49.0,2484540000.0,2484540000.0,0.0983615,-5.26336,-0.122489,1076.77,1278.42,823.536,823.536,711.0,711.0,4.9025,1.3285,944.769,0.764822,0.764822,738.0,23.0,23.0,4048.0,4048.0,1220630.0,21.0,2.0,0.0024486,2.06349e-05,0.00183445,0.00430369,3481.37,0.789965,0.764898,49.0,2442210000.0,2442210000.0,0.0988796,-5.40333,-0.129464,76.4822,0.28,1.0,35.0,50.0,0.2,100.0
traj_sweep_071,placement,1076.77,1278.42,818.482,818.482,702.0,702.0,0.760128,0.760128,729.0,23.0,23.0,4048.0,4048.0,879.396,12.4872,781.774,97.622,12.4872,373.0,0.697093,65.0,0.00235573,2.06005e-05,0.001753,0.00412933,2890.52,2459180000.0,2459180000.0,0.10058,-4.80477,-0.116639,1076.77,1278.42,818.482,818.482,702.0,702.0,0.760128,0.760128,729.0,23.0,23.0,4048.0,4048.0,0.00235573,2.06005e-05,0.001753,0.00412933,0.765795,0.75321,49.0,2459180000.0,2459180000.0,0.10058,-4.80477,-0.116639,1076.77,1278.42,818.482,818.482,702.0,702.0,5.2705,1.2845,902.028,0.760128,0.760128,729.0,23.0,23.0,4048.0,4048.0,1161240.0,20.0,2.0,0.00235619,2.06005e-05,0.00176616,0.00414296,3471.13,0.774027,0.757192,49.0,2442440000.0,2442440000.0,0.101125,-4.90077,-0.119427,76.0128,0.29,1.0,35.0,50.0,0.2,100.0
traj_sweep_072,placement,1076.77,1278.42,818.216,818.216,703.0,703.0,0.759881,0.759881,730.0,23.0,23.0,4048.0,4048.0,879.13,12.4532,781.774,97.356,12.4532,374.0,0.698121,66.0,0.00229042,2.055e-05,0.00170174,0.00401271,2930.36,2488010000.0,2488010000.0,0.102494,-4.3351,-0.101927,1076.77,1278.42,818.216,818.216,703.0,703.0,0.759881,0.759881,730.0,23.0,23.0,4048.0,4048.0,0.00229042,2.055e-05,0.00170174,0.00401271,0.721931,0.72506,49.0,2488010000.0,2488010000.0,0.102494,-4.3351,-0.101927,1076.77,1278.42,818.216,818.216,703.0,703.0,6.1335,1.3265,932.586,0.759881,0.759881,730.0,23.0,23.0,4048.0,4048.0,1230530.0,21.0,4.0,0.0022908,2.055e-05,0.00171441,0.00402576,3545.62,0.72141,0.71763,49.0,2474260000.0,2474260000.0,0.1024,-4.42989,-0.104161,75.9881,0.3,1.0,35.0,50.0,0.2,100.0
traj_sweep_073,placement,1076.77,1278.42,813.694,813.694,704.0,704.0,0.755682,0.755682,731.0,23.0,23.0,4048.0,4048.0,875.8,12.545,778.178,97.622,12.545,372.0,0.716951,65.0,0.00220748,2.03812e-05,0.00162548,0.00385334,2798.91,2468660000.0,2468660000.0,0.104553,-3.87367,-0.0950781,1076.77,1278.42,813.694,813.694,704.0,704.0,0.755682,0.755682,731.0,23.0,23.0,4048.0,4048.0,0.00220748,2.03812e-05,0.00162548,0.00385334,0.754725,0.74785,48.0,2468660000.0,2468660000.0,0.104553,-3.87367,-0.0950781,1076.77,1278.42,813.694,813.694,704.0,704.0,5.25,1.3395,943.346,0.755682,0.755682,731.0,23.0,23.0,4048.0,4048.0,1348200.0,24.0,6.0,0.00220815,2.03812e-05,0.00164208,0.00387062,3473.01,0.763975,0.752329,48.0,2454300000.0,2454300000.0,0.105107,-4.00652,-0.0974479,75.5682,0.31,1.0,35.0,50.0,0.2,100.0
traj_sweep_074,placement,1076.77,1278.42,804.916,804.916,693.0,693.0,0.74753,0.74753,720.0,23.0,23.0,4048.0,4048.0,867.022,11.4169,778.178,88.844,11.4169,376.0,0.707363,66.0,0.00209775,2.01274e-05,0.00156171,0.00367959,2835.7,2496650000.0,2496650000.0,0.106358,-3.31344,-0.084481,1076.77,1278.42,804.916,804.916,693.0,693.0,0.74753,0.74753,720.0,23.0,23.0,4048.0,4048.0,0.00209775,2.01274e-05,0.00156171,0.00367959,0.760607,0.750696,48.0,2496650000.0,2496650000.0,0.106358,-3.31344,-0.084481,1076.77,1278.42,804.916,804.916,693.0,693.0,4.608,1.3505,936.081,0.74753,0.74753,720.0,23.0,23.0,4048.0,4048.0,1201620.0,21.0,4.0,0.00209825,2.01274e-05,0.00157658,0.00369496,3436.51,0.760274,0.750535,48.0,2476220000.0,2476220000.0,0.106896,-3.41434,-0.0843828,74.753,0.32,1.0,35.0,50.0,0.2,100.0
traj_sweep_075,placement,1076.77,1278.42,796.936,796.936,685.0,685.0,0.740119,0.740119,712.0,23.0,23.0,4048.0,4048.0,859.042,10.3915,778.178,80.864,10.3915,372.0,0.726176,69.0,0.00201355,1.98475e-05,0.00151631,0.00354971,2906.52,2478090000.0,2478090000.0,0.107378,-3.01323,-0.077181,1076.77,1278.42,796.936,796.936,685.0,685.0,0.740119,0.740119,712.0,23.0,23.0,4048.0,4048.0,0.00201355,1.98475e-05,0.00151631,0.00354971,0.785801,0.682511,47.0,2478090000.0,2478090000.0,0.107378,-3.01323,-0.077181,1076.77,1278.42,796.936,796.936,685.0,685.0,5.283,1.3555,928.736,0.740119,0.740119,712.0,23.0,23.0,4048.0,4048.0,1226450.0,21.0,3.0,0.00201395,1.98475e-05,0.00152682,0.00356062,3519.75,0.796764,0.675204,47.0,2465500000.0,2465500000.0,0.107687,-3.15266,-0.0784447,74.0119,0.33,1.0,35.0,50.0,0.2,100.0
traj_sweep_076,placement,1076.77,1278.42,792.148,792.148,689.0,689.0,0.735672,0.735672,716.0,23.0,23.0,4048.0,4048.0,856.742,10.7259,773.75,82.992,10.7259,367.0,0.736636,69.0,0.00194169,1.9581e-05,0.00144283,0.0034041,2796.06,2457760000.0,2457760000.0,0.107493,-2.66809,-0.0668749,1076.77,1278.42,792.148,792.148,689.0,689.0,0.735672,0.735672,716.0,23.0,23.0,4048.0,4048.0,0.00194169,1.9581e-05,0.00144283,0.0034041,0.804101,0.771726,48.0,2457760000.0,2457760000.0,0.107493,-2.66809,-0.0668749,1076.77,1278.42,792.148,792.148,689.0,689.0,5.4655,1.318,908.408,0.735672,0.735672,716.0,23.0,23.0,4048.0,4048.0,1237700.0,22.0,3.0,0.00194221,1.9581e-05,0.00145578,0.00341757,3414.91,0.793701,0.766702,48.0,2454790000.0,2454790000.0,0.107777,-2.75206,-0.0673675,73.5672,0.34,1.0,35.0,50.0,0.2,100.0
traj_sweep_077,placement,1076.77,1278.42,789.488,789.488,688.0,688.0,0.733202,0.733202,715.0,23.0,23.0,4048.0,4048.0,854.082,10.3822,773.75,80.332,10.3822,372.0,0.70467,69.0,0.00187381,1.94326e-05,0.00140006,0.0032933,2763.91,2463360000.0,2463360000.0,0.107026,-2.25733,-0.0559489,1076.77,1278.42,789.488,789.488,688.0,688.0,0.733202,0.733202,715.0,23.0,23.0,4048.0,4048.0,0.00187381,1.94326e-05,0.00140006,0.0032933,0.760222,0.750508,48.0,2463360000.0,2463360000.0,0.107026,-2.25733,-0.0559489,1076.77,1278.42,789.488,789.488,688.0,688.0,5.239,1.286,885.066,0.733202,0.733202,715.0,23.0,23.0,4048.0,4048.0,1058430.0,19.0,2.0,0.00187418,1.94326e-05,0.00141328,0.00330689,3293.12,0.755584,0.748261,48.0,2445000000.0,2445000000.0,0.108004,-2.36688,-0.0589974,73.3202,0.35,1.0,35.0,50.0,0.2,100.0
traj_sweep_078,placement,1076.77,1278.42,789.754,789.754,687.0,687.0,0.733449,0.733449,714.0,23.0,23.0,4048.0,4048.0,854.348,10.4165,773.75,80.598,10.4165,375.0,0.729327,69.0,0.00182482,1.94741e-05,0.00136153,0.00320583,2770.64,2440700000.0,2440700000.0,0.106988,-1.89864,-0.0497184,1076.77,1278.42,789.754,789.754,687.0,687.0,0.733449,0.733449,714.0,23.0,23.0,4048.0,4048.0,0.00182482,1.94741e-05,0.00136153,0.00320583,0.793736,0.766692,47.0,2440700000.0,2440700000.0,0.106988,-1.89864,-0.0497184,1076.77,1278.42,789.754,789.754,687.0,687.0,5.188,1.2475,857.341,0.733449,0.733449,714.0,23.0,23.0,4048.0,4048.0,1055620.0,19.0,2.0,0.00182512,1.94741e-05,0.00137178,0.00321637,3298.45,0.785137,0.762548,47.0,2442970000.0,2442970000.0,0.107139,-1.93785,-0.0493793,73.3449,0.36,1.0,35.0,50.0,0.2,100.0
traj_sweep_079,placement,1076.77,1278.42,786.828,786.828,685.0,685.0,0.730731,0.730731,712.0,23.0,23.0,4048.0,4048.0,851.985,10.1446,773.515,78.47,10.1446,374.0,0.72308,68.0,0.00176175,1.93979e-05,0.00131313,0.00309428,2773.52,2445890000.0,2445890000.0,0.106792,-1.36714,-0.0388489,1076.77,1278.42,786.828,786.828,685.0,685.0,0.730731,0.730731,712.0,23.0,23.0,4048.0,4048.0,0.00176175,1.93979e-05,0.00131313,0.00309428,0.7807,0.675954,47.0,2445890000.0,2445890000.0,0.106792,-1.36714,-0.0388489,1076.77,1278.42,786.828,786.828,685.0,685.0,6.909,1.274,872.736,0.730731,0.730731,712.0,23.0,23.0,4048.0,4048.0,1068910.0,19.0,2.0,0.00176226,1.93979e-05,0.00132721,0.00310887,3307.98,0.775914,0.673383,47.0,2455120000.0,2455120000.0,0.107362,-1.46105,-0.0419711,73.0731,0.37,1.0,35.0,50.0,0.2,100.0
traj_sweep_080,placement,1076.77,1278.42,785.232,785.232,687.0,687.0,0.729249,0.729249,714.0,23.0,23.0,4048.0,4048.0,851.631,10.1492,773.161,78.47,10.1492,369.0,0.70579,68.0,0.00172133,1.92943e-05,0.00127667,0.0030173,2784.27,2429380000.0,2429380000.0,0.107506,-0.923693,-0.0316276,1076.77,1278.42,785.232,785.232,687.0,687.0,0.729249,0.729249,714.0,23.0,23.0,4048.0,4048.0,0.00172133,1.92943e-05,0.00127667,0.0030173,0.784595,0.739281,46.0,2429380000.0,2429380000.0,0.107506,-0.923693,-0.0316276,1076.77,1278.42,785.232,785.232,687.0,687.0,4.3915,1.35,927.53,0.729249,0.729249,714.0,23.0,23.0,4048.0,4048.0,1136970.0,20.0,5.0,0.00172153,1.92943e-05,0.00128681,0.00302763,3352.76,0.783388,0.735654,46.0,2439020000.0,2439020000.0,0.107973,-0.989843,-0.0357411,72.9249,0.38,1.0,35.0,50.0,0.2,100.0
traj_sweep_081,placement,1076.77,1278.42,784.7,784.7,686.0,686.0,0.728755,0.728755,713.0,23.0,23.0,4048.0,4048.0,851.951,10.2209,772.949,79.002,10.2209,374.0,0.703711,70.0,0.00169109,1.93059e-05,0.00124728,0.00295768,2794.17,2441050000.0,2441050000.0,0.107327,-0.544298,-0.0251453,1076.77,1278.42,784.7,784.7,686.0,686.0,0.728755,0.728755,713.0,23.0,23.0,4048.0,4048.0,0.00169109,1.93059e-05,0.00124728,0.00295768,0.806358,0.647098,44.0,2441050000.0,2441050000.0,0.107327,-0.544298,-0.0251453,1076.77,1278.42,784.7,784.7,686.0,686.0,5.9565,1.299,891.142,0.728755,0.728755,713.0,23.0,23.0,4048.0,4048.0,1187820.0,21.0,3.0,0.00169154,1.93059e-05,0.001257,0.00296785,3388.08,0.788006,0.645379,44.0,2414590000.0,2414590000.0,0.107454,-0.579725,-0.0280977,72.8755,0.39,1.0,35.0,50.0,0.2,100.0
traj_sweep_082,placement,1076.77,1278.42,748.79,748.79,680.0,680.0,0.695405,0.695405,707.0,23.0,23.0,4048.0,4048.0,829.454,9.86524,754.974,74.48,9.86524,368.0,0.74122,71.0,0.00156759,1.79646e-05,0.00113834,0.00272389,2793.19,2429390000.0,2429390000.0,0.107626,-0.350376,-0.0181928,1076.77,1278.42,748.79,748.79,680.0,680.0,0.695405,0.695405,707.0,23.0,23.0,4048.0,4048.0,0.00156759,1.79646e-05,0.00113834,0.00272389,0.793363,0.715145,40.0,2429390000.0,2429390000.0,0.107626,-0.350376,-0.0181928,1076.77,1278.42,748.79,748.79,680.0,680.0,5.3235,1.2905,877.668,0.695405,0.695405,707.0,23.0,23.0,4048.0,4048.0,1003260.0,18.0,3.0,0.00156791,1.79646e-05,0.00114855,0.00273442,3294.82,0.809625,0.703786,42.0,2430520000.0,2430520000.0,0.107513,-0.372738,-0.0200754,69.5405,0.4,1.0,35.0,50.0,0.2,100.0
traj_sweep_083,placement,1076.77,1278.42,723.52,723.52,663.0,663.0,0.671937,0.671937,690.0,23.0,23.0,4048.0,4048.0,807.64,8.19602,746.46,61.18,8.19602,370.0,0.702066,71.0,0.00149086,1.70899e-05,0.00107467,0.00258262,2759.49,2415760000.0,2415760000.0,0.106957,-0.0498956,-0.00929792,1076.77,1278.42,723.52,723.52,663.0,663.0,0.671937,0.671937,690.0,23.0,23.0,4048.0,4048.0,0.00149086,1.70899e-05,0.00107467,0.00258262,0.780608,0.742535,8.0,2415760000.0,2415760000.0,0.106957,-0.0498956,-0.00929792,1076.77,1278.42,723.52,723.52,663.0,663.0,4.6135,1.251,829.707,0.671937,0.671937,690.0,23.0,23.0,4048.0,4048.0,1019530.0,18.0,2.0,0.00149106,1.70899e-05,0.00108,0.00258815,3269.26,0.795588,0.740316,20.0,2390680000.0,2390680000.0,0.107581,-0.0803907,-0.0138365,67.1937,0.41,1.0,35.0,50.0,0.2,100.0
traj_sweep_084,placement,1076.77,1278.42,704.368,704.368,646.0,646.0,0.65415,0.65415,673.0,23.0,23.0,4048.0,4048.0,788.488,5.63031,746.46,42.028,5.63031,369.0,0.688757,71.0,0.00142253,1.63928e-05,0.00104209,0.00248101,2732.2,2356320000.0,2356320000.0,0.107327,-0.0367595,-0.00439035,1076.77,1278.42,704.368,704.368,646.0,646.0,0.65415,0.65415,673.0,23.0,23.0,4048.0,4048.0,0.00142253,1.63928e-05,0.00104209,0.00248101,0.80097,0.622583,15.0,2356320000.0,2356320000.0,0.107327,-0.0367595,-0.00439035,1076.77,1278.42,704.368,704.368,646.0,646.0,3.798,1.233,796.536,0.65415,0.65415,673.0,23.0,23.0,4048.0,4048.0,990045.0,18.0,2.0,0.00142272,1.63928e-05,0.00104838,0.00248749,3227.23,0.77601,0.614902,18.0,2332030000.0,2332030000.0,0.10749,-0.0772121,-0.00881084,65.415,0.42,1.0,35.0,50.0,0.2,100.0
traj_sweep_085,placement,1076.77,1278.42,686.014,686.014,622.0,622.0,0.637105,0.637105,649.0,23.0,23.0,4048.0,4048.0,770.134,3.1715,746.46,23.674,3.1715,369.0,0.713591,72.0,0.00133503,1.59272e-05,0.0010032,0.00235416,2713.1,2343910000.0,2343910000.0,0.10698,-0.0033116,-0.00133848,1076.77,1278.42,686.014,686.014,622.0,622.0,0.637105,0.637105,649.0,23.0,23.0,4048.0,4048.0,0.00133503,1.59272e-05,0.0010032,0.00235416,0.779451,0.621461,3.0,2343910000.0,2343910000.0,0.10698,-0.0033116,-0.00133848,1076.77,1278.42,686.014,686.014,622.0,622.0,4.6235,1.255,780.864,0.637105,0.637105,649.0,23.0,23.0,4048.0,4048.0,907037.0,17.0,2.0,0.00133516,1.59272e-05,0.00100799,0.00235907,3166.61,0.790608,0.614883,3.0,2334110000.0,2334110000.0,0.107481,-0.00581893,-0.00361494,63.7105,0.43,1.0,35.0,50.0,0.2,100.0
traj_sweep_086,placement,1076.77,1278.42,675.64,675.64,611.0,611.0,0.62747,0.62747,638.0,23.0,23.0,4048.0,4048.0,759.76,1.78174,746.46,13.3,1.78174,376.0,0.717508,72.0,0.00126675,1.55778e-05,0.000972333,0.00225466,2749.5,2341240000.0,2341240000.0,0.106978,0.0,0.0085279,1076.77,1278.42,675.64,675.64,611.0,611.0,0.62747,0.62747,638.0,23.0,23.0,4048.0,4048.0,0.00126675,1.55778e-05,0.000972333,0.00225466,0.776386,0.612764,0.0,2341240000.0,2341240000.0,0.106978,0.0,0.0085279,1076.77,1278.42,675.64,675.64,611.0,611.0,3.77,1.2145,742.353,0.62747,0.62747,638.0,23.0,23.0,4048.0,4048.0,769883.0,14.0,1.0,0.00126693,1.55778e-05,0.000977819,0.00226033,3134.44,0.780532,0.612454,0.0,2334450000.0,2334450000.0,0.107618,0.0,0.0067773,62.747,0.44,1.0,35.0,50.0,0.2,100.0
traj_sweep_087,placement,1076.77,1278.42,673.512,673.512,609.0,609.0,0.625494,0.625494,636.0,23.0,23.0,4048.0,4048.0,757.632,1.49666,746.46,11.172,1.49666,377.0,0.700785,73.0,0.00122985,1.54905e-05,0.000948943,0.00219429,2803.65,2326600000.0,2326600000.0,0.107342,0.0,0.0166585,1076.77,1278.42,673.512,673.512,609.0,609.0,0.625494,0.625494,636.0,23.0,23.0,4048.0,4048.0,0.00122985,1.54905e-05,0.000948943,0.00219429,0.74802,0.616609,0.0,2326600000.0,2326600000.0,0.107342,0.0,0.0166585,1076.77,1278.42,673.512,673.512,609.0,609.0,4.238,1.266,771.15,0.625494,0.625494,636.0,23.0,23.0,4048.0,4048.0,790890.0,14.0,1.0,0.00122997,1.54905e-05,0.000952181,0.00219764,3199.09,0.755657,0.617557,0.0,2317970000.0,2317970000.0,0.108172,0.0,0.0120457,62.5494,0.45,1.0,35.0,50.0,0.2,100.0
traj_sweep_088,placement,1076.77,1278.42,671.65,671.65,606.0,606.0,0.623765,0.623765,633.0,23.0,23.0,4048.0,4048.0,755.77,1.24722,746.46,9.31,1.24722,374.0,0.708605,72.0,0.00119683,1.54467e-05,0.000924256,0.00213653,2735.06,2316100000.0,2316100000.0,0.107589,0.0,0.0155462,1076.77,1278.42,671.65,671.65,606.0,606.0,0.623765,0.623765,633.0,23.0,23.0,4048.0,4048.0,0.00119683,1.54467e-05,0.000924256,0.00213653,0.760254,0.620997,0.0,2316100000.0,2316100000.0,0.107589,0.0,0.0155462,1076.77,1278.42,671.65,671.65,606.0,606.0,5.0655,1.225,742.52,0.623765,0.623765,633.0,23.0,23.0,4048.0,4048.0,752768.0,14.0,1.0,0.00119713,1.54467e-05,0.000929885,0.00214247,3111.44,0.767821,0.622304,0.0,2313050000.0,2313050000.0,0.108065,0.0,0.0139368,62.3765,0.46,1.0,35.0,50.0,0.2,100.0
traj_sweep_089,placement,1076.77,1278.42,670.054,670.054,604.0,604.0,0.622283,0.622283,631.0,23.0,23.0,4048.0,4048.0,754.174,1.03341,746.46,7.714,1.03341,370.0,0.713027,73.0,0.00116858,1.54042e-05,0.000901304,0.00208529,2719.89,2294620000.0,2294620000.0,0.106999,0.0,0.0241899,1076.77,1278.42,670.054,670.054,604.0,604.0,0.622283,0.622283,631.0,23.0,23.0,4048.0,4048.0,0.00116858,1.54042e-05,0.000901304,0.00208529,0.773888,0.524136,0.0,2294620000.0,2294620000.0,0.106999,0.0,0.0241899,1076.77,1278.42,670.054,670.054,604.0,604.0,6.015,1.232,744.154,0.622283,0.622283,631.0,23.0,23.0,4048.0,4048.0,733257.0,13.0,1.0,0.00116865,1.54042e-05,0.000904861,0.00208891,3086.52,0.777801,0.528174,0.0,2298690000.0,2298690000.0,0.108072,0.0,0.0228211,62.2283,0.47,1.0,35.0,50.0,0.2,100.0
traj_sweep_090,placement,1076.77,1278.42,669.256,669.256,604.0,604.0,0.621542,0.621542,631.0,23.0,23.0,4048.0,4048.0,753.376,0.926506,746.46,6.916,0.926506,371.0,0.708539,72.0,0.00113981,1.53689e-05,0.000885249,0.00204043,2735.65,2289080000.0,2289080000.0,0.107629,0.0,0.0285108,1076.77,1278.42,669.256,669.256,604.0,604.0,0.621542,0.621542,631.0,23.0,23.0,4048.0,4048.0,0.00113981,1.53689e-05,0.000885249,0.00204043,0.795779,0.541864,0.0,2289080000.0,2289080000.0,0.107629,0.0,0.0285108,1076.77,1278.42,669.256,669.256,604.0,604.0,5.5785,1.2275,741.438,0.621542,0.621542,631.0,23.0,23.0,4048.0,4048.0,809004.0,15.0,2.0,0.00113969,1.53689e-05,0.000886621,0.00204168,3140.15,0.776793,0.543052,0.0,2288950000.0,2288950000.0,0.108235,0.0,0.026102,62.1542,0.48,1.0,35.0,50.0,0.2,100.0
traj_sweep_091,placement,1076.77,1278.42,666.596,666.596,602.0,602.0,0.619071,0.619071,629.0,23.0,23.0,4048.0,4048.0,750.716,0.570158,746.46,4.256,0.570158,380.0,0.706286,71.0,0.00111354,1.52579e-05,0.000869491,0.00199828,2689.16,2282520000.0,2282520000.0,0.10686,0.0,0.0403055,1076.77,1278.42,666.596,666.596,602.0,602.0,0.619071,0.619071,629.0,23.0,23.0,4048.0,4048.0,0.00111354,1.52579e-05,0.000869491,0.00199828,0.781495,0.628291,0.0,2282520000.0,2282520000.0,0.10686,0.0,0.0403055,1076.77,1278.42,666.596,666.596,602.0,602.0,3.8935,1.2585,757.774,0.619071,0.619071,629.0,23.0,23.0,4048.0,4048.0,844554.0,16.0,1.0,0.00111358,1.52579e-05,0.000870038,0.00199888,3111.44,0.776162,0.619543,0.0,2269050000.0,2269050000.0,0.107455,0.0,0.0389124,61.9071,0.49,1.0,35.0,50.0,0.2,100.0
traj_sweep_092,placement,1076.77,1278.42,666.596,666.596,602.0,602.0,0.619071,0.619071,629.0,23.0,23.0,4048.0,4048.0,750.716,0.570158,746.46,4.256,0.570158,375.0,0.704894,71.0,0.00109121,1.52579e-05,0.000850024,0.0019565,2669.4,2269210000.0,2269210000.0,0.107076,0.0,0.045763,1076.77,1278.42,666.596,666.596,602.0,602.0,0.619071,0.619071,629.0,23.0,23.0,4048.0,4048.0,0.00109121,1.52579e-05,0.000850024,0.0019565,0.776907,0.628491,0.0,2269210000.0,2269210000.0,0.107076,0.0,0.045763,1076.77,1278.42,666.596,666.596,602.0,602.0,4.4125,1.221,735.048,0.619071,0.619071,629.0,23.0,23.0,4048.0,4048.0,830371.0,16.0,2.0,0.00109135,1.52579e-05,0.000852915,0.00195952,3084.59,0.757792,0.628112,0.0,2255650000.0,2255650000.0,0.107941,0.0,0.0452241,61.9071,0.5,1.0,35.0,50.0,0.2,100.0
traj_sweep_093,placement,1076.77,1278.42,666.33,666.33,602.0,602.0,0.618824,0.618824,629.0,23.0,23.0,4048.0,4048.0,750.45,0.534523,746.46,3.99,0.534523,375.0,0.695823,72.0,0.00106907,1.5237e-05,0.000828031,0.00191234,2678.92,2210120000.0,2210120000.0,0.107082,0.0,0.057535,1076.77,1278.42,666.33,666.33,602.0,602.0,0.618824,0.618824,629.0,23.0,23.0,4048.0,4048.0,0.00106907,1.5237e-05,0.000828031,0.00191234,0.759092,0.606783,0.0,2210120000.0,2210120000.0,0.107082,0.0,0.057535,1076.77,1278.42,666.33,666.33,602.0,602.0,4.0,1.2625,760.158,0.618824,0.618824,629.0,23.0,23.0,4048.0,4048.0,771474.0,14.0,2.0,0.00106918,1.5237e-05,0.000833001,0.00191741,3064.66,0.782699,0.61243,0.0,2213170000.0,2213170000.0,0.107464,0.0,0.0557622,61.8824,0.51,1.0,35.0,50.0,0.2,100.0
traj_sweep_094,placement,1076.77,1278.42,666.596,666.596,602.0,602.0,0.619071,0.619071,629.0,23.0,23.0,4048.0,4048.0,750.716,0.570158,746.46,4.256,0.570158,375.0,0.693292,70.0,0.00105001,1.52594e-05,0.000819116,0.00188438,2716.0,2286780000.0,2286780000.0,0.107137,0.0,0.0645186,1076.77,1278.42,666.596,666.596,602.0,602.0,0.619071,0.619071,629.0,23.0,23.0,4048.0,4048.0,0.00105001,1.52594e-05,0.000819116,0.00188438,0.783777,0.627299,0.0,2286780000.0,2286780000.0,0.107137,0.0,0.0645186,1076.77,1278.42,666.596,666.596,602.0,602.0,4.0475,1.2435,748.743,0.619071,0.619071,629.0,23.0,23.0,4048.0,4048.0,770249.0,14.0,2.0,0.00105008,1.52594e-05,0.000820859,0.0018862,3101.12,0.793141,0.621339,0.0,2271980000.0,2271980000.0,0.10796,0.0,0.0631478,61.9071,0.52,1.0,35.0,50.0,0.2,100.0
traj_sweep_095,placement,1076.77,1278.42,666.596,666.596,602.0,602.0,0.619071,0.619071,629.0,23.0,23.0,4048.0,4048.0,750.716,0.570158,746.46,4.256,0.570158,374.0,0.706648,70.0,0.00102993,1.52594e-05,0.000801395,0.00184659,2695.81,2278370000.0,2278370000.0,0.106966,0.0,0.0676938,1076.77,1278.42,666.596,666.596,602.0,602.0,0.619071,0.619071,629.0,23.0,23.0,4048.0,4048.0,0.00102993,1.52594e-05,0.000801395,0.00184659,0.788523,0.625122,0.0,2278370000.0,2278370000.0,0.106966,0.0,0.0676938,1076.77,1278.42,666.596,666.596,602.0,602.0,3.9275,1.2615,759.659,0.619071,0.619071,629.0,23.0,23.0,4048.0,4048.0,804258.0,15.0,1.0,0.00102991,1.52594e-05,0.000803123,0.00184829,3097.93,0.805667,0.625643,0.0,2261850000.0,2261850000.0,0.107814,0.0,0.0692823,61.9071,0.53,1.0,35.0,50.0,0.2,100.0
traj_sweep_096,placement,1076.77,1278.42,666.596,666.596,602.0,602.0,0.619071,0.619071,629.0,23.0,23.0,4048.0,4048.0,750.716,0.570158,746.46,4.256,0.570158,374.0,0.686049,70.0,0.00101058,1.52594e-05,0.000780247,0.00180609,2687.03,2204030000.0,2204030000.0,0.107222,0.0,0.0811843,1076.77,1278.42,666.596,666.596,602.0,602.0,0.619071,0.619071,629.0,23.0,23.0,4048.0,4048.0,0.00101058,1.52594e-05,0.000780247,0.00180609,0.761247,0.610633,0.0,2204030000.0,2204030000.0,0.107222,0.0,0.0811843,1076.77,1278.42,666.596,666.596,602.0,602.0,3.818,1.258,757.372,0.619071,0.619071,629.0,23.0,23.0,4048.0,4048.0,744449.0,14.0,2.0,0.00101081,1.52594e-05,0.000785073,0.00181114,3059.26,0.777538,0.6163,0.0,2193620000.0,2193620000.0,0.107649,0.0,0.0792383,61.9071,0.54,1.0,35.0,50.0,0.2,100.0
traj_sweep_097,placement,1076.77,1278.42,666.33,666.33,602.0,602.0,0.618824,0.618824,629.0,23.0,23.0,4048.0,4048.0,750.45,0.534523,746.46,3.99,0.534523,373.0,0.704334,70.0,0.000991288,1.5237e-05,0.000765135,0.00177166,2716.11,2206710000.0,2206710000.0,0.106961,0.0,0.0891779,1076.77,1278.42,666.33,666.33,602.0,602.0,0.618824,0.618824,629.0,23.0,23.0,4048.0,4048.0,0.000991288,1.5237e-05,0.000765135,0.00177166,0.779854,0.617329,0.0,2206710000.0,2206710000.0,0.106961,0.0,0.0891779,1076.77,1278.42,666.33,666.33,602.0,602.0,4.4145,1.2475,751.177,0.618824,0.618824,629.0,23.0,23.0,4048.0,4048.0,791460.0,15.0,2.0,0.000991397,1.5237e-05,0.000769106,0.00177574,3111.84,0.777039,0.615888,0.0,2196330000.0,2196330000.0,0.107847,0.0,0.0882807,61.8824,0.55,1.0,35.0,50.0,0.2,100.0
traj_sweep_098,placement,1076.77,1278.42,665.532,665.532,601.0,601.0,0.618083,0.618083,628.0,23.0,23.0,4048.0,4048.0,749.652,0.427618,746.46,3.192,0.427618,373.0,0.694979,70.0,0.000974351,1.52173e-05,0.000751511,0.00174108,2711.49,2199160000.0,2199160000.0,0.106952,0.0,0.0970277,1076.77,1278.42,665.532,665.532,601.0,601.0,0.618083,0.618083,628.0,23.0,23.0,4048.0,4048.0,0.000974351,1.52173e-05,0.000751511,0.00174108,0.781041,0.555861,0.0,2199160000.0,2199160000.0,0.106952,0.0,0.0970277,1076.77,1278.42,665.532,665.532,601.0,601.0,4.7965,1.2775,767.861,0.618083,0.618083,628.0,23.0,23.0,4048.0,4048.0,817969.0,15.0,1.0,0.000974578,1.52173e-05,0.000756646,0.00174644,3120.48,0.783211,0.555066,0.0,2216690000.0,2216690000.0,0.107741,0.0,0.0942693,61.8083,0.56,1.0,35.0,50.0,0.2,100.0
traj_sweep_099,placement,1076.77,1278.42,665.532,665.532,601.0,601.0,0.618083,0.618083,628.0,23.0,23.0,4048.0,4048.0,749.652,0.427618,746.46,3.192,0.427618,373.0,0.694979,70.0,0.000957257,1.52173e-05,0.000738326,0.0017108,2711.49,2199160000.0,2199160000.0,0.106952,0.0,0.105028,1076.77,1278.42,665.532,665.532,601.0,601.0,0.618083,0.618083,628.0,23.0,23.0,4048.0,4048.0,0.000957257,1.52173e-05,0.000738326,0.0017108,0.781041,0.555861,0.0,2199160000.0,2199160000.0,0.106952,0.0,0.105028,1076.77,1278.42,665.532,665.532,601.0,601.0,4.7965,1.2775,767.861,0.618083,0.618083,628.0,23.0,23.0,4048.0,4048.0,817969.0,15.0,1.0,0.000957479,1.52173e-05,0.000743371,0.00171607,3120.48,0.783211,0.555066,0.0,2216690000.0,2216690000.0,0.107741,0.0,0.102269,61.8083,0.57,1.0,35.0,50.0,0.2,100.0
traj_sweep_100,placement,1076.77,1278.42,665.0,665.0,600.0,600.0,0.617589,0.617589,627.0,23.0,23.0,4048.0,4048.0,749.12,0.356349,746.46,2.66,0.356349,375.0,0.678675,71.0,0.00094159,1.52175e-05,0.000725099,0.00168191,2692.67,2201120000.0,2201120000.0,0.10706,0.0,0.112814,1076.77,1278.42,665.0,665.0,600.0,600.0,0.617589,0.617589,627.0,23.0,23.0,4048.0,4048.0,0.00094159,1.52175e-05,0.000725099,0.00168191,0.805662,0.476995,0.0,2201120000.0,2201120000.0,0.10706,0.0,0.112814,1076.77,1278.42,665.0,665.0,600.0,600.0,4.482,1.307,784.475,0.617589,0.617589,627.0,23.0,23.0,4048.0,4048.0,773021.0,14.0,3.0,0.000941816,1.52175e-05,0.000728482,0.00168552,3079.18,0.772985,0.479981,0.0,2211540000.0,2211540000.0,0.107598,0.0,0.111375,61.7589,0.58,1.0,35.0,50.0,0.2,100.0
traj_sweep_101,placement,1076.77,1278.42,665.0,665.0,600.0,600.0,0.617589,0.617589,627.0,23.0,23.0,4048.0,4048.0,749.12,0.356349,746.46,2.66,0.356349,374.0,0.697135,70.0,0.000925183,1.52175e-05,0.0007139,0.0016543,2708.35,2195300000.0,2195300000.0,0.106945,0.0,0.120927,1076.77,1278.42,665.0,665.0,600.0,600.0,0.617589,0.617589,627.0,23.0,23.0,4048.0,4048.0,0.000925183,1.52175e-05,0.0007139,0.0016543,0.780832,0.552578,0.0,2195300000.0,2195300000.0,0.106945,0.0,0.120927,1076.77,1278.42,665.0,665.0,600.0,600.0,4.3985,1.2475,748.779,0.617589,0.617589,627.0,23.0,23.0,4048.0,4048.0,798510.0,15.0,1.0,0.000925239,1.52175e-05,0.000718481,0.00165894,3107.61,0.793739,0.558289,0.0,2203710000.0,2203710000.0,0.107414,0.0,0.117854,61.7589,0.59,1.0,35.0,50.0,0.2,100.0
traj_sweep_102,placement,1076.77,1278.42,665.798,665.798,600.0,600.0,0.61833,0.61833,627.0,23.0,23.0,4048.0,4048.0,749.918,0.463253,746.46,3.458,0.463253,376.0,0.693021,70.0,0.000910361,1.5262e-05,0.000701221,0.00162684,2699.62,2207480000.0,2207480000.0,0.107079,0.0,0.128742,1076.77,1278.42,665.798,665.798,600.0,600.0,0.61833,0.61833,627.0,23.0,23.0,4048.0,4048.0,0.000910361,1.5262e-05,0.000701221,0.00162684,0.760498,0.553864,0.0,2207480000.0,2207480000.0,0.107079,0.0,0.128742,1076.77,1278.42,665.798,665.798,600.0,600.0,4.1775,1.2565,754.09,0.61833,0.61833,627.0,23.0,23.0,4048.0,4048.0,765080.0,14.0,1.0,0.000910546,1.5262e-05,0.000706644,0.00163245,3082.16,0.737633,0.555381,0.0,2213080000.0,2213080000.0,0.107399,0.0,0.125865,61.833,0.6,1.0,35.0,50.0,0.2,100.0
traj_sweep_103,placement,1076.77,1278.42,665.798,665.798,600.0,600.0,0.61833,0.61833,627.0,23.0,23.0,4048.0,4048.0,749.918,0.463253,746.46,3.458,0.463253,376.0,0.69283,70.0,0.000895437,1.5262e-05,0.000689629,0.00160033,2698.47,2207910000.0,2207910000.0,0.107082,0.0,0.136673,1076.77,1278.42,665.798,665.798,600.0,600.0,0.61833,0.61833,627.0,23.0,23.0,4048.0,4048.0,0.000895437,1.5262e-05,0.000689629,0.00160033,0.760264,0.554094,0.0,2207910000.0,2207910000.0,0.107082,0.0,0.136673,1076.77,1278.42,665.798,665.798,600.0,600.0,4.305,1.257,754.273,0.61833,0.61833,627.0,23.0,23.0,4048.0,4048.0,786179.0,15.0,1.0,0.000895804,1.5262e-05,0.000694222,0.00160529,3091.56,0.746471,0.553293,0.0,2213960000.0,2213960000.0,0.107961,0.0,0.135101,61.833,0.61,1.0,35.0,50.0,0.2,100.0
traj_sweep_104,placement,1076.77,1278.42,665.0,665.0,600.0,600.0,0.617589,0.617589,627.0,23.0,23.0,4048.0,4048.0,749.12,0.356349,746.46,2.66,0.356349,374.0,0.691376,67.0,0.000880659,1.52175e-05,0.000678072,0.00157395,2705.83,2211680000.0,2211680000.0,0.107034,0.0,0.145535,1076.77,1278.42,665.0,665.0,600.0,600.0,0.617589,0.617589,627.0,23.0,23.0,4048.0,4048.0,0.000880659,1.52175e-05,0.000678072,0.00157395,0.762737,0.553101,0.0,2211680000.0,2211680000.0,0.107034,0.0,0.145535,1076.77,1278.42,665.0,665.0,600.0,600.0,3.681,1.2475,748.683,0.617589,0.617589,627.0,23.0,23.0,4048.0,4048.0,781929.0,14.0,1.0,0.000880932,1.52175e-05,0.000683473,0.00157962,3096.8,0.767821,0.550712,0.0,2219030000.0,2219030000.0,0.107981,0.0,0.140749,61.7589,0.62,1.0,35.0,50.0,0.2,100.0
traj_sweep_105,placement,1076.77,1278.42,843.486,843.486,721.0,721.0,0.78335,0.78335,748.0,23.0,23.0,4048.0,4048.0,903.916,14.256,791.132,112.784,14.256,371.0,0.730149,64.0,0.00518238,2.14569e-05,0.00375436,0.0089582,2922.38,2504100000.0,2504100000.0,0.0707255,-12.261,-0.259345,1076.77,1278.42,843.486,843.486,721.0,721.0,0.78335,0.78335,748.0,23.0,23.0,4048.0,4048.0,0.00518238,2.14569e-05,0.00375436,0.0089582,0.753434,0.747225,53.0,2504100000.0,2504100000.0,0.0707255,-12.261,-0.259345,1076.77,1278.42,843.486,843.486,721.0,721.0,5.1425,1.315,948.243,0.78335,0.78335,748.0,23.0,23.0,4048.0,4048.0,1287510.0,22.0,5.0,0.00518293,2.14569e-05,0.00378663,0.00899102,3566.14,0.767749,0.754155,53.0,2473390000.0,2473390000.0,0.0710168,-12.3958,-0.264303,78.335,0.14,1.0,36.0,50.0,0.2,100.0
traj_sweep_106,placement,1076.77,1278.42,841.624,841.624,719.0,719.0,0.781621,0.781621,746.0,23.0,23.0,4048.0,4048.0,902.054,14.0207,791.132,110.922,14.0207,370.0,0.704469,65.0,0.00480793,2.14161e-05,0.00349398,0.00832333,2907.58,2505990000.0,2505990000.0,0.072749,-11.7383,-0.249043,1076.77,1278.42,841.624,841.624,719.0,719.0,0.781621,0.781621,746.0,23.0,23.0,4048.0,4048.0,0.00480793,2.14161e-05,0.00349398,0.00832333,0.758687,0.749767,53.0,2505990000.0,2505990000.0,0.072749,-11.7383,-0.249043,1076.77,1278.42,841.624,841.624,719.0,719.0,4.8725,1.3255,953.133,0.781621,0.781621,746.0,23.0,23.0,4048.0,4048.0,1285030.0,22.0,5.0,0.00480928,2.14161e-05,0.00352779,0.00835848,3550.1,0.756463,0.748691,53.0,2481860000.0,2481860000.0,0.0728213,-11.8779,-0.252924,78.1621,0.15,1.0,36.0,50.0,0.2,100.0
traj_sweep_107,placement,1076.77,1278.42,841.624,841.624,719.0,719.0,0.781621,0.781621,746.0,23.0,23.0,4048.0,4048.0,902.054,14.0207,791.132,110.922,14.0207,372.0,0.695239,65.0,0.0045079,2.1417e-05,0.00327454,0.00780386,2914.82,2503090000.0,2503090000.0,0.0748557,-11.2447,-0.239506,1076.77,1278.42,841.624,841.624,719.0,719.0,0.781621,0.781621,746.0,23.0,23.0,4048.0,4048.0,0.0045079,2.1417e-05,0.00327454,0.00780386,0.765023,0.752836,53.0,2503090000.0,2503090000.0,0.0748557,-11.2447,-0.239506,1076.77,1278.42,841.624,841.624,719.0,719.0,6.216,1.2615,907.064,0.781621,0.781621,746.0,23.0,23.0,4048.0,4048.0,1199360.0,21.0,4.0,0.00450863,2.1417e-05,0.00330406,0.00783411,3514.5,0.774834,0.757582,53.0,2481090000.0,2481090000.0,0.0744838,-11.3747,-0.243049,78.1621,0.16,1.0,36.0,50.0,0.2,100.0
traj_sweep_108,placement,1076.77,1278.42,837.9,837.9,715.0,715.0,0.778162,0.778162,742.0,23.0,23.0,4048.0,4048.0,898.33,13.5499,791.132,107.198,13.5499,379.0,0.716833,65.0,0.0041912,2.1286e-05,0.00307186,0.00728435,2923.74,2501640000.0,2501640000.0,0.0768685,-10.7012,-0.229738,1076.77,1278.42,837.9,837.9,715.0,715.0,0.778162,0.778162,742.0,23.0,23.0,4048.0,4048.0,0.0041912,2.1286e-05,0.00307186,0.00728435,0.775278,0.757796,53.0,2501640000.0,2501640000.0,0.0768685,-10.7012,-0.229738,1076.77,1278.42,837.9,837.9,715.0,715.0,4.813,1.27,908.406,0.778162,0.778162,742.0,23.0,23.0,4048.0,4048.0,1200060.0,21.0,6.0,0.00419188,2.1286e-05,0.00309598,0.00730914,3523.76,0.775914,0.758103,53.0,2489660000.0,2489660000.0,0.0777462,-10.8162,-0.231661,77.8162,0.17,1.0,36.0,50.0,0.2,100.0
traj_sweep_109,placement,1076.77,1278.42,835.506,835.506,712.0,712.0,0.775939,0.775939,739.0,23.0,23.0,4048.0,4048.0,895.936,13.2473,791.132,104.804,13.2473,378.0,0.713634,65.0,0.00391684,2.12227e-05,0.00288572,0.00682379,2915.62,2502940000.0,2502940000.0,0.0787703,-10.1664,-0.21953,1076.77,1278.42,835.506,835.506,712.0,712.0,0.775939,0.775939,739.0,23.0,23.0,4048.0,4048.0,0.00391684,2.12227e-05,0.00288572,0.00682379,0.755825,0.748382,53.0,2502940000.0,2502940000.0,0.0787703,-10.1664,-0.21953,1076.77,1278.42,835.506,835.506,712.0,712.0,4.6885,1.348,960.011,0.775939,0.775939,739.0,23.0,23.0,4048.0,4048.0,1276570.0,22.0,3.0,0.00391767,2.12227e-05,0.00290764,0.00684654,3553.91,0.786154,0.763055,53.0,2485070000.0,2485070000.0,0.0791,-10.2739,-0.222404,77.5939,0.18,1.0,36.0,50.0,0.2,100.0
traj_sweep_110,placement,1076.77,1278.42,835.506,835.506,712.0,712.0,0.775939,0.775939,739.0,23.0,23.0,4048.0,4048.0,895.936,13.2473,791.132,104.804,13.2473,378.0,0.713638,65.0,0.00371068,2.12227e-05,0.00273348,0.00646538,2915.98,2502680000.0,2502680000.0,0.080778,-9.67277,-0.209572,1076.77,1278.42,835.506,835.506,712.0,712.0,0.775939,0.775939,739.0,23.0,23.0,4048.0,4048.0,0.00371068,2.12227e-05,0.00273348,0.00646538,0.756972,0.748937,53.0,2502680000.0,2502680000.0,0.080778,-9.67277,-0.209572,1076.77,1278.42,835.506,835.506,712.0,712.0,5.056,1.2895,918.157,0.775939,0.775939,739.0,23.0,23.0,4048.0,4048.0,1220110.0,21.0,3.0,0.00371167,2.12227e-05,0.00275324,0.00648613,3526.04,0.775842,0.758069,53.0,2484250000.0,2484250000.0,0.08072,-9.79155,-0.212536,77.5939,0.19,1.0,36.0,50.0,0.2,100.0
traj_sweep_111,placement,1076.77,1278.42,834.974,834.974,711.0,711.0,0.775445,0.775445,738.0,23.0,23.0,4048.0,4048.0,895.404,13.1801,791.132,104.272,13.1801,379.0,0.7193,65.0,0.0035138,2.12246e-05,0.00259565,0.00613068,2924.94,2502430000.0,2502430000.0,0.0828218,-9.14868,-0.199611,1076.77,1278.42,834.974,834.974,711.0,711.0,0.775445,0.775445,738.0,23.0,23.0,4048.0,4048.0,0.0035138,2.12246e-05,0.00259565,0.00613068,0.771763,0.756097,53.0,2502430000.0,2502430000.0,0.0828218,-9.14868,-0.199611,1076.77,1278.42,834.974,834.974,711.0,711.0,5.335,1.269,902.301,0.775445,0.775445,738.0,23.0,23.0,4048.0,4048.0,1130190.0,19.0,4.0,0.00351491,2.12246e-05,0.00261502,0.00615115,3490.04,0.774027,0.757191,53.0,2484000000.0,2484000000.0,0.0828148,-9.25491,-0.202577,77.5445,0.2,1.0,36.0,50.0,0.2,100.0
traj_sweep_112,placement,1076.77,1278.42,832.58,832.58,708.0,708.0,0.773221,0.773221,735.0,23.0,23.0,4048.0,4048.0,893.01,12.8775,791.132,101.878,12.8775,376.0,0.701202,66.0,0.00332338,2.1157e-05,0.00246717,0.00581171,2913.92,2503540000.0,2503540000.0,0.0847914,-8.58268,-0.189435,1076.77,1278.42,832.58,832.58,708.0,708.0,0.773221,0.773221,735.0,23.0,23.0,4048.0,4048.0,0.00332338,2.1157e-05,0.00246717,0.00581171,0.76862,0.754577,53.0,2503540000.0,2503540000.0,0.0847914,-8.58268,-0.189435,1076.77,1278.42,832.58,832.58,708.0,708.0,4.276,1.2575,890.662,0.773221,0.773221,735.0,23.0,23.0,4048.0,4048.0,1146450.0,20.0,2.0,0.00332386,2.1157e-05,0.00248359,0.00582861,3487.14,0.76648,0.753541,53.0,2484330000.0,2484330000.0,0.0848952,-8.72379,-0.192523,77.3221,0.21,1.0,36.0,50.0,0.2,100.0
traj_sweep_113,placement,1076.77,1278.42,830.718,830.718,705.0,705.0,0.771492,0.771492,732.0,23.0,23.0,4048.0,4048.0,891.148,12.6421,791.132,100.016,12.6421,379.0,0.734526,66.0,0.00315413,2.11153e-05,0.00234778,0.00552303,2914.11,2501870000.0,2501870000.0,0.0868799,-8.07462,-0.179702,1076.77,1278.42,830.718,830.718,705.0,705.0,0.771492,0.771492,732.0,23.0,23.0,4048.0,4048.0,0.00315413,2.11153e-05,0.00234778,0.00552303,0.766883,0.753736,53.0,2501870000.0,2501870000.0,0.0868799,-8.07462,-0.179702,1076.77,1278.42,830.718,830.718,705.0,705.0,5.405,1.282,903.962,0.771492,0.771492,732.0,23.0,23.0,4048.0,4048.0,1173420.0,20.0,4.0,0.00315482,2.11153e-05,0.00236833,0.00554427,3500.82,0.774799,0.757565,53.0,2485180000.0,2485180000.0,0.0870924,-8.1763,-0.182385,77.1492,0.22,1.0,36.0,50.0,0.2,100.0
traj_sweep_114,placement,1076.77,1278.42,832.314,832.314,706.0,706.0,0.772974,0.772974,733.0,23.0,23.0,4048.0,4048.0,892.744,12.8439,791.132,101.612,12.8439,379.0,0.716815,67.0,0.00302706,2.11997e-05,0.0022496,0.00529786,2911.39,2495760000.0,2495760000.0,0.0886463,-7.53016,-0.170679,1076.77,1278.42,832.314,832.314,706.0,706.0,0.772974,0.772974,733.0,23.0,23.0,4048.0,4048.0,0.00302706,2.11997e-05,0.0022496,0.00529786,0.769668,0.755083,53.0,2495760000.0,2495760000.0,0.0886463,-7.53016,-0.170679,1076.77,1278.42,832.314,832.314,706.0,706.0,5.62,1.3015,919.091,0.772974,0.772974,733.0,23.0,23.0,4048.0,4048.0,1246710.0,21.0,4.0,0.00302764,2.11997e-05,0.00226803,0.00531687,3534.75,0.75516,0.74806,53.0,2471930000.0,2471930000.0,0.0886847,-7.66252,-0.174542,77.2974,0.23,1.0,36.0,50.0,0.2,100.0
traj_sweep_115,placement,1076.77,1278.42,835.772,835.772,712.0,712.0,0.776186,0.776186,739.0,23.0,23.0,4048.0,4048.0,896.169,13.4341,790.035,106.134,13.4341,372.0,0.707283,66.0,0.00290975,2.12588e-05,0.00216149,0.0050925,2918.16,2495710000.0,2495710000.0,0.0906492,-7.13124,-0.160688,1076.77,1278.42,835.772,835.772,712.0,712.0,0.776186,0.776186,739.0,23.0,23.0,4048.0,4048.0,0.00290975,2.12588e-05,0.00216149,0.0050925,0.779387,0.759784,52.0,2495710000.0,2495710000.0,0.0906492,-7.13124,-0.160688,1076.77,1278.42,835.772,835.772,712.0,712.0,6.3065,1.3505,961.746,0.776186,0.776186,739.0,23.0,23.0,4048.0,4048.0,1427450.0,24.0,5.0,0.00291008,2.12588e-05,0.00217777,0.00510911,3631.89,0.771557,0.755997,52.0,2473540000.0,2473540000.0,0.0907267,-7.27585,-0.164279,77.6186,0.24,1.0,36.0,50.0,0.2,100.0
traj_sweep_116,placement,1076.77,1278.42,827.526,827.526,711.0,711.0,0.768528,0.768528,738.0,23.0,23.0,4048.0,4048.0,888.475,13.2197,784.735,103.74,13.2197,375.0,0.72427,66.0,0.00277926,2.08669e-05,0.0020474,0.00484752,2925.08,2506480000.0,2506480000.0,0.0923091,-6.6275,-0.148966,1076.77,1278.42,827.526,827.526,711.0,711.0,0.768528,0.768528,738.0,23.0,23.0,4048.0,4048.0,0.00277926,2.08669e-05,0.0020474,0.00484752,0.740788,0.741106,51.0,2506480000.0,2506480000.0,0.0923091,-6.6275,-0.148966,1076.77,1278.42,827.526,827.526,711.0,711.0,5.5015,1.349,959.171,0.768528,0.768528,738.0,23.0,23.0,4048.0,4048.0,1165690.0,20.0,3.0,0.0027797,2.08669e-05,0.00206606,0.00486662,3507.92,0.743718,0.742523,51.0,2494110000.0,2494110000.0,0.0928891,-6.72652,-0.150944,76.8528,0.25,1.0,36.0,50.0,0.2,100.0
traj_sweep_117,placement,1076.77,1278.42,826.196,826.196,709.0,709.0,0.767292,0.767292,736.0,23.0,23.0,4048.0,4048.0,887.025,13.1674,783.817,103.208,13.1674,373.0,0.706494,64.0,0.0026498,2.08163e-05,0.00196859,0.00463921,2906.12,2489760000.0,2489760000.0,0.0946315,-6.10281,-0.141645,1076.77,1278.42,826.196,826.196,709.0,709.0,0.767292,0.767292,736.0,23.0,23.0,4048.0,4048.0,0.0026498,2.08163e-05,0.00196859,0.00463921,0.759616,0.750217,50.0,2489760000.0,2489760000.0,0.0946315,-6.10281,-0.141645,1076.77,1278.42,826.196,826.196,709.0,709.0,5.781,1.368,970.221,0.767292,0.767292,736.0,23.0,23.0,4048.0,4048.0,1248360.0,21.0,3.0,0.00264987,2.08163e-05,0.00198455,0.00465523,3530.3,0.761959,0.751353,50.0,2464880000.0,2464880000.0,0.0948005,-6.24526,-0.145699,76.7292,0.26,1.0,36.0,50.0,0.2,100.0
traj_sweep_118,placement,1076.77,1278.42,822.472,822.472,710.0,710.0,0.763834,0.763834,737.0,23.0,23.0,4048.0,4048.0,883.386,12.9976,781.774,101.612,12.9976,374.0,0.712297,68.0,0.0025397,2.05917e-05,0.00188833,0.00444863,2860.33,2491140000.0,2491140000.0,0.0965178,-5.74567,-0.131423,1076.77,1278.42,822.472,822.472,710.0,710.0,0.763834,0.763834,737.0,23.0,23.0,4048.0,4048.0,0.0025397,2.05917e-05,0.00188833,0.00444863,0.753921,0.747461,49.0,2491140000.0,2491140000.0,0.0965178,-5.74567,-0.131423,1076.77,1278.42,822.472,822.472,710.0,710.0,5.501,1.322,938.627,0.763834,0.763834,737.0,23.0,23.0,4048.0,4048.0,1225540.0,21.0,3.0,0.00254023,2.05917e-05,0.0019044,0.00446522,3473.1,0.75764,0.74926,49.0,2466460000.0,2466460000.0,0.0964875,-5.85826,-0.135439,76.3834,0.27,1.0,36.0,50.0,0.2,100.0
traj_sweep_119,placement,1076.77,1278.42,823.536,823.536,711.0,711.0,0.764822,0.764822,738.0,23.0,23.0,4048.0,4048.0,884.45,13.1337,781.774,102.676,13.1337,376.0,0.718272,68.0,0.00244768,2.06349e-05,0.00181855,0.00428686,2871.06,2484540000.0,2484540000.0,0.0983615,-5.26336,-0.122489,1076.77,1278.42,823.536,823.536,711.0,711.0,0.764822,0.764822,738.0,23.0,23.0,4048.0,4048.0,0.00244768,2.06349e-05,0.00181855,0.00428686,0.789292,0.764572,49.0,2484540000.0,2484540000.0,0.0983615,-5.26336,-0.122489,1076.77,1278.42,823.536,823.536,711.0,711.0,4.9025,1.3285,944.769,0.764822,0.764822,738.0,23.0,23.0,4048.0,4048.0,1220630.0,21.0,2.0,0.0024486,2.06349e-05,0.00183445,0.00430369,3481.37,0.789965,0.764898,49.0,2442210000.0,2442210000.0,0.0988796,-5.40333,-0.129464,76.4822,0.28,1.0,36.0,50.0,0.2,100.0
traj_sweep_120,placement,1076.77,1278.42,818.482,818.482,702.0,702.0,0.760128,0.760128,729.0,23.0,23.0,4048.0,4048.0,879.396,12.4872,781.774,97.622,12.4872,373.0,0.697093,65.0,0.00235573,2.06005e-05,0.001753,0.00412933,2890.52,2459180000.0,2459180000.0,0.10058,-4.80477,-0.116639,1076.77,1278.42,818.482,818.482,702.0,702.0,0.760128,0.760128,729.0,23.0,23.0,4048.0,4048.0,0.00235573,2.06005e-05,0.001753,0.00412933,0.765795,0.75321,49.0,2459180000.0,2459180000.0,0.10058,-4.80477,-0.116639,1076.77,1278.42,818.482,818.482,702.0,702.0,5.2705,1.2845,902.028,0.760128,0.760128,729.0,23.0,23.0,4048.0,4048.0,1161240.0,20.0,2.0,0.00235619,2.06005e-05,0.00176616,0.00414296,3471.13,0.774027,0.757192,49.0,2442440000.0,2442440000.0,0.101125,-4.90077,-0.119427,76.0128,0.29,1.0,36.0,50.0,0.2,100.0
traj_sweep_121,placement,1076.77,1278.42,818.216,818.216,703.0,703.0,0.759881,0.759881,730.0,23.0,23.0,4048.0,4048.0,879.13,12.4532,781.774,97.356,12.4532,374.0,0.698121,66.0,0.00229042,2.055e-05,0.00170174,0.00401271,2930.36,2488010000.0,2488010000.0,0.102494,-4.3351,-0.101927,1076.77,1278.42,818.216,818.216,703.0,703.0,0.759881,0.759881,730.0,23.0,23.0,4048.0,4048.0,0.00229042,2.055e-05,0.00170174,0.00401271,0.721931,0.72506,49.0,2488010000.0,2488010000.0,0.102494,-4.3351,-0.101927,1076.77,1278.42,818.216,818.216,703.0,703.0,6.1335,1.3265,932.586,0.759881,0.759881,730.0,23.0,23.0,4048.0,4048.0,1230530.0,21.0,4.0,0.0022908,2.055e-05,0.00171441,0.00402576,3545.62,0.72141,0.71763,49.0,2474260000.0,2474260000.0,0.1024,-4.42989,-0.104161,75.9881,0.3,1.0,36.0,50.0,0.2,100.0
traj_sweep_122,placement,1076.77,1278.42,813.694,813.694,704.0,704.0,0.755682,0.755682,731.0,23.0,23.0,4048.0,4048.0,875.8,12.545,778.178,97.622,12.545,372.0,0.716951,65.0,0.00220748,2.03812e-05,0.00162548,0.00385334,2798.91,2468660000.0,2468660000.0,0.104553,-3.87367,-0.0950781,1076.77,1278.42,813.694,813.694,704.0,704.0,0.755682,0.755682,731.0,23.0,23.0,4048.0,4048.0,0.00220748,2.03812e-05,0.00162548,0.00385334,0.754725,0.74785,48.0,2468660000.0,2468660000.0,0.104553,-3.87367,-0.0950781,1076.77,1278.42,813.694,813.694,704.0,704.0,5.25,1.3395,943.346,0.755682,0.755682,731.0,23.0,23.0,4048.0,4048.0,1348200.0,24.0,6.0,0.00220815,2.03812e-05,0.00164208,0.00387062,3473.01,0.763975,0.752329,48.0,2454300000.0,2454300000.0,0.105107,-4.00652,-0.0974479,75.5682,0.31,1.0,36.0,50.0,0.2,100.0
traj_sweep_123,placement,1076.77,1278.42,804.916,804.916,693.0,693.0,0.74753,0.74753,720.0,23.0,23.0,4048.0,4048.0,867.022,11.4169,778.178,88.844,11.4169,376.0,0.707363,66.0,0.00209775,2.01274e-05,0.00156171,0.00367959,2835.7,2496650000.0,2496650000.0,0.106358,-3.31344,-0.084481,1076.77,1278.42,804.916,804.916,693.0,693.0,0.74753,0.74753,720.0,23.0,23.0,4048.0,4048.0,0.00209775,2.01274e-05,0.00156171,0.00367959,0.760607,0.750696,48.0,2496650000.0,2496650000.0,0.106358,-3.31344,-0.084481,1076.77,1278.42,804.916,804.916,693.0,693.0,4.608,1.3505,936.081,0.74753,0.74753,720.0,23.0,23.0,4048.0,4048.0,1201620.0,21.0,4.0,0.00209825,2.01274e-05,0.00157658,0.00369496,3436.51,0.760274,0.750535,48.0,2476220000.0,2476220000.0,0.106896,-3.41434,-0.0843828,74.753,0.32,1.0,36.0,50.0,0.2,100.0
traj_sweep_124,placement,1076.77,1278.42,796.936,796.936,685.0,685.0,0.740119,0.740119,712.0,23.0,23.0,4048.0,4048.0,859.042,10.3915,778.178,80.864,10.3915,372.0,0.726176,69.0,0.00201355,1.98475e-05,0.00151631,0.00354971,2906.52,2478090000.0,2478090000.0,0.107378,-3.01323,-0.077181,1076.77,1278.42,796.936,796.936,685.0,685.0,0.740119,0.740119,712.0,23.0,23.0,4048.0,4048.0,0.00201355,1.98475e-05,0.00151631,0.00354971,0.785801,0.682511,47.0,2478090000.0,2478090000.0,0.107378,-3.01323,-0.077181,1076.77,1278.42,796.936,796.936,685.0,685.0,5.283,1.3555,928.736,0.740119,0.740119,712.0,23.0,23.0,4048.0,4048.0,1226450.0,21.0,3.0,0.00201395,1.98475e-05,0.00152682,0.00356062,3519.75,0.796764,0.675204,47.0,2465500000.0,2465500000.0,0.107687,-3.15266,-0.0784447,74.0119,0.33,1.0,36.0,50.0,0.2,100.0
traj_sweep_125,placement,1076.77,1278.42,792.148,792.148,689.0,689.0,0.735672,0.735672,716.0,23.0,23.0,4048.0,4048.0,856.742,10.7259,773.75,82.992,10.7259,367.0,0.736636,69.0,0.00194169,1.9581e-05,0.00144283,0.0034041,2796.06,2457760000.0,2457760000.0,0.107493,-2.66809,-0.0668749,1076.77,1278.42,792.148,792.148,689.0,689.0,0.735672,0.735672,716.0,23.0,23.0,4048.0,4048.0,0.00194169,1.9581e-05,0.00144283,0.0034041,0.804101,0.771726,48.0,2457760000.0,2457760000.0,0.107493,-2.66809,-0.0668749,1076.77,1278.42,792.148,792.148,689.0,689.0,5.4655,1.318,908.408,0.735672,0.735672,716.0,23.0,23.0,4048.0,4048.0,1237700.0,22.0,3.0,0.00194221,1.9581e-05,0.00145578,0.00341757,3414.91,0.793701,0.766702,48.0,2454790000.0,2454790000.0,0.107777,-2.75206,-0.0673675,73.5672,0.34,1.0,36.0,50.0,0.2,100.0
traj_sweep_126,placement,1076.77,1278.42,789.488,789.488,688.0,688.0,0.733202,0.733202,715.0,23.0,23.0,4048.0,4048.0,854.082,10.3822,773.75,80.332,10.3822,372.0,0.70467,69.0,0.00187381,1.94326e-05,0.00140006,0.0032933,2763.91,2463360000.0,2463360000.0,0.107026,-2.25733,-0.0559489,1076.77,1278.42,789.488,789.488,688.0,688.0,0.733202,0.733202,715.0,23.0,23.0,4048.0,4048.0,0.00187381,1.94326e-05,0.00140006,0.0032933,0.760222,0.750508,48.0,2463360000.0,2463360000.0,0.107026,-2.25733,-0.0559489,1076.77,1278.42,789.488,789.488,688.0,688.0,5.239,1.286,885.066,0.733202,0.733202,715.0,23.0,23.0,4048.0,4048.0,1058430.0,19.0,2.0,0.00187418,1.94326e-05,0.00141328,0.00330689,3293.12,0.755584,0.748261,48.0,2445000000.0,2445000000.0,0.108004,-2.36688,-0.0589974,73.3202,0.35,1.0,36.0,50.0,0.2,100.0
traj_sweep_127,placement,1076.77,1278.42,789.754,789.754,687.0,687.0,0.733449,0.733449,714.0,23.0,23.0,4048.0,4048.0,854.348,10.4165,773.75,80.598,10.4165,375.0,0.729327,69.0,0.00182482,1.94741e-05,0.00136153,0.00320583,2770.64,2440700000.0,2440700000.0,0.106988,-1.89864,-0.0497184,1076.77,1278.42,789.754,789.754,687.0,687.0,0.733449,0.733449,714.0,23.0,23.0,4048.0,4048.0,0.00182482,1.94741e-05,0.00136153,0.00320583,0.793736,0.766692,47.0,2440700000.0,2440700000.0,0.106988,-1.89864,-0.0497184,1076.77,1278.42,789.754,789.754,687.0,687.0,5.188,1.2475,857.341,0.733449,0.733449,714.0,23.0,23.0,4048.0,4048.0,1055620.0,19.0,2.0,0.00182512,1.94741e-05,0.00137178,0.00321637,3298.45,0.785137,0.762548,47.0,2442970000.0,2442970000.0,0.107139,-1.93785,-0.0493793,73.3449,0.36,1.0,36.0,50.0,0.2,100.0
traj_sweep_128,placement,1076.77,1278.42,786.828,786.828,685.0,685.0,0.730731,0.730731,712.0,23.0,23.0,4048.0,4048.0,851.985,10.1446,773.515,78.47,10.1446,374.0,0.72308,68.0,0.00176175,1.93979e-05,0.00131313,0.00309428,2773.52,2445890000.0,2445890000.0,0.106792,-1.36714,-0.0388489,1076.77,1278.42,786.828,786.828,685.0,685.0,0.730731,0.730731,712.0,23.0,23.0,4048.0,4048.0,0.00176175,1.93979e-05,0.00131313,0.00309428,0.7807,0.675954,47.0,2445890000.0,2445890000.0,0.106792,-1.36714,-0.0388489,1076.77,1278.42,786.828,786.828,685.0,685.0,6.909,1.274,872.736,0.730731,0.730731,712.0,23.0,23.0,4048.0,4048.0,1068910.0,19.0,2.0,0.00176226,1.93979e-05,0.00132721,0.00310887,3307.98,0.775914,0.673383,47.0,2455120000.0,2455120000.0,0.107362,-1.46105,-0.0419711,73.0731,0.37,1.0,36.0,50.0,0.2,100.0
traj_sweep_129,placement,1076.77,1278.42,785.232,785.232,687.0,687.0,0.729249,0.729249,714.0,23.0,23.0,4048.0,4048.0,851.631,10.1492,773.161,78.47,10.1492,369.0,0.70579,68.0,0.00172133,1.92943e-05,0.00127667,0.0030173,2784.27,2429380000.0,2429380000.0,0.107506,-0.923693,-0.0316276,1076.77,1278.42,785.232,785.232,687.0,687.0,0.729249,0.729249,714.0,23.0,23.0,4048.0,4048.0,0.00172133,1.92943e-05,0.00127667,0.0030173,0.784595,0.739281,46.0,2429380000.0,2429380000.0,0.107506,-0.923693,-0.0316276,1076.77,1278.42,785.232,785.232,687.0,687.0,4.3915,1.35,927.53,0.729249,0.729249,714.0,23.0,23.0,4048.0,4048.0,1136970.0,20.0,5.0,0.00172153,1.92943e-05,0.00128681,0.00302763,3352.76,0.783388,0.735654,46.0,2439020000.0,2439020000.0,0.107973,-0.989843,-0.0357411,72.9249,0.38,1.0,36.0,50.0,0.2,100.0
traj_sweep_130,placement,1076.77,1278.42,784.7,784.7,686.0,686.0,0.728755,0.728755,713.0,23.0,23.0,4048.0,4048.0,851.951,10.2209,772.949,79.002,10.2209,374.0,0.703711,70.0,0.00169109,1.93059e-05,0.00124728,0.00295768,2794.17,2441050000.0,2441050000.0,0.107327,-0.544298,-0.0251453,1076.77,1278.42,784.7,784.7,686.0,686.0,0.728755,0.728755,713.0,23.0,23.0,4048.0,4048.0,0.00169109,1.93059e-05,0.00124728,0.00295768,0.806358,0.647098,44.0,2441050000.0,2441050000.0,0.107327,-0.544298,-0.0251453,1076.77,1278.42,784.7,784.7,686.0,686.0,5.9565,1.299,891.142,0.728755,0.728755,713.0,23.0,23.0,4048.0,4048.0,1187820.0,21.0,3.0,0.00169154,1.93059e-05,0.001257,0.00296785,3388.08,0.788006,0.645379,44.0,2414590000.0,2414590000.0,0.107454,-0.579725,-0.0280977,72.8755,0.39,1.0,36.0,50.0,0.2,100.0
traj_sweep_131,placement,1076.77,1278.42,748.79,748.79,680.0,680.0,0.695405,0.695405,707.0,23.0,23.0,4048.0,4048.0,829.454,9.86524,754.974,74.48,9.86524,368.0,0.74122,71.0,0.00156759,1.79646e-05,0.00113834,0.00272389,2793.19,2429390000.0,2429390000.0,0.107626,-0.350376,-0.0181928,1076.77,1278.42,748.79,748.79,680.0,680.0,0.695405,0.695405,707.0,23.0,23.0,4048.0,4048.0,0.00156759,1.79646e-05,0.00113834,0.00272389,0.793363,0.715145,40.0,2429390000.0,2429390000.0,0.107626,-0.350376,-0.0181928,1076.77,1278.42,748.79,748.79,680.0,680.0,5.3235,1.2905,877.668,0.695405,0.695405,707.0,23.0,23.0,4048.0,4048.0,1003260.0,18.0,3.0,0.00156791,1.79646e-05,0.00114855,0.00273442,3294.82,0.809625,0.703786,42.0,2430520000.0,2430520000.0,0.107513,-0.372738,-0.0200754,69.5405,0.4,1.0,36.0,50.0,0.2,100.0
traj_sweep_132,placement,1076.77,1278.42,723.52,723.52,663.0,663.0,0.671937,0.671937,690.0,23.0,23.0,4048.0,4048.0,807.64,8.19602,746.46,61.18,8.19602,370.0,0.702066,71.0,0.00149086,1.70899e-05,0.00107467,0.00258262,2759.49,2415760000.0,2415760000.0,0.106957,-0.0498956,-0.00929792,1076.77,1278.42,723.52,723.52,663.0,663.0,0.671937,0.671937,690.0,23.0,23.0,4048.0,4048.0,0.00149086,1.70899e-05,0.00107467,0.00258262,0.780608,0.742535,8.0,2415760000.0,2415760000.0,0.106957,-0.0498956,-0.00929792,1076.77,1278.42,723.52,723.52,663.0,663.0,4.6135,1.251,829.707,0.671937,0.671937,690.0,23.0,23.0,4048.0,4048.0,1019530.0,18.0,2.0,0.00149106,1.70899e-05,0.00108,0.00258815,3269.26,0.795588,0.740316,20.0,2390680000.0,2390680000.0,0.107581,-0.0803907,-0.0138365,67.1937,0.41,1.0,36.0,50.0,0.2,100.0
traj_sweep_133,placement,1076.77,1278.42,704.368,704.368,646.0,646.0,0.65415,0.65415,673.0,23.0,23.0,4048.0,4048.0,788.488,5.63031,746.46,42.028,5.63031,369.0,0.688757,71.0,0.00142253,1.63928e-05,0.00104209,0.00248101,2732.2,2356320000.0,2356320000.0,0.107327,-0.0367595,-0.00439035,1076.77,1278.42,704.368,704.368,646.0,646.0,0.65415,0.65415,673.0,23.0,23.0,4048.0,4048.0,0.00142253,1.63928e-05,0.00104209,0.00248101,0.80097,0.622583,15.0,2356320000.0,2356320000.0,0.107327,-0.0367595,-0.00439035,1076.77,1278.42,704.368,704.368,646.0,646.0,3.798,1.233,796.536,0.65415,0.65415,673.0,23.0,23.0,4048.0,4048.0,990045.0,18.0,2.0,0.00142272,1.63928e-05,0.00104838,0.00248749,3227.23,0.77601,0.614902,18.0,2332030000.0,2332030000.0,0.10749,-0.0772121,-0.00881084,65.415,0.42,1.0,36.0,50.0,0.2,100.0
traj_sweep_134,placement,1076.77,1278.42,686.014,686.014,622.0,622.0,0.637105,0.637105,649.0,23.0,23.0,4048.0,4048.0,770.134,3.1715,746.46,23.674,3.1715,369.0,0.713591,72.0,0.00133503,1.59272e-05,0.0010032,0.00235416,2713.1,2343910000.0,2343910000.0,0.10698,-0.0033116,-0.00133848,1076.77,1278.42,686.014,686.014,622.0,622.0,0.637105,0.637105,649.0,23.0,23.0,4048.0,4048.0,0.00133503,1.59272e-05,0.0010032,0.00235416,0.779451,0.621461,3.0,2343910000.0,2343910000.0,0.10698,-0.0033116,-0.00133848,1076.77,1278.42,686.014,686.014,622.0,622.0,4.6235,1.255,780.864,0.637105,0.637105,649.0,23.0,23.0,4048.0,4048.0,907037.0,17.0,2.0,0.00133516,1.59272e-05,0.00100799,0.00235907,3166.61,0.790608,0.614883,3.0,2334110000.0,2334110000.0,0.107481,-0.00581893,-0.00361494,63.7105,0.43,1.0,36.0,50.0,0.2,100.0
traj_sweep_135,placement,1076.77,1278.42,675.64,675.64,611.0,611.0,0.62747,0.62747,638.0,23.0,23.0,4048.0,4048.0,759.76,1.78174,746.46,13.3,1.78174,376.0,0.717508,72.0,0.00126675,1.55778e-05,0.000972333,0.00225466,2749.5,2341240000.0,2341240000.0,0.106978,0.0,0.0085279,1076.77,1278.42,675.64,675.64,611.0,611.0,0.62747,0.62747,638.0,23.0,23.0,4048.0,4048.0,0.00126675,1.55778e-05,0.000972333,0.00225466,0.776386,0.612764,0.0,2341240000.0,2341240000.0,0.106978,0.0,0.0085279,1076.77,1278.42,675.64,675.64,611.0,611.0,3.77,1.2145,742.353,0.62747,0.62747,638.0,23.0,23.0,4048.0,4048.0,769883.0,14.0,1.0,0.00126693,1.55778e-05,0.000977819,0.00226033,3134.44,0.780532,0.612454,0.0,2334450000.0,2334450000.0,0.107618,0.0,0.0067773,62.747,0.44,1.0,36.0,50.0,0.2,100.0
traj_sweep_136,placement,1076.77,1278.42,673.512,673.512,609.0,609.0,0.625494,0.625494,636.0,23.0,23.0,4048.0,4048.0,757.632,1.49666,746.46,11.172,1.49666,377.0,0.700785,73.0,0.00122985,1.54905e-05,0.000948943,0.00219429,2803.65,2326600000.0,2326600000.0,0.107342,0.0,0.0166585,1076.77,1278.42,673.512,673.512,609.0,609.0,0.625494,0.625494,636.0,23.0,23.0,4048.0,4048.0,0.00122985,1.54905e-05,0.000948943,0.00219429,0.74802,0.616609,0.0,2326600000.0,2326600000.0,0.107342,0.0,0.0166585,1076.77,1278.42,673.512,673.512,609.0,609.0,4.238,1.266,771.15,0.625494,0.625494,636.0,23.0,23.0,4048.0,4048.0,790890.0,14.0,1.0,0.00122997,1.54905e-05,0.000952181,0.00219764,3199.09,0.755657,0.617557,0.0,2317970000.0,2317970000.0,0.108172,0.0,0.0120457,62.5494,0.45,1.0,36.0,50.0,0.2,100.0
traj_sweep_137,placement,1076.77,1278.42,671.65,671.65,606.0,606.0,0.623765,0.623765,633.0,23.0,23.0,4048.0,4048.0,755.77,1.24722,746.46,9.31,1.24722,374.0,0.708605,72.0,0.00119683,1.54467e-05,0.000924256,0.00213653,2735.06,2316100000.0,2316100000.0,0.107589,0.0,0.0155462,1076.77,1278.42,671.65,671.65,606.0,606.0,0.623765,0.623765,633.0,23.0,23.0,4048.0,4048.0,0.00119683,1.54467e-05,0.000924256,0.00213653,0.760254,0.620997,0.0,2316100000.0,2316100000.0,0.107589,0.0,0.0155462,1076.77,1278.42,671.65,671.65,606.0,606.0,5.0655,1.225,742.52,0.623765,0.623765,633.0,23.0,23.0,4048.0,4048.0,752768.0,14.0,1.0,0.00119713,1.54467e-05,0.000929885,0.00214247,3111.44,0.767821,0.622304,0.0,2313050000.0,2313050000.0,0.108065,0.0,0.0139368,62.3765,0.46,1.0,36.0,50.0,0.2,100.0
traj_sweep_138,placement,1076.77,1278.42,670.054,670.054,604.0,604.0,0.622283,0.622283,631.0,23.0,23.0,4048.0,4048.0,754.174,1.03341,746.46,7.714,1.03341,370.0,0.713027,73.0,0.00116858,1.54042e-05,0.000901304,0.00208529,2719.89,2294620000.0,2294620000.0,0.106999,0.0,0.0241899,1076.77,1278.42,670.054,670.054,604.0,604.0,0.622283,0.622283,631.0,23.0,23.0,4048.0,4048.0,0.00116858,1.54042e-05,0.000901304,0.00208529,0.773888,0.524136,0.0,2294620000.0,2294620000.0,0.106999,0.0,0.0241899,1076.77,1278.42,670.054,670.054,604.0,604.0,6.015,1.232,744.154,0.622283,0.622283,631.0,23.0,23.0,4048.0,4048.0,733257.0,13.0,1.0,0.00116865,1.54042e-05,0.000904861,0.00208891,3086.52,0.777801,0.528174,0.0,2298690000.0,2298690000.0,0.108072,0.0,0.0228211,62.2283,0.47,1.0,36.0,50.0,0.2,100.0
traj_sweep_139,placement,1076.77,1278.42,669.256,669.256,604.0,604.0,0.621542,0.621542,631.0,23.0,23.0,4048.0,4048.0,753.376,0.926506,746.46,6.916,0.926506,371.0,0.708539,72.0,0.00113981,1.53689e-05,0.000885249,0.00204043,2735.65,2289080000.0,2289080000.0,0.107629,0.0,0.0285108,1076.77,1278.42,669.256,669.256,604.0,604.0,0.621542,0.621542,631.0,23.0,23.0,4048.0,4048.0,0.00113981,1.53689e-05,0.000885249,0.00204043,0.795779,0.541864,0.0,2289080000.0,2289080000.0,0.107629,0.0,0.0285108,1076.77,1278.42,669.256,669.256,604.0,604.0,5.5785,1.2275,741.438,0.621542,0.621542,631.0,23.0,23.0,4048.0,4048.0,809004.0,15.0,2.0,0.00113969,1.53689e-05,0.000886621,0.00204168,3140.15,0.776793,0.543052,0.0,2288950000.0,2288950000.0,0.108235,0.0,0.026102,62.1542,0.48,1.0,36.0,50.0,0.2,100.0
traj_sweep_140,placement,1076.77,1278.42,666.596,666.596,602.0,602.0,0.619071,0.619071,629.0,23.0,23.0,4048.0,4048.0,750.716,0.570158,746.46,4.256,0.570158,380.0,0.706286,71.0,0.00111354,1.52579e-05,0.000869491,0.00199828,2689.16,2282520000.0,2282520000.0,0.10686,0.0,0.0403055,1076.77,1278.42,666.596,666.596,602.0,602.0,0.619071,0.619071,629.0,23.0,23.0,4048.0,4048.0,0.00111354,1.52579e-05,0.000869491,0.00199828,0.781495,0.628291,0.0,2282520000.0,2282520000.0,0.10686,0.0,0.0403055,1076.77,1278.42,666.596,666.596,602.0,602.0,3.8935,1.2585,757.774,0.619071,0.619071,629.0,23.0,23.0,4048.0,4048.0,844554.0,16.0,1.0,0.00111358,1.52579e-05,0.000870038,0.00199888,3111.44,0.776162,0.619543,0.0,2269050000.0,2269050000.0,0.107455,0.0,0.0389124,61.9071,0.49,1.0,36.0,50.0,0.2,100.0
traj_sweep_141,placement,1076.77,1278.42,666.596,666.596,602.0,602.0,0.619071,0.619071,629.0,23.0,23.0,4048.0,4048.0,750.716,0.570158,746.46,4.256,0.570158,375.0,0.704894,71.0,0.00109121,1.52579e-05,0.000850024,0.0019565,2669.4,2269210000.0,2269210000.0,0.107076,0.0,0.045763,1076.77,1278.42,666.596,666.596,602.0,602.0,0.619071,0.619071,629.0,23.0,23.0,4048.0,4048.0,0.00109121,1.52579e-05,0.000850024,0.0019565,0.776907,0.628491,0.0,2269210000.0,2269210000.0,0.107076,0.0,0.045763,1076.77,1278.42,666.596,666.596,602.0,602.0,4.4125,1.221,735.048,0.619071,0.619071,629.0,23.0,23.0,4048.0,4048.0,830371.0,16.0,2.0,0.00109135,1.52579e-05,0.000852915,0.00195952,3084.59,0.757792,0.628112,0.0,2255650000.0,2255650000.0,0.107941,0.0,0.0452241,61.9071,0.5,1.0,36.0,50.0,0.2,100.0
traj_sweep_142,placement,1076.77,1278.42,666.33,666.33,602.0,602.0,0.618824,0.618824,629.0,23.0,23.0,4048.0,4048.0,750.45,0.534523,746.46,3.99,0.534523,375.0,0.695823,72.0,0.00106907,1.5237e-05,0.000828031,0.00191234,2678.92,2210120000.0,2210120000.0,0.107082,0.0,0.057535,1076.77,1278.42,666.33,666.33,602.0,602.0,0.618824,0.618824,629.0,23.0,23.0,4048.0,4048.0,0.00106907,1.5237e-05,0.000828031,0.00191234,0.759092,0.606783,0.0,2210120000.0,2210120000.0,0.107082,0.0,0.057535,1076.77,1278.42,666.33,666.33,602.0,602.0,4.0,1.2625,760.158,0.618824,0.618824,629.0,23.0,23.0,4048.0,4048.0,771474.0,14.0,2.0,0.00106918,1.5237e-05,0.000833001,0.00191741,3064.66,0.782699,0.61243,0.0,2213170000.0,2213170000.0,0.107464,0.0,0.0557622,61.8824,0.51,1.0,36.0,50.0,0.2,100.0
traj_sweep_143,placement,1076.77,1278.42,666.596,666.596,602.0,602.0,0.619071,0.619071,629.0,23.0,23.0,4048.0,4048.0,750.716,0.570158,746.46,4.256,0.570158,375.0,0.693292,70.0,0.00105001,1.52594e-05,0.000819116,0.00188438,2716.0,2286780000.0,2286780000.0,0.107137,0.0,0.0645186,1076.77,1278.42,666.596,666.596,602.0,602.0,0.619071,0.619071,629.0,23.0,23.0,4048.0,4048.0,0.00105001,1.52594e-05,0.000819116,0.00188438,0.783777,0.627299,0.0,2286780000.0,2286780000.0,0.107137,0.0,0.0645186,1076.77,1278.42,666.596,666.596,602.0,602.0,4.0475,1.2435,748.743,0.619071,0.619071,629.0,23.0,23.0,4048.0,4048.0,770249.0,14.0,2.0,0.00105008,1.52594e-05,0.000820859,0.0018862,3101.12,0.793141,0.621339,0.0,2271980000.0,2271980000.0,0.10796,0.0,0.0631478,61.9071,0.52,1.0,36.0,50.0,0.2,100.0
traj_sweep_144,placement,1076.77,1278.42,666.596,666.596,602.0,602.0,0.619071,0.619071,629.0,23.0,23.0,4048.0,4048.0,750.716,0.570158,746.46,4.256,0.570158,374.0,0.706648,70.0,0.00102993,1.52594e-05,0.000801395,0.00184659,2695.81,2278370000.0,2278370000.0,0.106966,0.0,0.0676938,1076.77,1278.42,666.596,666.596,602.0,602.0,0.619071,0.619071,629.0,23.0,23.0,4048.0,4048.0,0.00102993,1.52594e-05,0.000801395,0.00184659,0.788523,0.625122,0.0,2278370000.0,2278370000.0,0.106966,0.0,0.0676938,1076.77,1278.42,666.596,666.596,602.0,602.0,3.9275,1.2615,759.659,0.619071,0.619071,629.0,23.0,23.0,4048.0,4048.0,804258.0,15.0,1.0,0.00102991,1.52594e-05,0.000803123,0.00184829,3097.93,0.805667,0.625643,0.0,2261850000.0,2261850000.0,0.107814,0.0,0.0692823,61.9071,0.53,1.0,36.0,50.0,0.2,100.0
traj_sweep_145,placement,1076.77,1278.42,666.596,666.596,602.0,602.0,0.619071,0.619071,629.0,23.0,23.0,4048.0,4048.0,750.716,0.570158,746.46,4.256,0.570158,374.0,0.686049,70.0,0.00101058,1.52594e-05,0.000780247,0.00180609,2687.03,2204030000.0,2204030000.0,0.107222,0.0,0.0811843,1076.77,1278.42,666.596,666.596,602.0,602.0,0.619071,0.619071,629.0,23.0,23.0,4048.0,4048.0,0.00101058,1.52594e-05,0.000780247,0.00180609,0.761247,0.610633,0.0,2204030000.0,2204030000.0,0.107222,0.0,0.0811843,1076.77,1278.42,666.596,666.596,602.0,602.0,3.818,1.258,757.372,0.619071,0.619071,629.0,23.0,23.0,4048.0,4048.0,744449.0,14.0,2.0,0.00101081,1.52594e-05,0.000785073,0.00181114,3059.26,0.777538,0.6163,0.0,2193620000.0,2193620000.0,0.107649,0.0,0.0792383,61.9071,0.54,1.0,36.0,50.0,0.2,100.0
traj_sweep_146,placement,1076.77,1278.42,666.33,666.33,602.0,602.0,0.618824,0.618824,629.0,23.0,23.0,4048.0,4048.0,750.45,0.534523,746.46,3.99,0.534523,373.0,0.704334,70.0,0.000991288,1.5237e-05,0.000765135,0.00177166,2716.11,2206710000.0,2206710000.0,0.106961,0.0,0.0891779,1076.77,1278.42,666.33,666.33,602.0,602.0,0.618824,0.618824,629.0,23.0,23.0,4048.0,4048.0,0.000991288,1.5237e-05,0.000765135,0.00177166,0.779854,0.617329,0.0,2206710000.0,2206710000.0,0.106961,0.0,0.0891779,1076.77,1278.42,666.33,666.33,602.0,602.0,4.4145,1.2475,751.177,0.618824,0.618824,629.0,23.0,23.0,4048.0,4048.0,791460.0,15.0,2.0,0.000991397,1.5237e-05,0.000769106,0.00177574,3111.84,0.777039,0.615888,0.0,2196330000.0,2196330000.0,0.107847,0.0,0.0882807,61.8824,0.55,1.0,36.0,50.0,0.2,100.0
traj_sweep_147,placement,1076.77,1278.42,665.532,665.532,601.0,601.0,0.618083,0.618083,628.0,23.0,23.0,4048.0,4048.0,749.652,0.427618,746.46,3.192,0.427618,373.0,0.694979,70.0,0.000974351,1.52173e-05,0.000751511,0.00174108,2711.49,2199160000.0,2199160000.0,0.106952,0.0,0.0970277,1076.77,1278.42,665.532,665.532,601.0,601.0,0.618083,0.618083,628.0,23.0,23.0,4048.0,4048.0,0.000974351,1.52173e-05,0.000751511,0.00174108,0.781041,0.555861,0.0,2199160000.0,2199160000.0,0.106952,0.0,0.0970277,1076.77,1278.42,665.532,665.532,601.0,601.0,4.7965,1.2775,767.861,0.618083,0.618083,628.0,23.0,23.0,4048.0,4048.0,817969.0,15.0,1.0,0.000974578,1.52173e-05,0.000756646,0.00174644,3120.48,0.783211,0.555066,0.0,2216690000.0,2216690000.0,0.107741,0.0,0.0942693,61.8083,0.56,1.0,36.0,50.0,0.2,100.0
traj_sweep_148,placement,1076.77,1278.42,665.532,665.532,601.0,601.0,0.618083,0.618083,628.0,23.0,23.0,4048.0,4048.0,749.652,0.427618,746.46,3.192,0.427618,373.0,0.694979,70.0,0.000957257,1.52173e-05,0.000738326,0.0017108,2711.49,2199160000.0,2199160000.0,0.106952,0.0,0.105028,1076.77,1278.42,665.532,665.532,601.0,601.0,0.618083,0.618083,628.0,23.0,23.0,4048.0,4048.0,0.000957257,1.52173e-05,0.000738326,0.0017108,0.781041,0.555861,0.0,2199160000.0,2199160000.0,0.106952,0.0,0.105028,1076.77,1278.42,665.532,665.532,601.0,601.0,4.7965,1.2775,767.861,0.618083,0.618083,628.0,23.0,23.0,4048.0,4048.0,817969.0,15.0,1.0,0.000957479,1.52173e-05,0.000743371,0.00171607,3120.48,0.783211,0.555066,0.0,2216690000.0,2216690000.0,0.107741,0.0,0.102269,61.8083,0.57,1.0,36.0,50.0,0.2,100.0
traj_sweep_149,placement,1076.77,1278.42,665.0,665.0,600.0,600.0,0.617589,0.617589,627.0,23.0,23.0,4048.0,4048.0,749.12,0.356349,746.46,2.66,0.356349,375.0,0.678675,71.0,0.00094159,1.52175e-05,0.000725099,0.00168191,2692.67,2201120000.0,2201120000.0,0.10706,0.0,0.112814,1076.77,1278.42,665.0,665.0,600.0,600.0,0.617589,0.617589,627.0,23.0,23.0,4048.0,4048.0,0.00094159,1.52175e-05,0.000725099,0.00168191,0.805662,0.476995,0.0,2201120000.0,2201120000.0,0.10706,0.0,0.112814,1076.77,1278.42,665.0,665.0,600.0,600.0,4.482,1.307,784.475,0.617589,0.617589,627.0,23.0,23.0,4048.0,4048.0,773021.0,14.0,3.0,0.000941816,1.52175e-05,0.000728482,0.00168552,3079.18,0.772985,0.479981,0.0,2211540000.0,2211540000.0,0.107598,0.0,0.111375,61.7589,0.58,1.0,36.0,50.0,0.2,100.0
traj_sweep_150,placement,1076.77,1278.42,665.0,665.0,600.0,600.0,0.617589,0.617589,627.0,23.0,23.0,4048.0,4048.0,749.12,0.356349,746.46,2.66,0.356349,374.0,0.697135,70.0,0.000925183,1.52175e-05,0.0007139,0.0016543,2708.35,2195300000.0,2195300000.0,0.106945,0.0,0.120927,1076.77,1278.42,665.0,665.0,600.0,600.0,0.617589,0.617589,627.0,23.0,23.0,4048.0,4048.0,0.000925183,1.52175e-05,0.0007139,0.0016543,0.780832,0.552578,0.0,2195300000.0,2195300000.0,0.106945,0.0,0.120927,1076.77,1278.42,665.0,665.0,600.0,600.0,4.3985,1.2475,748.779,0.617589,0.617589,627.0,23.0,23.0,4048.0,4048.0,798510.0,15.0,1.0,0.000925239,1.52175e-05,0.000718481,0.00165894,3107.61,0.793739,0.558289,0.0,2203710000.0,2203710000.0,0.107414,0.0,0.117854,61.7589,0.59,1.0,36.0,50.0,0.2,100.0
traj_sweep_151,placement,1076.77,1278.42,665.798,665.798,600.0,600.0,0.61833,0.61833,627.0,23.0,23.0,4048.0,4048.0,749.918,0.463253,746.46,3.458,0.463253,376.0,0.693021,70.0,0.000910361,1.5262e-05,0.000701221,0.00162684,2699.62,2207480000.0,2207480000.0,0.107079,0.0,0.128742,1076.77,1278.42,665.798,665.798,600.0,600.0,0.61833,0.61833,627.0,23.0,23.0,4048.0,4048.0,0.000910361,1.5262e-05,0.000701221,0.00162684,0.760498,0.553864,0.0,2207480000.0,2207480000.0,0.107079,0.0,0.128742,1076.77,1278.42,665.798,665.798,600.0,600.0,4.1775,1.2565,754.09,0.61833,0.61833,627.0,23.0,23.0,4048.0,4048.0,765080.0,14.0,1.0,0.000910546,1.5262e-05,0.000706644,0.00163245,3082.16,0.737633,0.555381,0.0,2213080000.0,2213080000.0,0.107399,0.0,0.125865,61.833,0.6,1.0,36.0,50.0,0.2,100.0
traj_sweep_152,placement,1076.77,1278.42,665.798,665.798,600.0,600.0,0.61833,0.61833,627.0,23.0,23.0,4048.0,4048.0,749.918,0.463253,746.46,3.458,0.463253,376.0,0.69283,70.0,0.000895437,1.5262e-05,0.000689629,0.00160033,2698.47,2207910000.0,2207910000.0,0.107082,0.0,0.136673,1076.77,1278.42,665.798,665.798,600.0,600.0,0.61833,0.61833,627.0,23.0,23.0,4048.0,4048.0,0.000895437,1.5262e-05,0.000689629,0.00160033,0.760264,0.554094,0.0,2207910000.0,2207910000.0,0.107082,0.0,0.136673,1076.77,1278.42,665.798,665.798,600.0,600.0,4.305,1.257,754.273,0.61833,0.61833,627.0,23.0,23.0,4048.0,4048.0,786179.0,15.0,1.0,0.000895804,1.5262e-05,0.000694222,0.00160529,3091.56,0.746471,0.553293,0.0,2213960000.0,2213960000.0,0.107961,0.0,0.135101,61.833,0.61,1.0,36.0,50.0,0.2,100.0
traj_sweep_153,placement,1076.77,1278.42,665.0,665.0,600.0,600.0,0.617589,0.617589,627.0,23.0,23.0,4048.0,4048.0,749.12,0.356349,746.46,2.66,0.356349,374.0,0.691376,67.0,0.000880659,1.52175e-05,0.000678072,0.00157395,2705.83,2211680000.0,2211680000.0,0.107034,0.0,0.145535,1076.77,1278.42,665.0,665.0,600.0,600.0,0.617589,0.617589,627.0,23.0,23.0,4048.0,4048.0,0.000880659,1.52175e-05,0.000678072,0.00157395,0.762737,0.553101,0.0,2211680000.0,2211680000.0,0.107034,0.0,0.145535,1076.77,1278.42,665.0,665.0,600.0,600.0,3.681,1.2475,748.683,0.617589,0.617589,627.0,23.0,23.0,4048.0,4048.0,781929.0,14.0,1.0,0.000880932,1.52175e-05,0.000683473,0.00157962,3096.8,0.767821,0.550712,0.0,2219030000.0,2219030000.0,0.107981,0.0,0.140749,61.7589,0.62,1.0,36.0,50.0,0.2,100.0
traj_sweep_154,placement,1076.77,1278.42,843.486,843.486,721.0,721.0,0.78335,0.78335,748.0,23.0,23.0,4048.0,4048.0,903.916,14.256,791.132,112.784,14.256,371.0,0.730149,64.0,0.00518238,2.14569e-05,0.00375436,0.0089582,2922.38,2504100000.0,2504100000.0,0.0707255,-12.261,-0.259345,1076.77,1278.42,843.486,843.486,721.0,721.0,0.78335,0.78335,748.0,23.0,23.0,4048.0,4048.0,0.00518238,2.14569e-05,0.00375436,0.0089582,0.753434,0.747225,53.0,2504100000.0,2504100000.0,0.0707255,-12.261,-0.259345,1076.77,1278.42,843.486,843.486,721.0,721.0,5.1425,1.315,948.243,0.78335,0.78335,748.0,23.0,23.0,4048.0,4048.0,1287510.0,22.0,5.0,0.00518293,2.14569e-05,0.00378663,0.00899102,3566.14,0.767749,0.754155,53.0,2473390000.0,2473390000.0,0.0710168,-12.3958,-0.264303,78.335,0.14,1.0,37.0,50.0,0.2,100.0
traj_sweep_155,placement,1076.77,1278.42,841.624,841.624,719.0,719.0,0.781621,0.781621,746.0,23.0,23.0,4048.0,4048.0,902.054,14.0207,791.132,110.922,14.0207,370.0,0.704469,65.0,0.00480793,2.14161e-05,0.00349398,0.00832333,2907.58,2505990000.0,2505990000.0,0.072749,-11.7383,-0.249043,1076.77,1278.42,841.624,841.624,719.0,719.0,0.781621,0.781621,746.0,23.0,23.0,4048.0,4048.0,0.00480793,2.14161e-05,0.00349398,0.00832333,0.758687,0.749767,53.0,2505990000.0,2505990000.0,0.072749,-11.7383,-0.249043,1076.77,1278.42,841.624,841.624,719.0,719.0,4.8725,1.3255,953.133,0.781621,0.781621,746.0,23.0,23.0,4048.0,4048.0,1285030.0,22.0,5.0,0.00480928,2.14161e-05,0.00352779,0.00835848,3550.1,0.756463,0.748691,53.0,2481860000.0,2481860000.0,0.0728213,-11.8779,-0.252924,78.1621,0.15,1.0,37.0,50.0,0.2,100.0
traj_sweep_156,placement,1076.77,1278.42,841.624,841.624,719.0,719.0,0.781621,0.781621,746.0,23.0,23.0,4048.0,4048.0,902.054,14.0207,791.132,110.922,14.0207,372.0,0.695239,65.0,0.0045079,2.1417e-05,0.00327454,0.00780386,2914.82,2503090000.0,2503090000.0,0.0748557,-11.2447,-0.239506,1076.77,1278.42,841.624,841.624,719.0,719.0,0.781621,0.781621,746.0,23.0,23.0,4048.0,4048.0,0.0045079,2.1417e-05,0.00327454,0.00780386,0.765023,0.752836,53.0,2503090000.0,2503090000.0,0.0748557,-11.2447,-0.239506,1076.77,1278.42,841.624,841.624,719.0,719.0,6.216,1.2615,907.064,0.781621,0.781621,746.0,23.0,23.0,4048.0,4048.0,1199360.0,21.0,4.0,0.00450863,2.1417e-05,0.00330406,0.00783411,3514.5,0.774834,0.757582,53.0,2481090000.0,2481090000.0,0.0744838,-11.3747,-0.243049,78.1621,0.16,1.0,37.0,50.0,0.2,100.0
traj_sweep_157,placement,1076.77,1278.42,837.9,837.9,715.0,715.0,0.778162,0.778162,742.0,23.0,23.0,4048.0,4048.0,898.33,13.5499,791.132,107.198,13.5499,379.0,0.716833,65.0,0.0041912,2.1286e-05,0.00307186,0.00728435,2923.74,2501640000.0,2501640000.0,0.0768685,-10.7012,-0.229738,1076.77,1278.42,837.9,837.9,715.0,715.0,0.778162,0.778162,742.0,23.0,23.0,4048.0,4048.0,0.0041912,2.1286e-05,0.00307186,0.00728435,0.775278,0.757796,53.0,2501640000.0,2501640000.0,0.0768685,-10.7012,-0.229738,1076.77,1278.42,837.9,837.9,715.0,715.0,4.813,1.27,908.406,0.778162,0.778162,742.0,23.0,23.0,4048.0,4048.0,1200060.0,21.0,6.0,0.00419188,2.1286e-05,0.00309598,0.00730914,3523.76,0.775914,0.758103,53.0,2489660000.0,2489660000.0,0.0777462,-10.8162,-0.231661,77.8162,0.17,1.0,37.0,50.0,0.2,100.0
traj_sweep_158,placement,1076.77,1278.42,835.506,835.506,712.0,712.0,0.775939,0.775939,739.0,23.0,23.0,4048.0,4048.0,895.936,13.2473,791.132,104.804,13.2473,378.0,0.713634,65.0,0.00391684,2.12227e-05,0.00288572,0.00682379,2915.62,2502940000.0,2502940000.0,0.0787703,-10.1664,-0.21953,1076.77,1278.42,835.506,835.506,712.0,712.0,0.775939,0.775939,739.0,23.0,23.0,4048.0,4048.0,0.00391684,2.12227e-05,0.00288572,0.00682379,0.755825,0.748382,53.0,2502940000.0,2502940000.0,0.0787703,-10.1664,-0.21953,1076.77,1278.42,835.506,835.506,712.0,712.0,4.6885,1.348,960.011,0.775939,0.775939,739.0,23.0,23.0,4048.0,4048.0,1276570.0,22.0,3.0,0.00391767,2.12227e-05,0.00290764,0.00684654,3553.91,0.786154,0.763055,53.0,2485070000.0,2485070000.0,0.0791,-10.2739,-0.222404,77.5939,0.18,1.0,37.0,50.0,0.2,100.0
traj_sweep_159,placement,1076.77,1278.42,835.506,835.506,712.0,712.0,0.775939,0.775939,739.0,23.0,23.0,4048.0,4048.0,895.936,13.2473,791.132,104.804,13.2473,378.0,0.713638,65.0,0.00371068,2.12227e-05,0.00273348,0.00646538,2915.98,2502680000.0,2502680000.0,0.080778,-9.67277,-0.209572,1076.77,1278.42,835.506,835.506,712.0,712.0,0.775939,0.775939,739.0,23.0,23.0,4048.0,4048.0,0.00371068,2.12227e-05,0.00273348,0.00646538,0.756972,0.748937,53.0,2502680000.0,2502680000.0,0.080778,-9.67277,-0.209572,1076.77,1278.42,835.506,835.506,712.0,712.0,5.056,1.2895,918.157,0.775939,0.775939,739.0,23.0,23.0,4048.0,4048.0,1220110.0,21.0,3.0,0.00371167,2.12227e-05,0.00275324,0.00648613,3526.04,0.775842,0.758069,53.0,2484250000.0,2484250000.0,0.08072,-9.79155,-0.212536,77.5939,0.19,1.0,37.0,50.0,0.2,100.0
traj_sweep_160,placement,1076.77,1278.42,834.974,834.974,711.0,711.0,0.775445,0.775445,738.0,23.0,23.0,4048.0,4048.0,895.404,13.1801,791.132,104.272,13.1801,379.0,0.7193,65.0,0.0035138,2.12246e-05,0.00259565,0.00613068,2924.94,2502430000.0,2502430000.0,0.0828218,-9.14868,-0.199611,1076.77,1278.42,834.974,834.974,711.0,711.0,0.775445,0.775445,738.0,23.0,23.0,4048.0,4048.0,0.0035138,2.12246e-05,0.00259565,0.00613068,0.771763,0.756097,53.0,2502430000.0,2502430000.0,0.0828218,-9.14868,-0.199611,1076.77,1278.42,834.974,834.974,711.0,711.0,5.335,1.269,902.301,0.775445,0.775445,738.0,23.0,23.0,4048.0,4048.0,1130190.0,19.0,4.0,0.00351491,2.12246e-05,0.00261502,0.00615115,3490.04,0.774027,0.757191,53.0,2484000000.0,2484000000.0,0.0828148,-9.25491,-0.202577,77.5445,0.2,1.0,37.0,50.0,0.2,100.0
traj_sweep_161,placement,1076.77,1278.42,832.58,832.58,708.0,708.0,0.773221,0.773221,735.0,23.0,23.0,4048.0,4048.0,893.01,12.8775,791.132,101.878,12.8775,376.0,0.701202,66.0,0.00332338,2.1157e-05,0.00246717,0.00581171,2913.92,2503540000.0,2503540000.0,0.0847914,-8.58268,-0.189435,1076.77,1278.42,832.58,832.58,708.0,708.0,0.773221,0.773221,735.0,23.0,23.0,4048.0,4048.0,0.00332338,2.1157e-05,0.00246717,0.00581171,0.76862,0.754577,53.0,2503540000.0,2503540000.0,0.0847914,-8.58268,-0.189435,1076.77,1278.42,832.58,832.58,708.0,708.0,4.276,1.2575,890.662,0.773221,0.773221,735.0,23.0,23.0,4048.0,4048.0,1146450.0,20.0,2.0,0.00332386,2.1157e-05,0.00248359,0.00582861,3487.14,0.76648,0.753541,53.0,2484330000.0,2484330000.0,0.0848952,-8.72379,-0.192523,77.3221,0.21,1.0,37.0,50.0,0.2,100.0
traj_sweep_162,placement,1076.77,1278.42,830.718,830.718,705.0,705.0,0.771492,0.771492,732.0,23.0,23.0,4048.0,4048.0,891.148,12.6421,791.132,100.016,12.6421,379.0,0.734526,66.0,0.00315413,2.11153e-05,0.00234778,0.00552303,2914.11,2501870000.0,2501870000.0,0.0868799,-8.07462,-0.179702,1076.77,1278.42,830.718,830.718,705.0,705.0,0.771492,0.771492,732.0,23.0,23.0,4048.0,4048.0,0.00315413,2.11153e-05,0.00234778,0.00552303,0.766883,0.753736,53.0,2501870000.0,2501870000.0,0.0868799,-8.07462,-0.179702,1076.77,1278.42,830.718,830.718,705.0,705.0,5.405,1.282,903.962,0.771492,0.771492,732.0,23.0,23.0,4048.0,4048.0,1173420.0,20.0,4.0,0.00315482,2.11153e-05,0.00236833,0.00554427,3500.82,0.774799,0.757565,53.0,2485180000.0,2485180000.0,0.0870924,-8.1763,-0.182385,77.1492,0.22,1.0,37.0,50.0,0.2,100.0
traj_sweep_163,placement,1076.77,1278.42,832.314,832.314,706.0,706.0,0.772974,0.772974,733.0,23.0,23.0,4048.0,4048.0,892.744,12.8439,791.132,101.612,12.8439,379.0,0.716815,67.0,0.00302706,2.11997e-05,0.0022496,0.00529786,2911.39,2495760000.0,2495760000.0,0.0886463,-7.53016,-0.170679,1076.77,1278.42,832.314,832.314,706.0,706.0,0.772974,0.772974,733.0,23.0,23.0,4048.0,4048.0,0.00302706,2.11997e-05,0.0022496,0.00529786,0.769668,0.755083,53.0,2495760000.0,2495760000.0,0.0886463,-7.53016,-0.170679,1076.77,1278.42,832.314,832.314,706.0,706.0,5.62,1.3015,919.091,0.772974,0.772974,733.0,23.0,23.0,4048.0,4048.0,1246710.0,21.0,4.0,0.00302764,2.11997e-05,0.00226803,0.00531687,3534.75,0.75516,0.74806,53.0,2471930000.0,2471930000.0,0.0886847,-7.66252,-0.174542,77.2974,0.23,1.0,37.0,50.0,0.2,100.0
traj_sweep_164,placement,1076.77,1278.42,835.772,835.772,712.0,712.0,0.776186,0.776186,739.0,23.0,23.0,4048.0,4048.0,896.169,13.4341,790.035,106.134,13.4341,372.0,0.707283,66.0,0.00290975,2.12588e-05,0.00216149,0.0050925,2918.16,2495710000.0,2495710000.0,0.0906492,-7.13124,-0.160688,1076.77,1278.42,835.772,835.772,712.0,712.0,0.776186,0.776186,739.0,23.0,23.0,4048.0,4048.0,0.00290975,2.12588e-05,0.00216149,0.0050925,0.779387,0.759784,52.0,2495710000.0,2495710000.0,0.0906492,-7.13124,-0.160688,1076.77,1278.42,835.772,835.772,712.0,712.0,6.3065,1.3505,961.746,0.776186,0.776186,739.0,23.0,23.0,4048.0,4048.0,1427450.0,24.0,5.0,0.00291008,2.12588e-05,0.00217777,0.00510911,3631.89,0.771557,0.755997,52.0,2473540000.0,2473540000.0,0.0907267,-7.27585,-0.164279,77.6186,0.24,1.0,37.0,50.0,0.2,100.0
traj_sweep_165,placement,1076.77,1278.42,827.526,827.526,711.0,711.0,0.768528,0.768528,738.0,23.0,23.0,4048.0,4048.0,888.475,13.2197,784.735,103.74,13.2197,375.0,0.72427,66.0,0.00277926,2.08669e-05,0.0020474,0.00484752,2925.08,2506480000.0,2506480000.0,0.0923091,-6.6275,-0.148966,1076.77,1278.42,827.526,827.526,711.0,711.0,0.768528,0.768528,738.0,23.0,23.0,4048.0,4048.0,0.00277926,2.08669e-05,0.0020474,0.00484752,0.740788,0.741106,51.0,2506480000.0,2506480000.0,0.0923091,-6.6275,-0.148966,1076.77,1278.42,827.526,827.526,711.0,711.0,5.5015,1.349,959.171,0.768528,0.768528,738.0,23.0,23.0,4048.0,4048.0,1165690.0,20.0,3.0,0.0027797,2.08669e-05,0.00206606,0.00486662,3507.92,0.743718,0.742523,51.0,2494110000.0,2494110000.0,0.0928891,-6.72652,-0.150944,76.8528,0.25,1.0,37.0,50.0,0.2,100.0
traj_sweep_166,placement,1076.77,1278.42,826.196,826.196,709.0,709.0,0.767292,0.767292,736.0,23.0,23.0,4048.0,4048.0,887.025,13.1674,783.817,103.208,13.1674,373.0,0.706494,64.0,0.0026498,2.08163e-05,0.00196859,0.00463921,2906.12,2489760000.0,2489760000.0,0.0946315,-6.10281,-0.141645,1076.77,1278.42,826.196,826.196,709.0,709.0,0.767292,0.767292,736.0,23.0,23.0,4048.0,4048.0,0.0026498,2.08163e-05,0.00196859,0.00463921,0.759616,0.750217,50.0,2489760000.0,2489760000.0,0.0946315,-6.10281,-0.141645,1076.77,1278.42,826.196,826.196,709.0,709.0,5.781,1.368,970.221,0.767292,0.767292,736.0,23.0,23.0,4048.0,4048.0,1248360.0,21.0,3.0,0.00264987,2.08163e-05,0.00198455,0.00465523,3530.3,0.761959,0.751353,50.0,2464880000.0,2464880000.0,0.0948005,-6.24526,-0.145699,76.7292,0.26,1.0,37.0,50.0,0.2,100.0
traj_sweep_167,placement,1076.77,1278.42,822.472,822.472,710.0,710.0,0.763834,0.763834,737.0,23.0,23.0,4048.0,4048.0,883.386,12.9976,781.774,101.612,12.9976,374.0,0.712297,68.0,0.0025397,2.05917e-05,0.00188833,0.00444863,2860.33,2491140000.0,2491140000.0,0.0965178,-5.74567,-0.131423,1076.77,1278.42,822.472,822.472,710.0,710.0,0.763834,0.763834,737.0,23.0,23.0,4048.0,4048.0,0.0025397,2.05917e-05,0.00188833,0.00444863,0.753921,0.747461,49.0,2491140000.0,2491140000.0,0.0965178,-5.74567,-0.131423,1076.77,1278.42,822.472,822.472,710.0,710.0,5.501,1.322,938.627,0.763834,0.763834,737.0,23.0,23.0,4048.0,4048.0,1225540.0,21.0,3.0,0.00254023,2.05917e-05,0.0019044,0.00446522,3473.1,0.75764,0.74926,49.0,2466460000.0,2466460000.0,0.0964875,-5.85826,-0.135439,76.3834,0.27,1.0,37.0,50.0,0.2,100.0
traj_sweep_168,placement,1076.77,1278.42,823.536,823.536,711.0,711.0,0.764822,0.764822,738.0,23.0,23.0,4048.0,4048.0,884.45,13.1337,781.774,102.676,13.1337,376.0,0.718272,68.0,0.00244768,2.06349e-05,0.00181855,0.00428686,2871.06,2484540000.0,2484540000.0,0.0983615,-5.26336,-0.122489,1076.77,1278.42,823.536,823.536,711.0,711.0,0.764822,0.764822,738.0,23.0,23.0,4048.0,4048.0,0.00244768,2.06349e-05,0.00181855,0.00428686,0.789292,0.764572,49.0,2484540000.0,2484540000.0,0.0983615,-5.26336,-0.122489,1076.77,1278.42,823.536,823.536,711.0,711.0,4.9025,1.3285,944.769,0.764822,0.764822,738.0,23.0,23.0,4048.0,4048.0,1220630.0,21.0,2.0,0.0024486,2.06349e-05,0.00183445,0.00430369,3481.37,0.789965,0.764898,49.0,2442210000.0,2442210000.0,0.0988796,-5.40333,-0.129464,76.4822,0.28,1.0,37.0,50.0,0.2,100.0
traj_sweep_169,placement,1076.77,1278.42,818.482,818.482,702.0,702.0,0.760128,0.760128,729.0,23.0,23.0,4048.0,4048.0,879.396,12.4872,781.774,97.622,12.4872,373.0,0.697093,65.0,0.00235573,2.06005e-05,0.001753,0.00412933,2890.52,2459180000.0,2459180000.0,0.10058,-4.80477,-0.116639,1076.77,1278.42,818.482,818.482,702.0,702.0,0.760128,0.760128,729.0,23.0,23.0,4048.0,4048.0,0.00235573,2.06005e-05,0.001753,0.00412933,0.765795,0.75321,49.0,2459180000.0,2459180000.0,0.10058,-4.80477,-0.116639,1076.77,1278.42,818.482,818.482,702.0,702.0,5.2705,1.2845,902.028,0.760128,0.760128,729.0,23.0,23.0,4048.0,4048.0,1161240.0,20.0,2.0,0.00235619,2.06005e-05,0.00176616,0.00414296,3471.13,0.774027,0.757192,49.0,2442440000.0,2442440000.0,0.101125,-4.90077,-0.119427,76.0128,0.29,1.0,37.0,50.0,0.2,100.0
traj_sweep_170,placement,1076.77,1278.42,818.216,818.216,703.0,703.0,0.759881,0.759881,730.0,23.0,23.0,4048.0,4048.0,879.13,12.4532,781.774,97.356,12.4532,374.0,0.698121,66.0,0.00229042,2.055e-05,0.00170174,0.00401271,2930.36,2488010000.0,2488010000.0,0.102494,-4.3351,-0.101927,1076.77,1278.42,818.216,818.216,703.0,703.0,0.759881,0.759881,730.0,23.0,23.0,4048.0,4048.0,0.00229042,2.055e-05,0.00170174,0.00401271,0.721931,0.72506,49.0,2488010000.0,2488010000.0,0.102494,-4.3351,-0.101927,1076.77,1278.42,818.216,818.216,703.0,703.0,6.1335,1.3265,932.586,0.759881,0.759881,730.0,23.0,23.0,4048.0,4048.0,1230530.0,21.0,4.0,0.0022908,2.055e-05,0.00171441,0.00402576,3545.62,0.72141,0.71763,49.0,2474260000.0,2474260000.0,0.1024,-4.42989,-0.104161,75.9881,0.3,1.0,37.0,50.0,0.2,100.0
traj_sweep_171,placement,1076.77,1278.42,813.694,813.694,704.0,704.0,0.755682,0.755682,731.0,23.0,23.0,4048.0,4048.0,875.8,12.545,778.178,97.622,12.545,372.0,0.716951,65.0,0.00220748,2.03812e-05,0.00162548,0.00385334,2798.91,2468660000.0,2468660000.0,0.104553,-3.87367,-0.0950781,1076.77,1278.42,813.694,813.694,704.0,704.0,0.755682,0.755682,731.0,23.0,23.0,4048.0,4048.0,0.00220748,2.03812e-05,0.00162548,0.00385334,0.754725,0.74785,48.0,2468660000.0,2468660000.0,0.104553,-3.87367,-0.0950781,1076.77,1278.42,813.694,813.694,704.0,704.0,5.25,1.3395,943.346,0.755682,0.755682,731.0,23.0,23.0,4048.0,4048.0,1348200.0,24.0,6.0,0.00220815,2.03812e-05,0.00164208,0.00387062,3473.01,0.763975,0.752329,48.0,2454300000.0,2454300000.0,0.105107,-4.00652,-0.0974479,75.5682,0.31,1.0,37.0,50.0,0.2,100.0
traj_sweep_172,placement,1076.77,1278.42,804.916,804.916,693.0,693.0,0.74753,0.74753,720.0,23.0,23.0,4048.0,4048.0,867.022,11.4169,778.178,88.844,11.4169,376.0,0.707363,66.0,0.00209775,2.01274e-05,0.00156171,0.00367959,2835.7,2496650000.0,2496650000.0,0.106358,-3.31344,-0.084481,1076.77,1278.42,804.916,804.916,693.0,693.0,0.74753,0.74753,720.0,23.0,23.0,4048.0,4048.0,0.00209775,2.01274e-05,0.00156171,0.00367959,0.760607,0.750696,48.0,2496650000.0,2496650000.0,0.106358,-3.31344,-0.084481,1076.77,1278.42,804.916,804.916,693.0,693.0,4.608,1.3505,936.081,0.74753,0.74753,720.0,23.0,23.0,4048.0,4048.0,1201620.0,21.0,4.0,0.00209825,2.01274e-05,0.00157658,0.00369496,3436.51,0.760274,0.750535,48.0,2476220000.0,2476220000.0,0.106896,-3.41434,-0.0843828,74.753,0.32,1.0,37.0,50.0,0.2,100.0
traj_sweep_173,placement,1076.77,1278.42,796.936,796.936,685.0,685.0,0.740119,0.740119,712.0,23.0,23.0,4048.0,4048.0,859.042,10.3915,778.178,80.864,10.3915,372.0,0.726176,69.0,0.00201355,1.98475e-05,0.00151631,0.00354971,2906.52,2478090000.0,2478090000.0,0.107378,-3.01323,-0.077181,1076.77,1278.42,796.936,796.936,685.0,685.0,0.740119,0.740119,712.0,23.0,23.0,4048.0,4048.0,0.00201355,1.98475e-05,0.00151631,0.00354971,0.785801,0.682511,47.0,2478090000.0,2478090000.0,0.107378,-3.01323,-0.077181,1076.77,1278.42,796.936,796.936,685.0,685.0,5.283,1.3555,928.736,0.740119,0.740119,712.0,23.0,23.0,4048.0,4048.0,1226450.0,21.0,3.0,0.00201395,1.98475e-05,0.00152682,0.00356062,3519.75,0.796764,0.675204,47.0,2465500000.0,2465500000.0,0.107687,-3.15266,-0.0784447,74.0119,0.33,1.0,37.0,50.0,0.2,100.0
traj_sweep_174,placement,1076.77,1278.42,792.148,792.148,689.0,689.0,0.735672,0.735672,716.0,23.0,23.0,4048.0,4048.0,856.742,10.7259,773.75,82.992,10.7259,367.0,0.736636,69.0,0.00194169,1.9581e-05,0.00144283,0.0034041,2796.06,2457760000.0,2457760000.0,0.107493,-2.66809,-0.0668749,1076.77,1278.42,792.148,792.148,689.0,689.0,0.735672,0.735672,716.0,23.0,23.0,4048.0,4048.0,0.00194169,1.9581e-05,0.00144283,0.0034041,0.804101,0.771726,48.0,2457760000.0,2457760000.0,0.107493,-2.66809,-0.0668749,1076.77,1278.42,792.148,792.148,689.0,689.0,5.4655,1.318,908.408,0.735672,0.735672,716.0,23.0,23.0,4048.0,4048.0,1237700.0,22.0,3.0,0.00194221,1.9581e-05,0.00145578,0.00341757,3414.91,0.793701,0.766702,48.0,2454790000.0,2454790000.0,0.107777,-2.75206,-0.0673675,73.5672,0.34,1.0,37.0,50.0,0.2,100.0
traj_sweep_175,placement,1076.77,1278.42,789.488,789.488,688.0,688.0,0.733202,0.733202,715.0,23.0,23.0,4048.0,4048.0,854.082,10.3822,773.75,80.332,10.3822,372.0,0.70467,69.0,0.00187381,1.94326e-05,0.00140006,0.0032933,2763.91,2463360000.0,2463360000.0,0.107026,-2.25733,-0.0559489,1076.77,1278.42,789.488,789.488,688.0,688.0,0.733202,0.733202,715.0,23.0,23.0,4048.0,4048.0,0.00187381,1.94326e-05,0.00140006,0.0032933,0.760222,0.750508,48.0,2463360000.0,2463360000.0,0.107026,-2.25733,-0.0559489,1076.77,1278.42,789.488,789.488,688.0,688.0,5.239,1.286,885.066,0.733202,0.733202,715.0,23.0,23.0,4048.0,4048.0,1058430.0,19.0,2.0,0.00187418,1.94326e-05,0.00141328,0.00330689,3293.12,0.755584,0.748261,48.0,2445000000.0,2445000000.0,0.108004,-2.36688,-0.0589974,73.3202,0.35,1.0,37.0,50.0,0.2,100.0
traj_sweep_176,placement,1076.77,1278.42,789.754,789.754,687.0,687.0,0.733449,0.733449,714.0,23.0,23.0,4048.0,4048.0,854.348,10.4165,773.75,80.598,10.4165,375.0,0.729327,69.0,0.00182482,1.94741e-05,0.00136153,0.00320583,2770.64,2440700000.0,2440700000.0,0.106988,-1.89864,-0.0497184,1076.77,1278.42,789.754,789.754,687.0,687.0,0.733449,0.733449,714.0,23.0,23.0,4048.0,4048.0,0.00182482,1.94741e-05,0.00136153,0.00320583,0.793736,0.766692,47.0,2440700000.0,2440700000.0,0.106988,-1.89864,-0.0497184,1076.77,1278.42,789.754,789.754,687.0,687.0,5.188,1.2475,857.341,0.733449,0.733449,714.0,23.0,23.0,4048.0,4048.0,1055620.0,19.0,2.0,0.00182512,1.94741e-05,0.00137178,0.00321637,3298.45,0.785137,0.762548,47.0,2442970000.0,2442970000.0,0.107139,-1.93785,-0.0493793,73.3449,0.36,1.0,37.0,50.0,0.2,100.0
traj_sweep_177,placement,1076.77,1278.42,786.828,786.828,685.0,685.0,0.730731,0.730731,712.0,23.0,23.0,4048.0,4048.0,851.985,10.1446,773.515,78.47,10.1446,374.0,0.72308,68.0,0.00176175,1.93979e-05,0.00131313,0.00309428,2773.52,2445890000.0,2445890000.0,0.106792,-1.36714,-0.0388489,1076.77,1278.42,786.828,786.828,685.0,685.0,0.730731,0.730731,712.0,23.0,23.0,4048.0,4048.0,0.00176175,1.93979e-05,0.00131313,0.00309428,0.7807,0.675954,47.0,2445890000.0,2445890000.0,0.106792,-1.36714,-0.0388489,1076.77,1278.42,786.828,786.828,685.0,685.0,6.909,1.274,872.736,0.730731,0.730731,712.0,23.0,23.0,4048.0,4048.0,1068910.0,19.0,2.0,0.00176226,1.93979e-05,0.00132721,0.00310887,3307.98,0.775914,0.673383,47.0,2455120000.0,2455120000.0,0.107362,-1.46105,-0.0419711,73.0731,0.37,1.0,37.0,50.0,0.2,100.0
traj_sweep_178,placement,1076.77,1278.42,785.232,785.232,687.0,687.0,0.729249,0.729249,714.0,23.0,23.0,4048.0,4048.0,851.631,10.1492,773.161,78.47,10.1492,369.0,0.70579,68.0,0.00172133,1.92943e-05,0.00127667,0.0030173,2784.27,2429380000.0,2429380000.0,0.107506,-0.923693,-0.0316276,1076.77,1278.42,785.232,785.232,687.0,687.0,0.729249,0.729249,714.0,23.0,23.0,4048.0,4048.0,0.00172133,1.92943e-05,0.00127667,0.0030173,0.784595,0.739281,46.0,2429380000.0,2429380000.0,0.107506,-0.923693,-0.0316276,1076.77,1278.42,785.232,785.232,687.0,687.0,4.3915,1.35,927.53,0.729249,0.729249,714.0,23.0,23.0,4048.0,4048.0,1136970.0,20.0,5.0,0.00172153,1.92943e-05,0.00128681,0.00302763,3352.76,0.783388,0.735654,46.0,2439020000.0,2439020000.0,0.107973,-0.989843,-0.0357411,72.9249,0.38,1.0,37.0,50.0,0.2,100.0
traj_sweep_179,placement,1076.77,1278.42,784.7,784.7,686.0,686.0,0.728755,0.728755,713.0,23.0,23.0,4048.0,4048.0,851.951,10.2209,772.949,79.002,10.2209,374.0,0.703711,70.0,0.00169109,1.93059e-05,0.00124728,0.00295768,2794.17,2441050000.0,2441050000.0,0.107327,-0.544298,-0.0251453,1076.77,1278.42,784.7,784.7,686.0,686.0,0.728755,0.728755,713.0,23.0,23.0,4048.0,4048.0,0.00169109,1.93059e-05,0.00124728,0.00295768,0.806358,0.647098,44.0,2441050000.0,2441050000.0,0.107327,-0.544298,-0.0251453,1076.77,1278.42,784.7,784.7,686.0,686.0,5.9565,1.299,891.142,0.728755,0.728755,713.0,23.0,23.0,4048.0,4048.0,1187820.0,21.0,3.0,0.00169154,1.93059e-05,0.001257,0.00296785,3388.08,0.788006,0.645379,44.0,2414590000.0,2414590000.0,0.107454,-0.579725,-0.0280977,72.8755,0.39,1.0,37.0,50.0,0.2,100.0
traj_sweep_180,placement,1076.77,1278.42,748.79,748.79,680.0,680.0,0.695405,0.695405,707.0,23.0,23.0,4048.0,4048.0,829.454,9.86524,754.974,74.48,9.86524,368.0,0.74122,71.0,0.00156759,1.79646e-05,0.00113834,0.00272389,2793.19,2429390000.0,2429390000.0,0.107626,-0.350376,-0.0181928,1076.77,1278.42,748.79,748.79,680.0,680.0,0.695405,0.695405,707.0,23.0,23.0,4048.0,4048.0,0.00156759,1.79646e-05,0.00113834,0.00272389,0.793363,0.715145,40.0,2429390000.0,2429390000.0,0.107626,-0.350376,-0.0181928,1076.77,1278.42,748.79,748.79,680.0,680.0,5.3235,1.2905,877.668,0.695405,0.695405,707.0,23.0,23.0,4048.0,4048.0,1003260.0,18.0,3.0,0.00156791,1.79646e-05,0.00114855,0.00273442,3294.82,0.809625,0.703786,42.0,2430520000.0,2430520000.0,0.107513,-0.372738,-0.0200754,69.5405,0.4,1.0,37.0,50.0,0.2,100.0
traj_sweep_181,placement,1076.77,1278.42,723.52,723.52,663.0,663.0,0.671937,0.671937,690.0,23.0,23.0,4048.0,4048.0,807.64,8.19602,746.46,61.18,8.19602,370.0,0.702066,71.0,0.00149086,1.70899e-05,0.00107467,0.00258262,2759.49,2415760000.0,2415760000.0,0.106957,-0.0498956,-0.00929792,1076.77,1278.42,723.52,723.52,663.0,663.0,0.671937,0.671937,690.0,23.0,23.0,4048.0,4048.0,0.00149086,1.70899e-05,0.00107467,0.00258262,0.780608,0.742535,8.0,2415760000.0,2415760000.0,0.106957,-0.0498956,-0.00929792,1076.77,1278.42,723.52,723.52,663.0,663.0,4.6135,1.251,829.707,0.671937,0.671937,690.0,23.0,23.0,4048.0,4048.0,1019530.0,18.0,2.0,0.00149106,1.70899e-05,0.00108,0.00258815,3269.26,0.795588,0.740316,20.0,2390680000.0,2390680000.0,0.107581,-0.0803907,-0.0138365,67.1937,0.41,1.0,37.0,50.0,0.2,100.0
traj_sweep_182,placement,1076.77,1278.42,704.368,704.368,646.0,646.0,0.65415,0.65415,673.0,23.0,23.0,4048.0,4048.0,788.488,5.63031,746.46,42.028,5.63031,369.0,0.688757,71.0,0.00142253,1.63928e-05,0.00104209,0.00248101,2732.2,2356320000.0,2356320000.0,0.107327,-0.0367595,-0.00439035,1076.77,1278.42,704.368,704.368,646.0,646.0,0.65415,0.65415,673.0,23.0,23.0,4048.0,4048.0,0.00142253,1.63928e-05,0.00104209,0.00248101,0.80097,0.622583,15.0,2356320000.0,2356320000.0,0.107327,-0.0367595,-0.00439035,1076.77,1278.42,704.368,704.368,646.0,646.0,3.798,1.233,796.536,0.65415,0.65415,673.0,23.0,23.0,4048.0,4048.0,990045.0,18.0,2.0,0.00142272,1.63928e-05,0.00104838,0.00248749,3227.23,0.77601,0.614902,18.0,2332030000.0,2332030000.0,0.10749,-0.0772121,-0.00881084,65.415,0.42,1.0,37.0,50.0,0.2,100.0
traj_sweep_183,placement,1076.77,1278.42,686.014,686.014,622.0,622.0,0.637105,0.637105,649.0,23.0,23.0,4048.0,4048.0,770.134,3.1715,746.46,23.674,3.1715,369.0,0.713591,72.0,0.00133503,1.59272e-05,0.0010032,0.00235416,2713.1,2343910000.0,2343910000.0,0.10698,-0.0033116,-0.00133848,1076.77,1278.42,686.014,686.014,622.0,622.0,0.637105,0.637105,649.0,23.0,23.0,4048.0,4048.0,0.00133503,1.59272e-05,0.0010032,0.00235416,0.779451,0.621461,3.0,2343910000.0,2343910000.0,0.10698,-0.0033116,-0.00133848,1076.77,1278.42,686.014,686.014,622.0,622.0,4.6235,1.255,780.864,0.637105,0.637105,649.0,23.0,23.0,4048.0,4048.0,907037.0,17.0,2.0,0.00133516,1.59272e-05,0.00100799,0.00235907,3166.61,0.790608,0.614883,3.0,2334110000.0,2334110000.0,0.107481,-0.00581893,-0.00361494,63.7105,0.43,1.0,37.0,50.0,0.2,100.0
traj_sweep_184,placement,1076.77,1278.42,675.64,675.64,611.0,611.0,0.62747,0.62747,638.0,23.0,23.0,4048.0,4048.0,759.76,1.78174,746.46,13.3,1.78174,376.0,0.717508,72.0,0.00126675,1.55778e-05,0.000972333,0.00225466,2749.5,2341240000.0,2341240000.0,0.106978,0.0,0.0085279,1076.77,1278.42,675.64,675.64,611.0,611.0,0.62747,0.62747,638.0,23.0,23.0,4048.0,4048.0,0.00126675,1.55778e-05,0.000972333,0.00225466,0.776386,0.612764,0.0,2341240000.0,2341240000.0,0.106978,0.0,0.0085279,1076.77,1278.42,675.64,675.64,611.0,611.0,3.77,1.2145,742.353,0.62747,0.62747,638.0,23.0,23.0,4048.0,4048.0,769883.0,14.0,1.0,0.00126693,1.55778e-05,0.000977819,0.00226033,3134.44,0.780532,0.612454,0.0,2334450000.0,2334450000.0,0.107618,0.0,0.0067773,62.747,0.44,1.0,37.0,50.0,0.2,100.0
traj_sweep_185,placement,1076.77,1278.42,673.512,673.512,609.0,609.0,0.625494,0.625494,636.0,23.0,23.0,4048.0,4048.0,757.632,1.49666,746.46,11.172,1.49666,377.0,0.700785,73.0,0.00122985,1.54905e-05,0.000948943,0.00219429,2803.65,2326600000.0,2326600000.0,0.107342,0.0,0.0166585,1076.77,1278.42,673.512,673.512,609.0,609.0,0.625494,0.625494,636.0,23.0,23.0,4048.0,4048.0,0.00122985,1.54905e-05,0.000948943,0.00219429,0.74802,0.616609,0.0,2326600000.0,2326600000.0,0.107342,0.0,0.0166585,1076.77,1278.42,673.512,673.512,609.0,609.0,4.238,1.266,771.15,0.625494,0.625494,636.0,23.0,23.0,4048.0,4048.0,790890.0,14.0,1.0,0.00122997,1.54905e-05,0.000952181,0.00219764,3199.09,0.755657,0.617557,0.0,2317970000.0,2317970000.0,0.108172,0.0,0.0120457,62.5494,0.45,1.0,37.0,50.0,0.2,100.0
traj_sweep_186,placement,1076.77,1278.42,671.65,671.65,606.0,606.0,0.623765,0.623765,633.0,23.0,23.0,4048.0,4048.0,755.77,1.24722,746.46,9.31,1.24722,374.0,0.708605,72.0,0.00119683,1.54467e-05,0.000924256,0.00213653,2735.06,2316100000.0,2316100000.0,0.107589,0.0,0.0155462,1076.77,1278.42,671.65,671.65,606.0,606.0,0.623765,0.623765,633.0,23.0,23.0,4048.0,4048.0,0.00119683,1.54467e-05,0.000924256,0.00213653,0.760254,0.620997,0.0,2316100000.0,2316100000.0,0.107589,0.0,0.0155462,1076.77,1278.42,671.65,671.65,606.0,606.0,5.0655,1.225,742.52,0.623765,0.623765,633.0,23.0,23.0,4048.0,4048.0,752768.0,14.0,1.0,0.00119713,1.54467e-05,0.000929885,0.00214247,3111.44,0.767821,0.622304,0.0,2313050000.0,2313050000.0,0.108065,0.0,0.0139368,62.3765,0.46,1.0,37.0,50.0,0.2,100.0
traj_sweep_187,placement,1076.77,1278.42,670.054,670.054,604.0,604.0,0.622283,0.622283,631.0,23.0,23.0,4048.0,4048.0,754.174,1.03341,746.46,7.714,1.03341,370.0,0.713027,73.0,0.00116858,1.54042e-05,0.000901304,0.00208529,2719.89,2294620000.0,2294620000.0,0.106999,0.0,0.0241899,1076.77,1278.42,670.054,670.054,604.0,604.0,0.622283,0.622283,631.0,23.0,23.0,4048.0,4048.0,0.00116858,1.54042e-05,0.000901304,0.00208529,0.773888,0.524136,0.0,2294620000.0,2294620000.0,0.106999,0.0,0.0241899,1076.77,1278.42,670.054,670.054,604.0,604.0,6.015,1.232,744.154,0.622283,0.622283,631.0,23.0,23.0,4048.0,4048.0,733257.0,13.0,1.0,0.00116865,1.54042e-05,0.000904861,0.00208891,3086.52,0.777801,0.528174,0.0,2298690000.0,2298690000.0,0.108072,0.0,0.0228211,62.2283,0.47,1.0,37.0,50.0,0.2,100.0
traj_sweep_188,placement,1076.77,1278.42,669.256,669.256,604.0,604.0,0.621542,0.621542,631.0,23.0,23.0,4048.0,4048.0,753.376,0.926506,746.46,6.916,0.926506,371.0,0.708539,72.0,0.00113981,1.53689e-05,0.000885249,0.00204043,2735.65,2289080000.0,2289080000.0,0.107629,0.0,0.0285108,1076.77,1278.42,669.256,669.256,604.0,604.0,0.621542,0.621542,631.0,23.0,23.0,4048.0,4048.0,0.00113981,1.53689e-05,0.000885249,0.00204043,0.795779,0.541864,0.0,2289080000.0,2289080000.0,0.107629,0.0,0.0285108,1076.77,1278.42,669.256,669.256,604.0,604.0,5.5785,1.2275,741.438,0.621542,0.621542,631.0,23.0,23.0,4048.0,4048.0,809004.0,15.0,2.0,0.00113969,1.53689e-05,0.000886621,0.00204168,3140.15,0.776793,0.543052,0.0,2288950000.0,2288950000.0,0.108235,0.0,0.026102,62.1542,0.48,1.0,37.0,50.0,0.2,100.0
traj_sweep_189,placement,1076.77,1278.42,666.596,666.596,602.0,602.0,0.619071,0.619071,629.0,23.0,23.0,4048.0,4048.0,750.716,0.570158,746.46,4.256,0.570158,380.0,0.706286,71.0,0.00111354,1.52579e-05,0.000869491,0.00199828,2689.16,2282520000.0,2282520000.0,0.10686,0.0,0.0403055,1076.77,1278.42,666.596,666.596,602.0,602.0,0.619071,0.619071,629.0,23.0,23.0,4048.0,4048.0,0.00111354,1.52579e-05,0.000869491,0.00199828,0.781495,0.628291,0.0,2282520000.0,2282520000.0,0.10686,0.0,0.0403055,1076.77,1278.42,666.596,666.596,602.0,602.0,3.8935,1.2585,757.774,0.619071,0.619071,629.0,23.0,23.0,4048.0,4048.0,844554.0,16.0,1.0,0.00111358,1.52579e-05,0.000870038,0.00199888,3111.44,0.776162,0.619543,0.0,2269050000.0,2269050000.0,0.107455,0.0,0.0389124,61.9071,0.49,1.0,37.0,50.0,0.2,100.0
traj_sweep_190,placement,1076.77,1278.42,666.596,666.596,602.0,602.0,0.619071,0.619071,629.0,23.0,23.0,4048.0,4048.0,750.716,0.570158,746.46,4.256,0.570158,375.0,0.704894,71.0,0.00109121,1.52579e-05,0.000850024,0.0019565,2669.4,2269210000.0,2269210000.0,0.107076,0.0,0.045763,1076.77,1278.42,666.596,666.596,602.0,602.0,0.619071,0.619071,629.0,23.0,23.0,4048.0,4048.0,0.00109121,1.52579e-05,0.000850024,0.0019565,0.776907,0.628491,0.0,2269210000.0,2269210000.0,0.107076,0.0,0.045763,1076.77,1278.42,666.596,666.596,602.0,602.0,4.4125,1.221,735.048,0.619071,0.619071,629.0,23.0,23.0,4048.0,4048.0,830371.0,16.0,2.0,0.00109135,1.52579e-05,0.000852915,0.00195952,3084.59,0.757792,0.628112,0.0,2255650000.0,2255650000.0,0.107941,0.0,0.0452241,61.9071,0.5,1.0,37.0,50.0,0.2,100.0
traj_sweep_191,placement,1076.77,1278.42,666.33,666.33,602.0,602.0,0.618824,0.618824,629.0,23.0,23.0,4048.0,4048.0,750.45,0.534523,746.46,3.99,0.534523,375.0,0.695823,72.0,0.00106907,1.5237e-05,0.000828031,0.00191234,2678.92,2210120000.0,2210120000.0,0.107082,0.0,0.057535,1076.77,1278.42,666.33,666.33,602.0,602.0,0.618824,0.618824,629.0,23.0,23.0,4048.0,4048.0,0.00106907,1.5237e-05,0.000828031,0.00191234,0.759092,0.606783,0.0,2210120000.0,2210120000.0,0.107082,0.0,0.057535,1076.77,1278.42,666.33,666.33,602.0,602.0,4.0,1.2625,760.158,0.618824,0.618824,629.0,23.0,23.0,4048.0,4048.0,771474.0,14.0,2.0,0.00106918,1.5237e-05,0.000833001,0.00191741,3064.66,0.782699,0.61243,0.0,2213170000.0,2213170000.0,0.107464,0.0,0.0557622,61.8824,0.51,1.0,37.0,50.0,0.2,100.0
traj_sweep_192,placement,1076.77,1278.42,666.596,666.596,602.0,602.0,0.619071,0.619071,629.0,23.0,23.0,4048.0,4048.0,750.716,0.570158,746.46,4.256,0.570158,375.0,0.693292,70.0,0.00105001,1.52594e-05,0.000819116,0.00188438,2716.0,2286780000.0,2286780000.0,0.107137,0.0,0.0645186,1076.77,1278.42,666.596,666.596,602.0,602.0,0.619071,0.619071,629.0,23.0,23.0,4048.0,4048.0,0.00105001,1.52594e-05,0.000819116,0.00188438,0.783777,0.627299,0.0,2286780000.0,2286780000.0,0.107137,0.0,0.0645186,1076.77,1278.42,666.596,666.596,602.0,602.0,4.0475,1.2435,748.743,0.619071,0.619071,629.0,23.0,23.0,4048.0,4048.0,770249.0,14.0,2.0,0.00105008,1.52594e-05,0.000820859,0.0018862,3101.12,0.793141,0.621339,0.0,2271980000.0,2271980000.0,0.10796,0.0,0.0631478,61.9071,0.52,1.0,37.0,50.0,0.2,100.0
traj_sweep_193,placement,1076.77,1278.42,666.596,666.596,602.0,602.0,0.619071,0.619071,629.0,23.0,23.0,4048.0,4048.0,750.716,0.570158,746.46,4.256,0.570158,374.0,0.706648,70.0,0.00102993,1.52594e-05,0.000801395,0.00184659,2695.81,2278370000.0,2278370000.0,0.106966,0.0,0.0676938,1076.77,1278.42,666.596,666.596,602.0,602.0,0.619071,0.619071,629.0,23.0,23.0,4048.0,4048.0,0.00102993,1.52594e-05,0.000801395,0.00184659,0.788523,0.625122,0.0,2278370000.0,2278370000.0,0.106966,0.0,0.0676938,1076.77,1278.42,666.596,666.596,602.0,602.0,3.9275,1.2615,759.659,0.619071,0.619071,629.0,23.0,23.0,4048.0,4048.0,804258.0,15.0,1.0,0.00102991,1.52594e-05,0.000803123,0.00184829,3097.93,0.805667,0.625643,0.0,2261850000.0,2261850000.0,0.107814,0.0,0.0692823,61.9071,0.53,1.0,37.0,50.0,0.2,100.0
traj_sweep_194,placement,1076.77,1278.42,666.596,666.596,602.0,602.0,0.619071,0.619071,629.0,23.0,23.0,4048.0,4048.0,750.716,0.570158,746.46,4.256,0.570158,374.0,0.686049,70.0,0.00101058,1.52594e-05,0.000780247,0.00180609,2687.03,2204030000.0,2204030000.0,0.107222,0.0,0.0811843,1076.77,1278.42,666.596,666.596,602.0,602.0,0.619071,0.619071,629.0,23.0,23.0,4048.0,4048.0,0.00101058,1.52594e-05,0.000780247,0.00180609,0.761247,0.610633,0.0,2204030000.0,2204030000.0,0.107222,0.0,0.0811843,1076.77,1278.42,666.596,666.596,602.0,602.0,3.818,1.258,757.372,0.619071,0.619071,629.0,23.0,23.0,4048.0,4048.0,744449.0,14.0,2.0,0.00101081,1.52594e-05,0.000785073,0.00181114,3059.26,0.777538,0.6163,0.0,2193620000.0,2193620000.0,0.107649,0.0,0.0792383,61.9071,0.54,1.0,37.0,50.0,0.2,100.0
traj_sweep_195,placement,1076.77,1278.42,666.33,666.33,602.0,602.0,0.618824,0.618824,629.0,23.0,23.0,4048.0,4048.0,750.45,0.534523,746.46,3.99,0.534523,373.0,0.704334,70.0,0.000991288,1.5237e-05,0.000765135,0.00177166,2716.11,2206710000.0,2206710000.0,0.106961,0.0,0.0891779,1076.77,1278.42,666.33,666.33,602.0,602.0,0.618824,0.618824,629.0,23.0,23.0,4048.0,4048.0,0.000991288,1.5237e-05,0.000765135,0.00177166,0.779854,0.617329,0.0,2206710000.0,2206710000.0,0.106961,0.0,0.0891779,1076.77,1278.42,666.33,666.33,602.0,602.0,4.4145,1.2475,751.177,0.618824,0.618824,629.0,23.0,23.0,4048.0,4048.0,791460.0,15.0,2.0,0.000991397,1.5237e-05,0.000769106,0.00177574,3111.84,0.777039,0.615888,0.0,2196330000.0,2196330000.0,0.107847,0.0,0.0882807,61.8824,0.55,1.0,37.0,50.0,0.2,100.0
traj_sweep_196,placement,1076.77,1278.42,665.532,665.532,601.0,601.0,0.618083,0.618083,628.0,23.0,23.0,4048.0,4048.0,749.652,0.427618,746.46,3.192,0.427618,373.0,0.694979,70.0,0.000974351,1.52173e-05,0.000751511,0.00174108,2711.49,2199160000.0,2199160000.0,0.106952,0.0,0.0970277,1076.77,1278.42,665.532,665.532,601.0,601.0,0.618083,0.618083,628.0,23.0,23.0,4048.0,4048.0,0.000974351,1.52173e-05,0.000751511,0.00174108,0.781041,0.555861,0.0,2199160000.0,2199160000.0,0.106952,0.0,0.0970277,1076.77,1278.42,665.532,665.532,601.0,601.0,4.7965,1.2775,767.861,0.618083,0.618083,628.0,23.0,23.0,4048.0,4048.0,817969.0,15.0,1.0,0.000974578,1.52173e-05,0.000756646,0.00174644,3120.48,0.783211,0.555066,0.0,2216690000.0,2216690000.0,0.107741,0.0,0.0942693,61.8083,0.56,1.0,37.0,50.0,0.2,100.0
traj_sweep_197,placement,1076.77,1278.42,665.532,665.532,601.0,601.0,0.618083,0.618083,628.0,23.0,23.0,4048.0,4048.0,749.652,0.427618,746.46,3.192,0.427618,373.0,0.694979,70.0,0.000957257,1.52173e-05,0.000738326,0.0017108,2711.49,2199160000.0,2199160000.0,0.106952,0.0,0.105028,1076.77,1278.42,665.532,665.532,601.0,601.0,0.618083,0.618083,628.0,23.0,23.0,4048.0,4048.0,0.000957257,1.52173e-05,0.000738326,0.0017108,0.781041,0.555861,0.0,2199160000.0,2199160000.0,0.106952,0.0,0.105028,1076.77,1278.42,665.532,665.532,601.0,601.0,4.7965,1.2775,767.861,0.618083,0.618083,628.0,23.0,23.0,4048.0,4048.0,817969.0,15.0,1.0,0.000957479,1.52173e-05,0.000743371,0.00171607,3120.48,0.783211,0.555066,0.0,2216690000.0,2216690000.0,0.107741,0.0,0.102269,61.8083,0.57,1.0,37.0,50.0,0.2,100.0
traj_sweep_198,placement,1076.77,1278.42,665.0,665.0,600.0,600.0,0.617589,0.617589,627.0,23.0,23.0,4048.0,4048.0,749.12,0.356349,746.46,2.66,0.356349,375.0,0.678675,71.0,0.00094159,1.52175e-05,0.000725099,0.00168191,2692.67,2201120000.0,2201120000.0,0.10706,0.0,0.112814,1076.77,1278.42,665.0,665.0,600.0,600.0,0.617589,0.617589,627.0,23.0,23.0,4048.0,4048.0,0.00094159,1.52175e-05,0.000725099,0.00168191,0.805662,0.476995,0.0,2201120000.0,2201120000.0,0.10706,0.0,0.112814,1076.77,1278.42,665.0,665.0,600.0,600.0,4.482,1.307,784.475,0.617589,0.617589,627.0,23.0,23.0,4048.0,4048.0,773021.0,14.0,3.0,0.000941816,1.52175e-05,0.000728482,0.00168552,3079.18,0.772985,0.479981,0.0,2211540000.0,2211540000.0,0.107598,0.0,0.111375,61.7589,0.58,1.0,37.0,50.0,0.2,100.0
traj_sweep_199,placement,1076.77,1278.42,665.0,665.0,600.0,600.0,0.617589,0.617589,627.0,23.0,23.0,4048.0,4048.0,749.12,0.356349,746.46,2.66,0.356349,374.0,0.697135,70.0,0.000925183,1.52175e-05,0.0007139,0.0016543,2708.35,2195300000.0,2195300000.0,0.106945,0.0,0.120927,1076.77,1278.42,665.0,665.0,600.0,600.0,0.617589,0.617589,627.0,23.0,23.0,4048.0,4048.0,0.000925183,1.52175e-05,0.0007139,0.0016543,0.780832,0.552578,0.0,2195300000.0,2195300000.0,0.106945,0.0,0.120927,1076.77,1278.42,665.0,665.0,600.0,600.0,4.3985,1.2475,748.779,0.617589,0.617589,627.0,23.0,23.0,4048.0,4048.0,798510.0,15.0,1.0,0.000925239,1.52175e-05,0.000718481,0.00165894,3107.61,0.793739,0.558289,0.0,2203710000.0,2203710000.0,0.107414,0.0,0.117854,61.7589,0.59,1.0,37.0,50.0,0.2,100.0
traj_sweep_200,placement,1076.77,1278.42,665.798,665.798,600.0,600.0,0.61833,0.61833,627.0,23.0,23.0,4048.0,4048.0,749.918,0.463253,746.46,3.458,0.463253,376.0,0.693021,70.0,0.000910361,1.5262e-05,0.000701221,0.00162684,2699.62,2207480000.0,2207480000.0,0.107079,0.0,0.128742,1076.77,1278.42,665.798,665.798,600.0,600.0,0.61833,0.61833,627.0,23.0,23.0,4048.0,4048.0,0.000910361,1.5262e-05,0.000701221,0.00162684,0.760498,0.553864,0.0,2207480000.0,2207480000.0,0.107079,0.0,0.128742,1076.77,1278.42,665.798,665.798,600.0,600.0,4.1775,1.2565,754.09,0.61833,0.61833,627.0,23.0,23.0,4048.0,4048.0,765080.0,14.0,1.0,0.000910546,1.5262e-05,0.000706644,0.00163245,3082.16,0.737633,0.555381,0.0,2213080000.0,2213080000.0,0.107399,0.0,0.125865,61.833,0.6,1.0,37.0,50.0,0.2,100.0
traj_sweep_201,placement,1076.77,1278.42,665.798,665.798,600.0,600.0,0.61833,0.61833,627.0,23.0,23.0,4048.0,4048.0,749.918,0.463253,746.46,3.458,0.463253,376.0,0.69283,70.0,0.000895437,1.5262e-05,0.000689629,0.00160033,2698.47,2207910000.0,2207910000.0,0.107082,0.0,0.136673,1076.77,1278.42,665.798,665.798,600.0,600.0,0.61833,0.61833,627.0,23.0,23.0,4048.0,4048.0,0.000895437,1.5262e-05,0.000689629,0.00160033,0.760264,0.554094,0.0,2207910000.0,2207910000.0,0.107082,0.0,0.136673,1076.77,1278.42,665.798,665.798,600.0,600.0,4.305,1.257,754.273,0.61833,0.61833,627.0,23.0,23.0,4048.0,4048.0,786179.0,15.0,1.0,0.000895804,1.5262e-05,0.000694222,0.00160529,3091.56,0.746471,0.553293,0.0,2213960000.0,2213960000.0,0.107961,0.0,0.135101,61.833,0.61,1.0,37.0,50.0,0.2,100.0
traj_sweep_202,placement,1076.77,1278.42,665.0,665.0,600.0,600.0,0.617589,0.617589,627.0,23.0,23.0,4048.0,4048.0,749.12,0.356349,746.46,2.66,0.356349,374.0,0.691376,67.0,0.000880659,1.52175e-05,0.000678072,0.00157395,2705.83,2211680000.0,2211680000.0,0.107034,0.0,0.145535,1076.77,1278.42,665.0,665.0,600.0,600.0,0.617589,0.617589,627.0,23.0,23.0,4048.0,4048.0,0.000880659,1.52175e-05,0.000678072,0.00157395,0.762737,0.553101,0.0,2211680000.0,2211680000.0,0.107034,0.0,0.145535,1076.77,1278.42,665.0,665.0,600.0,600.0,3.681,1.2475,748.683,0.617589,0.617589,627.0,23.0,23.0,4048.0,4048.0,781929.0,14.0,1.0,0.000880932,1.52175e-05,0.000683473,0.00157962,3096.8,0.767821,0.550712,0.0,2219030000.0,2219030000.0,0.107981,0.0,0.140749,61.7589,0.62,1.0,37.0,50.0,0.2,100.0
traj_sweep_203,placement,1076.77,1278.42,843.486,843.486,721.0,721.0,0.78335,0.78335,748.0,23.0,23.0,4048.0,4048.0,903.916,14.256,791.132,112.784,14.256,371.0,0.730149,64.0,0.00518238,2.14569e-05,0.00375436,0.0089582,2922.38,2504100000.0,2504100000.0,0.0707255,-12.261,-0.259345,1076.77,1278.42,843.486,843.486,721.0,721.0,0.78335,0.78335,748.0,23.0,23.0,4048.0,4048.0,0.00518238,2.14569e-05,0.00375436,0.0089582,0.753434,0.747225,53.0,2504100000.0,2504100000.0,0.0707255,-12.261,-0.259345,1076.77,1278.42,843.486,843.486,721.0,721.0,5.1425,1.315,948.243,0.78335,0.78335,748.0,23.0,23.0,4048.0,4048.0,1287510.0,22.0,5.0,0.00518293,2.14569e-05,0.00378663,0.00899102,3566.14,0.767749,0.754155,53.0,2473390000.0,2473390000.0,0.0710168,-12.3958,-0.264303,78.335,0.14,1.0,38.0,50.0,0.2,100.0
traj_sweep_204,placement,1076.77,1278.42,841.624,841.624,719.0,719.0,0.781621,0.781621,746.0,23.0,23.0,4048.0,4048.0,902.054,14.0207,791.132,110.922,14.0207,370.0,0.704469,65.0,0.00480793,2.14161e-05,0.00349398,0.00832333,2907.58,2505990000.0,2505990000.0,0.072749,-11.7383,-0.249043,1076.77,1278.42,841.624,841.624,719.0,719.0,0.781621,0.781621,746.0,23.0,23.0,4048.0,4048.0,0.00480793,2.14161e-05,0.00349398,0.00832333,0.758687,0.749767,53.0,2505990000.0,2505990000.0,0.072749,-11.7383,-0.249043,1076.77,1278.42,841.624,841.624,719.0,719.0,4.8725,1.3255,953.133,0.781621,0.781621,746.0,23.0,23.0,4048.0,4048.0,1285030.0,22.0,5.0,0.00480928,2.14161e-05,0.00352779,0.00835848,3550.1,0.756463,0.748691,53.0,2481860000.0,2481860000.0,0.0728213,-11.8779,-0.252924,78.1621,0.15,1.0,38.0,50.0,0.2,100.0
traj_sweep_205,placement,1076.77,1278.42,841.624,841.624,719.0,719.0,0.781621,0.781621,746.0,23.0,23.0,4048.0,4048.0,902.054,14.0207,791.132,110.922,14.0207,372.0,0.695239,65.0,0.0045079,2.1417e-05,0.00327454,0.00780386,2914.82,2503090000.0,2503090000.0,0.0748557,-11.2447,-0.239506,1076.77,1278.42,841.624,841.624,719.0,719.0,0.781621,0.781621,746.0,23.0,23.0,4048.0,4048.0,0.0045079,2.1417e-05,0.00327454,0.00780386,0.765023,0.752836,53.0,2503090000.0,2503090000.0,0.0748557,-11.2447,-0.239506,1076.77,1278.42,841.624,841.624,719.0,719.0,6.216,1.2615,907.064,0.781621,0.781621,746.0,23.0,23.0,4048.0,4048.0,1199360.0,21.0,4.0,0.00450863,2.1417e-05,0.00330406,0.00783411,3514.5,0.774834,0.757582,53.0,2481090000.0,2481090000.0,0.0744838,-11.3747,-0.243049,78.1621,0.16,1.0,38.0,50.0,0.2,100.0
traj_sweep_206,placement,1076.77,1278.42,837.9,837.9,715.0,715.0,0.778162,0.778162,742.0,23.0,23.0,4048.0,4048.0,898.33,13.5499,791.132,107.198,13.5499,379.0,0.716833,65.0,0.0041912,2.1286e-05,0.00307186,0.00728435,2923.74,2501640000.0,2501640000.0,0.0768685,-10.7012,-0.229738,1076.77,1278.42,837.9,837.9,715.0,715.0,0.778162,0.778162,742.0,23.0,23.0,4048.0,4048.0,0.0041912,2.1286e-05,0.00307186,0.00728435,0.775278,0.757796,53.0,2501640000.0,2501640000.0,0.0768685,-10.7012,-0.229738,1076.77,1278.42,837.9,837.9,715.0,715.0,4.813,1.27,908.406,0.778162,0.778162,742.0,23.0,23.0,4048.0,4048.0,1200060.0,21.0,6.0,0.00419188,2.1286e-05,0.00309598,0.00730914,3523.76,0.775914,0.758103,53.0,2489660000.0,2489660000.0,0.0777462,-10.8162,-0.231661,77.8162,0.17,1.0,38.0,50.0,0.2,100.0
traj_sweep_207,placement,1076.77,1278.42,835.506,835.506,712.0,712.0,0.775939,0.775939,739.0,23.0,23.0,4048.0,4048.0,895.936,13.2473,791.132,104.804,13.2473,378.0,0.713634,65.0,0.00391684,2.12227e-05,0.00288572,0.00682379,2915.62,2502940000.0,2502940000.0,0.0787703,-10.1664,-0.21953,1076.77,1278.42,835.506,835.506,712.0,712.0,0.775939,0.775939,739.0,23.0,23.0,4048.0,4048.0,0.00391684,2.12227e-05,0.00288572,0.00682379,0.755825,0.748382,53.0,2502940000.0,2502940000.0,0.0787703,-10.1664,-0.21953,1076.77,1278.42,835.506,835.506,712.0,712.0,4.6885,1.348,960.011,0.775939,0.775939,739.0,23.0,23.0,4048.0,4048.0,1276570.0,22.0,3.0,0.00391767,2.12227e-05,0.00290764,0.00684654,3553.91,0.786154,0.763055,53.0,2485070000.0,2485070000.0,0.0791,-10.2739,-0.222404,77.5939,0.18,1.0,38.0,50.0,0.2,100.0
traj_sweep_208,placement,1076.77,1278.42,835.506,835.506,712.0,712.0,0.775939,0.775939,739.0,23.0,23.0,4048.0,4048.0,895.936,13.2473,791.132,104.804,13.2473,378.0,0.713638,65.0,0.00371068,2.12227e-05,0.00273348,0.00646538,2915.98,2502680000.0,2502680000.0,0.080778,-9.67277,-0.209572,1076.77,1278.42,835.506,835.506,712.0,712.0,0.775939,0.775939,739.0,23.0,23.0,4048.0,4048.0,0.00371068,2.12227e-05,0.00273348,0.00646538,0.756972,0.748937,53.0,2502680000.0,2502680000.0,0.080778,-9.67277,-0.209572,1076.77,1278.42,835.506,835.506,712.0,712.0,5.056,1.2895,918.157,0.775939,0.775939,739.0,23.0,23.0,4048.0,4048.0,1220110.0,21.0,3.0,0.00371167,2.12227e-05,0.00275324,0.00648613,3526.04,0.775842,0.758069,53.0,2484250000.0,2484250000.0,0.08072,-9.79155,-0.212536,77.5939,0.19,1.0,38.0,50.0,0.2,100.0
traj_sweep_209,placement,1076.77,1278.42,834.974,834.974,711.0,711.0,0.775445,0.775445,738.0,23.0,23.0,4048.0,4048.0,895.404,13.1801,791.132,104.272,13.1801,379.0,0.7193,65.0,0.0035138,2.12246e-05,0.00259565,0.00613068,2924.94,2502430000.0,2502430000.0,0.0828218,-9.14868,-0.199611,1076.77,1278.42,834.974,834.974,711.0,711.0,0.775445,0.775445,738.0,23.0,23.0,4048.0,4048.0,0.0035138,2.12246e-05,0.00259565,0.00613068,0.771763,0.756097,53.0,2502430000.0,2502430000.0,0.0828218,-9.14868,-0.199611,1076.77,1278.42,834.974,834.974,711.0,711.0,5.335,1.269,902.301,0.775445,0.775445,738.0,23.0,23.0,4048.0,4048.0,1130190.0,19.0,4.0,0.00351491,2.12246e-05,0.00261502,0.00615115,3490.04,0.774027,0.757191,53.0,2484000000.0,2484000000.0,0.0828148,-9.25491,-0.202577,77.5445,0.2,1.0,38.0,50.0,0.2,100.0
traj_sweep_210,placement,1076.77,1278.42,832.58,832.58,708.0,708.0,0.773221,0.773221,735.0,23.0,23.0,4048.0,4048.0,893.01,12.8775,791.132,101.878,12.8775,376.0,0.701202,66.0,0.00332338,2.1157e-05,0.00246717,0.00581171,2913.92,2503540000.0,2503540000.0,0.0847914,-8.58268,-0.189435,1076.77,1278.42,832.58,832.58,708.0,708.0,0.773221,0.773221,735.0,23.0,23.0,4048.0,4048.0,0.00332338,2.1157e-05,0.00246717,0.00581171,0.76862,0.754577,53.0,2503540000.0,2503540000.0,0.0847914,-8.58268,-0.189435,1076.77,1278.42,832.58,832.58,708.0,708.0,4.276,1.2575,890.662,0.773221,0.773221,735.0,23.0,23.0,4048.0,4048.0,1146450.0,20.0,2.0,0.00332386,2.1157e-05,0.00248359,0.00582861,3487.14,0.76648,0.753541,53.0,2484330000.0,2484330000.0,0.0848952,-8.72379,-0.192523,77.3221,0.21,1.0,38.0,50.0,0.2,100.0
traj_sweep_211,placement,1076.77,1278.42,830.718,830.718,705.0,705.0,0.771492,0.771492,732.0,23.0,23.0,4048.0,4048.0,891.148,12.6421,791.132,100.016,12.6421,379.0,0.734526,66.0,0.00315413,2.11153e-05,0.00234778,0.00552303,2914.11,2501870000.0,2501870000.0,0.0868799,-8.07462,-0.179702,1076.77,1278.42,830.718,830.718,705.0,705.0,0.771492,0.771492,732.0,23.0,23.0,4048.0,4048.0,0.00315413,2.11153e-05,0.00234778,0.00552303,0.766883,0.753736,53.0,2501870000.0,2501870000.0,0.0868799,-8.07462,-0.179702,1076.77,1278.42,830.718,830.718,705.0,705.0,5.405,1.282,903.962,0.771492,0.771492,732.0,23.0,23.0,4048.0,4048.0,1173420.0,20.0,4.0,0.00315482,2.11153e-05,0.00236833,0.00554427,3500.82,0.774799,0.757565,53.0,2485180000.0,2485180000.0,0.0870924,-8.1763,-0.182385,77.1492,0.22,1.0,38.0,50.0,0.2,100.0
traj_sweep_212,placement,1076.77,1278.42,832.314,832.314,706.0,706.0,0.772974,0.772974,733.0,23.0,23.0,4048.0,4048.0,892.744,12.8439,791.132,101.612,12.8439,379.0,0.716815,67.0,0.00302706,2.11997e-05,0.0022496,0.00529786,2911.39,2495760000.0,2495760000.0,0.0886463,-7.53016,-0.170679,1076.77,1278.42,832.314,832.314,706.0,706.0,0.772974,0.772974,733.0,23.0,23.0,4048.0,4048.0,0.00302706,2.11997e-05,0.0022496,0.00529786,0.769668,0.755083,53.0,2495760000.0,2495760000.0,0.0886463,-7.53016,-0.170679,1076.77,1278.42,832.314,832.314,706.0,706.0,5.62,1.3015,919.091,0.772974,0.772974,733.0,23.0,23.0,4048.0,4048.0,1246710.0,21.0,4.0,0.00302764,2.11997e-05,0.00226803,0.00531687,3534.75,0.75516,0.74806,53.0,2471930000.0,2471930000.0,0.0886847,-7.66252,-0.174542,77.2974,0.23,1.0,38.0,50.0,0.2,100.0
traj_sweep_213,placement,1076.77,1278.42,835.772,835.772,712.0,712.0,0.776186,0.776186,739.0,23.0,23.0,4048.0,4048.0,896.169,13.4341,790.035,106.134,13.4341,372.0,0.707283,66.0,0.00290975,2.12588e-05,0.00216149,0.0050925,2918.16,2495710000.0,2495710000.0,0.0906492,-7.13124,-0.160688,1076.77,1278.42,835.772,835.772,712.0,712.0,0.776186,0.776186,739.0,23.0,23.0,4048.0,4048.0,0.00290975,2.12588e-05,0.00216149,0.0050925,0.779387,0.759784,52.0,2495710000.0,2495710000.0,0.0906492,-7.13124,-0.160688,1076.77,1278.42,835.772,835.772,712.0,712.0,6.3065,1.3505,961.746,0.776186,0.776186,739.0,23.0,23.0,4048.0,4048.0,1427450.0,24.0,5.0,0.00291008,2.12588e-05,0.00217777,0.00510911,3631.89,0.771557,0.755997,52.0,2473540000.0,2473540000.0,0.0907267,-7.27585,-0.164279,77.6186,0.24,1.0,38.0,50.0,0.2,100.0
traj_sweep_214,placement,1076.77,1278.42,827.526,827.526,711.0,711.0,0.768528,0.768528,738.0,23.0,23.0,4048.0,4048.0,888.475,13.2197,784.735,103.74,13.2197,375.0,0.72427,66.0,0.00277926,2.08669e-05,0.0020474,0.00484752,2925.08,2506480000.0,2506480000.0,0.0923091,-6.6275,-0.148966,1076.77,1278.42,827.526,827.526,711.0,711.0,0.768528,0.768528,738.0,23.0,23.0,4048.0,4048.0,0.00277926,2.08669e-05,0.0020474,0.00484752,0.740788,0.741106,51.0,2506480000.0,2506480000.0,0.0923091,-6.6275,-0.148966,1076.77,1278.42,827.526,827.526,711.0,711.0,5.5015,1.349,959.171,0.768528,0.768528,738.0,23.0,23.0,4048.0,4048.0,1165690.0,20.0,3.0,0.0027797,2.08669e-05,0.00206606,0.00486662,3507.92,0.743718,0.742523,51.0,2494110000.0,2494110000.0,0.0928891,-6.72652,-0.150944,76.8528,0.25,1.0,38.0,50.0,0.2,100.0
traj_sweep_215,placement,1076.77,1278.42,826.196,826.196,709.0,709.0,0.767292,0.767292,736.0,23.0,23.0,4048.0,4048.0,887.025,13.1674,783.817,103.208,13.1674,373.0,0.706494,64.0,0.0026498,2.08163e-05,0.00196859,0.00463921,2906.12,2489760000.0,2489760000.0,0.0946315,-6.10281,-0.141645,1076.77,1278.42,826.196,826.196,709.0,709.0,0.767292,0.767292,736.0,23.0,23.0,4048.0,4048.0,0.0026498,2.08163e-05,0.00196859,0.00463921,0.759616,0.750217,50.0,2489760000.0,2489760000.0,0.0946315,-6.10281,-0.141645,1076.77,1278.42,826.196,826.196,709.0,709.0,5.781,1.368,970.221,0.767292,0.767292,736.0,23.0,23.0,4048.0,4048.0,1248360.0,21.0,3.0,0.00264987,2.08163e-05,0.00198455,0.00465523,3530.3,0.761959,0.751353,50.0,2464880000.0,2464880000.0,0.0948005,-6.24526,-0.145699,76.7292,0.26,1.0,38.0,50.0,0.2,100.0
traj_sweep_216,placement,1076.77,1278.42,822.472,822.472,710.0,710.0,0.763834,0.763834,737.0,23.0,23.0,4048.0,4048.0,883.386,12.9976,781.774,101.612,12.9976,374.0,0.712297,68.0,0.0025397,2.05917e-05,0.00188833,0.00444863,2860.33,2491140000.0,2491140000.0,0.0965178,-5.74567,-0.131423,1076.77,1278.42,822.472,822.472,710.0,710.0,0.763834,0.763834,737.0,23.0,23.0,4048.0,4048.0,0.0025397,2.05917e-05,0.00188833,0.00444863,0.753921,0.747461,49.0,2491140000.0,2491140000.0,0.0965178,-5.74567,-0.131423,1076.77,1278.42,822.472,822.472,710.0,710.0,5.501,1.322,938.627,0.763834,0.763834,737.0,23.0,23.0,4048.0,4048.0,1225540.0,21.0,3.0,0.00254023,2.05917e-05,0.0019044,0.00446522,3473.1,0.75764,0.74926,49.0,2466460000.0,2466460000.0,0.0964875,-5.85826,-0.135439,76.3834,0.27,1.0,38.0,50.0,0.2,100.0
traj_sweep_217,placement,1076.77,1278.42,823.536,823.536,711.0,711.0,0.764822,0.764822,738.0,23.0,23.0,4048.0,4048.0,884.45,13.1337,781.774,102.676,13.1337,376.0,0.718272,68.0,0.00244768,2.06349e-05,0.00181855,0.00428686,2871.06,2484540000.0,2484540000.0,0.0983615,-5.26336,-0.122489,1076.77,1278.42,823.536,823.536,711.0,711.0,0.764822,0.764822,738.0,23.0,23.0,4048.0,4048.0,0.00244768,2.06349e-05,0.00181855,0.00428686,0.789292,0.764572,49.0,2484540000.0,2484540000.0,0.0983615,-5.26336,-0.122489,1076.77,1278.42,823.536,823.536,711.0,711.0,4.9025,1.3285,944.769,0.764822,0.764822,738.0,23.0,23.0,4048.0,4048.0,1220630.0,21.0,2.0,0.0024486,2.06349e-05,0.00183445,0.00430369,3481.37,0.789965,0.764898,49.0,2442210000.0,2442210000.0,0.0988796,-5.40333,-0.129464,76.4822,0.28,1.0,38.0,50.0,0.2,100.0
traj_sweep_218,placement,1076.77,1278.42,818.482,818.482,702.0,702.0,0.760128,0.760128,729.0,23.0,23.0,4048.0,4048.0,879.396,12.4872,781.774,97.622,12.4872,373.0,0.697093,65.0,0.00235573,2.06005e-05,0.001753,0.00412933,2890.52,2459180000.0,2459180000.0,0.10058,-4.80477,-0.116639,1076.77,1278.42,818.482,818.482,702.0,702.0,0.760128,0.760128,729.0,23.0,23.0,4048.0,4048.0,0.00235573,2.06005e-05,0.001753,0.00412933,0.765795,0.75321,49.0,2459180000.0,2459180000.0,0.10058,-4.80477,-0.116639,1076.77,1278.42,818.482,818.482,702.0,702.0,5.2705,1.2845,902.028,0.760128,0.760128,729.0,23.0,23.0,4048.0,4048.0,1161240.0,20.0,2.0,0.00235619,2.06005e-05,0.00176616,0.00414296,3471.13,0.774027,0.757192,49.0,2442440000.0,2442440000.0,0.101125,-4.90077,-0.119427,76.0128,0.29,1.0,38.0,50.0,0.2,100.0
traj_sweep_219,placement,1076.77,1278.42,818.216,818.216,703.0,703.0,0.759881,0.759881,730.0,23.0,23.0,4048.0,4048.0,879.13,12.4532,781.774,97.356,12.4532,374.0,0.698121,66.0,0.00229042,2.055e-05,0.00170174,0.00401271,2930.36,2488010000.0,2488010000.0,0.102494,-4.3351,-0.101927,1076.77,1278.42,818.216,818.216,703.0,703.0,0.759881,0.759881,730.0,23.0,23.0,4048.0,4048.0,0.00229042,2.055e-05,0.00170174,0.00401271,0.721931,0.72506,49.0,2488010000.0,2488010000.0,0.102494,-4.3351,-0.101927,1076.77,1278.42,818.216,818.216,703.0,703.0,6.1335,1.3265,932.586,0.759881,0.759881,730.0,23.0,23.0,4048.0,4048.0,1230530.0,21.0,4.0,0.0022908,2.055e-05,0.00171441,0.00402576,3545.62,0.72141,0.71763,49.0,2474260000.0,2474260000.0,0.1024,-4.42989,-0.104161,75.9881,0.3,1.0,38.0,50.0,0.2,100.0
traj_sweep_220,placement,1076.77,1278.42,813.694,813.694,704.0,704.0,0.755682,0.755682,731.0,23.0,23.0,4048.0,4048.0,875.8,12.545,778.178,97.622,12.545,372.0,0.716951,65.0,0.00220748,2.03812e-05,0.00162548,0.00385334,2798.91,2468660000.0,2468660000.0,0.104553,-3.87367,-0.0950781,1076.77,1278.42,813.694,813.694,704.0,704.0,0.755682,0.755682,731.0,23.0,23.0,4048.0,4048.0,0.00220748,2.03812e-05,0.00162548,0.00385334,0.754725,0.74785,48.0,2468660000.0,2468660000.0,0.104553,-3.87367,-0.0950781,1076.77,1278.42,813.694,813.694,704.0,704.0,5.25,1.3395,943.346,0.755682,0.755682,731.0,23.0,23.0,4048.0,4048.0,1348200.0,24.0,6.0,0.00220815,2.03812e-05,0.00164208,0.00387062,3473.01,0.763975,0.752329,48.0,2454300000.0,2454300000.0,0.105107,-4.00652,-0.0974479,75.5682,0.31,1.0,38.0,50.0,0.2,100.0
traj_sweep_221,placement,1076.77,1278.42,804.916,804.916,693.0,693.0,0.74753,0.74753,720.0,23.0,23.0,4048.0,4048.0,867.022,11.4169,778.178,88.844,11.4169,376.0,0.707363,66.0,0.00209775,2.01274e-05,0.00156171,0.00367959,2835.7,2496650000.0,2496650000.0,0.106358,-3.31344,-0.084481,1076.77,1278.42,804.916,804.916,693.0,693.0,0.74753,0.74753,720.0,23.0,23.0,4048.0,4048.0,0.00209775,2.01274e-05,0.00156171,0.00367959,0.760607,0.750696,48.0,2496650000.0,2496650000.0,0.106358,-3.31344,-0.084481,1076.77,1278.42,804.916,804.916,693.0,693.0,4.608,1.3505,936.081,0.74753,0.74753,720.0,23.0,23.0,4048.0,4048.0,1201620.0,21.0,4.0,0.00209825,2.01274e-05,0.00157658,0.00369496,3436.51,0.760274,0.750535,48.0,2476220000.0,2476220000.0,0.106896,-3.41434,-0.0843828,74.753,0.32,1.0,38.0,50.0,0.2,100.0
traj_sweep_222,placement,1076.77,1278.42,796.936,796.936,685.0,685.0,0.740119,0.740119,712.0,23.0,23.0,4048.0,4048.0,859.042,10.3915,778.178,80.864,10.3915,372.0,0.726176,69.0,0.00201355,1.98475e-05,0.00151631,0.00354971,2906.52,2478090000.0,2478090000.0,0.107378,-3.01323,-0.077181,1076.77,1278.42,796.936,796.936,685.0,685.0,0.740119,0.740119,712.0,23.0,23.0,4048.0,4048.0,0.00201355,1.98475e-05,0.00151631,0.00354971,0.785801,0.682511,47.0,2478090000.0,2478090000.0,0.107378,-3.01323,-0.077181,1076.77,1278.42,796.936,796.936,685.0,685.0,5.283,1.3555,928.736,0.740119,0.740119,712.0,23.0,23.0,4048.0,4048.0,1226450.0,21.0,3.0,0.00201395,1.98475e-05,0.00152682,0.00356062,3519.75,0.796764,0.675204,47.0,2465500000.0,2465500000.0,0.107687,-3.15266,-0.0784447,74.0119,0.33,1.0,38.0,50.0,0.2,100.0
traj_sweep_223,placement,1076.77,1278.42,792.148,792.148,689.0,689.0,0.735672,0.735672,716.0,23.0,23.0,4048.0,4048.0,856.742,10.7259,773.75,82.992,10.7259,367.0,0.736636,69.0,0.00194169,1.9581e-05,0.00144283,0.0034041,2796.06,2457760000.0,2457760000.0,0.107493,-2.66809,-0.0668749,1076.77,1278.42,792.148,792.148,689.0,689.0,0.735672,0.735672,716.0,23.0,23.0,4048.0,4048.0,0.00194169,1.9581e-05,0.00144283,0.0034041,0.804101,0.771726,48.0,2457760000.0,2457760000.0,0.107493,-2.66809,-0.0668749,1076.77,1278.42,792.148,792.148,689.0,689.0,5.4655,1.318,908.408,0.735672,0.735672,716.0,23.0,23.0,4048.0,4048.0,1237700.0,22.0,3.0,0.00194221,1.9581e-05,0.00145578,0.00341757,3414.91,0.793701,0.766702,48.0,2454790000.0,2454790000.0,0.107777,-2.75206,-0.0673675,73.5672,0.34,1.0,38.0,50.0,0.2,100.0
traj_sweep_224,placement,1076.77,1278.42,789.488,789.488,688.0,688.0,0.733202,0.733202,715.0,23.0,23.0,4048.0,4048.0,854.082,10.3822,773.75,80.332,10.3822,372.0,0.70467,69.0,0.00187381,1.94326e-05,0.00140006,0.0032933,2763.91,2463360000.0,2463360000.0,0.107026,-2.25733,-0.0559489,1076.77,1278.42,789.488,789.488,688.0,688.0,0.733202,0.733202,715.0,23.0,23.0,4048.0,4048.0,0.00187381,1.94326e-05,0.00140006,0.0032933,0.760222,0.750508,48.0,2463360000.0,2463360000.0,0.107026,-2.25733,-0.0559489,1076.77,1278.42,789.488,789.488,688.0,688.0,5.239,1.286,885.066,0.733202,0.733202,715.0,23.0,23.0,4048.0,4048.0,1058430.0,19.0,2.0,0.00187418,1.94326e-05,0.00141328,0.00330689,3293.12,0.755584,0.748261,48.0,2445000000.0,2445000000.0,0.108004,-2.36688,-0.0589974,73.3202,0.35,1.0,38.0,50.0,0.2,100.0
traj_sweep_225,placement,1076.77,1278.42,789.754,789.754,687.0,687.0,0.733449,0.733449,714.0,23.0,23.0,4048.0,4048.0,854.348,10.4165,773.75,80.598,10.4165,375.0,0.729327,69.0,0.00182482,1.94741e-05,0.00136153,0.00320583,2770.64,2440700000.0,2440700000.0,0.106988,-1.89864,-0.0497184,1076.77,1278.42,789.754,789.754,687.0,687.0,0.733449,0.733449,714.0,23.0,23.0,4048.0,4048.0,0.00182482,1.94741e-05,0.00136153,0.00320583,0.793736,0.766692,47.0,2440700000.0,2440700000.0,0.106988,-1.89864,-0.0497184,1076.77,1278.42,789.754,789.754,687.0,687.0,5.188,1.2475,857.341,0.733449,0.733449,714.0,23.0,23.0,4048.0,4048.0,1055620.0,19.0,2.0,0.00182512,1.94741e-05,0.00137178,0.00321637,3298.45,0.785137,0.762548,47.0,2442970000.0,2442970000.0,0.107139,-1.93785,-0.0493793,73.3449,0.36,1.0,38.0,50.0,0.2,100.0
traj_sweep_226,placement,1076.77,1278.42,786.828,786.828,685.0,685.0,0.730731,0.730731,712.0,23.0,23.0,4048.0,4048.0,851.985,10.1446,773.515,78.47,10.1446,374.0,0.72308,68.0,0.00176175,1.93979e-05,0.00131313,0.00309428,2773.52,2445890000.0,2445890000.0,0.106792,-1.36714,-0.0388489,1076.77,1278.42,786.828,786.828,685.0,685.0,0.730731,0.730731,712.0,23.0,23.0,4048.0,4048.0,0.00176175,1.93979e-05,0.00131313,0.00309428,0.7807,0.675954,47.0,2445890000.0,2445890000.0,0.106792,-1.36714,-0.0388489,1076.77,1278.42,786.828,786.828,685.0,685.0,6.909,1.274,872.736,0.730731,0.730731,712.0,23.0,23.0,4048.0,4048.0,1068910.0,19.0,2.0,0.00176226,1.93979e-05,0.00132721,0.00310887,3307.98,0.775914,0.673383,47.0,2455120000.0,2455120000.0,0.107362,-1.46105,-0.0419711,73.0731,0.37,1.0,38.0,50.0,0.2,100.0
traj_sweep_227,placement,1076.77,1278.42,785.232,785.232,687.0,687.0,0.729249,0.729249,714.0,23.0,23.0,4048.0,4048.0,851.631,10.1492,773.161,78.47,10.1492,369.0,0.70579,68.0,0.00172133,1.92943e-05,0.00127667,0.0030173,2784.27,2429380000.0,2429380000.0,0.107506,-0.923693,-0.0316276,1076.77,1278.42,785.232,785.232,687.0,687.0,0.729249,0.729249,714.0,23.0,23.0,4048.0,4048.0,0.00172133,1.92943e-05,0.00127667,0.0030173,0.784595,0.739281,46.0,2429380000.0,2429380000.0,0.107506,-0.923693,-0.0316276,1076.77,1278.42,785.232,785.232,687.0,687.0,4.3915,1.35,927.53,0.729249,0.729249,714.0,23.0,23.0,4048.0,4048.0,1136970.0,20.0,5.0,0.00172153,1.92943e-05,0.00128681,0.00302763,3352.76,0.783388,0.735654,46.0,2439020000.0,2439020000.0,0.107973,-0.989843,-0.0357411,72.9249,0.38,1.0,38.0,50.0,0.2,100.0
traj_sweep_228,placement,1076.77,1278.42,784.7,784.7,686.0,686.0,0.728755,0.728755,713.0,23.0,23.0,4048.0,4048.0,851.951,10.2209,772.949,79.002,10.2209,374.0,0.703711,70.0,0.00169109,1.93059e-05,0.00124728,0.00295768,2794.17,2441050000.0,2441050000.0,0.107327,-0.544298,-0.0251453,1076.77,1278.42,784.7,784.7,686.0,686.0,0.728755,0.728755,713.0,23.0,23.0,4048.0,4048.0,0.00169109,1.93059e-05,0.00124728,0.00295768,0.806358,0.647098,44.0,2441050000.0,2441050000.0,0.107327,-0.544298,-0.0251453,1076.77,1278.42,784.7,784.7,686.0,686.0,5.9565,1.299,891.142,0.728755,0.728755,713.0,23.0,23.0,4048.0,4048.0,1187820.0,21.0,3.0,0.00169154,1.93059e-05,0.001257,0.00296785,3388.08,0.788006,0.645379,44.0,2414590000.0,2414590000.0,0.107454,-0.579725,-0.0280977,72.8755,0.39,1.0,38.0,50.0,0.2,100.0
traj_sweep_229,placement,1076.77,1278.42,748.79,748.79,680.0,680.0,0.695405,0.695405,707.0,23.0,23.0,4048.0,4048.0,829.454,9.86524,754.974,74.48,9.86524,368.0,0.74122,71.0,0.00156759,1.79646e-05,0.00113834,0.00272389,2793.19,2429390000.0,2429390000.0,0.107626,-0.350376,-0.0181928,1076.77,1278.42,748.79,748.79,680.0,680.0,0.695405,0.695405,707.0,23.0,23.0,4048.0,4048.0,0.00156759,1.79646e-05,0.00113834,0.00272389,0.793363,0.715145,40.0,2429390000.0,2429390000.0,0.107626,-0.350376,-0.0181928,1076.77,1278.42,748.79,748.79,680.0,680.0,5.3235,1.2905,877.668,0.695405,0.695405,707.0,23.0,23.0,4048.0,4048.0,1003260.0,18.0,3.0,0.00156791,1.79646e-05,0.00114855,0.00273442,3294.82,0.809625,0.703786,42.0,2430520000.0,2430520000.0,0.107513,-0.372738,-0.0200754,69.5405,0.4,1.0,38.0,50.0,0.2,100.0
traj_sweep_230,placement,1076.77,1278.42,723.52,723.52,663.0,663.0,0.671937,0.671937,690.0,23.0,23.0,4048.0,4048.0,807.64,8.19602,746.46,61.18,8.19602,370.0,0.702066,71.0,0.00149086,1.70899e-05,0.00107467,0.00258262,2759.49,2415760000.0,2415760000.0,0.106957,-0.0498956,-0.00929792,1076.77,1278.42,723.52,723.52,663.0,663.0,0.671937,0.671937,690.0,23.0,23.0,4048.0,4048.0,0.00149086,1.70899e-05,0.00107467,0.00258262,0.780608,0.742535,8.0,2415760000.0,2415760000.0,0.106957,-0.0498956,-0.00929792,1076.77,1278.42,723.52,723.52,663.0,663.0,4.6135,1.251,829.707,0.671937,0.671937,690.0,23.0,23.0,4048.0,4048.0,1019530.0,18.0,2.0,0.00149106,1.70899e-05,0.00108,0.00258815,3269.26,0.795588,0.740316,20.0,2390680000.0,2390680000.0,0.107581,-0.0803907,-0.0138365,67.1937,0.41,1.0,38.0,50.0,0.2,100.0
traj_sweep_231,placement,1076.77,1278.42,704.368,704.368,646.0,646.0,0.65415,0.65415,673.0,23.0,23.0,4048.0,4048.0,788.488,5.63031,746.46,42.028,5.63031,369.0,0.688757,71.0,0.00142253,1.63928e-05,0.00104209,0.00248101,2732.2,2356320000.0,2356320000.0,0.107327,-0.0367595,-0.00439035,1076.77,1278.42,704.368,704.368,646.0,646.0,0.65415,0.65415,673.0,23.0,23.0,4048.0,4048.0,0.00142253,1.63928e-05,0.00104209,0.00248101,0.80097,0.622583,15.0,2356320000.0,2356320000.0,0.107327,-0.0367595,-0.00439035,1076.77,1278.42,704.368,704.368,646.0,646.0,3.798,1.233,796.536,0.65415,0.65415,673.0,23.0,23.0,4048.0,4048.0,990045.0,18.0,2.0,0.00142272,1.63928e-05,0.00104838,0.00248749,3227.23,0.77601,0.614902,18.0,2332030000.0,2332030000.0,0.10749,-0.0772121,-0.00881084,65.415,0.42,1.0,38.0,50.0,0.2,100.0
traj_sweep_232,placement,1076.77,1278.42,686.014,686.014,622.0,622.0,0.637105,0.637105,649.0,23.0,23.0,4048.0,4048.0,770.134,3.1715,746.46,23.674,3.1715,369.0,0.713591,72.0,0.00133503,1.59272e-05,0.0010032,0.00235416,2713.1,2343910000.0,2343910000.0,0.10698,-0.0033116,-0.00133848,1076.77,1278.42,686.014,686.014,622.0,622.0,0.637105,0.637105,649.0,23.0,23.0,4048.0,4048.0,0.00133503,1.59272e-05,0.0010032,0.00235416,0.779451,0.621461,3.0,2343910000.0,2343910000.0,0.10698,-0.0033116,-0.00133848,1076.77,1278.42,686.014,686.014,622.0,622.0,4.6235,1.255,780.864,0.637105,0.637105,649.0,23.0,23.0,4048.0,4048.0,907037.0,17.0,2.0,0.00133516,1.59272e-05,0.00100799,0.00235907,3166.61,0.790608,0.614883,3.0,2334110000.0,2334110000.0,0.107481,-0.00581893,-0.00361494,63.7105,0.43,1.0,38.0,50.0,0.2,100.0
traj_sweep_233,placement,1076.77,1278.42,675.64,675.64,611.0,611.0,0.62747,0.62747,638.0,23.0,23.0,4048.0,4048.0,759.76,1.78174,746.46,13.3,1.78174,376.0,0.717508,72.0,0.00126675,1.55778e-05,0.000972333,0.00225466,2749.5,2341240000.0,2341240000.0,0.106978,0.0,0.0085279,1076.77,1278.42,675.64,675.64,611.0,611.0,0.62747,0.62747,638.0,23.0,23.0,4048.0,4048.0,0.00126675,1.55778e-05,0.000972333,0.00225466,0.776386,0.612764,0.0,2341240000.0,2341240000.0,0.106978,0.0,0.0085279,1076.77,1278.42,675.64,675.64,611.0,611.0,3.77,1.2145,742.353,0.62747,0.62747,638.0,23.0,23.0,4048.0,4048.0,769883.0,14.0,1.0,0.00126693,1.55778e-05,0.000977819,0.00226033,3134.44,0.780532,0.612454,0.0,2334450000.0,2334450000.0,0.107618,0.0,0.0067773,62.747,0.44,1.0,38.0,50.0,0.2,100.0
traj_sweep_234,placement,1076.77,1278.42,673.512,673.512,609.0,609.0,0.625494,0.625494,636.0,23.0,23.0,4048.0,4048.0,757.632,1.49666,746.46,11.172,1.49666,377.0,0.700785,73.0,0.00122985,1.54905e-05,0.000948943,0.00219429,2803.65,2326600000.0,2326600000.0,0.107342,0.0,0.0166585,1076.77,1278.42,673.512,673.512,609.0,609.0,0.625494,0.625494,636.0,23.0,23.0,4048.0,4048.0,0.00122985,1.54905e-05,0.000948943,0.00219429,0.74802,0.616609,0.0,2326600000.0,2326600000.0,0.107342,0.0,0.0166585,1076.77,1278.42,673.512,673.512,609.0,609.0,4.238,1.266,771.15,0.625494,0.625494,636.0,23.0,23.0,4048.0,4048.0,790890.0,14.0,1.0,0.00122997,1.54905e-05,0.000952181,0.00219764,3199.09,0.755657,0.617557,0.0,2317970000.0,2317970000.0,0.108172,0.0,0.0120457,62.5494,0.45,1.0,38.0,50.0,0.2,100.0
traj_sweep_235,placement,1076.77,1278.42,671.65,671.65,606.0,606.0,0.623765,0.623765,633.0,23.0,23.0,4048.0,4048.0,755.77,1.24722,746.46,9.31,1.24722,374.0,0.708605,72.0,0.00119683,1.54467e-05,0.000924256,0.00213653,2735.06,2316100000.0,2316100000.0,0.107589,0.0,0.0155462,1076.77,1278.42,671.65,671.65,606.0,606.0,0.623765,0.623765,633.0,23.0,23.0,4048.0,4048.0,0.00119683,1.54467e-05,0.000924256,0.00213653,0.760254,0.620997,0.0,2316100000.0,2316100000.0,0.107589,0.0,0.0155462,1076.77,1278.42,671.65,671.65,606.0,606.0,5.0655,1.225,742.52,0.623765,0.623765,633.0,23.0,23.0,4048.0,4048.0,752768.0,14.0,1.0,0.00119713,1.54467e-05,0.000929885,0.00214247,3111.44,0.767821,0.622304,0.0,2313050000.0,2313050000.0,0.108065,0.0,0.0139368,62.3765,0.46,1.0,38.0,50.0,0.2,100.0
traj_sweep_236,placement,1076.77,1278.42,670.054,670.054,604.0,604.0,0.622283,0.622283,631.0,23.0,23.0,4048.0,4048.0,754.174,1.03341,746.46,7.714,1.03341,370.0,0.713027,73.0,0.00116858,1.54042e-05,0.000901304,0.00208529,2719.89,2294620000.0,2294620000.0,0.106999,0.0,0.0241899,1076.77,1278.42,670.054,670.054,604.0,604.0,0.622283,0.622283,631.0,23.0,23.0,4048.0,4048.0,0.00116858,1.54042e-05,0.000901304,0.00208529,0.773888,0.524136,0.0,2294620000.0,2294620000.0,0.106999,0.0,0.0241899,1076.77,1278.42,670.054,670.054,604.0,604.0,6.015,1.232,744.154,0.622283,0.622283,631.0,23.0,23.0,4048.0,4048.0,733257.0,13.0,1.0,0.00116865,1.54042e-05,0.000904861,0.00208891,3086.52,0.777801,0.528174,0.0,2298690000.0,2298690000.0,0.108072,0.0,0.0228211,62.2283,0.47,1.0,38.0,50.0,0.2,100.0
traj_sweep_237,placement,1076.77,1278.42,669.256,669.256,604.0,604.0,0.621542,0.621542,631.0,23.0,23.0,4048.0,4048.0,753.376,0.926506,746.46,6.916,0.926506,371.0,0.708539,72.0,0.00113981,1.53689e-05,0.000885249,0.00204043,2735.65,2289080000.0,2289080000.0,0.107629,0.0,0.0285108,1076.77,1278.42,669.256,669.256,604.0,604.0,0.621542,0.621542,631.0,23.0,23.0,4048.0,4048.0,0.00113981,1.53689e-05,0.000885249,0.00204043,0.795779,0.541864,0.0,2289080000.0,2289080000.0,0.107629,0.0,0.0285108,1076.77,1278.42,669.256,669.256,604.0,604.0,5.5785,1.2275,741.438,0.621542,0.621542,631.0,23.0,23.0,4048.0,4048.0,809004.0,15.0,2.0,0.00113969,1.53689e-05,0.000886621,0.00204168,3140.15,0.776793,0.543052,0.0,2288950000.0,2288950000.0,0.108235,0.0,0.026102,62.1542,0.48,1.0,38.0,50.0,0.2,100.0
traj_sweep_238,placement,1076.77,1278.42,666.596,666.596,602.0,602.0,0.619071,0.619071,629.0,23.0,23.0,4048.0,4048.0,750.716,0.570158,746.46,4.256,0.570158,380.0,0.706286,71.0,0.00111354,1.52579e-05,0.000869491,0.00199828,2689.16,2282520000.0,2282520000.0,0.10686,0.0,0.0403055,1076.77,1278.42,666.596,666.596,602.0,602.0,0.619071,0.619071,629.0,23.0,23.0,4048.0,4048.0,0.00111354,1.52579e-05,0.000869491,0.00199828,0.781495,0.628291,0.0,2282520000.0,2282520000.0,0.10686,0.0,0.0403055,1076.77,1278.42,666.596,666.596,602.0,602.0,3.8935,1.2585,757.774,0.619071,0.619071,629.0,23.0,23.0,4048.0,4048.0,844554.0,16.0,1.0,0.00111358,1.52579e-05,0.000870038,0.00199888,3111.44,0.776162,0.619543,0.0,2269050000.0,2269050000.0,0.107455,0.0,0.0389124,61.9071,0.49,1.0,38.0,50.0,0.2,100.0
traj_sweep_239,placement,1076.77,1278.42,666.596,666.596,602.0,602.0,0.619071,0.619071,629.0,23.0,23.0,4048.0,4048.0,750.716,0.570158,746.46,4.256,0.570158,375.0,0.704894,71.0,0.00109121,1.52579e-05,0.000850024,0.0019565,2669.4,2269210000.0,2269210000.0,0.107076,0.0,0.045763,1076.77,1278.42,666.596,666.596,602.0,602.0,0.619071,0.619071,629.0,23.0,23.0,4048.0,4048.0,0.00109121,1.52579e-05,0.000850024,0.0019565,0.776907,0.628491,0.0,2269210000.0,2269210000.0,0.107076,0.0,0.045763,1076.77,1278.42,666.596,666.596,602.0,602.0,4.4125,1.221,735.048,0.619071,0.619071,629.0,23.0,23.0,4048.0,4048.0,830371.0,16.0,2.0,0.00109135,1.52579e-05,0.000852915,0.00195952,3084.59,0.757792,0.628112,0.0,2255650000.0,2255650000.0,0.107941,0.0,0.0452241,61.9071,0.5,1.0,38.0,50.0,0.2,100.0
traj_sweep_240,placement,1076.77,1278.42,666.33,666.33,602.0,602.0,0.618824,0.618824,629.0,23.0,23.0,4048.0,4048.0,750.45,0.534523,746.46,3.99,0.534523,375.0,0.695823,72.0,0.00106907,1.5237e-05,0.000828031,0.00191234,2678.92,2210120000.0,2210120000.0,0.107082,0.0,0.057535,1076.77,1278.42,666.33,666.33,602.0,602.0,0.618824,0.618824,629.0,23.0,23.0,4048.0,4048.0,0.00106907,1.5237e-05,0.000828031,0.00191234,0.759092,0.606783,0.0,2210120000.0,2210120000.0,0.107082,0.0,0.057535,1076.77,1278.42,666.33,666.33,602.0,602.0,4.0,1.2625,760.158,0.618824,0.618824,629.0,23.0,23.0,4048.0,4048.0,771474.0,14.0,2.0,0.00106918,1.5237e-05,0.000833001,0.00191741,3064.66,0.782699,0.61243,0.0,2213170000.0,2213170000.0,0.107464,0.0,0.0557622,61.8824,0.51,1.0,38.0,50.0,0.2,100.0
traj_sweep_241,placement,1076.77,1278.42,666.596,666.596,602.0,602.0,0.619071,0.619071,629.0,23.0,23.0,4048.0,4048.0,750.716,0.570158,746.46,4.256,0.570158,375.0,0.693292,70.0,0.00105001,1.52594e-05,0.000819116,0.00188438,2716.0,2286780000.0,2286780000.0,0.107137,0.0,0.0645186,1076.77,1278.42,666.596,666.596,602.0,602.0,0.619071,0.619071,629.0,23.0,23.0,4048.0,4048.0,0.00105001,1.52594e-05,0.000819116,0.00188438,0.783777,0.627299,0.0,2286780000.0,2286780000.0,0.107137,0.0,0.0645186,1076.77,1278.42,666.596,666.596,602.0,602.0,4.0475,1.2435,748.743,0.619071,0.619071,629.0,23.0,23.0,4048.0,4048.0,770249.0,14.0,2.0,0.00105008,1.52594e-05,0.000820859,0.0018862,3101.12,0.793141,0.621339,0.0,2271980000.0,2271980000.0,0.10796,0.0,0.0631478,61.9071,0.52,1.0,38.0,50.0,0.2,100.0
traj_sweep_242,placement,1076.77,1278.42,666.596,666.596,602.0,602.0,0.619071,0.619071,629.0,23.0,23.0,4048.0,4048.0,750.716,0.570158,746.46,4.256,0.570158,374.0,0.706648,70.0,0.00102993,1.52594e-05,0.000801395,0.00184659,2695.81,2278370000.0,2278370000.0,0.106966,0.0,0.0676938,1076.77,1278.42,666.596,666.596,602.0,602.0,0.619071,0.619071,629.0,23.0,23.0,4048.0,4048.0,0.00102993,1.52594e-05,0.000801395,0.00184659,0.788523,0.625122,0.0,2278370000.0,2278370000.0,0.106966,0.0,0.0676938,1076.77,1278.42,666.596,666.596,602.0,602.0,3.9275,1.2615,759.659,0.619071,0.619071,629.0,23.0,23.0,4048.0,4048.0,804258.0,15.0,1.0,0.00102991,1.52594e-05,0.000803123,0.00184829,3097.93,0.805667,0.625643,0.0,2261850000.0,2261850000.0,0.107814,0.0,0.0692823,61.9071,0.53,1.0,38.0,50.0,0.2,100.0
traj_sweep_243,placement,1076.77,1278.42,666.596,666.596,602.0,602.0,0.619071,0.619071,629.0,23.0,23.0,4048.0,4048.0,750.716,0.570158,746.46,4.256,0.570158,374.0,0.686049,70.0,0.00101058,1.52594e-05,0.000780247,0.00180609,2687.03,2204030000.0,2204030000.0,0.107222,0.0,0.0811843,1076.77,1278.42,666.596,666.596,602.0,602.0,0.619071,0.619071,629.0,23.0,23.0,4048.0,4048.0,0.00101058,1.52594e-05,0.000780247,0.00180609,0.761247,0.610633,0.0,2204030000.0,2204030000.0,0.107222,0.0,0.0811843,1076.77,1278.42,666.596,666.596,602.0,602.0,3.818,1.258,757.372,0.619071,0.619071,629.0,23.0,23.0,4048.0,4048.0,744449.0,14.0,2.0,0.00101081,1.52594e-05,0.000785073,0.00181114,3059.26,0.777538,0.6163,0.0,2193620000.0,2193620000.0,0.107649,0.0,0.0792383,61.9071,0.54,1.0,38.0,50.0,0.2,100.0
traj_sweep_244,placement,1076.77,1278.42,666.33,666.33,602.0,602.0,0.618824,0.618824,629.0,23.0,23.0,4048.0,4048.0,750.45,0.534523,746.46,3.99,0.534523,373.0,0.704334,70.0,0.000991288,1.5237e-05,0.000765135,0.00177166,2716.11,2206710000.0,2206710000.0,0.106961,0.0,0.0891779,1076.77,1278.42,666.33,666.33,602.0,602.0,0.618824,0.618824,629.0,23.0,23.0,4048.0,4048.0,0.000991288,1.5237e-05,0.000765135,0.00177166,0.779854,0.617329,0.0,2206710000.0,2206710000.0,0.106961,0.0,0.0891779,1076.77,1278.42,666.33,666.33,602.0,602.0,4.4145,1.2475,751.177,0.618824,0.618824,629.0,23.0,23.0,4048.0,4048.0,791460.0,15.0,2.0,0.000991397,1.5237e-05,0.000769106,0.00177574,3111.84,0.777039,0.615888,0.0,2196330000.0,2196330000.0,0.107847,0.0,0.0882807,61.8824,0.55,1.0,38.0,50.0,0.2,100.0
traj_sweep_245,placement,1076.77,1278.42,665.532,665.532,601.0,601.0,0.618083,0.618083,628.0,23.0,23.0,4048.0,4048.0,749.652,0.427618,746.46,3.192,0.427618,373.0,0.694979,70.0,0.000974351,1.52173e-05,0.000751511,0.00174108,2711.49,2199160000.0,2199160000.0,0.106952,0.0,0.0970277,1076.77,1278.42,665.532,665.532,601.0,601.0,0.618083,0.618083,628.0,23.0,23.0,4048.0,4048.0,0.000974351,1.52173e-05,0.000751511,0.00174108,0.781041,0.555861,0.0,2199160000.0,2199160000.0,0.106952,0.0,0.0970277,1076.77,1278.42,665.532,665.532,601.0,601.0,4.7965,1.2775,767.861,0.618083,0.618083,628.0,23.0,23.0,4048.0,4048.0,817969.0,15.0,1.0,0.000974578,1.52173e-05,0.000756646,0.00174644,3120.48,0.783211,0.555066,0.0,2216690000.0,2216690000.0,0.107741,0.0,0.0942693,61.8083,0.56,1.0,38.0,50.0,0.2,100.0
traj_sweep_246,placement,1076.77,1278.42,665.532,665.532,601.0,601.0,0.618083,0.618083,628.0,23.0,23.0,4048.0,4048.0,749.652,0.427618,746.46,3.192,0.427618,373.0,0.694979,70.0,0.000957257,1.52173e-05,0.000738326,0.0017108,2711.49,2199160000.0,2199160000.0,0.106952,0.0,0.105028,1076.77,1278.42,665.532,665.532,601.0,601.0,0.618083,0.618083,628.0,23.0,23.0,4048.0,4048.0,0.000957257,1.52173e-05,0.000738326,0.0017108,0.781041,0.555861,0.0,2199160000.0,2199160000.0,0.106952,0.0,0.105028,1076.77,1278.42,665.532,665.532,601.0,601.0,4.7965,1.2775,767.861,0.618083,0.618083,628.0,23.0,23.0,4048.0,4048.0,817969.0,15.0,1.0,0.000957479,1.52173e-05,0.000743371,0.00171607,3120.48,0.783211,0.555066,0.0,2216690000.0,2216690000.0,0.107741,0.0,0.102269,61.8083,0.57,1.0,38.0,50.0,0.2,100.0
traj_sweep_247,placement,1076.77,1278.42,665.0,665.0,600.0,600.0,0.617589,0.617589,627.0,23.0,23.0,4048.0,4048.0,749.12,0.356349,746.46,2.66,0.356349,375.0,0.678675,71.0,0.00094159,1.52175e-05,0.000725099,0.00168191,2692.67,2201120000.0,2201120000.0,0.10706,0.0,0.112814,1076.77,1278.42,665.0,665.0,600.0,600.0,0.617589,0.617589,627.0,23.0,23.0,4048.0,4048.0,0.00094159,1.52175e-05,0.000725099,0.00168191,0.805662,0.476995,0.0,2201120000.0,2201120000.0,0.10706,0.0,0.112814,1076.77,1278.42,665.0,665.0,600.0,600.0,4.482,1.307,784.475,0.617589,0.617589,627.0,23.0,23.0,4048.0,4048.0,773021.0,14.0,3.0,0.000941816,1.52175e-05,0.000728482,0.00168552,3079.18,0.772985,0.479981,0.0,2211540000.0,2211540000.0,0.107598,0.0,0.111375,61.7589,0.58,1.0,38.0,50.0,0.2,100.0
traj_sweep_248,placement,1076.77,1278.42,665.0,665.0,600.0,600.0,0.617589,0.617589,627.0,23.0,23.0,4048.0,4048.0,749.12,0.356349,746.46,2.66,0.356349,374.0,0.697135,70.0,0.000925183,1.52175e-05,0.0007139,0.0016543,2708.35,2195300000.0,2195300000.0,0.106945,0.0,0.120927,1076.77,1278.42,665.0,665.0,600.0,600.0,0.617589,0.617589,627.0,23.0,23.0,4048.0,4048.0,0.000925183,1.52175e-05,0.0007139,0.0016543,0.780832,0.552578,0.0,2195300000.0,2195300000.0,0.106945,0.0,0.120927,1076.77,1278.42,665.0,665.0,600.0,600.0,4.3985,1.2475,748.779,0.617589,0.617589,627.0,23.0,23.0,4048.0,4048.0,798510.0,15.0,1.0,0.000925239,1.52175e-05,0.000718481,0.00165894,3107.61,0.793739,0.558289,0.0,2203710000.0,2203710000.0,0.107414,0.0,0.117854,61.7589,0.59,1.0,38.0,50.0,0.2,100.0
traj_sweep_249,placement,1076.77,1278.42,665.798,665.798,600.0,600.0,0.61833,0.61833,627.0,23.0,23.0,4048.0,4048.0,749.918,0.463253,746.46,3.458,0.463253,376.0,0.693021,70.0,0.000910361,1.5262e-05,0.000701221,0.00162684,2699.62,2207480000.0,2207480000.0,0.107079,0.0,0.128742,1076.77,1278.42,665.798,665.798,600.0,600.0,0.61833,0.61833,627.0,23.0,23.0,4048.0,4048.0,0.000910361,1.5262e-05,0.000701221,0.00162684,0.760498,0.553864,0.0,2207480000.0,2207480000.0,0.107079,0.0,0.128742,1076.77,1278.42,665.798,665.798,600.0,600.0,4.1775,1.2565,754.09,0.61833,0.61833,627.0,23.0,23.0,4048.0,4048.0,765080.0,14.0,1.0,0.000910546,1.5262e-05,0.000706644,0.00163245,3082.16,0.737633,0.555381,0.0,2213080000.0,2213080000.0,0.107399,0.0,0.125865,61.833,0.6,1.0,38.0,50.0,0.2,100.0
traj_sweep_250,placement,1076.77,1278.42,665.798,665.798,600.0,600.0,0.61833,0.61833,627.0,23.0,23.0,4048.0,4048.0,749.918,0.463253,746.46,3.458,0.463253,376.0,0.69283,70.0,0.000895437,1.5262e-05,0.000689629,0.00160033,2698.47,2207910000.0,2207910000.0,0.107082,0.0,0.136673,1076.77,1278.42,665.798,665.798,600.0,600.0,0.61833,0.61833,627.0,23.0,23.0,4048.0,4048.0,0.000895437,1.5262e-05,0.000689629,0.00160033,0.760264,0.554094,0.0,2207910000.0,2207910000.0,0.107082,0.0,0.136673,1076.77,1278.42,665.798,665.798,600.0,600.0,4.305,1.257,754.273,0.61833,0.61833,627.0,23.0,23.0,4048.0,4048.0,786179.0,15.0,1.0,0.000895804,1.5262e-05,0.000694222,0.00160529,3091.56,0.746471,0.553293,0.0,2213960000.0,2213960000.0,0.107961,0.0,0.135101,61.833,0.61,1.0,38.0,50.0,0.2,100.0
traj_sweep_251,placement,1076.77,1278.42,665.0,665.0,600.0,600.0,0.617589,0.617589,627.0,23.0,23.0,4048.0,4048.0,749.12,0.356349,746.46,2.66,0.356349,374.0,0.691376,67.0,0.000880659,1.52175e-05,0.000678072,0.00157395,2705.83,2211680000.0,2211680000.0,0.107034,0.0,0.145535,1076.77,1278.42,665.0,665.0,600.0,600.0,0.617589,0.617589,627.0,23.0,23.0,4048.0,4048.0,0.000880659,1.52175e-05,0.000678072,0.00157395,0.762737,0.553101,0.0,2211680000.0,2211680000.0,0.107034,0.0,0.145535,1076.77,1278.42,665.0,665.0,600.0,600.0,3.681,1.2475,748.683,0.617589,0.617589,627.0,23.0,23.0,4048.0,4048.0,781929.0,14.0,1.0,0.000880932,1.52175e-05,0.000683473,0.00157962,3096.8,0.767821,0.550712,0.0,2219030000.0,2219030000.0,0.107981,0.0,0.140749,61.7589,0.62,1.0,38.0,50.0,0.2,100.0
traj_sweep_252,placement,1076.77,1278.42,843.486,843.486,721.0,721.0,0.78335,0.78335,748.0,23.0,23.0,4048.0,4048.0,903.916,14.256,791.132,112.784,14.256,371.0,0.730149,64.0,0.00518238,2.14569e-05,0.00375436,0.0089582,2922.38,2504100000.0,2504100000.0,0.0707255,-12.261,-0.259345,1076.77,1278.42,843.486,843.486,721.0,721.0,0.78335,0.78335,748.0,23.0,23.0,4048.0,4048.0,0.00518238,2.14569e-05,0.00375436,0.0089582,0.753434,0.747225,53.0,2504100000.0,2504100000.0,0.0707255,-12.261,-0.259345,1076.77,1278.42,843.486,843.486,721.0,721.0,5.1425,1.315,948.243,0.78335,0.78335,748.0,23.0,23.0,4048.0,4048.0,1287510.0,22.0,5.0,0.00518293,2.14569e-05,0.00378663,0.00899102,3566.14,0.767749,0.754155,53.0,2473390000.0,2473390000.0,0.0710168,-12.3958,-0.264303,78.335,0.14,1.0,39.0,50.0,0.2,100.0
traj_sweep_253,placement,1076.77,1278.42,841.624,841.624,719.0,719.0,0.781621,0.781621,746.0,23.0,23.0,4048.0,4048.0,902.054,14.0207,791.132,110.922,14.0207,370.0,0.704469,65.0,0.00480793,2.14161e-05,0.00349398,0.00832333,2907.58,2505990000.0,2505990000.0,0.072749,-11.7383,-0.249043,1076.77,1278.42,841.624,841.624,719.0,719.0,0.781621,0.781621,746.0,23.0,23.0,4048.0,4048.0,0.00480793,2.14161e-05,0.00349398,0.00832333,0.758687,0.749767,53.0,2505990000.0,2505990000.0,0.072749,-11.7383,-0.249043,1076.77,1278.42,841.624,841.624,719.0,719.0,4.8725,1.3255,953.133,0.781621,0.781621,746.0,23.0,23.0,4048.0,4048.0,1285030.0,22.0,5.0,0.00480928,2.14161e-05,0.00352779,0.00835848,3550.1,0.756463,0.748691,53.0,2481860000.0,2481860000.0,0.0728213,-11.8779,-0.252924,78.1621,0.15,1.0,39.0,50.0,0.2,100.0
traj_sweep_254,placement,1076.77,1278.42,841.624,841.624,719.0,719.0,0.781621,0.781621,746.0,23.0,23.0,4048.0,4048.0,902.054,14.0207,791.132,110.922,14.0207,372.0,0.695239,65.0,0.0045079,2.1417e-05,0.00327454,0.00780386,2914.82,2503090000.0,2503090000.0,0.0748557,-11.2447,-0.239506,1076.77,1278.42,841.624,841.624,719.0,719.0,0.781621,0.781621,746.0,23.0,23.0,4048.0,4048.0,0.0045079,2.1417e-05,0.00327454,0.00780386,0.765023,0.752836,53.0,2503090000.0,2503090000.0,0.0748557,-11.2447,-0.239506,1076.77,1278.42,841.624,841.624,719.0,719.0,6.216,1.2615,907.064,0.781621,0.781621,746.0,23.0,23.0,4048.0,4048.0,1199360.0,21.0,4.0,0.00450863,2.1417e-05,0.00330406,0.00783411,3514.5,0.774834,0.757582,53.0,2481090000.0,2481090000.0,0.0744838,-11.3747,-0.243049,78.1621,0.16,1.0,39.0,50.0,0.2,100.0
traj_sweep_255,placement,1076.77,1278.42,837.9,837.9,715.0,715.0,0.778162,0.778162,742.0,23.0,23.0,4048.0,4048.0,898.33,13.5499,791.132,107.198,13.5499,379.0,0.716833,65.0,0.0041912,2.1286e-05,0.00307186,0.00728435,2923.74,2501640000.0,2501640000.0,0.0768685,-10.7012,-0.229738,1076.77,1278.42,837.9,837.9,715.0,715.0,0.778162,0.778162,742.0,23.0,23.0,4048.0,4048.0,0.0041912,2.1286e-05,0.00307186,0.00728435,0.775278,0.757796,53.0,2501640000.0,2501640000.0,0.0768685,-10.7012,-0.229738,1076.77,1278.42,837.9,837.9,715.0,715.0,4.813,1.27,908.406,0.778162,0.778162,742.0,23.0,23.0,4048.0,4048.0,1200060.0,21.0,6.0,0.00419188,2.1286e-05,0.00309598,0.00730914,3523.76,0.775914,0.758103,53.0,2489660000.0,2489660000.0,0.0777462,-10.8162,-0.231661,77.8162,0.17,1.0,39.0,50.0,0.2,100.0
traj_sweep_256,placement,1076.77,1278.42,835.506,835.506,712.0,712.0,0.775939,0.775939,739.0,23.0,23.0,4048.0,4048.0,895.936,13.2473,791.132,104.804,13.2473,378.0,0.713634,65.0,0.00391684,2.12227e-05,0.00288572,0.00682379,2915.62,2502940000.0,2502940000.0,0.0787703,-10.1664,-0.21953,1076.77,1278.42,835.506,835.506,712.0,712.0,0.775939,0.775939,739.0,23.0,23.0,4048.0,4048.0,0.00391684,2.12227e-05,0.00288572,0.00682379,0.755825,0.748382,53.0,2502940000.0,2502940000.0,0.0787703,-10.1664,-0.21953,1076.77,1278.42,835.506,835.506,712.0,712.0,4.6885,1.348,960.011,0.775939,0.775939,739.0,23.0,23.0,4048.0,4048.0,1276570.0,22.0,3.0,0.00391767,2.12227e-05,0.00290764,0.00684654,3553.91,0.786154,0.763055,53.0,2485070000.0,2485070000.0,0.0791,-10.2739,-0.222404,77.5939,0.18,1.0,39.0,50.0,0.2,100.0
traj_sweep_257,placement,1076.77,1278.42,835.506,835.506,712.0,712.0,0.775939,0.775939,739.0,23.0,23.0,4048.0,4048.0,895.936,13.2473,791.132,104.804,13.2473,378.0,0.713638,65.0,0.00371068,2.12227e-05,0.00273348,0.00646538,2915.98,2502680000.0,2502680000.0,0.080778,-9.67277,-0.209572,1076.77,1278.42,835.506,835.506,712.0,712.0,0.775939,0.775939,739.0,23.0,23.0,4048.0,4048.0,0.00371068,2.12227e-05,0.00273348,0.00646538,0.756972,0.748937,53.0,2502680000.0,2502680000.0,0.080778,-9.67277,-0.209572,1076.77,1278.42,835.506,835.506,712.0,712.0,5.056,1.2895,918.157,0.775939,0.775939,739.0,23.0,23.0,4048.0,4048.0,1220110.0,21.0,3.0,0.00371167,2.12227e-05,0.00275324,0.00648613,3526.04,0.775842,0.758069,53.0,2484250000.0,2484250000.0,0.08072,-9.79155,-0.212536,77.5939,0.19,1.0,39.0,50.0,0.2,100.0
traj_sweep_258,placement,1076.77,1278.42,834.974,834.974,711.0,711.0,0.775445,0.775445,738.0,23.0,23.0,4048.0,4048.0,895.404,13.1801,791.132,104.272,13.1801,379.0,0.7193,65.0,0.0035138,2.12246e-05,0.00259565,0.00613068,2924.94,2502430000.0,2502430000.0,0.0828218,-9.14868,-0.199611,1076.77,1278.42,834.974,834.974,711.0,711.0,0.775445,0.775445,738.0,23.0,23.0,4048.0,4048.0,0.0035138,2.12246e-05,0.00259565,0.00613068,0.771763,0.756097,53.0,2502430000.0,2502430000.0,0.0828218,-9.14868,-0.199611,1076.77,1278.42,834.974,834.974,711.0,711.0,5.335,1.269,902.301,0.775445,0.775445,738.0,23.0,23.0,4048.0,4048.0,1130190.0,19.0,4.0,0.00351491,2.12246e-05,0.00261502,0.00615115,3490.04,0.774027,0.757191,53.0,2484000000.0,2484000000.0,0.0828148,-9.25491,-0.202577,77.5445,0.2,1.0,39.0,50.0,0.2,100.0
traj_sweep_259,placement,1076.77,1278.42,832.58,832.58,708.0,708.0,0.773221,0.773221,735.0,23.0,23.0,4048.0,4048.0,893.01,12.8775,791.132,101.878,12.8775,376.0,0.701202,66.0,0.00332338,2.1157e-05,0.00246717,0.00581171,2913.92,2503540000.0,2503540000.0,0.0847914,-8.58268,-0.189435,1076.77,1278.42,832.58,832.58,708.0,708.0,0.773221,0.773221,735.0,23.0,23.0,4048.0,4048.0,0.00332338,2.1157e-05,0.00246717,0.00581171,0.76862,0.754577,53.0,2503540000.0,2503540000.0,0.0847914,-8.58268,-0.189435,1076.77,1278.42,832.58,832.58,708.0,708.0,4.276,1.2575,890.662,0.773221,0.773221,735.0,23.0,23.0,4048.0,4048.0,1146450.0,20.0,2.0,0.00332386,2.1157e-05,0.00248359,0.00582861,3487.14,0.76648,0.753541,53.0,2484330000.0,2484330000.0,0.0848952,-8.72379,-0.192523,77.3221,0.21,1.0,39.0,50.0,0.2,100.0
traj_sweep_260,placement,1076.77,1278.42,830.718,830.718,705.0,705.0,0.771492,0.771492,732.0,23.0,23.0,4048.0,4048.0,891.148,12.6421,791.132,100.016,12.6421,379.0,0.734526,66.0,0.00315413,2.11153e-05,0.00234778,0.00552303,2914.11,2501870000.0,2501870000.0,0.0868799,-8.07462,-0.179702,1076.77,1278.42,830.718,830.718,705.0,705.0,0.771492,0.771492,732.0,23.0,23.0,4048.0,4048.0,0.00315413,2.11153e-05,0.00234778,0.00552303,0.766883,0.753736,53.0,2501870000.0,2501870000.0,0.0868799,-8.07462,-0.179702,1076.77,1278.42,830.718,830.718,705.0,705.0,5.405,1.282,903.962,0.771492,0.771492,732.0,23.0,23.0,4048.0,4048.0,1173420.0,20.0,4.0,0.00315482,2.11153e-05,0.00236833,0.00554427,3500.82,0.774799,0.757565,53.0,2485180000.0,2485180000.0,0.0870924,-8.1763,-0.182385,77.1492,0.22,1.0,39.0,50.0,0.2,100.0
traj_sweep_261,placement,1076.77,1278.42,832.314,832.314,706.0,706.0,0.772974,0.772974,733.0,23.0,23.0,4048.0,4048.0,892.744,12.8439,791.132,101.612,12.8439,379.0,0.716815,67.0,0.00302706,2.11997e-05,0.0022496,0.00529786,2911.39,2495760000.0,2495760000.0,0.0886463,-7.53016,-0.170679,1076.77,1278.42,832.314,832.314,706.0,706.0,0.772974,0.772974,733.0,23.0,23.0,4048.0,4048.0,0.00302706,2.11997e-05,0.0022496,0.00529786,0.769668,0.755083,53.0,2495760000.0,2495760000.0,0.0886463,-7.53016,-0.170679,1076.77,1278.42,832.314,832.314,706.0,706.0,5.62,1.3015,919.091,0.772974,0.772974,733.0,23.0,23.0,4048.0,4048.0,1246710.0,21.0,4.0,0.00302764,2.11997e-05,0.00226803,0.00531687,3534.75,0.75516,0.74806,53.0,2471930000.0,2471930000.0,0.0886847,-7.66252,-0.174542,77.2974,0.23,1.0,39.0,50.0,0.2,100.0
traj_sweep_262,placement,1076.77,1278.42,835.772,835.772,712.0,712.0,0.776186,0.776186,739.0,23.0,23.0,4048.0,4048.0,896.169,13.4341,790.035,106.134,13.4341,372.0,0.707283,66.0,0.00290975,2.12588e-05,0.00216149,0.0050925,2918.16,2495710000.0,2495710000.0,0.0906492,-7.13124,-0.160688,1076.77,1278.42,835.772,835.772,712.0,712.0,0.776186,0.776186,739.0,23.0,23.0,4048.0,4048.0,0.00290975,2.12588e-05,0.00216149,0.0050925,0.779387,0.759784,52.0,2495710000.0,2495710000.0,0.0906492,-7.13124,-0.160688,1076.77,1278.42,835.772,835.772,712.0,712.0,6.3065,1.3505,961.746,0.776186,0.776186,739.0,23.0,23.0,4048.0,4048.0,1427450.0,24.0,5.0,0.00291008,2.12588e-05,0.00217777,0.00510911,3631.89,0.771557,0.755997,52.0,2473540000.0,2473540000.0,0.0907267,-7.27585,-0.164279,77.6186,0.24,1.0,39.0,50.0,0.2,100.0
traj_sweep_263,placement,1076.77,1278.42,827.526,827.526,711.0,711.0,0.768528,0.768528,738.0,23.0,23.0,4048.0,4048.0,888.475,13.2197,784.735,103.74,13.2197,375.0,0.72427,66.0,0.00277926,2.08669e-05,0.0020474,0.00484752,2925.08,2506480000.0,2506480000.0,0.0923091,-6.6275,-0.148966,1076.77,1278.42,827.526,827.526,711.0,711.0,0.768528,0.768528,738.0,23.0,23.0,4048.0,4048.0,0.00277926,2.08669e-05,0.0020474,0.00484752,0.740788,0.741106,51.0,2506480000.0,2506480000.0,0.0923091,-6.6275,-0.148966,1076.77,1278.42,827.526,827.526,711.0,711.0,5.5015,1.349,959.171,0.768528,0.768528,738.0,23.0,23.0,4048.0,4048.0,1165690.0,20.0,3.0,0.0027797,2.08669e-05,0.00206606,0.00486662,3507.92,0.743718,0.742523,51.0,2494110000.0,2494110000.0,0.0928891,-6.72652,-0.150944,76.8528,0.25,1.0,39.0,50.0,0.2,100.0
traj_sweep_264,placement,1076.77,1278.42,826.196,826.196,709.0,709.0,0.767292,0.767292,736.0,23.0,23.0,4048.0,4048.0,887.025,13.1674,783.817,103.208,13.1674,373.0,0.706494,64.0,0.0026498,2.08163e-05,0.00196859,0.00463921,2906.12,2489760000.0,2489760000.0,0.0946315,-6.10281,-0.141645,1076.77,1278.42,826.196,826.196,709.0,709.0,0.767292,0.767292,736.0,23.0,23.0,4048.0,4048.0,0.0026498,2.08163e-05,0.00196859,0.00463921,0.759616,0.750217,50.0,2489760000.0,2489760000.0,0.0946315,-6.10281,-0.141645,1076.77,1278.42,826.196,826.196,709.0,709.0,5.781,1.368,970.221,0.767292,0.767292,736.0,23.0,23.0,4048.0,4048.0,1248360.0,21.0,3.0,0.00264987,2.08163e-05,0.00198455,0.00465523,3530.3,0.761959,0.751353,50.0,2464880000.0,2464880000.0,0.0948005,-6.24526,-0.145699,76.7292,0.26,1.0,39.0,50.0,0.2,100.0
traj_sweep_265,placement,1076.77,1278.42,822.472,822.472,710.0,710.0,0.763834,0.763834,737.0,23.0,23.0,4048.0,4048.0,883.386,12.9976,781.774,101.612,12.9976,374.0,0.712297,68.0,0.0025397,2.05917e-05,0.00188833,0.00444863,2860.33,2491140000.0,2491140000.0,0.0965178,-5.74567,-0.131423,1076.77,1278.42,822.472,822.472,710.0,710.0,0.763834,0.763834,737.0,23.0,23.0,4048.0,4048.0,0.0025397,2.05917e-05,0.00188833,0.00444863,0.753921,0.747461,49.0,2491140000.0,2491140000.0,0.0965178,-5.74567,-0.131423,1076.77,1278.42,822.472,822.472,710.0,710.0,5.501,1.322,938.627,0.763834,0.763834,737.0,23.0,23.0,4048.0,4048.0,1225540.0,21.0,3.0,0.00254023,2.05917e-05,0.0019044,0.00446522,3473.1,0.75764,0.74926,49.0,2466460000.0,2466460000.0,0.0964875,-5.85826,-0.135439,76.3834,0.27,1.0,39.0,50.0,0.2,100.0
traj_sweep_266,placement,1076.77,1278.42,823.536,823.536,711.0,711.0,0.764822,0.764822,738.0,23.0,23.0,4048.0,4048.0,884.45,13.1337,781.774,102.676,13.1337,376.0,0.718272,68.0,0.00244768,2.06349e-05,0.00181855,0.00428686,2871.06,2484540000.0,2484540000.0,0.0983615,-5.26336,-0.122489,1076.77,1278.42,823.536,823.536,711.0,711.0,0.764822,0.764822,738.0,23.0,23.0,4048.0,4048.0,0.00244768,2.06349e-05,0.00181855,0.00428686,0.789292,0.764572,49.0,2484540000.0,2484540000.0,0.0983615,-5.26336,-0.122489,1076.77,1278.42,823.536,823.536,711.0,711.0,4.9025,1.3285,944.769,0.764822,0.764822,738.0,23.0,23.0,4048.0,4048.0,1220630.0,21.0,2.0,0.0024486,2.06349e-05,0.00183445,0.00430369,3481.37,0.789965,0.764898,49.0,2442210000.0,2442210000.0,0.0988796,-5.40333,-0.129464,76.4822,0.28,1.0,39.0,50.0,0.2,100.0
traj_sweep_267,placement,1076.77,1278.42,818.482,818.482,702.0,702.0,0.760128,0.760128,729.0,23.0,23.0,4048.0,4048.0,879.396,12.4872,781.774,97.622,12.4872,373.0,0.697093,65.0,0.00235573,2.06005e-05,0.001753,0.00412933,2890.52,2459180000.0,2459180000.0,0.10058,-4.80477,-0.116639,1076.77,1278.42,818.482,818.482,702.0,702.0,0.760128,0.760128,729.0,23.0,23.0,4048.0,4048.0,0.00235573,2.06005e-05,0.001753,0.00412933,0.765795,0.75321,49.0,2459180000.0,2459180000.0,0.10058,-4.80477,-0.116639,1076.77,1278.42,818.482,818.482,702.0,702.0,5.2705,1.2845,902.028,0.760128,0.760128,729.0,23.0,23.0,4048.0,4048.0,1161240.0,20.0,2.0,0.00235619,2.06005e-05,0.00176616,0.00414296,3471.13,0.774027,0.757192,49.0,2442440000.0,2442440000.0,0.101125,-4.90077,-0.119427,76.0128,0.29,1.0,39.0,50.0,0.2,100.0
traj_sweep_268,placement,1076.77,1278.42,818.216,818.216,703.0,703.0,0.759881,0.759881,730.0,23.0,23.0,4048.0,4048.0,879.13,12.4532,781.774,97.356,12.4532,374.0,0.698121,66.0,0.00229042,2.055e-05,0.00170174,0.00401271,2930.36,2488010000.0,2488010000.0,0.102494,-4.3351,-0.101927,1076.77,1278.42,818.216,818.216,703.0,703.0,0.759881,0.759881,730.0,23.0,23.0,4048.0,4048.0,0.00229042,2.055e-05,0.00170174,0.00401271,0.721931,0.72506,49.0,2488010000.0,2488010000.0,0.102494,-4.3351,-0.101927,1076.77,1278.42,818.216,818.216,703.0,703.0,6.1335,1.3265,932.586,0.759881,0.759881,730.0,23.0,23.0,4048.0,4048.0,1230530.0,21.0,4.0,0.0022908,2.055e-05,0.00171441,0.00402576,3545.62,0.72141,0.71763,49.0,2474260000.0,2474260000.0,0.1024,-4.42989,-0.104161,75.9881,0.3,1.0,39.0,50.0,0.2,100.0
traj_sweep_269,placement,1076.77,1278.42,813.694,813.694,704.0,704.0,0.755682,0.755682,731.0,23.0,23.0,4048.0,4048.0,875.8,12.545,778.178,97.622,12.545,372.0,0.716951,65.0,0.00220748,2.03812e-05,0.00162548,0.00385334,2798.91,2468660000.0,2468660000.0,0.104553,-3.87367,-0.0950781,1076.77,1278.42,813.694,813.694,704.0,704.0,0.755682,0.755682,731.0,23.0,23.0,4048.0,4048.0,0.00220748,2.03812e-05,0.00162548,0.00385334,0.754725,0.74785,48.0,2468660000.0,2468660000.0,0.104553,-3.87367,-0.0950781,1076.77,1278.42,813.694,813.694,704.0,704.0,5.25,1.3395,943.346,0.755682,0.755682,731.0,23.0,23.0,4048.0,4048.0,1348200.0,24.0,6.0,0.00220815,2.03812e-05,0.00164208,0.00387062,3473.01,0.763975,0.752329,48.0,2454300000.0,2454300000.0,0.105107,-4.00652,-0.0974479,75.5682,0.31,1.0,39.0,50.0,0.2,100.0
traj_sweep_270,placement,1076.77,1278.42,804.916,804.916,693.0,693.0,0.74753,0.74753,720.0,23.0,23.0,4048.0,4048.0,867.022,11.4169,778.178,88.844,11.4169,376.0,0.707363,66.0,0.00209775,2.01274e-05,0.00156171,0.00367959,2835.7,2496650000.0,2496650000.0,0.106358,-3.31344,-0.084481,1076.77,1278.42,804.916,804.916,693.0,693.0,0.74753,0.74753,720.0,23.0,23.0,4048.0,4048.0,0.00209775,2.01274e-05,0.00156171,0.00367959,0.760607,0.750696,48.0,2496650000.0,2496650000.0,0.106358,-3.31344,-0.084481,1076.77,1278.42,804.916,804.916,693.0,693.0,4.608,1.3505,936.081,0.74753,0.74753,720.0,23.0,23.0,4048.0,4048.0,1201620.0,21.0,4.0,0.00209825,2.01274e-05,0.00157658,0.00369496,3436.51,0.760274,0.750535,48.0,2476220000.0,2476220000.0,0.106896,-3.41434,-0.0843828,74.753,0.32,1.0,39.0,50.0,0.2,100.0
traj_sweep_271,placement,1076.77,1278.42,796.936,796.936,685.0,685.0,0.740119,0.740119,712.0,23.0,23.0,4048.0,4048.0,859.042,10.3915,778.178,80.864,10.3915,372.0,0.726176,69.0,0.00201355,1.98475e-05,0.00151631,0.00354971,2906.52,2478090000.0,2478090000.0,0.107378,-3.01323,-0.077181,1076.77,1278.42,796.936,796.936,685.0,685.0,0.740119,0.740119,712.0,23.0,23.0,4048.0,4048.0,0.00201355,1.98475e-05,0.00151631,0.00354971,0.785801,0.682511,47.0,2478090000.0,2478090000.0,0.107378,-3.01323,-0.077181,1076.77,1278.42,796.936,796.936,685.0,685.0,5.283,1.3555,928.736,0.740119,0.740119,712.0,23.0,23.0,4048.0,4048.0,1226450.0,21.0,3.0,0.00201395,1.98475e-05,0.00152682,0.00356062,3519.75,0.796764,0.675204,47.0,2465500000.0,2465500000.0,0.107687,-3.15266,-0.0784447,74.0119,0.33,1.0,39.0,50.0,0.2,100.0
traj_sweep_272,placement,1076.77,1278.42,792.148,792.148,689.0,689.0,0.735672,0.735672,716.0,23.0,23.0,4048.0,4048.0,856.742,10.7259,773.75,82.992,10.7259,367.0,0.736636,69.0,0.00194169,1.9581e-05,0.00144283,0.0034041,2796.06,2457760000.0,2457760000.0,0.107493,-2.66809,-0.0668749,1076.77,1278.42,792.148,792.148,689.0,689.0,0.735672,0.735672,716.0,23.0,23.0,4048.0,4048.0,0.00194169,1.9581e-05,0.00144283,0.0034041,0.804101,0.771726,48.0,2457760000.0,2457760000.0,0.107493,-2.66809,-0.0668749,1076.77,1278.42,792.148,792.148,689.0,689.0,5.4655,1.318,908.408,0.735672,0.735672,716.0,23.0,23.0,4048.0,4048.0,1237700.0,22.0,3.0,0.00194221,1.9581e-05,0.00145578,0.00341757,3414.91,0.793701,0.766702,48.0,2454790000.0,2454790000.0,0.107777,-2.75206,-0.0673675,73.5672,0.34,1.0,39.0,50.0,0.2,100.0
traj_sweep_273,placement,1076.77,1278.42,789.488,789.488,688.0,688.0,0.733202,0.733202,715.0,23.0,23.0,4048.0,4048.0,854.082,10.3822,773.75,80.332,10.3822,372.0,0.70467,69.0,0.00187381,1.94326e-05,0.00140006,0.0032933,2763.91,2463360000.0,2463360000.0,0.107026,-2.25733,-0.0559489,1076.77,1278.42,789.488,789.488,688.0,688.0,0.733202,0.733202,715.0,23.0,23.0,4048.0,4048.0,0.00187381,1.94326e-05,0.00140006,0.0032933,0.760222,0.750508,48.0,2463360000.0,2463360000.0,0.107026,-2.25733,-0.0559489,1076.77,1278.42,789.488,789.488,688.0,688.0,5.239,1.286,885.066,0.733202,0.733202,715.0,23.0,23.0,4048.0,4048.0,1058430.0,19.0,2.0,0.00187418,1.94326e-05,0.00141328,0.00330689,3293.12,0.755584,0.748261,48.0,2445000000.0,2445000000.0,0.108004,-2.36688,-0.0589974,73.3202,0.35,1.0,39.0,50.0,0.2,100.0
traj_sweep_274,placement,1076.77,1278.42,789.754,789.754,687.0,687.0,0.733449,0.733449,714.0,23.0,23.0,4048.0,4048.0,854.348,10.4165,773.75,80.598,10.4165,375.0,0.729327,69.0,0.00182482,1.94741e-05,0.00136153,0.00320583,2770.64,2440700000.0,2440700000.0,0.106988,-1.89864,-0.0497184,1076.77,1278.42,789.754,789.754,687.0,687.0,0.733449,0.733449,714.0,23.0,23.0,4048.0,4048.0,0.00182482,1.94741e-05,0.00136153,0.00320583,0.793736,0.766692,47.0,2440700000.0,2440700000.0,0.106988,-1.89864,-0.0497184,1076.77,1278.42,789.754,789.754,687.0,687.0,5.188,1.2475,857.341,0.733449,0.733449,714.0,23.0,23.0,4048.0,4048.0,1055620.0,19.0,2.0,0.00182512,1.94741e-05,0.00137178,0.00321637,3298.45,0.785137,0.762548,47.0,2442970000.0,2442970000.0,0.107139,-1.93785,-0.0493793,73.3449,0.36,1.0,39.0,50.0,0.2,100.0
traj_sweep_275,placement,1076.77,1278.42,786.828,786.828,685.0,685.0,0.730731,0.730731,712.0,23.0,23.0,4048.0,4048.0,851.985,10.1446,773.515,78.47,10.1446,374.0,0.72308,68.0,0.00176175,1.93979e-05,0.00131313,0.00309428,2773.52,2445890000.0,2445890000.0,0.106792,-1.36714,-0.0388489,1076.77,1278.42,786.828,786.828,685.0,685.0,0.730731,0.730731,712.0,23.0,23.0,4048.0,4048.0,0.00176175,1.93979e-05,0.00131313,0.00309428,0.7807,0.675954,47.0,2445890000.0,2445890000.0,0.106792,-1.36714,-0.0388489,1076.77,1278.42,786.828,786.828,685.0,685.0,6.909,1.274,872.736,0.730731,0.730731,712.0,23.0,23.0,4048.0,4048.0,1068910.0,19.0,2.0,0.00176226,1.93979e-05,0.00132721,0.00310887,3307.98,0.775914,0.673383,47.0,2455120000.0,2455120000.0,0.107362,-1.46105,-0.0419711,73.0731,0.37,1.0,39.0,50.0,0.2,100.0
traj_sweep_276,placement,1076.77,1278.42,785.232,785.232,687.0,687.0,0.729249,0.729249,714.0,23.0,23.0,4048.0,4048.0,851.631,10.1492,773.161,78.47,10.1492,369.0,0.70579,68.0,0.00172133,1.92943e-05,0.00127667,0.0030173,2784.27,2429380000.0,2429380000.0,0.107506,-0.923693,-0.0316276,1076.77,1278.42,785.232,785.232,687.0,687.0,0.729249,0.729249,714.0,23.0,23.0,4048.0,4048.0,0.00172133,1.92943e-05,0.00127667,0.0030173,0.784595,0.739281,46.0,2429380000.0,2429380000.0,0.107506,-0.923693,-0.0316276,1076.77,1278.42,785.232,785.232,687.0,687.0,4.3915,1.35,927.53,0.729249,0.729249,714.0,23.0,23.0,4048.0,4048.0,1136970.0,20.0,5.0,0.00172153,1.92943e-05,0.00128681,0.00302763,3352.76,0.783388,0.735654,46.0,2439020000.0,2439020000.0,0.107973,-0.989843,-0.0357411,72.9249,0.38,1.0,39.0,50.0,0.2,100.0
traj_sweep_277,placement,1076.77,1278.42,784.7,784.7,686.0,686.0,0.728755,0.728755,713.0,23.0,23.0,4048.0,4048.0,851.951,10.2209,772.949,79.002,10.2209,374.0,0.703711,70.0,0.00169109,1.93059e-05,0.00124728,0.00295768,2794.17,2441050000.0,2441050000.0,0.107327,-0.544298,-0.0251453,1076.77,1278.42,784.7,784.7,686.0,686.0,0.728755,0.728755,713.0,23.0,23.0,4048.0,4048.0,0.00169109,1.93059e-05,0.00124728,0.00295768,0.806358,0.647098,44.0,2441050000.0,2441050000.0,0.107327,-0.544298,-0.0251453,1076.77,1278.42,784.7,784.7,686.0,686.0,5.9565,1.299,891.142,0.728755,0.728755,713.0,23.0,23.0,4048.0,4048.0,1187820.0,21.0,3.0,0.00169154,1.93059e-05,0.001257,0.00296785,3388.08,0.788006,0.645379,44.0,2414590000.0,2414590000.0,0.107454,-0.579725,-0.0280977,72.8755,0.39,1.0,39.0,50.0,0.2,100.0
traj_sweep_278,placement,1076.77,1278.42,748.79,748.79,680.0,680.0,0.695405,0.695405,707.0,23.0,23.0,4048.0,4048.0,829.454,9.86524,754.974,74.48,9.86524,368.0,0.74122,71.0,0.00156759,1.79646e-05,0.00113834,0.00272389,2793.19,2429390000.0,2429390000.0,0.107626,-0.350376,-0.0181928,1076.77,1278.42,748.79,748.79,680.0,680.0,0.695405,0.695405,707.0,23.0,23.0,4048.0,4048.0,0.00156759,1.79646e-05,0.00113834,0.00272389,0.793363,0.715145,40.0,2429390000.0,2429390000.0,0.107626,-0.350376,-0.0181928,1076.77,1278.42,748.79,748.79,680.0,680.0,5.3235,1.2905,877.668,0.695405,0.695405,707.0,23.0,23.0,4048.0,4048.0,1003260.0,18.0,3.0,0.00156791,1.79646e-05,0.00114855,0.00273442,3294.82,0.809625,0.703786,42.0,2430520000.0,2430520000.0,0.107513,-0.372738,-0.0200754,69.5405,0.4,1.0,39.0,50.0,0.2,100.0
traj_sweep_279,placement,1076.77,1278.42,723.52,723.52,663.0,663.0,0.671937,0.671937,690.0,23.0,23.0,4048.0,4048.0,807.64,8.19602,746.46,61.18,8.19602,370.0,0.702066,71.0,0.00149086,1.70899e-05,0.00107467,0.00258262,2759.49,2415760000.0,2415760000.0,0.106957,-0.0498956,-0.00929792,1076.77,1278.42,723.52,723.52,663.0,663.0,0.671937,0.671937,690.0,23.0,23.0,4048.0,4048.0,0.00149086,1.70899e-05,0.00107467,0.00258262,0.780608,0.742535,8.0,2415760000.0,2415760000.0,0.106957,-0.0498956,-0.00929792,1076.77,1278.42,723.52,723.52,663.0,663.0,4.6135,1.251,829.707,0.671937,0.671937,690.0,23.0,23.0,4048.0,4048.0,1019530.0,18.0,2.0,0.00149106,1.70899e-05,0.00108,0.00258815,3269.26,0.795588,0.740316,20.0,2390680000.0,2390680000.0,0.107581,-0.0803907,-0.0138365,67.1937,0.41,1.0,39.0,50.0,0.2,100.0
traj_sweep_280,placement,1076.77,1278.42,704.368,704.368,646.0,646.0,0.65415,0.65415,673.0,23.0,23.0,4048.0,4048.0,788.488,5.63031,746.46,42.028,5.63031,369.0,0.688757,71.0,0.00142253,1.63928e-05,0.00104209,0.00248101,2732.2,2356320000.0,2356320000.0,0.107327,-0.0367595,-0.00439035,1076.77,1278.42,704.368,704.368,646.0,646.0,0.65415,0.65415,673.0,23.0,23.0,4048.0,4048.0,0.00142253,1.63928e-05,0.00104209,0.00248101,0.80097,0.622583,15.0,2356320000.0,2356320000.0,0.107327,-0.0367595,-0.00439035,1076.77,1278.42,704.368,704.368,646.0,646.0,3.798,1.233,796.536,0.65415,0.65415,673.0,23.0,23.0,4048.0,4048.0,990045.0,18.0,2.0,0.00142272,1.63928e-05,0.00104838,0.00248749,3227.23,0.77601,0.614902,18.0,2332030000.0,2332030000.0,0.10749,-0.0772121,-0.00881084,65.415,0.42,1.0,39.0,50.0,0.2,100.0
traj_sweep_281,placement,1076.77,1278.42,686.014,686.014,622.0,622.0,0.637105,0.637105,649.0,23.0,23.0,4048.0,4048.0,770.134,3.1715,746.46,23.674,3.1715,369.0,0.713591,72.0,0.00133503,1.59272e-05,0.0010032,0.00235416,2713.1,2343910000.0,2343910000.0,0.10698,-0.0033116,-0.00133848,1076.77,1278.42,686.014,686.014,622.0,622.0,0.637105,0.637105,649.0,23.0,23.0,4048.0,4048.0,0.00133503,1.59272e-05,0.0010032,0.00235416,0.779451,0.621461,3.0,2343910000.0,2343910000.0,0.10698,-0.0033116,-0.00133848,1076.77,1278.42,686.014,686.014,622.0,622.0,4.6235,1.255,780.864,0.637105,0.637105,649.0,23.0,23.0,4048.0,4048.0,907037.0,17.0,2.0,0.00133516,1.59272e-05,0.00100799,0.00235907,3166.61,0.790608,0.614883,3.0,2334110000.0,2334110000.0,0.107481,-0.00581893,-0.00361494,63.7105,0.43,1.0,39.0,50.0,0.2,100.0
traj_sweep_282,placement,1076.77,1278.42,675.64,675.64,611.0,611.0,0.62747,0.62747,638.0,23.0,23.0,4048.0,4048.0,759.76,1.78174,746.46,13.3,1.78174,376.0,0.717508,72.0,0.00126675,1.55778e-05,0.000972333,0.00225466,2749.5,2341240000.0,2341240000.0,0.106978,0.0,0.0085279,1076.77,1278.42,675.64,675.64,611.0,611.0,0.62747,0.62747,638.0,23.0,23.0,4048.0,4048.0,0.00126675,1.55778e-05,0.000972333,0.00225466,0.776386,0.612764,0.0,2341240000.0,2341240000.0,0.106978,0.0,0.0085279,1076.77,1278.42,675.64,675.64,611.0,611.0,3.77,1.2145,742.353,0.62747,0.62747,638.0,23.0,23.0,4048.0,4048.0,769883.0,14.0,1.0,0.00126693,1.55778e-05,0.000977819,0.00226033,3134.44,0.780532,0.612454,0.0,2334450000.0,2334450000.0,0.107618,0.0,0.0067773,62.747,0.44,1.0,39.0,50.0,0.2,100.0
traj_sweep_283,placement,1076.77,1278.42,673.512,673.512,609.0,609.0,0.625494,0.625494,636.0,23.0,23.0,4048.0,4048.0,757.632,1.49666,746.46,11.172,1.49666,377.0,0.700785,73.0,0.00122985,1.54905e-05,0.000948943,0.00219429,2803.65,2326600000.0,2326600000.0,0.107342,0.0,0.0166585,1076.77,1278.42,673.512,673.512,609.0,609.0,0.625494,0.625494,636.0,23.0,23.0,4048.0,4048.0,0.00122985,1.54905e-05,0.000948943,0.00219429,0.74802,0.616609,0.0,2326600000.0,2326600000.0,0.107342,0.0,0.0166585,1076.77,1278.42,673.512,673.512,609.0,609.0,4.238,1.266,771.15,0.625494,0.625494,636.0,23.0,23.0,4048.0,4048.0,790890.0,14.0,1.0,0.00122997,1.54905e-05,0.000952181,0.00219764,3199.09,0.755657,0.617557,0.0,2317970000.0,2317970000.0,0.108172,0.0,0.0120457,62.5494,0.45,1.0,39.0,50.0,0.2,100.0
traj_sweep_284,placement,1076.77,1278.42,671.65,671.65,606.0,606.0,0.623765,0.623765,633.0,23.0,23.0,4048.0,4048.0,755.77,1.24722,746.46,9.31,1.24722,374.0,0.708605,72.0,0.00119683,1.54467e-05,0.000924256,0.00213653,2735.06,2316100000.0,2316100000.0,0.107589,0.0,0.0155462,1076.77,1278.42,671.65,671.65,606.0,606.0,0.623765,0.623765,633.0,23.0,23.0,4048.0,4048.0,0.00119683,1.54467e-05,0.000924256,0.00213653,0.760254,0.620997,0.0,2316100000.0,2316100000.0,0.107589,0.0,0.0155462,1076.77,1278.42,671.65,671.65,606.0,606.0,5.0655,1.225,742.52,0.623765,0.623765,633.0,23.0,23.0,4048.0,4048.0,752768.0,14.0,1.0,0.00119713,1.54467e-05,0.000929885,0.00214247,3111.44,0.767821,0.622304,0.0,2313050000.0,2313050000.0,0.108065,0.0,0.0139368,62.3765,0.46,1.0,39.0,50.0,0.2,100.0
traj_sweep_285,placement,1076.77,1278.42,670.054,670.054,604.0,604.0,0.622283,0.622283,631.0,23.0,23.0,4048.0,4048.0,754.174,1.03341,746.46,7.714,1.03341,370.0,0.713027,73.0,0.00116858,1.54042e-05,0.000901304,0.00208529,2719.89,2294620000.0,2294620000.0,0.106999,0.0,0.0241899,1076.77,1278.42,670.054,670.054,604.0,604.0,0.622283,0.622283,631.0,23.0,23.0,4048.0,4048.0,0.00116858,1.54042e-05,0.000901304,0.00208529,0.773888,0.524136,0.0,2294620000.0,2294620000.0,0.106999,0.0,0.0241899,1076.77,1278.42,670.054,670.054,604.0,604.0,6.015,1.232,744.154,0.622283,0.622283,631.0,23.0,23.0,4048.0,4048.0,733257.0,13.0,1.0,0.00116865,1.54042e-05,0.000904861,0.00208891,3086.52,0.777801,0.528174,0.0,2298690000.0,2298690000.0,0.108072,0.0,0.0228211,62.2283,0.47,1.0,39.0,50.0,0.2,100.0
traj_sweep_286,placement,1076.77,1278.42,669.256,669.256,604.0,604.0,0.621542,0.621542,631.0,23.0,23.0,4048.0,4048.0,753.376,0.926506,746.46,6.916,0.926506,371.0,0.708539,72.0,0.00113981,1.53689e-05,0.000885249,0.00204043,2735.65,2289080000.0,2289080000.0,0.107629,0.0,0.0285108,1076.77,1278.42,669.256,669.256,604.0,604.0,0.621542,0.621542,631.0,23.0,23.0,4048.0,4048.0,0.00113981,1.53689e-05,0.000885249,0.00204043,0.795779,0.541864,0.0,2289080000.0,2289080000.0,0.107629,0.0,0.0285108,1076.77,1278.42,669.256,669.256,604.0,604.0,5.5785,1.2275,741.438,0.621542,0.621542,631.0,23.0,23.0,4048.0,4048.0,809004.0,15.0,2.0,0.00113969,1.53689e-05,0.000886621,0.00204168,3140.15,0.776793,0.543052,0.0,2288950000.0,2288950000.0,0.108235,0.0,0.026102,62.1542,0.48,1.0,39.0,50.0,0.2,100.0
traj_sweep_287,placement,1076.77,1278.42,666.596,666.596,602.0,602.0,0.619071,0.619071,629.0,23.0,23.0,4048.0,4048.0,750.716,0.570158,746.46,4.256,0.570158,380.0,0.706286,71.0,0.00111354,1.52579e-05,0.000869491,0.00199828,2689.16,2282520000.0,2282520000.0,0.10686,0.0,0.0403055,1076.77,1278.42,666.596,666.596,602.0,602.0,0.619071,0.619071,629.0,23.0,23.0,4048.0,4048.0,0.00111354,1.52579e-05,0.000869491,0.00199828,0.781495,0.628291,0.0,2282520000.0,2282520000.0,0.10686,0.0,0.0403055,1076.77,1278.42,666.596,666.596,602.0,602.0,3.8935,1.2585,757.774,0.619071,0.619071,629.0,23.0,23.0,4048.0,4048.0,844554.0,16.0,1.0,0.00111358,1.52579e-05,0.000870038,0.00199888,3111.44,0.776162,0.619543,0.0,2269050000.0,2269050000.0,0.107455,0.0,0.0389124,61.9071,0.49,1.0,39.0,50.0,0.2,100.0
traj_sweep_288,placement,1076.77,1278.42,666.596,666.596,602.0,602.0,0.619071,0.619071,629.0,23.0,23.0,4048.0,4048.0,750.716,0.570158,746.46,4.256,0.570158,375.0,0.704894,71.0,0.00109121,1.52579e-05,0.000850024,0.0019565,2669.4,2269210000.0,2269210000.0,0.107076,0.0,0.045763,1076.77,1278.42,666.596,666.596,602.0,602.0,0.619071,0.619071,629.0,23.0,23.0,4048.0,4048.0,0.00109121,1.52579e-05,0.000850024,0.0019565,0.776907,0.628491,0.0,2269210000.0,2269210000.0,0.107076,0.0,0.045763,1076.77,1278.42,666.596,666.596,602.0,602.0,4.4125,1.221,735.048,0.619071,0.619071,629.0,23.0,23.0,4048.0,4048.0,830371.0,16.0,2.0,0.00109135,1.52579e-05,0.000852915,0.00195952,3084.59,0.757792,0.628112,0.0,2255650000.0,2255650000.0,0.107941,0.0,0.0452241,61.9071,0.5,1.0,39.0,50.0,0.2,100.0
traj_sweep_289,placement,1076.77,1278.42,666.33,666.33,602.0,602.0,0.618824,0.618824,629.0,23.0,23.0,4048.0,4048.0,750.45,0.534523,746.46,3.99,0.534523,375.0,0.695823,72.0,0.00106907,1.5237e-05,0.000828031,0.00191234,2678.92,2210120000.0,2210120000.0,0.107082,0.0,0.057535,1076.77,1278.42,666.33,666.33,602.0,602.0,0.618824,0.618824,629.0,23.0,23.0,4048.0,4048.0,0.00106907,1.5237e-05,0.000828031,0.00191234,0.759092,0.606783,0.0,2210120000.0,2210120000.0,0.107082,0.0,0.057535,1076.77,1278.42,666.33,666.33,602.0,602.0,4.0,1.2625,760.158,0.618824,0.618824,629.0,23.0,23.0,4048.0,4048.0,771474.0,14.0,2.0,0.00106918,1.5237e-05,0.000833001,0.00191741,3064.66,0.782699,0.61243,0.0,2213170000.0,2213170000.0,0.107464,0.0,0.0557622,61.8824,0.51,1.0,39.0,50.0,0.2,100.0
traj_sweep_290,placement,1076.77,1278.42,666.596,666.596,602.0,602.0,0.619071,0.619071,629.0,23.0,23.0,4048.0,4048.0,750.716,0.570158,746.46,4.256,0.570158,375.0,0.693292,70.0,0.00105001,1.52594e-05,0.000819116,0.00188438,2716.0,2286780000.0,2286780000.0,0.107137,0.0,0.0645186,1076.77,1278.42,666.596,666.596,602.0,602.0,0.619071,0.619071,629.0,23.0,23.0,4048.0,4048.0,0.00105001,1.52594e-05,0.000819116,0.00188438,0.783777,0.627299,0.0,2286780000.0,2286780000.0,0.107137,0.0,0.0645186,1076.77,1278.42,666.596,666.596,602.0,602.0,4.0475,1.2435,748.743,0.619071,0.619071,629.0,23.0,23.0,4048.0,4048.0,770249.0,14.0,2.0,0.00105008,1.52594e-05,0.000820859,0.0018862,3101.12,0.793141,0.621339,0.0,2271980000.0,2271980000.0,0.10796,0.0,0.0631478,61.9071,0.52,1.0,39.0,50.0,0.2,100.0
traj_sweep_291,placement,1076.77,1278.42,666.596,666.596,602.0,602.0,0.619071,0.619071,629.0,23.0,23.0,4048.0,4048.0,750.716,0.570158,746.46,4.256,0.570158,374.0,0.706648,70.0,0.00102993,1.52594e-05,0.000801395,0.00184659,2695.81,2278370000.0,2278370000.0,0.106966,0.0,0.0676938,1076.77,1278.42,666.596,666.596,602.0,602.0,0.619071,0.619071,629.0,23.0,23.0,4048.0,4048.0,0.00102993,1.52594e-05,0.000801395,0.00184659,0.788523,0.625122,0.0,2278370000.0,2278370000.0,0.106966,0.0,0.0676938,1076.77,1278.42,666.596,666.596,602.0,602.0,3.9275,1.2615,759.659,0.619071,0.619071,629.0,23.0,23.0,4048.0,4048.0,804258.0,15.0,1.0,0.00102991,1.52594e-05,0.000803123,0.00184829,3097.93,0.805667,0.625643,0.0,2261850000.0,2261850000.0,0.107814,0.0,0.0692823,61.9071,0.53,1.0,39.0,50.0,0.2,100.0
traj_sweep_292,placement,1076.77,1278.42,666.596,666.596,602.0,602.0,0.619071,0.619071,629.0,23.0,23.0,4048.0,4048.0,750.716,0.570158,746.46,4.256,0.570158,374.0,0.686049,70.0,0.00101058,1.52594e-05,0.000780247,0.00180609,2687.03,2204030000.0,2204030000.0,0.107222,0.0,0.0811843,1076.77,1278.42,666.596,666.596,602.0,602.0,0.619071,0.619071,629.0,23.0,23.0,4048.0,4048.0,0.00101058,1.52594e-05,0.000780247,0.00180609,0.761247,0.610633,0.0,2204030000.0,2204030000.0,0.107222,0.0,0.0811843,1076.77,1278.42,666.596,666.596,602.0,602.0,3.818,1.258,757.372,0.619071,0.619071,629.0,23.0,23.0,4048.0,4048.0,744449.0,14.0,2.0,0.00101081,1.52594e-05,0.000785073,0.00181114,3059.26,0.777538,0.6163,0.0,2193620000.0,2193620000.0,0.107649,0.0,0.0792383,61.9071,0.54,1.0,39.0,50.0,0.2,100.0
traj_sweep_293,placement,1076.77,1278.42,666.33,666.33,602.0,602.0,0.618824,0.618824,629.0,23.0,23.0,4048.0,4048.0,750.45,0.534523,746.46,3.99,0.534523,373.0,0.704334,70.0,0.000991288,1.5237e-05,0.000765135,0.00177166,2716.11,2206710000.0,2206710000.0,0.106961,0.0,0.0891779,1076.77,1278.42,666.33,666.33,602.0,602.0,0.618824,0.618824,629.0,23.0,23.0,4048.0,4048.0,0.000991288,1.5237e-05,0.000765135,0.00177166,0.779854,0.617329,0.0,2206710000.0,2206710000.0,0.106961,0.0,0.0891779,1076.77,1278.42,666.33,666.33,602.0,602.0,4.4145,1.2475,751.177,0.618824,0.618824,629.0,23.0,23.0,4048.0,4048.0,791460.0,15.0,2.0,0.000991397,1.5237e-05,0.000769106,0.00177574,3111.84,0.777039,0.615888,0.0,2196330000.0,2196330000.0,0.107847,0.0,0.0882807,61.8824,0.55,1.0,39.0,50.0,0.2,100.0
traj_sweep_294,placement,1076.77,1278.42,665.532,665.532,601.0,601.0,0.618083,0.618083,628.0,23.0,23.0,4048.0,4048.0,749.652,0.427618,746.46,3.192,0.427618,373.0,0.694979,70.0,0.000974351,1.52173e-05,0.000751511,0.00174108,2711.49,2199160000.0,2199160000.0,0.106952,0.0,0.0970277,1076.77,1278.42,665.532,665.532,601.0,601.0,0.618083,0.618083,628.0,23.0,23.0,4048.0,4048.0,0.000974351,1.52173e-05,0.000751511,0.00174108,0.781041,0.555861,0.0,2199160000.0,2199160000.0,0.106952,0.0,0.0970277,1076.77,1278.42,665.532,665.532,601.0,601.0,4.7965,1.2775,767.861,0.618083,0.618083,628.0,23.0,23.0,4048.0,4048.0,817969.0,15.0,1.0,0.000974578,1.52173e-05,0.000756646,0.00174644,3120.48,0.783211,0.555066,0.0,2216690000.0,2216690000.0,0.107741,0.0,0.0942693,61.8083,0.56,1.0,39.0,50.0,0.2,100.0
traj_sweep_295,placement,1076.77,1278.42,665.532,665.532,601.0,601.0,0.618083,0.618083,628.0,23.0,23.0,4048.0,4048.0,749.652,0.427618,746.46,3.192,0.427618,373.0,0.694979,70.0,0.000957257,1.52173e-05,0.000738326,0.0017108,2711.49,2199160000.0,2199160000.0,0.106952,0.0,0.105028,1076.77,1278.42,665.532,665.532,601.0,601.0,0.618083,0.618083,628.0,23.0,23.0,4048.0,4048.0,0.000957257,1.52173e-05,0.000738326,0.0017108,0.781041,0.555861,0.0,2199160000.0,2199160000.0,0.106952,0.0,0.105028,1076.77,1278.42,665.532,665.532,601.0,601.0,4.7965,1.2775,767.861,0.618083,0.618083,628.0,23.0,23.0,4048.0,4048.0,817969.0,15.0,1.0,0.000957479,1.52173e-05,0.000743371,0.00171607,3120.48,0.783211,0.555066,0.0,2216690000.0,2216690000.0,0.107741,0.0,0.102269,61.8083,0.57,1.0,39.0,50.0,0.2,100.0
traj_sweep_296,placement,1076.77,1278.42,665.0,665.0,600.0,600.0,0.617589,0.617589,627.0,23.0,23.0,4048.0,4048.0,749.12,0.356349,746.46,2.66,0.356349,375.0,0.678675,71.0,0.00094159,1.52175e-05,0.000725099,0.00168191,2692.67,2201120000.0,2201120000.0,0.10706,0.0,0.112814,1076.77,1278.42,665.0,665.0,600.0,600.0,0.617589,0.617589,627.0,23.0,23.0,4048.0,4048.0,0.00094159,1.52175e-05,0.000725099,0.00168191,0.805662,0.476995,0.0,2201120000.0,2201120000.0,0.10706,0.0,0.112814,1076.77,1278.42,665.0,665.0,600.0,600.0,4.482,1.307,784.475,0.617589,0.617589,627.0,23.0,23.0,4048.0,4048.0,773021.0,14.0,3.0,0.000941816,1.52175e-05,0.000728482,0.00168552,3079.18,0.772985,0.479981,0.0,2211540000.0,2211540000.0,0.107598,0.0,0.111375,61.7589,0.58,1.0,39.0,50.0,0.2,100.0
traj_sweep_297,placement,1076.77,1278.42,665.0,665.0,600.0,600.0,0.617589,0.617589,627.0,23.0,23.0,4048.0,4048.0,749.12,0.356349,746.46,2.66,0.356349,374.0,0.697135,70.0,0.000925183,1.52175e-05,0.0007139,0.0016543,2708.35,2195300000.0,2195300000.0,0.106945,0.0,0.120927,1076.77,1278.42,665.0,665.0,600.0,600.0,0.617589,0.617589,627.0,23.0,23.0,4048.0,4048.0,0.000925183,1.52175e-05,0.0007139,0.0016543,0.780832,0.552578,0.0,2195300000.0,2195300000.0,0.106945,0.0,0.120927,1076.77,1278.42,665.0,665.0,600.0,600.0,4.3985,1.2475,748.779,0.617589,0.617589,627.0,23.0,23.0,4048.0,4048.0,798510.0,15.0,1.0,0.000925239,1.52175e-05,0.000718481,0.00165894,3107.61,0.793739,0.558289,0.0,2203710000.0,2203710000.0,0.107414,0.0,0.117854,61.7589,0.59,1.0,39.0,50.0,0.2,100.0
traj_sweep_298,placement,1076.77,1278.42,665.798,665.798,600.0,600.0,0.61833,0.61833,627.0,23.0,23.0,4048.0,4048.0,749.918,0.463253,746.46,3.458,0.463253,376.0,0.693021,70.0,0.000910361,1.5262e-05,0.000701221,0.00162684,2699.62,2207480000.0,2207480000.0,0.107079,0.0,0.128742,1076.77,1278.42,665.798,665.798,600.0,600.0,0.61833,0.61833,627.0,23.0,23.0,4048.0,4048.0,0.000910361,1.5262e-05,0.000701221,0.00162684,0.760498,0.553864,0.0,2207480000.0,2207480000.0,0.107079,0.0,0.128742,1076.77,1278.42,665.798,665.798,600.0,600.0,4.1775,1.2565,754.09,0.61833,0.61833,627.0,23.0,23.0,4048.0,4048.0,765080.0,14.0,1.0,0.000910546,1.5262e-05,0.000706644,0.00163245,3082.16,0.737633,0.555381,0.0,2213080000.0,2213080000.0,0.107399,0.0,0.125865,61.833,0.6,1.0,39.0,50.0,0.2,100.0
traj_sweep_299,placement,1076.77,1278.42,665.798,665.798,600.0,600.0,0.61833,0.61833,627.0,23.0,23.0,4048.0,4048.0,749.918,0.463253,746.46,3.458,0.463253,376.0,0.69283,70.0,0.000895437,1.5262e-05,0.000689629,0.00160033,2698.47,2207910000.0,2207910000.0,0.107082,0.0,0.136673,1076.77,1278.42,665.798,665.798,600.0,600.0,0.61833,0.61833,627.0,23.0,23.0,4048.0,4048.0,0.000895437,1.5262e-05,0.000689629,0.00160033,0.760264,0.554094,0.0,2207910000.0,2207910000.0,0.107082,0.0,0.136673,1076.77,1278.42,665.798,665.798,600.0,600.0,4.305,1.257,754.273,0.61833,0.61833,627.0,23.0,23.0,4048.0,4048.0,786179.0,15.0,1.0,0.000895804,1.5262e-05,0.000694222,0.00160529,3091.56,0.746471,0.553293,0.0,2213960000.0,2213960000.0,0.107961,0.0,0.135101,61.833,0.61,1.0,39.0,50.0,0.2,100.0
traj_sweep_300,placement,1076.77,1278.42,665.0,665.0,600.0,600.0,0.617589,0.617589,627.0,23.0,23.0,4048.0,4048.0,749.12,0.356349,746.46,2.66,0.356349,374.0,0.691376,67.0,0.000880659,1.52175e-05,0.000678072,0.00157395,2705.83,2211680000.0,2211680000.0,0.107034,0.0,0.145535,1076.77,1278.42,665.0,665.0,600.0,600.0,0.617589,0.617589,627.0,23.0,23.0,4048.0,4048.0,0.000880659,1.52175e-05,0.000678072,0.00157395,0.762737,0.553101,0.0,2211680000.0,2211680000.0,0.107034,0.0,0.145535,1076.77,1278.42,665.0,665.0,600.0,600.0,3.681,1.2475,748.683,0.617589,0.617589,627.0,23.0,23.0,4048.0,4048.0,781929.0,14.0,1.0,0.000880932,1.52175e-05,0.000683473,0.00157962,3096.8,0.767821,0.550712,0.0,2219030000.0,2219030000.0,0.107981,0.0,0.140749,61.7589,0.62,1.0,39.0,50.0,0.2,100.0
traj_sweep_301,placement,1076.77,1278.42,843.486,843.486,721.0,721.0,0.78335,0.78335,748.0,23.0,23.0,4048.0,4048.0,903.916,14.256,791.132,112.784,14.256,371.0,0.730149,64.0,0.00518238,2.14569e-05,0.00375436,0.0089582,2922.38,2504100000.0,2504100000.0,0.0707255,-12.261,-0.259345,1076.77,1278.42,843.486,843.486,721.0,721.0,0.78335,0.78335,748.0,23.0,23.0,4048.0,4048.0,0.00518238,2.14569e-05,0.00375436,0.0089582,0.753434,0.747225,53.0,2504100000.0,2504100000.0,0.0707255,-12.261,-0.259345,1076.77,1278.42,843.486,843.486,721.0,721.0,5.1425,1.315,948.243,0.78335,0.78335,748.0,23.0,23.0,4048.0,4048.0,1287510.0,22.0,5.0,0.00518293,2.14569e-05,0.00378663,0.00899102,3566.14,0.767749,0.754155,53.0,2473390000.0,2473390000.0,0.0710168,-12.3958,-0.264303,78.335,0.14,1.0,40.0,50.0,0.2,100.0
traj_sweep_302,placement,1076.77,1278.42,841.624,841.624,719.0,719.0,0.781621,0.781621,746.0,23.0,23.0,4048.0,4048.0,902.054,14.0207,791.132,110.922,14.0207,370.0,0.704469,65.0,0.00480793,2.14161e-05,0.00349398,0.00832333,2907.58,2505990000.0,2505990000.0,0.072749,-11.7383,-0.249043,1076.77,1278.42,841.624,841.624,719.0,719.0,0.781621,0.781621,746.0,23.0,23.0,4048.0,4048.0,0.00480793,2.14161e-05,0.00349398,0.00832333,0.758687,0.749767,53.0,2505990000.0,2505990000.0,0.072749,-11.7383,-0.249043,1076.77,1278.42,841.624,841.624,719.0,719.0,4.8725,1.3255,953.133,0.781621,0.781621,746.0,23.0,23.0,4048.0,4048.0,1285030.0,22.0,5.0,0.00480928,2.14161e-05,0.00352779,0.00835848,3550.1,0.756463,0.748691,53.0,2481860000.0,2481860000.0,0.0728213,-11.8779,-0.252924,78.1621,0.15,1.0,40.0,50.0,0.2,100.0
traj_sweep_303,placement,1076.77,1278.42,841.624,841.624,719.0,719.0,0.781621,0.781621,746.0,23.0,23.0,4048.0,4048.0,902.054,14.0207,791.132,110.922,14.0207,372.0,0.695239,65.0,0.0045079,2.1417e-05,0.00327454,0.00780386,2914.82,2503090000.0,2503090000.0,0.0748557,-11.2447,-0.239506,1076.77,1278.42,841.624,841.624,719.0,719.0,0.781621,0.781621,746.0,23.0,23.0,4048.0,4048.0,0.0045079,2.1417e-05,0.00327454,0.00780386,0.765023,0.752836,53.0,2503090000.0,2503090000.0,0.0748557,-11.2447,-0.239506,1076.77,1278.42,841.624,841.624,719.0,719.0,6.216,1.2615,907.064,0.781621,0.781621,746.0,23.0,23.0,4048.0,4048.0,1199360.0,21.0,4.0,0.00450863,2.1417e-05,0.00330406,0.00783411,3514.5,0.774834,0.757582,53.0,2481090000.0,2481090000.0,0.0744838,-11.3747,-0.243049,78.1621,0.16,1.0,40.0,50.0,0.2,100.0
traj_sweep_304,placement,1076.77,1278.42,837.9,837.9,715.0,715.0,0.778162,0.778162,742.0,23.0,23.0,4048.0,4048.0,898.33,13.5499,791.132,107.198,13.5499,379.0,0.716833,65.0,0.0041912,2.1286e-05,0.00307186,0.00728435,2923.74,2501640000.0,2501640000.0,0.0768685,-10.7012,-0.229738,1076.77,1278.42,837.9,837.9,715.0,715.0,0.778162,0.778162,742.0,23.0,23.0,4048.0,4048.0,0.0041912,2.1286e-05,0.00307186,0.00728435,0.775278,0.757796,53.0,2501640000.0,2501640000.0,0.0768685,-10.7012,-0.229738,1076.77,1278.42,837.9,837.9,715.0,715.0,4.813,1.27,908.406,0.778162,0.778162,742.0,23.0,23.0,4048.0,4048.0,1200060.0,21.0,6.0,0.00419188,2.1286e-05,0.00309598,0.00730914,3523.76,0.775914,0.758103,53.0,2489660000.0,2489660000.0,0.0777462,-10.8162,-0.231661,77.8162,0.17,1.0,40.0,50.0,0.2,100.0
traj_sweep_305,placement,1076.77,1278.42,835.506,835.506,712.0,712.0,0.775939,0.775939,739.0,23.0,23.0,4048.0,4048.0,895.936,13.2473,791.132,104.804,13.2473,378.0,0.713634,65.0,0.00391684,2.12227e-05,0.00288572,0.00682379,2915.62,2502940000.0,2502940000.0,0.0787703,-10.1664,-0.21953,1076.77,1278.42,835.506,835.506,712.0,712.0,0.775939,0.775939,739.0,23.0,23.0,4048.0,4048.0,0.00391684,2.12227e-05,0.00288572,0.00682379,0.755825,0.748382,53.0,2502940000.0,2502940000.0,0.0787703,-10.1664,-0.21953,1076.77,1278.42,835.506,835.506,712.0,712.0,4.6885,1.348,960.011,0.775939,0.775939,739.0,23.0,23.0,4048.0,4048.0,1276570.0,22.0,3.0,0.00391767,2.12227e-05,0.00290764,0.00684654,3553.91,0.786154,0.763055,53.0,2485070000.0,2485070000.0,0.0791,-10.2739,-0.222404,77.5939,0.18,1.0,40.0,50.0,0.2,100.0
traj_sweep_306,placement,1076.77,1278.42,835.506,835.506,712.0,712.0,0.775939,0.775939,739.0,23.0,23.0,4048.0,4048.0,895.936,13.2473,791.132,104.804,13.2473,378.0,0.713638,65.0,0.00371068,2.12227e-05,0.00273348,0.00646538,2915.98,2502680000.0,2502680000.0,0.080778,-9.67277,-0.209572,1076.77,1278.42,835.506,835.506,712.0,712.0,0.775939,0.775939,739.0,23.0,23.0,4048.0,4048.0,0.00371068,2.12227e-05,0.00273348,0.00646538,0.756972,0.748937,53.0,2502680000.0,2502680000.0,0.080778,-9.67277,-0.209572,1076.77,1278.42,835.506,835.506,712.0,712.0,5.056,1.2895,918.157,0.775939,0.775939,739.0,23.0,23.0,4048.0,4048.0,1220110.0,21.0,3.0,0.00371167,2.12227e-05,0.00275324,0.00648613,3526.04,0.775842,0.758069,53.0,2484250000.0,2484250000.0,0.08072,-9.79155,-0.212536,77.5939,0.19,1.0,40.0,50.0,0.2,100.0
traj_sweep_307,placement,1076.77,1278.42,834.974,834.974,711.0,711.0,0.775445,0.775445,738.0,23.0,23.0,4048.0,4048.0,895.404,13.1801,791.132,104.272,13.1801,379.0,0.7193,65.0,0.0035138,2.12246e-05,0.00259565,0.00613068,2924.94,2502430000.0,2502430000.0,0.0828218,-9.14868,-0.199611,1076.77,1278.42,834.974,834.974,711.0,711.0,0.775445,0.775445,738.0,23.0,23.0,4048.0,4048.0,0.0035138,2.12246e-05,0.00259565,0.00613068,0.771763,0.756097,53.0,2502430000.0,2502430000.0,0.0828218,-9.14868,-0.199611,1076.77,1278.42,834.974,834.974,711.0,711.0,5.335,1.269,902.301,0.775445,0.775445,738.0,23.0,23.0,4048.0,4048.0,1130190.0,19.0,4.0,0.00351491,2.12246e-05,0.00261502,0.00615115,3490.04,0.774027,0.757191,53.0,2484000000.0,2484000000.0,0.0828148,-9.25491,-0.202577,77.5445,0.2,1.0,40.0,50.0,0.2,100.0
traj_sweep_308,placement,1076.77,1278.42,832.58,832.58,708.0,708.0,0.773221,0.773221,735.0,23.0,23.0,4048.0,4048.0,893.01,12.8775,791.132,101.878,12.8775,376.0,0.701202,66.0,0.00332338,2.1157e-05,0.00246717,0.00581171,2913.92,2503540000.0,2503540000.0,0.0847914,-8.58268,-0.189435,1076.77,1278.42,832.58,832.58,708.0,708.0,0.773221,0.773221,735.0,23.0,23.0,4048.0,4048.0,0.00332338,2.1157e-05,0.00246717,0.00581171,0.76862,0.754577,53.0,2503540000.0,2503540000.0,0.0847914,-8.58268,-0.189435,1076.77,1278.42,832.58,832.58,708.0,708.0,4.276,1.2575,890.662,0.773221,0.773221,735.0,23.0,23.0,4048.0,4048.0,1146450.0,20.0,2.0,0.00332386,2.1157e-05,0.00248359,0.00582861,3487.14,0.76648,0.753541,53.0,2484330000.0,2484330000.0,0.0848952,-8.72379,-0.192523,77.3221,0.21,1.0,40.0,50.0,0.2,100.0
traj_sweep_309,placement,1076.77,1278.42,830.718,830.718,705.0,705.0,0.771492,0.771492,732.0,23.0,23.0,4048.0,4048.0,891.148,12.6421,791.132,100.016,12.6421,379.0,0.734526,66.0,0.00315413,2.11153e-05,0.00234778,0.00552303,2914.11,2501870000.0,2501870000.0,0.0868799,-8.07462,-0.179702,1076.77,1278.42,830.718,830.718,705.0,705.0,0.771492,0.771492,732.0,23.0,23.0,4048.0,4048.0,0.00315413,2.11153e-05,0.00234778,0.00552303,0.766883,0.753736,53.0,2501870000.0,2501870000.0,0.0868799,-8.07462,-0.179702,1076.77,1278.42,830.718,830.718,705.0,705.0,5.405,1.282,903.962,0.771492,0.771492,732.0,23.0,23.0,4048.0,4048.0,1173420.0,20.0,4.0,0.00315482,2.11153e-05,0.00236833,0.00554427,3500.82,0.774799,0.757565,53.0,2485180000.0,2485180000.0,0.0870924,-8.1763,-0.182385,77.1492,0.22,1.0,40.0,50.0,0.2,100.0
traj_sweep_310,placement,1076.77,1278.42,832.314,832.314,706.0,706.0,0.772974,0.772974,733.0,23.0,23.0,4048.0,4048.0,892.744,12.8439,791.132,101.612,12.8439,379.0,0.716815,67.0,0.00302706,2.11997e-05,0.0022496,0.00529786,2911.39,2495760000.0,2495760000.0,0.0886463,-7.53016,-0.170679,1076.77,1278.42,832.314,832.314,706.0,706.0,0.772974,0.772974,733.0,23.0,23.0,4048.0,4048.0,0.00302706,2.11997e-05,0.0022496,0.00529786,0.769668,0.755083,53.0,2495760000.0,2495760000.0,0.0886463,-7.53016,-0.170679,1076.77,1278.42,832.314,832.314,706.0,706.0,5.62,1.3015,919.091,0.772974,0.772974,733.0,23.0,23.0,4048.0,4048.0,1246710.0,21.0,4.0,0.00302764,2.11997e-05,0.00226803,0.00531687,3534.75,0.75516,0.74806,53.0,2471930000.0,2471930000.0,0.0886847,-7.66252,-0.174542,77.2974,0.23,1.0,40.0,50.0,0.2,100.0
traj_sweep_311,placement,1076.77,1278.42,835.772,835.772,712.0,712.0,0.776186,0.776186,739.0,23.0,23.0,4048.0,4048.0,896.169,13.4341,790.035,106.134,13.4341,372.0,0.707283,66.0,0.00290975,2.12588e-05,0.00216149,0.0050925,2918.16,2495710000.0,2495710000.0,0.0906492,-7.13124,-0.160688,1076.77,1278.42,835.772,835.772,712.0,712.0,0.776186,0.776186,739.0,23.0,23.0,4048.0,4048.0,0.00290975,2.12588e-05,0.00216149,0.0050925,0.779387,0.759784,52.0,2495710000.0,2495710000.0,0.0906492,-7.13124,-0.160688,1076.77,1278.42,835.772,835.772,712.0,712.0,6.3065,1.3505,961.746,0.776186,0.776186,739.0,23.0,23.0,4048.0,4048.0,1427450.0,24.0,5.0,0.00291008,2.12588e-05,0.00217777,0.00510911,3631.89,0.771557,0.755997,52.0,2473540000.0,2473540000.0,0.0907267,-7.27585,-0.164279,77.6186,0.24,1.0,40.0,50.0,0.2,100.0
traj_sweep_312,placement,1076.77,1278.42,827.526,827.526,711.0,711.0,0.768528,0.768528,738.0,23.0,23.0,4048.0,4048.0,888.475,13.2197,784.735,103.74,13.2197,375.0,0.72427,66.0,0.00277926,2.08669e-05,0.0020474,0.00484752,2925.08,2506480000.0,2506480000.0,0.0923091,-6.6275,-0.148966,1076.77,1278.42,827.526,827.526,711.0,711.0,0.768528,0.768528,738.0,23.0,23.0,4048.0,4048.0,0.00277926,2.08669e-05,0.0020474,0.00484752,0.740788,0.741106,51.0,2506480000.0,2506480000.0,0.0923091,-6.6275,-0.148966,1076.77,1278.42,827.526,827.526,711.0,711.0,5.5015,1.349,959.171,0.768528,0.768528,738.0,23.0,23.0,4048.0,4048.0,1165690.0,20.0,3.0,0.0027797,2.08669e-05,0.00206606,0.00486662,3507.92,0.743718,0.742523,51.0,2494110000.0,2494110000.0,0.0928891,-6.72652,-0.150944,76.8528,0.25,1.0,40.0,50.0,0.2,100.0
traj_sweep_313,placement,1076.77,1278.42,826.196,826.196,709.0,709.0,0.767292,0.767292,736.0,23.0,23.0,4048.0,4048.0,887.025,13.1674,783.817,103.208,13.1674,373.0,0.706494,64.0,0.0026498,2.08163e-05,0.00196859,0.00463921,2906.12,2489760000.0,2489760000.0,0.0946315,-6.10281,-0.141645,1076.77,1278.42,826.196,826.196,709.0,709.0,0.767292,0.767292,736.0,23.0,23.0,4048.0,4048.0,0.0026498,2.08163e-05,0.00196859,0.00463921,0.759616,0.750217,50.0,2489760000.0,2489760000.0,0.0946315,-6.10281,-0.141645,1076.77,1278.42,826.196,826.196,709.0,709.0,5.781,1.368,970.221,0.767292,0.767292,736.0,23.0,23.0,4048.0,4048.0,1248360.0,21.0,3.0,0.00264987,2.08163e-05,0.00198455,0.00465523,3530.3,0.761959,0.751353,50.0,2464880000.0,2464880000.0,0.0948005,-6.24526,-0.145699,76.7292,0.26,1.0,40.0,50.0,0.2,100.0
traj_sweep_314,placement,1076.77,1278.42,822.472,822.472,710.0,710.0,0.763834,0.763834,737.0,23.0,23.0,4048.0,4048.0,883.386,12.9976,781.774,101.612,12.9976,374.0,0.712297,68.0,0.0025397,2.05917e-05,0.00188833,0.00444863,2860.33,2491140000.0,2491140000.0,0.0965178,-5.74567,-0.131423,1076.77,1278.42,822.472,822.472,710.0,710.0,0.763834,0.763834,737.0,23.0,23.0,4048.0,4048.0,0.0025397,2.05917e-05,0.00188833,0.00444863,0.753921,0.747461,49.0,2491140000.0,2491140000.0,0.0965178,-5.74567,-0.131423,1076.77,1278.42,822.472,822.472,710.0,710.0,5.501,1.322,938.627,0.763834,0.763834,737.0,23.0,23.0,4048.0,4048.0,1225540.0,21.0,3.0,0.00254023,2.05917e-05,0.0019044,0.00446522,3473.1,0.75764,0.74926,49.0,2466460000.0,2466460000.0,0.0964875,-5.85826,-0.135439,76.3834,0.27,1.0,40.0,50.0,0.2,100.0
traj_sweep_315,placement,1076.77,1278.42,823.536,823.536,711.0,711.0,0.764822,0.764822,738.0,23.0,23.0,4048.0,4048.0,884.45,13.1337,781.774,102.676,13.1337,376.0,0.718272,68.0,0.00244768,2.06349e-05,0.00181855,0.00428686,2871.06,2484540000.0,2484540000.0,0.0983615,-5.26336,-0.122489,1076.77,1278.42,823.536,823.536,711.0,711.0,0.764822,0.764822,738.0,23.0,23.0,4048.0,4048.0,0.00244768,2.06349e-05,0.00181855,0.00428686,0.789292,0.764572,49.0,2484540000.0,2484540000.0,0.0983615,-5.26336,-0.122489,1076.77,1278.42,823.536,823.536,711.0,711.0,4.9025,1.3285,944.769,0.764822,0.764822,738.0,23.0,23.0,4048.0,4048.0,1220630.0,21.0,2.0,0.0024486,2.06349e-05,0.00183445,0.00430369,3481.37,0.789965,0.764898,49.0,2442210000.0,2442210000.0,0.0988796,-5.40333,-0.129464,76.4822,0.28,1.0,40.0,50.0,0.2,100.0
traj_sweep_316,placement,1076.77,1278.42,818.482,818.482,702.0,702.0,0.760128,0.760128,729.0,23.0,23.0,4048.0,4048.0,879.396,12.4872,781.774,97.622,12.4872,373.0,0.697093,65.0,0.00235573,2.06005e-05,0.001753,0.00412933,2890.52,2459180000.0,2459180000.0,0.10058,-4.80477,-0.116639,1076.77,1278.42,818.482,818.482,702.0,702.0,0.760128,0.760128,729.0,23.0,23.0,4048.0,4048.0,0.00235573,2.06005e-05,0.001753,0.00412933,0.765795,0.75321,49.0,2459180000.0,2459180000.0,0.10058,-4.80477,-0.116639,1076.77,1278.42,818.482,818.482,702.0,702.0,5.2705,1.2845,902.028,0.760128,0.760128,729.0,23.0,23.0,4048.0,4048.0,1161240.0,20.0,2.0,0.00235619,2.06005e-05,0.00176616,0.00414296,3471.13,0.774027,0.757192,49.0,2442440000.0,2442440000.0,0.101125,-4.90077,-0.119427,76.0128,0.29,1.0,40.0,50.0,0.2,100.0
traj_sweep_317,placement,1076.77,1278.42,818.216,818.216,703.0,703.0,0.759881,0.759881,730.0,23.0,23.0,4048.0,4048.0,879.13,12.4532,781.774,97.356,12.4532,374.0,0.698121,66.0,0.00229042,2.055e-05,0.00170174,0.00401271,2930.36,2488010000.0,2488010000.0,0.102494,-4.3351,-0.101927,1076.77,1278.42,818.216,818.216,703.0,703.0,0.759881,0.759881,730.0,23.0,23.0,4048.0,4048.0,0.00229042,2.055e-05,0.00170174,0.00401271,0.721931,0.72506,49.0,2488010000.0,2488010000.0,0.102494,-4.3351,-0.101927,1076.77,1278.42,818.216,818.216,703.0,703.0,6.1335,1.3265,932.586,0.759881,0.759881,730.0,23.0,23.0,4048.0,4048.0,1230530.0,21.0,4.0,0.0022908,2.055e-05,0.00171441,0.00402576,3545.62,0.72141,0.71763,49.0,2474260000.0,2474260000.0,0.1024,-4.42989,-0.104161,75.9881,0.3,1.0,40.0,50.0,0.2,100.0
traj_sweep_318,placement,1076.77,1278.42,813.694,813.694,704.0,704.0,0.755682,0.755682,731.0,23.0,23.0,4048.0,4048.0,875.8,12.545,778.178,97.622,12.545,372.0,0.716951,65.0,0.00220748,2.03812e-05,0.00162548,0.00385334,2798.91,2468660000.0,2468660000.0,0.104553,-3.87367,-0.0950781,1076.77,1278.42,813.694,813.694,704.0,704.0,0.755682,0.755682,731.0,23.0,23.0,4048.0,4048.0,0.00220748,2.03812e-05,0.00162548,0.00385334,0.754725,0.74785,48.0,2468660000.0,2468660000.0,0.104553,-3.87367,-0.0950781,1076.77,1278.42,813.694,813.694,704.0,704.0,5.25,1.3395,943.346,0.755682,0.755682,731.0,23.0,23.0,4048.0,4048.0,1348200.0,24.0,6.0,0.00220815,2.03812e-05,0.00164208,0.00387062,3473.01,0.763975,0.752329,48.0,2454300000.0,2454300000.0,0.105107,-4.00652,-0.0974479,75.5682,0.31,1.0,40.0,50.0,0.2,100.0
traj_sweep_319,placement,1076.77,1278.42,804.916,804.916,693.0,693.0,0.74753,0.74753,720.0,23.0,23.0,4048.0,4048.0,867.022,11.4169,778.178,88.844,11.4169,376.0,0.707363,66.0,0.00209775,2.01274e-05,0.00156171,0.00367959,2835.7,2496650000.0,2496650000.0,0.106358,-3.31344,-0.084481,1076.77,1278.42,804.916,804.916,693.0,693.0,0.74753,0.74753,720.0,23.0,23.0,4048.0,4048.0,0.00209775,2.01274e-05,0.00156171,0.00367959,0.760607,0.750696,48.0,2496650000.0,2496650000.0,0.106358,-3.31344,-0.084481,1076.77,1278.42,804.916,804.916,693.0,693.0,4.608,1.3505,936.081,0.74753,0.74753,720.0,23.0,23.0,4048.0,4048.0,1201620.0,21.0,4.0,0.00209825,2.01274e-05,0.00157658,0.00369496,3436.51,0.760274,0.750535,48.0,2476220000.0,2476220000.0,0.106896,-3.41434,-0.0843828,74.753,0.32,1.0,40.0,50.0,0.2,100.0
traj_sweep_320,placement,1076.77,1278.42,796.936,796.936,685.0,685.0,0.740119,0.740119,712.0,23.0,23.0,4048.0,4048.0,859.042,10.3915,778.178,80.864,10.3915,372.0,0.726176,69.0,0.00201355,1.98475e-05,0.00151631,0.00354971,2906.52,2478090000.0,2478090000.0,0.107378,-3.01323,-0.077181,1076.77,1278.42,796.936,796.936,685.0,685.0,0.740119,0.740119,712.0,23.0,23.0,4048.0,4048.0,0.00201355,1.98475e-05,0.00151631,0.00354971,0.785801,0.682511,47.0,2478090000.0,2478090000.0,0.107378,-3.01323,-0.077181,1076.77,1278.42,796.936,796.936,685.0,685.0,5.283,1.3555,928.736,0.740119,0.740119,712.0,23.0,23.0,4048.0,4048.0,1226450.0,21.0,3.0,0.00201395,1.98475e-05,0.00152682,0.00356062,3519.75,0.796764,0.675204,47.0,2465500000.0,2465500000.0,0.107687,-3.15266,-0.0784447,74.0119,0.33,1.0,40.0,50.0,0.2,100.0
traj_sweep_321,placement,1076.77,1278.42,792.148,792.148,689.0,689.0,0.735672,0.735672,716.0,23.0,23.0,4048.0,4048.0,856.742,10.7259,773.75,82.992,10.7259,367.0,0.736636,69.0,0.00194169,1.9581e-05,0.00144283,0.0034041,2796.06,2457760000.0,2457760000.0,0.107493,-2.66809,-0.0668749,1076.77,1278.42,792.148,792.148,689.0,689.0,0.735672,0.735672,716.0,23.0,23.0,4048.0,4048.0,0.00194169,1.9581e-05,0.00144283,0.0034041,0.804101,0.771726,48.0,2457760000.0,2457760000.0,0.107493,-2.66809,-0.0668749,1076.77,1278.42,792.148,792.148,689.0,689.0,5.4655,1.318,908.408,0.735672,0.735672,716.0,23.0,23.0,4048.0,4048.0,1237700.0,22.0,3.0,0.00194221,1.9581e-05,0.00145578,0.00341757,3414.91,0.793701,0.766702,48.0,2454790000.0,2454790000.0,0.107777,-2.75206,-0.0673675,73.5672,0.34,1.0,40.0,50.0,0.2,100.0
traj_sweep_322,placement,1076.77,1278.42,789.488,789.488,688.0,688.0,0.733202,0.733202,715.0,23.0,23.0,4048.0,4048.0,854.082,10.3822,773.75,80.332,10.3822,372.0,0.70467,69.0,0.00187381,1.94326e-05,0.00140006,0.0032933,2763.91,2463360000.0,2463360000.0,0.107026,-2.25733,-0.0559489,1076.77,1278.42,789.488,789.488,688.0,688.0,0.733202,0.733202,715.0,23.0,23.0,4048.0,4048.0,0.00187381,1.94326e-05,0.00140006,0.0032933,0.760222,0.750508,48.0,2463360000.0,2463360000.0,0.107026,-2.25733,-0.0559489,1076.77,1278.42,789.488,789.488,688.0,688.0,5.239,1.286,885.066,0.733202,0.733202,715.0,23.0,23.0,4048.0,4048.0,1058430.0,19.0,2.0,0.00187418,1.94326e-05,0.00141328,0.00330689,3293.12,0.755584,0.748261,48.0,2445000000.0,2445000000.0,0.108004,-2.36688,-0.0589974,73.3202,0.35,1.0,40.0,50.0,0.2,100.0
traj_sweep_323,placement,1076.77,1278.42,789.754,789.754,687.0,687.0,0.733449,0.733449,714.0,23.0,23.0,4048.0,4048.0,854.348,10.4165,773.75,80.598,10.4165,375.0,0.729327,69.0,0.00182482,1.94741e-05,0.00136153,0.00320583,2770.64,2440700000.0,2440700000.0,0.106988,-1.89864,-0.0497184,1076.77,1278.42,789.754,789.754,687.0,687.0,0.733449,0.733449,714.0,23.0,23.0,4048.0,4048.0,0.00182482,1.94741e-05,0.00136153,0.00320583,0.793736,0.766692,47.0,2440700000.0,2440700000.0,0.106988,-1.89864,-0.0497184,1076.77,1278.42,789.754,789.754,687.0,687.0,5.188,1.2475,857.341,0.733449,0.733449,714.0,23.0,23.0,4048.0,4048.0,1055620.0,19.0,2.0,0.00182512,1.94741e-05,0.00137178,0.00321637,3298.45,0.785137,0.762548,47.0,2442970000.0,2442970000.0,0.107139,-1.93785,-0.0493793,73.3449,0.36,1.0,40.0,50.0,0.2,100.0
traj_sweep_324,placement,1076.77,1278.42,786.828,786.828,685.0,685.0,0.730731,0.730731,712.0,23.0,23.0,4048.0,4048.0,851.985,10.1446,773.515,78.47,10.1446,374.0,0.72308,68.0,0.00176175,1.93979e-05,0.00131313,0.00309428,2773.52,2445890000.0,2445890000.0,0.106792,-1.36714,-0.0388489,1076.77,1278.42,786.828,786.828,685.0,685.0,0.730731,0.730731,712.0,23.0,23.0,4048.0,4048.0,0.00176175,1.93979e-05,0.00131313,0.00309428,0.7807,0.675954,47.0,2445890000.0,2445890000.0,0.106792,-1.36714,-0.0388489,1076.77,1278.42,786.828,786.828,685.0,685.0,6.909,1.274,872.736,0.730731,0.730731,712.0,23.0,23.0,4048.0,4048.0,1068910.0,19.0,2.0,0.00176226,1.93979e-05,0.00132721,0.00310887,3307.98,0.775914,0.673383,47.0,2455120000.0,2455120000.0,0.107362,-1.46105,-0.0419711,73.0731,0.37,1.0,40.0,50.0,0.2,100.0
traj_sweep_325,placement,1076.77,1278.42,785.232,785.232,687.0,687.0,0.729249,0.729249,714.0,23.0,23.0,4048.0,4048.0,851.631,10.1492,773.161,78.47,10.1492,369.0,0.70579,68.0,0.00172133,1.92943e-05,0.00127667,0.0030173,2784.27,2429380000.0,2429380000.0,0.107506,-0.923693,-0.0316276,1076.77,1278.42,785.232,785.232,687.0,687.0,0.729249,0.729249,714.0,23.0,23.0,4048.0,4048.0,0.00172133,1.92943e-05,0.00127667,0.0030173,0.784595,0.739281,46.0,2429380000.0,2429380000.0,0.107506,-0.923693,-0.0316276,1076.77,1278.42,785.232,785.232,687.0,687.0,4.3915,1.35,927.53,0.729249,0.729249,714.0,23.0,23.0,4048.0,4048.0,1136970.0,20.0,5.0,0.00172153,1.92943e-05,0.00128681,0.00302763,3352.76,0.783388,0.735654,46.0,2439020000.0,2439020000.0,0.107973,-0.989843,-0.0357411,72.9249,0.38,1.0,40.0,50.0,0.2,100.0
traj_sweep_326,placement,1076.77,1278.42,784.7,784.7,686.0,686.0,0.728755,0.728755,713.0,23.0,23.0,4048.0,4048.0,851.951,10.2209,772.949,79.002,10.2209,374.0,0.703711,70.0,0.00169109,1.93059e-05,0.00124728,0.00295768,2794.17,2441050000.0,2441050000.0,0.107327,-0.544298,-0.0251453,1076.77,1278.42,784.7,784.7,686.0,686.0,0.728755,0.728755,713.0,23.0,23.0,4048.0,4048.0,0.00169109,1.93059e-05,0.00124728,0.00295768,0.806358,0.647098,44.0,2441050000.0,2441050000.0,0.107327,-0.544298,-0.0251453,1076.77,1278.42,784.7,784.7,686.0,686.0,5.9565,1.299,891.142,0.728755,0.728755,713.0,23.0,23.0,4048.0,4048.0,1187820.0,21.0,3.0,0.00169154,1.93059e-05,0.001257,0.00296785,3388.08,0.788006,0.645379,44.0,2414590000.0,2414590000.0,0.107454,-0.579725,-0.0280977,72.8755,0.39,1.0,40.0,50.0,0.2,100.0
traj_sweep_327,placement,1076.77,1278.42,748.79,748.79,680.0,680.0,0.695405,0.695405,707.0,23.0,23.0,4048.0,4048.0,829.454,9.86524,754.974,74.48,9.86524,368.0,0.74122,71.0,0.00156759,1.79646e-05,0.00113834,0.00272389,2793.19,2429390000.0,2429390000.0,0.107626,-0.350376,-0.0181928,1076.77,1278.42,748.79,748.79,680.0,680.0,0.695405,0.695405,707.0,23.0,23.0,4048.0,4048.0,0.00156759,1.79646e-05,0.00113834,0.00272389,0.793363,0.715145,40.0,2429390000.0,2429390000.0,0.107626,-0.350376,-0.0181928,1076.77,1278.42,748.79,748.79,680.0,680.0,5.3235,1.2905,877.668,0.695405,0.695405,707.0,23.0,23.0,4048.0,4048.0,1003260.0,18.0,3.0,0.00156791,1.79646e-05,0.00114855,0.00273442,3294.82,0.809625,0.703786,42.0,2430520000.0,2430520000.0,0.107513,-0.372738,-0.0200754,69.5405,0.4,1.0,40.0,50.0,0.2,100.0
traj_sweep_328,placement,1076.77,1278.42,723.52,723.52,663.0,663.0,0.671937,0.671937,690.0,23.0,23.0,4048.0,4048.0,807.64,8.19602,746.46,61.18,8.19602,370.0,0.702066,71.0,0.00149086,1.70899e-05,0.00107467,0.00258262,2759.49,2415760000.0,2415760000.0,0.106957,-0.0498956,-0.00929792,1076.77,1278.42,723.52,723.52,663.0,663.0,0.671937,0.671937,690.0,23.0,23.0,4048.0,4048.0,0.00149086,1.70899e-05,0.00107467,0.00258262,0.780608,0.742535,8.0,2415760000.0,2415760000.0,0.106957,-0.0498956,-0.00929792,1076.77,1278.42,723.52,723.52,663.0,663.0,4.6135,1.251,829.707,0.671937,0.671937,690.0,23.0,23.0,4048.0,4048.0,1019530.0,18.0,2.0,0.00149106,1.70899e-05,0.00108,0.00258815,3269.26,0.795588,0.740316,20.0,2390680000.0,2390680000.0,0.107581,-0.0803907,-0.0138365,67.1937,0.41,1.0,40.0,50.0,0.2,100.0
traj_sweep_329,placement,1076.77,1278.42,704.368,704.368,646.0,646.0,0.65415,0.65415,673.0,23.0,23.0,4048.0,4048.0,788.488,5.63031,746.46,42.028,5.63031,369.0,0.688757,71.0,0.00142253,1.63928e-05,0.00104209,0.00248101,2732.2,2356320000.0,2356320000.0,0.107327,-0.0367595,-0.00439035,1076.77,1278.42,704.368,704.368,646.0,646.0,0.65415,0.65415,673.0,23.0,23.0,4048.0,4048.0,0.00142253,1.63928e-05,0.00104209,0.00248101,0.80097,0.622583,15.0,2356320000.0,2356320000.0,0.107327,-0.0367595,-0.00439035,1076.77,1278.42,704.368,704.368,646.0,646.0,3.798,1.233,796.536,0.65415,0.65415,673.0,23.0,23.0,4048.0,4048.0,990045.0,18.0,2.0,0.00142272,1.63928e-05,0.00104838,0.00248749,3227.23,0.77601,0.614902,18.0,2332030000.0,2332030000.0,0.10749,-0.0772121,-0.00881084,65.415,0.42,1.0,40.0,50.0,0.2,100.0
traj_sweep_330,placement,1076.77,1278.42,686.014,686.014,622.0,622.0,0.637105,0.637105,649.0,23.0,23.0,4048.0,4048.0,770.134,3.1715,746.46,23.674,3.1715,369.0,0.713591,72.0,0.00133503,1.59272e-05,0.0010032,0.00235416,2713.1,2343910000.0,2343910000.0,0.10698,-0.0033116,-0.00133848,1076.77,1278.42,686.014,686.014,622.0,622.0,0.637105,0.637105,649.0,23.0,23.0,4048.0,4048.0,0.00133503,1.59272e-05,0.0010032,0.00235416,0.779451,0.621461,3.0,2343910000.0,2343910000.0,0.10698,-0.0033116,-0.00133848,1076.77,1278.42,686.014,686.014,622.0,622.0,4.6235,1.255,780.864,0.637105,0.637105,649.0,23.0,23.0,4048.0,4048.0,907037.0,17.0,2.0,0.00133516,1.59272e-05,0.00100799,0.00235907,3166.61,0.790608,0.614883,3.0,2334110000.0,2334110000.0,0.107481,-0.00581893,-0.00361494,63.7105,0.43,1.0,40.0,50.0,0.2,100.0
traj_sweep_331,placement,1076.77,1278.42,675.64,675.64,611.0,611.0,0.62747,0.62747,638.0,23.0,23.0,4048.0,4048.0,759.76,1.78174,746.46,13.3,1.78174,376.0,0.717508,72.0,0.00126675,1.55778e-05,0.000972333,0.00225466,2749.5,2341240000.0,2341240000.0,0.106978,0.0,0.0085279,1076.77,1278.42,675.64,675.64,611.0,611.0,0.62747,0.62747,638.0,23.0,23.0,4048.0,4048.0,0.00126675,1.55778e-05,0.000972333,0.00225466,0.776386,0.612764,0.0,2341240000.0,2341240000.0,0.106978,0.0,0.0085279,1076.77,1278.42,675.64,675.64,611.0,611.0,3.77,1.2145,742.353,0.62747,0.62747,638.0,23.0,23.0,4048.0,4048.0,769883.0,14.0,1.0,0.00126693,1.55778e-05,0.000977819,0.00226033,3134.44,0.780532,0.612454,0.0,2334450000.0,2334450000.0,0.107618,0.0,0.0067773,62.747,0.44,1.0,40.0,50.0,0.2,100.0
traj_sweep_332,placement,1076.77,1278.42,673.512,673.512,609.0,609.0,0.625494,0.625494,636.0,23.0,23.0,4048.0,4048.0,757.632,1.49666,746.46,11.172,1.49666,377.0,0.700785,73.0,0.00122985,1.54905e-05,0.000948943,0.00219429,2803.65,2326600000.0,2326600000.0,0.107342,0.0,0.0166585,1076.77,1278.42,673.512,673.512,609.0,609.0,0.625494,0.625494,636.0,23.0,23.0,4048.0,4048.0,0.00122985,1.54905e-05,0.000948943,0.00219429,0.74802,0.616609,0.0,2326600000.0,2326600000.0,0.107342,0.0,0.0166585,1076.77,1278.42,673.512,673.512,609.0,609.0,4.238,1.266,771.15,0.625494,0.625494,636.0,23.0,23.0,4048.0,4048.0,790890.0,14.0,1.0,0.00122997,1.54905e-05,0.000952181,0.00219764,3199.09,0.755657,0.617557,0.0,2317970000.0,2317970000.0,0.108172,0.0,0.0120457,62.5494,0.45,1.0,40.0,50.0,0.2,100.0
traj_sweep_333,placement,1076.77,1278.42,671.65,671.65,606.0,606.0,0.623765,0.623765,633.0,23.0,23.0,4048.0,4048.0,755.77,1.24722,746.46,9.31,1.24722,374.0,0.708605,72.0,0.00119683,1.54467e-05,0.000924256,0.00213653,2735.06,2316100000.0,2316100000.0,0.107589,0.0,0.0155462,1076.77,1278.42,671.65,671.65,606.0,606.0,0.623765,0.623765,633.0,23.0,23.0,4048.0,4048.0,0.00119683,1.54467e-05,0.000924256,0.00213653,0.760254,0.620997,0.0,2316100000.0,2316100000.0,0.107589,0.0,0.0155462,1076.77,1278.42,671.65,671.65,606.0,606.0,5.0655,1.225,742.52,0.623765,0.623765,633.0,23.0,23.0,4048.0,4048.0,752768.0,14.0,1.0,0.00119713,1.54467e-05,0.000929885,0.00214247,3111.44,0.767821,0.622304,0.0,2313050000.0,2313050000.0,0.108065,0.0,0.0139368,62.3765,0.46,1.0,40.0,50.0,0.2,100.0
traj_sweep_334,placement,1076.77,1278.42,670.054,670.054,604.0,604.0,0.622283,0.622283,631.0,23.0,23.0,4048.0,4048.0,754.174,1.03341,746.46,7.714,1.03341,370.0,0.713027,73.0,0.00116858,1.54042e-05,0.000901304,0.00208529,2719.89,2294620000.0,2294620000.0,0.106999,0.0,0.0241899,1076.77,1278.42,670.054,670.054,604.0,604.0,0.622283,0.622283,631.0,23.0,23.0,4048.0,4048.0,0.00116858,1.54042e-05,0.000901304,0.00208529,0.773888,0.524136,0.0,2294620000.0,2294620000.0,0.106999,0.0,0.0241899,1076.77,1278.42,670.054,670.054,604.0,604.0,6.015,1.232,744.154,0.622283,0.622283,631.0,23.0,23.0,4048.0,4048.0,733257.0,13.0,1.0,0.00116865,1.54042e-05,0.000904861,0.00208891,3086.52,0.777801,0.528174,0.0,2298690000.0,2298690000.0,0.108072,0.0,0.0228211,62.2283,0.47,1.0,40.0,50.0,0.2,100.0
traj_sweep_335,placement,1076.77,1278.42,669.256,669.256,604.0,604.0,0.621542,0.621542,631.0,23.0,23.0,4048.0,4048.0,753.376,0.926506,746.46,6.916,0.926506,371.0,0.708539,72.0,0.00113981,1.53689e-05,0.000885249,0.00204043,2735.65,2289080000.0,2289080000.0,0.107629,0.0,0.0285108,1076.77,1278.42,669.256,669.256,604.0,604.0,0.621542,0.621542,631.0,23.0,23.0,4048.0,4048.0,0.00113981,1.53689e-05,0.000885249,0.00204043,0.795779,0.541864,0.0,2289080000.0,2289080000.0,0.107629,0.0,0.0285108,1076.77,1278.42,669.256,669.256,604.0,604.0,5.5785,1.2275,741.438,0.621542,0.621542,631.0,23.0,23.0,4048.0,4048.0,809004.0,15.0,2.0,0.00113969,1.53689e-05,0.000886621,0.00204168,3140.15,0.776793,0.543052,0.0,2288950000.0,2288950000.0,0.108235,0.0,0.026102,62.1542,0.48,1.0,40.0,50.0,0.2,100.0
traj_sweep_336,placement,1076.77,1278.42,666.596,666.596,602.0,602.0,0.619071,0.619071,629.0,23.0,23.0,4048.0,4048.0,750.716,0.570158,746.46,4.256,0.570158,380.0,0.706286,71.0,0.00111354,1.52579e-05,0.000869491,0.00199828,2689.16,2282520000.0,2282520000.0,0.10686,0.0,0.0403055,1076.77,1278.42,666.596,666.596,602.0,602.0,0.619071,0.619071,629.0,23.0,23.0,4048.0,4048.0,0.00111354,1.52579e-05,0.000869491,0.00199828,0.781495,0.628291,0.0,2282520000.0,2282520000.0,0.10686,0.0,0.0403055,1076.77,1278.42,666.596,666.596,602.0,602.0,3.8935,1.2585,757.774,0.619071,0.619071,629.0,23.0,23.0,4048.0,4048.0,844554.0,16.0,1.0,0.00111358,1.52579e-05,0.000870038,0.00199888,3111.44,0.776162,0.619543,0.0,2269050000.0,2269050000.0,0.107455,0.0,0.0389124,61.9071,0.49,1.0,40.0,50.0,0.2,100.0
traj_sweep_337,placement,1076.77,1278.42,666.596,666.596,602.0,602.0,0.619071,0.619071,629.0,23.0,23.0,4048.0,4048.0,750.716,0.570158,746.46,4.256,0.570158,375.0,0.704894,71.0,0.00109121,1.52579e-05,0.000850024,0.0019565,2669.4,2269210000.0,2269210000.0,0.107076,0.0,0.045763,1076.77,1278.42,666.596,666.596,602.0,602.0,0.619071,0.619071,629.0,23.0,23.0,4048.0,4048.0,0.00109121,1.52579e-05,0.000850024,0.0019565,0.776907,0.628491,0.0,2269210000.0,2269210000.0,0.107076,0.0,0.045763,1076.77,1278.42,666.596,666.596,602.0,602.0,4.4125,1.221,735.048,0.619071,0.619071,629.0,23.0,23.0,4048.0,4048.0,830371.0,16.0,2.0,0.00109135,1.52579e-05,0.000852915,0.00195952,3084.59,0.757792,0.628112,0.0,2255650000.0,2255650000.0,0.107941,0.0,0.0452241,61.9071,0.5,1.0,40.0,50.0,0.2,100.0
traj_sweep_338,placement,1076.77,1278.42,666.33,666.33,602.0,602.0,0.618824,0.618824,629.0,23.0,23.0,4048.0,4048.0,750.45,0.534523,746.46,3.99,0.534523,375.0,0.695823,72.0,0.00106907,1.5237e-05,0.000828031,0.00191234,2678.92,2210120000.0,2210120000.0,0.107082,0.0,0.057535,1076.77,1278.42,666.33,666.33,602.0,602.0,0.618824,0.618824,629.0,23.0,23.0,4048.0,4048.0,0.00106907,1.5237e-05,0.000828031,0.00191234,0.759092,0.606783,0.0,2210120000.0,2210120000.0,0.107082,0.0,0.057535,1076.77,1278.42,666.33,666.33,602.0,602.0,4.0,1.2625,760.158,0.618824,0.618824,629.0,23.0,23.0,4048.0,4048.0,771474.0,14.0,2.0,0.00106918,1.5237e-05,0.000833001,0.00191741,3064.66,0.782699,0.61243,0.0,2213170000.0,2213170000.0,0.107464,0.0,0.0557622,61.8824,0.51,1.0,40.0,50.0,0.2,100.0
traj_sweep_339,placement,1076.77,1278.42,666.596,666.596,602.0,602.0,0.619071,0.619071,629.0,23.0,23.0,4048.0,4048.0,750.716,0.570158,746.46,4.256,0.570158,375.0,0.693292,70.0,0.00105001,1.52594e-05,0.000819116,0.00188438,2716.0,2286780000.0,2286780000.0,0.107137,0.0,0.0645186,1076.77,1278.42,666.596,666.596,602.0,602.0,0.619071,0.619071,629.0,23.0,23.0,4048.0,4048.0,0.00105001,1.52594e-05,0.000819116,0.00188438,0.783777,0.627299,0.0,2286780000.0,2286780000.0,0.107137,0.0,0.0645186,1076.77,1278.42,666.596,666.596,602.0,602.0,4.0475,1.2435,748.743,0.619071,0.619071,629.0,23.0,23.0,4048.0,4048.0,770249.0,14.0,2.0,0.00105008,1.52594e-05,0.000820859,0.0018862,3101.12,0.793141,0.621339,0.0,2271980000.0,2271980000.0,0.10796,0.0,0.0631478,61.9071,0.52,1.0,40.0,50.0,0.2,100.0
traj_sweep_340,placement,1076.77,1278.42,666.596,666.596,602.0,602.0,0.619071,0.619071,629.0,23.0,23.0,4048.0,4048.0,750.716,0.570158,746.46,4.256,0.570158,374.0,0.706648,70.0,0.00102993,1.52594e-05,0.000801395,0.00184659,2695.81,2278370000.0,2278370000.0,0.106966,0.0,0.0676938,1076.77,1278.42,666.596,666.596,602.0,602.0,0.619071,0.619071,629.0,23.0,23.0,4048.0,4048.0,0.00102993,1.52594e-05,0.000801395,0.00184659,0.788523,0.625122,0.0,2278370000.0,2278370000.0,0.106966,0.0,0.0676938,1076.77,1278.42,666.596,666.596,602.0,602.0,3.9275,1.2615,759.659,0.619071,0.619071,629.0,23.0,23.0,4048.0,4048.0,804258.0,15.0,1.0,0.00102991,1.52594e-05,0.000803123,0.00184829,3097.93,0.805667,0.625643,0.0,2261850000.0,2261850000.0,0.107814,0.0,0.0692823,61.9071,0.53,1.0,40.0,50.0,0.2,100.0
traj_sweep_341,placement,1076.77,1278.42,666.596,666.596,602.0,602.0,0.619071,0.619071,629.0,23.0,23.0,4048.0,4048.0,750.716,0.570158,746.46,4.256,0.570158,374.0,0.686049,70.0,0.00101058,1.52594e-05,0.000780247,0.00180609,2687.03,2204030000.0,2204030000.0,0.107222,0.0,0.0811843,1076.77,1278.42,666.596,666.596,602.0,602.0,0.619071,0.619071,629.0,23.0,23.0,4048.0,4048.0,0.00101058,1.52594e-05,0.000780247,0.00180609,0.761247,0.610633,0.0,2204030000.0,2204030000.0,0.107222,0.0,0.0811843,1076.77,1278.42,666.596,666.596,602.0,602.0,3.818,1.258,757.372,0.619071,0.619071,629.0,23.0,23.0,4048.0,4048.0,744449.0,14.0,2.0,0.00101081,1.52594e-05,0.000785073,0.00181114,3059.26,0.777538,0.6163,0.0,2193620000.0,2193620000.0,0.107649,0.0,0.0792383,61.9071,0.54,1.0,40.0,50.0,0.2,100.0
traj_sweep_342,placement,1076.77,1278.42,666.33,666.33,602.0,602.0,0.618824,0.618824,629.0,23.0,23.0,4048.0,4048.0,750.45,0.534523,746.46,3.99,0.534523,373.0,0.704334,70.0,0.000991288,1.5237e-05,0.000765135,0.00177166,2716.11,2206710000.0,2206710000.0,0.106961,0.0,0.0891779,1076.77,1278.42,666.33,666.33,602.0,602.0,0.618824,0.618824,629.0,23.0,23.0,4048.0,4048.0,0.000991288,1.5237e-05,0.000765135,0.00177166,0.779854,0.617329,0.0,2206710000.0,2206710000.0,0.106961,0.0,0.0891779,1076.77,1278.42,666.33,666.33,602.0,602.0,4.4145,1.2475,751.177,0.618824,0.618824,629.0,23.0,23.0,4048.0,4048.0,791460.0,15.0,2.0,0.000991397,1.5237e-05,0.000769106,0.00177574,3111.84,0.777039,0.615888,0.0,2196330000.0,2196330000.0,0.107847,0.0,0.0882807,61.8824,0.55,1.0,40.0,50.0,0.2,100.0
traj_sweep_343,placement,1076.77,1278.42,665.532,665.532,601.0,601.0,0.618083,0.618083,628.0,23.0,23.0,4048.0,4048.0,749.652,0.427618,746.46,3.192,0.427618,373.0,0.694979,70.0,0.000974351,1.52173e-05,0.000751511,0.00174108,2711.49,2199160000.0,2199160000.0,0.106952,0.0,0.0970277,1076.77,1278.42,665.532,665.532,601.0,601.0,0.618083,0.618083,628.0,23.0,23.0,4048.0,4048.0,0.000974351,1.52173e-05,0.000751511,0.00174108,0.781041,0.555861,0.0,2199160000.0,2199160000.0,0.106952,0.0,0.0970277,1076.77,1278.42,665.532,665.532,601.0,601.0,4.7965,1.2775,767.861,0.618083,0.618083,628.0,23.0,23.0,4048.0,4048.0,817969.0,15.0,1.0,0.000974578,1.52173e-05,0.000756646,0.00174644,3120.48,0.783211,0.555066,0.0,2216690000.0,2216690000.0,0.107741,0.0,0.0942693,61.8083,0.56,1.0,40.0,50.0,0.2,100.0
traj_sweep_344,placement,1076.77,1278.42,665.532,665.532,601.0,601.0,0.618083,0.618083,628.0,23.0,23.0,4048.0,4048.0,749.652,0.427618,746.46,3.192,0.427618,373.0,0.694979,70.0,0.000957257,1.52173e-05,0.000738326,0.0017108,2711.49,2199160000.0,2199160000.0,0.106952,0.0,0.105028,1076.77,1278.42,665.532,665.532,601.0,601.0,0.618083,0.618083,628.0,23.0,23.0,4048.0,4048.0,0.000957257,1.52173e-05,0.000738326,0.0017108,0.781041,0.555861,0.0,2199160000.0,2199160000.0,0.106952,0.0,0.105028,1076.77,1278.42,665.532,665.532,601.0,601.0,4.7965,1.2775,767.861,0.618083,0.618083,628.0,23.0,23.0,4048.0,4048.0,817969.0,15.0,1.0,0.000957479,1.52173e-05,0.000743371,0.00171607,3120.48,0.783211,0.555066,0.0,2216690000.0,2216690000.0,0.107741,0.0,0.102269,61.8083,0.57,1.0,40.0,50.0,0.2,100.0
traj_sweep_345,placement,1076.77,1278.42,665.0,665.0,600.0,600.0,0.617589,0.617589,627.0,23.0,23.0,4048.0,4048.0,749.12,0.356349,746.46,2.66,0.356349,375.0,0.678675,71.0,0.00094159,1.52175e-05,0.000725099,0.00168191,2692.67,2201120000.0,2201120000.0,0.10706,0.0,0.112814,1076.77,1278.42,665.0,665.0,600.0,600.0,0.617589,0.617589,627.0,23.0,23.0,4048.0,4048.0,0.00094159,1.52175e-05,0.000725099,0.00168191,0.805662,0.476995,0.0,2201120000.0,2201120000.0,0.10706,0.0,0.112814,1076.77,1278.42,665.0,665.0,600.0,600.0,4.482,1.307,784.475,0.617589,0.617589,627.0,23.0,23.0,4048.0,4048.0,773021.0,14.0,3.0,0.000941816,1.52175e-05,0.000728482,0.00168552,3079.18,0.772985,0.479981,0.0,2211540000.0,2211540000.0,0.107598,0.0,0.111375,61.7589,0.58,1.0,40.0,50.0,0.2,100.0
traj_sweep_346,placement,1076.77,1278.42,665.0,665.0,600.0,600.0,0.617589,0.617589,627.0,23.0,23.0,4048.0,4048.0,749.12,0.356349,746.46,2.66,0.356349,374.0,0.697135,70.0,0.000925183,1.52175e-05,0.0007139,0.0016543,2708.35,2195300000.0,2195300000.0,0.106945,0.0,0.120927,1076.77,1278.42,665.0,665.0,600.0,600.0,0.617589,0.617589,627.0,23.0,23.0,4048.0,4048.0,0.000925183,1.52175e-05,0.0007139,0.0016543,0.780832,0.552578,0.0,2195300000.0,2195300000.0,0.106945,0.0,0.120927,1076.77,1278.42,665.0,665.0,600.0,600.0,4.3985,1.2475,748.779,0.617589,0.617589,627.0,23.0,23.0,4048.0,4048.0,798510.0,15.0,1.0,0.000925239,1.52175e-05,0.000718481,0.00165894,3107.61,0.793739,0.558289,0.0,2203710000.0,2203710000.0,0.107414,0.0,0.117854,61.7589,0.59,1.0,40.0,50.0,0.2,100.0
traj_sweep_347,placement,1076.77,1278.42,665.798,665.798,600.0,600.0,0.61833,0.61833,627.0,23.0,23.0,4048.0,4048.0,749.918,0.463253,746.46,3.458,0.463253,376.0,0.693021,70.0,0.000910361,1.5262e-05,0.000701221,0.00162684,2699.62,2207480000.0,2207480000.0,0.107079,0.0,0.128742,1076.77,1278.42,665.798,665.798,600.0,600.0,0.61833,0.61833,627.0,23.0,23.0,4048.0,4048.0,0.000910361,1.5262e-05,0.000701221,0.00162684,0.760498,0.553864,0.0,2207480000.0,2207480000.0,0.107079,0.0,0.128742,1076.77,1278.42,665.798,665.798,600.0,600.0,4.1775,1.2565,754.09,0.61833,0.61833,627.0,23.0,23.0,4048.0,4048.0,765080.0,14.0,1.0,0.000910546,1.5262e-05,0.000706644,0.00163245,3082.16,0.737633,0.555381,0.0,2213080000.0,2213080000.0,0.107399,0.0,0.125865,61.833,0.6,1.0,40.0,50.0,0.2,100.0
traj_sweep_348,placement,1076.77,1278.42,665.798,665.798,600.0,600.0,0.61833,0.61833,627.0,23.0,23.0,4048.0,4048.0,749.918,0.463253,746.46,3.458,0.463253,376.0,0.69283,70.0,0.000895437,1.5262e-05,0.000689629,0.00160033,2698.47,2207910000.0,2207910000.0,0.107082,0.0,0.136673,1076.77,1278.42,665.798,665.798,600.0,600.0,0.61833,0.61833,627.0,23.0,23.0,4048.0,4048.0,0.000895437,1.5262e-05,0.000689629,0.00160033,0.760264,0.554094,0.0,2207910000.0,2207910000.0,0.107082,0.0,0.136673,1076.77,1278.42,665.798,665.798,600.0,600.0,4.305,1.257,754.273,0.61833,0.61833,627.0,23.0,23.0,4048.0,4048.0,786179.0,15.0,1.0,0.000895804,1.5262e-05,0.000694222,0.00160529,3091.56,0.746471,0.553293,0.0,2213960000.0,2213960000.0,0.107961,0.0,0.135101,61.833,0.61,1.0,40.0,50.0,0.2,100.0
traj_sweep_349,placement,1076.77,1278.42,665.0,665.0,600.0,600.0,0.617589,0.617589,627.0,23.0,23.0,4048.0,4048.0,749.12,0.356349,746.46,2.66,0.356349,374.0,0.691376,67.0,0.000880659,1.52175e-05,0.000678072,0.00157395,2705.83,2211680000.0,2211680000.0,0.107034,0.0,0.145535,1076.77,1278.42,665.0,665.0,600.0,600.0,0.617589,0.617589,627.0,23.0,23.0,4048.0,4048.0,0.000880659,1.52175e-05,0.000678072,0.00157395,0.762737,0.553101,0.0,2211680000.0,2211680000.0,0.107034,0.0,0.145535,1076.77,1278.42,665.0,665.0,600.0,600.0,3.681,1.2475,748.683,0.617589,0.617589,627.0,23.0,23.0,4048.0,4048.0,781929.0,14.0,1.0,0.000880932,1.52175e-05,0.000683473,0.00157962,3096.8,0.767821,0.550712,0.0,2219030000.0,2219030000.0,0.107981,0.0,0.140749,61.7589,0.62,1.0,40.0,50.0,0.2,100.0
traj_sweep_350,placement,1076.77,1278.42,843.486,843.486,721.0,721.0,0.78335,0.78335,748.0,23.0,23.0,4048.0,4048.0,903.916,14.256,791.132,112.784,14.256,371.0,0.730149,64.0,0.00518238,2.14569e-05,0.00375436,0.0089582,2922.38,2504100000.0,2504100000.0,0.0707255,-12.261,-0.259345,1076.77,1278.42,843.486,843.486,721.0,721.0,0.78335,0.78335,748.0,23.0,23.0,4048.0,4048.0,0.00518238,2.14569e-05,0.00375436,0.0089582,0.753434,0.747225,53.0,2504100000.0,2504100000.0,0.0707255,-12.261,-0.259345,1076.77,1278.42,843.486,843.486,721.0,721.0,5.1425,1.315,948.243,0.78335,0.78335,748.0,23.0,23.0,4048.0,4048.0,1287510.0,22.0,5.0,0.00518293,2.14569e-05,0.00378663,0.00899102,3566.14,0.767749,0.754155,53.0,2473390000.0,2473390000.0,0.0710168,-12.3958,-0.264303,78.335,0.14,1.0,41.0,50.0,0.2,100.0
traj_sweep_351,placement,1076.77,1278.42,841.624,841.624,719.0,719.0,0.781621,0.781621,746.0,23.0,23.0,4048.0,4048.0,902.054,14.0207,791.132,110.922,14.0207,370.0,0.704469,65.0,0.00480793,2.14161e-05,0.00349398,0.00832333,2907.58,2505990000.0,2505990000.0,0.072749,-11.7383,-0.249043,1076.77,1278.42,841.624,841.624,719.0,719.0,0.781621,0.781621,746.0,23.0,23.0,4048.0,4048.0,0.00480793,2.14161e-05,0.00349398,0.00832333,0.758687,0.749767,53.0,2505990000.0,2505990000.0,0.072749,-11.7383,-0.249043,1076.77,1278.42,841.624,841.624,719.0,719.0,4.8725,1.3255,953.133,0.781621,0.781621,746.0,23.0,23.0,4048.0,4048.0,1285030.0,22.0,5.0,0.00480928,2.14161e-05,0.00352779,0.00835848,3550.1,0.756463,0.748691,53.0,2481860000.0,2481860000.0,0.0728213,-11.8779,-0.252924,78.1621,0.15,1.0,41.0,50.0,0.2,100.0
traj_sweep_352,placement,1076.77,1278.42,841.624,841.624,719.0,719.0,0.781621,0.781621,746.0,23.0,23.0,4048.0,4048.0,902.054,14.0207,791.132,110.922,14.0207,372.0,0.695239,65.0,0.0045079,2.1417e-05,0.00327454,0.00780386,2914.82,2503090000.0,2503090000.0,0.0748557,-11.2447,-0.239506,1076.77,1278.42,841.624,841.624,719.0,719.0,0.781621,0.781621,746.0,23.0,23.0,4048.0,4048.0,0.0045079,2.1417e-05,0.00327454,0.00780386,0.765023,0.752836,53.0,2503090000.0,2503090000.0,0.0748557,-11.2447,-0.239506,1076.77,1278.42,841.624,841.624,719.0,719.0,6.216,1.2615,907.064,0.781621,0.781621,746.0,23.0,23.0,4048.0,4048.0,1199360.0,21.0,4.0,0.00450863,2.1417e-05,0.00330406,0.00783411,3514.5,0.774834,0.757582,53.0,2481090000.0,2481090000.0,0.0744838,-11.3747,-0.243049,78.1621,0.16,1.0,41.0,50.0,0.2,100.0
traj_sweep_353,placement,1076.77,1278.42,837.9,837.9,715.0,715.0,0.778162,0.778162,742.0,23.0,23.0,4048.0,4048.0,898.33,13.5499,791.132,107.198,13.5499,379.0,0.716833,65.0,0.0041912,2.1286e-05,0.00307186,0.00728435,2923.74,2501640000.0,2501640000.0,0.0768685,-10.7012,-0.229738,1076.77,1278.42,837.9,837.9,715.0,715.0,0.778162,0.778162,742.0,23.0,23.0,4048.0,4048.0,0.0041912,2.1286e-05,0.00307186,0.00728435,0.775278,0.757796,53.0,2501640000.0,2501640000.0,0.0768685,-10.7012,-0.229738,1076.77,1278.42,837.9,837.9,715.0,715.0,4.813,1.27,908.406,0.778162,0.778162,742.0,23.0,23.0,4048.0,4048.0,1200060.0,21.0,6.0,0.00419188,2.1286e-05,0.00309598,0.00730914,3523.76,0.775914,0.758103,53.0,2489660000.0,2489660000.0,0.0777462,-10.8162,-0.231661,77.8162,0.17,1.0,41.0,50.0,0.2,100.0
traj_sweep_354,placement,1076.77,1278.42,835.506,835.506,712.0,712.0,0.775939,0.775939,739.0,23.0,23.0,4048.0,4048.0,895.936,13.2473,791.132,104.804,13.2473,378.0,0.713634,65.0,0.00391684,2.12227e-05,0.00288572,0.00682379,2915.62,2502940000.0,2502940000.0,0.0787703,-10.1664,-0.21953,1076.77,1278.42,835.506,835.506,712.0,712.0,0.775939,0.775939,739.0,23.0,23.0,4048.0,4048.0,0.00391684,2.12227e-05,0.00288572,0.00682379,0.755825,0.748382,53.0,2502940000.0,2502940000.0,0.0787703,-10.1664,-0.21953,1076.77,1278.42,835.506,835.506,712.0,712.0,4.6885,1.348,960.011,0.775939,0.775939,739.0,23.0,23.0,4048.0,4048.0,1276570.0,22.0,3.0,0.00391767,2.12227e-05,0.00290764,0.00684654,3553.91,0.786154,0.763055,53.0,2485070000.0,2485070000.0,0.0791,-10.2739,-0.222404,77.5939,0.18,1.0,41.0,50.0,0.2,100.0
traj_sweep_355,placement,1076.77,1278.42,835.506,835.506,712.0,712.0,0.775939,0.775939,739.0,23.0,23.0,4048.0,4048.0,895.936,13.2473,791.132,104.804,13.2473,378.0,0.713638,65.0,0.00371068,2.12227e-05,0.00273348,0.00646538,2915.98,2502680000.0,2502680000.0,0.080778,-9.67277,-0.209572,1076.77,1278.42,835.506,835.506,712.0,712.0,0.775939,0.775939,739.0,23.0,23.0,4048.0,4048.0,0.00371068,2.12227e-05,0.00273348,0.00646538,0.756972,0.748937,53.0,2502680000.0,2502680000.0,0.080778,-9.67277,-0.209572,1076.77,1278.42,835.506,835.506,712.0,712.0,5.056,1.2895,918.157,0.775939,0.775939,739.0,23.0,23.0,4048.0,4048.0,1220110.0,21.0,3.0,0.00371167,2.12227e-05,0.00275324,0.00648613,3526.04,0.775842,0.758069,53.0,2484250000.0,2484250000.0,0.08072,-9.79155,-0.212536,77.5939,0.19,1.0,41.0,50.0,0.2,100.0
traj_sweep_356,placement,1076.77,1278.42,834.974,834.974,711.0,711.0,0.775445,0.775445,738.0,23.0,23.0,4048.0,4048.0,895.404,13.1801,791.132,104.272,13.1801,379.0,0.7193,65.0,0.0035138,2.12246e-05,0.00259565,0.00613068,2924.94,2502430000.0,2502430000.0,0.0828218,-9.14868,-0.199611,1076.77,1278.42,834.974,834.974,711.0,711.0,0.775445,0.775445,738.0,23.0,23.0,4048.0,4048.0,0.0035138,2.12246e-05,0.00259565,0.00613068,0.771763,0.756097,53.0,2502430000.0,2502430000.0,0.0828218,-9.14868,-0.199611,1076.77,1278.42,834.974,834.974,711.0,711.0,5.335,1.269,902.301,0.775445,0.775445,738.0,23.0,23.0,4048.0,4048.0,1130190.0,19.0,4.0,0.00351491,2.12246e-05,0.00261502,0.00615115,3490.04,0.774027,0.757191,53.0,2484000000.0,2484000000.0,0.0828148,-9.25491,-0.202577,77.5445,0.2,1.0,41.0,50.0,0.2,100.0
traj_sweep_357,placement,1076.77,1278.42,832.58,832.58,708.0,708.0,0.773221,0.773221,735.0,23.0,23.0,4048.0,4048.0,893.01,12.8775,791.132,101.878,12.8775,376.0,0.701202,66.0,0.00332338,2.1157e-05,0.00246717,0.00581171,2913.92,2503540000.0,2503540000.0,0.0847914,-8.58268,-0.189435,1076.77,1278.42,832.58,832.58,708.0,708.0,0.773221,0.773221,735.0,23.0,23.0,4048.0,4048.0,0.00332338,2.1157e-05,0.00246717,0.00581171,0.76862,0.754577,53.0,2503540000.0,2503540000.0,0.0847914,-8.58268,-0.189435,1076.77,1278.42,832.58,832.58,708.0,708.0,4.276,1.2575,890.662,0.773221,0.773221,735.0,23.0,23.0,4048.0,4048.0,1146450.0,20.0,2.0,0.00332386,2.1157e-05,0.00248359,0.00582861,3487.14,0.76648,0.753541,53.0,2484330000.0,2484330000.0,0.0848952,-8.72379,-0.192523,77.3221,0.21,1.0,41.0,50.0,0.2,100.0
traj_sweep_358,placement,1076.77,1278.42,830.718,830.718,705.0,705.0,0.771492,0.771492,732.0,23.0,23.0,4048.0,4048.0,891.148,12.6421,791.132,100.016,12.6421,379.0,0.734526,66.0,0.00315413,2.11153e-05,0.00234778,0.00552303,2914.11,2501870000.0,2501870000.0,0.0868799,-8.07462,-0.179702,1076.77,1278.42,830.718,830.718,705.0,705.0,0.771492,0.771492,732.0,23.0,23.0,4048.0,4048.0,0.00315413,2.11153e-05,0.00234778,0.00552303,0.766883,0.753736,53.0,2501870000.0,2501870000.0,0.0868799,-8.07462,-0.179702,1076.77,1278.42,830.718,830.718,705.0,705.0,5.405,1.282,903.962,0.771492,0.771492,732.0,23.0,23.0,4048.0,4048.0,1173420.0,20.0,4.0,0.00315482,2.11153e-05,0.00236833,0.00554427,3500.82,0.774799,0.757565,53.0,2485180000.0,2485180000.0,0.0870924,-8.1763,-0.182385,77.1492,0.22,1.0,41.0,50.0,0.2,100.0
traj_sweep_359,placement,1076.77,1278.42,832.314,832.314,706.0,706.0,0.772974,0.772974,733.0,23.0,23.0,4048.0,4048.0,892.744,12.8439,791.132,101.612,12.8439,379.0,0.716815,67.0,0.00302706,2.11997e-05,0.0022496,0.00529786,2911.39,2495760000.0,2495760000.0,0.0886463,-7.53016,-0.170679,1076.77,1278.42,832.314,832.314,706.0,706.0,0.772974,0.772974,733.0,23.0,23.0,4048.0,4048.0,0.00302706,2.11997e-05,0.0022496,0.00529786,0.769668,0.755083,53.0,2495760000.0,2495760000.0,0.0886463,-7.53016,-0.170679,1076.77,1278.42,832.314,832.314,706.0,706.0,5.62,1.3015,919.091,0.772974,0.772974,733.0,23.0,23.0,4048.0,4048.0,1246710.0,21.0,4.0,0.00302764,2.11997e-05,0.00226803,0.00531687,3534.75,0.75516,0.74806,53.0,2471930000.0,2471930000.0,0.0886847,-7.66252,-0.174542,77.2974,0.23,1.0,41.0,50.0,0.2,100.0
traj_sweep_360,placement,1076.77,1278.42,835.772,835.772,712.0,712.0,0.776186,0.776186,739.0,23.0,23.0,4048.0,4048.0,896.169,13.4341,790.035,106.134,13.4341,372.0,0.707283,66.0,0.00290975,2.12588e-05,0.00216149,0.0050925,2918.16,2495710000.0,2495710000.0,0.0906492,-7.13124,-0.160688,1076.77,1278.42,835.772,835.772,712.0,712.0,0.776186,0.776186,739.0,23.0,23.0,4048.0,4048.0,0.00290975,2.12588e-05,0.00216149,0.0050925,0.779387,0.759784,52.0,2495710000.0,2495710000.0,0.0906492,-7.13124,-0.160688,1076.77,1278.42,835.772,835.772,712.0,712.0,6.3065,1.3505,961.746,0.776186,0.776186,739.0,23.0,23.0,4048.0,4048.0,1427450.0,24.0,5.0,0.00291008,2.12588e-05,0.00217777,0.00510911,3631.89,0.771557,0.755997,52.0,2473540000.0,2473540000.0,0.0907267,-7.27585,-0.164279,77.6186,0.24,1.0,41.0,50.0,0.2,100.0
traj_sweep_361,placement,1076.77,1278.42,827.526,827.526,711.0,711.0,0.768528,0.768528,738.0,23.0,23.0,4048.0,4048.0,888.475,13.2197,784.735,103.74,13.2197,375.0,0.72427,66.0,0.00277926,2.08669e-05,0.0020474,0.00484752,2925.08,2506480000.0,2506480000.0,0.0923091,-6.6275,-0.148966,1076.77,1278.42,827.526,827.526,711.0,711.0,0.768528,0.768528,738.0,23.0,23.0,4048.0,4048.0,0.00277926,2.08669e-05,0.0020474,0.00484752,0.740788,0.741106,51.0,2506480000.0,2506480000.0,0.0923091,-6.6275,-0.148966,1076.77,1278.42,827.526,827.526,711.0,711.0,5.5015,1.349,959.171,0.768528,0.768528,738.0,23.0,23.0,4048.0,4048.0,1165690.0,20.0,3.0,0.0027797,2.08669e-05,0.00206606,0.00486662,3507.92,0.743718,0.742523,51.0,2494110000.0,2494110000.0,0.0928891,-6.72652,-0.150944,76.8528,0.25,1.0,41.0,50.0,0.2,100.0
traj_sweep_362,placement,1076.77,1278.42,826.196,826.196,709.0,709.0,0.767292,0.767292,736.0,23.0,23.0,4048.0,4048.0,887.025,13.1674,783.817,103.208,13.1674,373.0,0.706494,64.0,0.0026498,2.08163e-05,0.00196859,0.00463921,2906.12,2489760000.0,2489760000.0,0.0946315,-6.10281,-0.141645,1076.77,1278.42,826.196,826.196,709.0,709.0,0.767292,0.767292,736.0,23.0,23.0,4048.0,4048.0,0.0026498,2.08163e-05,0.00196859,0.00463921,0.759616,0.750217,50.0,2489760000.0,2489760000.0,0.0946315,-6.10281,-0.141645,1076.77,1278.42,826.196,826.196,709.0,709.0,5.781,1.368,970.221,0.767292,0.767292,736.0,23.0,23.0,4048.0,4048.0,1248360.0,21.0,3.0,0.00264987,2.08163e-05,0.00198455,0.00465523,3530.3,0.761959,0.751353,50.0,2464880000.0,2464880000.0,0.0948005,-6.24526,-0.145699,76.7292,0.26,1.0,41.0,50.0,0.2,100.0
traj_sweep_363,placement,1076.77,1278.42,822.472,822.472,710.0,710.0,0.763834,0.763834,737.0,23.0,23.0,4048.0,4048.0,883.386,12.9976,781.774,101.612,12.9976,374.0,0.712297,68.0,0.0025397,2.05917e-05,0.00188833,0.00444863,2860.33,2491140000.0,2491140000.0,0.0965178,-5.74567,-0.131423,1076.77,1278.42,822.472,822.472,710.0,710.0,0.763834,0.763834,737.0,23.0,23.0,4048.0,4048.0,0.0025397,2.05917e-05,0.00188833,0.00444863,0.753921,0.747461,49.0,2491140000.0,2491140000.0,0.0965178,-5.74567,-0.131423,1076.77,1278.42,822.472,822.472,710.0,710.0,5.501,1.322,938.627,0.763834,0.763834,737.0,23.0,23.0,4048.0,4048.0,1225540.0,21.0,3.0,0.00254023,2.05917e-05,0.0019044,0.00446522,3473.1,0.75764,0.74926,49.0,2466460000.0,2466460000.0,0.0964875,-5.85826,-0.135439,76.3834,0.27,1.0,41.0,50.0,0.2,100.0
traj_sweep_364,placement,1076.77,1278.42,823.536,823.536,711.0,711.0,0.764822,0.764822,738.0,23.0,23.0,4048.0,4048.0,884.45,13.1337,781.774,102.676,13.1337,376.0,0.718272,68.0,0.00244768,2.06349e-05,0.00181855,0.00428686,2871.06,2484540000.0,2484540000.0,0.0983615,-5.26336,-0.122489,1076.77,1278.42,823.536,823.536,711.0,711.0,0.764822,0.764822,738.0,23.0,23.0,4048.0,4048.0,0.00244768,2.06349e-05,0.00181855,0.00428686,0.789292,0.764572,49.0,2484540000.0,2484540000.0,0.0983615,-5.26336,-0.122489,1076.77,1278.42,823.536,823.536,711.0,711.0,4.9025,1.3285,944.769,0.764822,0.764822,738.0,23.0,23.0,4048.0,4048.0,1220630.0,21.0,2.0,0.0024486,2.06349e-05,0.00183445,0.00430369,3481.37,0.789965,0.764898,49.0,2442210000.0,2442210000.0,0.0988796,-5.40333,-0.129464,76.4822,0.28,1.0,41.0,50.0,0.2,100.0
traj_sweep_365,placement,1076.77,1278.42,818.482,818.482,702.0,702.0,0.760128,0.760128,729.0,23.0,23.0,4048.0,4048.0,879.396,12.4872,781.774,97.622,12.4872,373.0,0.697093,65.0,0.00235573,2.06005e-05,0.001753,0.00412933,2890.52,2459180000.0,2459180000.0,0.10058,-4.80477,-0.116639,1076.77,1278.42,818.482,818.482,702.0,702.0,0.760128,0.760128,729.0,23.0,23.0,4048.0,4048.0,0.00235573,2.06005e-05,0.001753,0.00412933,0.765795,0.75321,49.0,2459180000.0,2459180000.0,0.10058,-4.80477,-0.116639,1076.77,1278.42,818.482,818.482,702.0,702.0,5.2705,1.2845,902.028,0.760128,0.760128,729.0,23.0,23.0,4048.0,4048.0,1161240.0,20.0,2.0,0.00235619,2.06005e-05,0.00176616,0.00414296,3471.13,0.774027,0.757192,49.0,2442440000.0,2442440000.0,0.101125,-4.90077,-0.119427,76.0128,0.29,1.0,41.0,50.0,0.2,100.0
traj_sweep_366,placement,1076.77,1278.42,818.216,818.216,703.0,703.0,0.759881,0.759881,730.0,23.0,23.0,4048.0,4048.0,879.13,12.4532,781.774,97.356,12.4532,374.0,0.698121,66.0,0.00229042,2.055e-05,0.00170174,0.00401271,2930.36,2488010000.0,2488010000.0,0.102494,-4.3351,-0.101927,1076.77,1278.42,818.216,818.216,703.0,703.0,0.759881,0.759881,730.0,23.0,23.0,4048.0,4048.0,0.00229042,2.055e-05,0.00170174,0.00401271,0.721931,0.72506,49.0,2488010000.0,2488010000.0,0.102494,-4.3351,-0.101927,1076.77,1278.42,818.216,818.216,703.0,703.0,6.1335,1.3265,932.586,0.759881,0.759881,730.0,23.0,23.0,4048.0,4048.0,1230530.0,21.0,4.0,0.0022908,2.055e-05,0.00171441,0.00402576,3545.62,0.72141,0.71763,49.0,2474260000.0,2474260000.0,0.1024,-4.42989,-0.104161,75.9881,0.3,1.0,41.0,50.0,0.2,100.0
traj_sweep_367,placement,1076.77,1278.42,813.694,813.694,704.0,704.0,0.755682,0.755682,731.0,23.0,23.0,4048.0,4048.0,875.8,12.545,778.178,97.622,12.545,372.0,0.716951,65.0,0.00220748,2.03812e-05,0.00162548,0.00385334,2798.91,2468660000.0,2468660000.0,0.104553,-3.87367,-0.0950781,1076.77,1278.42,813.694,813.694,704.0,704.0,0.755682,0.755682,731.0,23.0,23.0,4048.0,4048.0,0.00220748,2.03812e-05,0.00162548,0.00385334,0.754725,0.74785,48.0,2468660000.0,2468660000.0,0.104553,-3.87367,-0.0950781,1076.77,1278.42,813.694,813.694,704.0,704.0,5.25,1.3395,943.346,0.755682,0.755682,731.0,23.0,23.0,4048.0,4048.0,1348200.0,24.0,6.0,0.00220815,2.03812e-05,0.00164208,0.00387062,3473.01,0.763975,0.752329,48.0,2454300000.0,2454300000.0,0.105107,-4.00652,-0.0974479,75.5682,0.31,1.0,41.0,50.0,0.2,100.0
traj_sweep_368,placement,1076.77,1278.42,804.916,804.916,693.0,693.0,0.74753,0.74753,720.0,23.0,23.0,4048.0,4048.0,867.022,11.4169,778.178,88.844,11.4169,376.0,0.707363,66.0,0.00209775,2.01274e-05,0.00156171,0.00367959,2835.7,2496650000.0,2496650000.0,0.106358,-3.31344,-0.084481,1076.77,1278.42,804.916,804.916,693.0,693.0,0.74753,0.74753,720.0,23.0,23.0,4048.0,4048.0,0.00209775,2.01274e-05,0.00156171,0.00367959,0.760607,0.750696,48.0,2496650000.0,2496650000.0,0.106358,-3.31344,-0.084481,1076.77,1278.42,804.916,804.916,693.0,693.0,4.608,1.3505,936.081,0.74753,0.74753,720.0,23.0,23.0,4048.0,4048.0,1201620.0,21.0,4.0,0.00209825,2.01274e-05,0.00157658,0.00369496,3436.51,0.760274,0.750535,48.0,2476220000.0,2476220000.0,0.106896,-3.41434,-0.0843828,74.753,0.32,1.0,41.0,50.0,0.2,100.0
traj_sweep_369,placement,1076.77,1278.42,796.936,796.936,685.0,685.0,0.740119,0.740119,712.0,23.0,23.0,4048.0,4048.0,859.042,10.3915,778.178,80.864,10.3915,372.0,0.726176,69.0,0.00201355,1.98475e-05,0.00151631,0.00354971,2906.52,2478090000.0,2478090000.0,0.107378,-3.01323,-0.077181,1076.77,1278.42,796.936,796.936,685.0,685.0,0.740119,0.740119,712.0,23.0,23.0,4048.0,4048.0,0.00201355,1.98475e-05,0.00151631,0.00354971,0.785801,0.682511,47.0,2478090000.0,2478090000.0,0.107378,-3.01323,-0.077181,1076.77,1278.42,796.936,796.936,685.0,685.0,5.283,1.3555,928.736,0.740119,0.740119,712.0,23.0,23.0,4048.0,4048.0,1226450.0,21.0,3.0,0.00201395,1.98475e-05,0.00152682,0.00356062,3519.75,0.796764,0.675204,47.0,2465500000.0,2465500000.0,0.107687,-3.15266,-0.0784447,74.0119,0.33,1.0,41.0,50.0,0.2,100.0
traj_sweep_370,placement,1076.77,1278.42,792.148,792.148,689.0,689.0,0.735672,0.735672,716.0,23.0,23.0,4048.0,4048.0,856.742,10.7259,773.75,82.992,10.7259,367.0,0.736636,69.0,0.00194169,1.9581e-05,0.00144283,0.0034041,2796.06,2457760000.0,2457760000.0,0.107493,-2.66809,-0.0668749,1076.77,1278.42,792.148,792.148,689.0,689.0,0.735672,0.735672,716.0,23.0,23.0,4048.0,4048.0,0.00194169,1.9581e-05,0.00144283,0.0034041,0.804101,0.771726,48.0,2457760000.0,2457760000.0,0.107493,-2.66809,-0.0668749,1076.77,1278.42,792.148,792.148,689.0,689.0,5.4655,1.318,908.408,0.735672,0.735672,716.0,23.0,23.0,4048.0,4048.0,1237700.0,22.0,3.0,0.00194221,1.9581e-05,0.00145578,0.00341757,3414.91,0.793701,0.766702,48.0,2454790000.0,2454790000.0,0.107777,-2.75206,-0.0673675,73.5672,0.34,1.0,41.0,50.0,0.2,100.0
traj_sweep_371,placement,1076.77,1278.42,789.488,789.488,688.0,688.0,0.733202,0.733202,715.0,23.0,23.0,4048.0,4048.0,854.082,10.3822,773.75,80.332,10.3822,372.0,0.70467,69.0,0.00187381,1.94326e-05,0.00140006,0.0032933,2763.91,2463360000.0,2463360000.0,0.107026,-2.25733,-0.0559489,1076.77,1278.42,789.488,789.488,688.0,688.0,0.733202,0.733202,715.0,23.0,23.0,4048.0,4048.0,0.00187381,1.94326e-05,0.00140006,0.0032933,0.760222,0.750508,48.0,2463360000.0,2463360000.0,0.107026,-2.25733,-0.0559489,1076.77,1278.42,789.488,789.488,688.0,688.0,5.239,1.286,885.066,0.733202,0.733202,715.0,23.0,23.0,4048.0,4048.0,1058430.0,19.0,2.0,0.00187418,1.94326e-05,0.00141328,0.00330689,3293.12,0.755584,0.748261,48.0,2445000000.0,2445000000.0,0.108004,-2.36688,-0.0589974,73.3202,0.35,1.0,41.0,50.0,0.2,100.0
traj_sweep_372,placement,1076.77,1278.42,789.754,789.754,687.0,687.0,0.733449,0.733449,714.0,23.0,23.0,4048.0,4048.0,854.348,10.4165,773.75,80.598,10.4165,375.0,0.729327,69.0,0.00182482,1.94741e-05,0.00136153,0.00320583,2770.64,2440700000.0,2440700000.0,0.106988,-1.89864,-0.0497184,1076.77,1278.42,789.754,789.754,687.0,687.0,0.733449,0.733449,714.0,23.0,23.0,4048.0,4048.0,0.00182482,1.94741e-05,0.00136153,0.00320583,0.793736,0.766692,47.0,2440700000.0,2440700000.0,0.106988,-1.89864,-0.0497184,1076.77,1278.42,789.754,789.754,687.0,687.0,5.188,1.2475,857.341,0.733449,0.733449,714.0,23.0,23.0,4048.0,4048.0,1055620.0,19.0,2.0,0.00182512,1.94741e-05,0.00137178,0.00321637,3298.45,0.785137,0.762548,47.0,2442970000.0,2442970000.0,0.107139,-1.93785,-0.0493793,73.3449,0.36,1.0,41.0,50.0,0.2,100.0
traj_sweep_373,placement,1076.77,1278.42,786.828,786.828,685.0,685.0,0.730731,0.730731,712.0,23.0,23.0,4048.0,4048.0,851.985,10.1446,773.515,78.47,10.1446,374.0,0.72308,68.0,0.00176175,1.93979e-05,0.00131313,0.00309428,2773.52,2445890000.0,2445890000.0,0.106792,-1.36714,-0.0388489,1076.77,1278.42,786.828,786.828,685.0,685.0,0.730731,0.730731,712.0,23.0,23.0,4048.0,4048.0,0.00176175,1.93979e-05,0.00131313,0.00309428,0.7807,0.675954,47.0,2445890000.0,2445890000.0,0.106792,-1.36714,-0.0388489,1076.77,1278.42,786.828,786.828,685.0,685.0,6.909,1.274,872.736,0.730731,0.730731,712.0,23.0,23.0,4048.0,4048.0,1068910.0,19.0,2.0,0.00176226,1.93979e-05,0.00132721,0.00310887,3307.98,0.775914,0.673383,47.0,2455120000.0,2455120000.0,0.107362,-1.46105,-0.0419711,73.0731,0.37,1.0,41.0,50.0,0.2,100.0
traj_sweep_374,placement,1076.77,1278.42,785.232,785.232,687.0,687.0,0.729249,0.729249,714.0,23.0,23.0,4048.0,4048.0,851.631,10.1492,773.161,78.47,10.1492,369.0,0.70579,68.0,0.00172133,1.92943e-05,0.00127667,0.0030173,2784.27,2429380000.0,2429380000.0,0.107506,-0.923693,-0.0316276,1076.77,1278.42,785.232,785.232,687.0,687.0,0.729249,0.729249,714.0,23.0,23.0,4048.0,4048.0,0.00172133,1.92943e-05,0.00127667,0.0030173,0.784595,0.739281,46.0,2429380000.0,2429380000.0,0.107506,-0.923693,-0.0316276,1076.77,1278.42,785.232,785.232,687.0,687.0,4.3915,1.35,927.53,0.729249,0.729249,714.0,23.0,23.0,4048.0,4048.0,1136970.0,20.0,5.0,0.00172153,1.92943e-05,0.00128681,0.00302763,3352.76,0.783388,0.735654,46.0,2439020000.0,2439020000.0,0.107973,-0.989843,-0.0357411,72.9249,0.38,1.0,41.0,50.0,0.2,100.0
traj_sweep_375,placement,1076.77,1278.42,784.7,784.7,686.0,686.0,0.728755,0.728755,713.0,23.0,23.0,4048.0,4048.0,851.951,10.2209,772.949,79.002,10.2209,374.0,0.703711,70.0,0.00169109,1.93059e-05,0.00124728,0.00295768,2794.17,2441050000.0,2441050000.0,0.107327,-0.544298,-0.0251453,1076.77,1278.42,784.7,784.7,686.0,686.0,0.728755,0.728755,713.0,23.0,23.0,4048.0,4048.0,0.00169109,1.93059e-05,0.00124728,0.00295768,0.806358,0.647098,44.0,2441050000.0,2441050000.0,0.107327,-0.544298,-0.0251453,1076.77,1278.42,784.7,784.7,686.0,686.0,5.9565,1.299,891.142,0.728755,0.728755,713.0,23.0,23.0,4048.0,4048.0,1187820.0,21.0,3.0,0.00169154,1.93059e-05,0.001257,0.00296785,3388.08,0.788006,0.645379,44.0,2414590000.0,2414590000.0,0.107454,-0.579725,-0.0280977,72.8755,0.39,1.0,41.0,50.0,0.2,100.0
traj_sweep_376,placement,1076.77,1278.42,748.79,748.79,680.0,680.0,0.695405,0.695405,707.0,23.0,23.0,4048.0,4048.0,829.454,9.86524,754.974,74.48,9.86524,368.0,0.74122,71.0,0.00156759,1.79646e-05,0.00113834,0.00272389,2793.19,2429390000.0,2429390000.0,0.107626,-0.350376,-0.0181928,1076.77,1278.42,748.79,748.79,680.0,680.0,0.695405,0.695405,707.0,23.0,23.0,4048.0,4048.0,0.00156759,1.79646e-05,0.00113834,0.00272389,0.793363,0.715145,40.0,2429390000.0,2429390000.0,0.107626,-0.350376,-0.0181928,1076.77,1278.42,748.79,748.79,680.0,680.0,5.3235,1.2905,877.668,0.695405,0.695405,707.0,23.0,23.0,4048.0,4048.0,1003260.0,18.0,3.0,0.00156791,1.79646e-05,0.00114855,0.00273442,3294.82,0.809625,0.703786,42.0,2430520000.0,2430520000.0,0.107513,-0.372738,-0.0200754,69.5405,0.4,1.0,41.0,50.0,0.2,100.0
traj_sweep_377,placement,1076.77,1278.42,723.52,723.52,663.0,663.0,0.671937,0.671937,690.0,23.0,23.0,4048.0,4048.0,807.64,8.19602,746.46,61.18,8.19602,370.0,0.702066,71.0,0.00149086,1.70899e-05,0.00107467,0.00258262,2759.49,2415760000.0,2415760000.0,0.106957,-0.0498956,-0.00929792,1076.77,1278.42,723.52,723.52,663.0,663.0,0.671937,0.671937,690.0,23.0,23.0,4048.0,4048.0,0.00149086,1.70899e-05,0.00107467,0.00258262,0.780608,0.742535,8.0,2415760000.0,2415760000.0,0.106957,-0.0498956,-0.00929792,1076.77,1278.42,723.52,723.52,663.0,663.0,4.6135,1.251,829.707,0.671937,0.671937,690.0,23.0,23.0,4048.0,4048.0,1019530.0,18.0,2.0,0.00149106,1.70899e-05,0.00108,0.00258815,3269.26,0.795588,0.740316,20.0,2390680000.0,2390680000.0,0.107581,-0.0803907,-0.0138365,67.1937,0.41,1.0,41.0,50.0,0.2,100.0
traj_sweep_378,placement,1076.77,1278.42,704.368,704.368,646.0,646.0,0.65415,0.65415,673.0,23.0,23.0,4048.0,4048.0,788.488,5.63031,746.46,42.028,5.63031,369.0,0.688757,71.0,0.00142253,1.63928e-05,0.00104209,0.00248101,2732.2,2356320000.0,2356320000.0,0.107327,-0.0367595,-0.00439035,1076.77,1278.42,704.368,704.368,646.0,646.0,0.65415,0.65415,673.0,23.0,23.0,4048.0,4048.0,0.00142253,1.63928e-05,0.00104209,0.00248101,0.80097,0.622583,15.0,2356320000.0,2356320000.0,0.107327,-0.0367595,-0.00439035,1076.77,1278.42,704.368,704.368,646.0,646.0,3.798,1.233,796.536,0.65415,0.65415,673.0,23.0,23.0,4048.0,4048.0,990045.0,18.0,2.0,0.00142272,1.63928e-05,0.00104838,0.00248749,3227.23,0.77601,0.614902,18.0,2332030000.0,2332030000.0,0.10749,-0.0772121,-0.00881084,65.415,0.42,1.0,41.0,50.0,0.2,100.0
traj_sweep_379,placement,1076.77,1278.42,686.014,686.014,622.0,622.0,0.637105,0.637105,649.0,23.0,23.0,4048.0,4048.0,770.134,3.1715,746.46,23.674,3.1715,369.0,0.713591,72.0,0.00133503,1.59272e-05,0.0010032,0.00235416,2713.1,2343910000.0,2343910000.0,0.10698,-0.0033116,-0.00133848,1076.77,1278.42,686.014,686.014,622.0,622.0,0.637105,0.637105,649.0,23.0,23.0,4048.0,4048.0,0.00133503,1.59272e-05,0.0010032,0.00235416,0.779451,0.621461,3.0,2343910000.0,2343910000.0,0.10698,-0.0033116,-0.00133848,1076.77,1278.42,686.014,686.014,622.0,622.0,4.6235,1.255,780.864,0.637105,0.637105,649.0,23.0,23.0,4048.0,4048.0,907037.0,17.0,2.0,0.00133516,1.59272e-05,0.00100799,0.00235907,3166.61,0.790608,0.614883,3.0,2334110000.0,2334110000.0,0.107481,-0.00581893,-0.00361494,63.7105,0.43,1.0,41.0,50.0,0.2,100.0
traj_sweep_380,placement,1076.77,1278.42,675.64,675.64,611.0,611.0,0.62747,0.62747,638.0,23.0,23.0,4048.0,4048.0,759.76,1.78174,746.46,13.3,1.78174,376.0,0.717508,72.0,0.00126675,1.55778e-05,0.000972333,0.00225466,2749.5,2341240000.0,2341240000.0,0.106978,0.0,0.0085279,1076.77,1278.42,675.64,675.64,611.0,611.0,0.62747,0.62747,638.0,23.0,23.0,4048.0,4048.0,0.00126675,1.55778e-05,0.000972333,0.00225466,0.776386,0.612764,0.0,2341240000.0,2341240000.0,0.106978,0.0,0.0085279,1076.77,1278.42,675.64,675.64,611.0,611.0,3.77,1.2145,742.353,0.62747,0.62747,638.0,23.0,23.0,4048.0,4048.0,769883.0,14.0,1.0,0.00126693,1.55778e-05,0.000977819,0.00226033,3134.44,0.780532,0.612454,0.0,2334450000.0,2334450000.0,0.107618,0.0,0.0067773,62.747,0.44,1.0,41.0,50.0,0.2,100.0
traj_sweep_381,placement,1076.77,1278.42,673.512,673.512,609.0,609.0,0.625494,0.625494,636.0,23.0,23.0,4048.0,4048.0,757.632,1.49666,746.46,11.172,1.49666,377.0,0.700785,73.0,0.00122985,1.54905e-05,0.000948943,0.00219429,2803.65,2326600000.0,2326600000.0,0.107342,0.0,0.0166585,1076.77,1278.42,673.512,673.512,609.0,609.0,0.625494,0.625494,636.0,23.0,23.0,4048.0,4048.0,0.00122985,1.54905e-05,0.000948943,0.00219429,0.74802,0.616609,0.0,2326600000.0,2326600000.0,0.107342,0.0,0.0166585,1076.77,1278.42,673.512,673.512,609.0,609.0,4.238,1.266,771.15,0.625494,0.625494,636.0,23.0,23.0,4048.0,4048.0,790890.0,14.0,1.0,0.00122997,1.54905e-05,0.000952181,0.00219764,3199.09,0.755657,0.617557,0.0,2317970000.0,2317970000.0,0.108172,0.0,0.0120457,62.5494,0.45,1.0,41.0,50.0,0.2,100.0
traj_sweep_382,placement,1076.77,1278.42,671.65,671.65,606.0,606.0,0.623765,0.623765,633.0,23.0,23.0,4048.0,4048.0,755.77,1.24722,746.46,9.31,1.24722,374.0,0.708605,72.0,0.00119683,1.54467e-05,0.000924256,0.00213653,2735.06,2316100000.0,2316100000.0,0.107589,0.0,0.0155462,1076.77,1278.42,671.65,671.65,606.0,606.0,0.623765,0.623765,633.0,23.0,23.0,4048.0,4048.0,0.00119683,1.54467e-05,0.000924256,0.00213653,0.760254,0.620997,0.0,2316100000.0,2316100000.0,0.107589,0.0,0.0155462,1076.77,1278.42,671.65,671.65,606.0,606.0,5.0655,1.225,742.52,0.623765,0.623765,633.0,23.0,23.0,4048.0,4048.0,752768.0,14.0,1.0,0.00119713,1.54467e-05,0.000929885,0.00214247,3111.44,0.767821,0.622304,0.0,2313050000.0,2313050000.0,0.108065,0.0,0.0139368,62.3765,0.46,1.0,41.0,50.0,0.2,100.0
traj_sweep_383,placement,1076.77,1278.42,670.054,670.054,604.0,604.0,0.622283,0.622283,631.0,23.0,23.0,4048.0,4048.0,754.174,1.03341,746.46,7.714,1.03341,370.0,0.713027,73.0,0.00116858,1.54042e-05,0.000901304,0.00208529,2719.89,2294620000.0,2294620000.0,0.106999,0.0,0.0241899,1076.77,1278.42,670.054,670.054,604.0,604.0,0.622283,0.622283,631.0,23.0,23.0,4048.0,4048.0,0.00116858,1.54042e-05,0.000901304,0.00208529,0.773888,0.524136,0.0,2294620000.0,2294620000.0,0.106999,0.0,0.0241899,1076.77,1278.42,670.054,670.054,604.0,604.0,6.015,1.232,744.154,0.622283,0.622283,631.0,23.0,23.0,4048.0,4048.0,733257.0,13.0,1.0,0.00116865,1.54042e-05,0.000904861,0.00208891,3086.52,0.777801,0.528174,0.0,2298690000.0,2298690000.0,0.108072,0.0,0.0228211,62.2283,0.47,1.0,41.0,50.0,0.2,100.0
traj_sweep_384,placement,1076.77,1278.42,669.256,669.256,604.0,604.0,0.621542,0.621542,631.0,23.0,23.0,4048.0,4048.0,753.376,0.926506,746.46,6.916,0.926506,371.0,0.708539,72.0,0.00113981,1.53689e-05,0.000885249,0.00204043,2735.65,2289080000.0,2289080000.0,0.107629,0.0,0.0285108,1076.77,1278.42,669.256,669.256,604.0,604.0,0.621542,0.621542,631.0,23.0,23.0,4048.0,4048.0,0.00113981,1.53689e-05,0.000885249,0.00204043,0.795779,0.541864,0.0,2289080000.0,2289080000.0,0.107629,0.0,0.0285108,1076.77,1278.42,669.256,669.256,604.0,604.0,5.5785,1.2275,741.438,0.621542,0.621542,631.0,23.0,23.0,4048.0,4048.0,809004.0,15.0,2.0,0.00113969,1.53689e-05,0.000886621,0.00204168,3140.15,0.776793,0.543052,0.0,2288950000.0,2288950000.0,0.108235,0.0,0.026102,62.1542,0.48,1.0,41.0,50.0,0.2,100.0
traj_sweep_385,placement,1076.77,1278.42,666.596,666.596,602.0,602.0,0.619071,0.619071,629.0,23.0,23.0,4048.0,4048.0,750.716,0.570158,746.46,4.256,0.570158,380.0,0.706286,71.0,0.00111354,1.52579e-05,0.000869491,0.00199828,2689.16,2282520000.0,2282520000.0,0.10686,0.0,0.0403055,1076.77,1278.42,666.596,666.596,602.0,602.0,0.619071,0.619071,629.0,23.0,23.0,4048.0,4048.0,0.00111354,1.52579e-05,0.000869491,0.00199828,0.781495,0.628291,0.0,2282520000.0,2282520000.0,0.10686,0.0,0.0403055,1076.77,1278.42,666.596,666.596,602.0,602.0,3.8935,1.2585,757.774,0.619071,0.619071,629.0,23.0,23.0,4048.0,4048.0,844554.0,16.0,1.0,0.00111358,1.52579e-05,0.000870038,0.00199888,3111.44,0.776162,0.619543,0.0,2269050000.0,2269050000.0,0.107455,0.0,0.0389124,61.9071,0.49,1.0,41.0,50.0,0.2,100.0
traj_sweep_386,placement,1076.77,1278.42,666.596,666.596,602.0,602.0,0.619071,0.619071,629.0,23.0,23.0,4048.0,4048.0,750.716,0.570158,746.46,4.256,0.570158,375.0,0.704894,71.0,0.00109121,1.52579e-05,0.000850024,0.0019565,2669.4,2269210000.0,2269210000.0,0.107076,0.0,0.045763,1076.77,1278.42,666.596,666.596,602.0,602.0,0.619071,0.619071,629.0,23.0,23.0,4048.0,4048.0,0.00109121,1.52579e-05,0.000850024,0.0019565,0.776907,0.628491,0.0,2269210000.0,2269210000.0,0.107076,0.0,0.045763,1076.77,1278.42,666.596,666.596,602.0,602.0,4.4125,1.221,735.048,0.619071,0.619071,629.0,23.0,23.0,4048.0,4048.0,830371.0,16.0,2.0,0.00109135,1.52579e-05,0.000852915,0.00195952,3084.59,0.757792,0.628112,0.0,2255650000.0,2255650000.0,0.107941,0.0,0.0452241,61.9071,0.5,1.0,41.0,50.0,0.2,100.0
traj_sweep_387,placement,1076.77,1278.42,666.33,666.33,602.0,602.0,0.618824,0.618824,629.0,23.0,23.0,4048.0,4048.0,750.45,0.534523,746.46,3.99,0.534523,375.0,0.695823,72.0,0.00106907,1.5237e-05,0.000828031,0.00191234,2678.92,2210120000.0,2210120000.0,0.107082,0.0,0.057535,1076.77,1278.42,666.33,666.33,602.0,602.0,0.618824,0.618824,629.0,23.0,23.0,4048.0,4048.0,0.00106907,1.5237e-05,0.000828031,0.00191234,0.759092,0.606783,0.0,2210120000.0,2210120000.0,0.107082,0.0,0.057535,1076.77,1278.42,666.33,666.33,602.0,602.0,4.0,1.2625,760.158,0.618824,0.618824,629.0,23.0,23.0,4048.0,4048.0,771474.0,14.0,2.0,0.00106918,1.5237e-05,0.000833001,0.00191741,3064.66,0.782699,0.61243,0.0,2213170000.0,2213170000.0,0.107464,0.0,0.0557622,61.8824,0.51,1.0,41.0,50.0,0.2,100.0
traj_sweep_388,placement,1076.77,1278.42,666.596,666.596,602.0,602.0,0.619071,0.619071,629.0,23.0,23.0,4048.0,4048.0,750.716,0.570158,746.46,4.256,0.570158,375.0,0.693292,70.0,0.00105001,1.52594e-05,0.000819116,0.00188438,2716.0,2286780000.0,2286780000.0,0.107137,0.0,0.0645186,1076.77,1278.42,666.596,666.596,602.0,602.0,0.619071,0.619071,629.0,23.0,23.0,4048.0,4048.0,0.00105001,1.52594e-05,0.000819116,0.00188438,0.783777,0.627299,0.0,2286780000.0,2286780000.0,0.107137,0.0,0.0645186,1076.77,1278.42,666.596,666.596,602.0,602.0,4.0475,1.2435,748.743,0.619071,0.619071,629.0,23.0,23.0,4048.0,4048.0,770249.0,14.0,2.0,0.00105008,1.52594e-05,0.000820859,0.0018862,3101.12,0.793141,0.621339,0.0,2271980000.0,2271980000.0,0.10796,0.0,0.0631478,61.9071,0.52,1.0,41.0,50.0,0.2,100.0
traj_sweep_389,placement,1076.77,1278.42,666.596,666.596,602.0,602.0,0.619071,0.619071,629.0,23.0,23.0,4048.0,4048.0,750.716,0.570158,746.46,4.256,0.570158,374.0,0.706648,70.0,0.00102993,1.52594e-05,0.000801395,0.00184659,2695.81,2278370000.0,2278370000.0,0.106966,0.0,0.0676938,1076.77,1278.42,666.596,666.596,602.0,602.0,0.619071,0.619071,629.0,23.0,23.0,4048.0,4048.0,0.00102993,1.52594e-05,0.000801395,0.00184659,0.788523,0.625122,0.0,2278370000.0,2278370000.0,0.106966,0.0,0.0676938,1076.77,1278.42,666.596,666.596,602.0,602.0,3.9275,1.2615,759.659,0.619071,0.619071,629.0,23.0,23.0,4048.0,4048.0,804258.0,15.0,1.0,0.00102991,1.52594e-05,0.000803123,0.00184829,3097.93,0.805667,0.625643,0.0,2261850000.0,2261850000.0,0.107814,0.0,0.0692823,61.9071,0.53,1.0,41.0,50.0,0.2,100.0
traj_sweep_390,placement,1076.77,1278.42,666.596,666.596,602.0,602.0,0.619071,0.619071,629.0,23.0,23.0,4048.0,4048.0,750.716,0.570158,746.46,4.256,0.570158,374.0,0.686049,70.0,0.00101058,1.52594e-05,0.000780247,0.00180609,2687.03,2204030000.0,2204030000.0,0.107222,0.0,0.0811843,1076.77,1278.42,666.596,666.596,602.0,602.0,0.619071,0.619071,629.0,23.0,23.0,4048.0,4048.0,0.00101058,1.52594e-05,0.000780247,0.00180609,0.761247,0.610633,0.0,2204030000.0,2204030000.0,0.107222,0.0,0.0811843,1076.77,1278.42,666.596,666.596,602.0,602.0,3.818,1.258,757.372,0.619071,0.619071,629.0,23.0,23.0,4048.0,4048.0,744449.0,14.0,2.0,0.00101081,1.52594e-05,0.000785073,0.00181114,3059.26,0.777538,0.6163,0.0,2193620000.0,2193620000.0,0.107649,0.0,0.0792383,61.9071,0.54,1.0,41.0,50.0,0.2,100.0
traj_sweep_391,placement,1076.77,1278.42,666.33,666.33,602.0,602.0,0.618824,0.618824,629.0,23.0,23.0,4048.0,4048.0,750.45,0.534523,746.46,3.99,0.534523,373.0,0.704334,70.0,0.000991288,1.5237e-05,0.000765135,0.00177166,2716.11,2206710000.0,2206710000.0,0.106961,0.0,0.0891779,1076.77,1278.42,666.33,666.33,602.0,602.0,0.618824,0.618824,629.0,23.0,23.0,4048.0,4048.0,0.000991288,1.5237e-05,0.000765135,0.00177166,0.779854,0.617329,0.0,2206710000.0,2206710000.0,0.106961,0.0,0.0891779,1076.77,1278.42,666.33,666.33,602.0,602.0,4.4145,1.2475,751.177,0.618824,0.618824,629.0,23.0,23.0,4048.0,4048.0,791460.0,15.0,2.0,0.000991397,1.5237e-05,0.000769106,0.00177574,3111.84,0.777039,0.615888,0.0,2196330000.0,2196330000.0,0.107847,0.0,0.0882807,61.8824,0.55,1.0,41.0,50.0,0.2,100.0
traj_sweep_392,placement,1076.77,1278.42,665.532,665.532,601.0,601.0,0.618083,0.618083,628.0,23.0,23.0,4048.0,4048.0,749.652,0.427618,746.46,3.192,0.427618,373.0,0.694979,70.0,0.000974351,1.52173e-05,0.000751511,0.00174108,2711.49,2199160000.0,2199160000.0,0.106952,0.0,0.0970277,1076.77,1278.42,665.532,665.532,601.0,601.0,0.618083,0.618083,628.0,23.0,23.0,4048.0,4048.0,0.000974351,1.52173e-05,0.000751511,0.00174108,0.781041,0.555861,0.0,2199160000.0,2199160000.0,0.106952,0.0,0.0970277,1076.77,1278.42,665.532,665.532,601.0,601.0,4.7965,1.2775,767.861,0.618083,0.618083,628.0,23.0,23.0,4048.0,4048.0,817969.0,15.0,1.0,0.000974578,1.52173e-05,0.000756646,0.00174644,3120.48,0.783211,0.555066,0.0,2216690000.0,2216690000.0,0.107741,0.0,0.0942693,61.8083,0.56,1.0,41.0,50.0,0.2,100.0
traj_sweep_393,placement,1076.77,1278.42,665.532,665.532,601.0,601.0,0.618083,0.618083,628.0,23.0,23.0,4048.0,4048.0,749.652,0.427618,746.46,3.192,0.427618,373.0,0.694979,70.0,0.000957257,1.52173e-05,0.000738326,0.0017108,2711.49,2199160000.0,2199160000.0,0.106952,0.0,0.105028,1076.77,1278.42,665.532,665.532,601.0,601.0,0.618083,0.618083,628.0,23.0,23.0,4048.0,4048.0,0.000957257,1.52173e-05,0.000738326,0.0017108,0.781041,0.555861,0.0,2199160000.0,2199160000.0,0.106952,0.0,0.105028,1076.77,1278.42,665.532,665.532,601.0,601.0,4.7965,1.2775,767.861,0.618083,0.618083,628.0,23.0,23.0,4048.0,4048.0,817969.0,15.0,1.0,0.000957479,1.52173e-05,0.000743371,0.00171607,3120.48,0.783211,0.555066,0.0,2216690000.0,2216690000.0,0.107741,0.0,0.102269,61.8083,0.57,1.0,41.0,50.0,0.2,100.0
traj_sweep_394,placement,1076.77,1278.42,665.0,665.0,600.0,600.0,0.617589,0.617589,627.0,23.0,23.0,4048.0,4048.0,749.12,0.356349,746.46,2.66,0.356349,375.0,0.678675,71.0,0.00094159,1.52175e-05,0.000725099,0.00168191,2692.67,2201120000.0,2201120000.0,0.10706,0.0,0.112814,1076.77,1278.42,665.0,665.0,600.0,600.0,0.617589,0.617589,627.0,23.0,23.0,4048.0,4048.0,0.00094159,1.52175e-05,0.000725099,0.00168191,0.805662,0.476995,0.0,2201120000.0,2201120000.0,0.10706,0.0,0.112814,1076.77,1278.42,665.0,665.0,600.0,600.0,4.482,1.307,784.475,0.617589,0.617589,627.0,23.0,23.0,4048.0,4048.0,773021.0,14.0,3.0,0.000941816,1.52175e-05,0.000728482,0.00168552,3079.18,0.772985,0.479981,0.0,2211540000.0,2211540000.0,0.107598,0.0,0.111375,61.7589,0.58,1.0,41.0,50.0,0.2,100.0
traj_sweep_395,placement,1076.77,1278.42,665.0,665.0,600.0,600.0,0.617589,0.617589,627.0,23.0,23.0,4048.0,4048.0,749.12,0.356349,746.46,2.66,0.356349,374.0,0.697135,70.0,0.000925183,1.52175e-05,0.0007139,0.0016543,2708.35,2195300000.0,2195300000.0,0.106945,0.0,0.120927,1076.77,1278.42,665.0,665.0,600.0,600.0,0.617589,0.617589,627.0,23.0,23.0,4048.0,4048.0,0.000925183,1.52175e-05,0.0007139,0.0016543,0.780832,0.552578,0.0,2195300000.0,2195300000.0,0.106945,0.0,0.120927,1076.77,1278.42,665.0,665.0,600.0,600.0,4.3985,1.2475,748.779,0.617589,0.617589,627.0,23.0,23.0,4048.0,4048.0,798510.0,15.0,1.0,0.000925239,1.52175e-05,0.000718481,0.00165894,3107.61,0.793739,0.558289,0.0,2203710000.0,2203710000.0,0.107414,0.0,0.117854,61.7589,0.59,1.0,41.0,50.0,0.2,100.0
traj_sweep_396,placement,1076.77,1278.42,665.798,665.798,600.0,600.0,0.61833,0.61833,627.0,23.0,23.0,4048.0,4048.0,749.918,0.463253,746.46,3.458,0.463253,376.0,0.693021,70.0,0.000910361,1.5262e-05,0.000701221,0.00162684,2699.62,2207480000.0,2207480000.0,0.107079,0.0,0.128742,1076.77,1278.42,665.798,665.798,600.0,600.0,0.61833,0.61833,627.0,23.0,23.0,4048.0,4048.0,0.000910361,1.5262e-05,0.000701221,0.00162684,0.760498,0.553864,0.0,2207480000.0,2207480000.0,0.107079,0.0,0.128742,1076.77,1278.42,665.798,665.798,600.0,600.0,4.1775,1.2565,754.09,0.61833,0.61833,627.0,23.0,23.0,4048.0,4048.0,765080.0,14.0,1.0,0.000910546,1.5262e-05,0.000706644,0.00163245,3082.16,0.737633,0.555381,0.0,2213080000.0,2213080000.0,0.107399,0.0,0.125865,61.833,0.6,1.0,41.0,50.0,0.2,100.0
traj_sweep_397,placement,1076.77,1278.42,665.798,665.798,600.0,600.0,0.61833,0.61833,627.0,23.0,23.0,4048.0,4048.0,749.918,0.463253,746.46,3.458,0.463253,376.0,0.69283,70.0,0.000895437,1.5262e-05,0.000689629,0.00160033,2698.47,2207910000.0,2207910000.0,0.107082,0.0,0.136673,1076.77,1278.42,665.798,665.798,600.0,600.0,0.61833,0.61833,627.0,23.0,23.0,4048.0,4048.0,0.000895437,1.5262e-05,0.000689629,0.00160033,0.760264,0.554094,0.0,2207910000.0,2207910000.0,0.107082,0.0,0.136673,1076.77,1278.42,665.798,665.798,600.0,600.0,4.305,1.257,754.273,0.61833,0.61833,627.0,23.0,23.0,4048.0,4048.0,786179.0,15.0,1.0,0.000895804,1.5262e-05,0.000694222,0.00160529,3091.56,0.746471,0.553293,0.0,2213960000.0,2213960000.0,0.107961,0.0,0.135101,61.833,0.61,1.0,41.0,50.0,0.2,100.0
traj_sweep_398,placement,1076.77,1278.42,665.0,665.0,600.0,600.0,0.617589,0.617589,627.0,23.0,23.0,4048.0,4048.0,749.12,0.356349,746.46,2.66,0.356349,374.0,0.691376,67.0,0.000880659,1.52175e-05,0.000678072,0.00157395,2705.83,2211680000.0,2211680000.0,0.107034,0.0,0.145535,1076.77,1278.42,665.0,665.0,600.0,600.0,0.617589,0.617589,627.0,23.0,23.0,4048.0,4048.0,0.000880659,1.52175e-05,0.000678072,0.00157395,0.762737,0.553101,0.0,2211680000.0,2211680000.0,0.107034,0.0,0.145535,1076.77,1278.42,665.0,665.0,600.0,600.0,3.681,1.2475,748.683,0.617589,0.617589,627.0,23.0,23.0,4048.0,4048.0,781929.0,14.0,1.0,0.000880932,1.52175e-05,0.000683473,0.00157962,3096.8,0.767821,0.550712,0.0,2219030000.0,2219030000.0,0.107981,0.0,0.140749,61.7589,0.62,1.0,41.0,50.0,0.2,100.0
traj_sweep_399,placement,1076.77,1278.42,843.486,843.486,721.0,721.0,0.78335,0.78335,748.0,23.0,23.0,4048.0,4048.0,903.916,14.256,791.132,112.784,14.256,371.0,0.730149,64.0,0.00518238,2.14569e-05,0.00375436,0.0089582,2922.38,2504100000.0,2504100000.0,0.0707255,-12.261,-0.259345,1076.77,1278.42,843.486,843.486,721.0,721.0,0.78335,0.78335,748.0,23.0,23.0,4048.0,4048.0,0.00518238,2.14569e-05,0.00375436,0.0089582,0.753434,0.747225,53.0,2504100000.0,2504100000.0,0.0707255,-12.261,-0.259345,1076.77,1278.42,843.486,843.486,721.0,721.0,5.1425,1.315,948.243,0.78335,0.78335,748.0,23.0,23.0,4048.0,4048.0,1287510.0,22.0,5.0,0.00518293,2.14569e-05,0.00378663,0.00899102,3566.14,0.767749,0.754155,53.0,2473390000.0,2473390000.0,0.0710168,-12.3958,-0.264303,78.335,0.14,1.0,42.0,50.0,0.2,100.0
traj_sweep_400,placement,1076.77,1278.42,841.624,841.624,719.0,719.0,0.781621,0.781621,746.0,23.0,23.0,4048.0,4048.0,902.054,14.0207,791.132,110.922,14.0207,370.0,0.704469,65.0,0.00480793,2.14161e-05,0.00349398,0.00832333,2907.58,2505990000.0,2505990000.0,0.072749,-11.7383,-0.249043,1076.77,1278.42,841.624,841.624,719.0,719.0,0.781621,0.781621,746.0,23.0,23.0,4048.0,4048.0,0.00480793,2.14161e-05,0.00349398,0.00832333,0.758687,0.749767,53.0,2505990000.0,2505990000.0,0.072749,-11.7383,-0.249043,1076.77,1278.42,841.624,841.624,719.0,719.0,4.8725,1.3255,953.133,0.781621,0.781621,746.0,23.0,23.0,4048.0,4048.0,1285030.0,22.0,5.0,0.00480928,2.14161e-05,0.00352779,0.00835848,3550.1,0.756463,0.748691,53.0,2481860000.0,2481860000.0,0.0728213,-11.8779,-0.252924,78.1621,0.15,1.0,42.0,50.0,0.2,100.0
traj_sweep_401,placement,1076.77,1278.42,841.624,841.624,719.0,719.0,0.781621,0.781621,746.0,23.0,23.0,4048.0,4048.0,902.054,14.0207,791.132,110.922,14.0207,372.0,0.695239,65.0,0.0045079,2.1417e-05,0.00327454,0.00780386,2914.82,2503090000.0,2503090000.0,0.0748557,-11.2447,-0.239506,1076.77,1278.42,841.624,841.624,719.0,719.0,0.781621,0.781621,746.0,23.0,23.0,4048.0,4048.0,0.0045079,2.1417e-05,0.00327454,0.00780386,0.765023,0.752836,53.0,2503090000.0,2503090000.0,0.0748557,-11.2447,-0.239506,1076.77,1278.42,841.624,841.624,719.0,719.0,6.216,1.2615,907.064,0.781621,0.781621,746.0,23.0,23.0,4048.0,4048.0,1199360.0,21.0,4.0,0.00450863,2.1417e-05,0.00330406,0.00783411,3514.5,0.774834,0.757582,53.0,2481090000.0,2481090000.0,0.0744838,-11.3747,-0.243049,78.1621,0.16,1.0,42.0,50.0,0.2,100.0
traj_sweep_402,placement,1076.77,1278.42,837.9,837.9,715.0,715.0,0.778162,0.778162,742.0,23.0,23.0,4048.0,4048.0,898.33,13.5499,791.132,107.198,13.5499,379.0,0.716833,65.0,0.0041912,2.1286e-05,0.00307186,0.00728435,2923.74,2501640000.0,2501640000.0,0.0768685,-10.7012,-0.229738,1076.77,1278.42,837.9,837.9,715.0,715.0,0.778162,0.778162,742.0,23.0,23.0,4048.0,4048.0,0.0041912,2.1286e-05,0.00307186,0.00728435,0.775278,0.757796,53.0,2501640000.0,2501640000.0,0.0768685,-10.7012,-0.229738,1076.77,1278.42,837.9,837.9,715.0,715.0,4.813,1.27,908.406,0.778162,0.778162,742.0,23.0,23.0,4048.0,4048.0,1200060.0,21.0,6.0,0.00419188,2.1286e-05,0.00309598,0.00730914,3523.76,0.775914,0.758103,53.0,2489660000.0,2489660000.0,0.0777462,-10.8162,-0.231661,77.8162,0.17,1.0,42.0,50.0,0.2,100.0
traj_sweep_404,placement,1076.77,1278.42,835.506,835.506,712.0,712.0,0.775939,0.775939,739.0,23.0,23.0,4048.0,4048.0,895.936,13.2473,791.132,104.804,13.2473,378.0,0.713638,65.0,0.00371068,2.12227e-05,0.00273348,0.00646538,2915.98,2502680000.0,2502680000.0,0.080778,-9.67277,-0.209572,1076.77,1278.42,835.506,835.506,712.0,712.0,0.775939,0.775939,739.0,23.0,23.0,4048.0,4048.0,0.00371068,2.12227e-05,0.00273348,0.00646538,0.756972,0.748937,53.0,2502680000.0,2502680000.0,0.080778,-9.67277,-0.209572,1076.77,1278.42,835.506,835.506,712.0,712.0,5.056,1.2895,918.157,0.775939,0.775939,739.0,23.0,23.0,4048.0,4048.0,1220110.0,21.0,3.0,0.00371167,2.12227e-05,0.00275324,0.00648613,3526.04,0.775842,0.758069,53.0,2484250000.0,2484250000.0,0.08072,-9.79155,-0.212536,77.5939,0.19,1.0,42.0,50.0,0.2,100.0
traj_sweep_405,placement,1076.77,1278.42,834.974,834.974,711.0,711.0,0.775445,0.775445,738.0,23.0,23.0,4048.0,4048.0,895.404,13.1801,791.132,104.272,13.1801,379.0,0.7193,65.0,0.0035138,2.12246e-05,0.00259565,0.00613068,2924.94,2502430000.0,2502430000.0,0.0828218,-9.14868,-0.199611,1076.77,1278.42,834.974,834.974,711.0,711.0,0.775445,0.775445,738.0,23.0,23.0,4048.0,4048.0,0.0035138,2.12246e-05,0.00259565,0.00613068,0.771763,0.756097,53.0,2502430000.0,2502430000.0,0.0828218,-9.14868,-0.199611,1076.77,1278.42,834.974,834.974,711.0,711.0,5.335,1.269,902.301,0.775445,0.775445,738.0,23.0,23.0,4048.0,4048.0,1130190.0,19.0,4.0,0.00351491,2.12246e-05,0.00261502,0.00615115,3490.04,0.774027,0.757191,53.0,2484000000.0,2484000000.0,0.0828148,-9.25491,-0.202577,77.5445,0.2,1.0,42.0,50.0,0.2,100.0
traj_sweep_406,placement,1076.77,1278.42,832.58,832.58,708.0,708.0,0.773221,0.773221,735.0,23.0,23.0,4048.0,4048.0,893.01,12.8775,791.132,101.878,12.8775,376.0,0.701202,66.0,0.00332338,2.1157e-05,0.00246717,0.00581171,2913.92,2503540000.0,2503540000.0,0.0847914,-8.58268,-0.189435,1076.77,1278.42,832.58,832.58,708.0,708.0,0.773221,0.773221,735.0,23.0,23.0,4048.0,4048.0,0.00332338,2.1157e-05,0.00246717,0.00581171,0.76862,0.754577,53.0,2503540000.0,2503540000.0,0.0847914,-8.58268,-0.189435,1076.77,1278.42,832.58,832.58,708.0,708.0,4.276,1.2575,890.662,0.773221,0.773221,735.0,23.0,23.0,4048.0,4048.0,1146450.0,20.0,2.0,0.00332386,2.1157e-05,0.00248359,0.00582861,3487.14,0.76648,0.753541,53.0,2484330000.0,2484330000.0,0.0848952,-8.72379,-0.192523,77.3221,0.21,1.0,42.0,50.0,0.2,100.0
traj_sweep_408,placement,1076.77,1278.42,832.314,832.314,706.0,706.0,0.772974,0.772974,733.0,23.0,23.0,4048.0,4048.0,892.744,12.8439,791.132,101.612,12.8439,379.0,0.716815,67.0,0.00302706,2.11997e-05,0.0022496,0.00529786,2911.39,2495760000.0,2495760000.0,0.0886463,-7.53016,-0.170679,1076.77,1278.42,832.314,832.314,706.0,706.0,0.772974,0.772974,733.0,23.0,23.0,4048.0,4048.0,0.00302706,2.11997e-05,0.0022496,0.00529786,0.769668,0.755083,53.0,2495760000.0,2495760000.0,0.0886463,-7.53016,-0.170679,1076.77,1278.42,832.314,832.314,706.0,706.0,5.62,1.3015,919.091,0.772974,0.772974,733.0,23.0,23.0,4048.0,4048.0,1246710.0,21.0,4.0,0.00302764,2.11997e-05,0.00226803,0.00531687,3534.75,0.75516,0.74806,53.0,2471930000.0,2471930000.0,0.0886847,-7.66252,-0.174542,77.2974,0.23,1.0,42.0,50.0,0.2,100.0
traj_sweep_409,placement,1076.77,1278.42,835.772,835.772,712.0,712.0,0.776186,0.776186,739.0,23.0,23.0,4048.0,4048.0,896.169,13.4341,790.035,106.134,13.4341,372.0,0.707283,66.0,0.00290975,2.12588e-05,0.00216149,0.0050925,2918.16,2495710000.0,2495710000.0,0.0906492,-7.13124,-0.160688,1076.77,1278.42,835.772,835.772,712.0,712.0,0.776186,0.776186,739.0,23.0,23.0,4048.0,4048.0,0.00290975,2.12588e-05,0.00216149,0.0050925,0.779387,0.759784,52.0,2495710000.0,2495710000.0,0.0906492,-7.13124,-0.160688,1076.77,1278.42,835.772,835.772,712.0,712.0,6.3065,1.3505,961.746,0.776186,0.776186,739.0,23.0,23.0,4048.0,4048.0,1427450.0,24.0,5.0,0.00291008,2.12588e-05,0.00217777,0.00510911,3631.89,0.771557,0.755997,52.0,2473540000.0,2473540000.0,0.0907267,-7.27585,-0.164279,77.6186,0.24,1.0,42.0,50.0,0.2,100.0
traj_sweep_410,placement,1076.77,1278.42,827.526,827.526,711.0,711.0,0.768528,0.768528,738.0,23.0,23.0,4048.0,4048.0,888.475,13.2197,784.735,103.74,13.2197,375.0,0.72427,66.0,0.00277926,2.08669e-05,0.0020474,0.00484752,2925.08,2506480000.0,2506480000.0,0.0923091,-6.6275,-0.148966,1076.77,1278.42,827.526,827.526,711.0,711.0,0.768528,0.768528,738.0,23.0,23.0,4048.0,4048.0,0.00277926,2.08669e-05,0.0020474,0.00484752,0.740788,0.741106,51.0,2506480000.0,2506480000.0,0.0923091,-6.6275,-0.148966,1076.77,1278.42,827.526,827.526,711.0,711.0,5.5015,1.349,959.171,0.768528,0.768528,738.0,23.0,23.0,4048.0,4048.0,1165690.0,20.0,3.0,0.0027797,2.08669e-05,0.00206606,0.00486662,3507.92,0.743718,0.742523,51.0,2494110000.0,2494110000.0,0.0928891,-6.72652,-0.150944,76.8528,0.25,1.0,42.0,50.0,0.2,100.0
traj_sweep_411,placement,1076.77,1278.42,826.196,826.196,709.0,709.0,0.767292,0.767292,736.0,23.0,23.0,4048.0,4048.0,887.025,13.1674,783.817,103.208,13.1674,373.0,0.706494,64.0,0.0026498,2.08163e-05,0.00196859,0.00463921,2906.12,2489760000.0,2489760000.0,0.0946315,-6.10281,-0.141645,1076.77,1278.42,826.196,826.196,709.0,709.0,0.767292,0.767292,736.0,23.0,23.0,4048.0,4048.0,0.0026498,2.08163e-05,0.00196859,0.00463921,0.759616,0.750217,50.0,2489760000.0,2489760000.0,0.0946315,-6.10281,-0.141645,1076.77,1278.42,826.196,826.196,709.0,709.0,5.781,1.368,970.221,0.767292,0.767292,736.0,23.0,23.0,4048.0,4048.0,1248360.0,21.0,3.0,0.00264987,2.08163e-05,0.00198455,0.00465523,3530.3,0.761959,0.751353,50.0,2464880000.0,2464880000.0,0.0948005,-6.24526,-0.145699,76.7292,0.26,1.0,42.0,50.0,0.2,100.0
traj_sweep_412,placement,1076.77,1278.42,822.472,822.472,710.0,710.0,0.763834,0.763834,737.0,23.0,23.0,4048.0,4048.0,883.386,12.9976,781.774,101.612,12.9976,374.0,0.712297,68.0,0.0025397,2.05917e-05,0.00188833,0.00444863,2860.33,2491140000.0,2491140000.0,0.0965178,-5.74567,-0.131423,1076.77,1278.42,822.472,822.472,710.0,710.0,0.763834,0.763834,737.0,23.0,23.0,4048.0,4048.0,0.0025397,2.05917e-05,0.00188833,0.00444863,0.753921,0.747461,49.0,2491140000.0,2491140000.0,0.0965178,-5.74567,-0.131423,1076.77,1278.42,822.472,822.472,710.0,710.0,5.501,1.322,938.627,0.763834,0.763834,737.0,23.0,23.0,4048.0,4048.0,1225540.0,21.0,3.0,0.00254023,2.05917e-05,0.0019044,0.00446522,3473.1,0.75764,0.74926,49.0,2466460000.0,2466460000.0,0.0964875,-5.85826,-0.135439,76.3834,0.27,1.0,42.0,50.0,0.2,100.0
traj_sweep_414,placement,1076.77,1278.42,818.482,818.482,702.0,702.0,0.760128,0.760128,729.0,23.0,23.0,4048.0,4048.0,879.396,12.4872,781.774,97.622,12.4872,373.0,0.697093,65.0,0.00235573,2.06005e-05,0.001753,0.00412933,2890.52,2459180000.0,2459180000.0,0.10058,-4.80477,-0.116639,1076.77,1278.42,818.482,818.482,702.0,702.0,0.760128,0.760128,729.0,23.0,23.0,4048.0,4048.0,0.00235573,2.06005e-05,0.001753,0.00412933,0.765795,0.75321,49.0,2459180000.0,2459180000.0,0.10058,-4.80477,-0.116639,1076.77,1278.42,818.482,818.482,702.0,702.0,5.2705,1.2845,902.028,0.760128,0.760128,729.0,23.0,23.0,4048.0,4048.0,1161240.0,20.0,2.0,0.00235619,2.06005e-05,0.00176616,0.00414296,3471.13,0.774027,0.757192,49.0,2442440000.0,2442440000.0,0.101125,-4.90077,-0.119427,76.0128,0.29,1.0,42.0,50.0,0.2,100.0
traj_sweep_415,placement,1076.77,1278.42,818.216,818.216,703.0,703.0,0.759881,0.759881,730.0,23.0,23.0,4048.0,4048.0,879.13,12.4532,781.774,97.356,12.4532,374.0,0.698121,66.0,0.00229042,2.055e-05,0.00170174,0.00401271,2930.36,2488010000.0,2488010000.0,0.102494,-4.3351,-0.101927,1076.77,1278.42,818.216,818.216,703.0,703.0,0.759881,0.759881,730.0,23.0,23.0,4048.0,4048.0,0.00229042,2.055e-05,0.00170174,0.00401271,0.721931,0.72506,49.0,2488010000.0,2488010000.0,0.102494,-4.3351,-0.101927,1076.77,1278.42,818.216,818.216,703.0,703.0,6.1335,1.3265,932.586,0.759881,0.759881,730.0,23.0,23.0,4048.0,4048.0,1230530.0,21.0,4.0,0.0022908,2.055e-05,0.00171441,0.00402576,3545.62,0.72141,0.71763,49.0,2474260000.0,2474260000.0,0.1024,-4.42989,-0.104161,75.9881,0.3,1.0,42.0,50.0,0.2,100.0
traj_sweep_416,placement,1076.77,1278.42,813.694,813.694,704.0,704.0,0.755682,0.755682,731.0,23.0,23.0,4048.0,4048.0,875.8,12.545,778.178,97.622,12.545,372.0,0.716951,65.0,0.00220748,2.03812e-05,0.00162548,0.00385334,2798.91,2468660000.0,2468660000.0,0.104553,-3.87367,-0.0950781,1076.77,1278.42,813.694,813.694,704.0,704.0,0.755682,0.755682,731.0,23.0,23.0,4048.0,4048.0,0.00220748,2.03812e-05,0.00162548,0.00385334,0.754725,0.74785,48.0,2468660000.0,2468660000.0,0.104553,-3.87367,-0.0950781,1076.77,1278.42,813.694,813.694,704.0,704.0,5.25,1.3395,943.346,0.755682,0.755682,731.0,23.0,23.0,4048.0,4048.0,1348200.0,24.0,6.0,0.00220815,2.03812e-05,0.00164208,0.00387062,3473.01,0.763975,0.752329,48.0,2454300000.0,2454300000.0,0.105107,-4.00652,-0.0974479,75.5682,0.31,1.0,42.0,50.0,0.2,100.0
traj_sweep_418,placement,1076.77,1278.42,796.936,796.936,685.0,685.0,0.740119,0.740119,712.0,23.0,23.0,4048.0,4048.0,859.042,10.3915,778.178,80.864,10.3915,372.0,0.726176,69.0,0.00201355,1.98475e-05,0.00151631,0.00354971,2906.52,2478090000.0,2478090000.0,0.107378,-3.01323,-0.077181,1076.77,1278.42,796.936,796.936,685.0,685.0,0.740119,0.740119,712.0,23.0,23.0,4048.0,4048.0,0.00201355,1.98475e-05,0.00151631,0.00354971,0.785801,0.682511,47.0,2478090000.0,2478090000.0,0.107378,-3.01323,-0.077181,1076.77,1278.42,796.936,796.936,685.0,685.0,5.283,1.3555,928.736,0.740119,0.740119,712.0,23.0,23.0,4048.0,4048.0,1226450.0,21.0,3.0,0.00201395,1.98475e-05,0.00152682,0.00356062,3519.75,0.796764,0.675204,47.0,2465500000.0,2465500000.0,0.107687,-3.15266,-0.0784447,74.0119,0.33,1.0,42.0,50.0,0.2,100.0
traj_sweep_419,placement,1076.77,1278.42,792.148,792.148,689.0,689.0,0.735672,0.735672,716.0,23.0,23.0,4048.0,4048.0,856.742,10.7259,773.75,82.992,10.7259,367.0,0.736636,69.0,0.00194169,1.9581e-05,0.00144283,0.0034041,2796.06,2457760000.0,2457760000.0,0.107493,-2.66809,-0.0668749,1076.77,1278.42,792.148,792.148,689.0,689.0,0.735672,0.735672,716.0,23.0,23.0,4048.0,4048.0,0.00194169,1.9581e-05,0.00144283,0.0034041,0.804101,0.771726,48.0,2457760000.0,2457760000.0,0.107493,-2.66809,-0.0668749,1076.77,1278.42,792.148,792.148,689.0,689.0,5.4655,1.318,908.408,0.735672,0.735672,716.0,23.0,23.0,4048.0,4048.0,1237700.0,22.0,3.0,0.00194221,1.9581e-05,0.00145578,0.00341757,3414.91,0.793701,0.766702,48.0,2454790000.0,2454790000.0,0.107777,-2.75206,-0.0673675,73.5672,0.34,1.0,42.0,50.0,0.2,100.0
traj_sweep_420,placement,1076.77,1278.42,789.488,789.488,688.0,688.0,0.733202,0.733202,715.0,23.0,23.0,4048.0,4048.0,854.082,10.3822,773.75,80.332,10.3822,372.0,0.70467,69.0,0.00187381,1.94326e-05,0.00140006,0.0032933,2763.91,2463360000.0,2463360000.0,0.107026,-2.25733,-0.0559489,1076.77,1278.42,789.488,789.488,688.0,688.0,0.733202,0.733202,715.0,23.0,23.0,4048.0,4048.0,0.00187381,1.94326e-05,0.00140006,0.0032933,0.760222,0.750508,48.0,2463360000.0,2463360000.0,0.107026,-2.25733,-0.0559489,1076.77,1278.42,789.488,789.488,688.0,688.0,5.239,1.286,885.066,0.733202,0.733202,715.0,23.0,23.0,4048.0,4048.0,1058430.0,19.0,2.0,0.00187418,1.94326e-05,0.00141328,0.00330689,3293.12,0.755584,0.748261,48.0,2445000000.0,2445000000.0,0.108004,-2.36688,-0.0589974,73.3202,0.35,1.0,42.0,50.0,0.2,100.0
traj_sweep_421,placement,1076.77,1278.42,789.754,789.754,687.0,687.0,0.733449,0.733449,714.0,23.0,23.0,4048.0,4048.0,854.348,10.4165,773.75,80.598,10.4165,375.0,0.729327,69.0,0.00182482,1.94741e-05,0.00136153,0.00320583,2770.64,2440700000.0,2440700000.0,0.106988,-1.89864,-0.0497184,1076.77,1278.42,789.754,789.754,687.0,687.0,0.733449,0.733449,714.0,23.0,23.0,4048.0,4048.0,0.00182482,1.94741e-05,0.00136153,0.00320583,0.793736,0.766692,47.0,2440700000.0,2440700000.0,0.106988,-1.89864,-0.0497184,1076.77,1278.42,789.754,789.754,687.0,687.0,5.188,1.2475,857.341,0.733449,0.733449,714.0,23.0,23.0,4048.0,4048.0,1055620.0,19.0,2.0,0.00182512,1.94741e-05,0.00137178,0.00321637,3298.45,0.785137,0.762548,47.0,2442970000.0,2442970000.0,0.107139,-1.93785,-0.0493793,73.3449,0.36,1.0,42.0,50.0,0.2,100.0
traj_sweep_422,placement,1076.77,1278.42,786.828,786.828,685.0,685.0,0.730731,0.730731,712.0,23.0,23.0,4048.0,4048.0,851.985,10.1446,773.515,78.47,10.1446,374.0,0.72308,68.0,0.00176175,1.93979e-05,0.00131313,0.00309428,2773.52,2445890000.0,2445890000.0,0.106792,-1.36714,-0.0388489,1076.77,1278.42,786.828,786.828,685.0,685.0,0.730731,0.730731,712.0,23.0,23.0,4048.0,4048.0,0.00176175,1.93979e-05,0.00131313,0.00309428,0.7807,0.675954,47.0,2445890000.0,2445890000.0,0.106792,-1.36714,-0.0388489,1076.77,1278.42,786.828,786.828,685.0,685.0,6.909,1.274,872.736,0.730731,0.730731,712.0,23.0,23.0,4048.0,4048.0,1068910.0,19.0,2.0,0.00176226,1.93979e-05,0.00132721,0.00310887,3307.98,0.775914,0.673383,47.0,2455120000.0,2455120000.0,0.107362,-1.46105,-0.0419711,73.0731,0.37,1.0,42.0,50.0,0.2,100.0
traj_sweep_424,placement,1076.77,1278.42,784.7,784.7,686.0,686.0,0.728755,0.728755,713.0,23.0,23.0,4048.0,4048.0,851.951,10.2209,772.949,79.002,10.2209,374.0,0.703711,70.0,0.00169109,1.93059e-05,0.00124728,0.00295768,2794.17,2441050000.0,2441050000.0,0.107327,-0.544298,-0.0251453,1076.77,1278.42,784.7,784.7,686.0,686.0,0.728755,0.728755,713.0,23.0,23.0,4048.0,4048.0,0.00169109,1.93059e-05,0.00124728,0.00295768,0.806358,0.647098,44.0,2441050000.0,2441050000.0,0.107327,-0.544298,-0.0251453,1076.77,1278.42,784.7,784.7,686.0,686.0,5.9565,1.299,891.142,0.728755,0.728755,713.0,23.0,23.0,4048.0,4048.0,1187820.0,21.0,3.0,0.00169154,1.93059e-05,0.001257,0.00296785,3388.08,0.788006,0.645379,44.0,2414590000.0,2414590000.0,0.107454,-0.579725,-0.0280977,72.8755,0.39,1.0,42.0,50.0,0.2,100.0
traj_sweep_425,placement,1076.77,1278.42,748.79,748.79,680.0,680.0,0.695405,0.695405,707.0,23.0,23.0,4048.0,4048.0,829.454,9.86524,754.974,74.48,9.86524,368.0,0.74122,71.0,0.00156759,1.79646e-05,0.00113834,0.00272389,2793.19,2429390000.0,2429390000.0,0.107626,-0.350376,-0.0181928,1076.77,1278.42,748.79,748.79,680.0,680.0,0.695405,0.695405,707.0,23.0,23.0,4048.0,4048.0,0.00156759,1.79646e-05,0.00113834,0.00272389,0.793363,0.715145,40.0,2429390000.0,2429390000.0,0.107626,-0.350376,-0.0181928,1076.77,1278.42,748.79,748.79,680.0,680.0,5.3235,1.2905,877.668,0.695405,0.695405,707.0,23.0,23.0,4048.0,4048.0,1003260.0,18.0,3.0,0.00156791,1.79646e-05,0.00114855,0.00273442,3294.82,0.809625,0.703786,42.0,2430520000.0,2430520000.0,0.107513,-0.372738,-0.0200754,69.5405,0.4,1.0,42.0,50.0,0.2,100.0
traj_sweep_426,placement,1076.77,1278.42,723.52,723.52,663.0,663.0,0.671937,0.671937,690.0,23.0,23.0,4048.0,4048.0,807.64,8.19602,746.46,61.18,8.19602,370.0,0.702066,71.0,0.00149086,1.70899e-05,0.00107467,0.00258262,2759.49,2415760000.0,2415760000.0,0.106957,-0.0498956,-0.00929792,1076.77,1278.42,723.52,723.52,663.0,663.0,0.671937,0.671937,690.0,23.0,23.0,4048.0,4048.0,0.00149086,1.70899e-05,0.00107467,0.00258262,0.780608,0.742535,8.0,2415760000.0,2415760000.0,0.106957,-0.0498956,-0.00929792,1076.77,1278.42,723.52,723.52,663.0,663.0,4.6135,1.251,829.707,0.671937,0.671937,690.0,23.0,23.0,4048.0,4048.0,1019530.0,18.0,2.0,0.00149106,1.70899e-05,0.00108,0.00258815,3269.26,0.795588,0.740316,20.0,2390680000.0,2390680000.0,0.107581,-0.0803907,-0.0138365,67.1937,0.41,1.0,42.0,50.0,0.2,100.0
traj_sweep_427,placement,1076.77,1278.42,704.368,704.368,646.0,646.0,0.65415,0.65415,673.0,23.0,23.0,4048.0,4048.0,788.488,5.63031,746.46,42.028,5.63031,369.0,0.688757,71.0,0.00142253,1.63928e-05,0.00104209,0.00248101,2732.2,2356320000.0,2356320000.0,0.107327,-0.0367595,-0.00439035,1076.77,1278.42,704.368,704.368,646.0,646.0,0.65415,0.65415,673.0,23.0,23.0,4048.0,4048.0,0.00142253,1.63928e-05,0.00104209,0.00248101,0.80097,0.622583,15.0,2356320000.0,2356320000.0,0.107327,-0.0367595,-0.00439035,1076.77,1278.42,704.368,704.368,646.0,646.0,3.798,1.233,796.536,0.65415,0.65415,673.0,23.0,23.0,4048.0,4048.0,990045.0,18.0,2.0,0.00142272,1.63928e-05,0.00104838,0.00248749,3227.23,0.77601,0.614902,18.0,2332030000.0,2332030000.0,0.10749,-0.0772121,-0.00881084,65.415,0.42,1.0,42.0,50.0,0.2,100.0
traj_sweep_428,placement,1076.77,1278.42,686.014,686.014,622.0,622.0,0.637105,0.637105,649.0,23.0,23.0,4048.0,4048.0,770.134,3.1715,746.46,23.674,3.1715,369.0,0.713591,72.0,0.00133503,1.59272e-05,0.0010032,0.00235416,2713.1,2343910000.0,2343910000.0,0.10698,-0.0033116,-0.00133848,1076.77,1278.42,686.014,686.014,622.0,622.0,0.637105,0.637105,649.0,23.0,23.0,4048.0,4048.0,0.00133503,1.59272e-05,0.0010032,0.00235416,0.779451,0.621461,3.0,2343910000.0,2343910000.0,0.10698,-0.0033116,-0.00133848,1076.77,1278.42,686.014,686.014,622.0,622.0,4.6235,1.255,780.864,0.637105,0.637105,649.0,23.0,23.0,4048.0,4048.0,907037.0,17.0,2.0,0.00133516,1.59272e-05,0.00100799,0.00235907,3166.61,0.790608,0.614883,3.0,2334110000.0,2334110000.0,0.107481,-0.00581893,-0.00361494,63.7105,0.43,1.0,42.0,50.0,0.2,100.0
traj_sweep_429,placement,1076.77,1278.42,675.64,675.64,611.0,611.0,0.62747,0.62747,638.0,23.0,23.0,4048.0,4048.0,759.76,1.78174,746.46,13.3,1.78174,376.0,0.717508,72.0,0.00126675,1.55778e-05,0.000972333,0.00225466,2749.5,2341240000.0,2341240000.0,0.106978,0.0,0.0085279,1076.77,1278.42,675.64,675.64,611.0,611.0,0.62747,0.62747,638.0,23.0,23.0,4048.0,4048.0,0.00126675,1.55778e-05,0.000972333,0.00225466,0.776386,0.612764,0.0,2341240000.0,2341240000.0,0.106978,0.0,0.0085279,1076.77,1278.42,675.64,675.64,611.0,611.0,3.77,1.2145,742.353,0.62747,0.62747,638.0,23.0,23.0,4048.0,4048.0,769883.0,14.0,1.0,0.00126693,1.55778e-05,0.000977819,0.00226033,3134.44,0.780532,0.612454,0.0,2334450000.0,2334450000.0,0.107618,0.0,0.0067773,62.747,0.44,1.0,42.0,50.0,0.2,100.0
traj_sweep_431,placement,1076.77,1278.42,671.65,671.65,606.0,606.0,0.623765,0.623765,633.0,23.0,23.0,4048.0,4048.0,755.77,1.24722,746.46,9.31,1.24722,374.0,0.708605,72.0,0.00119683,1.54467e-05,0.000924256,0.00213653,2735.06,2316100000.0,2316100000.0,0.107589,0.0,0.0155462,1076.77,1278.42,671.65,671.65,606.0,606.0,0.623765,0.623765,633.0,23.0,23.0,4048.0,4048.0,0.00119683,1.54467e-05,0.000924256,0.00213653,0.760254,0.620997,0.0,2316100000.0,2316100000.0,0.107589,0.0,0.0155462,1076.77,1278.42,671.65,671.65,606.0,606.0,5.0655,1.225,742.52,0.623765,0.623765,633.0,23.0,23.0,4048.0,4048.0,752768.0,14.0,1.0,0.00119713,1.54467e-05,0.000929885,0.00214247,3111.44,0.767821,0.622304,0.0,2313050000.0,2313050000.0,0.108065,0.0,0.0139368,62.3765,0.46,1.0,42.0,50.0,0.2,100.0
traj_sweep_432,placement,1076.77,1278.42,670.054,670.054,604.0,604.0,0.622283,0.622283,631.0,23.0,23.0,4048.0,4048.0,754.174,1.03341,746.46,7.714,1.03341,370.0,0.713027,73.0,0.00116858,1.54042e-05,0.000901304,0.00208529,2719.89,2294620000.0,2294620000.0,0.106999,0.0,0.0241899,1076.77,1278.42,670.054,670.054,604.0,604.0,0.622283,0.622283,631.0,23.0,23.0,4048.0,4048.0,0.00116858,1.54042e-05,0.000901304,0.00208529,0.773888,0.524136,0.0,2294620000.0,2294620000.0,0.106999,0.0,0.0241899,1076.77,1278.42,670.054,670.054,604.0,604.0,6.015,1.232,744.154,0.622283,0.622283,631.0,23.0,23.0,4048.0,4048.0,733257.0,13.0,1.0,0.00116865,1.54042e-05,0.000904861,0.00208891,3086.52,0.777801,0.528174,0.0,2298690000.0,2298690000.0,0.108072,0.0,0.0228211,62.2283,0.47,1.0,42.0,50.0,0.2,100.0
traj_sweep_433,placement,1076.77,1278.42,669.256,669.256,604.0,604.0,0.621542,0.621542,631.0,23.0,23.0,4048.0,4048.0,753.376,0.926506,746.46,6.916,0.926506,371.0,0.708539,72.0,0.00113981,1.53689e-05,0.000885249,0.00204043,2735.65,2289080000.0,2289080000.0,0.107629,0.0,0.0285108,1076.77,1278.42,669.256,669.256,604.0,604.0,0.621542,0.621542,631.0,23.0,23.0,4048.0,4048.0,0.00113981,1.53689e-05,0.000885249,0.00204043,0.795779,0.541864,0.0,2289080000.0,2289080000.0,0.107629,0.0,0.0285108,1076.77,1278.42,669.256,669.256,604.0,604.0,5.5785,1.2275,741.438,0.621542,0.621542,631.0,23.0,23.0,4048.0,4048.0,809004.0,15.0,2.0,0.00113969,1.53689e-05,0.000886621,0.00204168,3140.15,0.776793,0.543052,0.0,2288950000.0,2288950000.0,0.108235,0.0,0.026102,62.1542,0.48,1.0,42.0,50.0,0.2,100.0
traj_sweep_434,placement,1076.77,1278.42,666.596,666.596,602.0,602.0,0.619071,0.619071,629.0,23.0,23.0,4048.0,4048.0,750.716,0.570158,746.46,4.256,0.570158,380.0,0.706286,71.0,0.00111354,1.52579e-05,0.000869491,0.00199828,2689.16,2282520000.0,2282520000.0,0.10686,0.0,0.0403055,1076.77,1278.42,666.596,666.596,602.0,602.0,0.619071,0.619071,629.0,23.0,23.0,4048.0,4048.0,0.00111354,1.52579e-05,0.000869491,0.00199828,0.781495,0.628291,0.0,2282520000.0,2282520000.0,0.10686,0.0,0.0403055,1076.77,1278.42,666.596,666.596,602.0,602.0,3.8935,1.2585,757.774,0.619071,0.619071,629.0,23.0,23.0,4048.0,4048.0,844554.0,16.0,1.0,0.00111358,1.52579e-05,0.000870038,0.00199888,3111.44,0.776162,0.619543,0.0,2269050000.0,2269050000.0,0.107455,0.0,0.0389124,61.9071,0.49,1.0,42.0,50.0,0.2,100.0
traj_sweep_435,placement,1076.77,1278.42,666.596,666.596,602.0,602.0,0.619071,0.619071,629.0,23.0,23.0,4048.0,4048.0,750.716,0.570158,746.46,4.256,0.570158,375.0,0.704894,71.0,0.00109121,1.52579e-05,0.000850024,0.0019565,2669.4,2269210000.0,2269210000.0,0.107076,0.0,0.045763,1076.77,1278.42,666.596,666.596,602.0,602.0,0.619071,0.619071,629.0,23.0,23.0,4048.0,4048.0,0.00109121,1.52579e-05,0.000850024,0.0019565,0.776907,0.628491,0.0,2269210000.0,2269210000.0,0.107076,0.0,0.045763,1076.77,1278.42,666.596,666.596,602.0,602.0,4.4125,1.221,735.048,0.619071,0.619071,629.0,23.0,23.0,4048.0,4048.0,830371.0,16.0,2.0,0.00109135,1.52579e-05,0.000852915,0.00195952,3084.59,0.757792,0.628112,0.0,2255650000.0,2255650000.0,0.107941,0.0,0.0452241,61.9071,0.5,1.0,42.0,50.0,0.2,100.0
traj_sweep_436,placement,1076.77,1278.42,666.33,666.33,602.0,602.0,0.618824,0.618824,629.0,23.0,23.0,4048.0,4048.0,750.45,0.534523,746.46,3.99,0.534523,375.0,0.695823,72.0,0.00106907,1.5237e-05,0.000828031,0.00191234,2678.92,2210120000.0,2210120000.0,0.107082,0.0,0.057535,1076.77,1278.42,666.33,666.33,602.0,602.0,0.618824,0.618824,629.0,23.0,23.0,4048.0,4048.0,0.00106907,1.5237e-05,0.000828031,0.00191234,0.759092,0.606783,0.0,2210120000.0,2210120000.0,0.107082,0.0,0.057535,1076.77,1278.42,666.33,666.33,602.0,602.0,4.0,1.2625,760.158,0.618824,0.618824,629.0,23.0,23.0,4048.0,4048.0,771474.0,14.0,2.0,0.00106918,1.5237e-05,0.000833001,0.00191741,3064.66,0.782699,0.61243,0.0,2213170000.0,2213170000.0,0.107464,0.0,0.0557622,61.8824,0.51,1.0,42.0,50.0,0.2,100.0
traj_sweep_438,placement,1076.77,1278.42,666.596,666.596,602.0,602.0,0.619071,0.619071,629.0,23.0,23.0,4048.0,4048.0,750.716,0.570158,746.46,4.256,0.570158,374.0,0.706648,70.0,0.00102993,1.52594e-05,0.000801395,0.00184659,2695.81,2278370000.0,2278370000.0,0.106966,0.0,0.0676938,1076.77,1278.42,666.596,666.596,602.0,602.0,0.619071,0.619071,629.0,23.0,23.0,4048.0,4048.0,0.00102993,1.52594e-05,0.000801395,0.00184659,0.788523,0.625122,0.0,2278370000.0,2278370000.0,0.106966,0.0,0.0676938,1076.77,1278.42,666.596,666.596,602.0,602.0,3.9275,1.2615,759.659,0.619071,0.619071,629.0,23.0,23.0,4048.0,4048.0,804258.0,15.0,1.0,0.00102991,1.52594e-05,0.000803123,0.00184829,3097.93,0.805667,0.625643,0.0,2261850000.0,2261850000.0,0.107814,0.0,0.0692823,61.9071,0.53,1.0,42.0,50.0,0.2,100.0
traj_sweep_439,placement,1076.77,1278.42,666.596,666.596,602.0,602.0,0.619071,0.619071,629.0,23.0,23.0,4048.0,4048.0,750.716,0.570158,746.46,4.256,0.570158,374.0,0.686049,70.0,0.00101058,1.52594e-05,0.000780247,0.00180609,2687.03,2204030000.0,2204030000.0,0.107222,0.0,0.0811843,1076.77,1278.42,666.596,666.596,602.0,602.0,0.619071,0.619071,629.0,23.0,23.0,4048.0,4048.0,0.00101058,1.52594e-05,0.000780247,0.00180609,0.761247,0.610633,0.0,2204030000.0,2204030000.0,0.107222,0.0,0.0811843,1076.77,1278.42,666.596,666.596,602.0,602.0,3.818,1.258,757.372,0.619071,0.619071,629.0,23.0,23.0,4048.0,4048.0,744449.0,14.0,2.0,0.00101081,1.52594e-05,0.000785073,0.00181114,3059.26,0.777538,0.6163,0.0,2193620000.0,2193620000.0,0.107649,0.0,0.0792383,61.9071,0.54,1.0,42.0,50.0,0.2,100.0
traj_sweep_440,placement,1076.77,1278.42,666.33,666.33,602.0,602.0,0.618824,0.618824,629.0,23.0,23.0,4048.0,4048.0,750.45,0.534523,746.46,3.99,0.534523,373.0,0.704334,70.0,0.000991288,1.5237e-05,0.000765135,0.00177166,2716.11,2206710000.0,2206710000.0,0.106961,0.0,0.0891779,1076.77,1278.42,666.33,666.33,602.0,602.0,0.618824,0.618824,629.0,23.0,23.0,4048.0,4048.0,0.000991288,1.5237e-05,0.000765135,0.00177166,0.779854,0.617329,0.0,2206710000.0,2206710000.0,0.106961,0.0,0.0891779,1076.77,1278.42,666.33,666.33,602.0,602.0,4.4145,1.2475,751.177,0.618824,0.618824,629.0,23.0,23.0,4048.0,4048.0,791460.0,15.0,2.0,0.000991397,1.5237e-05,0.000769106,0.00177574,3111.84,0.777039,0.615888,0.0,2196330000.0,2196330000.0,0.107847,0.0,0.0882807,61.8824,0.55,1.0,42.0,50.0,0.2,100.0
traj_sweep_441,placement,1076.77,1278.42,665.532,665.532,601.0,601.0,0.618083,0.618083,628.0,23.0,23.0,4048.0,4048.0,749.652,0.427618,746.46,3.192,0.427618,373.0,0.694979,70.0,0.000974351,1.52173e-05,0.000751511,0.00174108,2711.49,2199160000.0,2199160000.0,0.106952,0.0,0.0970277,1076.77,1278.42,665.532,665.532,601.0,601.0,0.618083,0.618083,628.0,23.0,23.0,4048.0,4048.0,0.000974351,1.52173e-05,0.000751511,0.00174108,0.781041,0.555861,0.0,2199160000.0,2199160000.0,0.106952,0.0,0.0970277,1076.77,1278.42,665.532,665.532,601.0,601.0,4.7965,1.2775,767.861,0.618083,0.618083,628.0,23.0,23.0,4048.0,4048.0,817969.0,15.0,1.0,0.000974578,1.52173e-05,0.000756646,0.00174644,3120.48,0.783211,0.555066,0.0,2216690000.0,2216690000.0,0.107741,0.0,0.0942693,61.8083,0.56,1.0,42.0,50.0,0.2,100.0
traj_sweep_442,placement,1076.77,1278.42,665.532,665.532,601.0,601.0,0.618083,0.618083,628.0,23.0,23.0,4048.0,4048.0,749.652,0.427618,746.46,3.192,0.427618,373.0,0.694979,70.0,0.000957257,1.52173e-05,0.000738326,0.0017108,2711.49,2199160000.0,2199160000.0,0.106952,0.0,0.105028,1076.77,1278.42,665.532,665.532,601.0,601.0,0.618083,0.618083,628.0,23.0,23.0,4048.0,4048.0,0.000957257,1.52173e-05,0.000738326,0.0017108,0.781041,0.555861,0.0,2199160000.0,2199160000.0,0.106952,0.0,0.105028,1076.77,1278.42,665.532,665.532,601.0,601.0,4.7965,1.2775,767.861,0.618083,0.618083,628.0,23.0,23.0,4048.0,4048.0,817969.0,15.0,1.0,0.000957479,1.52173e-05,0.000743371,0.00171607,3120.48,0.783211,0.555066,0.0,2216690000.0,2216690000.0,0.107741,0.0,0.102269,61.8083,0.57,1.0,42.0,50.0,0.2,100.0
traj_sweep_443,placement,1076.77,1278.42,665.0,665.0,600.0,600.0,0.617589,0.617589,627.0,23.0,23.0,4048.0,4048.0,749.12,0.356349,746.46,2.66,0.356349,375.0,0.678675,71.0,0.00094159,1.52175e-05,0.000725099,0.00168191,2692.67,2201120000.0,2201120000.0,0.10706,0.0,0.112814,1076.77,1278.42,665.0,665.0,600.0,600.0,0.617589,0.617589,627.0,23.0,23.0,4048.0,4048.0,0.00094159,1.52175e-05,0.000725099,0.00168191,0.805662,0.476995,0.0,2201120000.0,2201120000.0,0.10706,0.0,0.112814,1076.77,1278.42,665.0,665.0,600.0,600.0,4.482,1.307,784.475,0.617589,0.617589,627.0,23.0,23.0,4048.0,4048.0,773021.0,14.0,3.0,0.000941816,1.52175e-05,0.000728482,0.00168552,3079.18,0.772985,0.479981,0.0,2211540000.0,2211540000.0,0.107598,0.0,0.111375,61.7589,0.58,1.0,42.0,50.0,0.2,100.0
traj_sweep_444,placement,1076.77,1278.42,665.0,665.0,600.0,600.0,0.617589,0.617589,627.0,23.0,23.0,4048.0,4048.0,749.12,0.356349,746.46,2.66,0.356349,374.0,0.697135,70.0,0.000925183,1.52175e-05,0.0007139,0.0016543,2708.35,2195300000.0,2195300000.0,0.106945,0.0,0.120927,1076.77,1278.42,665.0,665.0,600.0,600.0,0.617589,0.617589,627.0,23.0,23.0,4048.0,4048.0,0.000925183,1.52175e-05,0.0007139,0.0016543,0.780832,0.552578,0.0,2195300000.0,2195300000.0,0.106945,0.0,0.120927,1076.77,1278.42,665.0,665.0,600.0,600.0,4.3985,1.2475,748.779,0.617589,0.617589,627.0,23.0,23.0,4048.0,4048.0,798510.0,15.0,1.0,0.000925239,1.52175e-05,0.000718481,0.00165894,3107.61,0.793739,0.558289,0.0,2203710000.0,2203710000.0,0.107414,0.0,0.117854,61.7589,0.59,1.0,42.0,50.0,0.2,100.0
traj_sweep_445,placement,1076.77,1278.42,665.798,665.798,600.0,600.0,0.61833,0.61833,627.0,23.0,23.0,4048.0,4048.0,749.918,0.463253,746.46,3.458,0.463253,376.0,0.693021,70.0,0.000910361,1.5262e-05,0.000701221,0.00162684,2699.62,2207480000.0,2207480000.0,0.107079,0.0,0.128742,1076.77,1278.42,665.798,665.798,600.0,600.0,0.61833,0.61833,627.0,23.0,23.0,4048.0,4048.0,0.000910361,1.5262e-05,0.000701221,0.00162684,0.760498,0.553864,0.0,2207480000.0,2207480000.0,0.107079,0.0,0.128742,1076.77,1278.42,665.798,665.798,600.0,600.0,4.1775,1.2565,754.09,0.61833,0.61833,627.0,23.0,23.0,4048.0,4048.0,765080.0,14.0,1.0,0.000910546,1.5262e-05,0.000706644,0.00163245,3082.16,0.737633,0.555381,0.0,2213080000.0,2213080000.0,0.107399,0.0,0.125865,61.833,0.6,1.0,42.0,50.0,0.2,100.0
traj_sweep_446,placement,1076.77,1278.42,665.798,665.798,600.0,600.0,0.61833,0.61833,627.0,23.0,23.0,4048.0,4048.0,749.918,0.463253,746.46,3.458,0.463253,376.0,0.69283,70.0,0.000895437,1.5262e-05,0.000689629,0.00160033,2698.47,2207910000.0,2207910000.0,0.107082,0.0,0.136673,1076.77,1278.42,665.798,665.798,600.0,600.0,0.61833,0.61833,627.0,23.0,23.0,4048.0,4048.0,0.000895437,1.5262e-05,0.000689629,0.00160033,0.760264,0.554094,0.0,2207910000.0,2207910000.0,0.107082,0.0,0.136673,1076.77,1278.42,665.798,665.798,600.0,600.0,4.305,1.257,754.273,0.61833,0.61833,627.0,23.0,23.0,4048.0,4048.0,786179.0,15.0,1.0,0.000895804,1.5262e-05,0.000694222,0.00160529,3091.56,0.746471,0.553293,0.0,2213960000.0,2213960000.0,0.107961,0.0,0.135101,61.833,0.61,1.0,42.0,50.0,0.2,100.0
traj_sweep_447,placement,1076.77,1278.42,665.0,665.0,600.0,600.0,0.617589,0.617589,627.0,23.0,23.0,4048.0,4048.0,749.12,0.356349,746.46,2.66,0.356349,374.0,0.691376,67.0,0.000880659,1.52175e-05,0.000678072,0.00157395,2705.83,2211680000.0,2211680000.0,0.107034,0.0,0.145535,1076.77,1278.42,665.0,665.0,600.0,600.0,0.617589,0.617589,627.0,23.0,23.0,4048.0,4048.0,0.000880659,1.52175e-05,0.000678072,0.00157395,0.762737,0.553101,0.0,2211680000.0,2211680000.0,0.107034,0.0,0.145535,1076.77,1278.42,665.0,665.0,600.0,600.0,3.681,1.2475,748.683,0.617589,0.617589,627.0,23.0,23.0,4048.0,4048.0,781929.0,14.0,1.0,0.000880932,1.52175e-05,0.000683473,0.00157962,3096.8,0.767821,0.550712,0.0,2219030000.0,2219030000.0,0.107981,0.0,0.140749,61.7589,0.62,1.0,42.0,50.0,0.2,100.0
traj_sweep_448,placement,1076.77,1278.42,843.486,843.486,721.0,721.0,0.78335,0.78335,748.0,23.0,23.0,4048.0,4048.0,903.916,14.256,791.132,112.784,14.256,371.0,0.730149,64.0,0.00518238,2.14569e-05,0.00375436,0.0089582,2922.38,2504100000.0,2504100000.0,0.0707255,-12.261,-0.259345,1076.77,1278.42,843.486,843.486,721.0,721.0,0.78335,0.78335,748.0,23.0,23.0,4048.0,4048.0,0.00518238,2.14569e-05,0.00375436,0.0089582,0.753434,0.747225,53.0,2504100000.0,2504100000.0,0.0707255,-12.261,-0.259345,1076.77,1278.42,843.486,843.486,721.0,721.0,5.1425,1.315,948.243,0.78335,0.78335,748.0,23.0,23.0,4048.0,4048.0,1287510.0,22.0,5.0,0.00518293,2.14569e-05,0.00378663,0.00899102,3566.14,0.767749,0.754155,53.0,2473390000.0,2473390000.0,0.0710168,-12.3958,-0.264303,78.335,0.14,1.0,43.0,50.0,0.2,100.0
traj_sweep_449,placement,1076.77,1278.42,841.624,841.624,719.0,719.0,0.781621,0.781621,746.0,23.0,23.0,4048.0,4048.0,902.054,14.0207,791.132,110.922,14.0207,370.0,0.704469,65.0,0.00480793,2.14161e-05,0.00349398,0.00832333,2907.58,2505990000.0,2505990000.0,0.072749,-11.7383,-0.249043,1076.77,1278.42,841.624,841.624,719.0,719.0,0.781621,0.781621,746.0,23.0,23.0,4048.0,4048.0,0.00480793,2.14161e-05,0.00349398,0.00832333,0.758687,0.749767,53.0,2505990000.0,2505990000.0,0.072749,-11.7383,-0.249043,1076.77,1278.42,841.624,841.624,719.0,719.0,4.8725,1.3255,953.133,0.781621,0.781621,746.0,23.0,23.0,4048.0,4048.0,1285030.0,22.0,5.0,0.00480928,2.14161e-05,0.00352779,0.00835848,3550.1,0.756463,0.748691,53.0,2481860000.0,2481860000.0,0.0728213,-11.8779,-0.252924,78.1621,0.15,1.0,43.0,50.0,0.2,100.0
traj_sweep_450,placement,1076.77,1278.42,841.624,841.624,719.0,719.0,0.781621,0.781621,746.0,23.0,23.0,4048.0,4048.0,902.054,14.0207,791.132,110.922,14.0207,372.0,0.695239,65.0,0.0045079,2.1417e-05,0.00327454,0.00780386,2914.82,2503090000.0,2503090000.0,0.0748557,-11.2447,-0.239506,1076.77,1278.42,841.624,841.624,719.0,719.0,0.781621,0.781621,746.0,23.0,23.0,4048.0,4048.0,0.0045079,2.1417e-05,0.00327454,0.00780386,0.765023,0.752836,53.0,2503090000.0,2503090000.0,0.0748557,-11.2447,-0.239506,1076.77,1278.42,841.624,841.624,719.0,719.0,6.216,1.2615,907.064,0.781621,0.781621,746.0,23.0,23.0,4048.0,4048.0,1199360.0,21.0,4.0,0.00450863,2.1417e-05,0.00330406,0.00783411,3514.5,0.774834,0.757582,53.0,2481090000.0,2481090000.0,0.0744838,-11.3747,-0.243049,78.1621,0.16,1.0,43.0,50.0,0.2,100.0
traj_sweep_451,placement,1076.77,1278.42,837.9,837.9,715.0,715.0,0.778162,0.778162,742.0,23.0,23.0,4048.0,4048.0,898.33,13.5499,791.132,107.198,13.5499,379.0,0.716833,65.0,0.0041912,2.1286e-05,0.00307186,0.00728435,2923.74,2501640000.0,2501640000.0,0.0768685,-10.7012,-0.229738,1076.77,1278.42,837.9,837.9,715.0,715.0,0.778162,0.778162,742.0,23.0,23.0,4048.0,4048.0,0.0041912,2.1286e-05,0.00307186,0.00728435,0.775278,0.757796,53.0,2501640000.0,2501640000.0,0.0768685,-10.7012,-0.229738,1076.77,1278.42,837.9,837.9,715.0,715.0,4.813,1.27,908.406,0.778162,0.778162,742.0,23.0,23.0,4048.0,4048.0,1200060.0,21.0,6.0,0.00419188,2.1286e-05,0.00309598,0.00730914,3523.76,0.775914,0.758103,53.0,2489660000.0,2489660000.0,0.0777462,-10.8162,-0.231661,77.8162,0.17,1.0,43.0,50.0,0.2,100.0
traj_sweep_452,placement,1076.77,1278.42,835.506,835.506,712.0,712.0,0.775939,0.775939,739.0,23.0,23.0,4048.0,4048.0,895.936,13.2473,791.132,104.804,13.2473,378.0,0.713634,65.0,0.00391684,2.12227e-05,0.00288572,0.00682379,2915.62,2502940000.0,2502940000.0,0.0787703,-10.1664,-0.21953,1076.77,1278.42,835.506,835.506,712.0,712.0,0.775939,0.775939,739.0,23.0,23.0,4048.0,4048.0,0.00391684,2.12227e-05,0.00288572,0.00682379,0.755825,0.748382,53.0,2502940000.0,2502940000.0,0.0787703,-10.1664,-0.21953,1076.77,1278.42,835.506,835.506,712.0,712.0,4.6885,1.348,960.011,0.775939,0.775939,739.0,23.0,23.0,4048.0,4048.0,1276570.0,22.0,3.0,0.00391767,2.12227e-05,0.00290764,0.00684654,3553.91,0.786154,0.763055,53.0,2485070000.0,2485070000.0,0.0791,-10.2739,-0.222404,77.5939,0.18,1.0,43.0,50.0,0.2,100.0
traj_sweep_453,placement,1076.77,1278.42,835.506,835.506,712.0,712.0,0.775939,0.775939,739.0,23.0,23.0,4048.0,4048.0,895.936,13.2473,791.132,104.804,13.2473,378.0,0.713638,65.0,0.00371068,2.12227e-05,0.00273348,0.00646538,2915.98,2502680000.0,2502680000.0,0.080778,-9.67277,-0.209572,1076.77,1278.42,835.506,835.506,712.0,712.0,0.775939,0.775939,739.0,23.0,23.0,4048.0,4048.0,0.00371068,2.12227e-05,0.00273348,0.00646538,0.756972,0.748937,53.0,2502680000.0,2502680000.0,0.080778,-9.67277,-0.209572,1076.77,1278.42,835.506,835.506,712.0,712.0,5.056,1.2895,918.157,0.775939,0.775939,739.0,23.0,23.0,4048.0,4048.0,1220110.0,21.0,3.0,0.00371167,2.12227e-05,0.00275324,0.00648613,3526.04,0.775842,0.758069,53.0,2484250000.0,2484250000.0,0.08072,-9.79155,-0.212536,77.5939,0.19,1.0,43.0,50.0,0.2,100.0
traj_sweep_454,placement,1076.77,1278.42,834.974,834.974,711.0,711.0,0.775445,0.775445,738.0,23.0,23.0,4048.0,4048.0,895.404,13.1801,791.132,104.272,13.1801,379.0,0.7193,65.0,0.0035138,2.12246e-05,0.00259565,0.00613068,2924.94,2502430000.0,2502430000.0,0.0828218,-9.14868,-0.199611,1076.77,1278.42,834.974,834.974,711.0,711.0,0.775445,0.775445,738.0,23.0,23.0,4048.0,4048.0,0.0035138,2.12246e-05,0.00259565,0.00613068,0.771763,0.756097,53.0,2502430000.0,2502430000.0,0.0828218,-9.14868,-0.199611,1076.77,1278.42,834.974,834.974,711.0,711.0,5.335,1.269,902.301,0.775445,0.775445,738.0,23.0,23.0,4048.0,4048.0,1130190.0,19.0,4.0,0.00351491,2.12246e-05,0.00261502,0.00615115,3490.04,0.774027,0.757191,53.0,2484000000.0,2484000000.0,0.0828148,-9.25491,-0.202577,77.5445,0.2,1.0,43.0,50.0,0.2,100.0
traj_sweep_455,placement,1076.77,1278.42,832.58,832.58,708.0,708.0,0.773221,0.773221,735.0,23.0,23.0,4048.0,4048.0,893.01,12.8775,791.132,101.878,12.8775,376.0,0.701202,66.0,0.00332338,2.1157e-05,0.00246717,0.00581171,2913.92,2503540000.0,2503540000.0,0.0847914,-8.58268,-0.189435,1076.77,1278.42,832.58,832.58,708.0,708.0,0.773221,0.773221,735.0,23.0,23.0,4048.0,4048.0,0.00332338,2.1157e-05,0.00246717,0.00581171,0.76862,0.754577,53.0,2503540000.0,2503540000.0,0.0847914,-8.58268,-0.189435,1076.77,1278.42,832.58,832.58,708.0,708.0,4.276,1.2575,890.662,0.773221,0.773221,735.0,23.0,23.0,4048.0,4048.0,1146450.0,20.0,2.0,0.00332386,2.1157e-05,0.00248359,0.00582861,3487.14,0.76648,0.753541,53.0,2484330000.0,2484330000.0,0.0848952,-8.72379,-0.192523,77.3221,0.21,1.0,43.0,50.0,0.2,100.0
traj_sweep_456,placement,1076.77,1278.42,830.718,830.718,705.0,705.0,0.771492,0.771492,732.0,23.0,23.0,4048.0,4048.0,891.148,12.6421,791.132,100.016,12.6421,379.0,0.734526,66.0,0.00315413,2.11153e-05,0.00234778,0.00552303,2914.11,2501870000.0,2501870000.0,0.0868799,-8.07462,-0.179702,1076.77,1278.42,830.718,830.718,705.0,705.0,0.771492,0.771492,732.0,23.0,23.0,4048.0,4048.0,0.00315413,2.11153e-05,0.00234778,0.00552303,0.766883,0.753736,53.0,2501870000.0,2501870000.0,0.0868799,-8.07462,-0.179702,1076.77,1278.42,830.718,830.718,705.0,705.0,5.405,1.282,903.962,0.771492,0.771492,732.0,23.0,23.0,4048.0,4048.0,1173420.0,20.0,4.0,0.00315482,2.11153e-05,0.00236833,0.00554427,3500.82,0.774799,0.757565,53.0,2485180000.0,2485180000.0,0.0870924,-8.1763,-0.182385,77.1492,0.22,1.0,43.0,50.0,0.2,100.0
traj_sweep_457,placement,1076.77,1278.42,832.314,832.314,706.0,706.0,0.772974,0.772974,733.0,23.0,23.0,4048.0,4048.0,892.744,12.8439,791.132,101.612,12.8439,379.0,0.716815,67.0,0.00302706,2.11997e-05,0.0022496,0.00529786,2911.39,2495760000.0,2495760000.0,0.0886463,-7.53016,-0.170679,1076.77,1278.42,832.314,832.314,706.0,706.0,0.772974,0.772974,733.0,23.0,23.0,4048.0,4048.0,0.00302706,2.11997e-05,0.0022496,0.00529786,0.769668,0.755083,53.0,2495760000.0,2495760000.0,0.0886463,-7.53016,-0.170679,1076.77,1278.42,832.314,832.314,706.0,706.0,5.62,1.3015,919.091,0.772974,0.772974,733.0,23.0,23.0,4048.0,4048.0,1246710.0,21.0,4.0,0.00302764,2.11997e-05,0.00226803,0.00531687,3534.75,0.75516,0.74806,53.0,2471930000.0,2471930000.0,0.0886847,-7.66252,-0.174542,77.2974,0.23,1.0,43.0,50.0,0.2,100.0
traj_sweep_458,placement,1076.77,1278.42,835.772,835.772,712.0,712.0,0.776186,0.776186,739.0,23.0,23.0,4048.0,4048.0,896.169,13.4341,790.035,106.134,13.4341,372.0,0.707283,66.0,0.00290975,2.12588e-05,0.00216149,0.0050925,2918.16,2495710000.0,2495710000.0,0.0906492,-7.13124,-0.160688,1076.77,1278.42,835.772,835.772,712.0,712.0,0.776186,0.776186,739.0,23.0,23.0,4048.0,4048.0,0.00290975,2.12588e-05,0.00216149,0.0050925,0.779387,0.759784,52.0,2495710000.0,2495710000.0,0.0906492,-7.13124,-0.160688,1076.77,1278.42,835.772,835.772,712.0,712.0,6.3065,1.3505,961.746,0.776186,0.776186,739.0,23.0,23.0,4048.0,4048.0,1427450.0,24.0,5.0,0.00291008,2.12588e-05,0.00217777,0.00510911,3631.89,0.771557,0.755997,52.0,2473540000.0,2473540000.0,0.0907267,-7.27585,-0.164279,77.6186,0.24,1.0,43.0,50.0,0.2,100.0
traj_sweep_459,placement,1076.77,1278.42,827.526,827.526,711.0,711.0,0.768528,0.768528,738.0,23.0,23.0,4048.0,4048.0,888.475,13.2197,784.735,103.74,13.2197,375.0,0.72427,66.0,0.00277926,2.08669e-05,0.0020474,0.00484752,2925.08,2506480000.0,2506480000.0,0.0923091,-6.6275,-0.148966,1076.77,1278.42,827.526,827.526,711.0,711.0,0.768528,0.768528,738.0,23.0,23.0,4048.0,4048.0,0.00277926,2.08669e-05,0.0020474,0.00484752,0.740788,0.741106,51.0,2506480000.0,2506480000.0,0.0923091,-6.6275,-0.148966,1076.77,1278.42,827.526,827.526,711.0,711.0,5.5015,1.349,959.171,0.768528,0.768528,738.0,23.0,23.0,4048.0,4048.0,1165690.0,20.0,3.0,0.0027797,2.08669e-05,0.00206606,0.00486662,3507.92,0.743718,0.742523,51.0,2494110000.0,2494110000.0,0.0928891,-6.72652,-0.150944,76.8528,0.25,1.0,43.0,50.0,0.2,100.0
traj_sweep_460,placement,1076.77,1278.42,826.196,826.196,709.0,709.0,0.767292,0.767292,736.0,23.0,23.0,4048.0,4048.0,887.025,13.1674,783.817,103.208,13.1674,373.0,0.706494,64.0,0.0026498,2.08163e-05,0.00196859,0.00463921,2906.12,2489760000.0,2489760000.0,0.0946315,-6.10281,-0.141645,1076.77,1278.42,826.196,826.196,709.0,709.0,0.767292,0.767292,736.0,23.0,23.0,4048.0,4048.0,0.0026498,2.08163e-05,0.00196859,0.00463921,0.759616,0.750217,50.0,2489760000.0,2489760000.0,0.0946315,-6.10281,-0.141645,1076.77,1278.42,826.196,826.196,709.0,709.0,5.781,1.368,970.221,0.767292,0.767292,736.0,23.0,23.0,4048.0,4048.0,1248360.0,21.0,3.0,0.00264987,2.08163e-05,0.00198455,0.00465523,3530.3,0.761959,0.751353,50.0,2464880000.0,2464880000.0,0.0948005,-6.24526,-0.145699,76.7292,0.26,1.0,43.0,50.0,0.2,100.0
traj_sweep_461,placement,1076.77,1278.42,822.472,822.472,710.0,710.0,0.763834,0.763834,737.0,23.0,23.0,4048.0,4048.0,883.386,12.9976,781.774,101.612,12.9976,374.0,0.712297,68.0,0.0025397,2.05917e-05,0.00188833,0.00444863,2860.33,2491140000.0,2491140000.0,0.0965178,-5.74567,-0.131423,1076.77,1278.42,822.472,822.472,710.0,710.0,0.763834,0.763834,737.0,23.0,23.0,4048.0,4048.0,0.0025397,2.05917e-05,0.00188833,0.00444863,0.753921,0.747461,49.0,2491140000.0,2491140000.0,0.0965178,-5.74567,-0.131423,1076.77,1278.42,822.472,822.472,710.0,710.0,5.501,1.322,938.627,0.763834,0.763834,737.0,23.0,23.0,4048.0,4048.0,1225540.0,21.0,3.0,0.00254023,2.05917e-05,0.0019044,0.00446522,3473.1,0.75764,0.74926,49.0,2466460000.0,2466460000.0,0.0964875,-5.85826,-0.135439,76.3834,0.27,1.0,43.0,50.0,0.2,100.0
traj_sweep_462,placement,1076.77,1278.42,823.536,823.536,711.0,711.0,0.764822,0.764822,738.0,23.0,23.0,4048.0,4048.0,884.45,13.1337,781.774,102.676,13.1337,376.0,0.718272,68.0,0.00244768,2.06349e-05,0.00181855,0.00428686,2871.06,2484540000.0,2484540000.0,0.0983615,-5.26336,-0.122489,1076.77,1278.42,823.536,823.536,711.0,711.0,0.764822,0.764822,738.0,23.0,23.0,4048.0,4048.0,0.00244768,2.06349e-05,0.00181855,0.00428686,0.789292,0.764572,49.0,2484540000.0,2484540000.0,0.0983615,-5.26336,-0.122489,1076.77,1278.42,823.536,823.536,711.0,711.0,4.9025,1.3285,944.769,0.764822,0.764822,738.0,23.0,23.0,4048.0,4048.0,1220630.0,21.0,2.0,0.0024486,2.06349e-05,0.00183445,0.00430369,3481.37,0.789965,0.764898,49.0,2442210000.0,2442210000.0,0.0988796,-5.40333,-0.129464,76.4822,0.28,1.0,43.0,50.0,0.2,100.0
traj_sweep_463,placement,1076.77,1278.42,818.482,818.482,702.0,702.0,0.760128,0.760128,729.0,23.0,23.0,4048.0,4048.0,879.396,12.4872,781.774,97.622,12.4872,373.0,0.697093,65.0,0.00235573,2.06005e-05,0.001753,0.00412933,2890.52,2459180000.0,2459180000.0,0.10058,-4.80477,-0.116639,1076.77,1278.42,818.482,818.482,702.0,702.0,0.760128,0.760128,729.0,23.0,23.0,4048.0,4048.0,0.00235573,2.06005e-05,0.001753,0.00412933,0.765795,0.75321,49.0,2459180000.0,2459180000.0,0.10058,-4.80477,-0.116639,1076.77,1278.42,818.482,818.482,702.0,702.0,5.2705,1.2845,902.028,0.760128,0.760128,729.0,23.0,23.0,4048.0,4048.0,1161240.0,20.0,2.0,0.00235619,2.06005e-05,0.00176616,0.00414296,3471.13,0.774027,0.757192,49.0,2442440000.0,2442440000.0,0.101125,-4.90077,-0.119427,76.0128,0.29,1.0,43.0,50.0,0.2,100.0
traj_sweep_464,placement,1076.77,1278.42,818.216,818.216,703.0,703.0,0.759881,0.759881,730.0,23.0,23.0,4048.0,4048.0,879.13,12.4532,781.774,97.356,12.4532,374.0,0.698121,66.0,0.00229042,2.055e-05,0.00170174,0.00401271,2930.36,2488010000.0,2488010000.0,0.102494,-4.3351,-0.101927,1076.77,1278.42,818.216,818.216,703.0,703.0,0.759881,0.759881,730.0,23.0,23.0,4048.0,4048.0,0.00229042,2.055e-05,0.00170174,0.00401271,0.721931,0.72506,49.0,2488010000.0,2488010000.0,0.102494,-4.3351,-0.101927,1076.77,1278.42,818.216,818.216,703.0,703.0,6.1335,1.3265,932.586,0.759881,0.759881,730.0,23.0,23.0,4048.0,4048.0,1230530.0,21.0,4.0,0.0022908,2.055e-05,0.00171441,0.00402576,3545.62,0.72141,0.71763,49.0,2474260000.0,2474260000.0,0.1024,-4.42989,-0.104161,75.9881,0.3,1.0,43.0,50.0,0.2,100.0
traj_sweep_465,placement,1076.77,1278.42,813.694,813.694,704.0,704.0,0.755682,0.755682,731.0,23.0,23.0,4048.0,4048.0,875.8,12.545,778.178,97.622,12.545,372.0,0.716951,65.0,0.00220748,2.03812e-05,0.00162548,0.00385334,2798.91,2468660000.0,2468660000.0,0.104553,-3.87367,-0.0950781,1076.77,1278.42,813.694,813.694,704.0,704.0,0.755682,0.755682,731.0,23.0,23.0,4048.0,4048.0,0.00220748,2.03812e-05,0.00162548,0.00385334,0.754725,0.74785,48.0,2468660000.0,2468660000.0,0.104553,-3.87367,-0.0950781,1076.77,1278.42,813.694,813.694,704.0,704.0,5.25,1.3395,943.346,0.755682,0.755682,731.0,23.0,23.0,4048.0,4048.0,1348200.0,24.0,6.0,0.00220815,2.03812e-05,0.00164208,0.00387062,3473.01,0.763975,0.752329,48.0,2454300000.0,2454300000.0,0.105107,-4.00652,-0.0974479,75.5682,0.31,1.0,43.0,50.0,0.2,100.0
traj_sweep_466,placement,1076.77,1278.42,804.916,804.916,693.0,693.0,0.74753,0.74753,720.0,23.0,23.0,4048.0,4048.0,867.022,11.4169,778.178,88.844,11.4169,376.0,0.707363,66.0,0.00209775,2.01274e-05,0.00156171,0.00367959,2835.7,2496650000.0,2496650000.0,0.106358,-3.31344,-0.084481,1076.77,1278.42,804.916,804.916,693.0,693.0,0.74753,0.74753,720.0,23.0,23.0,4048.0,4048.0,0.00209775,2.01274e-05,0.00156171,0.00367959,0.760607,0.750696,48.0,2496650000.0,2496650000.0,0.106358,-3.31344,-0.084481,1076.77,1278.42,804.916,804.916,693.0,693.0,4.608,1.3505,936.081,0.74753,0.74753,720.0,23.0,23.0,4048.0,4048.0,1201620.0,21.0,4.0,0.00209825,2.01274e-05,0.00157658,0.00369496,3436.51,0.760274,0.750535,48.0,2476220000.0,2476220000.0,0.106896,-3.41434,-0.0843828,74.753,0.32,1.0,43.0,50.0,0.2,100.0
traj_sweep_467,placement,1076.77,1278.42,796.936,796.936,685.0,685.0,0.740119,0.740119,712.0,23.0,23.0,4048.0,4048.0,859.042,10.3915,778.178,80.864,10.3915,372.0,0.726176,69.0,0.00201355,1.98475e-05,0.00151631,0.00354971,2906.52,2478090000.0,2478090000.0,0.107378,-3.01323,-0.077181,1076.77,1278.42,796.936,796.936,685.0,685.0,0.740119,0.740119,712.0,23.0,23.0,4048.0,4048.0,0.00201355,1.98475e-05,0.00151631,0.00354971,0.785801,0.682511,47.0,2478090000.0,2478090000.0,0.107378,-3.01323,-0.077181,1076.77,1278.42,796.936,796.936,685.0,685.0,5.283,1.3555,928.736,0.740119,0.740119,712.0,23.0,23.0,4048.0,4048.0,1226450.0,21.0,3.0,0.00201395,1.98475e-05,0.00152682,0.00356062,3519.75,0.796764,0.675204,47.0,2465500000.0,2465500000.0,0.107687,-3.15266,-0.0784447,74.0119,0.33,1.0,43.0,50.0,0.2,100.0
traj_sweep_468,placement,1076.77,1278.42,792.148,792.148,689.0,689.0,0.735672,0.735672,716.0,23.0,23.0,4048.0,4048.0,856.742,10.7259,773.75,82.992,10.7259,367.0,0.736636,69.0,0.00194169,1.9581e-05,0.00144283,0.0034041,2796.06,2457760000.0,2457760000.0,0.107493,-2.66809,-0.0668749,1076.77,1278.42,792.148,792.148,689.0,689.0,0.735672,0.735672,716.0,23.0,23.0,4048.0,4048.0,0.00194169,1.9581e-05,0.00144283,0.0034041,0.804101,0.771726,48.0,2457760000.0,2457760000.0,0.107493,-2.66809,-0.0668749,1076.77,1278.42,792.148,792.148,689.0,689.0,5.4655,1.318,908.408,0.735672,0.735672,716.0,23.0,23.0,4048.0,4048.0,1237700.0,22.0,3.0,0.00194221,1.9581e-05,0.00145578,0.00341757,3414.91,0.793701,0.766702,48.0,2454790000.0,2454790000.0,0.107777,-2.75206,-0.0673675,73.5672,0.34,1.0,43.0,50.0,0.2,100.0
traj_sweep_469,placement,1076.77,1278.42,789.488,789.488,688.0,688.0,0.733202,0.733202,715.0,23.0,23.0,4048.0,4048.0,854.082,10.3822,773.75,80.332,10.3822,372.0,0.70467,69.0,0.00187381,1.94326e-05,0.00140006,0.0032933,2763.91,2463360000.0,2463360000.0,0.107026,-2.25733,-0.0559489,1076.77,1278.42,789.488,789.488,688.0,688.0,0.733202,0.733202,715.0,23.0,23.0,4048.0,4048.0,0.00187381,1.94326e-05,0.00140006,0.0032933,0.760222,0.750508,48.0,2463360000.0,2463360000.0,0.107026,-2.25733,-0.0559489,1076.77,1278.42,789.488,789.488,688.0,688.0,5.239,1.286,885.066,0.733202,0.733202,715.0,23.0,23.0,4048.0,4048.0,1058430.0,19.0,2.0,0.00187418,1.94326e-05,0.00141328,0.00330689,3293.12,0.755584,0.748261,48.0,2445000000.0,2445000000.0,0.108004,-2.36688,-0.0589974,73.3202,0.35,1.0,43.0,50.0,0.2,100.0
traj_sweep_470,placement,1076.77,1278.42,789.754,789.754,687.0,687.0,0.733449,0.733449,714.0,23.0,23.0,4048.0,4048.0,854.348,10.4165,773.75,80.598,10.4165,375.0,0.729327,69.0,0.00182482,1.94741e-05,0.00136153,0.00320583,2770.64,2440700000.0,2440700000.0,0.106988,-1.89864,-0.0497184,1076.77,1278.42,789.754,789.754,687.0,687.0,0.733449,0.733449,714.0,23.0,23.0,4048.0,4048.0,0.00182482,1.94741e-05,0.00136153,0.00320583,0.793736,0.766692,47.0,2440700000.0,2440700000.0,0.106988,-1.89864,-0.0497184,1076.77,1278.42,789.754,789.754,687.0,687.0,5.188,1.2475,857.341,0.733449,0.733449,714.0,23.0,23.0,4048.0,4048.0,1055620.0,19.0,2.0,0.00182512,1.94741e-05,0.00137178,0.00321637,3298.45,0.785137,0.762548,47.0,2442970000.0,2442970000.0,0.107139,-1.93785,-0.0493793,73.3449,0.36,1.0,43.0,50.0,0.2,100.0
traj_sweep_471,placement,1076.77,1278.42,786.828,786.828,685.0,685.0,0.730731,0.730731,712.0,23.0,23.0,4048.0,4048.0,851.985,10.1446,773.515,78.47,10.1446,374.0,0.72308,68.0,0.00176175,1.93979e-05,0.00131313,0.00309428,2773.52,2445890000.0,2445890000.0,0.106792,-1.36714,-0.0388489,1076.77,1278.42,786.828,786.828,685.0,685.0,0.730731,0.730731,712.0,23.0,23.0,4048.0,4048.0,0.00176175,1.93979e-05,0.00131313,0.00309428,0.7807,0.675954,47.0,2445890000.0,2445890000.0,0.106792,-1.36714,-0.0388489,1076.77,1278.42,786.828,786.828,685.0,685.0,6.909,1.274,872.736,0.730731,0.730731,712.0,23.0,23.0,4048.0,4048.0,1068910.0,19.0,2.0,0.00176226,1.93979e-05,0.00132721,0.00310887,3307.98,0.775914,0.673383,47.0,2455120000.0,2455120000.0,0.107362,-1.46105,-0.0419711,73.0731,0.37,1.0,43.0,50.0,0.2,100.0
traj_sweep_472,placement,1076.77,1278.42,785.232,785.232,687.0,687.0,0.729249,0.729249,714.0,23.0,23.0,4048.0,4048.0,851.631,10.1492,773.161,78.47,10.1492,369.0,0.70579,68.0,0.00172133,1.92943e-05,0.00127667,0.0030173,2784.27,2429380000.0,2429380000.0,0.107506,-0.923693,-0.0316276,1076.77,1278.42,785.232,785.232,687.0,687.0,0.729249,0.729249,714.0,23.0,23.0,4048.0,4048.0,0.00172133,1.92943e-05,0.00127667,0.0030173,0.784595,0.739281,46.0,2429380000.0,2429380000.0,0.107506,-0.923693,-0.0316276,1076.77,1278.42,785.232,785.232,687.0,687.0,4.3915,1.35,927.53,0.729249,0.729249,714.0,23.0,23.0,4048.0,4048.0,1136970.0,20.0,5.0,0.00172153,1.92943e-05,0.00128681,0.00302763,3352.76,0.783388,0.735654,46.0,2439020000.0,2439020000.0,0.107973,-0.989843,-0.0357411,72.9249,0.38,1.0,43.0,50.0,0.2,100.0
traj_sweep_473,placement,1076.77,1278.42,784.7,784.7,686.0,686.0,0.728755,0.728755,713.0,23.0,23.0,4048.0,4048.0,851.951,10.2209,772.949,79.002,10.2209,374.0,0.703711,70.0,0.00169109,1.93059e-05,0.00124728,0.00295768,2794.17,2441050000.0,2441050000.0,0.107327,-0.544298,-0.0251453,1076.77,1278.42,784.7,784.7,686.0,686.0,0.728755,0.728755,713.0,23.0,23.0,4048.0,4048.0,0.00169109,1.93059e-05,0.00124728,0.00295768,0.806358,0.647098,44.0,2441050000.0,2441050000.0,0.107327,-0.544298,-0.0251453,1076.77,1278.42,784.7,784.7,686.0,686.0,5.9565,1.299,891.142,0.728755,0.728755,713.0,23.0,23.0,4048.0,4048.0,1187820.0,21.0,3.0,0.00169154,1.93059e-05,0.001257,0.00296785,3388.08,0.788006,0.645379,44.0,2414590000.0,2414590000.0,0.107454,-0.579725,-0.0280977,72.8755,0.39,1.0,43.0,50.0,0.2,100.0
traj_sweep_474,placement,1076.77,1278.42,748.79,748.79,680.0,680.0,0.695405,0.695405,707.0,23.0,23.0,4048.0,4048.0,829.454,9.86524,754.974,74.48,9.86524,368.0,0.74122,71.0,0.00156759,1.79646e-05,0.00113834,0.00272389,2793.19,2429390000.0,2429390000.0,0.107626,-0.350376,-0.0181928,1076.77,1278.42,748.79,748.79,680.0,680.0,0.695405,0.695405,707.0,23.0,23.0,4048.0,4048.0,0.00156759,1.79646e-05,0.00113834,0.00272389,0.793363,0.715145,40.0,2429390000.0,2429390000.0,0.107626,-0.350376,-0.0181928,1076.77,1278.42,748.79,748.79,680.0,680.0,5.3235,1.2905,877.668,0.695405,0.695405,707.0,23.0,23.0,4048.0,4048.0,1003260.0,18.0,3.0,0.00156791,1.79646e-05,0.00114855,0.00273442,3294.82,0.809625,0.703786,42.0,2430520000.0,2430520000.0,0.107513,-0.372738,-0.0200754,69.5405,0.4,1.0,43.0,50.0,0.2,100.0
traj_sweep_475,placement,1076.77,1278.42,723.52,723.52,663.0,663.0,0.671937,0.671937,690.0,23.0,23.0,4048.0,4048.0,807.64,8.19602,746.46,61.18,8.19602,370.0,0.702066,71.0,0.00149086,1.70899e-05,0.00107467,0.00258262,2759.49,2415760000.0,2415760000.0,0.106957,-0.0498956,-0.00929792,1076.77,1278.42,723.52,723.52,663.0,663.0,0.671937,0.671937,690.0,23.0,23.0,4048.0,4048.0,0.00149086,1.70899e-05,0.00107467,0.00258262,0.780608,0.742535,8.0,2415760000.0,2415760000.0,0.106957,-0.0498956,-0.00929792,1076.77,1278.42,723.52,723.52,663.0,663.0,4.6135,1.251,829.707,0.671937,0.671937,690.0,23.0,23.0,4048.0,4048.0,1019530.0,18.0,2.0,0.00149106,1.70899e-05,0.00108,0.00258815,3269.26,0.795588,0.740316,20.0,2390680000.0,2390680000.0,0.107581,-0.0803907,-0.0138365,67.1937,0.41,1.0,43.0,50.0,0.2,100.0
traj_sweep_476,placement,1076.77,1278.42,704.368,704.368,646.0,646.0,0.65415,0.65415,673.0,23.0,23.0,4048.0,4048.0,788.488,5.63031,746.46,42.028,5.63031,369.0,0.688757,71.0,0.00142253,1.63928e-05,0.00104209,0.00248101,2732.2,2356320000.0,2356320000.0,0.107327,-0.0367595,-0.00439035,1076.77,1278.42,704.368,704.368,646.0,646.0,0.65415,0.65415,673.0,23.0,23.0,4048.0,4048.0,0.00142253,1.63928e-05,0.00104209,0.00248101,0.80097,0.622583,15.0,2356320000.0,2356320000.0,0.107327,-0.0367595,-0.00439035,1076.77,1278.42,704.368,704.368,646.0,646.0,3.798,1.233,796.536,0.65415,0.65415,673.0,23.0,23.0,4048.0,4048.0,990045.0,18.0,2.0,0.00142272,1.63928e-05,0.00104838,0.00248749,3227.23,0.77601,0.614902,18.0,2332030000.0,2332030000.0,0.10749,-0.0772121,-0.00881084,65.415,0.42,1.0,43.0,50.0,0.2,100.0
traj_sweep_477,placement,1076.77,1278.42,686.014,686.014,622.0,622.0,0.637105,0.637105,649.0,23.0,23.0,4048.0,4048.0,770.134,3.1715,746.46,23.674,3.1715,369.0,0.713591,72.0,0.00133503,1.59272e-05,0.0010032,0.00235416,2713.1,2343910000.0,2343910000.0,0.10698,-0.0033116,-0.00133848,1076.77,1278.42,686.014,686.014,622.0,622.0,0.637105,0.637105,649.0,23.0,23.0,4048.0,4048.0,0.00133503,1.59272e-05,0.0010032,0.00235416,0.779451,0.621461,3.0,2343910000.0,2343910000.0,0.10698,-0.0033116,-0.00133848,1076.77,1278.42,686.014,686.014,622.0,622.0,4.6235,1.255,780.864,0.637105,0.637105,649.0,23.0,23.0,4048.0,4048.0,907037.0,17.0,2.0,0.00133516,1.59272e-05,0.00100799,0.00235907,3166.61,0.790608,0.614883,3.0,2334110000.0,2334110000.0,0.107481,-0.00581893,-0.00361494,63.7105,0.43,1.0,43.0,50.0,0.2,100.0
traj_sweep_478,placement,1076.77,1278.42,675.64,675.64,611.0,611.0,0.62747,0.62747,638.0,23.0,23.0,4048.0,4048.0,759.76,1.78174,746.46,13.3,1.78174,376.0,0.717508,72.0,0.00126675,1.55778e-05,0.000972333,0.00225466,2749.5,2341240000.0,2341240000.0,0.106978,0.0,0.0085279,1076.77,1278.42,675.64,675.64,611.0,611.0,0.62747,0.62747,638.0,23.0,23.0,4048.0,4048.0,0.00126675,1.55778e-05,0.000972333,0.00225466,0.776386,0.612764,0.0,2341240000.0,2341240000.0,0.106978,0.0,0.0085279,1076.77,1278.42,675.64,675.64,611.0,611.0,3.77,1.2145,742.353,0.62747,0.62747,638.0,23.0,23.0,4048.0,4048.0,769883.0,14.0,1.0,0.00126693,1.55778e-05,0.000977819,0.00226033,3134.44,0.780532,0.612454,0.0,2334450000.0,2334450000.0,0.107618,0.0,0.0067773,62.747,0.44,1.0,43.0,50.0,0.2,100.0
traj_sweep_479,placement,1076.77,1278.42,673.512,673.512,609.0,609.0,0.625494,0.625494,636.0,23.0,23.0,4048.0,4048.0,757.632,1.49666,746.46,11.172,1.49666,377.0,0.700785,73.0,0.00122985,1.54905e-05,0.000948943,0.00219429,2803.65,2326600000.0,2326600000.0,0.107342,0.0,0.0166585,1076.77,1278.42,673.512,673.512,609.0,609.0,0.625494,0.625494,636.0,23.0,23.0,4048.0,4048.0,0.00122985,1.54905e-05,0.000948943,0.00219429,0.74802,0.616609,0.0,2326600000.0,2326600000.0,0.107342,0.0,0.0166585,1076.77,1278.42,673.512,673.512,609.0,609.0,4.238,1.266,771.15,0.625494,0.625494,636.0,23.0,23.0,4048.0,4048.0,790890.0,14.0,1.0,0.00122997,1.54905e-05,0.000952181,0.00219764,3199.09,0.755657,0.617557,0.0,2317970000.0,2317970000.0,0.108172,0.0,0.0120457,62.5494,0.45,1.0,43.0,50.0,0.2,100.0
traj_sweep_480,placement,1076.77,1278.42,671.65,671.65,606.0,606.0,0.623765,0.623765,633.0,23.0,23.0,4048.0,4048.0,755.77,1.24722,746.46,9.31,1.24722,374.0,0.708605,72.0,0.00119683,1.54467e-05,0.000924256,0.00213653,2735.06,2316100000.0,2316100000.0,0.107589,0.0,0.0155462,1076.77,1278.42,671.65,671.65,606.0,606.0,0.623765,0.623765,633.0,23.0,23.0,4048.0,4048.0,0.00119683,1.54467e-05,0.000924256,0.00213653,0.760254,0.620997,0.0,2316100000.0,2316100000.0,0.107589,0.0,0.0155462,1076.77,1278.42,671.65,671.65,606.0,606.0,5.0655,1.225,742.52,0.623765,0.623765,633.0,23.0,23.0,4048.0,4048.0,752768.0,14.0,1.0,0.00119713,1.54467e-05,0.000929885,0.00214247,3111.44,0.767821,0.622304,0.0,2313050000.0,2313050000.0,0.108065,0.0,0.0139368,62.3765,0.46,1.0,43.0,50.0,0.2,100.0
traj_sweep_481,placement,1076.77,1278.42,670.054,670.054,604.0,604.0,0.622283,0.622283,631.0,23.0,23.0,4048.0,4048.0,754.174,1.03341,746.46,7.714,1.03341,370.0,0.713027,73.0,0.00116858,1.54042e-05,0.000901304,0.00208529,2719.89,2294620000.0,2294620000.0,0.106999,0.0,0.0241899,1076.77,1278.42,670.054,670.054,604.0,604.0,0.622283,0.622283,631.0,23.0,23.0,4048.0,4048.0,0.00116858,1.54042e-05,0.000901304,0.00208529,0.773888,0.524136,0.0,2294620000.0,2294620000.0,0.106999,0.0,0.0241899,1076.77,1278.42,670.054,670.054,604.0,604.0,6.015,1.232,744.154,0.622283,0.622283,631.0,23.0,23.0,4048.0,4048.0,733257.0,13.0,1.0,0.00116865,1.54042e-05,0.000904861,0.00208891,3086.52,0.777801,0.528174,0.0,2298690000.0,2298690000.0,0.108072,0.0,0.0228211,62.2283,0.47,1.0,43.0,50.0,0.2,100.0
traj_sweep_482,placement,1076.77,1278.42,669.256,669.256,604.0,604.0,0.621542,0.621542,631.0,23.0,23.0,4048.0,4048.0,753.376,0.926506,746.46,6.916,0.926506,371.0,0.708539,72.0,0.00113981,1.53689e-05,0.000885249,0.00204043,2735.65,2289080000.0,2289080000.0,0.107629,0.0,0.0285108,1076.77,1278.42,669.256,669.256,604.0,604.0,0.621542,0.621542,631.0,23.0,23.0,4048.0,4048.0,0.00113981,1.53689e-05,0.000885249,0.00204043,0.795779,0.541864,0.0,2289080000.0,2289080000.0,0.107629,0.0,0.0285108,1076.77,1278.42,669.256,669.256,604.0,604.0,5.5785,1.2275,741.438,0.621542,0.621542,631.0,23.0,23.0,4048.0,4048.0,809004.0,15.0,2.0,0.00113969,1.53689e-05,0.000886621,0.00204168,3140.15,0.776793,0.543052,0.0,2288950000.0,2288950000.0,0.108235,0.0,0.026102,62.1542,0.48,1.0,43.0,50.0,0.2,100.0
traj_sweep_483,placement,1076.77,1278.42,666.596,666.596,602.0,602.0,0.619071,0.619071,629.0,23.0,23.0,4048.0,4048.0,750.716,0.570158,746.46,4.256,0.570158,380.0,0.706286,71.0,0.00111354,1.52579e-05,0.000869491,0.00199828,2689.16,2282520000.0,2282520000.0,0.10686,0.0,0.0403055,1076.77,1278.42,666.596,666.596,602.0,602.0,0.619071,0.619071,629.0,23.0,23.0,4048.0,4048.0,0.00111354,1.52579e-05,0.000869491,0.00199828,0.781495,0.628291,0.0,2282520000.0,2282520000.0,0.10686,0.0,0.0403055,1076.77,1278.42,666.596,666.596,602.0,602.0,3.8935,1.2585,757.774,0.619071,0.619071,629.0,23.0,23.0,4048.0,4048.0,844554.0,16.0,1.0,0.00111358,1.52579e-05,0.000870038,0.00199888,3111.44,0.776162,0.619543,0.0,2269050000.0,2269050000.0,0.107455,0.0,0.0389124,61.9071,0.49,1.0,43.0,50.0,0.2,100.0
traj_sweep_484,placement,1076.77,1278.42,666.596,666.596,602.0,602.0,0.619071,0.619071,629.0,23.0,23.0,4048.0,4048.0,750.716,0.570158,746.46,4.256,0.570158,375.0,0.704894,71.0,0.00109121,1.52579e-05,0.000850024,0.0019565,2669.4,2269210000.0,2269210000.0,0.107076,0.0,0.045763,1076.77,1278.42,666.596,666.596,602.0,602.0,0.619071,0.619071,629.0,23.0,23.0,4048.0,4048.0,0.00109121,1.52579e-05,0.000850024,0.0019565,0.776907,0.628491,0.0,2269210000.0,2269210000.0,0.107076,0.0,0.045763,1076.77,1278.42,666.596,666.596,602.0,602.0,4.4125,1.221,735.048,0.619071,0.619071,629.0,23.0,23.0,4048.0,4048.0,830371.0,16.0,2.0,0.00109135,1.52579e-05,0.000852915,0.00195952,3084.59,0.757792,0.628112,0.0,2255650000.0,2255650000.0,0.107941,0.0,0.0452241,61.9071,0.5,1.0,43.0,50.0,0.2,100.0
traj_sweep_485,placement,1076.77,1278.42,666.33,666.33,602.0,602.0,0.618824,0.618824,629.0,23.0,23.0,4048.0,4048.0,750.45,0.534523,746.46,3.99,0.534523,375.0,0.695823,72.0,0.00106907,1.5237e-05,0.000828031,0.00191234,2678.92,2210120000.0,2210120000.0,0.107082,0.0,0.057535,1076.77,1278.42,666.33,666.33,602.0,602.0,0.618824,0.618824,629.0,23.0,23.0,4048.0,4048.0,0.00106907,1.5237e-05,0.000828031,0.00191234,0.759092,0.606783,0.0,2210120000.0,2210120000.0,0.107082,0.0,0.057535,1076.77,1278.42,666.33,666.33,602.0,602.0,4.0,1.2625,760.158,0.618824,0.618824,629.0,23.0,23.0,4048.0,4048.0,771474.0,14.0,2.0,0.00106918,1.5237e-05,0.000833001,0.00191741,3064.66,0.782699,0.61243,0.0,2213170000.0,2213170000.0,0.107464,0.0,0.0557622,61.8824,0.51,1.0,43.0,50.0,0.2,100.0
traj_sweep_486,placement,1076.77,1278.42,666.596,666.596,602.0,602.0,0.619071,0.619071,629.0,23.0,23.0,4048.0,4048.0,750.716,0.570158,746.46,4.256,0.570158,375.0,0.693292,70.0,0.00105001,1.52594e-05,0.000819116,0.00188438,2716.0,2286780000.0,2286780000.0,0.107137,0.0,0.0645186,1076.77,1278.42,666.596,666.596,602.0,602.0,0.619071,0.619071,629.0,23.0,23.0,4048.0,4048.0,0.00105001,1.52594e-05,0.000819116,0.00188438,0.783777,0.627299,0.0,2286780000.0,2286780000.0,0.107137,0.0,0.0645186,1076.77,1278.42,666.596,666.596,602.0,602.0,4.0475,1.2435,748.743,0.619071,0.619071,629.0,23.0,23.0,4048.0,4048.0,770249.0,14.0,2.0,0.00105008,1.52594e-05,0.000820859,0.0018862,3101.12,0.793141,0.621339,0.0,2271980000.0,2271980000.0,0.10796,0.0,0.0631478,61.9071,0.52,1.0,43.0,50.0,0.2,100.0
traj_sweep_487,placement,1076.77,1278.42,666.596,666.596,602.0,602.0,0.619071,0.619071,629.0,23.0,23.0,4048.0,4048.0,750.716,0.570158,746.46,4.256,0.570158,374.0,0.706648,70.0,0.00102993,1.52594e-05,0.000801395,0.00184659,2695.81,2278370000.0,2278370000.0,0.106966,0.0,0.0676938,1076.77,1278.42,666.596,666.596,602.0,602.0,0.619071,0.619071,629.0,23.0,23.0,4048.0,4048.0,0.00102993,1.52594e-05,0.000801395,0.00184659,0.788523,0.625122,0.0,2278370000.0,2278370000.0,0.106966,0.0,0.0676938,1076.77,1278.42,666.596,666.596,602.0,602.0,3.9275,1.2615,759.659,0.619071,0.619071,629.0,23.0,23.0,4048.0,4048.0,804258.0,15.0,1.0,0.00102991,1.52594e-05,0.000803123,0.00184829,3097.93,0.805667,0.625643,0.0,2261850000.0,2261850000.0,0.107814,0.0,0.0692823,61.9071,0.53,1.0,43.0,50.0,0.2,100.0
traj_sweep_488,placement,1076.77,1278.42,666.596,666.596,602.0,602.0,0.619071,0.619071,629.0,23.0,23.0,4048.0,4048.0,750.716,0.570158,746.46,4.256,0.570158,374.0,0.686049,70.0,0.00101058,1.52594e-05,0.000780247,0.00180609,2687.03,2204030000.0,2204030000.0,0.107222,0.0,0.0811843,1076.77,1278.42,666.596,666.596,602.0,602.0,0.619071,0.619071,629.0,23.0,23.0,4048.0,4048.0,0.00101058,1.52594e-05,0.000780247,0.00180609,0.761247,0.610633,0.0,2204030000.0,2204030000.0,0.107222,0.0,0.0811843,1076.77,1278.42,666.596,666.596,602.0,602.0,3.818,1.258,757.372,0.619071,0.619071,629.0,23.0,23.0,4048.0,4048.0,744449.0,14.0,2.0,0.00101081,1.52594e-05,0.000785073,0.00181114,3059.26,0.777538,0.6163,0.0,2193620000.0,2193620000.0,0.107649,0.0,0.0792383,61.9071,0.54,1.0,43.0,50.0,0.2,100.0
traj_sweep_489,placement,1076.77,1278.42,666.33,666.33,602.0,602.0,0.618824,0.618824,629.0,23.0,23.0,4048.0,4048.0,750.45,0.534523,746.46,3.99,0.534523,373.0,0.704334,70.0,0.000991288,1.5237e-05,0.000765135,0.00177166,2716.11,2206710000.0,2206710000.0,0.106961,0.0,0.0891779,1076.77,1278.42,666.33,666.33,602.0,602.0,0.618824,0.618824,629.0,23.0,23.0,4048.0,4048.0,0.000991288,1.5237e-05,0.000765135,0.00177166,0.779854,0.617329,0.0,2206710000.0,2206710000.0,0.106961,0.0,0.0891779,1076.77,1278.42,666.33,666.33,602.0,602.0,4.4145,1.2475,751.177,0.618824,0.618824,629.0,23.0,23.0,4048.0,4048.0,791460.0,15.0,2.0,0.000991397,1.5237e-05,0.000769106,0.00177574,3111.84,0.777039,0.615888,0.0,2196330000.0,2196330000.0,0.107847,0.0,0.0882807,61.8824,0.55,1.0,43.0,50.0,0.2,100.0
traj_sweep_490,placement,1076.77,1278.42,665.532,665.532,601.0,601.0,0.618083,0.618083,628.0,23.0,23.0,4048.0,4048.0,749.652,0.427618,746.46,3.192,0.427618,373.0,0.694979,70.0,0.000974351,1.52173e-05,0.000751511,0.00174108,2711.49,2199160000.0,2199160000.0,0.106952,0.0,0.0970277,1076.77,1278.42,665.532,665.532,601.0,601.0,0.618083,0.618083,628.0,23.0,23.0,4048.0,4048.0,0.000974351,1.52173e-05,0.000751511,0.00174108,0.781041,0.555861,0.0,2199160000.0,2199160000.0,0.106952,0.0,0.0970277,1076.77,1278.42,665.532,665.532,601.0,601.0,4.7965,1.2775,767.861,0.618083,0.618083,628.0,23.0,23.0,4048.0,4048.0,817969.0,15.0,1.0,0.000974578,1.52173e-05,0.000756646,0.00174644,3120.48,0.783211,0.555066,0.0,2216690000.0,2216690000.0,0.107741,0.0,0.0942693,61.8083,0.56,1.0,43.0,50.0,0.2,100.0
traj_sweep_491,placement,1076.77,1278.42,665.532,665.532,601.0,601.0,0.618083,0.618083,628.0,23.0,23.0,4048.0,4048.0,749.652,0.427618,746.46,3.192,0.427618,373.0,0.694979,70.0,0.000957257,1.52173e-05,0.000738326,0.0017108,2711.49,2199160000.0,2199160000.0,0.106952,0.0,0.105028,1076.77,1278.42,665.532,665.532,601.0,601.0,0.618083,0.618083,628.0,23.0,23.0,4048.0,4048.0,0.000957257,1.52173e-05,0.000738326,0.0017108,0.781041,0.555861,0.0,2199160000.0,2199160000.0,0.106952,0.0,0.105028,1076.77,1278.42,665.532,665.532,601.0,601.0,4.7965,1.2775,767.861,0.618083,0.618083,628.0,23.0,23.0,4048.0,4048.0,817969.0,15.0,1.0,0.000957479,1.52173e-05,0.000743371,0.00171607,3120.48,0.783211,0.555066,0.0,2216690000.0,2216690000.0,0.107741,0.0,0.102269,61.8083,0.57,1.0,43.0,50.0,0.2,100.0
traj_sweep_492,placement,1076.77,1278.42,665.0,665.0,600.0,600.0,0.617589,0.617589,627.0,23.0,23.0,4048.0,4048.0,749.12,0.356349,746.46,2.66,0.356349,375.0,0.678675,71.0,0.00094159,1.52175e-05,0.000725099,0.00168191,2692.67,2201120000.0,2201120000.0,0.10706,0.0,0.112814,1076.77,1278.42,665.0,665.0,600.0,600.0,0.617589,0.617589,627.0,23.0,23.0,4048.0,4048.0,0.00094159,1.52175e-05,0.000725099,0.00168191,0.805662,0.476995,0.0,2201120000.0,2201120000.0,0.10706,0.0,0.112814,1076.77,1278.42,665.0,665.0,600.0,600.0,4.482,1.307,784.475,0.617589,0.617589,627.0,23.0,23.0,4048.0,4048.0,773021.0,14.0,3.0,0.000941816,1.52175e-05,0.000728482,0.00168552,3079.18,0.772985,0.479981,0.0,2211540000.0,2211540000.0,0.107598,0.0,0.111375,61.7589,0.58,1.0,43.0,50.0,0.2,100.0
traj_sweep_493,placement,1076.77,1278.42,665.0,665.0,600.0,600.0,0.617589,0.617589,627.0,23.0,23.0,4048.0,4048.0,749.12,0.356349,746.46,2.66,0.356349,374.0,0.697135,70.0,0.000925183,1.52175e-05,0.0007139,0.0016543,2708.35,2195300000.0,2195300000.0,0.106945,0.0,0.120927,1076.77,1278.42,665.0,665.0,600.0,600.0,0.617589,0.617589,627.0,23.0,23.0,4048.0,4048.0,0.000925183,1.52175e-05,0.0007139,0.0016543,0.780832,0.552578,0.0,2195300000.0,2195300000.0,0.106945,0.0,0.120927,1076.77,1278.42,665.0,665.0,600.0,600.0,4.3985,1.2475,748.779,0.617589,0.617589,627.0,23.0,23.0,4048.0,4048.0,798510.0,15.0,1.0,0.000925239,1.52175e-05,0.000718481,0.00165894,3107.61,0.793739,0.558289,0.0,2203710000.0,2203710000.0,0.107414,0.0,0.117854,61.7589,0.59,1.0,43.0,50.0,0.2,100.0
traj_sweep_494,placement,1076.77,1278.42,665.798,665.798,600.0,600.0,0.61833,0.61833,627.0,23.0,23.0,4048.0,4048.0,749.918,0.463253,746.46,3.458,0.463253,376.0,0.693021,70.0,0.000910361,1.5262e-05,0.000701221,0.00162684,2699.62,2207480000.0,2207480000.0,0.107079,0.0,0.128742,1076.77,1278.42,665.798,665.798,600.0,600.0,0.61833,0.61833,627.0,23.0,23.0,4048.0,4048.0,0.000910361,1.5262e-05,0.000701221,0.00162684,0.760498,0.553864,0.0,2207480000.0,2207480000.0,0.107079,0.0,0.128742,1076.77,1278.42,665.798,665.798,600.0,600.0,4.1775,1.2565,754.09,0.61833,0.61833,627.0,23.0,23.0,4048.0,4048.0,765080.0,14.0,1.0,0.000910546,1.5262e-05,0.000706644,0.00163245,3082.16,0.737633,0.555381,0.0,2213080000.0,2213080000.0,0.107399,0.0,0.125865,61.833,0.6,1.0,43.0,50.0,0.2,100.0
traj_sweep_495,placement,1076.77,1278.42,665.798,665.798,600.0,600.0,0.61833,0.61833,627.0,23.0,23.0,4048.0,4048.0,749.918,0.463253,746.46,3.458,0.463253,376.0,0.69283,70.0,0.000895437,1.5262e-05,0.000689629,0.00160033,2698.47,2207910000.0,2207910000.0,0.107082,0.0,0.136673,1076.77,1278.42,665.798,665.798,600.0,600.0,0.61833,0.61833,627.0,23.0,23.0,4048.0,4048.0,0.000895437,1.5262e-05,0.000689629,0.00160033,0.760264,0.554094,0.0,2207910000.0,2207910000.0,0.107082,0.0,0.136673,1076.77,1278.42,665.798,665.798,600.0,600.0,4.305,1.257,754.273,0.61833,0.61833,627.0,23.0,23.0,4048.0,4048.0,786179.0,15.0,1.0,0.000895804,1.5262e-05,0.000694222,0.00160529,3091.56,0.746471,0.553293,0.0,2213960000.0,2213960000.0,0.107961,0.0,0.135101,61.833,0.61,1.0,43.0,50.0,0.2,100.0
traj_sweep_496,placement,1076.77,1278.42,665.0,665.0,600.0,600.0,0.617589,0.617589,627.0,23.0,23.0,4048.0,4048.0,749.12,0.356349,746.46,2.66,0.356349,374.0,0.691376,67.0,0.000880659,1.52175e-05,0.000678072,0.00157395,2705.83,2211680000.0,2211680000.0,0.107034,0.0,0.145535,1076.77,1278.42,665.0,665.0,600.0,600.0,0.617589,0.617589,627.0,23.0,23.0,4048.0,4048.0,0.000880659,1.52175e-05,0.000678072,0.00157395,0.762737,0.553101,0.0,2211680000.0,2211680000.0,0.107034,0.0,0.145535,1076.77,1278.42,665.0,665.0,600.0,600.0,3.681,1.2475,748.683,0.617589,0.617589,627.0,23.0,23.0,4048.0,4048.0,781929.0,14.0,1.0,0.000880932,1.52175e-05,0.000683473,0.00157962,3096.8,0.767821,0.550712,0.0,2219030000.0,2219030000.0,0.107981,0.0,0.140749,61.7589,0.62,1.0,43.0,50.0,0.2,100.0
traj_sweep_497,placement,1076.77,1278.42,843.486,843.486,721.0,721.0,0.78335,0.78335,748.0,23.0,23.0,4048.0,4048.0,903.916,14.256,791.132,112.784,14.256,371.0,0.730149,64.0,0.00518238,2.14569e-05,0.00375436,0.0089582,2922.38,2504100000.0,2504100000.0,0.0707255,-12.261,-0.259345,1076.77,1278.42,843.486,843.486,721.0,721.0,0.78335,0.78335,748.0,23.0,23.0,4048.0,4048.0,0.00518238,2.14569e-05,0.00375436,0.0089582,0.753434,0.747225,53.0,2504100000.0,2504100000.0,0.0707255,-12.261,-0.259345,1076.77,1278.42,843.486,843.486,721.0,721.0,5.1425,1.315,948.243,0.78335,0.78335,748.0,23.0,23.0,4048.0,4048.0,1287510.0,22.0,5.0,0.00518293,2.14569e-05,0.00378663,0.00899102,3566.14,0.767749,0.754155,53.0,2473390000.0,2473390000.0,0.0710168,-12.3958,-0.264303,78.335,0.14,1.0,44.0,50.0,0.2,100.0
traj_sweep_498,placement,1076.77,1278.42,841.624,841.624,719.0,719.0,0.781621,0.781621,746.0,23.0,23.0,4048.0,4048.0,902.054,14.0207,791.132,110.922,14.0207,370.0,0.704469,65.0,0.00480793,2.14161e-05,0.00349398,0.00832333,2907.58,2505990000.0,2505990000.0,0.072749,-11.7383,-0.249043,1076.77,1278.42,841.624,841.624,719.0,719.0,0.781621,0.781621,746.0,23.0,23.0,4048.0,4048.0,0.00480793,2.14161e-05,0.00349398,0.00832333,0.758687,0.749767,53.0,2505990000.0,2505990000.0,0.072749,-11.7383,-0.249043,1076.77,1278.42,841.624,841.624,719.0,719.0,4.8725,1.3255,953.133,0.781621,0.781621,746.0,23.0,23.0,4048.0,4048.0,1285030.0,22.0,5.0,0.00480928,2.14161e-05,0.00352779,0.00835848,3550.1,0.756463,0.748691,53.0,2481860000.0,2481860000.0,0.0728213,-11.8779,-0.252924,78.1621,0.15,1.0,44.0,50.0,0.2,100.0
traj_sweep_499,placement,1076.77,1278.42,841.624,841.624,719.0,719.0,0.781621,0.781621,746.0,23.0,23.0,4048.0,4048.0,902.054,14.0207,791.132,110.922,14.0207,372.0,0.695239,65.0,0.0045079,2.1417e-05,0.00327454,0.00780386,2914.82,2503090000.0,2503090000.0,0.0748557,-11.2447,-0.239506,1076.77,1278.42,841.624,841.624,719.0,719.0,0.781621,0.781621,746.0,23.0,23.0,4048.0,4048.0,0.0045079,2.1417e-05,0.00327454,0.00780386,0.765023,0.752836,53.0,2503090000.0,2503090000.0,0.0748557,-11.2447,-0.239506,1076.77,1278.42,841.624,841.624,719.0,719.0,6.216,1.2615,907.064,0.781621,0.781621,746.0,23.0,23.0,4048.0,4048.0,1199360.0,21.0,4.0,0.00450863,2.1417e-05,0.00330406,0.00783411,3514.5,0.774834,0.757582,53.0,2481090000.0,2481090000.0,0.0744838,-11.3747,-0.243049,78.1621,0.16,1.0,44.0,50.0,0.2,100.0
traj_sweep_500,placement,1076.77,1278.42,837.9,837.9,715.0,715.0,0.778162,0.778162,742.0,23.0,23.0,4048.0,4048.0,898.33,13.5499,791.132,107.198,13.5499,379.0,0.716833,65.0,0.0041912,2.1286e-05,0.00307186,0.00728435,2923.74,2501640000.0,2501640000.0,0.0768685,-10.7012,-0.229738,1076.77,1278.42,837.9,837.9,715.0,715.0,0.778162,0.778162,742.0,23.0,23.0,4048.0,4048.0,0.0041912,2.1286e-05,0.00307186,0.00728435,0.775278,0.757796,53.0,2501640000.0,2501640000.0,0.0768685,-10.7012,-0.229738,1076.77,1278.42,837.9,837.9,715.0,715.0,4.813,1.27,908.406,0.778162,0.778162,742.0,23.0,23.0,4048.0,4048.0,1200060.0,21.0,6.0,0.00419188,2.1286e-05,0.00309598,0.00730914,3523.76,0.775914,0.758103,53.0,2489660000.0,2489660000.0,0.0777462,-10.8162,-0.231661,77.8162,0.17,1.0,44.0,50.0,0.2,100.0
traj_sweep_501,placement,1076.77,1278.42,835.506,835.506,712.0,712.0,0.775939,0.775939,739.0,23.0,23.0,4048.0,4048.0,895.936,13.2473,791.132,104.804,13.2473,378.0,0.713634,65.0,0.00391684,2.12227e-05,0.00288572,0.00682379,2915.62,2502940000.0,2502940000.0,0.0787703,-10.1664,-0.21953,1076.77,1278.42,835.506,835.506,712.0,712.0,0.775939,0.775939,739.0,23.0,23.0,4048.0,4048.0,0.00391684,2.12227e-05,0.00288572,0.00682379,0.755825,0.748382,53.0,2502940000.0,2502940000.0,0.0787703,-10.1664,-0.21953,1076.77,1278.42,835.506,835.506,712.0,712.0,4.6885,1.348,960.011,0.775939,0.775939,739.0,23.0,23.0,4048.0,4048.0,1276570.0,22.0,3.0,0.00391767,2.12227e-05,0.00290764,0.00684654,3553.91,0.786154,0.763055,53.0,2485070000.0,2485070000.0,0.0791,-10.2739,-0.222404,77.5939,0.18,1.0,44.0,50.0,0.2,100.0
traj_sweep_502,placement,1076.77,1278.42,835.506,835.506,712.0,712.0,0.775939,0.775939,739.0,23.0,23.0,4048.0,4048.0,895.936,13.2473,791.132,104.804,13.2473,378.0,0.713638,65.0,0.00371068,2.12227e-05,0.00273348,0.00646538,2915.98,2502680000.0,2502680000.0,0.080778,-9.67277,-0.209572,1076.77,1278.42,835.506,835.506,712.0,712.0,0.775939,0.775939,739.0,23.0,23.0,4048.0,4048.0,0.00371068,2.12227e-05,0.00273348,0.00646538,0.756972,0.748937,53.0,2502680000.0,2502680000.0,0.080778,-9.67277,-0.209572,1076.77,1278.42,835.506,835.506,712.0,712.0,5.056,1.2895,918.157,0.775939,0.775939,739.0,23.0,23.0,4048.0,4048.0,1220110.0,21.0,3.0,0.00371167,2.12227e-05,0.00275324,0.00648613,3526.04,0.775842,0.758069,53.0,2484250000.0,2484250000.0,0.08072,-9.79155,-0.212536,77.5939,0.19,1.0,44.0,50.0,0.2,100.0
traj_sweep_503,placement,1076.77,1278.42,834.974,834.974,711.0,711.0,0.775445,0.775445,738.0,23.0,23.0,4048.0,4048.0,895.404,13.1801,791.132,104.272,13.1801,379.0,0.7193,65.0,0.0035138,2.12246e-05,0.00259565,0.00613068,2924.94,2502430000.0,2502430000.0,0.0828218,-9.14868,-0.199611,1076.77,1278.42,834.974,834.974,711.0,711.0,0.775445,0.775445,738.0,23.0,23.0,4048.0,4048.0,0.0035138,2.12246e-05,0.00259565,0.00613068,0.771763,0.756097,53.0,2502430000.0,2502430000.0,0.0828218,-9.14868,-0.199611,1076.77,1278.42,834.974,834.974,711.0,711.0,5.335,1.269,902.301,0.775445,0.775445,738.0,23.0,23.0,4048.0,4048.0,1130190.0,19.0,4.0,0.00351491,2.12246e-05,0.00261502,0.00615115,3490.04,0.774027,0.757191,53.0,2484000000.0,2484000000.0,0.0828148,-9.25491,-0.202577,77.5445,0.2,1.0,44.0,50.0,0.2,100.0
traj_sweep_504,placement,1076.77,1278.42,832.58,832.58,708.0,708.0,0.773221,0.773221,735.0,23.0,23.0,4048.0,4048.0,893.01,12.8775,791.132,101.878,12.8775,376.0,0.701202,66.0,0.00332338,2.1157e-05,0.00246717,0.00581171,2913.92,2503540000.0,2503540000.0,0.0847914,-8.58268,-0.189435,1076.77,1278.42,832.58,832.58,708.0,708.0,0.773221,0.773221,735.0,23.0,23.0,4048.0,4048.0,0.00332338,2.1157e-05,0.00246717,0.00581171,0.76862,0.754577,53.0,2503540000.0,2503540000.0,0.0847914,-8.58268,-0.189435,1076.77,1278.42,832.58,832.58,708.0,708.0,4.276,1.2575,890.662,0.773221,0.773221,735.0,23.0,23.0,4048.0,4048.0,1146450.0,20.0,2.0,0.00332386,2.1157e-05,0.00248359,0.00582861,3487.14,0.76648,0.753541,53.0,2484330000.0,2484330000.0,0.0848952,-8.72379,-0.192523,77.3221,0.21,1.0,44.0,50.0,0.2,100.0
traj_sweep_505,placement,1076.77,1278.42,830.718,830.718,705.0,705.0,0.771492,0.771492,732.0,23.0,23.0,4048.0,4048.0,891.148,12.6421,791.132,100.016,12.6421,379.0,0.734526,66.0,0.00315413,2.11153e-05,0.00234778,0.00552303,2914.11,2501870000.0,2501870000.0,0.0868799,-8.07462,-0.179702,1076.77,1278.42,830.718,830.718,705.0,705.0,0.771492,0.771492,732.0,23.0,23.0,4048.0,4048.0,0.00315413,2.11153e-05,0.00234778,0.00552303,0.766883,0.753736,53.0,2501870000.0,2501870000.0,0.0868799,-8.07462,-0.179702,1076.77,1278.42,830.718,830.718,705.0,705.0,5.405,1.282,903.962,0.771492,0.771492,732.0,23.0,23.0,4048.0,4048.0,1173420.0,20.0,4.0,0.00315482,2.11153e-05,0.00236833,0.00554427,3500.82,0.774799,0.757565,53.0,2485180000.0,2485180000.0,0.0870924,-8.1763,-0.182385,77.1492,0.22,1.0,44.0,50.0,0.2,100.0
traj_sweep_506,placement,1076.77,1278.42,832.314,832.314,706.0,706.0,0.772974,0.772974,733.0,23.0,23.0,4048.0,4048.0,892.744,12.8439,791.132,101.612,12.8439,379.0,0.716815,67.0,0.00302706,2.11997e-05,0.0022496,0.00529786,2911.39,2495760000.0,2495760000.0,0.0886463,-7.53016,-0.170679,1076.77,1278.42,832.314,832.314,706.0,706.0,0.772974,0.772974,733.0,23.0,23.0,4048.0,4048.0,0.00302706,2.11997e-05,0.0022496,0.00529786,0.769668,0.755083,53.0,2495760000.0,2495760000.0,0.0886463,-7.53016,-0.170679,1076.77,1278.42,832.314,832.314,706.0,706.0,5.62,1.3015,919.091,0.772974,0.772974,733.0,23.0,23.0,4048.0,4048.0,1246710.0,21.0,4.0,0.00302764,2.11997e-05,0.00226803,0.00531687,3534.75,0.75516,0.74806,53.0,2471930000.0,2471930000.0,0.0886847,-7.66252,-0.174542,77.2974,0.23,1.0,44.0,50.0,0.2,100.0
traj_sweep_507,placement,1076.77,1278.42,835.772,835.772,712.0,712.0,0.776186,0.776186,739.0,23.0,23.0,4048.0,4048.0,896.169,13.4341,790.035,106.134,13.4341,372.0,0.707283,66.0,0.00290975,2.12588e-05,0.00216149,0.0050925,2918.16,2495710000.0,2495710000.0,0.0906492,-7.13124,-0.160688,1076.77,1278.42,835.772,835.772,712.0,712.0,0.776186,0.776186,739.0,23.0,23.0,4048.0,4048.0,0.00290975,2.12588e-05,0.00216149,0.0050925,0.779387,0.759784,52.0,2495710000.0,2495710000.0,0.0906492,-7.13124,-0.160688,1076.77,1278.42,835.772,835.772,712.0,712.0,6.3065,1.3505,961.746,0.776186,0.776186,739.0,23.0,23.0,4048.0,4048.0,1427450.0,24.0,5.0,0.00291008,2.12588e-05,0.00217777,0.00510911,3631.89,0.771557,0.755997,52.0,2473540000.0,2473540000.0,0.0907267,-7.27585,-0.164279,77.6186,0.24,1.0,44.0,50.0,0.2,100.0
traj_sweep_508,placement,1076.77,1278.42,827.526,827.526,711.0,711.0,0.768528,0.768528,738.0,23.0,23.0,4048.0,4048.0,888.475,13.2197,784.735,103.74,13.2197,375.0,0.72427,66.0,0.00277926,2.08669e-05,0.0020474,0.00484752,2925.08,2506480000.0,2506480000.0,0.0923091,-6.6275,-0.148966,1076.77,1278.42,827.526,827.526,711.0,711.0,0.768528,0.768528,738.0,23.0,23.0,4048.0,4048.0,0.00277926,2.08669e-05,0.0020474,0.00484752,0.740788,0.741106,51.0,2506480000.0,2506480000.0,0.0923091,-6.6275,-0.148966,1076.77,1278.42,827.526,827.526,711.0,711.0,5.5015,1.349,959.171,0.768528,0.768528,738.0,23.0,23.0,4048.0,4048.0,1165690.0,20.0,3.0,0.0027797,2.08669e-05,0.00206606,0.00486662,3507.92,0.743718,0.742523,51.0,2494110000.0,2494110000.0,0.0928891,-6.72652,-0.150944,76.8528,0.25,1.0,44.0,50.0,0.2,100.0
traj_sweep_509,placement,1076.77,1278.42,826.196,826.196,709.0,709.0,0.767292,0.767292,736.0,23.0,23.0,4048.0,4048.0,887.025,13.1674,783.817,103.208,13.1674,373.0,0.706494,64.0,0.0026498,2.08163e-05,0.00196859,0.00463921,2906.12,2489760000.0,2489760000.0,0.0946315,-6.10281,-0.141645,1076.77,1278.42,826.196,826.196,709.0,709.0,0.767292,0.767292,736.0,23.0,23.0,4048.0,4048.0,0.0026498,2.08163e-05,0.00196859,0.00463921,0.759616,0.750217,50.0,2489760000.0,2489760000.0,0.0946315,-6.10281,-0.141645,1076.77,1278.42,826.196,826.196,709.0,709.0,5.781,1.368,970.221,0.767292,0.767292,736.0,23.0,23.0,4048.0,4048.0,1248360.0,21.0,3.0,0.00264987,2.08163e-05,0.00198455,0.00465523,3530.3,0.761959,0.751353,50.0,2464880000.0,2464880000.0,0.0948005,-6.24526,-0.145699,76.7292,0.26,1.0,44.0,50.0,0.2,100.0
traj_sweep_510,placement,1076.77,1278.42,822.472,822.472,710.0,710.0,0.763834,0.763834,737.0,23.0,23.0,4048.0,4048.0,883.386,12.9976,781.774,101.612,12.9976,374.0,0.712297,68.0,0.0025397,2.05917e-05,0.00188833,0.00444863,2860.33,2491140000.0,2491140000.0,0.0965178,-5.74567,-0.131423,1076.77,1278.42,822.472,822.472,710.0,710.0,0.763834,0.763834,737.0,23.0,23.0,4048.0,4048.0,0.0025397,2.05917e-05,0.00188833,0.00444863,0.753921,0.747461,49.0,2491140000.0,2491140000.0,0.0965178,-5.74567,-0.131423,1076.77,1278.42,822.472,822.472,710.0,710.0,5.501,1.322,938.627,0.763834,0.763834,737.0,23.0,23.0,4048.0,4048.0,1225540.0,21.0,3.0,0.00254023,2.05917e-05,0.0019044,0.00446522,3473.1,0.75764,0.74926,49.0,2466460000.0,2466460000.0,0.0964875,-5.85826,-0.135439,76.3834,0.27,1.0,44.0,50.0,0.2,100.0
traj_sweep_511,placement,1076.77,1278.42,823.536,823.536,711.0,711.0,0.764822,0.764822,738.0,23.0,23.0,4048.0,4048.0,884.45,13.1337,781.774,102.676,13.1337,376.0,0.718272,68.0,0.00244768,2.06349e-05,0.00181855,0.00428686,2871.06,2484540000.0,2484540000.0,0.0983615,-5.26336,-0.122489,1076.77,1278.42,823.536,823.536,711.0,711.0,0.764822,0.764822,738.0,23.0,23.0,4048.0,4048.0,0.00244768,2.06349e-05,0.00181855,0.00428686,0.789292,0.764572,49.0,2484540000.0,2484540000.0,0.0983615,-5.26336,-0.122489,1076.77,1278.42,823.536,823.536,711.0,711.0,4.9025,1.3285,944.769,0.764822,0.764822,738.0,23.0,23.0,4048.0,4048.0,1220630.0,21.0,2.0,0.0024486,2.06349e-05,0.00183445,0.00430369,3481.37,0.789965,0.764898,49.0,2442210000.0,2442210000.0,0.0988796,-5.40333,-0.129464,76.4822,0.28,1.0,44.0,50.0,0.2,100.0
traj_sweep_512,placement,1076.77,1278.42,818.482,818.482,702.0,702.0,0.760128,0.760128,729.0,23.0,23.0,4048.0,4048.0,879.396,12.4872,781.774,97.622,12.4872,373.0,0.697093,65.0,0.00235573,2.06005e-05,0.001753,0.00412933,2890.52,2459180000.0,2459180000.0,0.10058,-4.80477,-0.116639,1076.77,1278.42,818.482,818.482,702.0,702.0,0.760128,0.760128,729.0,23.0,23.0,4048.0,4048.0,0.00235573,2.06005e-05,0.001753,0.00412933,0.765795,0.75321,49.0,2459180000.0,2459180000.0,0.10058,-4.80477,-0.116639,1076.77,1278.42,818.482,818.482,702.0,702.0,5.2705,1.2845,902.028,0.760128,0.760128,729.0,23.0,23.0,4048.0,4048.0,1161240.0,20.0,2.0,0.00235619,2.06005e-05,0.00176616,0.00414296,3471.13,0.774027,0.757192,49.0,2442440000.0,2442440000.0,0.101125,-4.90077,-0.119427,76.0128,0.29,1.0,44.0,50.0,0.2,100.0
traj_sweep_513,placement,1076.77,1278.42,818.216,818.216,703.0,703.0,0.759881,0.759881,730.0,23.0,23.0,4048.0,4048.0,879.13,12.4532,781.774,97.356,12.4532,374.0,0.698121,66.0,0.00229042,2.055e-05,0.00170174,0.00401271,2930.36,2488010000.0,2488010000.0,0.102494,-4.3351,-0.101927,1076.77,1278.42,818.216,818.216,703.0,703.0,0.759881,0.759881,730.0,23.0,23.0,4048.0,4048.0,0.00229042,2.055e-05,0.00170174,0.00401271,0.721931,0.72506,49.0,2488010000.0,2488010000.0,0.102494,-4.3351,-0.101927,1076.77,1278.42,818.216,818.216,703.0,703.0,6.1335,1.3265,932.586,0.759881,0.759881,730.0,23.0,23.0,4048.0,4048.0,1230530.0,21.0,4.0,0.0022908,2.055e-05,0.00171441,0.00402576,3545.62,0.72141,0.71763,49.0,2474260000.0,2474260000.0,0.1024,-4.42989,-0.104161,75.9881,0.3,1.0,44.0,50.0,0.2,100.0
traj_sweep_514,placement,1076.77,1278.42,813.694,813.694,704.0,704.0,0.755682,0.755682,731.0,23.0,23.0,4048.0,4048.0,875.8,12.545,778.178,97.622,12.545,372.0,0.716951,65.0,0.00220748,2.03812e-05,0.00162548,0.00385334,2798.91,2468660000.0,2468660000.0,0.104553,-3.87367,-0.0950781,1076.77,1278.42,813.694,813.694,704.0,704.0,0.755682,0.755682,731.0,23.0,23.0,4048.0,4048.0,0.00220748,2.03812e-05,0.00162548,0.00385334,0.754725,0.74785,48.0,2468660000.0,2468660000.0,0.104553,-3.87367,-0.0950781,1076.77,1278.42,813.694,813.694,704.0,704.0,5.25,1.3395,943.346,0.755682,0.755682,731.0,23.0,23.0,4048.0,4048.0,1348200.0,24.0,6.0,0.00220815,2.03812e-05,0.00164208,0.00387062,3473.01,0.763975,0.752329,48.0,2454300000.0,2454300000.0,0.105107,-4.00652,-0.0974479,75.5682,0.31,1.0,44.0,50.0,0.2,100.0
traj_sweep_515,placement,1076.77,1278.42,804.916,804.916,693.0,693.0,0.74753,0.74753,720.0,23.0,23.0,4048.0,4048.0,867.022,11.4169,778.178,88.844,11.4169,376.0,0.707363,66.0,0.00209775,2.01274e-05,0.00156171,0.00367959,2835.7,2496650000.0,2496650000.0,0.106358,-3.31344,-0.084481,1076.77,1278.42,804.916,804.916,693.0,693.0,0.74753,0.74753,720.0,23.0,23.0,4048.0,4048.0,0.00209775,2.01274e-05,0.00156171,0.00367959,0.760607,0.750696,48.0,2496650000.0,2496650000.0,0.106358,-3.31344,-0.084481,1076.77,1278.42,804.916,804.916,693.0,693.0,4.608,1.3505,936.081,0.74753,0.74753,720.0,23.0,23.0,4048.0,4048.0,1201620.0,21.0,4.0,0.00209825,2.01274e-05,0.00157658,0.00369496,3436.51,0.760274,0.750535,48.0,2476220000.0,2476220000.0,0.106896,-3.41434,-0.0843828,74.753,0.32,1.0,44.0,50.0,0.2,100.0
traj_sweep_516,placement,1076.77,1278.42,796.936,796.936,685.0,685.0,0.740119,0.740119,712.0,23.0,23.0,4048.0,4048.0,859.042,10.3915,778.178,80.864,10.3915,372.0,0.726176,69.0,0.00201355,1.98475e-05,0.00151631,0.00354971,2906.52,2478090000.0,2478090000.0,0.107378,-3.01323,-0.077181,1076.77,1278.42,796.936,796.936,685.0,685.0,0.740119,0.740119,712.0,23.0,23.0,4048.0,4048.0,0.00201355,1.98475e-05,0.00151631,0.00354971,0.785801,0.682511,47.0,2478090000.0,2478090000.0,0.107378,-3.01323,-0.077181,1076.77,1278.42,796.936,796.936,685.0,685.0,5.283,1.3555,928.736,0.740119,0.740119,712.0,23.0,23.0,4048.0,4048.0,1226450.0,21.0,3.0,0.00201395,1.98475e-05,0.00152682,0.00356062,3519.75,0.796764,0.675204,47.0,2465500000.0,2465500000.0,0.107687,-3.15266,-0.0784447,74.0119,0.33,1.0,44.0,50.0,0.2,100.0
traj_sweep_517,placement,1076.77,1278.42,792.148,792.148,689.0,689.0,0.735672,0.735672,716.0,23.0,23.0,4048.0,4048.0,856.742,10.7259,773.75,82.992,10.7259,367.0,0.736636,69.0,0.00194169,1.9581e-05,0.00144283,0.0034041,2796.06,2457760000.0,2457760000.0,0.107493,-2.66809,-0.0668749,1076.77,1278.42,792.148,792.148,689.0,689.0,0.735672,0.735672,716.0,23.0,23.0,4048.0,4048.0,0.00194169,1.9581e-05,0.00144283,0.0034041,0.804101,0.771726,48.0,2457760000.0,2457760000.0,0.107493,-2.66809,-0.0668749,1076.77,1278.42,792.148,792.148,689.0,689.0,5.4655,1.318,908.408,0.735672,0.735672,716.0,23.0,23.0,4048.0,4048.0,1237700.0,22.0,3.0,0.00194221,1.9581e-05,0.00145578,0.00341757,3414.91,0.793701,0.766702,48.0,2454790000.0,2454790000.0,0.107777,-2.75206,-0.0673675,73.5672,0.34,1.0,44.0,50.0,0.2,100.0
traj_sweep_518,placement,1076.77,1278.42,789.488,789.488,688.0,688.0,0.733202,0.733202,715.0,23.0,23.0,4048.0,4048.0,854.082,10.3822,773.75,80.332,10.3822,372.0,0.70467,69.0,0.00187381,1.94326e-05,0.00140006,0.0032933,2763.91,2463360000.0,2463360000.0,0.107026,-2.25733,-0.0559489,1076.77,1278.42,789.488,789.488,688.0,688.0,0.733202,0.733202,715.0,23.0,23.0,4048.0,4048.0,0.00187381,1.94326e-05,0.00140006,0.0032933,0.760222,0.750508,48.0,2463360000.0,2463360000.0,0.107026,-2.25733,-0.0559489,1076.77,1278.42,789.488,789.488,688.0,688.0,5.239,1.286,885.066,0.733202,0.733202,715.0,23.0,23.0,4048.0,4048.0,1058430.0,19.0,2.0,0.00187418,1.94326e-05,0.00141328,0.00330689,3293.12,0.755584,0.748261,48.0,2445000000.0,2445000000.0,0.108004,-2.36688,-0.0589974,73.3202,0.35,1.0,44.0,50.0,0.2,100.0
traj_sweep_519,placement,1076.77,1278.42,789.754,789.754,687.0,687.0,0.733449,0.733449,714.0,23.0,23.0,4048.0,4048.0,854.348,10.4165,773.75,80.598,10.4165,375.0,0.729327,69.0,0.00182482,1.94741e-05,0.00136153,0.00320583,2770.64,2440700000.0,2440700000.0,0.106988,-1.89864,-0.0497184,1076.77,1278.42,789.754,789.754,687.0,687.0,0.733449,0.733449,714.0,23.0,23.0,4048.0,4048.0,0.00182482,1.94741e-05,0.00136153,0.00320583,0.793736,0.766692,47.0,2440700000.0,2440700000.0,0.106988,-1.89864,-0.0497184,1076.77,1278.42,789.754,789.754,687.0,687.0,5.188,1.2475,857.341,0.733449,0.733449,714.0,23.0,23.0,4048.0,4048.0,1055620.0,19.0,2.0,0.00182512,1.94741e-05,0.00137178,0.00321637,3298.45,0.785137,0.762548,47.0,2442970000.0,2442970000.0,0.107139,-1.93785,-0.0493793,73.3449,0.36,1.0,44.0,50.0,0.2,100.0
traj_sweep_520,placement,1076.77,1278.42,786.828,786.828,685.0,685.0,0.730731,0.730731,712.0,23.0,23.0,4048.0,4048.0,851.985,10.1446,773.515,78.47,10.1446,374.0,0.72308,68.0,0.00176175,1.93979e-05,0.00131313,0.00309428,2773.52,2445890000.0,2445890000.0,0.106792,-1.36714,-0.0388489,1076.77,1278.42,786.828,786.828,685.0,685.0,0.730731,0.730731,712.0,23.0,23.0,4048.0,4048.0,0.00176175,1.93979e-05,0.00131313,0.00309428,0.7807,0.675954,47.0,2445890000.0,2445890000.0,0.106792,-1.36714,-0.0388489,1076.77,1278.42,786.828,786.828,685.0,685.0,6.909,1.274,872.736,0.730731,0.730731,712.0,23.0,23.0,4048.0,4048.0,1068910.0,19.0,2.0,0.00176226,1.93979e-05,0.00132721,0.00310887,3307.98,0.775914,0.673383,47.0,2455120000.0,2455120000.0,0.107362,-1.46105,-0.0419711,73.0731,0.37,1.0,44.0,50.0,0.2,100.0
traj_sweep_521,placement,1076.77,1278.42,785.232,785.232,687.0,687.0,0.729249,0.729249,714.0,23.0,23.0,4048.0,4048.0,851.631,10.1492,773.161,78.47,10.1492,369.0,0.70579,68.0,0.00172133,1.92943e-05,0.00127667,0.0030173,2784.27,2429380000.0,2429380000.0,0.107506,-0.923693,-0.0316276,1076.77,1278.42,785.232,785.232,687.0,687.0,0.729249,0.729249,714.0,23.0,23.0,4048.0,4048.0,0.00172133,1.92943e-05,0.00127667,0.0030173,0.784595,0.739281,46.0,2429380000.0,2429380000.0,0.107506,-0.923693,-0.0316276,1076.77,1278.42,785.232,785.232,687.0,687.0,4.3915,1.35,927.53,0.729249,0.729249,714.0,23.0,23.0,4048.0,4048.0,1136970.0,20.0,5.0,0.00172153,1.92943e-05,0.00128681,0.00302763,3352.76,0.783388,0.735654,46.0,2439020000.0,2439020000.0,0.107973,-0.989843,-0.0357411,72.9249,0.38,1.0,44.0,50.0,0.2,100.0
traj_sweep_522,placement,1076.77,1278.42,784.7,784.7,686.0,686.0,0.728755,0.728755,713.0,23.0,23.0,4048.0,4048.0,851.951,10.2209,772.949,79.002,10.2209,374.0,0.703711,70.0,0.00169109,1.93059e-05,0.00124728,0.00295768,2794.17,2441050000.0,2441050000.0,0.107327,-0.544298,-0.0251453,1076.77,1278.42,784.7,784.7,686.0,686.0,0.728755,0.728755,713.0,23.0,23.0,4048.0,4048.0,0.00169109,1.93059e-05,0.00124728,0.00295768,0.806358,0.647098,44.0,2441050000.0,2441050000.0,0.107327,-0.544298,-0.0251453,1076.77,1278.42,784.7,784.7,686.0,686.0,5.9565,1.299,891.142,0.728755,0.728755,713.0,23.0,23.0,4048.0,4048.0,1187820.0,21.0,3.0,0.00169154,1.93059e-05,0.001257,0.00296785,3388.08,0.788006,0.645379,44.0,2414590000.0,2414590000.0,0.107454,-0.579725,-0.0280977,72.8755,0.39,1.0,44.0,50.0,0.2,100.0
traj_sweep_523,placement,1076.77,1278.42,748.79,748.79,680.0,680.0,0.695405,0.695405,707.0,23.0,23.0,4048.0,4048.0,829.454,9.86524,754.974,74.48,9.86524,368.0,0.74122,71.0,0.00156759,1.79646e-05,0.00113834,0.00272389,2793.19,2429390000.0,2429390000.0,0.107626,-0.350376,-0.0181928,1076.77,1278.42,748.79,748.79,680.0,680.0,0.695405,0.695405,707.0,23.0,23.0,4048.0,4048.0,0.00156759,1.79646e-05,0.00113834,0.00272389,0.793363,0.715145,40.0,2429390000.0,2429390000.0,0.107626,-0.350376,-0.0181928,1076.77,1278.42,748.79,748.79,680.0,680.0,5.3235,1.2905,877.668,0.695405,0.695405,707.0,23.0,23.0,4048.0,4048.0,1003260.0,18.0,3.0,0.00156791,1.79646e-05,0.00114855,0.00273442,3294.82,0.809625,0.703786,42.0,2430520000.0,2430520000.0,0.107513,-0.372738,-0.0200754,69.5405,0.4,1.0,44.0,50.0,0.2,100.0
traj_sweep_524,placement,1076.77,1278.42,723.52,723.52,663.0,663.0,0.671937,0.671937,690.0,23.0,23.0,4048.0,4048.0,807.64,8.19602,746.46,61.18,8.19602,370.0,0.702066,71.0,0.00149086,1.70899e-05,0.00107467,0.00258262,2759.49,2415760000.0,2415760000.0,0.106957,-0.0498956,-0.00929792,1076.77,1278.42,723.52,723.52,663.0,663.0,0.671937,0.671937,690.0,23.0,23.0,4048.0,4048.0,0.00149086,1.70899e-05,0.00107467,0.00258262,0.780608,0.742535,8.0,2415760000.0,2415760000.0,0.106957,-0.0498956,-0.00929792,1076.77,1278.42,723.52,723.52,663.0,663.0,4.6135,1.251,829.707,0.671937,0.671937,690.0,23.0,23.0,4048.0,4048.0,1019530.0,18.0,2.0,0.00149106,1.70899e-05,0.00108,0.00258815,3269.26,0.795588,0.740316,20.0,2390680000.0,2390680000.0,0.107581,-0.0803907,-0.0138365,67.1937,0.41,1.0,44.0,50.0,0.2,100.0
traj_sweep_525,placement,1076.77,1278.42,704.368,704.368,646.0,646.0,0.65415,0.65415,673.0,23.0,23.0,4048.0,4048.0,788.488,5.63031,746.46,42.028,5.63031,369.0,0.688757,71.0,0.00142253,1.63928e-05,0.00104209,0.00248101,2732.2,2356320000.0,2356320000.0,0.107327,-0.0367595,-0.00439035,1076.77,1278.42,704.368,704.368,646.0,646.0,0.65415,0.65415,673.0,23.0,23.0,4048.0,4048.0,0.00142253,1.63928e-05,0.00104209,0.00248101,0.80097,0.622583,15.0,2356320000.0,2356320000.0,0.107327,-0.0367595,-0.00439035,1076.77,1278.42,704.368,704.368,646.0,646.0,3.798,1.233,796.536,0.65415,0.65415,673.0,23.0,23.0,4048.0,4048.0,990045.0,18.0,2.0,0.00142272,1.63928e-05,0.00104838,0.00248749,3227.23,0.77601,0.614902,18.0,2332030000.0,2332030000.0,0.10749,-0.0772121,-0.00881084,65.415,0.42,1.0,44.0,50.0,0.2,100.0
traj_sweep_526,placement,1076.77,1278.42,686.014,686.014,622.0,622.0,0.637105,0.637105,649.0,23.0,23.0,4048.0,4048.0,770.134,3.1715,746.46,23.674,3.1715,369.0,0.713591,72.0,0.00133503,1.59272e-05,0.0010032,0.00235416,2713.1,2343910000.0,2343910000.0,0.10698,-0.0033116,-0.00133848,1076.77,1278.42,686.014,686.014,622.0,622.0,0.637105,0.637105,649.0,23.0,23.0,4048.0,4048.0,0.00133503,1.59272e-05,0.0010032,0.00235416,0.779451,0.621461,3.0,2343910000.0,2343910000.0,0.10698,-0.0033116,-0.00133848,1076.77,1278.42,686.014,686.014,622.0,622.0,4.6235,1.255,780.864,0.637105,0.637105,649.0,23.0,23.0,4048.0,4048.0,907037.0,17.0,2.0,0.00133516,1.59272e-05,0.00100799,0.00235907,3166.61,0.790608,0.614883,3.0,2334110000.0,2334110000.0,0.107481,-0.00581893,-0.00361494,63.7105,0.43,1.0,44.0,50.0,0.2,100.0
traj_sweep_527,placement,1076.77,1278.42,675.64,675.64,611.0,611.0,0.62747,0.62747,638.0,23.0,23.0,4048.0,4048.0,759.76,1.78174,746.46,13.3,1.78174,376.0,0.717508,72.0,0.00126675,1.55778e-05,0.000972333,0.00225466,2749.5,2341240000.0,2341240000.0,0.106978,0.0,0.0085279,1076.77,1278.42,675.64,675.64,611.0,611.0,0.62747,0.62747,638.0,23.0,23.0,4048.0,4048.0,0.00126675,1.55778e-05,0.000972333,0.00225466,0.776386,0.612764,0.0,2341240000.0,2341240000.0,0.106978,0.0,0.0085279,1076.77,1278.42,675.64,675.64,611.0,611.0,3.77,1.2145,742.353,0.62747,0.62747,638.0,23.0,23.0,4048.0,4048.0,769883.0,14.0,1.0,0.00126693,1.55778e-05,0.000977819,0.00226033,3134.44,0.780532,0.612454,0.0,2334450000.0,2334450000.0,0.107618,0.0,0.0067773,62.747,0.44,1.0,44.0,50.0,0.2,100.0
traj_sweep_528,placement,1076.77,1278.42,673.512,673.512,609.0,609.0,0.625494,0.625494,636.0,23.0,23.0,4048.0,4048.0,757.632,1.49666,746.46,11.172,1.49666,377.0,0.700785,73.0,0.00122985,1.54905e-05,0.000948943,0.00219429,2803.65,2326600000.0,2326600000.0,0.107342,0.0,0.0166585,1076.77,1278.42,673.512,673.512,609.0,609.0,0.625494,0.625494,636.0,23.0,23.0,4048.0,4048.0,0.00122985,1.54905e-05,0.000948943,0.00219429,0.74802,0.616609,0.0,2326600000.0,2326600000.0,0.107342,0.0,0.0166585,1076.77,1278.42,673.512,673.512,609.0,609.0,4.238,1.266,771.15,0.625494,0.625494,636.0,23.0,23.0,4048.0,4048.0,790890.0,14.0,1.0,0.00122997,1.54905e-05,0.000952181,0.00219764,3199.09,0.755657,0.617557,0.0,2317970000.0,2317970000.0,0.108172,0.0,0.0120457,62.5494,0.45,1.0,44.0,50.0,0.2,100.0
traj_sweep_529,placement,1076.77,1278.42,671.65,671.65,606.0,606.0,0.623765,0.623765,633.0,23.0,23.0,4048.0,4048.0,755.77,1.24722,746.46,9.31,1.24722,374.0,0.708605,72.0,0.00119683,1.54467e-05,0.000924256,0.00213653,2735.06,2316100000.0,2316100000.0,0.107589,0.0,0.0155462,1076.77,1278.42,671.65,671.65,606.0,606.0,0.623765,0.623765,633.0,23.0,23.0,4048.0,4048.0,0.00119683,1.54467e-05,0.000924256,0.00213653,0.760254,0.620997,0.0,2316100000.0,2316100000.0,0.107589,0.0,0.0155462,1076.77,1278.42,671.65,671.65,606.0,606.0,5.0655,1.225,742.52,0.623765,0.623765,633.0,23.0,23.0,4048.0,4048.0,752768.0,14.0,1.0,0.00119713,1.54467e-05,0.000929885,0.00214247,3111.44,0.767821,0.622304,0.0,2313050000.0,2313050000.0,0.108065,0.0,0.0139368,62.3765,0.46,1.0,44.0,50.0,0.2,100.0
traj_sweep_530,placement,1076.77,1278.42,670.054,670.054,604.0,604.0,0.622283,0.622283,631.0,23.0,23.0,4048.0,4048.0,754.174,1.03341,746.46,7.714,1.03341,370.0,0.713027,73.0,0.00116858,1.54042e-05,0.000901304,0.00208529,2719.89,2294620000.0,2294620000.0,0.106999,0.0,0.0241899,1076.77,1278.42,670.054,670.054,604.0,604.0,0.622283,0.622283,631.0,23.0,23.0,4048.0,4048.0,0.00116858,1.54042e-05,0.000901304,0.00208529,0.773888,0.524136,0.0,2294620000.0,2294620000.0,0.106999,0.0,0.0241899,1076.77,1278.42,670.054,670.054,604.0,604.0,6.015,1.232,744.154,0.622283,0.622283,631.0,23.0,23.0,4048.0,4048.0,733257.0,13.0,1.0,0.00116865,1.54042e-05,0.000904861,0.00208891,3086.52,0.777801,0.528174,0.0,2298690000.0,2298690000.0,0.108072,0.0,0.0228211,62.2283,0.47,1.0,44.0,50.0,0.2,100.0
traj_sweep_531,placement,1076.77,1278.42,669.256,669.256,604.0,604.0,0.621542,0.621542,631.0,23.0,23.0,4048.0,4048.0,753.376,0.926506,746.46,6.916,0.926506,371.0,0.708539,72.0,0.00113981,1.53689e-05,0.000885249,0.00204043,2735.65,2289080000.0,2289080000.0,0.107629,0.0,0.0285108,1076.77,1278.42,669.256,669.256,604.0,604.0,0.621542,0.621542,631.0,23.0,23.0,4048.0,4048.0,0.00113981,1.53689e-05,0.000885249,0.00204043,0.795779,0.541864,0.0,2289080000.0,2289080000.0,0.107629,0.0,0.0285108,1076.77,1278.42,669.256,669.256,604.0,604.0,5.5785,1.2275,741.438,0.621542,0.621542,631.0,23.0,23.0,4048.0,4048.0,809004.0,15.0,2.0,0.00113969,1.53689e-05,0.000886621,0.00204168,3140.15,0.776793,0.543052,0.0,2288950000.0,2288950000.0,0.108235,0.0,0.026102,62.1542,0.48,1.0,44.0,50.0,0.2,100.0
traj_sweep_532,placement,1076.77,1278.42,666.596,666.596,602.0,602.0,0.619071,0.619071,629.0,23.0,23.0,4048.0,4048.0,750.716,0.570158,746.46,4.256,0.570158,380.0,0.706286,71.0,0.00111354,1.52579e-05,0.000869491,0.00199828,2689.16,2282520000.0,2282520000.0,0.10686,0.0,0.0403055,1076.77,1278.42,666.596,666.596,602.0,602.0,0.619071,0.619071,629.0,23.0,23.0,4048.0,4048.0,0.00111354,1.52579e-05,0.000869491,0.00199828,0.781495,0.628291,0.0,2282520000.0,2282520000.0,0.10686,0.0,0.0403055,1076.77,1278.42,666.596,666.596,602.0,602.0,3.8935,1.2585,757.774,0.619071,0.619071,629.0,23.0,23.0,4048.0,4048.0,844554.0,16.0,1.0,0.00111358,1.52579e-05,0.000870038,0.00199888,3111.44,0.776162,0.619543,0.0,2269050000.0,2269050000.0,0.107455,0.0,0.0389124,61.9071,0.49,1.0,44.0,50.0,0.2,100.0
traj_sweep_533,placement,1076.77,1278.42,666.596,666.596,602.0,602.0,0.619071,0.619071,629.0,23.0,23.0,4048.0,4048.0,750.716,0.570158,746.46,4.256,0.570158,375.0,0.704894,71.0,0.00109121,1.52579e-05,0.000850024,0.0019565,2669.4,2269210000.0,2269210000.0,0.107076,0.0,0.045763,1076.77,1278.42,666.596,666.596,602.0,602.0,0.619071,0.619071,629.0,23.0,23.0,4048.0,4048.0,0.00109121,1.52579e-05,0.000850024,0.0019565,0.776907,0.628491,0.0,2269210000.0,2269210000.0,0.107076,0.0,0.045763,1076.77,1278.42,666.596,666.596,602.0,602.0,4.4125,1.221,735.048,0.619071,0.619071,629.0,23.0,23.0,4048.0,4048.0,830371.0,16.0,2.0,0.00109135,1.52579e-05,0.000852915,0.00195952,3084.59,0.757792,0.628112,0.0,2255650000.0,2255650000.0,0.107941,0.0,0.0452241,61.9071,0.5,1.0,44.0,50.0,0.2,100.0
traj_sweep_534,placement,1076.77,1278.42,666.33,666.33,602.0,602.0,0.618824,0.618824,629.0,23.0,23.0,4048.0,4048.0,750.45,0.534523,746.46,3.99,0.534523,375.0,0.695823,72.0,0.00106907,1.5237e-05,0.000828031,0.00191234,2678.92,2210120000.0,2210120000.0,0.107082,0.0,0.057535,1076.77,1278.42,666.33,666.33,602.0,602.0,0.618824,0.618824,629.0,23.0,23.0,4048.0,4048.0,0.00106907,1.5237e-05,0.000828031,0.00191234,0.759092,0.606783,0.0,2210120000.0,2210120000.0,0.107082,0.0,0.057535,1076.77,1278.42,666.33,666.33,602.0,602.0,4.0,1.2625,760.158,0.618824,0.618824,629.0,23.0,23.0,4048.0,4048.0,771474.0,14.0,2.0,0.00106918,1.5237e-05,0.000833001,0.00191741,3064.66,0.782699,0.61243,0.0,2213170000.0,2213170000.0,0.107464,0.0,0.0557622,61.8824,0.51,1.0,44.0,50.0,0.2,100.0
traj_sweep_535,placement,1076.77,1278.42,666.596,666.596,602.0,602.0,0.619071,0.619071,629.0,23.0,23.0,4048.0,4048.0,750.716,0.570158,746.46,4.256,0.570158,375.0,0.693292,70.0,0.00105001,1.52594e-05,0.000819116,0.00188438,2716.0,2286780000.0,2286780000.0,0.107137,0.0,0.0645186,1076.77,1278.42,666.596,666.596,602.0,602.0,0.619071,0.619071,629.0,23.0,23.0,4048.0,4048.0,0.00105001,1.52594e-05,0.000819116,0.00188438,0.783777,0.627299,0.0,2286780000.0,2286780000.0,0.107137,0.0,0.0645186,1076.77,1278.42,666.596,666.596,602.0,602.0,4.0475,1.2435,748.743,0.619071,0.619071,629.0,23.0,23.0,4048.0,4048.0,770249.0,14.0,2.0,0.00105008,1.52594e-05,0.000820859,0.0018862,3101.12,0.793141,0.621339,0.0,2271980000.0,2271980000.0,0.10796,0.0,0.0631478,61.9071,0.52,1.0,44.0,50.0,0.2,100.0
traj_sweep_536,placement,1076.77,1278.42,666.596,666.596,602.0,602.0,0.619071,0.619071,629.0,23.0,23.0,4048.0,4048.0,750.716,0.570158,746.46,4.256,0.570158,374.0,0.706648,70.0,0.00102993,1.52594e-05,0.000801395,0.00184659,2695.81,2278370000.0,2278370000.0,0.106966,0.0,0.0676938,1076.77,1278.42,666.596,666.596,602.0,602.0,0.619071,0.619071,629.0,23.0,23.0,4048.0,4048.0,0.00102993,1.52594e-05,0.000801395,0.00184659,0.788523,0.625122,0.0,2278370000.0,2278370000.0,0.106966,0.0,0.0676938,1076.77,1278.42,666.596,666.596,602.0,602.0,3.9275,1.2615,759.659,0.619071,0.619071,629.0,23.0,23.0,4048.0,4048.0,804258.0,15.0,1.0,0.00102991,1.52594e-05,0.000803123,0.00184829,3097.93,0.805667,0.625643,0.0,2261850000.0,2261850000.0,0.107814,0.0,0.0692823,61.9071,0.53,1.0,44.0,50.0,0.2,100.0
traj_sweep_537,placement,1076.77,1278.42,666.596,666.596,602.0,602.0,0.619071,0.619071,629.0,23.0,23.0,4048.0,4048.0,750.716,0.570158,746.46,4.256,0.570158,374.0,0.686049,70.0,0.00101058,1.52594e-05,0.000780247,0.00180609,2687.03,2204030000.0,2204030000.0,0.107222,0.0,0.0811843,1076.77,1278.42,666.596,666.596,602.0,602.0,0.619071,0.619071,629.0,23.0,23.0,4048.0,4048.0,0.00101058,1.52594e-05,0.000780247,0.00180609,0.761247,0.610633,0.0,2204030000.0,2204030000.0,0.107222,0.0,0.0811843,1076.77,1278.42,666.596,666.596,602.0,602.0,3.818,1.258,757.372,0.619071,0.619071,629.0,23.0,23.0,4048.0,4048.0,744449.0,14.0,2.0,0.00101081,1.52594e-05,0.000785073,0.00181114,3059.26,0.777538,0.6163,0.0,2193620000.0,2193620000.0,0.107649,0.0,0.0792383,61.9071,0.54,1.0,44.0,50.0,0.2,100.0
traj_sweep_538,placement,1076.77,1278.42,666.33,666.33,602.0,602.0,0.618824,0.618824,629.0,23.0,23.0,4048.0,4048.0,750.45,0.534523,746.46,3.99,0.534523,373.0,0.704334,70.0,0.000991288,1.5237e-05,0.000765135,0.00177166,2716.11,2206710000.0,2206710000.0,0.106961,0.0,0.0891779,1076.77,1278.42,666.33,666.33,602.0,602.0,0.618824,0.618824,629.0,23.0,23.0,4048.0,4048.0,0.000991288,1.5237e-05,0.000765135,0.00177166,0.779854,0.617329,0.0,2206710000.0,2206710000.0,0.106961,0.0,0.0891779,1076.77,1278.42,666.33,666.33,602.0,602.0,4.4145,1.2475,751.177,0.618824,0.618824,629.0,23.0,23.0,4048.0,4048.0,791460.0,15.0,2.0,0.000991397,1.5237e-05,0.000769106,0.00177574,3111.84,0.777039,0.615888,0.0,2196330000.0,2196330000.0,0.107847,0.0,0.0882807,61.8824,0.55,1.0,44.0,50.0,0.2,100.0
traj_sweep_539,placement,1076.77,1278.42,665.532,665.532,601.0,601.0,0.618083,0.618083,628.0,23.0,23.0,4048.0,4048.0,749.652,0.427618,746.46,3.192,0.427618,373.0,0.694979,70.0,0.000974351,1.52173e-05,0.000751511,0.00174108,2711.49,2199160000.0,2199160000.0,0.106952,0.0,0.0970277,1076.77,1278.42,665.532,665.532,601.0,601.0,0.618083,0.618083,628.0,23.0,23.0,4048.0,4048.0,0.000974351,1.52173e-05,0.000751511,0.00174108,0.781041,0.555861,0.0,2199160000.0,2199160000.0,0.106952,0.0,0.0970277,1076.77,1278.42,665.532,665.532,601.0,601.0,4.7965,1.2775,767.861,0.618083,0.618083,628.0,23.0,23.0,4048.0,4048.0,817969.0,15.0,1.0,0.000974578,1.52173e-05,0.000756646,0.00174644,3120.48,0.783211,0.555066,0.0,2216690000.0,2216690000.0,0.107741,0.0,0.0942693,61.8083,0.56,1.0,44.0,50.0,0.2,100.0
traj_sweep_540,placement,1076.77,1278.42,665.532,665.532,601.0,601.0,0.618083,0.618083,628.0,23.0,23.0,4048.0,4048.0,749.652,0.427618,746.46,3.192,0.427618,373.0,0.694979,70.0,0.000957257,1.52173e-05,0.000738326,0.0017108,2711.49,2199160000.0,2199160000.0,0.106952,0.0,0.105028,1076.77,1278.42,665.532,665.532,601.0,601.0,0.618083,0.618083,628.0,23.0,23.0,4048.0,4048.0,0.000957257,1.52173e-05,0.000738326,0.0017108,0.781041,0.555861,0.0,2199160000.0,2199160000.0,0.106952,0.0,0.105028,1076.77,1278.42,665.532,665.532,601.0,601.0,4.7965,1.2775,767.861,0.618083,0.618083,628.0,23.0,23.0,4048.0,4048.0,817969.0,15.0,1.0,0.000957479,1.52173e-05,0.000743371,0.00171607,3120.48,0.783211,0.555066,0.0,2216690000.0,2216690000.0,0.107741,0.0,0.102269,61.8083,0.57,1.0,44.0,50.0,0.2,100.0
traj_sweep_541,placement,1076.77,1278.42,665.0,665.0,600.0,600.0,0.617589,0.617589,627.0,23.0,23.0,4048.0,4048.0,749.12,0.356349,746.46,2.66,0.356349,375.0,0.678675,71.0,0.00094159,1.52175e-05,0.000725099,0.00168191,2692.67,2201120000.0,2201120000.0,0.10706,0.0,0.112814,1076.77,1278.42,665.0,665.0,600.0,600.0,0.617589,0.617589,627.0,23.0,23.0,4048.0,4048.0,0.00094159,1.52175e-05,0.000725099,0.00168191,0.805662,0.476995,0.0,2201120000.0,2201120000.0,0.10706,0.0,0.112814,1076.77,1278.42,665.0,665.0,600.0,600.0,4.482,1.307,784.475,0.617589,0.617589,627.0,23.0,23.0,4048.0,4048.0,773021.0,14.0,3.0,0.000941816,1.52175e-05,0.000728482,0.00168552,3079.18,0.772985,0.479981,0.0,2211540000.0,2211540000.0,0.107598,0.0,0.111375,61.7589,0.58,1.0,44.0,50.0,0.2,100.0
traj_sweep_542,placement,1076.77,1278.42,665.0,665.0,600.0,600.0,0.617589,0.617589,627.0,23.0,23.0,4048.0,4048.0,749.12,0.356349,746.46,2.66,0.356349,374.0,0.697135,70.0,0.000925183,1.52175e-05,0.0007139,0.0016543,2708.35,2195300000.0,2195300000.0,0.106945,0.0,0.120927,1076.77,1278.42,665.0,665.0,600.0,600.0,0.617589,0.617589,627.0,23.0,23.0,4048.0,4048.0,0.000925183,1.52175e-05,0.0007139,0.0016543,0.780832,0.552578,0.0,2195300000.0,2195300000.0,0.106945,0.0,0.120927,1076.77,1278.42,665.0,665.0,600.0,600.0,4.3985,1.2475,748.779,0.617589,0.617589,627.0,23.0,23.0,4048.0,4048.0,798510.0,15.0,1.0,0.000925239,1.52175e-05,0.000718481,0.00165894,3107.61,0.793739,0.558289,0.0,2203710000.0,2203710000.0,0.107414,0.0,0.117854,61.7589,0.59,1.0,44.0,50.0,0.2,100.0
traj_sweep_543,placement,1076.77,1278.42,665.798,665.798,600.0,600.0,0.61833,0.61833,627.0,23.0,23.0,4048.0,4048.0,749.918,0.463253,746.46,3.458,0.463253,376.0,0.693021,70.0,0.000910361,1.5262e-05,0.000701221,0.00162684,2699.62,2207480000.0,2207480000.0,0.107079,0.0,0.128742,1076.77,1278.42,665.798,665.798,600.0,600.0,0.61833,0.61833,627.0,23.0,23.0,4048.0,4048.0,0.000910361,1.5262e-05,0.000701221,0.00162684,0.760498,0.553864,0.0,2207480000.0,2207480000.0,0.107079,0.0,0.128742,1076.77,1278.42,665.798,665.798,600.0,600.0,4.1775,1.2565,754.09,0.61833,0.61833,627.0,23.0,23.0,4048.0,4048.0,765080.0,14.0,1.0,0.000910546,1.5262e-05,0.000706644,0.00163245,3082.16,0.737633,0.555381,0.0,2213080000.0,2213080000.0,0.107399,0.0,0.125865,61.833,0.6,1.0,44.0,50.0,0.2,100.0
traj_sweep_544,placement,1076.77,1278.42,665.798,665.798,600.0,600.0,0.61833,0.61833,627.0,23.0,23.0,4048.0,4048.0,749.918,0.463253,746.46,3.458,0.463253,376.0,0.69283,70.0,0.000895437,1.5262e-05,0.000689629,0.00160033,2698.47,2207910000.0,2207910000.0,0.107082,0.0,0.136673,1076.77,1278.42,665.798,665.798,600.0,600.0,0.61833,0.61833,627.0,23.0,23.0,4048.0,4048.0,0.000895437,1.5262e-05,0.000689629,0.00160033,0.760264,0.554094,0.0,2207910000.0,2207910000.0,0.107082,0.0,0.136673,1076.77,1278.42,665.798,665.798,600.0,600.0,4.305,1.257,754.273,0.61833,0.61833,627.0,23.0,23.0,4048.0,4048.0,786179.0,15.0,1.0,0.000895804,1.5262e-05,0.000694222,0.00160529,3091.56,0.746471,0.553293,0.0,2213960000.0,2213960000.0,0.107961,0.0,0.135101,61.833,0.61,1.0,44.0,50.0,0.2,100.0
traj_sweep_545,placement,1076.77,1278.42,665.0,665.0,600.0,600.0,0.617589,0.617589,627.0,23.0,23.0,4048.0,4048.0,749.12,0.356349,746.46,2.66,0.356349,374.0,0.691376,67.0,0.000880659,1.52175e-05,0.000678072,0.00157395,2705.83,2211680000.0,2211680000.0,0.107034,0.0,0.145535,1076.77,1278.42,665.0,665.0,600.0,600.0,0.617589,0.617589,627.0,23.0,23.0,4048.0,4048.0,0.000880659,1.52175e-05,0.000678072,0.00157395,0.762737,0.553101,0.0,2211680000.0,2211680000.0,0.107034,0.0,0.145535,1076.77,1278.42,665.0,665.0,600.0,600.0,3.681,1.2475,748.683,0.617589,0.617589,627.0,23.0,23.0,4048.0,4048.0,781929.0,14.0,1.0,0.000880932,1.52175e-05,0.000683473,0.00157962,3096.8,0.767821,0.550712,0.0,2219030000.0,2219030000.0,0.107981,0.0,0.140749,61.7589,0.62,1.0,44.0,50.0,0.2,100.0
traj_sweep_546,placement,1076.77,1278.42,843.486,843.486,721.0,721.0,0.78335,0.78335,748.0,23.0,23.0,4048.0,4048.0,903.916,14.256,791.132,112.784,14.256,371.0,0.730149,64.0,0.00518238,2.14569e-05,0.00375436,0.0089582,2922.38,2504100000.0,2504100000.0,0.0707255,-12.261,-0.259345,1076.77,1278.42,843.486,843.486,721.0,721.0,0.78335,0.78335,748.0,23.0,23.0,4048.0,4048.0,0.00518238,2.14569e-05,0.00375436,0.0089582,0.753434,0.747225,53.0,2504100000.0,2504100000.0,0.0707255,-12.261,-0.259345,1076.77,1278.42,843.486,843.486,721.0,721.0,5.1425,1.315,948.243,0.78335,0.78335,748.0,23.0,23.0,4048.0,4048.0,1287510.0,22.0,5.0,0.00518293,2.14569e-05,0.00378663,0.00899102,3566.14,0.767749,0.754155,53.0,2473390000.0,2473390000.0,0.0710168,-12.3958,-0.264303,78.335,0.14,1.0,45.0,50.0,0.2,100.0
traj_sweep_547,placement,1076.77,1278.42,841.624,841.624,719.0,719.0,0.781621,0.781621,746.0,23.0,23.0,4048.0,4048.0,902.054,14.0207,791.132,110.922,14.0207,370.0,0.704469,65.0,0.00480793,2.14161e-05,0.00349398,0.00832333,2907.58,2505990000.0,2505990000.0,0.072749,-11.7383,-0.249043,1076.77,1278.42,841.624,841.624,719.0,719.0,0.781621,0.781621,746.0,23.0,23.0,4048.0,4048.0,0.00480793,2.14161e-05,0.00349398,0.00832333,0.758687,0.749767,53.0,2505990000.0,2505990000.0,0.072749,-11.7383,-0.249043,1076.77,1278.42,841.624,841.624,719.0,719.0,4.8725,1.3255,953.133,0.781621,0.781621,746.0,23.0,23.0,4048.0,4048.0,1285030.0,22.0,5.0,0.00480928,2.14161e-05,0.00352779,0.00835848,3550.1,0.756463,0.748691,53.0,2481860000.0,2481860000.0,0.0728213,-11.8779,-0.252924,78.1621,0.15,1.0,45.0,50.0,0.2,100.0
traj_sweep_548,placement,1076.77,1278.42,841.624,841.624,719.0,719.0,0.781621,0.781621,746.0,23.0,23.0,4048.0,4048.0,902.054,14.0207,791.132,110.922,14.0207,372.0,0.695239,65.0,0.0045079,2.1417e-05,0.00327454,0.00780386,2914.82,2503090000.0,2503090000.0,0.0748557,-11.2447,-0.239506,1076.77,1278.42,841.624,841.624,719.0,719.0,0.781621,0.781621,746.0,23.0,23.0,4048.0,4048.0,0.0045079,2.1417e-05,0.00327454,0.00780386,0.765023,0.752836,53.0,2503090000.0,2503090000.0,0.0748557,-11.2447,-0.239506,1076.77,1278.42,841.624,841.624,719.0,719.0,6.216,1.2615,907.064,0.781621,0.781621,746.0,23.0,23.0,4048.0,4048.0,1199360.0,21.0,4.0,0.00450863,2.1417e-05,0.00330406,0.00783411,3514.5,0.774834,0.757582,53.0,2481090000.0,2481090000.0,0.0744838,-11.3747,-0.243049,78.1621,0.16,1.0,45.0,50.0,0.2,100.0
traj_sweep_549,placement,1076.77,1278.42,837.9,837.9,715.0,715.0,0.778162,0.778162,742.0,23.0,23.0,4048.0,4048.0,898.33,13.5499,791.132,107.198,13.5499,379.0,0.716833,65.0,0.0041912,2.1286e-05,0.00307186,0.00728435,2923.74,2501640000.0,2501640000.0,0.0768685,-10.7012,-0.229738,1076.77,1278.42,837.9,837.9,715.0,715.0,0.778162,0.778162,742.0,23.0,23.0,4048.0,4048.0,0.0041912,2.1286e-05,0.00307186,0.00728435,0.775278,0.757796,53.0,2501640000.0,2501640000.0,0.0768685,-10.7012,-0.229738,1076.77,1278.42,837.9,837.9,715.0,715.0,4.813,1.27,908.406,0.778162,0.778162,742.0,23.0,23.0,4048.0,4048.0,1200060.0,21.0,6.0,0.00419188,2.1286e-05,0.00309598,0.00730914,3523.76,0.775914,0.758103,53.0,2489660000.0,2489660000.0,0.0777462,-10.8162,-0.231661,77.8162,0.17,1.0,45.0,50.0,0.2,100.0
traj_sweep_550,placement,1076.77,1278.42,835.506,835.506,712.0,712.0,0.775939,0.775939,739.0,23.0,23.0,4048.0,4048.0,895.936,13.2473,791.132,104.804,13.2473,378.0,0.713634,65.0,0.00391684,2.12227e-05,0.00288572,0.00682379,2915.62,2502940000.0,2502940000.0,0.0787703,-10.1664,-0.21953,1076.77,1278.42,835.506,835.506,712.0,712.0,0.775939,0.775939,739.0,23.0,23.0,4048.0,4048.0,0.00391684,2.12227e-05,0.00288572,0.00682379,0.755825,0.748382,53.0,2502940000.0,2502940000.0,0.0787703,-10.1664,-0.21953,1076.77,1278.42,835.506,835.506,712.0,712.0,4.6885,1.348,960.011,0.775939,0.775939,739.0,23.0,23.0,4048.0,4048.0,1276570.0,22.0,3.0,0.00391767,2.12227e-05,0.00290764,0.00684654,3553.91,0.786154,0.763055,53.0,2485070000.0,2485070000.0,0.0791,-10.2739,-0.222404,77.5939,0.18,1.0,45.0,50.0,0.2,100.0
traj_sweep_551,placement,1076.77,1278.42,835.506,835.506,712.0,712.0,0.775939,0.775939,739.0,23.0,23.0,4048.0,4048.0,895.936,13.2473,791.132,104.804,13.2473,378.0,0.713638,65.0,0.00371068,2.12227e-05,0.00273348,0.00646538,2915.98,2502680000.0,2502680000.0,0.080778,-9.67277,-0.209572,1076.77,1278.42,835.506,835.506,712.0,712.0,0.775939,0.775939,739.0,23.0,23.0,4048.0,4048.0,0.00371068,2.12227e-05,0.00273348,0.00646538,0.756972,0.748937,53.0,2502680000.0,2502680000.0,0.080778,-9.67277,-0.209572,1076.77,1278.42,835.506,835.506,712.0,712.0,5.056,1.2895,918.157,0.775939,0.775939,739.0,23.0,23.0,4048.0,4048.0,1220110.0,21.0,3.0,0.00371167,2.12227e-05,0.00275324,0.00648613,3526.04,0.775842,0.758069,53.0,2484250000.0,2484250000.0,0.08072,-9.79155,-0.212536,77.5939,0.19,1.0,45.0,50.0,0.2,100.0
traj_sweep_552,placement,1076.77,1278.42,834.974,834.974,711.0,711.0,0.775445,0.775445,738.0,23.0,23.0,4048.0,4048.0,895.404,13.1801,791.132,104.272,13.1801,379.0,0.7193,65.0,0.0035138,2.12246e-05,0.00259565,0.00613068,2924.94,2502430000.0,2502430000.0,0.0828218,-9.14868,-0.199611,1076.77,1278.42,834.974,834.974,711.0,711.0,0.775445,0.775445,738.0,23.0,23.0,4048.0,4048.0,0.0035138,2.12246e-05,0.00259565,0.00613068,0.771763,0.756097,53.0,2502430000.0,2502430000.0,0.0828218,-9.14868,-0.199611,1076.77,1278.42,834.974,834.974,711.0,711.0,5.335,1.269,902.301,0.775445,0.775445,738.0,23.0,23.0,4048.0,4048.0,1130190.0,19.0,4.0,0.00351491,2.12246e-05,0.00261502,0.00615115,3490.04,0.774027,0.757191,53.0,2484000000.0,2484000000.0,0.0828148,-9.25491,-0.202577,77.5445,0.2,1.0,45.0,50.0,0.2,100.0
traj_sweep_553,placement,1076.77,1278.42,832.58,832.58,708.0,708.0,0.773221,0.773221,735.0,23.0,23.0,4048.0,4048.0,893.01,12.8775,791.132,101.878,12.8775,376.0,0.701202,66.0,0.00332338,2.1157e-05,0.00246717,0.00581171,2913.92,2503540000.0,2503540000.0,0.0847914,-8.58268,-0.189435,1076.77,1278.42,832.58,832.58,708.0,708.0,0.773221,0.773221,735.0,23.0,23.0,4048.0,4048.0,0.00332338,2.1157e-05,0.00246717,0.00581171,0.76862,0.754577,53.0,2503540000.0,2503540000.0,0.0847914,-8.58268,-0.189435,1076.77,1278.42,832.58,832.58,708.0,708.0,4.276,1.2575,890.662,0.773221,0.773221,735.0,23.0,23.0,4048.0,4048.0,1146450.0,20.0,2.0,0.00332386,2.1157e-05,0.00248359,0.00582861,3487.14,0.76648,0.753541,53.0,2484330000.0,2484330000.0,0.0848952,-8.72379,-0.192523,77.3221,0.21,1.0,45.0,50.0,0.2,100.0
traj_sweep_554,placement,1076.77,1278.42,830.718,830.718,705.0,705.0,0.771492,0.771492,732.0,23.0,23.0,4048.0,4048.0,891.148,12.6421,791.132,100.016,12.6421,379.0,0.734526,66.0,0.00315413,2.11153e-05,0.00234778,0.00552303,2914.11,2501870000.0,2501870000.0,0.0868799,-8.07462,-0.179702,1076.77,1278.42,830.718,830.718,705.0,705.0,0.771492,0.771492,732.0,23.0,23.0,4048.0,4048.0,0.00315413,2.11153e-05,0.00234778,0.00552303,0.766883,0.753736,53.0,2501870000.0,2501870000.0,0.0868799,-8.07462,-0.179702,1076.77,1278.42,830.718,830.718,705.0,705.0,5.405,1.282,903.962,0.771492,0.771492,732.0,23.0,23.0,4048.0,4048.0,1173420.0,20.0,4.0,0.00315482,2.11153e-05,0.00236833,0.00554427,3500.82,0.774799,0.757565,53.0,2485180000.0,2485180000.0,0.0870924,-8.1763,-0.182385,77.1492,0.22,1.0,45.0,50.0,0.2,100.0
traj_sweep_555,placement,1076.77,1278.42,832.314,832.314,706.0,706.0,0.772974,0.772974,733.0,23.0,23.0,4048.0,4048.0,892.744,12.8439,791.132,101.612,12.8439,379.0,0.716815,67.0,0.00302706,2.11997e-05,0.0022496,0.00529786,2911.39,2495760000.0,2495760000.0,0.0886463,-7.53016,-0.170679,1076.77,1278.42,832.314,832.314,706.0,706.0,0.772974,0.772974,733.0,23.0,23.0,4048.0,4048.0,0.00302706,2.11997e-05,0.0022496,0.00529786,0.769668,0.755083,53.0,2495760000.0,2495760000.0,0.0886463,-7.53016,-0.170679,1076.77,1278.42,832.314,832.314,706.0,706.0,5.62,1.3015,919.091,0.772974,0.772974,733.0,23.0,23.0,4048.0,4048.0,1246710.0,21.0,4.0,0.00302764,2.11997e-05,0.00226803,0.00531687,3534.75,0.75516,0.74806,53.0,2471930000.0,2471930000.0,0.0886847,-7.66252,-0.174542,77.2974,0.23,1.0,45.0,50.0,0.2,100.0
traj_sweep_556,placement,1076.77,1278.42,835.772,835.772,712.0,712.0,0.776186,0.776186,739.0,23.0,23.0,4048.0,4048.0,896.169,13.4341,790.035,106.134,13.4341,372.0,0.707283,66.0,0.00290975,2.12588e-05,0.00216149,0.0050925,2918.16,2495710000.0,2495710000.0,0.0906492,-7.13124,-0.160688,1076.77,1278.42,835.772,835.772,712.0,712.0,0.776186,0.776186,739.0,23.0,23.0,4048.0,4048.0,0.00290975,2.12588e-05,0.00216149,0.0050925,0.779387,0.759784,52.0,2495710000.0,2495710000.0,0.0906492,-7.13124,-0.160688,1076.77,1278.42,835.772,835.772,712.0,712.0,6.3065,1.3505,961.746,0.776186,0.776186,739.0,23.0,23.0,4048.0,4048.0,1427450.0,24.0,5.0,0.00291008,2.12588e-05,0.00217777,0.00510911,3631.89,0.771557,0.755997,52.0,2473540000.0,2473540000.0,0.0907267,-7.27585,-0.164279,77.6186,0.24,1.0,45.0,50.0,0.2,100.0
traj_sweep_557,placement,1076.77,1278.42,827.526,827.526,711.0,711.0,0.768528,0.768528,738.0,23.0,23.0,4048.0,4048.0,888.475,13.2197,784.735,103.74,13.2197,375.0,0.72427,66.0,0.00277926,2.08669e-05,0.0020474,0.00484752,2925.08,2506480000.0,2506480000.0,0.0923091,-6.6275,-0.148966,1076.77,1278.42,827.526,827.526,711.0,711.0,0.768528,0.768528,738.0,23.0,23.0,4048.0,4048.0,0.00277926,2.08669e-05,0.0020474,0.00484752,0.740788,0.741106,51.0,2506480000.0,2506480000.0,0.0923091,-6.6275,-0.148966,1076.77,1278.42,827.526,827.526,711.0,711.0,5.5015,1.349,959.171,0.768528,0.768528,738.0,23.0,23.0,4048.0,4048.0,1165690.0,20.0,3.0,0.0027797,2.08669e-05,0.00206606,0.00486662,3507.92,0.743718,0.742523,51.0,2494110000.0,2494110000.0,0.0928891,-6.72652,-0.150944,76.8528,0.25,1.0,45.0,50.0,0.2,100.0
traj_sweep_558,placement,1076.77,1278.42,826.196,826.196,709.0,709.0,0.767292,0.767292,736.0,23.0,23.0,4048.0,4048.0,887.025,13.1674,783.817,103.208,13.1674,373.0,0.706494,64.0,0.0026498,2.08163e-05,0.00196859,0.00463921,2906.12,2489760000.0,2489760000.0,0.0946315,-6.10281,-0.141645,1076.77,1278.42,826.196,826.196,709.0,709.0,0.767292,0.767292,736.0,23.0,23.0,4048.0,4048.0,0.0026498,2.08163e-05,0.00196859,0.00463921,0.759616,0.750217,50.0,2489760000.0,2489760000.0,0.0946315,-6.10281,-0.141645,1076.77,1278.42,826.196,826.196,709.0,709.0,5.781,1.368,970.221,0.767292,0.767292,736.0,23.0,23.0,4048.0,4048.0,1248360.0,21.0,3.0,0.00264987,2.08163e-05,0.00198455,0.00465523,3530.3,0.761959,0.751353,50.0,2464880000.0,2464880000.0,0.0948005,-6.24526,-0.145699,76.7292,0.26,1.0,45.0,50.0,0.2,100.0
traj_sweep_559,placement,1076.77,1278.42,822.472,822.472,710.0,710.0,0.763834,0.763834,737.0,23.0,23.0,4048.0,4048.0,883.386,12.9976,781.774,101.612,12.9976,374.0,0.712297,68.0,0.0025397,2.05917e-05,0.00188833,0.00444863,2860.33,2491140000.0,2491140000.0,0.0965178,-5.74567,-0.131423,1076.77,1278.42,822.472,822.472,710.0,710.0,0.763834,0.763834,737.0,23.0,23.0,4048.0,4048.0,0.0025397,2.05917e-05,0.00188833,0.00444863,0.753921,0.747461,49.0,2491140000.0,2491140000.0,0.0965178,-5.74567,-0.131423,1076.77,1278.42,822.472,822.472,710.0,710.0,5.501,1.322,938.627,0.763834,0.763834,737.0,23.0,23.0,4048.0,4048.0,1225540.0,21.0,3.0,0.00254023,2.05917e-05,0.0019044,0.00446522,3473.1,0.75764,0.74926,49.0,2466460000.0,2466460000.0,0.0964875,-5.85826,-0.135439,76.3834,0.27,1.0,45.0,50.0,0.2,100.0
traj_sweep_560,placement,1076.77,1278.42,823.536,823.536,711.0,711.0,0.764822,0.764822,738.0,23.0,23.0,4048.0,4048.0,884.45,13.1337,781.774,102.676,13.1337,376.0,0.718272,68.0,0.00244768,2.06349e-05,0.00181855,0.00428686,2871.06,2484540000.0,2484540000.0,0.0983615,-5.26336,-0.122489,1076.77,1278.42,823.536,823.536,711.0,711.0,0.764822,0.764822,738.0,23.0,23.0,4048.0,4048.0,0.00244768,2.06349e-05,0.00181855,0.00428686,0.789292,0.764572,49.0,2484540000.0,2484540000.0,0.0983615,-5.26336,-0.122489,1076.77,1278.42,823.536,823.536,711.0,711.0,4.9025,1.3285,944.769,0.764822,0.764822,738.0,23.0,23.0,4048.0,4048.0,1220630.0,21.0,2.0,0.0024486,2.06349e-05,0.00183445,0.00430369,3481.37,0.789965,0.764898,49.0,2442210000.0,2442210000.0,0.0988796,-5.40333,-0.129464,76.4822,0.28,1.0,45.0,50.0,0.2,100.0
traj_sweep_561,placement,1076.77,1278.42,818.482,818.482,702.0,702.0,0.760128,0.760128,729.0,23.0,23.0,4048.0,4048.0,879.396,12.4872,781.774,97.622,12.4872,373.0,0.697093,65.0,0.00235573,2.06005e-05,0.001753,0.00412933,2890.52,2459180000.0,2459180000.0,0.10058,-4.80477,-0.116639,1076.77,1278.42,818.482,818.482,702.0,702.0,0.760128,0.760128,729.0,23.0,23.0,4048.0,4048.0,0.00235573,2.06005e-05,0.001753,0.00412933,0.765795,0.75321,49.0,2459180000.0,2459180000.0,0.10058,-4.80477,-0.116639,1076.77,1278.42,818.482,818.482,702.0,702.0,5.2705,1.2845,902.028,0.760128,0.760128,729.0,23.0,23.0,4048.0,4048.0,1161240.0,20.0,2.0,0.00235619,2.06005e-05,0.00176616,0.00414296,3471.13,0.774027,0.757192,49.0,2442440000.0,2442440000.0,0.101125,-4.90077,-0.119427,76.0128,0.29,1.0,45.0,50.0,0.2,100.0
traj_sweep_562,placement,1076.77,1278.42,818.216,818.216,703.0,703.0,0.759881,0.759881,730.0,23.0,23.0,4048.0,4048.0,879.13,12.4532,781.774,97.356,12.4532,374.0,0.698121,66.0,0.00229042,2.055e-05,0.00170174,0.00401271,2930.36,2488010000.0,2488010000.0,0.102494,-4.3351,-0.101927,1076.77,1278.42,818.216,818.216,703.0,703.0,0.759881,0.759881,730.0,23.0,23.0,4048.0,4048.0,0.00229042,2.055e-05,0.00170174,0.00401271,0.721931,0.72506,49.0,2488010000.0,2488010000.0,0.102494,-4.3351,-0.101927,1076.77,1278.42,818.216,818.216,703.0,703.0,6.1335,1.3265,932.586,0.759881,0.759881,730.0,23.0,23.0,4048.0,4048.0,1230530.0,21.0,4.0,0.0022908,2.055e-05,0.00171441,0.00402576,3545.62,0.72141,0.71763,49.0,2474260000.0,2474260000.0,0.1024,-4.42989,-0.104161,75.9881,0.3,1.0,45.0,50.0,0.2,100.0
traj_sweep_563,placement,1076.77,1278.42,813.694,813.694,704.0,704.0,0.755682,0.755682,731.0,23.0,23.0,4048.0,4048.0,875.8,12.545,778.178,97.622,12.545,372.0,0.716951,65.0,0.00220748,2.03812e-05,0.00162548,0.00385334,2798.91,2468660000.0,2468660000.0,0.104553,-3.87367,-0.0950781,1076.77,1278.42,813.694,813.694,704.0,704.0,0.755682,0.755682,731.0,23.0,23.0,4048.0,4048.0,0.00220748,2.03812e-05,0.00162548,0.00385334,0.754725,0.74785,48.0,2468660000.0,2468660000.0,0.104553,-3.87367,-0.0950781,1076.77,1278.42,813.694,813.694,704.0,704.0,5.25,1.3395,943.346,0.755682,0.755682,731.0,23.0,23.0,4048.0,4048.0,1348200.0,24.0,6.0,0.00220815,2.03812e-05,0.00164208,0.00387062,3473.01,0.763975,0.752329,48.0,2454300000.0,2454300000.0,0.105107,-4.00652,-0.0974479,75.5682,0.31,1.0,45.0,50.0,0.2,100.0
traj_sweep_564,placement,1076.77,1278.42,804.916,804.916,693.0,693.0,0.74753,0.74753,720.0,23.0,23.0,4048.0,4048.0,867.022,11.4169,778.178,88.844,11.4169,376.0,0.707363,66.0,0.00209775,2.01274e-05,0.00156171,0.00367959,2835.7,2496650000.0,2496650000.0,0.106358,-3.31344,-0.084481,1076.77,1278.42,804.916,804.916,693.0,693.0,0.74753,0.74753,720.0,23.0,23.0,4048.0,4048.0,0.00209775,2.01274e-05,0.00156171,0.00367959,0.760607,0.750696,48.0,2496650000.0,2496650000.0,0.106358,-3.31344,-0.084481,1076.77,1278.42,804.916,804.916,693.0,693.0,4.608,1.3505,936.081,0.74753,0.74753,720.0,23.0,23.0,4048.0,4048.0,1201620.0,21.0,4.0,0.00209825,2.01274e-05,0.00157658,0.00369496,3436.51,0.760274,0.750535,48.0,2476220000.0,2476220000.0,0.106896,-3.41434,-0.0843828,74.753,0.32,1.0,45.0,50.0,0.2,100.0
traj_sweep_565,placement,1076.77,1278.42,796.936,796.936,685.0,685.0,0.740119,0.740119,712.0,23.0,23.0,4048.0,4048.0,859.042,10.3915,778.178,80.864,10.3915,372.0,0.726176,69.0,0.00201355,1.98475e-05,0.00151631,0.00354971,2906.52,2478090000.0,2478090000.0,0.107378,-3.01323,-0.077181,1076.77,1278.42,796.936,796.936,685.0,685.0,0.740119,0.740119,712.0,23.0,23.0,4048.0,4048.0,0.00201355,1.98475e-05,0.00151631,0.00354971,0.785801,0.682511,47.0,2478090000.0,2478090000.0,0.107378,-3.01323,-0.077181,1076.77,1278.42,796.936,796.936,685.0,685.0,5.283,1.3555,928.736,0.740119,0.740119,712.0,23.0,23.0,4048.0,4048.0,1226450.0,21.0,3.0,0.00201395,1.98475e-05,0.00152682,0.00356062,3519.75,0.796764,0.675204,47.0,2465500000.0,2465500000.0,0.107687,-3.15266,-0.0784447,74.0119,0.33,1.0,45.0,50.0,0.2,100.0
traj_sweep_566,placement,1076.77,1278.42,792.148,792.148,689.0,689.0,0.735672,0.735672,716.0,23.0,23.0,4048.0,4048.0,856.742,10.7259,773.75,82.992,10.7259,367.0,0.736636,69.0,0.00194169,1.9581e-05,0.00144283,0.0034041,2796.06,2457760000.0,2457760000.0,0.107493,-2.66809,-0.0668749,1076.77,1278.42,792.148,792.148,689.0,689.0,0.735672,0.735672,716.0,23.0,23.0,4048.0,4048.0,0.00194169,1.9581e-05,0.00144283,0.0034041,0.804101,0.771726,48.0,2457760000.0,2457760000.0,0.107493,-2.66809,-0.0668749,1076.77,1278.42,792.148,792.148,689.0,689.0,5.4655,1.318,908.408,0.735672,0.735672,716.0,23.0,23.0,4048.0,4048.0,1237700.0,22.0,3.0,0.00194221,1.9581e-05,0.00145578,0.00341757,3414.91,0.793701,0.766702,48.0,2454790000.0,2454790000.0,0.107777,-2.75206,-0.0673675,73.5672,0.34,1.0,45.0,50.0,0.2,100.0
traj_sweep_567,placement,1076.77,1278.42,789.488,789.488,688.0,688.0,0.733202,0.733202,715.0,23.0,23.0,4048.0,4048.0,854.082,10.3822,773.75,80.332,10.3822,372.0,0.70467,69.0,0.00187381,1.94326e-05,0.00140006,0.0032933,2763.91,2463360000.0,2463360000.0,0.107026,-2.25733,-0.0559489,1076.77,1278.42,789.488,789.488,688.0,688.0,0.733202,0.733202,715.0,23.0,23.0,4048.0,4048.0,0.00187381,1.94326e-05,0.00140006,0.0032933,0.760222,0.750508,48.0,2463360000.0,2463360000.0,0.107026,-2.25733,-0.0559489,1076.77,1278.42,789.488,789.488,688.0,688.0,5.239,1.286,885.066,0.733202,0.733202,715.0,23.0,23.0,4048.0,4048.0,1058430.0,19.0,2.0,0.00187418,1.94326e-05,0.00141328,0.00330689,3293.12,0.755584,0.748261,48.0,2445000000.0,2445000000.0,0.108004,-2.36688,-0.0589974,73.3202,0.35,1.0,45.0,50.0,0.2,100.0
traj_sweep_568,placement,1076.77,1278.42,789.754,789.754,687.0,687.0,0.733449,0.733449,714.0,23.0,23.0,4048.0,4048.0,854.348,10.4165,773.75,80.598,10.4165,375.0,0.729327,69.0,0.00182482,1.94741e-05,0.00136153,0.00320583,2770.64,2440700000.0,2440700000.0,0.106988,-1.89864,-0.0497184,1076.77,1278.42,789.754,789.754,687.0,687.0,0.733449,0.733449,714.0,23.0,23.0,4048.0,4048.0,0.00182482,1.94741e-05,0.00136153,0.00320583,0.793736,0.766692,47.0,2440700000.0,2440700000.0,0.106988,-1.89864,-0.0497184,1076.77,1278.42,789.754,789.754,687.0,687.0,5.188,1.2475,857.341,0.733449,0.733449,714.0,23.0,23.0,4048.0,4048.0,1055620.0,19.0,2.0,0.00182512,1.94741e-05,0.00137178,0.00321637,3298.45,0.785137,0.762548,47.0,2442970000.0,2442970000.0,0.107139,-1.93785,-0.0493793,73.3449,0.36,1.0,45.0,50.0,0.2,100.0
traj_sweep_569,placement,1076.77,1278.42,786.828,786.828,685.0,685.0,0.730731,0.730731,712.0,23.0,23.0,4048.0,4048.0,851.985,10.1446,773.515,78.47,10.1446,374.0,0.72308,68.0,0.00176175,1.93979e-05,0.00131313,0.00309428,2773.52,2445890000.0,2445890000.0,0.106792,-1.36714,-0.0388489,1076.77,1278.42,786.828,786.828,685.0,685.0,0.730731,0.730731,712.0,23.0,23.0,4048.0,4048.0,0.00176175,1.93979e-05,0.00131313,0.00309428,0.7807,0.675954,47.0,2445890000.0,2445890000.0,0.106792,-1.36714,-0.0388489,1076.77,1278.42,786.828,786.828,685.0,685.0,6.909,1.274,872.736,0.730731,0.730731,712.0,23.0,23.0,4048.0,4048.0,1068910.0,19.0,2.0,0.00176226,1.93979e-05,0.00132721,0.00310887,3307.98,0.775914,0.673383,47.0,2455120000.0,2455120000.0,0.107362,-1.46105,-0.0419711,73.0731,0.37,1.0,45.0,50.0,0.2,100.0
traj_sweep_570,placement,1076.77,1278.42,785.232,785.232,687.0,687.0,0.729249,0.729249,714.0,23.0,23.0,4048.0,4048.0,851.631,10.1492,773.161,78.47,10.1492,369.0,0.70579,68.0,0.00172133,1.92943e-05,0.00127667,0.0030173,2784.27,2429380000.0,2429380000.0,0.107506,-0.923693,-0.0316276,1076.77,1278.42,785.232,785.232,687.0,687.0,0.729249,0.729249,714.0,23.0,23.0,4048.0,4048.0,0.00172133,1.92943e-05,0.00127667,0.0030173,0.784595,0.739281,46.0,2429380000.0,2429380000.0,0.107506,-0.923693,-0.0316276,1076.77,1278.42,785.232,785.232,687.0,687.0,4.3915,1.35,927.53,0.729249,0.729249,714.0,23.0,23.0,4048.0,4048.0,1136970.0,20.0,5.0,0.00172153,1.92943e-05,0.00128681,0.00302763,3352.76,0.783388,0.735654,46.0,2439020000.0,2439020000.0,0.107973,-0.989843,-0.0357411,72.9249,0.38,1.0,45.0,50.0,0.2,100.0
traj_sweep_571,placement,1076.77,1278.42,784.7,784.7,686.0,686.0,0.728755,0.728755,713.0,23.0,23.0,4048.0,4048.0,851.951,10.2209,772.949,79.002,10.2209,374.0,0.703711,70.0,0.00169109,1.93059e-05,0.00124728,0.00295768,2794.17,2441050000.0,2441050000.0,0.107327,-0.544298,-0.0251453,1076.77,1278.42,784.7,784.7,686.0,686.0,0.728755,0.728755,713.0,23.0,23.0,4048.0,4048.0,0.00169109,1.93059e-05,0.00124728,0.00295768,0.806358,0.647098,44.0,2441050000.0,2441050000.0,0.107327,-0.544298,-0.0251453,1076.77,1278.42,784.7,784.7,686.0,686.0,5.9565,1.299,891.142,0.728755,0.728755,713.0,23.0,23.0,4048.0,4048.0,1187820.0,21.0,3.0,0.00169154,1.93059e-05,0.001257,0.00296785,3388.08,0.788006,0.645379,44.0,2414590000.0,2414590000.0,0.107454,-0.579725,-0.0280977,72.8755,0.39,1.0,45.0,50.0,0.2,100.0
traj_sweep_572,placement,1076.77,1278.42,748.79,748.79,680.0,680.0,0.695405,0.695405,707.0,23.0,23.0,4048.0,4048.0,829.454,9.86524,754.974,74.48,9.86524,368.0,0.74122,71.0,0.00156759,1.79646e-05,0.00113834,0.00272389,2793.19,2429390000.0,2429390000.0,0.107626,-0.350376,-0.0181928,1076.77,1278.42,748.79,748.79,680.0,680.0,0.695405,0.695405,707.0,23.0,23.0,4048.0,4048.0,0.00156759,1.79646e-05,0.00113834,0.00272389,0.793363,0.715145,40.0,2429390000.0,2429390000.0,0.107626,-0.350376,-0.0181928,1076.77,1278.42,748.79,748.79,680.0,680.0,5.3235,1.2905,877.668,0.695405,0.695405,707.0,23.0,23.0,4048.0,4048.0,1003260.0,18.0,3.0,0.00156791,1.79646e-05,0.00114855,0.00273442,3294.82,0.809625,0.703786,42.0,2430520000.0,2430520000.0,0.107513,-0.372738,-0.0200754,69.5405,0.4,1.0,45.0,50.0,0.2,100.0
traj_sweep_573,placement,1076.77,1278.42,723.52,723.52,663.0,663.0,0.671937,0.671937,690.0,23.0,23.0,4048.0,4048.0,807.64,8.19602,746.46,61.18,8.19602,370.0,0.702066,71.0,0.00149086,1.70899e-05,0.00107467,0.00258262,2759.49,2415760000.0,2415760000.0,0.106957,-0.0498956,-0.00929792,1076.77,1278.42,723.52,723.52,663.0,663.0,0.671937,0.671937,690.0,23.0,23.0,4048.0,4048.0,0.00149086,1.70899e-05,0.00107467,0.00258262,0.780608,0.742535,8.0,2415760000.0,2415760000.0,0.106957,-0.0498956,-0.00929792,1076.77,1278.42,723.52,723.52,663.0,663.0,4.6135,1.251,829.707,0.671937,0.671937,690.0,23.0,23.0,4048.0,4048.0,1019530.0,18.0,2.0,0.00149106,1.70899e-05,0.00108,0.00258815,3269.26,0.795588,0.740316,20.0,2390680000.0,2390680000.0,0.107581,-0.0803907,-0.0138365,67.1937,0.41,1.0,45.0,50.0,0.2,100.0
traj_sweep_574,placement,1076.77,1278.42,704.368,704.368,646.0,646.0,0.65415,0.65415,673.0,23.0,23.0,4048.0,4048.0,788.488,5.63031,746.46,42.028,5.63031,369.0,0.688757,71.0,0.00142253,1.63928e-05,0.00104209,0.00248101,2732.2,2356320000.0,2356320000.0,0.107327,-0.0367595,-0.00439035,1076.77,1278.42,704.368,704.368,646.0,646.0,0.65415,0.65415,673.0,23.0,23.0,4048.0,4048.0,0.00142253,1.63928e-05,0.00104209,0.00248101,0.80097,0.622583,15.0,2356320000.0,2356320000.0,0.107327,-0.0367595,-0.00439035,1076.77,1278.42,704.368,704.368,646.0,646.0,3.798,1.233,796.536,0.65415,0.65415,673.0,23.0,23.0,4048.0,4048.0,990045.0,18.0,2.0,0.00142272,1.63928e-05,0.00104838,0.00248749,3227.23,0.77601,0.614902,18.0,2332030000.0,2332030000.0,0.10749,-0.0772121,-0.00881084,65.415,0.42,1.0,45.0,50.0,0.2,100.0
traj_sweep_575,placement,1076.77,1278.42,686.014,686.014,622.0,622.0,0.637105,0.637105,649.0,23.0,23.0,4048.0,4048.0,770.134,3.1715,746.46,23.674,3.1715,369.0,0.713591,72.0,0.00133503,1.59272e-05,0.0010032,0.00235416,2713.1,2343910000.0,2343910000.0,0.10698,-0.0033116,-0.00133848,1076.77,1278.42,686.014,686.014,622.0,622.0,0.637105,0.637105,649.0,23.0,23.0,4048.0,4048.0,0.00133503,1.59272e-05,0.0010032,0.00235416,0.779451,0.621461,3.0,2343910000.0,2343910000.0,0.10698,-0.0033116,-0.00133848,1076.77,1278.42,686.014,686.014,622.0,622.0,4.6235,1.255,780.864,0.637105,0.637105,649.0,23.0,23.0,4048.0,4048.0,907037.0,17.0,2.0,0.00133516,1.59272e-05,0.00100799,0.00235907,3166.61,0.790608,0.614883,3.0,2334110000.0,2334110000.0,0.107481,-0.00581893,-0.00361494,63.7105,0.43,1.0,45.0,50.0,0.2,100.0
traj_sweep_576,placement,1076.77,1278.42,675.64,675.64,611.0,611.0,0.62747,0.62747,638.0,23.0,23.0,4048.0,4048.0,759.76,1.78174,746.46,13.3,1.78174,376.0,0.717508,72.0,0.00126675,1.55778e-05,0.000972333,0.00225466,2749.5,2341240000.0,2341240000.0,0.106978,0.0,0.0085279,1076.77,1278.42,675.64,675.64,611.0,611.0,0.62747,0.62747,638.0,23.0,23.0,4048.0,4048.0,0.00126675,1.55778e-05,0.000972333,0.00225466,0.776386,0.612764,0.0,2341240000.0,2341240000.0,0.106978,0.0,0.0085279,1076.77,1278.42,675.64,675.64,611.0,611.0,3.77,1.2145,742.353,0.62747,0.62747,638.0,23.0,23.0,4048.0,4048.0,769883.0,14.0,1.0,0.00126693,1.55778e-05,0.000977819,0.00226033,3134.44,0.780532,0.612454,0.0,2334450000.0,2334450000.0,0.107618,0.0,0.0067773,62.747,0.44,1.0,45.0,50.0,0.2,100.0
traj_sweep_577,placement,1076.77,1278.42,673.512,673.512,609.0,609.0,0.625494,0.625494,636.0,23.0,23.0,4048.0,4048.0,757.632,1.49666,746.46,11.172,1.49666,377.0,0.700785,73.0,0.00122985,1.54905e-05,0.000948943,0.00219429,2803.65,2326600000.0,2326600000.0,0.107342,0.0,0.0166585,1076.77,1278.42,673.512,673.512,609.0,609.0,0.625494,0.625494,636.0,23.0,23.0,4048.0,4048.0,0.00122985,1.54905e-05,0.000948943,0.00219429,0.74802,0.616609,0.0,2326600000.0,2326600000.0,0.107342,0.0,0.0166585,1076.77,1278.42,673.512,673.512,609.0,609.0,4.238,1.266,771.15,0.625494,0.625494,636.0,23.0,23.0,4048.0,4048.0,790890.0,14.0,1.0,0.00122997,1.54905e-05,0.000952181,0.00219764,3199.09,0.755657,0.617557,0.0,2317970000.0,2317970000.0,0.108172,0.0,0.0120457,62.5494,0.45,1.0,45.0,50.0,0.2,100.0
traj_sweep_578,placement,1076.77,1278.42,671.65,671.65,606.0,606.0,0.623765,0.623765,633.0,23.0,23.0,4048.0,4048.0,755.77,1.24722,746.46,9.31,1.24722,374.0,0.708605,72.0,0.00119683,1.54467e-05,0.000924256,0.00213653,2735.06,2316100000.0,2316100000.0,0.107589,0.0,0.0155462,1076.77,1278.42,671.65,671.65,606.0,606.0,0.623765,0.623765,633.0,23.0,23.0,4048.0,4048.0,0.00119683,1.54467e-05,0.000924256,0.00213653,0.760254,0.620997,0.0,2316100000.0,2316100000.0,0.107589,0.0,0.0155462,1076.77,1278.42,671.65,671.65,606.0,606.0,5.0655,1.225,742.52,0.623765,0.623765,633.0,23.0,23.0,4048.0,4048.0,752768.0,14.0,1.0,0.00119713,1.54467e-05,0.000929885,0.00214247,3111.44,0.767821,0.622304,0.0,2313050000.0,2313050000.0,0.108065,0.0,0.0139368,62.3765,0.46,1.0,45.0,50.0,0.2,100.0
traj_sweep_579,placement,1076.77,1278.42,670.054,670.054,604.0,604.0,0.622283,0.622283,631.0,23.0,23.0,4048.0,4048.0,754.174,1.03341,746.46,7.714,1.03341,370.0,0.713027,73.0,0.00116858,1.54042e-05,0.000901304,0.00208529,2719.89,2294620000.0,2294620000.0,0.106999,0.0,0.0241899,1076.77,1278.42,670.054,670.054,604.0,604.0,0.622283,0.622283,631.0,23.0,23.0,4048.0,4048.0,0.00116858,1.54042e-05,0.000901304,0.00208529,0.773888,0.524136,0.0,2294620000.0,2294620000.0,0.106999,0.0,0.0241899,1076.77,1278.42,670.054,670.054,604.0,604.0,6.015,1.232,744.154,0.622283,0.622283,631.0,23.0,23.0,4048.0,4048.0,733257.0,13.0,1.0,0.00116865,1.54042e-05,0.000904861,0.00208891,3086.52,0.777801,0.528174,0.0,2298690000.0,2298690000.0,0.108072,0.0,0.0228211,62.2283,0.47,1.0,45.0,50.0,0.2,100.0
traj_sweep_580,placement,1076.77,1278.42,669.256,669.256,604.0,604.0,0.621542,0.621542,631.0,23.0,23.0,4048.0,4048.0,753.376,0.926506,746.46,6.916,0.926506,371.0,0.708539,72.0,0.00113981,1.53689e-05,0.000885249,0.00204043,2735.65,2289080000.0,2289080000.0,0.107629,0.0,0.0285108,1076.77,1278.42,669.256,669.256,604.0,604.0,0.621542,0.621542,631.0,23.0,23.0,4048.0,4048.0,0.00113981,1.53689e-05,0.000885249,0.00204043,0.795779,0.541864,0.0,2289080000.0,2289080000.0,0.107629,0.0,0.0285108,1076.77,1278.42,669.256,669.256,604.0,604.0,5.5785,1.2275,741.438,0.621542,0.621542,631.0,23.0,23.0,4048.0,4048.0,809004.0,15.0,2.0,0.00113969,1.53689e-05,0.000886621,0.00204168,3140.15,0.776793,0.543052,0.0,2288950000.0,2288950000.0,0.108235,0.0,0.026102,62.1542,0.48,1.0,45.0,50.0,0.2,100.0
traj_sweep_581,placement,1076.77,1278.42,666.596,666.596,602.0,602.0,0.619071,0.619071,629.0,23.0,23.0,4048.0,4048.0,750.716,0.570158,746.46,4.256,0.570158,380.0,0.706286,71.0,0.00111354,1.52579e-05,0.000869491,0.00199828,2689.16,2282520000.0,2282520000.0,0.10686,0.0,0.0403055,1076.77,1278.42,666.596,666.596,602.0,602.0,0.619071,0.619071,629.0,23.0,23.0,4048.0,4048.0,0.00111354,1.52579e-05,0.000869491,0.00199828,0.781495,0.628291,0.0,2282520000.0,2282520000.0,0.10686,0.0,0.0403055,1076.77,1278.42,666.596,666.596,602.0,602.0,3.8935,1.2585,757.774,0.619071,0.619071,629.0,23.0,23.0,4048.0,4048.0,844554.0,16.0,1.0,0.00111358,1.52579e-05,0.000870038,0.00199888,3111.44,0.776162,0.619543,0.0,2269050000.0,2269050000.0,0.107455,0.0,0.0389124,61.9071,0.49,1.0,45.0,50.0,0.2,100.0
traj_sweep_582,placement,1076.77,1278.42,666.596,666.596,602.0,602.0,0.619071,0.619071,629.0,23.0,23.0,4048.0,4048.0,750.716,0.570158,746.46,4.256,0.570158,375.0,0.704894,71.0,0.00109121,1.52579e-05,0.000850024,0.0019565,2669.4,2269210000.0,2269210000.0,0.107076,0.0,0.045763,1076.77,1278.42,666.596,666.596,602.0,602.0,0.619071,0.619071,629.0,23.0,23.0,4048.0,4048.0,0.00109121,1.52579e-05,0.000850024,0.0019565,0.776907,0.628491,0.0,2269210000.0,2269210000.0,0.107076,0.0,0.045763,1076.77,1278.42,666.596,666.596,602.0,602.0,4.4125,1.221,735.048,0.619071,0.619071,629.0,23.0,23.0,4048.0,4048.0,830371.0,16.0,2.0,0.00109135,1.52579e-05,0.000852915,0.00195952,3084.59,0.757792,0.628112,0.0,2255650000.0,2255650000.0,0.107941,0.0,0.0452241,61.9071,0.5,1.0,45.0,50.0,0.2,100.0
traj_sweep_583,placement,1076.77,1278.42,666.33,666.33,602.0,602.0,0.618824,0.618824,629.0,23.0,23.0,4048.0,4048.0,750.45,0.534523,746.46,3.99,0.534523,375.0,0.695823,72.0,0.00106907,1.5237e-05,0.000828031,0.00191234,2678.92,2210120000.0,2210120000.0,0.107082,0.0,0.057535,1076.77,1278.42,666.33,666.33,602.0,602.0,0.618824,0.618824,629.0,23.0,23.0,4048.0,4048.0,0.00106907,1.5237e-05,0.000828031,0.00191234,0.759092,0.606783,0.0,2210120000.0,2210120000.0,0.107082,0.0,0.057535,1076.77,1278.42,666.33,666.33,602.0,602.0,4.0,1.2625,760.158,0.618824,0.618824,629.0,23.0,23.0,4048.0,4048.0,771474.0,14.0,2.0,0.00106918,1.5237e-05,0.000833001,0.00191741,3064.66,0.782699,0.61243,0.0,2213170000.0,2213170000.0,0.107464,0.0,0.0557622,61.8824,0.51,1.0,45.0,50.0,0.2,100.0
traj_sweep_584,placement,1076.77,1278.42,666.596,666.596,602.0,602.0,0.619071,0.619071,629.0,23.0,23.0,4048.0,4048.0,750.716,0.570158,746.46,4.256,0.570158,375.0,0.693292,70.0,0.00105001,1.52594e-05,0.000819116,0.00188438,2716.0,2286780000.0,2286780000.0,0.107137,0.0,0.0645186,1076.77,1278.42,666.596,666.596,602.0,602.0,0.619071,0.619071,629.0,23.0,23.0,4048.0,4048.0,0.00105001,1.52594e-05,0.000819116,0.00188438,0.783777,0.627299,0.0,2286780000.0,2286780000.0,0.107137,0.0,0.0645186,1076.77,1278.42,666.596,666.596,602.0,602.0,4.0475,1.2435,748.743,0.619071,0.619071,629.0,23.0,23.0,4048.0,4048.0,770249.0,14.0,2.0,0.00105008,1.52594e-05,0.000820859,0.0018862,3101.12,0.793141,0.621339,0.0,2271980000.0,2271980000.0,0.10796,0.0,0.0631478,61.9071,0.52,1.0,45.0,50.0,0.2,100.0
traj_sweep_585,placement,1076.77,1278.42,666.596,666.596,602.0,602.0,0.619071,0.619071,629.0,23.0,23.0,4048.0,4048.0,750.716,0.570158,746.46,4.256,0.570158,374.0,0.706648,70.0,0.00102993,1.52594e-05,0.000801395,0.00184659,2695.81,2278370000.0,2278370000.0,0.106966,0.0,0.0676938,1076.77,1278.42,666.596,666.596,602.0,602.0,0.619071,0.619071,629.0,23.0,23.0,4048.0,4048.0,0.00102993,1.52594e-05,0.000801395,0.00184659,0.788523,0.625122,0.0,2278370000.0,2278370000.0,0.106966,0.0,0.0676938,1076.77,1278.42,666.596,666.596,602.0,602.0,3.9275,1.2615,759.659,0.619071,0.619071,629.0,23.0,23.0,4048.0,4048.0,804258.0,15.0,1.0,0.00102991,1.52594e-05,0.000803123,0.00184829,3097.93,0.805667,0.625643,0.0,2261850000.0,2261850000.0,0.107814,0.0,0.0692823,61.9071,0.53,1.0,45.0,50.0,0.2,100.0
traj_sweep_586,placement,1076.77,1278.42,666.596,666.596,602.0,602.0,0.619071,0.619071,629.0,23.0,23.0,4048.0,4048.0,750.716,0.570158,746.46,4.256,0.570158,374.0,0.686049,70.0,0.00101058,1.52594e-05,0.000780247,0.00180609,2687.03,2204030000.0,2204030000.0,0.107222,0.0,0.0811843,1076.77,1278.42,666.596,666.596,602.0,602.0,0.619071,0.619071,629.0,23.0,23.0,4048.0,4048.0,0.00101058,1.52594e-05,0.000780247,0.00180609,0.761247,0.610633,0.0,2204030000.0,2204030000.0,0.107222,0.0,0.0811843,1076.77,1278.42,666.596,666.596,602.0,602.0,3.818,1.258,757.372,0.619071,0.619071,629.0,23.0,23.0,4048.0,4048.0,744449.0,14.0,2.0,0.00101081,1.52594e-05,0.000785073,0.00181114,3059.26,0.777538,0.6163,0.0,2193620000.0,2193620000.0,0.107649,0.0,0.0792383,61.9071,0.54,1.0,45.0,50.0,0.2,100.0
traj_sweep_587,placement,1076.77,1278.42,666.33,666.33,602.0,602.0,0.618824,0.618824,629.0,23.0,23.0,4048.0,4048.0,750.45,0.534523,746.46,3.99,0.534523,373.0,0.704334,70.0,0.000991288,1.5237e-05,0.000765135,0.00177166,2716.11,2206710000.0,2206710000.0,0.106961,0.0,0.0891779,1076.77,1278.42,666.33,666.33,602.0,602.0,0.618824,0.618824,629.0,23.0,23.0,4048.0,4048.0,0.000991288,1.5237e-05,0.000765135,0.00177166,0.779854,0.617329,0.0,2206710000.0,2206710000.0,0.106961,0.0,0.0891779,1076.77,1278.42,666.33,666.33,602.0,602.0,4.4145,1.2475,751.177,0.618824,0.618824,629.0,23.0,23.0,4048.0,4048.0,791460.0,15.0,2.0,0.000991397,1.5237e-05,0.000769106,0.00177574,3111.84,0.777039,0.615888,0.0,2196330000.0,2196330000.0,0.107847,0.0,0.0882807,61.8824,0.55,1.0,45.0,50.0,0.2,100.0
traj_sweep_588,placement,1076.77,1278.42,665.532,665.532,601.0,601.0,0.618083,0.618083,628.0,23.0,23.0,4048.0,4048.0,749.652,0.427618,746.46,3.192,0.427618,373.0,0.694979,70.0,0.000974351,1.52173e-05,0.000751511,0.00174108,2711.49,2199160000.0,2199160000.0,0.106952,0.0,0.0970277,1076.77,1278.42,665.532,665.532,601.0,601.0,0.618083,0.618083,628.0,23.0,23.0,4048.0,4048.0,0.000974351,1.52173e-05,0.000751511,0.00174108,0.781041,0.555861,0.0,2199160000.0,2199160000.0,0.106952,0.0,0.0970277,1076.77,1278.42,665.532,665.532,601.0,601.0,4.7965,1.2775,767.861,0.618083,0.618083,628.0,23.0,23.0,4048.0,4048.0,817969.0,15.0,1.0,0.000974578,1.52173e-05,0.000756646,0.00174644,3120.48,0.783211,0.555066,0.0,2216690000.0,2216690000.0,0.107741,0.0,0.0942693,61.8083,0.56,1.0,45.0,50.0,0.2,100.0
traj_sweep_589,placement,1076.77,1278.42,665.532,665.532,601.0,601.0,0.618083,0.618083,628.0,23.0,23.0,4048.0,4048.0,749.652,0.427618,746.46,3.192,0.427618,373.0,0.694979,70.0,0.000957257,1.52173e-05,0.000738326,0.0017108,2711.49,2199160000.0,2199160000.0,0.106952,0.0,0.105028,1076.77,1278.42,665.532,665.532,601.0,601.0,0.618083,0.618083,628.0,23.0,23.0,4048.0,4048.0,0.000957257,1.52173e-05,0.000738326,0.0017108,0.781041,0.555861,0.0,2199160000.0,2199160000.0,0.106952,0.0,0.105028,1076.77,1278.42,665.532,665.532,601.0,601.0,4.7965,1.2775,767.861,0.618083,0.618083,628.0,23.0,23.0,4048.0,4048.0,817969.0,15.0,1.0,0.000957479,1.52173e-05,0.000743371,0.00171607,3120.48,0.783211,0.555066,0.0,2216690000.0,2216690000.0,0.107741,0.0,0.102269,61.8083,0.57,1.0,45.0,50.0,0.2,100.0
traj_sweep_590,placement,1076.77,1278.42,665.0,665.0,600.0,600.0,0.617589,0.617589,627.0,23.0,23.0,4048.0,4048.0,749.12,0.356349,746.46,2.66,0.356349,375.0,0.678675,71.0,0.00094159,1.52175e-05,0.000725099,0.00168191,2692.67,2201120000.0,2201120000.0,0.10706,0.0,0.112814,1076.77,1278.42,665.0,665.0,600.0,600.0,0.617589,0.617589,627.0,23.0,23.0,4048.0,4048.0,0.00094159,1.52175e-05,0.000725099,0.00168191,0.805662,0.476995,0.0,2201120000.0,2201120000.0,0.10706,0.0,0.112814,1076.77,1278.42,665.0,665.0,600.0,600.0,4.482,1.307,784.475,0.617589,0.617589,627.0,23.0,23.0,4048.0,4048.0,773021.0,14.0,3.0,0.000941816,1.52175e-05,0.000728482,0.00168552,3079.18,0.772985,0.479981,0.0,2211540000.0,2211540000.0,0.107598,0.0,0.111375,61.7589,0.58,1.0,45.0,50.0,0.2,100.0
traj_sweep_591,placement,1076.77,1278.42,665.0,665.0,600.0,600.0,0.617589,0.617589,627.0,23.0,23.0,4048.0,4048.0,749.12,0.356349,746.46,2.66,0.356349,374.0,0.697135,70.0,0.000925183,1.52175e-05,0.0007139,0.0016543,2708.35,2195300000.0,2195300000.0,0.106945,0.0,0.120927,1076.77,1278.42,665.0,665.0,600.0,600.0,0.617589,0.617589,627.0,23.0,23.0,4048.0,4048.0,0.000925183,1.52175e-05,0.0007139,0.0016543,0.780832,0.552578,0.0,2195300000.0,2195300000.0,0.106945,0.0,0.120927,1076.77,1278.42,665.0,665.0,600.0,600.0,4.3985,1.2475,748.779,0.617589,0.617589,627.0,23.0,23.0,4048.0,4048.0,798510.0,15.0,1.0,0.000925239,1.52175e-05,0.000718481,0.00165894,3107.61,0.793739,0.558289,0.0,2203710000.0,2203710000.0,0.107414,0.0,0.117854,61.7589,0.59,1.0,45.0,50.0,0.2,100.0
traj_sweep_592,placement,1076.77,1278.42,665.798,665.798,600.0,600.0,0.61833,0.61833,627.0,23.0,23.0,4048.0,4048.0,749.918,0.463253,746.46,3.458,0.463253,376.0,0.693021,70.0,0.000910361,1.5262e-05,0.000701221,0.00162684,2699.62,2207480000.0,2207480000.0,0.107079,0.0,0.128742,1076.77,1278.42,665.798,665.798,600.0,600.0,0.61833,0.61833,627.0,23.0,23.0,4048.0,4048.0,0.000910361,1.5262e-05,0.000701221,0.00162684,0.760498,0.553864,0.0,2207480000.0,2207480000.0,0.107079,0.0,0.128742,1076.77,1278.42,665.798,665.798,600.0,600.0,4.1775,1.2565,754.09,0.61833,0.61833,627.0,23.0,23.0,4048.0,4048.0,765080.0,14.0,1.0,0.000910546,1.5262e-05,0.000706644,0.00163245,3082.16,0.737633,0.555381,0.0,2213080000.0,2213080000.0,0.107399,0.0,0.125865,61.833,0.6,1.0,45.0,50.0,0.2,100.0
traj_sweep_593,placement,1076.77,1278.42,665.798,665.798,600.0,600.0,0.61833,0.61833,627.0,23.0,23.0,4048.0,4048.0,749.918,0.463253,746.46,3.458,0.463253,376.0,0.69283,70.0,0.000895437,1.5262e-05,0.000689629,0.00160033,2698.47,2207910000.0,2207910000.0,0.107082,0.0,0.136673,1076.77,1278.42,665.798,665.798,600.0,600.0,0.61833,0.61833,627.0,23.0,23.0,4048.0,4048.0,0.000895437,1.5262e-05,0.000689629,0.00160033,0.760264,0.554094,0.0,2207910000.0,2207910000.0,0.107082,0.0,0.136673,1076.77,1278.42,665.798,665.798,600.0,600.0,4.305,1.257,754.273,0.61833,0.61833,627.0,23.0,23.0,4048.0,4048.0,786179.0,15.0,1.0,0.000895804,1.5262e-05,0.000694222,0.00160529,3091.56,0.746471,0.553293,0.0,2213960000.0,2213960000.0,0.107961,0.0,0.135101,61.833,0.61,1.0,45.0,50.0,0.2,100.0
traj_sweep_594,placement,1076.77,1278.42,665.0,665.0,600.0,600.0,0.617589,0.617589,627.0,23.0,23.0,4048.0,4048.0,749.12,0.356349,746.46,2.66,0.356349,374.0,0.691376,67.0,0.000880659,1.52175e-05,0.000678072,0.00157395,2705.83,2211680000.0,2211680000.0,0.107034,0.0,0.145535,1076.77,1278.42,665.0,665.0,600.0,600.0,0.617589,0.617589,627.0,23.0,23.0,4048.0,4048.0,0.000880659,1.52175e-05,0.000678072,0.00157395,0.762737,0.553101,0.0,2211680000.0,2211680000.0,0.107034,0.0,0.145535,1076.77,1278.42,665.0,665.0,600.0,600.0,3.681,1.2475,748.683,0.617589,0.617589,627.0,23.0,23.0,4048.0,4048.0,781929.0,14.0,1.0,0.000880932,1.52175e-05,0.000683473,0.00157962,3096.8,0.767821,0.550712,0.0,2219030000.0,2219030000.0,0.107981,0.0,0.140749,61.7589,0.62,1.0,45.0,50.0,0.2,100.0
traj_sweep_595,placement,1076.77,1278.42,843.486,843.486,721.0,721.0,0.78335,0.78335,748.0,23.0,23.0,4048.0,4048.0,903.916,14.256,791.132,112.784,14.256,371.0,0.730149,64.0,0.00518238,2.14569e-05,0.00375436,0.0089582,2922.38,2504100000.0,2504100000.0,0.0707255,-12.261,-0.259345,1076.77,1278.42,843.486,843.486,721.0,721.0,0.78335,0.78335,748.0,23.0,23.0,4048.0,4048.0,0.00518238,2.14569e-05,0.00375436,0.0089582,0.753434,0.747225,53.0,2504100000.0,2504100000.0,0.0707255,-12.261,-0.259345,1076.77,1278.42,843.486,843.486,721.0,721.0,5.1425,1.315,948.243,0.78335,0.78335,748.0,23.0,23.0,4048.0,4048.0,1287510.0,22.0,5.0,0.00518293,2.14569e-05,0.00378663,0.00899102,3566.14,0.767749,0.754155,53.0,2473390000.0,2473390000.0,0.0710168,-12.3958,-0.264303,78.335,0.14,1.0,46.0,50.0,0.2,100.0
traj_sweep_596,placement,1076.77,1278.42,841.624,841.624,719.0,719.0,0.781621,0.781621,746.0,23.0,23.0,4048.0,4048.0,902.054,14.0207,791.132,110.922,14.0207,370.0,0.704469,65.0,0.00480793,2.14161e-05,0.00349398,0.00832333,2907.58,2505990000.0,2505990000.0,0.072749,-11.7383,-0.249043,1076.77,1278.42,841.624,841.624,719.0,719.0,0.781621,0.781621,746.0,23.0,23.0,4048.0,4048.0,0.00480793,2.14161e-05,0.00349398,0.00832333,0.758687,0.749767,53.0,2505990000.0,2505990000.0,0.072749,-11.7383,-0.249043,1076.77,1278.42,841.624,841.624,719.0,719.0,4.8725,1.3255,953.133,0.781621,0.781621,746.0,23.0,23.0,4048.0,4048.0,1285030.0,22.0,5.0,0.00480928,2.14161e-05,0.00352779,0.00835848,3550.1,0.756463,0.748691,53.0,2481860000.0,2481860000.0,0.0728213,-11.8779,-0.252924,78.1621,0.15,1.0,46.0,50.0,0.2,100.0
traj_sweep_597,placement,1076.77,1278.42,841.624,841.624,719.0,719.0,0.781621,0.781621,746.0,23.0,23.0,4048.0,4048.0,902.054,14.0207,791.132,110.922,14.0207,372.0,0.695239,65.0,0.0045079,2.1417e-05,0.00327454,0.00780386,2914.82,2503090000.0,2503090000.0,0.0748557,-11.2447,-0.239506,1076.77,1278.42,841.624,841.624,719.0,719.0,0.781621,0.781621,746.0,23.0,23.0,4048.0,4048.0,0.0045079,2.1417e-05,0.00327454,0.00780386,0.765023,0.752836,53.0,2503090000.0,2503090000.0,0.0748557,-11.2447,-0.239506,1076.77,1278.42,841.624,841.624,719.0,719.0,6.216,1.2615,907.064,0.781621,0.781621,746.0,23.0,23.0,4048.0,4048.0,1199360.0,21.0,4.0,0.00450863,2.1417e-05,0.00330406,0.00783411,3514.5,0.774834,0.757582,53.0,2481090000.0,2481090000.0,0.0744838,-11.3747,-0.243049,78.1621,0.16,1.0,46.0,50.0,0.2,100.0
traj_sweep_598,placement,1076.77,1278.42,837.9,837.9,715.0,715.0,0.778162,0.778162,742.0,23.0,23.0,4048.0,4048.0,898.33,13.5499,791.132,107.198,13.5499,379.0,0.716833,65.0,0.0041912,2.1286e-05,0.00307186,0.00728435,2923.74,2501640000.0,2501640000.0,0.0768685,-10.7012,-0.229738,1076.77,1278.42,837.9,837.9,715.0,715.0,0.778162,0.778162,742.0,23.0,23.0,4048.0,4048.0,0.0041912,2.1286e-05,0.00307186,0.00728435,0.775278,0.757796,53.0,2501640000.0,2501640000.0,0.0768685,-10.7012,-0.229738,1076.77,1278.42,837.9,837.9,715.0,715.0,4.813,1.27,908.406,0.778162,0.778162,742.0,23.0,23.0,4048.0,4048.0,1200060.0,21.0,6.0,0.00419188,2.1286e-05,0.00309598,0.00730914,3523.76,0.775914,0.758103,53.0,2489660000.0,2489660000.0,0.0777462,-10.8162,-0.231661,77.8162,0.17,1.0,46.0,50.0,0.2,100.0
traj_sweep_599,placement,1076.77,1278.42,835.506,835.506,712.0,712.0,0.775939,0.775939,739.0,23.0,23.0,4048.0,4048.0,895.936,13.2473,791.132,104.804,13.2473,378.0,0.713634,65.0,0.00391684,2.12227e-05,0.00288572,0.00682379,2915.62,2502940000.0,2502940000.0,0.0787703,-10.1664,-0.21953,1076.77,1278.42,835.506,835.506,712.0,712.0,0.775939,0.775939,739.0,23.0,23.0,4048.0,4048.0,0.00391684,2.12227e-05,0.00288572,0.00682379,0.755825,0.748382,53.0,2502940000.0,2502940000.0,0.0787703,-10.1664,-0.21953,1076.77,1278.42,835.506,835.506,712.0,712.0,4.6885,1.348,960.011,0.775939,0.775939,739.0,23.0,23.0,4048.0,4048.0,1276570.0,22.0,3.0,0.00391767,2.12227e-05,0.00290764,0.00684654,3553.91,0.786154,0.763055,53.0,2485070000.0,2485070000.0,0.0791,-10.2739,-0.222404,77.5939,0.18,1.0,46.0,50.0,0.2,100.0
traj_sweep_600,placement,1076.77,1278.42,835.506,835.506,712.0,712.0,0.775939,0.775939,739.0,23.0,23.0,4048.0,4048.0,895.936,13.2473,791.132,104.804,13.2473,378.0,0.713638,65.0,0.00371068,2.12227e-05,0.00273348,0.00646538,2915.98,2502680000.0,2502680000.0,0.080778,-9.67277,-0.209572,1076.77,1278.42,835.506,835.506,712.0,712.0,0.775939,0.775939,739.0,23.0,23.0,4048.0,4048.0,0.00371068,2.12227e-05,0.00273348,0.00646538,0.756972,0.748937,53.0,2502680000.0,2502680000.0,0.080778,-9.67277,-0.209572,1076.77,1278.42,835.506,835.506,712.0,712.0,5.056,1.2895,918.157,0.775939,0.775939,739.0,23.0,23.0,4048.0,4048.0,1220110.0,21.0,3.0,0.00371167,2.12227e-05,0.00275324,0.00648613,3526.04,0.775842,0.758069,53.0,2484250000.0,2484250000.0,0.08072,-9.79155,-0.212536,77.5939,0.19,1.0,46.0,50.0,0.2,100.0
traj_sweep_601,placement,1076.77,1278.42,834.974,834.974,711.0,711.0,0.775445,0.775445,738.0,23.0,23.0,4048.0,4048.0,895.404,13.1801,791.132,104.272,13.1801,379.0,0.7193,65.0,0.0035138,2.12246e-05,0.00259565,0.00613068,2924.94,2502430000.0,2502430000.0,0.0828218,-9.14868,-0.199611,1076.77,1278.42,834.974,834.974,711.0,711.0,0.775445,0.775445,738.0,23.0,23.0,4048.0,4048.0,0.0035138,2.12246e-05,0.00259565,0.00613068,0.771763,0.756097,53.0,2502430000.0,2502430000.0,0.0828218,-9.14868,-0.199611,1076.77,1278.42,834.974,834.974,711.0,711.0,5.335,1.269,902.301,0.775445,0.775445,738.0,23.0,23.0,4048.0,4048.0,1130190.0,19.0,4.0,0.00351491,2.12246e-05,0.00261502,0.00615115,3490.04,0.774027,0.757191,53.0,2484000000.0,2484000000.0,0.0828148,-9.25491,-0.202577,77.5445,0.2,1.0,46.0,50.0,0.2,100.0
traj_sweep_602,placement,1076.77,1278.42,832.58,832.58,708.0,708.0,0.773221,0.773221,735.0,23.0,23.0,4048.0,4048.0,893.01,12.8775,791.132,101.878,12.8775,376.0,0.701202,66.0,0.00332338,2.1157e-05,0.00246717,0.00581171,2913.92,2503540000.0,2503540000.0,0.0847914,-8.58268,-0.189435,1076.77,1278.42,832.58,832.58,708.0,708.0,0.773221,0.773221,735.0,23.0,23.0,4048.0,4048.0,0.00332338,2.1157e-05,0.00246717,0.00581171,0.76862,0.754577,53.0,2503540000.0,2503540000.0,0.0847914,-8.58268,-0.189435,1076.77,1278.42,832.58,832.58,708.0,708.0,4.276,1.2575,890.662,0.773221,0.773221,735.0,23.0,23.0,4048.0,4048.0,1146450.0,20.0,2.0,0.00332386,2.1157e-05,0.00248359,0.00582861,3487.14,0.76648,0.753541,53.0,2484330000.0,2484330000.0,0.0848952,-8.72379,-0.192523,77.3221,0.21,1.0,46.0,50.0,0.2,100.0
traj_sweep_603,placement,1076.77,1278.42,830.718,830.718,705.0,705.0,0.771492,0.771492,732.0,23.0,23.0,4048.0,4048.0,891.148,12.6421,791.132,100.016,12.6421,379.0,0.734526,66.0,0.00315413,2.11153e-05,0.00234778,0.00552303,2914.11,2501870000.0,2501870000.0,0.0868799,-8.07462,-0.179702,1076.77,1278.42,830.718,830.718,705.0,705.0,0.771492,0.771492,732.0,23.0,23.0,4048.0,4048.0,0.00315413,2.11153e-05,0.00234778,0.00552303,0.766883,0.753736,53.0,2501870000.0,2501870000.0,0.0868799,-8.07462,-0.179702,1076.77,1278.42,830.718,830.718,705.0,705.0,5.405,1.282,903.962,0.771492,0.771492,732.0,23.0,23.0,4048.0,4048.0,1173420.0,20.0,4.0,0.00315482,2.11153e-05,0.00236833,0.00554427,3500.82,0.774799,0.757565,53.0,2485180000.0,2485180000.0,0.0870924,-8.1763,-0.182385,77.1492,0.22,1.0,46.0,50.0,0.2,100.0
traj_sweep_604,placement,1076.77,1278.42,832.314,832.314,706.0,706.0,0.772974,0.772974,733.0,23.0,23.0,4048.0,4048.0,892.744,12.8439,791.132,101.612,12.8439,379.0,0.716815,67.0,0.00302706,2.11997e-05,0.0022496,0.00529786,2911.39,2495760000.0,2495760000.0,0.0886463,-7.53016,-0.170679,1076.77,1278.42,832.314,832.314,706.0,706.0,0.772974,0.772974,733.0,23.0,23.0,4048.0,4048.0,0.00302706,2.11997e-05,0.0022496,0.00529786,0.769668,0.755083,53.0,2495760000.0,2495760000.0,0.0886463,-7.53016,-0.170679,1076.77,1278.42,832.314,832.314,706.0,706.0,5.62,1.3015,919.091,0.772974,0.772974,733.0,23.0,23.0,4048.0,4048.0,1246710.0,21.0,4.0,0.00302764,2.11997e-05,0.00226803,0.00531687,3534.75,0.75516,0.74806,53.0,2471930000.0,2471930000.0,0.0886847,-7.66252,-0.174542,77.2974,0.23,1.0,46.0,50.0,0.2,100.0
traj_sweep_605,placement,1076.77,1278.42,835.772,835.772,712.0,712.0,0.776186,0.776186,739.0,23.0,23.0,4048.0,4048.0,896.169,13.4341,790.035,106.134,13.4341,372.0,0.707283,66.0,0.00290975,2.12588e-05,0.00216149,0.0050925,2918.16,2495710000.0,2495710000.0,0.0906492,-7.13124,-0.160688,1076.77,1278.42,835.772,835.772,712.0,712.0,0.776186,0.776186,739.0,23.0,23.0,4048.0,4048.0,0.00290975,2.12588e-05,0.00216149,0.0050925,0.779387,0.759784,52.0,2495710000.0,2495710000.0,0.0906492,-7.13124,-0.160688,1076.77,1278.42,835.772,835.772,712.0,712.0,6.3065,1.3505,961.746,0.776186,0.776186,739.0,23.0,23.0,4048.0,4048.0,1427450.0,24.0,5.0,0.00291008,2.12588e-05,0.00217777,0.00510911,3631.89,0.771557,0.755997,52.0,2473540000.0,2473540000.0,0.0907267,-7.27585,-0.164279,77.6186,0.24,1.0,46.0,50.0,0.2,100.0
traj_sweep_606,placement,1076.77,1278.42,827.526,827.526,711.0,711.0,0.768528,0.768528,738.0,23.0,23.0,4048.0,4048.0,888.475,13.2197,784.735,103.74,13.2197,375.0,0.72427,66.0,0.00277926,2.08669e-05,0.0020474,0.00484752,2925.08,2506480000.0,2506480000.0,0.0923091,-6.6275,-0.148966,1076.77,1278.42,827.526,827.526,711.0,711.0,0.768528,0.768528,738.0,23.0,23.0,4048.0,4048.0,0.00277926,2.08669e-05,0.0020474,0.00484752,0.740788,0.741106,51.0,2506480000.0,2506480000.0,0.0923091,-6.6275,-0.148966,1076.77,1278.42,827.526,827.526,711.0,711.0,5.5015,1.349,959.171,0.768528,0.768528,738.0,23.0,23.0,4048.0,4048.0,1165690.0,20.0,3.0,0.0027797,2.08669e-05,0.00206606,0.00486662,3507.92,0.743718,0.742523,51.0,2494110000.0,2494110000.0,0.0928891,-6.72652,-0.150944,76.8528,0.25,1.0,46.0,50.0,0.2,100.0
traj_sweep_607,placement,1076.77,1278.42,826.196,826.196,709.0,709.0,0.767292,0.767292,736.0,23.0,23.0,4048.0,4048.0,887.025,13.1674,783.817,103.208,13.1674,373.0,0.706494,64.0,0.0026498,2.08163e-05,0.00196859,0.00463921,2906.12,2489760000.0,2489760000.0,0.0946315,-6.10281,-0.141645,1076.77,1278.42,826.196,826.196,709.0,709.0,0.767292,0.767292,736.0,23.0,23.0,4048.0,4048.0,0.0026498,2.08163e-05,0.00196859,0.00463921,0.759616,0.750217,50.0,2489760000.0,2489760000.0,0.0946315,-6.10281,-0.141645,1076.77,1278.42,826.196,826.196,709.0,709.0,5.781,1.368,970.221,0.767292,0.767292,736.0,23.0,23.0,4048.0,4048.0,1248360.0,21.0,3.0,0.00264987,2.08163e-05,0.00198455,0.00465523,3530.3,0.761959,0.751353,50.0,2464880000.0,2464880000.0,0.0948005,-6.24526,-0.145699,76.7292,0.26,1.0,46.0,50.0,0.2,100.0
traj_sweep_608,placement,1076.77,1278.42,822.472,822.472,710.0,710.0,0.763834,0.763834,737.0,23.0,23.0,4048.0,4048.0,883.386,12.9976,781.774,101.612,12.9976,374.0,0.712297,68.0,0.0025397,2.05917e-05,0.00188833,0.00444863,2860.33,2491140000.0,2491140000.0,0.0965178,-5.74567,-0.131423,1076.77,1278.42,822.472,822.472,710.0,710.0,0.763834,0.763834,737.0,23.0,23.0,4048.0,4048.0,0.0025397,2.05917e-05,0.00188833,0.00444863,0.753921,0.747461,49.0,2491140000.0,2491140000.0,0.0965178,-5.74567,-0.131423,1076.77,1278.42,822.472,822.472,710.0,710.0,5.501,1.322,938.627,0.763834,0.763834,737.0,23.0,23.0,4048.0,4048.0,1225540.0,21.0,3.0,0.00254023,2.05917e-05,0.0019044,0.00446522,3473.1,0.75764,0.74926,49.0,2466460000.0,2466460000.0,0.0964875,-5.85826,-0.135439,76.3834,0.27,1.0,46.0,50.0,0.2,100.0
traj_sweep_609,placement,1076.77,1278.42,823.536,823.536,711.0,711.0,0.764822,0.764822,738.0,23.0,23.0,4048.0,4048.0,884.45,13.1337,781.774,102.676,13.1337,376.0,0.718272,68.0,0.00244768,2.06349e-05,0.00181855,0.00428686,2871.06,2484540000.0,2484540000.0,0.0983615,-5.26336,-0.122489,1076.77,1278.42,823.536,823.536,711.0,711.0,0.764822,0.764822,738.0,23.0,23.0,4048.0,4048.0,0.00244768,2.06349e-05,0.00181855,0.00428686,0.789292,0.764572,49.0,2484540000.0,2484540000.0,0.0983615,-5.26336,-0.122489,1076.77,1278.42,823.536,823.536,711.0,711.0,4.9025,1.3285,944.769,0.764822,0.764822,738.0,23.0,23.0,4048.0,4048.0,1220630.0,21.0,2.0,0.0024486,2.06349e-05,0.00183445,0.00430369,3481.37,0.789965,0.764898,49.0,2442210000.0,2442210000.0,0.0988796,-5.40333,-0.129464,76.4822,0.28,1.0,46.0,50.0,0.2,100.0
traj_sweep_610,placement,1076.77,1278.42,818.482,818.482,702.0,702.0,0.760128,0.760128,729.0,23.0,23.0,4048.0,4048.0,879.396,12.4872,781.774,97.622,12.4872,373.0,0.697093,65.0,0.00235573,2.06005e-05,0.001753,0.00412933,2890.52,2459180000.0,2459180000.0,0.10058,-4.80477,-0.116639,1076.77,1278.42,818.482,818.482,702.0,702.0,0.760128,0.760128,729.0,23.0,23.0,4048.0,4048.0,0.00235573,2.06005e-05,0.001753,0.00412933,0.765795,0.75321,49.0,2459180000.0,2459180000.0,0.10058,-4.80477,-0.116639,1076.77,1278.42,818.482,818.482,702.0,702.0,5.2705,1.2845,902.028,0.760128,0.760128,729.0,23.0,23.0,4048.0,4048.0,1161240.0,20.0,2.0,0.00235619,2.06005e-05,0.00176616,0.00414296,3471.13,0.774027,0.757192,49.0,2442440000.0,2442440000.0,0.101125,-4.90077,-0.119427,76.0128,0.29,1.0,46.0,50.0,0.2,100.0
traj_sweep_611,placement,1076.77,1278.42,818.216,818.216,703.0,703.0,0.759881,0.759881,730.0,23.0,23.0,4048.0,4048.0,879.13,12.4532,781.774,97.356,12.4532,374.0,0.698121,66.0,0.00229042,2.055e-05,0.00170174,0.00401271,2930.36,2488010000.0,2488010000.0,0.102494,-4.3351,-0.101927,1076.77,1278.42,818.216,818.216,703.0,703.0,0.759881,0.759881,730.0,23.0,23.0,4048.0,4048.0,0.00229042,2.055e-05,0.00170174,0.00401271,0.721931,0.72506,49.0,2488010000.0,2488010000.0,0.102494,-4.3351,-0.101927,1076.77,1278.42,818.216,818.216,703.0,703.0,6.1335,1.3265,932.586,0.759881,0.759881,730.0,23.0,23.0,4048.0,4048.0,1230530.0,21.0,4.0,0.0022908,2.055e-05,0.00171441,0.00402576,3545.62,0.72141,0.71763,49.0,2474260000.0,2474260000.0,0.1024,-4.42989,-0.104161,75.9881,0.3,1.0,46.0,50.0,0.2,100.0
traj_sweep_612,placement,1076.77,1278.42,813.694,813.694,704.0,704.0,0.755682,0.755682,731.0,23.0,23.0,4048.0,4048.0,875.8,12.545,778.178,97.622,12.545,372.0,0.716951,65.0,0.00220748,2.03812e-05,0.00162548,0.00385334,2798.91,2468660000.0,2468660000.0,0.104553,-3.87367,-0.0950781,1076.77,1278.42,813.694,813.694,704.0,704.0,0.755682,0.755682,731.0,23.0,23.0,4048.0,4048.0,0.00220748,2.03812e-05,0.00162548,0.00385334,0.754725,0.74785,48.0,2468660000.0,2468660000.0,0.104553,-3.87367,-0.0950781,1076.77,1278.42,813.694,813.694,704.0,704.0,5.25,1.3395,943.346,0.755682,0.755682,731.0,23.0,23.0,4048.0,4048.0,1348200.0,24.0,6.0,0.00220815,2.03812e-05,0.00164208,0.00387062,3473.01,0.763975,0.752329,48.0,2454300000.0,2454300000.0,0.105107,-4.00652,-0.0974479,75.5682,0.31,1.0,46.0,50.0,0.2,100.0
traj_sweep_613,placement,1076.77,1278.42,804.916,804.916,693.0,693.0,0.74753,0.74753,720.0,23.0,23.0,4048.0,4048.0,867.022,11.4169,778.178,88.844,11.4169,376.0,0.707363,66.0,0.00209775,2.01274e-05,0.00156171,0.00367959,2835.7,2496650000.0,2496650000.0,0.106358,-3.31344,-0.084481,1076.77,1278.42,804.916,804.916,693.0,693.0,0.74753,0.74753,720.0,23.0,23.0,4048.0,4048.0,0.00209775,2.01274e-05,0.00156171,0.00367959,0.760607,0.750696,48.0,2496650000.0,2496650000.0,0.106358,-3.31344,-0.084481,1076.77,1278.42,804.916,804.916,693.0,693.0,4.608,1.3505,936.081,0.74753,0.74753,720.0,23.0,23.0,4048.0,4048.0,1201620.0,21.0,4.0,0.00209825,2.01274e-05,0.00157658,0.00369496,3436.51,0.760274,0.750535,48.0,2476220000.0,2476220000.0,0.106896,-3.41434,-0.0843828,74.753,0.32,1.0,46.0,50.0,0.2,100.0
traj_sweep_614,placement,1076.77,1278.42,796.936,796.936,685.0,685.0,0.740119,0.740119,712.0,23.0,23.0,4048.0,4048.0,859.042,10.3915,778.178,80.864,10.3915,372.0,0.726176,69.0,0.00201355,1.98475e-05,0.00151631,0.00354971,2906.52,2478090000.0,2478090000.0,0.107378,-3.01323,-0.077181,1076.77,1278.42,796.936,796.936,685.0,685.0,0.740119,0.740119,712.0,23.0,23.0,4048.0,4048.0,0.00201355,1.98475e-05,0.00151631,0.00354971,0.785801,0.682511,47.0,2478090000.0,2478090000.0,0.107378,-3.01323,-0.077181,1076.77,1278.42,796.936,796.936,685.0,685.0,5.283,1.3555,928.736,0.740119,0.740119,712.0,23.0,23.0,4048.0,4048.0,1226450.0,21.0,3.0,0.00201395,1.98475e-05,0.00152682,0.00356062,3519.75,0.796764,0.675204,47.0,2465500000.0,2465500000.0,0.107687,-3.15266,-0.0784447,74.0119,0.33,1.0,46.0,50.0,0.2,100.0
traj_sweep_615,placement,1076.77,1278.42,792.148,792.148,689.0,689.0,0.735672,0.735672,716.0,23.0,23.0,4048.0,4048.0,856.742,10.7259,773.75,82.992,10.7259,367.0,0.736636,69.0,0.00194169,1.9581e-05,0.00144283,0.0034041,2796.06,2457760000.0,2457760000.0,0.107493,-2.66809,-0.0668749,1076.77,1278.42,792.148,792.148,689.0,689.0,0.735672,0.735672,716.0,23.0,23.0,4048.0,4048.0,0.00194169,1.9581e-05,0.00144283,0.0034041,0.804101,0.771726,48.0,2457760000.0,2457760000.0,0.107493,-2.66809,-0.0668749,1076.77,1278.42,792.148,792.148,689.0,689.0,5.4655,1.318,908.408,0.735672,0.735672,716.0,23.0,23.0,4048.0,4048.0,1237700.0,22.0,3.0,0.00194221,1.9581e-05,0.00145578,0.00341757,3414.91,0.793701,0.766702,48.0,2454790000.0,2454790000.0,0.107777,-2.75206,-0.0673675,73.5672,0.34,1.0,46.0,50.0,0.2,100.0
traj_sweep_616,placement,1076.77,1278.42,789.488,789.488,688.0,688.0,0.733202,0.733202,715.0,23.0,23.0,4048.0,4048.0,854.082,10.3822,773.75,80.332,10.3822,372.0,0.70467,69.0,0.00187381,1.94326e-05,0.00140006,0.0032933,2763.91,2463360000.0,2463360000.0,0.107026,-2.25733,-0.0559489,1076.77,1278.42,789.488,789.488,688.0,688.0,0.733202,0.733202,715.0,23.0,23.0,4048.0,4048.0,0.00187381,1.94326e-05,0.00140006,0.0032933,0.760222,0.750508,48.0,2463360000.0,2463360000.0,0.107026,-2.25733,-0.0559489,1076.77,1278.42,789.488,789.488,688.0,688.0,5.239,1.286,885.066,0.733202,0.733202,715.0,23.0,23.0,4048.0,4048.0,1058430.0,19.0,2.0,0.00187418,1.94326e-05,0.00141328,0.00330689,3293.12,0.755584,0.748261,48.0,2445000000.0,2445000000.0,0.108004,-2.36688,-0.0589974,73.3202,0.35,1.0,46.0,50.0,0.2,100.0
traj_sweep_617,placement,1076.77,1278.42,789.754,789.754,687.0,687.0,0.733449,0.733449,714.0,23.0,23.0,4048.0,4048.0,854.348,10.4165,773.75,80.598,10.4165,375.0,0.729327,69.0,0.00182482,1.94741e-05,0.00136153,0.00320583,2770.64,2440700000.0,2440700000.0,0.106988,-1.89864,-0.0497184,1076.77,1278.42,789.754,789.754,687.0,687.0,0.733449,0.733449,714.0,23.0,23.0,4048.0,4048.0,0.00182482,1.94741e-05,0.00136153,0.00320583,0.793736,0.766692,47.0,2440700000.0,2440700000.0,0.106988,-1.89864,-0.0497184,1076.77,1278.42,789.754,789.754,687.0,687.0,5.188,1.2475,857.341,0.733449,0.733449,714.0,23.0,23.0,4048.0,4048.0,1055620.0,19.0,2.0,0.00182512,1.94741e-05,0.00137178,0.00321637,3298.45,0.785137,0.762548,47.0,2442970000.0,2442970000.0,0.107139,-1.93785,-0.0493793,73.3449,0.36,1.0,46.0,50.0,0.2,100.0
traj_sweep_618,placement,1076.77,1278.42,786.828,786.828,685.0,685.0,0.730731,0.730731,712.0,23.0,23.0,4048.0,4048.0,851.985,10.1446,773.515,78.47,10.1446,374.0,0.72308,68.0,0.00176175,1.93979e-05,0.00131313,0.00309428,2773.52,2445890000.0,2445890000.0,0.106792,-1.36714,-0.0388489,1076.77,1278.42,786.828,786.828,685.0,685.0,0.730731,0.730731,712.0,23.0,23.0,4048.0,4048.0,0.00176175,1.93979e-05,0.00131313,0.00309428,0.7807,0.675954,47.0,2445890000.0,2445890000.0,0.106792,-1.36714,-0.0388489,1076.77,1278.42,786.828,786.828,685.0,685.0,6.909,1.274,872.736,0.730731,0.730731,712.0,23.0,23.0,4048.0,4048.0,1068910.0,19.0,2.0,0.00176226,1.93979e-05,0.00132721,0.00310887,3307.98,0.775914,0.673383,47.0,2455120000.0,2455120000.0,0.107362,-1.46105,-0.0419711,73.0731,0.37,1.0,46.0,50.0,0.2,100.0
traj_sweep_619,placement,1076.77,1278.42,785.232,785.232,687.0,687.0,0.729249,0.729249,714.0,23.0,23.0,4048.0,4048.0,851.631,10.1492,773.161,78.47,10.1492,369.0,0.70579,68.0,0.00172133,1.92943e-05,0.00127667,0.0030173,2784.27,2429380000.0,2429380000.0,0.107506,-0.923693,-0.0316276,1076.77,1278.42,785.232,785.232,687.0,687.0,0.729249,0.729249,714.0,23.0,23.0,4048.0,4048.0,0.00172133,1.92943e-05,0.00127667,0.0030173,0.784595,0.739281,46.0,2429380000.0,2429380000.0,0.107506,-0.923693,-0.0316276,1076.77,1278.42,785.232,785.232,687.0,687.0,4.3915,1.35,927.53,0.729249,0.729249,714.0,23.0,23.0,4048.0,4048.0,1136970.0,20.0,5.0,0.00172153,1.92943e-05,0.00128681,0.00302763,3352.76,0.783388,0.735654,46.0,2439020000.0,2439020000.0,0.107973,-0.989843,-0.0357411,72.9249,0.38,1.0,46.0,50.0,0.2,100.0
traj_sweep_620,placement,1076.77,1278.42,784.7,784.7,686.0,686.0,0.728755,0.728755,713.0,23.0,23.0,4048.0,4048.0,851.951,10.2209,772.949,79.002,10.2209,374.0,0.703711,70.0,0.00169109,1.93059e-05,0.00124728,0.00295768,2794.17,2441050000.0,2441050000.0,0.107327,-0.544298,-0.0251453,1076.77,1278.42,784.7,784.7,686.0,686.0,0.728755,0.728755,713.0,23.0,23.0,4048.0,4048.0,0.00169109,1.93059e-05,0.00124728,0.00295768,0.806358,0.647098,44.0,2441050000.0,2441050000.0,0.107327,-0.544298,-0.0251453,1076.77,1278.42,784.7,784.7,686.0,686.0,5.9565,1.299,891.142,0.728755,0.728755,713.0,23.0,23.0,4048.0,4048.0,1187820.0,21.0,3.0,0.00169154,1.93059e-05,0.001257,0.00296785,3388.08,0.788006,0.645379,44.0,2414590000.0,2414590000.0,0.107454,-0.579725,-0.0280977,72.8755,0.39,1.0,46.0,50.0,0.2,100.0
traj_sweep_621,placement,1076.77,1278.42,748.79,748.79,680.0,680.0,0.695405,0.695405,707.0,23.0,23.0,4048.0,4048.0,829.454,9.86524,754.974,74.48,9.86524,368.0,0.74122,71.0,0.00156759,1.79646e-05,0.00113834,0.00272389,2793.19,2429390000.0,2429390000.0,0.107626,-0.350376,-0.0181928,1076.77,1278.42,748.79,748.79,680.0,680.0,0.695405,0.695405,707.0,23.0,23.0,4048.0,4048.0,0.00156759,1.79646e-05,0.00113834,0.00272389,0.793363,0.715145,40.0,2429390000.0,2429390000.0,0.107626,-0.350376,-0.0181928,1076.77,1278.42,748.79,748.79,680.0,680.0,5.3235,1.2905,877.668,0.695405,0.695405,707.0,23.0,23.0,4048.0,4048.0,1003260.0,18.0,3.0,0.00156791,1.79646e-05,0.00114855,0.00273442,3294.82,0.809625,0.703786,42.0,2430520000.0,2430520000.0,0.107513,-0.372738,-0.0200754,69.5405,0.4,1.0,46.0,50.0,0.2,100.0
traj_sweep_622,placement,1076.77,1278.42,723.52,723.52,663.0,663.0,0.671937,0.671937,690.0,23.0,23.0,4048.0,4048.0,807.64,8.19602,746.46,61.18,8.19602,370.0,0.702066,71.0,0.00149086,1.70899e-05,0.00107467,0.00258262,2759.49,2415760000.0,2415760000.0,0.106957,-0.0498956,-0.00929792,1076.77,1278.42,723.52,723.52,663.0,663.0,0.671937,0.671937,690.0,23.0,23.0,4048.0,4048.0,0.00149086,1.70899e-05,0.00107467,0.00258262,0.780608,0.742535,8.0,2415760000.0,2415760000.0,0.106957,-0.0498956,-0.00929792,1076.77,1278.42,723.52,723.52,663.0,663.0,4.6135,1.251,829.707,0.671937,0.671937,690.0,23.0,23.0,4048.0,4048.0,1019530.0,18.0,2.0,0.00149106,1.70899e-05,0.00108,0.00258815,3269.26,0.795588,0.740316,20.0,2390680000.0,2390680000.0,0.107581,-0.0803907,-0.0138365,67.1937,0.41,1.0,46.0,50.0,0.2,100.0
traj_sweep_623,placement,1076.77,1278.42,704.368,704.368,646.0,646.0,0.65415,0.65415,673.0,23.0,23.0,4048.0,4048.0,788.488,5.63031,746.46,42.028,5.63031,369.0,0.688757,71.0,0.00142253,1.63928e-05,0.00104209,0.00248101,2732.2,2356320000.0,2356320000.0,0.107327,-0.0367595,-0.00439035,1076.77,1278.42,704.368,704.368,646.0,646.0,0.65415,0.65415,673.0,23.0,23.0,4048.0,4048.0,0.00142253,1.63928e-05,0.00104209,0.00248101,0.80097,0.622583,15.0,2356320000.0,2356320000.0,0.107327,-0.0367595,-0.00439035,1076.77,1278.42,704.368,704.368,646.0,646.0,3.798,1.233,796.536,0.65415,0.65415,673.0,23.0,23.0,4048.0,4048.0,990045.0,18.0,2.0,0.00142272,1.63928e-05,0.00104838,0.00248749,3227.23,0.77601,0.614902,18.0,2332030000.0,2332030000.0,0.10749,-0.0772121,-0.00881084,65.415,0.42,1.0,46.0,50.0,0.2,100.0
traj_sweep_624,placement,1076.77,1278.42,686.014,686.014,622.0,622.0,0.637105,0.637105,649.0,23.0,23.0,4048.0,4048.0,770.134,3.1715,746.46,23.674,3.1715,369.0,0.713591,72.0,0.00133503,1.59272e-05,0.0010032,0.00235416,2713.1,2343910000.0,2343910000.0,0.10698,-0.0033116,-0.00133848,1076.77,1278.42,686.014,686.014,622.0,622.0,0.637105,0.637105,649.0,23.0,23.0,4048.0,4048.0,0.00133503,1.59272e-05,0.0010032,0.00235416,0.779451,0.621461,3.0,2343910000.0,2343910000.0,0.10698,-0.0033116,-0.00133848,1076.77,1278.42,686.014,686.014,622.0,622.0,4.6235,1.255,780.864,0.637105,0.637105,649.0,23.0,23.0,4048.0,4048.0,907037.0,17.0,2.0,0.00133516,1.59272e-05,0.00100799,0.00235907,3166.61,0.790608,0.614883,3.0,2334110000.0,2334110000.0,0.107481,-0.00581893,-0.00361494,63.7105,0.43,1.0,46.0,50.0,0.2,100.0
traj_sweep_625,placement,1076.77,1278.42,675.64,675.64,611.0,611.0,0.62747,0.62747,638.0,23.0,23.0,4048.0,4048.0,759.76,1.78174,746.46,13.3,1.78174,376.0,0.717508,72.0,0.00126675,1.55778e-05,0.000972333,0.00225466,2749.5,2341240000.0,2341240000.0,0.106978,0.0,0.0085279,1076.77,1278.42,675.64,675.64,611.0,611.0,0.62747,0.62747,638.0,23.0,23.0,4048.0,4048.0,0.00126675,1.55778e-05,0.000972333,0.00225466,0.776386,0.612764,0.0,2341240000.0,2341240000.0,0.106978,0.0,0.0085279,1076.77,1278.42,675.64,675.64,611.0,611.0,3.77,1.2145,742.353,0.62747,0.62747,638.0,23.0,23.0,4048.0,4048.0,769883.0,14.0,1.0,0.00126693,1.55778e-05,0.000977819,0.00226033,3134.44,0.780532,0.612454,0.0,2334450000.0,2334450000.0,0.107618,0.0,0.0067773,62.747,0.44,1.0,46.0,50.0,0.2,100.0
traj_sweep_626,placement,1076.77,1278.42,673.512,673.512,609.0,609.0,0.625494,0.625494,636.0,23.0,23.0,4048.0,4048.0,757.632,1.49666,746.46,11.172,1.49666,377.0,0.700785,73.0,0.00122985,1.54905e-05,0.000948943,0.00219429,2803.65,2326600000.0,2326600000.0,0.107342,0.0,0.0166585,1076.77,1278.42,673.512,673.512,609.0,609.0,0.625494,0.625494,636.0,23.0,23.0,4048.0,4048.0,0.00122985,1.54905e-05,0.000948943,0.00219429,0.74802,0.616609,0.0,2326600000.0,2326600000.0,0.107342,0.0,0.0166585,1076.77,1278.42,673.512,673.512,609.0,609.0,4.238,1.266,771.15,0.625494,0.625494,636.0,23.0,23.0,4048.0,4048.0,790890.0,14.0,1.0,0.00122997,1.54905e-05,0.000952181,0.00219764,3199.09,0.755657,0.617557,0.0,2317970000.0,2317970000.0,0.108172,0.0,0.0120457,62.5494,0.45,1.0,46.0,50.0,0.2,100.0
traj_sweep_627,placement,1076.77,1278.42,671.65,671.65,606.0,606.0,0.623765,0.623765,633.0,23.0,23.0,4048.0,4048.0,755.77,1.24722,746.46,9.31,1.24722,374.0,0.708605,72.0,0.00119683,1.54467e-05,0.000924256,0.00213653,2735.06,2316100000.0,2316100000.0,0.107589,0.0,0.0155462,1076.77,1278.42,671.65,671.65,606.0,606.0,0.623765,0.623765,633.0,23.0,23.0,4048.0,4048.0,0.00119683,1.54467e-05,0.000924256,0.00213653,0.760254,0.620997,0.0,2316100000.0,2316100000.0,0.107589,0.0,0.0155462,1076.77,1278.42,671.65,671.65,606.0,606.0,5.0655,1.225,742.52,0.623765,0.623765,633.0,23.0,23.0,4048.0,4048.0,752768.0,14.0,1.0,0.00119713,1.54467e-05,0.000929885,0.00214247,3111.44,0.767821,0.622304,0.0,2313050000.0,2313050000.0,0.108065,0.0,0.0139368,62.3765,0.46,1.0,46.0,50.0,0.2,100.0
traj_sweep_628,placement,1076.77,1278.42,670.054,670.054,604.0,604.0,0.622283,0.622283,631.0,23.0,23.0,4048.0,4048.0,754.174,1.03341,746.46,7.714,1.03341,370.0,0.713027,73.0,0.00116858,1.54042e-05,0.000901304,0.00208529,2719.89,2294620000.0,2294620000.0,0.106999,0.0,0.0241899,1076.77,1278.42,670.054,670.054,604.0,604.0,0.622283,0.622283,631.0,23.0,23.0,4048.0,4048.0,0.00116858,1.54042e-05,0.000901304,0.00208529,0.773888,0.524136,0.0,2294620000.0,2294620000.0,0.106999,0.0,0.0241899,1076.77,1278.42,670.054,670.054,604.0,604.0,6.015,1.232,744.154,0.622283,0.622283,631.0,23.0,23.0,4048.0,4048.0,733257.0,13.0,1.0,0.00116865,1.54042e-05,0.000904861,0.00208891,3086.52,0.777801,0.528174,0.0,2298690000.0,2298690000.0,0.108072,0.0,0.0228211,62.2283,0.47,1.0,46.0,50.0,0.2,100.0
traj_sweep_629,placement,1076.77,1278.42,669.256,669.256,604.0,604.0,0.621542,0.621542,631.0,23.0,23.0,4048.0,4048.0,753.376,0.926506,746.46,6.916,0.926506,371.0,0.708539,72.0,0.00113981,1.53689e-05,0.000885249,0.00204043,2735.65,2289080000.0,2289080000.0,0.107629,0.0,0.0285108,1076.77,1278.42,669.256,669.256,604.0,604.0,0.621542,0.621542,631.0,23.0,23.0,4048.0,4048.0,0.00113981,1.53689e-05,0.000885249,0.00204043,0.795779,0.541864,0.0,2289080000.0,2289080000.0,0.107629,0.0,0.0285108,1076.77,1278.42,669.256,669.256,604.0,604.0,5.5785,1.2275,741.438,0.621542,0.621542,631.0,23.0,23.0,4048.0,4048.0,809004.0,15.0,2.0,0.00113969,1.53689e-05,0.000886621,0.00204168,3140.15,0.776793,0.543052,0.0,2288950000.0,2288950000.0,0.108235,0.0,0.026102,62.1542,0.48,1.0,46.0,50.0,0.2,100.0
traj_sweep_630,placement,1076.77,1278.42,666.596,666.596,602.0,602.0,0.619071,0.619071,629.0,23.0,23.0,4048.0,4048.0,750.716,0.570158,746.46,4.256,0.570158,380.0,0.706286,71.0,0.00111354,1.52579e-05,0.000869491,0.00199828,2689.16,2282520000.0,2282520000.0,0.10686,0.0,0.0403055,1076.77,1278.42,666.596,666.596,602.0,602.0,0.619071,0.619071,629.0,23.0,23.0,4048.0,4048.0,0.00111354,1.52579e-05,0.000869491,0.00199828,0.781495,0.628291,0.0,2282520000.0,2282520000.0,0.10686,0.0,0.0403055,1076.77,1278.42,666.596,666.596,602.0,602.0,3.8935,1.2585,757.774,0.619071,0.619071,629.0,23.0,23.0,4048.0,4048.0,844554.0,16.0,1.0,0.00111358,1.52579e-05,0.000870038,0.00199888,3111.44,0.776162,0.619543,0.0,2269050000.0,2269050000.0,0.107455,0.0,0.0389124,61.9071,0.49,1.0,46.0,50.0,0.2,100.0
traj_sweep_631,placement,1076.77,1278.42,666.596,666.596,602.0,602.0,0.619071,0.619071,629.0,23.0,23.0,4048.0,4048.0,750.716,0.570158,746.46,4.256,0.570158,375.0,0.704894,71.0,0.00109121,1.52579e-05,0.000850024,0.0019565,2669.4,2269210000.0,2269210000.0,0.107076,0.0,0.045763,1076.77,1278.42,666.596,666.596,602.0,602.0,0.619071,0.619071,629.0,23.0,23.0,4048.0,4048.0,0.00109121,1.52579e-05,0.000850024,0.0019565,0.776907,0.628491,0.0,2269210000.0,2269210000.0,0.107076,0.0,0.045763,1076.77,1278.42,666.596,666.596,602.0,602.0,4.4125,1.221,735.048,0.619071,0.619071,629.0,23.0,23.0,4048.0,4048.0,830371.0,16.0,2.0,0.00109135,1.52579e-05,0.000852915,0.00195952,3084.59,0.757792,0.628112,0.0,2255650000.0,2255650000.0,0.107941,0.0,0.0452241,61.9071,0.5,1.0,46.0,50.0,0.2,100.0
traj_sweep_632,placement,1076.77,1278.42,666.33,666.33,602.0,602.0,0.618824,0.618824,629.0,23.0,23.0,4048.0,4048.0,750.45,0.534523,746.46,3.99,0.534523,375.0,0.695823,72.0,0.00106907,1.5237e-05,0.000828031,0.00191234,2678.92,2210120000.0,2210120000.0,0.107082,0.0,0.057535,1076.77,1278.42,666.33,666.33,602.0,602.0,0.618824,0.618824,629.0,23.0,23.0,4048.0,4048.0,0.00106907,1.5237e-05,0.000828031,0.00191234,0.759092,0.606783,0.0,2210120000.0,2210120000.0,0.107082,0.0,0.057535,1076.77,1278.42,666.33,666.33,602.0,602.0,4.0,1.2625,760.158,0.618824,0.618824,629.0,23.0,23.0,4048.0,4048.0,771474.0,14.0,2.0,0.00106918,1.5237e-05,0.000833001,0.00191741,3064.66,0.782699,0.61243,0.0,2213170000.0,2213170000.0,0.107464,0.0,0.0557622,61.8824,0.51,1.0,46.0,50.0,0.2,100.0
traj_sweep_633,placement,1076.77,1278.42,666.596,666.596,602.0,602.0,0.619071,0.619071,629.0,23.0,23.0,4048.0,4048.0,750.716,0.570158,746.46,4.256,0.570158,375.0,0.693292,70.0,0.00105001,1.52594e-05,0.000819116,0.00188438,2716.0,2286780000.0,2286780000.0,0.107137,0.0,0.0645186,1076.77,1278.42,666.596,666.596,602.0,602.0,0.619071,0.619071,629.0,23.0,23.0,4048.0,4048.0,0.00105001,1.52594e-05,0.000819116,0.00188438,0.783777,0.627299,0.0,2286780000.0,2286780000.0,0.107137,0.0,0.0645186,1076.77,1278.42,666.596,666.596,602.0,602.0,4.0475,1.2435,748.743,0.619071,0.619071,629.0,23.0,23.0,4048.0,4048.0,770249.0,14.0,2.0,0.00105008,1.52594e-05,0.000820859,0.0018862,3101.12,0.793141,0.621339,0.0,2271980000.0,2271980000.0,0.10796,0.0,0.0631478,61.9071,0.52,1.0,46.0,50.0,0.2,100.0
traj_sweep_634,placement,1076.77,1278.42,666.596,666.596,602.0,602.0,0.619071,0.619071,629.0,23.0,23.0,4048.0,4048.0,750.716,0.570158,746.46,4.256,0.570158,374.0,0.706648,70.0,0.00102993,1.52594e-05,0.000801395,0.00184659,2695.81,2278370000.0,2278370000.0,0.106966,0.0,0.0676938,1076.77,1278.42,666.596,666.596,602.0,602.0,0.619071,0.619071,629.0,23.0,23.0,4048.0,4048.0,0.00102993,1.52594e-05,0.000801395,0.00184659,0.788523,0.625122,0.0,2278370000.0,2278370000.0,0.106966,0.0,0.0676938,1076.77,1278.42,666.596,666.596,602.0,602.0,3.9275,1.2615,759.659,0.619071,0.619071,629.0,23.0,23.0,4048.0,4048.0,804258.0,15.0,1.0,0.00102991,1.52594e-05,0.000803123,0.00184829,3097.93,0.805667,0.625643,0.0,2261850000.0,2261850000.0,0.107814,0.0,0.0692823,61.9071,0.53,1.0,46.0,50.0,0.2,100.0
traj_sweep_635,placement,1076.77,1278.42,666.596,666.596,602.0,602.0,0.619071,0.619071,629.0,23.0,23.0,4048.0,4048.0,750.716,0.570158,746.46,4.256,0.570158,374.0,0.686049,70.0,0.00101058,1.52594e-05,0.000780247,0.00180609,2687.03,2204030000.0,2204030000.0,0.107222,0.0,0.0811843,1076.77,1278.42,666.596,666.596,602.0,602.0,0.619071,0.619071,629.0,23.0,23.0,4048.0,4048.0,0.00101058,1.52594e-05,0.000780247,0.00180609,0.761247,0.610633,0.0,2204030000.0,2204030000.0,0.107222,0.0,0.0811843,1076.77,1278.42,666.596,666.596,602.0,602.0,3.818,1.258,757.372,0.619071,0.619071,629.0,23.0,23.0,4048.0,4048.0,744449.0,14.0,2.0,0.00101081,1.52594e-05,0.000785073,0.00181114,3059.26,0.777538,0.6163,0.0,2193620000.0,2193620000.0,0.107649,0.0,0.0792383,61.9071,0.54,1.0,46.0,50.0,0.2,100.0
traj_sweep_636,placement,1076.77,1278.42,666.33,666.33,602.0,602.0,0.618824,0.618824,629.0,23.0,23.0,4048.0,4048.0,750.45,0.534523,746.46,3.99,0.534523,373.0,0.704334,70.0,0.000991288,1.5237e-05,0.000765135,0.00177166,2716.11,2206710000.0,2206710000.0,0.106961,0.0,0.0891779,1076.77,1278.42,666.33,666.33,602.0,602.0,0.618824,0.618824,629.0,23.0,23.0,4048.0,4048.0,0.000991288,1.5237e-05,0.000765135,0.00177166,0.779854,0.617329,0.0,2206710000.0,2206710000.0,0.106961,0.0,0.0891779,1076.77,1278.42,666.33,666.33,602.0,602.0,4.4145,1.2475,751.177,0.618824,0.618824,629.0,23.0,23.0,4048.0,4048.0,791460.0,15.0,2.0,0.000991397,1.5237e-05,0.000769106,0.00177574,3111.84,0.777039,0.615888,0.0,2196330000.0,2196330000.0,0.107847,0.0,0.0882807,61.8824,0.55,1.0,46.0,50.0,0.2,100.0
traj_sweep_637,placement,1076.77,1278.42,665.532,665.532,601.0,601.0,0.618083,0.618083,628.0,23.0,23.0,4048.0,4048.0,749.652,0.427618,746.46,3.192,0.427618,373.0,0.694979,70.0,0.000974351,1.52173e-05,0.000751511,0.00174108,2711.49,2199160000.0,2199160000.0,0.106952,0.0,0.0970277,1076.77,1278.42,665.532,665.532,601.0,601.0,0.618083,0.618083,628.0,23.0,23.0,4048.0,4048.0,0.000974351,1.52173e-05,0.000751511,0.00174108,0.781041,0.555861,0.0,2199160000.0,2199160000.0,0.106952,0.0,0.0970277,1076.77,1278.42,665.532,665.532,601.0,601.0,4.7965,1.2775,767.861,0.618083,0.618083,628.0,23.0,23.0,4048.0,4048.0,817969.0,15.0,1.0,0.000974578,1.52173e-05,0.000756646,0.00174644,3120.48,0.783211,0.555066,0.0,2216690000.0,2216690000.0,0.107741,0.0,0.0942693,61.8083,0.56,1.0,46.0,50.0,0.2,100.0
traj_sweep_638,placement,1076.77,1278.42,665.532,665.532,601.0,601.0,0.618083,0.618083,628.0,23.0,23.0,4048.0,4048.0,749.652,0.427618,746.46,3.192,0.427618,373.0,0.694979,70.0,0.000957257,1.52173e-05,0.000738326,0.0017108,2711.49,2199160000.0,2199160000.0,0.106952,0.0,0.105028,1076.77,1278.42,665.532,665.532,601.0,601.0,0.618083,0.618083,628.0,23.0,23.0,4048.0,4048.0,0.000957257,1.52173e-05,0.000738326,0.0017108,0.781041,0.555861,0.0,2199160000.0,2199160000.0,0.106952,0.0,0.105028,1076.77,1278.42,665.532,665.532,601.0,601.0,4.7965,1.2775,767.861,0.618083,0.618083,628.0,23.0,23.0,4048.0,4048.0,817969.0,15.0,1.0,0.000957479,1.52173e-05,0.000743371,0.00171607,3120.48,0.783211,0.555066,0.0,2216690000.0,2216690000.0,0.107741,0.0,0.102269,61.8083,0.57,1.0,46.0,50.0,0.2,100.0
traj_sweep_639,placement,1076.77,1278.42,665.0,665.0,600.0,600.0,0.617589,0.617589,627.0,23.0,23.0,4048.0,4048.0,749.12,0.356349,746.46,2.66,0.356349,375.0,0.678675,71.0,0.00094159,1.52175e-05,0.000725099,0.00168191,2692.67,2201120000.0,2201120000.0,0.10706,0.0,0.112814,1076.77,1278.42,665.0,665.0,600.0,600.0,0.617589,0.617589,627.0,23.0,23.0,4048.0,4048.0,0.00094159,1.52175e-05,0.000725099,0.00168191,0.805662,0.476995,0.0,2201120000.0,2201120000.0,0.10706,0.0,0.112814,1076.77,1278.42,665.0,665.0,600.0,600.0,4.482,1.307,784.475,0.617589,0.617589,627.0,23.0,23.0,4048.0,4048.0,773021.0,14.0,3.0,0.000941816,1.52175e-05,0.000728482,0.00168552,3079.18,0.772985,0.479981,0.0,2211540000.0,2211540000.0,0.107598,0.0,0.111375,61.7589,0.58,1.0,46.0,50.0,0.2,100.0
traj_sweep_640,placement,1076.77,1278.42,665.0,665.0,600.0,600.0,0.617589,0.617589,627.0,23.0,23.0,4048.0,4048.0,749.12,0.356349,746.46,2.66,0.356349,374.0,0.697135,70.0,0.000925183,1.52175e-05,0.0007139,0.0016543,2708.35,2195300000.0,2195300000.0,0.106945,0.0,0.120927,1076.77,1278.42,665.0,665.0,600.0,600.0,0.617589,0.617589,627.0,23.0,23.0,4048.0,4048.0,0.000925183,1.52175e-05,0.0007139,0.0016543,0.780832,0.552578,0.0,2195300000.0,2195300000.0,0.106945,0.0,0.120927,1076.77,1278.42,665.0,665.0,600.0,600.0,4.3985,1.2475,748.779,0.617589,0.617589,627.0,23.0,23.0,4048.0,4048.0,798510.0,15.0,1.0,0.000925239,1.52175e-05,0.000718481,0.00165894,3107.61,0.793739,0.558289,0.0,2203710000.0,2203710000.0,0.107414,0.0,0.117854,61.7589,0.59,1.0,46.0,50.0,0.2,100.0
traj_sweep_641,placement,1076.77,1278.42,665.798,665.798,600.0,600.0,0.61833,0.61833,627.0,23.0,23.0,4048.0,4048.0,749.918,0.463253,746.46,3.458,0.463253,376.0,0.693021,70.0,0.000910361,1.5262e-05,0.000701221,0.00162684,2699.62,2207480000.0,2207480000.0,0.107079,0.0,0.128742,1076.77,1278.42,665.798,665.798,600.0,600.0,0.61833,0.61833,627.0,23.0,23.0,4048.0,4048.0,0.000910361,1.5262e-05,0.000701221,0.00162684,0.760498,0.553864,0.0,2207480000.0,2207480000.0,0.107079,0.0,0.128742,1076.77,1278.42,665.798,665.798,600.0,600.0,4.1775,1.2565,754.09,0.61833,0.61833,627.0,23.0,23.0,4048.0,4048.0,765080.0,14.0,1.0,0.000910546,1.5262e-05,0.000706644,0.00163245,3082.16,0.737633,0.555381,0.0,2213080000.0,2213080000.0,0.107399,0.0,0.125865,61.833,0.6,1.0,46.0,50.0,0.2,100.0
traj_sweep_642,placement,1076.77,1278.42,665.798,665.798,600.0,600.0,0.61833,0.61833,627.0,23.0,23.0,4048.0,4048.0,749.918,0.463253,746.46,3.458,0.463253,376.0,0.69283,70.0,0.000895437,1.5262e-05,0.000689629,0.00160033,2698.47,2207910000.0,2207910000.0,0.107082,0.0,0.136673,1076.77,1278.42,665.798,665.798,600.0,600.0,0.61833,0.61833,627.0,23.0,23.0,4048.0,4048.0,0.000895437,1.5262e-05,0.000689629,0.00160033,0.760264,0.554094,0.0,2207910000.0,2207910000.0,0.107082,0.0,0.136673,1076.77,1278.42,665.798,665.798,600.0,600.0,4.305,1.257,754.273,0.61833,0.61833,627.0,23.0,23.0,4048.0,4048.0,786179.0,15.0,1.0,0.000895804,1.5262e-05,0.000694222,0.00160529,3091.56,0.746471,0.553293,0.0,2213960000.0,2213960000.0,0.107961,0.0,0.135101,61.833,0.61,1.0,46.0,50.0,0.2,100.0
traj_sweep_643,placement,1076.77,1278.42,665.0,665.0,600.0,600.0,0.617589,0.617589,627.0,23.0,23.0,4048.0,4048.0,749.12,0.356349,746.46,2.66,0.356349,374.0,0.691376,67.0,0.000880659,1.52175e-05,0.000678072,0.00157395,2705.83,2211680000.0,2211680000.0,0.107034,0.0,0.145535,1076.77,1278.42,665.0,665.0,600.0,600.0,0.617589,0.617589,627.0,23.0,23.0,4048.0,4048.0,0.000880659,1.52175e-05,0.000678072,0.00157395,0.762737,0.553101,0.0,2211680000.0,2211680000.0,0.107034,0.0,0.145535,1076.77,1278.42,665.0,665.0,600.0,600.0,3.681,1.2475,748.683,0.617589,0.617589,627.0,23.0,23.0,4048.0,4048.0,781929.0,14.0,1.0,0.000880932,1.52175e-05,0.000683473,0.00157962,3096.8,0.767821,0.550712,0.0,2219030000.0,2219030000.0,0.107981,0.0,0.140749,61.7589,0.62,1.0,46.0,50.0,0.2,100.0
traj_sweep_644,placement,1076.77,1278.42,843.486,843.486,721.0,721.0,0.78335,0.78335,748.0,23.0,23.0,4048.0,4048.0,903.916,14.256,791.132,112.784,14.256,371.0,0.730149,64.0,0.00518238,2.14569e-05,0.00375436,0.0089582,2922.38,2504100000.0,2504100000.0,0.0707255,-12.261,-0.259345,1076.77,1278.42,843.486,843.486,721.0,721.0,0.78335,0.78335,748.0,23.0,23.0,4048.0,4048.0,0.00518238,2.14569e-05,0.00375436,0.0089582,0.753434,0.747225,53.0,2504100000.0,2504100000.0,0.0707255,-12.261,-0.259345,1076.77,1278.42,843.486,843.486,721.0,721.0,5.1425,1.315,948.243,0.78335,0.78335,748.0,23.0,23.0,4048.0,4048.0,1287510.0,22.0,5.0,0.00518293,2.14569e-05,0.00378663,0.00899102,3566.14,0.767749,0.754155,53.0,2473390000.0,2473390000.0,0.0710168,-12.3958,-0.264303,78.335,0.14,1.0,47.0,50.0,0.2,100.0
traj_sweep_645,placement,1076.77,1278.42,841.624,841.624,719.0,719.0,0.781621,0.781621,746.0,23.0,23.0,4048.0,4048.0,902.054,14.0207,791.132,110.922,14.0207,370.0,0.704469,65.0,0.00480793,2.14161e-05,0.00349398,0.00832333,2907.58,2505990000.0,2505990000.0,0.072749,-11.7383,-0.249043,1076.77,1278.42,841.624,841.624,719.0,719.0,0.781621,0.781621,746.0,23.0,23.0,4048.0,4048.0,0.00480793,2.14161e-05,0.00349398,0.00832333,0.758687,0.749767,53.0,2505990000.0,2505990000.0,0.072749,-11.7383,-0.249043,1076.77,1278.42,841.624,841.624,719.0,719.0,4.8725,1.3255,953.133,0.781621,0.781621,746.0,23.0,23.0,4048.0,4048.0,1285030.0,22.0,5.0,0.00480928,2.14161e-05,0.00352779,0.00835848,3550.1,0.756463,0.748691,53.0,2481860000.0,2481860000.0,0.0728213,-11.8779,-0.252924,78.1621,0.15,1.0,47.0,50.0,0.2,100.0
traj_sweep_646,placement,1076.77,1278.42,841.624,841.624,719.0,719.0,0.781621,0.781621,746.0,23.0,23.0,4048.0,4048.0,902.054,14.0207,791.132,110.922,14.0207,372.0,0.695239,65.0,0.0045079,2.1417e-05,0.00327454,0.00780386,2914.82,2503090000.0,2503090000.0,0.0748557,-11.2447,-0.239506,1076.77,1278.42,841.624,841.624,719.0,719.0,0.781621,0.781621,746.0,23.0,23.0,4048.0,4048.0,0.0045079,2.1417e-05,0.00327454,0.00780386,0.765023,0.752836,53.0,2503090000.0,2503090000.0,0.0748557,-11.2447,-0.239506,1076.77,1278.42,841.624,841.624,719.0,719.0,6.216,1.2615,907.064,0.781621,0.781621,746.0,23.0,23.0,4048.0,4048.0,1199360.0,21.0,4.0,0.00450863,2.1417e-05,0.00330406,0.00783411,3514.5,0.774834,0.757582,53.0,2481090000.0,2481090000.0,0.0744838,-11.3747,-0.243049,78.1621,0.16,1.0,47.0,50.0,0.2,100.0
traj_sweep_647,placement,1076.77,1278.42,837.9,837.9,715.0,715.0,0.778162,0.778162,742.0,23.0,23.0,4048.0,4048.0,898.33,13.5499,791.132,107.198,13.5499,379.0,0.716833,65.0,0.0041912,2.1286e-05,0.00307186,0.00728435,2923.74,2501640000.0,2501640000.0,0.0768685,-10.7012,-0.229738,1076.77,1278.42,837.9,837.9,715.0,715.0,0.778162,0.778162,742.0,23.0,23.0,4048.0,4048.0,0.0041912,2.1286e-05,0.00307186,0.00728435,0.775278,0.757796,53.0,2501640000.0,2501640000.0,0.0768685,-10.7012,-0.229738,1076.77,1278.42,837.9,837.9,715.0,715.0,4.813,1.27,908.406,0.778162,0.778162,742.0,23.0,23.0,4048.0,4048.0,1200060.0,21.0,6.0,0.00419188,2.1286e-05,0.00309598,0.00730914,3523.76,0.775914,0.758103,53.0,2489660000.0,2489660000.0,0.0777462,-10.8162,-0.231661,77.8162,0.17,1.0,47.0,50.0,0.2,100.0
traj_sweep_648,placement,1076.77,1278.42,835.506,835.506,712.0,712.0,0.775939,0.775939,739.0,23.0,23.0,4048.0,4048.0,895.936,13.2473,791.132,104.804,13.2473,378.0,0.713634,65.0,0.00391684,2.12227e-05,0.00288572,0.00682379,2915.62,2502940000.0,2502940000.0,0.0787703,-10.1664,-0.21953,1076.77,1278.42,835.506,835.506,712.0,712.0,0.775939,0.775939,739.0,23.0,23.0,4048.0,4048.0,0.00391684,2.12227e-05,0.00288572,0.00682379,0.755825,0.748382,53.0,2502940000.0,2502940000.0,0.0787703,-10.1664,-0.21953,1076.77,1278.42,835.506,835.506,712.0,712.0,4.6885,1.348,960.011,0.775939,0.775939,739.0,23.0,23.0,4048.0,4048.0,1276570.0,22.0,3.0,0.00391767,2.12227e-05,0.00290764,0.00684654,3553.91,0.786154,0.763055,53.0,2485070000.0,2485070000.0,0.0791,-10.2739,-0.222404,77.5939,0.18,1.0,47.0,50.0,0.2,100.0
traj_sweep_649,placement,1076.77,1278.42,835.506,835.506,712.0,712.0,0.775939,0.775939,739.0,23.0,23.0,4048.0,4048.0,895.936,13.2473,791.132,104.804,13.2473,378.0,0.713638,65.0,0.00371068,2.12227e-05,0.00273348,0.00646538,2915.98,2502680000.0,2502680000.0,0.080778,-9.67277,-0.209572,1076.77,1278.42,835.506,835.506,712.0,712.0,0.775939,0.775939,739.0,23.0,23.0,4048.0,4048.0,0.00371068,2.12227e-05,0.00273348,0.00646538,0.756972,0.748937,53.0,2502680000.0,2502680000.0,0.080778,-9.67277,-0.209572,1076.77,1278.42,835.506,835.506,712.0,712.0,5.056,1.2895,918.157,0.775939,0.775939,739.0,23.0,23.0,4048.0,4048.0,1220110.0,21.0,3.0,0.00371167,2.12227e-05,0.00275324,0.00648613,3526.04,0.775842,0.758069,53.0,2484250000.0,2484250000.0,0.08072,-9.79155,-0.212536,77.5939,0.19,1.0,47.0,50.0,0.2,100.0
traj_sweep_650,placement,1076.77,1278.42,834.974,834.974,711.0,711.0,0.775445,0.775445,738.0,23.0,23.0,4048.0,4048.0,895.404,13.1801,791.132,104.272,13.1801,379.0,0.7193,65.0,0.0035138,2.12246e-05,0.00259565,0.00613068,2924.94,2502430000.0,2502430000.0,0.0828218,-9.14868,-0.199611,1076.77,1278.42,834.974,834.974,711.0,711.0,0.775445,0.775445,738.0,23.0,23.0,4048.0,4048.0,0.0035138,2.12246e-05,0.00259565,0.00613068,0.771763,0.756097,53.0,2502430000.0,2502430000.0,0.0828218,-9.14868,-0.199611,1076.77,1278.42,834.974,834.974,711.0,711.0,5.335,1.269,902.301,0.775445,0.775445,738.0,23.0,23.0,4048.0,4048.0,1130190.0,19.0,4.0,0.00351491,2.12246e-05,0.00261502,0.00615115,3490.04,0.774027,0.757191,53.0,2484000000.0,2484000000.0,0.0828148,-9.25491,-0.202577,77.5445,0.2,1.0,47.0,50.0,0.2,100.0
traj_sweep_651,placement,1076.77,1278.42,832.58,832.58,708.0,708.0,0.773221,0.773221,735.0,23.0,23.0,4048.0,4048.0,893.01,12.8775,791.132,101.878,12.8775,376.0,0.701202,66.0,0.00332338,2.1157e-05,0.00246717,0.00581171,2913.92,2503540000.0,2503540000.0,0.0847914,-8.58268,-0.189435,1076.77,1278.42,832.58,832.58,708.0,708.0,0.773221,0.773221,735.0,23.0,23.0,4048.0,4048.0,0.00332338,2.1157e-05,0.00246717,0.00581171,0.76862,0.754577,53.0,2503540000.0,2503540000.0,0.0847914,-8.58268,-0.189435,1076.77,1278.42,832.58,832.58,708.0,708.0,4.276,1.2575,890.662,0.773221,0.773221,735.0,23.0,23.0,4048.0,4048.0,1146450.0,20.0,2.0,0.00332386,2.1157e-05,0.00248359,0.00582861,3487.14,0.76648,0.753541,53.0,2484330000.0,2484330000.0,0.0848952,-8.72379,-0.192523,77.3221,0.21,1.0,47.0,50.0,0.2,100.0
traj_sweep_652,placement,1076.77,1278.42,830.718,830.718,705.0,705.0,0.771492,0.771492,732.0,23.0,23.0,4048.0,4048.0,891.148,12.6421,791.132,100.016,12.6421,379.0,0.734526,66.0,0.00315413,2.11153e-05,0.00234778,0.00552303,2914.11,2501870000.0,2501870000.0,0.0868799,-8.07462,-0.179702,1076.77,1278.42,830.718,830.718,705.0,705.0,0.771492,0.771492,732.0,23.0,23.0,4048.0,4048.0,0.00315413,2.11153e-05,0.00234778,0.00552303,0.766883,0.753736,53.0,2501870000.0,2501870000.0,0.0868799,-8.07462,-0.179702,1076.77,1278.42,830.718,830.718,705.0,705.0,5.405,1.282,903.962,0.771492,0.771492,732.0,23.0,23.0,4048.0,4048.0,1173420.0,20.0,4.0,0.00315482,2.11153e-05,0.00236833,0.00554427,3500.82,0.774799,0.757565,53.0,2485180000.0,2485180000.0,0.0870924,-8.1763,-0.182385,77.1492,0.22,1.0,47.0,50.0,0.2,100.0
traj_sweep_653,placement,1076.77,1278.42,832.314,832.314,706.0,706.0,0.772974,0.772974,733.0,23.0,23.0,4048.0,4048.0,892.744,12.8439,791.132,101.612,12.8439,379.0,0.716815,67.0,0.00302706,2.11997e-05,0.0022496,0.00529786,2911.39,2495760000.0,2495760000.0,0.0886463,-7.53016,-0.170679,1076.77,1278.42,832.314,832.314,706.0,706.0,0.772974,0.772974,733.0,23.0,23.0,4048.0,4048.0,0.00302706,2.11997e-05,0.0022496,0.00529786,0.769668,0.755083,53.0,2495760000.0,2495760000.0,0.0886463,-7.53016,-0.170679,1076.77,1278.42,832.314,832.314,706.0,706.0,5.62,1.3015,919.091,0.772974,0.772974,733.0,23.0,23.0,4048.0,4048.0,1246710.0,21.0,4.0,0.00302764,2.11997e-05,0.00226803,0.00531687,3534.75,0.75516,0.74806,53.0,2471930000.0,2471930000.0,0.0886847,-7.66252,-0.174542,77.2974,0.23,1.0,47.0,50.0,0.2,100.0
traj_sweep_654,placement,1076.77,1278.42,835.772,835.772,712.0,712.0,0.776186,0.776186,739.0,23.0,23.0,4048.0,4048.0,896.169,13.4341,790.035,106.134,13.4341,372.0,0.707283,66.0,0.00290975,2.12588e-05,0.00216149,0.0050925,2918.16,2495710000.0,2495710000.0,0.0906492,-7.13124,-0.160688,1076.77,1278.42,835.772,835.772,712.0,712.0,0.776186,0.776186,739.0,23.0,23.0,4048.0,4048.0,0.00290975,2.12588e-05,0.00216149,0.0050925,0.779387,0.759784,52.0,2495710000.0,2495710000.0,0.0906492,-7.13124,-0.160688,1076.77,1278.42,835.772,835.772,712.0,712.0,6.3065,1.3505,961.746,0.776186,0.776186,739.0,23.0,23.0,4048.0,4048.0,1427450.0,24.0,5.0,0.00291008,2.12588e-05,0.00217777,0.00510911,3631.89,0.771557,0.755997,52.0,2473540000.0,2473540000.0,0.0907267,-7.27585,-0.164279,77.6186,0.24,1.0,47.0,50.0,0.2,100.0
traj_sweep_655,placement,1076.77,1278.42,827.526,827.526,711.0,711.0,0.768528,0.768528,738.0,23.0,23.0,4048.0,4048.0,888.475,13.2197,784.735,103.74,13.2197,375.0,0.72427,66.0,0.00277926,2.08669e-05,0.0020474,0.00484752,2925.08,2506480000.0,2506480000.0,0.0923091,-6.6275,-0.148966,1076.77,1278.42,827.526,827.526,711.0,711.0,0.768528,0.768528,738.0,23.0,23.0,4048.0,4048.0,0.00277926,2.08669e-05,0.0020474,0.00484752,0.740788,0.741106,51.0,2506480000.0,2506480000.0,0.0923091,-6.6275,-0.148966,1076.77,1278.42,827.526,827.526,711.0,711.0,5.5015,1.349,959.171,0.768528,0.768528,738.0,23.0,23.0,4048.0,4048.0,1165690.0,20.0,3.0,0.0027797,2.08669e-05,0.00206606,0.00486662,3507.92,0.743718,0.742523,51.0,2494110000.0,2494110000.0,0.0928891,-6.72652,-0.150944,76.8528,0.25,1.0,47.0,50.0,0.2,100.0
traj_sweep_656,placement,1076.77,1278.42,826.196,826.196,709.0,709.0,0.767292,0.767292,736.0,23.0,23.0,4048.0,4048.0,887.025,13.1674,783.817,103.208,13.1674,373.0,0.706494,64.0,0.0026498,2.08163e-05,0.00196859,0.00463921,2906.12,2489760000.0,2489760000.0,0.0946315,-6.10281,-0.141645,1076.77,1278.42,826.196,826.196,709.0,709.0,0.767292,0.767292,736.0,23.0,23.0,4048.0,4048.0,0.0026498,2.08163e-05,0.00196859,0.00463921,0.759616,0.750217,50.0,2489760000.0,2489760000.0,0.0946315,-6.10281,-0.141645,1076.77,1278.42,826.196,826.196,709.0,709.0,5.781,1.368,970.221,0.767292,0.767292,736.0,23.0,23.0,4048.0,4048.0,1248360.0,21.0,3.0,0.00264987,2.08163e-05,0.00198455,0.00465523,3530.3,0.761959,0.751353,50.0,2464880000.0,2464880000.0,0.0948005,-6.24526,-0.145699,76.7292,0.26,1.0,47.0,50.0,0.2,100.0
traj_sweep_657,placement,1076.77,1278.42,822.472,822.472,710.0,710.0,0.763834,0.763834,737.0,23.0,23.0,4048.0,4048.0,883.386,12.9976,781.774,101.612,12.9976,374.0,0.712297,68.0,0.0025397,2.05917e-05,0.00188833,0.00444863,2860.33,2491140000.0,2491140000.0,0.0965178,-5.74567,-0.131423,1076.77,1278.42,822.472,822.472,710.0,710.0,0.763834,0.763834,737.0,23.0,23.0,4048.0,4048.0,0.0025397,2.05917e-05,0.00188833,0.00444863,0.753921,0.747461,49.0,2491140000.0,2491140000.0,0.0965178,-5.74567,-0.131423,1076.77,1278.42,822.472,822.472,710.0,710.0,5.501,1.322,938.627,0.763834,0.763834,737.0,23.0,23.0,4048.0,4048.0,1225540.0,21.0,3.0,0.00254023,2.05917e-05,0.0019044,0.00446522,3473.1,0.75764,0.74926,49.0,2466460000.0,2466460000.0,0.0964875,-5.85826,-0.135439,76.3834,0.27,1.0,47.0,50.0,0.2,100.0
traj_sweep_658,placement,1076.77,1278.42,823.536,823.536,711.0,711.0,0.764822,0.764822,738.0,23.0,23.0,4048.0,4048.0,884.45,13.1337,781.774,102.676,13.1337,376.0,0.718272,68.0,0.00244768,2.06349e-05,0.00181855,0.00428686,2871.06,2484540000.0,2484540000.0,0.0983615,-5.26336,-0.122489,1076.77,1278.42,823.536,823.536,711.0,711.0,0.764822,0.764822,738.0,23.0,23.0,4048.0,4048.0,0.00244768,2.06349e-05,0.00181855,0.00428686,0.789292,0.764572,49.0,2484540000.0,2484540000.0,0.0983615,-5.26336,-0.122489,1076.77,1278.42,823.536,823.536,711.0,711.0,4.9025,1.3285,944.769,0.764822,0.764822,738.0,23.0,23.0,4048.0,4048.0,1220630.0,21.0,2.0,0.0024486,2.06349e-05,0.00183445,0.00430369,3481.37,0.789965,0.764898,49.0,2442210000.0,2442210000.0,0.0988796,-5.40333,-0.129464,76.4822,0.28,1.0,47.0,50.0,0.2,100.0
traj_sweep_659,placement,1076.77,1278.42,818.482,818.482,702.0,702.0,0.760128,0.760128,729.0,23.0,23.0,4048.0,4048.0,879.396,12.4872,781.774,97.622,12.4872,373.0,0.697093,65.0,0.00235573,2.06005e-05,0.001753,0.00412933,2890.52,2459180000.0,2459180000.0,0.10058,-4.80477,-0.116639,1076.77,1278.42,818.482,818.482,702.0,702.0,0.760128,0.760128,729.0,23.0,23.0,4048.0,4048.0,0.00235573,2.06005e-05,0.001753,0.00412933,0.765795,0.75321,49.0,2459180000.0,2459180000.0,0.10058,-4.80477,-0.116639,1076.77,1278.42,818.482,818.482,702.0,702.0,5.2705,1.2845,902.028,0.760128,0.760128,729.0,23.0,23.0,4048.0,4048.0,1161240.0,20.0,2.0,0.00235619,2.06005e-05,0.00176616,0.00414296,3471.13,0.774027,0.757192,49.0,2442440000.0,2442440000.0,0.101125,-4.90077,-0.119427,76.0128,0.29,1.0,47.0,50.0,0.2,100.0
traj_sweep_660,placement,1076.77,1278.42,818.216,818.216,703.0,703.0,0.759881,0.759881,730.0,23.0,23.0,4048.0,4048.0,879.13,12.4532,781.774,97.356,12.4532,374.0,0.698121,66.0,0.00229042,2.055e-05,0.00170174,0.00401271,2930.36,2488010000.0,2488010000.0,0.102494,-4.3351,-0.101927,1076.77,1278.42,818.216,818.216,703.0,703.0,0.759881,0.759881,730.0,23.0,23.0,4048.0,4048.0,0.00229042,2.055e-05,0.00170174,0.00401271,0.721931,0.72506,49.0,2488010000.0,2488010000.0,0.102494,-4.3351,-0.101927,1076.77,1278.42,818.216,818.216,703.0,703.0,6.1335,1.3265,932.586,0.759881,0.759881,730.0,23.0,23.0,4048.0,4048.0,1230530.0,21.0,4.0,0.0022908,2.055e-05,0.00171441,0.00402576,3545.62,0.72141,0.71763,49.0,2474260000.0,2474260000.0,0.1024,-4.42989,-0.104161,75.9881,0.3,1.0,47.0,50.0,0.2,100.0
traj_sweep_661,placement,1076.77,1278.42,813.694,813.694,704.0,704.0,0.755682,0.755682,731.0,23.0,23.0,4048.0,4048.0,875.8,12.545,778.178,97.622,12.545,372.0,0.716951,65.0,0.00220748,2.03812e-05,0.00162548,0.00385334,2798.91,2468660000.0,2468660000.0,0.104553,-3.87367,-0.0950781,1076.77,1278.42,813.694,813.694,704.0,704.0,0.755682,0.755682,731.0,23.0,23.0,4048.0,4048.0,0.00220748,2.03812e-05,0.00162548,0.00385334,0.754725,0.74785,48.0,2468660000.0,2468660000.0,0.104553,-3.87367,-0.0950781,1076.77,1278.42,813.694,813.694,704.0,704.0,5.25,1.3395,943.346,0.755682,0.755682,731.0,23.0,23.0,4048.0,4048.0,1348200.0,24.0,6.0,0.00220815,2.03812e-05,0.00164208,0.00387062,3473.01,0.763975,0.752329,48.0,2454300000.0,2454300000.0,0.105107,-4.00652,-0.0974479,75.5682,0.31,1.0,47.0,50.0,0.2,100.0
traj_sweep_662,placement,1076.77,1278.42,804.916,804.916,693.0,693.0,0.74753,0.74753,720.0,23.0,23.0,4048.0,4048.0,867.022,11.4169,778.178,88.844,11.4169,376.0,0.707363,66.0,0.00209775,2.01274e-05,0.00156171,0.00367959,2835.7,2496650000.0,2496650000.0,0.106358,-3.31344,-0.084481,1076.77,1278.42,804.916,804.916,693.0,693.0,0.74753,0.74753,720.0,23.0,23.0,4048.0,4048.0,0.00209775,2.01274e-05,0.00156171,0.00367959,0.760607,0.750696,48.0,2496650000.0,2496650000.0,0.106358,-3.31344,-0.084481,1076.77,1278.42,804.916,804.916,693.0,693.0,4.608,1.3505,936.081,0.74753,0.74753,720.0,23.0,23.0,4048.0,4048.0,1201620.0,21.0,4.0,0.00209825,2.01274e-05,0.00157658,0.00369496,3436.51,0.760274,0.750535,48.0,2476220000.0,2476220000.0,0.106896,-3.41434,-0.0843828,74.753,0.32,1.0,47.0,50.0,0.2,100.0
traj_sweep_663,placement,1076.77,1278.42,796.936,796.936,685.0,685.0,0.740119,0.740119,712.0,23.0,23.0,4048.0,4048.0,859.042,10.3915,778.178,80.864,10.3915,372.0,0.726176,69.0,0.00201355,1.98475e-05,0.00151631,0.00354971,2906.52,2478090000.0,2478090000.0,0.107378,-3.01323,-0.077181,1076.77,1278.42,796.936,796.936,685.0,685.0,0.740119,0.740119,712.0,23.0,23.0,4048.0,4048.0,0.00201355,1.98475e-05,0.00151631,0.00354971,0.785801,0.682511,47.0,2478090000.0,2478090000.0,0.107378,-3.01323,-0.077181,1076.77,1278.42,796.936,796.936,685.0,685.0,5.283,1.3555,928.736,0.740119,0.740119,712.0,23.0,23.0,4048.0,4048.0,1226450.0,21.0,3.0,0.00201395,1.98475e-05,0.00152682,0.00356062,3519.75,0.796764,0.675204,47.0,2465500000.0,2465500000.0,0.107687,-3.15266,-0.0784447,74.0119,0.33,1.0,47.0,50.0,0.2,100.0
traj_sweep_664,placement,1076.77,1278.42,792.148,792.148,689.0,689.0,0.735672,0.735672,716.0,23.0,23.0,4048.0,4048.0,856.742,10.7259,773.75,82.992,10.7259,367.0,0.736636,69.0,0.00194169,1.9581e-05,0.00144283,0.0034041,2796.06,2457760000.0,2457760000.0,0.107493,-2.66809,-0.0668749,1076.77,1278.42,792.148,792.148,689.0,689.0,0.735672,0.735672,716.0,23.0,23.0,4048.0,4048.0,0.00194169,1.9581e-05,0.00144283,0.0034041,0.804101,0.771726,48.0,2457760000.0,2457760000.0,0.107493,-2.66809,-0.0668749,1076.77,1278.42,792.148,792.148,689.0,689.0,5.4655,1.318,908.408,0.735672,0.735672,716.0,23.0,23.0,4048.0,4048.0,1237700.0,22.0,3.0,0.00194221,1.9581e-05,0.00145578,0.00341757,3414.91,0.793701,0.766702,48.0,2454790000.0,2454790000.0,0.107777,-2.75206,-0.0673675,73.5672,0.34,1.0,47.0,50.0,0.2,100.0
traj_sweep_665,placement,1076.77,1278.42,789.488,789.488,688.0,688.0,0.733202,0.733202,715.0,23.0,23.0,4048.0,4048.0,854.082,10.3822,773.75,80.332,10.3822,372.0,0.70467,69.0,0.00187381,1.94326e-05,0.00140006,0.0032933,2763.91,2463360000.0,2463360000.0,0.107026,-2.25733,-0.0559489,1076.77,1278.42,789.488,789.488,688.0,688.0,0.733202,0.733202,715.0,23.0,23.0,4048.0,4048.0,0.00187381,1.94326e-05,0.00140006,0.0032933,0.760222,0.750508,48.0,2463360000.0,2463360000.0,0.107026,-2.25733,-0.0559489,1076.77,1278.42,789.488,789.488,688.0,688.0,5.239,1.286,885.066,0.733202,0.733202,715.0,23.0,23.0,4048.0,4048.0,1058430.0,19.0,2.0,0.00187418,1.94326e-05,0.00141328,0.00330689,3293.12,0.755584,0.748261,48.0,2445000000.0,2445000000.0,0.108004,-2.36688,-0.0589974,73.3202,0.35,1.0,47.0,50.0,0.2,100.0
traj_sweep_666,placement,1076.77,1278.42,789.754,789.754,687.0,687.0,0.733449,0.733449,714.0,23.0,23.0,4048.0,4048.0,854.348,10.4165,773.75,80.598,10.4165,375.0,0.729327,69.0,0.00182482,1.94741e-05,0.00136153,0.00320583,2770.64,2440700000.0,2440700000.0,0.106988,-1.89864,-0.0497184,1076.77,1278.42,789.754,789.754,687.0,687.0,0.733449,0.733449,714.0,23.0,23.0,4048.0,4048.0,0.00182482,1.94741e-05,0.00136153,0.00320583,0.793736,0.766692,47.0,2440700000.0,2440700000.0,0.106988,-1.89864,-0.0497184,1076.77,1278.42,789.754,789.754,687.0,687.0,5.188,1.2475,857.341,0.733449,0.733449,714.0,23.0,23.0,4048.0,4048.0,1055620.0,19.0,2.0,0.00182512,1.94741e-05,0.00137178,0.00321637,3298.45,0.785137,0.762548,47.0,2442970000.0,2442970000.0,0.107139,-1.93785,-0.0493793,73.3449,0.36,1.0,47.0,50.0,0.2,100.0
traj_sweep_667,placement,1076.77,1278.42,786.828,786.828,685.0,685.0,0.730731,0.730731,712.0,23.0,23.0,4048.0,4048.0,851.985,10.1446,773.515,78.47,10.1446,374.0,0.72308,68.0,0.00176175,1.93979e-05,0.00131313,0.00309428,2773.52,2445890000.0,2445890000.0,0.106792,-1.36714,-0.0388489,1076.77,1278.42,786.828,786.828,685.0,685.0,0.730731,0.730731,712.0,23.0,23.0,4048.0,4048.0,0.00176175,1.93979e-05,0.00131313,0.00309428,0.7807,0.675954,47.0,2445890000.0,2445890000.0,0.106792,-1.36714,-0.0388489,1076.77,1278.42,786.828,786.828,685.0,685.0,6.909,1.274,872.736,0.730731,0.730731,712.0,23.0,23.0,4048.0,4048.0,1068910.0,19.0,2.0,0.00176226,1.93979e-05,0.00132721,0.00310887,3307.98,0.775914,0.673383,47.0,2455120000.0,2455120000.0,0.107362,-1.46105,-0.0419711,73.0731,0.37,1.0,47.0,50.0,0.2,100.0
traj_sweep_668,placement,1076.77,1278.42,785.232,785.232,687.0,687.0,0.729249,0.729249,714.0,23.0,23.0,4048.0,4048.0,851.631,10.1492,773.161,78.47,10.1492,369.0,0.70579,68.0,0.00172133,1.92943e-05,0.00127667,0.0030173,2784.27,2429380000.0,2429380000.0,0.107506,-0.923693,-0.0316276,1076.77,1278.42,785.232,785.232,687.0,687.0,0.729249,0.729249,714.0,23.0,23.0,4048.0,4048.0,0.00172133,1.92943e-05,0.00127667,0.0030173,0.784595,0.739281,46.0,2429380000.0,2429380000.0,0.107506,-0.923693,-0.0316276,1076.77,1278.42,785.232,785.232,687.0,687.0,4.3915,1.35,927.53,0.729249,0.729249,714.0,23.0,23.0,4048.0,4048.0,1136970.0,20.0,5.0,0.00172153,1.92943e-05,0.00128681,0.00302763,3352.76,0.783388,0.735654,46.0,2439020000.0,2439020000.0,0.107973,-0.989843,-0.0357411,72.9249,0.38,1.0,47.0,50.0,0.2,100.0
traj_sweep_669,placement,1076.77,1278.42,784.7,784.7,686.0,686.0,0.728755,0.728755,713.0,23.0,23.0,4048.0,4048.0,851.951,10.2209,772.949,79.002,10.2209,374.0,0.703711,70.0,0.00169109,1.93059e-05,0.00124728,0.00295768,2794.17,2441050000.0,2441050000.0,0.107327,-0.544298,-0.0251453,1076.77,1278.42,784.7,784.7,686.0,686.0,0.728755,0.728755,713.0,23.0,23.0,4048.0,4048.0,0.00169109,1.93059e-05,0.00124728,0.00295768,0.806358,0.647098,44.0,2441050000.0,2441050000.0,0.107327,-0.544298,-0.0251453,1076.77,1278.42,784.7,784.7,686.0,686.0,5.9565,1.299,891.142,0.728755,0.728755,713.0,23.0,23.0,4048.0,4048.0,1187820.0,21.0,3.0,0.00169154,1.93059e-05,0.001257,0.00296785,3388.08,0.788006,0.645379,44.0,2414590000.0,2414590000.0,0.107454,-0.579725,-0.0280977,72.8755,0.39,1.0,47.0,50.0,0.2,100.0
traj_sweep_670,placement,1076.77,1278.42,748.79,748.79,680.0,680.0,0.695405,0.695405,707.0,23.0,23.0,4048.0,4048.0,829.454,9.86524,754.974,74.48,9.86524,368.0,0.74122,71.0,0.00156759,1.79646e-05,0.00113834,0.00272389,2793.19,2429390000.0,2429390000.0,0.107626,-0.350376,-0.0181928,1076.77,1278.42,748.79,748.79,680.0,680.0,0.695405,0.695405,707.0,23.0,23.0,4048.0,4048.0,0.00156759,1.79646e-05,0.00113834,0.00272389,0.793363,0.715145,40.0,2429390000.0,2429390000.0,0.107626,-0.350376,-0.0181928,1076.77,1278.42,748.79,748.79,680.0,680.0,5.3235,1.2905,877.668,0.695405,0.695405,707.0,23.0,23.0,4048.0,4048.0,1003260.0,18.0,3.0,0.00156791,1.79646e-05,0.00114855,0.00273442,3294.82,0.809625,0.703786,42.0,2430520000.0,2430520000.0,0.107513,-0.372738,-0.0200754,69.5405,0.4,1.0,47.0,50.0,0.2,100.0
traj_sweep_671,placement,1076.77,1278.42,723.52,723.52,663.0,663.0,0.671937,0.671937,690.0,23.0,23.0,4048.0,4048.0,807.64,8.19602,746.46,61.18,8.19602,370.0,0.702066,71.0,0.00149086,1.70899e-05,0.00107467,0.00258262,2759.49,2415760000.0,2415760000.0,0.106957,-0.0498956,-0.00929792,1076.77,1278.42,723.52,723.52,663.0,663.0,0.671937,0.671937,690.0,23.0,23.0,4048.0,4048.0,0.00149086,1.70899e-05,0.00107467,0.00258262,0.780608,0.742535,8.0,2415760000.0,2415760000.0,0.106957,-0.0498956,-0.00929792,1076.77,1278.42,723.52,723.52,663.0,663.0,4.6135,1.251,829.707,0.671937,0.671937,690.0,23.0,23.0,4048.0,4048.0,1019530.0,18.0,2.0,0.00149106,1.70899e-05,0.00108,0.00258815,3269.26,0.795588,0.740316,20.0,2390680000.0,2390680000.0,0.107581,-0.0803907,-0.0138365,67.1937,0.41,1.0,47.0,50.0,0.2,100.0
traj_sweep_672,placement,1076.77,1278.42,704.368,704.368,646.0,646.0,0.65415,0.65415,673.0,23.0,23.0,4048.0,4048.0,788.488,5.63031,746.46,42.028,5.63031,369.0,0.688757,71.0,0.00142253,1.63928e-05,0.00104209,0.00248101,2732.2,2356320000.0,2356320000.0,0.107327,-0.0367595,-0.00439035,1076.77,1278.42,704.368,704.368,646.0,646.0,0.65415,0.65415,673.0,23.0,23.0,4048.0,4048.0,0.00142253,1.63928e-05,0.00104209,0.00248101,0.80097,0.622583,15.0,2356320000.0,2356320000.0,0.107327,-0.0367595,-0.00439035,1076.77,1278.42,704.368,704.368,646.0,646.0,3.798,1.233,796.536,0.65415,0.65415,673.0,23.0,23.0,4048.0,4048.0,990045.0,18.0,2.0,0.00142272,1.63928e-05,0.00104838,0.00248749,3227.23,0.77601,0.614902,18.0,2332030000.0,2332030000.0,0.10749,-0.0772121,-0.00881084,65.415,0.42,1.0,47.0,50.0,0.2,100.0
traj_sweep_673,placement,1076.77,1278.42,686.014,686.014,622.0,622.0,0.637105,0.637105,649.0,23.0,23.0,4048.0,4048.0,770.134,3.1715,746.46,23.674,3.1715,369.0,0.713591,72.0,0.00133503,1.59272e-05,0.0010032,0.00235416,2713.1,2343910000.0,2343910000.0,0.10698,-0.0033116,-0.00133848,1076.77,1278.42,686.014,686.014,622.0,622.0,0.637105,0.637105,649.0,23.0,23.0,4048.0,4048.0,0.00133503,1.59272e-05,0.0010032,0.00235416,0.779451,0.621461,3.0,2343910000.0,2343910000.0,0.10698,-0.0033116,-0.00133848,1076.77,1278.42,686.014,686.014,622.0,622.0,4.6235,1.255,780.864,0.637105,0.637105,649.0,23.0,23.0,4048.0,4048.0,907037.0,17.0,2.0,0.00133516,1.59272e-05,0.00100799,0.00235907,3166.61,0.790608,0.614883,3.0,2334110000.0,2334110000.0,0.107481,-0.00581893,-0.00361494,63.7105,0.43,1.0,47.0,50.0,0.2,100.0
traj_sweep_674,placement,1076.77,1278.42,675.64,675.64,611.0,611.0,0.62747,0.62747,638.0,23.0,23.0,4048.0,4048.0,759.76,1.78174,746.46,13.3,1.78174,376.0,0.717508,72.0,0.00126675,1.55778e-05,0.000972333,0.00225466,2749.5,2341240000.0,2341240000.0,0.106978,0.0,0.0085279,1076.77,1278.42,675.64,675.64,611.0,611.0,0.62747,0.62747,638.0,23.0,23.0,4048.0,4048.0,0.00126675,1.55778e-05,0.000972333,0.00225466,0.776386,0.612764,0.0,2341240000.0,2341240000.0,0.106978,0.0,0.0085279,1076.77,1278.42,675.64,675.64,611.0,611.0,3.77,1.2145,742.353,0.62747,0.62747,638.0,23.0,23.0,4048.0,4048.0,769883.0,14.0,1.0,0.00126693,1.55778e-05,0.000977819,0.00226033,3134.44,0.780532,0.612454,0.0,2334450000.0,2334450000.0,0.107618,0.0,0.0067773,62.747,0.44,1.0,47.0,50.0,0.2,100.0
traj_sweep_675,placement,1076.77,1278.42,673.512,673.512,609.0,609.0,0.625494,0.625494,636.0,23.0,23.0,4048.0,4048.0,757.632,1.49666,746.46,11.172,1.49666,377.0,0.700785,73.0,0.00122985,1.54905e-05,0.000948943,0.00219429,2803.65,2326600000.0,2326600000.0,0.107342,0.0,0.0166585,1076.77,1278.42,673.512,673.512,609.0,609.0,0.625494,0.625494,636.0,23.0,23.0,4048.0,4048.0,0.00122985,1.54905e-05,0.000948943,0.00219429,0.74802,0.616609,0.0,2326600000.0,2326600000.0,0.107342,0.0,0.0166585,1076.77,1278.42,673.512,673.512,609.0,609.0,4.238,1.266,771.15,0.625494,0.625494,636.0,23.0,23.0,4048.0,4048.0,790890.0,14.0,1.0,0.00122997,1.54905e-05,0.000952181,0.00219764,3199.09,0.755657,0.617557,0.0,2317970000.0,2317970000.0,0.108172,0.0,0.0120457,62.5494,0.45,1.0,47.0,50.0,0.2,100.0
traj_sweep_676,placement,1076.77,1278.42,671.65,671.65,606.0,606.0,0.623765,0.623765,633.0,23.0,23.0,4048.0,4048.0,755.77,1.24722,746.46,9.31,1.24722,374.0,0.708605,72.0,0.00119683,1.54467e-05,0.000924256,0.00213653,2735.06,2316100000.0,2316100000.0,0.107589,0.0,0.0155462,1076.77,1278.42,671.65,671.65,606.0,606.0,0.623765,0.623765,633.0,23.0,23.0,4048.0,4048.0,0.00119683,1.54467e-05,0.000924256,0.00213653,0.760254,0.620997,0.0,2316100000.0,2316100000.0,0.107589,0.0,0.0155462,1076.77,1278.42,671.65,671.65,606.0,606.0,5.0655,1.225,742.52,0.623765,0.623765,633.0,23.0,23.0,4048.0,4048.0,752768.0,14.0,1.0,0.00119713,1.54467e-05,0.000929885,0.00214247,3111.44,0.767821,0.622304,0.0,2313050000.0,2313050000.0,0.108065,0.0,0.0139368,62.3765,0.46,1.0,47.0,50.0,0.2,100.0
traj_sweep_677,placement,1076.77,1278.42,670.054,670.054,604.0,604.0,0.622283,0.622283,631.0,23.0,23.0,4048.0,4048.0,754.174,1.03341,746.46,7.714,1.03341,370.0,0.713027,73.0,0.00116858,1.54042e-05,0.000901304,0.00208529,2719.89,2294620000.0,2294620000.0,0.106999,0.0,0.0241899,1076.77,1278.42,670.054,670.054,604.0,604.0,0.622283,0.622283,631.0,23.0,23.0,4048.0,4048.0,0.00116858,1.54042e-05,0.000901304,0.00208529,0.773888,0.524136,0.0,2294620000.0,2294620000.0,0.106999,0.0,0.0241899,1076.77,1278.42,670.054,670.054,604.0,604.0,6.015,1.232,744.154,0.622283,0.622283,631.0,23.0,23.0,4048.0,4048.0,733257.0,13.0,1.0,0.00116865,1.54042e-05,0.000904861,0.00208891,3086.52,0.777801,0.528174,0.0,2298690000.0,2298690000.0,0.108072,0.0,0.0228211,62.2283,0.47,1.0,47.0,50.0,0.2,100.0
traj_sweep_678,placement,1076.77,1278.42,669.256,669.256,604.0,604.0,0.621542,0.621542,631.0,23.0,23.0,4048.0,4048.0,753.376,0.926506,746.46,6.916,0.926506,371.0,0.708539,72.0,0.00113981,1.53689e-05,0.000885249,0.00204043,2735.65,2289080000.0,2289080000.0,0.107629,0.0,0.0285108,1076.77,1278.42,669.256,669.256,604.0,604.0,0.621542,0.621542,631.0,23.0,23.0,4048.0,4048.0,0.00113981,1.53689e-05,0.000885249,0.00204043,0.795779,0.541864,0.0,2289080000.0,2289080000.0,0.107629,0.0,0.0285108,1076.77,1278.42,669.256,669.256,604.0,604.0,5.5785,1.2275,741.438,0.621542,0.621542,631.0,23.0,23.0,4048.0,4048.0,809004.0,15.0,2.0,0.00113969,1.53689e-05,0.000886621,0.00204168,3140.15,0.776793,0.543052,0.0,2288950000.0,2288950000.0,0.108235,0.0,0.026102,62.1542,0.48,1.0,47.0,50.0,0.2,100.0
traj_sweep_679,placement,1076.77,1278.42,666.596,666.596,602.0,602.0,0.619071,0.619071,629.0,23.0,23.0,4048.0,4048.0,750.716,0.570158,746.46,4.256,0.570158,380.0,0.706286,71.0,0.00111354,1.52579e-05,0.000869491,0.00199828,2689.16,2282520000.0,2282520000.0,0.10686,0.0,0.0403055,1076.77,1278.42,666.596,666.596,602.0,602.0,0.619071,0.619071,629.0,23.0,23.0,4048.0,4048.0,0.00111354,1.52579e-05,0.000869491,0.00199828,0.781495,0.628291,0.0,2282520000.0,2282520000.0,0.10686,0.0,0.0403055,1076.77,1278.42,666.596,666.596,602.0,602.0,3.8935,1.2585,757.774,0.619071,0.619071,629.0,23.0,23.0,4048.0,4048.0,844554.0,16.0,1.0,0.00111358,1.52579e-05,0.000870038,0.00199888,3111.44,0.776162,0.619543,0.0,2269050000.0,2269050000.0,0.107455,0.0,0.0389124,61.9071,0.49,1.0,47.0,50.0,0.2,100.0
traj_sweep_680,placement,1076.77,1278.42,666.596,666.596,602.0,602.0,0.619071,0.619071,629.0,23.0,23.0,4048.0,4048.0,750.716,0.570158,746.46,4.256,0.570158,375.0,0.704894,71.0,0.00109121,1.52579e-05,0.000850024,0.0019565,2669.4,2269210000.0,2269210000.0,0.107076,0.0,0.045763,1076.77,1278.42,666.596,666.596,602.0,602.0,0.619071,0.619071,629.0,23.0,23.0,4048.0,4048.0,0.00109121,1.52579e-05,0.000850024,0.0019565,0.776907,0.628491,0.0,2269210000.0,2269210000.0,0.107076,0.0,0.045763,1076.77,1278.42,666.596,666.596,602.0,602.0,4.4125,1.221,735.048,0.619071,0.619071,629.0,23.0,23.0,4048.0,4048.0,830371.0,16.0,2.0,0.00109135,1.52579e-05,0.000852915,0.00195952,3084.59,0.757792,0.628112,0.0,2255650000.0,2255650000.0,0.107941,0.0,0.0452241,61.9071,0.5,1.0,47.0,50.0,0.2,100.0
traj_sweep_681,placement,1076.77,1278.42,666.33,666.33,602.0,602.0,0.618824,0.618824,629.0,23.0,23.0,4048.0,4048.0,750.45,0.534523,746.46,3.99,0.534523,375.0,0.695823,72.0,0.00106907,1.5237e-05,0.000828031,0.00191234,2678.92,2210120000.0,2210120000.0,0.107082,0.0,0.057535,1076.77,1278.42,666.33,666.33,602.0,602.0,0.618824,0.618824,629.0,23.0,23.0,4048.0,4048.0,0.00106907,1.5237e-05,0.000828031,0.00191234,0.759092,0.606783,0.0,2210120000.0,2210120000.0,0.107082,0.0,0.057535,1076.77,1278.42,666.33,666.33,602.0,602.0,4.0,1.2625,760.158,0.618824,0.618824,629.0,23.0,23.0,4048.0,4048.0,771474.0,14.0,2.0,0.00106918,1.5237e-05,0.000833001,0.00191741,3064.66,0.782699,0.61243,0.0,2213170000.0,2213170000.0,0.107464,0.0,0.0557622,61.8824,0.51,1.0,47.0,50.0,0.2,100.0
traj_sweep_682,placement,1076.77,1278.42,666.596,666.596,602.0,602.0,0.619071,0.619071,629.0,23.0,23.0,4048.0,4048.0,750.716,0.570158,746.46,4.256,0.570158,375.0,0.693292,70.0,0.00105001,1.52594e-05,0.000819116,0.00188438,2716.0,2286780000.0,2286780000.0,0.107137,0.0,0.0645186,1076.77,1278.42,666.596,666.596,602.0,602.0,0.619071,0.619071,629.0,23.0,23.0,4048.0,4048.0,0.00105001,1.52594e-05,0.000819116,0.00188438,0.783777,0.627299,0.0,2286780000.0,2286780000.0,0.107137,0.0,0.0645186,1076.77,1278.42,666.596,666.596,602.0,602.0,4.0475,1.2435,748.743,0.619071,0.619071,629.0,23.0,23.0,4048.0,4048.0,770249.0,14.0,2.0,0.00105008,1.52594e-05,0.000820859,0.0018862,3101.12,0.793141,0.621339,0.0,2271980000.0,2271980000.0,0.10796,0.0,0.0631478,61.9071,0.52,1.0,47.0,50.0,0.2,100.0
traj_sweep_683,placement,1076.77,1278.42,666.596,666.596,602.0,602.0,0.619071,0.619071,629.0,23.0,23.0,4048.0,4048.0,750.716,0.570158,746.46,4.256,0.570158,374.0,0.706648,70.0,0.00102993,1.52594e-05,0.000801395,0.00184659,2695.81,2278370000.0,2278370000.0,0.106966,0.0,0.0676938,1076.77,1278.42,666.596,666.596,602.0,602.0,0.619071,0.619071,629.0,23.0,23.0,4048.0,4048.0,0.00102993,1.52594e-05,0.000801395,0.00184659,0.788523,0.625122,0.0,2278370000.0,2278370000.0,0.106966,0.0,0.0676938,1076.77,1278.42,666.596,666.596,602.0,602.0,3.9275,1.2615,759.659,0.619071,0.619071,629.0,23.0,23.0,4048.0,4048.0,804258.0,15.0,1.0,0.00102991,1.52594e-05,0.000803123,0.00184829,3097.93,0.805667,0.625643,0.0,2261850000.0,2261850000.0,0.107814,0.0,0.0692823,61.9071,0.53,1.0,47.0,50.0,0.2,100.0
traj_sweep_684,placement,1076.77,1278.42,666.596,666.596,602.0,602.0,0.619071,0.619071,629.0,23.0,23.0,4048.0,4048.0,750.716,0.570158,746.46,4.256,0.570158,374.0,0.686049,70.0,0.00101058,1.52594e-05,0.000780247,0.00180609,2687.03,2204030000.0,2204030000.0,0.107222,0.0,0.0811843,1076.77,1278.42,666.596,666.596,602.0,602.0,0.619071,0.619071,629.0,23.0,23.0,4048.0,4048.0,0.00101058,1.52594e-05,0.000780247,0.00180609,0.761247,0.610633,0.0,2204030000.0,2204030000.0,0.107222,0.0,0.0811843,1076.77,1278.42,666.596,666.596,602.0,602.0,3.818,1.258,757.372,0.619071,0.619071,629.0,23.0,23.0,4048.0,4048.0,744449.0,14.0,2.0,0.00101081,1.52594e-05,0.000785073,0.00181114,3059.26,0.777538,0.6163,0.0,2193620000.0,2193620000.0,0.107649,0.0,0.0792383,61.9071,0.54,1.0,47.0,50.0,0.2,100.0
traj_sweep_685,placement,1076.77,1278.42,666.33,666.33,602.0,602.0,0.618824,0.618824,629.0,23.0,23.0,4048.0,4048.0,750.45,0.534523,746.46,3.99,0.534523,373.0,0.704334,70.0,0.000991288,1.5237e-05,0.000765135,0.00177166,2716.11,2206710000.0,2206710000.0,0.106961,0.0,0.0891779,1076.77,1278.42,666.33,666.33,602.0,602.0,0.618824,0.618824,629.0,23.0,23.0,4048.0,4048.0,0.000991288,1.5237e-05,0.000765135,0.00177166,0.779854,0.617329,0.0,2206710000.0,2206710000.0,0.106961,0.0,0.0891779,1076.77,1278.42,666.33,666.33,602.0,602.0,4.4145,1.2475,751.177,0.618824,0.618824,629.0,23.0,23.0,4048.0,4048.0,791460.0,15.0,2.0,0.000991397,1.5237e-05,0.000769106,0.00177574,3111.84,0.777039,0.615888,0.0,2196330000.0,2196330000.0,0.107847,0.0,0.0882807,61.8824,0.55,1.0,47.0,50.0,0.2,100.0
traj_sweep_686,placement,1076.77,1278.42,665.532,665.532,601.0,601.0,0.618083,0.618083,628.0,23.0,23.0,4048.0,4048.0,749.652,0.427618,746.46,3.192,0.427618,373.0,0.694979,70.0,0.000974351,1.52173e-05,0.000751511,0.00174108,2711.49,2199160000.0,2199160000.0,0.106952,0.0,0.0970277,1076.77,1278.42,665.532,665.532,601.0,601.0,0.618083,0.618083,628.0,23.0,23.0,4048.0,4048.0,0.000974351,1.52173e-05,0.000751511,0.00174108,0.781041,0.555861,0.0,2199160000.0,2199160000.0,0.106952,0.0,0.0970277,1076.77,1278.42,665.532,665.532,601.0,601.0,4.7965,1.2775,767.861,0.618083,0.618083,628.0,23.0,23.0,4048.0,4048.0,817969.0,15.0,1.0,0.000974578,1.52173e-05,0.000756646,0.00174644,3120.48,0.783211,0.555066,0.0,2216690000.0,2216690000.0,0.107741,0.0,0.0942693,61.8083,0.56,1.0,47.0,50.0,0.2,100.0
traj_sweep_687,placement,1076.77,1278.42,665.532,665.532,601.0,601.0,0.618083,0.618083,628.0,23.0,23.0,4048.0,4048.0,749.652,0.427618,746.46,3.192,0.427618,373.0,0.694979,70.0,0.000957257,1.52173e-05,0.000738326,0.0017108,2711.49,2199160000.0,2199160000.0,0.106952,0.0,0.105028,1076.77,1278.42,665.532,665.532,601.0,601.0,0.618083,0.618083,628.0,23.0,23.0,4048.0,4048.0,0.000957257,1.52173e-05,0.000738326,0.0017108,0.781041,0.555861,0.0,2199160000.0,2199160000.0,0.106952,0.0,0.105028,1076.77,1278.42,665.532,665.532,601.0,601.0,4.7965,1.2775,767.861,0.618083,0.618083,628.0,23.0,23.0,4048.0,4048.0,817969.0,15.0,1.0,0.000957479,1.52173e-05,0.000743371,0.00171607,3120.48,0.783211,0.555066,0.0,2216690000.0,2216690000.0,0.107741,0.0,0.102269,61.8083,0.57,1.0,47.0,50.0,0.2,100.0
traj_sweep_688,placement,1076.77,1278.42,665.0,665.0,600.0,600.0,0.617589,0.617589,627.0,23.0,23.0,4048.0,4048.0,749.12,0.356349,746.46,2.66,0.356349,375.0,0.678675,71.0,0.00094159,1.52175e-05,0.000725099,0.00168191,2692.67,2201120000.0,2201120000.0,0.10706,0.0,0.112814,1076.77,1278.42,665.0,665.0,600.0,600.0,0.617589,0.617589,627.0,23.0,23.0,4048.0,4048.0,0.00094159,1.52175e-05,0.000725099,0.00168191,0.805662,0.476995,0.0,2201120000.0,2201120000.0,0.10706,0.0,0.112814,1076.77,1278.42,665.0,665.0,600.0,600.0,4.482,1.307,784.475,0.617589,0.617589,627.0,23.0,23.0,4048.0,4048.0,773021.0,14.0,3.0,0.000941816,1.52175e-05,0.000728482,0.00168552,3079.18,0.772985,0.479981,0.0,2211540000.0,2211540000.0,0.107598,0.0,0.111375,61.7589,0.58,1.0,47.0,50.0,0.2,100.0
traj_sweep_689,placement,1076.77,1278.42,665.0,665.0,600.0,600.0,0.617589,0.617589,627.0,23.0,23.0,4048.0,4048.0,749.12,0.356349,746.46,2.66,0.356349,374.0,0.697135,70.0,0.000925183,1.52175e-05,0.0007139,0.0016543,2708.35,2195300000.0,2195300000.0,0.106945,0.0,0.120927,1076.77,1278.42,665.0,665.0,600.0,600.0,0.617589,0.617589,627.0,23.0,23.0,4048.0,4048.0,0.000925183,1.52175e-05,0.0007139,0.0016543,0.780832,0.552578,0.0,2195300000.0,2195300000.0,0.106945,0.0,0.120927,1076.77,1278.42,665.0,665.0,600.0,600.0,4.3985,1.2475,748.779,0.617589,0.617589,627.0,23.0,23.0,4048.0,4048.0,798510.0,15.0,1.0,0.000925239,1.52175e-05,0.000718481,0.00165894,3107.61,0.793739,0.558289,0.0,2203710000.0,2203710000.0,0.107414,0.0,0.117854,61.7589,0.59,1.0,47.0,50.0,0.2,100.0
traj_sweep_690,placement,1076.77,1278.42,665.798,665.798,600.0,600.0,0.61833,0.61833,627.0,23.0,23.0,4048.0,4048.0,749.918,0.463253,746.46,3.458,0.463253,376.0,0.693021,70.0,0.000910361,1.5262e-05,0.000701221,0.00162684,2699.62,2207480000.0,2207480000.0,0.107079,0.0,0.128742,1076.77,1278.42,665.798,665.798,600.0,600.0,0.61833,0.61833,627.0,23.0,23.0,4048.0,4048.0,0.000910361,1.5262e-05,0.000701221,0.00162684,0.760498,0.553864,0.0,2207480000.0,2207480000.0,0.107079,0.0,0.128742,1076.77,1278.42,665.798,665.798,600.0,600.0,4.1775,1.2565,754.09,0.61833,0.61833,627.0,23.0,23.0,4048.0,4048.0,765080.0,14.0,1.0,0.000910546,1.5262e-05,0.000706644,0.00163245,3082.16,0.737633,0.555381,0.0,2213080000.0,2213080000.0,0.107399,0.0,0.125865,61.833,0.6,1.0,47.0,50.0,0.2,100.0
traj_sweep_691,placement,1076.77,1278.42,665.798,665.798,600.0,600.0,0.61833,0.61833,627.0,23.0,23.0,4048.0,4048.0,749.918,0.463253,746.46,3.458,0.463253,376.0,0.69283,70.0,0.000895437,1.5262e-05,0.000689629,0.00160033,2698.47,2207910000.0,2207910000.0,0.107082,0.0,0.136673,1076.77,1278.42,665.798,665.798,600.0,600.0,0.61833,0.61833,627.0,23.0,23.0,4048.0,4048.0,0.000895437,1.5262e-05,0.000689629,0.00160033,0.760264,0.554094,0.0,2207910000.0,2207910000.0,0.107082,0.0,0.136673,1076.77,1278.42,665.798,665.798,600.0,600.0,4.305,1.257,754.273,0.61833,0.61833,627.0,23.0,23.0,4048.0,4048.0,786179.0,15.0,1.0,0.000895804,1.5262e-05,0.000694222,0.00160529,3091.56,0.746471,0.553293,0.0,2213960000.0,2213960000.0,0.107961,0.0,0.135101,61.833,0.61,1.0,47.0,50.0,0.2,100.0
traj_sweep_692,placement,1076.77,1278.42,665.0,665.0,600.0,600.0,0.617589,0.617589,627.0,23.0,23.0,4048.0,4048.0,749.12,0.356349,746.46,2.66,0.356349,374.0,0.691376,67.0,0.000880659,1.52175e-05,0.000678072,0.00157395,2705.83,2211680000.0,2211680000.0,0.107034,0.0,0.145535,1076.77,1278.42,665.0,665.0,600.0,600.0,0.617589,0.617589,627.0,23.0,23.0,4048.0,4048.0,0.000880659,1.52175e-05,0.000678072,0.00157395,0.762737,0.553101,0.0,2211680000.0,2211680000.0,0.107034,0.0,0.145535,1076.77,1278.42,665.0,665.0,600.0,600.0,3.681,1.2475,748.683,0.617589,0.617589,627.0,23.0,23.0,4048.0,4048.0,781929.0,14.0,1.0,0.000880932,1.52175e-05,0.000683473,0.00157962,3096.8,0.767821,0.550712,0.0,2219030000.0,2219030000.0,0.107981,0.0,0.140749,61.7589,0.62,1.0,47.0,50.0,0.2,100.0
traj_sweep_693,placement,1076.77,1278.42,843.486,843.486,721.0,721.0,0.78335,0.78335,748.0,23.0,23.0,4048.0,4048.0,903.916,14.256,791.132,112.784,14.256,371.0,0.730149,64.0,0.00518238,2.14569e-05,0.00375436,0.0089582,2922.38,2504100000.0,2504100000.0,0.0707255,-12.261,-0.259345,1076.77,1278.42,843.486,843.486,721.0,721.0,0.78335,0.78335,748.0,23.0,23.0,4048.0,4048.0,0.00518238,2.14569e-05,0.00375436,0.0089582,0.753434,0.747225,53.0,2504100000.0,2504100000.0,0.0707255,-12.261,-0.259345,1076.77,1278.42,843.486,843.486,721.0,721.0,5.1425,1.315,948.243,0.78335,0.78335,748.0,23.0,23.0,4048.0,4048.0,1287510.0,22.0,5.0,0.00518293,2.14569e-05,0.00378663,0.00899102,3566.14,0.767749,0.754155,53.0,2473390000.0,2473390000.0,0.0710168,-12.3958,-0.264303,78.335,0.14,1.0,48.0,50.0,0.2,100.0
traj_sweep_694,placement,1076.77,1278.42,841.624,841.624,719.0,719.0,0.781621,0.781621,746.0,23.0,23.0,4048.0,4048.0,902.054,14.0207,791.132,110.922,14.0207,370.0,0.704469,65.0,0.00480793,2.14161e-05,0.00349398,0.00832333,2907.58,2505990000.0,2505990000.0,0.072749,-11.7383,-0.249043,1076.77,1278.42,841.624,841.624,719.0,719.0,0.781621,0.781621,746.0,23.0,23.0,4048.0,4048.0,0.00480793,2.14161e-05,0.00349398,0.00832333,0.758687,0.749767,53.0,2505990000.0,2505990000.0,0.072749,-11.7383,-0.249043,1076.77,1278.42,841.624,841.624,719.0,719.0,4.8725,1.3255,953.133,0.781621,0.781621,746.0,23.0,23.0,4048.0,4048.0,1285030.0,22.0,5.0,0.00480928,2.14161e-05,0.00352779,0.00835848,3550.1,0.756463,0.748691,53.0,2481860000.0,2481860000.0,0.0728213,-11.8779,-0.252924,78.1621,0.15,1.0,48.0,50.0,0.2,100.0
traj_sweep_695,placement,1076.77,1278.42,841.624,841.624,719.0,719.0,0.781621,0.781621,746.0,23.0,23.0,4048.0,4048.0,902.054,14.0207,791.132,110.922,14.0207,372.0,0.695239,65.0,0.0045079,2.1417e-05,0.00327454,0.00780386,2914.82,2503090000.0,2503090000.0,0.0748557,-11.2447,-0.239506,1076.77,1278.42,841.624,841.624,719.0,719.0,0.781621,0.781621,746.0,23.0,23.0,4048.0,4048.0,0.0045079,2.1417e-05,0.00327454,0.00780386,0.765023,0.752836,53.0,2503090000.0,2503090000.0,0.0748557,-11.2447,-0.239506,1076.77,1278.42,841.624,841.624,719.0,719.0,6.216,1.2615,907.064,0.781621,0.781621,746.0,23.0,23.0,4048.0,4048.0,1199360.0,21.0,4.0,0.00450863,2.1417e-05,0.00330406,0.00783411,3514.5,0.774834,0.757582,53.0,2481090000.0,2481090000.0,0.0744838,-11.3747,-0.243049,78.1621,0.16,1.0,48.0,50.0,0.2,100.0
traj_sweep_696,placement,1076.77,1278.42,837.9,837.9,715.0,715.0,0.778162,0.778162,742.0,23.0,23.0,4048.0,4048.0,898.33,13.5499,791.132,107.198,13.5499,379.0,0.716833,65.0,0.0041912,2.1286e-05,0.00307186,0.00728435,2923.74,2501640000.0,2501640000.0,0.0768685,-10.7012,-0.229738,1076.77,1278.42,837.9,837.9,715.0,715.0,0.778162,0.778162,742.0,23.0,23.0,4048.0,4048.0,0.0041912,2.1286e-05,0.00307186,0.00728435,0.775278,0.757796,53.0,2501640000.0,2501640000.0,0.0768685,-10.7012,-0.229738,1076.77,1278.42,837.9,837.9,715.0,715.0,4.813,1.27,908.406,0.778162,0.778162,742.0,23.0,23.0,4048.0,4048.0,1200060.0,21.0,6.0,0.00419188,2.1286e-05,0.00309598,0.00730914,3523.76,0.775914,0.758103,53.0,2489660000.0,2489660000.0,0.0777462,-10.8162,-0.231661,77.8162,0.17,1.0,48.0,50.0,0.2,100.0
traj_sweep_698,placement,1076.77,1278.42,835.506,835.506,712.0,712.0,0.775939,0.775939,739.0,23.0,23.0,4048.0,4048.0,895.936,13.2473,791.132,104.804,13.2473,378.0,0.713638,65.0,0.00371068,2.12227e-05,0.00273348,0.00646538,2915.98,2502680000.0,2502680000.0,0.080778,-9.67277,-0.209572,1076.77,1278.42,835.506,835.506,712.0,712.0,0.775939,0.775939,739.0,23.0,23.0,4048.0,4048.0,0.00371068,2.12227e-05,0.00273348,0.00646538,0.756972,0.748937,53.0,2502680000.0,2502680000.0,0.080778,-9.67277,-0.209572,1076.77,1278.42,835.506,835.506,712.0,712.0,5.056,1.2895,918.157,0.775939,0.775939,739.0,23.0,23.0,4048.0,4048.0,1220110.0,21.0,3.0,0.00371167,2.12227e-05,0.00275324,0.00648613,3526.04,0.775842,0.758069,53.0,2484250000.0,2484250000.0,0.08072,-9.79155,-0.212536,77.5939,0.19,1.0,48.0,50.0,0.2,100.0
traj_sweep_699,placement,1076.77,1278.42,834.974,834.974,711.0,711.0,0.775445,0.775445,738.0,23.0,23.0,4048.0,4048.0,895.404,13.1801,791.132,104.272,13.1801,379.0,0.7193,65.0,0.0035138,2.12246e-05,0.00259565,0.00613068,2924.94,2502430000.0,2502430000.0,0.0828218,-9.14868,-0.199611,1076.77,1278.42,834.974,834.974,711.0,711.0,0.775445,0.775445,738.0,23.0,23.0,4048.0,4048.0,0.0035138,2.12246e-05,0.00259565,0.00613068,0.771763,0.756097,53.0,2502430000.0,2502430000.0,0.0828218,-9.14868,-0.199611,1076.77,1278.42,834.974,834.974,711.0,711.0,5.335,1.269,902.301,0.775445,0.775445,738.0,23.0,23.0,4048.0,4048.0,1130190.0,19.0,4.0,0.00351491,2.12246e-05,0.00261502,0.00615115,3490.04,0.774027,0.757191,53.0,2484000000.0,2484000000.0,0.0828148,-9.25491,-0.202577,77.5445,0.2,1.0,48.0,50.0,0.2,100.0
traj_sweep_700,placement,1076.77,1278.42,832.58,832.58,708.0,708.0,0.773221,0.773221,735.0,23.0,23.0,4048.0,4048.0,893.01,12.8775,791.132,101.878,12.8775,376.0,0.701202,66.0,0.00332338,2.1157e-05,0.00246717,0.00581171,2913.92,2503540000.0,2503540000.0,0.0847914,-8.58268,-0.189435,1076.77,1278.42,832.58,832.58,708.0,708.0,0.773221,0.773221,735.0,23.0,23.0,4048.0,4048.0,0.00332338,2.1157e-05,0.00246717,0.00581171,0.76862,0.754577,53.0,2503540000.0,2503540000.0,0.0847914,-8.58268,-0.189435,1076.77,1278.42,832.58,832.58,708.0,708.0,4.276,1.2575,890.662,0.773221,0.773221,735.0,23.0,23.0,4048.0,4048.0,1146450.0,20.0,2.0,0.00332386,2.1157e-05,0.00248359,0.00582861,3487.14,0.76648,0.753541,53.0,2484330000.0,2484330000.0,0.0848952,-8.72379,-0.192523,77.3221,0.21,1.0,48.0,50.0,0.2,100.0
traj_sweep_702,placement,1076.77,1278.42,832.314,832.314,706.0,706.0,0.772974,0.772974,733.0,23.0,23.0,4048.0,4048.0,892.744,12.8439,791.132,101.612,12.8439,379.0,0.716815,67.0,0.00302706,2.11997e-05,0.0022496,0.00529786,2911.39,2495760000.0,2495760000.0,0.0886463,-7.53016,-0.170679,1076.77,1278.42,832.314,832.314,706.0,706.0,0.772974,0.772974,733.0,23.0,23.0,4048.0,4048.0,0.00302706,2.11997e-05,0.0022496,0.00529786,0.769668,0.755083,53.0,2495760000.0,2495760000.0,0.0886463,-7.53016,-0.170679,1076.77,1278.42,832.314,832.314,706.0,706.0,5.62,1.3015,919.091,0.772974,0.772974,733.0,23.0,23.0,4048.0,4048.0,1246710.0,21.0,4.0,0.00302764,2.11997e-05,0.00226803,0.00531687,3534.75,0.75516,0.74806,53.0,2471930000.0,2471930000.0,0.0886847,-7.66252,-0.174542,77.2974,0.23,1.0,48.0,50.0,0.2,100.0
traj_sweep_703,placement,1076.77,1278.42,835.772,835.772,712.0,712.0,0.776186,0.776186,739.0,23.0,23.0,4048.0,4048.0,896.169,13.4341,790.035,106.134,13.4341,372.0,0.707283,66.0,0.00290975,2.12588e-05,0.00216149,0.0050925,2918.16,2495710000.0,2495710000.0,0.0906492,-7.13124,-0.160688,1076.77,1278.42,835.772,835.772,712.0,712.0,0.776186,0.776186,739.0,23.0,23.0,4048.0,4048.0,0.00290975,2.12588e-05,0.00216149,0.0050925,0.779387,0.759784,52.0,2495710000.0,2495710000.0,0.0906492,-7.13124,-0.160688,1076.77,1278.42,835.772,835.772,712.0,712.0,6.3065,1.3505,961.746,0.776186,0.776186,739.0,23.0,23.0,4048.0,4048.0,1427450.0,24.0,5.0,0.00291008,2.12588e-05,0.00217777,0.00510911,3631.89,0.771557,0.755997,52.0,2473540000.0,2473540000.0,0.0907267,-7.27585,-0.164279,77.6186,0.24,1.0,48.0,50.0,0.2,100.0
traj_sweep_704,placement,1076.77,1278.42,827.526,827.526,711.0,711.0,0.768528,0.768528,738.0,23.0,23.0,4048.0,4048.0,888.475,13.2197,784.735,103.74,13.2197,375.0,0.72427,66.0,0.00277926,2.08669e-05,0.0020474,0.00484752,2925.08,2506480000.0,2506480000.0,0.0923091,-6.6275,-0.148966,1076.77,1278.42,827.526,827.526,711.0,711.0,0.768528,0.768528,738.0,23.0,23.0,4048.0,4048.0,0.00277926,2.08669e-05,0.0020474,0.00484752,0.740788,0.741106,51.0,2506480000.0,2506480000.0,0.0923091,-6.6275,-0.148966,1076.77,1278.42,827.526,827.526,711.0,711.0,5.5015,1.349,959.171,0.768528,0.768528,738.0,23.0,23.0,4048.0,4048.0,1165690.0,20.0,3.0,0.0027797,2.08669e-05,0.00206606,0.00486662,3507.92,0.743718,0.742523,51.0,2494110000.0,2494110000.0,0.0928891,-6.72652,-0.150944,76.8528,0.25,1.0,48.0,50.0,0.2,100.0
traj_sweep_705,placement,1076.77,1278.42,826.196,826.196,709.0,709.0,0.767292,0.767292,736.0,23.0,23.0,4048.0,4048.0,887.025,13.1674,783.817,103.208,13.1674,373.0,0.706494,64.0,0.0026498,2.08163e-05,0.00196859,0.00463921,2906.12,2489760000.0,2489760000.0,0.0946315,-6.10281,-0.141645,1076.77,1278.42,826.196,826.196,709.0,709.0,0.767292,0.767292,736.0,23.0,23.0,4048.0,4048.0,0.0026498,2.08163e-05,0.00196859,0.00463921,0.759616,0.750217,50.0,2489760000.0,2489760000.0,0.0946315,-6.10281,-0.141645,1076.77,1278.42,826.196,826.196,709.0,709.0,5.781,1.368,970.221,0.767292,0.767292,736.0,23.0,23.0,4048.0,4048.0,1248360.0,21.0,3.0,0.00264987,2.08163e-05,0.00198455,0.00465523,3530.3,0.761959,0.751353,50.0,2464880000.0,2464880000.0,0.0948005,-6.24526,-0.145699,76.7292,0.26,1.0,48.0,50.0,0.2,100.0
traj_sweep_706,placement,1076.77,1278.42,822.472,822.472,710.0,710.0,0.763834,0.763834,737.0,23.0,23.0,4048.0,4048.0,883.386,12.9976,781.774,101.612,12.9976,374.0,0.712297,68.0,0.0025397,2.05917e-05,0.00188833,0.00444863,2860.33,2491140000.0,2491140000.0,0.0965178,-5.74567,-0.131423,1076.77,1278.42,822.472,822.472,710.0,710.0,0.763834,0.763834,737.0,23.0,23.0,4048.0,4048.0,0.0025397,2.05917e-05,0.00188833,0.00444863,0.753921,0.747461,49.0,2491140000.0,2491140000.0,0.0965178,-5.74567,-0.131423,1076.77,1278.42,822.472,822.472,710.0,710.0,5.501,1.322,938.627,0.763834,0.763834,737.0,23.0,23.0,4048.0,4048.0,1225540.0,21.0,3.0,0.00254023,2.05917e-05,0.0019044,0.00446522,3473.1,0.75764,0.74926,49.0,2466460000.0,2466460000.0,0.0964875,-5.85826,-0.135439,76.3834,0.27,1.0,48.0,50.0,0.2,100.0
traj_sweep_708,placement,1076.77,1278.42,818.482,818.482,702.0,702.0,0.760128,0.760128,729.0,23.0,23.0,4048.0,4048.0,879.396,12.4872,781.774,97.622,12.4872,373.0,0.697093,65.0,0.00235573,2.06005e-05,0.001753,0.00412933,2890.52,2459180000.0,2459180000.0,0.10058,-4.80477,-0.116639,1076.77,1278.42,818.482,818.482,702.0,702.0,0.760128,0.760128,729.0,23.0,23.0,4048.0,4048.0,0.00235573,2.06005e-05,0.001753,0.00412933,0.765795,0.75321,49.0,2459180000.0,2459180000.0,0.10058,-4.80477,-0.116639,1076.77,1278.42,818.482,818.482,702.0,702.0,5.2705,1.2845,902.028,0.760128,0.760128,729.0,23.0,23.0,4048.0,4048.0,1161240.0,20.0,2.0,0.00235619,2.06005e-05,0.00176616,0.00414296,3471.13,0.774027,0.757192,49.0,2442440000.0,2442440000.0,0.101125,-4.90077,-0.119427,76.0128,0.29,1.0,48.0,50.0,0.2,100.0
traj_sweep_709,placement,1076.77,1278.42,818.216,818.216,703.0,703.0,0.759881,0.759881,730.0,23.0,23.0,4048.0,4048.0,879.13,12.4532,781.774,97.356,12.4532,374.0,0.698121,66.0,0.00229042,2.055e-05,0.00170174,0.00401271,2930.36,2488010000.0,2488010000.0,0.102494,-4.3351,-0.101927,1076.77,1278.42,818.216,818.216,703.0,703.0,0.759881,0.759881,730.0,23.0,23.0,4048.0,4048.0,0.00229042,2.055e-05,0.00170174,0.00401271,0.721931,0.72506,49.0,2488010000.0,2488010000.0,0.102494,-4.3351,-0.101927,1076.77,1278.42,818.216,818.216,703.0,703.0,6.1335,1.3265,932.586,0.759881,0.759881,730.0,23.0,23.0,4048.0,4048.0,1230530.0,21.0,4.0,0.0022908,2.055e-05,0.00171441,0.00402576,3545.62,0.72141,0.71763,49.0,2474260000.0,2474260000.0,0.1024,-4.42989,-0.104161,75.9881,0.3,1.0,48.0,50.0,0.2,100.0
traj_sweep_710,placement,1076.77,1278.42,813.694,813.694,704.0,704.0,0.755682,0.755682,731.0,23.0,23.0,4048.0,4048.0,875.8,12.545,778.178,97.622,12.545,372.0,0.716951,65.0,0.00220748,2.03812e-05,0.00162548,0.00385334,2798.91,2468660000.0,2468660000.0,0.104553,-3.87367,-0.0950781,1076.77,1278.42,813.694,813.694,704.0,704.0,0.755682,0.755682,731.0,23.0,23.0,4048.0,4048.0,0.00220748,2.03812e-05,0.00162548,0.00385334,0.754725,0.74785,48.0,2468660000.0,2468660000.0,0.104553,-3.87367,-0.0950781,1076.77,1278.42,813.694,813.694,704.0,704.0,5.25,1.3395,943.346,0.755682,0.755682,731.0,23.0,23.0,4048.0,4048.0,1348200.0,24.0,6.0,0.00220815,2.03812e-05,0.00164208,0.00387062,3473.01,0.763975,0.752329,48.0,2454300000.0,2454300000.0,0.105107,-4.00652,-0.0974479,75.5682,0.31,1.0,48.0,50.0,0.2,100.0
traj_sweep_712,placement,1076.77,1278.42,796.936,796.936,685.0,685.0,0.740119,0.740119,712.0,23.0,23.0,4048.0,4048.0,859.042,10.3915,778.178,80.864,10.3915,372.0,0.726176,69.0,0.00201355,1.98475e-05,0.00151631,0.00354971,2906.52,2478090000.0,2478090000.0,0.107378,-3.01323,-0.077181,1076.77,1278.42,796.936,796.936,685.0,685.0,0.740119,0.740119,712.0,23.0,23.0,4048.0,4048.0,0.00201355,1.98475e-05,0.00151631,0.00354971,0.785801,0.682511,47.0,2478090000.0,2478090000.0,0.107378,-3.01323,-0.077181,1076.77,1278.42,796.936,796.936,685.0,685.0,5.283,1.3555,928.736,0.740119,0.740119,712.0,23.0,23.0,4048.0,4048.0,1226450.0,21.0,3.0,0.00201395,1.98475e-05,0.00152682,0.00356062,3519.75,0.796764,0.675204,47.0,2465500000.0,2465500000.0,0.107687,-3.15266,-0.0784447,74.0119,0.33,1.0,48.0,50.0,0.2,100.0
traj_sweep_713,placement,1076.77,1278.42,792.148,792.148,689.0,689.0,0.735672,0.735672,716.0,23.0,23.0,4048.0,4048.0,856.742,10.7259,773.75,82.992,10.7259,367.0,0.736636,69.0,0.00194169,1.9581e-05,0.00144283,0.0034041,2796.06,2457760000.0,2457760000.0,0.107493,-2.66809,-0.0668749,1076.77,1278.42,792.148,792.148,689.0,689.0,0.735672,0.735672,716.0,23.0,23.0,4048.0,4048.0,0.00194169,1.9581e-05,0.00144283,0.0034041,0.804101,0.771726,48.0,2457760000.0,2457760000.0,0.107493,-2.66809,-0.0668749,1076.77,1278.42,792.148,792.148,689.0,689.0,5.4655,1.318,908.408,0.735672,0.735672,716.0,23.0,23.0,4048.0,4048.0,1237700.0,22.0,3.0,0.00194221,1.9581e-05,0.00145578,0.00341757,3414.91,0.793701,0.766702,48.0,2454790000.0,2454790000.0,0.107777,-2.75206,-0.0673675,73.5672,0.34,1.0,48.0,50.0,0.2,100.0
traj_sweep_714,placement,1076.77,1278.42,789.488,789.488,688.0,688.0,0.733202,0.733202,715.0,23.0,23.0,4048.0,4048.0,854.082,10.3822,773.75,80.332,10.3822,372.0,0.70467,69.0,0.00187381,1.94326e-05,0.00140006,0.0032933,2763.91,2463360000.0,2463360000.0,0.107026,-2.25733,-0.0559489,1076.77,1278.42,789.488,789.488,688.0,688.0,0.733202,0.733202,715.0,23.0,23.0,4048.0,4048.0,0.00187381,1.94326e-05,0.00140006,0.0032933,0.760222,0.750508,48.0,2463360000.0,2463360000.0,0.107026,-2.25733,-0.0559489,1076.77,1278.42,789.488,789.488,688.0,688.0,5.239,1.286,885.066,0.733202,0.733202,715.0,23.0,23.0,4048.0,4048.0,1058430.0,19.0,2.0,0.00187418,1.94326e-05,0.00141328,0.00330689,3293.12,0.755584,0.748261,48.0,2445000000.0,2445000000.0,0.108004,-2.36688,-0.0589974,73.3202,0.35,1.0,48.0,50.0,0.2,100.0
traj_sweep_715,placement,1076.77,1278.42,789.754,789.754,687.0,687.0,0.733449,0.733449,714.0,23.0,23.0,4048.0,4048.0,854.348,10.4165,773.75,80.598,10.4165,375.0,0.729327,69.0,0.00182482,1.94741e-05,0.00136153,0.00320583,2770.64,2440700000.0,2440700000.0,0.106988,-1.89864,-0.0497184,1076.77,1278.42,789.754,789.754,687.0,687.0,0.733449,0.733449,714.0,23.0,23.0,4048.0,4048.0,0.00182482,1.94741e-05,0.00136153,0.00320583,0.793736,0.766692,47.0,2440700000.0,2440700000.0,0.106988,-1.89864,-0.0497184,1076.77,1278.42,789.754,789.754,687.0,687.0,5.188,1.2475,857.341,0.733449,0.733449,714.0,23.0,23.0,4048.0,4048.0,1055620.0,19.0,2.0,0.00182512,1.94741e-05,0.00137178,0.00321637,3298.45,0.785137,0.762548,47.0,2442970000.0,2442970000.0,0.107139,-1.93785,-0.0493793,73.3449,0.36,1.0,48.0,50.0,0.2,100.0
traj_sweep_716,placement,1076.77,1278.42,786.828,786.828,685.0,685.0,0.730731,0.730731,712.0,23.0,23.0,4048.0,4048.0,851.985,10.1446,773.515,78.47,10.1446,374.0,0.72308,68.0,0.00176175,1.93979e-05,0.00131313,0.00309428,2773.52,2445890000.0,2445890000.0,0.106792,-1.36714,-0.0388489,1076.77,1278.42,786.828,786.828,685.0,685.0,0.730731,0.730731,712.0,23.0,23.0,4048.0,4048.0,0.00176175,1.93979e-05,0.00131313,0.00309428,0.7807,0.675954,47.0,2445890000.0,2445890000.0,0.106792,-1.36714,-0.0388489,1076.77,1278.42,786.828,786.828,685.0,685.0,6.909,1.274,872.736,0.730731,0.730731,712.0,23.0,23.0,4048.0,4048.0,1068910.0,19.0,2.0,0.00176226,1.93979e-05,0.00132721,0.00310887,3307.98,0.775914,0.673383,47.0,2455120000.0,2455120000.0,0.107362,-1.46105,-0.0419711,73.0731,0.37,1.0,48.0,50.0,0.2,100.0
traj_sweep_718,placement,1076.77,1278.42,784.7,784.7,686.0,686.0,0.728755,0.728755,713.0,23.0,23.0,4048.0,4048.0,851.951,10.2209,772.949,79.002,10.2209,374.0,0.703711,70.0,0.00169109,1.93059e-05,0.00124728,0.00295768,2794.17,2441050000.0,2441050000.0,0.107327,-0.544298,-0.0251453,1076.77,1278.42,784.7,784.7,686.0,686.0,0.728755,0.728755,713.0,23.0,23.0,4048.0,4048.0,0.00169109,1.93059e-05,0.00124728,0.00295768,0.806358,0.647098,44.0,2441050000.0,2441050000.0,0.107327,-0.544298,-0.0251453,1076.77,1278.42,784.7,784.7,686.0,686.0,5.9565,1.299,891.142,0.728755,0.728755,713.0,23.0,23.0,4048.0,4048.0,1187820.0,21.0,3.0,0.00169154,1.93059e-05,0.001257,0.00296785,3388.08,0.788006,0.645379,44.0,2414590000.0,2414590000.0,0.107454,-0.579725,-0.0280977,72.8755,0.39,1.0,48.0,50.0,0.2,100.0
traj_sweep_719,placement,1076.77,1278.42,748.79,748.79,680.0,680.0,0.695405,0.695405,707.0,23.0,23.0,4048.0,4048.0,829.454,9.86524,754.974,74.48,9.86524,368.0,0.74122,71.0,0.00156759,1.79646e-05,0.00113834,0.00272389,2793.19,2429390000.0,2429390000.0,0.107626,-0.350376,-0.0181928,1076.77,1278.42,748.79,748.79,680.0,680.0,0.695405,0.695405,707.0,23.0,23.0,4048.0,4048.0,0.00156759,1.79646e-05,0.00113834,0.00272389,0.793363,0.715145,40.0,2429390000.0,2429390000.0,0.107626,-0.350376,-0.0181928,1076.77,1278.42,748.79,748.79,680.0,680.0,5.3235,1.2905,877.668,0.695405,0.695405,707.0,23.0,23.0,4048.0,4048.0,1003260.0,18.0,3.0,0.00156791,1.79646e-05,0.00114855,0.00273442,3294.82,0.809625,0.703786,42.0,2430520000.0,2430520000.0,0.107513,-0.372738,-0.0200754,69.5405,0.4,1.0,48.0,50.0,0.2,100.0
traj_sweep_720,placement,1076.77,1278.42,723.52,723.52,663.0,663.0,0.671937,0.671937,690.0,23.0,23.0,4048.0,4048.0,807.64,8.19602,746.46,61.18,8.19602,370.0,0.702066,71.0,0.00149086,1.70899e-05,0.00107467,0.00258262,2759.49,2415760000.0,2415760000.0,0.106957,-0.0498956,-0.00929792,1076.77,1278.42,723.52,723.52,663.0,663.0,0.671937,0.671937,690.0,23.0,23.0,4048.0,4048.0,0.00149086,1.70899e-05,0.00107467,0.00258262,0.780608,0.742535,8.0,2415760000.0,2415760000.0,0.106957,-0.0498956,-0.00929792,1076.77,1278.42,723.52,723.52,663.0,663.0,4.6135,1.251,829.707,0.671937,0.671937,690.0,23.0,23.0,4048.0,4048.0,1019530.0,18.0,2.0,0.00149106,1.70899e-05,0.00108,0.00258815,3269.26,0.795588,0.740316,20.0,2390680000.0,2390680000.0,0.107581,-0.0803907,-0.0138365,67.1937,0.41,1.0,48.0,50.0,0.2,100.0
traj_sweep_721,placement,1076.77,1278.42,704.368,704.368,646.0,646.0,0.65415,0.65415,673.0,23.0,23.0,4048.0,4048.0,788.488,5.63031,746.46,42.028,5.63031,369.0,0.688757,71.0,0.00142253,1.63928e-05,0.00104209,0.00248101,2732.2,2356320000.0,2356320000.0,0.107327,-0.0367595,-0.00439035,1076.77,1278.42,704.368,704.368,646.0,646.0,0.65415,0.65415,673.0,23.0,23.0,4048.0,4048.0,0.00142253,1.63928e-05,0.00104209,0.00248101,0.80097,0.622583,15.0,2356320000.0,2356320000.0,0.107327,-0.0367595,-0.00439035,1076.77,1278.42,704.368,704.368,646.0,646.0,3.798,1.233,796.536,0.65415,0.65415,673.0,23.0,23.0,4048.0,4048.0,990045.0,18.0,2.0,0.00142272,1.63928e-05,0.00104838,0.00248749,3227.23,0.77601,0.614902,18.0,2332030000.0,2332030000.0,0.10749,-0.0772121,-0.00881084,65.415,0.42,1.0,48.0,50.0,0.2,100.0
traj_sweep_722,placement,1076.77,1278.42,686.014,686.014,622.0,622.0,0.637105,0.637105,649.0,23.0,23.0,4048.0,4048.0,770.134,3.1715,746.46,23.674,3.1715,369.0,0.713591,72.0,0.00133503,1.59272e-05,0.0010032,0.00235416,2713.1,2343910000.0,2343910000.0,0.10698,-0.0033116,-0.00133848,1076.77,1278.42,686.014,686.014,622.0,622.0,0.637105,0.637105,649.0,23.0,23.0,4048.0,4048.0,0.00133503,1.59272e-05,0.0010032,0.00235416,0.779451,0.621461,3.0,2343910000.0,2343910000.0,0.10698,-0.0033116,-0.00133848,1076.77,1278.42,686.014,686.014,622.0,622.0,4.6235,1.255,780.864,0.637105,0.637105,649.0,23.0,23.0,4048.0,4048.0,907037.0,17.0,2.0,0.00133516,1.59272e-05,0.00100799,0.00235907,3166.61,0.790608,0.614883,3.0,2334110000.0,2334110000.0,0.107481,-0.00581893,-0.00361494,63.7105,0.43,1.0,48.0,50.0,0.2,100.0
traj_sweep_723,placement,1076.77,1278.42,675.64,675.64,611.0,611.0,0.62747,0.62747,638.0,23.0,23.0,4048.0,4048.0,759.76,1.78174,746.46,13.3,1.78174,376.0,0.717508,72.0,0.00126675,1.55778e-05,0.000972333,0.00225466,2749.5,2341240000.0,2341240000.0,0.106978,0.0,0.0085279,1076.77,1278.42,675.64,675.64,611.0,611.0,0.62747,0.62747,638.0,23.0,23.0,4048.0,4048.0,0.00126675,1.55778e-05,0.000972333,0.00225466,0.776386,0.612764,0.0,2341240000.0,2341240000.0,0.106978,0.0,0.0085279,1076.77,1278.42,675.64,675.64,611.0,611.0,3.77,1.2145,742.353,0.62747,0.62747,638.0,23.0,23.0,4048.0,4048.0,769883.0,14.0,1.0,0.00126693,1.55778e-05,0.000977819,0.00226033,3134.44,0.780532,0.612454,0.0,2334450000.0,2334450000.0,0.107618,0.0,0.0067773,62.747,0.44,1.0,48.0,50.0,0.2,100.0
traj_sweep_725,placement,1076.77,1278.42,671.65,671.65,606.0,606.0,0.623765,0.623765,633.0,23.0,23.0,4048.0,4048.0,755.77,1.24722,746.46,9.31,1.24722,374.0,0.708605,72.0,0.00119683,1.54467e-05,0.000924256,0.00213653,2735.06,2316100000.0,2316100000.0,0.107589,0.0,0.0155462,1076.77,1278.42,671.65,671.65,606.0,606.0,0.623765,0.623765,633.0,23.0,23.0,4048.0,4048.0,0.00119683,1.54467e-05,0.000924256,0.00213653,0.760254,0.620997,0.0,2316100000.0,2316100000.0,0.107589,0.0,0.0155462,1076.77,1278.42,671.65,671.65,606.0,606.0,5.0655,1.225,742.52,0.623765,0.623765,633.0,23.0,23.0,4048.0,4048.0,752768.0,14.0,1.0,0.00119713,1.54467e-05,0.000929885,0.00214247,3111.44,0.767821,0.622304,0.0,2313050000.0,2313050000.0,0.108065,0.0,0.0139368,62.3765,0.46,1.0,48.0,50.0,0.2,100.0
traj_sweep_726,placement,1076.77,1278.42,670.054,670.054,604.0,604.0,0.622283,0.622283,631.0,23.0,23.0,4048.0,4048.0,754.174,1.03341,746.46,7.714,1.03341,370.0,0.713027,73.0,0.00116858,1.54042e-05,0.000901304,0.00208529,2719.89,2294620000.0,2294620000.0,0.106999,0.0,0.0241899,1076.77,1278.42,670.054,670.054,604.0,604.0,0.622283,0.622283,631.0,23.0,23.0,4048.0,4048.0,0.00116858,1.54042e-05,0.000901304,0.00208529,0.773888,0.524136,0.0,2294620000.0,2294620000.0,0.106999,0.0,0.0241899,1076.77,1278.42,670.054,670.054,604.0,604.0,6.015,1.232,744.154,0.622283,0.622283,631.0,23.0,23.0,4048.0,4048.0,733257.0,13.0,1.0,0.00116865,1.54042e-05,0.000904861,0.00208891,3086.52,0.777801,0.528174,0.0,2298690000.0,2298690000.0,0.108072,0.0,0.0228211,62.2283,0.47,1.0,48.0,50.0,0.2,100.0
traj_sweep_727,placement,1076.77,1278.42,669.256,669.256,604.0,604.0,0.621542,0.621542,631.0,23.0,23.0,4048.0,4048.0,753.376,0.926506,746.46,6.916,0.926506,371.0,0.708539,72.0,0.00113981,1.53689e-05,0.000885249,0.00204043,2735.65,2289080000.0,2289080000.0,0.107629,0.0,0.0285108,1076.77,1278.42,669.256,669.256,604.0,604.0,0.621542,0.621542,631.0,23.0,23.0,4048.0,4048.0,0.00113981,1.53689e-05,0.000885249,0.00204043,0.795779,0.541864,0.0,2289080000.0,2289080000.0,0.107629,0.0,0.0285108,1076.77,1278.42,669.256,669.256,604.0,604.0,5.5785,1.2275,741.438,0.621542,0.621542,631.0,23.0,23.0,4048.0,4048.0,809004.0,15.0,2.0,0.00113969,1.53689e-05,0.000886621,0.00204168,3140.15,0.776793,0.543052,0.0,2288950000.0,2288950000.0,0.108235,0.0,0.026102,62.1542,0.48,1.0,48.0,50.0,0.2,100.0
traj_sweep_728,placement,1076.77,1278.42,666.596,666.596,602.0,602.0,0.619071,0.619071,629.0,23.0,23.0,4048.0,4048.0,750.716,0.570158,746.46,4.256,0.570158,380.0,0.706286,71.0,0.00111354,1.52579e-05,0.000869491,0.00199828,2689.16,2282520000.0,2282520000.0,0.10686,0.0,0.0403055,1076.77,1278.42,666.596,666.596,602.0,602.0,0.619071,0.619071,629.0,23.0,23.0,4048.0,4048.0,0.00111354,1.52579e-05,0.000869491,0.00199828,0.781495,0.628291,0.0,2282520000.0,2282520000.0,0.10686,0.0,0.0403055,1076.77,1278.42,666.596,666.596,602.0,602.0,3.8935,1.2585,757.774,0.619071,0.619071,629.0,23.0,23.0,4048.0,4048.0,844554.0,16.0,1.0,0.00111358,1.52579e-05,0.000870038,0.00199888,3111.44,0.776162,0.619543,0.0,2269050000.0,2269050000.0,0.107455,0.0,0.0389124,61.9071,0.49,1.0,48.0,50.0,0.2,100.0
traj_sweep_729,placement,1076.77,1278.42,666.596,666.596,602.0,602.0,0.619071,0.619071,629.0,23.0,23.0,4048.0,4048.0,750.716,0.570158,746.46,4.256,0.570158,375.0,0.704894,71.0,0.00109121,1.52579e-05,0.000850024,0.0019565,2669.4,2269210000.0,2269210000.0,0.107076,0.0,0.045763,1076.77,1278.42,666.596,666.596,602.0,602.0,0.619071,0.619071,629.0,23.0,23.0,4048.0,4048.0,0.00109121,1.52579e-05,0.000850024,0.0019565,0.776907,0.628491,0.0,2269210000.0,2269210000.0,0.107076,0.0,0.045763,1076.77,1278.42,666.596,666.596,602.0,602.0,4.4125,1.221,735.048,0.619071,0.619071,629.0,23.0,23.0,4048.0,4048.0,830371.0,16.0,2.0,0.00109135,1.52579e-05,0.000852915,0.00195952,3084.59,0.757792,0.628112,0.0,2255650000.0,2255650000.0,0.107941,0.0,0.0452241,61.9071,0.5,1.0,48.0,50.0,0.2,100.0
traj_sweep_730,placement,1076.77,1278.42,666.33,666.33,602.0,602.0,0.618824,0.618824,629.0,23.0,23.0,4048.0,4048.0,750.45,0.534523,746.46,3.99,0.534523,375.0,0.695823,72.0,0.00106907,1.5237e-05,0.000828031,0.00191234,2678.92,2210120000.0,2210120000.0,0.107082,0.0,0.057535,1076.77,1278.42,666.33,666.33,602.0,602.0,0.618824,0.618824,629.0,23.0,23.0,4048.0,4048.0,0.00106907,1.5237e-05,0.000828031,0.00191234,0.759092,0.606783,0.0,2210120000.0,2210120000.0,0.107082,0.0,0.057535,1076.77,1278.42,666.33,666.33,602.0,602.0,4.0,1.2625,760.158,0.618824,0.618824,629.0,23.0,23.0,4048.0,4048.0,771474.0,14.0,2.0,0.00106918,1.5237e-05,0.000833001,0.00191741,3064.66,0.782699,0.61243,0.0,2213170000.0,2213170000.0,0.107464,0.0,0.0557622,61.8824,0.51,1.0,48.0,50.0,0.2,100.0
traj_sweep_732,placement,1076.77,1278.42,666.596,666.596,602.0,602.0,0.619071,0.619071,629.0,23.0,23.0,4048.0,4048.0,750.716,0.570158,746.46,4.256,0.570158,374.0,0.706648,70.0,0.00102993,1.52594e-05,0.000801395,0.00184659,2695.81,2278370000.0,2278370000.0,0.106966,0.0,0.0676938,1076.77,1278.42,666.596,666.596,602.0,602.0,0.619071,0.619071,629.0,23.0,23.0,4048.0,4048.0,0.00102993,1.52594e-05,0.000801395,0.00184659,0.788523,0.625122,0.0,2278370000.0,2278370000.0,0.106966,0.0,0.0676938,1076.77,1278.42,666.596,666.596,602.0,602.0,3.9275,1.2615,759.659,0.619071,0.619071,629.0,23.0,23.0,4048.0,4048.0,804258.0,15.0,1.0,0.00102991,1.52594e-05,0.000803123,0.00184829,3097.93,0.805667,0.625643,0.0,2261850000.0,2261850000.0,0.107814,0.0,0.0692823,61.9071,0.53,1.0,48.0,50.0,0.2,100.0
traj_sweep_733,placement,1076.77,1278.42,666.596,666.596,602.0,602.0,0.619071,0.619071,629.0,23.0,23.0,4048.0,4048.0,750.716,0.570158,746.46,4.256,0.570158,374.0,0.686049,70.0,0.00101058,1.52594e-05,0.000780247,0.00180609,2687.03,2204030000.0,2204030000.0,0.107222,0.0,0.0811843,1076.77,1278.42,666.596,666.596,602.0,602.0,0.619071,0.619071,629.0,23.0,23.0,4048.0,4048.0,0.00101058,1.52594e-05,0.000780247,0.00180609,0.761247,0.610633,0.0,2204030000.0,2204030000.0,0.107222,0.0,0.0811843,1076.77,1278.42,666.596,666.596,602.0,602.0,3.818,1.258,757.372,0.619071,0.619071,629.0,23.0,23.0,4048.0,4048.0,744449.0,14.0,2.0,0.00101081,1.52594e-05,0.000785073,0.00181114,3059.26,0.777538,0.6163,0.0,2193620000.0,2193620000.0,0.107649,0.0,0.0792383,61.9071,0.54,1.0,48.0,50.0,0.2,100.0
traj_sweep_734,placement,1076.77,1278.42,666.33,666.33,602.0,602.0,0.618824,0.618824,629.0,23.0,23.0,4048.0,4048.0,750.45,0.534523,746.46,3.99,0.534523,373.0,0.704334,70.0,0.000991288,1.5237e-05,0.000765135,0.00177166,2716.11,2206710000.0,2206710000.0,0.106961,0.0,0.0891779,1076.77,1278.42,666.33,666.33,602.0,602.0,0.618824,0.618824,629.0,23.0,23.0,4048.0,4048.0,0.000991288,1.5237e-05,0.000765135,0.00177166,0.779854,0.617329,0.0,2206710000.0,2206710000.0,0.106961,0.0,0.0891779,1076.77,1278.42,666.33,666.33,602.0,602.0,4.4145,1.2475,751.177,0.618824,0.618824,629.0,23.0,23.0,4048.0,4048.0,791460.0,15.0,2.0,0.000991397,1.5237e-05,0.000769106,0.00177574,3111.84,0.777039,0.615888,0.0,2196330000.0,2196330000.0,0.107847,0.0,0.0882807,61.8824,0.55,1.0,48.0,50.0,0.2,100.0
traj_sweep_735,placement,1076.77,1278.42,665.532,665.532,601.0,601.0,0.618083,0.618083,628.0,23.0,23.0,4048.0,4048.0,749.652,0.427618,746.46,3.192,0.427618,373.0,0.694979,70.0,0.000974351,1.52173e-05,0.000751511,0.00174108,2711.49,2199160000.0,2199160000.0,0.106952,0.0,0.0970277,1076.77,1278.42,665.532,665.532,601.0,601.0,0.618083,0.618083,628.0,23.0,23.0,4048.0,4048.0,0.000974351,1.52173e-05,0.000751511,0.00174108,0.781041,0.555861,0.0,2199160000.0,2199160000.0,0.106952,0.0,0.0970277,1076.77,1278.42,665.532,665.532,601.0,601.0,4.7965,1.2775,767.861,0.618083,0.618083,628.0,23.0,23.0,4048.0,4048.0,817969.0,15.0,1.0,0.000974578,1.52173e-05,0.000756646,0.00174644,3120.48,0.783211,0.555066,0.0,2216690000.0,2216690000.0,0.107741,0.0,0.0942693,61.8083,0.56,1.0,48.0,50.0,0.2,100.0
traj_sweep_736,placement,1076.77,1278.42,665.532,665.532,601.0,601.0,0.618083,0.618083,628.0,23.0,23.0,4048.0,4048.0,749.652,0.427618,746.46,3.192,0.427618,373.0,0.694979,70.0,0.000957257,1.52173e-05,0.000738326,0.0017108,2711.49,2199160000.0,2199160000.0,0.106952,0.0,0.105028,1076.77,1278.42,665.532,665.532,601.0,601.0,0.618083,0.618083,628.0,23.0,23.0,4048.0,4048.0,0.000957257,1.52173e-05,0.000738326,0.0017108,0.781041,0.555861,0.0,2199160000.0,2199160000.0,0.106952,0.0,0.105028,1076.77,1278.42,665.532,665.532,601.0,601.0,4.7965,1.2775,767.861,0.618083,0.618083,628.0,23.0,23.0,4048.0,4048.0,817969.0,15.0,1.0,0.000957479,1.52173e-05,0.000743371,0.00171607,3120.48,0.783211,0.555066,0.0,2216690000.0,2216690000.0,0.107741,0.0,0.102269,61.8083,0.57,1.0,48.0,50.0,0.2,100.0
traj_sweep_737,placement,1076.77,1278.42,665.0,665.0,600.0,600.0,0.617589,0.617589,627.0,23.0,23.0,4048.0,4048.0,749.12,0.356349,746.46,2.66,0.356349,375.0,0.678675,71.0,0.00094159,1.52175e-05,0.000725099,0.00168191,2692.67,2201120000.0,2201120000.0,0.10706,0.0,0.112814,1076.77,1278.42,665.0,665.0,600.0,600.0,0.617589,0.617589,627.0,23.0,23.0,4048.0,4048.0,0.00094159,1.52175e-05,0.000725099,0.00168191,0.805662,0.476995,0.0,2201120000.0,2201120000.0,0.10706,0.0,0.112814,1076.77,1278.42,665.0,665.0,600.0,600.0,4.482,1.307,784.475,0.617589,0.617589,627.0,23.0,23.0,4048.0,4048.0,773021.0,14.0,3.0,0.000941816,1.52175e-05,0.000728482,0.00168552,3079.18,0.772985,0.479981,0.0,2211540000.0,2211540000.0,0.107598,0.0,0.111375,61.7589,0.58,1.0,48.0,50.0,0.2,100.0
traj_sweep_738,placement,1076.77,1278.42,665.0,665.0,600.0,600.0,0.617589,0.617589,627.0,23.0,23.0,4048.0,4048.0,749.12,0.356349,746.46,2.66,0.356349,374.0,0.697135,70.0,0.000925183,1.52175e-05,0.0007139,0.0016543,2708.35,2195300000.0,2195300000.0,0.106945,0.0,0.120927,1076.77,1278.42,665.0,665.0,600.0,600.0,0.617589,0.617589,627.0,23.0,23.0,4048.0,4048.0,0.000925183,1.52175e-05,0.0007139,0.0016543,0.780832,0.552578,0.0,2195300000.0,2195300000.0,0.106945,0.0,0.120927,1076.77,1278.42,665.0,665.0,600.0,600.0,4.3985,1.2475,748.779,0.617589,0.617589,627.0,23.0,23.0,4048.0,4048.0,798510.0,15.0,1.0,0.000925239,1.52175e-05,0.000718481,0.00165894,3107.61,0.793739,0.558289,0.0,2203710000.0,2203710000.0,0.107414,0.0,0.117854,61.7589,0.59,1.0,48.0,50.0,0.2,100.0
traj_sweep_739,placement,1076.77,1278.42,665.798,665.798,600.0,600.0,0.61833,0.61833,627.0,23.0,23.0,4048.0,4048.0,749.918,0.463253,746.46,3.458,0.463253,376.0,0.693021,70.0,0.000910361,1.5262e-05,0.000701221,0.00162684,2699.62,2207480000.0,2207480000.0,0.107079,0.0,0.128742,1076.77,1278.42,665.798,665.798,600.0,600.0,0.61833,0.61833,627.0,23.0,23.0,4048.0,4048.0,0.000910361,1.5262e-05,0.000701221,0.00162684,0.760498,0.553864,0.0,2207480000.0,2207480000.0,0.107079,0.0,0.128742,1076.77,1278.42,665.798,665.798,600.0,600.0,4.1775,1.2565,754.09,0.61833,0.61833,627.0,23.0,23.0,4048.0,4048.0,765080.0,14.0,1.0,0.000910546,1.5262e-05,0.000706644,0.00163245,3082.16,0.737633,0.555381,0.0,2213080000.0,2213080000.0,0.107399,0.0,0.125865,61.833,0.6,1.0,48.0,50.0,0.2,100.0
traj_sweep_740,placement,1076.77,1278.42,665.798,665.798,600.0,600.0,0.61833,0.61833,627.0,23.0,23.0,4048.0,4048.0,749.918,0.463253,746.46,3.458,0.463253,376.0,0.69283,70.0,0.000895437,1.5262e-05,0.000689629,0.00160033,2698.47,2207910000.0,2207910000.0,0.107082,0.0,0.136673,1076.77,1278.42,665.798,665.798,600.0,600.0,0.61833,0.61833,627.0,23.0,23.0,4048.0,4048.0,0.000895437,1.5262e-05,0.000689629,0.00160033,0.760264,0.554094,0.0,2207910000.0,2207910000.0,0.107082,0.0,0.136673,1076.77,1278.42,665.798,665.798,600.0,600.0,4.305,1.257,754.273,0.61833,0.61833,627.0,23.0,23.0,4048.0,4048.0,786179.0,15.0,1.0,0.000895804,1.5262e-05,0.000694222,0.00160529,3091.56,0.746471,0.553293,0.0,2213960000.0,2213960000.0,0.107961,0.0,0.135101,61.833,0.61,1.0,48.0,50.0,0.2,100.0
traj_sweep_741,placement,1076.77,1278.42,665.0,665.0,600.0,600.0,0.617589,0.617589,627.0,23.0,23.0,4048.0,4048.0,749.12,0.356349,746.46,2.66,0.356349,374.0,0.691376,67.0,0.000880659,1.52175e-05,0.000678072,0.00157395,2705.83,2211680000.0,2211680000.0,0.107034,0.0,0.145535,1076.77,1278.42,665.0,665.0,600.0,600.0,0.617589,0.617589,627.0,23.0,23.0,4048.0,4048.0,0.000880659,1.52175e-05,0.000678072,0.00157395,0.762737,0.553101,0.0,2211680000.0,2211680000.0,0.107034,0.0,0.145535,1076.77,1278.42,665.0,665.0,600.0,600.0,3.681,1.2475,748.683,0.617589,0.617589,627.0,23.0,23.0,4048.0,4048.0,781929.0,14.0,1.0,0.000880932,1.52175e-05,0.000683473,0.00157962,3096.8,0.767821,0.550712,0.0,2219030000.0,2219030000.0,0.107981,0.0,0.140749,61.7589,0.62,1.0,48.0,50.0,0.2,100.0
traj_sweep_742,placement,1076.77,1278.42,843.486,843.486,721.0,721.0,0.78335,0.78335,748.0,23.0,23.0,4048.0,4048.0,903.916,14.256,791.132,112.784,14.256,371.0,0.730149,64.0,0.00518238,2.14569e-05,0.00375436,0.0089582,2922.38,2504100000.0,2504100000.0,0.0707255,-12.261,-0.259345,1076.77,1278.42,843.486,843.486,721.0,721.0,0.78335,0.78335,748.0,23.0,23.0,4048.0,4048.0,0.00518238,2.14569e-05,0.00375436,0.0089582,0.753434,0.747225,53.0,2504100000.0,2504100000.0,0.0707255,-12.261,-0.259345,1076.77,1278.42,843.486,843.486,721.0,721.0,5.1425,1.315,948.243,0.78335,0.78335,748.0,23.0,23.0,4048.0,4048.0,1287510.0,22.0,5.0,0.00518293,2.14569e-05,0.00378663,0.00899102,3566.14,0.767749,0.754155,53.0,2473390000.0,2473390000.0,0.0710168,-12.3958,-0.264303,78.335,0.14,1.0,49.0,50.0,0.2,100.0
traj_sweep_743,placement,1076.77,1278.42,841.624,841.624,719.0,719.0,0.781621,0.781621,746.0,23.0,23.0,4048.0,4048.0,902.054,14.0207,791.132,110.922,14.0207,370.0,0.704469,65.0,0.00480793,2.14161e-05,0.00349398,0.00832333,2907.58,2505990000.0,2505990000.0,0.072749,-11.7383,-0.249043,1076.77,1278.42,841.624,841.624,719.0,719.0,0.781621,0.781621,746.0,23.0,23.0,4048.0,4048.0,0.00480793,2.14161e-05,0.00349398,0.00832333,0.758687,0.749767,53.0,2505990000.0,2505990000.0,0.072749,-11.7383,-0.249043,1076.77,1278.42,841.624,841.624,719.0,719.0,4.8725,1.3255,953.133,0.781621,0.781621,746.0,23.0,23.0,4048.0,4048.0,1285030.0,22.0,5.0,0.00480928,2.14161e-05,0.00352779,0.00835848,3550.1,0.756463,0.748691,53.0,2481860000.0,2481860000.0,0.0728213,-11.8779,-0.252924,78.1621,0.15,1.0,49.0,50.0,0.2,100.0
traj_sweep_744,placement,1076.77,1278.42,841.624,841.624,719.0,719.0,0.781621,0.781621,746.0,23.0,23.0,4048.0,4048.0,902.054,14.0207,791.132,110.922,14.0207,372.0,0.695239,65.0,0.0045079,2.1417e-05,0.00327454,0.00780386,2914.82,2503090000.0,2503090000.0,0.0748557,-11.2447,-0.239506,1076.77,1278.42,841.624,841.624,719.0,719.0,0.781621,0.781621,746.0,23.0,23.0,4048.0,4048.0,0.0045079,2.1417e-05,0.00327454,0.00780386,0.765023,0.752836,53.0,2503090000.0,2503090000.0,0.0748557,-11.2447,-0.239506,1076.77,1278.42,841.624,841.624,719.0,719.0,6.216,1.2615,907.064,0.781621,0.781621,746.0,23.0,23.0,4048.0,4048.0,1199360.0,21.0,4.0,0.00450863,2.1417e-05,0.00330406,0.00783411,3514.5,0.774834,0.757582,53.0,2481090000.0,2481090000.0,0.0744838,-11.3747,-0.243049,78.1621,0.16,1.0,49.0,50.0,0.2,100.0
traj_sweep_745,placement,1076.77,1278.42,837.9,837.9,715.0,715.0,0.778162,0.778162,742.0,23.0,23.0,4048.0,4048.0,898.33,13.5499,791.132,107.198,13.5499,379.0,0.716833,65.0,0.0041912,2.1286e-05,0.00307186,0.00728435,2923.74,2501640000.0,2501640000.0,0.0768685,-10.7012,-0.229738,1076.77,1278.42,837.9,837.9,715.0,715.0,0.778162,0.778162,742.0,23.0,23.0,4048.0,4048.0,0.0041912,2.1286e-05,0.00307186,0.00728435,0.775278,0.757796,53.0,2501640000.0,2501640000.0,0.0768685,-10.7012,-0.229738,1076.77,1278.42,837.9,837.9,715.0,715.0,4.813,1.27,908.406,0.778162,0.778162,742.0,23.0,23.0,4048.0,4048.0,1200060.0,21.0,6.0,0.00419188,2.1286e-05,0.00309598,0.00730914,3523.76,0.775914,0.758103,53.0,2489660000.0,2489660000.0,0.0777462,-10.8162,-0.231661,77.8162,0.17,1.0,49.0,50.0,0.2,100.0
traj_sweep_746,placement,1076.77,1278.42,835.506,835.506,712.0,712.0,0.775939,0.775939,739.0,23.0,23.0,4048.0,4048.0,895.936,13.2473,791.132,104.804,13.2473,378.0,0.713634,65.0,0.00391684,2.12227e-05,0.00288572,0.00682379,2915.62,2502940000.0,2502940000.0,0.0787703,-10.1664,-0.21953,1076.77,1278.42,835.506,835.506,712.0,712.0,0.775939,0.775939,739.0,23.0,23.0,4048.0,4048.0,0.00391684,2.12227e-05,0.00288572,0.00682379,0.755825,0.748382,53.0,2502940000.0,2502940000.0,0.0787703,-10.1664,-0.21953,1076.77,1278.42,835.506,835.506,712.0,712.0,4.6885,1.348,960.011,0.775939,0.775939,739.0,23.0,23.0,4048.0,4048.0,1276570.0,22.0,3.0,0.00391767,2.12227e-05,0.00290764,0.00684654,3553.91,0.786154,0.763055,53.0,2485070000.0,2485070000.0,0.0791,-10.2739,-0.222404,77.5939,0.18,1.0,49.0,50.0,0.2,100.0
traj_sweep_747,placement,1076.77,1278.42,835.506,835.506,712.0,712.0,0.775939,0.775939,739.0,23.0,23.0,4048.0,4048.0,895.936,13.2473,791.132,104.804,13.2473,378.0,0.713638,65.0,0.00371068,2.12227e-05,0.00273348,0.00646538,2915.98,2502680000.0,2502680000.0,0.080778,-9.67277,-0.209572,1076.77,1278.42,835.506,835.506,712.0,712.0,0.775939,0.775939,739.0,23.0,23.0,4048.0,4048.0,0.00371068,2.12227e-05,0.00273348,0.00646538,0.756972,0.748937,53.0,2502680000.0,2502680000.0,0.080778,-9.67277,-0.209572,1076.77,1278.42,835.506,835.506,712.0,712.0,5.056,1.2895,918.157,0.775939,0.775939,739.0,23.0,23.0,4048.0,4048.0,1220110.0,21.0,3.0,0.00371167,2.12227e-05,0.00275324,0.00648613,3526.04,0.775842,0.758069,53.0,2484250000.0,2484250000.0,0.08072,-9.79155,-0.212536,77.5939,0.19,1.0,49.0,50.0,0.2,100.0
traj_sweep_748,placement,1076.77,1278.42,834.974,834.974,711.0,711.0,0.775445,0.775445,738.0,23.0,23.0,4048.0,4048.0,895.404,13.1801,791.132,104.272,13.1801,379.0,0.7193,65.0,0.0035138,2.12246e-05,0.00259565,0.00613068,2924.94,2502430000.0,2502430000.0,0.0828218,-9.14868,-0.199611,1076.77,1278.42,834.974,834.974,711.0,711.0,0.775445,0.775445,738.0,23.0,23.0,4048.0,4048.0,0.0035138,2.12246e-05,0.00259565,0.00613068,0.771763,0.756097,53.0,2502430000.0,2502430000.0,0.0828218,-9.14868,-0.199611,1076.77,1278.42,834.974,834.974,711.0,711.0,5.335,1.269,902.301,0.775445,0.775445,738.0,23.0,23.0,4048.0,4048.0,1130190.0,19.0,4.0,0.00351491,2.12246e-05,0.00261502,0.00615115,3490.04,0.774027,0.757191,53.0,2484000000.0,2484000000.0,0.0828148,-9.25491,-0.202577,77.5445,0.2,1.0,49.0,50.0,0.2,100.0
traj_sweep_749,placement,1076.77,1278.42,832.58,832.58,708.0,708.0,0.773221,0.773221,735.0,23.0,23.0,4048.0,4048.0,893.01,12.8775,791.132,101.878,12.8775,376.0,0.701202,66.0,0.00332338,2.1157e-05,0.00246717,0.00581171,2913.92,2503540000.0,2503540000.0,0.0847914,-8.58268,-0.189435,1076.77,1278.42,832.58,832.58,708.0,708.0,0.773221,0.773221,735.0,23.0,23.0,4048.0,4048.0,0.00332338,2.1157e-05,0.00246717,0.00581171,0.76862,0.754577,53.0,2503540000.0,2503540000.0,0.0847914,-8.58268,-0.189435,1076.77,1278.42,832.58,832.58,708.0,708.0,4.276,1.2575,890.662,0.773221,0.773221,735.0,23.0,23.0,4048.0,4048.0,1146450.0,20.0,2.0,0.00332386,2.1157e-05,0.00248359,0.00582861,3487.14,0.76648,0.753541,53.0,2484330000.0,2484330000.0,0.0848952,-8.72379,-0.192523,77.3221,0.21,1.0,49.0,50.0,0.2,100.0
traj_sweep_750,placement,1076.77,1278.42,830.718,830.718,705.0,705.0,0.771492,0.771492,732.0,23.0,23.0,4048.0,4048.0,891.148,12.6421,791.132,100.016,12.6421,379.0,0.734526,66.0,0.00315413,2.11153e-05,0.00234778,0.00552303,2914.11,2501870000.0,2501870000.0,0.0868799,-8.07462,-0.179702,1076.77,1278.42,830.718,830.718,705.0,705.0,0.771492,0.771492,732.0,23.0,23.0,4048.0,4048.0,0.00315413,2.11153e-05,0.00234778,0.00552303,0.766883,0.753736,53.0,2501870000.0,2501870000.0,0.0868799,-8.07462,-0.179702,1076.77,1278.42,830.718,830.718,705.0,705.0,5.405,1.282,903.962,0.771492,0.771492,732.0,23.0,23.0,4048.0,4048.0,1173420.0,20.0,4.0,0.00315482,2.11153e-05,0.00236833,0.00554427,3500.82,0.774799,0.757565,53.0,2485180000.0,2485180000.0,0.0870924,-8.1763,-0.182385,77.1492,0.22,1.0,49.0,50.0,0.2,100.0
traj_sweep_751,placement,1076.77,1278.42,832.314,832.314,706.0,706.0,0.772974,0.772974,733.0,23.0,23.0,4048.0,4048.0,892.744,12.8439,791.132,101.612,12.8439,379.0,0.716815,67.0,0.00302706,2.11997e-05,0.0022496,0.00529786,2911.39,2495760000.0,2495760000.0,0.0886463,-7.53016,-0.170679,1076.77,1278.42,832.314,832.314,706.0,706.0,0.772974,0.772974,733.0,23.0,23.0,4048.0,4048.0,0.00302706,2.11997e-05,0.0022496,0.00529786,0.769668,0.755083,53.0,2495760000.0,2495760000.0,0.0886463,-7.53016,-0.170679,1076.77,1278.42,832.314,832.314,706.0,706.0,5.62,1.3015,919.091,0.772974,0.772974,733.0,23.0,23.0,4048.0,4048.0,1246710.0,21.0,4.0,0.00302764,2.11997e-05,0.00226803,0.00531687,3534.75,0.75516,0.74806,53.0,2471930000.0,2471930000.0,0.0886847,-7.66252,-0.174542,77.2974,0.23,1.0,49.0,50.0,0.2,100.0
traj_sweep_752,placement,1076.77,1278.42,835.772,835.772,712.0,712.0,0.776186,0.776186,739.0,23.0,23.0,4048.0,4048.0,896.169,13.4341,790.035,106.134,13.4341,372.0,0.707283,66.0,0.00290975,2.12588e-05,0.00216149,0.0050925,2918.16,2495710000.0,2495710000.0,0.0906492,-7.13124,-0.160688,1076.77,1278.42,835.772,835.772,712.0,712.0,0.776186,0.776186,739.0,23.0,23.0,4048.0,4048.0,0.00290975,2.12588e-05,0.00216149,0.0050925,0.779387,0.759784,52.0,2495710000.0,2495710000.0,0.0906492,-7.13124,-0.160688,1076.77,1278.42,835.772,835.772,712.0,712.0,6.3065,1.3505,961.746,0.776186,0.776186,739.0,23.0,23.0,4048.0,4048.0,1427450.0,24.0,5.0,0.00291008,2.12588e-05,0.00217777,0.00510911,3631.89,0.771557,0.755997,52.0,2473540000.0,2473540000.0,0.0907267,-7.27585,-0.164279,77.6186,0.24,1.0,49.0,50.0,0.2,100.0
traj_sweep_753,placement,1076.77,1278.42,827.526,827.526,711.0,711.0,0.768528,0.768528,738.0,23.0,23.0,4048.0,4048.0,888.475,13.2197,784.735,103.74,13.2197,375.0,0.72427,66.0,0.00277926,2.08669e-05,0.0020474,0.00484752,2925.08,2506480000.0,2506480000.0,0.0923091,-6.6275,-0.148966,1076.77,1278.42,827.526,827.526,711.0,711.0,0.768528,0.768528,738.0,23.0,23.0,4048.0,4048.0,0.00277926,2.08669e-05,0.0020474,0.00484752,0.740788,0.741106,51.0,2506480000.0,2506480000.0,0.0923091,-6.6275,-0.148966,1076.77,1278.42,827.526,827.526,711.0,711.0,5.5015,1.349,959.171,0.768528,0.768528,738.0,23.0,23.0,4048.0,4048.0,1165690.0,20.0,3.0,0.0027797,2.08669e-05,0.00206606,0.00486662,3507.92,0.743718,0.742523,51.0,2494110000.0,2494110000.0,0.0928891,-6.72652,-0.150944,76.8528,0.25,1.0,49.0,50.0,0.2,100.0
traj_sweep_754,placement,1076.77,1278.42,826.196,826.196,709.0,709.0,0.767292,0.767292,736.0,23.0,23.0,4048.0,4048.0,887.025,13.1674,783.817,103.208,13.1674,373.0,0.706494,64.0,0.0026498,2.08163e-05,0.00196859,0.00463921,2906.12,2489760000.0,2489760000.0,0.0946315,-6.10281,-0.141645,1076.77,1278.42,826.196,826.196,709.0,709.0,0.767292,0.767292,736.0,23.0,23.0,4048.0,4048.0,0.0026498,2.08163e-05,0.00196859,0.00463921,0.759616,0.750217,50.0,2489760000.0,2489760000.0,0.0946315,-6.10281,-0.141645,1076.77,1278.42,826.196,826.196,709.0,709.0,5.781,1.368,970.221,0.767292,0.767292,736.0,23.0,23.0,4048.0,4048.0,1248360.0,21.0,3.0,0.00264987,2.08163e-05,0.00198455,0.00465523,3530.3,0.761959,0.751353,50.0,2464880000.0,2464880000.0,0.0948005,-6.24526,-0.145699,76.7292,0.26,1.0,49.0,50.0,0.2,100.0
traj_sweep_755,placement,1076.77,1278.42,822.472,822.472,710.0,710.0,0.763834,0.763834,737.0,23.0,23.0,4048.0,4048.0,883.386,12.9976,781.774,101.612,12.9976,374.0,0.712297,68.0,0.0025397,2.05917e-05,0.00188833,0.00444863,2860.33,2491140000.0,2491140000.0,0.0965178,-5.74567,-0.131423,1076.77,1278.42,822.472,822.472,710.0,710.0,0.763834,0.763834,737.0,23.0,23.0,4048.0,4048.0,0.0025397,2.05917e-05,0.00188833,0.00444863,0.753921,0.747461,49.0,2491140000.0,2491140000.0,0.0965178,-5.74567,-0.131423,1076.77,1278.42,822.472,822.472,710.0,710.0,5.501,1.322,938.627,0.763834,0.763834,737.0,23.0,23.0,4048.0,4048.0,1225540.0,21.0,3.0,0.00254023,2.05917e-05,0.0019044,0.00446522,3473.1,0.75764,0.74926,49.0,2466460000.0,2466460000.0,0.0964875,-5.85826,-0.135439,76.3834,0.27,1.0,49.0,50.0,0.2,100.0
traj_sweep_756,placement,1076.77,1278.42,823.536,823.536,711.0,711.0,0.764822,0.764822,738.0,23.0,23.0,4048.0,4048.0,884.45,13.1337,781.774,102.676,13.1337,376.0,0.718272,68.0,0.00244768,2.06349e-05,0.00181855,0.00428686,2871.06,2484540000.0,2484540000.0,0.0983615,-5.26336,-0.122489,1076.77,1278.42,823.536,823.536,711.0,711.0,0.764822,0.764822,738.0,23.0,23.0,4048.0,4048.0,0.00244768,2.06349e-05,0.00181855,0.00428686,0.789292,0.764572,49.0,2484540000.0,2484540000.0,0.0983615,-5.26336,-0.122489,1076.77,1278.42,823.536,823.536,711.0,711.0,4.9025,1.3285,944.769,0.764822,0.764822,738.0,23.0,23.0,4048.0,4048.0,1220630.0,21.0,2.0,0.0024486,2.06349e-05,0.00183445,0.00430369,3481.37,0.789965,0.764898,49.0,2442210000.0,2442210000.0,0.0988796,-5.40333,-0.129464,76.4822,0.28,1.0,49.0,50.0,0.2,100.0
traj_sweep_757,placement,1076.77,1278.42,818.482,818.482,702.0,702.0,0.760128,0.760128,729.0,23.0,23.0,4048.0,4048.0,879.396,12.4872,781.774,97.622,12.4872,373.0,0.697093,65.0,0.00235573,2.06005e-05,0.001753,0.00412933,2890.52,2459180000.0,2459180000.0,0.10058,-4.80477,-0.116639,1076.77,1278.42,818.482,818.482,702.0,702.0,0.760128,0.760128,729.0,23.0,23.0,4048.0,4048.0,0.00235573,2.06005e-05,0.001753,0.00412933,0.765795,0.75321,49.0,2459180000.0,2459180000.0,0.10058,-4.80477,-0.116639,1076.77,1278.42,818.482,818.482,702.0,702.0,5.2705,1.2845,902.028,0.760128,0.760128,729.0,23.0,23.0,4048.0,4048.0,1161240.0,20.0,2.0,0.00235619,2.06005e-05,0.00176616,0.00414296,3471.13,0.774027,0.757192,49.0,2442440000.0,2442440000.0,0.101125,-4.90077,-0.119427,76.0128,0.29,1.0,49.0,50.0,0.2,100.0
traj_sweep_758,placement,1076.77,1278.42,818.216,818.216,703.0,703.0,0.759881,0.759881,730.0,23.0,23.0,4048.0,4048.0,879.13,12.4532,781.774,97.356,12.4532,374.0,0.698121,66.0,0.00229042,2.055e-05,0.00170174,0.00401271,2930.36,2488010000.0,2488010000.0,0.102494,-4.3351,-0.101927,1076.77,1278.42,818.216,818.216,703.0,703.0,0.759881,0.759881,730.0,23.0,23.0,4048.0,4048.0,0.00229042,2.055e-05,0.00170174,0.00401271,0.721931,0.72506,49.0,2488010000.0,2488010000.0,0.102494,-4.3351,-0.101927,1076.77,1278.42,818.216,818.216,703.0,703.0,6.1335,1.3265,932.586,0.759881,0.759881,730.0,23.0,23.0,4048.0,4048.0,1230530.0,21.0,4.0,0.0022908,2.055e-05,0.00171441,0.00402576,3545.62,0.72141,0.71763,49.0,2474260000.0,2474260000.0,0.1024,-4.42989,-0.104161,75.9881,0.3,1.0,49.0,50.0,0.2,100.0
traj_sweep_759,placement,1076.77,1278.42,813.694,813.694,704.0,704.0,0.755682,0.755682,731.0,23.0,23.0,4048.0,4048.0,875.8,12.545,778.178,97.622,12.545,372.0,0.716951,65.0,0.00220748,2.03812e-05,0.00162548,0.00385334,2798.91,2468660000.0,2468660000.0,0.104553,-3.87367,-0.0950781,1076.77,1278.42,813.694,813.694,704.0,704.0,0.755682,0.755682,731.0,23.0,23.0,4048.0,4048.0,0.00220748,2.03812e-05,0.00162548,0.00385334,0.754725,0.74785,48.0,2468660000.0,2468660000.0,0.104553,-3.87367,-0.0950781,1076.77,1278.42,813.694,813.694,704.0,704.0,5.25,1.3395,943.346,0.755682,0.755682,731.0,23.0,23.0,4048.0,4048.0,1348200.0,24.0,6.0,0.00220815,2.03812e-05,0.00164208,0.00387062,3473.01,0.763975,0.752329,48.0,2454300000.0,2454300000.0,0.105107,-4.00652,-0.0974479,75.5682,0.31,1.0,49.0,50.0,0.2,100.0
traj_sweep_760,placement,1076.77,1278.42,804.916,804.916,693.0,693.0,0.74753,0.74753,720.0,23.0,23.0,4048.0,4048.0,867.022,11.4169,778.178,88.844,11.4169,376.0,0.707363,66.0,0.00209775,2.01274e-05,0.00156171,0.00367959,2835.7,2496650000.0,2496650000.0,0.106358,-3.31344,-0.084481,1076.77,1278.42,804.916,804.916,693.0,693.0,0.74753,0.74753,720.0,23.0,23.0,4048.0,4048.0,0.00209775,2.01274e-05,0.00156171,0.00367959,0.760607,0.750696,48.0,2496650000.0,2496650000.0,0.106358,-3.31344,-0.084481,1076.77,1278.42,804.916,804.916,693.0,693.0,4.608,1.3505,936.081,0.74753,0.74753,720.0,23.0,23.0,4048.0,4048.0,1201620.0,21.0,4.0,0.00209825,2.01274e-05,0.00157658,0.00369496,3436.51,0.760274,0.750535,48.0,2476220000.0,2476220000.0,0.106896,-3.41434,-0.0843828,74.753,0.32,1.0,49.0,50.0,0.2,100.0
traj_sweep_761,placement,1076.77,1278.42,796.936,796.936,685.0,685.0,0.740119,0.740119,712.0,23.0,23.0,4048.0,4048.0,859.042,10.3915,778.178,80.864,10.3915,372.0,0.726176,69.0,0.00201355,1.98475e-05,0.00151631,0.00354971,2906.52,2478090000.0,2478090000.0,0.107378,-3.01323,-0.077181,1076.77,1278.42,796.936,796.936,685.0,685.0,0.740119,0.740119,712.0,23.0,23.0,4048.0,4048.0,0.00201355,1.98475e-05,0.00151631,0.00354971,0.785801,0.682511,47.0,2478090000.0,2478090000.0,0.107378,-3.01323,-0.077181,1076.77,1278.42,796.936,796.936,685.0,685.0,5.283,1.3555,928.736,0.740119,0.740119,712.0,23.0,23.0,4048.0,4048.0,1226450.0,21.0,3.0,0.00201395,1.98475e-05,0.00152682,0.00356062,3519.75,0.796764,0.675204,47.0,2465500000.0,2465500000.0,0.107687,-3.15266,-0.0784447,74.0119,0.33,1.0,49.0,50.0,0.2,100.0
traj_sweep_762,placement,1076.77,1278.42,792.148,792.148,689.0,689.0,0.735672,0.735672,716.0,23.0,23.0,4048.0,4048.0,856.742,10.7259,773.75,82.992,10.7259,367.0,0.736636,69.0,0.00194169,1.9581e-05,0.00144283,0.0034041,2796.06,2457760000.0,2457760000.0,0.107493,-2.66809,-0.0668749,1076.77,1278.42,792.148,792.148,689.0,689.0,0.735672,0.735672,716.0,23.0,23.0,4048.0,4048.0,0.00194169,1.9581e-05,0.00144283,0.0034041,0.804101,0.771726,48.0,2457760000.0,2457760000.0,0.107493,-2.66809,-0.0668749,1076.77,1278.42,792.148,792.148,689.0,689.0,5.4655,1.318,908.408,0.735672,0.735672,716.0,23.0,23.0,4048.0,4048.0,1237700.0,22.0,3.0,0.00194221,1.9581e-05,0.00145578,0.00341757,3414.91,0.793701,0.766702,48.0,2454790000.0,2454790000.0,0.107777,-2.75206,-0.0673675,73.5672,0.34,1.0,49.0,50.0,0.2,100.0
traj_sweep_763,placement,1076.77,1278.42,789.488,789.488,688.0,688.0,0.733202,0.733202,715.0,23.0,23.0,4048.0,4048.0,854.082,10.3822,773.75,80.332,10.3822,372.0,0.70467,69.0,0.00187381,1.94326e-05,0.00140006,0.0032933,2763.91,2463360000.0,2463360000.0,0.107026,-2.25733,-0.0559489,1076.77,1278.42,789.488,789.488,688.0,688.0,0.733202,0.733202,715.0,23.0,23.0,4048.0,4048.0,0.00187381,1.94326e-05,0.00140006,0.0032933,0.760222,0.750508,48.0,2463360000.0,2463360000.0,0.107026,-2.25733,-0.0559489,1076.77,1278.42,789.488,789.488,688.0,688.0,5.239,1.286,885.066,0.733202,0.733202,715.0,23.0,23.0,4048.0,4048.0,1058430.0,19.0,2.0,0.00187418,1.94326e-05,0.00141328,0.00330689,3293.12,0.755584,0.748261,48.0,2445000000.0,2445000000.0,0.108004,-2.36688,-0.0589974,73.3202,0.35,1.0,49.0,50.0,0.2,100.0
traj_sweep_764,placement,1076.77,1278.42,789.754,789.754,687.0,687.0,0.733449,0.733449,714.0,23.0,23.0,4048.0,4048.0,854.348,10.4165,773.75,80.598,10.4165,375.0,0.729327,69.0,0.00182482,1.94741e-05,0.00136153,0.00320583,2770.64,2440700000.0,2440700000.0,0.106988,-1.89864,-0.0497184,1076.77,1278.42,789.754,789.754,687.0,687.0,0.733449,0.733449,714.0,23.0,23.0,4048.0,4048.0,0.00182482,1.94741e-05,0.00136153,0.00320583,0.793736,0.766692,47.0,2440700000.0,2440700000.0,0.106988,-1.89864,-0.0497184,1076.77,1278.42,789.754,789.754,687.0,687.0,5.188,1.2475,857.341,0.733449,0.733449,714.0,23.0,23.0,4048.0,4048.0,1055620.0,19.0,2.0,0.00182512,1.94741e-05,0.00137178,0.00321637,3298.45,0.785137,0.762548,47.0,2442970000.0,2442970000.0,0.107139,-1.93785,-0.0493793,73.3449,0.36,1.0,49.0,50.0,0.2,100.0
traj_sweep_765,placement,1076.77,1278.42,786.828,786.828,685.0,685.0,0.730731,0.730731,712.0,23.0,23.0,4048.0,4048.0,851.985,10.1446,773.515,78.47,10.1446,374.0,0.72308,68.0,0.00176175,1.93979e-05,0.00131313,0.00309428,2773.52,2445890000.0,2445890000.0,0.106792,-1.36714,-0.0388489,1076.77,1278.42,786.828,786.828,685.0,685.0,0.730731,0.730731,712.0,23.0,23.0,4048.0,4048.0,0.00176175,1.93979e-05,0.00131313,0.00309428,0.7807,0.675954,47.0,2445890000.0,2445890000.0,0.106792,-1.36714,-0.0388489,1076.77,1278.42,786.828,786.828,685.0,685.0,6.909,1.274,872.736,0.730731,0.730731,712.0,23.0,23.0,4048.0,4048.0,1068910.0,19.0,2.0,0.00176226,1.93979e-05,0.00132721,0.00310887,3307.98,0.775914,0.673383,47.0,2455120000.0,2455120000.0,0.107362,-1.46105,-0.0419711,73.0731,0.37,1.0,49.0,50.0,0.2,100.0
traj_sweep_766,placement,1076.77,1278.42,785.232,785.232,687.0,687.0,0.729249,0.729249,714.0,23.0,23.0,4048.0,4048.0,851.631,10.1492,773.161,78.47,10.1492,369.0,0.70579,68.0,0.00172133,1.92943e-05,0.00127667,0.0030173,2784.27,2429380000.0,2429380000.0,0.107506,-0.923693,-0.0316276,1076.77,1278.42,785.232,785.232,687.0,687.0,0.729249,0.729249,714.0,23.0,23.0,4048.0,4048.0,0.00172133,1.92943e-05,0.00127667,0.0030173,0.784595,0.739281,46.0,2429380000.0,2429380000.0,0.107506,-0.923693,-0.0316276,1076.77,1278.42,785.232,785.232,687.0,687.0,4.3915,1.35,927.53,0.729249,0.729249,714.0,23.0,23.0,4048.0,4048.0,1136970.0,20.0,5.0,0.00172153,1.92943e-05,0.00128681,0.00302763,3352.76,0.783388,0.735654,46.0,2439020000.0,2439020000.0,0.107973,-0.989843,-0.0357411,72.9249,0.38,1.0,49.0,50.0,0.2,100.0
traj_sweep_767,placement,1076.77,1278.42,784.7,784.7,686.0,686.0,0.728755,0.728755,713.0,23.0,23.0,4048.0,4048.0,851.951,10.2209,772.949,79.002,10.2209,374.0,0.703711,70.0,0.00169109,1.93059e-05,0.00124728,0.00295768,2794.17,2441050000.0,2441050000.0,0.107327,-0.544298,-0.0251453,1076.77,1278.42,784.7,784.7,686.0,686.0,0.728755,0.728755,713.0,23.0,23.0,4048.0,4048.0,0.00169109,1.93059e-05,0.00124728,0.00295768,0.806358,0.647098,44.0,2441050000.0,2441050000.0,0.107327,-0.544298,-0.0251453,1076.77,1278.42,784.7,784.7,686.0,686.0,5.9565,1.299,891.142,0.728755,0.728755,713.0,23.0,23.0,4048.0,4048.0,1187820.0,21.0,3.0,0.00169154,1.93059e-05,0.001257,0.00296785,3388.08,0.788006,0.645379,44.0,2414590000.0,2414590000.0,0.107454,-0.579725,-0.0280977,72.8755,0.39,1.0,49.0,50.0,0.2,100.0
traj_sweep_768,placement,1076.77,1278.42,748.79,748.79,680.0,680.0,0.695405,0.695405,707.0,23.0,23.0,4048.0,4048.0,829.454,9.86524,754.974,74.48,9.86524,368.0,0.74122,71.0,0.00156759,1.79646e-05,0.00113834,0.00272389,2793.19,2429390000.0,2429390000.0,0.107626,-0.350376,-0.0181928,1076.77,1278.42,748.79,748.79,680.0,680.0,0.695405,0.695405,707.0,23.0,23.0,4048.0,4048.0,0.00156759,1.79646e-05,0.00113834,0.00272389,0.793363,0.715145,40.0,2429390000.0,2429390000.0,0.107626,-0.350376,-0.0181928,1076.77,1278.42,748.79,748.79,680.0,680.0,5.3235,1.2905,877.668,0.695405,0.695405,707.0,23.0,23.0,4048.0,4048.0,1003260.0,18.0,3.0,0.00156791,1.79646e-05,0.00114855,0.00273442,3294.82,0.809625,0.703786,42.0,2430520000.0,2430520000.0,0.107513,-0.372738,-0.0200754,69.5405,0.4,1.0,49.0,50.0,0.2,100.0
traj_sweep_769,placement,1076.77,1278.42,723.52,723.52,663.0,663.0,0.671937,0.671937,690.0,23.0,23.0,4048.0,4048.0,807.64,8.19602,746.46,61.18,8.19602,370.0,0.702066,71.0,0.00149086,1.70899e-05,0.00107467,0.00258262,2759.49,2415760000.0,2415760000.0,0.106957,-0.0498956,-0.00929792,1076.77,1278.42,723.52,723.52,663.0,663.0,0.671937,0.671937,690.0,23.0,23.0,4048.0,4048.0,0.00149086,1.70899e-05,0.00107467,0.00258262,0.780608,0.742535,8.0,2415760000.0,2415760000.0,0.106957,-0.0498956,-0.00929792,1076.77,1278.42,723.52,723.52,663.0,663.0,4.6135,1.251,829.707,0.671937,0.671937,690.0,23.0,23.0,4048.0,4048.0,1019530.0,18.0,2.0,0.00149106,1.70899e-05,0.00108,0.00258815,3269.26,0.795588,0.740316,20.0,2390680000.0,2390680000.0,0.107581,-0.0803907,-0.0138365,67.1937,0.41,1.0,49.0,50.0,0.2,100.0
traj_sweep_770,placement,1076.77,1278.42,704.368,704.368,646.0,646.0,0.65415,0.65415,673.0,23.0,23.0,4048.0,4048.0,788.488,5.63031,746.46,42.028,5.63031,369.0,0.688757,71.0,0.00142253,1.63928e-05,0.00104209,0.00248101,2732.2,2356320000.0,2356320000.0,0.107327,-0.0367595,-0.00439035,1076.77,1278.42,704.368,704.368,646.0,646.0,0.65415,0.65415,673.0,23.0,23.0,4048.0,4048.0,0.00142253,1.63928e-05,0.00104209,0.00248101,0.80097,0.622583,15.0,2356320000.0,2356320000.0,0.107327,-0.0367595,-0.00439035,1076.77,1278.42,704.368,704.368,646.0,646.0,3.798,1.233,796.536,0.65415,0.65415,673.0,23.0,23.0,4048.0,4048.0,990045.0,18.0,2.0,0.00142272,1.63928e-05,0.00104838,0.00248749,3227.23,0.77601,0.614902,18.0,2332030000.0,2332030000.0,0.10749,-0.0772121,-0.00881084,65.415,0.42,1.0,49.0,50.0,0.2,100.0
traj_sweep_771,placement,1076.77,1278.42,686.014,686.014,622.0,622.0,0.637105,0.637105,649.0,23.0,23.0,4048.0,4048.0,770.134,3.1715,746.46,23.674,3.1715,369.0,0.713591,72.0,0.00133503,1.59272e-05,0.0010032,0.00235416,2713.1,2343910000.0,2343910000.0,0.10698,-0.0033116,-0.00133848,1076.77,1278.42,686.014,686.014,622.0,622.0,0.637105,0.637105,649.0,23.0,23.0,4048.0,4048.0,0.00133503,1.59272e-05,0.0010032,0.00235416,0.779451,0.621461,3.0,2343910000.0,2343910000.0,0.10698,-0.0033116,-0.00133848,1076.77,1278.42,686.014,686.014,622.0,622.0,4.6235,1.255,780.864,0.637105,0.637105,649.0,23.0,23.0,4048.0,4048.0,907037.0,17.0,2.0,0.00133516,1.59272e-05,0.00100799,0.00235907,3166.61,0.790608,0.614883,3.0,2334110000.0,2334110000.0,0.107481,-0.00581893,-0.00361494,63.7105,0.43,1.0,49.0,50.0,0.2,100.0
traj_sweep_772,placement,1076.77,1278.42,675.64,675.64,611.0,611.0,0.62747,0.62747,638.0,23.0,23.0,4048.0,4048.0,759.76,1.78174,746.46,13.3,1.78174,376.0,0.717508,72.0,0.00126675,1.55778e-05,0.000972333,0.00225466,2749.5,2341240000.0,2341240000.0,0.106978,0.0,0.0085279,1076.77,1278.42,675.64,675.64,611.0,611.0,0.62747,0.62747,638.0,23.0,23.0,4048.0,4048.0,0.00126675,1.55778e-05,0.000972333,0.00225466,0.776386,0.612764,0.0,2341240000.0,2341240000.0,0.106978,0.0,0.0085279,1076.77,1278.42,675.64,675.64,611.0,611.0,3.77,1.2145,742.353,0.62747,0.62747,638.0,23.0,23.0,4048.0,4048.0,769883.0,14.0,1.0,0.00126693,1.55778e-05,0.000977819,0.00226033,3134.44,0.780532,0.612454,0.0,2334450000.0,2334450000.0,0.107618,0.0,0.0067773,62.747,0.44,1.0,49.0,50.0,0.2,100.0
traj_sweep_773,placement,1076.77,1278.42,673.512,673.512,609.0,609.0,0.625494,0.625494,636.0,23.0,23.0,4048.0,4048.0,757.632,1.49666,746.46,11.172,1.49666,377.0,0.700785,73.0,0.00122985,1.54905e-05,0.000948943,0.00219429,2803.65,2326600000.0,2326600000.0,0.107342,0.0,0.0166585,1076.77,1278.42,673.512,673.512,609.0,609.0,0.625494,0.625494,636.0,23.0,23.0,4048.0,4048.0,0.00122985,1.54905e-05,0.000948943,0.00219429,0.74802,0.616609,0.0,2326600000.0,2326600000.0,0.107342,0.0,0.0166585,1076.77,1278.42,673.512,673.512,609.0,609.0,4.238,1.266,771.15,0.625494,0.625494,636.0,23.0,23.0,4048.0,4048.0,790890.0,14.0,1.0,0.00122997,1.54905e-05,0.000952181,0.00219764,3199.09,0.755657,0.617557,0.0,2317970000.0,2317970000.0,0.108172,0.0,0.0120457,62.5494,0.45,1.0,49.0,50.0,0.2,100.0
traj_sweep_774,placement,1076.77,1278.42,671.65,671.65,606.0,606.0,0.623765,0.623765,633.0,23.0,23.0,4048.0,4048.0,755.77,1.24722,746.46,9.31,1.24722,374.0,0.708605,72.0,0.00119683,1.54467e-05,0.000924256,0.00213653,2735.06,2316100000.0,2316100000.0,0.107589,0.0,0.0155462,1076.77,1278.42,671.65,671.65,606.0,606.0,0.623765,0.623765,633.0,23.0,23.0,4048.0,4048.0,0.00119683,1.54467e-05,0.000924256,0.00213653,0.760254,0.620997,0.0,2316100000.0,2316100000.0,0.107589,0.0,0.0155462,1076.77,1278.42,671.65,671.65,606.0,606.0,5.0655,1.225,742.52,0.623765,0.623765,633.0,23.0,23.0,4048.0,4048.0,752768.0,14.0,1.0,0.00119713,1.54467e-05,0.000929885,0.00214247,3111.44,0.767821,0.622304,0.0,2313050000.0,2313050000.0,0.108065,0.0,0.0139368,62.3765,0.46,1.0,49.0,50.0,0.2,100.0
traj_sweep_775,placement,1076.77,1278.42,670.054,670.054,604.0,604.0,0.622283,0.622283,631.0,23.0,23.0,4048.0,4048.0,754.174,1.03341,746.46,7.714,1.03341,370.0,0.713027,73.0,0.00116858,1.54042e-05,0.000901304,0.00208529,2719.89,2294620000.0,2294620000.0,0.106999,0.0,0.0241899,1076.77,1278.42,670.054,670.054,604.0,604.0,0.622283,0.622283,631.0,23.0,23.0,4048.0,4048.0,0.00116858,1.54042e-05,0.000901304,0.00208529,0.773888,0.524136,0.0,2294620000.0,2294620000.0,0.106999,0.0,0.0241899,1076.77,1278.42,670.054,670.054,604.0,604.0,6.015,1.232,744.154,0.622283,0.622283,631.0,23.0,23.0,4048.0,4048.0,733257.0,13.0,1.0,0.00116865,1.54042e-05,0.000904861,0.00208891,3086.52,0.777801,0.528174,0.0,2298690000.0,2298690000.0,0.108072,0.0,0.0228211,62.2283,0.47,1.0,49.0,50.0,0.2,100.0
traj_sweep_776,placement,1076.77,1278.42,669.256,669.256,604.0,604.0,0.621542,0.621542,631.0,23.0,23.0,4048.0,4048.0,753.376,0.926506,746.46,6.916,0.926506,371.0,0.708539,72.0,0.00113981,1.53689e-05,0.000885249,0.00204043,2735.65,2289080000.0,2289080000.0,0.107629,0.0,0.0285108,1076.77,1278.42,669.256,669.256,604.0,604.0,0.621542,0.621542,631.0,23.0,23.0,4048.0,4048.0,0.00113981,1.53689e-05,0.000885249,0.00204043,0.795779,0.541864,0.0,2289080000.0,2289080000.0,0.107629,0.0,0.0285108,1076.77,1278.42,669.256,669.256,604.0,604.0,5.5785,1.2275,741.438,0.621542,0.621542,631.0,23.0,23.0,4048.0,4048.0,809004.0,15.0,2.0,0.00113969,1.53689e-05,0.000886621,0.00204168,3140.15,0.776793,0.543052,0.0,2288950000.0,2288950000.0,0.108235,0.0,0.026102,62.1542,0.48,1.0,49.0,50.0,0.2,100.0
traj_sweep_777,placement,1076.77,1278.42,666.596,666.596,602.0,602.0,0.619071,0.619071,629.0,23.0,23.0,4048.0,4048.0,750.716,0.570158,746.46,4.256,0.570158,380.0,0.706286,71.0,0.00111354,1.52579e-05,0.000869491,0.00199828,2689.16,2282520000.0,2282520000.0,0.10686,0.0,0.0403055,1076.77,1278.42,666.596,666.596,602.0,602.0,0.619071,0.619071,629.0,23.0,23.0,4048.0,4048.0,0.00111354,1.52579e-05,0.000869491,0.00199828,0.781495,0.628291,0.0,2282520000.0,2282520000.0,0.10686,0.0,0.0403055,1076.77,1278.42,666.596,666.596,602.0,602.0,3.8935,1.2585,757.774,0.619071,0.619071,629.0,23.0,23.0,4048.0,4048.0,844554.0,16.0,1.0,0.00111358,1.52579e-05,0.000870038,0.00199888,3111.44,0.776162,0.619543,0.0,2269050000.0,2269050000.0,0.107455,0.0,0.0389124,61.9071,0.49,1.0,49.0,50.0,0.2,100.0
traj_sweep_778,placement,1076.77,1278.42,666.596,666.596,602.0,602.0,0.619071,0.619071,629.0,23.0,23.0,4048.0,4048.0,750.716,0.570158,746.46,4.256,0.570158,375.0,0.704894,71.0,0.00109121,1.52579e-05,0.000850024,0.0019565,2669.4,2269210000.0,2269210000.0,0.107076,0.0,0.045763,1076.77,1278.42,666.596,666.596,602.0,602.0,0.619071,0.619071,629.0,23.0,23.0,4048.0,4048.0,0.00109121,1.52579e-05,0.000850024,0.0019565,0.776907,0.628491,0.0,2269210000.0,2269210000.0,0.107076,0.0,0.045763,1076.77,1278.42,666.596,666.596,602.0,602.0,4.4125,1.221,735.048,0.619071,0.619071,629.0,23.0,23.0,4048.0,4048.0,830371.0,16.0,2.0,0.00109135,1.52579e-05,0.000852915,0.00195952,3084.59,0.757792,0.628112,0.0,2255650000.0,2255650000.0,0.107941,0.0,0.0452241,61.9071,0.5,1.0,49.0,50.0,0.2,100.0
traj_sweep_779,placement,1076.77,1278.42,666.33,666.33,602.0,602.0,0.618824,0.618824,629.0,23.0,23.0,4048.0,4048.0,750.45,0.534523,746.46,3.99,0.534523,375.0,0.695823,72.0,0.00106907,1.5237e-05,0.000828031,0.00191234,2678.92,2210120000.0,2210120000.0,0.107082,0.0,0.057535,1076.77,1278.42,666.33,666.33,602.0,602.0,0.618824,0.618824,629.0,23.0,23.0,4048.0,4048.0,0.00106907,1.5237e-05,0.000828031,0.00191234,0.759092,0.606783,0.0,2210120000.0,2210120000.0,0.107082,0.0,0.057535,1076.77,1278.42,666.33,666.33,602.0,602.0,4.0,1.2625,760.158,0.618824,0.618824,629.0,23.0,23.0,4048.0,4048.0,771474.0,14.0,2.0,0.00106918,1.5237e-05,0.000833001,0.00191741,3064.66,0.782699,0.61243,0.0,2213170000.0,2213170000.0,0.107464,0.0,0.0557622,61.8824,0.51,1.0,49.0,50.0,0.2,100.0
traj_sweep_780,placement,1076.77,1278.42,666.596,666.596,602.0,602.0,0.619071,0.619071,629.0,23.0,23.0,4048.0,4048.0,750.716,0.570158,746.46,4.256,0.570158,375.0,0.693292,70.0,0.00105001,1.52594e-05,0.000819116,0.00188438,2716.0,2286780000.0,2286780000.0,0.107137,0.0,0.0645186,1076.77,1278.42,666.596,666.596,602.0,602.0,0.619071,0.619071,629.0,23.0,23.0,4048.0,4048.0,0.00105001,1.52594e-05,0.000819116,0.00188438,0.783777,0.627299,0.0,2286780000.0,2286780000.0,0.107137,0.0,0.0645186,1076.77,1278.42,666.596,666.596,602.0,602.0,4.0475,1.2435,748.743,0.619071,0.619071,629.0,23.0,23.0,4048.0,4048.0,770249.0,14.0,2.0,0.00105008,1.52594e-05,0.000820859,0.0018862,3101.12,0.793141,0.621339,0.0,2271980000.0,2271980000.0,0.10796,0.0,0.0631478,61.9071,0.52,1.0,49.0,50.0,0.2,100.0
traj_sweep_781,placement,1076.77,1278.42,666.596,666.596,602.0,602.0,0.619071,0.619071,629.0,23.0,23.0,4048.0,4048.0,750.716,0.570158,746.46,4.256,0.570158,374.0,0.706648,70.0,0.00102993,1.52594e-05,0.000801395,0.00184659,2695.81,2278370000.0,2278370000.0,0.106966,0.0,0.0676938,1076.77,1278.42,666.596,666.596,602.0,602.0,0.619071,0.619071,629.0,23.0,23.0,4048.0,4048.0,0.00102993,1.52594e-05,0.000801395,0.00184659,0.788523,0.625122,0.0,2278370000.0,2278370000.0,0.106966,0.0,0.0676938,1076.77,1278.42,666.596,666.596,602.0,602.0,3.9275,1.2615,759.659,0.619071,0.619071,629.0,23.0,23.0,4048.0,4048.0,804258.0,15.0,1.0,0.00102991,1.52594e-05,0.000803123,0.00184829,3097.93,0.805667,0.625643,0.0,2261850000.0,2261850000.0,0.107814,0.0,0.0692823,61.9071,0.53,1.0,49.0,50.0,0.2,100.0
traj_sweep_782,placement,1076.77,1278.42,666.596,666.596,602.0,602.0,0.619071,0.619071,629.0,23.0,23.0,4048.0,4048.0,750.716,0.570158,746.46,4.256,0.570158,374.0,0.686049,70.0,0.00101058,1.52594e-05,0.000780247,0.00180609,2687.03,2204030000.0,2204030000.0,0.107222,0.0,0.0811843,1076.77,1278.42,666.596,666.596,602.0,602.0,0.619071,0.619071,629.0,23.0,23.0,4048.0,4048.0,0.00101058,1.52594e-05,0.000780247,0.00180609,0.761247,0.610633,0.0,2204030000.0,2204030000.0,0.107222,0.0,0.0811843,1076.77,1278.42,666.596,666.596,602.0,602.0,3.818,1.258,757.372,0.619071,0.619071,629.0,23.0,23.0,4048.0,4048.0,744449.0,14.0,2.0,0.00101081,1.52594e-05,0.000785073,0.00181114,3059.26,0.777538,0.6163,0.0,2193620000.0,2193620000.0,0.107649,0.0,0.0792383,61.9071,0.54,1.0,49.0,50.0,0.2,100.0
traj_sweep_783,placement,1076.77,1278.42,666.33,666.33,602.0,602.0,0.618824,0.618824,629.0,23.0,23.0,4048.0,4048.0,750.45,0.534523,746.46,3.99,0.534523,373.0,0.704334,70.0,0.000991288,1.5237e-05,0.000765135,0.00177166,2716.11,2206710000.0,2206710000.0,0.106961,0.0,0.0891779,1076.77,1278.42,666.33,666.33,602.0,602.0,0.618824,0.618824,629.0,23.0,23.0,4048.0,4048.0,0.000991288,1.5237e-05,0.000765135,0.00177166,0.779854,0.617329,0.0,2206710000.0,2206710000.0,0.106961,0.0,0.0891779,1076.77,1278.42,666.33,666.33,602.0,602.0,4.4145,1.2475,751.177,0.618824,0.618824,629.0,23.0,23.0,4048.0,4048.0,791460.0,15.0,2.0,0.000991397,1.5237e-05,0.000769106,0.00177574,3111.84,0.777039,0.615888,0.0,2196330000.0,2196330000.0,0.107847,0.0,0.0882807,61.8824,0.55,1.0,49.0,50.0,0.2,100.0
traj_sweep_784,placement,1076.77,1278.42,665.532,665.532,601.0,601.0,0.618083,0.618083,628.0,23.0,23.0,4048.0,4048.0,749.652,0.427618,746.46,3.192,0.427618,373.0,0.694979,70.0,0.000974351,1.52173e-05,0.000751511,0.00174108,2711.49,2199160000.0,2199160000.0,0.106952,0.0,0.0970277,1076.77,1278.42,665.532,665.532,601.0,601.0,0.618083,0.618083,628.0,23.0,23.0,4048.0,4048.0,0.000974351,1.52173e-05,0.000751511,0.00174108,0.781041,0.555861,0.0,2199160000.0,2199160000.0,0.106952,0.0,0.0970277,1076.77,1278.42,665.532,665.532,601.0,601.0,4.7965,1.2775,767.861,0.618083,0.618083,628.0,23.0,23.0,4048.0,4048.0,817969.0,15.0,1.0,0.000974578,1.52173e-05,0.000756646,0.00174644,3120.48,0.783211,0.555066,0.0,2216690000.0,2216690000.0,0.107741,0.0,0.0942693,61.8083,0.56,1.0,49.0,50.0,0.2,100.0
traj_sweep_785,placement,1076.77,1278.42,665.532,665.532,601.0,601.0,0.618083,0.618083,628.0,23.0,23.0,4048.0,4048.0,749.652,0.427618,746.46,3.192,0.427618,373.0,0.694979,70.0,0.000957257,1.52173e-05,0.000738326,0.0017108,2711.49,2199160000.0,2199160000.0,0.106952,0.0,0.105028,1076.77,1278.42,665.532,665.532,601.0,601.0,0.618083,0.618083,628.0,23.0,23.0,4048.0,4048.0,0.000957257,1.52173e-05,0.000738326,0.0017108,0.781041,0.555861,0.0,2199160000.0,2199160000.0,0.106952,0.0,0.105028,1076.77,1278.42,665.532,665.532,601.0,601.0,4.7965,1.2775,767.861,0.618083,0.618083,628.0,23.0,23.0,4048.0,4048.0,817969.0,15.0,1.0,0.000957479,1.52173e-05,0.000743371,0.00171607,3120.48,0.783211,0.555066,0.0,2216690000.0,2216690000.0,0.107741,0.0,0.102269,61.8083,0.57,1.0,49.0,50.0,0.2,100.0
traj_sweep_786,placement,1076.77,1278.42,665.0,665.0,600.0,600.0,0.617589,0.617589,627.0,23.0,23.0,4048.0,4048.0,749.12,0.356349,746.46,2.66,0.356349,375.0,0.678675,71.0,0.00094159,1.52175e-05,0.000725099,0.00168191,2692.67,2201120000.0,2201120000.0,0.10706,0.0,0.112814,1076.77,1278.42,665.0,665.0,600.0,600.0,0.617589,0.617589,627.0,23.0,23.0,4048.0,4048.0,0.00094159,1.52175e-05,0.000725099,0.00168191,0.805662,0.476995,0.0,2201120000.0,2201120000.0,0.10706,0.0,0.112814,1076.77,1278.42,665.0,665.0,600.0,600.0,4.482,1.307,784.475,0.617589,0.617589,627.0,23.0,23.0,4048.0,4048.0,773021.0,14.0,3.0,0.000941816,1.52175e-05,0.000728482,0.00168552,3079.18,0.772985,0.479981,0.0,2211540000.0,2211540000.0,0.107598,0.0,0.111375,61.7589,0.58,1.0,49.0,50.0,0.2,100.0
traj_sweep_787,placement,1076.77,1278.42,665.0,665.0,600.0,600.0,0.617589,0.617589,627.0,23.0,23.0,4048.0,4048.0,749.12,0.356349,746.46,2.66,0.356349,374.0,0.697135,70.0,0.000925183,1.52175e-05,0.0007139,0.0016543,2708.35,2195300000.0,2195300000.0,0.106945,0.0,0.120927,1076.77,1278.42,665.0,665.0,600.0,600.0,0.617589,0.617589,627.0,23.0,23.0,4048.0,4048.0,0.000925183,1.52175e-05,0.0007139,0.0016543,0.780832,0.552578,0.0,2195300000.0,2195300000.0,0.106945,0.0,0.120927,1076.77,1278.42,665.0,665.0,600.0,600.0,4.3985,1.2475,748.779,0.617589,0.617589,627.0,23.0,23.0,4048.0,4048.0,798510.0,15.0,1.0,0.000925239,1.52175e-05,0.000718481,0.00165894,3107.61,0.793739,0.558289,0.0,2203710000.0,2203710000.0,0.107414,0.0,0.117854,61.7589,0.59,1.0,49.0,50.0,0.2,100.0
traj_sweep_788,placement,1076.77,1278.42,665.798,665.798,600.0,600.0,0.61833,0.61833,627.0,23.0,23.0,4048.0,4048.0,749.918,0.463253,746.46,3.458,0.463253,376.0,0.693021,70.0,0.000910361,1.5262e-05,0.000701221,0.00162684,2699.62,2207480000.0,2207480000.0,0.107079,0.0,0.128742,1076.77,1278.42,665.798,665.798,600.0,600.0,0.61833,0.61833,627.0,23.0,23.0,4048.0,4048.0,0.000910361,1.5262e-05,0.000701221,0.00162684,0.760498,0.553864,0.0,2207480000.0,2207480000.0,0.107079,0.0,0.128742,1076.77,1278.42,665.798,665.798,600.0,600.0,4.1775,1.2565,754.09,0.61833,0.61833,627.0,23.0,23.0,4048.0,4048.0,765080.0,14.0,1.0,0.000910546,1.5262e-05,0.000706644,0.00163245,3082.16,0.737633,0.555381,0.0,2213080000.0,2213080000.0,0.107399,0.0,0.125865,61.833,0.6,1.0,49.0,50.0,0.2,100.0
traj_sweep_789,placement,1076.77,1278.42,665.798,665.798,600.0,600.0,0.61833,0.61833,627.0,23.0,23.0,4048.0,4048.0,749.918,0.463253,746.46,3.458,0.463253,376.0,0.69283,70.0,0.000895437,1.5262e-05,0.000689629,0.00160033,2698.47,2207910000.0,2207910000.0,0.107082,0.0,0.136673,1076.77,1278.42,665.798,665.798,600.0,600.0,0.61833,0.61833,627.0,23.0,23.0,4048.0,4048.0,0.000895437,1.5262e-05,0.000689629,0.00160033,0.760264,0.554094,0.0,2207910000.0,2207910000.0,0.107082,0.0,0.136673,1076.77,1278.42,665.798,665.798,600.0,600.0,4.305,1.257,754.273,0.61833,0.61833,627.0,23.0,23.0,4048.0,4048.0,786179.0,15.0,1.0,0.000895804,1.5262e-05,0.000694222,0.00160529,3091.56,0.746471,0.553293,0.0,2213960000.0,2213960000.0,0.107961,0.0,0.135101,61.833,0.61,1.0,49.0,50.0,0.2,100.0
traj_sweep_790,placement,1076.77,1278.42,665.0,665.0,600.0,600.0,0.617589,0.617589,627.0,23.0,23.0,4048.0,4048.0,749.12,0.356349,746.46,2.66,0.356349,374.0,0.691376,67.0,0.000880659,1.52175e-05,0.000678072,0.00157395,2705.83,2211680000.0,2211680000.0,0.107034,0.0,0.145535,1076.77,1278.42,665.0,665.0,600.0,600.0,0.617589,0.617589,627.0,23.0,23.0,4048.0,4048.0,0.000880659,1.52175e-05,0.000678072,0.00157395,0.762737,0.553101,0.0,2211680000.0,2211680000.0,0.107034,0.0,0.145535,1076.77,1278.42,665.0,665.0,600.0,600.0,3.681,1.2475,748.683,0.617589,0.617589,627.0,23.0,23.0,4048.0,4048.0,781929.0,14.0,1.0,0.000880932,1.52175e-05,0.000683473,0.00157962,3096.8,0.767821,0.550712,0.0,2219030000.0,2219030000.0,0.107981,0.0,0.140749,61.7589,0.62,1.0,49.0,50.0,0.2,100.0
traj_sweep_791,placement,1076.77,1278.42,843.486,843.486,721.0,721.0,0.78335,0.78335,748.0,23.0,23.0,4048.0,4048.0,903.916,14.256,791.132,112.784,14.256,371.0,0.730149,64.0,0.00518238,2.14569e-05,0.00375436,0.0089582,2922.38,2504100000.0,2504100000.0,0.0707255,-12.261,-0.259345,1076.77,1278.42,843.486,843.486,721.0,721.0,0.78335,0.78335,748.0,23.0,23.0,4048.0,4048.0,0.00518238,2.14569e-05,0.00375436,0.0089582,0.753434,0.747225,53.0,2504100000.0,2504100000.0,0.0707255,-12.261,-0.259345,1076.77,1278.42,843.486,843.486,721.0,721.0,5.1425,1.315,948.243,0.78335,0.78335,748.0,23.0,23.0,4048.0,4048.0,1287510.0,22.0,5.0,0.00518293,2.14569e-05,0.00378663,0.00899102,3566.14,0.767749,0.754155,53.0,2473390000.0,2473390000.0,0.0710168,-12.3958,-0.264303,78.335,0.14,1.0,50.0,50.0,0.2,100.0
traj_sweep_792,placement,1076.77,1278.42,841.624,841.624,719.0,719.0,0.781621,0.781621,746.0,23.0,23.0,4048.0,4048.0,902.054,14.0207,791.132,110.922,14.0207,370.0,0.704469,65.0,0.00480793,2.14161e-05,0.00349398,0.00832333,2907.58,2505990000.0,2505990000.0,0.072749,-11.7383,-0.249043,1076.77,1278.42,841.624,841.624,719.0,719.0,0.781621,0.781621,746.0,23.0,23.0,4048.0,4048.0,0.00480793,2.14161e-05,0.00349398,0.00832333,0.758687,0.749767,53.0,2505990000.0,2505990000.0,0.072749,-11.7383,-0.249043,1076.77,1278.42,841.624,841.624,719.0,719.0,4.8725,1.3255,953.133,0.781621,0.781621,746.0,23.0,23.0,4048.0,4048.0,1285030.0,22.0,5.0,0.00480928,2.14161e-05,0.00352779,0.00835848,3550.1,0.756463,0.748691,53.0,2481860000.0,2481860000.0,0.0728213,-11.8779,-0.252924,78.1621,0.15,1.0,50.0,50.0,0.2,100.0
traj_sweep_793,placement,1076.77,1278.42,841.624,841.624,719.0,719.0,0.781621,0.781621,746.0,23.0,23.0,4048.0,4048.0,902.054,14.0207,791.132,110.922,14.0207,372.0,0.695239,65.0,0.0045079,2.1417e-05,0.00327454,0.00780386,2914.82,2503090000.0,2503090000.0,0.0748557,-11.2447,-0.239506,1076.77,1278.42,841.624,841.624,719.0,719.0,0.781621,0.781621,746.0,23.0,23.0,4048.0,4048.0,0.0045079,2.1417e-05,0.00327454,0.00780386,0.765023,0.752836,53.0,2503090000.0,2503090000.0,0.0748557,-11.2447,-0.239506,1076.77,1278.42,841.624,841.624,719.0,719.0,6.216,1.2615,907.064,0.781621,0.781621,746.0,23.0,23.0,4048.0,4048.0,1199360.0,21.0,4.0,0.00450863,2.1417e-05,0.00330406,0.00783411,3514.5,0.774834,0.757582,53.0,2481090000.0,2481090000.0,0.0744838,-11.3747,-0.243049,78.1621,0.16,1.0,50.0,50.0,0.2,100.0
traj_sweep_794,placement,1076.77,1278.42,837.9,837.9,715.0,715.0,0.778162,0.778162,742.0,23.0,23.0,4048.0,4048.0,898.33,13.5499,791.132,107.198,13.5499,379.0,0.716833,65.0,0.0041912,2.1286e-05,0.00307186,0.00728435,2923.74,2501640000.0,2501640000.0,0.0768685,-10.7012,-0.229738,1076.77,1278.42,837.9,837.9,715.0,715.0,0.778162,0.778162,742.0,23.0,23.0,4048.0,4048.0,0.0041912,2.1286e-05,0.00307186,0.00728435,0.775278,0.757796,53.0,2501640000.0,2501640000.0,0.0768685,-10.7012,-0.229738,1076.77,1278.42,837.9,837.9,715.0,715.0,4.813,1.27,908.406,0.778162,0.778162,742.0,23.0,23.0,4048.0,4048.0,1200060.0,21.0,6.0,0.00419188,2.1286e-05,0.00309598,0.00730914,3523.76,0.775914,0.758103,53.0,2489660000.0,2489660000.0,0.0777462,-10.8162,-0.231661,77.8162,0.17,1.0,50.0,50.0,0.2,100.0
traj_sweep_795,placement,1076.77,1278.42,835.506,835.506,712.0,712.0,0.775939,0.775939,739.0,23.0,23.0,4048.0,4048.0,895.936,13.2473,791.132,104.804,13.2473,378.0,0.713634,65.0,0.00391684,2.12227e-05,0.00288572,0.00682379,2915.62,2502940000.0,2502940000.0,0.0787703,-10.1664,-0.21953,1076.77,1278.42,835.506,835.506,712.0,712.0,0.775939,0.775939,739.0,23.0,23.0,4048.0,4048.0,0.00391684,2.12227e-05,0.00288572,0.00682379,0.755825,0.748382,53.0,2502940000.0,2502940000.0,0.0787703,-10.1664,-0.21953,1076.77,1278.42,835.506,835.506,712.0,712.0,4.6885,1.348,960.011,0.775939,0.775939,739.0,23.0,23.0,4048.0,4048.0,1276570.0,22.0,3.0,0.00391767,2.12227e-05,0.00290764,0.00684654,3553.91,0.786154,0.763055,53.0,2485070000.0,2485070000.0,0.0791,-10.2739,-0.222404,77.5939,0.18,1.0,50.0,50.0,0.2,100.0
traj_sweep_796,placement,1076.77,1278.42,835.506,835.506,712.0,712.0,0.775939,0.775939,739.0,23.0,23.0,4048.0,4048.0,895.936,13.2473,791.132,104.804,13.2473,378.0,0.713638,65.0,0.00371068,2.12227e-05,0.00273348,0.00646538,2915.98,2502680000.0,2502680000.0,0.080778,-9.67277,-0.209572,1076.77,1278.42,835.506,835.506,712.0,712.0,0.775939,0.775939,739.0,23.0,23.0,4048.0,4048.0,0.00371068,2.12227e-05,0.00273348,0.00646538,0.756972,0.748937,53.0,2502680000.0,2502680000.0,0.080778,-9.67277,-0.209572,1076.77,1278.42,835.506,835.506,712.0,712.0,5.056,1.2895,918.157,0.775939,0.775939,739.0,23.0,23.0,4048.0,4048.0,1220110.0,21.0,3.0,0.00371167,2.12227e-05,0.00275324,0.00648613,3526.04,0.775842,0.758069,53.0,2484250000.0,2484250000.0,0.08072,-9.79155,-0.212536,77.5939,0.19,1.0,50.0,50.0,0.2,100.0
traj_sweep_797,placement,1076.77,1278.42,834.974,834.974,711.0,711.0,0.775445,0.775445,738.0,23.0,23.0,4048.0,4048.0,895.404,13.1801,791.132,104.272,13.1801,379.0,0.7193,65.0,0.0035138,2.12246e-05,0.00259565,0.00613068,2924.94,2502430000.0,2502430000.0,0.0828218,-9.14868,-0.199611,1076.77,1278.42,834.974,834.974,711.0,711.0,0.775445,0.775445,738.0,23.0,23.0,4048.0,4048.0,0.0035138,2.12246e-05,0.00259565,0.00613068,0.771763,0.756097,53.0,2502430000.0,2502430000.0,0.0828218,-9.14868,-0.199611,1076.77,1278.42,834.974,834.974,711.0,711.0,5.335,1.269,902.301,0.775445,0.775445,738.0,23.0,23.0,4048.0,4048.0,1130190.0,19.0,4.0,0.00351491,2.12246e-05,0.00261502,0.00615115,3490.04,0.774027,0.757191,53.0,2484000000.0,2484000000.0,0.0828148,-9.25491,-0.202577,77.5445,0.2,1.0,50.0,50.0,0.2,100.0
traj_sweep_798,placement,1076.77,1278.42,832.58,832.58,708.0,708.0,0.773221,0.773221,735.0,23.0,23.0,4048.0,4048.0,893.01,12.8775,791.132,101.878,12.8775,376.0,0.701202,66.0,0.00332338,2.1157e-05,0.00246717,0.00581171,2913.92,2503540000.0,2503540000.0,0.0847914,-8.58268,-0.189435,1076.77,1278.42,832.58,832.58,708.0,708.0,0.773221,0.773221,735.0,23.0,23.0,4048.0,4048.0,0.00332338,2.1157e-05,0.00246717,0.00581171,0.76862,0.754577,53.0,2503540000.0,2503540000.0,0.0847914,-8.58268,-0.189435,1076.77,1278.42,832.58,832.58,708.0,708.0,4.276,1.2575,890.662,0.773221,0.773221,735.0,23.0,23.0,4048.0,4048.0,1146450.0,20.0,2.0,0.00332386,2.1157e-05,0.00248359,0.00582861,3487.14,0.76648,0.753541,53.0,2484330000.0,2484330000.0,0.0848952,-8.72379,-0.192523,77.3221,0.21,1.0,50.0,50.0,0.2,100.0
traj_sweep_799,placement,1076.77,1278.42,830.718,830.718,705.0,705.0,0.771492,0.771492,732.0,23.0,23.0,4048.0,4048.0,891.148,12.6421,791.132,100.016,12.6421,379.0,0.734526,66.0,0.00315413,2.11153e-05,0.00234778,0.00552303,2914.11,2501870000.0,2501870000.0,0.0868799,-8.07462,-0.179702,1076.77,1278.42,830.718,830.718,705.0,705.0,0.771492,0.771492,732.0,23.0,23.0,4048.0,4048.0,0.00315413,2.11153e-05,0.00234778,0.00552303,0.766883,0.753736,53.0,2501870000.0,2501870000.0,0.0868799,-8.07462,-0.179702,1076.77,1278.42,830.718,830.718,705.0,705.0,5.405,1.282,903.962,0.771492,0.771492,732.0,23.0,23.0,4048.0,4048.0,1173420.0,20.0,4.0,0.00315482,2.11153e-05,0.00236833,0.00554427,3500.82,0.774799,0.757565,53.0,2485180000.0,2485180000.0,0.0870924,-8.1763,-0.182385,77.1492,0.22,1.0,50.0,50.0,0.2,100.0
traj_sweep_800,placement,1076.77,1278.42,832.314,832.314,706.0,706.0,0.772974,0.772974,733.0,23.0,23.0,4048.0,4048.0,892.744,12.8439,791.132,101.612,12.8439,379.0,0.716815,67.0,0.00302706,2.11997e-05,0.0022496,0.00529786,2911.39,2495760000.0,2495760000.0,0.0886463,-7.53016,-0.170679,1076.77,1278.42,832.314,832.314,706.0,706.0,0.772974,0.772974,733.0,23.0,23.0,4048.0,4048.0,0.00302706,2.11997e-05,0.0022496,0.00529786,0.769668,0.755083,53.0,2495760000.0,2495760000.0,0.0886463,-7.53016,-0.170679,1076.77,1278.42,832.314,832.314,706.0,706.0,5.62,1.3015,919.091,0.772974,0.772974,733.0,23.0,23.0,4048.0,4048.0,1246710.0,21.0,4.0,0.00302764,2.11997e-05,0.00226803,0.00531687,3534.75,0.75516,0.74806,53.0,2471930000.0,2471930000.0,0.0886847,-7.66252,-0.174542,77.2974,0.23,1.0,50.0,50.0,0.2,100.0
traj_sweep_801,placement,1076.77,1278.42,835.772,835.772,712.0,712.0,0.776186,0.776186,739.0,23.0,23.0,4048.0,4048.0,896.169,13.4341,790.035,106.134,13.4341,372.0,0.707283,66.0,0.00290975,2.12588e-05,0.00216149,0.0050925,2918.16,2495710000.0,2495710000.0,0.0906492,-7.13124,-0.160688,1076.77,1278.42,835.772,835.772,712.0,712.0,0.776186,0.776186,739.0,23.0,23.0,4048.0,4048.0,0.00290975,2.12588e-05,0.00216149,0.0050925,0.779387,0.759784,52.0,2495710000.0,2495710000.0,0.0906492,-7.13124,-0.160688,1076.77,1278.42,835.772,835.772,712.0,712.0,6.3065,1.3505,961.746,0.776186,0.776186,739.0,23.0,23.0,4048.0,4048.0,1427450.0,24.0,5.0,0.00291008,2.12588e-05,0.00217777,0.00510911,3631.89,0.771557,0.755997,52.0,2473540000.0,2473540000.0,0.0907267,-7.27585,-0.164279,77.6186,0.24,1.0,50.0,50.0,0.2,100.0
traj_sweep_802,placement,1076.77,1278.42,827.526,827.526,711.0,711.0,0.768528,0.768528,738.0,23.0,23.0,4048.0,4048.0,888.475,13.2197,784.735,103.74,13.2197,375.0,0.72427,66.0,0.00277926,2.08669e-05,0.0020474,0.00484752,2925.08,2506480000.0,2506480000.0,0.0923091,-6.6275,-0.148966,1076.77,1278.42,827.526,827.526,711.0,711.0,0.768528,0.768528,738.0,23.0,23.0,4048.0,4048.0,0.00277926,2.08669e-05,0.0020474,0.00484752,0.740788,0.741106,51.0,2506480000.0,2506480000.0,0.0923091,-6.6275,-0.148966,1076.77,1278.42,827.526,827.526,711.0,711.0,5.5015,1.349,959.171,0.768528,0.768528,738.0,23.0,23.0,4048.0,4048.0,1165690.0,20.0,3.0,0.0027797,2.08669e-05,0.00206606,0.00486662,3507.92,0.743718,0.742523,51.0,2494110000.0,2494110000.0,0.0928891,-6.72652,-0.150944,76.8528,0.25,1.0,50.0,50.0,0.2,100.0
traj_sweep_803,placement,1076.77,1278.42,826.196,826.196,709.0,709.0,0.767292,0.767292,736.0,23.0,23.0,4048.0,4048.0,887.025,13.1674,783.817,103.208,13.1674,373.0,0.706494,64.0,0.0026498,2.08163e-05,0.00196859,0.00463921,2906.12,2489760000.0,2489760000.0,0.0946315,-6.10281,-0.141645,1076.77,1278.42,826.196,826.196,709.0,709.0,0.767292,0.767292,736.0,23.0,23.0,4048.0,4048.0,0.0026498,2.08163e-05,0.00196859,0.00463921,0.759616,0.750217,50.0,2489760000.0,2489760000.0,0.0946315,-6.10281,-0.141645,1076.77,1278.42,826.196,826.196,709.0,709.0,5.781,1.368,970.221,0.767292,0.767292,736.0,23.0,23.0,4048.0,4048.0,1248360.0,21.0,3.0,0.00264987,2.08163e-05,0.00198455,0.00465523,3530.3,0.761959,0.751353,50.0,2464880000.0,2464880000.0,0.0948005,-6.24526,-0.145699,76.7292,0.26,1.0,50.0,50.0,0.2,100.0
traj_sweep_804,placement,1076.77,1278.42,822.472,822.472,710.0,710.0,0.763834,0.763834,737.0,23.0,23.0,4048.0,4048.0,883.386,12.9976,781.774,101.612,12.9976,374.0,0.712297,68.0,0.0025397,2.05917e-05,0.00188833,0.00444863,2860.33,2491140000.0,2491140000.0,0.0965178,-5.74567,-0.131423,1076.77,1278.42,822.472,822.472,710.0,710.0,0.763834,0.763834,737.0,23.0,23.0,4048.0,4048.0,0.0025397,2.05917e-05,0.00188833,0.00444863,0.753921,0.747461,49.0,2491140000.0,2491140000.0,0.0965178,-5.74567,-0.131423,1076.77,1278.42,822.472,822.472,710.0,710.0,5.501,1.322,938.627,0.763834,0.763834,737.0,23.0,23.0,4048.0,4048.0,1225540.0,21.0,3.0,0.00254023,2.05917e-05,0.0019044,0.00446522,3473.1,0.75764,0.74926,49.0,2466460000.0,2466460000.0,0.0964875,-5.85826,-0.135439,76.3834,0.27,1.0,50.0,50.0,0.2,100.0
traj_sweep_805,placement,1076.77,1278.42,823.536,823.536,711.0,711.0,0.764822,0.764822,738.0,23.0,23.0,4048.0,4048.0,884.45,13.1337,781.774,102.676,13.1337,376.0,0.718272,68.0,0.00244768,2.06349e-05,0.00181855,0.00428686,2871.06,2484540000.0,2484540000.0,0.0983615,-5.26336,-0.122489,1076.77,1278.42,823.536,823.536,711.0,711.0,0.764822,0.764822,738.0,23.0,23.0,4048.0,4048.0,0.00244768,2.06349e-05,0.00181855,0.00428686,0.789292,0.764572,49.0,2484540000.0,2484540000.0,0.0983615,-5.26336,-0.122489,1076.77,1278.42,823.536,823.536,711.0,711.0,4.9025,1.3285,944.769,0.764822,0.764822,738.0,23.0,23.0,4048.0,4048.0,1220630.0,21.0,2.0,0.0024486,2.06349e-05,0.00183445,0.00430369,3481.37,0.789965,0.764898,49.0,2442210000.0,2442210000.0,0.0988796,-5.40333,-0.129464,76.4822,0.28,1.0,50.0,50.0,0.2,100.0
traj_sweep_806,placement,1076.77,1278.42,818.482,818.482,702.0,702.0,0.760128,0.760128,729.0,23.0,23.0,4048.0,4048.0,879.396,12.4872,781.774,97.622,12.4872,373.0,0.697093,65.0,0.00235573,2.06005e-05,0.001753,0.00412933,2890.52,2459180000.0,2459180000.0,0.10058,-4.80477,-0.116639,1076.77,1278.42,818.482,818.482,702.0,702.0,0.760128,0.760128,729.0,23.0,23.0,4048.0,4048.0,0.00235573,2.06005e-05,0.001753,0.00412933,0.765795,0.75321,49.0,2459180000.0,2459180000.0,0.10058,-4.80477,-0.116639,1076.77,1278.42,818.482,818.482,702.0,702.0,5.2705,1.2845,902.028,0.760128,0.760128,729.0,23.0,23.0,4048.0,4048.0,1161240.0,20.0,2.0,0.00235619,2.06005e-05,0.00176616,0.00414296,3471.13,0.774027,0.757192,49.0,2442440000.0,2442440000.0,0.101125,-4.90077,-0.119427,76.0128,0.29,1.0,50.0,50.0,0.2,100.0
traj_sweep_807,placement,1076.77,1278.42,818.216,818.216,703.0,703.0,0.759881,0.759881,730.0,23.0,23.0,4048.0,4048.0,879.13,12.4532,781.774,97.356,12.4532,374.0,0.698121,66.0,0.00229042,2.055e-05,0.00170174,0.00401271,2930.36,2488010000.0,2488010000.0,0.102494,-4.3351,-0.101927,1076.77,1278.42,818.216,818.216,703.0,703.0,0.759881,0.759881,730.0,23.0,23.0,4048.0,4048.0,0.00229042,2.055e-05,0.00170174,0.00401271,0.721931,0.72506,49.0,2488010000.0,2488010000.0,0.102494,-4.3351,-0.101927,1076.77,1278.42,818.216,818.216,703.0,703.0,6.1335,1.3265,932.586,0.759881,0.759881,730.0,23.0,23.0,4048.0,4048.0,1230530.0,21.0,4.0,0.0022908,2.055e-05,0.00171441,0.00402576,3545.62,0.72141,0.71763,49.0,2474260000.0,2474260000.0,0.1024,-4.42989,-0.104161,75.9881,0.3,1.0,50.0,50.0,0.2,100.0
traj_sweep_808,placement,1076.77,1278.42,813.694,813.694,704.0,704.0,0.755682,0.755682,731.0,23.0,23.0,4048.0,4048.0,875.8,12.545,778.178,97.622,12.545,372.0,0.716951,65.0,0.00220748,2.03812e-05,0.00162548,0.00385334,2798.91,2468660000.0,2468660000.0,0.104553,-3.87367,-0.0950781,1076.77,1278.42,813.694,813.694,704.0,704.0,0.755682,0.755682,731.0,23.0,23.0,4048.0,4048.0,0.00220748,2.03812e-05,0.00162548,0.00385334,0.754725,0.74785,48.0,2468660000.0,2468660000.0,0.104553,-3.87367,-0.0950781,1076.77,1278.42,813.694,813.694,704.0,704.0,5.25,1.3395,943.346,0.755682,0.755682,731.0,23.0,23.0,4048.0,4048.0,1348200.0,24.0,6.0,0.00220815,2.03812e-05,0.00164208,0.00387062,3473.01,0.763975,0.752329,48.0,2454300000.0,2454300000.0,0.105107,-4.00652,-0.0974479,75.5682,0.31,1.0,50.0,50.0,0.2,100.0
traj_sweep_809,placement,1076.77,1278.42,804.916,804.916,693.0,693.0,0.74753,0.74753,720.0,23.0,23.0,4048.0,4048.0,867.022,11.4169,778.178,88.844,11.4169,376.0,0.707363,66.0,0.00209775,2.01274e-05,0.00156171,0.00367959,2835.7,2496650000.0,2496650000.0,0.106358,-3.31344,-0.084481,1076.77,1278.42,804.916,804.916,693.0,693.0,0.74753,0.74753,720.0,23.0,23.0,4048.0,4048.0,0.00209775,2.01274e-05,0.00156171,0.00367959,0.760607,0.750696,48.0,2496650000.0,2496650000.0,0.106358,-3.31344,-0.084481,1076.77,1278.42,804.916,804.916,693.0,693.0,4.608,1.3505,936.081,0.74753,0.74753,720.0,23.0,23.0,4048.0,4048.0,1201620.0,21.0,4.0,0.00209825,2.01274e-05,0.00157658,0.00369496,3436.51,0.760274,0.750535,48.0,2476220000.0,2476220000.0,0.106896,-3.41434,-0.0843828,74.753,0.32,1.0,50.0,50.0,0.2,100.0
traj_sweep_810,placement,1076.77,1278.42,796.936,796.936,685.0,685.0,0.740119,0.740119,712.0,23.0,23.0,4048.0,4048.0,859.042,10.3915,778.178,80.864,10.3915,372.0,0.726176,69.0,0.00201355,1.98475e-05,0.00151631,0.00354971,2906.52,2478090000.0,2478090000.0,0.107378,-3.01323,-0.077181,1076.77,1278.42,796.936,796.936,685.0,685.0,0.740119,0.740119,712.0,23.0,23.0,4048.0,4048.0,0.00201355,1.98475e-05,0.00151631,0.00354971,0.785801,0.682511,47.0,2478090000.0,2478090000.0,0.107378,-3.01323,-0.077181,1076.77,1278.42,796.936,796.936,685.0,685.0,5.283,1.3555,928.736,0.740119,0.740119,712.0,23.0,23.0,4048.0,4048.0,1226450.0,21.0,3.0,0.00201395,1.98475e-05,0.00152682,0.00356062,3519.75,0.796764,0.675204,47.0,2465500000.0,2465500000.0,0.107687,-3.15266,-0.0784447,74.0119,0.33,1.0,50.0,50.0,0.2,100.0
traj_sweep_811,placement,1076.77,1278.42,792.148,792.148,689.0,689.0,0.735672,0.735672,716.0,23.0,23.0,4048.0,4048.0,856.742,10.7259,773.75,82.992,10.7259,367.0,0.736636,69.0,0.00194169,1.9581e-05,0.00144283,0.0034041,2796.06,2457760000.0,2457760000.0,0.107493,-2.66809,-0.0668749,1076.77,1278.42,792.148,792.148,689.0,689.0,0.735672,0.735672,716.0,23.0,23.0,4048.0,4048.0,0.00194169,1.9581e-05,0.00144283,0.0034041,0.804101,0.771726,48.0,2457760000.0,2457760000.0,0.107493,-2.66809,-0.0668749,1076.77,1278.42,792.148,792.148,689.0,689.0,5.4655,1.318,908.408,0.735672,0.735672,716.0,23.0,23.0,4048.0,4048.0,1237700.0,22.0,3.0,0.00194221,1.9581e-05,0.00145578,0.00341757,3414.91,0.793701,0.766702,48.0,2454790000.0,2454790000.0,0.107777,-2.75206,-0.0673675,73.5672,0.34,1.0,50.0,50.0,0.2,100.0
traj_sweep_812,placement,1076.77,1278.42,789.488,789.488,688.0,688.0,0.733202,0.733202,715.0,23.0,23.0,4048.0,4048.0,854.082,10.3822,773.75,80.332,10.3822,372.0,0.70467,69.0,0.00187381,1.94326e-05,0.00140006,0.0032933,2763.91,2463360000.0,2463360000.0,0.107026,-2.25733,-0.0559489,1076.77,1278.42,789.488,789.488,688.0,688.0,0.733202,0.733202,715.0,23.0,23.0,4048.0,4048.0,0.00187381,1.94326e-05,0.00140006,0.0032933,0.760222,0.750508,48.0,2463360000.0,2463360000.0,0.107026,-2.25733,-0.0559489,1076.77,1278.42,789.488,789.488,688.0,688.0,5.239,1.286,885.066,0.733202,0.733202,715.0,23.0,23.0,4048.0,4048.0,1058430.0,19.0,2.0,0.00187418,1.94326e-05,0.00141328,0.00330689,3293.12,0.755584,0.748261,48.0,2445000000.0,2445000000.0,0.108004,-2.36688,-0.0589974,73.3202,0.35,1.0,50.0,50.0,0.2,100.0
traj_sweep_813,placement,1076.77,1278.42,789.754,789.754,687.0,687.0,0.733449,0.733449,714.0,23.0,23.0,4048.0,4048.0,854.348,10.4165,773.75,80.598,10.4165,375.0,0.729327,69.0,0.00182482,1.94741e-05,0.00136153,0.00320583,2770.64,2440700000.0,2440700000.0,0.106988,-1.89864,-0.0497184,1076.77,1278.42,789.754,789.754,687.0,687.0,0.733449,0.733449,714.0,23.0,23.0,4048.0,4048.0,0.00182482,1.94741e-05,0.00136153,0.00320583,0.793736,0.766692,47.0,2440700000.0,2440700000.0,0.106988,-1.89864,-0.0497184,1076.77,1278.42,789.754,789.754,687.0,687.0,5.188,1.2475,857.341,0.733449,0.733449,714.0,23.0,23.0,4048.0,4048.0,1055620.0,19.0,2.0,0.00182512,1.94741e-05,0.00137178,0.00321637,3298.45,0.785137,0.762548,47.0,2442970000.0,2442970000.0,0.107139,-1.93785,-0.0493793,73.3449,0.36,1.0,50.0,50.0,0.2,100.0
traj_sweep_814,placement,1076.77,1278.42,786.828,786.828,685.0,685.0,0.730731,0.730731,712.0,23.0,23.0,4048.0,4048.0,851.985,10.1446,773.515,78.47,10.1446,374.0,0.72308,68.0,0.00176175,1.93979e-05,0.00131313,0.00309428,2773.52,2445890000.0,2445890000.0,0.106792,-1.36714,-0.0388489,1076.77,1278.42,786.828,786.828,685.0,685.0,0.730731,0.730731,712.0,23.0,23.0,4048.0,4048.0,0.00176175,1.93979e-05,0.00131313,0.00309428,0.7807,0.675954,47.0,2445890000.0,2445890000.0,0.106792,-1.36714,-0.0388489,1076.77,1278.42,786.828,786.828,685.0,685.0,6.909,1.274,872.736,0.730731,0.730731,712.0,23.0,23.0,4048.0,4048.0,1068910.0,19.0,2.0,0.00176226,1.93979e-05,0.00132721,0.00310887,3307.98,0.775914,0.673383,47.0,2455120000.0,2455120000.0,0.107362,-1.46105,-0.0419711,73.0731,0.37,1.0,50.0,50.0,0.2,100.0
traj_sweep_815,placement,1076.77,1278.42,785.232,785.232,687.0,687.0,0.729249,0.729249,714.0,23.0,23.0,4048.0,4048.0,851.631,10.1492,773.161,78.47,10.1492,369.0,0.70579,68.0,0.00172133,1.92943e-05,0.00127667,0.0030173,2784.27,2429380000.0,2429380000.0,0.107506,-0.923693,-0.0316276,1076.77,1278.42,785.232,785.232,687.0,687.0,0.729249,0.729249,714.0,23.0,23.0,4048.0,4048.0,0.00172133,1.92943e-05,0.00127667,0.0030173,0.784595,0.739281,46.0,2429380000.0,2429380000.0,0.107506,-0.923693,-0.0316276,1076.77,1278.42,785.232,785.232,687.0,687.0,4.3915,1.35,927.53,0.729249,0.729249,714.0,23.0,23.0,4048.0,4048.0,1136970.0,20.0,5.0,0.00172153,1.92943e-05,0.00128681,0.00302763,3352.76,0.783388,0.735654,46.0,2439020000.0,2439020000.0,0.107973,-0.989843,-0.0357411,72.9249,0.38,1.0,50.0,50.0,0.2,100.0
traj_sweep_816,placement,1076.77,1278.42,784.7,784.7,686.0,686.0,0.728755,0.728755,713.0,23.0,23.0,4048.0,4048.0,851.951,10.2209,772.949,79.002,10.2209,374.0,0.703711,70.0,0.00169109,1.93059e-05,0.00124728,0.00295768,2794.17,2441050000.0,2441050000.0,0.107327,-0.544298,-0.0251453,1076.77,1278.42,784.7,784.7,686.0,686.0,0.728755,0.728755,713.0,23.0,23.0,4048.0,4048.0,0.00169109,1.93059e-05,0.00124728,0.00295768,0.806358,0.647098,44.0,2441050000.0,2441050000.0,0.107327,-0.544298,-0.0251453,1076.77,1278.42,784.7,784.7,686.0,686.0,5.9565,1.299,891.142,0.728755,0.728755,713.0,23.0,23.0,4048.0,4048.0,1187820.0,21.0,3.0,0.00169154,1.93059e-05,0.001257,0.00296785,3388.08,0.788006,0.645379,44.0,2414590000.0,2414590000.0,0.107454,-0.579725,-0.0280977,72.8755,0.39,1.0,50.0,50.0,0.2,100.0
traj_sweep_817,placement,1076.77,1278.42,748.79,748.79,680.0,680.0,0.695405,0.695405,707.0,23.0,23.0,4048.0,4048.0,829.454,9.86524,754.974,74.48,9.86524,368.0,0.74122,71.0,0.00156759,1.79646e-05,0.00113834,0.00272389,2793.19,2429390000.0,2429390000.0,0.107626,-0.350376,-0.0181928,1076.77,1278.42,748.79,748.79,680.0,680.0,0.695405,0.695405,707.0,23.0,23.0,4048.0,4048.0,0.00156759,1.79646e-05,0.00113834,0.00272389,0.793363,0.715145,40.0,2429390000.0,2429390000.0,0.107626,-0.350376,-0.0181928,1076.77,1278.42,748.79,748.79,680.0,680.0,5.3235,1.2905,877.668,0.695405,0.695405,707.0,23.0,23.0,4048.0,4048.0,1003260.0,18.0,3.0,0.00156791,1.79646e-05,0.00114855,0.00273442,3294.82,0.809625,0.703786,42.0,2430520000.0,2430520000.0,0.107513,-0.372738,-0.0200754,69.5405,0.4,1.0,50.0,50.0,0.2,100.0
traj_sweep_818,placement,1076.77,1278.42,723.52,723.52,663.0,663.0,0.671937,0.671937,690.0,23.0,23.0,4048.0,4048.0,807.64,8.19602,746.46,61.18,8.19602,370.0,0.702066,71.0,0.00149086,1.70899e-05,0.00107467,0.00258262,2759.49,2415760000.0,2415760000.0,0.106957,-0.0498956,-0.00929792,1076.77,1278.42,723.52,723.52,663.0,663.0,0.671937,0.671937,690.0,23.0,23.0,4048.0,4048.0,0.00149086,1.70899e-05,0.00107467,0.00258262,0.780608,0.742535,8.0,2415760000.0,2415760000.0,0.106957,-0.0498956,-0.00929792,1076.77,1278.42,723.52,723.52,663.0,663.0,4.6135,1.251,829.707,0.671937,0.671937,690.0,23.0,23.0,4048.0,4048.0,1019530.0,18.0,2.0,0.00149106,1.70899e-05,0.00108,0.00258815,3269.26,0.795588,0.740316,20.0,2390680000.0,2390680000.0,0.107581,-0.0803907,-0.0138365,67.1937,0.41,1.0,50.0,50.0,0.2,100.0
traj_sweep_819,placement,1076.77,1278.42,704.368,704.368,646.0,646.0,0.65415,0.65415,673.0,23.0,23.0,4048.0,4048.0,788.488,5.63031,746.46,42.028,5.63031,369.0,0.688757,71.0,0.00142253,1.63928e-05,0.00104209,0.00248101,2732.2,2356320000.0,2356320000.0,0.107327,-0.0367595,-0.00439035,1076.77,1278.42,704.368,704.368,646.0,646.0,0.65415,0.65415,673.0,23.0,23.0,4048.0,4048.0,0.00142253,1.63928e-05,0.00104209,0.00248101,0.80097,0.622583,15.0,2356320000.0,2356320000.0,0.107327,-0.0367595,-0.00439035,1076.77,1278.42,704.368,704.368,646.0,646.0,3.798,1.233,796.536,0.65415,0.65415,673.0,23.0,23.0,4048.0,4048.0,990045.0,18.0,2.0,0.00142272,1.63928e-05,0.00104838,0.00248749,3227.23,0.77601,0.614902,18.0,2332030000.0,2332030000.0,0.10749,-0.0772121,-0.00881084,65.415,0.42,1.0,50.0,50.0,0.2,100.0
traj_sweep_820,placement,1076.77,1278.42,686.014,686.014,622.0,622.0,0.637105,0.637105,649.0,23.0,23.0,4048.0,4048.0,770.134,3.1715,746.46,23.674,3.1715,369.0,0.713591,72.0,0.00133503,1.59272e-05,0.0010032,0.00235416,2713.1,2343910000.0,2343910000.0,0.10698,-0.0033116,-0.00133848,1076.77,1278.42,686.014,686.014,622.0,622.0,0.637105,0.637105,649.0,23.0,23.0,4048.0,4048.0,0.00133503,1.59272e-05,0.0010032,0.00235416,0.779451,0.621461,3.0,2343910000.0,2343910000.0,0.10698,-0.0033116,-0.00133848,1076.77,1278.42,686.014,686.014,622.0,622.0,4.6235,1.255,780.864,0.637105,0.637105,649.0,23.0,23.0,4048.0,4048.0,907037.0,17.0,2.0,0.00133516,1.59272e-05,0.00100799,0.00235907,3166.61,0.790608,0.614883,3.0,2334110000.0,2334110000.0,0.107481,-0.00581893,-0.00361494,63.7105,0.43,1.0,50.0,50.0,0.2,100.0
traj_sweep_821,placement,1076.77,1278.42,675.64,675.64,611.0,611.0,0.62747,0.62747,638.0,23.0,23.0,4048.0,4048.0,759.76,1.78174,746.46,13.3,1.78174,376.0,0.717508,72.0,0.00126675,1.55778e-05,0.000972333,0.00225466,2749.5,2341240000.0,2341240000.0,0.106978,0.0,0.0085279,1076.77,1278.42,675.64,675.64,611.0,611.0,0.62747,0.62747,638.0,23.0,23.0,4048.0,4048.0,0.00126675,1.55778e-05,0.000972333,0.00225466,0.776386,0.612764,0.0,2341240000.0,2341240000.0,0.106978,0.0,0.0085279,1076.77,1278.42,675.64,675.64,611.0,611.0,3.77,1.2145,742.353,0.62747,0.62747,638.0,23.0,23.0,4048.0,4048.0,769883.0,14.0,1.0,0.00126693,1.55778e-05,0.000977819,0.00226033,3134.44,0.780532,0.612454,0.0,2334450000.0,2334450000.0,0.107618,0.0,0.0067773,62.747,0.44,1.0,50.0,50.0,0.2,100.0
traj_sweep_822,placement,1076.77,1278.42,673.512,673.512,609.0,609.0,0.625494,0.625494,636.0,23.0,23.0,4048.0,4048.0,757.632,1.49666,746.46,11.172,1.49666,377.0,0.700785,73.0,0.00122985,1.54905e-05,0.000948943,0.00219429,2803.65,2326600000.0,2326600000.0,0.107342,0.0,0.0166585,1076.77,1278.42,673.512,673.512,609.0,609.0,0.625494,0.625494,636.0,23.0,23.0,4048.0,4048.0,0.00122985,1.54905e-05,0.000948943,0.00219429,0.74802,0.616609,0.0,2326600000.0,2326600000.0,0.107342,0.0,0.0166585,1076.77,1278.42,673.512,673.512,609.0,609.0,4.238,1.266,771.15,0.625494,0.625494,636.0,23.0,23.0,4048.0,4048.0,790890.0,14.0,1.0,0.00122997,1.54905e-05,0.000952181,0.00219764,3199.09,0.755657,0.617557,0.0,2317970000.0,2317970000.0,0.108172,0.0,0.0120457,62.5494,0.45,1.0,50.0,50.0,0.2,100.0
traj_sweep_823,placement,1076.77,1278.42,671.65,671.65,606.0,606.0,0.623765,0.623765,633.0,23.0,23.0,4048.0,4048.0,755.77,1.24722,746.46,9.31,1.24722,374.0,0.708605,72.0,0.00119683,1.54467e-05,0.000924256,0.00213653,2735.06,2316100000.0,2316100000.0,0.107589,0.0,0.0155462,1076.77,1278.42,671.65,671.65,606.0,606.0,0.623765,0.623765,633.0,23.0,23.0,4048.0,4048.0,0.00119683,1.54467e-05,0.000924256,0.00213653,0.760254,0.620997,0.0,2316100000.0,2316100000.0,0.107589,0.0,0.0155462,1076.77,1278.42,671.65,671.65,606.0,606.0,5.0655,1.225,742.52,0.623765,0.623765,633.0,23.0,23.0,4048.0,4048.0,752768.0,14.0,1.0,0.00119713,1.54467e-05,0.000929885,0.00214247,3111.44,0.767821,0.622304,0.0,2313050000.0,2313050000.0,0.108065,0.0,0.0139368,62.3765,0.46,1.0,50.0,50.0,0.2,100.0
traj_sweep_824,placement,1076.77,1278.42,670.054,670.054,604.0,604.0,0.622283,0.622283,631.0,23.0,23.0,4048.0,4048.0,754.174,1.03341,746.46,7.714,1.03341,370.0,0.713027,73.0,0.00116858,1.54042e-05,0.000901304,0.00208529,2719.89,2294620000.0,2294620000.0,0.106999,0.0,0.0241899,1076.77,1278.42,670.054,670.054,604.0,604.0,0.622283,0.622283,631.0,23.0,23.0,4048.0,4048.0,0.00116858,1.54042e-05,0.000901304,0.00208529,0.773888,0.524136,0.0,2294620000.0,2294620000.0,0.106999,0.0,0.0241899,1076.77,1278.42,670.054,670.054,604.0,604.0,6.015,1.232,744.154,0.622283,0.622283,631.0,23.0,23.0,4048.0,4048.0,733257.0,13.0,1.0,0.00116865,1.54042e-05,0.000904861,0.00208891,3086.52,0.777801,0.528174,0.0,2298690000.0,2298690000.0,0.108072,0.0,0.0228211,62.2283,0.47,1.0,50.0,50.0,0.2,100.0
traj_sweep_825,placement,1076.77,1278.42,669.256,669.256,604.0,604.0,0.621542,0.621542,631.0,23.0,23.0,4048.0,4048.0,753.376,0.926506,746.46,6.916,0.926506,371.0,0.708539,72.0,0.00113981,1.53689e-05,0.000885249,0.00204043,2735.65,2289080000.0,2289080000.0,0.107629,0.0,0.0285108,1076.77,1278.42,669.256,669.256,604.0,604.0,0.621542,0.621542,631.0,23.0,23.0,4048.0,4048.0,0.00113981,1.53689e-05,0.000885249,0.00204043,0.795779,0.541864,0.0,2289080000.0,2289080000.0,0.107629,0.0,0.0285108,1076.77,1278.42,669.256,669.256,604.0,604.0,5.5785,1.2275,741.438,0.621542,0.621542,631.0,23.0,23.0,4048.0,4048.0,809004.0,15.0,2.0,0.00113969,1.53689e-05,0.000886621,0.00204168,3140.15,0.776793,0.543052,0.0,2288950000.0,2288950000.0,0.108235,0.0,0.026102,62.1542,0.48,1.0,50.0,50.0,0.2,100.0
traj_sweep_826,placement,1076.77,1278.42,666.596,666.596,602.0,602.0,0.619071,0.619071,629.0,23.0,23.0,4048.0,4048.0,750.716,0.570158,746.46,4.256,0.570158,380.0,0.706286,71.0,0.00111354,1.52579e-05,0.000869491,0.00199828,2689.16,2282520000.0,2282520000.0,0.10686,0.0,0.0403055,1076.77,1278.42,666.596,666.596,602.0,602.0,0.619071,0.619071,629.0,23.0,23.0,4048.0,4048.0,0.00111354,1.52579e-05,0.000869491,0.00199828,0.781495,0.628291,0.0,2282520000.0,2282520000.0,0.10686,0.0,0.0403055,1076.77,1278.42,666.596,666.596,602.0,602.0,3.8935,1.2585,757.774,0.619071,0.619071,629.0,23.0,23.0,4048.0,4048.0,844554.0,16.0,1.0,0.00111358,1.52579e-05,0.000870038,0.00199888,3111.44,0.776162,0.619543,0.0,2269050000.0,2269050000.0,0.107455,0.0,0.0389124,61.9071,0.49,1.0,50.0,50.0,0.2,100.0
traj_sweep_827,placement,1076.77,1278.42,666.596,666.596,602.0,602.0,0.619071,0.619071,629.0,23.0,23.0,4048.0,4048.0,750.716,0.570158,746.46,4.256,0.570158,375.0,0.704894,71.0,0.00109121,1.52579e-05,0.000850024,0.0019565,2669.4,2269210000.0,2269210000.0,0.107076,0.0,0.045763,1076.77,1278.42,666.596,666.596,602.0,602.0,0.619071,0.619071,629.0,23.0,23.0,4048.0,4048.0,0.00109121,1.52579e-05,0.000850024,0.0019565,0.776907,0.628491,0.0,2269210000.0,2269210000.0,0.107076,0.0,0.045763,1076.77,1278.42,666.596,666.596,602.0,602.0,4.4125,1.221,735.048,0.619071,0.619071,629.0,23.0,23.0,4048.0,4048.0,830371.0,16.0,2.0,0.00109135,1.52579e-05,0.000852915,0.00195952,3084.59,0.757792,0.628112,0.0,2255650000.0,2255650000.0,0.107941,0.0,0.0452241,61.9071,0.5,1.0,50.0,50.0,0.2,100.0
traj_sweep_828,placement,1076.77,1278.42,666.33,666.33,602.0,602.0,0.618824,0.618824,629.0,23.0,23.0,4048.0,4048.0,750.45,0.534523,746.46,3.99,0.534523,375.0,0.695823,72.0,0.00106907,1.5237e-05,0.000828031,0.00191234,2678.92,2210120000.0,2210120000.0,0.107082,0.0,0.057535,1076.77,1278.42,666.33,666.33,602.0,602.0,0.618824,0.618824,629.0,23.0,23.0,4048.0,4048.0,0.00106907,1.5237e-05,0.000828031,0.00191234,0.759092,0.606783,0.0,2210120000.0,2210120000.0,0.107082,0.0,0.057535,1076.77,1278.42,666.33,666.33,602.0,602.0,4.0,1.2625,760.158,0.618824,0.618824,629.0,23.0,23.0,4048.0,4048.0,771474.0,14.0,2.0,0.00106918,1.5237e-05,0.000833001,0.00191741,3064.66,0.782699,0.61243,0.0,2213170000.0,2213170000.0,0.107464,0.0,0.0557622,61.8824,0.51,1.0,50.0,50.0,0.2,100.0
traj_sweep_829,placement,1076.77,1278.42,666.596,666.596,602.0,602.0,0.619071,0.619071,629.0,23.0,23.0,4048.0,4048.0,750.716,0.570158,746.46,4.256,0.570158,375.0,0.693292,70.0,0.00105001,1.52594e-05,0.000819116,0.00188438,2716.0,2286780000.0,2286780000.0,0.107137,0.0,0.0645186,1076.77,1278.42,666.596,666.596,602.0,602.0,0.619071,0.619071,629.0,23.0,23.0,4048.0,4048.0,0.00105001,1.52594e-05,0.000819116,0.00188438,0.783777,0.627299,0.0,2286780000.0,2286780000.0,0.107137,0.0,0.0645186,1076.77,1278.42,666.596,666.596,602.0,602.0,4.0475,1.2435,748.743,0.619071,0.619071,629.0,23.0,23.0,4048.0,4048.0,770249.0,14.0,2.0,0.00105008,1.52594e-05,0.000820859,0.0018862,3101.12,0.793141,0.621339,0.0,2271980000.0,2271980000.0,0.10796,0.0,0.0631478,61.9071,0.52,1.0,50.0,50.0,0.2,100.0
traj_sweep_830,placement,1076.77,1278.42,666.596,666.596,602.0,602.0,0.619071,0.619071,629.0,23.0,23.0,4048.0,4048.0,750.716,0.570158,746.46,4.256,0.570158,374.0,0.706648,70.0,0.00102993,1.52594e-05,0.000801395,0.00184659,2695.81,2278370000.0,2278370000.0,0.106966,0.0,0.0676938,1076.77,1278.42,666.596,666.596,602.0,602.0,0.619071,0.619071,629.0,23.0,23.0,4048.0,4048.0,0.00102993,1.52594e-05,0.000801395,0.00184659,0.788523,0.625122,0.0,2278370000.0,2278370000.0,0.106966,0.0,0.0676938,1076.77,1278.42,666.596,666.596,602.0,602.0,3.9275,1.2615,759.659,0.619071,0.619071,629.0,23.0,23.0,4048.0,4048.0,804258.0,15.0,1.0,0.00102991,1.52594e-05,0.000803123,0.00184829,3097.93,0.805667,0.625643,0.0,2261850000.0,2261850000.0,0.107814,0.0,0.0692823,61.9071,0.53,1.0,50.0,50.0,0.2,100.0
traj_sweep_831,placement,1076.77,1278.42,666.596,666.596,602.0,602.0,0.619071,0.619071,629.0,23.0,23.0,4048.0,4048.0,750.716,0.570158,746.46,4.256,0.570158,374.0,0.686049,70.0,0.00101058,1.52594e-05,0.000780247,0.00180609,2687.03,2204030000.0,2204030000.0,0.107222,0.0,0.0811843,1076.77,1278.42,666.596,666.596,602.0,602.0,0.619071,0.619071,629.0,23.0,23.0,4048.0,4048.0,0.00101058,1.52594e-05,0.000780247,0.00180609,0.761247,0.610633,0.0,2204030000.0,2204030000.0,0.107222,0.0,0.0811843,1076.77,1278.42,666.596,666.596,602.0,602.0,3.818,1.258,757.372,0.619071,0.619071,629.0,23.0,23.0,4048.0,4048.0,744449.0,14.0,2.0,0.00101081,1.52594e-05,0.000785073,0.00181114,3059.26,0.777538,0.6163,0.0,2193620000.0,2193620000.0,0.107649,0.0,0.0792383,61.9071,0.54,1.0,50.0,50.0,0.2,100.0
traj_sweep_832,placement,1076.77,1278.42,666.33,666.33,602.0,602.0,0.618824,0.618824,629.0,23.0,23.0,4048.0,4048.0,750.45,0.534523,746.46,3.99,0.534523,373.0,0.704334,70.0,0.000991288,1.5237e-05,0.000765135,0.00177166,2716.11,2206710000.0,2206710000.0,0.106961,0.0,0.0891779,1076.77,1278.42,666.33,666.33,602.0,602.0,0.618824,0.618824,629.0,23.0,23.0,4048.0,4048.0,0.000991288,1.5237e-05,0.000765135,0.00177166,0.779854,0.617329,0.0,2206710000.0,2206710000.0,0.106961,0.0,0.0891779,1076.77,1278.42,666.33,666.33,602.0,602.0,4.4145,1.2475,751.177,0.618824,0.618824,629.0,23.0,23.0,4048.0,4048.0,791460.0,15.0,2.0,0.000991397,1.5237e-05,0.000769106,0.00177574,3111.84,0.777039,0.615888,0.0,2196330000.0,2196330000.0,0.107847,0.0,0.0882807,61.8824,0.55,1.0,50.0,50.0,0.2,100.0
traj_sweep_833,placement,1076.77,1278.42,665.532,665.532,601.0,601.0,0.618083,0.618083,628.0,23.0,23.0,4048.0,4048.0,749.652,0.427618,746.46,3.192,0.427618,373.0,0.694979,70.0,0.000974351,1.52173e-05,0.000751511,0.00174108,2711.49,2199160000.0,2199160000.0,0.106952,0.0,0.0970277,1076.77,1278.42,665.532,665.532,601.0,601.0,0.618083,0.618083,628.0,23.0,23.0,4048.0,4048.0,0.000974351,1.52173e-05,0.000751511,0.00174108,0.781041,0.555861,0.0,2199160000.0,2199160000.0,0.106952,0.0,0.0970277,1076.77,1278.42,665.532,665.532,601.0,601.0,4.7965,1.2775,767.861,0.618083,0.618083,628.0,23.0,23.0,4048.0,4048.0,817969.0,15.0,1.0,0.000974578,1.52173e-05,0.000756646,0.00174644,3120.48,0.783211,0.555066,0.0,2216690000.0,2216690000.0,0.107741,0.0,0.0942693,61.8083,0.56,1.0,50.0,50.0,0.2,100.0
traj_sweep_834,placement,1076.77,1278.42,665.532,665.532,601.0,601.0,0.618083,0.618083,628.0,23.0,23.0,4048.0,4048.0,749.652,0.427618,746.46,3.192,0.427618,373.0,0.694979,70.0,0.000957257,1.52173e-05,0.000738326,0.0017108,2711.49,2199160000.0,2199160000.0,0.106952,0.0,0.105028,1076.77,1278.42,665.532,665.532,601.0,601.0,0.618083,0.618083,628.0,23.0,23.0,4048.0,4048.0,0.000957257,1.52173e-05,0.000738326,0.0017108,0.781041,0.555861,0.0,2199160000.0,2199160000.0,0.106952,0.0,0.105028,1076.77,1278.42,665.532,665.532,601.0,601.0,4.7965,1.2775,767.861,0.618083,0.618083,628.0,23.0,23.0,4048.0,4048.0,817969.0,15.0,1.0,0.000957479,1.52173e-05,0.000743371,0.00171607,3120.48,0.783211,0.555066,0.0,2216690000.0,2216690000.0,0.107741,0.0,0.102269,61.8083,0.57,1.0,50.0,50.0,0.2,100.0
traj_sweep_835,placement,1076.77,1278.42,665.0,665.0,600.0,600.0,0.617589,0.617589,627.0,23.0,23.0,4048.0,4048.0,749.12,0.356349,746.46,2.66,0.356349,375.0,0.678675,71.0,0.00094159,1.52175e-05,0.000725099,0.00168191,2692.67,2201120000.0,2201120000.0,0.10706,0.0,0.112814,1076.77,1278.42,665.0,665.0,600.0,600.0,0.617589,0.617589,627.0,23.0,23.0,4048.0,4048.0,0.00094159,1.52175e-05,0.000725099,0.00168191,0.805662,0.476995,0.0,2201120000.0,2201120000.0,0.10706,0.0,0.112814,1076.77,1278.42,665.0,665.0,600.0,600.0,4.482,1.307,784.475,0.617589,0.617589,627.0,23.0,23.0,4048.0,4048.0,773021.0,14.0,3.0,0.000941816,1.52175e-05,0.000728482,0.00168552,3079.18,0.772985,0.479981,0.0,2211540000.0,2211540000.0,0.107598,0.0,0.111375,61.7589,0.58,1.0,50.0,50.0,0.2,100.0
traj_sweep_836,placement,1076.77,1278.42,665.0,665.0,600.0,600.0,0.617589,0.617589,627.0,23.0,23.0,4048.0,4048.0,749.12,0.356349,746.46,2.66,0.356349,374.0,0.697135,70.0,0.000925183,1.52175e-05,0.0007139,0.0016543,2708.35,2195300000.0,2195300000.0,0.106945,0.0,0.120927,1076.77,1278.42,665.0,665.0,600.0,600.0,0.617589,0.617589,627.0,23.0,23.0,4048.0,4048.0,0.000925183,1.52175e-05,0.0007139,0.0016543,0.780832,0.552578,0.0,2195300000.0,2195300000.0,0.106945,0.0,0.120927,1076.77,1278.42,665.0,665.0,600.0,600.0,4.3985,1.2475,748.779,0.617589,0.617589,627.0,23.0,23.0,4048.0,4048.0,798510.0,15.0,1.0,0.000925239,1.52175e-05,0.000718481,0.00165894,3107.61,0.793739,0.558289,0.0,2203710000.0,2203710000.0,0.107414,0.0,0.117854,61.7589,0.59,1.0,50.0,50.0,0.2,100.0
traj_sweep_837,placement,1076.77,1278.42,665.798,665.798,600.0,600.0,0.61833,0.61833,627.0,23.0,23.0,4048.0,4048.0,749.918,0.463253,746.46,3.458,0.463253,376.0,0.693021,70.0,0.000910361,1.5262e-05,0.000701221,0.00162684,2699.62,2207480000.0,2207480000.0,0.107079,0.0,0.128742,1076.77,1278.42,665.798,665.798,600.0,600.0,0.61833,0.61833,627.0,23.0,23.0,4048.0,4048.0,0.000910361,1.5262e-05,0.000701221,0.00162684,0.760498,0.553864,0.0,2207480000.0,2207480000.0,0.107079,0.0,0.128742,1076.77,1278.42,665.798,665.798,600.0,600.0,4.1775,1.2565,754.09,0.61833,0.61833,627.0,23.0,23.0,4048.0,4048.0,765080.0,14.0,1.0,0.000910546,1.5262e-05,0.000706644,0.00163245,3082.16,0.737633,0.555381,0.0,2213080000.0,2213080000.0,0.107399,0.0,0.125865,61.833,0.6,1.0,50.0,50.0,0.2,100.0
traj_sweep_838,placement,1076.77,1278.42,665.798,665.798,600.0,600.0,0.61833,0.61833,627.0,23.0,23.0,4048.0,4048.0,749.918,0.463253,746.46,3.458,0.463253,376.0,0.69283,70.0,0.000895437,1.5262e-05,0.000689629,0.00160033,2698.47,2207910000.0,2207910000.0,0.107082,0.0,0.136673,1076.77,1278.42,665.798,665.798,600.0,600.0,0.61833,0.61833,627.0,23.0,23.0,4048.0,4048.0,0.000895437,1.5262e-05,0.000689629,0.00160033,0.760264,0.554094,0.0,2207910000.0,2207910000.0,0.107082,0.0,0.136673,1076.77,1278.42,665.798,665.798,600.0,600.0,4.305,1.257,754.273,0.61833,0.61833,627.0,23.0,23.0,4048.0,4048.0,786179.0,15.0,1.0,0.000895804,1.5262e-05,0.000694222,0.00160529,3091.56,0.746471,0.553293,0.0,2213960000.0,2213960000.0,0.107961,0.0,0.135101,61.833,0.61,1.0,50.0,50.0,0.2,100.0
traj_sweep_839,placement,1076.77,1278.42,665.0,665.0,600.0,600.0,0.617589,0.617589,627.0,23.0,23.0,4048.0,4048.0,749.12,0.356349,746.46,2.66,0.356349,374.0,0.691376,67.0,0.000880659,1.52175e-05,0.000678072,0.00157395,2705.83,2211680000.0,2211680000.0,0.107034,0.0,0.145535,1076.77,1278.42,665.0,665.0,600.0,600.0,0.617589,0.617589,627.0,23.0,23.0,4048.0,4048.0,0.000880659,1.52175e-05,0.000678072,0.00157395,0.762737,0.553101,0.0,2211680000.0,2211680000.0,0.107034,0.0,0.145535,1076.77,1278.42,665.0,665.0,600.0,600.0,3.681,1.2475,748.683,0.617589,0.617589,627.0,23.0,23.0,4048.0,4048.0,781929.0,14.0,1.0,0.000880932,1.52175e-05,0.000683473,0.00157962,3096.8,0.767821,0.550712,0.0,2219030000.0,2219030000.0,0.107981,0.0,0.140749,61.7589,0.62,1.0,50.0,50.0,0.2,100.0
traj_sweep_840,placement,1076.77,1278.42,843.486,843.486,721.0,721.0,0.78335,0.78335,748.0,23.0,23.0,4048.0,4048.0,903.916,14.256,791.132,112.784,14.256,371.0,0.730149,64.0,0.00518238,2.14569e-05,0.00375436,0.0089582,2922.38,2504100000.0,2504100000.0,0.0707255,-12.261,-0.259345,1076.77,1278.42,843.486,843.486,721.0,721.0,0.78335,0.78335,748.0,23.0,23.0,4048.0,4048.0,0.00518238,2.14569e-05,0.00375436,0.0089582,0.753434,0.747225,53.0,2504100000.0,2504100000.0,0.0707255,-12.261,-0.259345,1076.77,1278.42,843.486,843.486,721.0,721.0,5.1425,1.315,948.243,0.78335,0.78335,748.0,23.0,23.0,4048.0,4048.0,1287510.0,22.0,5.0,0.00518293,2.14569e-05,0.00378663,0.00899102,3566.14,0.767749,0.754155,53.0,2473390000.0,2473390000.0,0.0710168,-12.3958,-0.264303,78.335,0.14,1.0,51.0,50.0,0.2,100.0
traj_sweep_841,placement,1076.77,1278.42,841.624,841.624,719.0,719.0,0.781621,0.781621,746.0,23.0,23.0,4048.0,4048.0,902.054,14.0207,791.132,110.922,14.0207,370.0,0.704469,65.0,0.00480793,2.14161e-05,0.00349398,0.00832333,2907.58,2505990000.0,2505990000.0,0.072749,-11.7383,-0.249043,1076.77,1278.42,841.624,841.624,719.0,719.0,0.781621,0.781621,746.0,23.0,23.0,4048.0,4048.0,0.00480793,2.14161e-05,0.00349398,0.00832333,0.758687,0.749767,53.0,2505990000.0,2505990000.0,0.072749,-11.7383,-0.249043,1076.77,1278.42,841.624,841.624,719.0,719.0,4.8725,1.3255,953.133,0.781621,0.781621,746.0,23.0,23.0,4048.0,4048.0,1285030.0,22.0,5.0,0.00480928,2.14161e-05,0.00352779,0.00835848,3550.1,0.756463,0.748691,53.0,2481860000.0,2481860000.0,0.0728213,-11.8779,-0.252924,78.1621,0.15,1.0,51.0,50.0,0.2,100.0
traj_sweep_842,placement,1076.77,1278.42,841.624,841.624,719.0,719.0,0.781621,0.781621,746.0,23.0,23.0,4048.0,4048.0,902.054,14.0207,791.132,110.922,14.0207,372.0,0.695239,65.0,0.0045079,2.1417e-05,0.00327454,0.00780386,2914.82,2503090000.0,2503090000.0,0.0748557,-11.2447,-0.239506,1076.77,1278.42,841.624,841.624,719.0,719.0,0.781621,0.781621,746.0,23.0,23.0,4048.0,4048.0,0.0045079,2.1417e-05,0.00327454,0.00780386,0.765023,0.752836,53.0,2503090000.0,2503090000.0,0.0748557,-11.2447,-0.239506,1076.77,1278.42,841.624,841.624,719.0,719.0,6.216,1.2615,907.064,0.781621,0.781621,746.0,23.0,23.0,4048.0,4048.0,1199360.0,21.0,4.0,0.00450863,2.1417e-05,0.00330406,0.00783411,3514.5,0.774834,0.757582,53.0,2481090000.0,2481090000.0,0.0744838,-11.3747,-0.243049,78.1621,0.16,1.0,51.0,50.0,0.2,100.0
traj_sweep_843,placement,1076.77,1278.42,837.9,837.9,715.0,715.0,0.778162,0.778162,742.0,23.0,23.0,4048.0,4048.0,898.33,13.5499,791.132,107.198,13.5499,379.0,0.716833,65.0,0.0041912,2.1286e-05,0.00307186,0.00728435,2923.74,2501640000.0,2501640000.0,0.0768685,-10.7012,-0.229738,1076.77,1278.42,837.9,837.9,715.0,715.0,0.778162,0.778162,742.0,23.0,23.0,4048.0,4048.0,0.0041912,2.1286e-05,0.00307186,0.00728435,0.775278,0.757796,53.0,2501640000.0,2501640000.0,0.0768685,-10.7012,-0.229738,1076.77,1278.42,837.9,837.9,715.0,715.0,4.813,1.27,908.406,0.778162,0.778162,742.0,23.0,23.0,4048.0,4048.0,1200060.0,21.0,6.0,0.00419188,2.1286e-05,0.00309598,0.00730914,3523.76,0.775914,0.758103,53.0,2489660000.0,2489660000.0,0.0777462,-10.8162,-0.231661,77.8162,0.17,1.0,51.0,50.0,0.2,100.0
traj_sweep_844,placement,1076.77,1278.42,835.506,835.506,712.0,712.0,0.775939,0.775939,739.0,23.0,23.0,4048.0,4048.0,895.936,13.2473,791.132,104.804,13.2473,378.0,0.713634,65.0,0.00391684,2.12227e-05,0.00288572,0.00682379,2915.62,2502940000.0,2502940000.0,0.0787703,-10.1664,-0.21953,1076.77,1278.42,835.506,835.506,712.0,712.0,0.775939,0.775939,739.0,23.0,23.0,4048.0,4048.0,0.00391684,2.12227e-05,0.00288572,0.00682379,0.755825,0.748382,53.0,2502940000.0,2502940000.0,0.0787703,-10.1664,-0.21953,1076.77,1278.42,835.506,835.506,712.0,712.0,4.6885,1.348,960.011,0.775939,0.775939,739.0,23.0,23.0,4048.0,4048.0,1276570.0,22.0,3.0,0.00391767,2.12227e-05,0.00290764,0.00684654,3553.91,0.786154,0.763055,53.0,2485070000.0,2485070000.0,0.0791,-10.2739,-0.222404,77.5939,0.18,1.0,51.0,50.0,0.2,100.0
traj_sweep_845,placement,1076.77,1278.42,835.506,835.506,712.0,712.0,0.775939,0.775939,739.0,23.0,23.0,4048.0,4048.0,895.936,13.2473,791.132,104.804,13.2473,378.0,0.713638,65.0,0.00371068,2.12227e-05,0.00273348,0.00646538,2915.98,2502680000.0,2502680000.0,0.080778,-9.67277,-0.209572,1076.77,1278.42,835.506,835.506,712.0,712.0,0.775939,0.775939,739.0,23.0,23.0,4048.0,4048.0,0.00371068,2.12227e-05,0.00273348,0.00646538,0.756972,0.748937,53.0,2502680000.0,2502680000.0,0.080778,-9.67277,-0.209572,1076.77,1278.42,835.506,835.506,712.0,712.0,5.056,1.2895,918.157,0.775939,0.775939,739.0,23.0,23.0,4048.0,4048.0,1220110.0,21.0,3.0,0.00371167,2.12227e-05,0.00275324,0.00648613,3526.04,0.775842,0.758069,53.0,2484250000.0,2484250000.0,0.08072,-9.79155,-0.212536,77.5939,0.19,1.0,51.0,50.0,0.2,100.0
traj_sweep_846,placement,1076.77,1278.42,834.974,834.974,711.0,711.0,0.775445,0.775445,738.0,23.0,23.0,4048.0,4048.0,895.404,13.1801,791.132,104.272,13.1801,379.0,0.7193,65.0,0.0035138,2.12246e-05,0.00259565,0.00613068,2924.94,2502430000.0,2502430000.0,0.0828218,-9.14868,-0.199611,1076.77,1278.42,834.974,834.974,711.0,711.0,0.775445,0.775445,738.0,23.0,23.0,4048.0,4048.0,0.0035138,2.12246e-05,0.00259565,0.00613068,0.771763,0.756097,53.0,2502430000.0,2502430000.0,0.0828218,-9.14868,-0.199611,1076.77,1278.42,834.974,834.974,711.0,711.0,5.335,1.269,902.301,0.775445,0.775445,738.0,23.0,23.0,4048.0,4048.0,1130190.0,19.0,4.0,0.00351491,2.12246e-05,0.00261502,0.00615115,3490.04,0.774027,0.757191,53.0,2484000000.0,2484000000.0,0.0828148,-9.25491,-0.202577,77.5445,0.2,1.0,51.0,50.0,0.2,100.0
traj_sweep_847,placement,1076.77,1278.42,832.58,832.58,708.0,708.0,0.773221,0.773221,735.0,23.0,23.0,4048.0,4048.0,893.01,12.8775,791.132,101.878,12.8775,376.0,0.701202,66.0,0.00332338,2.1157e-05,0.00246717,0.00581171,2913.92,2503540000.0,2503540000.0,0.0847914,-8.58268,-0.189435,1076.77,1278.42,832.58,832.58,708.0,708.0,0.773221,0.773221,735.0,23.0,23.0,4048.0,4048.0,0.00332338,2.1157e-05,0.00246717,0.00581171,0.76862,0.754577,53.0,2503540000.0,2503540000.0,0.0847914,-8.58268,-0.189435,1076.77,1278.42,832.58,832.58,708.0,708.0,4.276,1.2575,890.662,0.773221,0.773221,735.0,23.0,23.0,4048.0,4048.0,1146450.0,20.0,2.0,0.00332386,2.1157e-05,0.00248359,0.00582861,3487.14,0.76648,0.753541,53.0,2484330000.0,2484330000.0,0.0848952,-8.72379,-0.192523,77.3221,0.21,1.0,51.0,50.0,0.2,100.0
traj_sweep_848,placement,1076.77,1278.42,830.718,830.718,705.0,705.0,0.771492,0.771492,732.0,23.0,23.0,4048.0,4048.0,891.148,12.6421,791.132,100.016,12.6421,379.0,0.734526,66.0,0.00315413,2.11153e-05,0.00234778,0.00552303,2914.11,2501870000.0,2501870000.0,0.0868799,-8.07462,-0.179702,1076.77,1278.42,830.718,830.718,705.0,705.0,0.771492,0.771492,732.0,23.0,23.0,4048.0,4048.0,0.00315413,2.11153e-05,0.00234778,0.00552303,0.766883,0.753736,53.0,2501870000.0,2501870000.0,0.0868799,-8.07462,-0.179702,1076.77,1278.42,830.718,830.718,705.0,705.0,5.405,1.282,903.962,0.771492,0.771492,732.0,23.0,23.0,4048.0,4048.0,1173420.0,20.0,4.0,0.00315482,2.11153e-05,0.00236833,0.00554427,3500.82,0.774799,0.757565,53.0,2485180000.0,2485180000.0,0.0870924,-8.1763,-0.182385,77.1492,0.22,1.0,51.0,50.0,0.2,100.0
traj_sweep_849,placement,1076.77,1278.42,832.314,832.314,706.0,706.0,0.772974,0.772974,733.0,23.0,23.0,4048.0,4048.0,892.744,12.8439,791.132,101.612,12.8439,379.0,0.716815,67.0,0.00302706,2.11997e-05,0.0022496,0.00529786,2911.39,2495760000.0,2495760000.0,0.0886463,-7.53016,-0.170679,1076.77,1278.42,832.314,832.314,706.0,706.0,0.772974,0.772974,733.0,23.0,23.0,4048.0,4048.0,0.00302706,2.11997e-05,0.0022496,0.00529786,0.769668,0.755083,53.0,2495760000.0,2495760000.0,0.0886463,-7.53016,-0.170679,1076.77,1278.42,832.314,832.314,706.0,706.0,5.62,1.3015,919.091,0.772974,0.772974,733.0,23.0,23.0,4048.0,4048.0,1246710.0,21.0,4.0,0.00302764,2.11997e-05,0.00226803,0.00531687,3534.75,0.75516,0.74806,53.0,2471930000.0,2471930000.0,0.0886847,-7.66252,-0.174542,77.2974,0.23,1.0,51.0,50.0,0.2,100.0
traj_sweep_850,placement,1076.77,1278.42,835.772,835.772,712.0,712.0,0.776186,0.776186,739.0,23.0,23.0,4048.0,4048.0,896.169,13.4341,790.035,106.134,13.4341,372.0,0.707283,66.0,0.00290975,2.12588e-05,0.00216149,0.0050925,2918.16,2495710000.0,2495710000.0,0.0906492,-7.13124,-0.160688,1076.77,1278.42,835.772,835.772,712.0,712.0,0.776186,0.776186,739.0,23.0,23.0,4048.0,4048.0,0.00290975,2.12588e-05,0.00216149,0.0050925,0.779387,0.759784,52.0,2495710000.0,2495710000.0,0.0906492,-7.13124,-0.160688,1076.77,1278.42,835.772,835.772,712.0,712.0,6.3065,1.3505,961.746,0.776186,0.776186,739.0,23.0,23.0,4048.0,4048.0,1427450.0,24.0,5.0,0.00291008,2.12588e-05,0.00217777,0.00510911,3631.89,0.771557,0.755997,52.0,2473540000.0,2473540000.0,0.0907267,-7.27585,-0.164279,77.6186,0.24,1.0,51.0,50.0,0.2,100.0
traj_sweep_851,placement,1076.77,1278.42,827.526,827.526,711.0,711.0,0.768528,0.768528,738.0,23.0,23.0,4048.0,4048.0,888.475,13.2197,784.735,103.74,13.2197,375.0,0.72427,66.0,0.00277926,2.08669e-05,0.0020474,0.00484752,2925.08,2506480000.0,2506480000.0,0.0923091,-6.6275,-0.148966,1076.77,1278.42,827.526,827.526,711.0,711.0,0.768528,0.768528,738.0,23.0,23.0,4048.0,4048.0,0.00277926,2.08669e-05,0.0020474,0.00484752,0.740788,0.741106,51.0,2506480000.0,2506480000.0,0.0923091,-6.6275,-0.148966,1076.77,1278.42,827.526,827.526,711.0,711.0,5.5015,1.349,959.171,0.768528,0.768528,738.0,23.0,23.0,4048.0,4048.0,1165690.0,20.0,3.0,0.0027797,2.08669e-05,0.00206606,0.00486662,3507.92,0.743718,0.742523,51.0,2494110000.0,2494110000.0,0.0928891,-6.72652,-0.150944,76.8528,0.25,1.0,51.0,50.0,0.2,100.0
traj_sweep_852,placement,1076.77,1278.42,826.196,826.196,709.0,709.0,0.767292,0.767292,736.0,23.0,23.0,4048.0,4048.0,887.025,13.1674,783.817,103.208,13.1674,373.0,0.706494,64.0,0.0026498,2.08163e-05,0.00196859,0.00463921,2906.12,2489760000.0,2489760000.0,0.0946315,-6.10281,-0.141645,1076.77,1278.42,826.196,826.196,709.0,709.0,0.767292,0.767292,736.0,23.0,23.0,4048.0,4048.0,0.0026498,2.08163e-05,0.00196859,0.00463921,0.759616,0.750217,50.0,2489760000.0,2489760000.0,0.0946315,-6.10281,-0.141645,1076.77,1278.42,826.196,826.196,709.0,709.0,5.781,1.368,970.221,0.767292,0.767292,736.0,23.0,23.0,4048.0,4048.0,1248360.0,21.0,3.0,0.00264987,2.08163e-05,0.00198455,0.00465523,3530.3,0.761959,0.751353,50.0,2464880000.0,2464880000.0,0.0948005,-6.24526,-0.145699,76.7292,0.26,1.0,51.0,50.0,0.2,100.0
traj_sweep_853,placement,1076.77,1278.42,822.472,822.472,710.0,710.0,0.763834,0.763834,737.0,23.0,23.0,4048.0,4048.0,883.386,12.9976,781.774,101.612,12.9976,374.0,0.712297,68.0,0.0025397,2.05917e-05,0.00188833,0.00444863,2860.33,2491140000.0,2491140000.0,0.0965178,-5.74567,-0.131423,1076.77,1278.42,822.472,822.472,710.0,710.0,0.763834,0.763834,737.0,23.0,23.0,4048.0,4048.0,0.0025397,2.05917e-05,0.00188833,0.00444863,0.753921,0.747461,49.0,2491140000.0,2491140000.0,0.0965178,-5.74567,-0.131423,1076.77,1278.42,822.472,822.472,710.0,710.0,5.501,1.322,938.627,0.763834,0.763834,737.0,23.0,23.0,4048.0,4048.0,1225540.0,21.0,3.0,0.00254023,2.05917e-05,0.0019044,0.00446522,3473.1,0.75764,0.74926,49.0,2466460000.0,2466460000.0,0.0964875,-5.85826,-0.135439,76.3834,0.27,1.0,51.0,50.0,0.2,100.0
traj_sweep_854,placement,1076.77,1278.42,823.536,823.536,711.0,711.0,0.764822,0.764822,738.0,23.0,23.0,4048.0,4048.0,884.45,13.1337,781.774,102.676,13.1337,376.0,0.718272,68.0,0.00244768,2.06349e-05,0.00181855,0.00428686,2871.06,2484540000.0,2484540000.0,0.0983615,-5.26336,-0.122489,1076.77,1278.42,823.536,823.536,711.0,711.0,0.764822,0.764822,738.0,23.0,23.0,4048.0,4048.0,0.00244768,2.06349e-05,0.00181855,0.00428686,0.789292,0.764572,49.0,2484540000.0,2484540000.0,0.0983615,-5.26336,-0.122489,1076.77,1278.42,823.536,823.536,711.0,711.0,4.9025,1.3285,944.769,0.764822,0.764822,738.0,23.0,23.0,4048.0,4048.0,1220630.0,21.0,2.0,0.0024486,2.06349e-05,0.00183445,0.00430369,3481.37,0.789965,0.764898,49.0,2442210000.0,2442210000.0,0.0988796,-5.40333,-0.129464,76.4822,0.28,1.0,51.0,50.0,0.2,100.0
traj_sweep_855,placement,1076.77,1278.42,818.482,818.482,702.0,702.0,0.760128,0.760128,729.0,23.0,23.0,4048.0,4048.0,879.396,12.4872,781.774,97.622,12.4872,373.0,0.697093,65.0,0.00235573,2.06005e-05,0.001753,0.00412933,2890.52,2459180000.0,2459180000.0,0.10058,-4.80477,-0.116639,1076.77,1278.42,818.482,818.482,702.0,702.0,0.760128,0.760128,729.0,23.0,23.0,4048.0,4048.0,0.00235573,2.06005e-05,0.001753,0.00412933,0.765795,0.75321,49.0,2459180000.0,2459180000.0,0.10058,-4.80477,-0.116639,1076.77,1278.42,818.482,818.482,702.0,702.0,5.2705,1.2845,902.028,0.760128,0.760128,729.0,23.0,23.0,4048.0,4048.0,1161240.0,20.0,2.0,0.00235619,2.06005e-05,0.00176616,0.00414296,3471.13,0.774027,0.757192,49.0,2442440000.0,2442440000.0,0.101125,-4.90077,-0.119427,76.0128,0.29,1.0,51.0,50.0,0.2,100.0
traj_sweep_856,placement,1076.77,1278.42,818.216,818.216,703.0,703.0,0.759881,0.759881,730.0,23.0,23.0,4048.0,4048.0,879.13,12.4532,781.774,97.356,12.4532,374.0,0.698121,66.0,0.00229042,2.055e-05,0.00170174,0.00401271,2930.36,2488010000.0,2488010000.0,0.102494,-4.3351,-0.101927,1076.77,1278.42,818.216,818.216,703.0,703.0,0.759881,0.759881,730.0,23.0,23.0,4048.0,4048.0,0.00229042,2.055e-05,0.00170174,0.00401271,0.721931,0.72506,49.0,2488010000.0,2488010000.0,0.102494,-4.3351,-0.101927,1076.77,1278.42,818.216,818.216,703.0,703.0,6.1335,1.3265,932.586,0.759881,0.759881,730.0,23.0,23.0,4048.0,4048.0,1230530.0,21.0,4.0,0.0022908,2.055e-05,0.00171441,0.00402576,3545.62,0.72141,0.71763,49.0,2474260000.0,2474260000.0,0.1024,-4.42989,-0.104161,75.9881,0.3,1.0,51.0,50.0,0.2,100.0
traj_sweep_857,placement,1076.77,1278.42,813.694,813.694,704.0,704.0,0.755682,0.755682,731.0,23.0,23.0,4048.0,4048.0,875.8,12.545,778.178,97.622,12.545,372.0,0.716951,65.0,0.00220748,2.03812e-05,0.00162548,0.00385334,2798.91,2468660000.0,2468660000.0,0.104553,-3.87367,-0.0950781,1076.77,1278.42,813.694,813.694,704.0,704.0,0.755682,0.755682,731.0,23.0,23.0,4048.0,4048.0,0.00220748,2.03812e-05,0.00162548,0.00385334,0.754725,0.74785,48.0,2468660000.0,2468660000.0,0.104553,-3.87367,-0.0950781,1076.77,1278.42,813.694,813.694,704.0,704.0,5.25,1.3395,943.346,0.755682,0.755682,731.0,23.0,23.0,4048.0,4048.0,1348200.0,24.0,6.0,0.00220815,2.03812e-05,0.00164208,0.00387062,3473.01,0.763975,0.752329,48.0,2454300000.0,2454300000.0,0.105107,-4.00652,-0.0974479,75.5682,0.31,1.0,51.0,50.0,0.2,100.0
traj_sweep_858,placement,1076.77,1278.42,804.916,804.916,693.0,693.0,0.74753,0.74753,720.0,23.0,23.0,4048.0,4048.0,867.022,11.4169,778.178,88.844,11.4169,376.0,0.707363,66.0,0.00209775,2.01274e-05,0.00156171,0.00367959,2835.7,2496650000.0,2496650000.0,0.106358,-3.31344,-0.084481,1076.77,1278.42,804.916,804.916,693.0,693.0,0.74753,0.74753,720.0,23.0,23.0,4048.0,4048.0,0.00209775,2.01274e-05,0.00156171,0.00367959,0.760607,0.750696,48.0,2496650000.0,2496650000.0,0.106358,-3.31344,-0.084481,1076.77,1278.42,804.916,804.916,693.0,693.0,4.608,1.3505,936.081,0.74753,0.74753,720.0,23.0,23.0,4048.0,4048.0,1201620.0,21.0,4.0,0.00209825,2.01274e-05,0.00157658,0.00369496,3436.51,0.760274,0.750535,48.0,2476220000.0,2476220000.0,0.106896,-3.41434,-0.0843828,74.753,0.32,1.0,51.0,50.0,0.2,100.0
traj_sweep_859,placement,1076.77,1278.42,796.936,796.936,685.0,685.0,0.740119,0.740119,712.0,23.0,23.0,4048.0,4048.0,859.042,10.3915,778.178,80.864,10.3915,372.0,0.726176,69.0,0.00201355,1.98475e-05,0.00151631,0.00354971,2906.52,2478090000.0,2478090000.0,0.107378,-3.01323,-0.077181,1076.77,1278.42,796.936,796.936,685.0,685.0,0.740119,0.740119,712.0,23.0,23.0,4048.0,4048.0,0.00201355,1.98475e-05,0.00151631,0.00354971,0.785801,0.682511,47.0,2478090000.0,2478090000.0,0.107378,-3.01323,-0.077181,1076.77,1278.42,796.936,796.936,685.0,685.0,5.283,1.3555,928.736,0.740119,0.740119,712.0,23.0,23.0,4048.0,4048.0,1226450.0,21.0,3.0,0.00201395,1.98475e-05,0.00152682,0.00356062,3519.75,0.796764,0.675204,47.0,2465500000.0,2465500000.0,0.107687,-3.15266,-0.0784447,74.0119,0.33,1.0,51.0,50.0,0.2,100.0
traj_sweep_860,placement,1076.77,1278.42,792.148,792.148,689.0,689.0,0.735672,0.735672,716.0,23.0,23.0,4048.0,4048.0,856.742,10.7259,773.75,82.992,10.7259,367.0,0.736636,69.0,0.00194169,1.9581e-05,0.00144283,0.0034041,2796.06,2457760000.0,2457760000.0,0.107493,-2.66809,-0.0668749,1076.77,1278.42,792.148,792.148,689.0,689.0,0.735672,0.735672,716.0,23.0,23.0,4048.0,4048.0,0.00194169,1.9581e-05,0.00144283,0.0034041,0.804101,0.771726,48.0,2457760000.0,2457760000.0,0.107493,-2.66809,-0.0668749,1076.77,1278.42,792.148,792.148,689.0,689.0,5.4655,1.318,908.408,0.735672,0.735672,716.0,23.0,23.0,4048.0,4048.0,1237700.0,22.0,3.0,0.00194221,1.9581e-05,0.00145578,0.00341757,3414.91,0.793701,0.766702,48.0,2454790000.0,2454790000.0,0.107777,-2.75206,-0.0673675,73.5672,0.34,1.0,51.0,50.0,0.2,100.0
traj_sweep_861,placement,1076.77,1278.42,789.488,789.488,688.0,688.0,0.733202,0.733202,715.0,23.0,23.0,4048.0,4048.0,854.082,10.3822,773.75,80.332,10.3822,372.0,0.70467,69.0,0.00187381,1.94326e-05,0.00140006,0.0032933,2763.91,2463360000.0,2463360000.0,0.107026,-2.25733,-0.0559489,1076.77,1278.42,789.488,789.488,688.0,688.0,0.733202,0.733202,715.0,23.0,23.0,4048.0,4048.0,0.00187381,1.94326e-05,0.00140006,0.0032933,0.760222,0.750508,48.0,2463360000.0,2463360000.0,0.107026,-2.25733,-0.0559489,1076.77,1278.42,789.488,789.488,688.0,688.0,5.239,1.286,885.066,0.733202,0.733202,715.0,23.0,23.0,4048.0,4048.0,1058430.0,19.0,2.0,0.00187418,1.94326e-05,0.00141328,0.00330689,3293.12,0.755584,0.748261,48.0,2445000000.0,2445000000.0,0.108004,-2.36688,-0.0589974,73.3202,0.35,1.0,51.0,50.0,0.2,100.0
traj_sweep_862,placement,1076.77,1278.42,789.754,789.754,687.0,687.0,0.733449,0.733449,714.0,23.0,23.0,4048.0,4048.0,854.348,10.4165,773.75,80.598,10.4165,375.0,0.729327,69.0,0.00182482,1.94741e-05,0.00136153,0.00320583,2770.64,2440700000.0,2440700000.0,0.106988,-1.89864,-0.0497184,1076.77,1278.42,789.754,789.754,687.0,687.0,0.733449,0.733449,714.0,23.0,23.0,4048.0,4048.0,0.00182482,1.94741e-05,0.00136153,0.00320583,0.793736,0.766692,47.0,2440700000.0,2440700000.0,0.106988,-1.89864,-0.0497184,1076.77,1278.42,789.754,789.754,687.0,687.0,5.188,1.2475,857.341,0.733449,0.733449,714.0,23.0,23.0,4048.0,4048.0,1055620.0,19.0,2.0,0.00182512,1.94741e-05,0.00137178,0.00321637,3298.45,0.785137,0.762548,47.0,2442970000.0,2442970000.0,0.107139,-1.93785,-0.0493793,73.3449,0.36,1.0,51.0,50.0,0.2,100.0
traj_sweep_863,placement,1076.77,1278.42,786.828,786.828,685.0,685.0,0.730731,0.730731,712.0,23.0,23.0,4048.0,4048.0,851.985,10.1446,773.515,78.47,10.1446,374.0,0.72308,68.0,0.00176175,1.93979e-05,0.00131313,0.00309428,2773.52,2445890000.0,2445890000.0,0.106792,-1.36714,-0.0388489,1076.77,1278.42,786.828,786.828,685.0,685.0,0.730731,0.730731,712.0,23.0,23.0,4048.0,4048.0,0.00176175,1.93979e-05,0.00131313,0.00309428,0.7807,0.675954,47.0,2445890000.0,2445890000.0,0.106792,-1.36714,-0.0388489,1076.77,1278.42,786.828,786.828,685.0,685.0,6.909,1.274,872.736,0.730731,0.730731,712.0,23.0,23.0,4048.0,4048.0,1068910.0,19.0,2.0,0.00176226,1.93979e-05,0.00132721,0.00310887,3307.98,0.775914,0.673383,47.0,2455120000.0,2455120000.0,0.107362,-1.46105,-0.0419711,73.0731,0.37,1.0,51.0,50.0,0.2,100.0
traj_sweep_864,placement,1076.77,1278.42,785.232,785.232,687.0,687.0,0.729249,0.729249,714.0,23.0,23.0,4048.0,4048.0,851.631,10.1492,773.161,78.47,10.1492,369.0,0.70579,68.0,0.00172133,1.92943e-05,0.00127667,0.0030173,2784.27,2429380000.0,2429380000.0,0.107506,-0.923693,-0.0316276,1076.77,1278.42,785.232,785.232,687.0,687.0,0.729249,0.729249,714.0,23.0,23.0,4048.0,4048.0,0.00172133,1.92943e-05,0.00127667,0.0030173,0.784595,0.739281,46.0,2429380000.0,2429380000.0,0.107506,-0.923693,-0.0316276,1076.77,1278.42,785.232,785.232,687.0,687.0,4.3915,1.35,927.53,0.729249,0.729249,714.0,23.0,23.0,4048.0,4048.0,1136970.0,20.0,5.0,0.00172153,1.92943e-05,0.00128681,0.00302763,3352.76,0.783388,0.735654,46.0,2439020000.0,2439020000.0,0.107973,-0.989843,-0.0357411,72.9249,0.38,1.0,51.0,50.0,0.2,100.0
traj_sweep_865,placement,1076.77,1278.42,784.7,784.7,686.0,686.0,0.728755,0.728755,713.0,23.0,23.0,4048.0,4048.0,851.951,10.2209,772.949,79.002,10.2209,374.0,0.703711,70.0,0.00169109,1.93059e-05,0.00124728,0.00295768,2794.17,2441050000.0,2441050000.0,0.107327,-0.544298,-0.0251453,1076.77,1278.42,784.7,784.7,686.0,686.0,0.728755,0.728755,713.0,23.0,23.0,4048.0,4048.0,0.00169109,1.93059e-05,0.00124728,0.00295768,0.806358,0.647098,44.0,2441050000.0,2441050000.0,0.107327,-0.544298,-0.0251453,1076.77,1278.42,784.7,784.7,686.0,686.0,5.9565,1.299,891.142,0.728755,0.728755,713.0,23.0,23.0,4048.0,4048.0,1187820.0,21.0,3.0,0.00169154,1.93059e-05,0.001257,0.00296785,3388.08,0.788006,0.645379,44.0,2414590000.0,2414590000.0,0.107454,-0.579725,-0.0280977,72.8755,0.39,1.0,51.0,50.0,0.2,100.0
traj_sweep_866,placement,1076.77,1278.42,748.79,748.79,680.0,680.0,0.695405,0.695405,707.0,23.0,23.0,4048.0,4048.0,829.454,9.86524,754.974,74.48,9.86524,368.0,0.74122,71.0,0.00156759,1.79646e-05,0.00113834,0.00272389,2793.19,2429390000.0,2429390000.0,0.107626,-0.350376,-0.0181928,1076.77,1278.42,748.79,748.79,680.0,680.0,0.695405,0.695405,707.0,23.0,23.0,4048.0,4048.0,0.00156759,1.79646e-05,0.00113834,0.00272389,0.793363,0.715145,40.0,2429390000.0,2429390000.0,0.107626,-0.350376,-0.0181928,1076.77,1278.42,748.79,748.79,680.0,680.0,5.3235,1.2905,877.668,0.695405,0.695405,707.0,23.0,23.0,4048.0,4048.0,1003260.0,18.0,3.0,0.00156791,1.79646e-05,0.00114855,0.00273442,3294.82,0.809625,0.703786,42.0,2430520000.0,2430520000.0,0.107513,-0.372738,-0.0200754,69.5405,0.4,1.0,51.0,50.0,0.2,100.0
traj_sweep_867,placement,1076.77,1278.42,723.52,723.52,663.0,663.0,0.671937,0.671937,690.0,23.0,23.0,4048.0,4048.0,807.64,8.19602,746.46,61.18,8.19602,370.0,0.702066,71.0,0.00149086,1.70899e-05,0.00107467,0.00258262,2759.49,2415760000.0,2415760000.0,0.106957,-0.0498956,-0.00929792,1076.77,1278.42,723.52,723.52,663.0,663.0,0.671937,0.671937,690.0,23.0,23.0,4048.0,4048.0,0.00149086,1.70899e-05,0.00107467,0.00258262,0.780608,0.742535,8.0,2415760000.0,2415760000.0,0.106957,-0.0498956,-0.00929792,1076.77,1278.42,723.52,723.52,663.0,663.0,4.6135,1.251,829.707,0.671937,0.671937,690.0,23.0,23.0,4048.0,4048.0,1019530.0,18.0,2.0,0.00149106,1.70899e-05,0.00108,0.00258815,3269.26,0.795588,0.740316,20.0,2390680000.0,2390680000.0,0.107581,-0.0803907,-0.0138365,67.1937,0.41,1.0,51.0,50.0,0.2,100.0
traj_sweep_868,placement,1076.77,1278.42,704.368,704.368,646.0,646.0,0.65415,0.65415,673.0,23.0,23.0,4048.0,4048.0,788.488,5.63031,746.46,42.028,5.63031,369.0,0.688757,71.0,0.00142253,1.63928e-05,0.00104209,0.00248101,2732.2,2356320000.0,2356320000.0,0.107327,-0.0367595,-0.00439035,1076.77,1278.42,704.368,704.368,646.0,646.0,0.65415,0.65415,673.0,23.0,23.0,4048.0,4048.0,0.00142253,1.63928e-05,0.00104209,0.00248101,0.80097,0.622583,15.0,2356320000.0,2356320000.0,0.107327,-0.0367595,-0.00439035,1076.77,1278.42,704.368,704.368,646.0,646.0,3.798,1.233,796.536,0.65415,0.65415,673.0,23.0,23.0,4048.0,4048.0,990045.0,18.0,2.0,0.00142272,1.63928e-05,0.00104838,0.00248749,3227.23,0.77601,0.614902,18.0,2332030000.0,2332030000.0,0.10749,-0.0772121,-0.00881084,65.415,0.42,1.0,51.0,50.0,0.2,100.0
traj_sweep_869,placement,1076.77,1278.42,686.014,686.014,622.0,622.0,0.637105,0.637105,649.0,23.0,23.0,4048.0,4048.0,770.134,3.1715,746.46,23.674,3.1715,369.0,0.713591,72.0,0.00133503,1.59272e-05,0.0010032,0.00235416,2713.1,2343910000.0,2343910000.0,0.10698,-0.0033116,-0.00133848,1076.77,1278.42,686.014,686.014,622.0,622.0,0.637105,0.637105,649.0,23.0,23.0,4048.0,4048.0,0.00133503,1.59272e-05,0.0010032,0.00235416,0.779451,0.621461,3.0,2343910000.0,2343910000.0,0.10698,-0.0033116,-0.00133848,1076.77,1278.42,686.014,686.014,622.0,622.0,4.6235,1.255,780.864,0.637105,0.637105,649.0,23.0,23.0,4048.0,4048.0,907037.0,17.0,2.0,0.00133516,1.59272e-05,0.00100799,0.00235907,3166.61,0.790608,0.614883,3.0,2334110000.0,2334110000.0,0.107481,-0.00581893,-0.00361494,63.7105,0.43,1.0,51.0,50.0,0.2,100.0
traj_sweep_870,placement,1076.77,1278.42,675.64,675.64,611.0,611.0,0.62747,0.62747,638.0,23.0,23.0,4048.0,4048.0,759.76,1.78174,746.46,13.3,1.78174,376.0,0.717508,72.0,0.00126675,1.55778e-05,0.000972333,0.00225466,2749.5,2341240000.0,2341240000.0,0.106978,0.0,0.0085279,1076.77,1278.42,675.64,675.64,611.0,611.0,0.62747,0.62747,638.0,23.0,23.0,4048.0,4048.0,0.00126675,1.55778e-05,0.000972333,0.00225466,0.776386,0.612764,0.0,2341240000.0,2341240000.0,0.106978,0.0,0.0085279,1076.77,1278.42,675.64,675.64,611.0,611.0,3.77,1.2145,742.353,0.62747,0.62747,638.0,23.0,23.0,4048.0,4048.0,769883.0,14.0,1.0,0.00126693,1.55778e-05,0.000977819,0.00226033,3134.44,0.780532,0.612454,0.0,2334450000.0,2334450000.0,0.107618,0.0,0.0067773,62.747,0.44,1.0,51.0,50.0,0.2,100.0
traj_sweep_871,placement,1076.77,1278.42,673.512,673.512,609.0,609.0,0.625494,0.625494,636.0,23.0,23.0,4048.0,4048.0,757.632,1.49666,746.46,11.172,1.49666,377.0,0.700785,73.0,0.00122985,1.54905e-05,0.000948943,0.00219429,2803.65,2326600000.0,2326600000.0,0.107342,0.0,0.0166585,1076.77,1278.42,673.512,673.512,609.0,609.0,0.625494,0.625494,636.0,23.0,23.0,4048.0,4048.0,0.00122985,1.54905e-05,0.000948943,0.00219429,0.74802,0.616609,0.0,2326600000.0,2326600000.0,0.107342,0.0,0.0166585,1076.77,1278.42,673.512,673.512,609.0,609.0,4.238,1.266,771.15,0.625494,0.625494,636.0,23.0,23.0,4048.0,4048.0,790890.0,14.0,1.0,0.00122997,1.54905e-05,0.000952181,0.00219764,3199.09,0.755657,0.617557,0.0,2317970000.0,2317970000.0,0.108172,0.0,0.0120457,62.5494,0.45,1.0,51.0,50.0,0.2,100.0
traj_sweep_872,placement,1076.77,1278.42,671.65,671.65,606.0,606.0,0.623765,0.623765,633.0,23.0,23.0,4048.0,4048.0,755.77,1.24722,746.46,9.31,1.24722,374.0,0.708605,72.0,0.00119683,1.54467e-05,0.000924256,0.00213653,2735.06,2316100000.0,2316100000.0,0.107589,0.0,0.0155462,1076.77,1278.42,671.65,671.65,606.0,606.0,0.623765,0.623765,633.0,23.0,23.0,4048.0,4048.0,0.00119683,1.54467e-05,0.000924256,0.00213653,0.760254,0.620997,0.0,2316100000.0,2316100000.0,0.107589,0.0,0.0155462,1076.77,1278.42,671.65,671.65,606.0,606.0,5.0655,1.225,742.52,0.623765,0.623765,633.0,23.0,23.0,4048.0,4048.0,752768.0,14.0,1.0,0.00119713,1.54467e-05,0.000929885,0.00214247,3111.44,0.767821,0.622304,0.0,2313050000.0,2313050000.0,0.108065,0.0,0.0139368,62.3765,0.46,1.0,51.0,50.0,0.2,100.0
traj_sweep_873,placement,1076.77,1278.42,670.054,670.054,604.0,604.0,0.622283,0.622283,631.0,23.0,23.0,4048.0,4048.0,754.174,1.03341,746.46,7.714,1.03341,370.0,0.713027,73.0,0.00116858,1.54042e-05,0.000901304,0.00208529,2719.89,2294620000.0,2294620000.0,0.106999,0.0,0.0241899,1076.77,1278.42,670.054,670.054,604.0,604.0,0.622283,0.622283,631.0,23.0,23.0,4048.0,4048.0,0.00116858,1.54042e-05,0.000901304,0.00208529,0.773888,0.524136,0.0,2294620000.0,2294620000.0,0.106999,0.0,0.0241899,1076.77,1278.42,670.054,670.054,604.0,604.0,6.015,1.232,744.154,0.622283,0.622283,631.0,23.0,23.0,4048.0,4048.0,733257.0,13.0,1.0,0.00116865,1.54042e-05,0.000904861,0.00208891,3086.52,0.777801,0.528174,0.0,2298690000.0,2298690000.0,0.108072,0.0,0.0228211,62.2283,0.47,1.0,51.0,50.0,0.2,100.0
traj_sweep_874,placement,1076.77,1278.42,669.256,669.256,604.0,604.0,0.621542,0.621542,631.0,23.0,23.0,4048.0,4048.0,753.376,0.926506,746.46,6.916,0.926506,371.0,0.708539,72.0,0.00113981,1.53689e-05,0.000885249,0.00204043,2735.65,2289080000.0,2289080000.0,0.107629,0.0,0.0285108,1076.77,1278.42,669.256,669.256,604.0,604.0,0.621542,0.621542,631.0,23.0,23.0,4048.0,4048.0,0.00113981,1.53689e-05,0.000885249,0.00204043,0.795779,0.541864,0.0,2289080000.0,2289080000.0,0.107629,0.0,0.0285108,1076.77,1278.42,669.256,669.256,604.0,604.0,5.5785,1.2275,741.438,0.621542,0.621542,631.0,23.0,23.0,4048.0,4048.0,809004.0,15.0,2.0,0.00113969,1.53689e-05,0.000886621,0.00204168,3140.15,0.776793,0.543052,0.0,2288950000.0,2288950000.0,0.108235,0.0,0.026102,62.1542,0.48,1.0,51.0,50.0,0.2,100.0
traj_sweep_875,placement,1076.77,1278.42,666.596,666.596,602.0,602.0,0.619071,0.619071,629.0,23.0,23.0,4048.0,4048.0,750.716,0.570158,746.46,4.256,0.570158,380.0,0.706286,71.0,0.00111354,1.52579e-05,0.000869491,0.00199828,2689.16,2282520000.0,2282520000.0,0.10686,0.0,0.0403055,1076.77,1278.42,666.596,666.596,602.0,602.0,0.619071,0.619071,629.0,23.0,23.0,4048.0,4048.0,0.00111354,1.52579e-05,0.000869491,0.00199828,0.781495,0.628291,0.0,2282520000.0,2282520000.0,0.10686,0.0,0.0403055,1076.77,1278.42,666.596,666.596,602.0,602.0,3.8935,1.2585,757.774,0.619071,0.619071,629.0,23.0,23.0,4048.0,4048.0,844554.0,16.0,1.0,0.00111358,1.52579e-05,0.000870038,0.00199888,3111.44,0.776162,0.619543,0.0,2269050000.0,2269050000.0,0.107455,0.0,0.0389124,61.9071,0.49,1.0,51.0,50.0,0.2,100.0
traj_sweep_876,placement,1076.77,1278.42,666.596,666.596,602.0,602.0,0.619071,0.619071,629.0,23.0,23.0,4048.0,4048.0,750.716,0.570158,746.46,4.256,0.570158,375.0,0.704894,71.0,0.00109121,1.52579e-05,0.000850024,0.0019565,2669.4,2269210000.0,2269210000.0,0.107076,0.0,0.045763,1076.77,1278.42,666.596,666.596,602.0,602.0,0.619071,0.619071,629.0,23.0,23.0,4048.0,4048.0,0.00109121,1.52579e-05,0.000850024,0.0019565,0.776907,0.628491,0.0,2269210000.0,2269210000.0,0.107076,0.0,0.045763,1076.77,1278.42,666.596,666.596,602.0,602.0,4.4125,1.221,735.048,0.619071,0.619071,629.0,23.0,23.0,4048.0,4048.0,830371.0,16.0,2.0,0.00109135,1.52579e-05,0.000852915,0.00195952,3084.59,0.757792,0.628112,0.0,2255650000.0,2255650000.0,0.107941,0.0,0.0452241,61.9071,0.5,1.0,51.0,50.0,0.2,100.0
traj_sweep_877,placement,1076.77,1278.42,666.33,666.33,602.0,602.0,0.618824,0.618824,629.0,23.0,23.0,4048.0,4048.0,750.45,0.534523,746.46,3.99,0.534523,375.0,0.695823,72.0,0.00106907,1.5237e-05,0.000828031,0.00191234,2678.92,2210120000.0,2210120000.0,0.107082,0.0,0.057535,1076.77,1278.42,666.33,666.33,602.0,602.0,0.618824,0.618824,629.0,23.0,23.0,4048.0,4048.0,0.00106907,1.5237e-05,0.000828031,0.00191234,0.759092,0.606783,0.0,2210120000.0,2210120000.0,0.107082,0.0,0.057535,1076.77,1278.42,666.33,666.33,602.0,602.0,4.0,1.2625,760.158,0.618824,0.618824,629.0,23.0,23.0,4048.0,4048.0,771474.0,14.0,2.0,0.00106918,1.5237e-05,0.000833001,0.00191741,3064.66,0.782699,0.61243,0.0,2213170000.0,2213170000.0,0.107464,0.0,0.0557622,61.8824,0.51,1.0,51.0,50.0,0.2,100.0
traj_sweep_878,placement,1076.77,1278.42,666.596,666.596,602.0,602.0,0.619071,0.619071,629.0,23.0,23.0,4048.0,4048.0,750.716,0.570158,746.46,4.256,0.570158,375.0,0.693292,70.0,0.00105001,1.52594e-05,0.000819116,0.00188438,2716.0,2286780000.0,2286780000.0,0.107137,0.0,0.0645186,1076.77,1278.42,666.596,666.596,602.0,602.0,0.619071,0.619071,629.0,23.0,23.0,4048.0,4048.0,0.00105001,1.52594e-05,0.000819116,0.00188438,0.783777,0.627299,0.0,2286780000.0,2286780000.0,0.107137,0.0,0.0645186,1076.77,1278.42,666.596,666.596,602.0,602.0,4.0475,1.2435,748.743,0.619071,0.619071,629.0,23.0,23.0,4048.0,4048.0,770249.0,14.0,2.0,0.00105008,1.52594e-05,0.000820859,0.0018862,3101.12,0.793141,0.621339,0.0,2271980000.0,2271980000.0,0.10796,0.0,0.0631478,61.9071,0.52,1.0,51.0,50.0,0.2,100.0
traj_sweep_879,placement,1076.77,1278.42,666.596,666.596,602.0,602.0,0.619071,0.619071,629.0,23.0,23.0,4048.0,4048.0,750.716,0.570158,746.46,4.256,0.570158,374.0,0.706648,70.0,0.00102993,1.52594e-05,0.000801395,0.00184659,2695.81,2278370000.0,2278370000.0,0.106966,0.0,0.0676938,1076.77,1278.42,666.596,666.596,602.0,602.0,0.619071,0.619071,629.0,23.0,23.0,4048.0,4048.0,0.00102993,1.52594e-05,0.000801395,0.00184659,0.788523,0.625122,0.0,2278370000.0,2278370000.0,0.106966,0.0,0.0676938,1076.77,1278.42,666.596,666.596,602.0,602.0,3.9275,1.2615,759.659,0.619071,0.619071,629.0,23.0,23.0,4048.0,4048.0,804258.0,15.0,1.0,0.00102991,1.52594e-05,0.000803123,0.00184829,3097.93,0.805667,0.625643,0.0,2261850000.0,2261850000.0,0.107814,0.0,0.0692823,61.9071,0.53,1.0,51.0,50.0,0.2,100.0
traj_sweep_880,placement,1076.77,1278.42,666.596,666.596,602.0,602.0,0.619071,0.619071,629.0,23.0,23.0,4048.0,4048.0,750.716,0.570158,746.46,4.256,0.570158,374.0,0.686049,70.0,0.00101058,1.52594e-05,0.000780247,0.00180609,2687.03,2204030000.0,2204030000.0,0.107222,0.0,0.0811843,1076.77,1278.42,666.596,666.596,602.0,602.0,0.619071,0.619071,629.0,23.0,23.0,4048.0,4048.0,0.00101058,1.52594e-05,0.000780247,0.00180609,0.761247,0.610633,0.0,2204030000.0,2204030000.0,0.107222,0.0,0.0811843,1076.77,1278.42,666.596,666.596,602.0,602.0,3.818,1.258,757.372,0.619071,0.619071,629.0,23.0,23.0,4048.0,4048.0,744449.0,14.0,2.0,0.00101081,1.52594e-05,0.000785073,0.00181114,3059.26,0.777538,0.6163,0.0,2193620000.0,2193620000.0,0.107649,0.0,0.0792383,61.9071,0.54,1.0,51.0,50.0,0.2,100.0
traj_sweep_881,placement,1076.77,1278.42,666.33,666.33,602.0,602.0,0.618824,0.618824,629.0,23.0,23.0,4048.0,4048.0,750.45,0.534523,746.46,3.99,0.534523,373.0,0.704334,70.0,0.000991288,1.5237e-05,0.000765135,0.00177166,2716.11,2206710000.0,2206710000.0,0.106961,0.0,0.0891779,1076.77,1278.42,666.33,666.33,602.0,602.0,0.618824,0.618824,629.0,23.0,23.0,4048.0,4048.0,0.000991288,1.5237e-05,0.000765135,0.00177166,0.779854,0.617329,0.0,2206710000.0,2206710000.0,0.106961,0.0,0.0891779,1076.77,1278.42,666.33,666.33,602.0,602.0,4.4145,1.2475,751.177,0.618824,0.618824,629.0,23.0,23.0,4048.0,4048.0,791460.0,15.0,2.0,0.000991397,1.5237e-05,0.000769106,0.00177574,3111.84,0.777039,0.615888,0.0,2196330000.0,2196330000.0,0.107847,0.0,0.0882807,61.8824,0.55,1.0,51.0,50.0,0.2,100.0
traj_sweep_882,placement,1076.77,1278.42,665.532,665.532,601.0,601.0,0.618083,0.618083,628.0,23.0,23.0,4048.0,4048.0,749.652,0.427618,746.46,3.192,0.427618,373.0,0.694979,70.0,0.000974351,1.52173e-05,0.000751511,0.00174108,2711.49,2199160000.0,2199160000.0,0.106952,0.0,0.0970277,1076.77,1278.42,665.532,665.532,601.0,601.0,0.618083,0.618083,628.0,23.0,23.0,4048.0,4048.0,0.000974351,1.52173e-05,0.000751511,0.00174108,0.781041,0.555861,0.0,2199160000.0,2199160000.0,0.106952,0.0,0.0970277,1076.77,1278.42,665.532,665.532,601.0,601.0,4.7965,1.2775,767.861,0.618083,0.618083,628.0,23.0,23.0,4048.0,4048.0,817969.0,15.0,1.0,0.000974578,1.52173e-05,0.000756646,0.00174644,3120.48,0.783211,0.555066,0.0,2216690000.0,2216690000.0,0.107741,0.0,0.0942693,61.8083,0.56,1.0,51.0,50.0,0.2,100.0
traj_sweep_883,placement,1076.77,1278.42,665.532,665.532,601.0,601.0,0.618083,0.618083,628.0,23.0,23.0,4048.0,4048.0,749.652,0.427618,746.46,3.192,0.427618,373.0,0.694979,70.0,0.000957257,1.52173e-05,0.000738326,0.0017108,2711.49,2199160000.0,2199160000.0,0.106952,0.0,0.105028,1076.77,1278.42,665.532,665.532,601.0,601.0,0.618083,0.618083,628.0,23.0,23.0,4048.0,4048.0,0.000957257,1.52173e-05,0.000738326,0.0017108,0.781041,0.555861,0.0,2199160000.0,2199160000.0,0.106952,0.0,0.105028,1076.77,1278.42,665.532,665.532,601.0,601.0,4.7965,1.2775,767.861,0.618083,0.618083,628.0,23.0,23.0,4048.0,4048.0,817969.0,15.0,1.0,0.000957479,1.52173e-05,0.000743371,0.00171607,3120.48,0.783211,0.555066,0.0,2216690000.0,2216690000.0,0.107741,0.0,0.102269,61.8083,0.57,1.0,51.0,50.0,0.2,100.0
traj_sweep_884,placement,1076.77,1278.42,665.0,665.0,600.0,600.0,0.617589,0.617589,627.0,23.0,23.0,4048.0,4048.0,749.12,0.356349,746.46,2.66,0.356349,375.0,0.678675,71.0,0.00094159,1.52175e-05,0.000725099,0.00168191,2692.67,2201120000.0,2201120000.0,0.10706,0.0,0.112814,1076.77,1278.42,665.0,665.0,600.0,600.0,0.617589,0.617589,627.0,23.0,23.0,4048.0,4048.0,0.00094159,1.52175e-05,0.000725099,0.00168191,0.805662,0.476995,0.0,2201120000.0,2201120000.0,0.10706,0.0,0.112814,1076.77,1278.42,665.0,665.0,600.0,600.0,4.482,1.307,784.475,0.617589,0.617589,627.0,23.0,23.0,4048.0,4048.0,773021.0,14.0,3.0,0.000941816,1.52175e-05,0.000728482,0.00168552,3079.18,0.772985,0.479981,0.0,2211540000.0,2211540000.0,0.107598,0.0,0.111375,61.7589,0.58,1.0,51.0,50.0,0.2,100.0
traj_sweep_885,placement,1076.77,1278.42,665.0,665.0,600.0,600.0,0.617589,0.617589,627.0,23.0,23.0,4048.0,4048.0,749.12,0.356349,746.46,2.66,0.356349,374.0,0.697135,70.0,0.000925183,1.52175e-05,0.0007139,0.0016543,2708.35,2195300000.0,2195300000.0,0.106945,0.0,0.120927,1076.77,1278.42,665.0,665.0,600.0,600.0,0.617589,0.617589,627.0,23.0,23.0,4048.0,4048.0,0.000925183,1.52175e-05,0.0007139,0.0016543,0.780832,0.552578,0.0,2195300000.0,2195300000.0,0.106945,0.0,0.120927,1076.77,1278.42,665.0,665.0,600.0,600.0,4.3985,1.2475,748.779,0.617589,0.617589,627.0,23.0,23.0,4048.0,4048.0,798510.0,15.0,1.0,0.000925239,1.52175e-05,0.000718481,0.00165894,3107.61,0.793739,0.558289,0.0,2203710000.0,2203710000.0,0.107414,0.0,0.117854,61.7589,0.59,1.0,51.0,50.0,0.2,100.0
traj_sweep_886,placement,1076.77,1278.42,665.798,665.798,600.0,600.0,0.61833,0.61833,627.0,23.0,23.0,4048.0,4048.0,749.918,0.463253,746.46,3.458,0.463253,376.0,0.693021,70.0,0.000910361,1.5262e-05,0.000701221,0.00162684,2699.62,2207480000.0,2207480000.0,0.107079,0.0,0.128742,1076.77,1278.42,665.798,665.798,600.0,600.0,0.61833,0.61833,627.0,23.0,23.0,4048.0,4048.0,0.000910361,1.5262e-05,0.000701221,0.00162684,0.760498,0.553864,0.0,2207480000.0,2207480000.0,0.107079,0.0,0.128742,1076.77,1278.42,665.798,665.798,600.0,600.0,4.1775,1.2565,754.09,0.61833,0.61833,627.0,23.0,23.0,4048.0,4048.0,765080.0,14.0,1.0,0.000910546,1.5262e-05,0.000706644,0.00163245,3082.16,0.737633,0.555381,0.0,2213080000.0,2213080000.0,0.107399,0.0,0.125865,61.833,0.6,1.0,51.0,50.0,0.2,100.0
traj_sweep_887,placement,1076.77,1278.42,665.798,665.798,600.0,600.0,0.61833,0.61833,627.0,23.0,23.0,4048.0,4048.0,749.918,0.463253,746.46,3.458,0.463253,376.0,0.69283,70.0,0.000895437,1.5262e-05,0.000689629,0.00160033,2698.47,2207910000.0,2207910000.0,0.107082,0.0,0.136673,1076.77,1278.42,665.798,665.798,600.0,600.0,0.61833,0.61833,627.0,23.0,23.0,4048.0,4048.0,0.000895437,1.5262e-05,0.000689629,0.00160033,0.760264,0.554094,0.0,2207910000.0,2207910000.0,0.107082,0.0,0.136673,1076.77,1278.42,665.798,665.798,600.0,600.0,4.305,1.257,754.273,0.61833,0.61833,627.0,23.0,23.0,4048.0,4048.0,786179.0,15.0,1.0,0.000895804,1.5262e-05,0.000694222,0.00160529,3091.56,0.746471,0.553293,0.0,2213960000.0,2213960000.0,0.107961,0.0,0.135101,61.833,0.61,1.0,51.0,50.0,0.2,100.0
traj_sweep_888,placement,1076.77,1278.42,665.0,665.0,600.0,600.0,0.617589,0.617589,627.0,23.0,23.0,4048.0,4048.0,749.12,0.356349,746.46,2.66,0.356349,374.0,0.691376,67.0,0.000880659,1.52175e-05,0.000678072,0.00157395,2705.83,2211680000.0,2211680000.0,0.107034,0.0,0.145535,1076.77,1278.42,665.0,665.0,600.0,600.0,0.617589,0.617589,627.0,23.0,23.0,4048.0,4048.0,0.000880659,1.52175e-05,0.000678072,0.00157395,0.762737,0.553101,0.0,2211680000.0,2211680000.0,0.107034,0.0,0.145535,1076.77,1278.42,665.0,665.0,600.0,600.0,3.681,1.2475,748.683,0.617589,0.617589,627.0,23.0,23.0,4048.0,4048.0,781929.0,14.0,1.0,0.000880932,1.52175e-05,0.000683473,0.00157962,3096.8,0.767821,0.550712,0.0,2219030000.0,2219030000.0,0.107981,0.0,0.140749,61.7589,0.62,1.0,51.0,50.0,0.2,100.0
traj_sweep_889,placement,1076.77,1278.42,843.486,843.486,721.0,721.0,0.78335,0.78335,748.0,23.0,23.0,4048.0,4048.0,903.916,14.256,791.132,112.784,14.256,371.0,0.730149,64.0,0.00518238,2.14569e-05,0.00375436,0.0089582,2922.38,2504100000.0,2504100000.0,0.0707255,-12.261,-0.259345,1076.77,1278.42,843.486,843.486,721.0,721.0,0.78335,0.78335,748.0,23.0,23.0,4048.0,4048.0,0.00518238,2.14569e-05,0.00375436,0.0089582,0.753434,0.747225,53.0,2504100000.0,2504100000.0,0.0707255,-12.261,-0.259345,1076.77,1278.42,843.486,843.486,721.0,721.0,5.1425,1.315,948.243,0.78335,0.78335,748.0,23.0,23.0,4048.0,4048.0,1287510.0,22.0,5.0,0.00518293,2.14569e-05,0.00378663,0.00899102,3566.14,0.767749,0.754155,53.0,2473390000.0,2473390000.0,0.0710168,-12.3958,-0.264303,78.335,0.14,1.0,52.0,50.0,0.2,100.0
traj_sweep_890,placement,1076.77,1278.42,841.624,841.624,719.0,719.0,0.781621,0.781621,746.0,23.0,23.0,4048.0,4048.0,902.054,14.0207,791.132,110.922,14.0207,370.0,0.704469,65.0,0.00480793,2.14161e-05,0.00349398,0.00832333,2907.58,2505990000.0,2505990000.0,0.072749,-11.7383,-0.249043,1076.77,1278.42,841.624,841.624,719.0,719.0,0.781621,0.781621,746.0,23.0,23.0,4048.0,4048.0,0.00480793,2.14161e-05,0.00349398,0.00832333,0.758687,0.749767,53.0,2505990000.0,2505990000.0,0.072749,-11.7383,-0.249043,1076.77,1278.42,841.624,841.624,719.0,719.0,4.8725,1.3255,953.133,0.781621,0.781621,746.0,23.0,23.0,4048.0,4048.0,1285030.0,22.0,5.0,0.00480928,2.14161e-05,0.00352779,0.00835848,3550.1,0.756463,0.748691,53.0,2481860000.0,2481860000.0,0.0728213,-11.8779,-0.252924,78.1621,0.15,1.0,52.0,50.0,0.2,100.0
traj_sweep_891,placement,1076.77,1278.42,841.624,841.624,719.0,719.0,0.781621,0.781621,746.0,23.0,23.0,4048.0,4048.0,902.054,14.0207,791.132,110.922,14.0207,372.0,0.695239,65.0,0.0045079,2.1417e-05,0.00327454,0.00780386,2914.82,2503090000.0,2503090000.0,0.0748557,-11.2447,-0.239506,1076.77,1278.42,841.624,841.624,719.0,719.0,0.781621,0.781621,746.0,23.0,23.0,4048.0,4048.0,0.0045079,2.1417e-05,0.00327454,0.00780386,0.765023,0.752836,53.0,2503090000.0,2503090000.0,0.0748557,-11.2447,-0.239506,1076.77,1278.42,841.624,841.624,719.0,719.0,6.216,1.2615,907.064,0.781621,0.781621,746.0,23.0,23.0,4048.0,4048.0,1199360.0,21.0,4.0,0.00450863,2.1417e-05,0.00330406,0.00783411,3514.5,0.774834,0.757582,53.0,2481090000.0,2481090000.0,0.0744838,-11.3747,-0.243049,78.1621,0.16,1.0,52.0,50.0,0.2,100.0
traj_sweep_892,placement,1076.77,1278.42,837.9,837.9,715.0,715.0,0.778162,0.778162,742.0,23.0,23.0,4048.0,4048.0,898.33,13.5499,791.132,107.198,13.5499,379.0,0.716833,65.0,0.0041912,2.1286e-05,0.00307186,0.00728435,2923.74,2501640000.0,2501640000.0,0.0768685,-10.7012,-0.229738,1076.77,1278.42,837.9,837.9,715.0,715.0,0.778162,0.778162,742.0,23.0,23.0,4048.0,4048.0,0.0041912,2.1286e-05,0.00307186,0.00728435,0.775278,0.757796,53.0,2501640000.0,2501640000.0,0.0768685,-10.7012,-0.229738,1076.77,1278.42,837.9,837.9,715.0,715.0,4.813,1.27,908.406,0.778162,0.778162,742.0,23.0,23.0,4048.0,4048.0,1200060.0,21.0,6.0,0.00419188,2.1286e-05,0.00309598,0.00730914,3523.76,0.775914,0.758103,53.0,2489660000.0,2489660000.0,0.0777462,-10.8162,-0.231661,77.8162,0.17,1.0,52.0,50.0,0.2,100.0
traj_sweep_894,placement,1076.77,1278.42,835.506,835.506,712.0,712.0,0.775939,0.775939,739.0,23.0,23.0,4048.0,4048.0,895.936,13.2473,791.132,104.804,13.2473,378.0,0.713638,65.0,0.00371068,2.12227e-05,0.00273348,0.00646538,2915.98,2502680000.0,2502680000.0,0.080778,-9.67277,-0.209572,1076.77,1278.42,835.506,835.506,712.0,712.0,0.775939,0.775939,739.0,23.0,23.0,4048.0,4048.0,0.00371068,2.12227e-05,0.00273348,0.00646538,0.756972,0.748937,53.0,2502680000.0,2502680000.0,0.080778,-9.67277,-0.209572,1076.77,1278.42,835.506,835.506,712.0,712.0,5.056,1.2895,918.157,0.775939,0.775939,739.0,23.0,23.0,4048.0,4048.0,1220110.0,21.0,3.0,0.00371167,2.12227e-05,0.00275324,0.00648613,3526.04,0.775842,0.758069,53.0,2484250000.0,2484250000.0,0.08072,-9.79155,-0.212536,77.5939,0.19,1.0,52.0,50.0,0.2,100.0
traj_sweep_895,placement,1076.77,1278.42,834.974,834.974,711.0,711.0,0.775445,0.775445,738.0,23.0,23.0,4048.0,4048.0,895.404,13.1801,791.132,104.272,13.1801,379.0,0.7193,65.0,0.0035138,2.12246e-05,0.00259565,0.00613068,2924.94,2502430000.0,2502430000.0,0.0828218,-9.14868,-0.199611,1076.77,1278.42,834.974,834.974,711.0,711.0,0.775445,0.775445,738.0,23.0,23.0,4048.0,4048.0,0.0035138,2.12246e-05,0.00259565,0.00613068,0.771763,0.756097,53.0,2502430000.0,2502430000.0,0.0828218,-9.14868,-0.199611,1076.77,1278.42,834.974,834.974,711.0,711.0,5.335,1.269,902.301,0.775445,0.775445,738.0,23.0,23.0,4048.0,4048.0,1130190.0,19.0,4.0,0.00351491,2.12246e-05,0.00261502,0.00615115,3490.04,0.774027,0.757191,53.0,2484000000.0,2484000000.0,0.0828148,-9.25491,-0.202577,77.5445,0.2,1.0,52.0,50.0,0.2,100.0
traj_sweep_896,placement,1076.77,1278.42,832.58,832.58,708.0,708.0,0.773221,0.773221,735.0,23.0,23.0,4048.0,4048.0,893.01,12.8775,791.132,101.878,12.8775,376.0,0.701202,66.0,0.00332338,2.1157e-05,0.00246717,0.00581171,2913.92,2503540000.0,2503540000.0,0.0847914,-8.58268,-0.189435,1076.77,1278.42,832.58,832.58,708.0,708.0,0.773221,0.773221,735.0,23.0,23.0,4048.0,4048.0,0.00332338,2.1157e-05,0.00246717,0.00581171,0.76862,0.754577,53.0,2503540000.0,2503540000.0,0.0847914,-8.58268,-0.189435,1076.77,1278.42,832.58,832.58,708.0,708.0,4.276,1.2575,890.662,0.773221,0.773221,735.0,23.0,23.0,4048.0,4048.0,1146450.0,20.0,2.0,0.00332386,2.1157e-05,0.00248359,0.00582861,3487.14,0.76648,0.753541,53.0,2484330000.0,2484330000.0,0.0848952,-8.72379,-0.192523,77.3221,0.21,1.0,52.0,50.0,0.2,100.0
traj_sweep_898,placement,1076.77,1278.42,832.314,832.314,706.0,706.0,0.772974,0.772974,733.0,23.0,23.0,4048.0,4048.0,892.744,12.8439,791.132,101.612,12.8439,379.0,0.716815,67.0,0.00302706,2.11997e-05,0.0022496,0.00529786,2911.39,2495760000.0,2495760000.0,0.0886463,-7.53016,-0.170679,1076.77,1278.42,832.314,832.314,706.0,706.0,0.772974,0.772974,733.0,23.0,23.0,4048.0,4048.0,0.00302706,2.11997e-05,0.0022496,0.00529786,0.769668,0.755083,53.0,2495760000.0,2495760000.0,0.0886463,-7.53016,-0.170679,1076.77,1278.42,832.314,832.314,706.0,706.0,5.62,1.3015,919.091,0.772974,0.772974,733.0,23.0,23.0,4048.0,4048.0,1246710.0,21.0,4.0,0.00302764,2.11997e-05,0.00226803,0.00531687,3534.75,0.75516,0.74806,53.0,2471930000.0,2471930000.0,0.0886847,-7.66252,-0.174542,77.2974,0.23,1.0,52.0,50.0,0.2,100.0
traj_sweep_899,placement,1076.77,1278.42,835.772,835.772,712.0,712.0,0.776186,0.776186,739.0,23.0,23.0,4048.0,4048.0,896.169,13.4341,790.035,106.134,13.4341,372.0,0.707283,66.0,0.00290975,2.12588e-05,0.00216149,0.0050925,2918.16,2495710000.0,2495710000.0,0.0906492,-7.13124,-0.160688,1076.77,1278.42,835.772,835.772,712.0,712.0,0.776186,0.776186,739.0,23.0,23.0,4048.0,4048.0,0.00290975,2.12588e-05,0.00216149,0.0050925,0.779387,0.759784,52.0,2495710000.0,2495710000.0,0.0906492,-7.13124,-0.160688,1076.77,1278.42,835.772,835.772,712.0,712.0,6.3065,1.3505,961.746,0.776186,0.776186,739.0,23.0,23.0,4048.0,4048.0,1427450.0,24.0,5.0,0.00291008,2.12588e-05,0.00217777,0.00510911,3631.89,0.771557,0.755997,52.0,2473540000.0,2473540000.0,0.0907267,-7.27585,-0.164279,77.6186,0.24,1.0,52.0,50.0,0.2,100.0
traj_sweep_900,placement,1076.77,1278.42,827.526,827.526,711.0,711.0,0.768528,0.768528,738.0,23.0,23.0,4048.0,4048.0,888.475,13.2197,784.735,103.74,13.2197,375.0,0.72427,66.0,0.00277926,2.08669e-05,0.0020474,0.00484752,2925.08,2506480000.0,2506480000.0,0.0923091,-6.6275,-0.148966,1076.77,1278.42,827.526,827.526,711.0,711.0,0.768528,0.768528,738.0,23.0,23.0,4048.0,4048.0,0.00277926,2.08669e-05,0.0020474,0.00484752,0.740788,0.741106,51.0,2506480000.0,2506480000.0,0.0923091,-6.6275,-0.148966,1076.77,1278.42,827.526,827.526,711.0,711.0,5.5015,1.349,959.171,0.768528,0.768528,738.0,23.0,23.0,4048.0,4048.0,1165690.0,20.0,3.0,0.0027797,2.08669e-05,0.00206606,0.00486662,3507.92,0.743718,0.742523,51.0,2494110000.0,2494110000.0,0.0928891,-6.72652,-0.150944,76.8528,0.25,1.0,52.0,50.0,0.2,100.0
traj_sweep_901,placement,1076.77,1278.42,826.196,826.196,709.0,709.0,0.767292,0.767292,736.0,23.0,23.0,4048.0,4048.0,887.025,13.1674,783.817,103.208,13.1674,373.0,0.706494,64.0,0.0026498,2.08163e-05,0.00196859,0.00463921,2906.12,2489760000.0,2489760000.0,0.0946315,-6.10281,-0.141645,1076.77,1278.42,826.196,826.196,709.0,709.0,0.767292,0.767292,736.0,23.0,23.0,4048.0,4048.0,0.0026498,2.08163e-05,0.00196859,0.00463921,0.759616,0.750217,50.0,2489760000.0,2489760000.0,0.0946315,-6.10281,-0.141645,1076.77,1278.42,826.196,826.196,709.0,709.0,5.781,1.368,970.221,0.767292,0.767292,736.0,23.0,23.0,4048.0,4048.0,1248360.0,21.0,3.0,0.00264987,2.08163e-05,0.00198455,0.00465523,3530.3,0.761959,0.751353,50.0,2464880000.0,2464880000.0,0.0948005,-6.24526,-0.145699,76.7292,0.26,1.0,52.0,50.0,0.2,100.0
traj_sweep_902,placement,1076.77,1278.42,822.472,822.472,710.0,710.0,0.763834,0.763834,737.0,23.0,23.0,4048.0,4048.0,883.386,12.9976,781.774,101.612,12.9976,374.0,0.712297,68.0,0.0025397,2.05917e-05,0.00188833,0.00444863,2860.33,2491140000.0,2491140000.0,0.0965178,-5.74567,-0.131423,1076.77,1278.42,822.472,822.472,710.0,710.0,0.763834,0.763834,737.0,23.0,23.0,4048.0,4048.0,0.0025397,2.05917e-05,0.00188833,0.00444863,0.753921,0.747461,49.0,2491140000.0,2491140000.0,0.0965178,-5.74567,-0.131423,1076.77,1278.42,822.472,822.472,710.0,710.0,5.501,1.322,938.627,0.763834,0.763834,737.0,23.0,23.0,4048.0,4048.0,1225540.0,21.0,3.0,0.00254023,2.05917e-05,0.0019044,0.00446522,3473.1,0.75764,0.74926,49.0,2466460000.0,2466460000.0,0.0964875,-5.85826,-0.135439,76.3834,0.27,1.0,52.0,50.0,0.2,100.0
traj_sweep_904,placement,1076.77,1278.42,818.482,818.482,702.0,702.0,0.760128,0.760128,729.0,23.0,23.0,4048.0,4048.0,879.396,12.4872,781.774,97.622,12.4872,373.0,0.697093,65.0,0.00235573,2.06005e-05,0.001753,0.00412933,2890.52,2459180000.0,2459180000.0,0.10058,-4.80477,-0.116639,1076.77,1278.42,818.482,818.482,702.0,702.0,0.760128,0.760128,729.0,23.0,23.0,4048.0,4048.0,0.00235573,2.06005e-05,0.001753,0.00412933,0.765795,0.75321,49.0,2459180000.0,2459180000.0,0.10058,-4.80477,-0.116639,1076.77,1278.42,818.482,818.482,702.0,702.0,5.2705,1.2845,902.028,0.760128,0.760128,729.0,23.0,23.0,4048.0,4048.0,1161240.0,20.0,2.0,0.00235619,2.06005e-05,0.00176616,0.00414296,3471.13,0.774027,0.757192,49.0,2442440000.0,2442440000.0,0.101125,-4.90077,-0.119427,76.0128,0.29,1.0,52.0,50.0,0.2,100.0
traj_sweep_905,placement,1076.77,1278.42,818.216,818.216,703.0,703.0,0.759881,0.759881,730.0,23.0,23.0,4048.0,4048.0,879.13,12.4532,781.774,97.356,12.4532,374.0,0.698121,66.0,0.00229042,2.055e-05,0.00170174,0.00401271,2930.36,2488010000.0,2488010000.0,0.102494,-4.3351,-0.101927,1076.77,1278.42,818.216,818.216,703.0,703.0,0.759881,0.759881,730.0,23.0,23.0,4048.0,4048.0,0.00229042,2.055e-05,0.00170174,0.00401271,0.721931,0.72506,49.0,2488010000.0,2488010000.0,0.102494,-4.3351,-0.101927,1076.77,1278.42,818.216,818.216,703.0,703.0,6.1335,1.3265,932.586,0.759881,0.759881,730.0,23.0,23.0,4048.0,4048.0,1230530.0,21.0,4.0,0.0022908,2.055e-05,0.00171441,0.00402576,3545.62,0.72141,0.71763,49.0,2474260000.0,2474260000.0,0.1024,-4.42989,-0.104161,75.9881,0.3,1.0,52.0,50.0,0.2,100.0
traj_sweep_906,placement,1076.77,1278.42,813.694,813.694,704.0,704.0,0.755682,0.755682,731.0,23.0,23.0,4048.0,4048.0,875.8,12.545,778.178,97.622,12.545,372.0,0.716951,65.0,0.00220748,2.03812e-05,0.00162548,0.00385334,2798.91,2468660000.0,2468660000.0,0.104553,-3.87367,-0.0950781,1076.77,1278.42,813.694,813.694,704.0,704.0,0.755682,0.755682,731.0,23.0,23.0,4048.0,4048.0,0.00220748,2.03812e-05,0.00162548,0.00385334,0.754725,0.74785,48.0,2468660000.0,2468660000.0,0.104553,-3.87367,-0.0950781,1076.77,1278.42,813.694,813.694,704.0,704.0,5.25,1.3395,943.346,0.755682,0.755682,731.0,23.0,23.0,4048.0,4048.0,1348200.0,24.0,6.0,0.00220815,2.03812e-05,0.00164208,0.00387062,3473.01,0.763975,0.752329,48.0,2454300000.0,2454300000.0,0.105107,-4.00652,-0.0974479,75.5682,0.31,1.0,52.0,50.0,0.2,100.0
traj_sweep_908,placement,1076.77,1278.42,796.936,796.936,685.0,685.0,0.740119,0.740119,712.0,23.0,23.0,4048.0,4048.0,859.042,10.3915,778.178,80.864,10.3915,372.0,0.726176,69.0,0.00201355,1.98475e-05,0.00151631,0.00354971,2906.52,2478090000.0,2478090000.0,0.107378,-3.01323,-0.077181,1076.77,1278.42,796.936,796.936,685.0,685.0,0.740119,0.740119,712.0,23.0,23.0,4048.0,4048.0,0.00201355,1.98475e-05,0.00151631,0.00354971,0.785801,0.682511,47.0,2478090000.0,2478090000.0,0.107378,-3.01323,-0.077181,1076.77,1278.42,796.936,796.936,685.0,685.0,5.283,1.3555,928.736,0.740119,0.740119,712.0,23.0,23.0,4048.0,4048.0,1226450.0,21.0,3.0,0.00201395,1.98475e-05,0.00152682,0.00356062,3519.75,0.796764,0.675204,47.0,2465500000.0,2465500000.0,0.107687,-3.15266,-0.0784447,74.0119,0.33,1.0,52.0,50.0,0.2,100.0
traj_sweep_909,placement,1076.77,1278.42,792.148,792.148,689.0,689.0,0.735672,0.735672,716.0,23.0,23.0,4048.0,4048.0,856.742,10.7259,773.75,82.992,10.7259,367.0,0.736636,69.0,0.00194169,1.9581e-05,0.00144283,0.0034041,2796.06,2457760000.0,2457760000.0,0.107493,-2.66809,-0.0668749,1076.77,1278.42,792.148,792.148,689.0,689.0,0.735672,0.735672,716.0,23.0,23.0,4048.0,4048.0,0.00194169,1.9581e-05,0.00144283,0.0034041,0.804101,0.771726,48.0,2457760000.0,2457760000.0,0.107493,-2.66809,-0.0668749,1076.77,1278.42,792.148,792.148,689.0,689.0,5.4655,1.318,908.408,0.735672,0.735672,716.0,23.0,23.0,4048.0,4048.0,1237700.0,22.0,3.0,0.00194221,1.9581e-05,0.00145578,0.00341757,3414.91,0.793701,0.766702,48.0,2454790000.0,2454790000.0,0.107777,-2.75206,-0.0673675,73.5672,0.34,1.0,52.0,50.0,0.2,100.0
traj_sweep_910,placement,1076.77,1278.42,789.488,789.488,688.0,688.0,0.733202,0.733202,715.0,23.0,23.0,4048.0,4048.0,854.082,10.3822,773.75,80.332,10.3822,372.0,0.70467,69.0,0.00187381,1.94326e-05,0.00140006,0.0032933,2763.91,2463360000.0,2463360000.0,0.107026,-2.25733,-0.0559489,1076.77,1278.42,789.488,789.488,688.0,688.0,0.733202,0.733202,715.0,23.0,23.0,4048.0,4048.0,0.00187381,1.94326e-05,0.00140006,0.0032933,0.760222,0.750508,48.0,2463360000.0,2463360000.0,0.107026,-2.25733,-0.0559489,1076.77,1278.42,789.488,789.488,688.0,688.0,5.239,1.286,885.066,0.733202,0.733202,715.0,23.0,23.0,4048.0,4048.0,1058430.0,19.0,2.0,0.00187418,1.94326e-05,0.00141328,0.00330689,3293.12,0.755584,0.748261,48.0,2445000000.0,2445000000.0,0.108004,-2.36688,-0.0589974,73.3202,0.35,1.0,52.0,50.0,0.2,100.0
traj_sweep_911,placement,1076.77,1278.42,789.754,789.754,687.0,687.0,0.733449,0.733449,714.0,23.0,23.0,4048.0,4048.0,854.348,10.4165,773.75,80.598,10.4165,375.0,0.729327,69.0,0.00182482,1.94741e-05,0.00136153,0.00320583,2770.64,2440700000.0,2440700000.0,0.106988,-1.89864,-0.0497184,1076.77,1278.42,789.754,789.754,687.0,687.0,0.733449,0.733449,714.0,23.0,23.0,4048.0,4048.0,0.00182482,1.94741e-05,0.00136153,0.00320583,0.793736,0.766692,47.0,2440700000.0,2440700000.0,0.106988,-1.89864,-0.0497184,1076.77,1278.42,789.754,789.754,687.0,687.0,5.188,1.2475,857.341,0.733449,0.733449,714.0,23.0,23.0,4048.0,4048.0,1055620.0,19.0,2.0,0.00182512,1.94741e-05,0.00137178,0.00321637,3298.45,0.785137,0.762548,47.0,2442970000.0,2442970000.0,0.107139,-1.93785,-0.0493793,73.3449,0.36,1.0,52.0,50.0,0.2,100.0
traj_sweep_912,placement,1076.77,1278.42,786.828,786.828,685.0,685.0,0.730731,0.730731,712.0,23.0,23.0,4048.0,4048.0,851.985,10.1446,773.515,78.47,10.1446,374.0,0.72308,68.0,0.00176175,1.93979e-05,0.00131313,0.00309428,2773.52,2445890000.0,2445890000.0,0.106792,-1.36714,-0.0388489,1076.77,1278.42,786.828,786.828,685.0,685.0,0.730731,0.730731,712.0,23.0,23.0,4048.0,4048.0,0.00176175,1.93979e-05,0.00131313,0.00309428,0.7807,0.675954,47.0,2445890000.0,2445890000.0,0.106792,-1.36714,-0.0388489,1076.77,1278.42,786.828,786.828,685.0,685.0,6.909,1.274,872.736,0.730731,0.730731,712.0,23.0,23.0,4048.0,4048.0,1068910.0,19.0,2.0,0.00176226,1.93979e-05,0.00132721,0.00310887,3307.98,0.775914,0.673383,47.0,2455120000.0,2455120000.0,0.107362,-1.46105,-0.0419711,73.0731,0.37,1.0,52.0,50.0,0.2,100.0
traj_sweep_914,placement,1076.77,1278.42,784.7,784.7,686.0,686.0,0.728755,0.728755,713.0,23.0,23.0,4048.0,4048.0,851.951,10.2209,772.949,79.002,10.2209,374.0,0.703711,70.0,0.00169109,1.93059e-05,0.00124728,0.00295768,2794.17,2441050000.0,2441050000.0,0.107327,-0.544298,-0.0251453,1076.77,1278.42,784.7,784.7,686.0,686.0,0.728755,0.728755,713.0,23.0,23.0,4048.0,4048.0,0.00169109,1.93059e-05,0.00124728,0.00295768,0.806358,0.647098,44.0,2441050000.0,2441050000.0,0.107327,-0.544298,-0.0251453,1076.77,1278.42,784.7,784.7,686.0,686.0,5.9565,1.299,891.142,0.728755,0.728755,713.0,23.0,23.0,4048.0,4048.0,1187820.0,21.0,3.0,0.00169154,1.93059e-05,0.001257,0.00296785,3388.08,0.788006,0.645379,44.0,2414590000.0,2414590000.0,0.107454,-0.579725,-0.0280977,72.8755,0.39,1.0,52.0,50.0,0.2,100.0
traj_sweep_915,placement,1076.77,1278.42,748.79,748.79,680.0,680.0,0.695405,0.695405,707.0,23.0,23.0,4048.0,4048.0,829.454,9.86524,754.974,74.48,9.86524,368.0,0.74122,71.0,0.00156759,1.79646e-05,0.00113834,0.00272389,2793.19,2429390000.0,2429390000.0,0.107626,-0.350376,-0.0181928,1076.77,1278.42,748.79,748.79,680.0,680.0,0.695405,0.695405,707.0,23.0,23.0,4048.0,4048.0,0.00156759,1.79646e-05,0.00113834,0.00272389,0.793363,0.715145,40.0,2429390000.0,2429390000.0,0.107626,-0.350376,-0.0181928,1076.77,1278.42,748.79,748.79,680.0,680.0,5.3235,1.2905,877.668,0.695405,0.695405,707.0,23.0,23.0,4048.0,4048.0,1003260.0,18.0,3.0,0.00156791,1.79646e-05,0.00114855,0.00273442,3294.82,0.809625,0.703786,42.0,2430520000.0,2430520000.0,0.107513,-0.372738,-0.0200754,69.5405,0.4,1.0,52.0,50.0,0.2,100.0
traj_sweep_916,placement,1076.77,1278.42,723.52,723.52,663.0,663.0,0.671937,0.671937,690.0,23.0,23.0,4048.0,4048.0,807.64,8.19602,746.46,61.18,8.19602,370.0,0.702066,71.0,0.00149086,1.70899e-05,0.00107467,0.00258262,2759.49,2415760000.0,2415760000.0,0.106957,-0.0498956,-0.00929792,1076.77,1278.42,723.52,723.52,663.0,663.0,0.671937,0.671937,690.0,23.0,23.0,4048.0,4048.0,0.00149086,1.70899e-05,0.00107467,0.00258262,0.780608,0.742535,8.0,2415760000.0,2415760000.0,0.106957,-0.0498956,-0.00929792,1076.77,1278.42,723.52,723.52,663.0,663.0,4.6135,1.251,829.707,0.671937,0.671937,690.0,23.0,23.0,4048.0,4048.0,1019530.0,18.0,2.0,0.00149106,1.70899e-05,0.00108,0.00258815,3269.26,0.795588,0.740316,20.0,2390680000.0,2390680000.0,0.107581,-0.0803907,-0.0138365,67.1937,0.41,1.0,52.0,50.0,0.2,100.0
traj_sweep_917,placement,1076.77,1278.42,704.368,704.368,646.0,646.0,0.65415,0.65415,673.0,23.0,23.0,4048.0,4048.0,788.488,5.63031,746.46,42.028,5.63031,369.0,0.688757,71.0,0.00142253,1.63928e-05,0.00104209,0.00248101,2732.2,2356320000.0,2356320000.0,0.107327,-0.0367595,-0.00439035,1076.77,1278.42,704.368,704.368,646.0,646.0,0.65415,0.65415,673.0,23.0,23.0,4048.0,4048.0,0.00142253,1.63928e-05,0.00104209,0.00248101,0.80097,0.622583,15.0,2356320000.0,2356320000.0,0.107327,-0.0367595,-0.00439035,1076.77,1278.42,704.368,704.368,646.0,646.0,3.798,1.233,796.536,0.65415,0.65415,673.0,23.0,23.0,4048.0,4048.0,990045.0,18.0,2.0,0.00142272,1.63928e-05,0.00104838,0.00248749,3227.23,0.77601,0.614902,18.0,2332030000.0,2332030000.0,0.10749,-0.0772121,-0.00881084,65.415,0.42,1.0,52.0,50.0,0.2,100.0
traj_sweep_918,placement,1076.77,1278.42,686.014,686.014,622.0,622.0,0.637105,0.637105,649.0,23.0,23.0,4048.0,4048.0,770.134,3.1715,746.46,23.674,3.1715,369.0,0.713591,72.0,0.00133503,1.59272e-05,0.0010032,0.00235416,2713.1,2343910000.0,2343910000.0,0.10698,-0.0033116,-0.00133848,1076.77,1278.42,686.014,686.014,622.0,622.0,0.637105,0.637105,649.0,23.0,23.0,4048.0,4048.0,0.00133503,1.59272e-05,0.0010032,0.00235416,0.779451,0.621461,3.0,2343910000.0,2343910000.0,0.10698,-0.0033116,-0.00133848,1076.77,1278.42,686.014,686.014,622.0,622.0,4.6235,1.255,780.864,0.637105,0.637105,649.0,23.0,23.0,4048.0,4048.0,907037.0,17.0,2.0,0.00133516,1.59272e-05,0.00100799,0.00235907,3166.61,0.790608,0.614883,3.0,2334110000.0,2334110000.0,0.107481,-0.00581893,-0.00361494,63.7105,0.43,1.0,52.0,50.0,0.2,100.0
traj_sweep_919,placement,1076.77,1278.42,675.64,675.64,611.0,611.0,0.62747,0.62747,638.0,23.0,23.0,4048.0,4048.0,759.76,1.78174,746.46,13.3,1.78174,376.0,0.717508,72.0,0.00126675,1.55778e-05,0.000972333,0.00225466,2749.5,2341240000.0,2341240000.0,0.106978,0.0,0.0085279,1076.77,1278.42,675.64,675.64,611.0,611.0,0.62747,0.62747,638.0,23.0,23.0,4048.0,4048.0,0.00126675,1.55778e-05,0.000972333,0.00225466,0.776386,0.612764,0.0,2341240000.0,2341240000.0,0.106978,0.0,0.0085279,1076.77,1278.42,675.64,675.64,611.0,611.0,3.77,1.2145,742.353,0.62747,0.62747,638.0,23.0,23.0,4048.0,4048.0,769883.0,14.0,1.0,0.00126693,1.55778e-05,0.000977819,0.00226033,3134.44,0.780532,0.612454,0.0,2334450000.0,2334450000.0,0.107618,0.0,0.0067773,62.747,0.44,1.0,52.0,50.0,0.2,100.0
traj_sweep_921,placement,1076.77,1278.42,671.65,671.65,606.0,606.0,0.623765,0.623765,633.0,23.0,23.0,4048.0,4048.0,755.77,1.24722,746.46,9.31,1.24722,374.0,0.708605,72.0,0.00119683,1.54467e-05,0.000924256,0.00213653,2735.06,2316100000.0,2316100000.0,0.107589,0.0,0.0155462,1076.77,1278.42,671.65,671.65,606.0,606.0,0.623765,0.623765,633.0,23.0,23.0,4048.0,4048.0,0.00119683,1.54467e-05,0.000924256,0.00213653,0.760254,0.620997,0.0,2316100000.0,2316100000.0,0.107589,0.0,0.0155462,1076.77,1278.42,671.65,671.65,606.0,606.0,5.0655,1.225,742.52,0.623765,0.623765,633.0,23.0,23.0,4048.0,4048.0,752768.0,14.0,1.0,0.00119713,1.54467e-05,0.000929885,0.00214247,3111.44,0.767821,0.622304,0.0,2313050000.0,2313050000.0,0.108065,0.0,0.0139368,62.3765,0.46,1.0,52.0,50.0,0.2,100.0
traj_sweep_922,placement,1076.77,1278.42,670.054,670.054,604.0,604.0,0.622283,0.622283,631.0,23.0,23.0,4048.0,4048.0,754.174,1.03341,746.46,7.714,1.03341,370.0,0.713027,73.0,0.00116858,1.54042e-05,0.000901304,0.00208529,2719.89,2294620000.0,2294620000.0,0.106999,0.0,0.0241899,1076.77,1278.42,670.054,670.054,604.0,604.0,0.622283,0.622283,631.0,23.0,23.0,4048.0,4048.0,0.00116858,1.54042e-05,0.000901304,0.00208529,0.773888,0.524136,0.0,2294620000.0,2294620000.0,0.106999,0.0,0.0241899,1076.77,1278.42,670.054,670.054,604.0,604.0,6.015,1.232,744.154,0.622283,0.622283,631.0,23.0,23.0,4048.0,4048.0,733257.0,13.0,1.0,0.00116865,1.54042e-05,0.000904861,0.00208891,3086.52,0.777801,0.528174,0.0,2298690000.0,2298690000.0,0.108072,0.0,0.0228211,62.2283,0.47,1.0,52.0,50.0,0.2,100.0
traj_sweep_923,placement,1076.77,1278.42,669.256,669.256,604.0,604.0,0.621542,0.621542,631.0,23.0,23.0,4048.0,4048.0,753.376,0.926506,746.46,6.916,0.926506,371.0,0.708539,72.0,0.00113981,1.53689e-05,0.000885249,0.00204043,2735.65,2289080000.0,2289080000.0,0.107629,0.0,0.0285108,1076.77,1278.42,669.256,669.256,604.0,604.0,0.621542,0.621542,631.0,23.0,23.0,4048.0,4048.0,0.00113981,1.53689e-05,0.000885249,0.00204043,0.795779,0.541864,0.0,2289080000.0,2289080000.0,0.107629,0.0,0.0285108,1076.77,1278.42,669.256,669.256,604.0,604.0,5.5785,1.2275,741.438,0.621542,0.621542,631.0,23.0,23.0,4048.0,4048.0,809004.0,15.0,2.0,0.00113969,1.53689e-05,0.000886621,0.00204168,3140.15,0.776793,0.543052,0.0,2288950000.0,2288950000.0,0.108235,0.0,0.026102,62.1542,0.48,1.0,52.0,50.0,0.2,100.0
traj_sweep_924,placement,1076.77,1278.42,666.596,666.596,602.0,602.0,0.619071,0.619071,629.0,23.0,23.0,4048.0,4048.0,750.716,0.570158,746.46,4.256,0.570158,380.0,0.706286,71.0,0.00111354,1.52579e-05,0.000869491,0.00199828,2689.16,2282520000.0,2282520000.0,0.10686,0.0,0.0403055,1076.77,1278.42,666.596,666.596,602.0,602.0,0.619071,0.619071,629.0,23.0,23.0,4048.0,4048.0,0.00111354,1.52579e-05,0.000869491,0.00199828,0.781495,0.628291,0.0,2282520000.0,2282520000.0,0.10686,0.0,0.0403055,1076.77,1278.42,666.596,666.596,602.0,602.0,3.8935,1.2585,757.774,0.619071,0.619071,629.0,23.0,23.0,4048.0,4048.0,844554.0,16.0,1.0,0.00111358,1.52579e-05,0.000870038,0.00199888,3111.44,0.776162,0.619543,0.0,2269050000.0,2269050000.0,0.107455,0.0,0.0389124,61.9071,0.49,1.0,52.0,50.0,0.2,100.0
traj_sweep_925,placement,1076.77,1278.42,666.596,666.596,602.0,602.0,0.619071,0.619071,629.0,23.0,23.0,4048.0,4048.0,750.716,0.570158,746.46,4.256,0.570158,375.0,0.704894,71.0,0.00109121,1.52579e-05,0.000850024,0.0019565,2669.4,2269210000.0,2269210000.0,0.107076,0.0,0.045763,1076.77,1278.42,666.596,666.596,602.0,602.0,0.619071,0.619071,629.0,23.0,23.0,4048.0,4048.0,0.00109121,1.52579e-05,0.000850024,0.0019565,0.776907,0.628491,0.0,2269210000.0,2269210000.0,0.107076,0.0,0.045763,1076.77,1278.42,666.596,666.596,602.0,602.0,4.4125,1.221,735.048,0.619071,0.619071,629.0,23.0,23.0,4048.0,4048.0,830371.0,16.0,2.0,0.00109135,1.52579e-05,0.000852915,0.00195952,3084.59,0.757792,0.628112,0.0,2255650000.0,2255650000.0,0.107941,0.0,0.0452241,61.9071,0.5,1.0,52.0,50.0,0.2,100.0
traj_sweep_926,placement,1076.77,1278.42,666.33,666.33,602.0,602.0,0.618824,0.618824,629.0,23.0,23.0,4048.0,4048.0,750.45,0.534523,746.46,3.99,0.534523,375.0,0.695823,72.0,0.00106907,1.5237e-05,0.000828031,0.00191234,2678.92,2210120000.0,2210120000.0,0.107082,0.0,0.057535,1076.77,1278.42,666.33,666.33,602.0,602.0,0.618824,0.618824,629.0,23.0,23.0,4048.0,4048.0,0.00106907,1.5237e-05,0.000828031,0.00191234,0.759092,0.606783,0.0,2210120000.0,2210120000.0,0.107082,0.0,0.057535,1076.77,1278.42,666.33,666.33,602.0,602.0,4.0,1.2625,760.158,0.618824,0.618824,629.0,23.0,23.0,4048.0,4048.0,771474.0,14.0,2.0,0.00106918,1.5237e-05,0.000833001,0.00191741,3064.66,0.782699,0.61243,0.0,2213170000.0,2213170000.0,0.107464,0.0,0.0557622,61.8824,0.51,1.0,52.0,50.0,0.2,100.0
traj_sweep_928,placement,1076.77,1278.42,666.596,666.596,602.0,602.0,0.619071,0.619071,629.0,23.0,23.0,4048.0,4048.0,750.716,0.570158,746.46,4.256,0.570158,374.0,0.706648,70.0,0.00102993,1.52594e-05,0.000801395,0.00184659,2695.81,2278370000.0,2278370000.0,0.106966,0.0,0.0676938,1076.77,1278.42,666.596,666.596,602.0,602.0,0.619071,0.619071,629.0,23.0,23.0,4048.0,4048.0,0.00102993,1.52594e-05,0.000801395,0.00184659,0.788523,0.625122,0.0,2278370000.0,2278370000.0,0.106966,0.0,0.0676938,1076.77,1278.42,666.596,666.596,602.0,602.0,3.9275,1.2615,759.659,0.619071,0.619071,629.0,23.0,23.0,4048.0,4048.0,804258.0,15.0,1.0,0.00102991,1.52594e-05,0.000803123,0.00184829,3097.93,0.805667,0.625643,0.0,2261850000.0,2261850000.0,0.107814,0.0,0.0692823,61.9071,0.53,1.0,52.0,50.0,0.2,100.0
traj_sweep_929,placement,1076.77,1278.42,666.596,666.596,602.0,602.0,0.619071,0.619071,629.0,23.0,23.0,4048.0,4048.0,750.716,0.570158,746.46,4.256,0.570158,374.0,0.686049,70.0,0.00101058,1.52594e-05,0.000780247,0.00180609,2687.03,2204030000.0,2204030000.0,0.107222,0.0,0.0811843,1076.77,1278.42,666.596,666.596,602.0,602.0,0.619071,0.619071,629.0,23.0,23.0,4048.0,4048.0,0.00101058,1.52594e-05,0.000780247,0.00180609,0.761247,0.610633,0.0,2204030000.0,2204030000.0,0.107222,0.0,0.0811843,1076.77,1278.42,666.596,666.596,602.0,602.0,3.818,1.258,757.372,0.619071,0.619071,629.0,23.0,23.0,4048.0,4048.0,744449.0,14.0,2.0,0.00101081,1.52594e-05,0.000785073,0.00181114,3059.26,0.777538,0.6163,0.0,2193620000.0,2193620000.0,0.107649,0.0,0.0792383,61.9071,0.54,1.0,52.0,50.0,0.2,100.0
traj_sweep_930,placement,1076.77,1278.42,666.33,666.33,602.0,602.0,0.618824,0.618824,629.0,23.0,23.0,4048.0,4048.0,750.45,0.534523,746.46,3.99,0.534523,373.0,0.704334,70.0,0.000991288,1.5237e-05,0.000765135,0.00177166,2716.11,2206710000.0,2206710000.0,0.106961,0.0,0.0891779,1076.77,1278.42,666.33,666.33,602.0,602.0,0.618824,0.618824,629.0,23.0,23.0,4048.0,4048.0,0.000991288,1.5237e-05,0.000765135,0.00177166,0.779854,0.617329,0.0,2206710000.0,2206710000.0,0.106961,0.0,0.0891779,1076.77,1278.42,666.33,666.33,602.0,602.0,4.4145,1.2475,751.177,0.618824,0.618824,629.0,23.0,23.0,4048.0,4048.0,791460.0,15.0,2.0,0.000991397,1.5237e-05,0.000769106,0.00177574,3111.84,0.777039,0.615888,0.0,2196330000.0,2196330000.0,0.107847,0.0,0.0882807,61.8824,0.55,1.0,52.0,50.0,0.2,100.0
traj_sweep_931,placement,1076.77,1278.42,665.532,665.532,601.0,601.0,0.618083,0.618083,628.0,23.0,23.0,4048.0,4048.0,749.652,0.427618,746.46,3.192,0.427618,373.0,0.694979,70.0,0.000974351,1.52173e-05,0.000751511,0.00174108,2711.49,2199160000.0,2199160000.0,0.106952,0.0,0.0970277,1076.77,1278.42,665.532,665.532,601.0,601.0,0.618083,0.618083,628.0,23.0,23.0,4048.0,4048.0,0.000974351,1.52173e-05,0.000751511,0.00174108,0.781041,0.555861,0.0,2199160000.0,2199160000.0,0.106952,0.0,0.0970277,1076.77,1278.42,665.532,665.532,601.0,601.0,4.7965,1.2775,767.861,0.618083,0.618083,628.0,23.0,23.0,4048.0,4048.0,817969.0,15.0,1.0,0.000974578,1.52173e-05,0.000756646,0.00174644,3120.48,0.783211,0.555066,0.0,2216690000.0,2216690000.0,0.107741,0.0,0.0942693,61.8083,0.56,1.0,52.0,50.0,0.2,100.0
traj_sweep_932,placement,1076.77,1278.42,665.532,665.532,601.0,601.0,0.618083,0.618083,628.0,23.0,23.0,4048.0,4048.0,749.652,0.427618,746.46,3.192,0.427618,373.0,0.694979,70.0,0.000957257,1.52173e-05,0.000738326,0.0017108,2711.49,2199160000.0,2199160000.0,0.106952,0.0,0.105028,1076.77,1278.42,665.532,665.532,601.0,601.0,0.618083,0.618083,628.0,23.0,23.0,4048.0,4048.0,0.000957257,1.52173e-05,0.000738326,0.0017108,0.781041,0.555861,0.0,2199160000.0,2199160000.0,0.106952,0.0,0.105028,1076.77,1278.42,665.532,665.532,601.0,601.0,4.7965,1.2775,767.861,0.618083,0.618083,628.0,23.0,23.0,4048.0,4048.0,817969.0,15.0,1.0,0.000957479,1.52173e-05,0.000743371,0.00171607,3120.48,0.783211,0.555066,0.0,2216690000.0,2216690000.0,0.107741,0.0,0.102269,61.8083,0.57,1.0,52.0,50.0,0.2,100.0
traj_sweep_933,placement,1076.77,1278.42,665.0,665.0,600.0,600.0,0.617589,0.617589,627.0,23.0,23.0,4048.0,4048.0,749.12,0.356349,746.46,2.66,0.356349,375.0,0.678675,71.0,0.00094159,1.52175e-05,0.000725099,0.00168191,2692.67,2201120000.0,2201120000.0,0.10706,0.0,0.112814,1076.77,1278.42,665.0,665.0,600.0,600.0,0.617589,0.617589,627.0,23.0,23.0,4048.0,4048.0,0.00094159,1.52175e-05,0.000725099,0.00168191,0.805662,0.476995,0.0,2201120000.0,2201120000.0,0.10706,0.0,0.112814,1076.77,1278.42,665.0,665.0,600.0,600.0,4.482,1.307,784.475,0.617589,0.617589,627.0,23.0,23.0,4048.0,4048.0,773021.0,14.0,3.0,0.000941816,1.52175e-05,0.000728482,0.00168552,3079.18,0.772985,0.479981,0.0,2211540000.0,2211540000.0,0.107598,0.0,0.111375,61.7589,0.58,1.0,52.0,50.0,0.2,100.0
traj_sweep_934,placement,1076.77,1278.42,665.0,665.0,600.0,600.0,0.617589,0.617589,627.0,23.0,23.0,4048.0,4048.0,749.12,0.356349,746.46,2.66,0.356349,374.0,0.697135,70.0,0.000925183,1.52175e-05,0.0007139,0.0016543,2708.35,2195300000.0,2195300000.0,0.106945,0.0,0.120927,1076.77,1278.42,665.0,665.0,600.0,600.0,0.617589,0.617589,627.0,23.0,23.0,4048.0,4048.0,0.000925183,1.52175e-05,0.0007139,0.0016543,0.780832,0.552578,0.0,2195300000.0,2195300000.0,0.106945,0.0,0.120927,1076.77,1278.42,665.0,665.0,600.0,600.0,4.3985,1.2475,748.779,0.617589,0.617589,627.0,23.0,23.0,4048.0,4048.0,798510.0,15.0,1.0,0.000925239,1.52175e-05,0.000718481,0.00165894,3107.61,0.793739,0.558289,0.0,2203710000.0,2203710000.0,0.107414,0.0,0.117854,61.7589,0.59,1.0,52.0,50.0,0.2,100.0
traj_sweep_935,placement,1076.77,1278.42,665.798,665.798,600.0,600.0,0.61833,0.61833,627.0,23.0,23.0,4048.0,4048.0,749.918,0.463253,746.46,3.458,0.463253,376.0,0.693021,70.0,0.000910361,1.5262e-05,0.000701221,0.00162684,2699.62,2207480000.0,2207480000.0,0.107079,0.0,0.128742,1076.77,1278.42,665.798,665.798,600.0,600.0,0.61833,0.61833,627.0,23.0,23.0,4048.0,4048.0,0.000910361,1.5262e-05,0.000701221,0.00162684,0.760498,0.553864,0.0,2207480000.0,2207480000.0,0.107079,0.0,0.128742,1076.77,1278.42,665.798,665.798,600.0,600.0,4.1775,1.2565,754.09,0.61833,0.61833,627.0,23.0,23.0,4048.0,4048.0,765080.0,14.0,1.0,0.000910546,1.5262e-05,0.000706644,0.00163245,3082.16,0.737633,0.555381,0.0,2213080000.0,2213080000.0,0.107399,0.0,0.125865,61.833,0.6,1.0,52.0,50.0,0.2,100.0
traj_sweep_936,placement,1076.77,1278.42,665.798,665.798,600.0,600.0,0.61833,0.61833,627.0,23.0,23.0,4048.0,4048.0,749.918,0.463253,746.46,3.458,0.463253,376.0,0.69283,70.0,0.000895437,1.5262e-05,0.000689629,0.00160033,2698.47,2207910000.0,2207910000.0,0.107082,0.0,0.136673,1076.77,1278.42,665.798,665.798,600.0,600.0,0.61833,0.61833,627.0,23.0,23.0,4048.0,4048.0,0.000895437,1.5262e-05,0.000689629,0.00160033,0.760264,0.554094,0.0,2207910000.0,2207910000.0,0.107082,0.0,0.136673,1076.77,1278.42,665.798,665.798,600.0,600.0,4.305,1.257,754.273,0.61833,0.61833,627.0,23.0,23.0,4048.0,4048.0,786179.0,15.0,1.0,0.000895804,1.5262e-05,0.000694222,0.00160529,3091.56,0.746471,0.553293,0.0,2213960000.0,2213960000.0,0.107961,0.0,0.135101,61.833,0.61,1.0,52.0,50.0,0.2,100.0
traj_sweep_937,placement,1076.77,1278.42,665.0,665.0,600.0,600.0,0.617589,0.617589,627.0,23.0,23.0,4048.0,4048.0,749.12,0.356349,746.46,2.66,0.356349,374.0,0.691376,67.0,0.000880659,1.52175e-05,0.000678072,0.00157395,2705.83,2211680000.0,2211680000.0,0.107034,0.0,0.145535,1076.77,1278.42,665.0,665.0,600.0,600.0,0.617589,0.617589,627.0,23.0,23.0,4048.0,4048.0,0.000880659,1.52175e-05,0.000678072,0.00157395,0.762737,0.553101,0.0,2211680000.0,2211680000.0,0.107034,0.0,0.145535,1076.77,1278.42,665.0,665.0,600.0,600.0,3.681,1.2475,748.683,0.617589,0.617589,627.0,23.0,23.0,4048.0,4048.0,781929.0,14.0,1.0,0.000880932,1.52175e-05,0.000683473,0.00157962,3096.8,0.767821,0.550712,0.0,2219030000.0,2219030000.0,0.107981,0.0,0.140749,61.7589,0.62,1.0,52.0,50.0,0.2,100.0
traj_sweep_938,placement,1076.77,1278.42,843.486,843.486,721.0,721.0,0.78335,0.78335,748.0,23.0,23.0,4048.0,4048.0,903.916,14.256,791.132,112.784,14.256,371.0,0.730149,64.0,0.00518238,2.14569e-05,0.00375436,0.0089582,2922.38,2504100000.0,2504100000.0,0.0707255,-12.261,-0.259345,1076.77,1278.42,843.486,843.486,721.0,721.0,0.78335,0.78335,748.0,23.0,23.0,4048.0,4048.0,0.00518238,2.14569e-05,0.00375436,0.0089582,0.753434,0.747225,53.0,2504100000.0,2504100000.0,0.0707255,-12.261,-0.259345,1076.77,1278.42,843.486,843.486,721.0,721.0,5.1425,1.315,948.243,0.78335,0.78335,748.0,23.0,23.0,4048.0,4048.0,1287510.0,22.0,5.0,0.00518293,2.14569e-05,0.00378663,0.00899102,3566.14,0.767749,0.754155,53.0,2473390000.0,2473390000.0,0.0710168,-12.3958,-0.264303,78.335,0.14,1.0,53.0,50.0,0.2,100.0
traj_sweep_939,placement,1076.77,1278.42,841.624,841.624,719.0,719.0,0.781621,0.781621,746.0,23.0,23.0,4048.0,4048.0,902.054,14.0207,791.132,110.922,14.0207,370.0,0.704469,65.0,0.00480793,2.14161e-05,0.00349398,0.00832333,2907.58,2505990000.0,2505990000.0,0.072749,-11.7383,-0.249043,1076.77,1278.42,841.624,841.624,719.0,719.0,0.781621,0.781621,746.0,23.0,23.0,4048.0,4048.0,0.00480793,2.14161e-05,0.00349398,0.00832333,0.758687,0.749767,53.0,2505990000.0,2505990000.0,0.072749,-11.7383,-0.249043,1076.77,1278.42,841.624,841.624,719.0,719.0,4.8725,1.3255,953.133,0.781621,0.781621,746.0,23.0,23.0,4048.0,4048.0,1285030.0,22.0,5.0,0.00480928,2.14161e-05,0.00352779,0.00835848,3550.1,0.756463,0.748691,53.0,2481860000.0,2481860000.0,0.0728213,-11.8779,-0.252924,78.1621,0.15,1.0,53.0,50.0,0.2,100.0
traj_sweep_940,placement,1076.77,1278.42,841.624,841.624,719.0,719.0,0.781621,0.781621,746.0,23.0,23.0,4048.0,4048.0,902.054,14.0207,791.132,110.922,14.0207,372.0,0.695239,65.0,0.0045079,2.1417e-05,0.00327454,0.00780386,2914.82,2503090000.0,2503090000.0,0.0748557,-11.2447,-0.239506,1076.77,1278.42,841.624,841.624,719.0,719.0,0.781621,0.781621,746.0,23.0,23.0,4048.0,4048.0,0.0045079,2.1417e-05,0.00327454,0.00780386,0.765023,0.752836,53.0,2503090000.0,2503090000.0,0.0748557,-11.2447,-0.239506,1076.77,1278.42,841.624,841.624,719.0,719.0,6.216,1.2615,907.064,0.781621,0.781621,746.0,23.0,23.0,4048.0,4048.0,1199360.0,21.0,4.0,0.00450863,2.1417e-05,0.00330406,0.00783411,3514.5,0.774834,0.757582,53.0,2481090000.0,2481090000.0,0.0744838,-11.3747,-0.243049,78.1621,0.16,1.0,53.0,50.0,0.2,100.0
traj_sweep_941,placement,1076.77,1278.42,837.9,837.9,715.0,715.0,0.778162,0.778162,742.0,23.0,23.0,4048.0,4048.0,898.33,13.5499,791.132,107.198,13.5499,379.0,0.716833,65.0,0.0041912,2.1286e-05,0.00307186,0.00728435,2923.74,2501640000.0,2501640000.0,0.0768685,-10.7012,-0.229738,1076.77,1278.42,837.9,837.9,715.0,715.0,0.778162,0.778162,742.0,23.0,23.0,4048.0,4048.0,0.0041912,2.1286e-05,0.00307186,0.00728435,0.775278,0.757796,53.0,2501640000.0,2501640000.0,0.0768685,-10.7012,-0.229738,1076.77,1278.42,837.9,837.9,715.0,715.0,4.813,1.27,908.406,0.778162,0.778162,742.0,23.0,23.0,4048.0,4048.0,1200060.0,21.0,6.0,0.00419188,2.1286e-05,0.00309598,0.00730914,3523.76,0.775914,0.758103,53.0,2489660000.0,2489660000.0,0.0777462,-10.8162,-0.231661,77.8162,0.17,1.0,53.0,50.0,0.2,100.0
traj_sweep_942,placement,1076.77,1278.42,835.506,835.506,712.0,712.0,0.775939,0.775939,739.0,23.0,23.0,4048.0,4048.0,895.936,13.2473,791.132,104.804,13.2473,378.0,0.713634,65.0,0.00391684,2.12227e-05,0.00288572,0.00682379,2915.62,2502940000.0,2502940000.0,0.0787703,-10.1664,-0.21953,1076.77,1278.42,835.506,835.506,712.0,712.0,0.775939,0.775939,739.0,23.0,23.0,4048.0,4048.0,0.00391684,2.12227e-05,0.00288572,0.00682379,0.755825,0.748382,53.0,2502940000.0,2502940000.0,0.0787703,-10.1664,-0.21953,1076.77,1278.42,835.506,835.506,712.0,712.0,4.6885,1.348,960.011,0.775939,0.775939,739.0,23.0,23.0,4048.0,4048.0,1276570.0,22.0,3.0,0.00391767,2.12227e-05,0.00290764,0.00684654,3553.91,0.786154,0.763055,53.0,2485070000.0,2485070000.0,0.0791,-10.2739,-0.222404,77.5939,0.18,1.0,53.0,50.0,0.2,100.0
traj_sweep_943,placement,1076.77,1278.42,835.506,835.506,712.0,712.0,0.775939,0.775939,739.0,23.0,23.0,4048.0,4048.0,895.936,13.2473,791.132,104.804,13.2473,378.0,0.713638,65.0,0.00371068,2.12227e-05,0.00273348,0.00646538,2915.98,2502680000.0,2502680000.0,0.080778,-9.67277,-0.209572,1076.77,1278.42,835.506,835.506,712.0,712.0,0.775939,0.775939,739.0,23.0,23.0,4048.0,4048.0,0.00371068,2.12227e-05,0.00273348,0.00646538,0.756972,0.748937,53.0,2502680000.0,2502680000.0,0.080778,-9.67277,-0.209572,1076.77,1278.42,835.506,835.506,712.0,712.0,5.056,1.2895,918.157,0.775939,0.775939,739.0,23.0,23.0,4048.0,4048.0,1220110.0,21.0,3.0,0.00371167,2.12227e-05,0.00275324,0.00648613,3526.04,0.775842,0.758069,53.0,2484250000.0,2484250000.0,0.08072,-9.79155,-0.212536,77.5939,0.19,1.0,53.0,50.0,0.2,100.0
traj_sweep_944,placement,1076.77,1278.42,834.974,834.974,711.0,711.0,0.775445,0.775445,738.0,23.0,23.0,4048.0,4048.0,895.404,13.1801,791.132,104.272,13.1801,379.0,0.7193,65.0,0.0035138,2.12246e-05,0.00259565,0.00613068,2924.94,2502430000.0,2502430000.0,0.0828218,-9.14868,-0.199611,1076.77,1278.42,834.974,834.974,711.0,711.0,0.775445,0.775445,738.0,23.0,23.0,4048.0,4048.0,0.0035138,2.12246e-05,0.00259565,0.00613068,0.771763,0.756097,53.0,2502430000.0,2502430000.0,0.0828218,-9.14868,-0.199611,1076.77,1278.42,834.974,834.974,711.0,711.0,5.335,1.269,902.301,0.775445,0.775445,738.0,23.0,23.0,4048.0,4048.0,1130190.0,19.0,4.0,0.00351491,2.12246e-05,0.00261502,0.00615115,3490.04,0.774027,0.757191,53.0,2484000000.0,2484000000.0,0.0828148,-9.25491,-0.202577,77.5445,0.2,1.0,53.0,50.0,0.2,100.0
traj_sweep_945,placement,1076.77,1278.42,832.58,832.58,708.0,708.0,0.773221,0.773221,735.0,23.0,23.0,4048.0,4048.0,893.01,12.8775,791.132,101.878,12.8775,376.0,0.701202,66.0,0.00332338,2.1157e-05,0.00246717,0.00581171,2913.92,2503540000.0,2503540000.0,0.0847914,-8.58268,-0.189435,1076.77,1278.42,832.58,832.58,708.0,708.0,0.773221,0.773221,735.0,23.0,23.0,4048.0,4048.0,0.00332338,2.1157e-05,0.00246717,0.00581171,0.76862,0.754577,53.0,2503540000.0,2503540000.0,0.0847914,-8.58268,-0.189435,1076.77,1278.42,832.58,832.58,708.0,708.0,4.276,1.2575,890.662,0.773221,0.773221,735.0,23.0,23.0,4048.0,4048.0,1146450.0,20.0,2.0,0.00332386,2.1157e-05,0.00248359,0.00582861,3487.14,0.76648,0.753541,53.0,2484330000.0,2484330000.0,0.0848952,-8.72379,-0.192523,77.3221,0.21,1.0,53.0,50.0,0.2,100.0
traj_sweep_946,placement,1076.77,1278.42,830.718,830.718,705.0,705.0,0.771492,0.771492,732.0,23.0,23.0,4048.0,4048.0,891.148,12.6421,791.132,100.016,12.6421,379.0,0.734526,66.0,0.00315413,2.11153e-05,0.00234778,0.00552303,2914.11,2501870000.0,2501870000.0,0.0868799,-8.07462,-0.179702,1076.77,1278.42,830.718,830.718,705.0,705.0,0.771492,0.771492,732.0,23.0,23.0,4048.0,4048.0,0.00315413,2.11153e-05,0.00234778,0.00552303,0.766883,0.753736,53.0,2501870000.0,2501870000.0,0.0868799,-8.07462,-0.179702,1076.77,1278.42,830.718,830.718,705.0,705.0,5.405,1.282,903.962,0.771492,0.771492,732.0,23.0,23.0,4048.0,4048.0,1173420.0,20.0,4.0,0.00315482,2.11153e-05,0.00236833,0.00554427,3500.82,0.774799,0.757565,53.0,2485180000.0,2485180000.0,0.0870924,-8.1763,-0.182385,77.1492,0.22,1.0,53.0,50.0,0.2,100.0
traj_sweep_947,placement,1076.77,1278.42,832.314,832.314,706.0,706.0,0.772974,0.772974,733.0,23.0,23.0,4048.0,4048.0,892.744,12.8439,791.132,101.612,12.8439,379.0,0.716815,67.0,0.00302706,2.11997e-05,0.0022496,0.00529786,2911.39,2495760000.0,2495760000.0,0.0886463,-7.53016,-0.170679,1076.77,1278.42,832.314,832.314,706.0,706.0,0.772974,0.772974,733.0,23.0,23.0,4048.0,4048.0,0.00302706,2.11997e-05,0.0022496,0.00529786,0.769668,0.755083,53.0,2495760000.0,2495760000.0,0.0886463,-7.53016,-0.170679,1076.77,1278.42,832.314,832.314,706.0,706.0,5.62,1.3015,919.091,0.772974,0.772974,733.0,23.0,23.0,4048.0,4048.0,1246710.0,21.0,4.0,0.00302764,2.11997e-05,0.00226803,0.00531687,3534.75,0.75516,0.74806,53.0,2471930000.0,2471930000.0,0.0886847,-7.66252,-0.174542,77.2974,0.23,1.0,53.0,50.0,0.2,100.0
traj_sweep_948,placement,1076.77,1278.42,835.772,835.772,712.0,712.0,0.776186,0.776186,739.0,23.0,23.0,4048.0,4048.0,896.169,13.4341,790.035,106.134,13.4341,372.0,0.707283,66.0,0.00290975,2.12588e-05,0.00216149,0.0050925,2918.16,2495710000.0,2495710000.0,0.0906492,-7.13124,-0.160688,1076.77,1278.42,835.772,835.772,712.0,712.0,0.776186,0.776186,739.0,23.0,23.0,4048.0,4048.0,0.00290975,2.12588e-05,0.00216149,0.0050925,0.779387,0.759784,52.0,2495710000.0,2495710000.0,0.0906492,-7.13124,-0.160688,1076.77,1278.42,835.772,835.772,712.0,712.0,6.3065,1.3505,961.746,0.776186,0.776186,739.0,23.0,23.0,4048.0,4048.0,1427450.0,24.0,5.0,0.00291008,2.12588e-05,0.00217777,0.00510911,3631.89,0.771557,0.755997,52.0,2473540000.0,2473540000.0,0.0907267,-7.27585,-0.164279,77.6186,0.24,1.0,53.0,50.0,0.2,100.0
traj_sweep_949,placement,1076.77,1278.42,827.526,827.526,711.0,711.0,0.768528,0.768528,738.0,23.0,23.0,4048.0,4048.0,888.475,13.2197,784.735,103.74,13.2197,375.0,0.72427,66.0,0.00277926,2.08669e-05,0.0020474,0.00484752,2925.08,2506480000.0,2506480000.0,0.0923091,-6.6275,-0.148966,1076.77,1278.42,827.526,827.526,711.0,711.0,0.768528,0.768528,738.0,23.0,23.0,4048.0,4048.0,0.00277926,2.08669e-05,0.0020474,0.00484752,0.740788,0.741106,51.0,2506480000.0,2506480000.0,0.0923091,-6.6275,-0.148966,1076.77,1278.42,827.526,827.526,711.0,711.0,5.5015,1.349,959.171,0.768528,0.768528,738.0,23.0,23.0,4048.0,4048.0,1165690.0,20.0,3.0,0.0027797,2.08669e-05,0.00206606,0.00486662,3507.92,0.743718,0.742523,51.0,2494110000.0,2494110000.0,0.0928891,-6.72652,-0.150944,76.8528,0.25,1.0,53.0,50.0,0.2,100.0
traj_sweep_950,placement,1076.77,1278.42,826.196,826.196,709.0,709.0,0.767292,0.767292,736.0,23.0,23.0,4048.0,4048.0,887.025,13.1674,783.817,103.208,13.1674,373.0,0.706494,64.0,0.0026498,2.08163e-05,0.00196859,0.00463921,2906.12,2489760000.0,2489760000.0,0.0946315,-6.10281,-0.141645,1076.77,1278.42,826.196,826.196,709.0,709.0,0.767292,0.767292,736.0,23.0,23.0,4048.0,4048.0,0.0026498,2.08163e-05,0.00196859,0.00463921,0.759616,0.750217,50.0,2489760000.0,2489760000.0,0.0946315,-6.10281,-0.141645,1076.77,1278.42,826.196,826.196,709.0,709.0,5.781,1.368,970.221,0.767292,0.767292,736.0,23.0,23.0,4048.0,4048.0,1248360.0,21.0,3.0,0.00264987,2.08163e-05,0.00198455,0.00465523,3530.3,0.761959,0.751353,50.0,2464880000.0,2464880000.0,0.0948005,-6.24526,-0.145699,76.7292,0.26,1.0,53.0,50.0,0.2,100.0
traj_sweep_951,placement,1076.77,1278.42,822.472,822.472,710.0,710.0,0.763834,0.763834,737.0,23.0,23.0,4048.0,4048.0,883.386,12.9976,781.774,101.612,12.9976,374.0,0.712297,68.0,0.0025397,2.05917e-05,0.00188833,0.00444863,2860.33,2491140000.0,2491140000.0,0.0965178,-5.74567,-0.131423,1076.77,1278.42,822.472,822.472,710.0,710.0,0.763834,0.763834,737.0,23.0,23.0,4048.0,4048.0,0.0025397,2.05917e-05,0.00188833,0.00444863,0.753921,0.747461,49.0,2491140000.0,2491140000.0,0.0965178,-5.74567,-0.131423,1076.77,1278.42,822.472,822.472,710.0,710.0,5.501,1.322,938.627,0.763834,0.763834,737.0,23.0,23.0,4048.0,4048.0,1225540.0,21.0,3.0,0.00254023,2.05917e-05,0.0019044,0.00446522,3473.1,0.75764,0.74926,49.0,2466460000.0,2466460000.0,0.0964875,-5.85826,-0.135439,76.3834,0.27,1.0,53.0,50.0,0.2,100.0
traj_sweep_952,placement,1076.77,1278.42,823.536,823.536,711.0,711.0,0.764822,0.764822,738.0,23.0,23.0,4048.0,4048.0,884.45,13.1337,781.774,102.676,13.1337,376.0,0.718272,68.0,0.00244768,2.06349e-05,0.00181855,0.00428686,2871.06,2484540000.0,2484540000.0,0.0983615,-5.26336,-0.122489,1076.77,1278.42,823.536,823.536,711.0,711.0,0.764822,0.764822,738.0,23.0,23.0,4048.0,4048.0,0.00244768,2.06349e-05,0.00181855,0.00428686,0.789292,0.764572,49.0,2484540000.0,2484540000.0,0.0983615,-5.26336,-0.122489,1076.77,1278.42,823.536,823.536,711.0,711.0,4.9025,1.3285,944.769,0.764822,0.764822,738.0,23.0,23.0,4048.0,4048.0,1220630.0,21.0,2.0,0.0024486,2.06349e-05,0.00183445,0.00430369,3481.37,0.789965,0.764898,49.0,2442210000.0,2442210000.0,0.0988796,-5.40333,-0.129464,76.4822,0.28,1.0,53.0,50.0,0.2,100.0
traj_sweep_953,placement,1076.77,1278.42,818.482,818.482,702.0,702.0,0.760128,0.760128,729.0,23.0,23.0,4048.0,4048.0,879.396,12.4872,781.774,97.622,12.4872,373.0,0.697093,65.0,0.00235573,2.06005e-05,0.001753,0.00412933,2890.52,2459180000.0,2459180000.0,0.10058,-4.80477,-0.116639,1076.77,1278.42,818.482,818.482,702.0,702.0,0.760128,0.760128,729.0,23.0,23.0,4048.0,4048.0,0.00235573,2.06005e-05,0.001753,0.00412933,0.765795,0.75321,49.0,2459180000.0,2459180000.0,0.10058,-4.80477,-0.116639,1076.77,1278.42,818.482,818.482,702.0,702.0,5.2705,1.2845,902.028,0.760128,0.760128,729.0,23.0,23.0,4048.0,4048.0,1161240.0,20.0,2.0,0.00235619,2.06005e-05,0.00176616,0.00414296,3471.13,0.774027,0.757192,49.0,2442440000.0,2442440000.0,0.101125,-4.90077,-0.119427,76.0128,0.29,1.0,53.0,50.0,0.2,100.0
traj_sweep_954,placement,1076.77,1278.42,818.216,818.216,703.0,703.0,0.759881,0.759881,730.0,23.0,23.0,4048.0,4048.0,879.13,12.4532,781.774,97.356,12.4532,374.0,0.698121,66.0,0.00229042,2.055e-05,0.00170174,0.00401271,2930.36,2488010000.0,2488010000.0,0.102494,-4.3351,-0.101927,1076.77,1278.42,818.216,818.216,703.0,703.0,0.759881,0.759881,730.0,23.0,23.0,4048.0,4048.0,0.00229042,2.055e-05,0.00170174,0.00401271,0.721931,0.72506,49.0,2488010000.0,2488010000.0,0.102494,-4.3351,-0.101927,1076.77,1278.42,818.216,818.216,703.0,703.0,6.1335,1.3265,932.586,0.759881,0.759881,730.0,23.0,23.0,4048.0,4048.0,1230530.0,21.0,4.0,0.0022908,2.055e-05,0.00171441,0.00402576,3545.62,0.72141,0.71763,49.0,2474260000.0,2474260000.0,0.1024,-4.42989,-0.104161,75.9881,0.3,1.0,53.0,50.0,0.2,100.0
traj_sweep_955,placement,1076.77,1278.42,813.694,813.694,704.0,704.0,0.755682,0.755682,731.0,23.0,23.0,4048.0,4048.0,875.8,12.545,778.178,97.622,12.545,372.0,0.716951,65.0,0.00220748,2.03812e-05,0.00162548,0.00385334,2798.91,2468660000.0,2468660000.0,0.104553,-3.87367,-0.0950781,1076.77,1278.42,813.694,813.694,704.0,704.0,0.755682,0.755682,731.0,23.0,23.0,4048.0,4048.0,0.00220748,2.03812e-05,0.00162548,0.00385334,0.754725,0.74785,48.0,2468660000.0,2468660000.0,0.104553,-3.87367,-0.0950781,1076.77,1278.42,813.694,813.694,704.0,704.0,5.25,1.3395,943.346,0.755682,0.755682,731.0,23.0,23.0,4048.0,4048.0,1348200.0,24.0,6.0,0.00220815,2.03812e-05,0.00164208,0.00387062,3473.01,0.763975,0.752329,48.0,2454300000.0,2454300000.0,0.105107,-4.00652,-0.0974479,75.5682,0.31,1.0,53.0,50.0,0.2,100.0
traj_sweep_956,placement,1076.77,1278.42,804.916,804.916,693.0,693.0,0.74753,0.74753,720.0,23.0,23.0,4048.0,4048.0,867.022,11.4169,778.178,88.844,11.4169,376.0,0.707363,66.0,0.00209775,2.01274e-05,0.00156171,0.00367959,2835.7,2496650000.0,2496650000.0,0.106358,-3.31344,-0.084481,1076.77,1278.42,804.916,804.916,693.0,693.0,0.74753,0.74753,720.0,23.0,23.0,4048.0,4048.0,0.00209775,2.01274e-05,0.00156171,0.00367959,0.760607,0.750696,48.0,2496650000.0,2496650000.0,0.106358,-3.31344,-0.084481,1076.77,1278.42,804.916,804.916,693.0,693.0,4.608,1.3505,936.081,0.74753,0.74753,720.0,23.0,23.0,4048.0,4048.0,1201620.0,21.0,4.0,0.00209825,2.01274e-05,0.00157658,0.00369496,3436.51,0.760274,0.750535,48.0,2476220000.0,2476220000.0,0.106896,-3.41434,-0.0843828,74.753,0.32,1.0,53.0,50.0,0.2,100.0
traj_sweep_957,placement,1076.77,1278.42,796.936,796.936,685.0,685.0,0.740119,0.740119,712.0,23.0,23.0,4048.0,4048.0,859.042,10.3915,778.178,80.864,10.3915,372.0,0.726176,69.0,0.00201355,1.98475e-05,0.00151631,0.00354971,2906.52,2478090000.0,2478090000.0,0.107378,-3.01323,-0.077181,1076.77,1278.42,796.936,796.936,685.0,685.0,0.740119,0.740119,712.0,23.0,23.0,4048.0,4048.0,0.00201355,1.98475e-05,0.00151631,0.00354971,0.785801,0.682511,47.0,2478090000.0,2478090000.0,0.107378,-3.01323,-0.077181,1076.77,1278.42,796.936,796.936,685.0,685.0,5.283,1.3555,928.736,0.740119,0.740119,712.0,23.0,23.0,4048.0,4048.0,1226450.0,21.0,3.0,0.00201395,1.98475e-05,0.00152682,0.00356062,3519.75,0.796764,0.675204,47.0,2465500000.0,2465500000.0,0.107687,-3.15266,-0.0784447,74.0119,0.33,1.0,53.0,50.0,0.2,100.0
traj_sweep_958,placement,1076.77,1278.42,792.148,792.148,689.0,689.0,0.735672,0.735672,716.0,23.0,23.0,4048.0,4048.0,856.742,10.7259,773.75,82.992,10.7259,367.0,0.736636,69.0,0.00194169,1.9581e-05,0.00144283,0.0034041,2796.06,2457760000.0,2457760000.0,0.107493,-2.66809,-0.0668749,1076.77,1278.42,792.148,792.148,689.0,689.0,0.735672,0.735672,716.0,23.0,23.0,4048.0,4048.0,0.00194169,1.9581e-05,0.00144283,0.0034041,0.804101,0.771726,48.0,2457760000.0,2457760000.0,0.107493,-2.66809,-0.0668749,1076.77,1278.42,792.148,792.148,689.0,689.0,5.4655,1.318,908.408,0.735672,0.735672,716.0,23.0,23.0,4048.0,4048.0,1237700.0,22.0,3.0,0.00194221,1.9581e-05,0.00145578,0.00341757,3414.91,0.793701,0.766702,48.0,2454790000.0,2454790000.0,0.107777,-2.75206,-0.0673675,73.5672,0.34,1.0,53.0,50.0,0.2,100.0
traj_sweep_959,placement,1076.77,1278.42,789.488,789.488,688.0,688.0,0.733202,0.733202,715.0,23.0,23.0,4048.0,4048.0,854.082,10.3822,773.75,80.332,10.3822,372.0,0.70467,69.0,0.00187381,1.94326e-05,0.00140006,0.0032933,2763.91,2463360000.0,2463360000.0,0.107026,-2.25733,-0.0559489,1076.77,1278.42,789.488,789.488,688.0,688.0,0.733202,0.733202,715.0,23.0,23.0,4048.0,4048.0,0.00187381,1.94326e-05,0.00140006,0.0032933,0.760222,0.750508,48.0,2463360000.0,2463360000.0,0.107026,-2.25733,-0.0559489,1076.77,1278.42,789.488,789.488,688.0,688.0,5.239,1.286,885.066,0.733202,0.733202,715.0,23.0,23.0,4048.0,4048.0,1058430.0,19.0,2.0,0.00187418,1.94326e-05,0.00141328,0.00330689,3293.12,0.755584,0.748261,48.0,2445000000.0,2445000000.0,0.108004,-2.36688,-0.0589974,73.3202,0.35,1.0,53.0,50.0,0.2,100.0
traj_sweep_960,placement,1076.77,1278.42,789.754,789.754,687.0,687.0,0.733449,0.733449,714.0,23.0,23.0,4048.0,4048.0,854.348,10.4165,773.75,80.598,10.4165,375.0,0.729327,69.0,0.00182482,1.94741e-05,0.00136153,0.00320583,2770.64,2440700000.0,2440700000.0,0.106988,-1.89864,-0.0497184,1076.77,1278.42,789.754,789.754,687.0,687.0,0.733449,0.733449,714.0,23.0,23.0,4048.0,4048.0,0.00182482,1.94741e-05,0.00136153,0.00320583,0.793736,0.766692,47.0,2440700000.0,2440700000.0,0.106988,-1.89864,-0.0497184,1076.77,1278.42,789.754,789.754,687.0,687.0,5.188,1.2475,857.341,0.733449,0.733449,714.0,23.0,23.0,4048.0,4048.0,1055620.0,19.0,2.0,0.00182512,1.94741e-05,0.00137178,0.00321637,3298.45,0.785137,0.762548,47.0,2442970000.0,2442970000.0,0.107139,-1.93785,-0.0493793,73.3449,0.36,1.0,53.0,50.0,0.2,100.0
traj_sweep_961,placement,1076.77,1278.42,786.828,786.828,685.0,685.0,0.730731,0.730731,712.0,23.0,23.0,4048.0,4048.0,851.985,10.1446,773.515,78.47,10.1446,374.0,0.72308,68.0,0.00176175,1.93979e-05,0.00131313,0.00309428,2773.52,2445890000.0,2445890000.0,0.106792,-1.36714,-0.0388489,1076.77,1278.42,786.828,786.828,685.0,685.0,0.730731,0.730731,712.0,23.0,23.0,4048.0,4048.0,0.00176175,1.93979e-05,0.00131313,0.00309428,0.7807,0.675954,47.0,2445890000.0,2445890000.0,0.106792,-1.36714,-0.0388489,1076.77,1278.42,786.828,786.828,685.0,685.0,6.909,1.274,872.736,0.730731,0.730731,712.0,23.0,23.0,4048.0,4048.0,1068910.0,19.0,2.0,0.00176226,1.93979e-05,0.00132721,0.00310887,3307.98,0.775914,0.673383,47.0,2455120000.0,2455120000.0,0.107362,-1.46105,-0.0419711,73.0731,0.37,1.0,53.0,50.0,0.2,100.0
traj_sweep_962,placement,1076.77,1278.42,785.232,785.232,687.0,687.0,0.729249,0.729249,714.0,23.0,23.0,4048.0,4048.0,851.631,10.1492,773.161,78.47,10.1492,369.0,0.70579,68.0,0.00172133,1.92943e-05,0.00127667,0.0030173,2784.27,2429380000.0,2429380000.0,0.107506,-0.923693,-0.0316276,1076.77,1278.42,785.232,785.232,687.0,687.0,0.729249,0.729249,714.0,23.0,23.0,4048.0,4048.0,0.00172133,1.92943e-05,0.00127667,0.0030173,0.784595,0.739281,46.0,2429380000.0,2429380000.0,0.107506,-0.923693,-0.0316276,1076.77,1278.42,785.232,785.232,687.0,687.0,4.3915,1.35,927.53,0.729249,0.729249,714.0,23.0,23.0,4048.0,4048.0,1136970.0,20.0,5.0,0.00172153,1.92943e-05,0.00128681,0.00302763,3352.76,0.783388,0.735654,46.0,2439020000.0,2439020000.0,0.107973,-0.989843,-0.0357411,72.9249,0.38,1.0,53.0,50.0,0.2,100.0
traj_sweep_963,placement,1076.77,1278.42,784.7,784.7,686.0,686.0,0.728755,0.728755,713.0,23.0,23.0,4048.0,4048.0,851.951,10.2209,772.949,79.002,10.2209,374.0,0.703711,70.0,0.00169109,1.93059e-05,0.00124728,0.00295768,2794.17,2441050000.0,2441050000.0,0.107327,-0.544298,-0.0251453,1076.77,1278.42,784.7,784.7,686.0,686.0,0.728755,0.728755,713.0,23.0,23.0,4048.0,4048.0,0.00169109,1.93059e-05,0.00124728,0.00295768,0.806358,0.647098,44.0,2441050000.0,2441050000.0,0.107327,-0.544298,-0.0251453,1076.77,1278.42,784.7,784.7,686.0,686.0,5.9565,1.299,891.142,0.728755,0.728755,713.0,23.0,23.0,4048.0,4048.0,1187820.0,21.0,3.0,0.00169154,1.93059e-05,0.001257,0.00296785,3388.08,0.788006,0.645379,44.0,2414590000.0,2414590000.0,0.107454,-0.579725,-0.0280977,72.8755,0.39,1.0,53.0,50.0,0.2,100.0
traj_sweep_964,placement,1076.77,1278.42,748.79,748.79,680.0,680.0,0.695405,0.695405,707.0,23.0,23.0,4048.0,4048.0,829.454,9.86524,754.974,74.48,9.86524,368.0,0.74122,71.0,0.00156759,1.79646e-05,0.00113834,0.00272389,2793.19,2429390000.0,2429390000.0,0.107626,-0.350376,-0.0181928,1076.77,1278.42,748.79,748.79,680.0,680.0,0.695405,0.695405,707.0,23.0,23.0,4048.0,4048.0,0.00156759,1.79646e-05,0.00113834,0.00272389,0.793363,0.715145,40.0,2429390000.0,2429390000.0,0.107626,-0.350376,-0.0181928,1076.77,1278.42,748.79,748.79,680.0,680.0,5.3235,1.2905,877.668,0.695405,0.695405,707.0,23.0,23.0,4048.0,4048.0,1003260.0,18.0,3.0,0.00156791,1.79646e-05,0.00114855,0.00273442,3294.82,0.809625,0.703786,42.0,2430520000.0,2430520000.0,0.107513,-0.372738,-0.0200754,69.5405,0.4,1.0,53.0,50.0,0.2,100.0
traj_sweep_965,placement,1076.77,1278.42,723.52,723.52,663.0,663.0,0.671937,0.671937,690.0,23.0,23.0,4048.0,4048.0,807.64,8.19602,746.46,61.18,8.19602,370.0,0.702066,71.0,0.00149086,1.70899e-05,0.00107467,0.00258262,2759.49,2415760000.0,2415760000.0,0.106957,-0.0498956,-0.00929792,1076.77,1278.42,723.52,723.52,663.0,663.0,0.671937,0.671937,690.0,23.0,23.0,4048.0,4048.0,0.00149086,1.70899e-05,0.00107467,0.00258262,0.780608,0.742535,8.0,2415760000.0,2415760000.0,0.106957,-0.0498956,-0.00929792,1076.77,1278.42,723.52,723.52,663.0,663.0,4.6135,1.251,829.707,0.671937,0.671937,690.0,23.0,23.0,4048.0,4048.0,1019530.0,18.0,2.0,0.00149106,1.70899e-05,0.00108,0.00258815,3269.26,0.795588,0.740316,20.0,2390680000.0,2390680000.0,0.107581,-0.0803907,-0.0138365,67.1937,0.41,1.0,53.0,50.0,0.2,100.0
traj_sweep_966,placement,1076.77,1278.42,704.368,704.368,646.0,646.0,0.65415,0.65415,673.0,23.0,23.0,4048.0,4048.0,788.488,5.63031,746.46,42.028,5.63031,369.0,0.688757,71.0,0.00142253,1.63928e-05,0.00104209,0.00248101,2732.2,2356320000.0,2356320000.0,0.107327,-0.0367595,-0.00439035,1076.77,1278.42,704.368,704.368,646.0,646.0,0.65415,0.65415,673.0,23.0,23.0,4048.0,4048.0,0.00142253,1.63928e-05,0.00104209,0.00248101,0.80097,0.622583,15.0,2356320000.0,2356320000.0,0.107327,-0.0367595,-0.00439035,1076.77,1278.42,704.368,704.368,646.0,646.0,3.798,1.233,796.536,0.65415,0.65415,673.0,23.0,23.0,4048.0,4048.0,990045.0,18.0,2.0,0.00142272,1.63928e-05,0.00104838,0.00248749,3227.23,0.77601,0.614902,18.0,2332030000.0,2332030000.0,0.10749,-0.0772121,-0.00881084,65.415,0.42,1.0,53.0,50.0,0.2,100.0
traj_sweep_967,placement,1076.77,1278.42,686.014,686.014,622.0,622.0,0.637105,0.637105,649.0,23.0,23.0,4048.0,4048.0,770.134,3.1715,746.46,23.674,3.1715,369.0,0.713591,72.0,0.00133503,1.59272e-05,0.0010032,0.00235416,2713.1,2343910000.0,2343910000.0,0.10698,-0.0033116,-0.00133848,1076.77,1278.42,686.014,686.014,622.0,622.0,0.637105,0.637105,649.0,23.0,23.0,4048.0,4048.0,0.00133503,1.59272e-05,0.0010032,0.00235416,0.779451,0.621461,3.0,2343910000.0,2343910000.0,0.10698,-0.0033116,-0.00133848,1076.77,1278.42,686.014,686.014,622.0,622.0,4.6235,1.255,780.864,0.637105,0.637105,649.0,23.0,23.0,4048.0,4048.0,907037.0,17.0,2.0,0.00133516,1.59272e-05,0.00100799,0.00235907,3166.61,0.790608,0.614883,3.0,2334110000.0,2334110000.0,0.107481,-0.00581893,-0.00361494,63.7105,0.43,1.0,53.0,50.0,0.2,100.0
traj_sweep_968,placement,1076.77,1278.42,675.64,675.64,611.0,611.0,0.62747,0.62747,638.0,23.0,23.0,4048.0,4048.0,759.76,1.78174,746.46,13.3,1.78174,376.0,0.717508,72.0,0.00126675,1.55778e-05,0.000972333,0.00225466,2749.5,2341240000.0,2341240000.0,0.106978,0.0,0.0085279,1076.77,1278.42,675.64,675.64,611.0,611.0,0.62747,0.62747,638.0,23.0,23.0,4048.0,4048.0,0.00126675,1.55778e-05,0.000972333,0.00225466,0.776386,0.612764,0.0,2341240000.0,2341240000.0,0.106978,0.0,0.0085279,1076.77,1278.42,675.64,675.64,611.0,611.0,3.77,1.2145,742.353,0.62747,0.62747,638.0,23.0,23.0,4048.0,4048.0,769883.0,14.0,1.0,0.00126693,1.55778e-05,0.000977819,0.00226033,3134.44,0.780532,0.612454,0.0,2334450000.0,2334450000.0,0.107618,0.0,0.0067773,62.747,0.44,1.0,53.0,50.0,0.2,100.0
traj_sweep_969,placement,1076.77,1278.42,673.512,673.512,609.0,609.0,0.625494,0.625494,636.0,23.0,23.0,4048.0,4048.0,757.632,1.49666,746.46,11.172,1.49666,377.0,0.700785,73.0,0.00122985,1.54905e-05,0.000948943,0.00219429,2803.65,2326600000.0,2326600000.0,0.107342,0.0,0.0166585,1076.77,1278.42,673.512,673.512,609.0,609.0,0.625494,0.625494,636.0,23.0,23.0,4048.0,4048.0,0.00122985,1.54905e-05,0.000948943,0.00219429,0.74802,0.616609,0.0,2326600000.0,2326600000.0,0.107342,0.0,0.0166585,1076.77,1278.42,673.512,673.512,609.0,609.0,4.238,1.266,771.15,0.625494,0.625494,636.0,23.0,23.0,4048.0,4048.0,790890.0,14.0,1.0,0.00122997,1.54905e-05,0.000952181,0.00219764,3199.09,0.755657,0.617557,0.0,2317970000.0,2317970000.0,0.108172,0.0,0.0120457,62.5494,0.45,1.0,53.0,50.0,0.2,100.0
traj_sweep_970,placement,1076.77,1278.42,671.65,671.65,606.0,606.0,0.623765,0.623765,633.0,23.0,23.0,4048.0,4048.0,755.77,1.24722,746.46,9.31,1.24722,374.0,0.708605,72.0,0.00119683,1.54467e-05,0.000924256,0.00213653,2735.06,2316100000.0,2316100000.0,0.107589,0.0,0.0155462,1076.77,1278.42,671.65,671.65,606.0,606.0,0.623765,0.623765,633.0,23.0,23.0,4048.0,4048.0,0.00119683,1.54467e-05,0.000924256,0.00213653,0.760254,0.620997,0.0,2316100000.0,2316100000.0,0.107589,0.0,0.0155462,1076.77,1278.42,671.65,671.65,606.0,606.0,5.0655,1.225,742.52,0.623765,0.623765,633.0,23.0,23.0,4048.0,4048.0,752768.0,14.0,1.0,0.00119713,1.54467e-05,0.000929885,0.00214247,3111.44,0.767821,0.622304,0.0,2313050000.0,2313050000.0,0.108065,0.0,0.0139368,62.3765,0.46,1.0,53.0,50.0,0.2,100.0
traj_sweep_971,placement,1076.77,1278.42,670.054,670.054,604.0,604.0,0.622283,0.622283,631.0,23.0,23.0,4048.0,4048.0,754.174,1.03341,746.46,7.714,1.03341,370.0,0.713027,73.0,0.00116858,1.54042e-05,0.000901304,0.00208529,2719.89,2294620000.0,2294620000.0,0.106999,0.0,0.0241899,1076.77,1278.42,670.054,670.054,604.0,604.0,0.622283,0.622283,631.0,23.0,23.0,4048.0,4048.0,0.00116858,1.54042e-05,0.000901304,0.00208529,0.773888,0.524136,0.0,2294620000.0,2294620000.0,0.106999,0.0,0.0241899,1076.77,1278.42,670.054,670.054,604.0,604.0,6.015,1.232,744.154,0.622283,0.622283,631.0,23.0,23.0,4048.0,4048.0,733257.0,13.0,1.0,0.00116865,1.54042e-05,0.000904861,0.00208891,3086.52,0.777801,0.528174,0.0,2298690000.0,2298690000.0,0.108072,0.0,0.0228211,62.2283,0.47,1.0,53.0,50.0,0.2,100.0
traj_sweep_972,placement,1076.77,1278.42,669.256,669.256,604.0,604.0,0.621542,0.621542,631.0,23.0,23.0,4048.0,4048.0,753.376,0.926506,746.46,6.916,0.926506,371.0,0.708539,72.0,0.00113981,1.53689e-05,0.000885249,0.00204043,2735.65,2289080000.0,2289080000.0,0.107629,0.0,0.0285108,1076.77,1278.42,669.256,669.256,604.0,604.0,0.621542,0.621542,631.0,23.0,23.0,4048.0,4048.0,0.00113981,1.53689e-05,0.000885249,0.00204043,0.795779,0.541864,0.0,2289080000.0,2289080000.0,0.107629,0.0,0.0285108,1076.77,1278.42,669.256,669.256,604.0,604.0,5.5785,1.2275,741.438,0.621542,0.621542,631.0,23.0,23.0,4048.0,4048.0,809004.0,15.0,2.0,0.00113969,1.53689e-05,0.000886621,0.00204168,3140.15,0.776793,0.543052,0.0,2288950000.0,2288950000.0,0.108235,0.0,0.026102,62.1542,0.48,1.0,53.0,50.0,0.2,100.0
traj_sweep_973,placement,1076.77,1278.42,666.596,666.596,602.0,602.0,0.619071,0.619071,629.0,23.0,23.0,4048.0,4048.0,750.716,0.570158,746.46,4.256,0.570158,380.0,0.706286,71.0,0.00111354,1.52579e-05,0.000869491,0.00199828,2689.16,2282520000.0,2282520000.0,0.10686,0.0,0.0403055,1076.77,1278.42,666.596,666.596,602.0,602.0,0.619071,0.619071,629.0,23.0,23.0,4048.0,4048.0,0.00111354,1.52579e-05,0.000869491,0.00199828,0.781495,0.628291,0.0,2282520000.0,2282520000.0,0.10686,0.0,0.0403055,1076.77,1278.42,666.596,666.596,602.0,602.0,3.8935,1.2585,757.774,0.619071,0.619071,629.0,23.0,23.0,4048.0,4048.0,844554.0,16.0,1.0,0.00111358,1.52579e-05,0.000870038,0.00199888,3111.44,0.776162,0.619543,0.0,2269050000.0,2269050000.0,0.107455,0.0,0.0389124,61.9071,0.49,1.0,53.0,50.0,0.2,100.0
traj_sweep_974,placement,1076.77,1278.42,666.596,666.596,602.0,602.0,0.619071,0.619071,629.0,23.0,23.0,4048.0,4048.0,750.716,0.570158,746.46,4.256,0.570158,375.0,0.704894,71.0,0.00109121,1.52579e-05,0.000850024,0.0019565,2669.4,2269210000.0,2269210000.0,0.107076,0.0,0.045763,1076.77,1278.42,666.596,666.596,602.0,602.0,0.619071,0.619071,629.0,23.0,23.0,4048.0,4048.0,0.00109121,1.52579e-05,0.000850024,0.0019565,0.776907,0.628491,0.0,2269210000.0,2269210000.0,0.107076,0.0,0.045763,1076.77,1278.42,666.596,666.596,602.0,602.0,4.4125,1.221,735.048,0.619071,0.619071,629.0,23.0,23.0,4048.0,4048.0,830371.0,16.0,2.0,0.00109135,1.52579e-05,0.000852915,0.00195952,3084.59,0.757792,0.628112,0.0,2255650000.0,2255650000.0,0.107941,0.0,0.0452241,61.9071,0.5,1.0,53.0,50.0,0.2,100.0
traj_sweep_975,placement,1076.77,1278.42,666.33,666.33,602.0,602.0,0.618824,0.618824,629.0,23.0,23.0,4048.0,4048.0,750.45,0.534523,746.46,3.99,0.534523,375.0,0.695823,72.0,0.00106907,1.5237e-05,0.000828031,0.00191234,2678.92,2210120000.0,2210120000.0,0.107082,0.0,0.057535,1076.77,1278.42,666.33,666.33,602.0,602.0,0.618824,0.618824,629.0,23.0,23.0,4048.0,4048.0,0.00106907,1.5237e-05,0.000828031,0.00191234,0.759092,0.606783,0.0,2210120000.0,2210120000.0,0.107082,0.0,0.057535,1076.77,1278.42,666.33,666.33,602.0,602.0,4.0,1.2625,760.158,0.618824,0.618824,629.0,23.0,23.0,4048.0,4048.0,771474.0,14.0,2.0,0.00106918,1.5237e-05,0.000833001,0.00191741,3064.66,0.782699,0.61243,0.0,2213170000.0,2213170000.0,0.107464,0.0,0.0557622,61.8824,0.51,1.0,53.0,50.0,0.2,100.0
traj_sweep_976,placement,1076.77,1278.42,666.596,666.596,602.0,602.0,0.619071,0.619071,629.0,23.0,23.0,4048.0,4048.0,750.716,0.570158,746.46,4.256,0.570158,375.0,0.693292,70.0,0.00105001,1.52594e-05,0.000819116,0.00188438,2716.0,2286780000.0,2286780000.0,0.107137,0.0,0.0645186,1076.77,1278.42,666.596,666.596,602.0,602.0,0.619071,0.619071,629.0,23.0,23.0,4048.0,4048.0,0.00105001,1.52594e-05,0.000819116,0.00188438,0.783777,0.627299,0.0,2286780000.0,2286780000.0,0.107137,0.0,0.0645186,1076.77,1278.42,666.596,666.596,602.0,602.0,4.0475,1.2435,748.743,0.619071,0.619071,629.0,23.0,23.0,4048.0,4048.0,770249.0,14.0,2.0,0.00105008,1.52594e-05,0.000820859,0.0018862,3101.12,0.793141,0.621339,0.0,2271980000.0,2271980000.0,0.10796,0.0,0.0631478,61.9071,0.52,1.0,53.0,50.0,0.2,100.0
traj_sweep_977,placement,1076.77,1278.42,666.596,666.596,602.0,602.0,0.619071,0.619071,629.0,23.0,23.0,4048.0,4048.0,750.716,0.570158,746.46,4.256,0.570158,374.0,0.706648,70.0,0.00102993,1.52594e-05,0.000801395,0.00184659,2695.81,2278370000.0,2278370000.0,0.106966,0.0,0.0676938,1076.77,1278.42,666.596,666.596,602.0,602.0,0.619071,0.619071,629.0,23.0,23.0,4048.0,4048.0,0.00102993,1.52594e-05,0.000801395,0.00184659,0.788523,0.625122,0.0,2278370000.0,2278370000.0,0.106966,0.0,0.0676938,1076.77,1278.42,666.596,666.596,602.0,602.0,3.9275,1.2615,759.659,0.619071,0.619071,629.0,23.0,23.0,4048.0,4048.0,804258.0,15.0,1.0,0.00102991,1.52594e-05,0.000803123,0.00184829,3097.93,0.805667,0.625643,0.0,2261850000.0,2261850000.0,0.107814,0.0,0.0692823,61.9071,0.53,1.0,53.0,50.0,0.2,100.0
traj_sweep_978,placement,1076.77,1278.42,666.596,666.596,602.0,602.0,0.619071,0.619071,629.0,23.0,23.0,4048.0,4048.0,750.716,0.570158,746.46,4.256,0.570158,374.0,0.686049,70.0,0.00101058,1.52594e-05,0.000780247,0.00180609,2687.03,2204030000.0,2204030000.0,0.107222,0.0,0.0811843,1076.77,1278.42,666.596,666.596,602.0,602.0,0.619071,0.619071,629.0,23.0,23.0,4048.0,4048.0,0.00101058,1.52594e-05,0.000780247,0.00180609,0.761247,0.610633,0.0,2204030000.0,2204030000.0,0.107222,0.0,0.0811843,1076.77,1278.42,666.596,666.596,602.0,602.0,3.818,1.258,757.372,0.619071,0.619071,629.0,23.0,23.0,4048.0,4048.0,744449.0,14.0,2.0,0.00101081,1.52594e-05,0.000785073,0.00181114,3059.26,0.777538,0.6163,0.0,2193620000.0,2193620000.0,0.107649,0.0,0.0792383,61.9071,0.54,1.0,53.0,50.0,0.2,100.0
traj_sweep_979,placement,1076.77,1278.42,666.33,666.33,602.0,602.0,0.618824,0.618824,629.0,23.0,23.0,4048.0,4048.0,750.45,0.534523,746.46,3.99,0.534523,373.0,0.704334,70.0,0.000991288,1.5237e-05,0.000765135,0.00177166,2716.11,2206710000.0,2206710000.0,0.106961,0.0,0.0891779,1076.77,1278.42,666.33,666.33,602.0,602.0,0.618824,0.618824,629.0,23.0,23.0,4048.0,4048.0,0.000991288,1.5237e-05,0.000765135,0.00177166,0.779854,0.617329,0.0,2206710000.0,2206710000.0,0.106961,0.0,0.0891779,1076.77,1278.42,666.33,666.33,602.0,602.0,4.4145,1.2475,751.177,0.618824,0.618824,629.0,23.0,23.0,4048.0,4048.0,791460.0,15.0,2.0,0.000991397,1.5237e-05,0.000769106,0.00177574,3111.84,0.777039,0.615888,0.0,2196330000.0,2196330000.0,0.107847,0.0,0.0882807,61.8824,0.55,1.0,53.0,50.0,0.2,100.0
traj_sweep_980,placement,1076.77,1278.42,665.532,665.532,601.0,601.0,0.618083,0.618083,628.0,23.0,23.0,4048.0,4048.0,749.652,0.427618,746.46,3.192,0.427618,373.0,0.694979,70.0,0.000974351,1.52173e-05,0.000751511,0.00174108,2711.49,2199160000.0,2199160000.0,0.106952,0.0,0.0970277,1076.77,1278.42,665.532,665.532,601.0,601.0,0.618083,0.618083,628.0,23.0,23.0,4048.0,4048.0,0.000974351,1.52173e-05,0.000751511,0.00174108,0.781041,0.555861,0.0,2199160000.0,2199160000.0,0.106952,0.0,0.0970277,1076.77,1278.42,665.532,665.532,601.0,601.0,4.7965,1.2775,767.861,0.618083,0.618083,628.0,23.0,23.0,4048.0,4048.0,817969.0,15.0,1.0,0.000974578,1.52173e-05,0.000756646,0.00174644,3120.48,0.783211,0.555066,0.0,2216690000.0,2216690000.0,0.107741,0.0,0.0942693,61.8083,0.56,1.0,53.0,50.0,0.2,100.0
traj_sweep_981,placement,1076.77,1278.42,665.532,665.532,601.0,601.0,0.618083,0.618083,628.0,23.0,23.0,4048.0,4048.0,749.652,0.427618,746.46,3.192,0.427618,373.0,0.694979,70.0,0.000957257,1.52173e-05,0.000738326,0.0017108,2711.49,2199160000.0,2199160000.0,0.106952,0.0,0.105028,1076.77,1278.42,665.532,665.532,601.0,601.0,0.618083,0.618083,628.0,23.0,23.0,4048.0,4048.0,0.000957257,1.52173e-05,0.000738326,0.0017108,0.781041,0.555861,0.0,2199160000.0,2199160000.0,0.106952,0.0,0.105028,1076.77,1278.42,665.532,665.532,601.0,601.0,4.7965,1.2775,767.861,0.618083,0.618083,628.0,23.0,23.0,4048.0,4048.0,817969.0,15.0,1.0,0.000957479,1.52173e-05,0.000743371,0.00171607,3120.48,0.783211,0.555066,0.0,2216690000.0,2216690000.0,0.107741,0.0,0.102269,61.8083,0.57,1.0,53.0,50.0,0.2,100.0
traj_sweep_982,placement,1076.77,1278.42,665.0,665.0,600.0,600.0,0.617589,0.617589,627.0,23.0,23.0,4048.0,4048.0,749.12,0.356349,746.46,2.66,0.356349,375.0,0.678675,71.0,0.00094159,1.52175e-05,0.000725099,0.00168191,2692.67,2201120000.0,2201120000.0,0.10706,0.0,0.112814,1076.77,1278.42,665.0,665.0,600.0,600.0,0.617589,0.617589,627.0,23.0,23.0,4048.0,4048.0,0.00094159,1.52175e-05,0.000725099,0.00168191,0.805662,0.476995,0.0,2201120000.0,2201120000.0,0.10706,0.0,0.112814,1076.77,1278.42,665.0,665.0,600.0,600.0,4.482,1.307,784.475,0.617589,0.617589,627.0,23.0,23.0,4048.0,4048.0,773021.0,14.0,3.0,0.000941816,1.52175e-05,0.000728482,0.00168552,3079.18,0.772985,0.479981,0.0,2211540000.0,2211540000.0,0.107598,0.0,0.111375,61.7589,0.58,1.0,53.0,50.0,0.2,100.0
traj_sweep_983,placement,1076.77,1278.42,665.0,665.0,600.0,600.0,0.617589,0.617589,627.0,23.0,23.0,4048.0,4048.0,749.12,0.356349,746.46,2.66,0.356349,374.0,0.697135,70.0,0.000925183,1.52175e-05,0.0007139,0.0016543,2708.35,2195300000.0,2195300000.0,0.106945,0.0,0.120927,1076.77,1278.42,665.0,665.0,600.0,600.0,0.617589,0.617589,627.0,23.0,23.0,4048.0,4048.0,0.000925183,1.52175e-05,0.0007139,0.0016543,0.780832,0.552578,0.0,2195300000.0,2195300000.0,0.106945,0.0,0.120927,1076.77,1278.42,665.0,665.0,600.0,600.0,4.3985,1.2475,748.779,0.617589,0.617589,627.0,23.0,23.0,4048.0,4048.0,798510.0,15.0,1.0,0.000925239,1.52175e-05,0.000718481,0.00165894,3107.61,0.793739,0.558289,0.0,2203710000.0,2203710000.0,0.107414,0.0,0.117854,61.7589,0.59,1.0,53.0,50.0,0.2,100.0
traj_sweep_984,placement,1076.77,1278.42,665.798,665.798,600.0,600.0,0.61833,0.61833,627.0,23.0,23.0,4048.0,4048.0,749.918,0.463253,746.46,3.458,0.463253,376.0,0.693021,70.0,0.000910361,1.5262e-05,0.000701221,0.00162684,2699.62,2207480000.0,2207480000.0,0.107079,0.0,0.128742,1076.77,1278.42,665.798,665.798,600.0,600.0,0.61833,0.61833,627.0,23.0,23.0,4048.0,4048.0,0.000910361,1.5262e-05,0.000701221,0.00162684,0.760498,0.553864,0.0,2207480000.0,2207480000.0,0.107079,0.0,0.128742,1076.77,1278.42,665.798,665.798,600.0,600.0,4.1775,1.2565,754.09,0.61833,0.61833,627.0,23.0,23.0,4048.0,4048.0,765080.0,14.0,1.0,0.000910546,1.5262e-05,0.000706644,0.00163245,3082.16,0.737633,0.555381,0.0,2213080000.0,2213080000.0,0.107399,0.0,0.125865,61.833,0.6,1.0,53.0,50.0,0.2,100.0
traj_sweep_985,placement,1076.77,1278.42,665.798,665.798,600.0,600.0,0.61833,0.61833,627.0,23.0,23.0,4048.0,4048.0,749.918,0.463253,746.46,3.458,0.463253,376.0,0.69283,70.0,0.000895437,1.5262e-05,0.000689629,0.00160033,2698.47,2207910000.0,2207910000.0,0.107082,0.0,0.136673,1076.77,1278.42,665.798,665.798,600.0,600.0,0.61833,0.61833,627.0,23.0,23.0,4048.0,4048.0,0.000895437,1.5262e-05,0.000689629,0.00160033,0.760264,0.554094,0.0,2207910000.0,2207910000.0,0.107082,0.0,0.136673,1076.77,1278.42,665.798,665.798,600.0,600.0,4.305,1.257,754.273,0.61833,0.61833,627.0,23.0,23.0,4048.0,4048.0,786179.0,15.0,1.0,0.000895804,1.5262e-05,0.000694222,0.00160529,3091.56,0.746471,0.553293,0.0,2213960000.0,2213960000.0,0.107961,0.0,0.135101,61.833,0.61,1.0,53.0,50.0,0.2,100.0
traj_sweep_986,placement,1076.77,1278.42,665.0,665.0,600.0,600.0,0.617589,0.617589,627.0,23.0,23.0,4048.0,4048.0,749.12,0.356349,746.46,2.66,0.356349,374.0,0.691376,67.0,0.000880659,1.52175e-05,0.000678072,0.00157395,2705.83,2211680000.0,2211680000.0,0.107034,0.0,0.145535,1076.77,1278.42,665.0,665.0,600.0,600.0,0.617589,0.617589,627.0,23.0,23.0,4048.0,4048.0,0.000880659,1.52175e-05,0.000678072,0.00157395,0.762737,0.553101,0.0,2211680000.0,2211680000.0,0.107034,0.0,0.145535,1076.77,1278.42,665.0,665.0,600.0,600.0,3.681,1.2475,748.683,0.617589,0.617589,627.0,23.0,23.0,4048.0,4048.0,781929.0,14.0,1.0,0.000880932,1.52175e-05,0.000683473,0.00157962,3096.8,0.767821,0.550712,0.0,2219030000.0,2219030000.0,0.107981,0.0,0.140749,61.7589,0.62,1.0,53.0,50.0,0.2,100.0
traj_sweep_987,placement,1076.77,1278.42,843.486,843.486,721.0,721.0,0.78335,0.78335,748.0,23.0,23.0,4048.0,4048.0,903.916,14.256,791.132,112.784,14.256,371.0,0.730149,64.0,0.00518238,2.14569e-05,0.00375436,0.0089582,2922.38,2504100000.0,2504100000.0,0.0707255,-12.261,-0.259345,1076.77,1278.42,843.486,843.486,721.0,721.0,0.78335,0.78335,748.0,23.0,23.0,4048.0,4048.0,0.00518238,2.14569e-05,0.00375436,0.0089582,0.753434,0.747225,53.0,2504100000.0,2504100000.0,0.0707255,-12.261,-0.259345,1076.77,1278.42,843.486,843.486,721.0,721.0,5.1425,1.315,948.243,0.78335,0.78335,748.0,23.0,23.0,4048.0,4048.0,1287510.0,22.0,5.0,0.00518293,2.14569e-05,0.00378663,0.00899102,3566.14,0.767749,0.754155,53.0,2473390000.0,2473390000.0,0.0710168,-12.3958,-0.264303,78.335,0.14,1.0,54.0,50.0,0.2,100.0
traj_sweep_988,placement,1076.77,1278.42,841.624,841.624,719.0,719.0,0.781621,0.781621,746.0,23.0,23.0,4048.0,4048.0,902.054,14.0207,791.132,110.922,14.0207,370.0,0.704469,65.0,0.00480793,2.14161e-05,0.00349398,0.00832333,2907.58,2505990000.0,2505990000.0,0.072749,-11.7383,-0.249043,1076.77,1278.42,841.624,841.624,719.0,719.0,0.781621,0.781621,746.0,23.0,23.0,4048.0,4048.0,0.00480793,2.14161e-05,0.00349398,0.00832333,0.758687,0.749767,53.0,2505990000.0,2505990000.0,0.072749,-11.7383,-0.249043,1076.77,1278.42,841.624,841.624,719.0,719.0,4.8725,1.3255,953.133,0.781621,0.781621,746.0,23.0,23.0,4048.0,4048.0,1285030.0,22.0,5.0,0.00480928,2.14161e-05,0.00352779,0.00835848,3550.1,0.756463,0.748691,53.0,2481860000.0,2481860000.0,0.0728213,-11.8779,-0.252924,78.1621,0.15,1.0,54.0,50.0,0.2,100.0
traj_sweep_989,placement,1076.77,1278.42,841.624,841.624,719.0,719.0,0.781621,0.781621,746.0,23.0,23.0,4048.0,4048.0,902.054,14.0207,791.132,110.922,14.0207,372.0,0.695239,65.0,0.0045079,2.1417e-05,0.00327454,0.00780386,2914.82,2503090000.0,2503090000.0,0.0748557,-11.2447,-0.239506,1076.77,1278.42,841.624,841.624,719.0,719.0,0.781621,0.781621,746.0,23.0,23.0,4048.0,4048.0,0.0045079,2.1417e-05,0.00327454,0.00780386,0.765023,0.752836,53.0,2503090000.0,2503090000.0,0.0748557,-11.2447,-0.239506,1076.77,1278.42,841.624,841.624,719.0,719.0,6.216,1.2615,907.064,0.781621,0.781621,746.0,23.0,23.0,4048.0,4048.0,1199360.0,21.0,4.0,0.00450863,2.1417e-05,0.00330406,0.00783411,3514.5,0.774834,0.757582,53.0,2481090000.0,2481090000.0,0.0744838,-11.3747,-0.243049,78.1621,0.16,1.0,54.0,50.0,0.2,100.0
traj_sweep_990,placement,1076.77,1278.42,837.9,837.9,715.0,715.0,0.778162,0.778162,742.0,23.0,23.0,4048.0,4048.0,898.33,13.5499,791.132,107.198,13.5499,379.0,0.716833,65.0,0.0041912,2.1286e-05,0.00307186,0.00728435,2923.74,2501640000.0,2501640000.0,0.0768685,-10.7012,-0.229738,1076.77,1278.42,837.9,837.9,715.0,715.0,0.778162,0.778162,742.0,23.0,23.0,4048.0,4048.0,0.0041912,2.1286e-05,0.00307186,0.00728435,0.775278,0.757796,53.0,2501640000.0,2501640000.0,0.0768685,-10.7012,-0.229738,1076.77,1278.42,837.9,837.9,715.0,715.0,4.813,1.27,908.406,0.778162,0.778162,742.0,23.0,23.0,4048.0,4048.0,1200060.0,21.0,6.0,0.00419188,2.1286e-05,0.00309598,0.00730914,3523.76,0.775914,0.758103,53.0,2489660000.0,2489660000.0,0.0777462,-10.8162,-0.231661,77.8162,0.17,1.0,54.0,50.0,0.2,100.0
traj_sweep_991,placement,1076.77,1278.42,835.506,835.506,712.0,712.0,0.775939,0.775939,739.0,23.0,23.0,4048.0,4048.0,895.936,13.2473,791.132,104.804,13.2473,378.0,0.713634,65.0,0.00391684,2.12227e-05,0.00288572,0.00682379,2915.62,2502940000.0,2502940000.0,0.0787703,-10.1664,-0.21953,1076.77,1278.42,835.506,835.506,712.0,712.0,0.775939,0.775939,739.0,23.0,23.0,4048.0,4048.0,0.00391684,2.12227e-05,0.00288572,0.00682379,0.755825,0.748382,53.0,2502940000.0,2502940000.0,0.0787703,-10.1664,-0.21953,1076.77,1278.42,835.506,835.506,712.0,712.0,4.6885,1.348,960.011,0.775939,0.775939,739.0,23.0,23.0,4048.0,4048.0,1276570.0,22.0,3.0,0.00391767,2.12227e-05,0.00290764,0.00684654,3553.91,0.786154,0.763055,53.0,2485070000.0,2485070000.0,0.0791,-10.2739,-0.222404,77.5939,0.18,1.0,54.0,50.0,0.2,100.0
traj_sweep_992,placement,1076.77,1278.42,835.506,835.506,712.0,712.0,0.775939,0.775939,739.0,23.0,23.0,4048.0,4048.0,895.936,13.2473,791.132,104.804,13.2473,378.0,0.713638,65.0,0.00371068,2.12227e-05,0.00273348,0.00646538,2915.98,2502680000.0,2502680000.0,0.080778,-9.67277,-0.209572,1076.77,1278.42,835.506,835.506,712.0,712.0,0.775939,0.775939,739.0,23.0,23.0,4048.0,4048.0,0.00371068,2.12227e-05,0.00273348,0.00646538,0.756972,0.748937,53.0,2502680000.0,2502680000.0,0.080778,-9.67277,-0.209572,1076.77,1278.42,835.506,835.506,712.0,712.0,5.056,1.2895,918.157,0.775939,0.775939,739.0,23.0,23.0,4048.0,4048.0,1220110.0,21.0,3.0,0.00371167,2.12227e-05,0.00275324,0.00648613,3526.04,0.775842,0.758069,53.0,2484250000.0,2484250000.0,0.08072,-9.79155,-0.212536,77.5939,0.19,1.0,54.0,50.0,0.2,100.0
traj_sweep_993,placement,1076.77,1278.42,834.974,834.974,711.0,711.0,0.775445,0.775445,738.0,23.0,23.0,4048.0,4048.0,895.404,13.1801,791.132,104.272,13.1801,379.0,0.7193,65.0,0.0035138,2.12246e-05,0.00259565,0.00613068,2924.94,2502430000.0,2502430000.0,0.0828218,-9.14868,-0.199611,1076.77,1278.42,834.974,834.974,711.0,711.0,0.775445,0.775445,738.0,23.0,23.0,4048.0,4048.0,0.0035138,2.12246e-05,0.00259565,0.00613068,0.771763,0.756097,53.0,2502430000.0,2502430000.0,0.0828218,-9.14868,-0.199611,1076.77,1278.42,834.974,834.974,711.0,711.0,5.335,1.269,902.301,0.775445,0.775445,738.0,23.0,23.0,4048.0,4048.0,1130190.0,19.0,4.0,0.00351491,2.12246e-05,0.00261502,0.00615115,3490.04,0.774027,0.757191,53.0,2484000000.0,2484000000.0,0.0828148,-9.25491,-0.202577,77.5445,0.2,1.0,54.0,50.0,0.2,100.0
traj_sweep_994,placement,1076.77,1278.42,832.58,832.58,708.0,708.0,0.773221,0.773221,735.0,23.0,23.0,4048.0,4048.0,893.01,12.8775,791.132,101.878,12.8775,376.0,0.701202,66.0,0.00332338,2.1157e-05,0.00246717,0.00581171,2913.92,2503540000.0,2503540000.0,0.0847914,-8.58268,-0.189435,1076.77,1278.42,832.58,832.58,708.0,708.0,0.773221,0.773221,735.0,23.0,23.0,4048.0,4048.0,0.00332338,2.1157e-05,0.00246717,0.00581171,0.76862,0.754577,53.0,2503540000.0,2503540000.0,0.0847914,-8.58268,-0.189435,1076.77,1278.42,832.58,832.58,708.0,708.0,4.276,1.2575,890.662,0.773221,0.773221,735.0,23.0,23.0,4048.0,4048.0,1146450.0,20.0,2.0,0.00332386,2.1157e-05,0.00248359,0.00582861,3487.14,0.76648,0.753541,53.0,2484330000.0,2484330000.0,0.0848952,-8.72379,-0.192523,77.3221,0.21,1.0,54.0,50.0,0.2,100.0
traj_sweep_995,placement,1076.77,1278.42,830.718,830.718,705.0,705.0,0.771492,0.771492,732.0,23.0,23.0,4048.0,4048.0,891.148,12.6421,791.132,100.016,12.6421,379.0,0.734526,66.0,0.00315413,2.11153e-05,0.00234778,0.00552303,2914.11,2501870000.0,2501870000.0,0.0868799,-8.07462,-0.179702,1076.77,1278.42,830.718,830.718,705.0,705.0,0.771492,0.771492,732.0,23.0,23.0,4048.0,4048.0,0.00315413,2.11153e-05,0.00234778,0.00552303,0.766883,0.753736,53.0,2501870000.0,2501870000.0,0.0868799,-8.07462,-0.179702,1076.77,1278.42,830.718,830.718,705.0,705.0,5.405,1.282,903.962,0.771492,0.771492,732.0,23.0,23.0,4048.0,4048.0,1173420.0,20.0,4.0,0.00315482,2.11153e-05,0.00236833,0.00554427,3500.82,0.774799,0.757565,53.0,2485180000.0,2485180000.0,0.0870924,-8.1763,-0.182385,77.1492,0.22,1.0,54.0,50.0,0.2,100.0
traj_sweep_996,placement,1076.77,1278.42,832.314,832.314,706.0,706.0,0.772974,0.772974,733.0,23.0,23.0,4048.0,4048.0,892.744,12.8439,791.132,101.612,12.8439,379.0,0.716815,67.0,0.00302706,2.11997e-05,0.0022496,0.00529786,2911.39,2495760000.0,2495760000.0,0.0886463,-7.53016,-0.170679,1076.77,1278.42,832.314,832.314,706.0,706.0,0.772974,0.772974,733.0,23.0,23.0,4048.0,4048.0,0.00302706,2.11997e-05,0.0022496,0.00529786,0.769668,0.755083,53.0,2495760000.0,2495760000.0,0.0886463,-7.53016,-0.170679,1076.77,1278.42,832.314,832.314,706.0,706.0,5.62,1.3015,919.091,0.772974,0.772974,733.0,23.0,23.0,4048.0,4048.0,1246710.0,21.0,4.0,0.00302764,2.11997e-05,0.00226803,0.00531687,3534.75,0.75516,0.74806,53.0,2471930000.0,2471930000.0,0.0886847,-7.66252,-0.174542,77.2974,0.23,1.0,54.0,50.0,0.2,100.0
traj_sweep_997,placement,1076.77,1278.42,835.772,835.772,712.0,712.0,0.776186,0.776186,739.0,23.0,23.0,4048.0,4048.0,896.169,13.4341,790.035,106.134,13.4341,372.0,0.707283,66.0,0.00290975,2.12588e-05,0.00216149,0.0050925,2918.16,2495710000.0,2495710000.0,0.0906492,-7.13124,-0.160688,1076.77,1278.42,835.772,835.772,712.0,712.0,0.776186,0.776186,739.0,23.0,23.0,4048.0,4048.0,0.00290975,2.12588e-05,0.00216149,0.0050925,0.779387,0.759784,52.0,2495710000.0,2495710000.0,0.0906492,-7.13124,-0.160688,1076.77,1278.42,835.772,835.772,712.0,712.0,6.3065,1.3505,961.746,0.776186,0.776186,739.0,23.0,23.0,4048.0,4048.0,1427450.0,24.0,5.0,0.00291008,2.12588e-05,0.00217777,0.00510911,3631.89,0.771557,0.755997,52.0,2473540000.0,2473540000.0,0.0907267,-7.27585,-0.164279,77.6186,0.24,1.0,54.0,50.0,0.2,100.0
traj_sweep_998,placement,1076.77,1278.42,827.526,827.526,711.0,711.0,0.768528,0.768528,738.0,23.0,23.0,4048.0,4048.0,888.475,13.2197,784.735,103.74,13.2197,375.0,0.72427,66.0,0.00277926,2.08669e-05,0.0020474,0.00484752,2925.08,2506480000.0,2506480000.0,0.0923091,-6.6275,-0.148966,1076.77,1278.42,827.526,827.526,711.0,711.0,0.768528,0.768528,738.0,23.0,23.0,4048.0,4048.0,0.00277926,2.08669e-05,0.0020474,0.00484752,0.740788,0.741106,51.0,2506480000.0,2506480000.0,0.0923091,-6.6275,-0.148966,1076.77,1278.42,827.526,827.526,711.0,711.0,5.5015,1.349,959.171,0.768528,0.768528,738.0,23.0,23.0,4048.0,4048.0,1165690.0,20.0,3.0,0.0027797,2.08669e-05,0.00206606,0.00486662,3507.92,0.743718,0.742523,51.0,2494110000.0,2494110000.0,0.0928891,-6.72652,-0.150944,76.8528,0.25,1.0,54.0,50.0,0.2,100.0
traj_sweep_999,placement,1076.77,1278.42,826.196,826.196,709.0,709.0,0.767292,0.767292,736.0,23.0,23.0,4048.0,4048.0,887.025,13.1674,783.817,103.208,13.1674,373.0,0.706494,64.0,0.0026498,2.08163e-05,0.00196859,0.00463921,2906.12,2489760000.0,2489760000.0,0.0946315,-6.10281,-0.141645,1076.77,1278.42,826.196,826.196,709.0,709.0,0.767292,0.767292,736.0,23.0,23.0,4048.0,4048.0,0.0026498,2.08163e-05,0.00196859,0.00463921,0.759616,0.750217,50.0,2489760000.0,2489760000.0,0.0946315,-6.10281,-0.141645,1076.77,1278.42,826.196,826.196,709.0,709.0,5.781,1.368,970.221,0.767292,0.767292,736.0,23.0,23.0,4048.0,4048.0,1248360.0,21.0,3.0,0.00264987,2.08163e-05,0.00198455,0.00465523,3530.3,0.761959,0.751353,50.0,2464880000.0,2464880000.0,0.0948005,-6.24526,-0.145699,76.7292,0.26,1.0,54.0,50.0,0.2,100.0
traj_sweep_1000,placement,1076.77,1278.42,822.472,822.472,710.0,710.0,0.763834,0.763834,737.0,23.0,23.0,4048.0,4048.0,883.386,12.9976,781.774,101.612,12.9976,374.0,0.712297,68.0,0.0025397,2.05917e-05,0.00188833,0.00444863,2860.33,2491140000.0,2491140000.0,0.0965178,-5.74567,-0.131423,1076.77,1278.42,822.472,822.472,710.0,710.0,0.763834,0.763834,737.0,23.0,23.0,4048.0,4048.0,0.0025397,2.05917e-05,0.00188833,0.00444863,0.753921,0.747461,49.0,2491140000.0,2491140000.0,0.0965178,-5.74567,-0.131423,1076.77,1278.42,822.472,822.472,710.0,710.0,5.501,1.322,938.627,0.763834,0.763834,737.0,23.0,23.0,4048.0,4048.0,1225540.0,21.0,3.0,0.00254023,2.05917e-05,0.0019044,0.00446522,3473.1,0.75764,0.74926,49.0,2466460000.0,2466460000.0,0.0964875,-5.85826,-0.135439,76.3834,0.27,1.0,54.0,50.0,0.2,100.0
traj_sweep_1001,placement,1076.77,1278.42,823.536,823.536,711.0,711.0,0.764822,0.764822,738.0,23.0,23.0,4048.0,4048.0,884.45,13.1337,781.774,102.676,13.1337,376.0,0.718272,68.0,0.00244768,2.06349e-05,0.00181855,0.00428686,2871.06,2484540000.0,2484540000.0,0.0983615,-5.26336,-0.122489,1076.77,1278.42,823.536,823.536,711.0,711.0,0.764822,0.764822,738.0,23.0,23.0,4048.0,4048.0,0.00244768,2.06349e-05,0.00181855,0.00428686,0.789292,0.764572,49.0,2484540000.0,2484540000.0,0.0983615,-5.26336,-0.122489,1076.77,1278.42,823.536,823.536,711.0,711.0,4.9025,1.3285,944.769,0.764822,0.764822,738.0,23.0,23.0,4048.0,4048.0,1220630.0,21.0,2.0,0.0024486,2.06349e-05,0.00183445,0.00430369,3481.37,0.789965,0.764898,49.0,2442210000.0,2442210000.0,0.0988796,-5.40333,-0.129464,76.4822,0.28,1.0,54.0,50.0,0.2,100.0
traj_sweep_1002,placement,1076.77,1278.42,818.482,818.482,702.0,702.0,0.760128,0.760128,729.0,23.0,23.0,4048.0,4048.0,879.396,12.4872,781.774,97.622,12.4872,373.0,0.697093,65.0,0.00235573,2.06005e-05,0.001753,0.00412933,2890.52,2459180000.0,2459180000.0,0.10058,-4.80477,-0.116639,1076.77,1278.42,818.482,818.482,702.0,702.0,0.760128,0.760128,729.0,23.0,23.0,4048.0,4048.0,0.00235573,2.06005e-05,0.001753,0.00412933,0.765795,0.75321,49.0,2459180000.0,2459180000.0,0.10058,-4.80477,-0.116639,1076.77,1278.42,818.482,818.482,702.0,702.0,5.2705,1.2845,902.028,0.760128,0.760128,729.0,23.0,23.0,4048.0,4048.0,1161240.0,20.0,2.0,0.00235619,2.06005e-05,0.00176616,0.00414296,3471.13,0.774027,0.757192,49.0,2442440000.0,2442440000.0,0.101125,-4.90077,-0.119427,76.0128,0.29,1.0,54.0,50.0,0.2,100.0
