trajectory_id,stage,2_1_floorplan__floorplan__design__core__area,2_1_floorplan__floorplan__design__die__area,2_1_floorplan__floorplan__design__instance__area,2_1_floorplan__floorplan__design__instance__area__stdcell,2_1_floorplan__floorplan__design__instance__utilization,2_1_floorplan__floorplan__design__instance__utilization__stdcell,2_1_floorplan__floorplan__design__rows,2_1_floorplan__floorplan__design__rows:FreePDK45_38x28_10R_NP_162NW_34O,2_1_floorplan__floorplan__design__sites,2_1_floorplan__floorplan__design__sites:FreePDK45_38x28_10R_NP_162NW_34O,2_1_floorplan__floorplan__flow__warnings__count,2_1_floorplan__floorplan__flow__warnings__type_count,2_1_floorplan__floorplan__power__internal__total,2_1_floorplan__floorplan__power__leakage__total,2_1_floorplan__floorplan__power__switching__total,2_1_floorplan__floorplan__power__total,2_1_floorplan__floorplan__timing__fmax,2_1_floorplan__floorplan__timing__fmax__clock:core_clock,2_1_floorplan__floorplan__timing__hold__ws,2_1_floorplan__floorplan__timing__setup__tns,2_1_floorplan__floorplan__timing__setup__ws,param:CLK_PERIOD,param:CORE_ASPECT_RATIO,param:CORE_UTILIZATION,param:CTS_CLUSTER_SIZE,param:PLACE_DENSITY_LB_ADDON,param:TNS_END_PERCENT
traj_default,floorplan,1076.77,1278.42,698.25,698.25,0.648468,0.648468,23.0,23.0,4048.0,4048.0,3.0,3.0,0.00230584,1.77405e-05,0.00167224,0.00399583,2467270000.0,2467270000.0,0.0689655,-6.04438,-0.155306,0.25,1.0,55.0,50.0,0.2,100.0
traj_small_01,floorplan,1076.77,1278.42,698.25,698.25,0.648468,0.648468,23.0,23.0,4048.0,4048.0,3.0,3.0,0.00230584,1.77405e-05,0.00167224,0.00399583,2467270000.0,2467270000.0,0.0689655,-6.04438,-0.155306,0.25,1.0,50.0,50.0,0.15,100.0
traj_small_02,floorplan,1076.77,1278.42,698.25,698.25,0.648468,0.648468,23.0,23.0,4048.0,4048.0,3.0,3.0,0.00230584,1.77405e-05,0.00167224,0.00399583,2467270000.0,2467270000.0,0.0689655,-6.04438,-0.155306,0.25,1.0,60.0,50.0,0.25,100.0
traj_small_03,floorplan,1076.77,1278.42,692.398,692.398,0.643034,0.643034,23.0,23.0,4048.0,4048.0,3.0,3.0,0.00190326,1.74256e-05,0.00138485,0.00330554,2466920000.0,2466920000.0,0.0789655,-3.81082,-0.105363,0.3,1.0,55.0,40.0,0.2,100.0
traj_small_04,floorplan,1113.48,1279.13,679.896,679.896,0.610607,0.610607,26.0,26.0,4186.0,4186.0,3.0,3.0,0.00223306,1.69681e-05,0.00160429,0.00385432,2466760000.0,2466760000.0,0.0689655,-6.11084,-0.15539,0.25,1.2,55.0,50.0,0.2,80.0
traj_small_05,floorplan,1113.48,1279.13,679.896,679.896,0.610607,0.610607,26.0,26.0,4186.0,4186.0,3.0,3.0,0.00223306,1.69681e-05,0.00160429,0.00385432,2466760000.0,2466760000.0,0.0689655,-6.11084,-0.15539,0.25,0.9,52.0,50.0,0.2,100.0
traj_medium_01,floorplan,1076.77,1278.42,680.694,680.694,0.632164,0.632164,23.0,23.0,4048.0,4048.0,3.0,3.0,0.0016,1.69788e-05,0.00114995,0.00276693,2466760000.0,2466760000.0,0.0889655,-1.68005,-0.0553901,0.35,1.0,45.0,50.0,0.1,100.0
traj_medium_02,floorplan,1076.77,1278.42,698.25,698.25,0.648468,0.648468,23.0,23.0,4048.0,4048.0,3.0,3.0,0.00230584,1.77405e-05,0.00167224,0.00399583,2467270000.0,2467270000.0,0.0689655,-6.04438,-0.155306,0.25,1.0,65.0,80.0,0.3,100.0
traj_medium_03,floorplan,1076.77,1278.42,675.906,675.906,0.627717,0.627717,23.0,23.0,4048.0,4048.0,3.0,3.0,0.00277494,1.67869e-05,0.00198002,0.00477175,2466760000.0,2466760000.0,0.0589655,-8.55703,-0.20539,0.2,1.0,55.0,50.0,0.2,50.0
traj_medium_04,floorplan,1091.66,1282.85,698.25,698.25,0.63962,0.63962,18.0,18.0,4104.0,4104.0,3.0,3.0,0.00230584,1.77405e-05,0.00167224,0.00399583,2467270000.0,2467270000.0,0.0689655,-6.04438,-0.155306,0.25,0.6,58.0,50.0,0.2,100.0
traj_medium_05,floorplan,1091.66,1279.88,698.25,698.25,0.63962,0.63962,27.0,27.0,4104.0,4104.0,3.0,3.0,0.00230584,1.77405e-05,0.00167224,0.00399583,2467270000.0,2467270000.0,0.0689655,-6.04438,-0.155306,0.25,1.35,56.0,50.0,0.2,100.0
traj_large_01,floorplan,1076.77,1278.42,626.696,626.696,0.582016,0.582016,23.0,23.0,4048.0,4048.0,2.0,2.0,0.00114834,1.47246e-05,0.000792262,0.00195533,2439610000.0,2439610000.0,0.105824,0.0,0.0400982,0.45,1.0,40.0,50.0,0.05,100.0
traj_large_02,floorplan,1076.77,1278.42,698.25,698.25,0.648468,0.648468,23.0,23.0,4048.0,4048.0,3.0,3.0,0.00230584,1.77405e-05,0.00167224,0.00399583,2467270000.0,2467270000.0,0.0689655,-6.04438,-0.155306,0.25,1.0,72.0,120.0,0.35,100.0
traj_large_03,floorplan,1076.77,1278.42,675.906,675.906,0.627717,0.627717,23.0,23.0,4048.0,4048.0,3.0,3.0,0.00369951,1.68083e-05,0.00264,0.00635632,2466760000.0,2466760000.0,0.0489655,-10.9743,-0.25539,0.15,1.0,55.0,50.0,0.2,30.0
traj_large_04,floorplan,1064.0,1286.77,698.25,698.25,0.65625,0.65625,16.0,16.0,4000.0,4000.0,3.0,3.0,0.00230584,1.77405e-05,0.00167224,0.00399583,2467270000.0,2467270000.0,0.0689655,-6.04438,-0.155306,0.25,0.5,62.0,50.0,0.2,100.0
traj_bad_01,floorplan,1076.77,1278.42,706.762,706.762,0.656374,0.656374,23.0,23.0,4048.0,4048.0,3.0,3.0,0.0048513,1.81589e-05,0.00352022,0.00838968,2467270000.0,2467270000.0,0.0429655,-12.2888,-0.285306,0.12,1.0,85.0,50.0,0.4,100.0
traj_bad_02,floorplan,1076.77,1278.42,706.762,706.762,0.656374,0.656374,23.0,23.0,4048.0,4048.0,3.0,3.0,0.00582156,1.81589e-05,0.00422426,0.010064,2467270000.0,2467270000.0,0.0389655,-13.2696,-0.305306,0.1,1.0,90.0,200.0,0.2,100.0
traj_bad_03,floorplan,1076.77,1278.42,626.696,626.696,0.582016,0.582016,23.0,23.0,4048.0,4048.0,2.0,2.0,0.000861259,1.47246e-05,0.000594196,0.00147018,2439610000.0,2439610000.0,0.105824,0.0,0.167543,0.6,1.0,35.0,50.0,0.2,10.0
traj_bad_04,floorplan,1088.47,1286.64,706.762,706.762,0.649316,0.649316,33.0,33.0,4092.0,4092.0,3.0,3.0,0.0048513,1.81589e-05,0.00352022,0.00838968,2467270000.0,2467270000.0,0.0429655,-12.2888,-0.285306,0.12,2.0,78.0,50.0,0.2,100.0
traj_sweep_001,floorplan,1076.77,1278.42,706.762,706.762,0.656374,0.656374,23.0,23.0,4048.0,4048.0,3.0,3.0,0.0032342,1.81589e-05,0.00234681,0.00559917,2467270000.0,2467270000.0,0.0549655,-9.37905,-0.225306,0.18,1.0,42.0,50.0,0.2,100.0
traj_sweep_002,floorplan,1076.77,1278.42,706.762,706.762,0.656374,0.656374,23.0,23.0,4048.0,4048.0,3.0,3.0,0.00264616,1.81589e-05,0.00192012,0.00458444,2467270000.0,2467270000.0,0.0629655,-7.46705,-0.185306,0.22,1.0,42.0,50.0,0.2,100.0
traj_sweep_003,floorplan,1076.77,1278.42,692.93,692.93,0.643528,0.643528,23.0,23.0,4048.0,4048.0,3.0,3.0,0.00204121,1.74688e-05,0.00148423,0.00354291,2467270000.0,2467270000.0,0.0749655,-4.7057,-0.125307,0.28,1.0,42.0,50.0,0.2,100.0
traj_sweep_004,floorplan,1076.77,1278.42,687.61,687.61,0.638587,0.638587,23.0,23.0,4048.0,4048.0,3.0,3.0,0.00177095,1.72588e-05,0.00128147,0.00306968,2466860000.0,2466860000.0,0.0829655,-2.94294,-0.0853737,0.32,1.0,42.0,50.0,0.2,100.0
traj_sweep_005,floorplan,1076.77,1278.42,677.502,677.502,0.6292,0.6292,23.0,23.0,4048.0,4048.0,3.0,3.0,0.00146284,1.68603e-05,0.0010489,0.0025286,2466760000.0,2466760000.0,0.0949654,-0.540987,-0.0253901,0.38,1.0,42.0,50.0,0.2,100.0
traj_sweep_006,floorplan,1076.77,1278.42,626.696,626.696,0.582016,0.582016,23.0,23.0,4048.0,4048.0,2.0,2.0,0.00114834,1.47246e-05,0.000792262,0.00195533,2439610000.0,2439610000.0,0.105824,0.0,0.0400982,0.45,1.0,42.0,50.0,0.2,100.0
traj_sweep_007,floorplan,1076.77,1278.42,626.696,626.696,0.582016,0.582016,23.0,23.0,4048.0,4048.0,2.0,2.0,0.00099376,1.47246e-05,0.00068561,0.0016941,2439610000.0,2439610000.0,0.105824,0.0,0.103543,0.52,1.0,42.0,50.0,0.2,100.0
traj_sweep_008,floorplan,1076.77,1278.42,706.762,706.762,0.656374,0.656374,23.0,23.0,4048.0,4048.0,3.0,3.0,0.0032342,1.81589e-05,0.00234681,0.00559917,2467270000.0,2467270000.0,0.0549655,-9.37905,-0.225306,0.18,1.0,48.0,50.0,0.2,100.0
traj_sweep_009,floorplan,1076.77,1278.42,706.762,706.762,0.656374,0.656374,23.0,23.0,4048.0,4048.0,3.0,3.0,0.00264616,1.81589e-05,0.00192012,0.00458444,2467270000.0,2467270000.0,0.0629655,-7.46705,-0.185306,0.22,1.0,48.0,50.0,0.2,100.0
traj_sweep_010,floorplan,1076.77,1278.42,692.93,692.93,0.643528,0.643528,23.0,23.0,4048.0,4048.0,3.0,3.0,0.00204121,1.74688e-05,0.00148423,0.00354291,2467270000.0,2467270000.0,0.0749655,-4.7057,-0.125307,0.28,1.0,48.0,50.0,0.2,100.0
traj_sweep_011,floorplan,1076.77,1278.42,687.61,687.61,0.638587,0.638587,23.0,23.0,4048.0,4048.0,3.0,3.0,0.00177095,1.72588e-05,0.00128147,0.00306968,2466860000.0,2466860000.0,0.0829655,-2.94294,-0.0853737,0.32,1.0,48.0,50.0,0.2,100.0
traj_sweep_012,floorplan,1076.77,1278.42,677.502,677.502,0.6292,0.6292,23.0,23.0,4048.0,4048.0,3.0,3.0,0.00146284,1.68603e-05,0.0010489,0.0025286,2466760000.0,2466760000.0,0.0949654,-0.540987,-0.0253901,0.38,1.0,48.0,50.0,0.2,100.0
traj_sweep_013,floorplan,1076.77,1278.42,626.696,626.696,0.582016,0.582016,23.0,23.0,4048.0,4048.0,2.0,2.0,0.00114834,1.47246e-05,0.000792262,0.00195533,2439610000.0,2439610000.0,0.105824,0.0,0.0400982,0.45,1.0,48.0,50.0,0.2,100.0
traj_sweep_014,floorplan,1076.77,1278.42,626.696,626.696,0.582016,0.582016,23.0,23.0,4048.0,4048.0,2.0,2.0,0.00099376,1.47246e-05,0.00068561,0.0016941,2439610000.0,2439610000.0,0.105824,0.0,0.103543,0.52,1.0,48.0,50.0,0.2,100.0
traj_sweep_015,floorplan,1076.77,1278.42,706.762,706.762,0.656374,0.656374,23.0,23.0,4048.0,4048.0,3.0,3.0,0.0032342,1.81589e-05,0.00234681,0.00559917,2467270000.0,2467270000.0,0.0549655,-9.37905,-0.225306,0.18,1.0,52.0,50.0,0.2,100.0
traj_sweep_016,floorplan,1076.77,1278.42,706.762,706.762,0.656374,0.656374,23.0,23.0,4048.0,4048.0,3.0,3.0,0.00264616,1.81589e-05,0.00192012,0.00458444,2467270000.0,2467270000.0,0.0629655,-7.46705,-0.185306,0.22,1.0,52.0,50.0,0.2,100.0
traj_sweep_017,floorplan,1076.77,1278.42,692.93,692.93,0.643528,0.643528,23.0,23.0,4048.0,4048.0,3.0,3.0,0.00204121,1.74688e-05,0.00148423,0.00354291,2467270000.0,2467270000.0,0.0749655,-4.7057,-0.125307,0.28,1.0,52.0,50.0,0.2,100.0
traj_sweep_018,floorplan,1076.77,1278.42,687.61,687.61,0.638587,0.638587,23.0,23.0,4048.0,4048.0,3.0,3.0,0.00177095,1.72588e-05,0.00128147,0.00306968,2466860000.0,2466860000.0,0.0829655,-2.94294,-0.0853737,0.32,1.0,52.0,50.0,0.2,100.0
traj_sweep_019,floorplan,1076.77,1278.42,677.502,677.502,0.6292,0.6292,23.0,23.0,4048.0,4048.0,3.0,3.0,0.00146284,1.68603e-05,0.0010489,0.0025286,2466760000.0,2466760000.0,0.0949654,-0.540987,-0.0253901,0.38,1.0,52.0,50.0,0.2,100.0
traj_sweep_020,floorplan,1076.77,1278.42,626.696,626.696,0.582016,0.582016,23.0,23.0,4048.0,4048.0,2.0,2.0,0.00114834,1.47246e-05,0.000792262,0.00195533,2439610000.0,2439610000.0,0.105824,0.0,0.0400982,0.45,1.0,52.0,50.0,0.2,100.0
traj_sweep_021,floorplan,1076.77,1278.42,626.696,626.696,0.582016,0.582016,23.0,23.0,4048.0,4048.0,2.0,2.0,0.00099376,1.47246e-05,0.00068561,0.0016941,2439610000.0,2439610000.0,0.105824,0.0,0.103543,0.52,1.0,52.0,50.0,0.2,100.0
traj_sweep_022,floorplan,1076.77,1278.42,706.762,706.762,0.656374,0.656374,23.0,23.0,4048.0,4048.0,3.0,3.0,0.0032342,1.81589e-05,0.00234681,0.00559917,2467270000.0,2467270000.0,0.0549655,-9.37905,-0.225306,0.18,1.0,58.0,50.0,0.2,100.0
traj_sweep_023,floorplan,1076.77,1278.42,706.762,706.762,0.656374,0.656374,23.0,23.0,4048.0,4048.0,3.0,3.0,0.00264616,1.81589e-05,0.00192012,0.00458444,2467270000.0,2467270000.0,0.0629655,-7.46705,-0.185306,0.22,1.0,58.0,50.0,0.2,100.0
traj_sweep_024,floorplan,1076.77,1278.42,692.93,692.93,0.643528,0.643528,23.0,23.0,4048.0,4048.0,3.0,3.0,0.00204121,1.74688e-05,0.00148423,0.00354291,2467270000.0,2467270000.0,0.0749655,-4.7057,-0.125307,0.28,1.0,58.0,50.0,0.2,100.0
traj_sweep_025,floorplan,1076.77,1278.42,687.61,687.61,0.638587,0.638587,23.0,23.0,4048.0,4048.0,3.0,3.0,0.00177095,1.72588e-05,0.00128147,0.00306968,2466860000.0,2466860000.0,0.0829655,-2.94294,-0.0853737,0.32,1.0,58.0,50.0,0.2,100.0
traj_sweep_026,floorplan,1076.77,1278.42,677.502,677.502,0.6292,0.6292,23.0,23.0,4048.0,4048.0,3.0,3.0,0.00146284,1.68603e-05,0.0010489,0.0025286,2466760000.0,2466760000.0,0.0949654,-0.540987,-0.0253901,0.38,1.0,58.0,50.0,0.2,100.0
traj_sweep_027,floorplan,1076.77,1278.42,626.696,626.696,0.582016,0.582016,23.0,23.0,4048.0,4048.0,2.0,2.0,0.00114834,1.47246e-05,0.000792262,0.00195533,2439610000.0,2439610000.0,0.105824,0.0,0.0400982,0.45,1.0,58.0,50.0,0.2,100.0
traj_sweep_028,floorplan,1076.77,1278.42,626.696,626.696,0.582016,0.582016,23.0,23.0,4048.0,4048.0,2.0,2.0,0.00099376,1.47246e-05,0.00068561,0.0016941,2439610000.0,2439610000.0,0.105824,0.0,0.103543,0.52,1.0,58.0,50.0,0.2,100.0
traj_sweep_029,floorplan,1076.77,1278.42,706.762,706.762,0.656374,0.656374,23.0,23.0,4048.0,4048.0,3.0,3.0,0.0032342,1.81589e-05,0.00234681,0.00559917,2467270000.0,2467270000.0,0.0549655,-9.37905,-0.225306,0.18,1.0,64.0,50.0,0.2,100.0
traj_sweep_030,floorplan,1076.77,1278.42,706.762,706.762,0.656374,0.656374,23.0,23.0,4048.0,4048.0,3.0,3.0,0.00264616,1.81589e-05,0.00192012,0.00458444,2467270000.0,2467270000.0,0.0629655,-7.46705,-0.185306,0.22,1.0,64.0,50.0,0.2,100.0
traj_sweep_031,floorplan,1076.77,1278.42,692.93,692.93,0.643528,0.643528,23.0,23.0,4048.0,4048.0,3.0,3.0,0.00204121,1.74688e-05,0.00148423,0.00354291,2467270000.0,2467270000.0,0.0749655,-4.7057,-0.125307,0.28,1.0,64.0,50.0,0.2,100.0
traj_sweep_032,floorplan,1076.77,1278.42,687.61,687.61,0.638587,0.638587,23.0,23.0,4048.0,4048.0,3.0,3.0,0.00177095,1.72588e-05,0.00128147,0.00306968,2466860000.0,2466860000.0,0.0829655,-2.94294,-0.0853737,0.32,1.0,64.0,50.0,0.2,100.0
traj_sweep_033,floorplan,1076.77,1278.42,677.502,677.502,0.6292,0.6292,23.0,23.0,4048.0,4048.0,3.0,3.0,0.00146284,1.68603e-05,0.0010489,0.0025286,2466760000.0,2466760000.0,0.0949654,-0.540987,-0.0253901,0.38,1.0,64.0,50.0,0.2,100.0
traj_sweep_034,floorplan,1076.77,1278.42,626.696,626.696,0.582016,0.582016,23.0,23.0,4048.0,4048.0,2.0,2.0,0.00114834,1.47246e-05,0.000792262,0.00195533,2439610000.0,2439610000.0,0.105824,0.0,0.0400982,0.45,1.0,64.0,50.0,0.2,100.0
traj_sweep_035,floorplan,1076.77,1278.42,626.696,626.696,0.582016,0.582016,23.0,23.0,4048.0,4048.0,2.0,2.0,0.00099376,1.47246e-05,0.00068561,0.0016941,2439610000.0,2439610000.0,0.105824,0.0,0.103543,0.52,1.0,64.0,50.0,0.2,100.0
traj_sweep_036,floorplan,1076.77,1278.42,706.762,706.762,0.656374,0.656374,23.0,23.0,4048.0,4048.0,3.0,3.0,0.0032342,1.81589e-05,0.00234681,0.00559917,2467270000.0,2467270000.0,0.0549655,-9.37905,-0.225306,0.18,1.0,70.0,50.0,0.2,100.0
traj_sweep_037,floorplan,1076.77,1278.42,706.762,706.762,0.656374,0.656374,23.0,23.0,4048.0,4048.0,3.0,3.0,0.00264616,1.81589e-05,0.00192012,0.00458444,2467270000.0,2467270000.0,0.0629655,-7.46705,-0.185306,0.22,1.0,70.0,50.0,0.2,100.0
traj_sweep_038,floorplan,1076.77,1278.42,692.93,692.93,0.643528,0.643528,23.0,23.0,4048.0,4048.0,3.0,3.0,0.00204121,1.74688e-05,0.00148423,0.00354291,2467270000.0,2467270000.0,0.0749655,-4.7057,-0.125307,0.28,1.0,70.0,50.0,0.2,100.0
traj_sweep_039,floorplan,1076.77,1278.42,687.61,687.61,0.638587,0.638587,23.0,23.0,4048.0,4048.0,3.0,3.0,0.00177095,1.72588e-05,0.00128147,0.00306968,2466860000.0,2466860000.0,0.0829655,-2.94294,-0.0853737,0.32,1.0,70.0,50.0,0.2,100.0
traj_sweep_040,floorplan,1076.77,1278.42,677.502,677.502,0.6292,0.6292,23.0,23.0,4048.0,4048.0,3.0,3.0,0.00146284,1.68603e-05,0.0010489,0.0025286,2466760000.0,2466760000.0,0.0949654,-0.540987,-0.0253901,0.38,1.0,70.0,50.0,0.2,100.0
traj_sweep_041,floorplan,1076.77,1278.42,626.696,626.696,0.582016,0.582016,23.0,23.0,4048.0,4048.0,2.0,2.0,0.00114834,1.47246e-05,0.000792262,0.00195533,2439610000.0,2439610000.0,0.105824,0.0,0.0400982,0.45,1.0,70.0,50.0,0.2,100.0
traj_sweep_042,floorplan,1076.77,1278.42,626.696,626.696,0.582016,0.582016,23.0,23.0,4048.0,4048.0,2.0,2.0,0.00099376,1.47246e-05,0.00068561,0.0016941,2439610000.0,2439610000.0,0.105824,0.0,0.103543,0.52,1.0,70.0,50.0,0.2,100.0
traj_sweep_043,floorplan,1085.28,1280.01,698.25,698.25,0.643382,0.643382,20.0,20.0,4080.0,4080.0,3.0,3.0,0.00230584,1.77405e-05,0.00167224,0.00399583,2467270000.0,2467270000.0,0.0689655,-6.04438,-0.155306,0.25,0.75,50.0,50.0,0.2,100.0
traj_sweep_044,floorplan,1085.28,1280.01,698.25,698.25,0.643382,0.643382,20.0,20.0,4080.0,4080.0,3.0,3.0,0.00230584,1.77405e-05,0.00167224,0.00399583,2467270000.0,2467270000.0,0.0689655,-6.04438,-0.155306,0.25,0.75,60.0,50.0,0.2,100.0
traj_sweep_045,floorplan,1066.93,1278.93,698.25,698.25,0.65445,0.65445,21.0,21.0,4011.0,4011.0,3.0,3.0,0.00230584,1.77405e-05,0.00167224,0.00399583,2467270000.0,2467270000.0,0.0689655,-6.04438,-0.155306,0.25,0.85,55.0,50.0,0.2,100.0
traj_sweep_046,floorplan,1090.6,1278.74,698.25,698.25,0.640244,0.640244,25.0,25.0,4100.0,4100.0,3.0,3.0,0.00230584,1.77405e-05,0.00167224,0.00399583,2467270000.0,2467270000.0,0.0689655,-6.04438,-0.155306,0.25,1.15,50.0,50.0,0.2,100.0
traj_sweep_047,floorplan,1090.6,1278.74,698.25,698.25,0.640244,0.640244,25.0,25.0,4100.0,4100.0,3.0,3.0,0.00230584,1.77405e-05,0.00167224,0.00399583,2467270000.0,2467270000.0,0.0689655,-6.04438,-0.155306,0.25,1.15,60.0,50.0,0.2,100.0
traj_sweep_048,floorplan,1113.21,1279.53,698.25,698.25,0.62724,0.62724,27.0,27.0,4185.0,4185.0,3.0,3.0,0.00230584,1.77405e-05,0.00167224,0.00399583,2467270000.0,2467270000.0,0.0689655,-6.04438,-0.155306,0.25,1.3,55.0,50.0,0.2,100.0
traj_sweep_049,floorplan,1113.21,1279.53,698.25,698.25,0.62724,0.62724,27.0,27.0,4185.0,4185.0,3.0,3.0,0.00230584,1.77405e-05,0.00167224,0.00399583,2467270000.0,2467270000.0,0.0689655,-6.04438,-0.155306,0.25,1.3,65.0,50.0,0.2,100.0
traj_sweep_050,floorplan,1076.77,1278.42,698.25,698.25,0.648468,0.648468,23.0,23.0,4048.0,4048.0,3.0,3.0,0.00230584,1.77405e-05,0.00167224,0.00399583,2467270000.0,2467270000.0,0.0689655,-6.04438,-0.155306,0.25,1.0,55.0,30.0,0.08,100.0
traj_sweep_051,floorplan,1076.77,1278.42,698.25,698.25,0.648468,0.648468,23.0,23.0,4048.0,4048.0,3.0,3.0,0.00230584,1.77405e-05,0.00167224,0.00399583,2467270000.0,2467270000.0,0.0689655,-6.04438,-0.155306,0.25,1.0,55.0,40.0,0.12,100.0
traj_sweep_052,floorplan,1076.77,1278.42,698.25,698.25,0.648468,0.648468,23.0,23.0,4048.0,4048.0,3.0,3.0,0.00230584,1.77405e-05,0.00167224,0.00399583,2467270000.0,2467270000.0,0.0689655,-6.04438,-0.155306,0.25,1.0,55.0,50.0,0.18,100.0
traj_sweep_053,floorplan,1076.77,1278.42,698.25,698.25,0.648468,0.648468,23.0,23.0,4048.0,4048.0,3.0,3.0,0.00230584,1.77405e-05,0.00167224,0.00399583,2467270000.0,2467270000.0,0.0689655,-6.04438,-0.155306,0.25,1.0,55.0,60.0,0.24,100.0
traj_sweep_054,floorplan,1076.77,1278.42,698.25,698.25,0.648468,0.648468,23.0,23.0,4048.0,4048.0,3.0,3.0,0.00230584,1.77405e-05,0.00167224,0.00399583,2467270000.0,2467270000.0,0.0689655,-6.04438,-0.155306,0.25,1.0,55.0,80.0,0.28,100.0
traj_sweep_055,floorplan,1076.77,1278.42,698.25,698.25,0.648468,0.648468,23.0,23.0,4048.0,4048.0,3.0,3.0,0.00230584,1.77405e-05,0.00167224,0.00399583,2467270000.0,2467270000.0,0.0689655,-6.04438,-0.155306,0.25,1.0,55.0,100.0,0.32,100.0
traj_sweep_056,floorplan,1076.77,1278.42,706.762,706.762,0.656374,0.656374,23.0,23.0,4048.0,4048.0,3.0,3.0,0.00363847,1.81589e-05,0.00264017,0.0062968,2467270000.0,2467270000.0,0.0509655,-10.3448,-0.245306,0.14,1.0,35.0,50.0,0.2,100.0
traj_sweep_057,floorplan,1076.77,1278.42,706.762,706.762,0.656374,0.656374,23.0,23.0,4048.0,4048.0,3.0,3.0,0.00306398,1.81589e-05,0.0022233,0.00530543,2467270000.0,2467270000.0,0.0569655,-8.90105,-0.215306,0.15,1.0,35.0,50.0,0.2,100.0
traj_sweep_058,floorplan,1076.77,1278.42,706.762,706.762,0.656374,0.656374,23.0,23.0,4048.0,4048.0,3.0,3.0,0.00277217,1.81589e-05,0.00201156,0.00480189,2467270000.0,2467270000.0,0.0609654,-7.94505,-0.195306,0.16,1.0,35.0,50.0,0.2,100.0
traj_sweep_059,floorplan,1076.77,1278.42,706.762,706.762,0.656374,0.656374,23.0,23.0,4048.0,4048.0,3.0,3.0,0.00253111,1.81589e-05,0.00183664,0.00438591,2467270000.0,2467270000.0,0.0649655,-6.98905,-0.175306,0.17,1.0,35.0,50.0,0.2,100.0
traj_sweep_060,floorplan,1076.77,1278.42,696.92,696.92,0.647233,0.647233,23.0,23.0,4048.0,4048.0,3.0,3.0,0.00221331,1.76365e-05,0.00160566,0.00383661,2467270000.0,2467270000.0,0.0709655,-5.59937,-0.145306,0.18,1.0,35.0,50.0,0.2,100.0
traj_sweep_061,floorplan,1076.77,1278.42,692.664,692.664,0.643281,0.643281,23.0,23.0,4048.0,4048.0,3.0,3.0,0.00196984,1.74465e-05,0.00143283,0.00342012,2466920000.0,2466920000.0,0.0769655,-4.25482,-0.115363,0.19,1.0,35.0,50.0,0.2,100.0
traj_sweep_062,floorplan,1076.77,1278.42,687.61,687.61,0.638587,0.638587,23.0,23.0,4048.0,4048.0,3.0,3.0,0.00182808,1.72588e-05,0.0013228,0.00316814,2466860000.0,2466860000.0,0.0809655,-3.37094,-0.0953737,0.2,1.0,35.0,50.0,0.2,100.0
traj_sweep_063,floorplan,1076.77,1278.42,680.694,680.694,0.632164,0.632164,23.0,23.0,4048.0,4048.0,3.0,3.0,0.00164705,1.69788e-05,0.00118377,0.00284781,2466760000.0,2466760000.0,0.0869655,-2.10805,-0.0653901,0.21,1.0,35.0,50.0,0.2,100.0
traj_sweep_064,floorplan,1076.77,1278.42,706.762,706.762,0.656374,0.656374,23.0,23.0,4048.0,4048.0,3.0,3.0,0.00264616,1.81589e-05,0.00192012,0.00458444,2467270000.0,2467270000.0,0.0629655,-7.46705,-0.185306,0.22,1.0,35.0,50.0,0.2,100.0
traj_sweep_065,floorplan,1076.77,1278.42,706.762,706.762,0.656374,0.656374,23.0,23.0,4048.0,4048.0,3.0,3.0,0.00253111,1.81589e-05,0.00183664,0.00438591,2467270000.0,2467270000.0,0.0649655,-6.98905,-0.175306,0.23,1.0,35.0,50.0,0.2,100.0
traj_sweep_066,floorplan,1076.77,1278.42,705.698,705.698,0.655385,0.655385,23.0,23.0,4048.0,4048.0,3.0,3.0,0.00241814,1.8122e-05,0.0017569,0.00419316,2467270000.0,2467270000.0,0.0669655,-6.51841,-0.165306,0.24,1.0,35.0,50.0,0.2,100.0
traj_sweep_067,floorplan,1076.77,1278.42,698.25,698.25,0.648468,0.648468,23.0,23.0,4048.0,4048.0,3.0,3.0,0.00230584,1.77405e-05,0.00167224,0.00399583,2467270000.0,2467270000.0,0.0689655,-6.04438,-0.155306,0.25,1.0,35.0,50.0,0.2,100.0
traj_sweep_068,floorplan,1076.77,1278.42,696.92,696.92,0.647233,0.647233,23.0,23.0,4048.0,4048.0,3.0,3.0,0.00221331,1.76365e-05,0.00160566,0.00383661,2467270000.0,2467270000.0,0.0709655,-5.59937,-0.145306,0.26,1.0,35.0,50.0,0.2,100.0
traj_sweep_069,floorplan,1076.77,1278.42,692.93,692.93,0.643528,0.643528,23.0,23.0,4048.0,4048.0,3.0,3.0,0.00211681,1.74688e-05,0.0015392,0.00367348,2467270000.0,2467270000.0,0.0729655,-5.16754,-0.135307,0.27,1.0,35.0,50.0,0.2,100.0
traj_sweep_070,floorplan,1076.77,1278.42,692.93,692.93,0.643528,0.643528,23.0,23.0,4048.0,4048.0,3.0,3.0,0.00204121,1.74688e-05,0.00148423,0.00354291,2467270000.0,2467270000.0,0.0749655,-4.7057,-0.125307,0.28,1.0,35.0,50.0,0.2,100.0
traj_sweep_071,floorplan,1076.77,1278.42,692.664,692.664,0.643281,0.643281,23.0,23.0,4048.0,4048.0,3.0,3.0,0.00196984,1.74465e-05,0.00143283,0.00342012,2466920000.0,2466920000.0,0.0769655,-4.25482,-0.115363,0.29,1.0,35.0,50.0,0.2,100.0
traj_sweep_072,floorplan,1076.77,1278.42,692.398,692.398,0.643034,0.643034,23.0,23.0,4048.0,4048.0,3.0,3.0,0.00190326,1.74256e-05,0.00138485,0.00330554,2466920000.0,2466920000.0,0.0789655,-3.81082,-0.105363,0.3,1.0,35.0,50.0,0.2,100.0
traj_sweep_073,floorplan,1076.77,1278.42,687.61,687.61,0.638587,0.638587,23.0,23.0,4048.0,4048.0,3.0,3.0,0.00182808,1.72588e-05,0.0013228,0.00316814,2466860000.0,2466860000.0,0.0809655,-3.37094,-0.0953737,0.31,1.0,35.0,50.0,0.2,100.0
traj_sweep_074,floorplan,1076.77,1278.42,687.61,687.61,0.638587,0.638587,23.0,23.0,4048.0,4048.0,3.0,3.0,0.00177095,1.72588e-05,0.00128147,0.00306968,2466860000.0,2466860000.0,0.0829655,-2.94294,-0.0853737,0.32,1.0,35.0,50.0,0.2,100.0
traj_sweep_075,floorplan,1076.77,1278.42,687.61,687.61,0.638587,0.638587,23.0,23.0,4048.0,4048.0,3.0,3.0,0.00171729,1.72588e-05,0.00124263,0.00297718,2466860000.0,2466860000.0,0.0849654,-2.51494,-0.0753737,0.33,1.0,35.0,50.0,0.2,100.0
traj_sweep_076,floorplan,1076.77,1278.42,680.694,680.694,0.632164,0.632164,23.0,23.0,4048.0,4048.0,3.0,3.0,0.00164705,1.69788e-05,0.00118377,0.00284781,2466760000.0,2466760000.0,0.0869655,-2.10805,-0.0653901,0.34,1.0,35.0,50.0,0.2,100.0
traj_sweep_077,floorplan,1076.77,1278.42,680.694,680.694,0.632164,0.632164,23.0,23.0,4048.0,4048.0,3.0,3.0,0.0016,1.69788e-05,0.00114995,0.00276693,2466760000.0,2466760000.0,0.0889655,-1.68005,-0.0553901,0.35,1.0,35.0,50.0,0.2,100.0
traj_sweep_078,floorplan,1076.77,1278.42,680.694,680.694,0.632164,0.632164,23.0,23.0,4048.0,4048.0,3.0,3.0,0.00155555,1.69788e-05,0.00111801,0.00269054,2466760000.0,2466760000.0,0.0909655,-1.28025,-0.0453901,0.36,1.0,35.0,50.0,0.2,100.0
traj_sweep_079,floorplan,1076.77,1278.42,679.896,679.896,0.631423,0.631423,23.0,23.0,4048.0,4048.0,3.0,3.0,0.00150882,1.69681e-05,0.00108398,0.00260977,2466760000.0,2466760000.0,0.0929655,-0.893358,-0.0353901,0.37,1.0,35.0,50.0,0.2,100.0
traj_sweep_080,floorplan,1076.77,1278.42,677.502,677.502,0.6292,0.6292,23.0,23.0,4048.0,4048.0,3.0,3.0,0.00146284,1.68603e-05,0.0010489,0.0025286,2466760000.0,2466760000.0,0.0949654,-0.540987,-0.0253901,0.38,1.0,35.0,50.0,0.2,100.0
traj_sweep_081,floorplan,1076.77,1278.42,676.438,676.438,0.628211,0.628211,23.0,23.0,4048.0,4048.0,3.0,3.0,0.00142367,1.68119e-05,0.00101747,0.00245796,2466760000.0,2466760000.0,0.0969655,-0.256458,-0.0153901,0.39,1.0,35.0,50.0,0.2,100.0
traj_sweep_082,floorplan,1076.77,1278.42,638.666,638.666,0.593132,0.593132,23.0,23.0,4048.0,4048.0,3.0,3.0,0.00131998,1.52355e-05,0.00092424,0.00225946,2469040000.0,2469040000.0,0.100056,-0.0341863,-0.00501507,0.4,1.0,35.0,50.0,0.2,100.0
traj_sweep_083,floorplan,1076.77,1278.42,626.696,626.696,0.582016,0.582016,23.0,23.0,4048.0,4048.0,2.0,2.0,0.00126038,1.47246e-05,0.000869555,0.00214466,2439610000.0,2439610000.0,0.102056,0.0,9.8227e-05,0.41,1.0,35.0,50.0,0.2,100.0
traj_sweep_084,floorplan,1076.77,1278.42,626.696,626.696,0.582016,0.582016,23.0,23.0,4048.0,4048.0,2.0,2.0,0.00123037,1.47246e-05,0.000848852,0.00209395,2439610000.0,2439610000.0,0.104056,0.0,0.0100982,0.42,1.0,35.0,50.0,0.2,100.0
traj_sweep_085,floorplan,1076.77,1278.42,626.696,626.696,0.582016,0.582016,23.0,23.0,4048.0,4048.0,2.0,2.0,0.00120176,1.47246e-05,0.000829111,0.00204559,2439610000.0,2439610000.0,0.105824,0.0,0.0200982,0.43,1.0,35.0,50.0,0.2,100.0
traj_sweep_086,floorplan,1076.77,1278.42,626.696,626.696,0.582016,0.582016,23.0,23.0,4048.0,4048.0,2.0,2.0,0.00117444,1.47246e-05,0.000810267,0.00199944,2439610000.0,2439610000.0,0.105824,0.0,0.0300982,0.44,1.0,35.0,50.0,0.2,100.0
traj_sweep_087,floorplan,1076.77,1278.42,626.696,626.696,0.582016,0.582016,23.0,23.0,4048.0,4048.0,2.0,2.0,0.00114834,1.47246e-05,0.000792262,0.00195533,2439610000.0,2439610000.0,0.105824,0.0,0.0400982,0.45,1.0,35.0,50.0,0.2,100.0
traj_sweep_088,floorplan,1076.77,1278.42,626.696,626.696,0.582016,0.582016,23.0,23.0,4048.0,4048.0,2.0,2.0,0.00112338,1.47246e-05,0.000775038,0.00191314,2439610000.0,2439610000.0,0.105824,0.0,0.0500982,0.46,1.0,35.0,50.0,0.2,100.0
traj_sweep_089,floorplan,1076.77,1278.42,626.696,626.696,0.582016,0.582016,23.0,23.0,4048.0,4048.0,2.0,2.0,0.00109948,1.47246e-05,0.000758548,0.00187275,2439610000.0,2439610000.0,0.105824,0.0,0.0600982,0.47,1.0,35.0,50.0,0.2,100.0
traj_sweep_090,floorplan,1076.77,1278.42,626.696,626.696,0.582016,0.582016,23.0,23.0,4048.0,4048.0,2.0,2.0,0.00107657,1.47246e-05,0.000742745,0.00183404,2439610000.0,2439610000.0,0.105824,0.0,0.0700982,0.48,1.0,35.0,50.0,0.2,100.0
traj_sweep_091,floorplan,1076.77,1278.42,626.696,626.696,0.582016,0.582016,23.0,23.0,4048.0,4048.0,2.0,2.0,0.0010546,1.47246e-05,0.000727587,0.00179691,2439610000.0,2439610000.0,0.105824,0.0,0.0795431,0.49,1.0,35.0,50.0,0.2,100.0
traj_sweep_092,floorplan,1076.77,1278.42,626.696,626.696,0.582016,0.582016,23.0,23.0,4048.0,4048.0,2.0,2.0,0.00103351,1.47246e-05,0.000713035,0.00176127,2439610000.0,2439610000.0,0.105824,0.0,0.0875431,0.5,1.0,35.0,50.0,0.2,100.0
traj_sweep_093,floorplan,1076.77,1278.42,626.696,626.696,0.582016,0.582016,23.0,23.0,4048.0,4048.0,2.0,2.0,0.00101325,1.47246e-05,0.000699054,0.00172702,2439610000.0,2439610000.0,0.105824,0.0,0.095543,0.51,1.0,35.0,50.0,0.2,100.0
traj_sweep_094,floorplan,1076.77,1278.42,626.696,626.696,0.582016,0.582016,23.0,23.0,4048.0,4048.0,2.0,2.0,0.00099376,1.47246e-05,0.00068561,0.0016941,2439610000.0,2439610000.0,0.105824,0.0,0.103543,0.52,1.0,35.0,50.0,0.2,100.0
traj_sweep_095,floorplan,1076.77,1278.42,626.696,626.696,0.582016,0.582016,23.0,23.0,4048.0,4048.0,2.0,2.0,0.00097501,1.47246e-05,0.000672674,0.00166241,2439610000.0,2439610000.0,0.105824,0.0,0.111543,0.53,1.0,35.0,50.0,0.2,100.0
traj_sweep_096,floorplan,1076.77,1278.42,626.696,626.696,0.582016,0.582016,23.0,23.0,4048.0,4048.0,2.0,2.0,0.000956954,1.47246e-05,0.000660217,0.0016319,2439610000.0,2439610000.0,0.105824,0.0,0.119543,0.54,1.0,35.0,50.0,0.2,100.0
traj_sweep_097,floorplan,1076.77,1278.42,626.696,626.696,0.582016,0.582016,23.0,23.0,4048.0,4048.0,2.0,2.0,0.000939555,1.47246e-05,0.000648213,0.00160249,2439610000.0,2439610000.0,0.105824,0.0,0.127543,0.55,1.0,35.0,50.0,0.2,100.0
traj_sweep_098,floorplan,1076.77,1278.42,626.696,626.696,0.582016,0.582016,23.0,23.0,4048.0,4048.0,2.0,2.0,0.000922778,1.47246e-05,0.000636639,0.00157414,2439610000.0,2439610000.0,0.105824,0.0,0.135543,0.56,1.0,35.0,50.0,0.2,100.0
traj_sweep_099,floorplan,1076.77,1278.42,626.696,626.696,0.582016,0.582016,23.0,23.0,4048.0,4048.0,2.0,2.0,0.000906589,1.47246e-05,0.000625469,0.00154678,2439610000.0,2439610000.0,0.105824,0.0,0.143543,0.57,1.0,35.0,50.0,0.2,100.0
traj_sweep_100,floorplan,1076.77,1278.42,626.696,626.696,0.582016,0.582016,23.0,23.0,4048.0,4048.0,2.0,2.0,0.000890958,1.47246e-05,0.000614685,0.00152037,2439610000.0,2439610000.0,0.105824,0.0,0.151543,0.58,1.0,35.0,50.0,0.2,100.0
traj_sweep_101,floorplan,1076.77,1278.42,626.696,626.696,0.582016,0.582016,23.0,23.0,4048.0,4048.0,2.0,2.0,0.000875857,1.47246e-05,0.000604267,0.00149485,2439610000.0,2439610000.0,0.105824,0.0,0.159543,0.59,1.0,35.0,50.0,0.2,100.0
traj_sweep_102,floorplan,1076.77,1278.42,626.696,626.696,0.582016,0.582016,23.0,23.0,4048.0,4048.0,2.0,2.0,0.000861259,1.47246e-05,0.000594196,0.00147018,2439610000.0,2439610000.0,0.105824,0.0,0.167543,0.6,1.0,35.0,50.0,0.2,100.0
traj_sweep_103,floorplan,1076.77,1278.42,626.696,626.696,0.582016,0.582016,23.0,23.0,4048.0,4048.0,2.0,2.0,0.00084714,1.47246e-05,0.000584455,0.00144632,2439610000.0,2439610000.0,0.105824,0.0,0.175543,0.61,1.0,35.0,50.0,0.2,100.0
traj_sweep_104,floorplan,1076.77,1278.42,626.696,626.696,0.582016,0.582016,23.0,23.0,4048.0,4048.0,2.0,2.0,0.000833476,1.47246e-05,0.000575028,0.00142323,2439610000.0,2439610000.0,0.105824,0.0,0.183543,0.62,1.0,35.0,50.0,0.2,100.0
traj_sweep_105,floorplan,1076.77,1278.42,706.762,706.762,0.656374,0.656374,23.0,23.0,4048.0,4048.0,3.0,3.0,0.00415826,1.81589e-05,0.00301734,0.00719375,2467270000.0,2467270000.0,0.0469655,-11.3168,-0.265306,0.14,1.0,36.0,50.0,0.2,100.0
traj_sweep_106,floorplan,1076.77,1278.42,706.762,706.762,0.656374,0.656374,23.0,23.0,4048.0,4048.0,3.0,3.0,0.00388104,1.81589e-05,0.00281618,0.00671538,2467270000.0,2467270000.0,0.0489655,-10.8308,-0.255306,0.15,1.0,36.0,50.0,0.2,100.0
traj_sweep_107,floorplan,1076.77,1278.42,706.762,706.762,0.656374,0.656374,23.0,23.0,4048.0,4048.0,3.0,3.0,0.00363847,1.81589e-05,0.00264017,0.0062968,2467270000.0,2467270000.0,0.0509655,-10.3448,-0.245306,0.16,1.0,36.0,50.0,0.2,100.0
traj_sweep_108,floorplan,1076.77,1278.42,706.762,706.762,0.656374,0.656374,23.0,23.0,4048.0,4048.0,3.0,3.0,0.00342445,1.81589e-05,0.00248486,0.00592747,2467270000.0,2467270000.0,0.0529655,-9.85877,-0.235306,0.17,1.0,36.0,50.0,0.2,100.0
traj_sweep_109,floorplan,1076.77,1278.42,706.762,706.762,0.656374,0.656374,23.0,23.0,4048.0,4048.0,3.0,3.0,0.0032342,1.81589e-05,0.00234681,0.00559917,2467270000.0,2467270000.0,0.0549655,-9.37905,-0.225306,0.18,1.0,36.0,50.0,0.2,100.0
traj_sweep_110,floorplan,1076.77,1278.42,706.762,706.762,0.656374,0.656374,23.0,23.0,4048.0,4048.0,3.0,3.0,0.00306398,1.81589e-05,0.0022233,0.00530543,2467270000.0,2467270000.0,0.0569655,-8.90105,-0.215306,0.19,1.0,36.0,50.0,0.2,100.0
traj_sweep_111,floorplan,1076.77,1278.42,706.762,706.762,0.656374,0.656374,23.0,23.0,4048.0,4048.0,3.0,3.0,0.00291078,1.81589e-05,0.00211213,0.00504107,2467270000.0,2467270000.0,0.0589655,-8.42305,-0.205306,0.2,1.0,36.0,50.0,0.2,100.0
traj_sweep_112,floorplan,1076.77,1278.42,706.762,706.762,0.656374,0.656374,23.0,23.0,4048.0,4048.0,3.0,3.0,0.00277217,1.81589e-05,0.00201156,0.00480189,2467270000.0,2467270000.0,0.0609654,-7.94505,-0.195306,0.21,1.0,36.0,50.0,0.2,100.0
traj_sweep_113,floorplan,1076.77,1278.42,706.762,706.762,0.656374,0.656374,23.0,23.0,4048.0,4048.0,3.0,3.0,0.00264616,1.81589e-05,0.00192012,0.00458444,2467270000.0,2467270000.0,0.0629655,-7.46705,-0.185306,0.22,1.0,36.0,50.0,0.2,100.0
traj_sweep_114,floorplan,1076.77,1278.42,706.762,706.762,0.656374,0.656374,23.0,23.0,4048.0,4048.0,3.0,3.0,0.00253111,1.81589e-05,0.00183664,0.00438591,2467270000.0,2467270000.0,0.0649655,-6.98905,-0.175306,0.23,1.0,36.0,50.0,0.2,100.0
traj_sweep_115,floorplan,1076.77,1278.42,705.698,705.698,0.655385,0.655385,23.0,23.0,4048.0,4048.0,3.0,3.0,0.00241814,1.8122e-05,0.0017569,0.00419316,2467270000.0,2467270000.0,0.0669655,-6.51841,-0.165306,0.24,1.0,36.0,50.0,0.2,100.0
traj_sweep_116,floorplan,1076.77,1278.42,698.25,698.25,0.648468,0.648468,23.0,23.0,4048.0,4048.0,3.0,3.0,0.00230584,1.77405e-05,0.00167224,0.00399583,2467270000.0,2467270000.0,0.0689655,-6.04438,-0.155306,0.25,1.0,36.0,50.0,0.2,100.0
traj_sweep_117,floorplan,1076.77,1278.42,696.92,696.92,0.647233,0.647233,23.0,23.0,4048.0,4048.0,3.0,3.0,0.00221331,1.76365e-05,0.00160566,0.00383661,2467270000.0,2467270000.0,0.0709655,-5.59937,-0.145306,0.26,1.0,36.0,50.0,0.2,100.0
traj_sweep_118,floorplan,1076.77,1278.42,692.93,692.93,0.643528,0.643528,23.0,23.0,4048.0,4048.0,3.0,3.0,0.00211681,1.74688e-05,0.0015392,0.00367348,2467270000.0,2467270000.0,0.0729655,-5.16754,-0.135307,0.27,1.0,36.0,50.0,0.2,100.0
traj_sweep_119,floorplan,1076.77,1278.42,692.93,692.93,0.643528,0.643528,23.0,23.0,4048.0,4048.0,3.0,3.0,0.00204121,1.74688e-05,0.00148423,0.00354291,2467270000.0,2467270000.0,0.0749655,-4.7057,-0.125307,0.28,1.0,36.0,50.0,0.2,100.0
traj_sweep_120,floorplan,1076.77,1278.42,692.664,692.664,0.643281,0.643281,23.0,23.0,4048.0,4048.0,3.0,3.0,0.00196984,1.74465e-05,0.00143283,0.00342012,2466920000.0,2466920000.0,0.0769655,-4.25482,-0.115363,0.29,1.0,36.0,50.0,0.2,100.0
traj_sweep_121,floorplan,1076.77,1278.42,692.398,692.398,0.643034,0.643034,23.0,23.0,4048.0,4048.0,3.0,3.0,0.00190326,1.74256e-05,0.00138485,0.00330554,2466920000.0,2466920000.0,0.0789655,-3.81082,-0.105363,0.3,1.0,36.0,50.0,0.2,100.0
traj_sweep_122,floorplan,1076.77,1278.42,687.61,687.61,0.638587,0.638587,23.0,23.0,4048.0,4048.0,3.0,3.0,0.00182808,1.72588e-05,0.0013228,0.00316814,2466860000.0,2466860000.0,0.0809655,-3.37094,-0.0953737,0.31,1.0,36.0,50.0,0.2,100.0
traj_sweep_123,floorplan,1076.77,1278.42,687.61,687.61,0.638587,0.638587,23.0,23.0,4048.0,4048.0,3.0,3.0,0.00177095,1.72588e-05,0.00128147,0.00306968,2466860000.0,2466860000.0,0.0829655,-2.94294,-0.0853737,0.32,1.0,36.0,50.0,0.2,100.0
traj_sweep_124,floorplan,1076.77,1278.42,687.61,687.61,0.638587,0.638587,23.0,23.0,4048.0,4048.0,3.0,3.0,0.00171729,1.72588e-05,0.00124263,0.00297718,2466860000.0,2466860000.0,0.0849654,-2.51494,-0.0753737,0.33,1.0,36.0,50.0,0.2,100.0
traj_sweep_125,floorplan,1076.77,1278.42,680.694,680.694,0.632164,0.632164,23.0,23.0,4048.0,4048.0,3.0,3.0,0.00164705,1.69788e-05,0.00118377,0.00284781,2466760000.0,2466760000.0,0.0869655,-2.10805,-0.0653901,0.34,1.0,36.0,50.0,0.2,100.0
traj_sweep_126,floorplan,1076.77,1278.42,680.694,680.694,0.632164,0.632164,23.0,23.0,4048.0,4048.0,3.0,3.0,0.0016,1.69788e-05,0.00114995,0.00276693,2466760000.0,2466760000.0,0.0889655,-1.68005,-0.0553901,0.35,1.0,36.0,50.0,0.2,100.0
traj_sweep_127,floorplan,1076.77,1278.42,680.694,680.694,0.632164,0.632164,23.0,23.0,4048.0,4048.0,3.0,3.0,0.00155555,1.69788e-05,0.00111801,0.00269054,2466760000.0,2466760000.0,0.0909655,-1.28025,-0.0453901,0.36,1.0,36.0,50.0,0.2,100.0
traj_sweep_128,floorplan,1076.77,1278.42,679.896,679.896,0.631423,0.631423,23.0,23.0,4048.0,4048.0,3.0,3.0,0.00150882,1.69681e-05,0.00108398,0.00260977,2466760000.0,2466760000.0,0.0929655,-0.893358,-0.0353901,0.37,1.0,36.0,50.0,0.2,100.0
traj_sweep_129,floorplan,1076.77,1278.42,677.502,677.502,0.6292,0.6292,23.0,23.0,4048.0,4048.0,3.0,3.0,0.00146284,1.68603e-05,0.0010489,0.0025286,2466760000.0,2466760000.0,0.0949654,-0.540987,-0.0253901,0.38,1.0,36.0,50.0,0.2,100.0
traj_sweep_130,floorplan,1076.77,1278.42,676.438,676.438,0.628211,0.628211,23.0,23.0,4048.0,4048.0,3.0,3.0,0.00142367,1.68119e-05,0.00101747,0.00245796,2466760000.0,2466760000.0,0.0969655,-0.256458,-0.0153901,0.39,1.0,36.0,50.0,0.2,100.0
traj_sweep_131,floorplan,1076.77,1278.42,638.666,638.666,0.593132,0.593132,23.0,23.0,4048.0,4048.0,3.0,3.0,0.00131998,1.52355e-05,0.00092424,0.00225946,2469040000.0,2469040000.0,0.100056,-0.0341863,-0.00501507,0.4,1.0,36.0,50.0,0.2,100.0
traj_sweep_132,floorplan,1076.77,1278.42,626.696,626.696,0.582016,0.582016,23.0,23.0,4048.0,4048.0,2.0,2.0,0.00126038,1.47246e-05,0.000869555,0.00214466,2439610000.0,2439610000.0,0.102056,0.0,9.8227e-05,0.41,1.0,36.0,50.0,0.2,100.0
traj_sweep_133,floorplan,1076.77,1278.42,626.696,626.696,0.582016,0.582016,23.0,23.0,4048.0,4048.0,2.0,2.0,0.00123037,1.47246e-05,0.000848852,0.00209395,2439610000.0,2439610000.0,0.104056,0.0,0.0100982,0.42,1.0,36.0,50.0,0.2,100.0
traj_sweep_134,floorplan,1076.77,1278.42,626.696,626.696,0.582016,0.582016,23.0,23.0,4048.0,4048.0,2.0,2.0,0.00120176,1.47246e-05,0.000829111,0.00204559,2439610000.0,2439610000.0,0.105824,0.0,0.0200982,0.43,1.0,36.0,50.0,0.2,100.0
traj_sweep_135,floorplan,1076.77,1278.42,626.696,626.696,0.582016,0.582016,23.0,23.0,4048.0,4048.0,2.0,2.0,0.00117444,1.47246e-05,0.000810267,0.00199944,2439610000.0,2439610000.0,0.105824,0.0,0.0300982,0.44,1.0,36.0,50.0,0.2,100.0
traj_sweep_136,floorplan,1076.77,1278.42,626.696,626.696,0.582016,0.582016,23.0,23.0,4048.0,4048.0,2.0,2.0,0.00114834,1.47246e-05,0.000792262,0.00195533,2439610000.0,2439610000.0,0.105824,0.0,0.0400982,0.45,1.0,36.0,50.0,0.2,100.0
traj_sweep_137,floorplan,1076.77,1278.42,626.696,626.696,0.582016,0.582016,23.0,23.0,4048.0,4048.0,2.0,2.0,0.00112338,1.47246e-05,0.000775038,0.00191314,2439610000.0,2439610000.0,0.105824,0.0,0.0500982,0.46,1.0,36.0,50.0,0.2,100.0
traj_sweep_138,floorplan,1076.77,1278.42,626.696,626.696,0.582016,0.582016,23.0,23.0,4048.0,4048.0,2.0,2.0,0.00109948,1.47246e-05,0.000758548,0.00187275,2439610000.0,2439610000.0,0.105824,0.0,0.0600982,0.47,1.0,36.0,50.0,0.2,100.0
traj_sweep_139,floorplan,1076.77,1278.42,626.696,626.696,0.582016,0.582016,23.0,23.0,4048.0,4048.0,2.0,2.0,0.00107657,1.47246e-05,0.000742745,0.00183404,2439610000.0,2439610000.0,0.105824,0.0,0.0700982,0.48,1.0,36.0,50.0,0.2,100.0
traj_sweep_140,floorplan,1076.77,1278.42,626.696,626.696,0.582016,0.582016,23.0,23.0,4048.0,4048.0,2.0,2.0,0.0010546,1.47246e-05,0.000727587,0.00179691,2439610000.0,2439610000.0,0.105824,0.0,0.0795431,0.49,1.0,36.0,50.0,0.2,100.0
traj_sweep_141,floorplan,1076.77,1278.42,626.696,626.696,0.582016,0.582016,23.0,23.0,4048.0,4048.0,2.0,2.0,0.00103351,1.47246e-05,0.000713035,0.00176127,2439610000.0,2439610000.0,0.105824,0.0,0.0875431,0.5,1.0,36.0,50.0,0.2,100.0
traj_sweep_142,floorplan,1076.77,1278.42,626.696,626.696,0.582016,0.582016,23.0,23.0,4048.0,4048.0,2.0,2.0,0.00101325,1.47246e-05,0.000699054,0.00172702,2439610000.0,2439610000.0,0.105824,0.0,0.095543,0.51,1.0,36.0,50.0,0.2,100.0
traj_sweep_143,floorplan,1076.77,1278.42,626.696,626.696,0.582016,0.582016,23.0,23.0,4048.0,4048.0,2.0,2.0,0.00099376,1.47246e-05,0.00068561,0.0016941,2439610000.0,2439610000.0,0.105824,0.0,0.103543,0.52,1.0,36.0,50.0,0.2,100.0
traj_sweep_144,floorplan,1076.77,1278.42,626.696,626.696,0.582016,0.582016,23.0,23.0,4048.0,4048.0,2.0,2.0,0.00097501,1.47246e-05,0.000672674,0.00166241,2439610000.0,2439610000.0,0.105824,0.0,0.111543,0.53,1.0,36.0,50.0,0.2,100.0
traj_sweep_145,floorplan,1076.77,1278.42,626.696,626.696,0.582016,0.582016,23.0,23.0,4048.0,4048.0,2.0,2.0,0.000956954,1.47246e-05,0.000660217,0.0016319,2439610000.0,2439610000.0,0.105824,0.0,0.119543,0.54,1.0,36.0,50.0,0.2,100.0
traj_sweep_146,floorplan,1076.77,1278.42,626.696,626.696,0.582016,0.582016,23.0,23.0,4048.0,4048.0,2.0,2.0,0.000939555,1.47246e-05,0.000648213,0.00160249,2439610000.0,2439610000.0,0.105824,0.0,0.127543,0.55,1.0,36.0,50.0,0.2,100.0
traj_sweep_147,floorplan,1076.77,1278.42,626.696,626.696,0.582016,0.582016,23.0,23.0,4048.0,4048.0,2.0,2.0,0.000922778,1.47246e-05,0.000636639,0.00157414,2439610000.0,2439610000.0,0.105824,0.0,0.135543,0.56,1.0,36.0,50.0,0.2,100.0
traj_sweep_148,floorplan,1076.77,1278.42,626.696,626.696,0.582016,0.582016,23.0,23.0,4048.0,4048.0,2.0,2.0,0.000906589,1.47246e-05,0.000625469,0.00154678,2439610000.0,2439610000.0,0.105824,0.0,0.143543,0.57,1.0,36.0,50.0,0.2,100.0
traj_sweep_149,floorplan,1076.77,1278.42,626.696,626.696,0.582016,0.582016,23.0,23.0,4048.0,4048.0,2.0,2.0,0.000890958,1.47246e-05,0.000614685,0.00152037,2439610000.0,2439610000.0,0.105824,0.0,0.151543,0.58,1.0,36.0,50.0,0.2,100.0
traj_sweep_150,floorplan,1076.77,1278.42,626.696,626.696,0.582016,0.582016,23.0,23.0,4048.0,4048.0,2.0,2.0,0.000875857,1.47246e-05,0.000604267,0.00149485,2439610000.0,2439610000.0,0.105824,0.0,0.159543,0.59,1.0,36.0,50.0,0.2,100.0
traj_sweep_151,floorplan,1076.77,1278.42,626.696,626.696,0.582016,0.582016,23.0,23.0,4048.0,4048.0,2.0,2.0,0.000861259,1.47246e-05,0.000594196,0.00147018,2439610000.0,2439610000.0,0.105824,0.0,0.167543,0.6,1.0,36.0,50.0,0.2,100.0
traj_sweep_152,floorplan,1076.77,1278.42,626.696,626.696,0.582016,0.582016,23.0,23.0,4048.0,4048.0,2.0,2.0,0.00084714,1.47246e-05,0.000584455,0.00144632,2439610000.0,2439610000.0,0.105824,0.0,0.175543,0.61,1.0,36.0,50.0,0.2,100.0
traj_sweep_153,floorplan,1076.77,1278.42,626.696,626.696,0.582016,0.582016,23.0,23.0,4048.0,4048.0,2.0,2.0,0.000833476,1.47246e-05,0.000575028,0.00142323,2439610000.0,2439610000.0,0.105824,0.0,0.183543,0.62,1.0,36.0,50.0,0.2,100.0
traj_sweep_154,floorplan,1076.77,1278.42,706.762,706.762,0.656374,0.656374,23.0,23.0,4048.0,4048.0,3.0,3.0,0.00415826,1.81589e-05,0.00301734,0.00719375,2467270000.0,2467270000.0,0.0469655,-11.3168,-0.265306,0.14,1.0,37.0,50.0,0.2,100.0
traj_sweep_155,floorplan,1076.77,1278.42,706.762,706.762,0.656374,0.656374,23.0,23.0,4048.0,4048.0,3.0,3.0,0.00388104,1.81589e-05,0.00281618,0.00671538,2467270000.0,2467270000.0,0.0489655,-10.8308,-0.255306,0.15,1.0,37.0,50.0,0.2,100.0
traj_sweep_156,floorplan,1076.77,1278.42,706.762,706.762,0.656374,0.656374,23.0,23.0,4048.0,4048.0,3.0,3.0,0.00363847,1.81589e-05,0.00264017,0.0062968,2467270000.0,2467270000.0,0.0509655,-10.3448,-0.245306,0.16,1.0,37.0,50.0,0.2,100.0
traj_sweep_157,floorplan,1076.77,1278.42,706.762,706.762,0.656374,0.656374,23.0,23.0,4048.0,4048.0,3.0,3.0,0.00342445,1.81589e-05,0.00248486,0.00592747,2467270000.0,2467270000.0,0.0529655,-9.85877,-0.235306,0.17,1.0,37.0,50.0,0.2,100.0
traj_sweep_158,floorplan,1076.77,1278.42,706.762,706.762,0.656374,0.656374,23.0,23.0,4048.0,4048.0,3.0,3.0,0.0032342,1.81589e-05,0.00234681,0.00559917,2467270000.0,2467270000.0,0.0549655,-9.37905,-0.225306,0.18,1.0,37.0,50.0,0.2,100.0
traj_sweep_159,floorplan,1076.77,1278.42,706.762,706.762,0.656374,0.656374,23.0,23.0,4048.0,4048.0,3.0,3.0,0.00306398,1.81589e-05,0.0022233,0.00530543,2467270000.0,2467270000.0,0.0569655,-8.90105,-0.215306,0.19,1.0,37.0,50.0,0.2,100.0
traj_sweep_160,floorplan,1076.77,1278.42,706.762,706.762,0.656374,0.656374,23.0,23.0,4048.0,4048.0,3.0,3.0,0.00291078,1.81589e-05,0.00211213,0.00504107,2467270000.0,2467270000.0,0.0589655,-8.42305,-0.205306,0.2,1.0,37.0,50.0,0.2,100.0
traj_sweep_161,floorplan,1076.77,1278.42,706.762,706.762,0.656374,0.656374,23.0,23.0,4048.0,4048.0,3.0,3.0,0.00277217,1.81589e-05,0.00201156,0.00480189,2467270000.0,2467270000.0,0.0609654,-7.94505,-0.195306,0.21,1.0,37.0,50.0,0.2,100.0
traj_sweep_162,floorplan,1076.77,1278.42,706.762,706.762,0.656374,0.656374,23.0,23.0,4048.0,4048.0,3.0,3.0,0.00264616,1.81589e-05,0.00192012,0.00458444,2467270000.0,2467270000.0,0.0629655,-7.46705,-0.185306,0.22,1.0,37.0,50.0,0.2,100.0
traj_sweep_163,floorplan,1076.77,1278.42,706.762,706.762,0.656374,0.656374,23.0,23.0,4048.0,4048.0,3.0,3.0,0.00253111,1.81589e-05,0.00183664,0.00438591,2467270000.0,2467270000.0,0.0649655,-6.98905,-0.175306,0.23,1.0,37.0,50.0,0.2,100.0
traj_sweep_164,floorplan,1076.77,1278.42,705.698,705.698,0.655385,0.655385,23.0,23.0,4048.0,4048.0,3.0,3.0,0.00241814,1.8122e-05,0.0017569,0.00419316,2467270000.0,2467270000.0,0.0669655,-6.51841,-0.165306,0.24,1.0,37.0,50.0,0.2,100.0
traj_sweep_165,floorplan,1076.77,1278.42,698.25,698.25,0.648468,0.648468,23.0,23.0,4048.0,4048.0,3.0,3.0,0.00230584,1.77405e-05,0.00167224,0.00399583,2467270000.0,2467270000.0,0.0689655,-6.04438,-0.155306,0.25,1.0,37.0,50.0,0.2,100.0
traj_sweep_166,floorplan,1076.77,1278.42,696.92,696.92,0.647233,0.647233,23.0,23.0,4048.0,4048.0,3.0,3.0,0.00221331,1.76365e-05,0.00160566,0.00383661,2467270000.0,2467270000.0,0.0709655,-5.59937,-0.145306,0.26,1.0,37.0,50.0,0.2,100.0
traj_sweep_167,floorplan,1076.77,1278.42,692.93,692.93,0.643528,0.643528,23.0,23.0,4048.0,4048.0,3.0,3.0,0.00211681,1.74688e-05,0.0015392,0.00367348,2467270000.0,2467270000.0,0.0729655,-5.16754,-0.135307,0.27,1.0,37.0,50.0,0.2,100.0
traj_sweep_168,floorplan,1076.77,1278.42,692.93,692.93,0.643528,0.643528,23.0,23.0,4048.0,4048.0,3.0,3.0,0.00204121,1.74688e-05,0.00148423,0.00354291,2467270000.0,2467270000.0,0.0749655,-4.7057,-0.125307,0.28,1.0,37.0,50.0,0.2,100.0
traj_sweep_169,floorplan,1076.77,1278.42,692.664,692.664,0.643281,0.643281,23.0,23.0,4048.0,4048.0,3.0,3.0,0.00196984,1.74465e-05,0.00143283,0.00342012,2466920000.0,2466920000.0,0.0769655,-4.25482,-0.115363,0.29,1.0,37.0,50.0,0.2,100.0
traj_sweep_170,floorplan,1076.77,1278.42,692.398,692.398,0.643034,0.643034,23.0,23.0,4048.0,4048.0,3.0,3.0,0.00190326,1.74256e-05,0.00138485,0.00330554,2466920000.0,2466920000.0,0.0789655,-3.81082,-0.105363,0.3,1.0,37.0,50.0,0.2,100.0
traj_sweep_171,floorplan,1076.77,1278.42,687.61,687.61,0.638587,0.638587,23.0,23.0,4048.0,4048.0,3.0,3.0,0.00182808,1.72588e-05,0.0013228,0.00316814,2466860000.0,2466860000.0,0.0809655,-3.37094,-0.0953737,0.31,1.0,37.0,50.0,0.2,100.0
traj_sweep_172,floorplan,1076.77,1278.42,687.61,687.61,0.638587,0.638587,23.0,23.0,4048.0,4048.0,3.0,3.0,0.00177095,1.72588e-05,0.00128147,0.00306968,2466860000.0,2466860000.0,0.0829655,-2.94294,-0.0853737,0.32,1.0,37.0,50.0,0.2,100.0
traj_sweep_173,floorplan,1076.77,1278.42,687.61,687.61,0.638587,0.638587,23.0,23.0,4048.0,4048.0,3.0,3.0,0.00171729,1.72588e-05,0.00124263,0.00297718,2466860000.0,2466860000.0,0.0849654,-2.51494,-0.0753737,0.33,1.0,37.0,50.0,0.2,100.0
traj_sweep_174,floorplan,1076.77,1278.42,680.694,680.694,0.632164,0.632164,23.0,23.0,4048.0,4048.0,3.0,3.0,0.00164705,1.69788e-05,0.00118377,0.00284781,2466760000.0,2466760000.0,0.0869655,-2.10805,-0.0653901,0.34,1.0,37.0,50.0,0.2,100.0
traj_sweep_175,floorplan,1076.77,1278.42,680.694,680.694,0.632164,0.632164,23.0,23.0,4048.0,4048.0,3.0,3.0,0.0016,1.69788e-05,0.00114995,0.00276693,2466760000.0,2466760000.0,0.0889655,-1.68005,-0.0553901,0.35,1.0,37.0,50.0,0.2,100.0
traj_sweep_176,floorplan,1076.77,1278.42,680.694,680.694,0.632164,0.632164,23.0,23.0,4048.0,4048.0,3.0,3.0,0.00155555,1.69788e-05,0.00111801,0.00269054,2466760000.0,2466760000.0,0.0909655,-1.28025,-0.0453901,0.36,1.0,37.0,50.0,0.2,100.0
traj_sweep_177,floorplan,1076.77,1278.42,679.896,679.896,0.631423,0.631423,23.0,23.0,4048.0,4048.0,3.0,3.0,0.00150882,1.69681e-05,0.00108398,0.00260977,2466760000.0,2466760000.0,0.0929655,-0.893358,-0.0353901,0.37,1.0,37.0,50.0,0.2,100.0
traj_sweep_178,floorplan,1076.77,1278.42,677.502,677.502,0.6292,0.6292,23.0,23.0,4048.0,4048.0,3.0,3.0,0.00146284,1.68603e-05,0.0010489,0.0025286,2466760000.0,2466760000.0,0.0949654,-0.540987,-0.0253901,0.38,1.0,37.0,50.0,0.2,100.0
traj_sweep_179,floorplan,1076.77,1278.42,676.438,676.438,0.628211,0.628211,23.0,23.0,4048.0,4048.0,3.0,3.0,0.00142367,1.68119e-05,0.00101747,0.00245796,2466760000.0,2466760000.0,0.0969655,-0.256458,-0.0153901,0.39,1.0,37.0,50.0,0.2,100.0
traj_sweep_180,floorplan,1076.77,1278.42,638.666,638.666,0.593132,0.593132,23.0,23.0,4048.0,4048.0,3.0,3.0,0.00131998,1.52355e-05,0.00092424,0.00225946,2469040000.0,2469040000.0,0.100056,-0.0341863,-0.00501507,0.4,1.0,37.0,50.0,0.2,100.0
traj_sweep_181,floorplan,1076.77,1278.42,626.696,626.696,0.582016,0.582016,23.0,23.0,4048.0,4048.0,2.0,2.0,0.00126038,1.47246e-05,0.000869555,0.00214466,2439610000.0,2439610000.0,0.102056,0.0,9.8227e-05,0.41,1.0,37.0,50.0,0.2,100.0
traj_sweep_182,floorplan,1076.77,1278.42,626.696,626.696,0.582016,0.582016,23.0,23.0,4048.0,4048.0,2.0,2.0,0.00123037,1.47246e-05,0.000848852,0.00209395,2439610000.0,2439610000.0,0.104056,0.0,0.0100982,0.42,1.0,37.0,50.0,0.2,100.0
traj_sweep_183,floorplan,1076.77,1278.42,626.696,626.696,0.582016,0.582016,23.0,23.0,4048.0,4048.0,2.0,2.0,0.00120176,1.47246e-05,0.000829111,0.00204559,2439610000.0,2439610000.0,0.105824,0.0,0.0200982,0.43,1.0,37.0,50.0,0.2,100.0
traj_sweep_184,floorplan,1076.77,1278.42,626.696,626.696,0.582016,0.582016,23.0,23.0,4048.0,4048.0,2.0,2.0,0.00117444,1.47246e-05,0.000810267,0.00199944,2439610000.0,2439610000.0,0.105824,0.0,0.0300982,0.44,1.0,37.0,50.0,0.2,100.0
traj_sweep_185,floorplan,1076.77,1278.42,626.696,626.696,0.582016,0.582016,23.0,23.0,4048.0,4048.0,2.0,2.0,0.00114834,1.47246e-05,0.000792262,0.00195533,2439610000.0,2439610000.0,0.105824,0.0,0.0400982,0.45,1.0,37.0,50.0,0.2,100.0
traj_sweep_186,floorplan,1076.77,1278.42,626.696,626.696,0.582016,0.582016,23.0,23.0,4048.0,4048.0,2.0,2.0,0.00112338,1.47246e-05,0.000775038,0.00191314,2439610000.0,2439610000.0,0.105824,0.0,0.0500982,0.46,1.0,37.0,50.0,0.2,100.0
traj_sweep_187,floorplan,1076.77,1278.42,626.696,626.696,0.582016,0.582016,23.0,23.0,4048.0,4048.0,2.0,2.0,0.00109948,1.47246e-05,0.000758548,0.00187275,2439610000.0,2439610000.0,0.105824,0.0,0.0600982,0.47,1.0,37.0,50.0,0.2,100.0
traj_sweep_188,floorplan,1076.77,1278.42,626.696,626.696,0.582016,0.582016,23.0,23.0,4048.0,4048.0,2.0,2.0,0.00107657,1.47246e-05,0.000742745,0.00183404,2439610000.0,2439610000.0,0.105824,0.0,0.0700982,0.48,1.0,37.0,50.0,0.2,100.0
traj_sweep_189,floorplan,1076.77,1278.42,626.696,626.696,0.582016,0.582016,23.0,23.0,4048.0,4048.0,2.0,2.0,0.0010546,1.47246e-05,0.000727587,0.00179691,2439610000.0,2439610000.0,0.105824,0.0,0.0795431,0.49,1.0,37.0,50.0,0.2,100.0
traj_sweep_190,floorplan,1076.77,1278.42,626.696,626.696,0.582016,0.582016,23.0,23.0,4048.0,4048.0,2.0,2.0,0.00103351,1.47246e-05,0.000713035,0.00176127,2439610000.0,2439610000.0,0.105824,0.0,0.0875431,0.5,1.0,37.0,50.0,0.2,100.0
traj_sweep_191,floorplan,1076.77,1278.42,626.696,626.696,0.582016,0.582016,23.0,23.0,4048.0,4048.0,2.0,2.0,0.00101325,1.47246e-05,0.000699054,0.00172702,2439610000.0,2439610000.0,0.105824,0.0,0.095543,0.51,1.0,37.0,50.0,0.2,100.0
traj_sweep_192,floorplan,1076.77,1278.42,626.696,626.696,0.582016,0.582016,23.0,23.0,4048.0,4048.0,2.0,2.0,0.00099376,1.47246e-05,0.00068561,0.0016941,2439610000.0,2439610000.0,0.105824,0.0,0.103543,0.52,1.0,37.0,50.0,0.2,100.0
traj_sweep_193,floorplan,1076.77,1278.42,626.696,626.696,0.582016,0.582016,23.0,23.0,4048.0,4048.0,2.0,2.0,0.00097501,1.47246e-05,0.000672674,0.00166241,2439610000.0,2439610000.0,0.105824,0.0,0.111543,0.53,1.0,37.0,50.0,0.2,100.0
traj_sweep_194,floorplan,1076.77,1278.42,626.696,626.696,0.582016,0.582016,23.0,23.0,4048.0,4048.0,2.0,2.0,0.000956954,1.47246e-05,0.000660217,0.0016319,2439610000.0,2439610000.0,0.105824,0.0,0.119543,0.54,1.0,37.0,50.0,0.2,100.0
traj_sweep_195,floorplan,1076.77,1278.42,626.696,626.696,0.582016,0.582016,23.0,23.0,4048.0,4048.0,2.0,2.0,0.000939555,1.47246e-05,0.000648213,0.00160249,2439610000.0,2439610000.0,0.105824,0.0,0.127543,0.55,1.0,37.0,50.0,0.2,100.0
traj_sweep_196,floorplan,1076.77,1278.42,626.696,626.696,0.582016,0.582016,23.0,23.0,4048.0,4048.0,2.0,2.0,0.000922778,1.47246e-05,0.000636639,0.00157414,2439610000.0,2439610000.0,0.105824,0.0,0.135543,0.56,1.0,37.0,50.0,0.2,100.0
traj_sweep_197,floorplan,1076.77,1278.42,626.696,626.696,0.582016,0.582016,23.0,23.0,4048.0,4048.0,2.0,2.0,0.000906589,1.47246e-05,0.000625469,0.00154678,2439610000.0,2439610000.0,0.105824,0.0,0.143543,0.57,1.0,37.0,50.0,0.2,100.0
traj_sweep_198,floorplan,1076.77,1278.42,626.696,626.696,0.582016,0.582016,23.0,23.0,4048.0,4048.0,2.0,2.0,0.000890958,1.47246e-05,0.000614685,0.00152037,2439610000.0,2439610000.0,0.105824,0.0,0.151543,0.58,1.0,37.0,50.0,0.2,100.0
traj_sweep_199,floorplan,1076.77,1278.42,626.696,626.696,0.582016,0.582016,23.0,23.0,4048.0,4048.0,2.0,2.0,0.000875857,1.47246e-05,0.000604267,0.00149485,2439610000.0,2439610000.0,0.105824,0.0,0.159543,0.59,1.0,37.0,50.0,0.2,100.0
traj_sweep_200,floorplan,1076.77,1278.42,626.696,626.696,0.582016,0.582016,23.0,23.0,4048.0,4048.0,2.0,2.0,0.000861259,1.47246e-05,0.000594196,0.00147018,2439610000.0,2439610000.0,0.105824,0.0,0.167543,0.6,1.0,37.0,50.0,0.2,100.0
traj_sweep_201,floorplan,1076.77,1278.42,626.696,626.696,0.582016,0.582016,23.0,23.0,4048.0,4048.0,2.0,2.0,0.00084714,1.47246e-05,0.000584455,0.00144632,2439610000.0,2439610000.0,0.105824,0.0,0.175543,0.61,1.0,37.0,50.0,0.2,100.0
traj_sweep_202,floorplan,1076.77,1278.42,626.696,626.696,0.582016,0.582016,23.0,23.0,4048.0,4048.0,2.0,2.0,0.000833476,1.47246e-05,0.000575028,0.00142323,2439610000.0,2439610000.0,0.105824,0.0,0.183543,0.62,1.0,37.0,50.0,0.2,100.0
traj_sweep_203,floorplan,1076.77,1278.42,706.762,706.762,0.656374,0.656374,23.0,23.0,4048.0,4048.0,3.0,3.0,0.00415826,1.81589e-05,0.00301734,0.00719375,2467270000.0,2467270000.0,0.0469655,-11.3168,-0.265306,0.14,1.0,38.0,50.0,0.2,100.0
traj_sweep_204,floorplan,1076.77,1278.42,706.762,706.762,0.656374,0.656374,23.0,23.0,4048.0,4048.0,3.0,3.0,0.00388104,1.81589e-05,0.00281618,0.00671538,2467270000.0,2467270000.0,0.0489655,-10.8308,-0.255306,0.15,1.0,38.0,50.0,0.2,100.0
traj_sweep_205,floorplan,1076.77,1278.42,706.762,706.762,0.656374,0.656374,23.0,23.0,4048.0,4048.0,3.0,3.0,0.00363847,1.81589e-05,0.00264017,0.0062968,2467270000.0,2467270000.0,0.0509655,-10.3448,-0.245306,0.16,1.0,38.0,50.0,0.2,100.0
traj_sweep_206,floorplan,1076.77,1278.42,706.762,706.762,0.656374,0.656374,23.0,23.0,4048.0,4048.0,3.0,3.0,0.00342445,1.81589e-05,0.00248486,0.00592747,2467270000.0,2467270000.0,0.0529655,-9.85877,-0.235306,0.17,1.0,38.0,50.0,0.2,100.0
traj_sweep_207,floorplan,1076.77,1278.42,706.762,706.762,0.656374,0.656374,23.0,23.0,4048.0,4048.0,3.0,3.0,0.0032342,1.81589e-05,0.00234681,0.00559917,2467270000.0,2467270000.0,0.0549655,-9.37905,-0.225306,0.18,1.0,38.0,50.0,0.2,100.0
traj_sweep_208,floorplan,1076.77,1278.42,706.762,706.762,0.656374,0.656374,23.0,23.0,4048.0,4048.0,3.0,3.0,0.00306398,1.81589e-05,0.0022233,0.00530543,2467270000.0,2467270000.0,0.0569655,-8.90105,-0.215306,0.19,1.0,38.0,50.0,0.2,100.0
traj_sweep_209,floorplan,1076.77,1278.42,706.762,706.762,0.656374,0.656374,23.0,23.0,4048.0,4048.0,3.0,3.0,0.00291078,1.81589e-05,0.00211213,0.00504107,2467270000.0,2467270000.0,0.0589655,-8.42305,-0.205306,0.2,1.0,38.0,50.0,0.2,100.0
traj_sweep_210,floorplan,1076.77,1278.42,706.762,706.762,0.656374,0.656374,23.0,23.0,4048.0,4048.0,3.0,3.0,0.00277217,1.81589e-05,0.00201156,0.00480189,2467270000.0,2467270000.0,0.0609654,-7.94505,-0.195306,0.21,1.0,38.0,50.0,0.2,100.0
traj_sweep_211,floorplan,1076.77,1278.42,706.762,706.762,0.656374,0.656374,23.0,23.0,4048.0,4048.0,3.0,3.0,0.00264616,1.81589e-05,0.00192012,0.00458444,2467270000.0,2467270000.0,0.0629655,-7.46705,-0.185306,0.22,1.0,38.0,50.0,0.2,100.0
traj_sweep_212,floorplan,1076.77,1278.42,706.762,706.762,0.656374,0.656374,23.0,23.0,4048.0,4048.0,3.0,3.0,0.00253111,1.81589e-05,0.00183664,0.00438591,2467270000.0,2467270000.0,0.0649655,-6.98905,-0.175306,0.23,1.0,38.0,50.0,0.2,100.0
traj_sweep_213,floorplan,1076.77,1278.42,705.698,705.698,0.655385,0.655385,23.0,23.0,4048.0,4048.0,3.0,3.0,0.00241814,1.8122e-05,0.0017569,0.00419316,2467270000.0,2467270000.0,0.0669655,-6.51841,-0.165306,0.24,1.0,38.0,50.0,0.2,100.0
traj_sweep_214,floorplan,1076.77,1278.42,698.25,698.25,0.648468,0.648468,23.0,23.0,4048.0,4048.0,3.0,3.0,0.00230584,1.77405e-05,0.00167224,0.00399583,2467270000.0,2467270000.0,0.0689655,-6.04438,-0.155306,0.25,1.0,38.0,50.0,0.2,100.0
traj_sweep_215,floorplan,1076.77,1278.42,696.92,696.92,0.647233,0.647233,23.0,23.0,4048.0,4048.0,3.0,3.0,0.00221331,1.76365e-05,0.00160566,0.00383661,2467270000.0,2467270000.0,0.0709655,-5.59937,-0.145306,0.26,1.0,38.0,50.0,0.2,100.0
traj_sweep_216,floorplan,1076.77,1278.42,692.93,692.93,0.643528,0.643528,23.0,23.0,4048.0,4048.0,3.0,3.0,0.00211681,1.74688e-05,0.0015392,0.00367348,2467270000.0,2467270000.0,0.0729655,-5.16754,-0.135307,0.27,1.0,38.0,50.0,0.2,100.0
traj_sweep_217,floorplan,1076.77,1278.42,692.93,692.93,0.643528,0.643528,23.0,23.0,4048.0,4048.0,3.0,3.0,0.00204121,1.74688e-05,0.00148423,0.00354291,2467270000.0,2467270000.0,0.0749655,-4.7057,-0.125307,0.28,1.0,38.0,50.0,0.2,100.0
traj_sweep_218,floorplan,1076.77,1278.42,692.664,692.664,0.643281,0.643281,23.0,23.0,4048.0,4048.0,3.0,3.0,0.00196984,1.74465e-05,0.00143283,0.00342012,2466920000.0,2466920000.0,0.0769655,-4.25482,-0.115363,0.29,1.0,38.0,50.0,0.2,100.0
traj_sweep_219,floorplan,1076.77,1278.42,692.398,692.398,0.643034,0.643034,23.0,23.0,4048.0,4048.0,3.0,3.0,0.00190326,1.74256e-05,0.00138485,0.00330554,2466920000.0,2466920000.0,0.0789655,-3.81082,-0.105363,0.3,1.0,38.0,50.0,0.2,100.0
traj_sweep_220,floorplan,1076.77,1278.42,687.61,687.61,0.638587,0.638587,23.0,23.0,4048.0,4048.0,3.0,3.0,0.00182808,1.72588e-05,0.0013228,0.00316814,2466860000.0,2466860000.0,0.0809655,-3.37094,-0.0953737,0.31,1.0,38.0,50.0,0.2,100.0
traj_sweep_221,floorplan,1076.77,1278.42,687.61,687.61,0.638587,0.638587,23.0,23.0,4048.0,4048.0,3.0,3.0,0.00177095,1.72588e-05,0.00128147,0.00306968,2466860000.0,2466860000.0,0.0829655,-2.94294,-0.0853737,0.32,1.0,38.0,50.0,0.2,100.0
traj_sweep_222,floorplan,1076.77,1278.42,687.61,687.61,0.638587,0.638587,23.0,23.0,4048.0,4048.0,3.0,3.0,0.00171729,1.72588e-05,0.00124263,0.00297718,2466860000.0,2466860000.0,0.0849654,-2.51494,-0.0753737,0.33,1.0,38.0,50.0,0.2,100.0
traj_sweep_223,floorplan,1076.77,1278.42,680.694,680.694,0.632164,0.632164,23.0,23.0,4048.0,4048.0,3.0,3.0,0.00164705,1.69788e-05,0.00118377,0.00284781,2466760000.0,2466760000.0,0.0869655,-2.10805,-0.0653901,0.34,1.0,38.0,50.0,0.2,100.0
traj_sweep_224,floorplan,1076.77,1278.42,680.694,680.694,0.632164,0.632164,23.0,23.0,4048.0,4048.0,3.0,3.0,0.0016,1.69788e-05,0.00114995,0.00276693,2466760000.0,2466760000.0,0.0889655,-1.68005,-0.0553901,0.35,1.0,38.0,50.0,0.2,100.0
traj_sweep_225,floorplan,1076.77,1278.42,680.694,680.694,0.632164,0.632164,23.0,23.0,4048.0,4048.0,3.0,3.0,0.00155555,1.69788e-05,0.00111801,0.00269054,2466760000.0,2466760000.0,0.0909655,-1.28025,-0.0453901,0.36,1.0,38.0,50.0,0.2,100.0
traj_sweep_226,floorplan,1076.77,1278.42,679.896,679.896,0.631423,0.631423,23.0,23.0,4048.0,4048.0,3.0,3.0,0.00150882,1.69681e-05,0.00108398,0.00260977,2466760000.0,2466760000.0,0.0929655,-0.893358,-0.0353901,0.37,1.0,38.0,50.0,0.2,100.0
traj_sweep_227,floorplan,1076.77,1278.42,677.502,677.502,0.6292,0.6292,23.0,23.0,4048.0,4048.0,3.0,3.0,0.00146284,1.68603e-05,0.0010489,0.0025286,2466760000.0,2466760000.0,0.0949654,-0.540987,-0.0253901,0.38,1.0,38.0,50.0,0.2,100.0
traj_sweep_228,floorplan,1076.77,1278.42,676.438,676.438,0.628211,0.628211,23.0,23.0,4048.0,4048.0,3.0,3.0,0.00142367,1.68119e-05,0.00101747,0.00245796,2466760000.0,2466760000.0,0.0969655,-0.256458,-0.0153901,0.39,1.0,38.0,50.0,0.2,100.0
traj_sweep_229,floorplan,1076.77,1278.42,638.666,638.666,0.593132,0.593132,23.0,23.0,4048.0,4048.0,3.0,3.0,0.00131998,1.52355e-05,0.00092424,0.00225946,2469040000.0,2469040000.0,0.100056,-0.0341863,-0.00501507,0.4,1.0,38.0,50.0,0.2,100.0
traj_sweep_230,floorplan,1076.77,1278.42,626.696,626.696,0.582016,0.582016,23.0,23.0,4048.0,4048.0,2.0,2.0,0.00126038,1.47246e-05,0.000869555,0.00214466,2439610000.0,2439610000.0,0.102056,0.0,9.8227e-05,0.41,1.0,38.0,50.0,0.2,100.0
traj_sweep_231,floorplan,1076.77,1278.42,626.696,626.696,0.582016,0.582016,23.0,23.0,4048.0,4048.0,2.0,2.0,0.00123037,1.47246e-05,0.000848852,0.00209395,2439610000.0,2439610000.0,0.104056,0.0,0.0100982,0.42,1.0,38.0,50.0,0.2,100.0
traj_sweep_232,floorplan,1076.77,1278.42,626.696,626.696,0.582016,0.582016,23.0,23.0,4048.0,4048.0,2.0,2.0,0.00120176,1.47246e-05,0.000829111,0.00204559,2439610000.0,2439610000.0,0.105824,0.0,0.0200982,0.43,1.0,38.0,50.0,0.2,100.0
traj_sweep_233,floorplan,1076.77,1278.42,626.696,626.696,0.582016,0.582016,23.0,23.0,4048.0,4048.0,2.0,2.0,0.00117444,1.47246e-05,0.000810267,0.00199944,2439610000.0,2439610000.0,0.105824,0.0,0.0300982,0.44,1.0,38.0,50.0,0.2,100.0
traj_sweep_234,floorplan,1076.77,1278.42,626.696,626.696,0.582016,0.582016,23.0,23.0,4048.0,4048.0,2.0,2.0,0.00114834,1.47246e-05,0.000792262,0.00195533,2439610000.0,2439610000.0,0.105824,0.0,0.0400982,0.45,1.0,38.0,50.0,0.2,100.0
traj_sweep_235,floorplan,1076.77,1278.42,626.696,626.696,0.582016,0.582016,23.0,23.0,4048.0,4048.0,2.0,2.0,0.00112338,1.47246e-05,0.000775038,0.00191314,2439610000.0,2439610000.0,0.105824,0.0,0.0500982,0.46,1.0,38.0,50.0,0.2,100.0
traj_sweep_236,floorplan,1076.77,1278.42,626.696,626.696,0.582016,0.582016,23.0,23.0,4048.0,4048.0,2.0,2.0,0.00109948,1.47246e-05,0.000758548,0.00187275,2439610000.0,2439610000.0,0.105824,0.0,0.0600982,0.47,1.0,38.0,50.0,0.2,100.0
traj_sweep_237,floorplan,1076.77,1278.42,626.696,626.696,0.582016,0.582016,23.0,23.0,4048.0,4048.0,2.0,2.0,0.00107657,1.47246e-05,0.000742745,0.00183404,2439610000.0,2439610000.0,0.105824,0.0,0.0700982,0.48,1.0,38.0,50.0,0.2,100.0
traj_sweep_238,floorplan,1076.77,1278.42,626.696,626.696,0.582016,0.582016,23.0,23.0,4048.0,4048.0,2.0,2.0,0.0010546,1.47246e-05,0.000727587,0.00179691,2439610000.0,2439610000.0,0.105824,0.0,0.0795431,0.49,1.0,38.0,50.0,0.2,100.0
traj_sweep_239,floorplan,1076.77,1278.42,626.696,626.696,0.582016,0.582016,23.0,23.0,4048.0,4048.0,2.0,2.0,0.00103351,1.47246e-05,0.000713035,0.00176127,2439610000.0,2439610000.0,0.105824,0.0,0.0875431,0.5,1.0,38.0,50.0,0.2,100.0
traj_sweep_240,floorplan,1076.77,1278.42,626.696,626.696,0.582016,0.582016,23.0,23.0,4048.0,4048.0,2.0,2.0,0.00101325,1.47246e-05,0.000699054,0.00172702,2439610000.0,2439610000.0,0.105824,0.0,0.095543,0.51,1.0,38.0,50.0,0.2,100.0
traj_sweep_241,floorplan,1076.77,1278.42,626.696,626.696,0.582016,0.582016,23.0,23.0,4048.0,4048.0,2.0,2.0,0.00099376,1.47246e-05,0.00068561,0.0016941,2439610000.0,2439610000.0,0.105824,0.0,0.103543,0.52,1.0,38.0,50.0,0.2,100.0
traj_sweep_242,floorplan,1076.77,1278.42,626.696,626.696,0.582016,0.582016,23.0,23.0,4048.0,4048.0,2.0,2.0,0.00097501,1.47246e-05,0.000672674,0.00166241,2439610000.0,2439610000.0,0.105824,0.0,0.111543,0.53,1.0,38.0,50.0,0.2,100.0
traj_sweep_243,floorplan,1076.77,1278.42,626.696,626.696,0.582016,0.582016,23.0,23.0,4048.0,4048.0,2.0,2.0,0.000956954,1.47246e-05,0.000660217,0.0016319,2439610000.0,2439610000.0,0.105824,0.0,0.119543,0.54,1.0,38.0,50.0,0.2,100.0
traj_sweep_244,floorplan,1076.77,1278.42,626.696,626.696,0.582016,0.582016,23.0,23.0,4048.0,4048.0,2.0,2.0,0.000939555,1.47246e-05,0.000648213,0.00160249,2439610000.0,2439610000.0,0.105824,0.0,0.127543,0.55,1.0,38.0,50.0,0.2,100.0
traj_sweep_245,floorplan,1076.77,1278.42,626.696,626.696,0.582016,0.582016,23.0,23.0,4048.0,4048.0,2.0,2.0,0.000922778,1.47246e-05,0.000636639,0.00157414,2439610000.0,2439610000.0,0.105824,0.0,0.135543,0.56,1.0,38.0,50.0,0.2,100.0
traj_sweep_246,floorplan,1076.77,1278.42,626.696,626.696,0.582016,0.582016,23.0,23.0,4048.0,4048.0,2.0,2.0,0.000906589,1.47246e-05,0.000625469,0.00154678,2439610000.0,2439610000.0,0.105824,0.0,0.143543,0.57,1.0,38.0,50.0,0.2,100.0
traj_sweep_247,floorplan,1076.77,1278.42,626.696,626.696,0.582016,0.582016,23.0,23.0,4048.0,4048.0,2.0,2.0,0.000890958,1.47246e-05,0.000614685,0.00152037,2439610000.0,2439610000.0,0.105824,0.0,0.151543,0.58,1.0,38.0,50.0,0.2,100.0
traj_sweep_248,floorplan,1076.77,1278.42,626.696,626.696,0.582016,0.582016,23.0,23.0,4048.0,4048.0,2.0,2.0,0.000875857,1.47246e-05,0.000604267,0.00149485,2439610000.0,2439610000.0,0.105824,0.0,0.159543,0.59,1.0,38.0,50.0,0.2,100.0
traj_sweep_249,floorplan,1076.77,1278.42,626.696,626.696,0.582016,0.582016,23.0,23.0,4048.0,4048.0,2.0,2.0,0.000861259,1.47246e-05,0.000594196,0.00147018,2439610000.0,2439610000.0,0.105824,0.0,0.167543,0.6,1.0,38.0,50.0,0.2,100.0
traj_sweep_250,floorplan,1076.77,1278.42,626.696,626.696,0.582016,0.582016,23.0,23.0,4048.0,4048.0,2.0,2.0,0.00084714,1.47246e-05,0.000584455,0.00144632,2439610000.0,2439610000.0,0.105824,0.0,0.175543,0.61,1.0,38.0,50.0,0.2,100.0
traj_sweep_251,floorplan,1076.77,1278.42,626.696,626.696,0.582016,0.582016,23.0,23.0,4048.0,4048.0,2.0,2.0,0.000833476,1.47246e-05,0.000575028,0.00142323,2439610000.0,2439610000.0,0.105824,0.0,0.183543,0.62,1.0,38.0,50.0,0.2,100.0
traj_sweep_252,floorplan,1076.77,1278.42,706.762,706.762,0.656374,0.656374,23.0,23.0,4048.0,4048.0,3.0,3.0,0.00415826,1.81589e-05,0.00301734,0.00719375,2467270000.0,2467270000.0,0.0469655,-11.3168,-0.265306,0.14,1.0,39.0,50.0,0.2,100.0
traj_sweep_253,floorplan,1076.77,1278.42,706.762,706.762,0.656374,0.656374,23.0,23.0,4048.0,4048.0,3.0,3.0,0.00388104,1.81589e-05,0.00281618,0.00671538,2467270000.0,2467270000.0,0.0489655,-10.8308,-0.255306,0.15,1.0,39.0,50.0,0.2,100.0
traj_sweep_254,floorplan,1076.77,1278.42,706.762,706.762,0.656374,0.656374,23.0,23.0,4048.0,4048.0,3.0,3.0,0.00363847,1.81589e-05,0.00264017,0.0062968,2467270000.0,2467270000.0,0.0509655,-10.3448,-0.245306,0.16,1.0,39.0,50.0,0.2,100.0
traj_sweep_255,floorplan,1076.77,1278.42,706.762,706.762,0.656374,0.656374,23.0,23.0,4048.0,4048.0,3.0,3.0,0.00342445,1.81589e-05,0.00248486,0.00592747,2467270000.0,2467270000.0,0.0529655,-9.85877,-0.235306,0.17,1.0,39.0,50.0,0.2,100.0
traj_sweep_256,floorplan,1076.77,1278.42,706.762,706.762,0.656374,0.656374,23.0,23.0,4048.0,4048.0,3.0,3.0,0.0032342,1.81589e-05,0.00234681,0.00559917,2467270000.0,2467270000.0,0.0549655,-9.37905,-0.225306,0.18,1.0,39.0,50.0,0.2,100.0
traj_sweep_257,floorplan,1076.77,1278.42,706.762,706.762,0.656374,0.656374,23.0,23.0,4048.0,4048.0,3.0,3.0,0.00306398,1.81589e-05,0.0022233,0.00530543,2467270000.0,2467270000.0,0.0569655,-8.90105,-0.215306,0.19,1.0,39.0,50.0,0.2,100.0
traj_sweep_258,floorplan,1076.77,1278.42,706.762,706.762,0.656374,0.656374,23.0,23.0,4048.0,4048.0,3.0,3.0,0.00291078,1.81589e-05,0.00211213,0.00504107,2467270000.0,2467270000.0,0.0589655,-8.42305,-0.205306,0.2,1.0,39.0,50.0,0.2,100.0
traj_sweep_259,floorplan,1076.77,1278.42,706.762,706.762,0.656374,0.656374,23.0,23.0,4048.0,4048.0,3.0,3.0,0.00277217,1.81589e-05,0.00201156,0.00480189,2467270000.0,2467270000.0,0.0609654,-7.94505,-0.195306,0.21,1.0,39.0,50.0,0.2,100.0
traj_sweep_260,floorplan,1076.77,1278.42,706.762,706.762,0.656374,0.656374,23.0,23.0,4048.0,4048.0,3.0,3.0,0.00264616,1.81589e-05,0.00192012,0.00458444,2467270000.0,2467270000.0,0.0629655,-7.46705,-0.185306,0.22,1.0,39.0,50.0,0.2,100.0
traj_sweep_261,floorplan,1076.77,1278.42,706.762,706.762,0.656374,0.656374,23.0,23.0,4048.0,4048.0,3.0,3.0,0.00253111,1.81589e-05,0.00183664,0.00438591,2467270000.0,2467270000.0,0.0649655,-6.98905,-0.175306,0.23,1.0,39.0,50.0,0.2,100.0
traj_sweep_262,floorplan,1076.77,1278.42,705.698,705.698,0.655385,0.655385,23.0,23.0,4048.0,4048.0,3.0,3.0,0.00241814,1.8122e-05,0.0017569,0.00419316,2467270000.0,2467270000.0,0.0669655,-6.51841,-0.165306,0.24,1.0,39.0,50.0,0.2,100.0
traj_sweep_263,floorplan,1076.77,1278.42,698.25,698.25,0.648468,0.648468,23.0,23.0,4048.0,4048.0,3.0,3.0,0.00230584,1.77405e-05,0.00167224,0.00399583,2467270000.0,2467270000.0,0.0689655,-6.04438,-0.155306,0.25,1.0,39.0,50.0,0.2,100.0
traj_sweep_264,floorplan,1076.77,1278.42,696.92,696.92,0.647233,0.647233,23.0,23.0,4048.0,4048.0,3.0,3.0,0.00221331,1.76365e-05,0.00160566,0.00383661,2467270000.0,2467270000.0,0.0709655,-5.59937,-0.145306,0.26,1.0,39.0,50.0,0.2,100.0
traj_sweep_265,floorplan,1076.77,1278.42,692.93,692.93,0.643528,0.643528,23.0,23.0,4048.0,4048.0,3.0,3.0,0.00211681,1.74688e-05,0.0015392,0.00367348,2467270000.0,2467270000.0,0.0729655,-5.16754,-0.135307,0.27,1.0,39.0,50.0,0.2,100.0
traj_sweep_266,floorplan,1076.77,1278.42,692.93,692.93,0.643528,0.643528,23.0,23.0,4048.0,4048.0,3.0,3.0,0.00204121,1.74688e-05,0.00148423,0.00354291,2467270000.0,2467270000.0,0.0749655,-4.7057,-0.125307,0.28,1.0,39.0,50.0,0.2,100.0
traj_sweep_267,floorplan,1076.77,1278.42,692.664,692.664,0.643281,0.643281,23.0,23.0,4048.0,4048.0,3.0,3.0,0.00196984,1.74465e-05,0.00143283,0.00342012,2466920000.0,2466920000.0,0.0769655,-4.25482,-0.115363,0.29,1.0,39.0,50.0,0.2,100.0
traj_sweep_268,floorplan,1076.77,1278.42,692.398,692.398,0.643034,0.643034,23.0,23.0,4048.0,4048.0,3.0,3.0,0.00190326,1.74256e-05,0.00138485,0.00330554,2466920000.0,2466920000.0,0.0789655,-3.81082,-0.105363,0.3,1.0,39.0,50.0,0.2,100.0
traj_sweep_269,floorplan,1076.77,1278.42,687.61,687.61,0.638587,0.638587,23.0,23.0,4048.0,4048.0,3.0,3.0,0.00182808,1.72588e-05,0.0013228,0.00316814,2466860000.0,2466860000.0,0.0809655,-3.37094,-0.0953737,0.31,1.0,39.0,50.0,0.2,100.0
traj_sweep_270,floorplan,1076.77,1278.42,687.61,687.61,0.638587,0.638587,23.0,23.0,4048.0,4048.0,3.0,3.0,0.00177095,1.72588e-05,0.00128147,0.00306968,2466860000.0,2466860000.0,0.0829655,-2.94294,-0.0853737,0.32,1.0,39.0,50.0,0.2,100.0
traj_sweep_271,floorplan,1076.77,1278.42,687.61,687.61,0.638587,0.638587,23.0,23.0,4048.0,4048.0,3.0,3.0,0.00171729,1.72588e-05,0.00124263,0.00297718,2466860000.0,2466860000.0,0.0849654,-2.51494,-0.0753737,0.33,1.0,39.0,50.0,0.2,100.0
traj_sweep_272,floorplan,1076.77,1278.42,680.694,680.694,0.632164,0.632164,23.0,23.0,4048.0,4048.0,3.0,3.0,0.00164705,1.69788e-05,0.00118377,0.00284781,2466760000.0,2466760000.0,0.0869655,-2.10805,-0.0653901,0.34,1.0,39.0,50.0,0.2,100.0
traj_sweep_273,floorplan,1076.77,1278.42,680.694,680.694,0.632164,0.632164,23.0,23.0,4048.0,4048.0,3.0,3.0,0.0016,1.69788e-05,0.00114995,0.00276693,2466760000.0,2466760000.0,0.0889655,-1.68005,-0.0553901,0.35,1.0,39.0,50.0,0.2,100.0
traj_sweep_274,floorplan,1076.77,1278.42,680.694,680.694,0.632164,0.632164,23.0,23.0,4048.0,4048.0,3.0,3.0,0.00155555,1.69788e-05,0.00111801,0.00269054,2466760000.0,2466760000.0,0.0909655,-1.28025,-0.0453901,0.36,1.0,39.0,50.0,0.2,100.0
traj_sweep_275,floorplan,1076.77,1278.42,679.896,679.896,0.631423,0.631423,23.0,23.0,4048.0,4048.0,3.0,3.0,0.00150882,1.69681e-05,0.00108398,0.00260977,2466760000.0,2466760000.0,0.0929655,-0.893358,-0.0353901,0.37,1.0,39.0,50.0,0.2,100.0
traj_sweep_276,floorplan,1076.77,1278.42,677.502,677.502,0.6292,0.6292,23.0,23.0,4048.0,4048.0,3.0,3.0,0.00146284,1.68603e-05,0.0010489,0.0025286,2466760000.0,2466760000.0,0.0949654,-0.540987,-0.0253901,0.38,1.0,39.0,50.0,0.2,100.0
traj_sweep_277,floorplan,1076.77,1278.42,676.438,676.438,0.628211,0.628211,23.0,23.0,4048.0,4048.0,3.0,3.0,0.00142367,1.68119e-05,0.00101747,0.00245796,2466760000.0,2466760000.0,0.0969655,-0.256458,-0.0153901,0.39,1.0,39.0,50.0,0.2,100.0
traj_sweep_278,floorplan,1076.77,1278.42,638.666,638.666,0.593132,0.593132,23.0,23.0,4048.0,4048.0,3.0,3.0,0.00131998,1.52355e-05,0.00092424,0.00225946,2469040000.0,2469040000.0,0.100056,-0.0341863,-0.00501507,0.4,1.0,39.0,50.0,0.2,100.0
traj_sweep_279,floorplan,1076.77,1278.42,626.696,626.696,0.582016,0.582016,23.0,23.0,4048.0,4048.0,2.0,2.0,0.00126038,1.47246e-05,0.000869555,0.00214466,2439610000.0,2439610000.0,0.102056,0.0,9.8227e-05,0.41,1.0,39.0,50.0,0.2,100.0
traj_sweep_280,floorplan,1076.77,1278.42,626.696,626.696,0.582016,0.582016,23.0,23.0,4048.0,4048.0,2.0,2.0,0.00123037,1.47246e-05,0.000848852,0.00209395,2439610000.0,2439610000.0,0.104056,0.0,0.0100982,0.42,1.0,39.0,50.0,0.2,100.0
traj_sweep_281,floorplan,1076.77,1278.42,626.696,626.696,0.582016,0.582016,23.0,23.0,4048.0,4048.0,2.0,2.0,0.00120176,1.47246e-05,0.000829111,0.00204559,2439610000.0,2439610000.0,0.105824,0.0,0.0200982,0.43,1.0,39.0,50.0,0.2,100.0
traj_sweep_282,floorplan,1076.77,1278.42,626.696,626.696,0.582016,0.582016,23.0,23.0,4048.0,4048.0,2.0,2.0,0.00117444,1.47246e-05,0.000810267,0.00199944,2439610000.0,2439610000.0,0.105824,0.0,0.0300982,0.44,1.0,39.0,50.0,0.2,100.0
traj_sweep_283,floorplan,1076.77,1278.42,626.696,626.696,0.582016,0.582016,23.0,23.0,4048.0,4048.0,2.0,2.0,0.00114834,1.47246e-05,0.000792262,0.00195533,2439610000.0,2439610000.0,0.105824,0.0,0.0400982,0.45,1.0,39.0,50.0,0.2,100.0
traj_sweep_284,floorplan,1076.77,1278.42,626.696,626.696,0.582016,0.582016,23.0,23.0,4048.0,4048.0,2.0,2.0,0.00112338,1.47246e-05,0.000775038,0.00191314,2439610000.0,2439610000.0,0.105824,0.0,0.0500982,0.46,1.0,39.0,50.0,0.2,100.0
traj_sweep_285,floorplan,1076.77,1278.42,626.696,626.696,0.582016,0.582016,23.0,23.0,4048.0,4048.0,2.0,2.0,0.00109948,1.47246e-05,0.000758548,0.00187275,2439610000.0,2439610000.0,0.105824,0.0,0.0600982,0.47,1.0,39.0,50.0,0.2,100.0
traj_sweep_286,floorplan,1076.77,1278.42,626.696,626.696,0.582016,0.582016,23.0,23.0,4048.0,4048.0,2.0,2.0,0.00107657,1.47246e-05,0.000742745,0.00183404,2439610000.0,2439610000.0,0.105824,0.0,0.0700982,0.48,1.0,39.0,50.0,0.2,100.0
traj_sweep_287,floorplan,1076.77,1278.42,626.696,626.696,0.582016,0.582016,23.0,23.0,4048.0,4048.0,2.0,2.0,0.0010546,1.47246e-05,0.000727587,0.00179691,2439610000.0,2439610000.0,0.105824,0.0,0.0795431,0.49,1.0,39.0,50.0,0.2,100.0
traj_sweep_288,floorplan,1076.77,1278.42,626.696,626.696,0.582016,0.582016,23.0,23.0,4048.0,4048.0,2.0,2.0,0.00103351,1.47246e-05,0.000713035,0.00176127,2439610000.0,2439610000.0,0.105824,0.0,0.0875431,0.5,1.0,39.0,50.0,0.2,100.0
traj_sweep_289,floorplan,1076.77,1278.42,626.696,626.696,0.582016,0.582016,23.0,23.0,4048.0,4048.0,2.0,2.0,0.00101325,1.47246e-05,0.000699054,0.00172702,2439610000.0,2439610000.0,0.105824,0.0,0.095543,0.51,1.0,39.0,50.0,0.2,100.0
traj_sweep_290,floorplan,1076.77,1278.42,626.696,626.696,0.582016,0.582016,23.0,23.0,4048.0,4048.0,2.0,2.0,0.00099376,1.47246e-05,0.00068561,0.0016941,2439610000.0,2439610000.0,0.105824,0.0,0.103543,0.52,1.0,39.0,50.0,0.2,100.0
traj_sweep_291,floorplan,1076.77,1278.42,626.696,626.696,0.582016,0.582016,23.0,23.0,4048.0,4048.0,2.0,2.0,0.00097501,1.47246e-05,0.000672674,0.00166241,2439610000.0,2439610000.0,0.105824,0.0,0.111543,0.53,1.0,39.0,50.0,0.2,100.0
traj_sweep_292,floorplan,1076.77,1278.42,626.696,626.696,0.582016,0.582016,23.0,23.0,4048.0,4048.0,2.0,2.0,0.000956954,1.47246e-05,0.000660217,0.0016319,2439610000.0,2439610000.0,0.105824,0.0,0.119543,0.54,1.0,39.0,50.0,0.2,100.0
traj_sweep_293,floorplan,1076.77,1278.42,626.696,626.696,0.582016,0.582016,23.0,23.0,4048.0,4048.0,2.0,2.0,0.000939555,1.47246e-05,0.000648213,0.00160249,2439610000.0,2439610000.0,0.105824,0.0,0.127543,0.55,1.0,39.0,50.0,0.2,100.0
traj_sweep_294,floorplan,1076.77,1278.42,626.696,626.696,0.582016,0.582016,23.0,23.0,4048.0,4048.0,2.0,2.0,0.000922778,1.47246e-05,0.000636639,0.00157414,2439610000.0,2439610000.0,0.105824,0.0,0.135543,0.56,1.0,39.0,50.0,0.2,100.0
traj_sweep_295,floorplan,1076.77,1278.42,626.696,626.696,0.582016,0.582016,23.0,23.0,4048.0,4048.0,2.0,2.0,0.000906589,1.47246e-05,0.000625469,0.00154678,2439610000.0,2439610000.0,0.105824,0.0,0.143543,0.57,1.0,39.0,50.0,0.2,100.0
traj_sweep_296,floorplan,1076.77,1278.42,626.696,626.696,0.582016,0.582016,23.0,23.0,4048.0,4048.0,2.0,2.0,0.000890958,1.47246e-05,0.000614685,0.00152037,2439610000.0,2439610000.0,0.105824,0.0,0.151543,0.58,1.0,39.0,50.0,0.2,100.0
traj_sweep_297,floorplan,1076.77,1278.42,626.696,626.696,0.582016,0.582016,23.0,23.0,4048.0,4048.0,2.0,2.0,0.000875857,1.47246e-05,0.000604267,0.00149485,2439610000.0,2439610000.0,0.105824,0.0,0.159543,0.59,1.0,39.0,50.0,0.2,100.0
traj_sweep_298,floorplan,1076.77,1278.42,626.696,626.696,0.582016,0.582016,23.0,23.0,4048.0,4048.0,2.0,2.0,0.000861259,1.47246e-05,0.000594196,0.00147018,2439610000.0,2439610000.0,0.105824,0.0,0.167543,0.6,1.0,39.0,50.0,0.2,100.0
traj_sweep_299,floorplan,1076.77,1278.42,626.696,626.696,0.582016,0.582016,23.0,23.0,4048.0,4048.0,2.0,2.0,0.00084714,1.47246e-05,0.000584455,0.00144632,2439610000.0,2439610000.0,0.105824,0.0,0.175543,0.61,1.0,39.0,50.0,0.2,100.0
traj_sweep_300,floorplan,1076.77,1278.42,626.696,626.696,0.582016,0.582016,23.0,23.0,4048.0,4048.0,2.0,2.0,0.000833476,1.47246e-05,0.000575028,0.00142323,2439610000.0,2439610000.0,0.105824,0.0,0.183543,0.62,1.0,39.0,50.0,0.2,100.0
traj_sweep_301,floorplan,1076.77,1278.42,706.762,706.762,0.656374,0.656374,23.0,23.0,4048.0,4048.0,3.0,3.0,0.00415826,1.81589e-05,0.00301734,0.00719375,2467270000.0,2467270000.0,0.0469655,-11.3168,-0.265306,0.14,1.0,40.0,50.0,0.2,100.0
traj_sweep_302,floorplan,1076.77,1278.42,706.762,706.762,0.656374,0.656374,23.0,23.0,4048.0,4048.0,3.0,3.0,0.00388104,1.81589e-05,0.00281618,0.00671538,2467270000.0,2467270000.0,0.0489655,-10.8308,-0.255306,0.15,1.0,40.0,50.0,0.2,100.0
traj_sweep_303,floorplan,1076.77,1278.42,706.762,706.762,0.656374,0.656374,23.0,23.0,4048.0,4048.0,3.0,3.0,0.00363847,1.81589e-05,0.00264017,0.0062968,2467270000.0,2467270000.0,0.0509655,-10.3448,-0.245306,0.16,1.0,40.0,50.0,0.2,100.0
traj_sweep_304,floorplan,1076.77,1278.42,706.762,706.762,0.656374,0.656374,23.0,23.0,4048.0,4048.0,3.0,3.0,0.00342445,1.81589e-05,0.00248486,0.00592747,2467270000.0,2467270000.0,0.0529655,-9.85877,-0.235306,0.17,1.0,40.0,50.0,0.2,100.0
traj_sweep_305,floorplan,1076.77,1278.42,706.762,706.762,0.656374,0.656374,23.0,23.0,4048.0,4048.0,3.0,3.0,0.0032342,1.81589e-05,0.00234681,0.00559917,2467270000.0,2467270000.0,0.0549655,-9.37905,-0.225306,0.18,1.0,40.0,50.0,0.2,100.0
traj_sweep_306,floorplan,1076.77,1278.42,706.762,706.762,0.656374,0.656374,23.0,23.0,4048.0,4048.0,3.0,3.0,0.00306398,1.81589e-05,0.0022233,0.00530543,2467270000.0,2467270000.0,0.0569655,-8.90105,-0.215306,0.19,1.0,40.0,50.0,0.2,100.0
traj_sweep_307,floorplan,1076.77,1278.42,706.762,706.762,0.656374,0.656374,23.0,23.0,4048.0,4048.0,3.0,3.0,0.00291078,1.81589e-05,0.00211213,0.00504107,2467270000.0,2467270000.0,0.0589655,-8.42305,-0.205306,0.2,1.0,40.0,50.0,0.2,100.0
traj_sweep_308,floorplan,1076.77,1278.42,706.762,706.762,0.656374,0.656374,23.0,23.0,4048.0,4048.0,3.0,3.0,0.00277217,1.81589e-05,0.00201156,0.00480189,2467270000.0,2467270000.0,0.0609654,-7.94505,-0.195306,0.21,1.0,40.0,50.0,0.2,100.0
traj_sweep_309,floorplan,1076.77,1278.42,706.762,706.762,0.656374,0.656374,23.0,23.0,4048.0,4048.0,3.0,3.0,0.00264616,1.81589e-05,0.00192012,0.00458444,2467270000.0,2467270000.0,0.0629655,-7.46705,-0.185306,0.22,1.0,40.0,50.0,0.2,100.0
traj_sweep_310,floorplan,1076.77,1278.42,706.762,706.762,0.656374,0.656374,23.0,23.0,4048.0,4048.0,3.0,3.0,0.00253111,1.81589e-05,0.00183664,0.00438591,2467270000.0,2467270000.0,0.0649655,-6.98905,-0.175306,0.23,1.0,40.0,50.0,0.2,100.0
traj_sweep_311,floorplan,1076.77,1278.42,705.698,705.698,0.655385,0.655385,23.0,23.0,4048.0,4048.0,3.0,3.0,0.00241814,1.8122e-05,0.0017569,0.00419316,2467270000.0,2467270000.0,0.0669655,-6.51841,-0.165306,0.24,1.0,40.0,50.0,0.2,100.0
traj_sweep_312,floorplan,1076.77,1278.42,698.25,698.25,0.648468,0.648468,23.0,23.0,4048.0,4048.0,3.0,3.0,0.00230584,1.77405e-05,0.00167224,0.00399583,2467270000.0,2467270000.0,0.0689655,-6.04438,-0.155306,0.25,1.0,40.0,50.0,0.2,100.0
traj_sweep_313,floorplan,1076.77,1278.42,696.92,696.92,0.647233,0.647233,23.0,23.0,4048.0,4048.0,3.0,3.0,0.00221331,1.76365e-05,0.00160566,0.00383661,2467270000.0,2467270000.0,0.0709655,-5.59937,-0.145306,0.26,1.0,40.0,50.0,0.2,100.0
traj_sweep_314,floorplan,1076.77,1278.42,692.93,692.93,0.643528,0.643528,23.0,23.0,4048.0,4048.0,3.0,3.0,0.00211681,1.74688e-05,0.0015392,0.00367348,2467270000.0,2467270000.0,0.0729655,-5.16754,-0.135307,0.27,1.0,40.0,50.0,0.2,100.0
traj_sweep_315,floorplan,1076.77,1278.42,692.93,692.93,0.643528,0.643528,23.0,23.0,4048.0,4048.0,3.0,3.0,0.00204121,1.74688e-05,0.00148423,0.00354291,2467270000.0,2467270000.0,0.0749655,-4.7057,-0.125307,0.28,1.0,40.0,50.0,0.2,100.0
traj_sweep_316,floorplan,1076.77,1278.42,692.664,692.664,0.643281,0.643281,23.0,23.0,4048.0,4048.0,3.0,3.0,0.00196984,1.74465e-05,0.00143283,0.00342012,2466920000.0,2466920000.0,0.0769655,-4.25482,-0.115363,0.29,1.0,40.0,50.0,0.2,100.0
traj_sweep_317,floorplan,1076.77,1278.42,692.398,692.398,0.643034,0.643034,23.0,23.0,4048.0,4048.0,3.0,3.0,0.00190326,1.74256e-05,0.00138485,0.00330554,2466920000.0,2466920000.0,0.0789655,-3.81082,-0.105363,0.3,1.0,40.0,50.0,0.2,100.0
traj_sweep_318,floorplan,1076.77,1278.42,687.61,687.61,0.638587,0.638587,23.0,23.0,4048.0,4048.0,3.0,3.0,0.00182808,1.72588e-05,0.0013228,0.00316814,2466860000.0,2466860000.0,0.0809655,-3.37094,-0.0953737,0.31,1.0,40.0,50.0,0.2,100.0
traj_sweep_319,floorplan,1076.77,1278.42,687.61,687.61,0.638587,0.638587,23.0,23.0,4048.0,4048.0,3.0,3.0,0.00177095,1.72588e-05,0.00128147,0.00306968,2466860000.0,2466860000.0,0.0829655,-2.94294,-0.0853737,0.32,1.0,40.0,50.0,0.2,100.0
traj_sweep_320,floorplan,1076.77,1278.42,687.61,687.61,0.638587,0.638587,23.0,23.0,4048.0,4048.0,3.0,3.0,0.00171729,1.72588e-05,0.00124263,0.00297718,2466860000.0,2466860000.0,0.0849654,-2.51494,-0.0753737,0.33,1.0,40.0,50.0,0.2,100.0
traj_sweep_321,floorplan,1076.77,1278.42,680.694,680.694,0.632164,0.632164,23.0,23.0,4048.0,4048.0,3.0,3.0,0.00164705,1.69788e-05,0.00118377,0.00284781,2466760000.0,2466760000.0,0.0869655,-2.10805,-0.0653901,0.34,1.0,40.0,50.0,0.2,100.0
traj_sweep_322,floorplan,1076.77,1278.42,680.694,680.694,0.632164,0.632164,23.0,23.0,4048.0,4048.0,3.0,3.0,0.0016,1.69788e-05,0.00114995,0.00276693,2466760000.0,2466760000.0,0.0889655,-1.68005,-0.0553901,0.35,1.0,40.0,50.0,0.2,100.0
traj_sweep_323,floorplan,1076.77,1278.42,680.694,680.694,0.632164,0.632164,23.0,23.0,4048.0,4048.0,3.0,3.0,0.00155555,1.69788e-05,0.00111801,0.00269054,2466760000.0,2466760000.0,0.0909655,-1.28025,-0.0453901,0.36,1.0,40.0,50.0,0.2,100.0
traj_sweep_324,floorplan,1076.77,1278.42,679.896,679.896,0.631423,0.631423,23.0,23.0,4048.0,4048.0,3.0,3.0,0.00150882,1.69681e-05,0.00108398,0.00260977,2466760000.0,2466760000.0,0.0929655,-0.893358,-0.0353901,0.37,1.0,40.0,50.0,0.2,100.0
traj_sweep_325,floorplan,1076.77,1278.42,677.502,677.502,0.6292,0.6292,23.0,23.0,4048.0,4048.0,3.0,3.0,0.00146284,1.68603e-05,0.0010489,0.0025286,2466760000.0,2466760000.0,0.0949654,-0.540987,-0.0253901,0.38,1.0,40.0,50.0,0.2,100.0
traj_sweep_326,floorplan,1076.77,1278.42,676.438,676.438,0.628211,0.628211,23.0,23.0,4048.0,4048.0,3.0,3.0,0.00142367,1.68119e-05,0.00101747,0.00245796,2466760000.0,2466760000.0,0.0969655,-0.256458,-0.0153901,0.39,1.0,40.0,50.0,0.2,100.0
traj_sweep_327,floorplan,1076.77,1278.42,638.666,638.666,0.593132,0.593132,23.0,23.0,4048.0,4048.0,3.0,3.0,0.00131998,1.52355e-05,0.00092424,0.00225946,2469040000.0,2469040000.0,0.100056,-0.0341863,-0.00501507,0.4,1.0,40.0,50.0,0.2,100.0
traj_sweep_328,floorplan,1076.77,1278.42,626.696,626.696,0.582016,0.582016,23.0,23.0,4048.0,4048.0,2.0,2.0,0.00126038,1.47246e-05,0.000869555,0.00214466,2439610000.0,2439610000.0,0.102056,0.0,9.8227e-05,0.41,1.0,40.0,50.0,0.2,100.0
traj_sweep_329,floorplan,1076.77,1278.42,626.696,626.696,0.582016,0.582016,23.0,23.0,4048.0,4048.0,2.0,2.0,0.00123037,1.47246e-05,0.000848852,0.00209395,2439610000.0,2439610000.0,0.104056,0.0,0.0100982,0.42,1.0,40.0,50.0,0.2,100.0
traj_sweep_330,floorplan,1076.77,1278.42,626.696,626.696,0.582016,0.582016,23.0,23.0,4048.0,4048.0,2.0,2.0,0.00120176,1.47246e-05,0.000829111,0.00204559,2439610000.0,2439610000.0,0.105824,0.0,0.0200982,0.43,1.0,40.0,50.0,0.2,100.0
traj_sweep_331,floorplan,1076.77,1278.42,626.696,626.696,0.582016,0.582016,23.0,23.0,4048.0,4048.0,2.0,2.0,0.00117444,1.47246e-05,0.000810267,0.00199944,2439610000.0,2439610000.0,0.105824,0.0,0.0300982,0.44,1.0,40.0,50.0,0.2,100.0
traj_sweep_332,floorplan,1076.77,1278.42,626.696,626.696,0.582016,0.582016,23.0,23.0,4048.0,4048.0,2.0,2.0,0.00114834,1.47246e-05,0.000792262,0.00195533,2439610000.0,2439610000.0,0.105824,0.0,0.0400982,0.45,1.0,40.0,50.0,0.2,100.0
traj_sweep_333,floorplan,1076.77,1278.42,626.696,626.696,0.582016,0.582016,23.0,23.0,4048.0,4048.0,2.0,2.0,0.00112338,1.47246e-05,0.000775038,0.00191314,2439610000.0,2439610000.0,0.105824,0.0,0.0500982,0.46,1.0,40.0,50.0,0.2,100.0
traj_sweep_334,floorplan,1076.77,1278.42,626.696,626.696,0.582016,0.582016,23.0,23.0,4048.0,4048.0,2.0,2.0,0.00109948,1.47246e-05,0.000758548,0.00187275,2439610000.0,2439610000.0,0.105824,0.0,0.0600982,0.47,1.0,40.0,50.0,0.2,100.0
traj_sweep_335,floorplan,1076.77,1278.42,626.696,626.696,0.582016,0.582016,23.0,23.0,4048.0,4048.0,2.0,2.0,0.00107657,1.47246e-05,0.000742745,0.00183404,2439610000.0,2439610000.0,0.105824,0.0,0.0700982,0.48,1.0,40.0,50.0,0.2,100.0
traj_sweep_336,floorplan,1076.77,1278.42,626.696,626.696,0.582016,0.582016,23.0,23.0,4048.0,4048.0,2.0,2.0,0.0010546,1.47246e-05,0.000727587,0.00179691,2439610000.0,2439610000.0,0.105824,0.0,0.0795431,0.49,1.0,40.0,50.0,0.2,100.0
traj_sweep_337,floorplan,1076.77,1278.42,626.696,626.696,0.582016,0.582016,23.0,23.0,4048.0,4048.0,2.0,2.0,0.00103351,1.47246e-05,0.000713035,0.00176127,2439610000.0,2439610000.0,0.105824,0.0,0.0875431,0.5,1.0,40.0,50.0,0.2,100.0
traj_sweep_338,floorplan,1076.77,1278.42,626.696,626.696,0.582016,0.582016,23.0,23.0,4048.0,4048.0,2.0,2.0,0.00101325,1.47246e-05,0.000699054,0.00172702,2439610000.0,2439610000.0,0.105824,0.0,0.095543,0.51,1.0,40.0,50.0,0.2,100.0
traj_sweep_339,floorplan,1076.77,1278.42,626.696,626.696,0.582016,0.582016,23.0,23.0,4048.0,4048.0,2.0,2.0,0.00099376,1.47246e-05,0.00068561,0.0016941,2439610000.0,2439610000.0,0.105824,0.0,0.103543,0.52,1.0,40.0,50.0,0.2,100.0
traj_sweep_340,floorplan,1076.77,1278.42,626.696,626.696,0.582016,0.582016,23.0,23.0,4048.0,4048.0,2.0,2.0,0.00097501,1.47246e-05,0.000672674,0.00166241,2439610000.0,2439610000.0,0.105824,0.0,0.111543,0.53,1.0,40.0,50.0,0.2,100.0
traj_sweep_341,floorplan,1076.77,1278.42,626.696,626.696,0.582016,0.582016,23.0,23.0,4048.0,4048.0,2.0,2.0,0.000956954,1.47246e-05,0.000660217,0.0016319,2439610000.0,2439610000.0,0.105824,0.0,0.119543,0.54,1.0,40.0,50.0,0.2,100.0
traj_sweep_342,floorplan,1076.77,1278.42,626.696,626.696,0.582016,0.582016,23.0,23.0,4048.0,4048.0,2.0,2.0,0.000939555,1.47246e-05,0.000648213,0.00160249,2439610000.0,2439610000.0,0.105824,0.0,0.127543,0.55,1.0,40.0,50.0,0.2,100.0
traj_sweep_343,floorplan,1076.77,1278.42,626.696,626.696,0.582016,0.582016,23.0,23.0,4048.0,4048.0,2.0,2.0,0.000922778,1.47246e-05,0.000636639,0.00157414,2439610000.0,2439610000.0,0.105824,0.0,0.135543,0.56,1.0,40.0,50.0,0.2,100.0
traj_sweep_344,floorplan,1076.77,1278.42,626.696,626.696,0.582016,0.582016,23.0,23.0,4048.0,4048.0,2.0,2.0,0.000906589,1.47246e-05,0.000625469,0.00154678,2439610000.0,2439610000.0,0.105824,0.0,0.143543,0.57,1.0,40.0,50.0,0.2,100.0
traj_sweep_345,floorplan,1076.77,1278.42,626.696,626.696,0.582016,0.582016,23.0,23.0,4048.0,4048.0,2.0,2.0,0.000890958,1.47246e-05,0.000614685,0.00152037,2439610000.0,2439610000.0,0.105824,0.0,0.151543,0.58,1.0,40.0,50.0,0.2,100.0
traj_sweep_346,floorplan,1076.77,1278.42,626.696,626.696,0.582016,0.582016,23.0,23.0,4048.0,4048.0,2.0,2.0,0.000875857,1.47246e-05,0.000604267,0.00149485,2439610000.0,2439610000.0,0.105824,0.0,0.159543,0.59,1.0,40.0,50.0,0.2,100.0
traj_sweep_347,floorplan,1076.77,1278.42,626.696,626.696,0.582016,0.582016,23.0,23.0,4048.0,4048.0,2.0,2.0,0.000861259,1.47246e-05,0.000594196,0.00147018,2439610000.0,2439610000.0,0.105824,0.0,0.167543,0.6,1.0,40.0,50.0,0.2,100.0
traj_sweep_348,floorplan,1076.77,1278.42,626.696,626.696,0.582016,0.582016,23.0,23.0,4048.0,4048.0,2.0,2.0,0.00084714,1.47246e-05,0.000584455,0.00144632,2439610000.0,2439610000.0,0.105824,0.0,0.175543,0.61,1.0,40.0,50.0,0.2,100.0
traj_sweep_349,floorplan,1076.77,1278.42,626.696,626.696,0.582016,0.582016,23.0,23.0,4048.0,4048.0,2.0,2.0,0.000833476,1.47246e-05,0.000575028,0.00142323,2439610000.0,2439610000.0,0.105824,0.0,0.183543,0.62,1.0,40.0,50.0,0.2,100.0
traj_sweep_350,floorplan,1076.77,1278.42,706.762,706.762,0.656374,0.656374,23.0,23.0,4048.0,4048.0,3.0,3.0,0.00415826,1.81589e-05,0.00301734,0.00719375,2467270000.0,2467270000.0,0.0469655,-11.3168,-0.265306,0.14,1.0,41.0,50.0,0.2,100.0
traj_sweep_351,floorplan,1076.77,1278.42,706.762,706.762,0.656374,0.656374,23.0,23.0,4048.0,4048.0,3.0,3.0,0.00388104,1.81589e-05,0.00281618,0.00671538,2467270000.0,2467270000.0,0.0489655,-10.8308,-0.255306,0.15,1.0,41.0,50.0,0.2,100.0
traj_sweep_352,floorplan,1076.77,1278.42,706.762,706.762,0.656374,0.656374,23.0,23.0,4048.0,4048.0,3.0,3.0,0.00363847,1.81589e-05,0.00264017,0.0062968,2467270000.0,2467270000.0,0.0509655,-10.3448,-0.245306,0.16,1.0,41.0,50.0,0.2,100.0
traj_sweep_353,floorplan,1076.77,1278.42,706.762,706.762,0.656374,0.656374,23.0,23.0,4048.0,4048.0,3.0,3.0,0.00342445,1.81589e-05,0.00248486,0.00592747,2467270000.0,2467270000.0,0.0529655,-9.85877,-0.235306,0.17,1.0,41.0,50.0,0.2,100.0
traj_sweep_354,floorplan,1076.77,1278.42,706.762,706.762,0.656374,0.656374,23.0,23.0,4048.0,4048.0,3.0,3.0,0.0032342,1.81589e-05,0.00234681,0.00559917,2467270000.0,2467270000.0,0.0549655,-9.37905,-0.225306,0.18,1.0,41.0,50.0,0.2,100.0
traj_sweep_355,floorplan,1076.77,1278.42,706.762,706.762,0.656374,0.656374,23.0,23.0,4048.0,4048.0,3.0,3.0,0.00306398,1.81589e-05,0.0022233,0.00530543,2467270000.0,2467270000.0,0.0569655,-8.90105,-0.215306,0.19,1.0,41.0,50.0,0.2,100.0
traj_sweep_356,floorplan,1076.77,1278.42,706.762,706.762,0.656374,0.656374,23.0,23.0,4048.0,4048.0,3.0,3.0,0.00291078,1.81589e-05,0.00211213,0.00504107,2467270000.0,2467270000.0,0.0589655,-8.42305,-0.205306,0.2,1.0,41.0,50.0,0.2,100.0
traj_sweep_357,floorplan,1076.77,1278.42,706.762,706.762,0.656374,0.656374,23.0,23.0,4048.0,4048.0,3.0,3.0,0.00277217,1.81589e-05,0.00201156,0.00480189,2467270000.0,2467270000.0,0.0609654,-7.94505,-0.195306,0.21,1.0,41.0,50.0,0.2,100.0
traj_sweep_358,floorplan,1076.77,1278.42,706.762,706.762,0.656374,0.656374,23.0,23.0,4048.0,4048.0,3.0,3.0,0.00264616,1.81589e-05,0.00192012,0.00458444,2467270000.0,2467270000.0,0.0629655,-7.46705,-0.185306,0.22,1.0,41.0,50.0,0.2,100.0
traj_sweep_359,floorplan,1076.77,1278.42,706.762,706.762,0.656374,0.656374,23.0,23.0,4048.0,4048.0,3.0,3.0,0.00253111,1.81589e-05,0.00183664,0.00438591,2467270000.0,2467270000.0,0.0649655,-6.98905,-0.175306,0.23,1.0,41.0,50.0,0.2,100.0
traj_sweep_360,floorplan,1076.77,1278.42,705.698,705.698,0.655385,0.655385,23.0,23.0,4048.0,4048.0,3.0,3.0,0.00241814,1.8122e-05,0.0017569,0.00419316,2467270000.0,2467270000.0,0.0669655,-6.51841,-0.165306,0.24,1.0,41.0,50.0,0.2,100.0
traj_sweep_361,floorplan,1076.77,1278.42,698.25,698.25,0.648468,0.648468,23.0,23.0,4048.0,4048.0,3.0,3.0,0.00230584,1.77405e-05,0.00167224,0.00399583,2467270000.0,2467270000.0,0.0689655,-6.04438,-0.155306,0.25,1.0,41.0,50.0,0.2,100.0
traj_sweep_362,floorplan,1076.77,1278.42,696.92,696.92,0.647233,0.647233,23.0,23.0,4048.0,4048.0,3.0,3.0,0.00221331,1.76365e-05,0.00160566,0.00383661,2467270000.0,2467270000.0,0.0709655,-5.59937,-0.145306,0.26,1.0,41.0,50.0,0.2,100.0
traj_sweep_363,floorplan,1076.77,1278.42,692.93,692.93,0.643528,0.643528,23.0,23.0,4048.0,4048.0,3.0,3.0,0.00211681,1.74688e-05,0.0015392,0.00367348,2467270000.0,2467270000.0,0.0729655,-5.16754,-0.135307,0.27,1.0,41.0,50.0,0.2,100.0
traj_sweep_364,floorplan,1076.77,1278.42,692.93,692.93,0.643528,0.643528,23.0,23.0,4048.0,4048.0,3.0,3.0,0.00204121,1.74688e-05,0.00148423,0.00354291,2467270000.0,2467270000.0,0.0749655,-4.7057,-0.125307,0.28,1.0,41.0,50.0,0.2,100.0
traj_sweep_365,floorplan,1076.77,1278.42,692.664,692.664,0.643281,0.643281,23.0,23.0,4048.0,4048.0,3.0,3.0,0.00196984,1.74465e-05,0.00143283,0.00342012,2466920000.0,2466920000.0,0.0769655,-4.25482,-0.115363,0.29,1.0,41.0,50.0,0.2,100.0
traj_sweep_366,floorplan,1076.77,1278.42,692.398,692.398,0.643034,0.643034,23.0,23.0,4048.0,4048.0,3.0,3.0,0.00190326,1.74256e-05,0.00138485,0.00330554,2466920000.0,2466920000.0,0.0789655,-3.81082,-0.105363,0.3,1.0,41.0,50.0,0.2,100.0
traj_sweep_367,floorplan,1076.77,1278.42,687.61,687.61,0.638587,0.638587,23.0,23.0,4048.0,4048.0,3.0,3.0,0.00182808,1.72588e-05,0.0013228,0.00316814,2466860000.0,2466860000.0,0.0809655,-3.37094,-0.0953737,0.31,1.0,41.0,50.0,0.2,100.0
traj_sweep_368,floorplan,1076.77,1278.42,687.61,687.61,0.638587,0.638587,23.0,23.0,4048.0,4048.0,3.0,3.0,0.00177095,1.72588e-05,0.00128147,0.00306968,2466860000.0,2466860000.0,0.0829655,-2.94294,-0.0853737,0.32,1.0,41.0,50.0,0.2,100.0
traj_sweep_369,floorplan,1076.77,1278.42,687.61,687.61,0.638587,0.638587,23.0,23.0,4048.0,4048.0,3.0,3.0,0.00171729,1.72588e-05,0.00124263,0.00297718,2466860000.0,2466860000.0,0.0849654,-2.51494,-0.0753737,0.33,1.0,41.0,50.0,0.2,100.0
traj_sweep_370,floorplan,1076.77,1278.42,680.694,680.694,0.632164,0.632164,23.0,23.0,4048.0,4048.0,3.0,3.0,0.00164705,1.69788e-05,0.00118377,0.00284781,2466760000.0,2466760000.0,0.0869655,-2.10805,-0.0653901,0.34,1.0,41.0,50.0,0.2,100.0
traj_sweep_371,floorplan,1076.77,1278.42,680.694,680.694,0.632164,0.632164,23.0,23.0,4048.0,4048.0,3.0,3.0,0.0016,1.69788e-05,0.00114995,0.00276693,2466760000.0,2466760000.0,0.0889655,-1.68005,-0.0553901,0.35,1.0,41.0,50.0,0.2,100.0
traj_sweep_372,floorplan,1076.77,1278.42,680.694,680.694,0.632164,0.632164,23.0,23.0,4048.0,4048.0,3.0,3.0,0.00155555,1.69788e-05,0.00111801,0.00269054,2466760000.0,2466760000.0,0.0909655,-1.28025,-0.0453901,0.36,1.0,41.0,50.0,0.2,100.0
traj_sweep_373,floorplan,1076.77,1278.42,679.896,679.896,0.631423,0.631423,23.0,23.0,4048.0,4048.0,3.0,3.0,0.00150882,1.69681e-05,0.00108398,0.00260977,2466760000.0,2466760000.0,0.0929655,-0.893358,-0.0353901,0.37,1.0,41.0,50.0,0.2,100.0
traj_sweep_374,floorplan,1076.77,1278.42,677.502,677.502,0.6292,0.6292,23.0,23.0,4048.0,4048.0,3.0,3.0,0.00146284,1.68603e-05,0.0010489,0.0025286,2466760000.0,2466760000.0,0.0949654,-0.540987,-0.0253901,0.38,1.0,41.0,50.0,0.2,100.0
traj_sweep_375,floorplan,1076.77,1278.42,676.438,676.438,0.628211,0.628211,23.0,23.0,4048.0,4048.0,3.0,3.0,0.00142367,1.68119e-05,0.00101747,0.00245796,2466760000.0,2466760000.0,0.0969655,-0.256458,-0.0153901,0.39,1.0,41.0,50.0,0.2,100.0
traj_sweep_376,floorplan,1076.77,1278.42,638.666,638.666,0.593132,0.593132,23.0,23.0,4048.0,4048.0,3.0,3.0,0.00131998,1.52355e-05,0.00092424,0.00225946,2469040000.0,2469040000.0,0.100056,-0.0341863,-0.00501507,0.4,1.0,41.0,50.0,0.2,100.0
traj_sweep_377,floorplan,1076.77,1278.42,626.696,626.696,0.582016,0.582016,23.0,23.0,4048.0,4048.0,2.0,2.0,0.00126038,1.47246e-05,0.000869555,0.00214466,2439610000.0,2439610000.0,0.102056,0.0,9.8227e-05,0.41,1.0,41.0,50.0,0.2,100.0
traj_sweep_378,floorplan,1076.77,1278.42,626.696,626.696,0.582016,0.582016,23.0,23.0,4048.0,4048.0,2.0,2.0,0.00123037,1.47246e-05,0.000848852,0.00209395,2439610000.0,2439610000.0,0.104056,0.0,0.0100982,0.42,1.0,41.0,50.0,0.2,100.0
traj_sweep_379,floorplan,1076.77,1278.42,626.696,626.696,0.582016,0.582016,23.0,23.0,4048.0,4048.0,2.0,2.0,0.00120176,1.47246e-05,0.000829111,0.00204559,2439610000.0,2439610000.0,0.105824,0.0,0.0200982,0.43,1.0,41.0,50.0,0.2,100.0
traj_sweep_380,floorplan,1076.77,1278.42,626.696,626.696,0.582016,0.582016,23.0,23.0,4048.0,4048.0,2.0,2.0,0.00117444,1.47246e-05,0.000810267,0.00199944,2439610000.0,2439610000.0,0.105824,0.0,0.0300982,0.44,1.0,41.0,50.0,0.2,100.0
traj_sweep_381,floorplan,1076.77,1278.42,626.696,626.696,0.582016,0.582016,23.0,23.0,4048.0,4048.0,2.0,2.0,0.00114834,1.47246e-05,0.000792262,0.00195533,2439610000.0,2439610000.0,0.105824,0.0,0.0400982,0.45,1.0,41.0,50.0,0.2,100.0
traj_sweep_382,floorplan,1076.77,1278.42,626.696,626.696,0.582016,0.582016,23.0,23.0,4048.0,4048.0,2.0,2.0,0.00112338,1.47246e-05,0.000775038,0.00191314,2439610000.0,2439610000.0,0.105824,0.0,0.0500982,0.46,1.0,41.0,50.0,0.2,100.0
traj_sweep_383,floorplan,1076.77,1278.42,626.696,626.696,0.582016,0.582016,23.0,23.0,4048.0,4048.0,2.0,2.0,0.00109948,1.47246e-05,0.000758548,0.00187275,2439610000.0,2439610000.0,0.105824,0.0,0.0600982,0.47,1.0,41.0,50.0,0.2,100.0
traj_sweep_384,floorplan,1076.77,1278.42,626.696,626.696,0.582016,0.582016,23.0,23.0,4048.0,4048.0,2.0,2.0,0.00107657,1.47246e-05,0.000742745,0.00183404,2439610000.0,2439610000.0,0.105824,0.0,0.0700982,0.48,1.0,41.0,50.0,0.2,100.0
traj_sweep_385,floorplan,1076.77,1278.42,626.696,626.696,0.582016,0.582016,23.0,23.0,4048.0,4048.0,2.0,2.0,0.0010546,1.47246e-05,0.000727587,0.00179691,2439610000.0,2439610000.0,0.105824,0.0,0.0795431,0.49,1.0,41.0,50.0,0.2,100.0
traj_sweep_386,floorplan,1076.77,1278.42,626.696,626.696,0.582016,0.582016,23.0,23.0,4048.0,4048.0,2.0,2.0,0.00103351,1.47246e-05,0.000713035,0.00176127,2439610000.0,2439610000.0,0.105824,0.0,0.0875431,0.5,1.0,41.0,50.0,0.2,100.0
traj_sweep_387,floorplan,1076.77,1278.42,626.696,626.696,0.582016,0.582016,23.0,23.0,4048.0,4048.0,2.0,2.0,0.00101325,1.47246e-05,0.000699054,0.00172702,2439610000.0,2439610000.0,0.105824,0.0,0.095543,0.51,1.0,41.0,50.0,0.2,100.0
traj_sweep_388,floorplan,1076.77,1278.42,626.696,626.696,0.582016,0.582016,23.0,23.0,4048.0,4048.0,2.0,2.0,0.00099376,1.47246e-05,0.00068561,0.0016941,2439610000.0,2439610000.0,0.105824,0.0,0.103543,0.52,1.0,41.0,50.0,0.2,100.0
traj_sweep_389,floorplan,1076.77,1278.42,626.696,626.696,0.582016,0.582016,23.0,23.0,4048.0,4048.0,2.0,2.0,0.00097501,1.47246e-05,0.000672674,0.00166241,2439610000.0,2439610000.0,0.105824,0.0,0.111543,0.53,1.0,41.0,50.0,0.2,100.0
traj_sweep_390,floorplan,1076.77,1278.42,626.696,626.696,0.582016,0.582016,23.0,23.0,4048.0,4048.0,2.0,2.0,0.000956954,1.47246e-05,0.000660217,0.0016319,2439610000.0,2439610000.0,0.105824,0.0,0.119543,0.54,1.0,41.0,50.0,0.2,100.0
traj_sweep_391,floorplan,1076.77,1278.42,626.696,626.696,0.582016,0.582016,23.0,23.0,4048.0,4048.0,2.0,2.0,0.000939555,1.47246e-05,0.000648213,0.00160249,2439610000.0,2439610000.0,0.105824,0.0,0.127543,0.55,1.0,41.0,50.0,0.2,100.0
traj_sweep_392,floorplan,1076.77,1278.42,626.696,626.696,0.582016,0.582016,23.0,23.0,4048.0,4048.0,2.0,2.0,0.000922778,1.47246e-05,0.000636639,0.00157414,2439610000.0,2439610000.0,0.105824,0.0,0.135543,0.56,1.0,41.0,50.0,0.2,100.0
traj_sweep_393,floorplan,1076.77,1278.42,626.696,626.696,0.582016,0.582016,23.0,23.0,4048.0,4048.0,2.0,2.0,0.000906589,1.47246e-05,0.000625469,0.00154678,2439610000.0,2439610000.0,0.105824,0.0,0.143543,0.57,1.0,41.0,50.0,0.2,100.0
traj_sweep_394,floorplan,1076.77,1278.42,626.696,626.696,0.582016,0.582016,23.0,23.0,4048.0,4048.0,2.0,2.0,0.000890958,1.47246e-05,0.000614685,0.00152037,2439610000.0,2439610000.0,0.105824,0.0,0.151543,0.58,1.0,41.0,50.0,0.2,100.0
traj_sweep_395,floorplan,1076.77,1278.42,626.696,626.696,0.582016,0.582016,23.0,23.0,4048.0,4048.0,2.0,2.0,0.000875857,1.47246e-05,0.000604267,0.00149485,2439610000.0,2439610000.0,0.105824,0.0,0.159543,0.59,1.0,41.0,50.0,0.2,100.0
traj_sweep_396,floorplan,1076.77,1278.42,626.696,626.696,0.582016,0.582016,23.0,23.0,4048.0,4048.0,2.0,2.0,0.000861259,1.47246e-05,0.000594196,0.00147018,2439610000.0,2439610000.0,0.105824,0.0,0.167543,0.6,1.0,41.0,50.0,0.2,100.0
traj_sweep_397,floorplan,1076.77,1278.42,626.696,626.696,0.582016,0.582016,23.0,23.0,4048.0,4048.0,2.0,2.0,0.00084714,1.47246e-05,0.000584455,0.00144632,2439610000.0,2439610000.0,0.105824,0.0,0.175543,0.61,1.0,41.0,50.0,0.2,100.0
traj_sweep_398,floorplan,1076.77,1278.42,626.696,626.696,0.582016,0.582016,23.0,23.0,4048.0,4048.0,2.0,2.0,0.000833476,1.47246e-05,0.000575028,0.00142323,2439610000.0,2439610000.0,0.105824,0.0,0.183543,0.62,1.0,41.0,50.0,0.2,100.0
traj_sweep_399,floorplan,1076.77,1278.42,706.762,706.762,0.656374,0.656374,23.0,23.0,4048.0,4048.0,3.0,3.0,0.00415826,1.81589e-05,0.00301734,0.00719375,2467270000.0,2467270000.0,0.0469655,-11.3168,-0.265306,0.14,1.0,42.0,50.0,0.2,100.0
traj_sweep_400,floorplan,1076.77,1278.42,706.762,706.762,0.656374,0.656374,23.0,23.0,4048.0,4048.0,3.0,3.0,0.00388104,1.81589e-05,0.00281618,0.00671538,2467270000.0,2467270000.0,0.0489655,-10.8308,-0.255306,0.15,1.0,42.0,50.0,0.2,100.0
traj_sweep_401,floorplan,1076.77,1278.42,706.762,706.762,0.656374,0.656374,23.0,23.0,4048.0,4048.0,3.0,3.0,0.00363847,1.81589e-05,0.00264017,0.0062968,2467270000.0,2467270000.0,0.0509655,-10.3448,-0.245306,0.16,1.0,42.0,50.0,0.2,100.0
traj_sweep_402,floorplan,1076.77,1278.42,706.762,706.762,0.656374,0.656374,23.0,23.0,4048.0,4048.0,3.0,3.0,0.00342445,1.81589e-05,0.00248486,0.00592747,2467270000.0,2467270000.0,0.0529655,-9.85877,-0.235306,0.17,1.0,42.0,50.0,0.2,100.0
traj_sweep_404,floorplan,1076.77,1278.42,706.762,706.762,0.656374,0.656374,23.0,23.0,4048.0,4048.0,3.0,3.0,0.00306398,1.81589e-05,0.0022233,0.00530543,2467270000.0,2467270000.0,0.0569655,-8.90105,-0.215306,0.19,1.0,42.0,50.0,0.2,100.0
traj_sweep_405,floorplan,1076.77,1278.42,706.762,706.762,0.656374,0.656374,23.0,23.0,4048.0,4048.0,3.0,3.0,0.00291078,1.81589e-05,0.00211213,0.00504107,2467270000.0,2467270000.0,0.0589655,-8.42305,-0.205306,0.2,1.0,42.0,50.0,0.2,100.0
traj_sweep_406,floorplan,1076.77,1278.42,706.762,706.762,0.656374,0.656374,23.0,23.0,4048.0,4048.0,3.0,3.0,0.00277217,1.81589e-05,0.00201156,0.00480189,2467270000.0,2467270000.0,0.0609654,-7.94505,-0.195306,0.21,1.0,42.0,50.0,0.2,100.0
traj_sweep_408,floorplan,1076.77,1278.42,706.762,706.762,0.656374,0.656374,23.0,23.0,4048.0,4048.0,3.0,3.0,0.00253111,1.81589e-05,0.00183664,0.00438591,2467270000.0,2467270000.0,0.0649655,-6.98905,-0.175306,0.23,1.0,42.0,50.0,0.2,100.0
traj_sweep_409,floorplan,1076.77,1278.42,705.698,705.698,0.655385,0.655385,23.0,23.0,4048.0,4048.0,3.0,3.0,0.00241814,1.8122e-05,0.0017569,0.00419316,2467270000.0,2467270000.0,0.0669655,-6.51841,-0.165306,0.24,1.0,42.0,50.0,0.2,100.0
traj_sweep_410,floorplan,1076.77,1278.42,698.25,698.25,0.648468,0.648468,23.0,23.0,4048.0,4048.0,3.0,3.0,0.00230584,1.77405e-05,0.00167224,0.00399583,2467270000.0,2467270000.0,0.0689655,-6.04438,-0.155306,0.25,1.0,42.0,50.0,0.2,100.0
traj_sweep_411,floorplan,1076.77,1278.42,696.92,696.92,0.647233,0.647233,23.0,23.0,4048.0,4048.0,3.0,3.0,0.00221331,1.76365e-05,0.00160566,0.00383661,2467270000.0,2467270000.0,0.0709655,-5.59937,-0.145306,0.26,1.0,42.0,50.0,0.2,100.0
traj_sweep_412,floorplan,1076.77,1278.42,692.93,692.93,0.643528,0.643528,23.0,23.0,4048.0,4048.0,3.0,3.0,0.00211681,1.74688e-05,0.0015392,0.00367348,2467270000.0,2467270000.0,0.0729655,-5.16754,-0.135307,0.27,1.0,42.0,50.0,0.2,100.0
traj_sweep_414,floorplan,1076.77,1278.42,692.664,692.664,0.643281,0.643281,23.0,23.0,4048.0,4048.0,3.0,3.0,0.00196984,1.74465e-05,0.00143283,0.00342012,2466920000.0,2466920000.0,0.0769655,-4.25482,-0.115363,0.29,1.0,42.0,50.0,0.2,100.0
traj_sweep_415,floorplan,1076.77,1278.42,692.398,692.398,0.643034,0.643034,23.0,23.0,4048.0,4048.0,3.0,3.0,0.00190326,1.74256e-05,0.00138485,0.00330554,2466920000.0,2466920000.0,0.0789655,-3.81082,-0.105363,0.3,1.0,42.0,50.0,0.2,100.0
traj_sweep_416,floorplan,1076.77,1278.42,687.61,687.61,0.638587,0.638587,23.0,23.0,4048.0,4048.0,3.0,3.0,0.00182808,1.72588e-05,0.0013228,0.00316814,2466860000.0,2466860000.0,0.0809655,-3.37094,-0.0953737,0.31,1.0,42.0,50.0,0.2,100.0
traj_sweep_418,floorplan,1076.77,1278.42,687.61,687.61,0.638587,0.638587,23.0,23.0,4048.0,4048.0,3.0,3.0,0.00171729,1.72588e-05,0.00124263,0.00297718,2466860000.0,2466860000.0,0.0849654,-2.51494,-0.0753737,0.33,1.0,42.0,50.0,0.2,100.0
traj_sweep_419,floorplan,1076.77,1278.42,680.694,680.694,0.632164,0.632164,23.0,23.0,4048.0,4048.0,3.0,3.0,0.00164705,1.69788e-05,0.00118377,0.00284781,2466760000.0,2466760000.0,0.0869655,-2.10805,-0.0653901,0.34,1.0,42.0,50.0,0.2,100.0
traj_sweep_420,floorplan,1076.77,1278.42,680.694,680.694,0.632164,0.632164,23.0,23.0,4048.0,4048.0,3.0,3.0,0.0016,1.69788e-05,0.00114995,0.00276693,2466760000.0,2466760000.0,0.0889655,-1.68005,-0.0553901,0.35,1.0,42.0,50.0,0.2,100.0
traj_sweep_421,floorplan,1076.77,1278.42,680.694,680.694,0.632164,0.632164,23.0,23.0,4048.0,4048.0,3.0,3.0,0.00155555,1.69788e-05,0.00111801,0.00269054,2466760000.0,2466760000.0,0.0909655,-1.28025,-0.0453901,0.36,1.0,42.0,50.0,0.2,100.0
traj_sweep_422,floorplan,1076.77,1278.42,679.896,679.896,0.631423,0.631423,23.0,23.0,4048.0,4048.0,3.0,3.0,0.00150882,1.69681e-05,0.00108398,0.00260977,2466760000.0,2466760000.0,0.0929655,-0.893358,-0.0353901,0.37,1.0,42.0,50.0,0.2,100.0
traj_sweep_424,floorplan,1076.77,1278.42,676.438,676.438,0.628211,0.628211,23.0,23.0,4048.0,4048.0,3.0,3.0,0.00142367,1.68119e-05,0.00101747,0.00245796,2466760000.0,2466760000.0,0.0969655,-0.256458,-0.0153901,0.39,1.0,42.0,50.0,0.2,100.0
traj_sweep_425,floorplan,1076.77,1278.42,638.666,638.666,0.593132,0.593132,23.0,23.0,4048.0,4048.0,3.0,3.0,0.00131998,1.52355e-05,0.00092424,0.00225946,2469040000.0,2469040000.0,0.100056,-0.0341863,-0.00501507,0.4,1.0,42.0,50.0,0.2,100.0
traj_sweep_426,floorplan,1076.77,1278.42,626.696,626.696,0.582016,0.582016,23.0,23.0,4048.0,4048.0,2.0,2.0,0.00126038,1.47246e-05,0.000869555,0.00214466,2439610000.0,2439610000.0,0.102056,0.0,9.8227e-05,0.41,1.0,42.0,50.0,0.2,100.0
traj_sweep_427,floorplan,1076.77,1278.42,626.696,626.696,0.582016,0.582016,23.0,23.0,4048.0,4048.0,2.0,2.0,0.00123037,1.47246e-05,0.000848852,0.00209395,2439610000.0,2439610000.0,0.104056,0.0,0.0100982,0.42,1.0,42.0,50.0,0.2,100.0
traj_sweep_428,floorplan,1076.77,1278.42,626.696,626.696,0.582016,0.582016,23.0,23.0,4048.0,4048.0,2.0,2.0,0.00120176,1.47246e-05,0.000829111,0.00204559,2439610000.0,2439610000.0,0.105824,0.0,0.0200982,0.43,1.0,42.0,50.0,0.2,100.0
traj_sweep_429,floorplan,1076.77,1278.42,626.696,626.696,0.582016,0.582016,23.0,23.0,4048.0,4048.0,2.0,2.0,0.00117444,1.47246e-05,0.000810267,0.00199944,2439610000.0,2439610000.0,0.105824,0.0,0.0300982,0.44,1.0,42.0,50.0,0.2,100.0
traj_sweep_431,floorplan,1076.77,1278.42,626.696,626.696,0.582016,0.582016,23.0,23.0,4048.0,4048.0,2.0,2.0,0.00112338,1.47246e-05,0.000775038,0.00191314,2439610000.0,2439610000.0,0.105824,0.0,0.0500982,0.46,1.0,42.0,50.0,0.2,100.0
traj_sweep_432,floorplan,1076.77,1278.42,626.696,626.696,0.582016,0.582016,23.0,23.0,4048.0,4048.0,2.0,2.0,0.00109948,1.47246e-05,0.000758548,0.00187275,2439610000.0,2439610000.0,0.105824,0.0,0.0600982,0.47,1.0,42.0,50.0,0.2,100.0
traj_sweep_433,floorplan,1076.77,1278.42,626.696,626.696,0.582016,0.582016,23.0,23.0,4048.0,4048.0,2.0,2.0,0.00107657,1.47246e-05,0.000742745,0.00183404,2439610000.0,2439610000.0,0.105824,0.0,0.0700982,0.48,1.0,42.0,50.0,0.2,100.0
traj_sweep_434,floorplan,1076.77,1278.42,626.696,626.696,0.582016,0.582016,23.0,23.0,4048.0,4048.0,2.0,2.0,0.0010546,1.47246e-05,0.000727587,0.00179691,2439610000.0,2439610000.0,0.105824,0.0,0.0795431,0.49,1.0,42.0,50.0,0.2,100.0
traj_sweep_435,floorplan,1076.77,1278.42,626.696,626.696,0.582016,0.582016,23.0,23.0,4048.0,4048.0,2.0,2.0,0.00103351,1.47246e-05,0.000713035,0.00176127,2439610000.0,2439610000.0,0.105824,0.0,0.0875431,0.5,1.0,42.0,50.0,0.2,100.0
traj_sweep_436,floorplan,1076.77,1278.42,626.696,626.696,0.582016,0.582016,23.0,23.0,4048.0,4048.0,2.0,2.0,0.00101325,1.47246e-05,0.000699054,0.00172702,2439610000.0,2439610000.0,0.105824,0.0,0.095543,0.51,1.0,42.0,50.0,0.2,100.0
traj_sweep_438,floorplan,1076.77,1278.42,626.696,626.696,0.582016,0.582016,23.0,23.0,4048.0,4048.0,2.0,2.0,0.00097501,1.47246e-05,0.000672674,0.00166241,2439610000.0,2439610000.0,0.105824,0.0,0.111543,0.53,1.0,42.0,50.0,0.2,100.0
traj_sweep_439,floorplan,1076.77,1278.42,626.696,626.696,0.582016,0.582016,23.0,23.0,4048.0,4048.0,2.0,2.0,0.000956954,1.47246e-05,0.000660217,0.0016319,2439610000.0,2439610000.0,0.105824,0.0,0.119543,0.54,1.0,42.0,50.0,0.2,100.0
traj_sweep_440,floorplan,1076.77,1278.42,626.696,626.696,0.582016,0.582016,23.0,23.0,4048.0,4048.0,2.0,2.0,0.000939555,1.47246e-05,0.000648213,0.00160249,2439610000.0,2439610000.0,0.105824,0.0,0.127543,0.55,1.0,42.0,50.0,0.2,100.0
traj_sweep_441,floorplan,1076.77,1278.42,626.696,626.696,0.582016,0.582016,23.0,23.0,4048.0,4048.0,2.0,2.0,0.000922778,1.47246e-05,0.000636639,0.00157414,2439610000.0,2439610000.0,0.105824,0.0,0.135543,0.56,1.0,42.0,50.0,0.2,100.0
traj_sweep_442,floorplan,1076.77,1278.42,626.696,626.696,0.582016,0.582016,23.0,23.0,4048.0,4048.0,2.0,2.0,0.000906589,1.47246e-05,0.000625469,0.00154678,2439610000.0,2439610000.0,0.105824,0.0,0.143543,0.57,1.0,42.0,50.0,0.2,100.0
traj_sweep_443,floorplan,1076.77,1278.42,626.696,626.696,0.582016,0.582016,23.0,23.0,4048.0,4048.0,2.0,2.0,0.000890958,1.47246e-05,0.000614685,0.00152037,2439610000.0,2439610000.0,0.105824,0.0,0.151543,0.58,1.0,42.0,50.0,0.2,100.0
traj_sweep_444,floorplan,1076.77,1278.42,626.696,626.696,0.582016,0.582016,23.0,23.0,4048.0,4048.0,2.0,2.0,0.000875857,1.47246e-05,0.000604267,0.00149485,2439610000.0,2439610000.0,0.105824,0.0,0.159543,0.59,1.0,42.0,50.0,0.2,100.0
traj_sweep_445,floorplan,1076.77,1278.42,626.696,626.696,0.582016,0.582016,23.0,23.0,4048.0,4048.0,2.0,2.0,0.000861259,1.47246e-05,0.000594196,0.00147018,2439610000.0,2439610000.0,0.105824,0.0,0.167543,0.6,1.0,42.0,50.0,0.2,100.0
traj_sweep_446,floorplan,1076.77,1278.42,626.696,626.696,0.582016,0.582016,23.0,23.0,4048.0,4048.0,2.0,2.0,0.00084714,1.47246e-05,0.000584455,0.00144632,2439610000.0,2439610000.0,0.105824,0.0,0.175543,0.61,1.0,42.0,50.0,0.2,100.0
traj_sweep_447,floorplan,1076.77,1278.42,626.696,626.696,0.582016,0.582016,23.0,23.0,4048.0,4048.0,2.0,2.0,0.000833476,1.47246e-05,0.000575028,0.00142323,2439610000.0,2439610000.0,0.105824,0.0,0.183543,0.62,1.0,42.0,50.0,0.2,100.0
traj_sweep_448,floorplan,1076.77,1278.42,706.762,706.762,0.656374,0.656374,23.0,23.0,4048.0,4048.0,3.0,3.0,0.00415826,1.81589e-05,0.00301734,0.00719375,2467270000.0,2467270000.0,0.0469655,-11.3168,-0.265306,0.14,1.0,43.0,50.0,0.2,100.0
traj_sweep_449,floorplan,1076.77,1278.42,706.762,706.762,0.656374,0.656374,23.0,23.0,4048.0,4048.0,3.0,3.0,0.00388104,1.81589e-05,0.00281618,0.00671538,2467270000.0,2467270000.0,0.0489655,-10.8308,-0.255306,0.15,1.0,43.0,50.0,0.2,100.0
traj_sweep_450,floorplan,1076.77,1278.42,706.762,706.762,0.656374,0.656374,23.0,23.0,4048.0,4048.0,3.0,3.0,0.00363847,1.81589e-05,0.00264017,0.0062968,2467270000.0,2467270000.0,0.0509655,-10.3448,-0.245306,0.16,1.0,43.0,50.0,0.2,100.0
traj_sweep_451,floorplan,1076.77,1278.42,706.762,706.762,0.656374,0.656374,23.0,23.0,4048.0,4048.0,3.0,3.0,0.00342445,1.81589e-05,0.00248486,0.00592747,2467270000.0,2467270000.0,0.0529655,-9.85877,-0.235306,0.17,1.0,43.0,50.0,0.2,100.0
traj_sweep_452,floorplan,1076.77,1278.42,706.762,706.762,0.656374,0.656374,23.0,23.0,4048.0,4048.0,3.0,3.0,0.0032342,1.81589e-05,0.00234681,0.00559917,2467270000.0,2467270000.0,0.0549655,-9.37905,-0.225306,0.18,1.0,43.0,50.0,0.2,100.0
traj_sweep_453,floorplan,1076.77,1278.42,706.762,706.762,0.656374,0.656374,23.0,23.0,4048.0,4048.0,3.0,3.0,0.00306398,1.81589e-05,0.0022233,0.00530543,2467270000.0,2467270000.0,0.0569655,-8.90105,-0.215306,0.19,1.0,43.0,50.0,0.2,100.0
traj_sweep_454,floorplan,1076.77,1278.42,706.762,706.762,0.656374,0.656374,23.0,23.0,4048.0,4048.0,3.0,3.0,0.00291078,1.81589e-05,0.00211213,0.00504107,2467270000.0,2467270000.0,0.0589655,-8.42305,-0.205306,0.2,1.0,43.0,50.0,0.2,100.0
traj_sweep_455,floorplan,1076.77,1278.42,706.762,706.762,0.656374,0.656374,23.0,23.0,4048.0,4048.0,3.0,3.0,0.00277217,1.81589e-05,0.00201156,0.00480189,2467270000.0,2467270000.0,0.0609654,-7.94505,-0.195306,0.21,1.0,43.0,50.0,0.2,100.0
traj_sweep_456,floorplan,1076.77,1278.42,706.762,706.762,0.656374,0.656374,23.0,23.0,4048.0,4048.0,3.0,3.0,0.00264616,1.81589e-05,0.00192012,0.00458444,2467270000.0,2467270000.0,0.0629655,-7.46705,-0.185306,0.22,1.0,43.0,50.0,0.2,100.0
traj_sweep_457,floorplan,1076.77,1278.42,706.762,706.762,0.656374,0.656374,23.0,23.0,4048.0,4048.0,3.0,3.0,0.00253111,1.81589e-05,0.00183664,0.00438591,2467270000.0,2467270000.0,0.0649655,-6.98905,-0.175306,0.23,1.0,43.0,50.0,0.2,100.0
traj_sweep_458,floorplan,1076.77,1278.42,705.698,705.698,0.655385,0.655385,23.0,23.0,4048.0,4048.0,3.0,3.0,0.00241814,1.8122e-05,0.0017569,0.00419316,2467270000.0,2467270000.0,0.0669655,-6.51841,-0.165306,0.24,1.0,43.0,50.0,0.2,100.0
traj_sweep_459,floorplan,1076.77,1278.42,698.25,698.25,0.648468,0.648468,23.0,23.0,4048.0,4048.0,3.0,3.0,0.00230584,1.77405e-05,0.00167224,0.00399583,2467270000.0,2467270000.0,0.0689655,-6.04438,-0.155306,0.25,1.0,43.0,50.0,0.2,100.0
traj_sweep_460,floorplan,1076.77,1278.42,696.92,696.92,0.647233,0.647233,23.0,23.0,4048.0,4048.0,3.0,3.0,0.00221331,1.76365e-05,0.00160566,0.00383661,2467270000.0,2467270000.0,0.0709655,-5.59937,-0.145306,0.26,1.0,43.0,50.0,0.2,100.0
traj_sweep_461,floorplan,1076.77,1278.42,692.93,692.93,0.643528,0.643528,23.0,23.0,4048.0,4048.0,3.0,3.0,0.00211681,1.74688e-05,0.0015392,0.00367348,2467270000.0,2467270000.0,0.0729655,-5.16754,-0.135307,0.27,1.0,43.0,50.0,0.2,100.0
traj_sweep_462,floorplan,1076.77,1278.42,692.93,692.93,0.643528,0.643528,23.0,23.0,4048.0,4048.0,3.0,3.0,0.00204121,1.74688e-05,0.00148423,0.00354291,2467270000.0,2467270000.0,0.0749655,-4.7057,-0.125307,0.28,1.0,43.0,50.0,0.2,100.0
traj_sweep_463,floorplan,1076.77,1278.42,692.664,692.664,0.643281,0.643281,23.0,23.0,4048.0,4048.0,3.0,3.0,0.00196984,1.74465e-05,0.00143283,0.00342012,2466920000.0,2466920000.0,0.0769655,-4.25482,-0.115363,0.29,1.0,43.0,50.0,0.2,100.0
traj_sweep_464,floorplan,1076.77,1278.42,692.398,692.398,0.643034,0.643034,23.0,23.0,4048.0,4048.0,3.0,3.0,0.00190326,1.74256e-05,0.00138485,0.00330554,2466920000.0,2466920000.0,0.0789655,-3.81082,-0.105363,0.3,1.0,43.0,50.0,0.2,100.0
traj_sweep_465,floorplan,1076.77,1278.42,687.61,687.61,0.638587,0.638587,23.0,23.0,4048.0,4048.0,3.0,3.0,0.00182808,1.72588e-05,0.0013228,0.00316814,2466860000.0,2466860000.0,0.0809655,-3.37094,-0.0953737,0.31,1.0,43.0,50.0,0.2,100.0
traj_sweep_466,floorplan,1076.77,1278.42,687.61,687.61,0.638587,0.638587,23.0,23.0,4048.0,4048.0,3.0,3.0,0.00177095,1.72588e-05,0.00128147,0.00306968,2466860000.0,2466860000.0,0.0829655,-2.94294,-0.0853737,0.32,1.0,43.0,50.0,0.2,100.0
traj_sweep_467,floorplan,1076.77,1278.42,687.61,687.61,0.638587,0.638587,23.0,23.0,4048.0,4048.0,3.0,3.0,0.00171729,1.72588e-05,0.00124263,0.00297718,2466860000.0,2466860000.0,0.0849654,-2.51494,-0.0753737,0.33,1.0,43.0,50.0,0.2,100.0
traj_sweep_468,floorplan,1076.77,1278.42,680.694,680.694,0.632164,0.632164,23.0,23.0,4048.0,4048.0,3.0,3.0,0.00164705,1.69788e-05,0.00118377,0.00284781,2466760000.0,2466760000.0,0.0869655,-2.10805,-0.0653901,0.34,1.0,43.0,50.0,0.2,100.0
traj_sweep_469,floorplan,1076.77,1278.42,680.694,680.694,0.632164,0.632164,23.0,23.0,4048.0,4048.0,3.0,3.0,0.0016,1.69788e-05,0.00114995,0.00276693,2466760000.0,2466760000.0,0.0889655,-1.68005,-0.0553901,0.35,1.0,43.0,50.0,0.2,100.0
traj_sweep_470,floorplan,1076.77,1278.42,680.694,680.694,0.632164,0.632164,23.0,23.0,4048.0,4048.0,3.0,3.0,0.00155555,1.69788e-05,0.00111801,0.00269054,2466760000.0,2466760000.0,0.0909655,-1.28025,-0.0453901,0.36,1.0,43.0,50.0,0.2,100.0
traj_sweep_471,floorplan,1076.77,1278.42,679.896,679.896,0.631423,0.631423,23.0,23.0,4048.0,4048.0,3.0,3.0,0.00150882,1.69681e-05,0.00108398,0.00260977,2466760000.0,2466760000.0,0.0929655,-0.893358,-0.0353901,0.37,1.0,43.0,50.0,0.2,100.0
traj_sweep_472,floorplan,1076.77,1278.42,677.502,677.502,0.6292,0.6292,23.0,23.0,4048.0,4048.0,3.0,3.0,0.00146284,1.68603e-05,0.0010489,0.0025286,2466760000.0,2466760000.0,0.0949654,-0.540987,-0.0253901,0.38,1.0,43.0,50.0,0.2,100.0
traj_sweep_473,floorplan,1076.77,1278.42,676.438,676.438,0.628211,0.628211,23.0,23.0,4048.0,4048.0,3.0,3.0,0.00142367,1.68119e-05,0.00101747,0.00245796,2466760000.0,2466760000.0,0.0969655,-0.256458,-0.0153901,0.39,1.0,43.0,50.0,0.2,100.0
traj_sweep_474,floorplan,1076.77,1278.42,638.666,638.666,0.593132,0.593132,23.0,23.0,4048.0,4048.0,3.0,3.0,0.00131998,1.52355e-05,0.00092424,0.00225946,2469040000.0,2469040000.0,0.100056,-0.0341863,-0.00501507,0.4,1.0,43.0,50.0,0.2,100.0
traj_sweep_475,floorplan,1076.77,1278.42,626.696,626.696,0.582016,0.582016,23.0,23.0,4048.0,4048.0,2.0,2.0,0.00126038,1.47246e-05,0.000869555,0.00214466,2439610000.0,2439610000.0,0.102056,0.0,9.8227e-05,0.41,1.0,43.0,50.0,0.2,100.0
traj_sweep_476,floorplan,1076.77,1278.42,626.696,626.696,0.582016,0.582016,23.0,23.0,4048.0,4048.0,2.0,2.0,0.00123037,1.47246e-05,0.000848852,0.00209395,2439610000.0,2439610000.0,0.104056,0.0,0.0100982,0.42,1.0,43.0,50.0,0.2,100.0
traj_sweep_477,floorplan,1076.77,1278.42,626.696,626.696,0.582016,0.582016,23.0,23.0,4048.0,4048.0,2.0,2.0,0.00120176,1.47246e-05,0.000829111,0.00204559,2439610000.0,2439610000.0,0.105824,0.0,0.0200982,0.43,1.0,43.0,50.0,0.2,100.0
traj_sweep_478,floorplan,1076.77,1278.42,626.696,626.696,0.582016,0.582016,23.0,23.0,4048.0,4048.0,2.0,2.0,0.00117444,1.47246e-05,0.000810267,0.00199944,2439610000.0,2439610000.0,0.105824,0.0,0.0300982,0.44,1.0,43.0,50.0,0.2,100.0
traj_sweep_479,floorplan,1076.77,1278.42,626.696,626.696,0.582016,0.582016,23.0,23.0,4048.0,4048.0,2.0,2.0,0.00114834,1.47246e-05,0.000792262,0.00195533,2439610000.0,2439610000.0,0.105824,0.0,0.0400982,0.45,1.0,43.0,50.0,0.2,100.0
traj_sweep_480,floorplan,1076.77,1278.42,626.696,626.696,0.582016,0.582016,23.0,23.0,4048.0,4048.0,2.0,2.0,0.00112338,1.47246e-05,0.000775038,0.00191314,2439610000.0,2439610000.0,0.105824,0.0,0.0500982,0.46,1.0,43.0,50.0,0.2,100.0
traj_sweep_481,floorplan,1076.77,1278.42,626.696,626.696,0.582016,0.582016,23.0,23.0,4048.0,4048.0,2.0,2.0,0.00109948,1.47246e-05,0.000758548,0.00187275,2439610000.0,2439610000.0,0.105824,0.0,0.0600982,0.47,1.0,43.0,50.0,0.2,100.0
traj_sweep_482,floorplan,1076.77,1278.42,626.696,626.696,0.582016,0.582016,23.0,23.0,4048.0,4048.0,2.0,2.0,0.00107657,1.47246e-05,0.000742745,0.00183404,2439610000.0,2439610000.0,0.105824,0.0,0.0700982,0.48,1.0,43.0,50.0,0.2,100.0
traj_sweep_483,floorplan,1076.77,1278.42,626.696,626.696,0.582016,0.582016,23.0,23.0,4048.0,4048.0,2.0,2.0,0.0010546,1.47246e-05,0.000727587,0.00179691,2439610000.0,2439610000.0,0.105824,0.0,0.0795431,0.49,1.0,43.0,50.0,0.2,100.0
traj_sweep_484,floorplan,1076.77,1278.42,626.696,626.696,0.582016,0.582016,23.0,23.0,4048.0,4048.0,2.0,2.0,0.00103351,1.47246e-05,0.000713035,0.00176127,2439610000.0,2439610000.0,0.105824,0.0,0.0875431,0.5,1.0,43.0,50.0,0.2,100.0
traj_sweep_485,floorplan,1076.77,1278.42,626.696,626.696,0.582016,0.582016,23.0,23.0,4048.0,4048.0,2.0,2.0,0.00101325,1.47246e-05,0.000699054,0.00172702,2439610000.0,2439610000.0,0.105824,0.0,0.095543,0.51,1.0,43.0,50.0,0.2,100.0
traj_sweep_486,floorplan,1076.77,1278.42,626.696,626.696,0.582016,0.582016,23.0,23.0,4048.0,4048.0,2.0,2.0,0.00099376,1.47246e-05,0.00068561,0.0016941,2439610000.0,2439610000.0,0.105824,0.0,0.103543,0.52,1.0,43.0,50.0,0.2,100.0
traj_sweep_487,floorplan,1076.77,1278.42,626.696,626.696,0.582016,0.582016,23.0,23.0,4048.0,4048.0,2.0,2.0,0.00097501,1.47246e-05,0.000672674,0.00166241,2439610000.0,2439610000.0,0.105824,0.0,0.111543,0.53,1.0,43.0,50.0,0.2,100.0
traj_sweep_488,floorplan,1076.77,1278.42,626.696,626.696,0.582016,0.582016,23.0,23.0,4048.0,4048.0,2.0,2.0,0.000956954,1.47246e-05,0.000660217,0.0016319,2439610000.0,2439610000.0,0.105824,0.0,0.119543,0.54,1.0,43.0,50.0,0.2,100.0
traj_sweep_489,floorplan,1076.77,1278.42,626.696,626.696,0.582016,0.582016,23.0,23.0,4048.0,4048.0,2.0,2.0,0.000939555,1.47246e-05,0.000648213,0.00160249,2439610000.0,2439610000.0,0.105824,0.0,0.127543,0.55,1.0,43.0,50.0,0.2,100.0
traj_sweep_490,floorplan,1076.77,1278.42,626.696,626.696,0.582016,0.582016,23.0,23.0,4048.0,4048.0,2.0,2.0,0.000922778,1.47246e-05,0.000636639,0.00157414,2439610000.0,2439610000.0,0.105824,0.0,0.135543,0.56,1.0,43.0,50.0,0.2,100.0
traj_sweep_491,floorplan,1076.77,1278.42,626.696,626.696,0.582016,0.582016,23.0,23.0,4048.0,4048.0,2.0,2.0,0.000906589,1.47246e-05,0.000625469,0.00154678,2439610000.0,2439610000.0,0.105824,0.0,0.143543,0.57,1.0,43.0,50.0,0.2,100.0
traj_sweep_492,floorplan,1076.77,1278.42,626.696,626.696,0.582016,0.582016,23.0,23.0,4048.0,4048.0,2.0,2.0,0.000890958,1.47246e-05,0.000614685,0.00152037,2439610000.0,2439610000.0,0.105824,0.0,0.151543,0.58,1.0,43.0,50.0,0.2,100.0
traj_sweep_493,floorplan,1076.77,1278.42,626.696,626.696,0.582016,0.582016,23.0,23.0,4048.0,4048.0,2.0,2.0,0.000875857,1.47246e-05,0.000604267,0.00149485,2439610000.0,2439610000.0,0.105824,0.0,0.159543,0.59,1.0,43.0,50.0,0.2,100.0
traj_sweep_494,floorplan,1076.77,1278.42,626.696,626.696,0.582016,0.582016,23.0,23.0,4048.0,4048.0,2.0,2.0,0.000861259,1.47246e-05,0.000594196,0.00147018,2439610000.0,2439610000.0,0.105824,0.0,0.167543,0.6,1.0,43.0,50.0,0.2,100.0
traj_sweep_495,floorplan,1076.77,1278.42,626.696,626.696,0.582016,0.582016,23.0,23.0,4048.0,4048.0,2.0,2.0,0.00084714,1.47246e-05,0.000584455,0.00144632,2439610000.0,2439610000.0,0.105824,0.0,0.175543,0.61,1.0,43.0,50.0,0.2,100.0
traj_sweep_496,floorplan,1076.77,1278.42,626.696,626.696,0.582016,0.582016,23.0,23.0,4048.0,4048.0,2.0,2.0,0.000833476,1.47246e-05,0.000575028,0.00142323,2439610000.0,2439610000.0,0.105824,0.0,0.183543,0.62,1.0,43.0,50.0,0.2,100.0
traj_sweep_497,floorplan,1076.77,1278.42,706.762,706.762,0.656374,0.656374,23.0,23.0,4048.0,4048.0,3.0,3.0,0.00415826,1.81589e-05,0.00301734,0.00719375,2467270000.0,2467270000.0,0.0469655,-11.3168,-0.265306,0.14,1.0,44.0,50.0,0.2,100.0
traj_sweep_498,floorplan,1076.77,1278.42,706.762,706.762,0.656374,0.656374,23.0,23.0,4048.0,4048.0,3.0,3.0,0.00388104,1.81589e-05,0.00281618,0.00671538,2467270000.0,2467270000.0,0.0489655,-10.8308,-0.255306,0.15,1.0,44.0,50.0,0.2,100.0
traj_sweep_499,floorplan,1076.77,1278.42,706.762,706.762,0.656374,0.656374,23.0,23.0,4048.0,4048.0,3.0,3.0,0.00363847,1.81589e-05,0.00264017,0.0062968,2467270000.0,2467270000.0,0.0509655,-10.3448,-0.245306,0.16,1.0,44.0,50.0,0.2,100.0
traj_sweep_500,floorplan,1076.77,1278.42,706.762,706.762,0.656374,0.656374,23.0,23.0,4048.0,4048.0,3.0,3.0,0.00342445,1.81589e-05,0.00248486,0.00592747,2467270000.0,2467270000.0,0.0529655,-9.85877,-0.235306,0.17,1.0,44.0,50.0,0.2,100.0
traj_sweep_501,floorplan,1076.77,1278.42,706.762,706.762,0.656374,0.656374,23.0,23.0,4048.0,4048.0,3.0,3.0,0.0032342,1.81589e-05,0.00234681,0.00559917,2467270000.0,2467270000.0,0.0549655,-9.37905,-0.225306,0.18,1.0,44.0,50.0,0.2,100.0
traj_sweep_502,floorplan,1076.77,1278.42,706.762,706.762,0.656374,0.656374,23.0,23.0,4048.0,4048.0,3.0,3.0,0.00306398,1.81589e-05,0.0022233,0.00530543,2467270000.0,2467270000.0,0.0569655,-8.90105,-0.215306,0.19,1.0,44.0,50.0,0.2,100.0
traj_sweep_503,floorplan,1076.77,1278.42,706.762,706.762,0.656374,0.656374,23.0,23.0,4048.0,4048.0,3.0,3.0,0.00291078,1.81589e-05,0.00211213,0.00504107,2467270000.0,2467270000.0,0.0589655,-8.42305,-0.205306,0.2,1.0,44.0,50.0,0.2,100.0
traj_sweep_504,floorplan,1076.77,1278.42,706.762,706.762,0.656374,0.656374,23.0,23.0,4048.0,4048.0,3.0,3.0,0.00277217,1.81589e-05,0.00201156,0.00480189,2467270000.0,2467270000.0,0.0609654,-7.94505,-0.195306,0.21,1.0,44.0,50.0,0.2,100.0
traj_sweep_505,floorplan,1076.77,1278.42,706.762,706.762,0.656374,0.656374,23.0,23.0,4048.0,4048.0,3.0,3.0,0.00264616,1.81589e-05,0.00192012,0.00458444,2467270000.0,2467270000.0,0.0629655,-7.46705,-0.185306,0.22,1.0,44.0,50.0,0.2,100.0
traj_sweep_506,floorplan,1076.77,1278.42,706.762,706.762,0.656374,0.656374,23.0,23.0,4048.0,4048.0,3.0,3.0,0.00253111,1.81589e-05,0.00183664,0.00438591,2467270000.0,2467270000.0,0.0649655,-6.98905,-0.175306,0.23,1.0,44.0,50.0,0.2,100.0
traj_sweep_507,floorplan,1076.77,1278.42,705.698,705.698,0.655385,0.655385,23.0,23.0,4048.0,4048.0,3.0,3.0,0.00241814,1.8122e-05,0.0017569,0.00419316,2467270000.0,2467270000.0,0.0669655,-6.51841,-0.165306,0.24,1.0,44.0,50.0,0.2,100.0
traj_sweep_508,floorplan,1076.77,1278.42,698.25,698.25,0.648468,0.648468,23.0,23.0,4048.0,4048.0,3.0,3.0,0.00230584,1.77405e-05,0.00167224,0.00399583,2467270000.0,2467270000.0,0.0689655,-6.04438,-0.155306,0.25,1.0,44.0,50.0,0.2,100.0
traj_sweep_509,floorplan,1076.77,1278.42,696.92,696.92,0.647233,0.647233,23.0,23.0,4048.0,4048.0,3.0,3.0,0.00221331,1.76365e-05,0.00160566,0.00383661,2467270000.0,2467270000.0,0.0709655,-5.59937,-0.145306,0.26,1.0,44.0,50.0,0.2,100.0
traj_sweep_510,floorplan,1076.77,1278.42,692.93,692.93,0.643528,0.643528,23.0,23.0,4048.0,4048.0,3.0,3.0,0.00211681,1.74688e-05,0.0015392,0.00367348,2467270000.0,2467270000.0,0.0729655,-5.16754,-0.135307,0.27,1.0,44.0,50.0,0.2,100.0
traj_sweep_511,floorplan,1076.77,1278.42,692.93,692.93,0.643528,0.643528,23.0,23.0,4048.0,4048.0,3.0,3.0,0.00204121,1.74688e-05,0.00148423,0.00354291,2467270000.0,2467270000.0,0.0749655,-4.7057,-0.125307,0.28,1.0,44.0,50.0,0.2,100.0
traj_sweep_512,floorplan,1076.77,1278.42,692.664,692.664,0.643281,0.643281,23.0,23.0,4048.0,4048.0,3.0,3.0,0.00196984,1.74465e-05,0.00143283,0.00342012,2466920000.0,2466920000.0,0.0769655,-4.25482,-0.115363,0.29,1.0,44.0,50.0,0.2,100.0
traj_sweep_513,floorplan,1076.77,1278.42,692.398,692.398,0.643034,0.643034,23.0,23.0,4048.0,4048.0,3.0,3.0,0.00190326,1.74256e-05,0.00138485,0.00330554,2466920000.0,2466920000.0,0.0789655,-3.81082,-0.105363,0.3,1.0,44.0,50.0,0.2,100.0
traj_sweep_514,floorplan,1076.77,1278.42,687.61,687.61,0.638587,0.638587,23.0,23.0,4048.0,4048.0,3.0,3.0,0.00182808,1.72588e-05,0.0013228,0.00316814,2466860000.0,2466860000.0,0.0809655,-3.37094,-0.0953737,0.31,1.0,44.0,50.0,0.2,100.0
traj_sweep_515,floorplan,1076.77,1278.42,687.61,687.61,0.638587,0.638587,23.0,23.0,4048.0,4048.0,3.0,3.0,0.00177095,1.72588e-05,0.00128147,0.00306968,2466860000.0,2466860000.0,0.0829655,-2.94294,-0.0853737,0.32,1.0,44.0,50.0,0.2,100.0
traj_sweep_516,floorplan,1076.77,1278.42,687.61,687.61,0.638587,0.638587,23.0,23.0,4048.0,4048.0,3.0,3.0,0.00171729,1.72588e-05,0.00124263,0.00297718,2466860000.0,2466860000.0,0.0849654,-2.51494,-0.0753737,0.33,1.0,44.0,50.0,0.2,100.0
traj_sweep_517,floorplan,1076.77,1278.42,680.694,680.694,0.632164,0.632164,23.0,23.0,4048.0,4048.0,3.0,3.0,0.00164705,1.69788e-05,0.00118377,0.00284781,2466760000.0,2466760000.0,0.0869655,-2.10805,-0.0653901,0.34,1.0,44.0,50.0,0.2,100.0
traj_sweep_518,floorplan,1076.77,1278.42,680.694,680.694,0.632164,0.632164,23.0,23.0,4048.0,4048.0,3.0,3.0,0.0016,1.69788e-05,0.00114995,0.00276693,2466760000.0,2466760000.0,0.0889655,-1.68005,-0.0553901,0.35,1.0,44.0,50.0,0.2,100.0
traj_sweep_519,floorplan,1076.77,1278.42,680.694,680.694,0.632164,0.632164,23.0,23.0,4048.0,4048.0,3.0,3.0,0.00155555,1.69788e-05,0.00111801,0.00269054,2466760000.0,2466760000.0,0.0909655,-1.28025,-0.0453901,0.36,1.0,44.0,50.0,0.2,100.0
traj_sweep_520,floorplan,1076.77,1278.42,679.896,679.896,0.631423,0.631423,23.0,23.0,4048.0,4048.0,3.0,3.0,0.00150882,1.69681e-05,0.00108398,0.00260977,2466760000.0,2466760000.0,0.0929655,-0.893358,-0.0353901,0.37,1.0,44.0,50.0,0.2,100.0
traj_sweep_521,floorplan,1076.77,1278.42,677.502,677.502,0.6292,0.6292,23.0,23.0,4048.0,4048.0,3.0,3.0,0.00146284,1.68603e-05,0.0010489,0.0025286,2466760000.0,2466760000.0,0.0949654,-0.540987,-0.0253901,0.38,1.0,44.0,50.0,0.2,100.0
traj_sweep_522,floorplan,1076.77,1278.42,676.438,676.438,0.628211,0.628211,23.0,23.0,4048.0,4048.0,3.0,3.0,0.00142367,1.68119e-05,0.00101747,0.00245796,2466760000.0,2466760000.0,0.0969655,-0.256458,-0.0153901,0.39,1.0,44.0,50.0,0.2,100.0
traj_sweep_523,floorplan,1076.77,1278.42,638.666,638.666,0.593132,0.593132,23.0,23.0,4048.0,4048.0,3.0,3.0,0.00131998,1.52355e-05,0.00092424,0.00225946,2469040000.0,2469040000.0,0.100056,-0.0341863,-0.00501507,0.4,1.0,44.0,50.0,0.2,100.0
traj_sweep_524,floorplan,1076.77,1278.42,626.696,626.696,0.582016,0.582016,23.0,23.0,4048.0,4048.0,2.0,2.0,0.00126038,1.47246e-05,0.000869555,0.00214466,2439610000.0,2439610000.0,0.102056,0.0,9.8227e-05,0.41,1.0,44.0,50.0,0.2,100.0
traj_sweep_525,floorplan,1076.77,1278.42,626.696,626.696,0.582016,0.582016,23.0,23.0,4048.0,4048.0,2.0,2.0,0.00123037,1.47246e-05,0.000848852,0.00209395,2439610000.0,2439610000.0,0.104056,0.0,0.0100982,0.42,1.0,44.0,50.0,0.2,100.0
traj_sweep_526,floorplan,1076.77,1278.42,626.696,626.696,0.582016,0.582016,23.0,23.0,4048.0,4048.0,2.0,2.0,0.00120176,1.47246e-05,0.000829111,0.00204559,2439610000.0,2439610000.0,0.105824,0.0,0.0200982,0.43,1.0,44.0,50.0,0.2,100.0
traj_sweep_527,floorplan,1076.77,1278.42,626.696,626.696,0.582016,0.582016,23.0,23.0,4048.0,4048.0,2.0,2.0,0.00117444,1.47246e-05,0.000810267,0.00199944,2439610000.0,2439610000.0,0.105824,0.0,0.0300982,0.44,1.0,44.0,50.0,0.2,100.0
traj_sweep_528,floorplan,1076.77,1278.42,626.696,626.696,0.582016,0.582016,23.0,23.0,4048.0,4048.0,2.0,2.0,0.00114834,1.47246e-05,0.000792262,0.00195533,2439610000.0,2439610000.0,0.105824,0.0,0.0400982,0.45,1.0,44.0,50.0,0.2,100.0
traj_sweep_529,floorplan,1076.77,1278.42,626.696,626.696,0.582016,0.582016,23.0,23.0,4048.0,4048.0,2.0,2.0,0.00112338,1.47246e-05,0.000775038,0.00191314,2439610000.0,2439610000.0,0.105824,0.0,0.0500982,0.46,1.0,44.0,50.0,0.2,100.0
traj_sweep_530,floorplan,1076.77,1278.42,626.696,626.696,0.582016,0.582016,23.0,23.0,4048.0,4048.0,2.0,2.0,0.00109948,1.47246e-05,0.000758548,0.00187275,2439610000.0,2439610000.0,0.105824,0.0,0.0600982,0.47,1.0,44.0,50.0,0.2,100.0
traj_sweep_531,floorplan,1076.77,1278.42,626.696,626.696,0.582016,0.582016,23.0,23.0,4048.0,4048.0,2.0,2.0,0.00107657,1.47246e-05,0.000742745,0.00183404,2439610000.0,2439610000.0,0.105824,0.0,0.0700982,0.48,1.0,44.0,50.0,0.2,100.0
traj_sweep_532,floorplan,1076.77,1278.42,626.696,626.696,0.582016,0.582016,23.0,23.0,4048.0,4048.0,2.0,2.0,0.0010546,1.47246e-05,0.000727587,0.00179691,2439610000.0,2439610000.0,0.105824,0.0,0.0795431,0.49,1.0,44.0,50.0,0.2,100.0
traj_sweep_533,floorplan,1076.77,1278.42,626.696,626.696,0.582016,0.582016,23.0,23.0,4048.0,4048.0,2.0,2.0,0.00103351,1.47246e-05,0.000713035,0.00176127,2439610000.0,2439610000.0,0.105824,0.0,0.0875431,0.5,1.0,44.0,50.0,0.2,100.0
traj_sweep_534,floorplan,1076.77,1278.42,626.696,626.696,0.582016,0.582016,23.0,23.0,4048.0,4048.0,2.0,2.0,0.00101325,1.47246e-05,0.000699054,0.00172702,2439610000.0,2439610000.0,0.105824,0.0,0.095543,0.51,1.0,44.0,50.0,0.2,100.0
traj_sweep_535,floorplan,1076.77,1278.42,626.696,626.696,0.582016,0.582016,23.0,23.0,4048.0,4048.0,2.0,2.0,0.00099376,1.47246e-05,0.00068561,0.0016941,2439610000.0,2439610000.0,0.105824,0.0,0.103543,0.52,1.0,44.0,50.0,0.2,100.0
traj_sweep_536,floorplan,1076.77,1278.42,626.696,626.696,0.582016,0.582016,23.0,23.0,4048.0,4048.0,2.0,2.0,0.00097501,1.47246e-05,0.000672674,0.00166241,2439610000.0,2439610000.0,0.105824,0.0,0.111543,0.53,1.0,44.0,50.0,0.2,100.0
traj_sweep_537,floorplan,1076.77,1278.42,626.696,626.696,0.582016,0.582016,23.0,23.0,4048.0,4048.0,2.0,2.0,0.000956954,1.47246e-05,0.000660217,0.0016319,2439610000.0,2439610000.0,0.105824,0.0,0.119543,0.54,1.0,44.0,50.0,0.2,100.0
traj_sweep_538,floorplan,1076.77,1278.42,626.696,626.696,0.582016,0.582016,23.0,23.0,4048.0,4048.0,2.0,2.0,0.000939555,1.47246e-05,0.000648213,0.00160249,2439610000.0,2439610000.0,0.105824,0.0,0.127543,0.55,1.0,44.0,50.0,0.2,100.0
traj_sweep_539,floorplan,1076.77,1278.42,626.696,626.696,0.582016,0.582016,23.0,23.0,4048.0,4048.0,2.0,2.0,0.000922778,1.47246e-05,0.000636639,0.00157414,2439610000.0,2439610000.0,0.105824,0.0,0.135543,0.56,1.0,44.0,50.0,0.2,100.0
traj_sweep_540,floorplan,1076.77,1278.42,626.696,626.696,0.582016,0.582016,23.0,23.0,4048.0,4048.0,2.0,2.0,0.000906589,1.47246e-05,0.000625469,0.00154678,2439610000.0,2439610000.0,0.105824,0.0,0.143543,0.57,1.0,44.0,50.0,0.2,100.0
traj_sweep_541,floorplan,1076.77,1278.42,626.696,626.696,0.582016,0.582016,23.0,23.0,4048.0,4048.0,2.0,2.0,0.000890958,1.47246e-05,0.000614685,0.00152037,2439610000.0,2439610000.0,0.105824,0.0,0.151543,0.58,1.0,44.0,50.0,0.2,100.0
traj_sweep_542,floorplan,1076.77,1278.42,626.696,626.696,0.582016,0.582016,23.0,23.0,4048.0,4048.0,2.0,2.0,0.000875857,1.47246e-05,0.000604267,0.00149485,2439610000.0,2439610000.0,0.105824,0.0,0.159543,0.59,1.0,44.0,50.0,0.2,100.0
traj_sweep_543,floorplan,1076.77,1278.42,626.696,626.696,0.582016,0.582016,23.0,23.0,4048.0,4048.0,2.0,2.0,0.000861259,1.47246e-05,0.000594196,0.00147018,2439610000.0,2439610000.0,0.105824,0.0,0.167543,0.6,1.0,44.0,50.0,0.2,100.0
traj_sweep_544,floorplan,1076.77,1278.42,626.696,626.696,0.582016,0.582016,23.0,23.0,4048.0,4048.0,2.0,2.0,0.00084714,1.47246e-05,0.000584455,0.00144632,2439610000.0,2439610000.0,0.105824,0.0,0.175543,0.61,1.0,44.0,50.0,0.2,100.0
traj_sweep_545,floorplan,1076.77,1278.42,626.696,626.696,0.582016,0.582016,23.0,23.0,4048.0,4048.0,2.0,2.0,0.000833476,1.47246e-05,0.000575028,0.00142323,2439610000.0,2439610000.0,0.105824,0.0,0.183543,0.62,1.0,44.0,50.0,0.2,100.0
traj_sweep_546,floorplan,1076.77,1278.42,706.762,706.762,0.656374,0.656374,23.0,23.0,4048.0,4048.0,3.0,3.0,0.00415826,1.81589e-05,0.00301734,0.00719375,2467270000.0,2467270000.0,0.0469655,-11.3168,-0.265306,0.14,1.0,45.0,50.0,0.2,100.0
traj_sweep_547,floorplan,1076.77,1278.42,706.762,706.762,0.656374,0.656374,23.0,23.0,4048.0,4048.0,3.0,3.0,0.00388104,1.81589e-05,0.00281618,0.00671538,2467270000.0,2467270000.0,0.0489655,-10.8308,-0.255306,0.15,1.0,45.0,50.0,0.2,100.0
traj_sweep_548,floorplan,1076.77,1278.42,706.762,706.762,0.656374,0.656374,23.0,23.0,4048.0,4048.0,3.0,3.0,0.00363847,1.81589e-05,0.00264017,0.0062968,2467270000.0,2467270000.0,0.0509655,-10.3448,-0.245306,0.16,1.0,45.0,50.0,0.2,100.0
traj_sweep_549,floorplan,1076.77,1278.42,706.762,706.762,0.656374,0.656374,23.0,23.0,4048.0,4048.0,3.0,3.0,0.00342445,1.81589e-05,0.00248486,0.00592747,2467270000.0,2467270000.0,0.0529655,-9.85877,-0.235306,0.17,1.0,45.0,50.0,0.2,100.0
traj_sweep_550,floorplan,1076.77,1278.42,706.762,706.762,0.656374,0.656374,23.0,23.0,4048.0,4048.0,3.0,3.0,0.0032342,1.81589e-05,0.00234681,0.00559917,2467270000.0,2467270000.0,0.0549655,-9.37905,-0.225306,0.18,1.0,45.0,50.0,0.2,100.0
traj_sweep_551,floorplan,1076.77,1278.42,706.762,706.762,0.656374,0.656374,23.0,23.0,4048.0,4048.0,3.0,3.0,0.00306398,1.81589e-05,0.0022233,0.00530543,2467270000.0,2467270000.0,0.0569655,-8.90105,-0.215306,0.19,1.0,45.0,50.0,0.2,100.0
traj_sweep_552,floorplan,1076.77,1278.42,706.762,706.762,0.656374,0.656374,23.0,23.0,4048.0,4048.0,3.0,3.0,0.00291078,1.81589e-05,0.00211213,0.00504107,2467270000.0,2467270000.0,0.0589655,-8.42305,-0.205306,0.2,1.0,45.0,50.0,0.2,100.0
traj_sweep_553,floorplan,1076.77,1278.42,706.762,706.762,0.656374,0.656374,23.0,23.0,4048.0,4048.0,3.0,3.0,0.00277217,1.81589e-05,0.00201156,0.00480189,2467270000.0,2467270000.0,0.0609654,-7.94505,-0.195306,0.21,1.0,45.0,50.0,0.2,100.0
traj_sweep_554,floorplan,1076.77,1278.42,706.762,706.762,0.656374,0.656374,23.0,23.0,4048.0,4048.0,3.0,3.0,0.00264616,1.81589e-05,0.00192012,0.00458444,2467270000.0,2467270000.0,0.0629655,-7.46705,-0.185306,0.22,1.0,45.0,50.0,0.2,100.0
traj_sweep_555,floorplan,1076.77,1278.42,706.762,706.762,0.656374,0.656374,23.0,23.0,4048.0,4048.0,3.0,3.0,0.00253111,1.81589e-05,0.00183664,0.00438591,2467270000.0,2467270000.0,0.0649655,-6.98905,-0.175306,0.23,1.0,45.0,50.0,0.2,100.0
traj_sweep_556,floorplan,1076.77,1278.42,705.698,705.698,0.655385,0.655385,23.0,23.0,4048.0,4048.0,3.0,3.0,0.00241814,1.8122e-05,0.0017569,0.00419316,2467270000.0,2467270000.0,0.0669655,-6.51841,-0.165306,0.24,1.0,45.0,50.0,0.2,100.0
traj_sweep_557,floorplan,1076.77,1278.42,698.25,698.25,0.648468,0.648468,23.0,23.0,4048.0,4048.0,3.0,3.0,0.00230584,1.77405e-05,0.00167224,0.00399583,2467270000.0,2467270000.0,0.0689655,-6.04438,-0.155306,0.25,1.0,45.0,50.0,0.2,100.0
traj_sweep_558,floorplan,1076.77,1278.42,696.92,696.92,0.647233,0.647233,23.0,23.0,4048.0,4048.0,3.0,3.0,0.00221331,1.76365e-05,0.00160566,0.00383661,2467270000.0,2467270000.0,0.0709655,-5.59937,-0.145306,0.26,1.0,45.0,50.0,0.2,100.0
traj_sweep_559,floorplan,1076.77,1278.42,692.93,692.93,0.643528,0.643528,23.0,23.0,4048.0,4048.0,3.0,3.0,0.00211681,1.74688e-05,0.0015392,0.00367348,2467270000.0,2467270000.0,0.0729655,-5.16754,-0.135307,0.27,1.0,45.0,50.0,0.2,100.0
traj_sweep_560,floorplan,1076.77,1278.42,692.93,692.93,0.643528,0.643528,23.0,23.0,4048.0,4048.0,3.0,3.0,0.00204121,1.74688e-05,0.00148423,0.00354291,2467270000.0,2467270000.0,0.0749655,-4.7057,-0.125307,0.28,1.0,45.0,50.0,0.2,100.0
traj_sweep_561,floorplan,1076.77,1278.42,692.664,692.664,0.643281,0.643281,23.0,23.0,4048.0,4048.0,3.0,3.0,0.00196984,1.74465e-05,0.00143283,0.00342012,2466920000.0,2466920000.0,0.0769655,-4.25482,-0.115363,0.29,1.0,45.0,50.0,0.2,100.0
traj_sweep_562,floorplan,1076.77,1278.42,692.398,692.398,0.643034,0.643034,23.0,23.0,4048.0,4048.0,3.0,3.0,0.00190326,1.74256e-05,0.00138485,0.00330554,2466920000.0,2466920000.0,0.0789655,-3.81082,-0.105363,0.3,1.0,45.0,50.0,0.2,100.0
traj_sweep_563,floorplan,1076.77,1278.42,687.61,687.61,0.638587,0.638587,23.0,23.0,4048.0,4048.0,3.0,3.0,0.00182808,1.72588e-05,0.0013228,0.00316814,2466860000.0,2466860000.0,0.0809655,-3.37094,-0.0953737,0.31,1.0,45.0,50.0,0.2,100.0
traj_sweep_564,floorplan,1076.77,1278.42,687.61,687.61,0.638587,0.638587,23.0,23.0,4048.0,4048.0,3.0,3.0,0.00177095,1.72588e-05,0.00128147,0.00306968,2466860000.0,2466860000.0,0.0829655,-2.94294,-0.0853737,0.32,1.0,45.0,50.0,0.2,100.0
traj_sweep_565,floorplan,1076.77,1278.42,687.61,687.61,0.638587,0.638587,23.0,23.0,4048.0,4048.0,3.0,3.0,0.00171729,1.72588e-05,0.00124263,0.00297718,2466860000.0,2466860000.0,0.0849654,-2.51494,-0.0753737,0.33,1.0,45.0,50.0,0.2,100.0
traj_sweep_566,floorplan,1076.77,1278.42,680.694,680.694,0.632164,0.632164,23.0,23.0,4048.0,4048.0,3.0,3.0,0.00164705,1.69788e-05,0.00118377,0.00284781,2466760000.0,2466760000.0,0.0869655,-2.10805,-0.0653901,0.34,1.0,45.0,50.0,0.2,100.0
traj_sweep_567,floorplan,1076.77,1278.42,680.694,680.694,0.632164,0.632164,23.0,23.0,4048.0,4048.0,3.0,3.0,0.0016,1.69788e-05,0.00114995,0.00276693,2466760000.0,2466760000.0,0.0889655,-1.68005,-0.0553901,0.35,1.0,45.0,50.0,0.2,100.0
traj_sweep_568,floorplan,1076.77,1278.42,680.694,680.694,0.632164,0.632164,23.0,23.0,4048.0,4048.0,3.0,3.0,0.00155555,1.69788e-05,0.00111801,0.00269054,2466760000.0,2466760000.0,0.0909655,-1.28025,-0.0453901,0.36,1.0,45.0,50.0,0.2,100.0
traj_sweep_569,floorplan,1076.77,1278.42,679.896,679.896,0.631423,0.631423,23.0,23.0,4048.0,4048.0,3.0,3.0,0.00150882,1.69681e-05,0.00108398,0.00260977,2466760000.0,2466760000.0,0.0929655,-0.893358,-0.0353901,0.37,1.0,45.0,50.0,0.2,100.0
traj_sweep_570,floorplan,1076.77,1278.42,677.502,677.502,0.6292,0.6292,23.0,23.0,4048.0,4048.0,3.0,3.0,0.00146284,1.68603e-05,0.0010489,0.0025286,2466760000.0,2466760000.0,0.0949654,-0.540987,-0.0253901,0.38,1.0,45.0,50.0,0.2,100.0
traj_sweep_571,floorplan,1076.77,1278.42,676.438,676.438,0.628211,0.628211,23.0,23.0,4048.0,4048.0,3.0,3.0,0.00142367,1.68119e-05,0.00101747,0.00245796,2466760000.0,2466760000.0,0.0969655,-0.256458,-0.0153901,0.39,1.0,45.0,50.0,0.2,100.0
traj_sweep_572,floorplan,1076.77,1278.42,638.666,638.666,0.593132,0.593132,23.0,23.0,4048.0,4048.0,3.0,3.0,0.00131998,1.52355e-05,0.00092424,0.00225946,2469040000.0,2469040000.0,0.100056,-0.0341863,-0.00501507,0.4,1.0,45.0,50.0,0.2,100.0
traj_sweep_573,floorplan,1076.77,1278.42,626.696,626.696,0.582016,0.582016,23.0,23.0,4048.0,4048.0,2.0,2.0,0.00126038,1.47246e-05,0.000869555,0.00214466,2439610000.0,2439610000.0,0.102056,0.0,9.8227e-05,0.41,1.0,45.0,50.0,0.2,100.0
traj_sweep_574,floorplan,1076.77,1278.42,626.696,626.696,0.582016,0.582016,23.0,23.0,4048.0,4048.0,2.0,2.0,0.00123037,1.47246e-05,0.000848852,0.00209395,2439610000.0,2439610000.0,0.104056,0.0,0.0100982,0.42,1.0,45.0,50.0,0.2,100.0
traj_sweep_575,floorplan,1076.77,1278.42,626.696,626.696,0.582016,0.582016,23.0,23.0,4048.0,4048.0,2.0,2.0,0.00120176,1.47246e-05,0.000829111,0.00204559,2439610000.0,2439610000.0,0.105824,0.0,0.0200982,0.43,1.0,45.0,50.0,0.2,100.0
traj_sweep_576,floorplan,1076.77,1278.42,626.696,626.696,0.582016,0.582016,23.0,23.0,4048.0,4048.0,2.0,2.0,0.00117444,1.47246e-05,0.000810267,0.00199944,2439610000.0,2439610000.0,0.105824,0.0,0.0300982,0.44,1.0,45.0,50.0,0.2,100.0
traj_sweep_577,floorplan,1076.77,1278.42,626.696,626.696,0.582016,0.582016,23.0,23.0,4048.0,4048.0,2.0,2.0,0.00114834,1.47246e-05,0.000792262,0.00195533,2439610000.0,2439610000.0,0.105824,0.0,0.0400982,0.45,1.0,45.0,50.0,0.2,100.0
traj_sweep_578,floorplan,1076.77,1278.42,626.696,626.696,0.582016,0.582016,23.0,23.0,4048.0,4048.0,2.0,2.0,0.00112338,1.47246e-05,0.000775038,0.00191314,2439610000.0,2439610000.0,0.105824,0.0,0.0500982,0.46,1.0,45.0,50.0,0.2,100.0
traj_sweep_579,floorplan,1076.77,1278.42,626.696,626.696,0.582016,0.582016,23.0,23.0,4048.0,4048.0,2.0,2.0,0.00109948,1.47246e-05,0.000758548,0.00187275,2439610000.0,2439610000.0,0.105824,0.0,0.0600982,0.47,1.0,45.0,50.0,0.2,100.0
traj_sweep_580,floorplan,1076.77,1278.42,626.696,626.696,0.582016,0.582016,23.0,23.0,4048.0,4048.0,2.0,2.0,0.00107657,1.47246e-05,0.000742745,0.00183404,2439610000.0,2439610000.0,0.105824,0.0,0.0700982,0.48,1.0,45.0,50.0,0.2,100.0
traj_sweep_581,floorplan,1076.77,1278.42,626.696,626.696,0.582016,0.582016,23.0,23.0,4048.0,4048.0,2.0,2.0,0.0010546,1.47246e-05,0.000727587,0.00179691,2439610000.0,2439610000.0,0.105824,0.0,0.0795431,0.49,1.0,45.0,50.0,0.2,100.0
traj_sweep_582,floorplan,1076.77,1278.42,626.696,626.696,0.582016,0.582016,23.0,23.0,4048.0,4048.0,2.0,2.0,0.00103351,1.47246e-05,0.000713035,0.00176127,2439610000.0,2439610000.0,0.105824,0.0,0.0875431,0.5,1.0,45.0,50.0,0.2,100.0
traj_sweep_583,floorplan,1076.77,1278.42,626.696,626.696,0.582016,0.582016,23.0,23.0,4048.0,4048.0,2.0,2.0,0.00101325,1.47246e-05,0.000699054,0.00172702,2439610000.0,2439610000.0,0.105824,0.0,0.095543,0.51,1.0,45.0,50.0,0.2,100.0
traj_sweep_584,floorplan,1076.77,1278.42,626.696,626.696,0.582016,0.582016,23.0,23.0,4048.0,4048.0,2.0,2.0,0.00099376,1.47246e-05,0.00068561,0.0016941,2439610000.0,2439610000.0,0.105824,0.0,0.103543,0.52,1.0,45.0,50.0,0.2,100.0
traj_sweep_585,floorplan,1076.77,1278.42,626.696,626.696,0.582016,0.582016,23.0,23.0,4048.0,4048.0,2.0,2.0,0.00097501,1.47246e-05,0.000672674,0.00166241,2439610000.0,2439610000.0,0.105824,0.0,0.111543,0.53,1.0,45.0,50.0,0.2,100.0
traj_sweep_586,floorplan,1076.77,1278.42,626.696,626.696,0.582016,0.582016,23.0,23.0,4048.0,4048.0,2.0,2.0,0.000956954,1.47246e-05,0.000660217,0.0016319,2439610000.0,2439610000.0,0.105824,0.0,0.119543,0.54,1.0,45.0,50.0,0.2,100.0
traj_sweep_587,floorplan,1076.77,1278.42,626.696,626.696,0.582016,0.582016,23.0,23.0,4048.0,4048.0,2.0,2.0,0.000939555,1.47246e-05,0.000648213,0.00160249,2439610000.0,2439610000.0,0.105824,0.0,0.127543,0.55,1.0,45.0,50.0,0.2,100.0
traj_sweep_588,floorplan,1076.77,1278.42,626.696,626.696,0.582016,0.582016,23.0,23.0,4048.0,4048.0,2.0,2.0,0.000922778,1.47246e-05,0.000636639,0.00157414,2439610000.0,2439610000.0,0.105824,0.0,0.135543,0.56,1.0,45.0,50.0,0.2,100.0
traj_sweep_589,floorplan,1076.77,1278.42,626.696,626.696,0.582016,0.582016,23.0,23.0,4048.0,4048.0,2.0,2.0,0.000906589,1.47246e-05,0.000625469,0.00154678,2439610000.0,2439610000.0,0.105824,0.0,0.143543,0.57,1.0,45.0,50.0,0.2,100.0
traj_sweep_590,floorplan,1076.77,1278.42,626.696,626.696,0.582016,0.582016,23.0,23.0,4048.0,4048.0,2.0,2.0,0.000890958,1.47246e-05,0.000614685,0.00152037,2439610000.0,2439610000.0,0.105824,0.0,0.151543,0.58,1.0,45.0,50.0,0.2,100.0
traj_sweep_591,floorplan,1076.77,1278.42,626.696,626.696,0.582016,0.582016,23.0,23.0,4048.0,4048.0,2.0,2.0,0.000875857,1.47246e-05,0.000604267,0.00149485,2439610000.0,2439610000.0,0.105824,0.0,0.159543,0.59,1.0,45.0,50.0,0.2,100.0
traj_sweep_592,floorplan,1076.77,1278.42,626.696,626.696,0.582016,0.582016,23.0,23.0,4048.0,4048.0,2.0,2.0,0.000861259,1.47246e-05,0.000594196,0.00147018,2439610000.0,2439610000.0,0.105824,0.0,0.167543,0.6,1.0,45.0,50.0,0.2,100.0
traj_sweep_593,floorplan,1076.77,1278.42,626.696,626.696,0.582016,0.582016,23.0,23.0,4048.0,4048.0,2.0,2.0,0.00084714,1.47246e-05,0.000584455,0.00144632,2439610000.0,2439610000.0,0.105824,0.0,0.175543,0.61,1.0,45.0,50.0,0.2,100.0
traj_sweep_594,floorplan,1076.77,1278.42,626.696,626.696,0.582016,0.582016,23.0,23.0,4048.0,4048.0,2.0,2.0,0.000833476,1.47246e-05,0.000575028,0.00142323,2439610000.0,2439610000.0,0.105824,0.0,0.183543,0.62,1.0,45.0,50.0,0.2,100.0
traj_sweep_595,floorplan,1076.77,1278.42,706.762,706.762,0.656374,0.656374,23.0,23.0,4048.0,4048.0,3.0,3.0,0.00415826,1.81589e-05,0.00301734,0.00719375,2467270000.0,2467270000.0,0.0469655,-11.3168,-0.265306,0.14,1.0,46.0,50.0,0.2,100.0
traj_sweep_596,floorplan,1076.77,1278.42,706.762,706.762,0.656374,0.656374,23.0,23.0,4048.0,4048.0,3.0,3.0,0.00388104,1.81589e-05,0.00281618,0.00671538,2467270000.0,2467270000.0,0.0489655,-10.8308,-0.255306,0.15,1.0,46.0,50.0,0.2,100.0
traj_sweep_597,floorplan,1076.77,1278.42,706.762,706.762,0.656374,0.656374,23.0,23.0,4048.0,4048.0,3.0,3.0,0.00363847,1.81589e-05,0.00264017,0.0062968,2467270000.0,2467270000.0,0.0509655,-10.3448,-0.245306,0.16,1.0,46.0,50.0,0.2,100.0
traj_sweep_598,floorplan,1076.77,1278.42,706.762,706.762,0.656374,0.656374,23.0,23.0,4048.0,4048.0,3.0,3.0,0.00342445,1.81589e-05,0.00248486,0.00592747,2467270000.0,2467270000.0,0.0529655,-9.85877,-0.235306,0.17,1.0,46.0,50.0,0.2,100.0
traj_sweep_599,floorplan,1076.77,1278.42,706.762,706.762,0.656374,0.656374,23.0,23.0,4048.0,4048.0,3.0,3.0,0.0032342,1.81589e-05,0.00234681,0.00559917,2467270000.0,2467270000.0,0.0549655,-9.37905,-0.225306,0.18,1.0,46.0,50.0,0.2,100.0
traj_sweep_600,floorplan,1076.77,1278.42,706.762,706.762,0.656374,0.656374,23.0,23.0,4048.0,4048.0,3.0,3.0,0.00306398,1.81589e-05,0.0022233,0.00530543,2467270000.0,2467270000.0,0.0569655,-8.90105,-0.215306,0.19,1.0,46.0,50.0,0.2,100.0
traj_sweep_601,floorplan,1076.77,1278.42,706.762,706.762,0.656374,0.656374,23.0,23.0,4048.0,4048.0,3.0,3.0,0.00291078,1.81589e-05,0.00211213,0.00504107,2467270000.0,2467270000.0,0.0589655,-8.42305,-0.205306,0.2,1.0,46.0,50.0,0.2,100.0
traj_sweep_602,floorplan,1076.77,1278.42,706.762,706.762,0.656374,0.656374,23.0,23.0,4048.0,4048.0,3.0,3.0,0.00277217,1.81589e-05,0.00201156,0.00480189,2467270000.0,2467270000.0,0.0609654,-7.94505,-0.195306,0.21,1.0,46.0,50.0,0.2,100.0
traj_sweep_603,floorplan,1076.77,1278.42,706.762,706.762,0.656374,0.656374,23.0,23.0,4048.0,4048.0,3.0,3.0,0.00264616,1.81589e-05,0.00192012,0.00458444,2467270000.0,2467270000.0,0.0629655,-7.46705,-0.185306,0.22,1.0,46.0,50.0,0.2,100.0
traj_sweep_604,floorplan,1076.77,1278.42,706.762,706.762,0.656374,0.656374,23.0,23.0,4048.0,4048.0,3.0,3.0,0.00253111,1.81589e-05,0.00183664,0.00438591,2467270000.0,2467270000.0,0.0649655,-6.98905,-0.175306,0.23,1.0,46.0,50.0,0.2,100.0
traj_sweep_605,floorplan,1076.77,1278.42,705.698,705.698,0.655385,0.655385,23.0,23.0,4048.0,4048.0,3.0,3.0,0.00241814,1.8122e-05,0.0017569,0.00419316,2467270000.0,2467270000.0,0.0669655,-6.51841,-0.165306,0.24,1.0,46.0,50.0,0.2,100.0
traj_sweep_606,floorplan,1076.77,1278.42,698.25,698.25,0.648468,0.648468,23.0,23.0,4048.0,4048.0,3.0,3.0,0.00230584,1.77405e-05,0.00167224,0.00399583,2467270000.0,2467270000.0,0.0689655,-6.04438,-0.155306,0.25,1.0,46.0,50.0,0.2,100.0
traj_sweep_607,floorplan,1076.77,1278.42,696.92,696.92,0.647233,0.647233,23.0,23.0,4048.0,4048.0,3.0,3.0,0.00221331,1.76365e-05,0.00160566,0.00383661,2467270000.0,2467270000.0,0.0709655,-5.59937,-0.145306,0.26,1.0,46.0,50.0,0.2,100.0
traj_sweep_608,floorplan,1076.77,1278.42,692.93,692.93,0.643528,0.643528,23.0,23.0,4048.0,4048.0,3.0,3.0,0.00211681,1.74688e-05,0.0015392,0.00367348,2467270000.0,2467270000.0,0.0729655,-5.16754,-0.135307,0.27,1.0,46.0,50.0,0.2,100.0
traj_sweep_609,floorplan,1076.77,1278.42,692.93,692.93,0.643528,0.643528,23.0,23.0,4048.0,4048.0,3.0,3.0,0.00204121,1.74688e-05,0.00148423,0.00354291,2467270000.0,2467270000.0,0.0749655,-4.7057,-0.125307,0.28,1.0,46.0,50.0,0.2,100.0
traj_sweep_610,floorplan,1076.77,1278.42,692.664,692.664,0.643281,0.643281,23.0,23.0,4048.0,4048.0,3.0,3.0,0.00196984,1.74465e-05,0.00143283,0.00342012,2466920000.0,2466920000.0,0.0769655,-4.25482,-0.115363,0.29,1.0,46.0,50.0,0.2,100.0
traj_sweep_611,floorplan,1076.77,1278.42,692.398,692.398,0.643034,0.643034,23.0,23.0,4048.0,4048.0,3.0,3.0,0.00190326,1.74256e-05,0.00138485,0.00330554,2466920000.0,2466920000.0,0.0789655,-3.81082,-0.105363,0.3,1.0,46.0,50.0,0.2,100.0
traj_sweep_612,floorplan,1076.77,1278.42,687.61,687.61,0.638587,0.638587,23.0,23.0,4048.0,4048.0,3.0,3.0,0.00182808,1.72588e-05,0.0013228,0.00316814,2466860000.0,2466860000.0,0.0809655,-3.37094,-0.0953737,0.31,1.0,46.0,50.0,0.2,100.0
traj_sweep_613,floorplan,1076.77,1278.42,687.61,687.61,0.638587,0.638587,23.0,23.0,4048.0,4048.0,3.0,3.0,0.00177095,1.72588e-05,0.00128147,0.00306968,2466860000.0,2466860000.0,0.0829655,-2.94294,-0.0853737,0.32,1.0,46.0,50.0,0.2,100.0
traj_sweep_614,floorplan,1076.77,1278.42,687.61,687.61,0.638587,0.638587,23.0,23.0,4048.0,4048.0,3.0,3.0,0.00171729,1.72588e-05,0.00124263,0.00297718,2466860000.0,2466860000.0,0.0849654,-2.51494,-0.0753737,0.33,1.0,46.0,50.0,0.2,100.0
traj_sweep_615,floorplan,1076.77,1278.42,680.694,680.694,0.632164,0.632164,23.0,23.0,4048.0,4048.0,3.0,3.0,0.00164705,1.69788e-05,0.00118377,0.00284781,2466760000.0,2466760000.0,0.0869655,-2.10805,-0.0653901,0.34,1.0,46.0,50.0,0.2,100.0
traj_sweep_616,floorplan,1076.77,1278.42,680.694,680.694,0.632164,0.632164,23.0,23.0,4048.0,4048.0,3.0,3.0,0.0016,1.69788e-05,0.00114995,0.00276693,2466760000.0,2466760000.0,0.0889655,-1.68005,-0.0553901,0.35,1.0,46.0,50.0,0.2,100.0
traj_sweep_617,floorplan,1076.77,1278.42,680.694,680.694,0.632164,0.632164,23.0,23.0,4048.0,4048.0,3.0,3.0,0.00155555,1.69788e-05,0.00111801,0.00269054,2466760000.0,2466760000.0,0.0909655,-1.28025,-0.0453901,0.36,1.0,46.0,50.0,0.2,100.0
traj_sweep_618,floorplan,1076.77,1278.42,679.896,679.896,0.631423,0.631423,23.0,23.0,4048.0,4048.0,3.0,3.0,0.00150882,1.69681e-05,0.00108398,0.00260977,2466760000.0,2466760000.0,0.0929655,-0.893358,-0.0353901,0.37,1.0,46.0,50.0,0.2,100.0
traj_sweep_619,floorplan,1076.77,1278.42,677.502,677.502,0.6292,0.6292,23.0,23.0,4048.0,4048.0,3.0,3.0,0.00146284,1.68603e-05,0.0010489,0.0025286,2466760000.0,2466760000.0,0.0949654,-0.540987,-0.0253901,0.38,1.0,46.0,50.0,0.2,100.0
traj_sweep_620,floorplan,1076.77,1278.42,676.438,676.438,0.628211,0.628211,23.0,23.0,4048.0,4048.0,3.0,3.0,0.00142367,1.68119e-05,0.00101747,0.00245796,2466760000.0,2466760000.0,0.0969655,-0.256458,-0.0153901,0.39,1.0,46.0,50.0,0.2,100.0
traj_sweep_621,floorplan,1076.77,1278.42,638.666,638.666,0.593132,0.593132,23.0,23.0,4048.0,4048.0,3.0,3.0,0.00131998,1.52355e-05,0.00092424,0.00225946,2469040000.0,2469040000.0,0.100056,-0.0341863,-0.00501507,0.4,1.0,46.0,50.0,0.2,100.0
traj_sweep_622,floorplan,1076.77,1278.42,626.696,626.696,0.582016,0.582016,23.0,23.0,4048.0,4048.0,2.0,2.0,0.00126038,1.47246e-05,0.000869555,0.00214466,2439610000.0,2439610000.0,0.102056,0.0,9.8227e-05,0.41,1.0,46.0,50.0,0.2,100.0
traj_sweep_623,floorplan,1076.77,1278.42,626.696,626.696,0.582016,0.582016,23.0,23.0,4048.0,4048.0,2.0,2.0,0.00123037,1.47246e-05,0.000848852,0.00209395,2439610000.0,2439610000.0,0.104056,0.0,0.0100982,0.42,1.0,46.0,50.0,0.2,100.0
traj_sweep_624,floorplan,1076.77,1278.42,626.696,626.696,0.582016,0.582016,23.0,23.0,4048.0,4048.0,2.0,2.0,0.00120176,1.47246e-05,0.000829111,0.00204559,2439610000.0,2439610000.0,0.105824,0.0,0.0200982,0.43,1.0,46.0,50.0,0.2,100.0
traj_sweep_625,floorplan,1076.77,1278.42,626.696,626.696,0.582016,0.582016,23.0,23.0,4048.0,4048.0,2.0,2.0,0.00117444,1.47246e-05,0.000810267,0.00199944,2439610000.0,2439610000.0,0.105824,0.0,0.0300982,0.44,1.0,46.0,50.0,0.2,100.0
traj_sweep_626,floorplan,1076.77,1278.42,626.696,626.696,0.582016,0.582016,23.0,23.0,4048.0,4048.0,2.0,2.0,0.00114834,1.47246e-05,0.000792262,0.00195533,2439610000.0,2439610000.0,0.105824,0.0,0.0400982,0.45,1.0,46.0,50.0,0.2,100.0
traj_sweep_627,floorplan,1076.77,1278.42,626.696,626.696,0.582016,0.582016,23.0,23.0,4048.0,4048.0,2.0,2.0,0.00112338,1.47246e-05,0.000775038,0.00191314,2439610000.0,2439610000.0,0.105824,0.0,0.0500982,0.46,1.0,46.0,50.0,0.2,100.0
traj_sweep_628,floorplan,1076.77,1278.42,626.696,626.696,0.582016,0.582016,23.0,23.0,4048.0,4048.0,2.0,2.0,0.00109948,1.47246e-05,0.000758548,0.00187275,2439610000.0,2439610000.0,0.105824,0.0,0.0600982,0.47,1.0,46.0,50.0,0.2,100.0
traj_sweep_629,floorplan,1076.77,1278.42,626.696,626.696,0.582016,0.582016,23.0,23.0,4048.0,4048.0,2.0,2.0,0.00107657,1.47246e-05,0.000742745,0.00183404,2439610000.0,2439610000.0,0.105824,0.0,0.0700982,0.48,1.0,46.0,50.0,0.2,100.0
traj_sweep_630,floorplan,1076.77,1278.42,626.696,626.696,0.582016,0.582016,23.0,23.0,4048.0,4048.0,2.0,2.0,0.0010546,1.47246e-05,0.000727587,0.00179691,2439610000.0,2439610000.0,0.105824,0.0,0.0795431,0.49,1.0,46.0,50.0,0.2,100.0
traj_sweep_631,floorplan,1076.77,1278.42,626.696,626.696,0.582016,0.582016,23.0,23.0,4048.0,4048.0,2.0,2.0,0.00103351,1.47246e-05,0.000713035,0.00176127,2439610000.0,2439610000.0,0.105824,0.0,0.0875431,0.5,1.0,46.0,50.0,0.2,100.0
traj_sweep_632,floorplan,1076.77,1278.42,626.696,626.696,0.582016,0.582016,23.0,23.0,4048.0,4048.0,2.0,2.0,0.00101325,1.47246e-05,0.000699054,0.00172702,2439610000.0,2439610000.0,0.105824,0.0,0.095543,0.51,1.0,46.0,50.0,0.2,100.0
traj_sweep_633,floorplan,1076.77,1278.42,626.696,626.696,0.582016,0.582016,23.0,23.0,4048.0,4048.0,2.0,2.0,0.00099376,1.47246e-05,0.00068561,0.0016941,2439610000.0,2439610000.0,0.105824,0.0,0.103543,0.52,1.0,46.0,50.0,0.2,100.0
traj_sweep_634,floorplan,1076.77,1278.42,626.696,626.696,0.582016,0.582016,23.0,23.0,4048.0,4048.0,2.0,2.0,0.00097501,1.47246e-05,0.000672674,0.00166241,2439610000.0,2439610000.0,0.105824,0.0,0.111543,0.53,1.0,46.0,50.0,0.2,100.0
traj_sweep_635,floorplan,1076.77,1278.42,626.696,626.696,0.582016,0.582016,23.0,23.0,4048.0,4048.0,2.0,2.0,0.000956954,1.47246e-05,0.000660217,0.0016319,2439610000.0,2439610000.0,0.105824,0.0,0.119543,0.54,1.0,46.0,50.0,0.2,100.0
traj_sweep_636,floorplan,1076.77,1278.42,626.696,626.696,0.582016,0.582016,23.0,23.0,4048.0,4048.0,2.0,2.0,0.000939555,1.47246e-05,0.000648213,0.00160249,2439610000.0,2439610000.0,0.105824,0.0,0.127543,0.55,1.0,46.0,50.0,0.2,100.0
traj_sweep_637,floorplan,1076.77,1278.42,626.696,626.696,0.582016,0.582016,23.0,23.0,4048.0,4048.0,2.0,2.0,0.000922778,1.47246e-05,0.000636639,0.00157414,2439610000.0,2439610000.0,0.105824,0.0,0.135543,0.56,1.0,46.0,50.0,0.2,100.0
traj_sweep_638,floorplan,1076.77,1278.42,626.696,626.696,0.582016,0.582016,23.0,23.0,4048.0,4048.0,2.0,2.0,0.000906589,1.47246e-05,0.000625469,0.00154678,2439610000.0,2439610000.0,0.105824,0.0,0.143543,0.57,1.0,46.0,50.0,0.2,100.0
traj_sweep_639,floorplan,1076.77,1278.42,626.696,626.696,0.582016,0.582016,23.0,23.0,4048.0,4048.0,2.0,2.0,0.000890958,1.47246e-05,0.000614685,0.00152037,2439610000.0,2439610000.0,0.105824,0.0,0.151543,0.58,1.0,46.0,50.0,0.2,100.0
traj_sweep_640,floorplan,1076.77,1278.42,626.696,626.696,0.582016,0.582016,23.0,23.0,4048.0,4048.0,2.0,2.0,0.000875857,1.47246e-05,0.000604267,0.00149485,2439610000.0,2439610000.0,0.105824,0.0,0.159543,0.59,1.0,46.0,50.0,0.2,100.0
traj_sweep_641,floorplan,1076.77,1278.42,626.696,626.696,0.582016,0.582016,23.0,23.0,4048.0,4048.0,2.0,2.0,0.000861259,1.47246e-05,0.000594196,0.00147018,2439610000.0,2439610000.0,0.105824,0.0,0.167543,0.6,1.0,46.0,50.0,0.2,100.0
traj_sweep_642,floorplan,1076.77,1278.42,626.696,626.696,0.582016,0.582016,23.0,23.0,4048.0,4048.0,2.0,2.0,0.00084714,1.47246e-05,0.000584455,0.00144632,2439610000.0,2439610000.0,0.105824,0.0,0.175543,0.61,1.0,46.0,50.0,0.2,100.0
traj_sweep_643,floorplan,1076.77,1278.42,626.696,626.696,0.582016,0.582016,23.0,23.0,4048.0,4048.0,2.0,2.0,0.000833476,1.47246e-05,0.000575028,0.00142323,2439610000.0,2439610000.0,0.105824,0.0,0.183543,0.62,1.0,46.0,50.0,0.2,100.0
traj_sweep_644,floorplan,1076.77,1278.42,706.762,706.762,0.656374,0.656374,23.0,23.0,4048.0,4048.0,3.0,3.0,0.00415826,1.81589e-05,0.00301734,0.00719375,2467270000.0,2467270000.0,0.0469655,-11.3168,-0.265306,0.14,1.0,47.0,50.0,0.2,100.0
traj_sweep_645,floorplan,1076.77,1278.42,706.762,706.762,0.656374,0.656374,23.0,23.0,4048.0,4048.0,3.0,3.0,0.00388104,1.81589e-05,0.00281618,0.00671538,2467270000.0,2467270000.0,0.0489655,-10.8308,-0.255306,0.15,1.0,47.0,50.0,0.2,100.0
traj_sweep_646,floorplan,1076.77,1278.42,706.762,706.762,0.656374,0.656374,23.0,23.0,4048.0,4048.0,3.0,3.0,0.00363847,1.81589e-05,0.00264017,0.0062968,2467270000.0,2467270000.0,0.0509655,-10.3448,-0.245306,0.16,1.0,47.0,50.0,0.2,100.0
traj_sweep_647,floorplan,1076.77,1278.42,706.762,706.762,0.656374,0.656374,23.0,23.0,4048.0,4048.0,3.0,3.0,0.00342445,1.81589e-05,0.00248486,0.00592747,2467270000.0,2467270000.0,0.0529655,-9.85877,-0.235306,0.17,1.0,47.0,50.0,0.2,100.0
traj_sweep_648,floorplan,1076.77,1278.42,706.762,706.762,0.656374,0.656374,23.0,23.0,4048.0,4048.0,3.0,3.0,0.0032342,1.81589e-05,0.00234681,0.00559917,2467270000.0,2467270000.0,0.0549655,-9.37905,-0.225306,0.18,1.0,47.0,50.0,0.2,100.0
traj_sweep_649,floorplan,1076.77,1278.42,706.762,706.762,0.656374,0.656374,23.0,23.0,4048.0,4048.0,3.0,3.0,0.00306398,1.81589e-05,0.0022233,0.00530543,2467270000.0,2467270000.0,0.0569655,-8.90105,-0.215306,0.19,1.0,47.0,50.0,0.2,100.0
traj_sweep_650,floorplan,1076.77,1278.42,706.762,706.762,0.656374,0.656374,23.0,23.0,4048.0,4048.0,3.0,3.0,0.00291078,1.81589e-05,0.00211213,0.00504107,2467270000.0,2467270000.0,0.0589655,-8.42305,-0.205306,0.2,1.0,47.0,50.0,0.2,100.0
traj_sweep_651,floorplan,1076.77,1278.42,706.762,706.762,0.656374,0.656374,23.0,23.0,4048.0,4048.0,3.0,3.0,0.00277217,1.81589e-05,0.00201156,0.00480189,2467270000.0,2467270000.0,0.0609654,-7.94505,-0.195306,0.21,1.0,47.0,50.0,0.2,100.0
traj_sweep_652,floorplan,1076.77,1278.42,706.762,706.762,0.656374,0.656374,23.0,23.0,4048.0,4048.0,3.0,3.0,0.00264616,1.81589e-05,0.00192012,0.00458444,2467270000.0,2467270000.0,0.0629655,-7.46705,-0.185306,0.22,1.0,47.0,50.0,0.2,100.0
traj_sweep_653,floorplan,1076.77,1278.42,706.762,706.762,0.656374,0.656374,23.0,23.0,4048.0,4048.0,3.0,3.0,0.00253111,1.81589e-05,0.00183664,0.00438591,2467270000.0,2467270000.0,0.0649655,-6.98905,-0.175306,0.23,1.0,47.0,50.0,0.2,100.0
traj_sweep_654,floorplan,1076.77,1278.42,705.698,705.698,0.655385,0.655385,23.0,23.0,4048.0,4048.0,3.0,3.0,0.00241814,1.8122e-05,0.0017569,0.00419316,2467270000.0,2467270000.0,0.0669655,-6.51841,-0.165306,0.24,1.0,47.0,50.0,0.2,100.0
traj_sweep_655,floorplan,1076.77,1278.42,698.25,698.25,0.648468,0.648468,23.0,23.0,4048.0,4048.0,3.0,3.0,0.00230584,1.77405e-05,0.00167224,0.00399583,2467270000.0,2467270000.0,0.0689655,-6.04438,-0.155306,0.25,1.0,47.0,50.0,0.2,100.0
traj_sweep_656,floorplan,1076.77,1278.42,696.92,696.92,0.647233,0.647233,23.0,23.0,4048.0,4048.0,3.0,3.0,0.00221331,1.76365e-05,0.00160566,0.00383661,2467270000.0,2467270000.0,0.0709655,-5.59937,-0.145306,0.26,1.0,47.0,50.0,0.2,100.0
traj_sweep_657,floorplan,1076.77,1278.42,692.93,692.93,0.643528,0.643528,23.0,23.0,4048.0,4048.0,3.0,3.0,0.00211681,1.74688e-05,0.0015392,0.00367348,2467270000.0,2467270000.0,0.0729655,-5.16754,-0.135307,0.27,1.0,47.0,50.0,0.2,100.0
traj_sweep_658,floorplan,1076.77,1278.42,692.93,692.93,0.643528,0.643528,23.0,23.0,4048.0,4048.0,3.0,3.0,0.00204121,1.74688e-05,0.00148423,0.00354291,2467270000.0,2467270000.0,0.0749655,-4.7057,-0.125307,0.28,1.0,47.0,50.0,0.2,100.0
traj_sweep_659,floorplan,1076.77,1278.42,692.664,692.664,0.643281,0.643281,23.0,23.0,4048.0,4048.0,3.0,3.0,0.00196984,1.74465e-05,0.00143283,0.00342012,2466920000.0,2466920000.0,0.0769655,-4.25482,-0.115363,0.29,1.0,47.0,50.0,0.2,100.0
traj_sweep_660,floorplan,1076.77,1278.42,692.398,692.398,0.643034,0.643034,23.0,23.0,4048.0,4048.0,3.0,3.0,0.00190326,1.74256e-05,0.00138485,0.00330554,2466920000.0,2466920000.0,0.0789655,-3.81082,-0.105363,0.3,1.0,47.0,50.0,0.2,100.0
traj_sweep_661,floorplan,1076.77,1278.42,687.61,687.61,0.638587,0.638587,23.0,23.0,4048.0,4048.0,3.0,3.0,0.00182808,1.72588e-05,0.0013228,0.00316814,2466860000.0,2466860000.0,0.0809655,-3.37094,-0.0953737,0.31,1.0,47.0,50.0,0.2,100.0
traj_sweep_662,floorplan,1076.77,1278.42,687.61,687.61,0.638587,0.638587,23.0,23.0,4048.0,4048.0,3.0,3.0,0.00177095,1.72588e-05,0.00128147,0.00306968,2466860000.0,2466860000.0,0.0829655,-2.94294,-0.0853737,0.32,1.0,47.0,50.0,0.2,100.0
traj_sweep_663,floorplan,1076.77,1278.42,687.61,687.61,0.638587,0.638587,23.0,23.0,4048.0,4048.0,3.0,3.0,0.00171729,1.72588e-05,0.00124263,0.00297718,2466860000.0,2466860000.0,0.0849654,-2.51494,-0.0753737,0.33,1.0,47.0,50.0,0.2,100.0
traj_sweep_664,floorplan,1076.77,1278.42,680.694,680.694,0.632164,0.632164,23.0,23.0,4048.0,4048.0,3.0,3.0,0.00164705,1.69788e-05,0.00118377,0.00284781,2466760000.0,2466760000.0,0.0869655,-2.10805,-0.0653901,0.34,1.0,47.0,50.0,0.2,100.0
traj_sweep_665,floorplan,1076.77,1278.42,680.694,680.694,0.632164,0.632164,23.0,23.0,4048.0,4048.0,3.0,3.0,0.0016,1.69788e-05,0.00114995,0.00276693,2466760000.0,2466760000.0,0.0889655,-1.68005,-0.0553901,0.35,1.0,47.0,50.0,0.2,100.0
traj_sweep_666,floorplan,1076.77,1278.42,680.694,680.694,0.632164,0.632164,23.0,23.0,4048.0,4048.0,3.0,3.0,0.00155555,1.69788e-05,0.00111801,0.00269054,2466760000.0,2466760000.0,0.0909655,-1.28025,-0.0453901,0.36,1.0,47.0,50.0,0.2,100.0
traj_sweep_667,floorplan,1076.77,1278.42,679.896,679.896,0.631423,0.631423,23.0,23.0,4048.0,4048.0,3.0,3.0,0.00150882,1.69681e-05,0.00108398,0.00260977,2466760000.0,2466760000.0,0.0929655,-0.893358,-0.0353901,0.37,1.0,47.0,50.0,0.2,100.0
traj_sweep_668,floorplan,1076.77,1278.42,677.502,677.502,0.6292,0.6292,23.0,23.0,4048.0,4048.0,3.0,3.0,0.00146284,1.68603e-05,0.0010489,0.0025286,2466760000.0,2466760000.0,0.0949654,-0.540987,-0.0253901,0.38,1.0,47.0,50.0,0.2,100.0
traj_sweep_669,floorplan,1076.77,1278.42,676.438,676.438,0.628211,0.628211,23.0,23.0,4048.0,4048.0,3.0,3.0,0.00142367,1.68119e-05,0.00101747,0.00245796,2466760000.0,2466760000.0,0.0969655,-0.256458,-0.0153901,0.39,1.0,47.0,50.0,0.2,100.0
traj_sweep_670,floorplan,1076.77,1278.42,638.666,638.666,0.593132,0.593132,23.0,23.0,4048.0,4048.0,3.0,3.0,0.00131998,1.52355e-05,0.00092424,0.00225946,2469040000.0,2469040000.0,0.100056,-0.0341863,-0.00501507,0.4,1.0,47.0,50.0,0.2,100.0
traj_sweep_671,floorplan,1076.77,1278.42,626.696,626.696,0.582016,0.582016,23.0,23.0,4048.0,4048.0,2.0,2.0,0.00126038,1.47246e-05,0.000869555,0.00214466,2439610000.0,2439610000.0,0.102056,0.0,9.8227e-05,0.41,1.0,47.0,50.0,0.2,100.0
traj_sweep_672,floorplan,1076.77,1278.42,626.696,626.696,0.582016,0.582016,23.0,23.0,4048.0,4048.0,2.0,2.0,0.00123037,1.47246e-05,0.000848852,0.00209395,2439610000.0,2439610000.0,0.104056,0.0,0.0100982,0.42,1.0,47.0,50.0,0.2,100.0
traj_sweep_673,floorplan,1076.77,1278.42,626.696,626.696,0.582016,0.582016,23.0,23.0,4048.0,4048.0,2.0,2.0,0.00120176,1.47246e-05,0.000829111,0.00204559,2439610000.0,2439610000.0,0.105824,0.0,0.0200982,0.43,1.0,47.0,50.0,0.2,100.0
traj_sweep_674,floorplan,1076.77,1278.42,626.696,626.696,0.582016,0.582016,23.0,23.0,4048.0,4048.0,2.0,2.0,0.00117444,1.47246e-05,0.000810267,0.00199944,2439610000.0,2439610000.0,0.105824,0.0,0.0300982,0.44,1.0,47.0,50.0,0.2,100.0
traj_sweep_675,floorplan,1076.77,1278.42,626.696,626.696,0.582016,0.582016,23.0,23.0,4048.0,4048.0,2.0,2.0,0.00114834,1.47246e-05,0.000792262,0.00195533,2439610000.0,2439610000.0,0.105824,0.0,0.0400982,0.45,1.0,47.0,50.0,0.2,100.0
traj_sweep_676,floorplan,1076.77,1278.42,626.696,626.696,0.582016,0.582016,23.0,23.0,4048.0,4048.0,2.0,2.0,0.00112338,1.47246e-05,0.000775038,0.00191314,2439610000.0,2439610000.0,0.105824,0.0,0.0500982,0.46,1.0,47.0,50.0,0.2,100.0
traj_sweep_677,floorplan,1076.77,1278.42,626.696,626.696,0.582016,0.582016,23.0,23.0,4048.0,4048.0,2.0,2.0,0.00109948,1.47246e-05,0.000758548,0.00187275,2439610000.0,2439610000.0,0.105824,0.0,0.0600982,0.47,1.0,47.0,50.0,0.2,100.0
traj_sweep_678,floorplan,1076.77,1278.42,626.696,626.696,0.582016,0.582016,23.0,23.0,4048.0,4048.0,2.0,2.0,0.00107657,1.47246e-05,0.000742745,0.00183404,2439610000.0,2439610000.0,0.105824,0.0,0.0700982,0.48,1.0,47.0,50.0,0.2,100.0
traj_sweep_679,floorplan,1076.77,1278.42,626.696,626.696,0.582016,0.582016,23.0,23.0,4048.0,4048.0,2.0,2.0,0.0010546,1.47246e-05,0.000727587,0.00179691,2439610000.0,2439610000.0,0.105824,0.0,0.0795431,0.49,1.0,47.0,50.0,0.2,100.0
traj_sweep_680,floorplan,1076.77,1278.42,626.696,626.696,0.582016,0.582016,23.0,23.0,4048.0,4048.0,2.0,2.0,0.00103351,1.47246e-05,0.000713035,0.00176127,2439610000.0,2439610000.0,0.105824,0.0,0.0875431,0.5,1.0,47.0,50.0,0.2,100.0
traj_sweep_681,floorplan,1076.77,1278.42,626.696,626.696,0.582016,0.582016,23.0,23.0,4048.0,4048.0,2.0,2.0,0.00101325,1.47246e-05,0.000699054,0.00172702,2439610000.0,2439610000.0,0.105824,0.0,0.095543,0.51,1.0,47.0,50.0,0.2,100.0
traj_sweep_682,floorplan,1076.77,1278.42,626.696,626.696,0.582016,0.582016,23.0,23.0,4048.0,4048.0,2.0,2.0,0.00099376,1.47246e-05,0.00068561,0.0016941,2439610000.0,2439610000.0,0.105824,0.0,0.103543,0.52,1.0,47.0,50.0,0.2,100.0
traj_sweep_683,floorplan,1076.77,1278.42,626.696,626.696,0.582016,0.582016,23.0,23.0,4048.0,4048.0,2.0,2.0,0.00097501,1.47246e-05,0.000672674,0.00166241,2439610000.0,2439610000.0,0.105824,0.0,0.111543,0.53,1.0,47.0,50.0,0.2,100.0
traj_sweep_684,floorplan,1076.77,1278.42,626.696,626.696,0.582016,0.582016,23.0,23.0,4048.0,4048.0,2.0,2.0,0.000956954,1.47246e-05,0.000660217,0.0016319,2439610000.0,2439610000.0,0.105824,0.0,0.119543,0.54,1.0,47.0,50.0,0.2,100.0
traj_sweep_685,floorplan,1076.77,1278.42,626.696,626.696,0.582016,0.582016,23.0,23.0,4048.0,4048.0,2.0,2.0,0.000939555,1.47246e-05,0.000648213,0.00160249,2439610000.0,2439610000.0,0.105824,0.0,0.127543,0.55,1.0,47.0,50.0,0.2,100.0
traj_sweep_686,floorplan,1076.77,1278.42,626.696,626.696,0.582016,0.582016,23.0,23.0,4048.0,4048.0,2.0,2.0,0.000922778,1.47246e-05,0.000636639,0.00157414,2439610000.0,2439610000.0,0.105824,0.0,0.135543,0.56,1.0,47.0,50.0,0.2,100.0
traj_sweep_687,floorplan,1076.77,1278.42,626.696,626.696,0.582016,0.582016,23.0,23.0,4048.0,4048.0,2.0,2.0,0.000906589,1.47246e-05,0.000625469,0.00154678,2439610000.0,2439610000.0,0.105824,0.0,0.143543,0.57,1.0,47.0,50.0,0.2,100.0
traj_sweep_688,floorplan,1076.77,1278.42,626.696,626.696,0.582016,0.582016,23.0,23.0,4048.0,4048.0,2.0,2.0,0.000890958,1.47246e-05,0.000614685,0.00152037,2439610000.0,2439610000.0,0.105824,0.0,0.151543,0.58,1.0,47.0,50.0,0.2,100.0
traj_sweep_689,floorplan,1076.77,1278.42,626.696,626.696,0.582016,0.582016,23.0,23.0,4048.0,4048.0,2.0,2.0,0.000875857,1.47246e-05,0.000604267,0.00149485,2439610000.0,2439610000.0,0.105824,0.0,0.159543,0.59,1.0,47.0,50.0,0.2,100.0
traj_sweep_690,floorplan,1076.77,1278.42,626.696,626.696,0.582016,0.582016,23.0,23.0,4048.0,4048.0,2.0,2.0,0.000861259,1.47246e-05,0.000594196,0.00147018,2439610000.0,2439610000.0,0.105824,0.0,0.167543,0.6,1.0,47.0,50.0,0.2,100.0
traj_sweep_691,floorplan,1076.77,1278.42,626.696,626.696,0.582016,0.582016,23.0,23.0,4048.0,4048.0,2.0,2.0,0.00084714,1.47246e-05,0.000584455,0.00144632,2439610000.0,2439610000.0,0.105824,0.0,0.175543,0.61,1.0,47.0,50.0,0.2,100.0
traj_sweep_692,floorplan,1076.77,1278.42,626.696,626.696,0.582016,0.582016,23.0,23.0,4048.0,4048.0,2.0,2.0,0.000833476,1.47246e-05,0.000575028,0.00142323,2439610000.0,2439610000.0,0.105824,0.0,0.183543,0.62,1.0,47.0,50.0,0.2,100.0
traj_sweep_693,floorplan,1076.77,1278.42,706.762,706.762,0.656374,0.656374,23.0,23.0,4048.0,4048.0,3.0,3.0,0.00415826,1.81589e-05,0.00301734,0.00719375,2467270000.0,2467270000.0,0.0469655,-11.3168,-0.265306,0.14,1.0,48.0,50.0,0.2,100.0
traj_sweep_694,floorplan,1076.77,1278.42,706.762,706.762,0.656374,0.656374,23.0,23.0,4048.0,4048.0,3.0,3.0,0.00388104,1.81589e-05,0.00281618,0.00671538,2467270000.0,2467270000.0,0.0489655,-10.8308,-0.255306,0.15,1.0,48.0,50.0,0.2,100.0
traj_sweep_695,floorplan,1076.77,1278.42,706.762,706.762,0.656374,0.656374,23.0,23.0,4048.0,4048.0,3.0,3.0,0.00363847,1.81589e-05,0.00264017,0.0062968,2467270000.0,2467270000.0,0.0509655,-10.3448,-0.245306,0.16,1.0,48.0,50.0,0.2,100.0
traj_sweep_696,floorplan,1076.77,1278.42,706.762,706.762,0.656374,0.656374,23.0,23.0,4048.0,4048.0,3.0,3.0,0.00342445,1.81589e-05,0.00248486,0.00592747,2467270000.0,2467270000.0,0.0529655,-9.85877,-0.235306,0.17,1.0,48.0,50.0,0.2,100.0
traj_sweep_698,floorplan,1076.77,1278.42,706.762,706.762,0.656374,0.656374,23.0,23.0,4048.0,4048.0,3.0,3.0,0.00306398,1.81589e-05,0.0022233,0.00530543,2467270000.0,2467270000.0,0.0569655,-8.90105,-0.215306,0.19,1.0,48.0,50.0,0.2,100.0
traj_sweep_699,floorplan,1076.77,1278.42,706.762,706.762,0.656374,0.656374,23.0,23.0,4048.0,4048.0,3.0,3.0,0.00291078,1.81589e-05,0.00211213,0.00504107,2467270000.0,2467270000.0,0.0589655,-8.42305,-0.205306,0.2,1.0,48.0,50.0,0.2,100.0
traj_sweep_700,floorplan,1076.77,1278.42,706.762,706.762,0.656374,0.656374,23.0,23.0,4048.0,4048.0,3.0,3.0,0.00277217,1.81589e-05,0.00201156,0.00480189,2467270000.0,2467270000.0,0.0609654,-7.94505,-0.195306,0.21,1.0,48.0,50.0,0.2,100.0
traj_sweep_702,floorplan,1076.77,1278.42,706.762,706.762,0.656374,0.656374,23.0,23.0,4048.0,4048.0,3.0,3.0,0.00253111,1.81589e-05,0.00183664,0.00438591,2467270000.0,2467270000.0,0.0649655,-6.98905,-0.175306,0.23,1.0,48.0,50.0,0.2,100.0
traj_sweep_703,floorplan,1076.77,1278.42,705.698,705.698,0.655385,0.655385,23.0,23.0,4048.0,4048.0,3.0,3.0,0.00241814,1.8122e-05,0.0017569,0.00419316,2467270000.0,2467270000.0,0.0669655,-6.51841,-0.165306,0.24,1.0,48.0,50.0,0.2,100.0
traj_sweep_704,floorplan,1076.77,1278.42,698.25,698.25,0.648468,0.648468,23.0,23.0,4048.0,4048.0,3.0,3.0,0.00230584,1.77405e-05,0.00167224,0.00399583,2467270000.0,2467270000.0,0.0689655,-6.04438,-0.155306,0.25,1.0,48.0,50.0,0.2,100.0
traj_sweep_705,floorplan,1076.77,1278.42,696.92,696.92,0.647233,0.647233,23.0,23.0,4048.0,4048.0,3.0,3.0,0.00221331,1.76365e-05,0.00160566,0.00383661,2467270000.0,2467270000.0,0.0709655,-5.59937,-0.145306,0.26,1.0,48.0,50.0,0.2,100.0
traj_sweep_706,floorplan,1076.77,1278.42,692.93,692.93,0.643528,0.643528,23.0,23.0,4048.0,4048.0,3.0,3.0,0.00211681,1.74688e-05,0.0015392,0.00367348,2467270000.0,2467270000.0,0.0729655,-5.16754,-0.135307,0.27,1.0,48.0,50.0,0.2,100.0
traj_sweep_708,floorplan,1076.77,1278.42,692.664,692.664,0.643281,0.643281,23.0,23.0,4048.0,4048.0,3.0,3.0,0.00196984,1.74465e-05,0.00143283,0.00342012,2466920000.0,2466920000.0,0.0769655,-4.25482,-0.115363,0.29,1.0,48.0,50.0,0.2,100.0
traj_sweep_709,floorplan,1076.77,1278.42,692.398,692.398,0.643034,0.643034,23.0,23.0,4048.0,4048.0,3.0,3.0,0.00190326,1.74256e-05,0.00138485,0.00330554,2466920000.0,2466920000.0,0.0789655,-3.81082,-0.105363,0.3,1.0,48.0,50.0,0.2,100.0
traj_sweep_710,floorplan,1076.77,1278.42,687.61,687.61,0.638587,0.638587,23.0,23.0,4048.0,4048.0,3.0,3.0,0.00182808,1.72588e-05,0.0013228,0.00316814,2466860000.0,2466860000.0,0.0809655,-3.37094,-0.0953737,0.31,1.0,48.0,50.0,0.2,100.0
traj_sweep_712,floorplan,1076.77,1278.42,687.61,687.61,0.638587,0.638587,23.0,23.0,4048.0,4048.0,3.0,3.0,0.00171729,1.72588e-05,0.00124263,0.00297718,2466860000.0,2466860000.0,0.0849654,-2.51494,-0.0753737,0.33,1.0,48.0,50.0,0.2,100.0
traj_sweep_713,floorplan,1076.77,1278.42,680.694,680.694,0.632164,0.632164,23.0,23.0,4048.0,4048.0,3.0,3.0,0.00164705,1.69788e-05,0.00118377,0.00284781,2466760000.0,2466760000.0,0.0869655,-2.10805,-0.0653901,0.34,1.0,48.0,50.0,0.2,100.0
traj_sweep_714,floorplan,1076.77,1278.42,680.694,680.694,0.632164,0.632164,23.0,23.0,4048.0,4048.0,3.0,3.0,0.0016,1.69788e-05,0.00114995,0.00276693,2466760000.0,2466760000.0,0.0889655,-1.68005,-0.0553901,0.35,1.0,48.0,50.0,0.2,100.0
traj_sweep_715,floorplan,1076.77,1278.42,680.694,680.694,0.632164,0.632164,23.0,23.0,4048.0,4048.0,3.0,3.0,0.00155555,1.69788e-05,0.00111801,0.00269054,2466760000.0,2466760000.0,0.0909655,-1.28025,-0.0453901,0.36,1.0,48.0,50.0,0.2,100.0
traj_sweep_716,floorplan,1076.77,1278.42,679.896,679.896,0.631423,0.631423,23.0,23.0,4048.0,4048.0,3.0,3.0,0.00150882,1.69681e-05,0.00108398,0.00260977,2466760000.0,2466760000.0,0.0929655,-0.893358,-0.0353901,0.37,1.0,48.0,50.0,0.2,100.0
traj_sweep_718,floorplan,1076.77,1278.42,676.438,676.438,0.628211,0.628211,23.0,23.0,4048.0,4048.0,3.0,3.0,0.00142367,1.68119e-05,0.00101747,0.00245796,2466760000.0,2466760000.0,0.0969655,-0.256458,-0.0153901,0.39,1.0,48.0,50.0,0.2,100.0
traj_sweep_719,floorplan,1076.77,1278.42,638.666,638.666,0.593132,0.593132,23.0,23.0,4048.0,4048.0,3.0,3.0,0.00131998,1.52355e-05,0.00092424,0.00225946,2469040000.0,2469040000.0,0.100056,-0.0341863,-0.00501507,0.4,1.0,48.0,50.0,0.2,100.0
traj_sweep_720,floorplan,1076.77,1278.42,626.696,626.696,0.582016,0.582016,23.0,23.0,4048.0,4048.0,2.0,2.0,0.00126038,1.47246e-05,0.000869555,0.00214466,2439610000.0,2439610000.0,0.102056,0.0,9.8227e-05,0.41,1.0,48.0,50.0,0.2,100.0
traj_sweep_721,floorplan,1076.77,1278.42,626.696,626.696,0.582016,0.582016,23.0,23.0,4048.0,4048.0,2.0,2.0,0.00123037,1.47246e-05,0.000848852,0.00209395,2439610000.0,2439610000.0,0.104056,0.0,0.0100982,0.42,1.0,48.0,50.0,0.2,100.0
traj_sweep_722,floorplan,1076.77,1278.42,626.696,626.696,0.582016,0.582016,23.0,23.0,4048.0,4048.0,2.0,2.0,0.00120176,1.47246e-05,0.000829111,0.00204559,2439610000.0,2439610000.0,0.105824,0.0,0.0200982,0.43,1.0,48.0,50.0,0.2,100.0
traj_sweep_723,floorplan,1076.77,1278.42,626.696,626.696,0.582016,0.582016,23.0,23.0,4048.0,4048.0,2.0,2.0,0.00117444,1.47246e-05,0.000810267,0.00199944,2439610000.0,2439610000.0,0.105824,0.0,0.0300982,0.44,1.0,48.0,50.0,0.2,100.0
traj_sweep_725,floorplan,1076.77,1278.42,626.696,626.696,0.582016,0.582016,23.0,23.0,4048.0,4048.0,2.0,2.0,0.00112338,1.47246e-05,0.000775038,0.00191314,2439610000.0,2439610000.0,0.105824,0.0,0.0500982,0.46,1.0,48.0,50.0,0.2,100.0
traj_sweep_726,floorplan,1076.77,1278.42,626.696,626.696,0.582016,0.582016,23.0,23.0,4048.0,4048.0,2.0,2.0,0.00109948,1.47246e-05,0.000758548,0.00187275,2439610000.0,2439610000.0,0.105824,0.0,0.0600982,0.47,1.0,48.0,50.0,0.2,100.0
traj_sweep_727,floorplan,1076.77,1278.42,626.696,626.696,0.582016,0.582016,23.0,23.0,4048.0,4048.0,2.0,2.0,0.00107657,1.47246e-05,0.000742745,0.00183404,2439610000.0,2439610000.0,0.105824,0.0,0.0700982,0.48,1.0,48.0,50.0,0.2,100.0
traj_sweep_728,floorplan,1076.77,1278.42,626.696,626.696,0.582016,0.582016,23.0,23.0,4048.0,4048.0,2.0,2.0,0.0010546,1.47246e-05,0.000727587,0.00179691,2439610000.0,2439610000.0,0.105824,0.0,0.0795431,0.49,1.0,48.0,50.0,0.2,100.0
traj_sweep_729,floorplan,1076.77,1278.42,626.696,626.696,0.582016,0.582016,23.0,23.0,4048.0,4048.0,2.0,2.0,0.00103351,1.47246e-05,0.000713035,0.00176127,2439610000.0,2439610000.0,0.105824,0.0,0.0875431,0.5,1.0,48.0,50.0,0.2,100.0
traj_sweep_730,floorplan,1076.77,1278.42,626.696,626.696,0.582016,0.582016,23.0,23.0,4048.0,4048.0,2.0,2.0,0.00101325,1.47246e-05,0.000699054,0.00172702,2439610000.0,2439610000.0,0.105824,0.0,0.095543,0.51,1.0,48.0,50.0,0.2,100.0
traj_sweep_732,floorplan,1076.77,1278.42,626.696,626.696,0.582016,0.582016,23.0,23.0,4048.0,4048.0,2.0,2.0,0.00097501,1.47246e-05,0.000672674,0.00166241,2439610000.0,2439610000.0,0.105824,0.0,0.111543,0.53,1.0,48.0,50.0,0.2,100.0
traj_sweep_733,floorplan,1076.77,1278.42,626.696,626.696,0.582016,0.582016,23.0,23.0,4048.0,4048.0,2.0,2.0,0.000956954,1.47246e-05,0.000660217,0.0016319,2439610000.0,2439610000.0,0.105824,0.0,0.119543,0.54,1.0,48.0,50.0,0.2,100.0
traj_sweep_734,floorplan,1076.77,1278.42,626.696,626.696,0.582016,0.582016,23.0,23.0,4048.0,4048.0,2.0,2.0,0.000939555,1.47246e-05,0.000648213,0.00160249,2439610000.0,2439610000.0,0.105824,0.0,0.127543,0.55,1.0,48.0,50.0,0.2,100.0
traj_sweep_735,floorplan,1076.77,1278.42,626.696,626.696,0.582016,0.582016,23.0,23.0,4048.0,4048.0,2.0,2.0,0.000922778,1.47246e-05,0.000636639,0.00157414,2439610000.0,2439610000.0,0.105824,0.0,0.135543,0.56,1.0,48.0,50.0,0.2,100.0
traj_sweep_736,floorplan,1076.77,1278.42,626.696,626.696,0.582016,0.582016,23.0,23.0,4048.0,4048.0,2.0,2.0,0.000906589,1.47246e-05,0.000625469,0.00154678,2439610000.0,2439610000.0,0.105824,0.0,0.143543,0.57,1.0,48.0,50.0,0.2,100.0
traj_sweep_737,floorplan,1076.77,1278.42,626.696,626.696,0.582016,0.582016,23.0,23.0,4048.0,4048.0,2.0,2.0,0.000890958,1.47246e-05,0.000614685,0.00152037,2439610000.0,2439610000.0,0.105824,0.0,0.151543,0.58,1.0,48.0,50.0,0.2,100.0
traj_sweep_738,floorplan,1076.77,1278.42,626.696,626.696,0.582016,0.582016,23.0,23.0,4048.0,4048.0,2.0,2.0,0.000875857,1.47246e-05,0.000604267,0.00149485,2439610000.0,2439610000.0,0.105824,0.0,0.159543,0.59,1.0,48.0,50.0,0.2,100.0
traj_sweep_739,floorplan,1076.77,1278.42,626.696,626.696,0.582016,0.582016,23.0,23.0,4048.0,4048.0,2.0,2.0,0.000861259,1.47246e-05,0.000594196,0.00147018,2439610000.0,2439610000.0,0.105824,0.0,0.167543,0.6,1.0,48.0,50.0,0.2,100.0
traj_sweep_740,floorplan,1076.77,1278.42,626.696,626.696,0.582016,0.582016,23.0,23.0,4048.0,4048.0,2.0,2.0,0.00084714,1.47246e-05,0.000584455,0.00144632,2439610000.0,2439610000.0,0.105824,0.0,0.175543,0.61,1.0,48.0,50.0,0.2,100.0
traj_sweep_741,floorplan,1076.77,1278.42,626.696,626.696,0.582016,0.582016,23.0,23.0,4048.0,4048.0,2.0,2.0,0.000833476,1.47246e-05,0.000575028,0.00142323,2439610000.0,2439610000.0,0.105824,0.0,0.183543,0.62,1.0,48.0,50.0,0.2,100.0
traj_sweep_742,floorplan,1076.77,1278.42,706.762,706.762,0.656374,0.656374,23.0,23.0,4048.0,4048.0,3.0,3.0,0.00415826,1.81589e-05,0.00301734,0.00719375,2467270000.0,2467270000.0,0.0469655,-11.3168,-0.265306,0.14,1.0,49.0,50.0,0.2,100.0
traj_sweep_743,floorplan,1076.77,1278.42,706.762,706.762,0.656374,0.656374,23.0,23.0,4048.0,4048.0,3.0,3.0,0.00388104,1.81589e-05,0.00281618,0.00671538,2467270000.0,2467270000.0,0.0489655,-10.8308,-0.255306,0.15,1.0,49.0,50.0,0.2,100.0
traj_sweep_744,floorplan,1076.77,1278.42,706.762,706.762,0.656374,0.656374,23.0,23.0,4048.0,4048.0,3.0,3.0,0.00363847,1.81589e-05,0.00264017,0.0062968,2467270000.0,2467270000.0,0.0509655,-10.3448,-0.245306,0.16,1.0,49.0,50.0,0.2,100.0
traj_sweep_745,floorplan,1076.77,1278.42,706.762,706.762,0.656374,0.656374,23.0,23.0,4048.0,4048.0,3.0,3.0,0.00342445,1.81589e-05,0.00248486,0.00592747,2467270000.0,2467270000.0,0.0529655,-9.85877,-0.235306,0.17,1.0,49.0,50.0,0.2,100.0
traj_sweep_746,floorplan,1076.77,1278.42,706.762,706.762,0.656374,0.656374,23.0,23.0,4048.0,4048.0,3.0,3.0,0.0032342,1.81589e-05,0.00234681,0.00559917,2467270000.0,2467270000.0,0.0549655,-9.37905,-0.225306,0.18,1.0,49.0,50.0,0.2,100.0
traj_sweep_747,floorplan,1076.77,1278.42,706.762,706.762,0.656374,0.656374,23.0,23.0,4048.0,4048.0,3.0,3.0,0.00306398,1.81589e-05,0.0022233,0.00530543,2467270000.0,2467270000.0,0.0569655,-8.90105,-0.215306,0.19,1.0,49.0,50.0,0.2,100.0
traj_sweep_748,floorplan,1076.77,1278.42,706.762,706.762,0.656374,0.656374,23.0,23.0,4048.0,4048.0,3.0,3.0,0.00291078,1.81589e-05,0.00211213,0.00504107,2467270000.0,2467270000.0,0.0589655,-8.42305,-0.205306,0.2,1.0,49.0,50.0,0.2,100.0
traj_sweep_749,floorplan,1076.77,1278.42,706.762,706.762,0.656374,0.656374,23.0,23.0,4048.0,4048.0,3.0,3.0,0.00277217,1.81589e-05,0.00201156,0.00480189,2467270000.0,2467270000.0,0.0609654,-7.94505,-0.195306,0.21,1.0,49.0,50.0,0.2,100.0
traj_sweep_750,floorplan,1076.77,1278.42,706.762,706.762,0.656374,0.656374,23.0,23.0,4048.0,4048.0,3.0,3.0,0.00264616,1.81589e-05,0.00192012,0.00458444,2467270000.0,2467270000.0,0.0629655,-7.46705,-0.185306,0.22,1.0,49.0,50.0,0.2,100.0
traj_sweep_751,floorplan,1076.77,1278.42,706.762,706.762,0.656374,0.656374,23.0,23.0,4048.0,4048.0,3.0,3.0,0.00253111,1.81589e-05,0.00183664,0.00438591,2467270000.0,2467270000.0,0.0649655,-6.98905,-0.175306,0.23,1.0,49.0,50.0,0.2,100.0
traj_sweep_752,floorplan,1076.77,1278.42,705.698,705.698,0.655385,0.655385,23.0,23.0,4048.0,4048.0,3.0,3.0,0.00241814,1.8122e-05,0.0017569,0.00419316,2467270000.0,2467270000.0,0.0669655,-6.51841,-0.165306,0.24,1.0,49.0,50.0,0.2,100.0
traj_sweep_753,floorplan,1076.77,1278.42,698.25,698.25,0.648468,0.648468,23.0,23.0,4048.0,4048.0,3.0,3.0,0.00230584,1.77405e-05,0.00167224,0.00399583,2467270000.0,2467270000.0,0.0689655,-6.04438,-0.155306,0.25,1.0,49.0,50.0,0.2,100.0
traj_sweep_754,floorplan,1076.77,1278.42,696.92,696.92,0.647233,0.647233,23.0,23.0,4048.0,4048.0,3.0,3.0,0.00221331,1.76365e-05,0.00160566,0.00383661,2467270000.0,2467270000.0,0.0709655,-5.59937,-0.145306,0.26,1.0,49.0,50.0,0.2,100.0
traj_sweep_755,floorplan,1076.77,1278.42,692.93,692.93,0.643528,0.643528,23.0,23.0,4048.0,4048.0,3.0,3.0,0.00211681,1.74688e-05,0.0015392,0.00367348,2467270000.0,2467270000.0,0.0729655,-5.16754,-0.135307,0.27,1.0,49.0,50.0,0.2,100.0
traj_sweep_756,floorplan,1076.77,1278.42,692.93,692.93,0.643528,0.643528,23.0,23.0,4048.0,4048.0,3.0,3.0,0.00204121,1.74688e-05,0.00148423,0.00354291,2467270000.0,2467270000.0,0.0749655,-4.7057,-0.125307,0.28,1.0,49.0,50.0,0.2,100.0
traj_sweep_757,floorplan,1076.77,1278.42,692.664,692.664,0.643281,0.643281,23.0,23.0,4048.0,4048.0,3.0,3.0,0.00196984,1.74465e-05,0.00143283,0.00342012,2466920000.0,2466920000.0,0.0769655,-4.25482,-0.115363,0.29,1.0,49.0,50.0,0.2,100.0
traj_sweep_758,floorplan,1076.77,1278.42,692.398,692.398,0.643034,0.643034,23.0,23.0,4048.0,4048.0,3.0,3.0,0.00190326,1.74256e-05,0.00138485,0.00330554,2466920000.0,2466920000.0,0.0789655,-3.81082,-0.105363,0.3,1.0,49.0,50.0,0.2,100.0
traj_sweep_759,floorplan,1076.77,1278.42,687.61,687.61,0.638587,0.638587,23.0,23.0,4048.0,4048.0,3.0,3.0,0.00182808,1.72588e-05,0.0013228,0.00316814,2466860000.0,2466860000.0,0.0809655,-3.37094,-0.0953737,0.31,1.0,49.0,50.0,0.2,100.0
traj_sweep_760,floorplan,1076.77,1278.42,687.61,687.61,0.638587,0.638587,23.0,23.0,4048.0,4048.0,3.0,3.0,0.00177095,1.72588e-05,0.00128147,0.00306968,2466860000.0,2466860000.0,0.0829655,-2.94294,-0.0853737,0.32,1.0,49.0,50.0,0.2,100.0
traj_sweep_761,floorplan,1076.77,1278.42,687.61,687.61,0.638587,0.638587,23.0,23.0,4048.0,4048.0,3.0,3.0,0.00171729,1.72588e-05,0.00124263,0.00297718,2466860000.0,2466860000.0,0.0849654,-2.51494,-0.0753737,0.33,1.0,49.0,50.0,0.2,100.0
traj_sweep_762,floorplan,1076.77,1278.42,680.694,680.694,0.632164,0.632164,23.0,23.0,4048.0,4048.0,3.0,3.0,0.00164705,1.69788e-05,0.00118377,0.00284781,2466760000.0,2466760000.0,0.0869655,-2.10805,-0.0653901,0.34,1.0,49.0,50.0,0.2,100.0
traj_sweep_763,floorplan,1076.77,1278.42,680.694,680.694,0.632164,0.632164,23.0,23.0,4048.0,4048.0,3.0,3.0,0.0016,1.69788e-05,0.00114995,0.00276693,2466760000.0,2466760000.0,0.0889655,-1.68005,-0.0553901,0.35,1.0,49.0,50.0,0.2,100.0
traj_sweep_764,floorplan,1076.77,1278.42,680.694,680.694,0.632164,0.632164,23.0,23.0,4048.0,4048.0,3.0,3.0,0.00155555,1.69788e-05,0.00111801,0.00269054,2466760000.0,2466760000.0,0.0909655,-1.28025,-0.0453901,0.36,1.0,49.0,50.0,0.2,100.0
traj_sweep_765,floorplan,1076.77,1278.42,679.896,679.896,0.631423,0.631423,23.0,23.0,4048.0,4048.0,3.0,3.0,0.00150882,1.69681e-05,0.00108398,0.00260977,2466760000.0,2466760000.0,0.0929655,-0.893358,-0.0353901,0.37,1.0,49.0,50.0,0.2,100.0
traj_sweep_766,floorplan,1076.77,1278.42,677.502,677.502,0.6292,0.6292,23.0,23.0,4048.0,4048.0,3.0,3.0,0.00146284,1.68603e-05,0.0010489,0.0025286,2466760000.0,2466760000.0,0.0949654,-0.540987,-0.0253901,0.38,1.0,49.0,50.0,0.2,100.0
traj_sweep_767,floorplan,1076.77,1278.42,676.438,676.438,0.628211,0.628211,23.0,23.0,4048.0,4048.0,3.0,3.0,0.00142367,1.68119e-05,0.00101747,0.00245796,2466760000.0,2466760000.0,0.0969655,-0.256458,-0.0153901,0.39,1.0,49.0,50.0,0.2,100.0
traj_sweep_768,floorplan,1076.77,1278.42,638.666,638.666,0.593132,0.593132,23.0,23.0,4048.0,4048.0,3.0,3.0,0.00131998,1.52355e-05,0.00092424,0.00225946,2469040000.0,2469040000.0,0.100056,-0.0341863,-0.00501507,0.4,1.0,49.0,50.0,0.2,100.0
traj_sweep_769,floorplan,1076.77,1278.42,626.696,626.696,0.582016,0.582016,23.0,23.0,4048.0,4048.0,2.0,2.0,0.00126038,1.47246e-05,0.000869555,0.00214466,2439610000.0,2439610000.0,0.102056,0.0,9.8227e-05,0.41,1.0,49.0,50.0,0.2,100.0
traj_sweep_770,floorplan,1076.77,1278.42,626.696,626.696,0.582016,0.582016,23.0,23.0,4048.0,4048.0,2.0,2.0,0.00123037,1.47246e-05,0.000848852,0.00209395,2439610000.0,2439610000.0,0.104056,0.0,0.0100982,0.42,1.0,49.0,50.0,0.2,100.0
traj_sweep_771,floorplan,1076.77,1278.42,626.696,626.696,0.582016,0.582016,23.0,23.0,4048.0,4048.0,2.0,2.0,0.00120176,1.47246e-05,0.000829111,0.00204559,2439610000.0,2439610000.0,0.105824,0.0,0.0200982,0.43,1.0,49.0,50.0,0.2,100.0
traj_sweep_772,floorplan,1076.77,1278.42,626.696,626.696,0.582016,0.582016,23.0,23.0,4048.0,4048.0,2.0,2.0,0.00117444,1.47246e-05,0.000810267,0.00199944,2439610000.0,2439610000.0,0.105824,0.0,0.0300982,0.44,1.0,49.0,50.0,0.2,100.0
traj_sweep_773,floorplan,1076.77,1278.42,626.696,626.696,0.582016,0.582016,23.0,23.0,4048.0,4048.0,2.0,2.0,0.00114834,1.47246e-05,0.000792262,0.00195533,2439610000.0,2439610000.0,0.105824,0.0,0.0400982,0.45,1.0,49.0,50.0,0.2,100.0
traj_sweep_774,floorplan,1076.77,1278.42,626.696,626.696,0.582016,0.582016,23.0,23.0,4048.0,4048.0,2.0,2.0,0.00112338,1.47246e-05,0.000775038,0.00191314,2439610000.0,2439610000.0,0.105824,0.0,0.0500982,0.46,1.0,49.0,50.0,0.2,100.0
traj_sweep_775,floorplan,1076.77,1278.42,626.696,626.696,0.582016,0.582016,23.0,23.0,4048.0,4048.0,2.0,2.0,0.00109948,1.47246e-05,0.000758548,0.00187275,2439610000.0,2439610000.0,0.105824,0.0,0.0600982,0.47,1.0,49.0,50.0,0.2,100.0
traj_sweep_776,floorplan,1076.77,1278.42,626.696,626.696,0.582016,0.582016,23.0,23.0,4048.0,4048.0,2.0,2.0,0.00107657,1.47246e-05,0.000742745,0.00183404,2439610000.0,2439610000.0,0.105824,0.0,0.0700982,0.48,1.0,49.0,50.0,0.2,100.0
traj_sweep_777,floorplan,1076.77,1278.42,626.696,626.696,0.582016,0.582016,23.0,23.0,4048.0,4048.0,2.0,2.0,0.0010546,1.47246e-05,0.000727587,0.00179691,2439610000.0,2439610000.0,0.105824,0.0,0.0795431,0.49,1.0,49.0,50.0,0.2,100.0
traj_sweep_778,floorplan,1076.77,1278.42,626.696,626.696,0.582016,0.582016,23.0,23.0,4048.0,4048.0,2.0,2.0,0.00103351,1.47246e-05,0.000713035,0.00176127,2439610000.0,2439610000.0,0.105824,0.0,0.0875431,0.5,1.0,49.0,50.0,0.2,100.0
traj_sweep_779,floorplan,1076.77,1278.42,626.696,626.696,0.582016,0.582016,23.0,23.0,4048.0,4048.0,2.0,2.0,0.00101325,1.47246e-05,0.000699054,0.00172702,2439610000.0,2439610000.0,0.105824,0.0,0.095543,0.51,1.0,49.0,50.0,0.2,100.0
traj_sweep_780,floorplan,1076.77,1278.42,626.696,626.696,0.582016,0.582016,23.0,23.0,4048.0,4048.0,2.0,2.0,0.00099376,1.47246e-05,0.00068561,0.0016941,2439610000.0,2439610000.0,0.105824,0.0,0.103543,0.52,1.0,49.0,50.0,0.2,100.0
traj_sweep_781,floorplan,1076.77,1278.42,626.696,626.696,0.582016,0.582016,23.0,23.0,4048.0,4048.0,2.0,2.0,0.00097501,1.47246e-05,0.000672674,0.00166241,2439610000.0,2439610000.0,0.105824,0.0,0.111543,0.53,1.0,49.0,50.0,0.2,100.0
traj_sweep_782,floorplan,1076.77,1278.42,626.696,626.696,0.582016,0.582016,23.0,23.0,4048.0,4048.0,2.0,2.0,0.000956954,1.47246e-05,0.000660217,0.0016319,2439610000.0,2439610000.0,0.105824,0.0,0.119543,0.54,1.0,49.0,50.0,0.2,100.0
traj_sweep_783,floorplan,1076.77,1278.42,626.696,626.696,0.582016,0.582016,23.0,23.0,4048.0,4048.0,2.0,2.0,0.000939555,1.47246e-05,0.000648213,0.00160249,2439610000.0,2439610000.0,0.105824,0.0,0.127543,0.55,1.0,49.0,50.0,0.2,100.0
traj_sweep_784,floorplan,1076.77,1278.42,626.696,626.696,0.582016,0.582016,23.0,23.0,4048.0,4048.0,2.0,2.0,0.000922778,1.47246e-05,0.000636639,0.00157414,2439610000.0,2439610000.0,0.105824,0.0,0.135543,0.56,1.0,49.0,50.0,0.2,100.0
traj_sweep_785,floorplan,1076.77,1278.42,626.696,626.696,0.582016,0.582016,23.0,23.0,4048.0,4048.0,2.0,2.0,0.000906589,1.47246e-05,0.000625469,0.00154678,2439610000.0,2439610000.0,0.105824,0.0,0.143543,0.57,1.0,49.0,50.0,0.2,100.0
traj_sweep_786,floorplan,1076.77,1278.42,626.696,626.696,0.582016,0.582016,23.0,23.0,4048.0,4048.0,2.0,2.0,0.000890958,1.47246e-05,0.000614685,0.00152037,2439610000.0,2439610000.0,0.105824,0.0,0.151543,0.58,1.0,49.0,50.0,0.2,100.0
traj_sweep_787,floorplan,1076.77,1278.42,626.696,626.696,0.582016,0.582016,23.0,23.0,4048.0,4048.0,2.0,2.0,0.000875857,1.47246e-05,0.000604267,0.00149485,2439610000.0,2439610000.0,0.105824,0.0,0.159543,0.59,1.0,49.0,50.0,0.2,100.0
traj_sweep_788,floorplan,1076.77,1278.42,626.696,626.696,0.582016,0.582016,23.0,23.0,4048.0,4048.0,2.0,2.0,0.000861259,1.47246e-05,0.000594196,0.00147018,2439610000.0,2439610000.0,0.105824,0.0,0.167543,0.6,1.0,49.0,50.0,0.2,100.0
traj_sweep_789,floorplan,1076.77,1278.42,626.696,626.696,0.582016,0.582016,23.0,23.0,4048.0,4048.0,2.0,2.0,0.00084714,1.47246e-05,0.000584455,0.00144632,2439610000.0,2439610000.0,0.105824,0.0,0.175543,0.61,1.0,49.0,50.0,0.2,100.0
traj_sweep_790,floorplan,1076.77,1278.42,626.696,626.696,0.582016,0.582016,23.0,23.0,4048.0,4048.0,2.0,2.0,0.000833476,1.47246e-05,0.000575028,0.00142323,2439610000.0,2439610000.0,0.105824,0.0,0.183543,0.62,1.0,49.0,50.0,0.2,100.0
traj_sweep_791,floorplan,1076.77,1278.42,706.762,706.762,0.656374,0.656374,23.0,23.0,4048.0,4048.0,3.0,3.0,0.00415826,1.81589e-05,0.00301734,0.00719375,2467270000.0,2467270000.0,0.0469655,-11.3168,-0.265306,0.14,1.0,50.0,50.0,0.2,100.0
traj_sweep_792,floorplan,1076.77,1278.42,706.762,706.762,0.656374,0.656374,23.0,23.0,4048.0,4048.0,3.0,3.0,0.00388104,1.81589e-05,0.00281618,0.00671538,2467270000.0,2467270000.0,0.0489655,-10.8308,-0.255306,0.15,1.0,50.0,50.0,0.2,100.0
traj_sweep_793,floorplan,1076.77,1278.42,706.762,706.762,0.656374,0.656374,23.0,23.0,4048.0,4048.0,3.0,3.0,0.00363847,1.81589e-05,0.00264017,0.0062968,2467270000.0,2467270000.0,0.0509655,-10.3448,-0.245306,0.16,1.0,50.0,50.0,0.2,100.0
traj_sweep_794,floorplan,1076.77,1278.42,706.762,706.762,0.656374,0.656374,23.0,23.0,4048.0,4048.0,3.0,3.0,0.00342445,1.81589e-05,0.00248486,0.00592747,2467270000.0,2467270000.0,0.0529655,-9.85877,-0.235306,0.17,1.0,50.0,50.0,0.2,100.0
traj_sweep_795,floorplan,1076.77,1278.42,706.762,706.762,0.656374,0.656374,23.0,23.0,4048.0,4048.0,3.0,3.0,0.0032342,1.81589e-05,0.00234681,0.00559917,2467270000.0,2467270000.0,0.0549655,-9.37905,-0.225306,0.18,1.0,50.0,50.0,0.2,100.0
traj_sweep_796,floorplan,1076.77,1278.42,706.762,706.762,0.656374,0.656374,23.0,23.0,4048.0,4048.0,3.0,3.0,0.00306398,1.81589e-05,0.0022233,0.00530543,2467270000.0,2467270000.0,0.0569655,-8.90105,-0.215306,0.19,1.0,50.0,50.0,0.2,100.0
traj_sweep_797,floorplan,1076.77,1278.42,706.762,706.762,0.656374,0.656374,23.0,23.0,4048.0,4048.0,3.0,3.0,0.00291078,1.81589e-05,0.00211213,0.00504107,2467270000.0,2467270000.0,0.0589655,-8.42305,-0.205306,0.2,1.0,50.0,50.0,0.2,100.0
traj_sweep_798,floorplan,1076.77,1278.42,706.762,706.762,0.656374,0.656374,23.0,23.0,4048.0,4048.0,3.0,3.0,0.00277217,1.81589e-05,0.00201156,0.00480189,2467270000.0,2467270000.0,0.0609654,-7.94505,-0.195306,0.21,1.0,50.0,50.0,0.2,100.0
traj_sweep_799,floorplan,1076.77,1278.42,706.762,706.762,0.656374,0.656374,23.0,23.0,4048.0,4048.0,3.0,3.0,0.00264616,1.81589e-05,0.00192012,0.00458444,2467270000.0,2467270000.0,0.0629655,-7.46705,-0.185306,0.22,1.0,50.0,50.0,0.2,100.0
traj_sweep_800,floorplan,1076.77,1278.42,706.762,706.762,0.656374,0.656374,23.0,23.0,4048.0,4048.0,3.0,3.0,0.00253111,1.81589e-05,0.00183664,0.00438591,2467270000.0,2467270000.0,0.0649655,-6.98905,-0.175306,0.23,1.0,50.0,50.0,0.2,100.0
traj_sweep_801,floorplan,1076.77,1278.42,705.698,705.698,0.655385,0.655385,23.0,23.0,4048.0,4048.0,3.0,3.0,0.00241814,1.8122e-05,0.0017569,0.00419316,2467270000.0,2467270000.0,0.0669655,-6.51841,-0.165306,0.24,1.0,50.0,50.0,0.2,100.0
traj_sweep_802,floorplan,1076.77,1278.42,698.25,698.25,0.648468,0.648468,23.0,23.0,4048.0,4048.0,3.0,3.0,0.00230584,1.77405e-05,0.00167224,0.00399583,2467270000.0,2467270000.0,0.0689655,-6.04438,-0.155306,0.25,1.0,50.0,50.0,0.2,100.0
traj_sweep_803,floorplan,1076.77,1278.42,696.92,696.92,0.647233,0.647233,23.0,23.0,4048.0,4048.0,3.0,3.0,0.00221331,1.76365e-05,0.00160566,0.00383661,2467270000.0,2467270000.0,0.0709655,-5.59937,-0.145306,0.26,1.0,50.0,50.0,0.2,100.0
traj_sweep_804,floorplan,1076.77,1278.42,692.93,692.93,0.643528,0.643528,23.0,23.0,4048.0,4048.0,3.0,3.0,0.00211681,1.74688e-05,0.0015392,0.00367348,2467270000.0,2467270000.0,0.0729655,-5.16754,-0.135307,0.27,1.0,50.0,50.0,0.2,100.0
traj_sweep_805,floorplan,1076.77,1278.42,692.93,692.93,0.643528,0.643528,23.0,23.0,4048.0,4048.0,3.0,3.0,0.00204121,1.74688e-05,0.00148423,0.00354291,2467270000.0,2467270000.0,0.0749655,-4.7057,-0.125307,0.28,1.0,50.0,50.0,0.2,100.0
traj_sweep_806,floorplan,1076.77,1278.42,692.664,692.664,0.643281,0.643281,23.0,23.0,4048.0,4048.0,3.0,3.0,0.00196984,1.74465e-05,0.00143283,0.00342012,2466920000.0,2466920000.0,0.0769655,-4.25482,-0.115363,0.29,1.0,50.0,50.0,0.2,100.0
traj_sweep_807,floorplan,1076.77,1278.42,692.398,692.398,0.643034,0.643034,23.0,23.0,4048.0,4048.0,3.0,3.0,0.00190326,1.74256e-05,0.00138485,0.00330554,2466920000.0,2466920000.0,0.0789655,-3.81082,-0.105363,0.3,1.0,50.0,50.0,0.2,100.0
traj_sweep_808,floorplan,1076.77,1278.42,687.61,687.61,0.638587,0.638587,23.0,23.0,4048.0,4048.0,3.0,3.0,0.00182808,1.72588e-05,0.0013228,0.00316814,2466860000.0,2466860000.0,0.0809655,-3.37094,-0.0953737,0.31,1.0,50.0,50.0,0.2,100.0
traj_sweep_809,floorplan,1076.77,1278.42,687.61,687.61,0.638587,0.638587,23.0,23.0,4048.0,4048.0,3.0,3.0,0.00177095,1.72588e-05,0.00128147,0.00306968,2466860000.0,2466860000.0,0.0829655,-2.94294,-0.0853737,0.32,1.0,50.0,50.0,0.2,100.0
traj_sweep_810,floorplan,1076.77,1278.42,687.61,687.61,0.638587,0.638587,23.0,23.0,4048.0,4048.0,3.0,3.0,0.00171729,1.72588e-05,0.00124263,0.00297718,2466860000.0,2466860000.0,0.0849654,-2.51494,-0.0753737,0.33,1.0,50.0,50.0,0.2,100.0
traj_sweep_811,floorplan,1076.77,1278.42,680.694,680.694,0.632164,0.632164,23.0,23.0,4048.0,4048.0,3.0,3.0,0.00164705,1.69788e-05,0.00118377,0.00284781,2466760000.0,2466760000.0,0.0869655,-2.10805,-0.0653901,0.34,1.0,50.0,50.0,0.2,100.0
traj_sweep_812,floorplan,1076.77,1278.42,680.694,680.694,0.632164,0.632164,23.0,23.0,4048.0,4048.0,3.0,3.0,0.0016,1.69788e-05,0.00114995,0.00276693,2466760000.0,2466760000.0,0.0889655,-1.68005,-0.0553901,0.35,1.0,50.0,50.0,0.2,100.0
traj_sweep_813,floorplan,1076.77,1278.42,680.694,680.694,0.632164,0.632164,23.0,23.0,4048.0,4048.0,3.0,3.0,0.00155555,1.69788e-05,0.00111801,0.00269054,2466760000.0,2466760000.0,0.0909655,-1.28025,-0.0453901,0.36,1.0,50.0,50.0,0.2,100.0
traj_sweep_814,floorplan,1076.77,1278.42,679.896,679.896,0.631423,0.631423,23.0,23.0,4048.0,4048.0,3.0,3.0,0.00150882,1.69681e-05,0.00108398,0.00260977,2466760000.0,2466760000.0,0.0929655,-0.893358,-0.0353901,0.37,1.0,50.0,50.0,0.2,100.0
traj_sweep_815,floorplan,1076.77,1278.42,677.502,677.502,0.6292,0.6292,23.0,23.0,4048.0,4048.0,3.0,3.0,0.00146284,1.68603e-05,0.0010489,0.0025286,2466760000.0,2466760000.0,0.0949654,-0.540987,-0.0253901,0.38,1.0,50.0,50.0,0.2,100.0
traj_sweep_816,floorplan,1076.77,1278.42,676.438,676.438,0.628211,0.628211,23.0,23.0,4048.0,4048.0,3.0,3.0,0.00142367,1.68119e-05,0.00101747,0.00245796,2466760000.0,2466760000.0,0.0969655,-0.256458,-0.0153901,0.39,1.0,50.0,50.0,0.2,100.0
traj_sweep_817,floorplan,1076.77,1278.42,638.666,638.666,0.593132,0.593132,23.0,23.0,4048.0,4048.0,3.0,3.0,0.00131998,1.52355e-05,0.00092424,0.00225946,2469040000.0,2469040000.0,0.100056,-0.0341863,-0.00501507,0.4,1.0,50.0,50.0,0.2,100.0
traj_sweep_818,floorplan,1076.77,1278.42,626.696,626.696,0.582016,0.582016,23.0,23.0,4048.0,4048.0,2.0,2.0,0.00126038,1.47246e-05,0.000869555,0.00214466,2439610000.0,2439610000.0,0.102056,0.0,9.8227e-05,0.41,1.0,50.0,50.0,0.2,100.0
traj_sweep_819,floorplan,1076.77,1278.42,626.696,626.696,0.582016,0.582016,23.0,23.0,4048.0,4048.0,2.0,2.0,0.00123037,1.47246e-05,0.000848852,0.00209395,2439610000.0,2439610000.0,0.104056,0.0,0.0100982,0.42,1.0,50.0,50.0,0.2,100.0
traj_sweep_820,floorplan,1076.77,1278.42,626.696,626.696,0.582016,0.582016,23.0,23.0,4048.0,4048.0,2.0,2.0,0.00120176,1.47246e-05,0.000829111,0.00204559,2439610000.0,2439610000.0,0.105824,0.0,0.0200982,0.43,1.0,50.0,50.0,0.2,100.0
traj_sweep_821,floorplan,1076.77,1278.42,626.696,626.696,0.582016,0.582016,23.0,23.0,4048.0,4048.0,2.0,2.0,0.00117444,1.47246e-05,0.000810267,0.00199944,2439610000.0,2439610000.0,0.105824,0.0,0.0300982,0.44,1.0,50.0,50.0,0.2,100.0
traj_sweep_822,floorplan,1076.77,1278.42,626.696,626.696,0.582016,0.582016,23.0,23.0,4048.0,4048.0,2.0,2.0,0.00114834,1.47246e-05,0.000792262,0.00195533,2439610000.0,2439610000.0,0.105824,0.0,0.0400982,0.45,1.0,50.0,50.0,0.2,100.0
traj_sweep_823,floorplan,1076.77,1278.42,626.696,626.696,0.582016,0.582016,23.0,23.0,4048.0,4048.0,2.0,2.0,0.00112338,1.47246e-05,0.000775038,0.00191314,2439610000.0,2439610000.0,0.105824,0.0,0.0500982,0.46,1.0,50.0,50.0,0.2,100.0
traj_sweep_824,floorplan,1076.77,1278.42,626.696,626.696,0.582016,0.582016,23.0,23.0,4048.0,4048.0,2.0,2.0,0.00109948,1.47246e-05,0.000758548,0.00187275,2439610000.0,2439610000.0,0.105824,0.0,0.0600982,0.47,1.0,50.0,50.0,0.2,100.0
traj_sweep_825,floorplan,1076.77,1278.42,626.696,626.696,0.582016,0.582016,23.0,23.0,4048.0,4048.0,2.0,2.0,0.00107657,1.47246e-05,0.000742745,0.00183404,2439610000.0,2439610000.0,0.105824,0.0,0.0700982,0.48,1.0,50.0,50.0,0.2,100.0
traj_sweep_826,floorplan,1076.77,1278.42,626.696,626.696,0.582016,0.582016,23.0,23.0,4048.0,4048.0,2.0,2.0,0.0010546,1.47246e-05,0.000727587,0.00179691,2439610000.0,2439610000.0,0.105824,0.0,0.0795431,0.49,1.0,50.0,50.0,0.2,100.0
traj_sweep_827,floorplan,1076.77,1278.42,626.696,626.696,0.582016,0.582016,23.0,23.0,4048.0,4048.0,2.0,2.0,0.00103351,1.47246e-05,0.000713035,0.00176127,2439610000.0,2439610000.0,0.105824,0.0,0.0875431,0.5,1.0,50.0,50.0,0.2,100.0
traj_sweep_828,floorplan,1076.77,1278.42,626.696,626.696,0.582016,0.582016,23.0,23.0,4048.0,4048.0,2.0,2.0,0.00101325,1.47246e-05,0.000699054,0.00172702,2439610000.0,2439610000.0,0.105824,0.0,0.095543,0.51,1.0,50.0,50.0,0.2,100.0
traj_sweep_829,floorplan,1076.77,1278.42,626.696,626.696,0.582016,0.582016,23.0,23.0,4048.0,4048.0,2.0,2.0,0.00099376,1.47246e-05,0.00068561,0.0016941,2439610000.0,2439610000.0,0.105824,0.0,0.103543,0.52,1.0,50.0,50.0,0.2,100.0
traj_sweep_830,floorplan,1076.77,1278.42,626.696,626.696,0.582016,0.582016,23.0,23.0,4048.0,4048.0,2.0,2.0,0.00097501,1.47246e-05,0.000672674,0.00166241,2439610000.0,2439610000.0,0.105824,0.0,0.111543,0.53,1.0,50.0,50.0,0.2,100.0
traj_sweep_831,floorplan,1076.77,1278.42,626.696,626.696,0.582016,0.582016,23.0,23.0,4048.0,4048.0,2.0,2.0,0.000956954,1.47246e-05,0.000660217,0.0016319,2439610000.0,2439610000.0,0.105824,0.0,0.119543,0.54,1.0,50.0,50.0,0.2,100.0
traj_sweep_832,floorplan,1076.77,1278.42,626.696,626.696,0.582016,0.582016,23.0,23.0,4048.0,4048.0,2.0,2.0,0.000939555,1.47246e-05,0.000648213,0.00160249,2439610000.0,2439610000.0,0.105824,0.0,0.127543,0.55,1.0,50.0,50.0,0.2,100.0
traj_sweep_833,floorplan,1076.77,1278.42,626.696,626.696,0.582016,0.582016,23.0,23.0,4048.0,4048.0,2.0,2.0,0.000922778,1.47246e-05,0.000636639,0.00157414,2439610000.0,2439610000.0,0.105824,0.0,0.135543,0.56,1.0,50.0,50.0,0.2,100.0
traj_sweep_834,floorplan,1076.77,1278.42,626.696,626.696,0.582016,0.582016,23.0,23.0,4048.0,4048.0,2.0,2.0,0.000906589,1.47246e-05,0.000625469,0.00154678,2439610000.0,2439610000.0,0.105824,0.0,0.143543,0.57,1.0,50.0,50.0,0.2,100.0
traj_sweep_835,floorplan,1076.77,1278.42,626.696,626.696,0.582016,0.582016,23.0,23.0,4048.0,4048.0,2.0,2.0,0.000890958,1.47246e-05,0.000614685,0.00152037,2439610000.0,2439610000.0,0.105824,0.0,0.151543,0.58,1.0,50.0,50.0,0.2,100.0
traj_sweep_836,floorplan,1076.77,1278.42,626.696,626.696,0.582016,0.582016,23.0,23.0,4048.0,4048.0,2.0,2.0,0.000875857,1.47246e-05,0.000604267,0.00149485,2439610000.0,2439610000.0,0.105824,0.0,0.159543,0.59,1.0,50.0,50.0,0.2,100.0
traj_sweep_837,floorplan,1076.77,1278.42,626.696,626.696,0.582016,0.582016,23.0,23.0,4048.0,4048.0,2.0,2.0,0.000861259,1.47246e-05,0.000594196,0.00147018,2439610000.0,2439610000.0,0.105824,0.0,0.167543,0.6,1.0,50.0,50.0,0.2,100.0
traj_sweep_838,floorplan,1076.77,1278.42,626.696,626.696,0.582016,0.582016,23.0,23.0,4048.0,4048.0,2.0,2.0,0.00084714,1.47246e-05,0.000584455,0.00144632,2439610000.0,2439610000.0,0.105824,0.0,0.175543,0.61,1.0,50.0,50.0,0.2,100.0
traj_sweep_839,floorplan,1076.77,1278.42,626.696,626.696,0.582016,0.582016,23.0,23.0,4048.0,4048.0,2.0,2.0,0.000833476,1.47246e-05,0.000575028,0.00142323,2439610000.0,2439610000.0,0.105824,0.0,0.183543,0.62,1.0,50.0,50.0,0.2,100.0
traj_sweep_840,floorplan,1076.77,1278.42,706.762,706.762,0.656374,0.656374,23.0,23.0,4048.0,4048.0,3.0,3.0,0.00415826,1.81589e-05,0.00301734,0.00719375,2467270000.0,2467270000.0,0.0469655,-11.3168,-0.265306,0.14,1.0,51.0,50.0,0.2,100.0
traj_sweep_841,floorplan,1076.77,1278.42,706.762,706.762,0.656374,0.656374,23.0,23.0,4048.0,4048.0,3.0,3.0,0.00388104,1.81589e-05,0.00281618,0.00671538,2467270000.0,2467270000.0,0.0489655,-10.8308,-0.255306,0.15,1.0,51.0,50.0,0.2,100.0
traj_sweep_842,floorplan,1076.77,1278.42,706.762,706.762,0.656374,0.656374,23.0,23.0,4048.0,4048.0,3.0,3.0,0.00363847,1.81589e-05,0.00264017,0.0062968,2467270000.0,2467270000.0,0.0509655,-10.3448,-0.245306,0.16,1.0,51.0,50.0,0.2,100.0
traj_sweep_843,floorplan,1076.77,1278.42,706.762,706.762,0.656374,0.656374,23.0,23.0,4048.0,4048.0,3.0,3.0,0.00342445,1.81589e-05,0.00248486,0.00592747,2467270000.0,2467270000.0,0.0529655,-9.85877,-0.235306,0.17,1.0,51.0,50.0,0.2,100.0
traj_sweep_844,floorplan,1076.77,1278.42,706.762,706.762,0.656374,0.656374,23.0,23.0,4048.0,4048.0,3.0,3.0,0.0032342,1.81589e-05,0.00234681,0.00559917,2467270000.0,2467270000.0,0.0549655,-9.37905,-0.225306,0.18,1.0,51.0,50.0,0.2,100.0
traj_sweep_845,floorplan,1076.77,1278.42,706.762,706.762,0.656374,0.656374,23.0,23.0,4048.0,4048.0,3.0,3.0,0.00306398,1.81589e-05,0.0022233,0.00530543,2467270000.0,2467270000.0,0.0569655,-8.90105,-0.215306,0.19,1.0,51.0,50.0,0.2,100.0
traj_sweep_846,floorplan,1076.77,1278.42,706.762,706.762,0.656374,0.656374,23.0,23.0,4048.0,4048.0,3.0,3.0,0.00291078,1.81589e-05,0.00211213,0.00504107,2467270000.0,2467270000.0,0.0589655,-8.42305,-0.205306,0.2,1.0,51.0,50.0,0.2,100.0
traj_sweep_847,floorplan,1076.77,1278.42,706.762,706.762,0.656374,0.656374,23.0,23.0,4048.0,4048.0,3.0,3.0,0.00277217,1.81589e-05,0.00201156,0.00480189,2467270000.0,2467270000.0,0.0609654,-7.94505,-0.195306,0.21,1.0,51.0,50.0,0.2,100.0
traj_sweep_848,floorplan,1076.77,1278.42,706.762,706.762,0.656374,0.656374,23.0,23.0,4048.0,4048.0,3.0,3.0,0.00264616,1.81589e-05,0.00192012,0.00458444,2467270000.0,2467270000.0,0.0629655,-7.46705,-0.185306,0.22,1.0,51.0,50.0,0.2,100.0
traj_sweep_849,floorplan,1076.77,1278.42,706.762,706.762,0.656374,0.656374,23.0,23.0,4048.0,4048.0,3.0,3.0,0.00253111,1.81589e-05,0.00183664,0.00438591,2467270000.0,2467270000.0,0.0649655,-6.98905,-0.175306,0.23,1.0,51.0,50.0,0.2,100.0
traj_sweep_850,floorplan,1076.77,1278.42,705.698,705.698,0.655385,0.655385,23.0,23.0,4048.0,4048.0,3.0,3.0,0.00241814,1.8122e-05,0.0017569,0.00419316,2467270000.0,2467270000.0,0.0669655,-6.51841,-0.165306,0.24,1.0,51.0,50.0,0.2,100.0
traj_sweep_851,floorplan,1076.77,1278.42,698.25,698.25,0.648468,0.648468,23.0,23.0,4048.0,4048.0,3.0,3.0,0.00230584,1.77405e-05,0.00167224,0.00399583,2467270000.0,2467270000.0,0.0689655,-6.04438,-0.155306,0.25,1.0,51.0,50.0,0.2,100.0
traj_sweep_852,floorplan,1076.77,1278.42,696.92,696.92,0.647233,0.647233,23.0,23.0,4048.0,4048.0,3.0,3.0,0.00221331,1.76365e-05,0.00160566,0.00383661,2467270000.0,2467270000.0,0.0709655,-5.59937,-0.145306,0.26,1.0,51.0,50.0,0.2,100.0
traj_sweep_853,floorplan,1076.77,1278.42,692.93,692.93,0.643528,0.643528,23.0,23.0,4048.0,4048.0,3.0,3.0,0.00211681,1.74688e-05,0.0015392,0.00367348,2467270000.0,2467270000.0,0.0729655,-5.16754,-0.135307,0.27,1.0,51.0,50.0,0.2,100.0
traj_sweep_854,floorplan,1076.77,1278.42,692.93,692.93,0.643528,0.643528,23.0,23.0,4048.0,4048.0,3.0,3.0,0.00204121,1.74688e-05,0.00148423,0.00354291,2467270000.0,2467270000.0,0.0749655,-4.7057,-0.125307,0.28,1.0,51.0,50.0,0.2,100.0
traj_sweep_855,floorplan,1076.77,1278.42,692.664,692.664,0.643281,0.643281,23.0,23.0,4048.0,4048.0,3.0,3.0,0.00196984,1.74465e-05,0.00143283,0.00342012,2466920000.0,2466920000.0,0.0769655,-4.25482,-0.115363,0.29,1.0,51.0,50.0,0.2,100.0
traj_sweep_856,floorplan,1076.77,1278.42,692.398,692.398,0.643034,0.643034,23.0,23.0,4048.0,4048.0,3.0,3.0,0.00190326,1.74256e-05,0.00138485,0.00330554,2466920000.0,2466920000.0,0.0789655,-3.81082,-0.105363,0.3,1.0,51.0,50.0,0.2,100.0
traj_sweep_857,floorplan,1076.77,1278.42,687.61,687.61,0.638587,0.638587,23.0,23.0,4048.0,4048.0,3.0,3.0,0.00182808,1.72588e-05,0.0013228,0.00316814,2466860000.0,2466860000.0,0.0809655,-3.37094,-0.0953737,0.31,1.0,51.0,50.0,0.2,100.0
traj_sweep_858,floorplan,1076.77,1278.42,687.61,687.61,0.638587,0.638587,23.0,23.0,4048.0,4048.0,3.0,3.0,0.00177095,1.72588e-05,0.00128147,0.00306968,2466860000.0,2466860000.0,0.0829655,-2.94294,-0.0853737,0.32,1.0,51.0,50.0,0.2,100.0
traj_sweep_859,floorplan,1076.77,1278.42,687.61,687.61,0.638587,0.638587,23.0,23.0,4048.0,4048.0,3.0,3.0,0.00171729,1.72588e-05,0.00124263,0.00297718,2466860000.0,2466860000.0,0.0849654,-2.51494,-0.0753737,0.33,1.0,51.0,50.0,0.2,100.0
traj_sweep_860,floorplan,1076.77,1278.42,680.694,680.694,0.632164,0.632164,23.0,23.0,4048.0,4048.0,3.0,3.0,0.00164705,1.69788e-05,0.00118377,0.00284781,2466760000.0,2466760000.0,0.0869655,-2.10805,-0.0653901,0.34,1.0,51.0,50.0,0.2,100.0
traj_sweep_861,floorplan,1076.77,1278.42,680.694,680.694,0.632164,0.632164,23.0,23.0,4048.0,4048.0,3.0,3.0,0.0016,1.69788e-05,0.00114995,0.00276693,2466760000.0,2466760000.0,0.0889655,-1.68005,-0.0553901,0.35,1.0,51.0,50.0,0.2,100.0
traj_sweep_862,floorplan,1076.77,1278.42,680.694,680.694,0.632164,0.632164,23.0,23.0,4048.0,4048.0,3.0,3.0,0.00155555,1.69788e-05,0.00111801,0.00269054,2466760000.0,2466760000.0,0.0909655,-1.28025,-0.0453901,0.36,1.0,51.0,50.0,0.2,100.0
traj_sweep_863,floorplan,1076.77,1278.42,679.896,679.896,0.631423,0.631423,23.0,23.0,4048.0,4048.0,3.0,3.0,0.00150882,1.69681e-05,0.00108398,0.00260977,2466760000.0,2466760000.0,0.0929655,-0.893358,-0.0353901,0.37,1.0,51.0,50.0,0.2,100.0
traj_sweep_864,floorplan,1076.77,1278.42,677.502,677.502,0.6292,0.6292,23.0,23.0,4048.0,4048.0,3.0,3.0,0.00146284,1.68603e-05,0.0010489,0.0025286,2466760000.0,2466760000.0,0.0949654,-0.540987,-0.0253901,0.38,1.0,51.0,50.0,0.2,100.0
traj_sweep_865,floorplan,1076.77,1278.42,676.438,676.438,0.628211,0.628211,23.0,23.0,4048.0,4048.0,3.0,3.0,0.00142367,1.68119e-05,0.00101747,0.00245796,2466760000.0,2466760000.0,0.0969655,-0.256458,-0.0153901,0.39,1.0,51.0,50.0,0.2,100.0
traj_sweep_866,floorplan,1076.77,1278.42,638.666,638.666,0.593132,0.593132,23.0,23.0,4048.0,4048.0,3.0,3.0,0.00131998,1.52355e-05,0.00092424,0.00225946,2469040000.0,2469040000.0,0.100056,-0.0341863,-0.00501507,0.4,1.0,51.0,50.0,0.2,100.0
traj_sweep_867,floorplan,1076.77,1278.42,626.696,626.696,0.582016,0.582016,23.0,23.0,4048.0,4048.0,2.0,2.0,0.00126038,1.47246e-05,0.000869555,0.00214466,2439610000.0,2439610000.0,0.102056,0.0,9.8227e-05,0.41,1.0,51.0,50.0,0.2,100.0
traj_sweep_868,floorplan,1076.77,1278.42,626.696,626.696,0.582016,0.582016,23.0,23.0,4048.0,4048.0,2.0,2.0,0.00123037,1.47246e-05,0.000848852,0.00209395,2439610000.0,2439610000.0,0.104056,0.0,0.0100982,0.42,1.0,51.0,50.0,0.2,100.0
traj_sweep_869,floorplan,1076.77,1278.42,626.696,626.696,0.582016,0.582016,23.0,23.0,4048.0,4048.0,2.0,2.0,0.00120176,1.47246e-05,0.000829111,0.00204559,2439610000.0,2439610000.0,0.105824,0.0,0.0200982,0.43,1.0,51.0,50.0,0.2,100.0
traj_sweep_870,floorplan,1076.77,1278.42,626.696,626.696,0.582016,0.582016,23.0,23.0,4048.0,4048.0,2.0,2.0,0.00117444,1.47246e-05,0.000810267,0.00199944,2439610000.0,2439610000.0,0.105824,0.0,0.0300982,0.44,1.0,51.0,50.0,0.2,100.0
traj_sweep_871,floorplan,1076.77,1278.42,626.696,626.696,0.582016,0.582016,23.0,23.0,4048.0,4048.0,2.0,2.0,0.00114834,1.47246e-05,0.000792262,0.00195533,2439610000.0,2439610000.0,0.105824,0.0,0.0400982,0.45,1.0,51.0,50.0,0.2,100.0
traj_sweep_872,floorplan,1076.77,1278.42,626.696,626.696,0.582016,0.582016,23.0,23.0,4048.0,4048.0,2.0,2.0,0.00112338,1.47246e-05,0.000775038,0.00191314,2439610000.0,2439610000.0,0.105824,0.0,0.0500982,0.46,1.0,51.0,50.0,0.2,100.0
traj_sweep_873,floorplan,1076.77,1278.42,626.696,626.696,0.582016,0.582016,23.0,23.0,4048.0,4048.0,2.0,2.0,0.00109948,1.47246e-05,0.000758548,0.00187275,2439610000.0,2439610000.0,0.105824,0.0,0.0600982,0.47,1.0,51.0,50.0,0.2,100.0
traj_sweep_874,floorplan,1076.77,1278.42,626.696,626.696,0.582016,0.582016,23.0,23.0,4048.0,4048.0,2.0,2.0,0.00107657,1.47246e-05,0.000742745,0.00183404,2439610000.0,2439610000.0,0.105824,0.0,0.0700982,0.48,1.0,51.0,50.0,0.2,100.0
traj_sweep_875,floorplan,1076.77,1278.42,626.696,626.696,0.582016,0.582016,23.0,23.0,4048.0,4048.0,2.0,2.0,0.0010546,1.47246e-05,0.000727587,0.00179691,2439610000.0,2439610000.0,0.105824,0.0,0.0795431,0.49,1.0,51.0,50.0,0.2,100.0
traj_sweep_876,floorplan,1076.77,1278.42,626.696,626.696,0.582016,0.582016,23.0,23.0,4048.0,4048.0,2.0,2.0,0.00103351,1.47246e-05,0.000713035,0.00176127,2439610000.0,2439610000.0,0.105824,0.0,0.0875431,0.5,1.0,51.0,50.0,0.2,100.0
traj_sweep_877,floorplan,1076.77,1278.42,626.696,626.696,0.582016,0.582016,23.0,23.0,4048.0,4048.0,2.0,2.0,0.00101325,1.47246e-05,0.000699054,0.00172702,2439610000.0,2439610000.0,0.105824,0.0,0.095543,0.51,1.0,51.0,50.0,0.2,100.0
traj_sweep_878,floorplan,1076.77,1278.42,626.696,626.696,0.582016,0.582016,23.0,23.0,4048.0,4048.0,2.0,2.0,0.00099376,1.47246e-05,0.00068561,0.0016941,2439610000.0,2439610000.0,0.105824,0.0,0.103543,0.52,1.0,51.0,50.0,0.2,100.0
traj_sweep_879,floorplan,1076.77,1278.42,626.696,626.696,0.582016,0.582016,23.0,23.0,4048.0,4048.0,2.0,2.0,0.00097501,1.47246e-05,0.000672674,0.00166241,2439610000.0,2439610000.0,0.105824,0.0,0.111543,0.53,1.0,51.0,50.0,0.2,100.0
traj_sweep_880,floorplan,1076.77,1278.42,626.696,626.696,0.582016,0.582016,23.0,23.0,4048.0,4048.0,2.0,2.0,0.000956954,1.47246e-05,0.000660217,0.0016319,2439610000.0,2439610000.0,0.105824,0.0,0.119543,0.54,1.0,51.0,50.0,0.2,100.0
traj_sweep_881,floorplan,1076.77,1278.42,626.696,626.696,0.582016,0.582016,23.0,23.0,4048.0,4048.0,2.0,2.0,0.000939555,1.47246e-05,0.000648213,0.00160249,2439610000.0,2439610000.0,0.105824,0.0,0.127543,0.55,1.0,51.0,50.0,0.2,100.0
traj_sweep_882,floorplan,1076.77,1278.42,626.696,626.696,0.582016,0.582016,23.0,23.0,4048.0,4048.0,2.0,2.0,0.000922778,1.47246e-05,0.000636639,0.00157414,2439610000.0,2439610000.0,0.105824,0.0,0.135543,0.56,1.0,51.0,50.0,0.2,100.0
traj_sweep_883,floorplan,1076.77,1278.42,626.696,626.696,0.582016,0.582016,23.0,23.0,4048.0,4048.0,2.0,2.0,0.000906589,1.47246e-05,0.000625469,0.00154678,2439610000.0,2439610000.0,0.105824,0.0,0.143543,0.57,1.0,51.0,50.0,0.2,100.0
traj_sweep_884,floorplan,1076.77,1278.42,626.696,626.696,0.582016,0.582016,23.0,23.0,4048.0,4048.0,2.0,2.0,0.000890958,1.47246e-05,0.000614685,0.00152037,2439610000.0,2439610000.0,0.105824,0.0,0.151543,0.58,1.0,51.0,50.0,0.2,100.0
traj_sweep_885,floorplan,1076.77,1278.42,626.696,626.696,0.582016,0.582016,23.0,23.0,4048.0,4048.0,2.0,2.0,0.000875857,1.47246e-05,0.000604267,0.00149485,2439610000.0,2439610000.0,0.105824,0.0,0.159543,0.59,1.0,51.0,50.0,0.2,100.0
traj_sweep_886,floorplan,1076.77,1278.42,626.696,626.696,0.582016,0.582016,23.0,23.0,4048.0,4048.0,2.0,2.0,0.000861259,1.47246e-05,0.000594196,0.00147018,2439610000.0,2439610000.0,0.105824,0.0,0.167543,0.6,1.0,51.0,50.0,0.2,100.0
traj_sweep_887,floorplan,1076.77,1278.42,626.696,626.696,0.582016,0.582016,23.0,23.0,4048.0,4048.0,2.0,2.0,0.00084714,1.47246e-05,0.000584455,0.00144632,2439610000.0,2439610000.0,0.105824,0.0,0.175543,0.61,1.0,51.0,50.0,0.2,100.0
traj_sweep_888,floorplan,1076.77,1278.42,626.696,626.696,0.582016,0.582016,23.0,23.0,4048.0,4048.0,2.0,2.0,0.000833476,1.47246e-05,0.000575028,0.00142323,2439610000.0,2439610000.0,0.105824,0.0,0.183543,0.62,1.0,51.0,50.0,0.2,100.0
traj_sweep_889,floorplan,1076.77,1278.42,706.762,706.762,0.656374,0.656374,23.0,23.0,4048.0,4048.0,3.0,3.0,0.00415826,1.81589e-05,0.00301734,0.00719375,2467270000.0,2467270000.0,0.0469655,-11.3168,-0.265306,0.14,1.0,52.0,50.0,0.2,100.0
traj_sweep_890,floorplan,1076.77,1278.42,706.762,706.762,0.656374,0.656374,23.0,23.0,4048.0,4048.0,3.0,3.0,0.00388104,1.81589e-05,0.00281618,0.00671538,2467270000.0,2467270000.0,0.0489655,-10.8308,-0.255306,0.15,1.0,52.0,50.0,0.2,100.0
traj_sweep_891,floorplan,1076.77,1278.42,706.762,706.762,0.656374,0.656374,23.0,23.0,4048.0,4048.0,3.0,3.0,0.00363847,1.81589e-05,0.00264017,0.0062968,2467270000.0,2467270000.0,0.0509655,-10.3448,-0.245306,0.16,1.0,52.0,50.0,0.2,100.0
traj_sweep_892,floorplan,1076.77,1278.42,706.762,706.762,0.656374,0.656374,23.0,23.0,4048.0,4048.0,3.0,3.0,0.00342445,1.81589e-05,0.00248486,0.00592747,2467270000.0,2467270000.0,0.0529655,-9.85877,-0.235306,0.17,1.0,52.0,50.0,0.2,100.0
traj_sweep_894,floorplan,1076.77,1278.42,706.762,706.762,0.656374,0.656374,23.0,23.0,4048.0,4048.0,3.0,3.0,0.00306398,1.81589e-05,0.0022233,0.00530543,2467270000.0,2467270000.0,0.0569655,-8.90105,-0.215306,0.19,1.0,52.0,50.0,0.2,100.0
traj_sweep_895,floorplan,1076.77,1278.42,706.762,706.762,0.656374,0.656374,23.0,23.0,4048.0,4048.0,3.0,3.0,0.00291078,1.81589e-05,0.00211213,0.00504107,2467270000.0,2467270000.0,0.0589655,-8.42305,-0.205306,0.2,1.0,52.0,50.0,0.2,100.0
traj_sweep_896,floorplan,1076.77,1278.42,706.762,706.762,0.656374,0.656374,23.0,23.0,4048.0,4048.0,3.0,3.0,0.00277217,1.81589e-05,0.00201156,0.00480189,2467270000.0,2467270000.0,0.0609654,-7.94505,-0.195306,0.21,1.0,52.0,50.0,0.2,100.0
traj_sweep_898,floorplan,1076.77,1278.42,706.762,706.762,0.656374,0.656374,23.0,23.0,4048.0,4048.0,3.0,3.0,0.00253111,1.81589e-05,0.00183664,0.00438591,2467270000.0,2467270000.0,0.0649655,-6.98905,-0.175306,0.23,1.0,52.0,50.0,0.2,100.0
traj_sweep_899,floorplan,1076.77,1278.42,705.698,705.698,0.655385,0.655385,23.0,23.0,4048.0,4048.0,3.0,3.0,0.00241814,1.8122e-05,0.0017569,0.00419316,2467270000.0,2467270000.0,0.0669655,-6.51841,-0.165306,0.24,1.0,52.0,50.0,0.2,100.0
traj_sweep_900,floorplan,1076.77,1278.42,698.25,698.25,0.648468,0.648468,23.0,23.0,4048.0,4048.0,3.0,3.0,0.00230584,1.77405e-05,0.00167224,0.00399583,2467270000.0,2467270000.0,0.0689655,-6.04438,-0.155306,0.25,1.0,52.0,50.0,0.2,100.0
traj_sweep_901,floorplan,1076.77,1278.42,696.92,696.92,0.647233,0.647233,23.0,23.0,4048.0,4048.0,3.0,3.0,0.00221331,1.76365e-05,0.00160566,0.00383661,2467270000.0,2467270000.0,0.0709655,-5.59937,-0.145306,0.26,1.0,52.0,50.0,0.2,100.0
traj_sweep_902,floorplan,1076.77,1278.42,692.93,692.93,0.643528,0.643528,23.0,23.0,4048.0,4048.0,3.0,3.0,0.00211681,1.74688e-05,0.0015392,0.00367348,2467270000.0,2467270000.0,0.0729655,-5.16754,-0.135307,0.27,1.0,52.0,50.0,0.2,100.0
traj_sweep_904,floorplan,1076.77,1278.42,692.664,692.664,0.643281,0.643281,23.0,23.0,4048.0,4048.0,3.0,3.0,0.00196984,1.74465e-05,0.00143283,0.00342012,2466920000.0,2466920000.0,0.0769655,-4.25482,-0.115363,0.29,1.0,52.0,50.0,0.2,100.0
traj_sweep_905,floorplan,1076.77,1278.42,692.398,692.398,0.643034,0.643034,23.0,23.0,4048.0,4048.0,3.0,3.0,0.00190326,1.74256e-05,0.00138485,0.00330554,2466920000.0,2466920000.0,0.0789655,-3.81082,-0.105363,0.3,1.0,52.0,50.0,0.2,100.0
traj_sweep_906,floorplan,1076.77,1278.42,687.61,687.61,0.638587,0.638587,23.0,23.0,4048.0,4048.0,3.0,3.0,0.00182808,1.72588e-05,0.0013228,0.00316814,2466860000.0,2466860000.0,0.0809655,-3.37094,-0.0953737,0.31,1.0,52.0,50.0,0.2,100.0
traj_sweep_908,floorplan,1076.77,1278.42,687.61,687.61,0.638587,0.638587,23.0,23.0,4048.0,4048.0,3.0,3.0,0.00171729,1.72588e-05,0.00124263,0.00297718,2466860000.0,2466860000.0,0.0849654,-2.51494,-0.0753737,0.33,1.0,52.0,50.0,0.2,100.0
traj_sweep_909,floorplan,1076.77,1278.42,680.694,680.694,0.632164,0.632164,23.0,23.0,4048.0,4048.0,3.0,3.0,0.00164705,1.69788e-05,0.00118377,0.00284781,2466760000.0,2466760000.0,0.0869655,-2.10805,-0.0653901,0.34,1.0,52.0,50.0,0.2,100.0
traj_sweep_910,floorplan,1076.77,1278.42,680.694,680.694,0.632164,0.632164,23.0,23.0,4048.0,4048.0,3.0,3.0,0.0016,1.69788e-05,0.00114995,0.00276693,2466760000.0,2466760000.0,0.0889655,-1.68005,-0.0553901,0.35,1.0,52.0,50.0,0.2,100.0
traj_sweep_911,floorplan,1076.77,1278.42,680.694,680.694,0.632164,0.632164,23.0,23.0,4048.0,4048.0,3.0,3.0,0.00155555,1.69788e-05,0.00111801,0.00269054,2466760000.0,2466760000.0,0.0909655,-1.28025,-0.0453901,0.36,1.0,52.0,50.0,0.2,100.0
traj_sweep_912,floorplan,1076.77,1278.42,679.896,679.896,0.631423,0.631423,23.0,23.0,4048.0,4048.0,3.0,3.0,0.00150882,1.69681e-05,0.00108398,0.00260977,2466760000.0,2466760000.0,0.0929655,-0.893358,-0.0353901,0.37,1.0,52.0,50.0,0.2,100.0
traj_sweep_914,floorplan,1076.77,1278.42,676.438,676.438,0.628211,0.628211,23.0,23.0,4048.0,4048.0,3.0,3.0,0.00142367,1.68119e-05,0.00101747,0.00245796,2466760000.0,2466760000.0,0.0969655,-0.256458,-0.0153901,0.39,1.0,52.0,50.0,0.2,100.0
traj_sweep_915,floorplan,1076.77,1278.42,638.666,638.666,0.593132,0.593132,23.0,23.0,4048.0,4048.0,3.0,3.0,0.00131998,1.52355e-05,0.00092424,0.00225946,2469040000.0,2469040000.0,0.100056,-0.0341863,-0.00501507,0.4,1.0,52.0,50.0,0.2,100.0
traj_sweep_916,floorplan,1076.77,1278.42,626.696,626.696,0.582016,0.582016,23.0,23.0,4048.0,4048.0,2.0,2.0,0.00126038,1.47246e-05,0.000869555,0.00214466,2439610000.0,2439610000.0,0.102056,0.0,9.8227e-05,0.41,1.0,52.0,50.0,0.2,100.0
traj_sweep_917,floorplan,1076.77,1278.42,626.696,626.696,0.582016,0.582016,23.0,23.0,4048.0,4048.0,2.0,2.0,0.00123037,1.47246e-05,0.000848852,0.00209395,2439610000.0,2439610000.0,0.104056,0.0,0.0100982,0.42,1.0,52.0,50.0,0.2,100.0
traj_sweep_918,floorplan,1076.77,1278.42,626.696,626.696,0.582016,0.582016,23.0,23.0,4048.0,4048.0,2.0,2.0,0.00120176,1.47246e-05,0.000829111,0.00204559,2439610000.0,2439610000.0,0.105824,0.0,0.0200982,0.43,1.0,52.0,50.0,0.2,100.0
traj_sweep_919,floorplan,1076.77,1278.42,626.696,626.696,0.582016,0.582016,23.0,23.0,4048.0,4048.0,2.0,2.0,0.00117444,1.47246e-05,0.000810267,0.00199944,2439610000.0,2439610000.0,0.105824,0.0,0.0300982,0.44,1.0,52.0,50.0,0.2,100.0
traj_sweep_921,floorplan,1076.77,1278.42,626.696,626.696,0.582016,0.582016,23.0,23.0,4048.0,4048.0,2.0,2.0,0.00112338,1.47246e-05,0.000775038,0.00191314,2439610000.0,2439610000.0,0.105824,0.0,0.0500982,0.46,1.0,52.0,50.0,0.2,100.0
traj_sweep_922,floorplan,1076.77,1278.42,626.696,626.696,0.582016,0.582016,23.0,23.0,4048.0,4048.0,2.0,2.0,0.00109948,1.47246e-05,0.000758548,0.00187275,2439610000.0,2439610000.0,0.105824,0.0,0.0600982,0.47,1.0,52.0,50.0,0.2,100.0
traj_sweep_923,floorplan,1076.77,1278.42,626.696,626.696,0.582016,0.582016,23.0,23.0,4048.0,4048.0,2.0,2.0,0.00107657,1.47246e-05,0.000742745,0.00183404,2439610000.0,2439610000.0,0.105824,0.0,0.0700982,0.48,1.0,52.0,50.0,0.2,100.0
traj_sweep_924,floorplan,1076.77,1278.42,626.696,626.696,0.582016,0.582016,23.0,23.0,4048.0,4048.0,2.0,2.0,0.0010546,1.47246e-05,0.000727587,0.00179691,2439610000.0,2439610000.0,0.105824,0.0,0.0795431,0.49,1.0,52.0,50.0,0.2,100.0
traj_sweep_925,floorplan,1076.77,1278.42,626.696,626.696,0.582016,0.582016,23.0,23.0,4048.0,4048.0,2.0,2.0,0.00103351,1.47246e-05,0.000713035,0.00176127,2439610000.0,2439610000.0,0.105824,0.0,0.0875431,0.5,1.0,52.0,50.0,0.2,100.0
traj_sweep_926,floorplan,1076.77,1278.42,626.696,626.696,0.582016,0.582016,23.0,23.0,4048.0,4048.0,2.0,2.0,0.00101325,1.47246e-05,0.000699054,0.00172702,2439610000.0,2439610000.0,0.105824,0.0,0.095543,0.51,1.0,52.0,50.0,0.2,100.0
traj_sweep_928,floorplan,1076.77,1278.42,626.696,626.696,0.582016,0.582016,23.0,23.0,4048.0,4048.0,2.0,2.0,0.00097501,1.47246e-05,0.000672674,0.00166241,2439610000.0,2439610000.0,0.105824,0.0,0.111543,0.53,1.0,52.0,50.0,0.2,100.0
traj_sweep_929,floorplan,1076.77,1278.42,626.696,626.696,0.582016,0.582016,23.0,23.0,4048.0,4048.0,2.0,2.0,0.000956954,1.47246e-05,0.000660217,0.0016319,2439610000.0,2439610000.0,0.105824,0.0,0.119543,0.54,1.0,52.0,50.0,0.2,100.0
traj_sweep_930,floorplan,1076.77,1278.42,626.696,626.696,0.582016,0.582016,23.0,23.0,4048.0,4048.0,2.0,2.0,0.000939555,1.47246e-05,0.000648213,0.00160249,2439610000.0,2439610000.0,0.105824,0.0,0.127543,0.55,1.0,52.0,50.0,0.2,100.0
traj_sweep_931,floorplan,1076.77,1278.42,626.696,626.696,0.582016,0.582016,23.0,23.0,4048.0,4048.0,2.0,2.0,0.000922778,1.47246e-05,0.000636639,0.00157414,2439610000.0,2439610000.0,0.105824,0.0,0.135543,0.56,1.0,52.0,50.0,0.2,100.0
traj_sweep_932,floorplan,1076.77,1278.42,626.696,626.696,0.582016,0.582016,23.0,23.0,4048.0,4048.0,2.0,2.0,0.000906589,1.47246e-05,0.000625469,0.00154678,2439610000.0,2439610000.0,0.105824,0.0,0.143543,0.57,1.0,52.0,50.0,0.2,100.0
traj_sweep_933,floorplan,1076.77,1278.42,626.696,626.696,0.582016,0.582016,23.0,23.0,4048.0,4048.0,2.0,2.0,0.000890958,1.47246e-05,0.000614685,0.00152037,2439610000.0,2439610000.0,0.105824,0.0,0.151543,0.58,1.0,52.0,50.0,0.2,100.0
traj_sweep_934,floorplan,1076.77,1278.42,626.696,626.696,0.582016,0.582016,23.0,23.0,4048.0,4048.0,2.0,2.0,0.000875857,1.47246e-05,0.000604267,0.00149485,2439610000.0,2439610000.0,0.105824,0.0,0.159543,0.59,1.0,52.0,50.0,0.2,100.0
traj_sweep_935,floorplan,1076.77,1278.42,626.696,626.696,0.582016,0.582016,23.0,23.0,4048.0,4048.0,2.0,2.0,0.000861259,1.47246e-05,0.000594196,0.00147018,2439610000.0,2439610000.0,0.105824,0.0,0.167543,0.6,1.0,52.0,50.0,0.2,100.0
traj_sweep_936,floorplan,1076.77,1278.42,626.696,626.696,0.582016,0.582016,23.0,23.0,4048.0,4048.0,2.0,2.0,0.00084714,1.47246e-05,0.000584455,0.00144632,2439610000.0,2439610000.0,0.105824,0.0,0.175543,0.61,1.0,52.0,50.0,0.2,100.0
traj_sweep_937,floorplan,1076.77,1278.42,626.696,626.696,0.582016,0.582016,23.0,23.0,4048.0,4048.0,2.0,2.0,0.000833476,1.47246e-05,0.000575028,0.00142323,2439610000.0,2439610000.0,0.105824,0.0,0.183543,0.62,1.0,52.0,50.0,0.2,100.0
traj_sweep_938,floorplan,1076.77,1278.42,706.762,706.762,0.656374,0.656374,23.0,23.0,4048.0,4048.0,3.0,3.0,0.00415826,1.81589e-05,0.00301734,0.00719375,2467270000.0,2467270000.0,0.0469655,-11.3168,-0.265306,0.14,1.0,53.0,50.0,0.2,100.0
traj_sweep_939,floorplan,1076.77,1278.42,706.762,706.762,0.656374,0.656374,23.0,23.0,4048.0,4048.0,3.0,3.0,0.00388104,1.81589e-05,0.00281618,0.00671538,2467270000.0,2467270000.0,0.0489655,-10.8308,-0.255306,0.15,1.0,53.0,50.0,0.2,100.0
traj_sweep_940,floorplan,1076.77,1278.42,706.762,706.762,0.656374,0.656374,23.0,23.0,4048.0,4048.0,3.0,3.0,0.00363847,1.81589e-05,0.00264017,0.0062968,2467270000.0,2467270000.0,0.0509655,-10.3448,-0.245306,0.16,1.0,53.0,50.0,0.2,100.0
traj_sweep_941,floorplan,1076.77,1278.42,706.762,706.762,0.656374,0.656374,23.0,23.0,4048.0,4048.0,3.0,3.0,0.00342445,1.81589e-05,0.00248486,0.00592747,2467270000.0,2467270000.0,0.0529655,-9.85877,-0.235306,0.17,1.0,53.0,50.0,0.2,100.0
traj_sweep_942,floorplan,1076.77,1278.42,706.762,706.762,0.656374,0.656374,23.0,23.0,4048.0,4048.0,3.0,3.0,0.0032342,1.81589e-05,0.00234681,0.00559917,2467270000.0,2467270000.0,0.0549655,-9.37905,-0.225306,0.18,1.0,53.0,50.0,0.2,100.0
traj_sweep_943,floorplan,1076.77,1278.42,706.762,706.762,0.656374,0.656374,23.0,23.0,4048.0,4048.0,3.0,3.0,0.00306398,1.81589e-05,0.0022233,0.00530543,2467270000.0,2467270000.0,0.0569655,-8.90105,-0.215306,0.19,1.0,53.0,50.0,0.2,100.0
traj_sweep_944,floorplan,1076.77,1278.42,706.762,706.762,0.656374,0.656374,23.0,23.0,4048.0,4048.0,3.0,3.0,0.00291078,1.81589e-05,0.00211213,0.00504107,2467270000.0,2467270000.0,0.0589655,-8.42305,-0.205306,0.2,1.0,53.0,50.0,0.2,100.0
traj_sweep_945,floorplan,1076.77,1278.42,706.762,706.762,0.656374,0.656374,23.0,23.0,4048.0,4048.0,3.0,3.0,0.00277217,1.81589e-05,0.00201156,0.00480189,2467270000.0,2467270000.0,0.0609654,-7.94505,-0.195306,0.21,1.0,53.0,50.0,0.2,100.0
traj_sweep_946,floorplan,1076.77,1278.42,706.762,706.762,0.656374,0.656374,23.0,23.0,4048.0,4048.0,3.0,3.0,0.00264616,1.81589e-05,0.00192012,0.00458444,2467270000.0,2467270000.0,0.0629655,-7.46705,-0.185306,0.22,1.0,53.0,50.0,0.2,100.0
traj_sweep_947,floorplan,1076.77,1278.42,706.762,706.762,0.656374,0.656374,23.0,23.0,4048.0,4048.0,3.0,3.0,0.00253111,1.81589e-05,0.00183664,0.00438591,2467270000.0,2467270000.0,0.0649655,-6.98905,-0.175306,0.23,1.0,53.0,50.0,0.2,100.0
traj_sweep_948,floorplan,1076.77,1278.42,705.698,705.698,0.655385,0.655385,23.0,23.0,4048.0,4048.0,3.0,3.0,0.00241814,1.8122e-05,0.0017569,0.00419316,2467270000.0,2467270000.0,0.0669655,-6.51841,-0.165306,0.24,1.0,53.0,50.0,0.2,100.0
traj_sweep_949,floorplan,1076.77,1278.42,698.25,698.25,0.648468,0.648468,23.0,23.0,4048.0,4048.0,3.0,3.0,0.00230584,1.77405e-05,0.00167224,0.00399583,2467270000.0,2467270000.0,0.0689655,-6.04438,-0.155306,0.25,1.0,53.0,50.0,0.2,100.0
traj_sweep_950,floorplan,1076.77,1278.42,696.92,696.92,0.647233,0.647233,23.0,23.0,4048.0,4048.0,3.0,3.0,0.00221331,1.76365e-05,0.00160566,0.00383661,2467270000.0,2467270000.0,0.0709655,-5.59937,-0.145306,0.26,1.0,53.0,50.0,0.2,100.0
traj_sweep_951,floorplan,1076.77,1278.42,692.93,692.93,0.643528,0.643528,23.0,23.0,4048.0,4048.0,3.0,3.0,0.00211681,1.74688e-05,0.0015392,0.00367348,2467270000.0,2467270000.0,0.0729655,-5.16754,-0.135307,0.27,1.0,53.0,50.0,0.2,100.0
traj_sweep_952,floorplan,1076.77,1278.42,692.93,692.93,0.643528,0.643528,23.0,23.0,4048.0,4048.0,3.0,3.0,0.00204121,1.74688e-05,0.00148423,0.00354291,2467270000.0,2467270000.0,0.0749655,-4.7057,-0.125307,0.28,1.0,53.0,50.0,0.2,100.0
traj_sweep_953,floorplan,1076.77,1278.42,692.664,692.664,0.643281,0.643281,23.0,23.0,4048.0,4048.0,3.0,3.0,0.00196984,1.74465e-05,0.00143283,0.00342012,2466920000.0,2466920000.0,0.0769655,-4.25482,-0.115363,0.29,1.0,53.0,50.0,0.2,100.0
traj_sweep_954,floorplan,1076.77,1278.42,692.398,692.398,0.643034,0.643034,23.0,23.0,4048.0,4048.0,3.0,3.0,0.00190326,1.74256e-05,0.00138485,0.00330554,2466920000.0,2466920000.0,0.0789655,-3.81082,-0.105363,0.3,1.0,53.0,50.0,0.2,100.0
traj_sweep_955,floorplan,1076.77,1278.42,687.61,687.61,0.638587,0.638587,23.0,23.0,4048.0,4048.0,3.0,3.0,0.00182808,1.72588e-05,0.0013228,0.00316814,2466860000.0,2466860000.0,0.0809655,-3.37094,-0.0953737,0.31,1.0,53.0,50.0,0.2,100.0
traj_sweep_956,floorplan,1076.77,1278.42,687.61,687.61,0.638587,0.638587,23.0,23.0,4048.0,4048.0,3.0,3.0,0.00177095,1.72588e-05,0.00128147,0.00306968,2466860000.0,2466860000.0,0.0829655,-2.94294,-0.0853737,0.32,1.0,53.0,50.0,0.2,100.0
traj_sweep_957,floorplan,1076.77,1278.42,687.61,687.61,0.638587,0.638587,23.0,23.0,4048.0,4048.0,3.0,3.0,0.00171729,1.72588e-05,0.00124263,0.00297718,2466860000.0,2466860000.0,0.0849654,-2.51494,-0.0753737,0.33,1.0,53.0,50.0,0.2,100.0
traj_sweep_958,floorplan,1076.77,1278.42,680.694,680.694,0.632164,0.632164,23.0,23.0,4048.0,4048.0,3.0,3.0,0.00164705,1.69788e-05,0.00118377,0.00284781,2466760000.0,2466760000.0,0.0869655,-2.10805,-0.0653901,0.34,1.0,53.0,50.0,0.2,100.0
traj_sweep_959,floorplan,1076.77,1278.42,680.694,680.694,0.632164,0.632164,23.0,23.0,4048.0,4048.0,3.0,3.0,0.0016,1.69788e-05,0.00114995,0.00276693,2466760000.0,2466760000.0,0.0889655,-1.68005,-0.0553901,0.35,1.0,53.0,50.0,0.2,100.0
traj_sweep_960,floorplan,1076.77,1278.42,680.694,680.694,0.632164,0.632164,23.0,23.0,4048.0,4048.0,3.0,3.0,0.00155555,1.69788e-05,0.00111801,0.00269054,2466760000.0,2466760000.0,0.0909655,-1.28025,-0.0453901,0.36,1.0,53.0,50.0,0.2,100.0
traj_sweep_961,floorplan,1076.77,1278.42,679.896,679.896,0.631423,0.631423,23.0,23.0,4048.0,4048.0,3.0,3.0,0.00150882,1.69681e-05,0.00108398,0.00260977,2466760000.0,2466760000.0,0.0929655,-0.893358,-0.0353901,0.37,1.0,53.0,50.0,0.2,100.0
traj_sweep_962,floorplan,1076.77,1278.42,677.502,677.502,0.6292,0.6292,23.0,23.0,4048.0,4048.0,3.0,3.0,0.00146284,1.68603e-05,0.0010489,0.0025286,2466760000.0,2466760000.0,0.0949654,-0.540987,-0.0253901,0.38,1.0,53.0,50.0,0.2,100.0
traj_sweep_963,floorplan,1076.77,1278.42,676.438,676.438,0.628211,0.628211,23.0,23.0,4048.0,4048.0,3.0,3.0,0.00142367,1.68119e-05,0.00101747,0.00245796,2466760000.0,2466760000.0,0.0969655,-0.256458,-0.0153901,0.39,1.0,53.0,50.0,0.2,100.0
traj_sweep_964,floorplan,1076.77,1278.42,638.666,638.666,0.593132,0.593132,23.0,23.0,4048.0,4048.0,3.0,3.0,0.00131998,1.52355e-05,0.00092424,0.00225946,2469040000.0,2469040000.0,0.100056,-0.0341863,-0.00501507,0.4,1.0,53.0,50.0,0.2,100.0
traj_sweep_965,floorplan,1076.77,1278.42,626.696,626.696,0.582016,0.582016,23.0,23.0,4048.0,4048.0,2.0,2.0,0.00126038,1.47246e-05,0.000869555,0.00214466,2439610000.0,2439610000.0,0.102056,0.0,9.8227e-05,0.41,1.0,53.0,50.0,0.2,100.0
traj_sweep_966,floorplan,1076.77,1278.42,626.696,626.696,0.582016,0.582016,23.0,23.0,4048.0,4048.0,2.0,2.0,0.00123037,1.47246e-05,0.000848852,0.00209395,2439610000.0,2439610000.0,0.104056,0.0,0.0100982,0.42,1.0,53.0,50.0,0.2,100.0
traj_sweep_967,floorplan,1076.77,1278.42,626.696,626.696,0.582016,0.582016,23.0,23.0,4048.0,4048.0,2.0,2.0,0.00120176,1.47246e-05,0.000829111,0.00204559,2439610000.0,2439610000.0,0.105824,0.0,0.0200982,0.43,1.0,53.0,50.0,0.2,100.0
traj_sweep_968,floorplan,1076.77,1278.42,626.696,626.696,0.582016,0.582016,23.0,23.0,4048.0,4048.0,2.0,2.0,0.00117444,1.47246e-05,0.000810267,0.00199944,2439610000.0,2439610000.0,0.105824,0.0,0.0300982,0.44,1.0,53.0,50.0,0.2,100.0
traj_sweep_969,floorplan,1076.77,1278.42,626.696,626.696,0.582016,0.582016,23.0,23.0,4048.0,4048.0,2.0,2.0,0.00114834,1.47246e-05,0.000792262,0.00195533,2439610000.0,2439610000.0,0.105824,0.0,0.0400982,0.45,1.0,53.0,50.0,0.2,100.0
traj_sweep_970,floorplan,1076.77,1278.42,626.696,626.696,0.582016,0.582016,23.0,23.0,4048.0,4048.0,2.0,2.0,0.00112338,1.47246e-05,0.000775038,0.00191314,2439610000.0,2439610000.0,0.105824,0.0,0.0500982,0.46,1.0,53.0,50.0,0.2,100.0
traj_sweep_971,floorplan,1076.77,1278.42,626.696,626.696,0.582016,0.582016,23.0,23.0,4048.0,4048.0,2.0,2.0,0.00109948,1.47246e-05,0.000758548,0.00187275,2439610000.0,2439610000.0,0.105824,0.0,0.0600982,0.47,1.0,53.0,50.0,0.2,100.0
traj_sweep_972,floorplan,1076.77,1278.42,626.696,626.696,0.582016,0.582016,23.0,23.0,4048.0,4048.0,2.0,2.0,0.00107657,1.47246e-05,0.000742745,0.00183404,2439610000.0,2439610000.0,0.105824,0.0,0.0700982,0.48,1.0,53.0,50.0,0.2,100.0
traj_sweep_973,floorplan,1076.77,1278.42,626.696,626.696,0.582016,0.582016,23.0,23.0,4048.0,4048.0,2.0,2.0,0.0010546,1.47246e-05,0.000727587,0.00179691,2439610000.0,2439610000.0,0.105824,0.0,0.0795431,0.49,1.0,53.0,50.0,0.2,100.0
traj_sweep_974,floorplan,1076.77,1278.42,626.696,626.696,0.582016,0.582016,23.0,23.0,4048.0,4048.0,2.0,2.0,0.00103351,1.47246e-05,0.000713035,0.00176127,2439610000.0,2439610000.0,0.105824,0.0,0.0875431,0.5,1.0,53.0,50.0,0.2,100.0
traj_sweep_975,floorplan,1076.77,1278.42,626.696,626.696,0.582016,0.582016,23.0,23.0,4048.0,4048.0,2.0,2.0,0.00101325,1.47246e-05,0.000699054,0.00172702,2439610000.0,2439610000.0,0.105824,0.0,0.095543,0.51,1.0,53.0,50.0,0.2,100.0
traj_sweep_976,floorplan,1076.77,1278.42,626.696,626.696,0.582016,0.582016,23.0,23.0,4048.0,4048.0,2.0,2.0,0.00099376,1.47246e-05,0.00068561,0.0016941,2439610000.0,2439610000.0,0.105824,0.0,0.103543,0.52,1.0,53.0,50.0,0.2,100.0
traj_sweep_977,floorplan,1076.77,1278.42,626.696,626.696,0.582016,0.582016,23.0,23.0,4048.0,4048.0,2.0,2.0,0.00097501,1.47246e-05,0.000672674,0.00166241,2439610000.0,2439610000.0,0.105824,0.0,0.111543,0.53,1.0,53.0,50.0,0.2,100.0
traj_sweep_978,floorplan,1076.77,1278.42,626.696,626.696,0.582016,0.582016,23.0,23.0,4048.0,4048.0,2.0,2.0,0.000956954,1.47246e-05,0.000660217,0.0016319,2439610000.0,2439610000.0,0.105824,0.0,0.119543,0.54,1.0,53.0,50.0,0.2,100.0
traj_sweep_979,floorplan,1076.77,1278.42,626.696,626.696,0.582016,0.582016,23.0,23.0,4048.0,4048.0,2.0,2.0,0.000939555,1.47246e-05,0.000648213,0.00160249,2439610000.0,2439610000.0,0.105824,0.0,0.127543,0.55,1.0,53.0,50.0,0.2,100.0
traj_sweep_980,floorplan,1076.77,1278.42,626.696,626.696,0.582016,0.582016,23.0,23.0,4048.0,4048.0,2.0,2.0,0.000922778,1.47246e-05,0.000636639,0.00157414,2439610000.0,2439610000.0,0.105824,0.0,0.135543,0.56,1.0,53.0,50.0,0.2,100.0
traj_sweep_981,floorplan,1076.77,1278.42,626.696,626.696,0.582016,0.582016,23.0,23.0,4048.0,4048.0,2.0,2.0,0.000906589,1.47246e-05,0.000625469,0.00154678,2439610000.0,2439610000.0,0.105824,0.0,0.143543,0.57,1.0,53.0,50.0,0.2,100.0
traj_sweep_982,floorplan,1076.77,1278.42,626.696,626.696,0.582016,0.582016,23.0,23.0,4048.0,4048.0,2.0,2.0,0.000890958,1.47246e-05,0.000614685,0.00152037,2439610000.0,2439610000.0,0.105824,0.0,0.151543,0.58,1.0,53.0,50.0,0.2,100.0
traj_sweep_983,floorplan,1076.77,1278.42,626.696,626.696,0.582016,0.582016,23.0,23.0,4048.0,4048.0,2.0,2.0,0.000875857,1.47246e-05,0.000604267,0.00149485,2439610000.0,2439610000.0,0.105824,0.0,0.159543,0.59,1.0,53.0,50.0,0.2,100.0
traj_sweep_984,floorplan,1076.77,1278.42,626.696,626.696,0.582016,0.582016,23.0,23.0,4048.0,4048.0,2.0,2.0,0.000861259,1.47246e-05,0.000594196,0.00147018,2439610000.0,2439610000.0,0.105824,0.0,0.167543,0.6,1.0,53.0,50.0,0.2,100.0
traj_sweep_985,floorplan,1076.77,1278.42,626.696,626.696,0.582016,0.582016,23.0,23.0,4048.0,4048.0,2.0,2.0,0.00084714,1.47246e-05,0.000584455,0.00144632,2439610000.0,2439610000.0,0.105824,0.0,0.175543,0.61,1.0,53.0,50.0,0.2,100.0
traj_sweep_986,floorplan,1076.77,1278.42,626.696,626.696,0.582016,0.582016,23.0,23.0,4048.0,4048.0,2.0,2.0,0.000833476,1.47246e-05,0.000575028,0.00142323,2439610000.0,2439610000.0,0.105824,0.0,0.183543,0.62,1.0,53.0,50.0,0.2,100.0
traj_sweep_987,floorplan,1076.77,1278.42,706.762,706.762,0.656374,0.656374,23.0,23.0,4048.0,4048.0,3.0,3.0,0.00415826,1.81589e-05,0.00301734,0.00719375,2467270000.0,2467270000.0,0.0469655,-11.3168,-0.265306,0.14,1.0,54.0,50.0,0.2,100.0
traj_sweep_988,floorplan,1076.77,1278.42,706.762,706.762,0.656374,0.656374,23.0,23.0,4048.0,4048.0,3.0,3.0,0.00388104,1.81589e-05,0.00281618,0.00671538,2467270000.0,2467270000.0,0.0489655,-10.8308,-0.255306,0.15,1.0,54.0,50.0,0.2,100.0
traj_sweep_989,floorplan,1076.77,1278.42,706.762,706.762,0.656374,0.656374,23.0,23.0,4048.0,4048.0,3.0,3.0,0.00363847,1.81589e-05,0.00264017,0.0062968,2467270000.0,2467270000.0,0.0509655,-10.3448,-0.245306,0.16,1.0,54.0,50.0,0.2,100.0
traj_sweep_990,floorplan,1076.77,1278.42,706.762,706.762,0.656374,0.656374,23.0,23.0,4048.0,4048.0,3.0,3.0,0.00342445,1.81589e-05,0.00248486,0.00592747,2467270000.0,2467270000.0,0.0529655,-9.85877,-0.235306,0.17,1.0,54.0,50.0,0.2,100.0
traj_sweep_991,floorplan,1076.77,1278.42,706.762,706.762,0.656374,0.656374,23.0,23.0,4048.0,4048.0,3.0,3.0,0.0032342,1.81589e-05,0.00234681,0.00559917,2467270000.0,2467270000.0,0.0549655,-9.37905,-0.225306,0.18,1.0,54.0,50.0,0.2,100.0
traj_sweep_992,floorplan,1076.77,1278.42,706.762,706.762,0.656374,0.656374,23.0,23.0,4048.0,4048.0,3.0,3.0,0.00306398,1.81589e-05,0.0022233,0.00530543,2467270000.0,2467270000.0,0.0569655,-8.90105,-0.215306,0.19,1.0,54.0,50.0,0.2,100.0
traj_sweep_993,floorplan,1076.77,1278.42,706.762,706.762,0.656374,0.656374,23.0,23.0,4048.0,4048.0,3.0,3.0,0.00291078,1.81589e-05,0.00211213,0.00504107,2467270000.0,2467270000.0,0.0589655,-8.42305,-0.205306,0.2,1.0,54.0,50.0,0.2,100.0
traj_sweep_994,floorplan,1076.77,1278.42,706.762,706.762,0.656374,0.656374,23.0,23.0,4048.0,4048.0,3.0,3.0,0.00277217,1.81589e-05,0.00201156,0.00480189,2467270000.0,2467270000.0,0.0609654,-7.94505,-0.195306,0.21,1.0,54.0,50.0,0.2,100.0
traj_sweep_995,floorplan,1076.77,1278.42,706.762,706.762,0.656374,0.656374,23.0,23.0,4048.0,4048.0,3.0,3.0,0.00264616,1.81589e-05,0.00192012,0.00458444,2467270000.0,2467270000.0,0.0629655,-7.46705,-0.185306,0.22,1.0,54.0,50.0,0.2,100.0
traj_sweep_996,floorplan,1076.77,1278.42,706.762,706.762,0.656374,0.656374,23.0,23.0,4048.0,4048.0,3.0,3.0,0.00253111,1.81589e-05,0.00183664,0.00438591,2467270000.0,2467270000.0,0.0649655,-6.98905,-0.175306,0.23,1.0,54.0,50.0,0.2,100.0
traj_sweep_997,floorplan,1076.77,1278.42,705.698,705.698,0.655385,0.655385,23.0,23.0,4048.0,4048.0,3.0,3.0,0.00241814,1.8122e-05,0.0017569,0.00419316,2467270000.0,2467270000.0,0.0669655,-6.51841,-0.165306,0.24,1.0,54.0,50.0,0.2,100.0
traj_sweep_998,floorplan,1076.77,1278.42,698.25,698.25,0.648468,0.648468,23.0,23.0,4048.0,4048.0,3.0,3.0,0.00230584,1.77405e-05,0.00167224,0.00399583,2467270000.0,2467270000.0,0.0689655,-6.04438,-0.155306,0.25,1.0,54.0,50.0,0.2,100.0
traj_sweep_999,floorplan,1076.77,1278.42,696.92,696.92,0.647233,0.647233,23.0,23.0,4048.0,4048.0,3.0,3.0,0.00221331,1.76365e-05,0.00160566,0.00383661,2467270000.0,2467270000.0,0.0709655,-5.59937,-0.145306,0.26,1.0,54.0,50.0,0.2,100.0
traj_sweep_1000,floorplan,1076.77,1278.42,692.93,692.93,0.643528,0.643528,23.0,23.0,4048.0,4048.0,3.0,3.0,0.00211681,1.74688e-05,0.0015392,0.00367348,2467270000.0,2467270000.0,0.0729655,-5.16754,-0.135307,0.27,1.0,54.0,50.0,0.2,100.0
traj_sweep_1001,floorplan,1076.77,1278.42,692.93,692.93,0.643528,0.643528,23.0,23.0,4048.0,4048.0,3.0,3.0,0.00204121,1.74688e-05,0.00148423,0.00354291,2467270000.0,2467270000.0,0.0749655,-4.7057,-0.125307,0.28,1.0,54.0,50.0,0.2,100.0
traj_sweep_1002,floorplan,1076.77,1278.42,692.664,692.664,0.643281,0.643281,23.0,23.0,4048.0,4048.0,3.0,3.0,0.00196984,1.74465e-05,0.00143283,0.00342012,2466920000.0,2466920000.0,0.0769655,-4.25482,-0.115363,0.29,1.0,54.0,50.0,0.2,100.0
