trajectory_id,stage,5_1_grt__globalroute__clock__skew__hold,5_1_grt__globalroute__clock__skew__setup,5_1_grt__globalroute__design__core__area,5_1_grt__globalroute__design__die__area,5_1_grt__globalroute__design__instance__area,5_1_grt__globalroute__design__instance__area__stdcell,5_1_grt__globalroute__design__instance__count,5_1_grt__globalroute__design__instance__count__setup_buffer,5_1_grt__globalroute__design__instance__count__stdcell,5_1_grt__globalroute__design__instance__displacement__max,5_1_grt__globalroute__design__instance__displacement__mean,5_1_grt__globalroute__design__instance__displacement__total,5_1_grt__globalroute__design__instance__utilization,5_1_grt__globalroute__design__instance__utilization__stdcell,5_1_grt__globalroute__design__nets,5_1_grt__globalroute__design__rows,5_1_grt__globalroute__design__rows:FreePDK45_38x28_10R_NP_162NW_34O,5_1_grt__globalroute__design__sites,5_1_grt__globalroute__design__sites:FreePDK45_38x28_10R_NP_162NW_34O,5_1_grt__globalroute__dpl__hpwl__delta,5_1_grt__globalroute__dpl__hpwl__delta__percent,5_1_grt__globalroute__flow__warnings__count,5_1_grt__globalroute__flow__warnings__type_count,5_1_grt__globalroute__global_route__fastroute__congestion_rsmt_s,5_1_grt__globalroute__global_route__fastroute__finalization_s,5_1_grt__globalroute__global_route__fastroute__initial_rsmt_s,5_1_grt__globalroute__global_route__fastroute__monotonic_s,5_1_grt__globalroute__global_route__fastroute__new_route_l_s,5_1_grt__globalroute__global_route__fastroute__overflow_iterations_s,5_1_grt__globalroute__global_route__fastroute__route_l_s,5_1_grt__globalroute__global_route__fastroute__route_z_s,5_1_grt__globalroute__global_route__fastroute__spiral_s,5_1_grt__globalroute__global_route__vias,5_1_grt__globalroute__global_route__wirelength,5_1_grt__globalroute__power__internal__total,5_1_grt__globalroute__power__leakage__total,5_1_grt__globalroute__power__switching__total,5_1_grt__globalroute__power__total,5_1_grt__globalroute__route__net,5_1_grt__globalroute__route__wirelength__estimated,5_1_grt__globalroute__timing__drv__max_cap_limit,5_1_grt__globalroute__timing__drv__max_slew_limit,5_1_grt__globalroute__timing__drv__setup_violation_count,5_1_grt__globalroute__timing__fmax,5_1_grt__globalroute__timing__fmax__clock:core_clock,5_1_grt__globalroute__timing__hold__ws,5_1_grt__globalroute__timing__setup__tns,5_1_grt__globalroute__timing__setup__ws,5_1_grt__globalroute__utilization__before__dpl,5_2_route__detailedroute__route__drc_errors__iter:0,5_2_route__detailedroute__route__drc_errors__iter:1,5_2_route__detailedroute__route__drc_errors__iter:2,5_2_route__detailedroute__route__drc_errors__iter:3,5_2_route__detailedroute__route__net,5_2_route__detailedroute__route__vias,5_2_route__detailedroute__route__vias__singlecut,5_2_route__detailedroute__route__wirelength,5_2_route__detailedroute__route__wirelength__iter:0,5_2_route__detailedroute__route__wirelength__iter:1,5_2_route__detailedroute__route__wirelength__iter:2,5_2_route__detailedroute__route__wirelength__iter:3,param:CLK_PERIOD,param:CORE_ASPECT_RATIO,param:CORE_UTILIZATION,param:CTS_CLUSTER_SIZE,param:PLACE_DENSITY_LB_ADDON,param:TNS_END_PERCENT
traj_default,routing,0.0019167,0.0019167,1076.77,1278.42,947.758,947.758,737.0,9.0,737.0,8.45,0.303,223.55,0.880188,0.880188,761.0,23.0,23.0,4048.0,4048.0,489568.0,6.0,23.0,5.0,0.00048147,0.00632688,0.00034154,0.00240432,7.27e-05,3.1e-07,6.506e-05,3.59e-06,8.389e-05,1067.0,8056.0,0.00352804,2.55116e-05,0.00299274,0.0065463,752.0,4228.23,0.636359,0.69066,51.0,2386470000.0,2386470000.0,0.091965,-7.57673,-0.169029,88.0188,86.0,45.0,21.0,0.0,759.0,3895.0,3895.0,4527.0,4557.0,4507.0,4523.0,4527.0,0.25,1.0,55.0,50.0,0.2,100.0
traj_small_01,routing,0.00174896,0.00174896,1076.77,1278.42,916.636,916.636,728.0,2.0,728.0,7.36,0.083,60.63,0.851285,0.851285,753.0,23.0,23.0,4048.0,4048.0,114543.0,2.0,23.0,5.0,0.00016288,0.00124596,0.00011922,0.0026816,1.188e-05,4.5e-07,1.834e-05,1.35e-06,2.329e-05,320.0,7552.0,0.00340125,2.43455e-05,0.00290542,0.00633102,750.0,3825.57,0.626328,0.685837,51.0,2385450000.0,2385450000.0,0.0901079,-7.41968,-0.169209,85.1285,88.0,26.0,32.0,0.0,751.0,3779.0,3779.0,4072.0,4131.0,4074.0,4070.0,4072.0,0.25,1.0,50.0,50.0,0.15,100.0
traj_small_02,routing,0.00112865,0.00112865,1076.77,1278.42,933.926,933.926,720.0,3.0,720.0,10.3,0.3465,249.63,0.867342,0.867342,746.0,23.0,23.0,4048.0,4048.0,573805.0,8.0,23.0,5.0,0.00042702,0.00446782,0.00030087,0.00257392,4.016e-05,3.4e-07,5.058e-05,3.37e-06,6.582e-05,931.0,7726.0,0.00347374,2.49677e-05,0.00301625,0.00651497,741.0,3989.95,0.731642,0.736681,49.0,2389090000.0,2389090000.0,0.0929469,-7.4098,-0.168569,86.7342,53.0,24.0,14.0,0.0,744.0,3730.0,3730.0,4250.0,4289.0,4247.0,4250.0,4250.0,0.25,1.0,60.0,50.0,0.25,100.0
traj_small_03,routing,0.000941768,0.000941768,1076.77,1278.42,894.026,894.026,719.0,1.0,719.0,6.55,0.0575,41.4,0.830287,0.830287,743.0,23.0,23.0,4048.0,4048.0,80483.0,1.0,23.0,5.0,8.954e-05,0.000993539,7.416e-05,0.00270247,6.649e-06,3.49e-07,1.0629e-05,1.24e-06,1.3951e-05,186.0,7392.0,0.00275992,2.33577e-05,0.00234223,0.0051255,740.0,3747.65,0.646987,0.69578,49.0,2354790000.0,2354790000.0,0.0994491,-5.20595,-0.124667,83.0287,52.0,30.0,11.0,0.0,741.0,3707.0,3707.0,4056.0,4096.0,4041.0,4053.0,4056.0,0.3,1.0,55.0,40.0,0.2,100.0
traj_small_04,routing,0.00211464,0.00211464,1113.48,1279.13,865.83,865.83,730.0,0.0,730.0,6.79,0.0635,46.39,0.777592,0.777592,748.0,26.0,26.0,4186.0,4186.0,107443.0,2.0,23.0,5.0,0.00016386,0.00112549,0.00012094,0.00329984,1.277e-05,5.7e-07,1.826e-05,1.7e-06,2.342e-05,270.0,7233.0,0.00313901,2.23059e-05,0.00266157,0.00582289,746.0,3525.35,0.767788,0.754188,52.0,2372420000.0,2372420000.0,0.0870534,-7.39926,-0.171511,77.7592,39.0,15.0,15.0,0.0,746.0,3643.0,3643.0,3871.0,3899.0,3866.0,3872.0,3871.0,0.25,1.2,55.0,50.0,0.2,80.0
traj_small_05,routing,0.00211464,0.00211464,1113.48,1279.13,865.83,865.83,730.0,0.0,730.0,6.79,0.0635,46.39,0.777592,0.777592,748.0,26.0,26.0,4186.0,4186.0,107443.0,2.0,23.0,5.0,0.000131071,0.00095675,0.000103789,0.00256212,1.058e-05,3.3e-07,1.5609e-05,1.329e-06,2.08e-05,270.0,7233.0,0.00313901,2.23059e-05,0.00266157,0.00582289,746.0,3525.35,0.767788,0.754188,52.0,2372420000.0,2372420000.0,0.0870534,-7.39926,-0.171511,77.7592,39.0,15.0,15.0,0.0,746.0,3643.0,3643.0,3871.0,3899.0,3866.0,3872.0,3871.0,0.25,0.9,52.0,50.0,0.2,100.0
traj_medium_01,routing,0.00142952,0.00142952,1076.77,1278.42,904.666,904.666,709.0,8.0,709.0,6.74,0.4165,295.61,0.840168,0.840168,733.0,23.0,23.0,4048.0,4048.0,641651.0,9.0,23.0,5.0,0.0006913,0.00729386,0.00046913,0.00258241,6.46e-05,3.6e-07,7.939e-05,4.59e-06,0.00010383,1545.0,7677.0,0.00238759,2.37801e-05,0.0020505,0.00446187,722.0,3744.32,0.188896,0.475399,47.0,2327640000.0,2327640000.0,0.111482,-3.1803,-0.0796195,84.0168,78.0,13.0,23.0,0.0,731.0,3700.0,3700.0,4075.0,4113.0,4070.0,4068.0,4075.0,0.35,1.0,45.0,50.0,0.1,100.0
traj_medium_02,routing,0.00112236,0.00112236,1076.77,1278.42,915.572,915.572,717.0,3.0,717.0,9.21,0.4205,301.5,0.850296,0.850296,743.0,23.0,23.0,4048.0,4048.0,757331.0,11.0,23.0,5.0,0.0005632,0.00585078,0.00039323,0.00247421,5.153e-05,3.7e-07,6.541e-05,4.42e-06,9.046e-05,1298.0,7635.0,0.00333198,2.41144e-05,0.00289911,0.0062552,738.0,3954.27,0.701271,0.721989,51.0,2367440000.0,2367440000.0,0.0909375,-7.53232,-0.172398,85.0296,70.0,27.0,15.0,0.0,741.0,3761.0,3761.0,4243.0,4288.0,4242.0,4242.0,4243.0,0.25,1.0,65.0,80.0,0.3,100.0
traj_medium_03,routing,0.00133371,0.00133371,1076.77,1278.42,894.026,894.026,737.0,3.0,737.0,7.5,0.241,177.85,0.830287,0.830287,761.0,23.0,23.0,4048.0,4048.0,480633.0,7.0,23.0,5.0,0.00046665,0.00355611,0.00026581,0.00249138,3.839e-05,2.6e-07,5.566e-05,2.79e-06,5.937e-05,872.0,7626.0,0.00405049,2.33627e-05,0.00341792,0.00749177,756.0,3857.22,0.642449,0.693589,53.0,2395950000.0,2395950000.0,0.0798359,-10.0498,-0.21737,83.0287,88.0,25.0,21.0,0.0,759.0,3803.0,3803.0,4125.0,4180.0,4138.0,4127.0,4125.0,0.2,1.0,55.0,50.0,0.2,50.0
traj_medium_04,routing,0.00280598,0.00280598,1091.66,1282.85,940.31,940.31,718.0,4.0,718.0,9.54,0.408,293.13,0.861355,0.861355,752.0,18.0,18.0,4104.0,4104.0,695593.0,8.0,23.0,5.0,0.00057629,0.00550012,0.00039795,0.00273878,5.715e-05,6.2e-07,6.949e-05,4.73e-06,9.798e-05,1209.0,8014.0,0.00352034,2.54024e-05,0.00307065,0.00661639,747.0,4442.73,0.745139,0.743227,52.0,2370090000.0,2370090000.0,0.0889224,-7.46678,-0.171925,86.1355,101.0,27.0,39.0,0.0,750.0,3932.0,3932.0,4737.0,4803.0,4759.0,4741.0,4737.0,0.25,0.6,58.0,50.0,0.2,100.0
traj_medium_05,routing,0.00162733,0.00162733,1091.66,1279.88,927.808,927.808,733.0,3.0,733.0,8.83,0.262,192.1,0.849903,0.849903,751.0,27.0,27.0,4104.0,4104.0,423977.0,6.0,23.0,5.0,0.00075313,0.0057911,0.00041845,0.00315906,6.778e-05,4.3e-07,7.961e-05,3.9e-06,0.00010961,1007.0,7201.0,0.00338907,2.44533e-05,0.00290049,0.00631401,747.0,3912.89,0.46873,0.609898,51.0,2355100000.0,2355100000.0,0.0891753,-7.66805,-0.174611,84.9903,74.0,16.0,15.0,0.0,749.0,3720.0,3720.0,4215.0,4222.0,4225.0,4213.0,4215.0,0.25,1.35,56.0,50.0,0.2,100.0
traj_large_01,routing,0.00112461,0.00112461,1076.77,1278.42,699.314,699.314,621.0,4.0,621.0,4.32,0.041,25.5,0.649457,0.649457,645.0,23.0,23.0,4048.0,4048.0,63950.0,1.0,22.0,4.0,0.00012749,0.00066358,8.862e-05,0.00252147,7.84e-06,3.4e-07,1.03e-05,1.06e-06,1.597e-05,209.0,6332.0,0.00141029,1.63962e-05,0.0012511,0.00267778,639.0,3179.53,0.748815,0.57951,0.0,2247740000.0,2247740000.0,0.112082,0.0,0.000497907,64.9457,61.0,14.0,9.0,0.0,643.0,3273.0,3273.0,3589.0,3640.0,3593.0,3589.0,3589.0,0.45,1.0,40.0,50.0,0.05,100.0
traj_large_02,routing,0.00127344,0.00127344,1076.77,1278.42,993.776,993.776,736.0,6.0,736.0,16.85,2.0185,1485.97,0.922925,0.922925,760.0,23.0,23.0,4048.0,4048.0,3289690.0,40.0,23.0,5.0,0.00134021,0.0248814,0.00105136,0.00306942,0.00018674,3.8e-07,0.0002975,1.048e-05,0.00027312,4342.0,10599.0,0.00370852,2.75553e-05,0.0032691,0.00700517,752.0,5782.46,0.719386,0.730771,53.0,2300450000.0,2300450000.0,0.0903634,-8.11847,-0.184698,92.2925,97.0,59.0,40.0,0.0,758.0,4454.0,4454.0,6214.0,6284.0,6209.0,6209.0,6214.0,0.25,1.0,72.0,120.0,0.35,100.0
traj_large_03,routing,0.000653103,0.000653103,1076.77,1278.42,897.484,897.484,741.0,3.0,741.0,6.22,0.2255,167.28,0.833498,0.833498,765.0,23.0,23.0,4048.0,4048.0,396714.0,6.0,23.0,5.0,0.00039255,0.00350527,0.00029539,0.0025048,3.869e-05,1.44e-06,5.491e-05,3.07e-06,6.153e-05,874.0,7350.0,0.00559653,2.33163e-05,0.00466902,0.0102889,759.0,3686.18,0.620198,0.682884,53.0,2367000000.0,2367000000.0,0.0679825,-12.518,-0.272475,83.3498,75.0,7.0,17.0,0.0,763.0,3799.0,3799.0,4020.0,4053.0,4030.0,4015.0,4020.0,0.15,1.0,55.0,50.0,0.2,30.0
traj_large_04,routing,0.00147159,0.00147159,1064.0,1286.77,936.852,936.852,722.0,9.0,722.0,10.87,0.761,549.76,0.8805,0.8805,760.0,16.0,16.0,4000.0,4000.0,1235530.0,16.0,23.0,5.0,0.00087679,0.0110443,0.00066141,0.00285906,8.82e-05,3.8e-07,0.00011656,6.35e-06,0.00013869,2226.0,8210.0,0.00353142,2.51144e-05,0.00305615,0.00661269,750.0,4407.32,0.605311,0.67573,52.0,2361210000.0,2361210000.0,0.0879587,-7.66182,-0.173512,88.05,134.0,33.0,32.0,0.0,758.0,3953.0,3953.0,4643.0,4733.0,4666.0,4646.0,4643.0,0.25,0.5,62.0,50.0,0.2,100.0
traj_bad_01,routing,0.00184471,0.00184471,1076.77,1278.42,983.668,983.668,747.0,11.0,747.0,13.29,1.676,1252.19,0.913538,0.913538,773.0,23.0,23.0,4048.0,4048.0,2664310.0,32.0,24.0,6.0,0.00124518,0.0206984,0.00084932,0.00273365,0.00017024,2.71e-07,0.00021887,8.62e-06,0.00022788,3889.0,10234.0,0.00780028,2.712e-05,0.0066298,0.0144572,762.0,5540.26,0.608615,0.677314,53.0,2348530000.0,2348530000.0,0.0680519,-14.5503,-0.305799,91.3538,111.0,61.0,51.0,0.0,771.0,4456.0,4456.0,5923.0,5976.0,5922.0,5916.0,5923.0,0.12,1.0,85.0,50.0,0.4,100.0
traj_bad_02,routing,0.000854566,0.000854566,1076.77,1278.42,958.398,958.398,742.0,5.0,742.0,7.74,0.346,257.1,0.890069,0.890069,766.0,23.0,23.0,4048.0,4048.0,618920.0,8.0,23.0,5.0,0.00049841,0.00433539,0.00032664,0.00259103,4.905e-05,3.3e-07,6.53e-05,3.37e-06,7.704e-05,1093.0,8723.0,0.00921068,2.62187e-05,0.0077676,0.0170045,761.0,4320.71,0.585568,0.66623,53.0,2325700000.0,2325700000.0,0.0583628,-15.3228,-0.329978,89.0069,78.0,37.0,23.0,0.0,764.0,3952.0,3952.0,4635.0,4695.0,4647.0,4638.0,4635.0,0.1,1.0,90.0,200.0,0.2,100.0
traj_bad_03,routing,0.00191565,0.00191565,1076.77,1278.42,674.842,674.842,608.0,0.0,608.0,0.0,0.0,0.0,0.626729,0.626729,632.0,23.0,23.0,4048.0,4048.0,0.0,0.0,22.0,4.0,0.00171445,0.0119358,0.00108982,0.0106719,0.00011107,4e-07,0.00016142,8.5e-06,0.00018996,3259.0,6198.0,0.00101433,1.54659e-05,0.000904118,0.00193391,630.0,2973.11,0.691699,0.537986,0.0,2117960000.0,2117960000.0,0.113239,0.0,0.100585,62.6729,52.0,17.0,8.0,0.0,630.0,3267.0,3267.0,3446.0,3476.0,3431.0,3446.0,3446.0,0.6,1.0,35.0,50.0,0.2,10.0
traj_bad_04,routing,0.00189926,0.00189926,1088.47,1286.64,984.466,984.466,771.0,11.0,771.0,10.68,0.903,696.55,0.904448,0.904448,775.0,33.0,33.0,4092.0,4092.0,1489570.0,16.0,23.0,5.0,0.00092487,0.0121804,0.00064356,0.00249056,0.00014252,3.2e-07,0.00017751,6.46e-06,0.00017685,2845.0,9863.0,0.00770736,2.66734e-05,0.00670189,0.0144359,765.0,5470.59,0.624457,0.684935,53.0,2304830000.0,2304830000.0,0.0645798,-14.6061,-0.313871,90.4448,127.0,69.0,70.0,0.0,773.0,4411.0,4411.0,5896.0,5990.0,5892.0,5904.0,5896.0,0.12,2.0,78.0,50.0,0.2,100.0
traj_sweep_001,routing,0.00173515,0.00173515,1076.77,1278.42,975.688,975.688,735.0,7.0,735.0,10.68,0.8515,625.95,0.906126,0.906126,759.0,23.0,23.0,4048.0,4048.0,1261460.0,15.0,23.0,5.0,0.0012796,0.01446,0.00091015,0.00215572,0.00013321,5.2e-07,0.00018272,1.11e-05,0.00020931,2454.0,9025.0,0.00507171,2.68177e-05,0.00433406,0.00943258,752.0,4803.49,0.612556,0.679212,53.0,2333250000.0,2333250000.0,0.0775945,-11.2222,-0.248587,90.6126,102.0,84.0,33.0,0.0,757.0,4095.0,4095.0,5155.0,5226.0,5173.0,5159.0,5155.0,0.18,1.0,42.0,50.0,0.2,100.0
traj_sweep_002,routing,0.00156823,0.00156823,1076.77,1278.42,979.412,979.412,734.0,10.0,734.0,11.82,0.6415,471.13,0.909585,0.909585,760.0,23.0,23.0,4048.0,4048.0,1014430.0,13.0,23.0,5.0,0.00107957,0.00990485,0.00071462,0.00250132,0.00011047,6.11e-07,0.00012854,7.04e-06,0.00015964,1882.0,8373.0,0.00410186,2.6933e-05,0.00356933,0.00769813,748.0,4492.85,0.590424,0.668557,53.0,2344860000.0,2344860000.0,0.0849199,-9.16002,-0.206465,90.9585,85.0,47.0,20.0,0.0,758.0,3997.0,3997.0,4816.0,4866.0,4822.0,4813.0,4816.0,0.22,1.0,42.0,50.0,0.2,100.0
traj_sweep_003,routing,0.00152189,0.00152189,1076.77,1278.42,941.108,941.108,734.0,5.0,734.0,9.16,0.7015,515.17,0.874012,0.874012,758.0,23.0,23.0,4048.0,4048.0,1298300.0,17.0,23.0,5.0,0.00080896,0.00928464,0.00051303,0.00417384,0.00012372,9.31e-07,0.00011866,7.169e-06,0.000157211,1659.0,8324.0,0.00313426,2.51706e-05,0.00271389,0.00587331,752.0,4425.71,0.576635,0.66192,49.0,2359110000.0,2359110000.0,0.098068,-6.22271,-0.143888,87.4012,76.0,32.0,28.0,7.0,756.0,3970.0,3970.0,4745.0,4801.0,4760.0,4737.0,4742.0,0.28,1.0,42.0,50.0,0.2,100.0
traj_sweep_004,routing,0.00218637,0.00218637,1076.77,1278.42,891.632,891.632,708.0,4.0,708.0,7.69,0.4085,289.29,0.828063,0.828063,732.0,23.0,23.0,4048.0,4048.0,727273.0,11.0,23.0,5.0,0.00074422,0.00654046,0.000500371,0.00267777,8.132e-05,5.3e-07,0.0001011,5.289e-06,0.000121529,1308.0,7666.0,0.00254061,2.32569e-05,0.0022425,0.00480636,726.0,3747.3,0.639941,0.692389,49.0,2351710000.0,2351710000.0,0.101394,-4.22504,-0.105223,82.8063,69.0,33.0,29.0,0.0,730.0,3749.0,3749.0,4063.0,4115.0,4071.0,4071.0,4063.0,0.32,1.0,42.0,50.0,0.2,100.0
traj_sweep_005,routing,0.0017273,0.0017273,1076.77,1278.42,923.02,923.02,708.0,6.0,708.0,7.74,0.4455,315.49,0.857213,0.857213,733.0,23.0,23.0,4048.0,4048.0,794062.0,11.0,23.0,5.0,0.00071304,0.00654864,0.00048965,0.00245313,6.735e-05,5.8e-07,9.277e-05,4.49e-06,0.00010736,1242.0,7618.0,0.00223122,2.45202e-05,0.00199638,0.00425212,725.0,3934.15,0.639941,0.692393,47.0,2311990000.0,2311990000.0,0.114981,-1.94565,-0.0525272,85.7213,73.0,10.0,6.0,0.0,731.0,3755.0,3755.0,4256.0,4302.0,4255.0,4257.0,4256.0,0.38,1.0,42.0,50.0,0.2,100.0
traj_sweep_006,routing,0.000886222,0.000886222,1076.77,1278.42,698.782,698.782,625.0,8.0,625.0,4.32,0.051,32.0,0.648962,0.648962,649.0,23.0,23.0,4048.0,4048.0,79852.0,1.0,22.0,4.0,0.00012974,0.00176232,0.00011716,0.00307566,1.212e-05,7.2e-07,1.916e-05,1.54e-06,2.377e-05,256.0,6301.0,0.00139508,1.63324e-05,0.0012444,0.00265582,639.0,3140.53,0.728876,0.611443,3.0,2272210000.0,2272210000.0,0.113273,-0.00124065,-0.00089051,64.8962,46.0,23.0,15.0,0.0,647.0,3303.0,3303.0,3517.0,3535.0,3517.0,3513.0,3517.0,0.45,1.0,42.0,50.0,0.2,100.0
traj_sweep_007,routing,0.00295478,0.00295478,1076.77,1278.42,675.64,675.64,610.0,0.0,610.0,0.0,0.0,0.0,0.62747,0.62747,634.0,23.0,23.0,4048.0,4048.0,0.0,0.0,22.0,4.0,0.00126954,0.00818298,0.00074688,0.010045,9.4171e-05,5e-07,0.00013749,7.96e-06,0.00016096,3118.0,5976.0,0.00116993,1.54808e-05,0.00104665,0.00223206,632.0,2972.28,0.776034,0.605916,0.0,2191750000.0,2191750000.0,0.112866,0.0,0.0397594,62.747,78.0,14.0,15.0,0.0,632.0,3248.0,3248.0,3397.0,3457.0,3408.0,3400.0,3397.0,0.52,1.0,42.0,50.0,0.2,100.0
traj_sweep_008,routing,0.00173515,0.00173515,1076.77,1278.42,975.688,975.688,735.0,7.0,735.0,10.68,0.8515,625.95,0.906126,0.906126,759.0,23.0,23.0,4048.0,4048.0,1261460.0,15.0,23.0,5.0,0.00133888,0.0148018,0.00089944,0.00241978,0.00015512,4e-07,0.00020682,8.83e-06,0.00022071,2454.0,9025.0,0.00507171,2.68177e-05,0.00433406,0.00943258,752.0,4803.49,0.612556,0.679212,53.0,2333250000.0,2333250000.0,0.0775945,-11.2222,-0.248587,90.6126,102.0,84.0,33.0,0.0,757.0,4095.0,4095.0,5155.0,5226.0,5173.0,5159.0,5155.0,0.18,1.0,48.0,50.0,0.2,100.0
traj_sweep_009,routing,0.00156823,0.00156823,1076.77,1278.42,979.412,979.412,734.0,10.0,734.0,11.82,0.6415,471.13,0.909585,0.909585,760.0,23.0,23.0,4048.0,4048.0,1014430.0,13.0,23.0,5.0,0.00109097,0.00982571,0.00075469,0.00273638,0.00014615,5.1e-07,0.000161689,7.52e-06,0.00018814,1882.0,8373.0,0.00410186,2.6933e-05,0.00356933,0.00769813,748.0,4492.85,0.590424,0.668557,53.0,2344860000.0,2344860000.0,0.0849199,-9.16002,-0.206465,90.9585,85.0,47.0,20.0,0.0,758.0,3997.0,3997.0,4816.0,4866.0,4822.0,4813.0,4816.0,0.22,1.0,48.0,50.0,0.2,100.0
traj_sweep_010,routing,0.00152189,0.00152189,1076.77,1278.42,941.108,941.108,734.0,5.0,734.0,9.16,0.7015,515.17,0.874012,0.874012,758.0,23.0,23.0,4048.0,4048.0,1298300.0,17.0,23.0,5.0,0.00055919,0.00761657,0.00038313,0.00293766,6.713e-05,3.51e-07,9.355e-05,4.86e-06,0.0001486,1659.0,8324.0,0.00313426,2.51706e-05,0.00271389,0.00587331,752.0,4425.71,0.576635,0.66192,49.0,2359110000.0,2359110000.0,0.098068,-6.22271,-0.143888,87.4012,76.0,32.0,28.0,7.0,756.0,3970.0,3970.0,4745.0,4801.0,4760.0,4737.0,4742.0,0.28,1.0,48.0,50.0,0.2,100.0
traj_sweep_011,routing,0.00218637,0.00218637,1076.77,1278.42,891.632,891.632,708.0,4.0,708.0,7.69,0.4085,289.29,0.828063,0.828063,732.0,23.0,23.0,4048.0,4048.0,727273.0,11.0,23.0,5.0,0.00043146,0.00476492,0.00029982,0.00273603,4.427e-05,2.4e-07,6.2e-05,3.67e-06,7.34e-05,1308.0,7666.0,0.00254061,2.32569e-05,0.0022425,0.00480636,726.0,3747.3,0.639941,0.692389,49.0,2351710000.0,2351710000.0,0.101394,-4.22504,-0.105223,82.8063,69.0,33.0,29.0,0.0,730.0,3749.0,3749.0,4063.0,4115.0,4071.0,4071.0,4063.0,0.32,1.0,48.0,50.0,0.2,100.0
traj_sweep_012,routing,0.0017273,0.0017273,1076.77,1278.42,923.02,923.02,708.0,6.0,708.0,7.74,0.4455,315.49,0.857213,0.857213,733.0,23.0,23.0,4048.0,4048.0,794062.0,11.0,23.0,5.0,0.00044378,0.00463013,0.00032557,0.00284401,5.209e-05,3.4e-07,6.443e-05,4.04e-06,8.488e-05,1242.0,7618.0,0.00223122,2.45202e-05,0.00199638,0.00425212,725.0,3934.15,0.639941,0.692393,47.0,2311990000.0,2311990000.0,0.114981,-1.94565,-0.0525272,85.7213,73.0,10.0,6.0,0.0,731.0,3755.0,3755.0,4256.0,4302.0,4255.0,4257.0,4256.0,0.38,1.0,48.0,50.0,0.2,100.0
traj_sweep_013,routing,0.000886222,0.000886222,1076.77,1278.42,698.782,698.782,625.0,8.0,625.0,4.32,0.051,32.0,0.648962,0.648962,649.0,23.0,23.0,4048.0,4048.0,79852.0,1.0,22.0,4.0,0.00014054,0.00159225,0.00011487,0.00269504,1.284e-05,3.4e-07,1.738e-05,1.21e-06,3.03e-05,256.0,6301.0,0.00139508,1.63324e-05,0.0012444,0.00265582,639.0,3140.53,0.728876,0.611443,3.0,2272210000.0,2272210000.0,0.113273,-0.00124065,-0.00089051,64.8962,46.0,23.0,15.0,0.0,647.0,3303.0,3303.0,3517.0,3535.0,3517.0,3513.0,3517.0,0.45,1.0,48.0,50.0,0.2,100.0
traj_sweep_014,routing,0.00295478,0.00295478,1076.77,1278.42,675.64,675.64,610.0,0.0,610.0,0.0,0.0,0.0,0.62747,0.62747,634.0,23.0,23.0,4048.0,4048.0,0.0,0.0,22.0,4.0,0.00211982,0.0120026,0.00129907,0.0161215,0.000148811,6.3e-07,0.00018658,1.796e-05,0.00025968,3118.0,5976.0,0.00116993,1.54808e-05,0.00104665,0.00223206,632.0,2972.28,0.776034,0.605916,0.0,2191750000.0,2191750000.0,0.112866,0.0,0.0397594,62.747,78.0,14.0,15.0,0.0,632.0,3248.0,3248.0,3397.0,3457.0,3408.0,3400.0,3397.0,0.52,1.0,48.0,50.0,0.2,100.0
traj_sweep_015,routing,0.00173515,0.00173515,1076.77,1278.42,975.688,975.688,735.0,7.0,735.0,10.68,0.8515,625.95,0.906126,0.906126,759.0,23.0,23.0,4048.0,4048.0,1261460.0,15.0,23.0,5.0,0.00082084,0.0106313,0.00053626,0.00316152,0.00013207,2.2e-07,0.00014615,6.22e-06,0.0001641,2454.0,9025.0,0.00507171,2.68177e-05,0.00433406,0.00943258,752.0,4803.49,0.612556,0.679212,53.0,2333250000.0,2333250000.0,0.0775945,-11.2222,-0.248587,90.6126,102.0,84.0,33.0,0.0,757.0,4095.0,4095.0,5155.0,5226.0,5173.0,5159.0,5155.0,0.18,1.0,52.0,50.0,0.2,100.0
traj_sweep_016,routing,0.00156823,0.00156823,1076.77,1278.42,979.412,979.412,734.0,10.0,734.0,11.82,0.6415,471.13,0.909585,0.909585,760.0,23.0,23.0,4048.0,4048.0,1014430.0,13.0,23.0,5.0,0.00108049,0.0106808,0.00070224,0.00271247,0.00013906,9.4e-07,0.00014658,7.2e-06,0.00018617,1882.0,8373.0,0.00410186,2.6933e-05,0.00356933,0.00769813,748.0,4492.85,0.590424,0.668557,53.0,2344860000.0,2344860000.0,0.0849199,-9.16002,-0.206465,90.9585,85.0,47.0,20.0,0.0,758.0,3997.0,3997.0,4816.0,4866.0,4822.0,4813.0,4816.0,0.22,1.0,52.0,50.0,0.2,100.0
traj_sweep_017,routing,0.00152189,0.00152189,1076.77,1278.42,941.108,941.108,734.0,5.0,734.0,9.16,0.7015,515.17,0.874012,0.874012,758.0,23.0,23.0,4048.0,4048.0,1298300.0,17.0,23.0,5.0,0.000703979,0.00728033,0.000642199,0.00276146,8.698e-05,2.5e-07,0.000139049,4.44e-06,0.00010695,1659.0,8324.0,0.00313426,2.51706e-05,0.00271389,0.00587331,752.0,4425.71,0.576635,0.66192,49.0,2359110000.0,2359110000.0,0.098068,-6.22271,-0.143888,87.4012,76.0,32.0,28.0,7.0,756.0,3970.0,3970.0,4745.0,4801.0,4760.0,4737.0,4742.0,0.28,1.0,52.0,50.0,0.2,100.0
traj_sweep_018,routing,0.00218637,0.00218637,1076.77,1278.42,891.632,891.632,708.0,4.0,708.0,7.69,0.4085,289.29,0.828063,0.828063,732.0,23.0,23.0,4048.0,4048.0,727273.0,11.0,23.0,5.0,0.000441449,0.00624401,0.000298991,0.00270287,5.0209e-05,3.3e-07,6.514e-05,3.42e-06,7.592e-05,1308.0,7666.0,0.00254061,2.32569e-05,0.0022425,0.00480636,726.0,3747.3,0.639941,0.692389,49.0,2351710000.0,2351710000.0,0.101394,-4.22504,-0.105223,82.8063,69.0,33.0,29.0,0.0,730.0,3749.0,3749.0,4063.0,4115.0,4071.0,4071.0,4063.0,0.32,1.0,52.0,50.0,0.2,100.0
traj_sweep_019,routing,0.0017273,0.0017273,1076.77,1278.42,923.02,923.02,708.0,6.0,708.0,7.74,0.4455,315.49,0.857213,0.857213,733.0,23.0,23.0,4048.0,4048.0,794062.0,11.0,23.0,5.0,0.00042931,0.00483164,0.000330371,0.00283155,4.527e-05,3e-07,6.868e-05,3.53e-06,7.391e-05,1242.0,7618.0,0.00223122,2.45202e-05,0.00199638,0.00425212,725.0,3934.15,0.639941,0.692393,47.0,2311990000.0,2311990000.0,0.114981,-1.94565,-0.0525272,85.7213,73.0,10.0,6.0,0.0,731.0,3755.0,3755.0,4256.0,4302.0,4255.0,4257.0,4256.0,0.38,1.0,52.0,50.0,0.2,100.0
traj_sweep_020,routing,0.000886222,0.000886222,1076.77,1278.42,698.782,698.782,625.0,8.0,625.0,4.32,0.051,32.0,0.648962,0.648962,649.0,23.0,23.0,4048.0,4048.0,79852.0,1.0,22.0,4.0,0.00011467,0.00115107,0.00010447,0.00269719,1.147e-05,3.1e-07,1.455e-05,1.28e-06,2.351e-05,256.0,6301.0,0.00139508,1.63324e-05,0.0012444,0.00265582,639.0,3140.53,0.728876,0.611443,3.0,2272210000.0,2272210000.0,0.113273,-0.00124065,-0.00089051,64.8962,46.0,23.0,15.0,0.0,647.0,3303.0,3303.0,3517.0,3535.0,3517.0,3513.0,3517.0,0.45,1.0,52.0,50.0,0.2,100.0
traj_sweep_021,routing,0.00295478,0.00295478,1076.77,1278.42,675.64,675.64,610.0,0.0,610.0,0.0,0.0,0.0,0.62747,0.62747,634.0,23.0,23.0,4048.0,4048.0,0.0,0.0,22.0,4.0,0.00137011,0.00915065,0.00094208,0.0109939,9.864e-05,4.1e-07,0.00016355,8e-06,0.00017345,3118.0,5976.0,0.00116993,1.54808e-05,0.00104665,0.00223206,632.0,2972.28,0.776034,0.605916,0.0,2191750000.0,2191750000.0,0.112866,0.0,0.0397594,62.747,78.0,14.0,15.0,0.0,632.0,3248.0,3248.0,3397.0,3457.0,3408.0,3400.0,3397.0,0.52,1.0,52.0,50.0,0.2,100.0
traj_sweep_022,routing,0.00173515,0.00173515,1076.77,1278.42,975.688,975.688,735.0,7.0,735.0,10.68,0.8515,625.95,0.906126,0.906126,759.0,23.0,23.0,4048.0,4048.0,1261460.0,15.0,23.0,5.0,0.0008061,0.010998,0.000565611,0.00271218,0.000103291,4.4e-07,0.00013914,6.231e-06,0.000146389,2454.0,9025.0,0.00507171,2.68177e-05,0.00433406,0.00943258,752.0,4803.49,0.612556,0.679212,53.0,2333250000.0,2333250000.0,0.0775945,-11.2222,-0.248587,90.6126,102.0,84.0,33.0,0.0,757.0,4095.0,4095.0,5155.0,5226.0,5173.0,5159.0,5155.0,0.18,1.0,58.0,50.0,0.2,100.0
traj_sweep_023,routing,0.00156823,0.00156823,1076.77,1278.42,979.412,979.412,734.0,10.0,734.0,11.82,0.6415,471.13,0.909585,0.909585,760.0,23.0,23.0,4048.0,4048.0,1014430.0,13.0,23.0,5.0,0.00113892,0.0103629,0.0004522,0.00272264,0.00023254,6.4e-07,0.00011325,1.296e-05,0.00031079,1882.0,8373.0,0.00410186,2.6933e-05,0.00356933,0.00769813,748.0,4492.85,0.590424,0.668557,53.0,2344860000.0,2344860000.0,0.0849199,-9.16002,-0.206465,90.9585,85.0,47.0,20.0,0.0,758.0,3997.0,3997.0,4816.0,4866.0,4822.0,4813.0,4816.0,0.22,1.0,58.0,50.0,0.2,100.0
traj_sweep_024,routing,0.00152189,0.00152189,1076.77,1278.42,941.108,941.108,734.0,5.0,734.0,9.16,0.7015,515.17,0.874012,0.874012,758.0,23.0,23.0,4048.0,4048.0,1298300.0,17.0,23.0,5.0,0.000620709,0.00733794,0.000379669,0.002826,7.7809e-05,2.2e-07,9.0051e-05,4.511e-06,0.000104489,1659.0,8324.0,0.00313426,2.51706e-05,0.00271389,0.00587331,752.0,4425.71,0.576635,0.66192,49.0,2359110000.0,2359110000.0,0.098068,-6.22271,-0.143888,87.4012,76.0,32.0,28.0,7.0,756.0,3970.0,3970.0,4745.0,4801.0,4760.0,4737.0,4742.0,0.28,1.0,58.0,50.0,0.2,100.0
traj_sweep_025,routing,0.00218637,0.00218637,1076.77,1278.42,891.632,891.632,708.0,4.0,708.0,7.69,0.4085,289.29,0.828063,0.828063,732.0,23.0,23.0,4048.0,4048.0,727273.0,11.0,23.0,5.0,0.00043689,0.00808456,0.00029256,0.0033322,4.616e-05,4.2e-07,6.081e-05,3.57e-06,7.345e-05,1308.0,7666.0,0.00254061,2.32569e-05,0.0022425,0.00480636,726.0,3747.3,0.639941,0.692389,49.0,2351710000.0,2351710000.0,0.101394,-4.22504,-0.105223,82.8063,69.0,33.0,29.0,0.0,730.0,3749.0,3749.0,4063.0,4115.0,4071.0,4071.0,4063.0,0.32,1.0,58.0,50.0,0.2,100.0
traj_sweep_026,routing,0.0017273,0.0017273,1076.77,1278.42,923.02,923.02,708.0,6.0,708.0,7.74,0.4455,315.49,0.857213,0.857213,733.0,23.0,23.0,4048.0,4048.0,794062.0,11.0,23.0,5.0,0.000715729,0.00776905,0.00050506,0.00290385,8.4609e-05,5.4e-07,0.00011039,4.889e-06,0.000128229,1242.0,7618.0,0.00223122,2.45202e-05,0.00199638,0.00425212,725.0,3934.15,0.639941,0.692393,47.0,2311990000.0,2311990000.0,0.114981,-1.94565,-0.0525272,85.7213,73.0,10.0,6.0,0.0,731.0,3755.0,3755.0,4256.0,4302.0,4255.0,4257.0,4256.0,0.38,1.0,58.0,50.0,0.2,100.0
traj_sweep_027,routing,0.000886222,0.000886222,1076.77,1278.42,698.782,698.782,625.0,8.0,625.0,4.32,0.051,32.0,0.648962,0.648962,649.0,23.0,23.0,4048.0,4048.0,79852.0,1.0,22.0,4.0,0.000144449,0.00124941,0.000122631,0.002903,1.2529e-05,3.49e-07,1.8989e-05,1.26e-06,2.4631e-05,256.0,6301.0,0.00139508,1.63324e-05,0.0012444,0.00265582,639.0,3140.53,0.728876,0.611443,3.0,2272210000.0,2272210000.0,0.113273,-0.00124065,-0.00089051,64.8962,46.0,23.0,15.0,0.0,647.0,3303.0,3303.0,3517.0,3535.0,3517.0,3513.0,3517.0,0.45,1.0,58.0,50.0,0.2,100.0
traj_sweep_028,routing,0.00295478,0.00295478,1076.77,1278.42,675.64,675.64,610.0,0.0,610.0,0.0,0.0,0.0,0.62747,0.62747,634.0,23.0,23.0,4048.0,4048.0,0.0,0.0,22.0,4.0,0.00203073,0.0131743,0.0012447,0.0131588,0.00014211,7.4e-07,0.00019231,1.08e-05,0.00025355,3118.0,5976.0,0.00116993,1.54808e-05,0.00104665,0.00223206,632.0,2972.28,0.776034,0.605916,0.0,2191750000.0,2191750000.0,0.112866,0.0,0.0397594,62.747,78.0,14.0,15.0,0.0,632.0,3248.0,3248.0,3397.0,3457.0,3408.0,3400.0,3397.0,0.52,1.0,58.0,50.0,0.2,100.0
traj_sweep_029,routing,0.00173515,0.00173515,1076.77,1278.42,975.688,975.688,735.0,7.0,735.0,10.68,0.8515,625.95,0.906126,0.906126,759.0,23.0,23.0,4048.0,4048.0,1261460.0,15.0,23.0,5.0,0.00129892,0.0146058,0.000915189,0.00288009,0.00015176,4.8e-07,0.000203371,1.118e-05,0.000225231,2454.0,9025.0,0.00507171,2.68177e-05,0.00433406,0.00943258,752.0,4803.49,0.612556,0.679212,53.0,2333250000.0,2333250000.0,0.0775945,-11.2222,-0.248587,90.6126,102.0,84.0,33.0,0.0,757.0,4095.0,4095.0,5155.0,5226.0,5173.0,5159.0,5155.0,0.18,1.0,64.0,50.0,0.2,100.0
traj_sweep_030,routing,0.00156823,0.00156823,1076.77,1278.42,979.412,979.412,734.0,10.0,734.0,11.82,0.6415,471.13,0.909585,0.909585,760.0,23.0,23.0,4048.0,4048.0,1014430.0,13.0,23.0,5.0,0.00108845,0.0118615,0.00072912,0.00272701,0.00013755,4.1e-07,0.00014187,7.31e-06,0.00018671,1882.0,8373.0,0.00410186,2.6933e-05,0.00356933,0.00769813,748.0,4492.85,0.590424,0.668557,53.0,2344860000.0,2344860000.0,0.0849199,-9.16002,-0.206465,90.9585,85.0,47.0,20.0,0.0,758.0,3997.0,3997.0,4816.0,4866.0,4822.0,4813.0,4816.0,0.22,1.0,64.0,50.0,0.2,100.0
traj_sweep_031,routing,0.00152189,0.00152189,1076.77,1278.42,941.108,941.108,734.0,5.0,734.0,9.16,0.7015,515.17,0.874012,0.874012,758.0,23.0,23.0,4048.0,4048.0,1298300.0,17.0,23.0,5.0,0.00087693,0.00998746,0.00062044,0.00280947,0.0001179,4.9e-07,0.000129591,6.17e-06,0.00014749,1659.0,8324.0,0.00313426,2.51706e-05,0.00271389,0.00587331,752.0,4425.71,0.576635,0.66192,49.0,2359110000.0,2359110000.0,0.098068,-6.22271,-0.143888,87.4012,76.0,32.0,28.0,7.0,756.0,3970.0,3970.0,4745.0,4801.0,4760.0,4737.0,4742.0,0.28,1.0,64.0,50.0,0.2,100.0
traj_sweep_032,routing,0.00218637,0.00218637,1076.77,1278.42,891.632,891.632,708.0,4.0,708.0,7.69,0.4085,289.29,0.828063,0.828063,732.0,23.0,23.0,4048.0,4048.0,727273.0,11.0,23.0,5.0,0.00052126,0.00562821,0.00029996,0.0029447,6.0171e-05,3.6e-07,6.6191e-05,3.66e-06,8.2191e-05,1308.0,7666.0,0.00254061,2.32569e-05,0.0022425,0.00480636,726.0,3747.3,0.639941,0.692389,49.0,2351710000.0,2351710000.0,0.101394,-4.22504,-0.105223,82.8063,69.0,33.0,29.0,0.0,730.0,3749.0,3749.0,4063.0,4115.0,4071.0,4071.0,4063.0,0.32,1.0,64.0,50.0,0.2,100.0
traj_sweep_033,routing,0.0017273,0.0017273,1076.77,1278.42,923.02,923.02,708.0,6.0,708.0,7.74,0.4455,315.49,0.857213,0.857213,733.0,23.0,23.0,4048.0,4048.0,794062.0,11.0,23.0,5.0,0.00049339,0.00507197,0.00040714,0.00290955,5.39e-05,2.3e-07,7.56e-05,4.09e-06,8.627e-05,1242.0,7618.0,0.00223122,2.45202e-05,0.00199638,0.00425212,725.0,3934.15,0.639941,0.692393,47.0,2311990000.0,2311990000.0,0.114981,-1.94565,-0.0525272,85.7213,73.0,10.0,6.0,0.0,731.0,3755.0,3755.0,4256.0,4302.0,4255.0,4257.0,4256.0,0.38,1.0,64.0,50.0,0.2,100.0
traj_sweep_034,routing,0.000886222,0.000886222,1076.77,1278.42,698.782,698.782,625.0,8.0,625.0,4.32,0.051,32.0,0.648962,0.648962,649.0,23.0,23.0,4048.0,4048.0,79852.0,1.0,22.0,4.0,0.00018139,0.00125676,0.00026158,0.00299999,1.316e-05,3.4e-07,4.087e-05,9.3e-07,2.141e-05,256.0,6301.0,0.00139508,1.63324e-05,0.0012444,0.00265582,639.0,3140.53,0.728876,0.611443,3.0,2272210000.0,2272210000.0,0.113273,-0.00124065,-0.00089051,64.8962,46.0,23.0,15.0,0.0,647.0,3303.0,3303.0,3517.0,3535.0,3517.0,3513.0,3517.0,0.45,1.0,64.0,50.0,0.2,100.0
traj_sweep_035,routing,0.00295478,0.00295478,1076.77,1278.42,675.64,675.64,610.0,0.0,610.0,0.0,0.0,0.0,0.62747,0.62747,634.0,23.0,23.0,4048.0,4048.0,0.0,0.0,22.0,4.0,0.00144389,0.0088204,0.000991699,0.014495,0.00011058,4.9e-07,0.0001467,8.76e-06,0.00019332,3118.0,5976.0,0.00116993,1.54808e-05,0.00104665,0.00223206,632.0,2972.28,0.776034,0.605916,0.0,2191750000.0,2191750000.0,0.112866,0.0,0.0397594,62.747,78.0,14.0,15.0,0.0,632.0,3248.0,3248.0,3397.0,3457.0,3408.0,3400.0,3397.0,0.52,1.0,64.0,50.0,0.2,100.0
traj_sweep_036,routing,0.00173515,0.00173515,1076.77,1278.42,975.688,975.688,735.0,7.0,735.0,10.68,0.8515,625.95,0.906126,0.906126,759.0,23.0,23.0,4048.0,4048.0,1261460.0,15.0,23.0,5.0,0.00142014,0.0149884,0.00092889,0.0029115,0.00018108,5.5e-07,0.00021865,8.71e-06,0.00024098,2454.0,9025.0,0.00507171,2.68177e-05,0.00433406,0.00943258,752.0,4803.49,0.612556,0.679212,53.0,2333250000.0,2333250000.0,0.0775945,-11.2222,-0.248587,90.6126,102.0,84.0,33.0,0.0,757.0,4095.0,4095.0,5155.0,5226.0,5173.0,5159.0,5155.0,0.18,1.0,70.0,50.0,0.2,100.0
traj_sweep_037,routing,0.00156823,0.00156823,1076.77,1278.42,979.412,979.412,734.0,10.0,734.0,11.82,0.6415,471.13,0.909585,0.909585,760.0,23.0,23.0,4048.0,4048.0,1014430.0,13.0,23.0,5.0,0.00102838,0.009925,0.000716599,0.00291592,0.00012826,6.3e-07,0.00013718,7.1e-06,0.00017772,1882.0,8373.0,0.00410186,2.6933e-05,0.00356933,0.00769813,748.0,4492.85,0.590424,0.668557,53.0,2344860000.0,2344860000.0,0.0849199,-9.16002,-0.206465,90.9585,85.0,47.0,20.0,0.0,758.0,3997.0,3997.0,4816.0,4866.0,4822.0,4813.0,4816.0,0.22,1.0,70.0,50.0,0.2,100.0
traj_sweep_038,routing,0.00152189,0.00152189,1076.77,1278.42,941.108,941.108,734.0,5.0,734.0,9.16,0.7015,515.17,0.874012,0.874012,758.0,23.0,23.0,4048.0,4048.0,1298300.0,17.0,23.0,5.0,0.00090674,0.00996067,0.00063107,0.00260365,0.00010803,9.2e-07,0.00012908,6.03e-06,0.00014742,1659.0,8324.0,0.00313426,2.51706e-05,0.00271389,0.00587331,752.0,4425.71,0.576635,0.66192,49.0,2359110000.0,2359110000.0,0.098068,-6.22271,-0.143888,87.4012,76.0,32.0,28.0,7.0,756.0,3970.0,3970.0,4745.0,4801.0,4760.0,4737.0,4742.0,0.28,1.0,70.0,50.0,0.2,100.0
traj_sweep_039,routing,0.00218637,0.00218637,1076.77,1278.42,891.632,891.632,708.0,4.0,708.0,7.69,0.4085,289.29,0.828063,0.828063,732.0,23.0,23.0,4048.0,4048.0,727273.0,11.0,23.0,5.0,0.00072733,0.00571512,0.00042696,0.00277179,8.053e-05,7.3e-07,7.816e-05,5.45e-06,0.00011094,1308.0,7666.0,0.00254061,2.32569e-05,0.0022425,0.00480636,726.0,3747.3,0.639941,0.692389,49.0,2351710000.0,2351710000.0,0.101394,-4.22504,-0.105223,82.8063,69.0,33.0,29.0,0.0,730.0,3749.0,3749.0,4063.0,4115.0,4071.0,4071.0,4063.0,0.32,1.0,70.0,50.0,0.2,100.0
traj_sweep_040,routing,0.0017273,0.0017273,1076.77,1278.42,923.02,923.02,708.0,6.0,708.0,7.74,0.4455,315.49,0.857213,0.857213,733.0,23.0,23.0,4048.0,4048.0,794062.0,11.0,23.0,5.0,0.00066427,0.00649688,0.00047743,0.00231235,6.899e-05,6.7e-07,8.215e-05,4.59e-06,0.00010911,1242.0,7618.0,0.00223122,2.45202e-05,0.00199638,0.00425212,725.0,3934.15,0.639941,0.692393,47.0,2311990000.0,2311990000.0,0.114981,-1.94565,-0.0525272,85.7213,73.0,10.0,6.0,0.0,731.0,3755.0,3755.0,4256.0,4302.0,4255.0,4257.0,4256.0,0.38,1.0,70.0,50.0,0.2,100.0
traj_sweep_041,routing,0.000886222,0.000886222,1076.77,1278.42,698.782,698.782,625.0,8.0,625.0,4.32,0.051,32.0,0.648962,0.648962,649.0,23.0,23.0,4048.0,4048.0,79852.0,1.0,22.0,4.0,0.00011621,0.00104413,0.00010125,0.00271797,1.556e-05,3.3e-07,1.393e-05,1.22e-06,2.023e-05,256.0,6301.0,0.00139508,1.63324e-05,0.0012444,0.00265582,639.0,3140.53,0.728876,0.611443,3.0,2272210000.0,2272210000.0,0.113273,-0.00124065,-0.00089051,64.8962,46.0,23.0,15.0,0.0,647.0,3303.0,3303.0,3517.0,3535.0,3517.0,3513.0,3517.0,0.45,1.0,70.0,50.0,0.2,100.0
traj_sweep_042,routing,0.00295478,0.00295478,1076.77,1278.42,675.64,675.64,610.0,0.0,610.0,0.0,0.0,0.0,0.62747,0.62747,634.0,23.0,23.0,4048.0,4048.0,0.0,0.0,22.0,4.0,0.00133269,0.00937914,0.00078988,0.0101233,9.627e-05,7.4e-07,0.00013924,7.99e-06,0.00017117,3118.0,5976.0,0.00116993,1.54808e-05,0.00104665,0.00223206,632.0,2972.28,0.776034,0.605916,0.0,2191750000.0,2191750000.0,0.112866,0.0,0.0397594,62.747,78.0,14.0,15.0,0.0,632.0,3248.0,3248.0,3397.0,3457.0,3408.0,3400.0,3397.0,0.52,1.0,70.0,50.0,0.2,100.0
traj_sweep_043,routing,0.00118287,0.00118287,1085.28,1280.01,930.734,930.734,724.0,7.0,724.0,8.45,0.5335,386.52,0.857598,0.857598,754.0,20.0,20.0,4080.0,4080.0,798622.0,11.0,23.0,5.0,0.00064286,0.00693081,0.00045394,0.00263899,6.424e-05,3.4e-07,8.811e-05,5.23e-06,0.00010875,1662.0,7740.0,0.00347763,2.49155e-05,0.00296158,0.00646413,746.0,4084.1,0.645474,0.695045,51.0,2376240000.0,2376240000.0,0.0907622,-7.52795,-0.170833,85.7598,70.0,34.0,35.0,0.0,752.0,3805.0,3805.0,4367.0,4394.0,4366.0,4368.0,4367.0,0.25,0.75,50.0,50.0,0.2,100.0
traj_sweep_044,routing,0.00118287,0.00118287,1085.28,1280.01,930.734,930.734,724.0,7.0,724.0,8.45,0.5335,386.52,0.857598,0.857598,754.0,20.0,20.0,4080.0,4080.0,798622.0,11.0,23.0,5.0,0.000899329,0.0085979,0.0006536,0.00236226,8.5169e-05,4e-07,0.0001055,5.891e-06,0.000136,1662.0,7740.0,0.00347763,2.49155e-05,0.00296158,0.00646413,746.0,4084.1,0.645474,0.695045,51.0,2376240000.0,2376240000.0,0.0907622,-7.52795,-0.170833,85.7598,70.0,34.0,35.0,0.0,752.0,3805.0,3805.0,4367.0,4394.0,4366.0,4368.0,4367.0,0.25,0.75,60.0,50.0,0.2,100.0
traj_sweep_045,routing,0.00194807,0.00194807,1066.93,1278.93,919.03,919.03,725.0,7.0,725.0,6.6,0.094,68.47,0.861381,0.861381,753.0,21.0,21.0,4011.0,4011.0,141713.0,2.0,23.0,5.0,0.00027666,0.00243957,0.00021553,0.0028828,2.757e-05,3.8e-07,3.453e-05,2.24e-06,4.327e-05,478.0,7478.0,0.00335638,2.43334e-05,0.0028567,0.00623742,746.0,3820.91,0.696296,0.719583,52.0,2380180000.0,2380180000.0,0.0908296,-7.53805,-0.170136,86.1381,60.0,9.0,14.0,0.0,751.0,3731.0,3731.0,4092.0,4115.0,4078.0,4088.0,4092.0,0.25,0.85,55.0,50.0,0.2,100.0
traj_sweep_046,routing,0.00189451,0.00189451,1090.6,1278.74,994.042,994.042,744.0,9.0,744.0,9.59,0.7145,531.87,0.911463,0.911463,764.0,25.0,25.0,4100.0,4100.0,1154980.0,13.0,23.0,5.0,0.00092298,0.0106329,0.00056572,0.00272097,9.329e-05,5.8e-07,0.00013957,1.269e-05,0.00014777,2164.0,9390.0,0.00374095,2.74548e-05,0.00328747,0.00705588,755.0,5133.25,0.388542,0.57132,52.0,2342650000.0,2342650000.0,0.0899231,-7.73108,-0.176867,91.1463,90.0,34.0,22.0,0.0,762.0,4275.0,4275.0,5525.0,5582.0,5535.0,5516.0,5525.0,0.25,1.15,50.0,50.0,0.2,100.0
traj_sweep_047,routing,0.00189451,0.00189451,1090.6,1278.74,994.042,994.042,744.0,9.0,744.0,9.59,0.7145,531.87,0.911463,0.911463,764.0,25.0,25.0,4100.0,4100.0,1154980.0,13.0,23.0,5.0,0.00122793,0.0129484,0.00080274,0.00309864,0.00014522,4.9e-07,0.00018012,1.492e-05,0.00021349,2164.0,9390.0,0.00374095,2.74548e-05,0.00328747,0.00705588,755.0,5133.25,0.388542,0.57132,52.0,2342650000.0,2342650000.0,0.0899231,-7.73108,-0.176867,91.1463,90.0,34.0,22.0,0.0,762.0,4275.0,4275.0,5525.0,5582.0,5535.0,5516.0,5525.0,0.25,1.15,60.0,50.0,0.2,100.0
traj_sweep_048,routing,0.00156647,0.00156647,1113.21,1279.53,927.808,927.808,735.0,4.0,735.0,6.6,0.2175,159.91,0.833453,0.833453,751.0,27.0,27.0,4185.0,4185.0,381257.0,5.0,23.0,5.0,0.00069772,0.00390046,0.00046244,0.00313059,6.467e-05,7.1e-07,8.976e-05,2.91e-06,6.434e-05,864.0,7729.0,0.00347249,2.46912e-05,0.00296505,0.00646223,745.0,4034.74,0.516951,0.633174,53.0,2369060000.0,2369060000.0,0.0857691,-7.64124,-0.172109,83.3453,61.0,21.0,27.0,0.0,749.0,3824.0,3824.0,4321.0,4359.0,4309.0,4320.0,4321.0,0.25,1.3,55.0,50.0,0.2,100.0
traj_sweep_049,routing,0.00156647,0.00156647,1113.21,1279.53,927.808,927.808,735.0,4.0,735.0,6.6,0.2175,159.91,0.833453,0.833453,751.0,27.0,27.0,4185.0,4185.0,381257.0,5.0,23.0,5.0,0.00059882,0.00384618,0.00034735,0.00276304,5.683e-05,3.71e-07,6.994e-05,3.19e-06,7.729e-05,864.0,7729.0,0.00347249,2.46912e-05,0.00296505,0.00646223,745.0,4034.74,0.516951,0.633174,53.0,2369060000.0,2369060000.0,0.0857691,-7.64124,-0.172109,83.3453,61.0,21.0,27.0,0.0,749.0,3824.0,3824.0,4321.0,4359.0,4309.0,4320.0,4321.0,0.25,1.3,65.0,50.0,0.2,100.0
traj_sweep_050,routing,0.00158844,0.00158844,1076.77,1278.42,929.936,929.936,727.0,3.0,727.0,5.08,0.157,114.19,0.863636,0.863636,752.0,23.0,23.0,4048.0,4048.0,250496.0,3.0,23.0,5.0,0.00043644,0.00284847,0.00023943,0.0027945,3.639e-05,4e-07,4.626e-05,2.8e-06,5.468e-05,608.0,7583.0,0.00343334,2.49652e-05,0.00290912,0.00636742,747.0,3909.28,0.660679,0.702344,51.0,2394500000.0,2394500000.0,0.0905506,-7.48525,-0.167624,86.3636,62.0,26.0,16.0,0.0,750.0,3771.0,3771.0,4244.0,4279.0,4253.0,4241.0,4244.0,0.25,1.0,55.0,30.0,0.08,100.0
traj_sweep_051,routing,0.00068965,0.00068965,1076.77,1278.42,894.558,894.558,722.0,6.0,722.0,6.93,0.108,78.24,0.830781,0.830781,746.0,23.0,23.0,4048.0,4048.0,153879.0,2.0,23.0,5.0,0.00018548,0.00218922,0.00013816,0.00259216,1.555e-05,1.1e-06,2.511e-05,1.42e-06,2.979e-05,370.0,7110.0,0.00329355,2.36002e-05,0.00278191,0.00609906,738.0,3554.45,0.67939,0.711398,52.0,2380630000.0,2380630000.0,0.087693,-7.4015,-0.170058,83.0781,46.0,2.0,2.0,0.0,744.0,3629.0,3629.0,3854.0,3876.0,3855.0,3854.0,3854.0,0.25,1.0,55.0,40.0,0.12,100.0
traj_sweep_052,routing,0.00165459,0.00165459,1076.77,1278.42,909.72,909.72,730.0,3.0,730.0,9.54,0.25,182.8,0.844862,0.844862,754.0,23.0,23.0,4048.0,4048.0,427773.0,6.0,23.0,5.0,0.00029733,0.00373793,0.00022364,0.00310855,3.305e-05,3.2e-07,4.386e-05,3.1e-06,5.745e-05,818.0,7469.0,0.00340369,2.40473e-05,0.00286641,0.00629415,749.0,3787.99,0.609266,0.677632,51.0,2374190000.0,2374190000.0,0.0865852,-7.43676,-0.171196,84.4862,69.0,43.0,14.0,0.0,752.0,3734.0,3734.0,4067.0,4115.0,4057.0,4065.0,4067.0,0.25,1.0,55.0,50.0,0.18,100.0
traj_sweep_053,routing,0.00158543,0.00158543,1076.77,1278.42,933.128,933.128,732.0,4.0,732.0,9.35,0.287,210.29,0.866601,0.866601,756.0,23.0,23.0,4048.0,4048.0,500987.0,6.0,23.0,5.0,0.00035229,0.00409608,0.000263,0.00273408,4.099e-05,3.09e-07,5.632e-05,3.47e-06,6.879e-05,977.0,8065.0,0.00342701,2.48562e-05,0.00294415,0.00639601,749.0,4125.46,0.762514,0.75164,51.0,2327080000.0,2327080000.0,0.0923613,-7.71511,-0.179723,86.6601,70.0,45.0,31.0,0.0,754.0,3905.0,3905.0,4436.0,4496.0,4448.0,4435.0,4436.0,0.25,1.0,55.0,60.0,0.24,100.0
traj_sweep_054,routing,0.00114539,0.00114539,1076.77,1278.42,956.27,956.27,728.0,7.0,728.0,10.68,0.7795,567.51,0.888093,0.888093,752.0,23.0,23.0,4048.0,4048.0,1450160.0,19.0,23.0,5.0,0.00099517,0.0103946,0.00069018,0.00288078,0.00012623,4.31e-07,0.0001633,1.237e-05,0.00017922,2219.0,8490.0,0.00350858,2.55159e-05,0.00314564,0.00667974,745.0,4493.2,0.291399,0.524542,53.0,2331630000.0,2331630000.0,0.0897667,-7.76837,-0.178885,88.8093,96.0,66.0,37.0,0.0,750.0,4003.0,4003.0,4810.0,4896.0,4834.0,4815.0,4810.0,0.25,1.0,55.0,80.0,0.28,100.0
traj_sweep_055,routing,0.000975269,0.000975269,1076.77,1278.42,977.018,977.018,728.0,6.0,728.0,10.87,1.123,817.77,0.907362,0.907362,752.0,23.0,23.0,4048.0,4048.0,1792160.0,23.0,23.0,5.0,0.00097374,0.0109463,0.00065297,0.00268142,0.00012981,3e-07,0.0001613,7.61e-06,0.00017823,2867.0,9325.0,0.00365275,2.65352e-05,0.00327565,0.00695494,747.0,4869.64,0.651484,0.697921,52.0,2319080000.0,2319080000.0,0.0929499,-7.79517,-0.181206,90.7362,101.0,46.0,36.0,0.0,750.0,4134.0,4134.0,5187.0,5258.0,5194.0,5190.0,5187.0,0.25,1.0,55.0,100.0,0.32,100.0
traj_sweep_056,routing,0.00115712,0.00115712,1076.77,1278.42,973.826,973.826,741.0,5.0,741.0,14.24,0.559,414.26,0.904397,0.904397,765.0,23.0,23.0,4048.0,4048.0,917865.0,10.0,23.0,5.0,0.0005483,0.00850781,0.0003711,0.00223764,6.476e-05,2.4e-07,9.633e-05,4.5e-06,0.00010276,1730.0,9305.0,0.0056753,2.68643e-05,0.00477092,0.0104731,761.0,4953.33,0.504611,0.627221,53.0,2332750000.0,2332750000.0,0.0735264,-12.4429,-0.268679,90.4397,94.0,43.0,39.0,0.0,763.0,4214.0,4214.0,5284.0,5377.0,5285.0,5293.0,5284.0,0.14,1.0,35.0,50.0,0.2,100.0
traj_sweep_057,routing,0.000852436,0.000852436,1076.77,1278.42,961.058,961.058,741.0,10.0,741.0,9.92,0.4865,360.77,0.89254,0.89254,765.0,23.0,23.0,4048.0,4048.0,676349.0,8.0,23.0,5.0,0.00077012,0.00827987,0.00056062,0.00255981,9.289e-05,5.3e-07,0.00012364,5.93e-06,0.00013527,1374.0,8652.0,0.00470255,2.62681e-05,0.00398,0.00870881,754.0,4534.97,0.60961,0.677793,53.0,2367440000.0,2367440000.0,0.0796665,-10.7028,-0.232397,89.254,91.0,36.0,36.0,0.0,763.0,4104.0,4104.0,4847.0,4897.0,4838.0,4845.0,4847.0,0.15,1.0,35.0,50.0,0.2,100.0
traj_sweep_058,routing,0.0012443,0.0012443,1076.77,1278.42,935.788,935.788,732.0,7.0,732.0,6.93,0.1795,131.56,0.869071,0.869071,756.0,23.0,23.0,4048.0,4048.0,319803.0,4.0,23.0,5.0,0.00034237,0.00358752,0.00024748,0.00263095,3.423e-05,3.71e-07,7.103e-05,2.41e-06,5.283e-05,626.0,8028.0,0.00412069,2.53578e-05,0.00348891,0.00763495,750.0,4017.8,0.636916,0.690928,53.0,2366210000.0,2366210000.0,0.0804023,-9.5411,-0.212617,86.9071,68.0,21.0,24.0,0.0,754.0,3828.0,3828.0,4305.0,4352.0,4304.0,4299.0,4305.0,0.16,1.0,35.0,50.0,0.2,100.0
traj_sweep_059,routing,0.000715372,0.000715372,1076.77,1278.42,941.906,941.906,727.0,5.0,727.0,6.6,0.245,178.28,0.874753,0.874753,751.0,23.0,23.0,4048.0,4048.0,349230.0,4.0,23.0,5.0,0.00053871,0.00446445,0.00030654,0.00242887,4.563e-05,3.8e-07,5.884e-05,3.23e-06,6.977e-05,1033.0,8094.0,0.00377468,2.54732e-05,0.00322089,0.00702104,746.0,4110.27,0.645434,0.695024,53.0,2369620000.0,2369620000.0,0.0865714,-8.45931,-0.192008,87.4753,71.0,21.0,24.0,0.0,749.0,3887.0,3887.0,4425.0,4453.0,4426.0,4425.0,4425.0,0.17,1.0,35.0,50.0,0.2,100.0
traj_sweep_060,routing,0.00092118,0.00092118,1076.77,1278.42,936.586,936.586,729.0,4.0,729.0,8.78,0.2295,167.47,0.869812,0.869812,753.0,23.0,23.0,4048.0,4048.0,433762.0,6.0,23.0,5.0,0.0003208,0.00343984,0.00019085,0.0025485,3.505e-05,2.3e-07,5.069e-05,2.15e-06,4.982e-05,790.0,8056.0,0.00333144,2.51694e-05,0.00286948,0.00622609,747.0,4116.88,0.640936,0.692862,50.0,2354540000.0,2354540000.0,0.0933272,-7.09569,-0.164711,86.9812,79.0,25.0,22.0,0.0,751.0,3875.0,3875.0,4426.0,4474.0,4429.0,4429.0,4426.0,0.18,1.0,35.0,50.0,0.2,100.0
traj_sweep_061,routing,0.00229208,0.00229208,1076.77,1278.42,932.596,932.596,721.0,1.0,721.0,11.25,0.3855,278.11,0.866107,0.866107,745.0,23.0,23.0,4048.0,4048.0,653754.0,9.0,23.0,5.0,0.00071575,0.00779148,0.00041679,0.00258765,7.604e-05,4.7e-07,9.963e-05,4.01e-06,0.00010806,1070.0,8105.0,0.00294121,2.4696e-05,0.00257142,0.00553733,742.0,4125.16,0.636359,0.69067,49.0,2352960000.0,2352960000.0,0.0982873,-5.82479,-0.138095,86.6107,69.0,22.0,12.0,0.0,743.0,3857.0,3857.0,4449.0,4480.0,4443.0,4448.0,4449.0,0.19,1.0,35.0,50.0,0.2,100.0
traj_sweep_062,routing,0.00157981,0.00157981,1076.77,1278.42,891.898,891.898,721.0,2.0,721.0,5.6,0.0245,17.9,0.82831,0.82831,745.0,23.0,23.0,4048.0,4048.0,52537.0,1.0,23.0,5.0,5.166e-05,0.00052942,4.626e-05,0.00248846,4.14e-06,3.8e-07,6.35e-06,5.9e-07,8.56e-06,115.0,7301.0,0.0026753,2.32567e-05,0.0022437,0.00494225,742.0,3636.19,0.635443,0.690227,49.0,2354790000.0,2354790000.0,0.102168,-4.73614,-0.114667,82.831,41.0,9.0,3.0,0.0,743.0,3686.0,3686.0,3903.0,3952.0,3907.0,3902.0,3903.0,0.2,1.0,35.0,50.0,0.2,100.0
traj_sweep_063,routing,0.00179003,0.00179003,1076.77,1278.42,875.672,875.672,707.0,6.0,707.0,8.83,0.2645,187.17,0.813241,0.813241,731.0,23.0,23.0,4048.0,4048.0,433147.0,6.0,23.0,5.0,0.00073089,0.00577228,0.00042884,0.00259048,7.968e-05,7e-07,9.675e-05,4.46e-06,0.00010637,1057.0,7467.0,0.00234558,2.26624e-05,0.00202633,0.00439457,722.0,3577.85,0.299718,0.528531,48.0,2370490000.0,2370490000.0,0.107632,-3.40311,-0.0872546,81.3241,57.0,18.0,5.0,0.0,729.0,3653.0,3653.0,3914.0,3978.0,3925.0,3914.0,3914.0,0.21,1.0,35.0,50.0,0.2,100.0
traj_sweep_064,routing,0.00156823,0.00156823,1076.77,1278.42,979.412,979.412,734.0,10.0,734.0,11.82,0.6415,471.13,0.909585,0.909585,760.0,23.0,23.0,4048.0,4048.0,1014430.0,13.0,23.0,5.0,0.0010706,0.00983582,0.00072111,0.00273758,0.00016157,6e-07,0.00013847,7.569e-06,0.000181859,1882.0,8373.0,0.00410186,2.6933e-05,0.00356933,0.00769813,748.0,4492.85,0.590424,0.668557,53.0,2344860000.0,2344860000.0,0.0849199,-9.16002,-0.206465,90.9585,85.0,47.0,20.0,0.0,758.0,3997.0,3997.0,4816.0,4866.0,4822.0,4813.0,4816.0,0.22,1.0,35.0,50.0,0.2,100.0
traj_sweep_065,routing,0.000715372,0.000715372,1076.77,1278.42,941.906,941.906,727.0,5.0,727.0,6.6,0.245,178.28,0.874753,0.874753,751.0,23.0,23.0,4048.0,4048.0,349230.0,4.0,23.0,5.0,0.00057261,0.00466339,0.00030396,0.00389974,5.166e-05,9.2e-07,5.912e-05,3.08e-06,7.208e-05,1033.0,8094.0,0.00377468,2.54732e-05,0.00322089,0.00702104,746.0,4110.27,0.645434,0.695024,53.0,2369620000.0,2369620000.0,0.0865714,-8.45931,-0.192008,87.4753,71.0,21.0,24.0,0.0,749.0,3887.0,3887.0,4425.0,4453.0,4426.0,4425.0,4425.0,0.23,1.0,35.0,50.0,0.2,100.0
traj_sweep_066,routing,0.00233705,0.00233705,1076.77,1278.42,929.67,929.67,733.0,8.0,733.0,9.54,0.328,240.47,0.863389,0.863389,757.0,23.0,23.0,4048.0,4048.0,504989.0,7.0,23.0,5.0,0.00062588,0.00631616,0.00047295,0.00273964,7.142e-05,3.7e-07,9.993e-05,4.54e-06,0.00010924,1094.0,7934.0,0.00360517,2.50852e-05,0.00307599,0.00670625,748.0,4012.67,0.62995,0.687564,53.0,2350820000.0,2350820000.0,0.0834689,-8.07402,-0.185383,86.3389,55.0,20.0,39.0,0.0,755.0,3828.0,3828.0,4343.0,4402.0,4375.0,4343.0,4343.0,0.24,1.0,35.0,50.0,0.2,100.0
traj_sweep_067,routing,0.0019167,0.0019167,1076.77,1278.42,947.758,947.758,737.0,9.0,737.0,8.45,0.303,223.55,0.880188,0.880188,761.0,23.0,23.0,4048.0,4048.0,489568.0,6.0,23.0,5.0,0.00063413,0.00536179,0.00040425,0.00256748,5.474e-05,1.03e-06,9.961e-05,4.79e-06,8.302e-05,1067.0,8056.0,0.00352804,2.55116e-05,0.00299274,0.0065463,752.0,4228.23,0.636359,0.69066,51.0,2386470000.0,2386470000.0,0.091965,-7.57673,-0.169029,88.0188,86.0,45.0,21.0,0.0,759.0,3895.0,3895.0,4527.0,4557.0,4507.0,4523.0,4527.0,0.25,1.0,35.0,50.0,0.2,100.0
traj_sweep_068,routing,0.00092118,0.00092118,1076.77,1278.42,936.586,936.586,729.0,4.0,729.0,8.78,0.2295,167.47,0.869812,0.869812,753.0,23.0,23.0,4048.0,4048.0,433762.0,6.0,23.0,5.0,0.00052948,0.00469761,0.000305411,0.00268349,5.176e-05,3.4e-07,6.7371e-05,3.26e-06,7.6231e-05,790.0,8056.0,0.00333144,2.51694e-05,0.00286948,0.00622609,747.0,4116.88,0.640936,0.692862,50.0,2354540000.0,2354540000.0,0.0933272,-7.09569,-0.164711,86.9812,79.0,25.0,22.0,0.0,751.0,3875.0,3875.0,4426.0,4474.0,4429.0,4429.0,4426.0,0.26,1.0,35.0,50.0,0.2,100.0
traj_sweep_069,routing,0.00187513,0.00187513,1076.77,1278.42,926.478,926.478,736.0,6.0,736.0,6.36,0.1775,130.75,0.860425,0.860425,760.0,23.0,23.0,4048.0,4048.0,279837.0,4.0,23.0,5.0,0.000424789,0.00370093,0.00031528,0.00246126,4.378e-05,8e-07,5.374e-05,3.111e-06,6.854e-05,742.0,7546.0,0.0031905,2.45493e-05,0.00269389,0.00590893,751.0,3835.89,0.645434,0.695024,49.0,2392140000.0,2392140000.0,0.0953906,-6.60341,-0.148035,86.0425,47.0,17.0,15.0,0.0,758.0,3751.0,3751.0,4102.0,4193.0,4104.0,4106.0,4102.0,0.27,1.0,35.0,50.0,0.2,100.0
traj_sweep_070,routing,0.00152189,0.00152189,1076.77,1278.42,941.108,941.108,734.0,5.0,734.0,9.16,0.7015,515.17,0.874012,0.874012,758.0,23.0,23.0,4048.0,4048.0,1298300.0,17.0,23.0,5.0,0.00091288,0.0106672,0.00062094,0.00366611,0.000106529,8.4e-07,0.000138829,6.369e-06,0.000156671,1659.0,8324.0,0.00313426,2.51706e-05,0.00271389,0.00587331,752.0,4425.71,0.576635,0.66192,49.0,2359110000.0,2359110000.0,0.098068,-6.22271,-0.143888,87.4012,76.0,32.0,28.0,7.0,756.0,3970.0,3970.0,4745.0,4801.0,4760.0,4737.0,4742.0,0.28,1.0,35.0,50.0,0.2,100.0
traj_sweep_071,routing,0.00229208,0.00229208,1076.77,1278.42,932.596,932.596,721.0,1.0,721.0,11.25,0.3855,278.11,0.866107,0.866107,745.0,23.0,23.0,4048.0,4048.0,653754.0,9.0,23.0,5.0,0.00077988,0.00844938,0.00042483,0.0026135,8.264e-05,3.6e-07,9.965e-05,3.889e-06,0.000110411,1070.0,8105.0,0.00294121,2.4696e-05,0.00257142,0.00553733,742.0,4125.16,0.636359,0.69067,49.0,2352960000.0,2352960000.0,0.0982873,-5.82479,-0.138095,86.6107,69.0,22.0,12.0,0.0,743.0,3857.0,3857.0,4449.0,4480.0,4443.0,4448.0,4449.0,0.29,1.0,35.0,50.0,0.2,100.0
traj_sweep_072,routing,0.000941768,0.000941768,1076.77,1278.42,894.026,894.026,719.0,1.0,719.0,6.55,0.0575,41.4,0.830287,0.830287,743.0,23.0,23.0,4048.0,4048.0,80483.0,1.0,23.0,5.0,6.869e-05,0.00076216,6.018e-05,0.00278868,5.96e-06,3e-07,9.47e-06,1.02e-06,2.073e-05,186.0,7392.0,0.00275992,2.33577e-05,0.00234223,0.0051255,740.0,3747.65,0.646987,0.69578,49.0,2354790000.0,2354790000.0,0.0994491,-5.20595,-0.124667,83.0287,52.0,30.0,11.0,0.0,741.0,3707.0,3707.0,4056.0,4096.0,4041.0,4053.0,4056.0,0.3,1.0,35.0,50.0,0.2,100.0
traj_sweep_073,routing,0.00157981,0.00157981,1076.77,1278.42,891.898,891.898,721.0,2.0,721.0,5.6,0.0245,17.9,0.82831,0.82831,745.0,23.0,23.0,4048.0,4048.0,52537.0,1.0,23.0,5.0,6.508e-05,0.00047838,6.105e-05,0.00284473,4.95e-06,8.7e-07,7.97e-06,8.6e-07,1.162e-05,115.0,7301.0,0.0026753,2.32567e-05,0.0022437,0.00494225,742.0,3636.19,0.635443,0.690227,49.0,2354790000.0,2354790000.0,0.102168,-4.73614,-0.114667,82.831,41.0,9.0,3.0,0.0,743.0,3686.0,3686.0,3903.0,3952.0,3907.0,3902.0,3903.0,0.31,1.0,35.0,50.0,0.2,100.0
traj_sweep_074,routing,0.00218637,0.00218637,1076.77,1278.42,891.632,891.632,708.0,4.0,708.0,7.69,0.4085,289.29,0.828063,0.828063,732.0,23.0,23.0,4048.0,4048.0,727273.0,11.0,23.0,5.0,0.00072545,0.00651569,0.00050758,0.00270001,7.746e-05,4.6e-07,9.223e-05,5.92e-06,0.00010938,1308.0,7666.0,0.00254061,2.32569e-05,0.0022425,0.00480636,726.0,3747.3,0.639941,0.692389,49.0,2351710000.0,2351710000.0,0.101394,-4.22504,-0.105223,82.8063,69.0,33.0,29.0,0.0,730.0,3749.0,3749.0,4063.0,4115.0,4071.0,4071.0,4063.0,0.32,1.0,35.0,50.0,0.2,100.0
traj_sweep_075,routing,0.00159197,0.00159197,1076.77,1278.42,888.44,888.44,703.0,5.0,703.0,9.02,0.377,265.25,0.825099,0.825099,727.0,23.0,23.0,4048.0,4048.0,679928.0,10.0,23.0,5.0,0.00049199,0.00506865,0.00050493,0.00279769,5.34e-05,2e-07,9.431e-05,3.47e-06,7.874e-05,1228.0,7464.0,0.00246745,2.31933e-05,0.00217544,0.00466609,719.0,3746.79,0.277587,0.517943,47.0,2348630000.0,2348630000.0,0.10391,-3.97803,-0.0957808,82.5099,73.0,29.0,23.0,0.0,725.0,3708.0,3708.0,4086.0,4152.0,4083.0,4084.0,4086.0,0.33,1.0,35.0,50.0,0.2,100.0
traj_sweep_076,routing,0.00179003,0.00179003,1076.77,1278.42,875.672,875.672,707.0,6.0,707.0,8.83,0.2645,187.17,0.813241,0.813241,731.0,23.0,23.0,4048.0,4048.0,433147.0,6.0,23.0,5.0,0.00091034,0.00607726,0.00050234,0.00489675,8.849e-05,3.8e-07,0.00010253,5.94e-06,0.00025144,1057.0,7467.0,0.00234558,2.26624e-05,0.00202633,0.00439457,722.0,3577.85,0.299718,0.528531,48.0,2370490000.0,2370490000.0,0.107632,-3.40311,-0.0872546,81.3241,57.0,18.0,5.0,0.0,729.0,3653.0,3653.0,3914.0,3978.0,3925.0,3914.0,3914.0,0.34,1.0,35.0,50.0,0.2,100.0
traj_sweep_077,routing,0.00164003,0.00164003,1076.77,1278.42,877.268,877.268,705.0,3.0,705.0,5.6,0.1135,80.06,0.814723,0.814723,729.0,23.0,23.0,4048.0,4048.0,156879.0,2.0,23.0,5.0,0.000219209,0.00187124,0.00016448,0.002445,1.8589e-05,6.31e-07,2.82e-05,1.811e-06,3.33e-05,394.0,7267.0,0.0023079,2.27761e-05,0.00200441,0.00433509,724.0,3570.68,0.649295,0.696887,47.0,2342380000.0,2342380000.0,0.10882,-3.06388,-0.0790297,81.4723,68.0,21.0,15.0,0.0,727.0,3635.0,3635.0,3915.0,3914.0,3917.0,3910.0,3915.0,0.35,1.0,35.0,50.0,0.2,100.0
traj_sweep_078,routing,0.00143361,0.00143361,1076.77,1278.42,841.092,841.092,699.0,1.0,699.0,5.27,0.0235,16.43,0.781126,0.781126,723.0,23.0,23.0,4048.0,4048.0,45294.0,1.0,23.0,5.0,4.4031e-05,0.00036193,4.5469e-05,0.00268528,3.54e-06,4e-07,6.791e-06,6.8e-07,8.82e-06,65.0,6854.0,0.00215189,2.14105e-05,0.00183765,0.00401095,720.0,3275.5,0.630109,0.687645,47.0,2346850000.0,2346850000.0,0.10917,-2.57983,-0.0661035,78.1126,32.0,24.0,12.0,3.0,721.0,3485.0,3485.0,3639.0,3669.0,3631.0,3637.0,3639.0,0.36,1.0,35.0,50.0,0.2,100.0
traj_sweep_079,routing,0.00167891,0.00167891,1076.77,1278.42,884.982,884.982,708.0,13.0,708.0,7.12,0.42,297.37,0.821887,0.821887,732.0,23.0,23.0,4048.0,4048.0,757293.0,11.0,23.0,5.0,0.000811059,0.00745376,0.000596589,0.00238414,8.636e-05,4.8e-07,9.1009e-05,6.44e-06,0.00013422,1555.0,7461.0,0.00221368,2.31262e-05,0.00190433,0.00414113,716.0,3695.55,0.2912,0.524459,47.0,2334420000.0,2334420000.0,0.111207,-2.26339,-0.0649776,82.1887,74.0,29.0,20.0,0.0,730.0,3747.0,3747.0,4036.0,4073.0,4026.0,4036.0,4036.0,0.37,1.0,35.0,50.0,0.2,100.0
traj_sweep_080,routing,0.0017273,0.0017273,1076.77,1278.42,923.02,923.02,708.0,6.0,708.0,7.74,0.4455,315.49,0.857213,0.857213,733.0,23.0,23.0,4048.0,4048.0,794062.0,11.0,23.0,5.0,0.00071535,0.00656586,0.00051931,0.00258759,7.297e-05,5.5e-07,9.259e-05,4.82e-06,0.00011347,1242.0,7618.0,0.00223122,2.45202e-05,0.00199638,0.00425212,725.0,3934.15,0.639941,0.692393,47.0,2311990000.0,2311990000.0,0.114981,-1.94565,-0.0525272,85.7213,73.0,10.0,6.0,0.0,731.0,3755.0,3755.0,4256.0,4302.0,4255.0,4257.0,4256.0,0.38,1.0,35.0,50.0,0.2,100.0
traj_sweep_081,routing,0.00113526,0.00113526,1076.77,1278.42,869.288,869.288,701.0,3.0,701.0,5.84,0.1265,88.7,0.807312,0.807312,725.0,23.0,23.0,4048.0,4048.0,233907.0,3.0,23.0,5.0,0.00027453,0.00276895,0.00020157,0.00211682,2.71e-05,3.8e-07,5.08e-05,2.36e-06,4.5e-05,484.0,7068.0,0.00204168,2.23041e-05,0.0017778,0.00384178,718.0,3523.9,0.64834,0.643285,45.0,2320030000.0,2320030000.0,0.116483,-1.4621,-0.0412349,80.7312,56.0,27.0,19.0,0.0,723.0,3551.0,3551.0,3849.0,3888.0,3867.0,3840.0,3849.0,0.39,1.0,35.0,50.0,0.2,100.0
traj_sweep_082,routing,0.00132669,0.00132669,1076.77,1278.42,855.722,855.722,694.0,2.0,694.0,8.07,0.2245,156.04,0.794713,0.794713,718.0,23.0,23.0,4048.0,4048.0,363636.0,5.0,23.0,5.0,0.00062988,0.00556898,0.00036321,0.00246725,5.405e-05,6.8e-07,7.373e-05,3.35e-06,8.302e-05,914.0,7176.0,0.00197142,2.20413e-05,0.00172975,0.00372321,712.0,3590.68,0.265963,0.512339,45.0,2316230000.0,2316230000.0,0.112374,-1.2017,-0.0317368,79.4713,56.0,36.0,29.0,0.0,716.0,3594.0,3594.0,3924.0,3965.0,3921.0,3909.0,3924.0,0.4,1.0,35.0,50.0,0.2,100.0
traj_sweep_083,routing,0.0013845,0.0013845,1076.77,1278.42,804.118,804.118,680.0,1.0,680.0,5.6,0.175,119.29,0.746789,0.746789,704.0,23.0,23.0,4048.0,4048.0,326742.0,5.0,23.0,5.0,0.00020549,0.00252742,0.00015439,0.00225273,2.077e-05,2.9e-07,3.186e-05,2.25e-06,3.881e-05,587.0,7105.0,0.0018485,2.0143e-05,0.00160447,0.00347311,703.0,3569.49,0.641494,0.693133,26.0,2335190000.0,2335190000.0,0.112514,-0.350038,-0.0214434,74.6789,39.0,7.0,6.0,0.0,702.0,3570.0,3570.0,3939.0,3990.0,3940.0,3938.0,3939.0,0.41,1.0,35.0,50.0,0.2,100.0
traj_sweep_084,routing,0.00114852,0.00114852,1076.77,1278.42,804.916,804.916,671.0,10.0,671.0,7.88,0.409,274.5,0.74753,0.74753,695.0,23.0,23.0,4048.0,4048.0,675879.0,11.0,23.0,5.0,0.00052436,0.00539913,0.0003423,0.00313069,7.9049e-05,9.5e-07,7.338e-05,6.04e-06,0.00012164,1197.0,6939.0,0.00178708,2.02867e-05,0.00158064,0.00338801,683.0,3518.53,0.795061,0.596077,23.0,2325090000.0,2325090000.0,0.111986,-0.141226,-0.0125539,74.753,34.0,9.0,6.0,0.0,693.0,3546.0,3546.0,3867.0,3882.0,3852.0,3865.0,3867.0,0.42,1.0,35.0,50.0,0.2,100.0
traj_sweep_085,routing,0.000859611,0.000859611,1076.77,1278.42,728.308,728.308,640.0,5.0,640.0,3.37,0.0395,25.31,0.676383,0.676383,664.0,23.0,23.0,4048.0,4048.0,58026.0,1.0,23.0,5.0,0.00010702,0.00150467,8.646e-05,0.0023182,9.26e-06,6e-07,1.612e-05,1.03e-06,1.89e-05,232.0,6338.0,0.00155842,1.74558e-05,0.00136426,0.00294014,657.0,3110.81,0.750348,0.597237,8.0,2312630000.0,2312630000.0,0.112584,-0.0282078,-0.00808281,67.6383,57.0,19.0,7.0,0.0,662.0,3386.0,3386.0,3524.0,3549.0,3527.0,3524.0,3524.0,0.43,1.0,35.0,50.0,0.2,100.0
traj_sweep_086,routing,0.00397645,0.00397645,1076.77,1278.42,723.52,723.52,626.0,6.0,626.0,8.4,0.1085,67.95,0.671937,0.671937,650.0,23.0,23.0,4048.0,4048.0,178006.0,3.0,23.0,5.0,0.00026995,0.00245464,0.00021022,0.00228172,2.401e-05,5.1e-07,3.035e-05,2.28e-06,4.265e-05,523.0,6520.0,0.00149354,1.73801e-05,0.00135042,0.00286134,642.0,3144.68,0.75434,0.597232,4.0,2304160000.0,2304160000.0,0.112173,-0.00717409,-0.00342484,67.1937,79.0,34.0,25.0,0.0,648.0,3380.0,3380.0,3653.0,3699.0,3658.0,3648.0,3653.0,0.44,1.0,35.0,50.0,0.2,100.0
traj_sweep_087,routing,0.000886222,0.000886222,1076.77,1278.42,698.782,698.782,625.0,8.0,625.0,4.32,0.051,32.0,0.648962,0.648962,649.0,23.0,23.0,4048.0,4048.0,79852.0,1.0,22.0,4.0,9.488e-05,0.00093786,8.347e-05,0.00365605,8.14e-06,5.7e-07,1.366e-05,1.7e-06,1.879e-05,256.0,6301.0,0.00139508,1.63324e-05,0.0012444,0.00265582,639.0,3140.53,0.728876,0.611443,3.0,2272210000.0,2272210000.0,0.113273,-0.00124065,-0.00089051,64.8962,46.0,23.0,15.0,0.0,647.0,3303.0,3303.0,3517.0,3535.0,3517.0,3513.0,3517.0,0.45,1.0,35.0,50.0,0.2,100.0
traj_sweep_088,routing,0.00119697,0.00119697,1076.77,1278.42,683.354,683.354,614.0,0.0,614.0,0.95,0.002,1.52,0.634634,0.634634,638.0,23.0,23.0,4048.0,4048.0,5614.0,0.0,22.0,4.0,9.52e-06,6.784e-05,1.661e-05,0.00219744,5.9e-07,3.7e-07,1.38e-06,4.2e-07,4.01e-06,9.0,6190.0,0.00133021,1.57822e-05,0.00119011,0.0025361,636.0,2990.79,0.761141,0.613936,0.0,2226370000.0,2226370000.0,0.111559,0.0,0.000117628,63.4634,36.0,29.0,21.0,0.0,636.0,3253.0,3253.0,3446.0,3501.0,3463.0,3452.0,3446.0,0.46,1.0,35.0,50.0,0.2,100.0
traj_sweep_089,routing,0.00136995,0.00136995,1076.77,1278.42,678.034,678.034,610.0,0.0,610.0,0.0,0.0,0.0,0.629694,0.629694,636.0,23.0,23.0,4048.0,4048.0,0.0,0.0,22.0,4.0,9.95e-06,7.788e-05,1.8e-05,0.00570737,6.9e-07,5.6e-07,1.5e-06,6.3e-07,4.14e-06,11.0,6044.0,0.00128642,1.55925e-05,0.00113926,0.00244128,634.0,2956.45,0.724088,0.507366,0.0,2211080000.0,2211080000.0,0.113211,0.0,0.003753,62.9694,73.0,23.0,22.0,0.0,634.0,3279.0,3279.0,3428.0,3463.0,3436.0,3433.0,3428.0,0.47,1.0,35.0,50.0,0.2,100.0
traj_sweep_090,routing,0.000814626,0.000814626,1076.77,1278.42,677.768,677.768,611.0,0.0,611.0,0.0,0.0,0.0,0.629447,0.629447,636.0,23.0,23.0,4048.0,4048.0,0.0,0.0,22.0,4.0,0.00162515,0.00875981,0.000849391,0.0103952,0.00013276,7.1e-07,0.00015542,9.04e-06,0.00019508,3149.0,6147.0,0.00125918,1.55891e-05,0.00113053,0.0024053,634.0,2997.21,0.735273,0.528017,0.0,2206490000.0,2206490000.0,0.112647,0.0,0.010394,62.9447,50.0,22.0,10.0,0.0,634.0,3224.0,3224.0,3413.0,3443.0,3412.0,3414.0,3413.0,0.48,1.0,35.0,50.0,0.2,100.0
traj_sweep_091,routing,0.00123279,0.00123279,1076.77,1278.42,675.64,675.64,610.0,0.0,610.0,0.0,0.0,0.0,0.62747,0.62747,634.0,23.0,23.0,4048.0,4048.0,0.0,0.0,22.0,4.0,0.00207684,0.0108928,0.00130217,0.0105979,0.000138351,8.2e-07,0.0001816,1.038e-05,0.00023274,3205.0,6090.0,0.00124054,1.54618e-05,0.00110505,0.00236106,632.0,2928.69,0.763489,0.618963,0.0,2178380000.0,2178380000.0,0.111784,0.0,0.012683,62.747,75.0,19.0,24.0,0.0,632.0,3277.0,3277.0,3418.0,3427.0,3405.0,3418.0,3418.0,0.49,1.0,35.0,50.0,0.2,100.0
traj_sweep_092,routing,0.00121698,0.00121698,1076.77,1278.42,674.576,674.576,609.0,0.0,609.0,0.0,0.0,0.0,0.626482,0.626482,634.0,23.0,23.0,4048.0,4048.0,0.0,0.0,22.0,4.0,0.0013468,0.00902604,0.000960611,0.0121737,0.00011398,6.8e-07,0.00014378,7.7e-06,0.00017802,3262.0,6181.0,0.00120526,1.54538e-05,0.00108488,0.0023056,632.0,2969.97,0.736422,0.619204,0.0,2166190000.0,2166190000.0,0.112493,0.0,0.0226343,62.6482,64.0,30.0,25.0,0.0,632.0,3258.0,3258.0,3452.0,3447.0,3434.0,3452.0,3452.0,0.5,1.0,35.0,50.0,0.2,100.0
traj_sweep_093,routing,0.000538965,0.000538965,1076.77,1278.42,675.374,675.374,610.0,0.0,610.0,0.0,0.0,0.0,0.627223,0.627223,634.0,23.0,23.0,4048.0,4048.0,0.0,0.0,22.0,4.0,0.00171024,0.00855908,0.00099186,0.00955758,0.0001104,5.31e-07,0.000164611,8.68e-06,0.00019732,3189.0,6218.0,0.00119125,1.5441e-05,0.00106034,0.00226703,632.0,2974.21,0.772332,0.606295,0.0,2139580000.0,2139580000.0,0.111995,0.0,0.0299596,62.7223,46.0,17.0,5.0,0.0,632.0,3292.0,3292.0,3456.0,3489.0,3468.0,3455.0,3456.0,0.51,1.0,35.0,50.0,0.2,100.0
traj_sweep_094,routing,0.00295478,0.00295478,1076.77,1278.42,675.64,675.64,610.0,0.0,610.0,0.0,0.0,0.0,0.62747,0.62747,634.0,23.0,23.0,4048.0,4048.0,0.0,0.0,22.0,4.0,0.00128678,0.00858666,0.00090866,0.0114606,9.805e-05,7e-07,0.00013961,8.14e-06,0.00017705,3118.0,5976.0,0.00116993,1.54808e-05,0.00104665,0.00223206,632.0,2972.28,0.776034,0.605916,0.0,2191750000.0,2191750000.0,0.112866,0.0,0.0397594,62.747,78.0,14.0,15.0,0.0,632.0,3248.0,3248.0,3397.0,3457.0,3408.0,3400.0,3397.0,0.52,1.0,35.0,50.0,0.2,100.0
traj_sweep_095,routing,0.00158487,0.00158487,1076.77,1278.42,675.108,675.108,610.0,0.0,610.0,0.0,0.0,0.0,0.626976,0.626976,634.0,23.0,23.0,4048.0,4048.0,0.0,0.0,22.0,4.0,0.00169162,0.0111651,0.0009286,0.0154807,0.00010938,9.2e-07,0.00019901,7.72e-06,0.00017543,3235.0,6136.0,0.0011409,1.54521e-05,0.00101919,0.00217554,632.0,2954.18,0.778144,0.610451,0.0,2165570000.0,2165570000.0,0.114009,0.0,0.0443398,62.6976,82.0,17.0,22.0,0.0,632.0,3302.0,3302.0,3420.0,3454.0,3435.0,3420.0,3420.0,0.53,1.0,35.0,50.0,0.2,100.0
traj_sweep_096,routing,0.00159453,0.00159453,1076.77,1278.42,675.108,675.108,610.0,0.0,610.0,0.0,0.0,0.0,0.626976,0.626976,634.0,23.0,23.0,4048.0,4048.0,0.0,0.0,22.0,4.0,0.00221456,0.00970957,0.00138526,0.0137819,0.00014782,9.8e-07,0.00019378,1.008e-05,0.00024942,3182.0,6204.0,0.00111975,1.54521e-05,0.000997337,0.00213254,632.0,2953.53,0.722507,0.598572,0.0,2109890000.0,2109890000.0,0.113238,0.0,0.05369,62.6976,38.0,8.0,7.0,0.0,632.0,3238.0,3238.0,3437.0,3494.0,3437.0,3438.0,3437.0,0.54,1.0,35.0,50.0,0.2,100.0
traj_sweep_097,routing,0.00315694,0.00315694,1076.77,1278.42,674.842,674.842,610.0,0.0,610.0,0.0,0.0,0.0,0.626729,0.626729,634.0,23.0,23.0,4048.0,4048.0,0.0,0.0,22.0,4.0,0.00129865,0.00899982,0.00081032,0.00929601,9.739e-05,6.4e-07,0.00013743,7.22e-06,0.00016572,3149.0,6064.0,0.00109858,1.54472e-05,0.000984295,0.00209833,632.0,2971.36,0.747614,0.60119,0.0,2122040000.0,2122040000.0,0.113914,0.0,0.0618751,62.6729,55.0,35.0,12.0,0.0,632.0,3265.0,3265.0,3465.0,3491.0,3460.0,3464.0,3465.0,0.55,1.0,35.0,50.0,0.2,100.0
traj_sweep_098,routing,0.00049203,0.00049203,1076.77,1278.42,674.576,674.576,609.0,0.0,609.0,0.0,0.0,0.0,0.626482,0.626482,633.0,23.0,23.0,4048.0,4048.0,0.0,0.0,22.0,4.0,0.00219828,0.0136363,0.00116298,0.0163147,0.0001151,7.31e-07,0.00020038,9.529e-06,0.000192709,3153.0,6116.0,0.00108587,1.54213e-05,0.000963837,0.00206513,631.0,2964.61,0.735633,0.530987,0.0,2135080000.0,2135080000.0,0.112525,0.0,0.0697001,62.6482,60.0,33.0,15.0,0.0,631.0,3217.0,3217.0,3451.0,3480.0,3441.0,3446.0,3451.0,0.56,1.0,35.0,50.0,0.2,100.0
traj_sweep_099,routing,0.00049203,0.00049203,1076.77,1278.42,674.576,674.576,609.0,0.0,609.0,0.0,0.0,0.0,0.626482,0.626482,633.0,23.0,23.0,4048.0,4048.0,0.0,0.0,22.0,4.0,0.0015203,0.00864776,0.000782331,0.0133117,0.00010949,7.1e-07,0.000170669,7.79e-06,0.00017345,3153.0,6116.0,0.00106682,1.54213e-05,0.000946928,0.00202917,631.0,2964.61,0.735633,0.530987,0.0,2135080000.0,2135080000.0,0.112525,0.0,0.0777002,62.6482,60.0,33.0,15.0,0.0,631.0,3217.0,3217.0,3451.0,3480.0,3441.0,3446.0,3451.0,0.57,1.0,35.0,50.0,0.2,100.0
traj_sweep_100,routing,0.000700752,0.000700752,1076.77,1278.42,674.044,674.044,608.0,0.0,608.0,0.0,0.0,0.0,0.625988,0.625988,632.0,23.0,23.0,4048.0,4048.0,0.0,0.0,22.0,4.0,0.00219328,0.0128424,0.00134659,0.0138148,0.00014361,8.5e-07,0.00019866,1.046e-05,0.00023388,3247.0,6190.0,0.00104914,1.54214e-05,0.000927773,0.00199233,630.0,2921.09,0.760464,0.473479,0.0,2123990000.0,2123990000.0,0.113435,0.0,0.087532,62.5988,65.0,32.0,22.0,0.0,630.0,3219.0,3219.0,3373.0,3425.0,3386.0,3372.0,3373.0,0.58,1.0,35.0,50.0,0.2,100.0
traj_sweep_101,routing,0.00137943,0.00137943,1076.77,1278.42,673.512,673.512,608.0,0.0,608.0,0.0,0.0,0.0,0.625494,0.625494,632.0,23.0,23.0,4048.0,4048.0,0.0,0.0,22.0,4.0,0.00174207,0.00919745,0.00099898,0.0138303,0.00012395,4.6e-07,0.00016087,8.99e-06,0.00019143,3093.0,6053.0,0.00102491,1.54102e-05,0.000910901,0.00195122,630.0,2954.09,0.759396,0.538249,0.0,2126130000.0,2126130000.0,0.112418,0.0,0.0925506,62.5494,43.0,16.0,11.0,0.0,630.0,3256.0,3256.0,3413.0,3433.0,3403.0,3407.0,3413.0,0.59,1.0,35.0,50.0,0.2,100.0
traj_sweep_102,routing,0.00191565,0.00191565,1076.77,1278.42,674.842,674.842,608.0,0.0,608.0,0.0,0.0,0.0,0.626729,0.626729,632.0,23.0,23.0,4048.0,4048.0,0.0,0.0,22.0,4.0,0.00126108,0.00913756,0.00076561,0.0114572,0.00011356,5e-07,0.00014814,7.74e-06,0.00016387,3259.0,6198.0,0.00101433,1.54659e-05,0.000904118,0.00193391,630.0,2973.11,0.691699,0.537986,0.0,2117960000.0,2117960000.0,0.113239,0.0,0.100585,62.6729,52.0,17.0,8.0,0.0,630.0,3267.0,3267.0,3446.0,3476.0,3431.0,3446.0,3446.0,0.6,1.0,35.0,50.0,0.2,100.0
traj_sweep_103,routing,0.00120744,0.00120744,1076.77,1278.42,674.842,674.842,608.0,0.0,608.0,0.0,0.0,0.0,0.626729,0.626729,632.0,23.0,23.0,4048.0,4048.0,0.0,0.0,22.0,4.0,0.00154878,0.0095873,0.00087913,0.0109389,0.000128,6.9e-07,0.00014305,7.53e-06,0.00017777,3216.0,6141.0,0.000997839,1.54659e-05,0.000883233,0.00189654,630.0,2960.42,0.684136,0.531927,0.0,2130680000.0,2130680000.0,0.112884,0.0,0.111295,62.6729,47.0,26.0,26.0,0.0,630.0,3268.0,3268.0,3428.0,3473.0,3428.0,3428.0,3428.0,0.61,1.0,35.0,50.0,0.2,100.0
traj_sweep_104,routing,0.00126948,0.00126948,1076.77,1278.42,674.044,674.044,608.0,0.0,608.0,0.0,0.0,0.0,0.625988,0.625988,632.0,23.0,23.0,4048.0,4048.0,0.0,0.0,22.0,4.0,0.00192222,0.012084,0.00101683,0.0149144,0.00014376,8.6e-07,0.00019579,2.054e-05,0.00023627,3220.0,6213.0,0.000981464,1.54214e-05,0.000873202,0.00187009,630.0,2958.44,0.776266,0.531586,0.0,2140920000.0,2140920000.0,0.112327,0.0,0.11532,62.5988,39.0,13.0,5.0,1.0,630.0,3257.0,3257.0,3415.0,3450.0,3414.0,3412.0,3413.0,0.62,1.0,35.0,50.0,0.2,100.0
traj_sweep_105,routing,0.000476987,0.000476987,1076.77,1278.42,995.904,995.904,751.0,14.0,751.0,12.01,1.014,761.72,0.924901,0.924901,777.0,23.0,23.0,4048.0,4048.0,1533970.0,19.0,23.0,5.0,0.00151529,0.0162409,0.00106837,0.00224723,0.00014772,5e-07,0.00020153,1.387e-05,0.0002328,2860.0,9410.0,0.00674942,2.76461e-05,0.00567716,0.0124542,761.0,4912.19,0.640936,0.692862,53.0,2333530000.0,2333530000.0,0.072406,-13.3868,-0.288535,92.4901,92.0,57.0,42.0,0.0,775.0,4222.0,4222.0,5300.0,5345.0,5311.0,5297.0,5300.0,0.14,1.0,36.0,50.0,0.2,100.0
traj_sweep_106,routing,0.00176466,0.00176466,1076.77,1278.42,963.186,963.186,738.0,2.0,738.0,7.69,0.2415,178.56,0.894516,0.894516,762.0,23.0,23.0,4048.0,4048.0,192162.0,2.0,23.0,5.0,0.00045987,0.00587865,0.00033136,0.00230106,4.275e-05,8.9e-07,6.144e-05,3.13e-06,7.052e-05,808.0,8296.0,0.00608773,2.6352e-05,0.00507748,0.0111916,759.0,4217.84,0.586046,0.666466,53.0,2351470000.0,2351470000.0,0.0714098,-12.7749,-0.275266,89.4516,57.0,24.0,18.0,0.0,760.0,3926.0,3926.0,4529.0,4554.0,4537.0,4524.0,4529.0,0.15,1.0,36.0,50.0,0.2,100.0
traj_sweep_107,routing,0.00115712,0.00115712,1076.77,1278.42,973.826,973.826,741.0,5.0,741.0,14.24,0.559,414.26,0.904397,0.904397,765.0,23.0,23.0,4048.0,4048.0,917865.0,10.0,23.0,5.0,0.000727539,0.00863131,0.000471189,0.00275109,8.291e-05,6.6e-07,0.000107429,4.62e-06,0.00011822,1730.0,9305.0,0.0056753,2.68643e-05,0.00477092,0.0104731,761.0,4953.33,0.504611,0.627221,53.0,2332750000.0,2332750000.0,0.0735264,-12.4429,-0.268679,90.4397,94.0,43.0,39.0,0.0,763.0,4214.0,4214.0,5284.0,5377.0,5285.0,5293.0,5284.0,0.16,1.0,36.0,50.0,0.2,100.0
traj_sweep_108,routing,0.00126218,0.00126218,1076.77,1278.42,958.664,958.664,739.0,4.0,739.0,11.06,0.467,345.41,0.890316,0.890316,763.0,23.0,23.0,4048.0,4048.0,746746.0,9.0,23.0,5.0,0.000836489,0.00850125,0.00058265,0.00250342,0.00011008,5e-07,0.00012351,5.751e-06,0.000142551,1550.0,8706.0,0.0053335,2.61595e-05,0.00450031,0.00985997,759.0,4504.43,0.633095,0.689077,53.0,2343470000.0,2343470000.0,0.0744793,-11.7635,-0.256718,89.0316,84.0,56.0,27.0,0.0,761.0,4026.0,4026.0,4872.0,4883.0,4849.0,4864.0,4872.0,0.17,1.0,36.0,50.0,0.2,100.0
traj_sweep_109,routing,0.00173515,0.00173515,1076.77,1278.42,975.688,975.688,735.0,7.0,735.0,10.68,0.8515,625.95,0.906126,0.906126,759.0,23.0,23.0,4048.0,4048.0,1261460.0,15.0,23.0,5.0,0.00119997,0.014611,0.00093708,0.00274981,0.00016845,6.5e-07,0.00016829,6.88e-06,0.00020932,2454.0,9025.0,0.00507171,2.68177e-05,0.00433406,0.00943258,752.0,4803.49,0.612556,0.679212,53.0,2333250000.0,2333250000.0,0.0775945,-11.2222,-0.248587,90.6126,102.0,84.0,33.0,0.0,757.0,4095.0,4095.0,5155.0,5226.0,5173.0,5159.0,5155.0,0.18,1.0,36.0,50.0,0.2,100.0
traj_sweep_110,routing,0.000852436,0.000852436,1076.77,1278.42,961.058,961.058,741.0,10.0,741.0,9.92,0.4865,360.77,0.89254,0.89254,765.0,23.0,23.0,4048.0,4048.0,676349.0,8.0,23.0,5.0,0.00047399,0.0057644,0.00031734,0.00270194,5.881e-05,2.8e-07,8.122e-05,3.47e-06,8.648e-05,1374.0,8652.0,0.00470255,2.62681e-05,0.00398,0.00870881,754.0,4534.97,0.60961,0.677793,53.0,2367440000.0,2367440000.0,0.0796665,-10.7028,-0.232397,89.254,91.0,36.0,36.0,0.0,763.0,4104.0,4104.0,4847.0,4897.0,4838.0,4845.0,4847.0,0.19,1.0,36.0,50.0,0.2,100.0
traj_sweep_111,routing,0.00105996,0.00105996,1076.77,1278.42,961.59,961.59,735.0,3.0,735.0,10.83,0.4395,323.17,0.893034,0.893034,761.0,23.0,23.0,4048.0,4048.0,668353.0,8.0,24.0,6.0,0.00073264,0.00767915,0.00049349,0.00216108,7.07e-05,4.7e-07,8.811e-05,4.95e-06,0.00011029,1397.0,8364.0,0.00451421,2.64475e-05,0.00377381,0.00831447,756.0,4430.85,0.602605,0.674424,53.0,2365330000.0,2365330000.0,0.0816171,-10.2378,-0.222774,89.3034,91.0,13.0,11.0,0.0,759.0,3969.0,3969.0,4778.0,4794.0,4771.0,4775.0,4778.0,0.2,1.0,36.0,50.0,0.2,100.0
traj_sweep_112,routing,0.0012443,0.0012443,1076.77,1278.42,935.788,935.788,732.0,7.0,732.0,6.93,0.1795,131.56,0.869071,0.869071,756.0,23.0,23.0,4048.0,4048.0,319803.0,4.0,23.0,5.0,0.00034214,0.0037486,0.00024426,0.00333768,3.753e-05,5.31e-07,4.898e-05,3.02e-06,5.7629e-05,626.0,8028.0,0.00412069,2.53578e-05,0.00348891,0.00763495,750.0,4017.8,0.636916,0.690928,53.0,2366210000.0,2366210000.0,0.0804023,-9.5411,-0.212617,86.9071,68.0,21.0,24.0,0.0,754.0,3828.0,3828.0,4305.0,4352.0,4304.0,4299.0,4305.0,0.21,1.0,36.0,50.0,0.2,100.0
traj_sweep_113,routing,0.00156823,0.00156823,1076.77,1278.42,979.412,979.412,734.0,10.0,734.0,11.82,0.6415,471.13,0.909585,0.909585,760.0,23.0,23.0,4048.0,4048.0,1014430.0,13.0,23.0,5.0,0.00106899,0.00965882,0.0007344,0.00277222,0.000134111,4e-07,0.000142111,1.218e-05,0.000188489,1882.0,8373.0,0.00410186,2.6933e-05,0.00356933,0.00769813,748.0,4492.85,0.590424,0.668557,53.0,2344860000.0,2344860000.0,0.0849199,-9.16002,-0.206465,90.9585,85.0,47.0,20.0,0.0,758.0,3997.0,3997.0,4816.0,4866.0,4822.0,4813.0,4816.0,0.22,1.0,36.0,50.0,0.2,100.0
traj_sweep_114,routing,0.000715372,0.000715372,1076.77,1278.42,941.906,941.906,727.0,5.0,727.0,6.6,0.245,178.28,0.874753,0.874753,751.0,23.0,23.0,4048.0,4048.0,349230.0,4.0,23.0,5.0,0.0006842,0.00849059,0.000387671,0.00478498,6.416e-05,7.7e-07,7.59e-05,3.491e-06,8.492e-05,1033.0,8094.0,0.00377468,2.54732e-05,0.00322089,0.00702104,746.0,4110.27,0.645434,0.695024,53.0,2369620000.0,2369620000.0,0.0865714,-8.45931,-0.192008,87.4753,71.0,21.0,24.0,0.0,749.0,3887.0,3887.0,4425.0,4453.0,4426.0,4425.0,4425.0,0.23,1.0,36.0,50.0,0.2,100.0
traj_sweep_115,routing,0.00233705,0.00233705,1076.77,1278.42,929.67,929.67,733.0,8.0,733.0,9.54,0.328,240.47,0.863389,0.863389,757.0,23.0,23.0,4048.0,4048.0,504989.0,7.0,23.0,5.0,0.00061216,0.00461901,0.00043462,0.00270257,7.26e-05,1.3e-07,8.264e-05,3.24e-06,8.908e-05,1094.0,7934.0,0.00360517,2.50852e-05,0.00307599,0.00670625,748.0,4012.67,0.62995,0.687564,53.0,2350820000.0,2350820000.0,0.0834689,-8.07402,-0.185383,86.3389,55.0,20.0,39.0,0.0,755.0,3828.0,3828.0,4343.0,4402.0,4375.0,4343.0,4343.0,0.24,1.0,36.0,50.0,0.2,100.0
traj_sweep_116,routing,0.0019167,0.0019167,1076.77,1278.42,947.758,947.758,737.0,9.0,737.0,8.45,0.303,223.55,0.880188,0.880188,761.0,23.0,23.0,4048.0,4048.0,489568.0,6.0,23.0,5.0,0.0004278,0.00651619,0.00028583,0.00283858,0.00013687,4.1e-07,6.838e-05,5.43e-06,0.00012549,1067.0,8056.0,0.00352804,2.55116e-05,0.00299274,0.0065463,752.0,4228.23,0.636359,0.69066,51.0,2386470000.0,2386470000.0,0.091965,-7.57673,-0.169029,88.0188,86.0,45.0,21.0,0.0,759.0,3895.0,3895.0,4527.0,4557.0,4507.0,4523.0,4527.0,0.25,1.0,36.0,50.0,0.2,100.0
traj_sweep_117,routing,0.00092118,0.00092118,1076.77,1278.42,936.586,936.586,729.0,4.0,729.0,8.78,0.2295,167.47,0.869812,0.869812,753.0,23.0,23.0,4048.0,4048.0,433762.0,6.0,23.0,5.0,0.00041393,0.00397841,0.00023617,0.00230162,5.413e-05,3.2e-07,5.082e-05,3.04e-06,7.182e-05,790.0,8056.0,0.00333144,2.51694e-05,0.00286948,0.00622609,747.0,4116.88,0.640936,0.692862,50.0,2354540000.0,2354540000.0,0.0933272,-7.09569,-0.164711,86.9812,79.0,25.0,22.0,0.0,751.0,3875.0,3875.0,4426.0,4474.0,4429.0,4429.0,4426.0,0.26,1.0,36.0,50.0,0.2,100.0
traj_sweep_118,routing,0.00187513,0.00187513,1076.77,1278.42,926.478,926.478,736.0,6.0,736.0,6.36,0.1775,130.75,0.860425,0.860425,760.0,23.0,23.0,4048.0,4048.0,279837.0,4.0,23.0,5.0,0.000427269,0.00372028,0.00031332,0.00291167,4.412e-05,6.69e-07,5.866e-05,3.16e-06,8.512e-05,742.0,7546.0,0.0031905,2.45493e-05,0.00269389,0.00590893,751.0,3835.89,0.645434,0.695024,49.0,2392140000.0,2392140000.0,0.0953906,-6.60341,-0.148035,86.0425,47.0,17.0,15.0,0.0,758.0,3751.0,3751.0,4102.0,4193.0,4104.0,4106.0,4102.0,0.27,1.0,36.0,50.0,0.2,100.0
traj_sweep_119,routing,0.00152189,0.00152189,1076.77,1278.42,941.108,941.108,734.0,5.0,734.0,9.16,0.7015,515.17,0.874012,0.874012,758.0,23.0,23.0,4048.0,4048.0,1298300.0,17.0,23.0,5.0,0.00076152,0.00786128,0.00046224,0.00285678,8.658e-05,4.4e-07,0.00011275,5.29e-06,0.00012317,1659.0,8324.0,0.00313426,2.51706e-05,0.00271389,0.00587331,752.0,4425.71,0.576635,0.66192,49.0,2359110000.0,2359110000.0,0.098068,-6.22271,-0.143888,87.4012,76.0,32.0,28.0,7.0,756.0,3970.0,3970.0,4745.0,4801.0,4760.0,4737.0,4742.0,0.28,1.0,36.0,50.0,0.2,100.0
traj_sweep_120,routing,0.00229208,0.00229208,1076.77,1278.42,932.596,932.596,721.0,1.0,721.0,11.25,0.3855,278.11,0.866107,0.866107,745.0,23.0,23.0,4048.0,4048.0,653754.0,9.0,23.0,5.0,0.0006915,0.00692752,0.00040931,0.00281428,7.46e-05,3.4e-07,9.987e-05,1.097e-05,0.00010259,1070.0,8105.0,0.00294121,2.4696e-05,0.00257142,0.00553733,742.0,4125.16,0.636359,0.69067,49.0,2352960000.0,2352960000.0,0.0982873,-5.82479,-0.138095,86.6107,69.0,22.0,12.0,0.0,743.0,3857.0,3857.0,4449.0,4480.0,4443.0,4448.0,4449.0,0.29,1.0,36.0,50.0,0.2,100.0
traj_sweep_121,routing,0.000941768,0.000941768,1076.77,1278.42,894.026,894.026,719.0,1.0,719.0,6.55,0.0575,41.4,0.830287,0.830287,743.0,23.0,23.0,4048.0,4048.0,80483.0,1.0,23.0,5.0,8.913e-05,0.00086802,7.143e-05,0.00222038,6.71e-06,4.5e-07,1.022e-05,8.9e-07,1.4e-05,186.0,7392.0,0.00275992,2.33577e-05,0.00234223,0.0051255,740.0,3747.65,0.646987,0.69578,49.0,2354790000.0,2354790000.0,0.0994491,-5.20595,-0.124667,83.0287,52.0,30.0,11.0,0.0,741.0,3707.0,3707.0,4056.0,4096.0,4041.0,4053.0,4056.0,0.3,1.0,36.0,50.0,0.2,100.0
traj_sweep_122,routing,0.00157981,0.00157981,1076.77,1278.42,891.898,891.898,721.0,2.0,721.0,5.6,0.0245,17.9,0.82831,0.82831,745.0,23.0,23.0,4048.0,4048.0,52537.0,1.0,23.0,5.0,6.141e-05,0.00037468,5.722e-05,0.00271696,5e-06,8.9e-07,8.21e-06,7.6e-07,1.152e-05,115.0,7301.0,0.0026753,2.32567e-05,0.0022437,0.00494225,742.0,3636.19,0.635443,0.690227,49.0,2354790000.0,2354790000.0,0.102168,-4.73614,-0.114667,82.831,41.0,9.0,3.0,0.0,743.0,3686.0,3686.0,3903.0,3952.0,3907.0,3902.0,3903.0,0.31,1.0,36.0,50.0,0.2,100.0
traj_sweep_123,routing,0.00218637,0.00218637,1076.77,1278.42,891.632,891.632,708.0,4.0,708.0,7.69,0.4085,289.29,0.828063,0.828063,732.0,23.0,23.0,4048.0,4048.0,727273.0,11.0,23.0,5.0,0.00047549,0.00460624,0.0002964,0.00276192,7.353e-05,2.3e-07,6.691e-05,3.9e-06,8.015e-05,1308.0,7666.0,0.00254061,2.32569e-05,0.0022425,0.00480636,726.0,3747.3,0.639941,0.692389,49.0,2351710000.0,2351710000.0,0.101394,-4.22504,-0.105223,82.8063,69.0,33.0,29.0,0.0,730.0,3749.0,3749.0,4063.0,4115.0,4071.0,4071.0,4063.0,0.32,1.0,36.0,50.0,0.2,100.0
traj_sweep_124,routing,0.00159197,0.00159197,1076.77,1278.42,888.44,888.44,703.0,5.0,703.0,9.02,0.377,265.25,0.825099,0.825099,727.0,23.0,23.0,4048.0,4048.0,679928.0,10.0,23.0,5.0,0.000701769,0.00651333,0.0004897,0.00245874,6.991e-05,3.7e-07,8.492e-05,4.75e-06,0.00010694,1228.0,7464.0,0.00246745,2.31933e-05,0.00217544,0.00466609,719.0,3746.79,0.277587,0.517943,47.0,2348630000.0,2348630000.0,0.10391,-3.97803,-0.0957808,82.5099,73.0,29.0,23.0,0.0,725.0,3708.0,3708.0,4086.0,4152.0,4083.0,4084.0,4086.0,0.33,1.0,36.0,50.0,0.2,100.0
traj_sweep_125,routing,0.00179003,0.00179003,1076.77,1278.42,875.672,875.672,707.0,6.0,707.0,8.83,0.2645,187.17,0.813241,0.813241,731.0,23.0,23.0,4048.0,4048.0,433147.0,6.0,23.0,5.0,0.000744369,0.00584612,0.00042881,0.00294575,0.0001058,3.4e-07,0.00010569,3.9e-06,0.000102191,1057.0,7467.0,0.00234558,2.26624e-05,0.00202633,0.00439457,722.0,3577.85,0.299718,0.528531,48.0,2370490000.0,2370490000.0,0.107632,-3.40311,-0.0872546,81.3241,57.0,18.0,5.0,0.0,729.0,3653.0,3653.0,3914.0,3978.0,3925.0,3914.0,3914.0,0.34,1.0,36.0,50.0,0.2,100.0
traj_sweep_126,routing,0.00164003,0.00164003,1076.77,1278.42,877.268,877.268,705.0,3.0,705.0,5.6,0.1135,80.06,0.814723,0.814723,729.0,23.0,23.0,4048.0,4048.0,156879.0,2.0,23.0,5.0,0.00018806,0.00155818,0.00013521,0.00261805,1.542e-05,3.6e-07,2.2e-05,2.02e-06,3.046e-05,394.0,7267.0,0.0023079,2.27761e-05,0.00200441,0.00433509,724.0,3570.68,0.649295,0.696887,47.0,2342380000.0,2342380000.0,0.10882,-3.06388,-0.0790297,81.4723,68.0,21.0,15.0,0.0,727.0,3635.0,3635.0,3915.0,3914.0,3917.0,3910.0,3915.0,0.35,1.0,36.0,50.0,0.2,100.0
traj_sweep_127,routing,0.00143361,0.00143361,1076.77,1278.42,841.092,841.092,699.0,1.0,699.0,5.27,0.0235,16.43,0.781126,0.781126,723.0,23.0,23.0,4048.0,4048.0,45294.0,1.0,23.0,5.0,2.844e-05,0.000301231,3.334e-05,0.00293469,3.26e-06,3.11e-07,5.06e-06,5.8e-07,6.24e-06,65.0,6854.0,0.00215189,2.14105e-05,0.00183765,0.00401095,720.0,3275.5,0.630109,0.687645,47.0,2346850000.0,2346850000.0,0.10917,-2.57983,-0.0661035,78.1126,32.0,24.0,12.0,3.0,721.0,3485.0,3485.0,3639.0,3669.0,3631.0,3637.0,3639.0,0.36,1.0,36.0,50.0,0.2,100.0
traj_sweep_128,routing,0.00167891,0.00167891,1076.77,1278.42,884.982,884.982,708.0,13.0,708.0,7.12,0.42,297.37,0.821887,0.821887,732.0,23.0,23.0,4048.0,4048.0,757293.0,11.0,23.0,5.0,0.00085406,0.00734676,0.00057672,0.00259328,9.633e-05,5.1e-07,9.71e-05,5.871e-06,0.000135649,1555.0,7461.0,0.00221368,2.31262e-05,0.00190433,0.00414113,716.0,3695.55,0.2912,0.524459,47.0,2334420000.0,2334420000.0,0.111207,-2.26339,-0.0649776,82.1887,74.0,29.0,20.0,0.0,730.0,3747.0,3747.0,4036.0,4073.0,4026.0,4036.0,4036.0,0.37,1.0,36.0,50.0,0.2,100.0
traj_sweep_129,routing,0.0017273,0.0017273,1076.77,1278.42,923.02,923.02,708.0,6.0,708.0,7.74,0.4455,315.49,0.857213,0.857213,733.0,23.0,23.0,4048.0,4048.0,794062.0,11.0,23.0,5.0,0.000592829,0.00483605,0.000391229,0.00257663,5.466e-05,3.1e-07,7.404e-05,3.389e-06,8.1069e-05,1242.0,7618.0,0.00223122,2.45202e-05,0.00199638,0.00425212,725.0,3934.15,0.639941,0.692393,47.0,2311990000.0,2311990000.0,0.114981,-1.94565,-0.0525272,85.7213,73.0,10.0,6.0,0.0,731.0,3755.0,3755.0,4256.0,4302.0,4255.0,4257.0,4256.0,0.38,1.0,36.0,50.0,0.2,100.0
traj_sweep_130,routing,0.00113526,0.00113526,1076.77,1278.42,869.288,869.288,701.0,3.0,701.0,5.84,0.1265,88.7,0.807312,0.807312,725.0,23.0,23.0,4048.0,4048.0,233907.0,3.0,23.0,5.0,0.00028368,0.0022216,0.00017084,0.00225855,2.795e-05,3.9e-07,6.664e-05,2.17e-06,4.287e-05,484.0,7068.0,0.00204168,2.23041e-05,0.0017778,0.00384178,718.0,3523.9,0.64834,0.643285,45.0,2320030000.0,2320030000.0,0.116483,-1.4621,-0.0412349,80.7312,56.0,27.0,19.0,0.0,723.0,3551.0,3551.0,3849.0,3888.0,3867.0,3840.0,3849.0,0.39,1.0,36.0,50.0,0.2,100.0
traj_sweep_131,routing,0.00132669,0.00132669,1076.77,1278.42,855.722,855.722,694.0,2.0,694.0,8.07,0.2245,156.04,0.794713,0.794713,718.0,23.0,23.0,4048.0,4048.0,363636.0,5.0,23.0,5.0,0.00050712,0.00407045,0.00027067,0.00305036,5.183e-05,5.5e-07,5.916e-05,3.69e-06,7.776e-05,914.0,7176.0,0.00197142,2.20413e-05,0.00172975,0.00372321,712.0,3590.68,0.265963,0.512339,45.0,2316230000.0,2316230000.0,0.112374,-1.2017,-0.0317368,79.4713,56.0,36.0,29.0,0.0,716.0,3594.0,3594.0,3924.0,3965.0,3921.0,3909.0,3924.0,0.4,1.0,36.0,50.0,0.2,100.0
traj_sweep_132,routing,0.0013845,0.0013845,1076.77,1278.42,804.118,804.118,680.0,1.0,680.0,5.6,0.175,119.29,0.746789,0.746789,704.0,23.0,23.0,4048.0,4048.0,326742.0,5.0,23.0,5.0,0.000193731,0.00259178,0.00018502,0.00277993,2.1331e-05,2.71e-07,5.212e-05,2.031e-06,4.4949e-05,587.0,7105.0,0.0018485,2.0143e-05,0.00160447,0.00347311,703.0,3569.49,0.641494,0.693133,26.0,2335190000.0,2335190000.0,0.112514,-0.350038,-0.0214434,74.6789,39.0,7.0,6.0,0.0,702.0,3570.0,3570.0,3939.0,3990.0,3940.0,3938.0,3939.0,0.41,1.0,36.0,50.0,0.2,100.0
traj_sweep_133,routing,0.00114852,0.00114852,1076.77,1278.42,804.916,804.916,671.0,10.0,671.0,7.88,0.409,274.5,0.74753,0.74753,695.0,23.0,23.0,4048.0,4048.0,675879.0,11.0,23.0,5.0,0.000405619,0.00489772,0.000281129,0.0028822,4.058e-05,3.5e-07,5.1309e-05,3.32e-06,6.811e-05,1197.0,6939.0,0.00178708,2.02867e-05,0.00158064,0.00338801,683.0,3518.53,0.795061,0.596077,23.0,2325090000.0,2325090000.0,0.111986,-0.141226,-0.0125539,74.753,34.0,9.0,6.0,0.0,693.0,3546.0,3546.0,3867.0,3882.0,3852.0,3865.0,3867.0,0.42,1.0,36.0,50.0,0.2,100.0
traj_sweep_134,routing,0.000859611,0.000859611,1076.77,1278.42,728.308,728.308,640.0,5.0,640.0,3.37,0.0395,25.31,0.676383,0.676383,664.0,23.0,23.0,4048.0,4048.0,58026.0,1.0,23.0,5.0,0.00013266,0.00183698,0.00010612,0.0027183,1.293e-05,3.7e-07,2.166e-05,1.31e-06,2.29e-05,232.0,6338.0,0.00155842,1.74558e-05,0.00136426,0.00294014,657.0,3110.81,0.750348,0.597237,8.0,2312630000.0,2312630000.0,0.112584,-0.0282078,-0.00808281,67.6383,57.0,19.0,7.0,0.0,662.0,3386.0,3386.0,3524.0,3549.0,3527.0,3524.0,3524.0,0.43,1.0,36.0,50.0,0.2,100.0
traj_sweep_135,routing,0.00397645,0.00397645,1076.77,1278.42,723.52,723.52,626.0,6.0,626.0,8.4,0.1085,67.95,0.671937,0.671937,650.0,23.0,23.0,4048.0,4048.0,178006.0,3.0,23.0,5.0,0.00018876,0.00234541,0.00016986,0.0027605,1.61e-05,8.5e-07,2.688e-05,1.6e-06,3.199e-05,523.0,6520.0,0.00149354,1.73801e-05,0.00135042,0.00286134,642.0,3144.68,0.75434,0.597232,4.0,2304160000.0,2304160000.0,0.112173,-0.00717409,-0.00342484,67.1937,79.0,34.0,25.0,0.0,648.0,3380.0,3380.0,3653.0,3699.0,3658.0,3648.0,3653.0,0.44,1.0,36.0,50.0,0.2,100.0
traj_sweep_136,routing,0.000886222,0.000886222,1076.77,1278.42,698.782,698.782,625.0,8.0,625.0,4.32,0.051,32.0,0.648962,0.648962,649.0,23.0,23.0,4048.0,4048.0,79852.0,1.0,22.0,4.0,0.00015109,0.00140903,0.00012493,0.00431321,1.309e-05,8.71e-07,2e-05,1.52e-06,2.561e-05,256.0,6301.0,0.00139508,1.63324e-05,0.0012444,0.00265582,639.0,3140.53,0.728876,0.611443,3.0,2272210000.0,2272210000.0,0.113273,-0.00124065,-0.00089051,64.8962,46.0,23.0,15.0,0.0,647.0,3303.0,3303.0,3517.0,3535.0,3517.0,3513.0,3517.0,0.45,1.0,36.0,50.0,0.2,100.0
traj_sweep_137,routing,0.00119697,0.00119697,1076.77,1278.42,683.354,683.354,614.0,0.0,614.0,0.95,0.002,1.52,0.634634,0.634634,638.0,23.0,23.0,4048.0,4048.0,5614.0,0.0,22.0,4.0,1.463e-05,5.95e-05,2.684e-05,0.00297514,7e-07,2.9e-07,1.84e-06,7.7e-07,4.7e-06,9.0,6190.0,0.00133021,1.57822e-05,0.00119011,0.0025361,636.0,2990.79,0.761141,0.613936,0.0,2226370000.0,2226370000.0,0.111559,0.0,0.000117628,63.4634,36.0,29.0,21.0,0.0,636.0,3253.0,3253.0,3446.0,3501.0,3463.0,3452.0,3446.0,0.46,1.0,36.0,50.0,0.2,100.0
traj_sweep_138,routing,0.00136995,0.00136995,1076.77,1278.42,678.034,678.034,610.0,0.0,610.0,0.0,0.0,0.0,0.629694,0.629694,636.0,23.0,23.0,4048.0,4048.0,0.0,0.0,22.0,4.0,7.05e-06,6.098e-05,1.632e-05,0.00540579,3.1e-07,5.3e-07,9.8e-07,4.6e-07,2.75e-06,11.0,6044.0,0.00128642,1.55925e-05,0.00113926,0.00244128,634.0,2956.45,0.724088,0.507366,0.0,2211080000.0,2211080000.0,0.113211,0.0,0.003753,62.9694,73.0,23.0,22.0,0.0,634.0,3279.0,3279.0,3428.0,3463.0,3436.0,3433.0,3428.0,0.47,1.0,36.0,50.0,0.2,100.0
traj_sweep_139,routing,0.000814626,0.000814626,1076.77,1278.42,677.768,677.768,611.0,0.0,611.0,0.0,0.0,0.0,0.629447,0.629447,636.0,23.0,23.0,4048.0,4048.0,0.0,0.0,22.0,4.0,0.00135976,0.0102374,0.00085898,0.01522,0.000197411,6.5e-07,0.000167,8.72e-06,0.00020718,3149.0,6147.0,0.00125918,1.55891e-05,0.00113053,0.0024053,634.0,2997.21,0.735273,0.528017,0.0,2206490000.0,2206490000.0,0.112647,0.0,0.010394,62.9447,50.0,22.0,10.0,0.0,634.0,3224.0,3224.0,3413.0,3443.0,3412.0,3414.0,3413.0,0.48,1.0,36.0,50.0,0.2,100.0
traj_sweep_140,routing,0.00123279,0.00123279,1076.77,1278.42,675.64,675.64,610.0,0.0,610.0,0.0,0.0,0.0,0.62747,0.62747,634.0,23.0,23.0,4048.0,4048.0,0.0,0.0,22.0,4.0,0.00131203,0.0134389,0.000989071,0.0134143,9.841e-05,1.06e-06,0.00014052,7.79e-06,0.00017306,3205.0,6090.0,0.00124054,1.54618e-05,0.00110505,0.00236106,632.0,2928.69,0.763489,0.618963,0.0,2178380000.0,2178380000.0,0.111784,0.0,0.012683,62.747,75.0,19.0,24.0,0.0,632.0,3277.0,3277.0,3418.0,3427.0,3405.0,3418.0,3418.0,0.49,1.0,36.0,50.0,0.2,100.0
traj_sweep_141,routing,0.00121698,0.00121698,1076.77,1278.42,674.576,674.576,609.0,0.0,609.0,0.0,0.0,0.0,0.626482,0.626482,634.0,23.0,23.0,4048.0,4048.0,0.0,0.0,22.0,4.0,0.00217005,0.0135503,0.00135496,0.0165736,0.00014218,1.45e-06,0.00019501,1.042e-05,0.00024799,3262.0,6181.0,0.00120526,1.54538e-05,0.00108488,0.0023056,632.0,2969.97,0.736422,0.619204,0.0,2166190000.0,2166190000.0,0.112493,0.0,0.0226343,62.6482,64.0,30.0,25.0,0.0,632.0,3258.0,3258.0,3452.0,3447.0,3434.0,3452.0,3452.0,0.5,1.0,36.0,50.0,0.2,100.0
traj_sweep_142,routing,0.000538965,0.000538965,1076.77,1278.42,675.374,675.374,610.0,0.0,610.0,0.0,0.0,0.0,0.627223,0.627223,634.0,23.0,23.0,4048.0,4048.0,0.0,0.0,22.0,4.0,0.00129799,0.00875285,0.00082041,0.0099592,9.814e-05,4.6e-07,0.00018512,7.56e-06,0.00016972,3189.0,6218.0,0.00119125,1.5441e-05,0.00106034,0.00226703,632.0,2974.21,0.772332,0.606295,0.0,2139580000.0,2139580000.0,0.111995,0.0,0.0299596,62.7223,46.0,17.0,5.0,0.0,632.0,3292.0,3292.0,3456.0,3489.0,3468.0,3455.0,3456.0,0.51,1.0,36.0,50.0,0.2,100.0
traj_sweep_143,routing,0.00295478,0.00295478,1076.77,1278.42,675.64,675.64,610.0,0.0,610.0,0.0,0.0,0.0,0.62747,0.62747,634.0,23.0,23.0,4048.0,4048.0,0.0,0.0,22.0,4.0,0.00123368,0.00831282,0.00082576,0.0104064,9.618e-05,5.9e-07,0.0001341,7.35e-06,0.00016068,3118.0,5976.0,0.00116993,1.54808e-05,0.00104665,0.00223206,632.0,2972.28,0.776034,0.605916,0.0,2191750000.0,2191750000.0,0.112866,0.0,0.0397594,62.747,78.0,14.0,15.0,0.0,632.0,3248.0,3248.0,3397.0,3457.0,3408.0,3400.0,3397.0,0.52,1.0,36.0,50.0,0.2,100.0
traj_sweep_144,routing,0.00158487,0.00158487,1076.77,1278.42,675.108,675.108,610.0,0.0,610.0,0.0,0.0,0.0,0.626976,0.626976,634.0,23.0,23.0,4048.0,4048.0,0.0,0.0,22.0,4.0,0.0017009,0.00909115,0.00100285,0.0142956,0.00011915,1.05e-06,0.00016258,9.48e-06,0.00021921,3235.0,6136.0,0.0011409,1.54521e-05,0.00101919,0.00217554,632.0,2954.18,0.778144,0.610451,0.0,2165570000.0,2165570000.0,0.114009,0.0,0.0443398,62.6976,82.0,17.0,22.0,0.0,632.0,3302.0,3302.0,3420.0,3454.0,3435.0,3420.0,3420.0,0.53,1.0,36.0,50.0,0.2,100.0
traj_sweep_145,routing,0.00159453,0.00159453,1076.77,1278.42,675.108,675.108,610.0,0.0,610.0,0.0,0.0,0.0,0.626976,0.626976,634.0,23.0,23.0,4048.0,4048.0,0.0,0.0,22.0,4.0,0.00140915,0.00923242,0.00090544,0.0148988,0.00012945,6.51e-07,0.00017073,8.36e-06,0.00019244,3182.0,6204.0,0.00111975,1.54521e-05,0.000997337,0.00213254,632.0,2953.53,0.722507,0.598572,0.0,2109890000.0,2109890000.0,0.113238,0.0,0.05369,62.6976,38.0,8.0,7.0,0.0,632.0,3238.0,3238.0,3437.0,3494.0,3437.0,3438.0,3437.0,0.54,1.0,36.0,50.0,0.2,100.0
traj_sweep_146,routing,0.00315694,0.00315694,1076.77,1278.42,674.842,674.842,610.0,0.0,610.0,0.0,0.0,0.0,0.626729,0.626729,634.0,23.0,23.0,4048.0,4048.0,0.0,0.0,22.0,4.0,0.00231726,0.0146007,0.00129249,0.0138442,0.00015814,5.2e-07,0.00018437,1.05e-05,0.000236151,3149.0,6064.0,0.00109858,1.54472e-05,0.000984295,0.00209833,632.0,2971.36,0.747614,0.60119,0.0,2122040000.0,2122040000.0,0.113914,0.0,0.0618751,62.6729,55.0,35.0,12.0,0.0,632.0,3265.0,3265.0,3465.0,3491.0,3460.0,3464.0,3465.0,0.55,1.0,36.0,50.0,0.2,100.0
traj_sweep_147,routing,0.00049203,0.00049203,1076.77,1278.42,674.576,674.576,609.0,0.0,609.0,0.0,0.0,0.0,0.626482,0.626482,633.0,23.0,23.0,4048.0,4048.0,0.0,0.0,22.0,4.0,0.00669063,0.0335823,0.00249703,0.0329926,0.00015381,8.1e-07,0.00035764,1.064e-05,0.00023724,3153.0,6116.0,0.00108587,1.54213e-05,0.000963837,0.00206513,631.0,2964.61,0.735633,0.530987,0.0,2135080000.0,2135080000.0,0.112525,0.0,0.0697001,62.6482,60.0,33.0,15.0,0.0,631.0,3217.0,3217.0,3451.0,3480.0,3441.0,3446.0,3451.0,0.56,1.0,36.0,50.0,0.2,100.0
traj_sweep_148,routing,0.00049203,0.00049203,1076.77,1278.42,674.576,674.576,609.0,0.0,609.0,0.0,0.0,0.0,0.626482,0.626482,633.0,23.0,23.0,4048.0,4048.0,0.0,0.0,22.0,4.0,0.00226222,0.0130645,0.00103309,0.014329,0.00013576,1.48e-06,0.00017448,8.99e-06,0.00021286,3153.0,6116.0,0.00106682,1.54213e-05,0.000946928,0.00202917,631.0,2964.61,0.735633,0.530987,0.0,2135080000.0,2135080000.0,0.112525,0.0,0.0777002,62.6482,60.0,33.0,15.0,0.0,631.0,3217.0,3217.0,3451.0,3480.0,3441.0,3446.0,3451.0,0.57,1.0,36.0,50.0,0.2,100.0
traj_sweep_149,routing,0.000700752,0.000700752,1076.77,1278.42,674.044,674.044,608.0,0.0,608.0,0.0,0.0,0.0,0.625988,0.625988,632.0,23.0,23.0,4048.0,4048.0,0.0,0.0,22.0,4.0,0.00160735,0.0192149,0.00106774,0.0307869,0.00012634,1.01e-06,0.00016551,9.83e-06,0.00019888,3247.0,6190.0,0.00104914,1.54214e-05,0.000927773,0.00199233,630.0,2921.09,0.760464,0.473479,0.0,2123990000.0,2123990000.0,0.113435,0.0,0.087532,62.5988,65.0,32.0,22.0,0.0,630.0,3219.0,3219.0,3373.0,3425.0,3386.0,3372.0,3373.0,0.58,1.0,36.0,50.0,0.2,100.0
traj_sweep_150,routing,0.00137943,0.00137943,1076.77,1278.42,673.512,673.512,608.0,0.0,608.0,0.0,0.0,0.0,0.625494,0.625494,632.0,23.0,23.0,4048.0,4048.0,0.0,0.0,22.0,4.0,0.00184415,0.0129216,0.00098736,0.0134174,0.000108051,7.8e-07,0.00015028,8.231e-06,0.00017834,3093.0,6053.0,0.00102491,1.54102e-05,0.000910901,0.00195122,630.0,2954.09,0.759396,0.538249,0.0,2126130000.0,2126130000.0,0.112418,0.0,0.0925506,62.5494,43.0,16.0,11.0,0.0,630.0,3256.0,3256.0,3413.0,3433.0,3403.0,3407.0,3413.0,0.59,1.0,36.0,50.0,0.2,100.0
traj_sweep_151,routing,0.00191565,0.00191565,1076.77,1278.42,674.842,674.842,608.0,0.0,608.0,0.0,0.0,0.0,0.626729,0.626729,632.0,23.0,23.0,4048.0,4048.0,0.0,0.0,22.0,4.0,0.00200348,0.0117168,0.00110085,0.0110801,0.00017586,7.6e-07,0.00015578,1.414e-05,0.00265986,3259.0,6198.0,0.00101433,1.54659e-05,0.000904118,0.00193391,630.0,2973.11,0.691699,0.537986,0.0,2117960000.0,2117960000.0,0.113239,0.0,0.100585,62.6729,52.0,17.0,8.0,0.0,630.0,3267.0,3267.0,3446.0,3476.0,3431.0,3446.0,3446.0,0.6,1.0,36.0,50.0,0.2,100.0
traj_sweep_152,routing,0.00120744,0.00120744,1076.77,1278.42,674.842,674.842,608.0,0.0,608.0,0.0,0.0,0.0,0.626729,0.626729,632.0,23.0,23.0,4048.0,4048.0,0.0,0.0,22.0,4.0,0.00203525,0.0134132,0.00152053,0.0137217,0.00290833,1.19e-06,0.0001951,1.188e-05,0.00029415,3216.0,6141.0,0.000997839,1.54659e-05,0.000883233,0.00189654,630.0,2960.42,0.684136,0.531927,0.0,2130680000.0,2130680000.0,0.112884,0.0,0.111295,62.6729,47.0,26.0,26.0,0.0,630.0,3268.0,3268.0,3428.0,3473.0,3428.0,3428.0,3428.0,0.61,1.0,36.0,50.0,0.2,100.0
traj_sweep_153,routing,0.00126948,0.00126948,1076.77,1278.42,674.044,674.044,608.0,0.0,608.0,0.0,0.0,0.0,0.625988,0.625988,632.0,23.0,23.0,4048.0,4048.0,0.0,0.0,22.0,4.0,0.00173002,0.0125882,0.0010206,0.0106669,0.0001133,5.9e-07,0.00017642,1.516e-05,0.00020953,3220.0,6213.0,0.000981464,1.54214e-05,0.000873202,0.00187009,630.0,2958.44,0.776266,0.531586,0.0,2140920000.0,2140920000.0,0.112327,0.0,0.11532,62.5988,39.0,13.0,5.0,1.0,630.0,3257.0,3257.0,3415.0,3450.0,3414.0,3412.0,3413.0,0.62,1.0,36.0,50.0,0.2,100.0
traj_sweep_154,routing,0.000476987,0.000476987,1076.77,1278.42,995.904,995.904,751.0,14.0,751.0,12.01,1.014,761.72,0.924901,0.924901,777.0,23.0,23.0,4048.0,4048.0,1533970.0,19.0,23.0,5.0,0.00120342,0.0136928,0.00079046,0.00277309,0.0001429,8e-07,0.00017101,1.187e-05,0.00020477,2860.0,9410.0,0.00674942,2.76461e-05,0.00567716,0.0124542,761.0,4912.19,0.640936,0.692862,53.0,2333530000.0,2333530000.0,0.072406,-13.3868,-0.288535,92.4901,92.0,57.0,42.0,0.0,775.0,4222.0,4222.0,5300.0,5345.0,5311.0,5297.0,5300.0,0.14,1.0,37.0,50.0,0.2,100.0
traj_sweep_155,routing,0.00176466,0.00176466,1076.77,1278.42,963.186,963.186,738.0,2.0,738.0,7.69,0.2415,178.56,0.894516,0.894516,762.0,23.0,23.0,4048.0,4048.0,192162.0,2.0,23.0,5.0,0.000474611,0.00496589,0.000320891,0.0032988,5.5851e-05,2.06e-06,5.594e-05,3.14e-06,7.6211e-05,808.0,8296.0,0.00608773,2.6352e-05,0.00507748,0.0111916,759.0,4217.84,0.586046,0.666466,53.0,2351470000.0,2351470000.0,0.0714098,-12.7749,-0.275266,89.4516,57.0,24.0,18.0,0.0,760.0,3926.0,3926.0,4529.0,4554.0,4537.0,4524.0,4529.0,0.15,1.0,37.0,50.0,0.2,100.0
traj_sweep_156,routing,0.00115712,0.00115712,1076.77,1278.42,973.826,973.826,741.0,5.0,741.0,14.24,0.559,414.26,0.904397,0.904397,765.0,23.0,23.0,4048.0,4048.0,917865.0,10.0,23.0,5.0,0.00089111,0.0239466,0.00060145,0.00255885,0.00418002,4.6e-07,0.00019757,7.16e-06,0.00019029,1730.0,9305.0,0.0056753,2.68643e-05,0.00477092,0.0104731,761.0,4953.33,0.504611,0.627221,53.0,2332750000.0,2332750000.0,0.0735264,-12.4429,-0.268679,90.4397,94.0,43.0,39.0,0.0,763.0,4214.0,4214.0,5284.0,5377.0,5285.0,5293.0,5284.0,0.16,1.0,37.0,50.0,0.2,100.0
traj_sweep_157,routing,0.00126218,0.00126218,1076.77,1278.42,958.664,958.664,739.0,4.0,739.0,11.06,0.467,345.41,0.890316,0.890316,763.0,23.0,23.0,4048.0,4048.0,746746.0,9.0,23.0,5.0,0.0008259,0.00838093,0.00060061,0.00261356,9.037e-05,4.2e-07,0.00011324,5.9e-06,0.0001324,1550.0,8706.0,0.0053335,2.61595e-05,0.00450031,0.00985997,759.0,4504.43,0.633095,0.689077,53.0,2343470000.0,2343470000.0,0.0744793,-11.7635,-0.256718,89.0316,84.0,56.0,27.0,0.0,761.0,4026.0,4026.0,4872.0,4883.0,4849.0,4864.0,4872.0,0.17,1.0,37.0,50.0,0.2,100.0
traj_sweep_158,routing,0.00173515,0.00173515,1076.77,1278.42,975.688,975.688,735.0,7.0,735.0,10.68,0.8515,625.95,0.906126,0.906126,759.0,23.0,23.0,4048.0,4048.0,1261460.0,15.0,23.0,5.0,0.00576472,0.0311455,0.00090386,0.00264794,0.000184429,4.9e-07,0.00029402,8.72e-06,0.000217929,2454.0,9025.0,0.00507171,2.68177e-05,0.00433406,0.00943258,752.0,4803.49,0.612556,0.679212,53.0,2333250000.0,2333250000.0,0.0775945,-11.2222,-0.248587,90.6126,102.0,84.0,33.0,0.0,757.0,4095.0,4095.0,5155.0,5226.0,5173.0,5159.0,5155.0,0.18,1.0,37.0,50.0,0.2,100.0
traj_sweep_159,routing,0.000852436,0.000852436,1076.77,1278.42,961.058,961.058,741.0,10.0,741.0,9.92,0.4865,360.77,0.89254,0.89254,765.0,23.0,23.0,4048.0,4048.0,676349.0,8.0,23.0,5.0,0.00064488,0.0178906,0.00042912,0.00702723,7.169e-05,9.51e-07,9.501e-05,4.96e-06,0.00010125,1374.0,8652.0,0.00470255,2.62681e-05,0.00398,0.00870881,754.0,4534.97,0.60961,0.677793,53.0,2367440000.0,2367440000.0,0.0796665,-10.7028,-0.232397,89.254,91.0,36.0,36.0,0.0,763.0,4104.0,4104.0,4847.0,4897.0,4838.0,4845.0,4847.0,0.19,1.0,37.0,50.0,0.2,100.0
traj_sweep_160,routing,0.00105996,0.00105996,1076.77,1278.42,961.59,961.59,735.0,3.0,735.0,10.83,0.4395,323.17,0.893034,0.893034,761.0,23.0,23.0,4048.0,4048.0,668353.0,8.0,24.0,6.0,0.000784899,0.0212472,0.00053218,0.00764543,9.258e-05,4.9e-07,0.000100909,4.93e-06,0.00012708,1397.0,8364.0,0.00451421,2.64475e-05,0.00377381,0.00831447,756.0,4430.85,0.602605,0.674424,53.0,2365330000.0,2365330000.0,0.0816171,-10.2378,-0.222774,89.3034,91.0,13.0,11.0,0.0,759.0,3969.0,3969.0,4778.0,4794.0,4771.0,4775.0,4778.0,0.2,1.0,37.0,50.0,0.2,100.0
traj_sweep_161,routing,0.0012443,0.0012443,1076.77,1278.42,935.788,935.788,732.0,7.0,732.0,6.93,0.1795,131.56,0.869071,0.869071,756.0,23.0,23.0,4048.0,4048.0,319803.0,4.0,23.0,5.0,0.00026931,0.00333963,0.00020096,0.00275569,2.277e-05,5.5e-07,3.58e-05,2.23e-06,4.033e-05,626.0,8028.0,0.00412069,2.53578e-05,0.00348891,0.00763495,750.0,4017.8,0.636916,0.690928,53.0,2366210000.0,2366210000.0,0.0804023,-9.5411,-0.212617,86.9071,68.0,21.0,24.0,0.0,754.0,3828.0,3828.0,4305.0,4352.0,4304.0,4299.0,4305.0,0.21,1.0,37.0,50.0,0.2,100.0
traj_sweep_162,routing,0.00156823,0.00156823,1076.77,1278.42,979.412,979.412,734.0,10.0,734.0,11.82,0.6415,471.13,0.909585,0.909585,760.0,23.0,23.0,4048.0,4048.0,1014430.0,13.0,23.0,5.0,0.00088721,0.00875871,0.00059803,0.00285143,9.42e-05,5.3e-07,0.00011016,6.68e-06,0.00015068,1882.0,8373.0,0.00410186,2.6933e-05,0.00356933,0.00769813,748.0,4492.85,0.590424,0.668557,53.0,2344860000.0,2344860000.0,0.0849199,-9.16002,-0.206465,90.9585,85.0,47.0,20.0,0.0,758.0,3997.0,3997.0,4816.0,4866.0,4822.0,4813.0,4816.0,0.22,1.0,37.0,50.0,0.2,100.0
traj_sweep_163,routing,0.000715372,0.000715372,1076.77,1278.42,941.906,941.906,727.0,5.0,727.0,6.6,0.245,178.28,0.874753,0.874753,751.0,23.0,23.0,4048.0,4048.0,349230.0,4.0,23.0,5.0,0.00076507,0.00962292,0.00032305,0.00274092,5.323e-05,8e-07,0.00025167,3.75e-06,8.657e-05,1033.0,8094.0,0.00377468,2.54732e-05,0.00322089,0.00702104,746.0,4110.27,0.645434,0.695024,53.0,2369620000.0,2369620000.0,0.0865714,-8.45931,-0.192008,87.4753,71.0,21.0,24.0,0.0,749.0,3887.0,3887.0,4425.0,4453.0,4426.0,4425.0,4425.0,0.23,1.0,37.0,50.0,0.2,100.0
traj_sweep_164,routing,0.00233705,0.00233705,1076.77,1278.42,929.67,929.67,733.0,8.0,733.0,9.54,0.328,240.47,0.863389,0.863389,757.0,23.0,23.0,4048.0,4048.0,504989.0,7.0,23.0,5.0,0.0004986,0.00517324,0.00033425,0.00250554,9.974e-05,4.4e-07,6.244e-05,4.82e-06,0.000128611,1094.0,7934.0,0.00360517,2.50852e-05,0.00307599,0.00670625,748.0,4012.67,0.62995,0.687564,53.0,2350820000.0,2350820000.0,0.0834689,-8.07402,-0.185383,86.3389,55.0,20.0,39.0,0.0,755.0,3828.0,3828.0,4343.0,4402.0,4375.0,4343.0,4343.0,0.24,1.0,37.0,50.0,0.2,100.0
traj_sweep_165,routing,0.0019167,0.0019167,1076.77,1278.42,947.758,947.758,737.0,9.0,737.0,8.45,0.303,223.55,0.880188,0.880188,761.0,23.0,23.0,4048.0,4048.0,489568.0,6.0,23.0,5.0,0.0005967,0.0117968,0.00041434,0.00647364,7.211e-05,4.7e-07,8.431e-05,4.23e-06,9.576e-05,1067.0,8056.0,0.00352804,2.55116e-05,0.00299274,0.0065463,752.0,4228.23,0.636359,0.69066,51.0,2386470000.0,2386470000.0,0.091965,-7.57673,-0.169029,88.0188,86.0,45.0,21.0,0.0,759.0,3895.0,3895.0,4527.0,4557.0,4507.0,4523.0,4527.0,0.25,1.0,37.0,50.0,0.2,100.0
traj_sweep_166,routing,0.00092118,0.00092118,1076.77,1278.42,936.586,936.586,729.0,4.0,729.0,8.78,0.2295,167.47,0.869812,0.869812,753.0,23.0,23.0,4048.0,4048.0,433762.0,6.0,23.0,5.0,0.00056457,0.0130079,0.00027503,0.00256,4.684e-05,3.2e-07,5.615e-05,3.44e-06,6.6e-05,790.0,8056.0,0.00333144,2.51694e-05,0.00286948,0.00622609,747.0,4116.88,0.640936,0.692862,50.0,2354540000.0,2354540000.0,0.0933272,-7.09569,-0.164711,86.9812,79.0,25.0,22.0,0.0,751.0,3875.0,3875.0,4426.0,4474.0,4429.0,4429.0,4426.0,0.26,1.0,37.0,50.0,0.2,100.0
traj_sweep_167,routing,0.00187513,0.00187513,1076.77,1278.42,926.478,926.478,736.0,6.0,736.0,6.36,0.1775,130.75,0.860425,0.860425,760.0,23.0,23.0,4048.0,4048.0,279837.0,4.0,23.0,5.0,0.00033738,0.00384675,0.00024972,0.00280529,3.023e-05,9.2e-07,4.029e-05,2.32e-06,5.066e-05,742.0,7546.0,0.0031905,2.45493e-05,0.00269389,0.00590893,751.0,3835.89,0.645434,0.695024,49.0,2392140000.0,2392140000.0,0.0953906,-6.60341,-0.148035,86.0425,47.0,17.0,15.0,0.0,758.0,3751.0,3751.0,4102.0,4193.0,4104.0,4106.0,4102.0,0.27,1.0,37.0,50.0,0.2,100.0
traj_sweep_168,routing,0.00152189,0.00152189,1076.77,1278.42,941.108,941.108,734.0,5.0,734.0,9.16,0.7015,515.17,0.874012,0.874012,758.0,23.0,23.0,4048.0,4048.0,1298300.0,17.0,23.0,5.0,0.00091979,0.0250437,0.00062216,0.00669626,9.762e-05,6.6e-07,0.00013304,6.14e-06,0.00014148,1659.0,8324.0,0.00313426,2.51706e-05,0.00271389,0.00587331,752.0,4425.71,0.576635,0.66192,49.0,2359110000.0,2359110000.0,0.098068,-6.22271,-0.143888,87.4012,76.0,32.0,28.0,7.0,756.0,3970.0,3970.0,4745.0,4801.0,4760.0,4737.0,4742.0,0.28,1.0,37.0,50.0,0.2,100.0
traj_sweep_169,routing,0.00229208,0.00229208,1076.77,1278.42,932.596,932.596,721.0,1.0,721.0,11.25,0.3855,278.11,0.866107,0.866107,745.0,23.0,23.0,4048.0,4048.0,653754.0,9.0,23.0,5.0,0.0006973,0.011477,0.00040109,0.00319044,7.424e-05,1.17e-06,9.345e-05,4.12e-06,0.00014319,1070.0,8105.0,0.00294121,2.4696e-05,0.00257142,0.00553733,742.0,4125.16,0.636359,0.69067,49.0,2352960000.0,2352960000.0,0.0982873,-5.82479,-0.138095,86.6107,69.0,22.0,12.0,0.0,743.0,3857.0,3857.0,4449.0,4480.0,4443.0,4448.0,4449.0,0.29,1.0,37.0,50.0,0.2,100.0
traj_sweep_170,routing,0.000941768,0.000941768,1076.77,1278.42,894.026,894.026,719.0,1.0,719.0,6.55,0.0575,41.4,0.830287,0.830287,743.0,23.0,23.0,4048.0,4048.0,80483.0,1.0,23.0,5.0,0.00011036,0.00097822,9.522e-05,0.00311037,8.849e-06,4e-07,1.4069e-05,1.14e-06,1.786e-05,186.0,7392.0,0.00275992,2.33577e-05,0.00234223,0.0051255,740.0,3747.65,0.646987,0.69578,49.0,2354790000.0,2354790000.0,0.0994491,-5.20595,-0.124667,83.0287,52.0,30.0,11.0,0.0,741.0,3707.0,3707.0,4056.0,4096.0,4041.0,4053.0,4056.0,0.3,1.0,37.0,50.0,0.2,100.0
traj_sweep_171,routing,0.00157981,0.00157981,1076.77,1278.42,891.898,891.898,721.0,2.0,721.0,5.6,0.0245,17.9,0.82831,0.82831,745.0,23.0,23.0,4048.0,4048.0,52537.0,1.0,23.0,5.0,7.348e-05,0.00051925,5.792e-05,0.00323597,4.81e-06,3.5e-07,8.05e-06,8.9e-07,1.07e-05,115.0,7301.0,0.0026753,2.32567e-05,0.0022437,0.00494225,742.0,3636.19,0.635443,0.690227,49.0,2354790000.0,2354790000.0,0.102168,-4.73614,-0.114667,82.831,41.0,9.0,3.0,0.0,743.0,3686.0,3686.0,3903.0,3952.0,3907.0,3902.0,3903.0,0.31,1.0,37.0,50.0,0.2,100.0
traj_sweep_172,routing,0.00218637,0.00218637,1076.77,1278.42,891.632,891.632,708.0,4.0,708.0,7.69,0.4085,289.29,0.828063,0.828063,732.0,23.0,23.0,4048.0,4048.0,727273.0,11.0,23.0,5.0,0.00049303,0.00463717,0.00031902,0.00211627,5.144e-05,2.3e-07,6.484e-05,4.59e-06,9.038e-05,1308.0,7666.0,0.00254061,2.32569e-05,0.0022425,0.00480636,726.0,3747.3,0.639941,0.692389,49.0,2351710000.0,2351710000.0,0.101394,-4.22504,-0.105223,82.8063,69.0,33.0,29.0,0.0,730.0,3749.0,3749.0,4063.0,4115.0,4071.0,4071.0,4063.0,0.32,1.0,37.0,50.0,0.2,100.0
traj_sweep_173,routing,0.00159197,0.00159197,1076.77,1278.42,888.44,888.44,703.0,5.0,703.0,9.02,0.377,265.25,0.825099,0.825099,727.0,23.0,23.0,4048.0,4048.0,679928.0,10.0,23.0,5.0,0.00045033,0.00669269,0.00030373,0.00318804,5.998e-05,1.4e-07,6.395e-05,3.65e-06,8.617e-05,1228.0,7464.0,0.00246745,2.31933e-05,0.00217544,0.00466609,719.0,3746.79,0.277587,0.517943,47.0,2348630000.0,2348630000.0,0.10391,-3.97803,-0.0957808,82.5099,73.0,29.0,23.0,0.0,725.0,3708.0,3708.0,4086.0,4152.0,4083.0,4084.0,4086.0,0.33,1.0,37.0,50.0,0.2,100.0
traj_sweep_174,routing,0.00179003,0.00179003,1076.77,1278.42,875.672,875.672,707.0,6.0,707.0,8.83,0.2645,187.17,0.813241,0.813241,731.0,23.0,23.0,4048.0,4048.0,433147.0,6.0,23.0,5.0,0.000482289,0.00445737,0.00031826,0.00231554,4.3889e-05,2.8e-07,6.271e-05,3.46e-06,7.772e-05,1057.0,7467.0,0.00234558,2.26624e-05,0.00202633,0.00439457,722.0,3577.85,0.299718,0.528531,48.0,2370490000.0,2370490000.0,0.107632,-3.40311,-0.0872546,81.3241,57.0,18.0,5.0,0.0,729.0,3653.0,3653.0,3914.0,3978.0,3925.0,3914.0,3914.0,0.34,1.0,37.0,50.0,0.2,100.0
traj_sweep_175,routing,0.00164003,0.00164003,1076.77,1278.42,877.268,877.268,705.0,3.0,705.0,5.6,0.1135,80.06,0.814723,0.814723,729.0,23.0,23.0,4048.0,4048.0,156879.0,2.0,23.0,5.0,0.00021787,0.00181565,0.00016329,0.00242437,1.882e-05,3.4e-07,2.789e-05,1.77e-06,3.242e-05,394.0,7267.0,0.0023079,2.27761e-05,0.00200441,0.00433509,724.0,3570.68,0.649295,0.696887,47.0,2342380000.0,2342380000.0,0.10882,-3.06388,-0.0790297,81.4723,68.0,21.0,15.0,0.0,727.0,3635.0,3635.0,3915.0,3914.0,3917.0,3910.0,3915.0,0.35,1.0,37.0,50.0,0.2,100.0
traj_sweep_176,routing,0.00143361,0.00143361,1076.77,1278.42,841.092,841.092,699.0,1.0,699.0,5.27,0.0235,16.43,0.781126,0.781126,723.0,23.0,23.0,4048.0,4048.0,45294.0,1.0,23.0,5.0,4.311e-05,0.00036241,4.294e-05,0.00280933,3.53e-06,3.4e-07,5.94e-06,5.8e-07,8.15e-06,65.0,6854.0,0.00215189,2.14105e-05,0.00183765,0.00401095,720.0,3275.5,0.630109,0.687645,47.0,2346850000.0,2346850000.0,0.10917,-2.57983,-0.0661035,78.1126,32.0,24.0,12.0,3.0,721.0,3485.0,3485.0,3639.0,3669.0,3631.0,3637.0,3639.0,0.36,1.0,37.0,50.0,0.2,100.0
traj_sweep_177,routing,0.00167891,0.00167891,1076.77,1278.42,884.982,884.982,708.0,13.0,708.0,7.12,0.42,297.37,0.821887,0.821887,732.0,23.0,23.0,4048.0,4048.0,757293.0,11.0,23.0,5.0,0.00081986,0.00759922,0.00058104,0.00215573,7.681e-05,4.2e-07,9.515e-05,6.029e-06,0.000132489,1555.0,7461.0,0.00221368,2.31262e-05,0.00190433,0.00414113,716.0,3695.55,0.2912,0.524459,47.0,2334420000.0,2334420000.0,0.111207,-2.26339,-0.0649776,82.1887,74.0,29.0,20.0,0.0,730.0,3747.0,3747.0,4036.0,4073.0,4026.0,4036.0,4036.0,0.37,1.0,37.0,50.0,0.2,100.0
traj_sweep_178,routing,0.0017273,0.0017273,1076.77,1278.42,923.02,923.02,708.0,6.0,708.0,7.74,0.4455,315.49,0.857213,0.857213,733.0,23.0,23.0,4048.0,4048.0,794062.0,11.0,23.0,5.0,0.00042063,0.0065603,0.0004436,0.00267152,5.235e-05,3.29e-07,7.259e-05,3.46e-06,7.594e-05,1242.0,7618.0,0.00223122,2.45202e-05,0.00199638,0.00425212,725.0,3934.15,0.639941,0.692393,47.0,2311990000.0,2311990000.0,0.114981,-1.94565,-0.0525272,85.7213,73.0,10.0,6.0,0.0,731.0,3755.0,3755.0,4256.0,4302.0,4255.0,4257.0,4256.0,0.38,1.0,37.0,50.0,0.2,100.0
traj_sweep_179,routing,0.00113526,0.00113526,1076.77,1278.42,869.288,869.288,701.0,3.0,701.0,5.84,0.1265,88.7,0.807312,0.807312,725.0,23.0,23.0,4048.0,4048.0,233907.0,3.0,23.0,5.0,0.00020335,0.00250941,0.0002066,0.002767,2.079e-05,1.6e-07,4.181e-05,1.98e-06,4.707e-05,484.0,7068.0,0.00204168,2.23041e-05,0.0017778,0.00384178,718.0,3523.9,0.64834,0.643285,45.0,2320030000.0,2320030000.0,0.116483,-1.4621,-0.0412349,80.7312,56.0,27.0,19.0,0.0,723.0,3551.0,3551.0,3849.0,3888.0,3867.0,3840.0,3849.0,0.39,1.0,37.0,50.0,0.2,100.0
traj_sweep_180,routing,0.00132669,0.00132669,1076.77,1278.42,855.722,855.722,694.0,2.0,694.0,8.07,0.2245,156.04,0.794713,0.794713,718.0,23.0,23.0,4048.0,4048.0,363636.0,5.0,23.0,5.0,0.00060255,0.0077493,0.00034881,0.00230581,4.988e-05,5.8e-07,8.178e-05,3.67e-06,7.638e-05,914.0,7176.0,0.00197142,2.20413e-05,0.00172975,0.00372321,712.0,3590.68,0.265963,0.512339,45.0,2316230000.0,2316230000.0,0.112374,-1.2017,-0.0317368,79.4713,56.0,36.0,29.0,0.0,716.0,3594.0,3594.0,3924.0,3965.0,3921.0,3909.0,3924.0,0.4,1.0,37.0,50.0,0.2,100.0
traj_sweep_181,routing,0.0013845,0.0013845,1076.77,1278.42,804.118,804.118,680.0,1.0,680.0,5.6,0.175,119.29,0.746789,0.746789,704.0,23.0,23.0,4048.0,4048.0,326742.0,5.0,23.0,5.0,0.00032436,0.00358698,0.00024235,0.00310623,3.674e-05,6e-07,4.983e-05,2.93e-06,5.178e-05,587.0,7105.0,0.0018485,2.0143e-05,0.00160447,0.00347311,703.0,3569.49,0.641494,0.693133,26.0,2335190000.0,2335190000.0,0.112514,-0.350038,-0.0214434,74.6789,39.0,7.0,6.0,0.0,702.0,3570.0,3570.0,3939.0,3990.0,3940.0,3938.0,3939.0,0.41,1.0,37.0,50.0,0.2,100.0
traj_sweep_182,routing,0.00114852,0.00114852,1076.77,1278.42,804.916,804.916,671.0,10.0,671.0,7.88,0.409,274.5,0.74753,0.74753,695.0,23.0,23.0,4048.0,4048.0,675879.0,11.0,23.0,5.0,0.00051517,0.006014,0.00037261,0.00268784,4.414e-05,5.6e-07,5.487e-05,3.73e-06,7.539e-05,1197.0,6939.0,0.00178708,2.02867e-05,0.00158064,0.00338801,683.0,3518.53,0.795061,0.596077,23.0,2325090000.0,2325090000.0,0.111986,-0.141226,-0.0125539,74.753,34.0,9.0,6.0,0.0,693.0,3546.0,3546.0,3867.0,3882.0,3852.0,3865.0,3867.0,0.42,1.0,37.0,50.0,0.2,100.0
traj_sweep_183,routing,0.000859611,0.000859611,1076.77,1278.42,728.308,728.308,640.0,5.0,640.0,3.37,0.0395,25.31,0.676383,0.676383,664.0,23.0,23.0,4048.0,4048.0,58026.0,1.0,23.0,5.0,0.00015543,0.00180487,0.00011394,0.00256167,1.268e-05,1.32e-06,2.109e-05,1.59e-06,2.288e-05,232.0,6338.0,0.00155842,1.74558e-05,0.00136426,0.00294014,657.0,3110.81,0.750348,0.597237,8.0,2312630000.0,2312630000.0,0.112584,-0.0282078,-0.00808281,67.6383,57.0,19.0,7.0,0.0,662.0,3386.0,3386.0,3524.0,3549.0,3527.0,3524.0,3524.0,0.43,1.0,37.0,50.0,0.2,100.0
traj_sweep_184,routing,0.00397645,0.00397645,1076.77,1278.42,723.52,723.52,626.0,6.0,626.0,8.4,0.1085,67.95,0.671937,0.671937,650.0,23.0,23.0,4048.0,4048.0,178006.0,3.0,23.0,5.0,0.00030283,0.00204612,0.00021786,0.0025139,2.827e-05,7.8e-07,3.974e-05,2.42e-06,4.569e-05,523.0,6520.0,0.00149354,1.73801e-05,0.00135042,0.00286134,642.0,3144.68,0.75434,0.597232,4.0,2304160000.0,2304160000.0,0.112173,-0.00717409,-0.00342484,67.1937,79.0,34.0,25.0,0.0,648.0,3380.0,3380.0,3653.0,3699.0,3658.0,3648.0,3653.0,0.44,1.0,37.0,50.0,0.2,100.0
traj_sweep_185,routing,0.000886222,0.000886222,1076.77,1278.42,698.782,698.782,625.0,8.0,625.0,4.32,0.051,32.0,0.648962,0.648962,649.0,23.0,23.0,4048.0,4048.0,79852.0,1.0,22.0,4.0,0.000113431,0.00107512,8.7909e-05,0.00206927,9.6e-06,4.3e-07,1.3589e-05,1.071e-06,1.8749e-05,256.0,6301.0,0.00139508,1.63324e-05,0.0012444,0.00265582,639.0,3140.53,0.728876,0.611443,3.0,2272210000.0,2272210000.0,0.113273,-0.00124065,-0.00089051,64.8962,46.0,23.0,15.0,0.0,647.0,3303.0,3303.0,3517.0,3535.0,3517.0,3513.0,3517.0,0.45,1.0,37.0,50.0,0.2,100.0
traj_sweep_186,routing,0.00119697,0.00119697,1076.77,1278.42,683.354,683.354,614.0,0.0,614.0,0.95,0.002,1.52,0.634634,0.634634,638.0,23.0,23.0,4048.0,4048.0,5614.0,0.0,22.0,4.0,1.105e-05,7.619e-05,1.812e-05,0.0024493,7.7e-07,4.9e-07,1.21e-06,5.7e-07,3.63e-06,9.0,6190.0,0.00133021,1.57822e-05,0.00119011,0.0025361,636.0,2990.79,0.761141,0.613936,0.0,2226370000.0,2226370000.0,0.111559,0.0,0.000117628,63.4634,36.0,29.0,21.0,0.0,636.0,3253.0,3253.0,3446.0,3501.0,3463.0,3452.0,3446.0,0.46,1.0,37.0,50.0,0.2,100.0
traj_sweep_187,routing,0.00136995,0.00136995,1076.77,1278.42,678.034,678.034,610.0,0.0,610.0,0.0,0.0,0.0,0.629694,0.629694,636.0,23.0,23.0,4048.0,4048.0,0.0,0.0,22.0,4.0,8.59e-06,7.705e-05,1.823e-05,0.00584339,5.1e-07,4e-07,1.41e-06,6.9e-07,3.41e-06,11.0,6044.0,0.00128642,1.55925e-05,0.00113926,0.00244128,634.0,2956.45,0.724088,0.507366,0.0,2211080000.0,2211080000.0,0.113211,0.0,0.003753,62.9694,73.0,23.0,22.0,0.0,634.0,3279.0,3279.0,3428.0,3463.0,3436.0,3433.0,3428.0,0.47,1.0,37.0,50.0,0.2,100.0
traj_sweep_188,routing,0.000814626,0.000814626,1076.77,1278.42,677.768,677.768,611.0,0.0,611.0,0.0,0.0,0.0,0.629447,0.629447,636.0,23.0,23.0,4048.0,4048.0,0.0,0.0,22.0,4.0,0.00125636,0.00977978,0.00079556,0.00936395,0.00010195,3.1e-07,0.00014537,7.12e-06,0.00016417,3149.0,6147.0,0.00125918,1.55891e-05,0.00113053,0.0024053,634.0,2997.21,0.735273,0.528017,0.0,2206490000.0,2206490000.0,0.112647,0.0,0.010394,62.9447,50.0,22.0,10.0,0.0,634.0,3224.0,3224.0,3413.0,3443.0,3412.0,3414.0,3413.0,0.48,1.0,37.0,50.0,0.2,100.0
traj_sweep_189,routing,0.00123279,0.00123279,1076.77,1278.42,675.64,675.64,610.0,0.0,610.0,0.0,0.0,0.0,0.62747,0.62747,634.0,23.0,23.0,4048.0,4048.0,0.0,0.0,22.0,4.0,0.00128916,0.00889141,0.00083376,0.0114002,9.547e-05,4.2e-07,0.00013625,7.52e-06,0.00016182,3205.0,6090.0,0.00124054,1.54618e-05,0.00110505,0.00236106,632.0,2928.69,0.763489,0.618963,0.0,2178380000.0,2178380000.0,0.111784,0.0,0.012683,62.747,75.0,19.0,24.0,0.0,632.0,3277.0,3277.0,3418.0,3427.0,3405.0,3418.0,3418.0,0.49,1.0,37.0,50.0,0.2,100.0
traj_sweep_190,routing,0.00121698,0.00121698,1076.77,1278.42,674.576,674.576,609.0,0.0,609.0,0.0,0.0,0.0,0.626482,0.626482,634.0,23.0,23.0,4048.0,4048.0,0.0,0.0,22.0,4.0,0.00129363,0.00903314,0.00084626,0.0111862,9.815e-05,8.4e-07,0.00014328,7.68e-06,0.00017801,3262.0,6181.0,0.00120526,1.54538e-05,0.00108488,0.0023056,632.0,2969.97,0.736422,0.619204,0.0,2166190000.0,2166190000.0,0.112493,0.0,0.0226343,62.6482,64.0,30.0,25.0,0.0,632.0,3258.0,3258.0,3452.0,3447.0,3434.0,3452.0,3452.0,0.5,1.0,37.0,50.0,0.2,100.0
traj_sweep_191,routing,0.000538965,0.000538965,1076.77,1278.42,675.374,675.374,610.0,0.0,610.0,0.0,0.0,0.0,0.627223,0.627223,634.0,23.0,23.0,4048.0,4048.0,0.0,0.0,22.0,4.0,0.00125676,0.00997833,0.000827151,0.0109689,9.49e-05,5.7e-07,0.0001426,7.771e-06,0.000170531,3189.0,6218.0,0.00119125,1.5441e-05,0.00106034,0.00226703,632.0,2974.21,0.772332,0.606295,0.0,2139580000.0,2139580000.0,0.111995,0.0,0.0299596,62.7223,46.0,17.0,5.0,0.0,632.0,3292.0,3292.0,3456.0,3489.0,3468.0,3455.0,3456.0,0.51,1.0,37.0,50.0,0.2,100.0
traj_sweep_192,routing,0.00295478,0.00295478,1076.77,1278.42,675.64,675.64,610.0,0.0,610.0,0.0,0.0,0.0,0.62747,0.62747,634.0,23.0,23.0,4048.0,4048.0,0.0,0.0,22.0,4.0,0.00185961,0.00847291,0.00083839,0.0149446,9.983e-05,7.8e-07,0.00017664,7.19e-06,0.000175,3118.0,5976.0,0.00116993,1.54808e-05,0.00104665,0.00223206,632.0,2972.28,0.776034,0.605916,0.0,2191750000.0,2191750000.0,0.112866,0.0,0.0397594,62.747,78.0,14.0,15.0,0.0,632.0,3248.0,3248.0,3397.0,3457.0,3408.0,3400.0,3397.0,0.52,1.0,37.0,50.0,0.2,100.0
traj_sweep_193,routing,0.00158487,0.00158487,1076.77,1278.42,675.108,675.108,610.0,0.0,610.0,0.0,0.0,0.0,0.626976,0.626976,634.0,23.0,23.0,4048.0,4048.0,0.0,0.0,22.0,4.0,0.00134544,0.00883306,0.000766649,0.010767,9.941e-05,6.3e-07,0.0001451,7.43e-06,0.00016317,3235.0,6136.0,0.0011409,1.54521e-05,0.00101919,0.00217554,632.0,2954.18,0.778144,0.610451,0.0,2165570000.0,2165570000.0,0.114009,0.0,0.0443398,62.6976,82.0,17.0,22.0,0.0,632.0,3302.0,3302.0,3420.0,3454.0,3435.0,3420.0,3420.0,0.53,1.0,37.0,50.0,0.2,100.0
traj_sweep_194,routing,0.00159453,0.00159453,1076.77,1278.42,675.108,675.108,610.0,0.0,610.0,0.0,0.0,0.0,0.626976,0.626976,634.0,23.0,23.0,4048.0,4048.0,0.0,0.0,22.0,4.0,0.00163268,0.0124359,0.00076844,0.0101701,0.00010141,4.9e-07,0.00014615,7.35e-06,0.0001616,3182.0,6204.0,0.00111975,1.54521e-05,0.000997337,0.00213254,632.0,2953.53,0.722507,0.598572,0.0,2109890000.0,2109890000.0,0.113238,0.0,0.05369,62.6976,38.0,8.0,7.0,0.0,632.0,3238.0,3238.0,3437.0,3494.0,3437.0,3438.0,3437.0,0.54,1.0,37.0,50.0,0.2,100.0
traj_sweep_195,routing,0.00315694,0.00315694,1076.77,1278.42,674.842,674.842,610.0,0.0,610.0,0.0,0.0,0.0,0.626729,0.626729,634.0,23.0,23.0,4048.0,4048.0,0.0,0.0,22.0,4.0,0.00132086,0.0101269,0.00093819,0.0133745,9.851e-05,6.2e-07,0.00014778,7.3e-06,0.00016803,3149.0,6064.0,0.00109858,1.54472e-05,0.000984295,0.00209833,632.0,2971.36,0.747614,0.60119,0.0,2122040000.0,2122040000.0,0.113914,0.0,0.0618751,62.6729,55.0,35.0,12.0,0.0,632.0,3265.0,3265.0,3465.0,3491.0,3460.0,3464.0,3465.0,0.55,1.0,37.0,50.0,0.2,100.0
traj_sweep_196,routing,0.00049203,0.00049203,1076.77,1278.42,674.576,674.576,609.0,0.0,609.0,0.0,0.0,0.0,0.626482,0.626482,633.0,23.0,23.0,4048.0,4048.0,0.0,0.0,22.0,4.0,0.00132176,0.00869041,0.00081572,0.0103625,9.947e-05,6.4e-07,0.00013993,9.45e-06,0.00017193,3153.0,6116.0,0.00108587,1.54213e-05,0.000963837,0.00206513,631.0,2964.61,0.735633,0.530987,0.0,2135080000.0,2135080000.0,0.112525,0.0,0.0697001,62.6482,60.0,33.0,15.0,0.0,631.0,3217.0,3217.0,3451.0,3480.0,3441.0,3446.0,3451.0,0.56,1.0,37.0,50.0,0.2,100.0
traj_sweep_197,routing,0.00049203,0.00049203,1076.77,1278.42,674.576,674.576,609.0,0.0,609.0,0.0,0.0,0.0,0.626482,0.626482,633.0,23.0,23.0,4048.0,4048.0,0.0,0.0,22.0,4.0,0.00126707,0.00839525,0.00078457,0.0117973,9.475e-05,6.1e-07,0.00014066,7.31e-06,0.00017508,3153.0,6116.0,0.00106682,1.54213e-05,0.000946928,0.00202917,631.0,2964.61,0.735633,0.530987,0.0,2135080000.0,2135080000.0,0.112525,0.0,0.0777002,62.6482,60.0,33.0,15.0,0.0,631.0,3217.0,3217.0,3451.0,3480.0,3441.0,3446.0,3451.0,0.57,1.0,37.0,50.0,0.2,100.0
traj_sweep_198,routing,0.000700752,0.000700752,1076.77,1278.42,674.044,674.044,608.0,0.0,608.0,0.0,0.0,0.0,0.625988,0.625988,632.0,23.0,23.0,4048.0,4048.0,0.0,0.0,22.0,4.0,0.00145336,0.00867779,0.00084943,0.0102319,9.614e-05,5.3e-07,0.00016765,6.99e-06,0.00015896,3247.0,6190.0,0.00104914,1.54214e-05,0.000927773,0.00199233,630.0,2921.09,0.760464,0.473479,0.0,2123990000.0,2123990000.0,0.113435,0.0,0.087532,62.5988,65.0,32.0,22.0,0.0,630.0,3219.0,3219.0,3373.0,3425.0,3386.0,3372.0,3373.0,0.58,1.0,37.0,50.0,0.2,100.0
traj_sweep_199,routing,0.00137943,0.00137943,1076.77,1278.42,673.512,673.512,608.0,0.0,608.0,0.0,0.0,0.0,0.625494,0.625494,632.0,23.0,23.0,4048.0,4048.0,0.0,0.0,22.0,4.0,0.00187881,0.0115517,0.00106733,0.00996981,0.00013984,9.89e-07,0.00019251,7.609e-06,0.000180571,3093.0,6053.0,0.00102491,1.54102e-05,0.000910901,0.00195122,630.0,2954.09,0.759396,0.538249,0.0,2126130000.0,2126130000.0,0.112418,0.0,0.0925506,62.5494,43.0,16.0,11.0,0.0,630.0,3256.0,3256.0,3413.0,3433.0,3403.0,3407.0,3413.0,0.59,1.0,37.0,50.0,0.2,100.0
traj_sweep_200,routing,0.00191565,0.00191565,1076.77,1278.42,674.842,674.842,608.0,0.0,608.0,0.0,0.0,0.0,0.626729,0.626729,632.0,23.0,23.0,4048.0,4048.0,0.0,0.0,22.0,4.0,0.00129015,0.0102517,0.00080313,0.0111536,0.00010089,6.2e-07,0.00014994,7.45e-06,0.00017361,3259.0,6198.0,0.00101433,1.54659e-05,0.000904118,0.00193391,630.0,2973.11,0.691699,0.537986,0.0,2117960000.0,2117960000.0,0.113239,0.0,0.100585,62.6729,52.0,17.0,8.0,0.0,630.0,3267.0,3267.0,3446.0,3476.0,3431.0,3446.0,3446.0,0.6,1.0,37.0,50.0,0.2,100.0
traj_sweep_201,routing,0.00120744,0.00120744,1076.77,1278.42,674.842,674.842,608.0,0.0,608.0,0.0,0.0,0.0,0.626729,0.626729,632.0,23.0,23.0,4048.0,4048.0,0.0,0.0,22.0,4.0,0.00132721,0.00882867,0.000809489,0.00965411,9.939e-05,5.9e-07,0.00014328,8.12e-06,0.0001668,3216.0,6141.0,0.000997839,1.54659e-05,0.000883233,0.00189654,630.0,2960.42,0.684136,0.531927,0.0,2130680000.0,2130680000.0,0.112884,0.0,0.111295,62.6729,47.0,26.0,26.0,0.0,630.0,3268.0,3268.0,3428.0,3473.0,3428.0,3428.0,3428.0,0.61,1.0,37.0,50.0,0.2,100.0
traj_sweep_202,routing,0.00126948,0.00126948,1076.77,1278.42,674.044,674.044,608.0,0.0,608.0,0.0,0.0,0.0,0.625988,0.625988,632.0,23.0,23.0,4048.0,4048.0,0.0,0.0,22.0,4.0,0.00232069,0.0128286,0.00151844,0.0153396,0.00019517,1.09e-06,0.00023725,1.875e-05,0.00025928,3220.0,6213.0,0.000981464,1.54214e-05,0.000873202,0.00187009,630.0,2958.44,0.776266,0.531586,0.0,2140920000.0,2140920000.0,0.112327,0.0,0.11532,62.5988,39.0,13.0,5.0,1.0,630.0,3257.0,3257.0,3415.0,3450.0,3414.0,3412.0,3413.0,0.62,1.0,37.0,50.0,0.2,100.0
traj_sweep_203,routing,0.000476987,0.000476987,1076.77,1278.42,995.904,995.904,751.0,14.0,751.0,12.01,1.014,761.72,0.924901,0.924901,777.0,23.0,23.0,4048.0,4048.0,1533970.0,19.0,23.0,5.0,0.00089378,0.0144492,0.00060855,0.00260012,0.00010923,5.5e-07,0.00015158,9.64e-06,0.00017823,2860.0,9410.0,0.00674942,2.76461e-05,0.00567716,0.0124542,761.0,4912.19,0.640936,0.692862,53.0,2333530000.0,2333530000.0,0.072406,-13.3868,-0.288535,92.4901,92.0,57.0,42.0,0.0,775.0,4222.0,4222.0,5300.0,5345.0,5311.0,5297.0,5300.0,0.14,1.0,38.0,50.0,0.2,100.0
traj_sweep_204,routing,0.00176466,0.00176466,1076.77,1278.42,963.186,963.186,738.0,2.0,738.0,7.69,0.2415,178.56,0.894516,0.894516,762.0,23.0,23.0,4048.0,4048.0,192162.0,2.0,23.0,5.0,0.00034996,0.00399451,0.00024965,0.00234539,3.286e-05,1.11e-06,5.3151e-05,2.429e-06,5.49e-05,808.0,8296.0,0.00608773,2.6352e-05,0.00507748,0.0111916,759.0,4217.84,0.586046,0.666466,53.0,2351470000.0,2351470000.0,0.0714098,-12.7749,-0.275266,89.4516,57.0,24.0,18.0,0.0,760.0,3926.0,3926.0,4529.0,4554.0,4537.0,4524.0,4529.0,0.15,1.0,38.0,50.0,0.2,100.0
traj_sweep_205,routing,0.00115712,0.00115712,1076.77,1278.42,973.826,973.826,741.0,5.0,741.0,14.24,0.559,414.26,0.904397,0.904397,765.0,23.0,23.0,4048.0,4048.0,917865.0,10.0,23.0,5.0,0.00084494,0.00985552,0.00057541,0.00246061,9.406e-05,5.4e-07,0.00011961,5.63e-06,0.00014777,1730.0,9305.0,0.0056753,2.68643e-05,0.00477092,0.0104731,761.0,4953.33,0.504611,0.627221,53.0,2332750000.0,2332750000.0,0.0735264,-12.4429,-0.268679,90.4397,94.0,43.0,39.0,0.0,763.0,4214.0,4214.0,5284.0,5377.0,5285.0,5293.0,5284.0,0.16,1.0,38.0,50.0,0.2,100.0
traj_sweep_206,routing,0.00126218,0.00126218,1076.77,1278.42,958.664,958.664,739.0,4.0,739.0,11.06,0.467,345.41,0.890316,0.890316,763.0,23.0,23.0,4048.0,4048.0,746746.0,9.0,23.0,5.0,0.00049186,0.00607281,0.00033714,0.00191669,5.312e-05,2.1e-07,7.649e-05,3.97e-06,8.6e-05,1550.0,8706.0,0.0053335,2.61595e-05,0.00450031,0.00985997,759.0,4504.43,0.633095,0.689077,53.0,2343470000.0,2343470000.0,0.0744793,-11.7635,-0.256718,89.0316,84.0,56.0,27.0,0.0,761.0,4026.0,4026.0,4872.0,4883.0,4849.0,4864.0,4872.0,0.17,1.0,38.0,50.0,0.2,100.0
traj_sweep_207,routing,0.00173515,0.00173515,1076.77,1278.42,975.688,975.688,735.0,7.0,735.0,10.68,0.8515,625.95,0.906126,0.906126,759.0,23.0,23.0,4048.0,4048.0,1261460.0,15.0,23.0,5.0,0.00115781,0.0127963,0.00066453,0.00243934,0.00012719,5.4e-07,0.00014429,8.87e-06,0.00019096,2454.0,9025.0,0.00507171,2.68177e-05,0.00433406,0.00943258,752.0,4803.49,0.612556,0.679212,53.0,2333250000.0,2333250000.0,0.0775945,-11.2222,-0.248587,90.6126,102.0,84.0,33.0,0.0,757.0,4095.0,4095.0,5155.0,5226.0,5173.0,5159.0,5155.0,0.18,1.0,38.0,50.0,0.2,100.0
traj_sweep_208,routing,0.000852436,0.000852436,1076.77,1278.42,961.058,961.058,741.0,10.0,741.0,9.92,0.4865,360.77,0.89254,0.89254,765.0,23.0,23.0,4048.0,4048.0,676349.0,8.0,23.0,5.0,0.00048161,0.00606183,0.00031958,0.00274375,6.389e-05,2.2e-07,8.067e-05,3.79e-06,9.41e-05,1374.0,8652.0,0.00470255,2.62681e-05,0.00398,0.00870881,754.0,4534.97,0.60961,0.677793,53.0,2367440000.0,2367440000.0,0.0796665,-10.7028,-0.232397,89.254,91.0,36.0,36.0,0.0,763.0,4104.0,4104.0,4847.0,4897.0,4838.0,4845.0,4847.0,0.19,1.0,38.0,50.0,0.2,100.0
traj_sweep_209,routing,0.00105996,0.00105996,1076.77,1278.42,961.59,961.59,735.0,3.0,735.0,10.83,0.4395,323.17,0.893034,0.893034,761.0,23.0,23.0,4048.0,4048.0,668353.0,8.0,24.0,6.0,0.00059893,0.00579437,0.00040661,0.00204505,5.876e-05,3.51e-07,7.501e-05,3.92e-06,9.114e-05,1397.0,8364.0,0.00451421,2.64475e-05,0.00377381,0.00831447,756.0,4430.85,0.602605,0.674424,53.0,2365330000.0,2365330000.0,0.0816171,-10.2378,-0.222774,89.3034,91.0,13.0,11.0,0.0,759.0,3969.0,3969.0,4778.0,4794.0,4771.0,4775.0,4778.0,0.2,1.0,38.0,50.0,0.2,100.0
traj_sweep_210,routing,0.0012443,0.0012443,1076.77,1278.42,935.788,935.788,732.0,7.0,732.0,6.93,0.1795,131.56,0.869071,0.869071,756.0,23.0,23.0,4048.0,4048.0,319803.0,4.0,23.0,5.0,0.00032155,0.0035733,0.00023528,0.00276166,3.266e-05,3.6e-07,4.484e-05,2.7e-06,6.122e-05,626.0,8028.0,0.00412069,2.53578e-05,0.00348891,0.00763495,750.0,4017.8,0.636916,0.690928,53.0,2366210000.0,2366210000.0,0.0804023,-9.5411,-0.212617,86.9071,68.0,21.0,24.0,0.0,754.0,3828.0,3828.0,4305.0,4352.0,4304.0,4299.0,4305.0,0.21,1.0,38.0,50.0,0.2,100.0
traj_sweep_211,routing,0.00156823,0.00156823,1076.77,1278.42,979.412,979.412,734.0,10.0,734.0,11.82,0.6415,471.13,0.909585,0.909585,760.0,23.0,23.0,4048.0,4048.0,1014430.0,13.0,23.0,5.0,0.00102273,0.0113315,0.000725909,0.00282167,0.00012418,6.5e-07,0.0001344,7.1e-06,0.0001665,1882.0,8373.0,0.00410186,2.6933e-05,0.00356933,0.00769813,748.0,4492.85,0.590424,0.668557,53.0,2344860000.0,2344860000.0,0.0849199,-9.16002,-0.206465,90.9585,85.0,47.0,20.0,0.0,758.0,3997.0,3997.0,4816.0,4866.0,4822.0,4813.0,4816.0,0.22,1.0,38.0,50.0,0.2,100.0
traj_sweep_212,routing,0.000715372,0.000715372,1076.77,1278.42,941.906,941.906,727.0,5.0,727.0,6.6,0.245,178.28,0.874753,0.874753,751.0,23.0,23.0,4048.0,4048.0,349230.0,4.0,23.0,5.0,0.00042187,0.00539393,0.00027323,0.00221487,4.546e-05,6.2e-07,5.623e-05,4.46e-06,9.649e-05,1033.0,8094.0,0.00377468,2.54732e-05,0.00322089,0.00702104,746.0,4110.27,0.645434,0.695024,53.0,2369620000.0,2369620000.0,0.0865714,-8.45931,-0.192008,87.4753,71.0,21.0,24.0,0.0,749.0,3887.0,3887.0,4425.0,4453.0,4426.0,4425.0,4425.0,0.23,1.0,38.0,50.0,0.2,100.0
traj_sweep_213,routing,0.00233705,0.00233705,1076.77,1278.42,929.67,929.67,733.0,8.0,733.0,9.54,0.328,240.47,0.863389,0.863389,757.0,23.0,23.0,4048.0,4048.0,504989.0,7.0,23.0,5.0,0.00051651,0.00596275,0.00037141,0.00262938,6.993e-05,5.4e-07,6.399e-05,4.23e-06,9.788e-05,1094.0,7934.0,0.00360517,2.50852e-05,0.00307599,0.00670625,748.0,4012.67,0.62995,0.687564,53.0,2350820000.0,2350820000.0,0.0834689,-8.07402,-0.185383,86.3389,55.0,20.0,39.0,0.0,755.0,3828.0,3828.0,4343.0,4402.0,4375.0,4343.0,4343.0,0.24,1.0,38.0,50.0,0.2,100.0
traj_sweep_214,routing,0.0019167,0.0019167,1076.77,1278.42,947.758,947.758,737.0,9.0,737.0,8.45,0.303,223.55,0.880188,0.880188,761.0,23.0,23.0,4048.0,4048.0,489568.0,6.0,23.0,5.0,0.0005324,0.00584377,0.00033816,0.00270554,5.4349e-05,3.6e-07,6.346e-05,4.651e-06,7.6769e-05,1067.0,8056.0,0.00352804,2.55116e-05,0.00299274,0.0065463,752.0,4228.23,0.636359,0.69066,51.0,2386470000.0,2386470000.0,0.091965,-7.57673,-0.169029,88.0188,86.0,45.0,21.0,0.0,759.0,3895.0,3895.0,4527.0,4557.0,4507.0,4523.0,4527.0,0.25,1.0,38.0,50.0,0.2,100.0
traj_sweep_215,routing,0.00092118,0.00092118,1076.77,1278.42,936.586,936.586,729.0,4.0,729.0,8.78,0.2295,167.47,0.869812,0.869812,753.0,23.0,23.0,4048.0,4048.0,433762.0,6.0,23.0,5.0,0.000543571,0.00478898,0.00032588,0.00297257,5.4729e-05,4.1e-07,7.5391e-05,3.98e-06,8.6449e-05,790.0,8056.0,0.00333144,2.51694e-05,0.00286948,0.00622609,747.0,4116.88,0.640936,0.692862,50.0,2354540000.0,2354540000.0,0.0933272,-7.09569,-0.164711,86.9812,79.0,25.0,22.0,0.0,751.0,3875.0,3875.0,4426.0,4474.0,4429.0,4429.0,4426.0,0.26,1.0,38.0,50.0,0.2,100.0
traj_sweep_216,routing,0.00187513,0.00187513,1076.77,1278.42,926.478,926.478,736.0,6.0,736.0,6.36,0.1775,130.75,0.860425,0.860425,760.0,23.0,23.0,4048.0,4048.0,279837.0,4.0,23.0,5.0,0.000392491,0.00356007,0.000244831,0.00375309,3.7151e-05,6.7e-07,6.306e-05,2.291e-06,5.748e-05,742.0,7546.0,0.0031905,2.45493e-05,0.00269389,0.00590893,751.0,3835.89,0.645434,0.695024,49.0,2392140000.0,2392140000.0,0.0953906,-6.60341,-0.148035,86.0425,47.0,17.0,15.0,0.0,758.0,3751.0,3751.0,4102.0,4193.0,4104.0,4106.0,4102.0,0.27,1.0,38.0,50.0,0.2,100.0
traj_sweep_217,routing,0.00152189,0.00152189,1076.77,1278.42,941.108,941.108,734.0,5.0,734.0,9.16,0.7015,515.17,0.874012,0.874012,758.0,23.0,23.0,4048.0,4048.0,1298300.0,17.0,23.0,5.0,0.00089777,0.0087713,0.00050539,0.00236455,8.899e-05,2.4e-07,0.00011037,8.26e-06,0.00013517,1659.0,8324.0,0.00313426,2.51706e-05,0.00271389,0.00587331,752.0,4425.71,0.576635,0.66192,49.0,2359110000.0,2359110000.0,0.098068,-6.22271,-0.143888,87.4012,76.0,32.0,28.0,7.0,756.0,3970.0,3970.0,4745.0,4801.0,4760.0,4737.0,4742.0,0.28,1.0,38.0,50.0,0.2,100.0
traj_sweep_218,routing,0.00229208,0.00229208,1076.77,1278.42,932.596,932.596,721.0,1.0,721.0,11.25,0.3855,278.11,0.866107,0.866107,745.0,23.0,23.0,4048.0,4048.0,653754.0,9.0,23.0,5.0,0.00049205,0.00576683,0.00025011,0.00271782,5.346e-05,1.8e-07,6.947e-05,2.71e-06,7.868e-05,1070.0,8105.0,0.00294121,2.4696e-05,0.00257142,0.00553733,742.0,4125.16,0.636359,0.69067,49.0,2352960000.0,2352960000.0,0.0982873,-5.82479,-0.138095,86.6107,69.0,22.0,12.0,0.0,743.0,3857.0,3857.0,4449.0,4480.0,4443.0,4448.0,4449.0,0.29,1.0,38.0,50.0,0.2,100.0
traj_sweep_219,routing,0.000941768,0.000941768,1076.77,1278.42,894.026,894.026,719.0,1.0,719.0,6.55,0.0575,41.4,0.830287,0.830287,743.0,23.0,23.0,4048.0,4048.0,80483.0,1.0,23.0,5.0,0.00010502,0.00096274,8.991e-05,0.0026466,8.58e-06,4.8e-07,1.217e-05,1.26e-06,1.755e-05,186.0,7392.0,0.00275992,2.33577e-05,0.00234223,0.0051255,740.0,3747.65,0.646987,0.69578,49.0,2354790000.0,2354790000.0,0.0994491,-5.20595,-0.124667,83.0287,52.0,30.0,11.0,0.0,741.0,3707.0,3707.0,4056.0,4096.0,4041.0,4053.0,4056.0,0.3,1.0,38.0,50.0,0.2,100.0
traj_sweep_220,routing,0.00157981,0.00157981,1076.77,1278.42,891.898,891.898,721.0,2.0,721.0,5.6,0.0245,17.9,0.82831,0.82831,745.0,23.0,23.0,4048.0,4048.0,52537.0,1.0,23.0,5.0,5.06e-05,0.00054234,5.737e-05,0.00276242,4.55e-06,5.7e-07,7.53e-06,1.06e-06,1.064e-05,115.0,7301.0,0.0026753,2.32567e-05,0.0022437,0.00494225,742.0,3636.19,0.635443,0.690227,49.0,2354790000.0,2354790000.0,0.102168,-4.73614,-0.114667,82.831,41.0,9.0,3.0,0.0,743.0,3686.0,3686.0,3903.0,3952.0,3907.0,3902.0,3903.0,0.31,1.0,38.0,50.0,0.2,100.0
traj_sweep_221,routing,0.00218637,0.00218637,1076.77,1278.42,891.632,891.632,708.0,4.0,708.0,7.69,0.4085,289.29,0.828063,0.828063,732.0,23.0,23.0,4048.0,4048.0,727273.0,11.0,23.0,5.0,0.00043692,0.00484112,0.000331,0.00281443,4.36e-05,3.4e-07,6.588e-05,3.5e-06,7.2991e-05,1308.0,7666.0,0.00254061,2.32569e-05,0.0022425,0.00480636,726.0,3747.3,0.639941,0.692389,49.0,2351710000.0,2351710000.0,0.101394,-4.22504,-0.105223,82.8063,69.0,33.0,29.0,0.0,730.0,3749.0,3749.0,4063.0,4115.0,4071.0,4071.0,4063.0,0.32,1.0,38.0,50.0,0.2,100.0
traj_sweep_222,routing,0.00159197,0.00159197,1076.77,1278.42,888.44,888.44,703.0,5.0,703.0,9.02,0.377,265.25,0.825099,0.825099,727.0,23.0,23.0,4048.0,4048.0,679928.0,10.0,23.0,5.0,0.00055952,0.00522101,0.00041007,0.00252077,5.864e-05,4.8e-07,7.288e-05,3.85e-06,8.614e-05,1228.0,7464.0,0.00246745,2.31933e-05,0.00217544,0.00466609,719.0,3746.79,0.277587,0.517943,47.0,2348630000.0,2348630000.0,0.10391,-3.97803,-0.0957808,82.5099,73.0,29.0,23.0,0.0,725.0,3708.0,3708.0,4086.0,4152.0,4083.0,4084.0,4086.0,0.33,1.0,38.0,50.0,0.2,100.0
traj_sweep_223,routing,0.00179003,0.00179003,1076.77,1278.42,875.672,875.672,707.0,6.0,707.0,8.83,0.2645,187.17,0.813241,0.813241,731.0,23.0,23.0,4048.0,4048.0,433147.0,6.0,23.0,5.0,0.00052109,0.00457489,0.00033677,0.00283787,5.505e-05,1.1e-07,7.028e-05,3.28e-06,7.431e-05,1057.0,7467.0,0.00234558,2.26624e-05,0.00202633,0.00439457,722.0,3577.85,0.299718,0.528531,48.0,2370490000.0,2370490000.0,0.107632,-3.40311,-0.0872546,81.3241,57.0,18.0,5.0,0.0,729.0,3653.0,3653.0,3914.0,3978.0,3925.0,3914.0,3914.0,0.34,1.0,38.0,50.0,0.2,100.0
traj_sweep_224,routing,0.00164003,0.00164003,1076.77,1278.42,877.268,877.268,705.0,3.0,705.0,5.6,0.1135,80.06,0.814723,0.814723,729.0,23.0,23.0,4048.0,4048.0,156879.0,2.0,23.0,5.0,0.0002119,0.00181774,0.00016176,0.00238975,1.7251e-05,3.2e-07,2.5609e-05,2.149e-06,5.366e-05,394.0,7267.0,0.0023079,2.27761e-05,0.00200441,0.00433509,724.0,3570.68,0.649295,0.696887,47.0,2342380000.0,2342380000.0,0.10882,-3.06388,-0.0790297,81.4723,68.0,21.0,15.0,0.0,727.0,3635.0,3635.0,3915.0,3914.0,3917.0,3910.0,3915.0,0.35,1.0,38.0,50.0,0.2,100.0
traj_sweep_225,routing,0.00143361,0.00143361,1076.77,1278.42,841.092,841.092,699.0,1.0,699.0,5.27,0.0235,16.43,0.781126,0.781126,723.0,23.0,23.0,4048.0,4048.0,45294.0,1.0,23.0,5.0,3.725e-05,0.00032329,4.123e-05,0.00277658,2.64e-06,3.4e-07,5.88e-06,7.2e-07,8.53e-06,65.0,6854.0,0.00215189,2.14105e-05,0.00183765,0.00401095,720.0,3275.5,0.630109,0.687645,47.0,2346850000.0,2346850000.0,0.10917,-2.57983,-0.0661035,78.1126,32.0,24.0,12.0,3.0,721.0,3485.0,3485.0,3639.0,3669.0,3631.0,3637.0,3639.0,0.36,1.0,38.0,50.0,0.2,100.0
traj_sweep_226,routing,0.00167891,0.00167891,1076.77,1278.42,884.982,884.982,708.0,13.0,708.0,7.12,0.42,297.37,0.821887,0.821887,732.0,23.0,23.0,4048.0,4048.0,757293.0,11.0,23.0,5.0,0.0005812,0.00554829,0.00035735,0.0028939,6.8031e-05,4.5e-07,7.051e-05,4.351e-06,9.7209e-05,1555.0,7461.0,0.00221368,2.31262e-05,0.00190433,0.00414113,716.0,3695.55,0.2912,0.524459,47.0,2334420000.0,2334420000.0,0.111207,-2.26339,-0.0649776,82.1887,74.0,29.0,20.0,0.0,730.0,3747.0,3747.0,4036.0,4073.0,4026.0,4036.0,4036.0,0.37,1.0,38.0,50.0,0.2,100.0
traj_sweep_227,routing,0.0017273,0.0017273,1076.77,1278.42,923.02,923.02,708.0,6.0,708.0,7.74,0.4455,315.49,0.857213,0.857213,733.0,23.0,23.0,4048.0,4048.0,794062.0,11.0,23.0,5.0,0.00041177,0.00458257,0.00028741,0.00185623,4.376e-05,3.1e-07,5.715e-05,3.17e-06,7.022e-05,1242.0,7618.0,0.00223122,2.45202e-05,0.00199638,0.00425212,725.0,3934.15,0.639941,0.692393,47.0,2311990000.0,2311990000.0,0.114981,-1.94565,-0.0525272,85.7213,73.0,10.0,6.0,0.0,731.0,3755.0,3755.0,4256.0,4302.0,4255.0,4257.0,4256.0,0.38,1.0,38.0,50.0,0.2,100.0
traj_sweep_228,routing,0.00113526,0.00113526,1076.77,1278.42,869.288,869.288,701.0,3.0,701.0,5.84,0.1265,88.7,0.807312,0.807312,725.0,23.0,23.0,4048.0,4048.0,233907.0,3.0,23.0,5.0,0.00026155,0.00250792,0.00017077,0.00273851,2.668e-05,4.8e-07,3.666e-05,2.34e-06,4.434e-05,484.0,7068.0,0.00204168,2.23041e-05,0.0017778,0.00384178,718.0,3523.9,0.64834,0.643285,45.0,2320030000.0,2320030000.0,0.116483,-1.4621,-0.0412349,80.7312,56.0,27.0,19.0,0.0,723.0,3551.0,3551.0,3849.0,3888.0,3867.0,3840.0,3849.0,0.39,1.0,38.0,50.0,0.2,100.0
traj_sweep_229,routing,0.00132669,0.00132669,1076.77,1278.42,855.722,855.722,694.0,2.0,694.0,8.07,0.2245,156.04,0.794713,0.794713,718.0,23.0,23.0,4048.0,4048.0,363636.0,5.0,23.0,5.0,0.00059492,0.00484553,0.00025862,0.00398119,5.2e-05,1.08e-06,5.704e-05,3.26e-06,8.231e-05,914.0,7176.0,0.00197142,2.20413e-05,0.00172975,0.00372321,712.0,3590.68,0.265963,0.512339,45.0,2316230000.0,2316230000.0,0.112374,-1.2017,-0.0317368,79.4713,56.0,36.0,29.0,0.0,716.0,3594.0,3594.0,3924.0,3965.0,3921.0,3909.0,3924.0,0.4,1.0,38.0,50.0,0.2,100.0
traj_sweep_230,routing,0.0013845,0.0013845,1076.77,1278.42,804.118,804.118,680.0,1.0,680.0,5.6,0.175,119.29,0.746789,0.746789,704.0,23.0,23.0,4048.0,4048.0,326742.0,5.0,23.0,5.0,0.00018687,0.00227715,0.00013534,0.00231433,1.892e-05,3.7e-07,3.956e-05,1.81e-06,3.42e-05,587.0,7105.0,0.0018485,2.0143e-05,0.00160447,0.00347311,703.0,3569.49,0.641494,0.693133,26.0,2335190000.0,2335190000.0,0.112514,-0.350038,-0.0214434,74.6789,39.0,7.0,6.0,0.0,702.0,3570.0,3570.0,3939.0,3990.0,3940.0,3938.0,3939.0,0.41,1.0,38.0,50.0,0.2,100.0
traj_sweep_231,routing,0.00114852,0.00114852,1076.77,1278.42,804.916,804.916,671.0,10.0,671.0,7.88,0.409,274.5,0.74753,0.74753,695.0,23.0,23.0,4048.0,4048.0,675879.0,11.0,23.0,5.0,0.00065811,0.00560452,0.00045389,0.002418,5.765e-05,7.2e-07,7.146e-05,4.18e-06,9.297e-05,1197.0,6939.0,0.00178708,2.02867e-05,0.00158064,0.00338801,683.0,3518.53,0.795061,0.596077,23.0,2325090000.0,2325090000.0,0.111986,-0.141226,-0.0125539,74.753,34.0,9.0,6.0,0.0,693.0,3546.0,3546.0,3867.0,3882.0,3852.0,3865.0,3867.0,0.42,1.0,38.0,50.0,0.2,100.0
traj_sweep_232,routing,0.000859611,0.000859611,1076.77,1278.42,728.308,728.308,640.0,5.0,640.0,3.37,0.0395,25.31,0.676383,0.676383,664.0,23.0,23.0,4048.0,4048.0,58026.0,1.0,23.0,5.0,8.285e-05,0.00137992,6.824e-05,0.00276774,7.73e-06,5.9e-07,1.465e-05,8.8e-07,1.59e-05,232.0,6338.0,0.00155842,1.74558e-05,0.00136426,0.00294014,657.0,3110.81,0.750348,0.597237,8.0,2312630000.0,2312630000.0,0.112584,-0.0282078,-0.00808281,67.6383,57.0,19.0,7.0,0.0,662.0,3386.0,3386.0,3524.0,3549.0,3527.0,3524.0,3524.0,0.43,1.0,38.0,50.0,0.2,100.0
traj_sweep_233,routing,0.00397645,0.00397645,1076.77,1278.42,723.52,723.52,626.0,6.0,626.0,8.4,0.1085,67.95,0.671937,0.671937,650.0,23.0,23.0,4048.0,4048.0,178006.0,3.0,23.0,5.0,0.00017838,0.00235879,0.00013781,0.00370095,1.702e-05,4.9e-07,2.327e-05,1.46e-06,3.116e-05,523.0,6520.0,0.00149354,1.73801e-05,0.00135042,0.00286134,642.0,3144.68,0.75434,0.597232,4.0,2304160000.0,2304160000.0,0.112173,-0.00717409,-0.00342484,67.1937,79.0,34.0,25.0,0.0,648.0,3380.0,3380.0,3653.0,3699.0,3658.0,3648.0,3653.0,0.44,1.0,38.0,50.0,0.2,100.0
traj_sweep_234,routing,0.000886222,0.000886222,1076.77,1278.42,698.782,698.782,625.0,8.0,625.0,4.32,0.051,32.0,0.648962,0.648962,649.0,23.0,23.0,4048.0,4048.0,79852.0,1.0,22.0,4.0,9.382e-05,0.00089951,8.349e-05,0.00260038,8.2e-06,1.8e-07,1.402e-05,9.3e-07,1.702e-05,256.0,6301.0,0.00139508,1.63324e-05,0.0012444,0.00265582,639.0,3140.53,0.728876,0.611443,3.0,2272210000.0,2272210000.0,0.113273,-0.00124065,-0.00089051,64.8962,46.0,23.0,15.0,0.0,647.0,3303.0,3303.0,3517.0,3535.0,3517.0,3513.0,3517.0,0.45,1.0,38.0,50.0,0.2,100.0
traj_sweep_235,routing,0.00119697,0.00119697,1076.77,1278.42,683.354,683.354,614.0,0.0,614.0,0.95,0.002,1.52,0.634634,0.634634,638.0,23.0,23.0,4048.0,4048.0,5614.0,0.0,22.0,4.0,8.35e-06,5.326e-05,1.534e-05,0.00216028,4.1e-07,3.29e-07,1.01e-06,3.4e-07,2.74e-06,9.0,6190.0,0.00133021,1.57822e-05,0.00119011,0.0025361,636.0,2990.79,0.761141,0.613936,0.0,2226370000.0,2226370000.0,0.111559,0.0,0.000117628,63.4634,36.0,29.0,21.0,0.0,636.0,3253.0,3253.0,3446.0,3501.0,3463.0,3452.0,3446.0,0.46,1.0,38.0,50.0,0.2,100.0
traj_sweep_236,routing,0.00136995,0.00136995,1076.77,1278.42,678.034,678.034,610.0,0.0,610.0,0.0,0.0,0.0,0.629694,0.629694,636.0,23.0,23.0,4048.0,4048.0,0.0,0.0,22.0,4.0,8.4e-06,5.2411e-05,1.644e-05,0.0048233,4.4e-07,2.69e-07,1.42e-06,7.7e-07,4.19e-06,11.0,6044.0,0.00128642,1.55925e-05,0.00113926,0.00244128,634.0,2956.45,0.724088,0.507366,0.0,2211080000.0,2211080000.0,0.113211,0.0,0.003753,62.9694,73.0,23.0,22.0,0.0,634.0,3279.0,3279.0,3428.0,3463.0,3436.0,3433.0,3428.0,0.47,1.0,38.0,50.0,0.2,100.0
traj_sweep_237,routing,0.000814626,0.000814626,1076.77,1278.42,677.768,677.768,611.0,0.0,611.0,0.0,0.0,0.0,0.629447,0.629447,636.0,23.0,23.0,4048.0,4048.0,0.0,0.0,22.0,4.0,0.0017287,0.00875751,0.0012018,0.0112073,0.00013939,6.1e-07,0.00018252,9e-06,0.0002146,3149.0,6147.0,0.00125918,1.55891e-05,0.00113053,0.0024053,634.0,2997.21,0.735273,0.528017,0.0,2206490000.0,2206490000.0,0.112647,0.0,0.010394,62.9447,50.0,22.0,10.0,0.0,634.0,3224.0,3224.0,3413.0,3443.0,3412.0,3414.0,3413.0,0.48,1.0,38.0,50.0,0.2,100.0
traj_sweep_238,routing,0.00123279,0.00123279,1076.77,1278.42,675.64,675.64,610.0,0.0,610.0,0.0,0.0,0.0,0.62747,0.62747,634.0,23.0,23.0,4048.0,4048.0,0.0,0.0,22.0,4.0,0.00205522,0.012693,0.00126555,0.014908,0.00015734,7.2e-07,0.00017793,1.149e-05,0.00023782,3205.0,6090.0,0.00124054,1.54618e-05,0.00110505,0.00236106,632.0,2928.69,0.763489,0.618963,0.0,2178380000.0,2178380000.0,0.111784,0.0,0.012683,62.747,75.0,19.0,24.0,0.0,632.0,3277.0,3277.0,3418.0,3427.0,3405.0,3418.0,3418.0,0.49,1.0,38.0,50.0,0.2,100.0
traj_sweep_239,routing,0.00121698,0.00121698,1076.77,1278.42,674.576,674.576,609.0,0.0,609.0,0.0,0.0,0.0,0.626482,0.626482,634.0,23.0,23.0,4048.0,4048.0,0.0,0.0,22.0,4.0,0.00128389,0.00906134,0.00079046,0.0103419,9.606e-05,9.1e-07,0.00013538,8.33e-06,0.00017883,3262.0,6181.0,0.00120526,1.54538e-05,0.00108488,0.0023056,632.0,2969.97,0.736422,0.619204,0.0,2166190000.0,2166190000.0,0.112493,0.0,0.0226343,62.6482,64.0,30.0,25.0,0.0,632.0,3258.0,3258.0,3452.0,3447.0,3434.0,3452.0,3452.0,0.5,1.0,38.0,50.0,0.2,100.0
traj_sweep_240,routing,0.000538965,0.000538965,1076.77,1278.42,675.374,675.374,610.0,0.0,610.0,0.0,0.0,0.0,0.627223,0.627223,634.0,23.0,23.0,4048.0,4048.0,0.0,0.0,22.0,4.0,0.00126375,0.00905516,0.00084272,0.0101838,9.924e-05,1.08e-06,0.00015223,8e-06,0.00016866,3189.0,6218.0,0.00119125,1.5441e-05,0.00106034,0.00226703,632.0,2974.21,0.772332,0.606295,0.0,2139580000.0,2139580000.0,0.111995,0.0,0.0299596,62.7223,46.0,17.0,5.0,0.0,632.0,3292.0,3292.0,3456.0,3489.0,3468.0,3455.0,3456.0,0.51,1.0,38.0,50.0,0.2,100.0
traj_sweep_241,routing,0.00295478,0.00295478,1076.77,1278.42,675.64,675.64,610.0,0.0,610.0,0.0,0.0,0.0,0.62747,0.62747,634.0,23.0,23.0,4048.0,4048.0,0.0,0.0,22.0,4.0,0.0014234,0.00824434,0.000827541,0.0116228,9.442e-05,6.1e-07,0.00013291,8.74e-06,0.00018245,3118.0,5976.0,0.00116993,1.54808e-05,0.00104665,0.00223206,632.0,2972.28,0.776034,0.605916,0.0,2191750000.0,2191750000.0,0.112866,0.0,0.0397594,62.747,78.0,14.0,15.0,0.0,632.0,3248.0,3248.0,3397.0,3457.0,3408.0,3400.0,3397.0,0.52,1.0,38.0,50.0,0.2,100.0
traj_sweep_242,routing,0.00158487,0.00158487,1076.77,1278.42,675.108,675.108,610.0,0.0,610.0,0.0,0.0,0.0,0.626976,0.626976,634.0,23.0,23.0,4048.0,4048.0,0.0,0.0,22.0,4.0,0.00126298,0.0088908,0.00080558,0.00959228,9.7971e-05,4.9e-07,0.00013735,7.1e-06,0.0001664,3235.0,6136.0,0.0011409,1.54521e-05,0.00101919,0.00217554,632.0,2954.18,0.778144,0.610451,0.0,2165570000.0,2165570000.0,0.114009,0.0,0.0443398,62.6976,82.0,17.0,22.0,0.0,632.0,3302.0,3302.0,3420.0,3454.0,3435.0,3420.0,3420.0,0.53,1.0,38.0,50.0,0.2,100.0
traj_sweep_243,routing,0.00159453,0.00159453,1076.77,1278.42,675.108,675.108,610.0,0.0,610.0,0.0,0.0,0.0,0.626976,0.626976,634.0,23.0,23.0,4048.0,4048.0,0.0,0.0,22.0,4.0,0.00169672,0.00873335,0.00100473,0.0120061,0.00011337,4e-07,0.00016118,8.76e-06,0.00019049,3182.0,6204.0,0.00111975,1.54521e-05,0.000997337,0.00213254,632.0,2953.53,0.722507,0.598572,0.0,2109890000.0,2109890000.0,0.113238,0.0,0.05369,62.6976,38.0,8.0,7.0,0.0,632.0,3238.0,3238.0,3437.0,3494.0,3437.0,3438.0,3437.0,0.54,1.0,38.0,50.0,0.2,100.0
traj_sweep_244,routing,0.00315694,0.00315694,1076.77,1278.42,674.842,674.842,610.0,0.0,610.0,0.0,0.0,0.0,0.626729,0.626729,634.0,23.0,23.0,4048.0,4048.0,0.0,0.0,22.0,4.0,0.0012861,0.00935611,0.00081051,0.0105424,9.892e-05,6.2e-07,0.00014031,7.24e-06,0.00016261,3149.0,6064.0,0.00109858,1.54472e-05,0.000984295,0.00209833,632.0,2971.36,0.747614,0.60119,0.0,2122040000.0,2122040000.0,0.113914,0.0,0.0618751,62.6729,55.0,35.0,12.0,0.0,632.0,3265.0,3265.0,3465.0,3491.0,3460.0,3464.0,3465.0,0.55,1.0,38.0,50.0,0.2,100.0
traj_sweep_245,routing,0.00049203,0.00049203,1076.77,1278.42,674.576,674.576,609.0,0.0,609.0,0.0,0.0,0.0,0.626482,0.626482,633.0,23.0,23.0,4048.0,4048.0,0.0,0.0,22.0,4.0,0.00219142,0.00881166,0.00131151,0.0124324,0.00015733,9.5e-07,0.00021099,1.175e-05,0.00024268,3153.0,6116.0,0.00108587,1.54213e-05,0.000963837,0.00206513,631.0,2964.61,0.735633,0.530987,0.0,2135080000.0,2135080000.0,0.112525,0.0,0.0697001,62.6482,60.0,33.0,15.0,0.0,631.0,3217.0,3217.0,3451.0,3480.0,3441.0,3446.0,3451.0,0.56,1.0,38.0,50.0,0.2,100.0
traj_sweep_246,routing,0.00049203,0.00049203,1076.77,1278.42,674.576,674.576,609.0,0.0,609.0,0.0,0.0,0.0,0.626482,0.626482,633.0,23.0,23.0,4048.0,4048.0,0.0,0.0,22.0,4.0,0.00203136,0.0125088,0.0012723,0.013177,0.0001556,8.2e-07,0.00018498,1.059e-05,0.00023668,3153.0,6116.0,0.00106682,1.54213e-05,0.000946928,0.00202917,631.0,2964.61,0.735633,0.530987,0.0,2135080000.0,2135080000.0,0.112525,0.0,0.0777002,62.6482,60.0,33.0,15.0,0.0,631.0,3217.0,3217.0,3451.0,3480.0,3441.0,3446.0,3451.0,0.57,1.0,38.0,50.0,0.2,100.0
traj_sweep_247,routing,0.000700752,0.000700752,1076.77,1278.42,674.044,674.044,608.0,0.0,608.0,0.0,0.0,0.0,0.625988,0.625988,632.0,23.0,23.0,4048.0,4048.0,0.0,0.0,22.0,4.0,0.00219465,0.0127667,0.00134409,0.0129087,0.00015595,1.08e-06,0.00019342,1.052e-05,0.00024257,3247.0,6190.0,0.00104914,1.54214e-05,0.000927773,0.00199233,630.0,2921.09,0.760464,0.473479,0.0,2123990000.0,2123990000.0,0.113435,0.0,0.087532,62.5988,65.0,32.0,22.0,0.0,630.0,3219.0,3219.0,3373.0,3425.0,3386.0,3372.0,3373.0,0.58,1.0,38.0,50.0,0.2,100.0
traj_sweep_248,routing,0.00137943,0.00137943,1076.77,1278.42,673.512,673.512,608.0,0.0,608.0,0.0,0.0,0.0,0.625494,0.625494,632.0,23.0,23.0,4048.0,4048.0,0.0,0.0,22.0,4.0,0.00210106,0.0130062,0.00132046,0.0130261,0.00014034,7.7e-07,0.00019395,1.188e-05,0.0002357,3093.0,6053.0,0.00102491,1.54102e-05,0.000910901,0.00195122,630.0,2954.09,0.759396,0.538249,0.0,2126130000.0,2126130000.0,0.112418,0.0,0.0925506,62.5494,43.0,16.0,11.0,0.0,630.0,3256.0,3256.0,3413.0,3433.0,3403.0,3407.0,3413.0,0.59,1.0,38.0,50.0,0.2,100.0
traj_sweep_249,routing,0.00191565,0.00191565,1076.77,1278.42,674.842,674.842,608.0,0.0,608.0,0.0,0.0,0.0,0.626729,0.626729,632.0,23.0,23.0,4048.0,4048.0,0.0,0.0,22.0,4.0,0.00127339,0.00941756,0.00085458,0.0110616,0.000102209,7.6e-07,0.00013902,8.511e-06,0.000165591,3259.0,6198.0,0.00101433,1.54659e-05,0.000904118,0.00193391,630.0,2973.11,0.691699,0.537986,0.0,2117960000.0,2117960000.0,0.113239,0.0,0.100585,62.6729,52.0,17.0,8.0,0.0,630.0,3267.0,3267.0,3446.0,3476.0,3431.0,3446.0,3446.0,0.6,1.0,38.0,50.0,0.2,100.0
traj_sweep_250,routing,0.00120744,0.00120744,1076.77,1278.42,674.842,674.842,608.0,0.0,608.0,0.0,0.0,0.0,0.626729,0.626729,632.0,23.0,23.0,4048.0,4048.0,0.0,0.0,22.0,4.0,0.00211505,0.0127007,0.00130072,0.0143531,0.00014474,9.6e-07,0.00018955,1.166e-05,0.00024795,3216.0,6141.0,0.000997839,1.54659e-05,0.000883233,0.00189654,630.0,2960.42,0.684136,0.531927,0.0,2130680000.0,2130680000.0,0.112884,0.0,0.111295,62.6729,47.0,26.0,26.0,0.0,630.0,3268.0,3268.0,3428.0,3473.0,3428.0,3428.0,3428.0,0.61,1.0,38.0,50.0,0.2,100.0
traj_sweep_251,routing,0.00126948,0.00126948,1076.77,1278.42,674.044,674.044,608.0,0.0,608.0,0.0,0.0,0.0,0.625988,0.625988,632.0,23.0,23.0,4048.0,4048.0,0.0,0.0,22.0,4.0,0.00204138,0.0126208,0.0011209,0.0139586,0.000131309,1.06e-06,0.000200431,1.584e-05,0.000166529,3220.0,6213.0,0.000981464,1.54214e-05,0.000873202,0.00187009,630.0,2958.44,0.776266,0.531586,0.0,2140920000.0,2140920000.0,0.112327,0.0,0.11532,62.5988,39.0,13.0,5.0,1.0,630.0,3257.0,3257.0,3415.0,3450.0,3414.0,3412.0,3413.0,0.62,1.0,38.0,50.0,0.2,100.0
traj_sweep_252,routing,0.000476987,0.000476987,1076.77,1278.42,995.904,995.904,751.0,14.0,751.0,12.01,1.014,761.72,0.924901,0.924901,777.0,23.0,23.0,4048.0,4048.0,1533970.0,19.0,23.0,5.0,0.00213599,0.0136542,0.00086193,0.00275021,0.00027481,5e-07,0.00020524,1.138e-05,0.0003176,2860.0,9410.0,0.00674942,2.76461e-05,0.00567716,0.0124542,761.0,4912.19,0.640936,0.692862,53.0,2333530000.0,2333530000.0,0.072406,-13.3868,-0.288535,92.4901,92.0,57.0,42.0,0.0,775.0,4222.0,4222.0,5300.0,5345.0,5311.0,5297.0,5300.0,0.14,1.0,39.0,50.0,0.2,100.0
traj_sweep_253,routing,0.00176466,0.00176466,1076.77,1278.42,963.186,963.186,738.0,2.0,738.0,7.69,0.2415,178.56,0.894516,0.894516,762.0,23.0,23.0,4048.0,4048.0,192162.0,2.0,23.0,5.0,0.00046394,0.00679176,0.000377549,0.00290888,5.432e-05,3.6e-07,7.74e-05,3.489e-06,9.82e-05,808.0,8296.0,0.00608773,2.6352e-05,0.00507748,0.0111916,759.0,4217.84,0.586046,0.666466,53.0,2351470000.0,2351470000.0,0.0714098,-12.7749,-0.275266,89.4516,57.0,24.0,18.0,0.0,760.0,3926.0,3926.0,4529.0,4554.0,4537.0,4524.0,4529.0,0.15,1.0,39.0,50.0,0.2,100.0
traj_sweep_254,routing,0.00115712,0.00115712,1076.77,1278.42,973.826,973.826,741.0,5.0,741.0,14.24,0.559,414.26,0.904397,0.904397,765.0,23.0,23.0,4048.0,4048.0,917865.0,10.0,23.0,5.0,0.000809789,0.0121819,0.00057072,0.00251559,8.636e-05,4.9e-07,0.00011723,5.54e-06,0.0001339,1730.0,9305.0,0.0056753,2.68643e-05,0.00477092,0.0104731,761.0,4953.33,0.504611,0.627221,53.0,2332750000.0,2332750000.0,0.0735264,-12.4429,-0.268679,90.4397,94.0,43.0,39.0,0.0,763.0,4214.0,4214.0,5284.0,5377.0,5285.0,5293.0,5284.0,0.16,1.0,39.0,50.0,0.2,100.0
traj_sweep_255,routing,0.00126218,0.00126218,1076.77,1278.42,958.664,958.664,739.0,4.0,739.0,11.06,0.467,345.41,0.890316,0.890316,763.0,23.0,23.0,4048.0,4048.0,746746.0,9.0,23.0,5.0,0.00085293,0.00869015,0.00058165,0.00226286,7.992e-05,6.5e-07,0.00012935,5.6e-06,0.00012979,1550.0,8706.0,0.0053335,2.61595e-05,0.00450031,0.00985997,759.0,4504.43,0.633095,0.689077,53.0,2343470000.0,2343470000.0,0.0744793,-11.7635,-0.256718,89.0316,84.0,56.0,27.0,0.0,761.0,4026.0,4026.0,4872.0,4883.0,4849.0,4864.0,4872.0,0.17,1.0,39.0,50.0,0.2,100.0
traj_sweep_256,routing,0.00173515,0.00173515,1076.77,1278.42,975.688,975.688,735.0,7.0,735.0,10.68,0.8515,625.95,0.906126,0.906126,759.0,23.0,23.0,4048.0,4048.0,1261460.0,15.0,23.0,5.0,0.0013247,0.0173481,0.00089757,0.00257513,0.00018583,6.7e-07,0.00021767,9.29e-06,0.00023837,2454.0,9025.0,0.00507171,2.68177e-05,0.00433406,0.00943258,752.0,4803.49,0.612556,0.679212,53.0,2333250000.0,2333250000.0,0.0775945,-11.2222,-0.248587,90.6126,102.0,84.0,33.0,0.0,757.0,4095.0,4095.0,5155.0,5226.0,5173.0,5159.0,5155.0,0.18,1.0,39.0,50.0,0.2,100.0
traj_sweep_257,routing,0.000852436,0.000852436,1076.77,1278.42,961.058,961.058,741.0,10.0,741.0,9.92,0.4865,360.77,0.89254,0.89254,765.0,23.0,23.0,4048.0,4048.0,676349.0,8.0,23.0,5.0,0.00073997,0.00640075,0.00051297,0.00256726,8.815e-05,4.29e-07,0.00011122,5.449e-06,0.00012475,1374.0,8652.0,0.00470255,2.62681e-05,0.00398,0.00870881,754.0,4534.97,0.60961,0.677793,53.0,2367440000.0,2367440000.0,0.0796665,-10.7028,-0.232397,89.254,91.0,36.0,36.0,0.0,763.0,4104.0,4104.0,4847.0,4897.0,4838.0,4845.0,4847.0,0.19,1.0,39.0,50.0,0.2,100.0
traj_sweep_258,routing,0.00105996,0.00105996,1076.77,1278.42,961.59,961.59,735.0,3.0,735.0,10.83,0.4395,323.17,0.893034,0.893034,761.0,23.0,23.0,4048.0,4048.0,668353.0,8.0,24.0,6.0,0.000517431,0.00575655,0.000339671,0.00251983,5.6411e-05,2.8e-07,7.168e-05,4e-06,8.8529e-05,1397.0,8364.0,0.00451421,2.64475e-05,0.00377381,0.00831447,756.0,4430.85,0.602605,0.674424,53.0,2365330000.0,2365330000.0,0.0816171,-10.2378,-0.222774,89.3034,91.0,13.0,11.0,0.0,759.0,3969.0,3969.0,4778.0,4794.0,4771.0,4775.0,4778.0,0.2,1.0,39.0,50.0,0.2,100.0
traj_sweep_259,routing,0.0012443,0.0012443,1076.77,1278.42,935.788,935.788,732.0,7.0,732.0,6.93,0.1795,131.56,0.869071,0.869071,756.0,23.0,23.0,4048.0,4048.0,319803.0,4.0,23.0,5.0,0.0003075,0.00349781,0.000208889,0.00280681,6.33e-05,5.1e-07,3.7329e-05,2.5e-06,5.516e-05,626.0,8028.0,0.00412069,2.53578e-05,0.00348891,0.00763495,750.0,4017.8,0.636916,0.690928,53.0,2366210000.0,2366210000.0,0.0804023,-9.5411,-0.212617,86.9071,68.0,21.0,24.0,0.0,754.0,3828.0,3828.0,4305.0,4352.0,4304.0,4299.0,4305.0,0.21,1.0,39.0,50.0,0.2,100.0
traj_sweep_260,routing,0.00156823,0.00156823,1076.77,1278.42,979.412,979.412,734.0,10.0,734.0,11.82,0.6415,471.13,0.909585,0.909585,760.0,23.0,23.0,4048.0,4048.0,1014430.0,13.0,23.0,5.0,0.00100909,0.0108726,0.00070734,0.00246007,0.00010505,4.8e-07,0.00012076,7.09e-06,0.00015995,1882.0,8373.0,0.00410186,2.6933e-05,0.00356933,0.00769813,748.0,4492.85,0.590424,0.668557,53.0,2344860000.0,2344860000.0,0.0849199,-9.16002,-0.206465,90.9585,85.0,47.0,20.0,0.0,758.0,3997.0,3997.0,4816.0,4866.0,4822.0,4813.0,4816.0,0.22,1.0,39.0,50.0,0.2,100.0
traj_sweep_261,routing,0.000715372,0.000715372,1076.77,1278.42,941.906,941.906,727.0,5.0,727.0,6.6,0.245,178.28,0.874753,0.874753,751.0,23.0,23.0,4048.0,4048.0,349230.0,4.0,23.0,5.0,0.00042127,0.00490233,0.00023883,0.00279243,4.185e-05,5.6e-07,5.492e-05,2.76e-06,6.239e-05,1033.0,8094.0,0.00377468,2.54732e-05,0.00322089,0.00702104,746.0,4110.27,0.645434,0.695024,53.0,2369620000.0,2369620000.0,0.0865714,-8.45931,-0.192008,87.4753,71.0,21.0,24.0,0.0,749.0,3887.0,3887.0,4425.0,4453.0,4426.0,4425.0,4425.0,0.23,1.0,39.0,50.0,0.2,100.0
traj_sweep_262,routing,0.00233705,0.00233705,1076.77,1278.42,929.67,929.67,733.0,8.0,733.0,9.54,0.328,240.47,0.863389,0.863389,757.0,23.0,23.0,4048.0,4048.0,504989.0,7.0,23.0,5.0,0.00041599,0.00506754,0.00030691,0.00289812,4.45e-05,3.7e-07,5.9e-05,3.8e-06,7.553e-05,1094.0,7934.0,0.00360517,2.50852e-05,0.00307599,0.00670625,748.0,4012.67,0.62995,0.687564,53.0,2350820000.0,2350820000.0,0.0834689,-8.07402,-0.185383,86.3389,55.0,20.0,39.0,0.0,755.0,3828.0,3828.0,4343.0,4402.0,4375.0,4343.0,4343.0,0.24,1.0,39.0,50.0,0.2,100.0
traj_sweep_263,routing,0.0019167,0.0019167,1076.77,1278.42,947.758,947.758,737.0,9.0,737.0,8.45,0.303,223.55,0.880188,0.880188,761.0,23.0,23.0,4048.0,4048.0,489568.0,6.0,23.0,5.0,0.00037373,0.00486598,0.00027201,0.00257998,4.1e-05,2e-07,6.248e-05,2.89e-06,6.772e-05,1067.0,8056.0,0.00352804,2.55116e-05,0.00299274,0.0065463,752.0,4228.23,0.636359,0.69066,51.0,2386470000.0,2386470000.0,0.091965,-7.57673,-0.169029,88.0188,86.0,45.0,21.0,0.0,759.0,3895.0,3895.0,4527.0,4557.0,4507.0,4523.0,4527.0,0.25,1.0,39.0,50.0,0.2,100.0
traj_sweep_264,routing,0.00092118,0.00092118,1076.77,1278.42,936.586,936.586,729.0,4.0,729.0,8.78,0.2295,167.47,0.869812,0.869812,753.0,23.0,23.0,4048.0,4048.0,433762.0,6.0,23.0,5.0,0.00035714,0.00366781,0.00022731,0.00259197,3.871e-05,1.8e-07,5.368e-05,2.86e-06,5.826e-05,790.0,8056.0,0.00333144,2.51694e-05,0.00286948,0.00622609,747.0,4116.88,0.640936,0.692862,50.0,2354540000.0,2354540000.0,0.0933272,-7.09569,-0.164711,86.9812,79.0,25.0,22.0,0.0,751.0,3875.0,3875.0,4426.0,4474.0,4429.0,4429.0,4426.0,0.26,1.0,39.0,50.0,0.2,100.0
traj_sweep_265,routing,0.00187513,0.00187513,1076.77,1278.42,926.478,926.478,736.0,6.0,736.0,6.36,0.1775,130.75,0.860425,0.860425,760.0,23.0,23.0,4048.0,4048.0,279837.0,4.0,23.0,5.0,0.00026676,0.00328508,0.00019949,0.00254836,2.747e-05,5.51e-07,4.134e-05,2.19e-06,4.935e-05,742.0,7546.0,0.0031905,2.45493e-05,0.00269389,0.00590893,751.0,3835.89,0.645434,0.695024,49.0,2392140000.0,2392140000.0,0.0953906,-6.60341,-0.148035,86.0425,47.0,17.0,15.0,0.0,758.0,3751.0,3751.0,4102.0,4193.0,4104.0,4106.0,4102.0,0.27,1.0,39.0,50.0,0.2,100.0
traj_sweep_266,routing,0.00152189,0.00152189,1076.77,1278.42,941.108,941.108,734.0,5.0,734.0,9.16,0.7015,515.17,0.874012,0.874012,758.0,23.0,23.0,4048.0,4048.0,1298300.0,17.0,23.0,5.0,0.00063676,0.00741821,0.00043578,0.00273891,7.609e-05,2.3e-07,9.411e-05,5.93e-06,0.00012185,1659.0,8324.0,0.00313426,2.51706e-05,0.00271389,0.00587331,752.0,4425.71,0.576635,0.66192,49.0,2359110000.0,2359110000.0,0.098068,-6.22271,-0.143888,87.4012,76.0,32.0,28.0,7.0,756.0,3970.0,3970.0,4745.0,4801.0,4760.0,4737.0,4742.0,0.28,1.0,39.0,50.0,0.2,100.0
traj_sweep_267,routing,0.00229208,0.00229208,1076.77,1278.42,932.596,932.596,721.0,1.0,721.0,11.25,0.3855,278.11,0.866107,0.866107,745.0,23.0,23.0,4048.0,4048.0,653754.0,9.0,23.0,5.0,0.0007214,0.00818268,0.00040807,0.00267274,6.675e-05,3.9e-07,9.545e-05,6.16e-06,0.00010287,1070.0,8105.0,0.00294121,2.4696e-05,0.00257142,0.00553733,742.0,4125.16,0.636359,0.69067,49.0,2352960000.0,2352960000.0,0.0982873,-5.82479,-0.138095,86.6107,69.0,22.0,12.0,0.0,743.0,3857.0,3857.0,4449.0,4480.0,4443.0,4448.0,4449.0,0.29,1.0,39.0,50.0,0.2,100.0
traj_sweep_268,routing,0.000941768,0.000941768,1076.77,1278.42,894.026,894.026,719.0,1.0,719.0,6.55,0.0575,41.4,0.830287,0.830287,743.0,23.0,23.0,4048.0,4048.0,80483.0,1.0,23.0,5.0,0.00012692,0.00088719,9.351e-05,0.00187429,1.044e-05,3.9e-07,1.376e-05,1.21e-06,2.128e-05,186.0,7392.0,0.00275992,2.33577e-05,0.00234223,0.0051255,740.0,3747.65,0.646987,0.69578,49.0,2354790000.0,2354790000.0,0.0994491,-5.20595,-0.124667,83.0287,52.0,30.0,11.0,0.0,741.0,3707.0,3707.0,4056.0,4096.0,4041.0,4053.0,4056.0,0.3,1.0,39.0,50.0,0.2,100.0
traj_sweep_269,routing,0.00157981,0.00157981,1076.77,1278.42,891.898,891.898,721.0,2.0,721.0,5.6,0.0245,17.9,0.82831,0.82831,745.0,23.0,23.0,4048.0,4048.0,52537.0,1.0,23.0,5.0,6.3549e-05,0.00053104,5.8049e-05,0.00260801,5.089e-06,3.5e-07,8.669e-06,8.29e-07,1.0829e-05,115.0,7301.0,0.0026753,2.32567e-05,0.0022437,0.00494225,742.0,3636.19,0.635443,0.690227,49.0,2354790000.0,2354790000.0,0.102168,-4.73614,-0.114667,82.831,41.0,9.0,3.0,0.0,743.0,3686.0,3686.0,3903.0,3952.0,3907.0,3902.0,3903.0,0.31,1.0,39.0,50.0,0.2,100.0
traj_sweep_270,routing,0.00218637,0.00218637,1076.77,1278.42,891.632,891.632,708.0,4.0,708.0,7.69,0.4085,289.29,0.828063,0.828063,732.0,23.0,23.0,4048.0,4048.0,727273.0,11.0,23.0,5.0,0.0007014,0.00656427,0.00048205,0.00278156,7.151e-05,5.4e-07,8.263e-05,4.43e-06,0.00010143,1308.0,7666.0,0.00254061,2.32569e-05,0.0022425,0.00480636,726.0,3747.3,0.639941,0.692389,49.0,2351710000.0,2351710000.0,0.101394,-4.22504,-0.105223,82.8063,69.0,33.0,29.0,0.0,730.0,3749.0,3749.0,4063.0,4115.0,4071.0,4071.0,4063.0,0.32,1.0,39.0,50.0,0.2,100.0
traj_sweep_271,routing,0.00159197,0.00159197,1076.77,1278.42,888.44,888.44,703.0,5.0,703.0,9.02,0.377,265.25,0.825099,0.825099,727.0,23.0,23.0,4048.0,4048.0,679928.0,10.0,23.0,5.0,0.00044715,0.00530801,0.00032497,0.00270109,5.119e-05,3.6e-07,6.606e-05,4.11e-06,7.988e-05,1228.0,7464.0,0.00246745,2.31933e-05,0.00217544,0.00466609,719.0,3746.79,0.277587,0.517943,47.0,2348630000.0,2348630000.0,0.10391,-3.97803,-0.0957808,82.5099,73.0,29.0,23.0,0.0,725.0,3708.0,3708.0,4086.0,4152.0,4083.0,4084.0,4086.0,0.33,1.0,39.0,50.0,0.2,100.0
traj_sweep_272,routing,0.00179003,0.00179003,1076.77,1278.42,875.672,875.672,707.0,6.0,707.0,8.83,0.2645,187.17,0.813241,0.813241,731.0,23.0,23.0,4048.0,4048.0,433147.0,6.0,23.0,5.0,0.00047313,0.00419297,0.0003699,0.00228602,4.322e-05,3.5e-07,6.631e-05,2.9e-06,6.825e-05,1057.0,7467.0,0.00234558,2.26624e-05,0.00202633,0.00439457,722.0,3577.85,0.299718,0.528531,48.0,2370490000.0,2370490000.0,0.107632,-3.40311,-0.0872546,81.3241,57.0,18.0,5.0,0.0,729.0,3653.0,3653.0,3914.0,3978.0,3925.0,3914.0,3914.0,0.34,1.0,39.0,50.0,0.2,100.0
traj_sweep_273,routing,0.00164003,0.00164003,1076.77,1278.42,877.268,877.268,705.0,3.0,705.0,5.6,0.1135,80.06,0.814723,0.814723,729.0,23.0,23.0,4048.0,4048.0,156879.0,2.0,23.0,5.0,0.00013341,0.00136434,0.00010559,0.00247316,1.161e-05,1.6e-07,2.046e-05,1.27e-06,2.276e-05,394.0,7267.0,0.0023079,2.27761e-05,0.00200441,0.00433509,724.0,3570.68,0.649295,0.696887,47.0,2342380000.0,2342380000.0,0.10882,-3.06388,-0.0790297,81.4723,68.0,21.0,15.0,0.0,727.0,3635.0,3635.0,3915.0,3914.0,3917.0,3910.0,3915.0,0.35,1.0,39.0,50.0,0.2,100.0
traj_sweep_274,routing,0.00143361,0.00143361,1076.77,1278.42,841.092,841.092,699.0,1.0,699.0,5.27,0.0235,16.43,0.781126,0.781126,723.0,23.0,23.0,4048.0,4048.0,45294.0,1.0,23.0,5.0,4.889e-05,0.00036063,4.344e-05,0.00263425,3.51e-06,3.5e-07,6.24e-06,7.9e-07,8.79e-06,65.0,6854.0,0.00215189,2.14105e-05,0.00183765,0.00401095,720.0,3275.5,0.630109,0.687645,47.0,2346850000.0,2346850000.0,0.10917,-2.57983,-0.0661035,78.1126,32.0,24.0,12.0,3.0,721.0,3485.0,3485.0,3639.0,3669.0,3631.0,3637.0,3639.0,0.36,1.0,39.0,50.0,0.2,100.0
traj_sweep_275,routing,0.00167891,0.00167891,1076.77,1278.42,884.982,884.982,708.0,13.0,708.0,7.12,0.42,297.37,0.821887,0.821887,732.0,23.0,23.0,4048.0,4048.0,757293.0,11.0,23.0,5.0,0.00085361,0.00741508,0.00060743,0.00277123,9.369e-05,4.11e-07,0.00011107,5.75e-06,0.00013307,1555.0,7461.0,0.00221368,2.31262e-05,0.00190433,0.00414113,716.0,3695.55,0.2912,0.524459,47.0,2334420000.0,2334420000.0,0.111207,-2.26339,-0.0649776,82.1887,74.0,29.0,20.0,0.0,730.0,3747.0,3747.0,4036.0,4073.0,4026.0,4036.0,4036.0,0.37,1.0,39.0,50.0,0.2,100.0
traj_sweep_276,routing,0.0017273,0.0017273,1076.77,1278.42,923.02,923.02,708.0,6.0,708.0,7.74,0.4455,315.49,0.857213,0.857213,733.0,23.0,23.0,4048.0,4048.0,794062.0,11.0,23.0,5.0,0.00077076,0.0074702,0.00051357,0.00277351,7.985e-05,5.6e-07,9.483e-05,4.58e-06,0.00012279,1242.0,7618.0,0.00223122,2.45202e-05,0.00199638,0.00425212,725.0,3934.15,0.639941,0.692393,47.0,2311990000.0,2311990000.0,0.114981,-1.94565,-0.0525272,85.7213,73.0,10.0,6.0,0.0,731.0,3755.0,3755.0,4256.0,4302.0,4255.0,4257.0,4256.0,0.38,1.0,39.0,50.0,0.2,100.0
traj_sweep_277,routing,0.00113526,0.00113526,1076.77,1278.42,869.288,869.288,701.0,3.0,701.0,5.84,0.1265,88.7,0.807312,0.807312,725.0,23.0,23.0,4048.0,4048.0,233907.0,3.0,23.0,5.0,0.00019182,0.00229083,0.00013706,0.00294672,2.115e-05,5.8e-07,3.147e-05,1.8e-06,3.769e-05,484.0,7068.0,0.00204168,2.23041e-05,0.0017778,0.00384178,718.0,3523.9,0.64834,0.643285,45.0,2320030000.0,2320030000.0,0.116483,-1.4621,-0.0412349,80.7312,56.0,27.0,19.0,0.0,723.0,3551.0,3551.0,3849.0,3888.0,3867.0,3840.0,3849.0,0.39,1.0,39.0,50.0,0.2,100.0
traj_sweep_278,routing,0.00132669,0.00132669,1076.77,1278.42,855.722,855.722,694.0,2.0,694.0,8.07,0.2245,156.04,0.794713,0.794713,718.0,23.0,23.0,4048.0,4048.0,363636.0,5.0,23.0,5.0,0.0005342,0.00558058,0.00030347,0.00278161,4.387e-05,5.3e-07,5.968e-05,3.07e-06,6.696e-05,914.0,7176.0,0.00197142,2.20413e-05,0.00172975,0.00372321,712.0,3590.68,0.265963,0.512339,45.0,2316230000.0,2316230000.0,0.112374,-1.2017,-0.0317368,79.4713,56.0,36.0,29.0,0.0,716.0,3594.0,3594.0,3924.0,3965.0,3921.0,3909.0,3924.0,0.4,1.0,39.0,50.0,0.2,100.0
traj_sweep_279,routing,0.0013845,0.0013845,1076.77,1278.42,804.118,804.118,680.0,1.0,680.0,5.6,0.175,119.29,0.746789,0.746789,704.0,23.0,23.0,4048.0,4048.0,326742.0,5.0,23.0,5.0,0.00030868,0.00314447,0.00023046,0.0021827,2.735e-05,3.5e-07,4.975e-05,2.46e-06,4.657e-05,587.0,7105.0,0.0018485,2.0143e-05,0.00160447,0.00347311,703.0,3569.49,0.641494,0.693133,26.0,2335190000.0,2335190000.0,0.112514,-0.350038,-0.0214434,74.6789,39.0,7.0,6.0,0.0,702.0,3570.0,3570.0,3939.0,3990.0,3940.0,3938.0,3939.0,0.41,1.0,39.0,50.0,0.2,100.0
traj_sweep_280,routing,0.00114852,0.00114852,1076.77,1278.42,804.916,804.916,671.0,10.0,671.0,7.88,0.409,274.5,0.74753,0.74753,695.0,23.0,23.0,4048.0,4048.0,675879.0,11.0,23.0,5.0,0.00061766,0.00422507,0.00041454,0.00255817,6.893e-05,3.5e-07,8.36e-05,3.29e-06,7.216e-05,1197.0,6939.0,0.00178708,2.02867e-05,0.00158064,0.00338801,683.0,3518.53,0.795061,0.596077,23.0,2325090000.0,2325090000.0,0.111986,-0.141226,-0.0125539,74.753,34.0,9.0,6.0,0.0,693.0,3546.0,3546.0,3867.0,3882.0,3852.0,3865.0,3867.0,0.42,1.0,39.0,50.0,0.2,100.0
traj_sweep_281,routing,0.000859611,0.000859611,1076.77,1278.42,728.308,728.308,640.0,5.0,640.0,3.37,0.0395,25.31,0.676383,0.676383,664.0,23.0,23.0,4048.0,4048.0,58026.0,1.0,23.0,5.0,8.218e-05,0.00137113,0.00012271,0.00261396,7.78e-06,1.8e-07,1.762e-05,9.2e-07,1.616e-05,232.0,6338.0,0.00155842,1.74558e-05,0.00136426,0.00294014,657.0,3110.81,0.750348,0.597237,8.0,2312630000.0,2312630000.0,0.112584,-0.0282078,-0.00808281,67.6383,57.0,19.0,7.0,0.0,662.0,3386.0,3386.0,3524.0,3549.0,3527.0,3524.0,3524.0,0.43,1.0,39.0,50.0,0.2,100.0
traj_sweep_282,routing,0.00397645,0.00397645,1076.77,1278.42,723.52,723.52,626.0,6.0,626.0,8.4,0.1085,67.95,0.671937,0.671937,650.0,23.0,23.0,4048.0,4048.0,178006.0,3.0,23.0,5.0,0.00018169,0.0017422,0.00015353,0.00224144,1.719e-05,2.6e-07,2.379e-05,1.5e-06,3.064e-05,523.0,6520.0,0.00149354,1.73801e-05,0.00135042,0.00286134,642.0,3144.68,0.75434,0.597232,4.0,2304160000.0,2304160000.0,0.112173,-0.00717409,-0.00342484,67.1937,79.0,34.0,25.0,0.0,648.0,3380.0,3380.0,3653.0,3699.0,3658.0,3648.0,3653.0,0.44,1.0,39.0,50.0,0.2,100.0
traj_sweep_283,routing,0.000886222,0.000886222,1076.77,1278.42,698.782,698.782,625.0,8.0,625.0,4.32,0.051,32.0,0.648962,0.648962,649.0,23.0,23.0,4048.0,4048.0,79852.0,1.0,22.0,4.0,0.00010326,0.00113804,8.397e-05,0.00309433,9.35e-06,3.2e-07,1.602e-05,9.9e-07,1.9e-05,256.0,6301.0,0.00139508,1.63324e-05,0.0012444,0.00265582,639.0,3140.53,0.728876,0.611443,3.0,2272210000.0,2272210000.0,0.113273,-0.00124065,-0.00089051,64.8962,46.0,23.0,15.0,0.0,647.0,3303.0,3303.0,3517.0,3535.0,3517.0,3513.0,3517.0,0.45,1.0,39.0,50.0,0.2,100.0
traj_sweep_284,routing,0.00119697,0.00119697,1076.77,1278.42,683.354,683.354,614.0,0.0,614.0,0.95,0.002,1.52,0.634634,0.634634,638.0,23.0,23.0,4048.0,4048.0,5614.0,0.0,22.0,4.0,1.197e-05,0.00010147,2.024e-05,0.00248324,8.2e-07,3.8e-07,2.12e-06,9.2e-07,4.34e-06,9.0,6190.0,0.00133021,1.57822e-05,0.00119011,0.0025361,636.0,2990.79,0.761141,0.613936,0.0,2226370000.0,2226370000.0,0.111559,0.0,0.000117628,63.4634,36.0,29.0,21.0,0.0,636.0,3253.0,3253.0,3446.0,3501.0,3463.0,3452.0,3446.0,0.46,1.0,39.0,50.0,0.2,100.0
traj_sweep_285,routing,0.00136995,0.00136995,1076.77,1278.42,678.034,678.034,610.0,0.0,610.0,0.0,0.0,0.0,0.629694,0.629694,636.0,23.0,23.0,4048.0,4048.0,0.0,0.0,22.0,4.0,8.28e-06,6.715e-05,1.61e-05,0.00575092,5.1e-07,4.4e-07,1.1e-06,7.2e-07,3.89e-06,11.0,6044.0,0.00128642,1.55925e-05,0.00113926,0.00244128,634.0,2956.45,0.724088,0.507366,0.0,2211080000.0,2211080000.0,0.113211,0.0,0.003753,62.9694,73.0,23.0,22.0,0.0,634.0,3279.0,3279.0,3428.0,3463.0,3436.0,3433.0,3428.0,0.47,1.0,39.0,50.0,0.2,100.0
traj_sweep_286,routing,0.000814626,0.000814626,1076.77,1278.42,677.768,677.768,611.0,0.0,611.0,0.0,0.0,0.0,0.629447,0.629447,636.0,23.0,23.0,4048.0,4048.0,0.0,0.0,22.0,4.0,0.00131367,0.00848129,0.00078955,0.0122527,0.00010263,8.4e-07,0.00014284,1.055e-05,0.00018957,3149.0,6147.0,0.00125918,1.55891e-05,0.00113053,0.0024053,634.0,2997.21,0.735273,0.528017,0.0,2206490000.0,2206490000.0,0.112647,0.0,0.010394,62.9447,50.0,22.0,10.0,0.0,634.0,3224.0,3224.0,3413.0,3443.0,3412.0,3414.0,3413.0,0.48,1.0,39.0,50.0,0.2,100.0
traj_sweep_287,routing,0.00123279,0.00123279,1076.77,1278.42,675.64,675.64,610.0,0.0,610.0,0.0,0.0,0.0,0.62747,0.62747,634.0,23.0,23.0,4048.0,4048.0,0.0,0.0,22.0,4.0,0.00208128,0.0125527,0.00128502,0.0124863,0.00014447,8.2e-07,0.00018466,1.116e-05,0.00023,3205.0,6090.0,0.00124054,1.54618e-05,0.00110505,0.00236106,632.0,2928.69,0.763489,0.618963,0.0,2178380000.0,2178380000.0,0.111784,0.0,0.012683,62.747,75.0,19.0,24.0,0.0,632.0,3277.0,3277.0,3418.0,3427.0,3405.0,3418.0,3418.0,0.49,1.0,39.0,50.0,0.2,100.0
traj_sweep_288,routing,0.00121698,0.00121698,1076.77,1278.42,674.576,674.576,609.0,0.0,609.0,0.0,0.0,0.0,0.626482,0.626482,634.0,23.0,23.0,4048.0,4048.0,0.0,0.0,22.0,4.0,0.0012981,0.00885549,0.00079052,0.0104807,9.956e-05,3.6e-07,0.00013657,7.37e-06,0.00021972,3262.0,6181.0,0.00120526,1.54538e-05,0.00108488,0.0023056,632.0,2969.97,0.736422,0.619204,0.0,2166190000.0,2166190000.0,0.112493,0.0,0.0226343,62.6482,64.0,30.0,25.0,0.0,632.0,3258.0,3258.0,3452.0,3447.0,3434.0,3452.0,3452.0,0.5,1.0,39.0,50.0,0.2,100.0
traj_sweep_289,routing,0.000538965,0.000538965,1076.77,1278.42,675.374,675.374,610.0,0.0,610.0,0.0,0.0,0.0,0.627223,0.627223,634.0,23.0,23.0,4048.0,4048.0,0.0,0.0,22.0,4.0,0.0012787,0.00870938,0.00076679,0.0101554,0.00010464,7.6e-07,0.00014872,8.4e-06,0.00017964,3189.0,6218.0,0.00119125,1.5441e-05,0.00106034,0.00226703,632.0,2974.21,0.772332,0.606295,0.0,2139580000.0,2139580000.0,0.111995,0.0,0.0299596,62.7223,46.0,17.0,5.0,0.0,632.0,3292.0,3292.0,3456.0,3489.0,3468.0,3455.0,3456.0,0.51,1.0,39.0,50.0,0.2,100.0
traj_sweep_290,routing,0.00295478,0.00295478,1076.77,1278.42,675.64,675.64,610.0,0.0,610.0,0.0,0.0,0.0,0.62747,0.62747,634.0,23.0,23.0,4048.0,4048.0,0.0,0.0,22.0,4.0,0.00127987,0.00835378,0.00077901,0.0112046,0.00010278,6e-07,0.00016412,7.6e-06,0.00016645,3118.0,5976.0,0.00116993,1.54808e-05,0.00104665,0.00223206,632.0,2972.28,0.776034,0.605916,0.0,2191750000.0,2191750000.0,0.112866,0.0,0.0397594,62.747,78.0,14.0,15.0,0.0,632.0,3248.0,3248.0,3397.0,3457.0,3408.0,3400.0,3397.0,0.52,1.0,39.0,50.0,0.2,100.0
traj_sweep_291,routing,0.00158487,0.00158487,1076.77,1278.42,675.108,675.108,610.0,0.0,610.0,0.0,0.0,0.0,0.626976,0.626976,634.0,23.0,23.0,4048.0,4048.0,0.0,0.0,22.0,4.0,0.00126744,0.00875383,0.000833771,0.0116379,9.7811e-05,6.8e-07,0.000136271,7.98e-06,0.00017134,3235.0,6136.0,0.0011409,1.54521e-05,0.00101919,0.00217554,632.0,2954.18,0.778144,0.610451,0.0,2165570000.0,2165570000.0,0.114009,0.0,0.0443398,62.6976,82.0,17.0,22.0,0.0,632.0,3302.0,3302.0,3420.0,3454.0,3435.0,3420.0,3420.0,0.53,1.0,39.0,50.0,0.2,100.0
traj_sweep_292,routing,0.00159453,0.00159453,1076.77,1278.42,675.108,675.108,610.0,0.0,610.0,0.0,0.0,0.0,0.626976,0.626976,634.0,23.0,23.0,4048.0,4048.0,0.0,0.0,22.0,4.0,0.00127159,0.00927189,0.000756369,0.0121841,0.00011876,6.5e-07,0.000155331,7.24e-06,0.00017684,3182.0,6204.0,0.00111975,1.54521e-05,0.000997337,0.00213254,632.0,2953.53,0.722507,0.598572,0.0,2109890000.0,2109890000.0,0.113238,0.0,0.05369,62.6976,38.0,8.0,7.0,0.0,632.0,3238.0,3238.0,3437.0,3494.0,3437.0,3438.0,3437.0,0.54,1.0,39.0,50.0,0.2,100.0
traj_sweep_293,routing,0.00315694,0.00315694,1076.77,1278.42,674.842,674.842,610.0,0.0,610.0,0.0,0.0,0.0,0.626729,0.626729,634.0,23.0,23.0,4048.0,4048.0,0.0,0.0,22.0,4.0,0.00260958,0.0130334,0.00129233,0.0123099,0.00023402,1.36e-06,0.00020424,1.355e-05,0.00029822,3149.0,6064.0,0.00109858,1.54472e-05,0.000984295,0.00209833,632.0,2971.36,0.747614,0.60119,0.0,2122040000.0,2122040000.0,0.113914,0.0,0.0618751,62.6729,55.0,35.0,12.0,0.0,632.0,3265.0,3265.0,3465.0,3491.0,3460.0,3464.0,3465.0,0.55,1.0,39.0,50.0,0.2,100.0
traj_sweep_294,routing,0.00049203,0.00049203,1076.77,1278.42,674.576,674.576,609.0,0.0,609.0,0.0,0.0,0.0,0.626482,0.626482,633.0,23.0,23.0,4048.0,4048.0,0.0,0.0,22.0,4.0,0.00209151,0.00999782,0.00111549,0.0119011,0.00013588,8.4e-07,0.000184231,1.0469e-05,0.000230089,3153.0,6116.0,0.00108587,1.54213e-05,0.000963837,0.00206513,631.0,2964.61,0.735633,0.530987,0.0,2135080000.0,2135080000.0,0.112525,0.0,0.0697001,62.6482,60.0,33.0,15.0,0.0,631.0,3217.0,3217.0,3451.0,3480.0,3441.0,3446.0,3451.0,0.56,1.0,39.0,50.0,0.2,100.0
traj_sweep_295,routing,0.00049203,0.00049203,1076.77,1278.42,674.576,674.576,609.0,0.0,609.0,0.0,0.0,0.0,0.626482,0.626482,633.0,23.0,23.0,4048.0,4048.0,0.0,0.0,22.0,4.0,0.00222218,0.0139745,0.0013877,0.016269,0.0001536,9.6e-07,0.00019481,1.071e-05,0.00025192,3153.0,6116.0,0.00106682,1.54213e-05,0.000946928,0.00202917,631.0,2964.61,0.735633,0.530987,0.0,2135080000.0,2135080000.0,0.112525,0.0,0.0777002,62.6482,60.0,33.0,15.0,0.0,631.0,3217.0,3217.0,3451.0,3480.0,3441.0,3446.0,3451.0,0.57,1.0,39.0,50.0,0.2,100.0
traj_sweep_296,routing,0.000700752,0.000700752,1076.77,1278.42,674.044,674.044,608.0,0.0,608.0,0.0,0.0,0.0,0.625988,0.625988,632.0,23.0,23.0,4048.0,4048.0,0.0,0.0,22.0,4.0,0.00635841,0.0129894,0.00149749,0.0172821,0.00019846,1.33e-06,0.00023871,1.2691e-05,0.00028902,3247.0,6190.0,0.00104914,1.54214e-05,0.000927773,0.00199233,630.0,2921.09,0.760464,0.473479,0.0,2123990000.0,2123990000.0,0.113435,0.0,0.087532,62.5988,65.0,32.0,22.0,0.0,630.0,3219.0,3219.0,3373.0,3425.0,3386.0,3372.0,3373.0,0.58,1.0,39.0,50.0,0.2,100.0
traj_sweep_297,routing,0.00137943,0.00137943,1076.77,1278.42,673.512,673.512,608.0,0.0,608.0,0.0,0.0,0.0,0.625494,0.625494,632.0,23.0,23.0,4048.0,4048.0,0.0,0.0,22.0,4.0,0.00197093,0.0129987,0.00121674,0.0195792,0.00014653,4.8e-07,0.00018823,1.026e-05,0.00021769,3093.0,6053.0,0.00102491,1.54102e-05,0.000910901,0.00195122,630.0,2954.09,0.759396,0.538249,0.0,2126130000.0,2126130000.0,0.112418,0.0,0.0925506,62.5494,43.0,16.0,11.0,0.0,630.0,3256.0,3256.0,3413.0,3433.0,3403.0,3407.0,3413.0,0.59,1.0,39.0,50.0,0.2,100.0
traj_sweep_298,routing,0.00191565,0.00191565,1076.77,1278.42,674.842,674.842,608.0,0.0,608.0,0.0,0.0,0.0,0.626729,0.626729,632.0,23.0,23.0,4048.0,4048.0,0.0,0.0,22.0,4.0,0.00210975,0.0131704,0.00131959,0.013244,0.00014422,1.51e-06,0.00019829,1.067e-05,0.00023688,3259.0,6198.0,0.00101433,1.54659e-05,0.000904118,0.00193391,630.0,2973.11,0.691699,0.537986,0.0,2117960000.0,2117960000.0,0.113239,0.0,0.100585,62.6729,52.0,17.0,8.0,0.0,630.0,3267.0,3267.0,3446.0,3476.0,3431.0,3446.0,3446.0,0.6,1.0,39.0,50.0,0.2,100.0
traj_sweep_299,routing,0.00120744,0.00120744,1076.77,1278.42,674.842,674.842,608.0,0.0,608.0,0.0,0.0,0.0,0.626729,0.626729,632.0,23.0,23.0,4048.0,4048.0,0.0,0.0,22.0,4.0,0.00210521,0.0127647,0.00130015,0.0178106,0.00014808,1.14e-06,0.000212529,1.051e-05,0.00024712,3216.0,6141.0,0.000997839,1.54659e-05,0.000883233,0.00189654,630.0,2960.42,0.684136,0.531927,0.0,2130680000.0,2130680000.0,0.112884,0.0,0.111295,62.6729,47.0,26.0,26.0,0.0,630.0,3268.0,3268.0,3428.0,3473.0,3428.0,3428.0,3428.0,0.61,1.0,39.0,50.0,0.2,100.0
traj_sweep_300,routing,0.00126948,0.00126948,1076.77,1278.42,674.044,674.044,608.0,0.0,608.0,0.0,0.0,0.0,0.625988,0.625988,632.0,23.0,23.0,4048.0,4048.0,0.0,0.0,22.0,4.0,0.00179121,0.0116476,0.00117685,0.0121409,0.000101509,4.5e-07,0.00019074,1.442e-05,0.000182511,3220.0,6213.0,0.000981464,1.54214e-05,0.000873202,0.00187009,630.0,2958.44,0.776266,0.531586,0.0,2140920000.0,2140920000.0,0.112327,0.0,0.11532,62.5988,39.0,13.0,5.0,1.0,630.0,3257.0,3257.0,3415.0,3450.0,3414.0,3412.0,3413.0,0.62,1.0,39.0,50.0,0.2,100.0
traj_sweep_301,routing,0.000476987,0.000476987,1076.77,1278.42,995.904,995.904,751.0,14.0,751.0,12.01,1.014,761.72,0.924901,0.924901,777.0,23.0,23.0,4048.0,4048.0,1533970.0,19.0,23.0,5.0,0.00147226,0.014762,0.00102312,0.0023997,0.00015936,5.69e-07,0.00020313,1.528e-05,0.0002547,2860.0,9410.0,0.00674942,2.76461e-05,0.00567716,0.0124542,761.0,4912.19,0.640936,0.692862,53.0,2333530000.0,2333530000.0,0.072406,-13.3868,-0.288535,92.4901,92.0,57.0,42.0,0.0,775.0,4222.0,4222.0,5300.0,5345.0,5311.0,5297.0,5300.0,0.14,1.0,40.0,50.0,0.2,100.0
traj_sweep_302,routing,0.00176466,0.00176466,1076.77,1278.42,963.186,963.186,738.0,2.0,738.0,7.69,0.2415,178.56,0.894516,0.894516,762.0,23.0,23.0,4048.0,4048.0,192162.0,2.0,23.0,5.0,0.00048514,0.00438676,0.00032145,0.00286509,5.04e-05,3.7e-07,6.644e-05,3.41e-06,7.605e-05,808.0,8296.0,0.00608773,2.6352e-05,0.00507748,0.0111916,759.0,4217.84,0.586046,0.666466,53.0,2351470000.0,2351470000.0,0.0714098,-12.7749,-0.275266,89.4516,57.0,24.0,18.0,0.0,760.0,3926.0,3926.0,4529.0,4554.0,4537.0,4524.0,4529.0,0.15,1.0,40.0,50.0,0.2,100.0
traj_sweep_303,routing,0.00115712,0.00115712,1076.77,1278.42,973.826,973.826,741.0,5.0,741.0,14.24,0.559,414.26,0.904397,0.904397,765.0,23.0,23.0,4048.0,4048.0,917865.0,10.0,23.0,5.0,0.00055823,0.00982455,0.00040334,0.00209901,6.447e-05,2.3e-07,9.293e-05,4.26e-06,9.958e-05,1730.0,9305.0,0.0056753,2.68643e-05,0.00477092,0.0104731,761.0,4953.33,0.504611,0.627221,53.0,2332750000.0,2332750000.0,0.0735264,-12.4429,-0.268679,90.4397,94.0,43.0,39.0,0.0,763.0,4214.0,4214.0,5284.0,5377.0,5285.0,5293.0,5284.0,0.16,1.0,40.0,50.0,0.2,100.0
traj_sweep_304,routing,0.00126218,0.00126218,1076.77,1278.42,958.664,958.664,739.0,4.0,739.0,11.06,0.467,345.41,0.890316,0.890316,763.0,23.0,23.0,4048.0,4048.0,746746.0,9.0,23.0,5.0,0.00065195,0.00742002,0.00046815,0.00239143,5.95e-05,5.3e-07,8.287e-05,4.74e-06,9.687e-05,1550.0,8706.0,0.0053335,2.61595e-05,0.00450031,0.00985997,759.0,4504.43,0.633095,0.689077,53.0,2343470000.0,2343470000.0,0.0744793,-11.7635,-0.256718,89.0316,84.0,56.0,27.0,0.0,761.0,4026.0,4026.0,4872.0,4883.0,4849.0,4864.0,4872.0,0.17,1.0,40.0,50.0,0.2,100.0
traj_sweep_305,routing,0.00173515,0.00173515,1076.77,1278.42,975.688,975.688,735.0,7.0,735.0,10.68,0.8515,625.95,0.906126,0.906126,759.0,23.0,23.0,4048.0,4048.0,1261460.0,15.0,23.0,5.0,0.00131965,0.0148663,0.00089887,0.00283905,0.0001899,7.3e-07,0.00020772,8.6e-06,0.000238,2454.0,9025.0,0.00507171,2.68177e-05,0.00433406,0.00943258,752.0,4803.49,0.612556,0.679212,53.0,2333250000.0,2333250000.0,0.0775945,-11.2222,-0.248587,90.6126,102.0,84.0,33.0,0.0,757.0,4095.0,4095.0,5155.0,5226.0,5173.0,5159.0,5155.0,0.18,1.0,40.0,50.0,0.2,100.0
traj_sweep_306,routing,0.000852436,0.000852436,1076.77,1278.42,961.058,961.058,741.0,10.0,741.0,9.92,0.4865,360.77,0.89254,0.89254,765.0,23.0,23.0,4048.0,4048.0,676349.0,8.0,23.0,5.0,0.00064005,0.00637548,0.0004262,0.00252248,6.059e-05,3.5e-07,8.868e-05,3.91e-06,9.134e-05,1374.0,8652.0,0.00470255,2.62681e-05,0.00398,0.00870881,754.0,4534.97,0.60961,0.677793,53.0,2367440000.0,2367440000.0,0.0796665,-10.7028,-0.232397,89.254,91.0,36.0,36.0,0.0,763.0,4104.0,4104.0,4847.0,4897.0,4838.0,4845.0,4847.0,0.19,1.0,40.0,50.0,0.2,100.0
traj_sweep_307,routing,0.00105996,0.00105996,1076.77,1278.42,961.59,961.59,735.0,3.0,735.0,10.83,0.4395,323.17,0.893034,0.893034,761.0,23.0,23.0,4048.0,4048.0,668353.0,8.0,24.0,6.0,0.00076698,0.00809416,0.00055484,0.0027202,8.142e-05,7.6e-07,0.00010681,5.05e-06,0.00012174,1397.0,8364.0,0.00451421,2.64475e-05,0.00377381,0.00831447,756.0,4430.85,0.602605,0.674424,53.0,2365330000.0,2365330000.0,0.0816171,-10.2378,-0.222774,89.3034,91.0,13.0,11.0,0.0,759.0,3969.0,3969.0,4778.0,4794.0,4771.0,4775.0,4778.0,0.2,1.0,40.0,50.0,0.2,100.0
traj_sweep_308,routing,0.0012443,0.0012443,1076.77,1278.42,935.788,935.788,732.0,7.0,732.0,6.93,0.1795,131.56,0.869071,0.869071,756.0,23.0,23.0,4048.0,4048.0,319803.0,4.0,23.0,5.0,0.0002682,0.00346077,0.000209071,0.00265246,3.551e-05,2.8e-07,5.516e-05,2.58e-06,5.23e-05,626.0,8028.0,0.00412069,2.53578e-05,0.00348891,0.00763495,750.0,4017.8,0.636916,0.690928,53.0,2366210000.0,2366210000.0,0.0804023,-9.5411,-0.212617,86.9071,68.0,21.0,24.0,0.0,754.0,3828.0,3828.0,4305.0,4352.0,4304.0,4299.0,4305.0,0.21,1.0,40.0,50.0,0.2,100.0
traj_sweep_309,routing,0.00156823,0.00156823,1076.77,1278.42,979.412,979.412,734.0,10.0,734.0,11.82,0.6415,471.13,0.909585,0.909585,760.0,23.0,23.0,4048.0,4048.0,1014430.0,13.0,23.0,5.0,0.00066796,0.00693909,0.00049309,0.00244883,7.539e-05,3.51e-07,9.425e-05,6.129e-06,0.000124559,1882.0,8373.0,0.00410186,2.6933e-05,0.00356933,0.00769813,748.0,4492.85,0.590424,0.668557,53.0,2344860000.0,2344860000.0,0.0849199,-9.16002,-0.206465,90.9585,85.0,47.0,20.0,0.0,758.0,3997.0,3997.0,4816.0,4866.0,4822.0,4813.0,4816.0,0.22,1.0,40.0,50.0,0.2,100.0
traj_sweep_310,routing,0.000715372,0.000715372,1076.77,1278.42,941.906,941.906,727.0,5.0,727.0,6.6,0.245,178.28,0.874753,0.874753,751.0,23.0,23.0,4048.0,4048.0,349230.0,4.0,23.0,5.0,0.0006317,0.00582631,0.000335191,0.00244234,6.4e-05,4.2e-07,7.558e-05,3.64e-06,8.3889e-05,1033.0,8094.0,0.00377468,2.54732e-05,0.00322089,0.00702104,746.0,4110.27,0.645434,0.695024,53.0,2369620000.0,2369620000.0,0.0865714,-8.45931,-0.192008,87.4753,71.0,21.0,24.0,0.0,749.0,3887.0,3887.0,4425.0,4453.0,4426.0,4425.0,4425.0,0.23,1.0,40.0,50.0,0.2,100.0
traj_sweep_311,routing,0.00233705,0.00233705,1076.77,1278.42,929.67,929.67,733.0,8.0,733.0,9.54,0.328,240.47,0.863389,0.863389,757.0,23.0,23.0,4048.0,4048.0,504989.0,7.0,23.0,5.0,0.00039529,0.00465343,0.00027147,0.00254937,4.416e-05,3.2e-07,5.784e-05,3.15e-06,7.093e-05,1094.0,7934.0,0.00360517,2.50852e-05,0.00307599,0.00670625,748.0,4012.67,0.62995,0.687564,53.0,2350820000.0,2350820000.0,0.0834689,-8.07402,-0.185383,86.3389,55.0,20.0,39.0,0.0,755.0,3828.0,3828.0,4343.0,4402.0,4375.0,4343.0,4343.0,0.24,1.0,40.0,50.0,0.2,100.0
traj_sweep_312,routing,0.0019167,0.0019167,1076.77,1278.42,947.758,947.758,737.0,9.0,737.0,8.45,0.303,223.55,0.880188,0.880188,761.0,23.0,23.0,4048.0,4048.0,489568.0,6.0,23.0,5.0,0.00061764,0.00677382,0.00042943,0.00261649,7.205e-05,4.9e-07,9.108e-05,4.18e-06,0.00010082,1067.0,8056.0,0.00352804,2.55116e-05,0.00299274,0.0065463,752.0,4228.23,0.636359,0.69066,51.0,2386470000.0,2386470000.0,0.091965,-7.57673,-0.169029,88.0188,86.0,45.0,21.0,0.0,759.0,3895.0,3895.0,4527.0,4557.0,4507.0,4523.0,4527.0,0.25,1.0,40.0,50.0,0.2,100.0
traj_sweep_313,routing,0.00092118,0.00092118,1076.77,1278.42,936.586,936.586,729.0,4.0,729.0,8.78,0.2295,167.47,0.869812,0.869812,753.0,23.0,23.0,4048.0,4048.0,433762.0,6.0,23.0,5.0,0.00032753,0.00383158,0.00018883,0.00277927,3.259e-05,2e-07,5.155e-05,2.28e-06,4.998e-05,790.0,8056.0,0.00333144,2.51694e-05,0.00286948,0.00622609,747.0,4116.88,0.640936,0.692862,50.0,2354540000.0,2354540000.0,0.0933272,-7.09569,-0.164711,86.9812,79.0,25.0,22.0,0.0,751.0,3875.0,3875.0,4426.0,4474.0,4429.0,4429.0,4426.0,0.26,1.0,40.0,50.0,0.2,100.0
traj_sweep_314,routing,0.00187513,0.00187513,1076.77,1278.42,926.478,926.478,736.0,6.0,736.0,6.36,0.1775,130.75,0.860425,0.860425,760.0,23.0,23.0,4048.0,4048.0,279837.0,4.0,23.0,5.0,0.00041101,0.00355006,0.000296,0.00268525,3.634e-05,4.7e-07,5.507e-05,3e-06,6.14e-05,742.0,7546.0,0.0031905,2.45493e-05,0.00269389,0.00590893,751.0,3835.89,0.645434,0.695024,49.0,2392140000.0,2392140000.0,0.0953906,-6.60341,-0.148035,86.0425,47.0,17.0,15.0,0.0,758.0,3751.0,3751.0,4102.0,4193.0,4104.0,4106.0,4102.0,0.27,1.0,40.0,50.0,0.2,100.0
traj_sweep_315,routing,0.00152189,0.00152189,1076.77,1278.42,941.108,941.108,734.0,5.0,734.0,9.16,0.7015,515.17,0.874012,0.874012,758.0,23.0,23.0,4048.0,4048.0,1298300.0,17.0,23.0,5.0,0.000751759,0.00733362,0.00058136,0.00248338,8.1309e-05,2.29e-07,0.00014812,4.62e-06,0.000106089,1659.0,8324.0,0.00313426,2.51706e-05,0.00271389,0.00587331,752.0,4425.71,0.576635,0.66192,49.0,2359110000.0,2359110000.0,0.098068,-6.22271,-0.143888,87.4012,76.0,32.0,28.0,7.0,756.0,3970.0,3970.0,4745.0,4801.0,4760.0,4737.0,4742.0,0.28,1.0,40.0,50.0,0.2,100.0
traj_sweep_316,routing,0.00229208,0.00229208,1076.77,1278.42,932.596,932.596,721.0,1.0,721.0,11.25,0.3855,278.11,0.866107,0.866107,745.0,23.0,23.0,4048.0,4048.0,653754.0,9.0,23.0,5.0,0.00084285,0.00799937,0.00045215,0.00300381,0.00010546,4.3e-07,0.00014408,4.66e-06,0.00011253,1070.0,8105.0,0.00294121,2.4696e-05,0.00257142,0.00553733,742.0,4125.16,0.636359,0.69067,49.0,2352960000.0,2352960000.0,0.0982873,-5.82479,-0.138095,86.6107,69.0,22.0,12.0,0.0,743.0,3857.0,3857.0,4449.0,4480.0,4443.0,4448.0,4449.0,0.29,1.0,40.0,50.0,0.2,100.0
traj_sweep_317,routing,0.000941768,0.000941768,1076.77,1278.42,894.026,894.026,719.0,1.0,719.0,6.55,0.0575,41.4,0.830287,0.830287,743.0,23.0,23.0,4048.0,4048.0,80483.0,1.0,23.0,5.0,0.00010896,0.00101946,0.000129629,0.00298948,1.0791e-05,3.6e-07,1.702e-05,1e-06,1.754e-05,186.0,7392.0,0.00275992,2.33577e-05,0.00234223,0.0051255,740.0,3747.65,0.646987,0.69578,49.0,2354790000.0,2354790000.0,0.0994491,-5.20595,-0.124667,83.0287,52.0,30.0,11.0,0.0,741.0,3707.0,3707.0,4056.0,4096.0,4041.0,4053.0,4056.0,0.3,1.0,40.0,50.0,0.2,100.0
traj_sweep_318,routing,0.00157981,0.00157981,1076.77,1278.42,891.898,891.898,721.0,2.0,721.0,5.6,0.0245,17.9,0.82831,0.82831,745.0,23.0,23.0,4048.0,4048.0,52537.0,1.0,23.0,5.0,5e-05,0.00047711,4.659e-05,0.00278114,4.73e-06,2.5e-07,6.65e-06,6.1e-07,1e-05,115.0,7301.0,0.0026753,2.32567e-05,0.0022437,0.00494225,742.0,3636.19,0.635443,0.690227,49.0,2354790000.0,2354790000.0,0.102168,-4.73614,-0.114667,82.831,41.0,9.0,3.0,0.0,743.0,3686.0,3686.0,3903.0,3952.0,3907.0,3902.0,3903.0,0.31,1.0,40.0,50.0,0.2,100.0
traj_sweep_319,routing,0.00218637,0.00218637,1076.77,1278.42,891.632,891.632,708.0,4.0,708.0,7.69,0.4085,289.29,0.828063,0.828063,732.0,23.0,23.0,4048.0,4048.0,727273.0,11.0,23.0,5.0,0.00070846,0.00649573,0.00052488,0.00250646,6.794e-05,4.5e-07,8.933e-05,4.34e-06,0.00010107,1308.0,7666.0,0.00254061,2.32569e-05,0.0022425,0.00480636,726.0,3747.3,0.639941,0.692389,49.0,2351710000.0,2351710000.0,0.101394,-4.22504,-0.105223,82.8063,69.0,33.0,29.0,0.0,730.0,3749.0,3749.0,4063.0,4115.0,4071.0,4071.0,4063.0,0.32,1.0,40.0,50.0,0.2,100.0
traj_sweep_320,routing,0.00159197,0.00159197,1076.77,1278.42,888.44,888.44,703.0,5.0,703.0,9.02,0.377,265.25,0.825099,0.825099,727.0,23.0,23.0,4048.0,4048.0,679928.0,10.0,23.0,5.0,0.00045157,0.00550839,0.00046629,0.00261285,4.411e-05,3.9e-07,7.06e-05,3.4e-06,7.52e-05,1228.0,7464.0,0.00246745,2.31933e-05,0.00217544,0.00466609,719.0,3746.79,0.277587,0.517943,47.0,2348630000.0,2348630000.0,0.10391,-3.97803,-0.0957808,82.5099,73.0,29.0,23.0,0.0,725.0,3708.0,3708.0,4086.0,4152.0,4083.0,4084.0,4086.0,0.33,1.0,40.0,50.0,0.2,100.0
traj_sweep_321,routing,0.00179003,0.00179003,1076.77,1278.42,875.672,875.672,707.0,6.0,707.0,8.83,0.2645,187.17,0.813241,0.813241,731.0,23.0,23.0,4048.0,4048.0,433147.0,6.0,23.0,5.0,0.00071442,0.00592105,0.00042211,0.00277733,6.295e-05,4.4e-07,9.213e-05,4.18e-06,0.0001,1057.0,7467.0,0.00234558,2.26624e-05,0.00202633,0.00439457,722.0,3577.85,0.299718,0.528531,48.0,2370490000.0,2370490000.0,0.107632,-3.40311,-0.0872546,81.3241,57.0,18.0,5.0,0.0,729.0,3653.0,3653.0,3914.0,3978.0,3925.0,3914.0,3914.0,0.34,1.0,40.0,50.0,0.2,100.0
traj_sweep_322,routing,0.00164003,0.00164003,1076.77,1278.42,877.268,877.268,705.0,3.0,705.0,5.6,0.1135,80.06,0.814723,0.814723,729.0,23.0,23.0,4048.0,4048.0,156879.0,2.0,23.0,5.0,0.00013287,0.00130346,0.00010093,0.00215361,1.277e-05,3.2e-07,1.995e-05,1.35e-06,2.348e-05,394.0,7267.0,0.0023079,2.27761e-05,0.00200441,0.00433509,724.0,3570.68,0.649295,0.696887,47.0,2342380000.0,2342380000.0,0.10882,-3.06388,-0.0790297,81.4723,68.0,21.0,15.0,0.0,727.0,3635.0,3635.0,3915.0,3914.0,3917.0,3910.0,3915.0,0.35,1.0,40.0,50.0,0.2,100.0
traj_sweep_323,routing,0.00143361,0.00143361,1076.77,1278.42,841.092,841.092,699.0,1.0,699.0,5.27,0.0235,16.43,0.781126,0.781126,723.0,23.0,23.0,4048.0,4048.0,45294.0,1.0,23.0,5.0,4.383e-05,0.00038302,4.777e-05,0.00286241,3.81e-06,4.8e-07,6.97e-06,1.15e-06,1.003e-05,65.0,6854.0,0.00215189,2.14105e-05,0.00183765,0.00401095,720.0,3275.5,0.630109,0.687645,47.0,2346850000.0,2346850000.0,0.10917,-2.57983,-0.0661035,78.1126,32.0,24.0,12.0,3.0,721.0,3485.0,3485.0,3639.0,3669.0,3631.0,3637.0,3639.0,0.36,1.0,40.0,50.0,0.2,100.0
traj_sweep_324,routing,0.00167891,0.00167891,1076.77,1278.42,884.982,884.982,708.0,13.0,708.0,7.12,0.42,297.37,0.821887,0.821887,732.0,23.0,23.0,4048.0,4048.0,757293.0,11.0,23.0,5.0,0.00083043,0.00729694,0.00058265,0.00277077,0.00012684,6.09e-07,0.0001068,5.83e-06,0.00014227,1555.0,7461.0,0.00221368,2.31262e-05,0.00190433,0.00414113,716.0,3695.55,0.2912,0.524459,47.0,2334420000.0,2334420000.0,0.111207,-2.26339,-0.0649776,82.1887,74.0,29.0,20.0,0.0,730.0,3747.0,3747.0,4036.0,4073.0,4026.0,4036.0,4036.0,0.37,1.0,40.0,50.0,0.2,100.0
traj_sweep_325,routing,0.0017273,0.0017273,1076.77,1278.42,923.02,923.02,708.0,6.0,708.0,7.74,0.4455,315.49,0.857213,0.857213,733.0,23.0,23.0,4048.0,4048.0,794062.0,11.0,23.0,5.0,0.00072401,0.00766531,0.00050412,0.00274886,8.261e-05,6.2e-07,8.917e-05,4.65e-06,0.0001131,1242.0,7618.0,0.00223122,2.45202e-05,0.00199638,0.00425212,725.0,3934.15,0.639941,0.692393,47.0,2311990000.0,2311990000.0,0.114981,-1.94565,-0.0525272,85.7213,73.0,10.0,6.0,0.0,731.0,3755.0,3755.0,4256.0,4302.0,4255.0,4257.0,4256.0,0.38,1.0,40.0,50.0,0.2,100.0
traj_sweep_326,routing,0.00113526,0.00113526,1076.77,1278.42,869.288,869.288,701.0,3.0,701.0,5.84,0.1265,88.7,0.807312,0.807312,725.0,23.0,23.0,4048.0,4048.0,233907.0,3.0,23.0,5.0,0.00025281,0.0022903,0.00016287,0.00219632,2.57e-05,3.6e-07,3.783e-05,2.34e-06,4.289e-05,484.0,7068.0,0.00204168,2.23041e-05,0.0017778,0.00384178,718.0,3523.9,0.64834,0.643285,45.0,2320030000.0,2320030000.0,0.116483,-1.4621,-0.0412349,80.7312,56.0,27.0,19.0,0.0,723.0,3551.0,3551.0,3849.0,3888.0,3867.0,3840.0,3849.0,0.39,1.0,40.0,50.0,0.2,100.0
traj_sweep_327,routing,0.00132669,0.00132669,1076.77,1278.42,855.722,855.722,694.0,2.0,694.0,8.07,0.2245,156.04,0.794713,0.794713,718.0,23.0,23.0,4048.0,4048.0,363636.0,5.0,23.0,5.0,0.00043623,0.00405474,0.000227,0.00263257,4.072e-05,2.9e-07,5.154e-05,2.95e-06,6.213e-05,914.0,7176.0,0.00197142,2.20413e-05,0.00172975,0.00372321,712.0,3590.68,0.265963,0.512339,45.0,2316230000.0,2316230000.0,0.112374,-1.2017,-0.0317368,79.4713,56.0,36.0,29.0,0.0,716.0,3594.0,3594.0,3924.0,3965.0,3921.0,3909.0,3924.0,0.4,1.0,40.0,50.0,0.2,100.0
traj_sweep_328,routing,0.0013845,0.0013845,1076.77,1278.42,804.118,804.118,680.0,1.0,680.0,5.6,0.175,119.29,0.746789,0.746789,704.0,23.0,23.0,4048.0,4048.0,326742.0,5.0,23.0,5.0,0.00019692,0.00231117,0.00017387,0.00268202,2.015e-05,3.1e-07,4.431e-05,1.9e-06,3.517e-05,587.0,7105.0,0.0018485,2.0143e-05,0.00160447,0.00347311,703.0,3569.49,0.641494,0.693133,26.0,2335190000.0,2335190000.0,0.112514,-0.350038,-0.0214434,74.6789,39.0,7.0,6.0,0.0,702.0,3570.0,3570.0,3939.0,3990.0,3940.0,3938.0,3939.0,0.41,1.0,40.0,50.0,0.2,100.0
traj_sweep_329,routing,0.00114852,0.00114852,1076.77,1278.42,804.916,804.916,671.0,10.0,671.0,7.88,0.409,274.5,0.74753,0.74753,695.0,23.0,23.0,4048.0,4048.0,675879.0,11.0,23.0,5.0,0.00071263,0.00564666,0.00047835,0.00267239,8.129e-05,5.7e-07,7.716e-05,4.28e-06,0.00010218,1197.0,6939.0,0.00178708,2.02867e-05,0.00158064,0.00338801,683.0,3518.53,0.795061,0.596077,23.0,2325090000.0,2325090000.0,0.111986,-0.141226,-0.0125539,74.753,34.0,9.0,6.0,0.0,693.0,3546.0,3546.0,3867.0,3882.0,3852.0,3865.0,3867.0,0.42,1.0,40.0,50.0,0.2,100.0
traj_sweep_330,routing,0.000859611,0.000859611,1076.77,1278.42,728.308,728.308,640.0,5.0,640.0,3.37,0.0395,25.31,0.676383,0.676383,664.0,23.0,23.0,4048.0,4048.0,58026.0,1.0,23.0,5.0,8.3611e-05,0.00133063,7.052e-05,0.00209424,8e-06,6.8e-07,1.452e-05,1.109e-06,1.5971e-05,232.0,6338.0,0.00155842,1.74558e-05,0.00136426,0.00294014,657.0,3110.81,0.750348,0.597237,8.0,2312630000.0,2312630000.0,0.112584,-0.0282078,-0.00808281,67.6383,57.0,19.0,7.0,0.0,662.0,3386.0,3386.0,3524.0,3549.0,3527.0,3524.0,3524.0,0.43,1.0,40.0,50.0,0.2,100.0
traj_sweep_331,routing,0.00397645,0.00397645,1076.77,1278.42,723.52,723.52,626.0,6.0,626.0,8.4,0.1085,67.95,0.671937,0.671937,650.0,23.0,23.0,4048.0,4048.0,178006.0,3.0,23.0,5.0,0.00023656,0.00199432,0.00018676,0.00252286,2.044e-05,3.2e-07,3.198e-05,1.85e-06,3.518e-05,523.0,6520.0,0.00149354,1.73801e-05,0.00135042,0.00286134,642.0,3144.68,0.75434,0.597232,4.0,2304160000.0,2304160000.0,0.112173,-0.00717409,-0.00342484,67.1937,79.0,34.0,25.0,0.0,648.0,3380.0,3380.0,3653.0,3699.0,3658.0,3648.0,3653.0,0.44,1.0,40.0,50.0,0.2,100.0
traj_sweep_332,routing,0.000886222,0.000886222,1076.77,1278.42,698.782,698.782,625.0,8.0,625.0,4.32,0.051,32.0,0.648962,0.648962,649.0,23.0,23.0,4048.0,4048.0,79852.0,1.0,22.0,4.0,9.677e-05,0.00099538,8.614e-05,0.00343976,8.96e-06,1.16e-06,1.476e-05,1.16e-06,1.968e-05,256.0,6301.0,0.00139508,1.63324e-05,0.0012444,0.00265582,639.0,3140.53,0.728876,0.611443,3.0,2272210000.0,2272210000.0,0.113273,-0.00124065,-0.00089051,64.8962,46.0,23.0,15.0,0.0,647.0,3303.0,3303.0,3517.0,3535.0,3517.0,3513.0,3517.0,0.45,1.0,40.0,50.0,0.2,100.0
traj_sweep_333,routing,0.00119697,0.00119697,1076.77,1278.42,683.354,683.354,614.0,0.0,614.0,0.95,0.002,1.52,0.634634,0.634634,638.0,23.0,23.0,4048.0,4048.0,5614.0,0.0,22.0,4.0,1.151e-05,8.537e-05,1.834e-05,0.00257598,6.9e-07,4.7e-07,1.37e-06,7e-07,3.79e-06,9.0,6190.0,0.00133021,1.57822e-05,0.00119011,0.0025361,636.0,2990.79,0.761141,0.613936,0.0,2226370000.0,2226370000.0,0.111559,0.0,0.000117628,63.4634,36.0,29.0,21.0,0.0,636.0,3253.0,3253.0,3446.0,3501.0,3463.0,3452.0,3446.0,0.46,1.0,40.0,50.0,0.2,100.0
traj_sweep_334,routing,0.00136995,0.00136995,1076.77,1278.42,678.034,678.034,610.0,0.0,610.0,0.0,0.0,0.0,0.629694,0.629694,636.0,23.0,23.0,4048.0,4048.0,0.0,0.0,22.0,4.0,7.489e-06,7.114e-05,1.632e-05,0.00549524,3.4e-07,3e-07,1.24e-06,5.91e-07,2.989e-06,11.0,6044.0,0.00128642,1.55925e-05,0.00113926,0.00244128,634.0,2956.45,0.724088,0.507366,0.0,2211080000.0,2211080000.0,0.113211,0.0,0.003753,62.9694,73.0,23.0,22.0,0.0,634.0,3279.0,3279.0,3428.0,3463.0,3436.0,3433.0,3428.0,0.47,1.0,40.0,50.0,0.2,100.0
traj_sweep_335,routing,0.000814626,0.000814626,1076.77,1278.42,677.768,677.768,611.0,0.0,611.0,0.0,0.0,0.0,0.629447,0.629447,636.0,23.0,23.0,4048.0,4048.0,0.0,0.0,22.0,4.0,0.00138703,0.00845855,0.00079464,0.0112394,9.899e-05,7.1e-07,0.00016033,7.39e-06,0.00017878,3149.0,6147.0,0.00125918,1.55891e-05,0.00113053,0.0024053,634.0,2997.21,0.735273,0.528017,0.0,2206490000.0,2206490000.0,0.112647,0.0,0.010394,62.9447,50.0,22.0,10.0,0.0,634.0,3224.0,3224.0,3413.0,3443.0,3412.0,3414.0,3413.0,0.48,1.0,40.0,50.0,0.2,100.0
traj_sweep_336,routing,0.00123279,0.00123279,1076.77,1278.42,675.64,675.64,610.0,0.0,610.0,0.0,0.0,0.0,0.62747,0.62747,634.0,23.0,23.0,4048.0,4048.0,0.0,0.0,22.0,4.0,0.00151623,0.00876584,0.00089422,0.0097607,9.796e-05,4.7e-07,0.00014813,7.86e-06,0.00016571,3205.0,6090.0,0.00124054,1.54618e-05,0.00110505,0.00236106,632.0,2928.69,0.763489,0.618963,0.0,2178380000.0,2178380000.0,0.111784,0.0,0.012683,62.747,75.0,19.0,24.0,0.0,632.0,3277.0,3277.0,3418.0,3427.0,3405.0,3418.0,3418.0,0.49,1.0,40.0,50.0,0.2,100.0
traj_sweep_337,routing,0.00121698,0.00121698,1076.77,1278.42,674.576,674.576,609.0,0.0,609.0,0.0,0.0,0.0,0.626482,0.626482,634.0,23.0,23.0,4048.0,4048.0,0.0,0.0,22.0,4.0,0.00207056,0.00919792,0.0012093,0.0140738,0.00013428,6.2e-07,0.00017967,1.067e-05,0.00020902,3262.0,6181.0,0.00120526,1.54538e-05,0.00108488,0.0023056,632.0,2969.97,0.736422,0.619204,0.0,2166190000.0,2166190000.0,0.112493,0.0,0.0226343,62.6482,64.0,30.0,25.0,0.0,632.0,3258.0,3258.0,3452.0,3447.0,3434.0,3452.0,3452.0,0.5,1.0,40.0,50.0,0.2,100.0
traj_sweep_338,routing,0.000538965,0.000538965,1076.77,1278.42,675.374,675.374,610.0,0.0,610.0,0.0,0.0,0.0,0.627223,0.627223,634.0,23.0,23.0,4048.0,4048.0,0.0,0.0,22.0,4.0,0.0012746,0.0087768,0.00082392,0.01289,9.992e-05,5.4e-07,0.00014481,8.06e-06,0.00017212,3189.0,6218.0,0.00119125,1.5441e-05,0.00106034,0.00226703,632.0,2974.21,0.772332,0.606295,0.0,2139580000.0,2139580000.0,0.111995,0.0,0.0299596,62.7223,46.0,17.0,5.0,0.0,632.0,3292.0,3292.0,3456.0,3489.0,3468.0,3455.0,3456.0,0.51,1.0,40.0,50.0,0.2,100.0
traj_sweep_339,routing,0.00295478,0.00295478,1076.77,1278.42,675.64,675.64,610.0,0.0,610.0,0.0,0.0,0.0,0.62747,0.62747,634.0,23.0,23.0,4048.0,4048.0,0.0,0.0,22.0,4.0,0.00126965,0.00865797,0.00082187,0.0114567,0.00011261,7e-07,0.00014613,1.038e-05,0.00021388,3118.0,5976.0,0.00116993,1.54808e-05,0.00104665,0.00223206,632.0,2972.28,0.776034,0.605916,0.0,2191750000.0,2191750000.0,0.112866,0.0,0.0397594,62.747,78.0,14.0,15.0,0.0,632.0,3248.0,3248.0,3397.0,3457.0,3408.0,3400.0,3397.0,0.52,1.0,40.0,50.0,0.2,100.0
traj_sweep_340,routing,0.00158487,0.00158487,1076.77,1278.42,675.108,675.108,610.0,0.0,610.0,0.0,0.0,0.0,0.626976,0.626976,634.0,23.0,23.0,4048.0,4048.0,0.0,0.0,22.0,4.0,0.0013025,0.00887422,0.00093403,0.0139664,9.614e-05,6.3e-07,0.00014735,7.64e-06,0.00016872,3235.0,6136.0,0.0011409,1.54521e-05,0.00101919,0.00217554,632.0,2954.18,0.778144,0.610451,0.0,2165570000.0,2165570000.0,0.114009,0.0,0.0443398,62.6976,82.0,17.0,22.0,0.0,632.0,3302.0,3302.0,3420.0,3454.0,3435.0,3420.0,3420.0,0.53,1.0,40.0,50.0,0.2,100.0
traj_sweep_341,routing,0.00159453,0.00159453,1076.77,1278.42,675.108,675.108,610.0,0.0,610.0,0.0,0.0,0.0,0.626976,0.626976,634.0,23.0,23.0,4048.0,4048.0,0.0,0.0,22.0,4.0,0.00132448,0.00889321,0.00077776,0.0100213,0.00010755,4.5e-07,0.00018007,7.43e-06,0.00018798,3182.0,6204.0,0.00111975,1.54521e-05,0.000997337,0.00213254,632.0,2953.53,0.722507,0.598572,0.0,2109890000.0,2109890000.0,0.113238,0.0,0.05369,62.6976,38.0,8.0,7.0,0.0,632.0,3238.0,3238.0,3437.0,3494.0,3437.0,3438.0,3437.0,0.54,1.0,40.0,50.0,0.2,100.0
traj_sweep_342,routing,0.00315694,0.00315694,1076.77,1278.42,674.842,674.842,610.0,0.0,610.0,0.0,0.0,0.0,0.626729,0.626729,634.0,23.0,23.0,4048.0,4048.0,0.0,0.0,22.0,4.0,0.00130873,0.00918255,0.00076314,0.0117122,0.00010545,5.6e-07,0.00017074,7.79e-06,0.0001734,3149.0,6064.0,0.00109858,1.54472e-05,0.000984295,0.00209833,632.0,2971.36,0.747614,0.60119,0.0,2122040000.0,2122040000.0,0.113914,0.0,0.0618751,62.6729,55.0,35.0,12.0,0.0,632.0,3265.0,3265.0,3465.0,3491.0,3460.0,3464.0,3465.0,0.55,1.0,40.0,50.0,0.2,100.0
traj_sweep_343,routing,0.00049203,0.00049203,1076.77,1278.42,674.576,674.576,609.0,0.0,609.0,0.0,0.0,0.0,0.626482,0.626482,633.0,23.0,23.0,4048.0,4048.0,0.0,0.0,22.0,4.0,0.00196407,0.00999394,0.00080458,0.0120519,0.00016524,7.2e-07,0.00028259,9.42e-06,0.00022112,3153.0,6116.0,0.00108587,1.54213e-05,0.000963837,0.00206513,631.0,2964.61,0.735633,0.530987,0.0,2135080000.0,2135080000.0,0.112525,0.0,0.0697001,62.6482,60.0,33.0,15.0,0.0,631.0,3217.0,3217.0,3451.0,3480.0,3441.0,3446.0,3451.0,0.56,1.0,40.0,50.0,0.2,100.0
traj_sweep_344,routing,0.00049203,0.00049203,1076.77,1278.42,674.576,674.576,609.0,0.0,609.0,0.0,0.0,0.0,0.626482,0.626482,633.0,23.0,23.0,4048.0,4048.0,0.0,0.0,22.0,4.0,0.00193934,0.00907941,0.00083583,0.0109993,0.0001086,6.4e-07,0.00014055,7.46e-06,0.00018675,3153.0,6116.0,0.00106682,1.54213e-05,0.000946928,0.00202917,631.0,2964.61,0.735633,0.530987,0.0,2135080000.0,2135080000.0,0.112525,0.0,0.0777002,62.6482,60.0,33.0,15.0,0.0,631.0,3217.0,3217.0,3451.0,3480.0,3441.0,3446.0,3451.0,0.57,1.0,40.0,50.0,0.2,100.0
traj_sweep_345,routing,0.000700752,0.000700752,1076.77,1278.42,674.044,674.044,608.0,0.0,608.0,0.0,0.0,0.0,0.625988,0.625988,632.0,23.0,23.0,4048.0,4048.0,0.0,0.0,22.0,4.0,0.00139388,0.00881342,0.0010766,0.0105825,0.00011735,6e-07,0.00019398,8.75e-06,0.00021634,3247.0,6190.0,0.00104914,1.54214e-05,0.000927773,0.00199233,630.0,2921.09,0.760464,0.473479,0.0,2123990000.0,2123990000.0,0.113435,0.0,0.087532,62.5988,65.0,32.0,22.0,0.0,630.0,3219.0,3219.0,3373.0,3425.0,3386.0,3372.0,3373.0,0.58,1.0,40.0,50.0,0.2,100.0
traj_sweep_346,routing,0.00137943,0.00137943,1076.77,1278.42,673.512,673.512,608.0,0.0,608.0,0.0,0.0,0.0,0.625494,0.625494,632.0,23.0,23.0,4048.0,4048.0,0.0,0.0,22.0,4.0,0.00170892,0.00945318,0.00100225,0.0111744,0.00014357,7.7e-07,0.0001598,8.89e-06,0.00018356,3093.0,6053.0,0.00102491,1.54102e-05,0.000910901,0.00195122,630.0,2954.09,0.759396,0.538249,0.0,2126130000.0,2126130000.0,0.112418,0.0,0.0925506,62.5494,43.0,16.0,11.0,0.0,630.0,3256.0,3256.0,3413.0,3433.0,3403.0,3407.0,3413.0,0.59,1.0,40.0,50.0,0.2,100.0
traj_sweep_347,routing,0.00191565,0.00191565,1076.77,1278.42,674.842,674.842,608.0,0.0,608.0,0.0,0.0,0.0,0.626729,0.626729,632.0,23.0,23.0,4048.0,4048.0,0.0,0.0,22.0,4.0,0.00126175,0.00908495,0.00076784,0.0125628,9.937e-05,5.4e-07,0.00015039,7.66e-06,0.00016467,3259.0,6198.0,0.00101433,1.54659e-05,0.000904118,0.00193391,630.0,2973.11,0.691699,0.537986,0.0,2117960000.0,2117960000.0,0.113239,0.0,0.100585,62.6729,52.0,17.0,8.0,0.0,630.0,3267.0,3267.0,3446.0,3476.0,3431.0,3446.0,3446.0,0.6,1.0,40.0,50.0,0.2,100.0
traj_sweep_348,routing,0.00120744,0.00120744,1076.77,1278.42,674.842,674.842,608.0,0.0,608.0,0.0,0.0,0.0,0.626729,0.626729,632.0,23.0,23.0,4048.0,4048.0,0.0,0.0,22.0,4.0,0.00125874,0.00879067,0.000812809,0.00994949,9.684e-05,5.4e-07,0.00013956,7.94e-06,0.00016507,3216.0,6141.0,0.000997839,1.54659e-05,0.000883233,0.00189654,630.0,2960.42,0.684136,0.531927,0.0,2130680000.0,2130680000.0,0.112884,0.0,0.111295,62.6729,47.0,26.0,26.0,0.0,630.0,3268.0,3268.0,3428.0,3473.0,3428.0,3428.0,3428.0,0.61,1.0,40.0,50.0,0.2,100.0
traj_sweep_349,routing,0.00126948,0.00126948,1076.77,1278.42,674.044,674.044,608.0,0.0,608.0,0.0,0.0,0.0,0.625988,0.625988,632.0,23.0,23.0,4048.0,4048.0,0.0,0.0,22.0,4.0,0.0020737,0.0138075,0.00131161,0.0167165,0.00019158,1.189e-06,0.00023367,1.99e-05,0.00027269,3220.0,6213.0,0.000981464,1.54214e-05,0.000873202,0.00187009,630.0,2958.44,0.776266,0.531586,0.0,2140920000.0,2140920000.0,0.112327,0.0,0.11532,62.5988,39.0,13.0,5.0,1.0,630.0,3257.0,3257.0,3415.0,3450.0,3414.0,3412.0,3413.0,0.62,1.0,40.0,50.0,0.2,100.0
traj_sweep_350,routing,0.000476987,0.000476987,1076.77,1278.42,995.904,995.904,751.0,14.0,751.0,12.01,1.014,761.72,0.924901,0.924901,777.0,23.0,23.0,4048.0,4048.0,1533970.0,19.0,23.0,5.0,0.00145674,0.012852,0.00085228,0.00254816,0.00020402,4.09e-07,0.00020922,1.779e-05,0.00027353,2860.0,9410.0,0.00674942,2.76461e-05,0.00567716,0.0124542,761.0,4912.19,0.640936,0.692862,53.0,2333530000.0,2333530000.0,0.072406,-13.3868,-0.288535,92.4901,92.0,57.0,42.0,0.0,775.0,4222.0,4222.0,5300.0,5345.0,5311.0,5297.0,5300.0,0.14,1.0,41.0,50.0,0.2,100.0
traj_sweep_351,routing,0.00176466,0.00176466,1076.77,1278.42,963.186,963.186,738.0,2.0,738.0,7.69,0.2415,178.56,0.894516,0.894516,762.0,23.0,23.0,4048.0,4048.0,192162.0,2.0,23.0,5.0,0.00045454,0.00437065,0.000339929,0.00262366,4.954e-05,8.3e-07,6.4449e-05,3.3e-06,7.541e-05,808.0,8296.0,0.00608773,2.6352e-05,0.00507748,0.0111916,759.0,4217.84,0.586046,0.666466,53.0,2351470000.0,2351470000.0,0.0714098,-12.7749,-0.275266,89.4516,57.0,24.0,18.0,0.0,760.0,3926.0,3926.0,4529.0,4554.0,4537.0,4524.0,4529.0,0.15,1.0,41.0,50.0,0.2,100.0
traj_sweep_352,routing,0.00115712,0.00115712,1076.77,1278.42,973.826,973.826,741.0,5.0,741.0,14.24,0.559,414.26,0.904397,0.904397,765.0,23.0,23.0,4048.0,4048.0,917865.0,10.0,23.0,5.0,0.00054663,0.00897527,0.00035941,0.00270771,6.6e-05,2.1e-07,9.109e-05,4.03e-06,0.00010351,1730.0,9305.0,0.0056753,2.68643e-05,0.00477092,0.0104731,761.0,4953.33,0.504611,0.627221,53.0,2332750000.0,2332750000.0,0.0735264,-12.4429,-0.268679,90.4397,94.0,43.0,39.0,0.0,763.0,4214.0,4214.0,5284.0,5377.0,5285.0,5293.0,5284.0,0.16,1.0,41.0,50.0,0.2,100.0
traj_sweep_353,routing,0.00126218,0.00126218,1076.77,1278.42,958.664,958.664,739.0,4.0,739.0,11.06,0.467,345.41,0.890316,0.890316,763.0,23.0,23.0,4048.0,4048.0,746746.0,9.0,23.0,5.0,0.00067519,0.00644368,0.00044603,0.00265509,6.603e-05,2.5e-07,8.741e-05,4.55e-06,0.00010319,1550.0,8706.0,0.0053335,2.61595e-05,0.00450031,0.00985997,759.0,4504.43,0.633095,0.689077,53.0,2343470000.0,2343470000.0,0.0744793,-11.7635,-0.256718,89.0316,84.0,56.0,27.0,0.0,761.0,4026.0,4026.0,4872.0,4883.0,4849.0,4864.0,4872.0,0.17,1.0,41.0,50.0,0.2,100.0
traj_sweep_354,routing,0.00173515,0.00173515,1076.77,1278.42,975.688,975.688,735.0,7.0,735.0,10.68,0.8515,625.95,0.906126,0.906126,759.0,23.0,23.0,4048.0,4048.0,1261460.0,15.0,23.0,5.0,0.000836509,0.0133933,0.000628129,0.00265226,0.000115171,3.1e-07,0.000148751,6.1e-06,0.000157331,2454.0,9025.0,0.00507171,2.68177e-05,0.00433406,0.00943258,752.0,4803.49,0.612556,0.679212,53.0,2333250000.0,2333250000.0,0.0775945,-11.2222,-0.248587,90.6126,102.0,84.0,33.0,0.0,757.0,4095.0,4095.0,5155.0,5226.0,5173.0,5159.0,5155.0,0.18,1.0,41.0,50.0,0.2,100.0
traj_sweep_355,routing,0.000852436,0.000852436,1076.77,1278.42,961.058,961.058,741.0,10.0,741.0,9.92,0.4865,360.77,0.89254,0.89254,765.0,23.0,23.0,4048.0,4048.0,676349.0,8.0,23.0,5.0,0.0007661,0.00682605,0.0005332,0.00285078,0.00010109,2.6e-07,0.00013359,5.97e-06,0.00013397,1374.0,8652.0,0.00470255,2.62681e-05,0.00398,0.00870881,754.0,4534.97,0.60961,0.677793,53.0,2367440000.0,2367440000.0,0.0796665,-10.7028,-0.232397,89.254,91.0,36.0,36.0,0.0,763.0,4104.0,4104.0,4847.0,4897.0,4838.0,4845.0,4847.0,0.19,1.0,41.0,50.0,0.2,100.0
traj_sweep_356,routing,0.00105996,0.00105996,1076.77,1278.42,961.59,961.59,735.0,3.0,735.0,10.83,0.4395,323.17,0.893034,0.893034,761.0,23.0,23.0,4048.0,4048.0,668353.0,8.0,24.0,6.0,0.00050871,0.00579915,0.00032114,0.00287256,6.504e-05,2.4e-07,7.053e-05,4.04e-06,9.151e-05,1397.0,8364.0,0.00451421,2.64475e-05,0.00377381,0.00831447,756.0,4430.85,0.602605,0.674424,53.0,2365330000.0,2365330000.0,0.0816171,-10.2378,-0.222774,89.3034,91.0,13.0,11.0,0.0,759.0,3969.0,3969.0,4778.0,4794.0,4771.0,4775.0,4778.0,0.2,1.0,41.0,50.0,0.2,100.0
traj_sweep_357,routing,0.0012443,0.0012443,1076.77,1278.42,935.788,935.788,732.0,7.0,732.0,6.93,0.1795,131.56,0.869071,0.869071,756.0,23.0,23.0,4048.0,4048.0,319803.0,4.0,23.0,5.0,0.00020763,0.00278431,0.00019955,0.00266309,2.353e-05,2.2e-07,4.163e-05,1.87e-06,3.816e-05,626.0,8028.0,0.00412069,2.53578e-05,0.00348891,0.00763495,750.0,4017.8,0.636916,0.690928,53.0,2366210000.0,2366210000.0,0.0804023,-9.5411,-0.212617,86.9071,68.0,21.0,24.0,0.0,754.0,3828.0,3828.0,4305.0,4352.0,4304.0,4299.0,4305.0,0.21,1.0,41.0,50.0,0.2,100.0
traj_sweep_358,routing,0.00156823,0.00156823,1076.77,1278.42,979.412,979.412,734.0,10.0,734.0,11.82,0.6415,471.13,0.909585,0.909585,760.0,23.0,23.0,4048.0,4048.0,1014430.0,13.0,23.0,5.0,0.00069203,0.00943874,0.00045598,0.00263478,8.7951e-05,3.9e-07,9.771e-05,7.589e-06,0.00013312,1882.0,8373.0,0.00410186,2.6933e-05,0.00356933,0.00769813,748.0,4492.85,0.590424,0.668557,53.0,2344860000.0,2344860000.0,0.0849199,-9.16002,-0.206465,90.9585,85.0,47.0,20.0,0.0,758.0,3997.0,3997.0,4816.0,4866.0,4822.0,4813.0,4816.0,0.22,1.0,41.0,50.0,0.2,100.0
traj_sweep_359,routing,0.000715372,0.000715372,1076.77,1278.42,941.906,941.906,727.0,5.0,727.0,6.6,0.245,178.28,0.874753,0.874753,751.0,23.0,23.0,4048.0,4048.0,349230.0,4.0,23.0,5.0,0.00040181,0.00430467,0.00023171,0.00270435,3.833e-05,3.8e-07,5.299e-05,2.52e-06,5.995e-05,1033.0,8094.0,0.00377468,2.54732e-05,0.00322089,0.00702104,746.0,4110.27,0.645434,0.695024,53.0,2369620000.0,2369620000.0,0.0865714,-8.45931,-0.192008,87.4753,71.0,21.0,24.0,0.0,749.0,3887.0,3887.0,4425.0,4453.0,4426.0,4425.0,4425.0,0.23,1.0,41.0,50.0,0.2,100.0
traj_sweep_360,routing,0.00233705,0.00233705,1076.77,1278.42,929.67,929.67,733.0,8.0,733.0,9.54,0.328,240.47,0.863389,0.863389,757.0,23.0,23.0,4048.0,4048.0,504989.0,7.0,23.0,5.0,0.00039623,0.0045787,0.00031228,0.00252347,4.561e-05,3.3e-07,6.336e-05,3.14e-06,6.946e-05,1094.0,7934.0,0.00360517,2.50852e-05,0.00307599,0.00670625,748.0,4012.67,0.62995,0.687564,53.0,2350820000.0,2350820000.0,0.0834689,-8.07402,-0.185383,86.3389,55.0,20.0,39.0,0.0,755.0,3828.0,3828.0,4343.0,4402.0,4375.0,4343.0,4343.0,0.24,1.0,41.0,50.0,0.2,100.0
traj_sweep_361,routing,0.0019167,0.0019167,1076.77,1278.42,947.758,947.758,737.0,9.0,737.0,8.45,0.303,223.55,0.880188,0.880188,761.0,23.0,23.0,4048.0,4048.0,489568.0,6.0,23.0,5.0,0.00037903,0.00528658,0.00026671,0.00287348,5.311e-05,4.5e-07,6.001e-05,3.52e-06,7.476e-05,1067.0,8056.0,0.00352804,2.55116e-05,0.00299274,0.0065463,752.0,4228.23,0.636359,0.69066,51.0,2386470000.0,2386470000.0,0.091965,-7.57673,-0.169029,88.0188,86.0,45.0,21.0,0.0,759.0,3895.0,3895.0,4527.0,4557.0,4507.0,4523.0,4527.0,0.25,1.0,41.0,50.0,0.2,100.0
traj_sweep_362,routing,0.00092118,0.00092118,1076.77,1278.42,936.586,936.586,729.0,4.0,729.0,8.78,0.2295,167.47,0.869812,0.869812,753.0,23.0,23.0,4048.0,4048.0,433762.0,6.0,23.0,5.0,0.00049842,0.00477448,0.00030924,0.00200246,4.44e-05,6.3e-07,6.901e-05,3.24e-06,7.054e-05,790.0,8056.0,0.00333144,2.51694e-05,0.00286948,0.00622609,747.0,4116.88,0.640936,0.692862,50.0,2354540000.0,2354540000.0,0.0933272,-7.09569,-0.164711,86.9812,79.0,25.0,22.0,0.0,751.0,3875.0,3875.0,4426.0,4474.0,4429.0,4429.0,4426.0,0.26,1.0,41.0,50.0,0.2,100.0
traj_sweep_363,routing,0.00187513,0.00187513,1076.77,1278.42,926.478,926.478,736.0,6.0,736.0,6.36,0.1775,130.75,0.860425,0.860425,760.0,23.0,23.0,4048.0,4048.0,279837.0,4.0,23.0,5.0,0.00041121,0.00370472,0.00030748,0.00260262,4.102e-05,7.3e-07,7.837e-05,3.15e-06,6.676e-05,742.0,7546.0,0.0031905,2.45493e-05,0.00269389,0.00590893,751.0,3835.89,0.645434,0.695024,49.0,2392140000.0,2392140000.0,0.0953906,-6.60341,-0.148035,86.0425,47.0,17.0,15.0,0.0,758.0,3751.0,3751.0,4102.0,4193.0,4104.0,4106.0,4102.0,0.27,1.0,41.0,50.0,0.2,100.0
traj_sweep_364,routing,0.00152189,0.00152189,1076.77,1278.42,941.108,941.108,734.0,5.0,734.0,9.16,0.7015,515.17,0.874012,0.874012,758.0,23.0,23.0,4048.0,4048.0,1298300.0,17.0,23.0,5.0,0.00077151,0.00894919,0.00051433,0.00302917,7.036e-05,2.31e-07,0.00011107,5.22e-06,0.0001131,1659.0,8324.0,0.00313426,2.51706e-05,0.00271389,0.00587331,752.0,4425.71,0.576635,0.66192,49.0,2359110000.0,2359110000.0,0.098068,-6.22271,-0.143888,87.4012,76.0,32.0,28.0,7.0,756.0,3970.0,3970.0,4745.0,4801.0,4760.0,4737.0,4742.0,0.28,1.0,41.0,50.0,0.2,100.0
traj_sweep_365,routing,0.00229208,0.00229208,1076.77,1278.42,932.596,932.596,721.0,1.0,721.0,11.25,0.3855,278.11,0.866107,0.866107,745.0,23.0,23.0,4048.0,4048.0,653754.0,9.0,23.0,5.0,0.00047124,0.00575345,0.00024994,0.00277955,6.653e-05,1.8e-07,7.015e-05,3.01e-06,7.647e-05,1070.0,8105.0,0.00294121,2.4696e-05,0.00257142,0.00553733,742.0,4125.16,0.636359,0.69067,49.0,2352960000.0,2352960000.0,0.0982873,-5.82479,-0.138095,86.6107,69.0,22.0,12.0,0.0,743.0,3857.0,3857.0,4449.0,4480.0,4443.0,4448.0,4449.0,0.29,1.0,41.0,50.0,0.2,100.0
traj_sweep_366,routing,0.000941768,0.000941768,1076.77,1278.42,894.026,894.026,719.0,1.0,719.0,6.55,0.0575,41.4,0.830287,0.830287,743.0,23.0,23.0,4048.0,4048.0,80483.0,1.0,23.0,5.0,0.00012067,0.00122796,9.455e-05,0.00447224,8.79e-06,1.02e-06,1.153e-05,1.46e-06,1.958e-05,186.0,7392.0,0.00275992,2.33577e-05,0.00234223,0.0051255,740.0,3747.65,0.646987,0.69578,49.0,2354790000.0,2354790000.0,0.0994491,-5.20595,-0.124667,83.0287,52.0,30.0,11.0,0.0,741.0,3707.0,3707.0,4056.0,4096.0,4041.0,4053.0,4056.0,0.3,1.0,41.0,50.0,0.2,100.0
traj_sweep_367,routing,0.00157981,0.00157981,1076.77,1278.42,891.898,891.898,721.0,2.0,721.0,5.6,0.0245,17.9,0.82831,0.82831,745.0,23.0,23.0,4048.0,4048.0,52537.0,1.0,23.0,5.0,5.337e-05,0.000454871,5.3e-05,0.00206829,4.12e-06,1.6e-07,6.62e-06,9e-07,8.89e-06,115.0,7301.0,0.0026753,2.32567e-05,0.0022437,0.00494225,742.0,3636.19,0.635443,0.690227,49.0,2354790000.0,2354790000.0,0.102168,-4.73614,-0.114667,82.831,41.0,9.0,3.0,0.0,743.0,3686.0,3686.0,3903.0,3952.0,3907.0,3902.0,3903.0,0.31,1.0,41.0,50.0,0.2,100.0
traj_sweep_368,routing,0.00218637,0.00218637,1076.77,1278.42,891.632,891.632,708.0,4.0,708.0,7.69,0.4085,289.29,0.828063,0.828063,732.0,23.0,23.0,4048.0,4048.0,727273.0,11.0,23.0,5.0,0.00046586,0.00469388,0.00031725,0.00200201,4.6869e-05,2.09e-07,5.718e-05,3.869e-06,7.698e-05,1308.0,7666.0,0.00254061,2.32569e-05,0.0022425,0.00480636,726.0,3747.3,0.639941,0.692389,49.0,2351710000.0,2351710000.0,0.101394,-4.22504,-0.105223,82.8063,69.0,33.0,29.0,0.0,730.0,3749.0,3749.0,4063.0,4115.0,4071.0,4071.0,4063.0,0.32,1.0,41.0,50.0,0.2,100.0
traj_sweep_369,routing,0.00159197,0.00159197,1076.77,1278.42,888.44,888.44,703.0,5.0,703.0,9.02,0.377,265.25,0.825099,0.825099,727.0,23.0,23.0,4048.0,4048.0,679928.0,10.0,23.0,5.0,0.000752849,0.00674927,0.000498011,0.00266956,8.33e-05,3.5e-07,9.23e-05,5.29e-06,0.00011555,1228.0,7464.0,0.00246745,2.31933e-05,0.00217544,0.00466609,719.0,3746.79,0.277587,0.517943,47.0,2348630000.0,2348630000.0,0.10391,-3.97803,-0.0957808,82.5099,73.0,29.0,23.0,0.0,725.0,3708.0,3708.0,4086.0,4152.0,4083.0,4084.0,4086.0,0.33,1.0,41.0,50.0,0.2,100.0
traj_sweep_370,routing,0.00179003,0.00179003,1076.77,1278.42,875.672,875.672,707.0,6.0,707.0,8.83,0.2645,187.17,0.813241,0.813241,731.0,23.0,23.0,4048.0,4048.0,433147.0,6.0,23.0,5.0,0.000495,0.00458962,0.00026722,0.00295717,4.886e-05,2.9e-07,6.3691e-05,3.24e-06,7.259e-05,1057.0,7467.0,0.00234558,2.26624e-05,0.00202633,0.00439457,722.0,3577.85,0.299718,0.528531,48.0,2370490000.0,2370490000.0,0.107632,-3.40311,-0.0872546,81.3241,57.0,18.0,5.0,0.0,729.0,3653.0,3653.0,3914.0,3978.0,3925.0,3914.0,3914.0,0.34,1.0,41.0,50.0,0.2,100.0
traj_sweep_371,routing,0.00164003,0.00164003,1076.77,1278.42,877.268,877.268,705.0,3.0,705.0,5.6,0.1135,80.06,0.814723,0.814723,729.0,23.0,23.0,4048.0,4048.0,156879.0,2.0,23.0,5.0,0.00018043,0.00163488,0.00013437,0.00274101,1.456e-05,3.6e-07,6.086e-05,1.85e-06,2.804e-05,394.0,7267.0,0.0023079,2.27761e-05,0.00200441,0.00433509,724.0,3570.68,0.649295,0.696887,47.0,2342380000.0,2342380000.0,0.10882,-3.06388,-0.0790297,81.4723,68.0,21.0,15.0,0.0,727.0,3635.0,3635.0,3915.0,3914.0,3917.0,3910.0,3915.0,0.35,1.0,41.0,50.0,0.2,100.0
traj_sweep_372,routing,0.00143361,0.00143361,1076.77,1278.42,841.092,841.092,699.0,1.0,699.0,5.27,0.0235,16.43,0.781126,0.781126,723.0,23.0,23.0,4048.0,4048.0,45294.0,1.0,23.0,5.0,4.302e-05,0.00035923,4.466e-05,0.00238293,1.043e-05,3.7e-07,6.28e-06,8.9e-07,9.15e-06,65.0,6854.0,0.00215189,2.14105e-05,0.00183765,0.00401095,720.0,3275.5,0.630109,0.687645,47.0,2346850000.0,2346850000.0,0.10917,-2.57983,-0.0661035,78.1126,32.0,24.0,12.0,3.0,721.0,3485.0,3485.0,3639.0,3669.0,3631.0,3637.0,3639.0,0.36,1.0,41.0,50.0,0.2,100.0
traj_sweep_373,routing,0.00167891,0.00167891,1076.77,1278.42,884.982,884.982,708.0,13.0,708.0,7.12,0.42,297.37,0.821887,0.821887,732.0,23.0,23.0,4048.0,4048.0,757293.0,11.0,23.0,5.0,0.00077161,0.00740234,0.00053082,0.00326718,0.00010019,7.1e-07,0.00010871,8.16e-06,0.00016314,1555.0,7461.0,0.00221368,2.31262e-05,0.00190433,0.00414113,716.0,3695.55,0.2912,0.524459,47.0,2334420000.0,2334420000.0,0.111207,-2.26339,-0.0649776,82.1887,74.0,29.0,20.0,0.0,730.0,3747.0,3747.0,4036.0,4073.0,4026.0,4036.0,4036.0,0.37,1.0,41.0,50.0,0.2,100.0
traj_sweep_374,routing,0.0017273,0.0017273,1076.77,1278.42,923.02,923.02,708.0,6.0,708.0,7.74,0.4455,315.49,0.857213,0.857213,733.0,23.0,23.0,4048.0,4048.0,794062.0,11.0,23.0,5.0,0.00069346,0.00518273,0.00048875,0.00259181,7.388e-05,4.2e-07,9.466e-05,3.93e-06,9.131e-05,1242.0,7618.0,0.00223122,2.45202e-05,0.00199638,0.00425212,725.0,3934.15,0.639941,0.692393,47.0,2311990000.0,2311990000.0,0.114981,-1.94565,-0.0525272,85.7213,73.0,10.0,6.0,0.0,731.0,3755.0,3755.0,4256.0,4302.0,4255.0,4257.0,4256.0,0.38,1.0,41.0,50.0,0.2,100.0
traj_sweep_375,routing,0.00113526,0.00113526,1076.77,1278.42,869.288,869.288,701.0,3.0,701.0,5.84,0.1265,88.7,0.807312,0.807312,725.0,23.0,23.0,4048.0,4048.0,233907.0,3.0,23.0,5.0,0.00028429,0.00228469,0.000147931,0.00271062,3.448e-05,7.3e-07,3.084e-05,2.98e-06,5.667e-05,484.0,7068.0,0.00204168,2.23041e-05,0.0017778,0.00384178,718.0,3523.9,0.64834,0.643285,45.0,2320030000.0,2320030000.0,0.116483,-1.4621,-0.0412349,80.7312,56.0,27.0,19.0,0.0,723.0,3551.0,3551.0,3849.0,3888.0,3867.0,3840.0,3849.0,0.39,1.0,41.0,50.0,0.2,100.0
traj_sweep_376,routing,0.00132669,0.00132669,1076.77,1278.42,855.722,855.722,694.0,2.0,694.0,8.07,0.2245,156.04,0.794713,0.794713,718.0,23.0,23.0,4048.0,4048.0,363636.0,5.0,23.0,5.0,0.000622049,0.00544063,0.00035254,0.00234361,5.182e-05,7.9e-07,7.35e-05,3.86e-06,7.8991e-05,914.0,7176.0,0.00197142,2.20413e-05,0.00172975,0.00372321,712.0,3590.68,0.265963,0.512339,45.0,2316230000.0,2316230000.0,0.112374,-1.2017,-0.0317368,79.4713,56.0,36.0,29.0,0.0,716.0,3594.0,3594.0,3924.0,3965.0,3921.0,3909.0,3924.0,0.4,1.0,41.0,50.0,0.2,100.0
traj_sweep_377,routing,0.0013845,0.0013845,1076.77,1278.42,804.118,804.118,680.0,1.0,680.0,5.6,0.175,119.29,0.746789,0.746789,704.0,23.0,23.0,4048.0,4048.0,326742.0,5.0,23.0,5.0,0.00018964,0.00231353,0.000142549,0.00281513,1.899e-05,2.2e-07,3.2149e-05,1.7e-06,3.469e-05,587.0,7105.0,0.0018485,2.0143e-05,0.00160447,0.00347311,703.0,3569.49,0.641494,0.693133,26.0,2335190000.0,2335190000.0,0.112514,-0.350038,-0.0214434,74.6789,39.0,7.0,6.0,0.0,702.0,3570.0,3570.0,3939.0,3990.0,3940.0,3938.0,3939.0,0.41,1.0,41.0,50.0,0.2,100.0
traj_sweep_378,routing,0.00114852,0.00114852,1076.77,1278.42,804.916,804.916,671.0,10.0,671.0,7.88,0.409,274.5,0.74753,0.74753,695.0,23.0,23.0,4048.0,4048.0,675879.0,11.0,23.0,5.0,0.00040878,0.00406499,0.00030256,0.00257838,4.291e-05,2.71e-07,5.215e-05,4.11e-06,7.49e-05,1197.0,6939.0,0.00178708,2.02867e-05,0.00158064,0.00338801,683.0,3518.53,0.795061,0.596077,23.0,2325090000.0,2325090000.0,0.111986,-0.141226,-0.0125539,74.753,34.0,9.0,6.0,0.0,693.0,3546.0,3546.0,3867.0,3882.0,3852.0,3865.0,3867.0,0.42,1.0,41.0,50.0,0.2,100.0
traj_sweep_379,routing,0.000859611,0.000859611,1076.77,1278.42,728.308,728.308,640.0,5.0,640.0,3.37,0.0395,25.31,0.676383,0.676383,664.0,23.0,23.0,4048.0,4048.0,58026.0,1.0,23.0,5.0,0.00011455,0.00178438,9.927e-05,0.00234834,1.183e-05,4.1e-07,1.891e-05,1.04e-06,2.022e-05,232.0,6338.0,0.00155842,1.74558e-05,0.00136426,0.00294014,657.0,3110.81,0.750348,0.597237,8.0,2312630000.0,2312630000.0,0.112584,-0.0282078,-0.00808281,67.6383,57.0,19.0,7.0,0.0,662.0,3386.0,3386.0,3524.0,3549.0,3527.0,3524.0,3524.0,0.43,1.0,41.0,50.0,0.2,100.0
traj_sweep_380,routing,0.00397645,0.00397645,1076.77,1278.42,723.52,723.52,626.0,6.0,626.0,8.4,0.1085,67.95,0.671937,0.671937,650.0,23.0,23.0,4048.0,4048.0,178006.0,3.0,23.0,5.0,0.00022632,0.0019752,0.00016516,0.00248848,1.934e-05,1.6e-07,2.644e-05,1.68e-06,3.414e-05,523.0,6520.0,0.00149354,1.73801e-05,0.00135042,0.00286134,642.0,3144.68,0.75434,0.597232,4.0,2304160000.0,2304160000.0,0.112173,-0.00717409,-0.00342484,67.1937,79.0,34.0,25.0,0.0,648.0,3380.0,3380.0,3653.0,3699.0,3658.0,3648.0,3653.0,0.44,1.0,41.0,50.0,0.2,100.0
traj_sweep_381,routing,0.000886222,0.000886222,1076.77,1278.42,698.782,698.782,625.0,8.0,625.0,4.32,0.051,32.0,0.648962,0.648962,649.0,23.0,23.0,4048.0,4048.0,79852.0,1.0,22.0,4.0,0.00014908,0.00124249,0.00012707,0.00252821,1.387e-05,3.5e-07,1.864e-05,1.64e-06,2.657e-05,256.0,6301.0,0.00139508,1.63324e-05,0.0012444,0.00265582,639.0,3140.53,0.728876,0.611443,3.0,2272210000.0,2272210000.0,0.113273,-0.00124065,-0.00089051,64.8962,46.0,23.0,15.0,0.0,647.0,3303.0,3303.0,3517.0,3535.0,3517.0,3513.0,3517.0,0.45,1.0,41.0,50.0,0.2,100.0
traj_sweep_382,routing,0.00119697,0.00119697,1076.77,1278.42,683.354,683.354,614.0,0.0,614.0,0.95,0.002,1.52,0.634634,0.634634,638.0,23.0,23.0,4048.0,4048.0,5614.0,0.0,22.0,4.0,1.165e-05,7.805e-05,2.194e-05,0.00290332,6.8e-07,3.5e-07,1.5e-06,6.6e-07,3.97e-06,9.0,6190.0,0.00133021,1.57822e-05,0.00119011,0.0025361,636.0,2990.79,0.761141,0.613936,0.0,2226370000.0,2226370000.0,0.111559,0.0,0.000117628,63.4634,36.0,29.0,21.0,0.0,636.0,3253.0,3253.0,3446.0,3501.0,3463.0,3452.0,3446.0,0.46,1.0,41.0,50.0,0.2,100.0
traj_sweep_383,routing,0.00136995,0.00136995,1076.77,1278.42,678.034,678.034,610.0,0.0,610.0,0.0,0.0,0.0,0.629694,0.629694,636.0,23.0,23.0,4048.0,4048.0,0.0,0.0,22.0,4.0,6.3e-06,5.4411e-05,1.271e-05,0.00499759,3.5e-07,2.71e-07,1.14e-06,3.5e-07,2.54e-06,11.0,6044.0,0.00128642,1.55925e-05,0.00113926,0.00244128,634.0,2956.45,0.724088,0.507366,0.0,2211080000.0,2211080000.0,0.113211,0.0,0.003753,62.9694,73.0,23.0,22.0,0.0,634.0,3279.0,3279.0,3428.0,3463.0,3436.0,3433.0,3428.0,0.47,1.0,41.0,50.0,0.2,100.0
traj_sweep_384,routing,0.000814626,0.000814626,1076.77,1278.42,677.768,677.768,611.0,0.0,611.0,0.0,0.0,0.0,0.629447,0.629447,636.0,23.0,23.0,4048.0,4048.0,0.0,0.0,22.0,4.0,0.00171669,0.0102809,0.0010278,0.0108886,0.00011407,8.1e-07,0.000162889,9.5e-06,0.00019709,3149.0,6147.0,0.00125918,1.55891e-05,0.00113053,0.0024053,634.0,2997.21,0.735273,0.528017,0.0,2206490000.0,2206490000.0,0.112647,0.0,0.010394,62.9447,50.0,22.0,10.0,0.0,634.0,3224.0,3224.0,3413.0,3443.0,3412.0,3414.0,3413.0,0.48,1.0,41.0,50.0,0.2,100.0
traj_sweep_385,routing,0.00123279,0.00123279,1076.77,1278.42,675.64,675.64,610.0,0.0,610.0,0.0,0.0,0.0,0.62747,0.62747,634.0,23.0,23.0,4048.0,4048.0,0.0,0.0,22.0,4.0,0.00213538,0.0125963,0.00133687,0.0131003,0.00014243,9.4e-07,0.00018228,1.086e-05,0.00027736,3205.0,6090.0,0.00124054,1.54618e-05,0.00110505,0.00236106,632.0,2928.69,0.763489,0.618963,0.0,2178380000.0,2178380000.0,0.111784,0.0,0.012683,62.747,75.0,19.0,24.0,0.0,632.0,3277.0,3277.0,3418.0,3427.0,3405.0,3418.0,3418.0,0.49,1.0,41.0,50.0,0.2,100.0
traj_sweep_386,routing,0.00121698,0.00121698,1076.77,1278.42,674.576,674.576,609.0,0.0,609.0,0.0,0.0,0.0,0.626482,0.626482,634.0,23.0,23.0,4048.0,4048.0,0.0,0.0,22.0,4.0,0.00132506,0.00976858,0.00079452,0.0127752,9.667e-05,5e-07,0.000136,8.18e-06,0.00017252,3262.0,6181.0,0.00120526,1.54538e-05,0.00108488,0.0023056,632.0,2969.97,0.736422,0.619204,0.0,2166190000.0,2166190000.0,0.112493,0.0,0.0226343,62.6482,64.0,30.0,25.0,0.0,632.0,3258.0,3258.0,3452.0,3447.0,3434.0,3452.0,3452.0,0.5,1.0,41.0,50.0,0.2,100.0
traj_sweep_387,routing,0.000538965,0.000538965,1076.77,1278.42,675.374,675.374,610.0,0.0,610.0,0.0,0.0,0.0,0.627223,0.627223,634.0,23.0,23.0,4048.0,4048.0,0.0,0.0,22.0,4.0,0.00167781,0.00833752,0.00129462,0.0136773,0.0001323,3.9e-07,0.00015454,1.043e-05,0.00023012,3189.0,6218.0,0.00119125,1.5441e-05,0.00106034,0.00226703,632.0,2974.21,0.772332,0.606295,0.0,2139580000.0,2139580000.0,0.111995,0.0,0.0299596,62.7223,46.0,17.0,5.0,0.0,632.0,3292.0,3292.0,3456.0,3489.0,3468.0,3455.0,3456.0,0.51,1.0,41.0,50.0,0.2,100.0
traj_sweep_388,routing,0.00295478,0.00295478,1076.77,1278.42,675.64,675.64,610.0,0.0,610.0,0.0,0.0,0.0,0.62747,0.62747,634.0,23.0,23.0,4048.0,4048.0,0.0,0.0,22.0,4.0,0.00127402,0.0081994,0.00132085,0.0098259,0.000135249,6.4e-07,0.000142409,7.12e-06,0.00016336,3118.0,5976.0,0.00116993,1.54808e-05,0.00104665,0.00223206,632.0,2972.28,0.776034,0.605916,0.0,2191750000.0,2191750000.0,0.112866,0.0,0.0397594,62.747,78.0,14.0,15.0,0.0,632.0,3248.0,3248.0,3397.0,3457.0,3408.0,3400.0,3397.0,0.52,1.0,41.0,50.0,0.2,100.0
traj_sweep_389,routing,0.00158487,0.00158487,1076.77,1278.42,675.108,675.108,610.0,0.0,610.0,0.0,0.0,0.0,0.626976,0.626976,634.0,23.0,23.0,4048.0,4048.0,0.0,0.0,22.0,4.0,0.00129654,0.00862536,0.00078674,0.0129473,0.00010906,4.1e-07,0.00013611,7.92e-06,0.00020521,3235.0,6136.0,0.0011409,1.54521e-05,0.00101919,0.00217554,632.0,2954.18,0.778144,0.610451,0.0,2165570000.0,2165570000.0,0.114009,0.0,0.0443398,62.6976,82.0,17.0,22.0,0.0,632.0,3302.0,3302.0,3420.0,3454.0,3435.0,3420.0,3420.0,0.53,1.0,41.0,50.0,0.2,100.0
traj_sweep_390,routing,0.00159453,0.00159453,1076.77,1278.42,675.108,675.108,610.0,0.0,610.0,0.0,0.0,0.0,0.626976,0.626976,634.0,23.0,23.0,4048.0,4048.0,0.0,0.0,22.0,4.0,0.00128106,0.00881712,0.00077984,0.00990624,9.68e-05,6.6e-07,0.000147191,7.71e-06,0.00018677,3182.0,6204.0,0.00111975,1.54521e-05,0.000997337,0.00213254,632.0,2953.53,0.722507,0.598572,0.0,2109890000.0,2109890000.0,0.113238,0.0,0.05369,62.6976,38.0,8.0,7.0,0.0,632.0,3238.0,3238.0,3437.0,3494.0,3437.0,3438.0,3437.0,0.54,1.0,41.0,50.0,0.2,100.0
traj_sweep_391,routing,0.00315694,0.00315694,1076.77,1278.42,674.842,674.842,610.0,0.0,610.0,0.0,0.0,0.0,0.626729,0.626729,634.0,23.0,23.0,4048.0,4048.0,0.0,0.0,22.0,4.0,0.00129579,0.00924339,0.00077792,0.0125743,9.83e-05,3.6e-07,0.00014049,7.45e-06,0.0001675,3149.0,6064.0,0.00109858,1.54472e-05,0.000984295,0.00209833,632.0,2971.36,0.747614,0.60119,0.0,2122040000.0,2122040000.0,0.113914,0.0,0.0618751,62.6729,55.0,35.0,12.0,0.0,632.0,3265.0,3265.0,3465.0,3491.0,3460.0,3464.0,3465.0,0.55,1.0,41.0,50.0,0.2,100.0
traj_sweep_392,routing,0.00049203,0.00049203,1076.77,1278.42,674.576,674.576,609.0,0.0,609.0,0.0,0.0,0.0,0.626482,0.626482,633.0,23.0,23.0,4048.0,4048.0,0.0,0.0,22.0,4.0,0.00170936,0.00853506,0.00101595,0.0105524,0.000109531,3.9e-07,0.00018707,8.7e-06,0.000192389,3153.0,6116.0,0.00108587,1.54213e-05,0.000963837,0.00206513,631.0,2964.61,0.735633,0.530987,0.0,2135080000.0,2135080000.0,0.112525,0.0,0.0697001,62.6482,60.0,33.0,15.0,0.0,631.0,3217.0,3217.0,3451.0,3480.0,3441.0,3446.0,3451.0,0.56,1.0,41.0,50.0,0.2,100.0
traj_sweep_393,routing,0.00049203,0.00049203,1076.77,1278.42,674.576,674.576,609.0,0.0,609.0,0.0,0.0,0.0,0.626482,0.626482,633.0,23.0,23.0,4048.0,4048.0,0.0,0.0,22.0,4.0,0.00259941,0.0127388,0.00166048,0.0137028,0.00014187,7.4e-07,0.00030782,1.187e-05,0.0002594,3153.0,6116.0,0.00106682,1.54213e-05,0.000946928,0.00202917,631.0,2964.61,0.735633,0.530987,0.0,2135080000.0,2135080000.0,0.112525,0.0,0.0777002,62.6482,60.0,33.0,15.0,0.0,631.0,3217.0,3217.0,3451.0,3480.0,3441.0,3446.0,3451.0,0.57,1.0,41.0,50.0,0.2,100.0
traj_sweep_394,routing,0.000700752,0.000700752,1076.77,1278.42,674.044,674.044,608.0,0.0,608.0,0.0,0.0,0.0,0.625988,0.625988,632.0,23.0,23.0,4048.0,4048.0,0.0,0.0,22.0,4.0,0.00215044,0.013974,0.00129778,0.0128124,0.00014344,1.2e-06,0.0001903,1.044e-05,0.000233249,3247.0,6190.0,0.00104914,1.54214e-05,0.000927773,0.00199233,630.0,2921.09,0.760464,0.473479,0.0,2123990000.0,2123990000.0,0.113435,0.0,0.087532,62.5988,65.0,32.0,22.0,0.0,630.0,3219.0,3219.0,3373.0,3425.0,3386.0,3372.0,3373.0,0.58,1.0,41.0,50.0,0.2,100.0
traj_sweep_395,routing,0.00137943,0.00137943,1076.77,1278.42,673.512,673.512,608.0,0.0,608.0,0.0,0.0,0.0,0.625494,0.625494,632.0,23.0,23.0,4048.0,4048.0,0.0,0.0,22.0,4.0,0.00173453,0.00879535,0.00099584,0.00983731,0.00011236,5.8e-07,0.00015982,8.71e-06,0.00019307,3093.0,6053.0,0.00102491,1.54102e-05,0.000910901,0.00195122,630.0,2954.09,0.759396,0.538249,0.0,2126130000.0,2126130000.0,0.112418,0.0,0.0925506,62.5494,43.0,16.0,11.0,0.0,630.0,3256.0,3256.0,3413.0,3433.0,3403.0,3407.0,3413.0,0.59,1.0,41.0,50.0,0.2,100.0
traj_sweep_396,routing,0.00191565,0.00191565,1076.77,1278.42,674.842,674.842,608.0,0.0,608.0,0.0,0.0,0.0,0.626729,0.626729,632.0,23.0,23.0,4048.0,4048.0,0.0,0.0,22.0,4.0,0.00128477,0.00946021,0.00079291,0.00928973,9.988e-05,5.8e-07,0.00013852,8.23e-06,0.00016798,3259.0,6198.0,0.00101433,1.54659e-05,0.000904118,0.00193391,630.0,2973.11,0.691699,0.537986,0.0,2117960000.0,2117960000.0,0.113239,0.0,0.100585,62.6729,52.0,17.0,8.0,0.0,630.0,3267.0,3267.0,3446.0,3476.0,3431.0,3446.0,3446.0,0.6,1.0,41.0,50.0,0.2,100.0
traj_sweep_397,routing,0.00120744,0.00120744,1076.77,1278.42,674.842,674.842,608.0,0.0,608.0,0.0,0.0,0.0,0.626729,0.626729,632.0,23.0,23.0,4048.0,4048.0,0.0,0.0,22.0,4.0,0.00136092,0.00859452,0.000761509,0.00972848,9.7451e-05,4.1e-07,0.000140051,9.711e-06,0.0002191,3216.0,6141.0,0.000997839,1.54659e-05,0.000883233,0.00189654,630.0,2960.42,0.684136,0.531927,0.0,2130680000.0,2130680000.0,0.112884,0.0,0.111295,62.6729,47.0,26.0,26.0,0.0,630.0,3268.0,3268.0,3428.0,3473.0,3428.0,3428.0,3428.0,0.61,1.0,41.0,50.0,0.2,100.0
traj_sweep_398,routing,0.00126948,0.00126948,1076.77,1278.42,674.044,674.044,608.0,0.0,608.0,0.0,0.0,0.0,0.625988,0.625988,632.0,23.0,23.0,4048.0,4048.0,0.0,0.0,22.0,4.0,0.0013317,0.00879019,0.00075928,0.0104903,0.00010647,5.1e-07,0.0001516,1.205e-05,0.00017287,3220.0,6213.0,0.000981464,1.54214e-05,0.000873202,0.00187009,630.0,2958.44,0.776266,0.531586,0.0,2140920000.0,2140920000.0,0.112327,0.0,0.11532,62.5988,39.0,13.0,5.0,1.0,630.0,3257.0,3257.0,3415.0,3450.0,3414.0,3412.0,3413.0,0.62,1.0,41.0,50.0,0.2,100.0
traj_sweep_399,routing,0.000476987,0.000476987,1076.77,1278.42,995.904,995.904,751.0,14.0,751.0,12.01,1.014,761.72,0.924901,0.924901,777.0,23.0,23.0,4048.0,4048.0,1533970.0,19.0,23.0,5.0,0.00154442,0.0151137,0.00105768,0.00259615,0.00015474,7.1e-07,0.00021707,1.434e-05,0.00025165,2860.0,9410.0,0.00674942,2.76461e-05,0.00567716,0.0124542,761.0,4912.19,0.640936,0.692862,53.0,2333530000.0,2333530000.0,0.072406,-13.3868,-0.288535,92.4901,92.0,57.0,42.0,0.0,775.0,4222.0,4222.0,5300.0,5345.0,5311.0,5297.0,5300.0,0.14,1.0,42.0,50.0,0.2,100.0
traj_sweep_400,routing,0.00176466,0.00176466,1076.77,1278.42,963.186,963.186,738.0,2.0,738.0,7.69,0.2415,178.56,0.894516,0.894516,762.0,23.0,23.0,4048.0,4048.0,192162.0,2.0,23.0,5.0,0.00044359,0.00439224,0.00032774,0.00253611,4.904e-05,4e-07,6.663e-05,3.4e-06,9.508e-05,808.0,8296.0,0.00608773,2.6352e-05,0.00507748,0.0111916,759.0,4217.84,0.586046,0.666466,53.0,2351470000.0,2351470000.0,0.0714098,-12.7749,-0.275266,89.4516,57.0,24.0,18.0,0.0,760.0,3926.0,3926.0,4529.0,4554.0,4537.0,4524.0,4529.0,0.15,1.0,42.0,50.0,0.2,100.0
traj_sweep_401,routing,0.00115712,0.00115712,1076.77,1278.42,973.826,973.826,741.0,5.0,741.0,14.24,0.559,414.26,0.904397,0.904397,765.0,23.0,23.0,4048.0,4048.0,917865.0,10.0,23.0,5.0,0.00088907,0.0125423,0.00059825,0.00309655,0.00012467,9.7e-07,0.00014049,8.39e-06,0.00018805,1730.0,9305.0,0.0056753,2.68643e-05,0.00477092,0.0104731,761.0,4953.33,0.504611,0.627221,53.0,2332750000.0,2332750000.0,0.0735264,-12.4429,-0.268679,90.4397,94.0,43.0,39.0,0.0,763.0,4214.0,4214.0,5284.0,5377.0,5285.0,5293.0,5284.0,0.16,1.0,42.0,50.0,0.2,100.0
traj_sweep_402,routing,0.00126218,0.00126218,1076.77,1278.42,958.664,958.664,739.0,4.0,739.0,11.06,0.467,345.41,0.890316,0.890316,763.0,23.0,23.0,4048.0,4048.0,746746.0,9.0,23.0,5.0,0.0007861,0.0122281,0.00078294,0.00514602,9.24e-05,7.2e-07,0.000127369,5.55e-06,0.00012785,1550.0,8706.0,0.0053335,2.61595e-05,0.00450031,0.00985997,759.0,4504.43,0.633095,0.689077,53.0,2343470000.0,2343470000.0,0.0744793,-11.7635,-0.256718,89.0316,84.0,56.0,27.0,0.0,761.0,4026.0,4026.0,4872.0,4883.0,4849.0,4864.0,4872.0,0.17,1.0,42.0,50.0,0.2,100.0
traj_sweep_404,routing,0.000852436,0.000852436,1076.77,1278.42,961.058,961.058,741.0,10.0,741.0,9.92,0.4865,360.77,0.89254,0.89254,765.0,23.0,23.0,4048.0,4048.0,676349.0,8.0,23.0,5.0,0.00053666,0.00649782,0.00037272,0.00245544,8.615e-05,3.4e-07,8.469e-05,4.15e-06,0.00011327,1374.0,8652.0,0.00470255,2.62681e-05,0.00398,0.00870881,754.0,4534.97,0.60961,0.677793,53.0,2367440000.0,2367440000.0,0.0796665,-10.7028,-0.232397,89.254,91.0,36.0,36.0,0.0,763.0,4104.0,4104.0,4847.0,4897.0,4838.0,4845.0,4847.0,0.19,1.0,42.0,50.0,0.2,100.0
traj_sweep_405,routing,0.00105996,0.00105996,1076.77,1278.42,961.59,961.59,735.0,3.0,735.0,10.83,0.4395,323.17,0.893034,0.893034,761.0,23.0,23.0,4048.0,4048.0,668353.0,8.0,24.0,6.0,0.00078021,0.00805578,0.00052704,0.00233716,9.185e-05,4.1e-07,0.0001075,5.13e-06,0.00012643,1397.0,8364.0,0.00451421,2.64475e-05,0.00377381,0.00831447,756.0,4430.85,0.602605,0.674424,53.0,2365330000.0,2365330000.0,0.0816171,-10.2378,-0.222774,89.3034,91.0,13.0,11.0,0.0,759.0,3969.0,3969.0,4778.0,4794.0,4771.0,4775.0,4778.0,0.2,1.0,42.0,50.0,0.2,100.0
traj_sweep_406,routing,0.0012443,0.0012443,1076.77,1278.42,935.788,935.788,732.0,7.0,732.0,6.93,0.1795,131.56,0.869071,0.869071,756.0,23.0,23.0,4048.0,4048.0,319803.0,4.0,23.0,5.0,0.00023387,0.00278585,0.0001665,0.00265142,3.793e-05,2.6e-07,3.343e-05,2.41e-06,4.906e-05,626.0,8028.0,0.00412069,2.53578e-05,0.00348891,0.00763495,750.0,4017.8,0.636916,0.690928,53.0,2366210000.0,2366210000.0,0.0804023,-9.5411,-0.212617,86.9071,68.0,21.0,24.0,0.0,754.0,3828.0,3828.0,4305.0,4352.0,4304.0,4299.0,4305.0,0.21,1.0,42.0,50.0,0.2,100.0
traj_sweep_408,routing,0.000715372,0.000715372,1076.77,1278.42,941.906,941.906,727.0,5.0,727.0,6.6,0.245,178.28,0.874753,0.874753,751.0,23.0,23.0,4048.0,4048.0,349230.0,4.0,23.0,5.0,0.00045685,0.00437844,0.00023252,0.00209869,3.646e-05,3.8e-07,5.412e-05,2.76e-06,6.606e-05,1033.0,8094.0,0.00377468,2.54732e-05,0.00322089,0.00702104,746.0,4110.27,0.645434,0.695024,53.0,2369620000.0,2369620000.0,0.0865714,-8.45931,-0.192008,87.4753,71.0,21.0,24.0,0.0,749.0,3887.0,3887.0,4425.0,4453.0,4426.0,4425.0,4425.0,0.23,1.0,42.0,50.0,0.2,100.0
traj_sweep_409,routing,0.00233705,0.00233705,1076.77,1278.42,929.67,929.67,733.0,8.0,733.0,9.54,0.328,240.47,0.863389,0.863389,757.0,23.0,23.0,4048.0,4048.0,504989.0,7.0,23.0,5.0,0.00058541,0.00535316,0.00041875,0.00217295,5.285e-05,3.2e-07,7.728e-05,4.55e-06,9.305e-05,1094.0,7934.0,0.00360517,2.50852e-05,0.00307599,0.00670625,748.0,4012.67,0.62995,0.687564,53.0,2350820000.0,2350820000.0,0.0834689,-8.07402,-0.185383,86.3389,55.0,20.0,39.0,0.0,755.0,3828.0,3828.0,4343.0,4402.0,4375.0,4343.0,4343.0,0.24,1.0,42.0,50.0,0.2,100.0
traj_sweep_410,routing,0.0019167,0.0019167,1076.77,1278.42,947.758,947.758,737.0,9.0,737.0,8.45,0.303,223.55,0.880188,0.880188,761.0,23.0,23.0,4048.0,4048.0,489568.0,6.0,23.0,5.0,0.000605729,0.0066342,0.0004033,0.00255798,6.4589e-05,3.2e-07,8.096e-05,4.38e-06,9.782e-05,1067.0,8056.0,0.00352804,2.55116e-05,0.00299274,0.0065463,752.0,4228.23,0.636359,0.69066,51.0,2386470000.0,2386470000.0,0.091965,-7.57673,-0.169029,88.0188,86.0,45.0,21.0,0.0,759.0,3895.0,3895.0,4527.0,4557.0,4507.0,4523.0,4527.0,0.25,1.0,42.0,50.0,0.2,100.0
traj_sweep_411,routing,0.00092118,0.00092118,1076.77,1278.42,936.586,936.586,729.0,4.0,729.0,8.78,0.2295,167.47,0.869812,0.869812,753.0,23.0,23.0,4048.0,4048.0,433762.0,6.0,23.0,5.0,0.00039143,0.00346204,0.00023663,0.0021502,3.357e-05,2.6e-07,5.31e-05,2.56e-06,6.109e-05,790.0,8056.0,0.00333144,2.51694e-05,0.00286948,0.00622609,747.0,4116.88,0.640936,0.692862,50.0,2354540000.0,2354540000.0,0.0933272,-7.09569,-0.164711,86.9812,79.0,25.0,22.0,0.0,751.0,3875.0,3875.0,4426.0,4474.0,4429.0,4429.0,4426.0,0.26,1.0,42.0,50.0,0.2,100.0
traj_sweep_412,routing,0.00187513,0.00187513,1076.77,1278.42,926.478,926.478,736.0,6.0,736.0,6.36,0.1775,130.75,0.860425,0.860425,760.0,23.0,23.0,4048.0,4048.0,279837.0,4.0,23.0,5.0,0.00041301,0.00372573,0.0003033,0.00248103,4.747e-05,4.2e-07,5.305e-05,3.09e-06,6.809e-05,742.0,7546.0,0.0031905,2.45493e-05,0.00269389,0.00590893,751.0,3835.89,0.645434,0.695024,49.0,2392140000.0,2392140000.0,0.0953906,-6.60341,-0.148035,86.0425,47.0,17.0,15.0,0.0,758.0,3751.0,3751.0,4102.0,4193.0,4104.0,4106.0,4102.0,0.27,1.0,42.0,50.0,0.2,100.0
traj_sweep_414,routing,0.00229208,0.00229208,1076.77,1278.42,932.596,932.596,721.0,1.0,721.0,11.25,0.3855,278.11,0.866107,0.866107,745.0,23.0,23.0,4048.0,4048.0,653754.0,9.0,23.0,5.0,0.00076054,0.00552134,0.00038072,0.00252093,7.762e-05,2.9e-07,9.503e-05,4.1e-06,0.00010645,1070.0,8105.0,0.00294121,2.4696e-05,0.00257142,0.00553733,742.0,4125.16,0.636359,0.69067,49.0,2352960000.0,2352960000.0,0.0982873,-5.82479,-0.138095,86.6107,69.0,22.0,12.0,0.0,743.0,3857.0,3857.0,4449.0,4480.0,4443.0,4448.0,4449.0,0.29,1.0,42.0,50.0,0.2,100.0
traj_sweep_415,routing,0.000941768,0.000941768,1076.77,1278.42,894.026,894.026,719.0,1.0,719.0,6.55,0.0575,41.4,0.830287,0.830287,743.0,23.0,23.0,4048.0,4048.0,80483.0,1.0,23.0,5.0,0.00010583,0.00099954,8.732e-05,0.0026592,9.25e-06,3.7e-07,1.298e-05,1.33e-06,1.812e-05,186.0,7392.0,0.00275992,2.33577e-05,0.00234223,0.0051255,740.0,3747.65,0.646987,0.69578,49.0,2354790000.0,2354790000.0,0.0994491,-5.20595,-0.124667,83.0287,52.0,30.0,11.0,0.0,741.0,3707.0,3707.0,4056.0,4096.0,4041.0,4053.0,4056.0,0.3,1.0,42.0,50.0,0.2,100.0
traj_sweep_416,routing,0.00157981,0.00157981,1076.77,1278.42,891.898,891.898,721.0,2.0,721.0,5.6,0.0245,17.9,0.82831,0.82831,745.0,23.0,23.0,4048.0,4048.0,52537.0,1.0,23.0,5.0,4.202e-05,0.00038612,4.098e-05,0.00264429,3.46e-06,1.9e-07,6.389e-06,6.6e-07,8.46e-06,115.0,7301.0,0.0026753,2.32567e-05,0.0022437,0.00494225,742.0,3636.19,0.635443,0.690227,49.0,2354790000.0,2354790000.0,0.102168,-4.73614,-0.114667,82.831,41.0,9.0,3.0,0.0,743.0,3686.0,3686.0,3903.0,3952.0,3907.0,3902.0,3903.0,0.31,1.0,42.0,50.0,0.2,100.0
traj_sweep_418,routing,0.00159197,0.00159197,1076.77,1278.42,888.44,888.44,703.0,5.0,703.0,9.02,0.377,265.25,0.825099,0.825099,727.0,23.0,23.0,4048.0,4048.0,679928.0,10.0,23.0,5.0,0.000762719,0.00702155,0.00051847,0.00290422,8.764e-05,3.4e-07,9.801e-05,6.62e-06,0.000148709,1228.0,7464.0,0.00246745,2.31933e-05,0.00217544,0.00466609,719.0,3746.79,0.277587,0.517943,47.0,2348630000.0,2348630000.0,0.10391,-3.97803,-0.0957808,82.5099,73.0,29.0,23.0,0.0,725.0,3708.0,3708.0,4086.0,4152.0,4083.0,4084.0,4086.0,0.33,1.0,42.0,50.0,0.2,100.0
traj_sweep_419,routing,0.00179003,0.00179003,1076.77,1278.42,875.672,875.672,707.0,6.0,707.0,8.83,0.2645,187.17,0.813241,0.813241,731.0,23.0,23.0,4048.0,4048.0,433147.0,6.0,23.0,5.0,0.00066334,0.00587148,0.00030229,0.00256475,6.045e-05,4.3e-07,8.368e-05,4.33e-06,0.00010659,1057.0,7467.0,0.00234558,2.26624e-05,0.00202633,0.00439457,722.0,3577.85,0.299718,0.528531,48.0,2370490000.0,2370490000.0,0.107632,-3.40311,-0.0872546,81.3241,57.0,18.0,5.0,0.0,729.0,3653.0,3653.0,3914.0,3978.0,3925.0,3914.0,3914.0,0.34,1.0,42.0,50.0,0.2,100.0
traj_sweep_420,routing,0.00164003,0.00164003,1076.77,1278.42,877.268,877.268,705.0,3.0,705.0,5.6,0.1135,80.06,0.814723,0.814723,729.0,23.0,23.0,4048.0,4048.0,156879.0,2.0,23.0,5.0,0.00021799,0.0017204,0.00015754,0.00261691,2.152e-05,4e-07,3.06e-05,1.15e-06,2.67e-05,394.0,7267.0,0.0023079,2.27761e-05,0.00200441,0.00433509,724.0,3570.68,0.649295,0.696887,47.0,2342380000.0,2342380000.0,0.10882,-3.06388,-0.0790297,81.4723,68.0,21.0,15.0,0.0,727.0,3635.0,3635.0,3915.0,3914.0,3917.0,3910.0,3915.0,0.35,1.0,42.0,50.0,0.2,100.0
traj_sweep_421,routing,0.00143361,0.00143361,1076.77,1278.42,841.092,841.092,699.0,1.0,699.0,5.27,0.0235,16.43,0.781126,0.781126,723.0,23.0,23.0,4048.0,4048.0,45294.0,1.0,23.0,5.0,4.213e-05,0.00035047,3.859e-05,0.00225363,3.35e-06,2.4e-07,6.08e-06,5.6e-07,7.08e-06,65.0,6854.0,0.00215189,2.14105e-05,0.00183765,0.00401095,720.0,3275.5,0.630109,0.687645,47.0,2346850000.0,2346850000.0,0.10917,-2.57983,-0.0661035,78.1126,32.0,24.0,12.0,3.0,721.0,3485.0,3485.0,3639.0,3669.0,3631.0,3637.0,3639.0,0.36,1.0,42.0,50.0,0.2,100.0
traj_sweep_422,routing,0.00167891,0.00167891,1076.77,1278.42,884.982,884.982,708.0,13.0,708.0,7.12,0.42,297.37,0.821887,0.821887,732.0,23.0,23.0,4048.0,4048.0,757293.0,11.0,23.0,5.0,0.00053313,0.00867985,0.00051379,0.0025423,7.76e-05,6.1e-07,7.226e-05,5.42e-06,0.0001261,1555.0,7461.0,0.00221368,2.31262e-05,0.00190433,0.00414113,716.0,3695.55,0.2912,0.524459,47.0,2334420000.0,2334420000.0,0.111207,-2.26339,-0.0649776,82.1887,74.0,29.0,20.0,0.0,730.0,3747.0,3747.0,4036.0,4073.0,4026.0,4036.0,4036.0,0.37,1.0,42.0,50.0,0.2,100.0
traj_sweep_424,routing,0.00113526,0.00113526,1076.77,1278.42,869.288,869.288,701.0,3.0,701.0,5.84,0.1265,88.7,0.807312,0.807312,725.0,23.0,23.0,4048.0,4048.0,233907.0,3.0,23.0,5.0,0.00028039,0.00275784,0.00021679,0.00261528,2.702e-05,3.5e-07,4.239e-05,2.44e-06,4.537e-05,484.0,7068.0,0.00204168,2.23041e-05,0.0017778,0.00384178,718.0,3523.9,0.64834,0.643285,45.0,2320030000.0,2320030000.0,0.116483,-1.4621,-0.0412349,80.7312,56.0,27.0,19.0,0.0,723.0,3551.0,3551.0,3849.0,3888.0,3867.0,3840.0,3849.0,0.39,1.0,42.0,50.0,0.2,100.0
traj_sweep_425,routing,0.00132669,0.00132669,1076.77,1278.42,855.722,855.722,694.0,2.0,694.0,8.07,0.2245,156.04,0.794713,0.794713,718.0,23.0,23.0,4048.0,4048.0,363636.0,5.0,23.0,5.0,0.00048204,0.00413464,0.00026672,0.00229917,4.849e-05,5.7e-07,5.635e-05,3.9e-06,7.485e-05,914.0,7176.0,0.00197142,2.20413e-05,0.00172975,0.00372321,712.0,3590.68,0.265963,0.512339,45.0,2316230000.0,2316230000.0,0.112374,-1.2017,-0.0317368,79.4713,56.0,36.0,29.0,0.0,716.0,3594.0,3594.0,3924.0,3965.0,3921.0,3909.0,3924.0,0.4,1.0,42.0,50.0,0.2,100.0
traj_sweep_426,routing,0.0013845,0.0013845,1076.77,1278.42,804.118,804.118,680.0,1.0,680.0,5.6,0.175,119.29,0.746789,0.746789,704.0,23.0,23.0,4048.0,4048.0,326742.0,5.0,23.0,5.0,0.00033434,0.00318523,0.00023738,0.00266469,3.23e-05,4.7e-07,4.524e-05,2.529e-06,4.9989e-05,587.0,7105.0,0.0018485,2.0143e-05,0.00160447,0.00347311,703.0,3569.49,0.641494,0.693133,26.0,2335190000.0,2335190000.0,0.112514,-0.350038,-0.0214434,74.6789,39.0,7.0,6.0,0.0,702.0,3570.0,3570.0,3939.0,3990.0,3940.0,3938.0,3939.0,0.41,1.0,42.0,50.0,0.2,100.0
traj_sweep_427,routing,0.00114852,0.00114852,1076.77,1278.42,804.916,804.916,671.0,10.0,671.0,7.88,0.409,274.5,0.74753,0.74753,695.0,23.0,23.0,4048.0,4048.0,675879.0,11.0,23.0,5.0,0.00039464,0.00401897,0.00027987,0.00263188,4.123e-05,3.9e-07,5.189e-05,3.45e-06,6.637e-05,1197.0,6939.0,0.00178708,2.02867e-05,0.00158064,0.00338801,683.0,3518.53,0.795061,0.596077,23.0,2325090000.0,2325090000.0,0.111986,-0.141226,-0.0125539,74.753,34.0,9.0,6.0,0.0,693.0,3546.0,3546.0,3867.0,3882.0,3852.0,3865.0,3867.0,0.42,1.0,42.0,50.0,0.2,100.0
traj_sweep_428,routing,0.000859611,0.000859611,1076.77,1278.42,728.308,728.308,640.0,5.0,640.0,3.37,0.0395,25.31,0.676383,0.676383,664.0,23.0,23.0,4048.0,4048.0,58026.0,1.0,23.0,5.0,0.000128231,0.00181408,0.000105651,0.0029182,1.268e-05,1.769e-06,1.994e-05,1.411e-06,2.2751e-05,232.0,6338.0,0.00155842,1.74558e-05,0.00136426,0.00294014,657.0,3110.81,0.750348,0.597237,8.0,2312630000.0,2312630000.0,0.112584,-0.0282078,-0.00808281,67.6383,57.0,19.0,7.0,0.0,662.0,3386.0,3386.0,3524.0,3549.0,3527.0,3524.0,3524.0,0.43,1.0,42.0,50.0,0.2,100.0
traj_sweep_429,routing,0.00397645,0.00397645,1076.77,1278.42,723.52,723.52,626.0,6.0,626.0,8.4,0.1085,67.95,0.671937,0.671937,650.0,23.0,23.0,4048.0,4048.0,178006.0,3.0,23.0,5.0,0.00028735,0.00246084,0.00021097,0.00246353,2.45e-05,3.4e-07,3.258e-05,2.36e-06,4.228e-05,523.0,6520.0,0.00149354,1.73801e-05,0.00135042,0.00286134,642.0,3144.68,0.75434,0.597232,4.0,2304160000.0,2304160000.0,0.112173,-0.00717409,-0.00342484,67.1937,79.0,34.0,25.0,0.0,648.0,3380.0,3380.0,3653.0,3699.0,3658.0,3648.0,3653.0,0.44,1.0,42.0,50.0,0.2,100.0
traj_sweep_431,routing,0.00119697,0.00119697,1076.77,1278.42,683.354,683.354,614.0,0.0,614.0,0.95,0.002,1.52,0.634634,0.634634,638.0,23.0,23.0,4048.0,4048.0,5614.0,0.0,22.0,4.0,1.018e-05,6.876e-05,1.764e-05,0.00295278,5.7e-07,2.6e-07,1.13e-06,5.5e-07,3.79e-06,9.0,6190.0,0.00133021,1.57822e-05,0.00119011,0.0025361,636.0,2990.79,0.761141,0.613936,0.0,2226370000.0,2226370000.0,0.111559,0.0,0.000117628,63.4634,36.0,29.0,21.0,0.0,636.0,3253.0,3253.0,3446.0,3501.0,3463.0,3452.0,3446.0,0.46,1.0,42.0,50.0,0.2,100.0
traj_sweep_432,routing,0.00136995,0.00136995,1076.77,1278.42,678.034,678.034,610.0,0.0,610.0,0.0,0.0,0.0,0.629694,0.629694,636.0,23.0,23.0,4048.0,4048.0,0.0,0.0,22.0,4.0,7.87e-06,7.419e-05,1.616e-05,0.00508372,4e-07,5e-07,1.36e-06,7.1e-07,3.52e-06,11.0,6044.0,0.00128642,1.55925e-05,0.00113926,0.00244128,634.0,2956.45,0.724088,0.507366,0.0,2211080000.0,2211080000.0,0.113211,0.0,0.003753,62.9694,73.0,23.0,22.0,0.0,634.0,3279.0,3279.0,3428.0,3463.0,3436.0,3433.0,3428.0,0.47,1.0,42.0,50.0,0.2,100.0
traj_sweep_433,routing,0.000814626,0.000814626,1076.77,1278.42,677.768,677.768,611.0,0.0,611.0,0.0,0.0,0.0,0.629447,0.629447,636.0,23.0,23.0,4048.0,4048.0,0.0,0.0,22.0,4.0,0.00126028,0.00856204,0.00076731,0.0108626,9.738e-05,6.11e-07,0.00015246,7.6e-06,0.00017107,3149.0,6147.0,0.00125918,1.55891e-05,0.00113053,0.0024053,634.0,2997.21,0.735273,0.528017,0.0,2206490000.0,2206490000.0,0.112647,0.0,0.010394,62.9447,50.0,22.0,10.0,0.0,634.0,3224.0,3224.0,3413.0,3443.0,3412.0,3414.0,3413.0,0.48,1.0,42.0,50.0,0.2,100.0
traj_sweep_434,routing,0.00123279,0.00123279,1076.77,1278.42,675.64,675.64,610.0,0.0,610.0,0.0,0.0,0.0,0.62747,0.62747,634.0,23.0,23.0,4048.0,4048.0,0.0,0.0,22.0,4.0,0.00217751,0.0128131,0.00139831,0.0139597,0.00014533,5.4e-07,0.00018471,1.096e-05,0.00023111,3205.0,6090.0,0.00124054,1.54618e-05,0.00110505,0.00236106,632.0,2928.69,0.763489,0.618963,0.0,2178380000.0,2178380000.0,0.111784,0.0,0.012683,62.747,75.0,19.0,24.0,0.0,632.0,3277.0,3277.0,3418.0,3427.0,3405.0,3418.0,3418.0,0.49,1.0,42.0,50.0,0.2,100.0
traj_sweep_435,routing,0.00121698,0.00121698,1076.77,1278.42,674.576,674.576,609.0,0.0,609.0,0.0,0.0,0.0,0.626482,0.626482,634.0,23.0,23.0,4048.0,4048.0,0.0,0.0,22.0,4.0,0.00141516,0.00868891,0.00081512,0.0109659,9.666e-05,5.3e-07,0.00013329,8.04e-06,0.000171949,3262.0,6181.0,0.00120526,1.54538e-05,0.00108488,0.0023056,632.0,2969.97,0.736422,0.619204,0.0,2166190000.0,2166190000.0,0.112493,0.0,0.0226343,62.6482,64.0,30.0,25.0,0.0,632.0,3258.0,3258.0,3452.0,3447.0,3434.0,3452.0,3452.0,0.5,1.0,42.0,50.0,0.2,100.0
traj_sweep_436,routing,0.000538965,0.000538965,1076.77,1278.42,675.374,675.374,610.0,0.0,610.0,0.0,0.0,0.0,0.627223,0.627223,634.0,23.0,23.0,4048.0,4048.0,0.0,0.0,22.0,4.0,0.00208645,0.0118314,0.00131295,0.0167834,0.00015596,9.6e-07,0.00019098,1.118e-05,0.00026889,3189.0,6218.0,0.00119125,1.5441e-05,0.00106034,0.00226703,632.0,2974.21,0.772332,0.606295,0.0,2139580000.0,2139580000.0,0.111995,0.0,0.0299596,62.7223,46.0,17.0,5.0,0.0,632.0,3292.0,3292.0,3456.0,3489.0,3468.0,3455.0,3456.0,0.51,1.0,42.0,50.0,0.2,100.0
traj_sweep_438,routing,0.00158487,0.00158487,1076.77,1278.42,675.108,675.108,610.0,0.0,610.0,0.0,0.0,0.0,0.626976,0.626976,634.0,23.0,23.0,4048.0,4048.0,0.0,0.0,22.0,4.0,0.00206977,0.0127165,0.0012658,0.0151364,0.00015732,6.7e-07,0.000198009,1.009e-05,0.00023012,3235.0,6136.0,0.0011409,1.54521e-05,0.00101919,0.00217554,632.0,2954.18,0.778144,0.610451,0.0,2165570000.0,2165570000.0,0.114009,0.0,0.0443398,62.6976,82.0,17.0,22.0,0.0,632.0,3302.0,3302.0,3420.0,3454.0,3435.0,3420.0,3420.0,0.53,1.0,42.0,50.0,0.2,100.0
traj_sweep_439,routing,0.00159453,0.00159453,1076.77,1278.42,675.108,675.108,610.0,0.0,610.0,0.0,0.0,0.0,0.626976,0.626976,634.0,23.0,23.0,4048.0,4048.0,0.0,0.0,22.0,4.0,0.00133625,0.00891114,0.00081064,0.0100585,9.895e-05,5.3e-07,0.00015212,7.53e-06,0.00016564,3182.0,6204.0,0.00111975,1.54521e-05,0.000997337,0.00213254,632.0,2953.53,0.722507,0.598572,0.0,2109890000.0,2109890000.0,0.113238,0.0,0.05369,62.6976,38.0,8.0,7.0,0.0,632.0,3238.0,3238.0,3437.0,3494.0,3437.0,3438.0,3437.0,0.54,1.0,42.0,50.0,0.2,100.0
traj_sweep_440,routing,0.00315694,0.00315694,1076.77,1278.42,674.842,674.842,610.0,0.0,610.0,0.0,0.0,0.0,0.626729,0.626729,634.0,23.0,23.0,4048.0,4048.0,0.0,0.0,22.0,4.0,0.001744,0.00995855,0.00100551,0.0100589,0.000113451,6.1e-07,0.00016599,1.006e-05,0.000193029,3149.0,6064.0,0.00109858,1.54472e-05,0.000984295,0.00209833,632.0,2971.36,0.747614,0.60119,0.0,2122040000.0,2122040000.0,0.113914,0.0,0.0618751,62.6729,55.0,35.0,12.0,0.0,632.0,3265.0,3265.0,3465.0,3491.0,3460.0,3464.0,3465.0,0.55,1.0,42.0,50.0,0.2,100.0
traj_sweep_441,routing,0.00049203,0.00049203,1076.77,1278.42,674.576,674.576,609.0,0.0,609.0,0.0,0.0,0.0,0.626482,0.626482,633.0,23.0,23.0,4048.0,4048.0,0.0,0.0,22.0,4.0,0.00172204,0.00882365,0.00100373,0.0139818,0.00010976,5.6e-07,0.00015634,8.469e-06,0.000180709,3153.0,6116.0,0.00108587,1.54213e-05,0.000963837,0.00206513,631.0,2964.61,0.735633,0.530987,0.0,2135080000.0,2135080000.0,0.112525,0.0,0.0697001,62.6482,60.0,33.0,15.0,0.0,631.0,3217.0,3217.0,3451.0,3480.0,3441.0,3446.0,3451.0,0.56,1.0,42.0,50.0,0.2,100.0
traj_sweep_442,routing,0.00049203,0.00049203,1076.77,1278.42,674.576,674.576,609.0,0.0,609.0,0.0,0.0,0.0,0.626482,0.626482,633.0,23.0,23.0,4048.0,4048.0,0.0,0.0,22.0,4.0,0.0017241,0.00881523,0.00101875,0.0110277,0.000124909,4.7e-07,0.000164571,9.42e-06,0.00024156,3153.0,6116.0,0.00106682,1.54213e-05,0.000946928,0.00202917,631.0,2964.61,0.735633,0.530987,0.0,2135080000.0,2135080000.0,0.112525,0.0,0.0777002,62.6482,60.0,33.0,15.0,0.0,631.0,3217.0,3217.0,3451.0,3480.0,3441.0,3446.0,3451.0,0.57,1.0,42.0,50.0,0.2,100.0
traj_sweep_443,routing,0.000700752,0.000700752,1076.77,1278.42,674.044,674.044,608.0,0.0,608.0,0.0,0.0,0.0,0.625988,0.625988,632.0,23.0,23.0,4048.0,4048.0,0.0,0.0,22.0,4.0,0.00198289,0.0118192,0.00118711,0.0117178,0.00013971,6.8e-07,0.0001823,9.85e-06,0.00022456,3247.0,6190.0,0.00104914,1.54214e-05,0.000927773,0.00199233,630.0,2921.09,0.760464,0.473479,0.0,2123990000.0,2123990000.0,0.113435,0.0,0.087532,62.5988,65.0,32.0,22.0,0.0,630.0,3219.0,3219.0,3373.0,3425.0,3386.0,3372.0,3373.0,0.58,1.0,42.0,50.0,0.2,100.0
traj_sweep_444,routing,0.00137943,0.00137943,1076.77,1278.42,673.512,673.512,608.0,0.0,608.0,0.0,0.0,0.0,0.625494,0.625494,632.0,23.0,23.0,4048.0,4048.0,0.0,0.0,22.0,4.0,0.00203306,0.0126827,0.00127938,0.0137015,0.00013878,8.91e-07,0.00019301,1.088e-05,0.00023503,3093.0,6053.0,0.00102491,1.54102e-05,0.000910901,0.00195122,630.0,2954.09,0.759396,0.538249,0.0,2126130000.0,2126130000.0,0.112418,0.0,0.0925506,62.5494,43.0,16.0,11.0,0.0,630.0,3256.0,3256.0,3413.0,3433.0,3403.0,3407.0,3413.0,0.59,1.0,42.0,50.0,0.2,100.0
traj_sweep_445,routing,0.00191565,0.00191565,1076.77,1278.42,674.842,674.842,608.0,0.0,608.0,0.0,0.0,0.0,0.626729,0.626729,632.0,23.0,23.0,4048.0,4048.0,0.0,0.0,22.0,4.0,0.00130268,0.00917586,0.00081418,0.00979969,0.00010884,4e-07,0.00013612,7.48e-06,0.00019355,3259.0,6198.0,0.00101433,1.54659e-05,0.000904118,0.00193391,630.0,2973.11,0.691699,0.537986,0.0,2117960000.0,2117960000.0,0.113239,0.0,0.100585,62.6729,52.0,17.0,8.0,0.0,630.0,3267.0,3267.0,3446.0,3476.0,3431.0,3446.0,3446.0,0.6,1.0,42.0,50.0,0.2,100.0
traj_sweep_446,routing,0.00120744,0.00120744,1076.77,1278.42,674.842,674.842,608.0,0.0,608.0,0.0,0.0,0.0,0.626729,0.626729,632.0,23.0,23.0,4048.0,4048.0,0.0,0.0,22.0,4.0,0.0021144,0.00971662,0.00132759,0.0151317,0.00014122,7.8e-07,0.00019088,1.093e-05,0.00023721,3216.0,6141.0,0.000997839,1.54659e-05,0.000883233,0.00189654,630.0,2960.42,0.684136,0.531927,0.0,2130680000.0,2130680000.0,0.112884,0.0,0.111295,62.6729,47.0,26.0,26.0,0.0,630.0,3268.0,3268.0,3428.0,3473.0,3428.0,3428.0,3428.0,0.61,1.0,42.0,50.0,0.2,100.0
traj_sweep_447,routing,0.00126948,0.00126948,1076.77,1278.42,674.044,674.044,608.0,0.0,608.0,0.0,0.0,0.0,0.625988,0.625988,632.0,23.0,23.0,4048.0,4048.0,0.0,0.0,22.0,4.0,0.00126916,0.00946788,0.00079696,0.00945706,9.996e-05,5.11e-07,0.00014417,1.24e-05,0.00017752,3220.0,6213.0,0.000981464,1.54214e-05,0.000873202,0.00187009,630.0,2958.44,0.776266,0.531586,0.0,2140920000.0,2140920000.0,0.112327,0.0,0.11532,62.5988,39.0,13.0,5.0,1.0,630.0,3257.0,3257.0,3415.0,3450.0,3414.0,3412.0,3413.0,0.62,1.0,42.0,50.0,0.2,100.0
traj_sweep_448,routing,0.000476987,0.000476987,1076.77,1278.42,995.904,995.904,751.0,14.0,751.0,12.01,1.014,761.72,0.924901,0.924901,777.0,23.0,23.0,4048.0,4048.0,1533970.0,19.0,23.0,5.0,0.00148142,0.0144425,0.00103931,0.00255798,0.00019476,4.9e-07,0.000211,1.374e-05,0.00024379,2860.0,9410.0,0.00674942,2.76461e-05,0.00567716,0.0124542,761.0,4912.19,0.640936,0.692862,53.0,2333530000.0,2333530000.0,0.072406,-13.3868,-0.288535,92.4901,92.0,57.0,42.0,0.0,775.0,4222.0,4222.0,5300.0,5345.0,5311.0,5297.0,5300.0,0.14,1.0,43.0,50.0,0.2,100.0
traj_sweep_449,routing,0.00176466,0.00176466,1076.77,1278.42,963.186,963.186,738.0,2.0,738.0,7.69,0.2415,178.56,0.894516,0.894516,762.0,23.0,23.0,4048.0,4048.0,192162.0,2.0,23.0,5.0,0.000302211,0.00366311,0.00021212,0.00279097,3.1431e-05,7.4e-07,4.526e-05,2.871e-06,5.644e-05,808.0,8296.0,0.00608773,2.6352e-05,0.00507748,0.0111916,759.0,4217.84,0.586046,0.666466,53.0,2351470000.0,2351470000.0,0.0714098,-12.7749,-0.275266,89.4516,57.0,24.0,18.0,0.0,760.0,3926.0,3926.0,4529.0,4554.0,4537.0,4524.0,4529.0,0.15,1.0,43.0,50.0,0.2,100.0
traj_sweep_450,routing,0.00115712,0.00115712,1076.77,1278.42,973.826,973.826,741.0,5.0,741.0,14.24,0.559,414.26,0.904397,0.904397,765.0,23.0,23.0,4048.0,4048.0,917865.0,10.0,23.0,5.0,0.00124975,0.00937824,0.00059776,0.00249091,0.00018637,5.09e-07,0.00012574,5.64e-06,0.0001848,1730.0,9305.0,0.0056753,2.68643e-05,0.00477092,0.0104731,761.0,4953.33,0.504611,0.627221,53.0,2332750000.0,2332750000.0,0.0735264,-12.4429,-0.268679,90.4397,94.0,43.0,39.0,0.0,763.0,4214.0,4214.0,5284.0,5377.0,5285.0,5293.0,5284.0,0.16,1.0,43.0,50.0,0.2,100.0
traj_sweep_451,routing,0.00126218,0.00126218,1076.77,1278.42,958.664,958.664,739.0,4.0,739.0,11.06,0.467,345.41,0.890316,0.890316,763.0,23.0,23.0,4048.0,4048.0,746746.0,9.0,23.0,5.0,0.00078794,0.00834029,0.00032928,0.00216366,8.704e-05,7.2e-07,7.503e-05,6.17e-06,0.0001357,1550.0,8706.0,0.0053335,2.61595e-05,0.00450031,0.00985997,759.0,4504.43,0.633095,0.689077,53.0,2343470000.0,2343470000.0,0.0744793,-11.7635,-0.256718,89.0316,84.0,56.0,27.0,0.0,761.0,4026.0,4026.0,4872.0,4883.0,4849.0,4864.0,4872.0,0.17,1.0,43.0,50.0,0.2,100.0
traj_sweep_452,routing,0.00173515,0.00173515,1076.77,1278.42,975.688,975.688,735.0,7.0,735.0,10.68,0.8515,625.95,0.906126,0.906126,759.0,23.0,23.0,4048.0,4048.0,1261460.0,15.0,23.0,5.0,0.00123476,0.0135252,0.00080872,0.00240943,0.00012718,4.2e-07,0.00017289,8.47e-06,0.00017855,2454.0,9025.0,0.00507171,2.68177e-05,0.00433406,0.00943258,752.0,4803.49,0.612556,0.679212,53.0,2333250000.0,2333250000.0,0.0775945,-11.2222,-0.248587,90.6126,102.0,84.0,33.0,0.0,757.0,4095.0,4095.0,5155.0,5226.0,5173.0,5159.0,5155.0,0.18,1.0,43.0,50.0,0.2,100.0
traj_sweep_453,routing,0.000852436,0.000852436,1076.77,1278.42,961.058,961.058,741.0,10.0,741.0,9.92,0.4865,360.77,0.89254,0.89254,765.0,23.0,23.0,4048.0,4048.0,676349.0,8.0,23.0,5.0,0.00046043,0.00608648,0.00031459,0.00231483,5.7529e-05,4.5e-07,7.697e-05,3.951e-06,8.658e-05,1374.0,8652.0,0.00470255,2.62681e-05,0.00398,0.00870881,754.0,4534.97,0.60961,0.677793,53.0,2367440000.0,2367440000.0,0.0796665,-10.7028,-0.232397,89.254,91.0,36.0,36.0,0.0,763.0,4104.0,4104.0,4847.0,4897.0,4838.0,4845.0,4847.0,0.19,1.0,43.0,50.0,0.2,100.0
traj_sweep_454,routing,0.00105996,0.00105996,1076.77,1278.42,961.59,961.59,735.0,3.0,735.0,10.83,0.4395,323.17,0.893034,0.893034,761.0,23.0,23.0,4048.0,4048.0,668353.0,8.0,24.0,6.0,0.0008022,0.00766929,0.00055536,0.00248996,9.201e-05,5.3e-07,9.927e-05,8.67e-06,0.0001379,1397.0,8364.0,0.00451421,2.64475e-05,0.00377381,0.00831447,756.0,4430.85,0.602605,0.674424,53.0,2365330000.0,2365330000.0,0.0816171,-10.2378,-0.222774,89.3034,91.0,13.0,11.0,0.0,759.0,3969.0,3969.0,4778.0,4794.0,4771.0,4775.0,4778.0,0.2,1.0,43.0,50.0,0.2,100.0
traj_sweep_455,routing,0.0012443,0.0012443,1076.77,1278.42,935.788,935.788,732.0,7.0,732.0,6.93,0.1795,131.56,0.869071,0.869071,756.0,23.0,23.0,4048.0,4048.0,319803.0,4.0,23.0,5.0,0.00035088,0.00360851,0.00026056,0.00259152,3.755e-05,8.7e-07,5.02e-05,2.79e-06,5.55e-05,626.0,8028.0,0.00412069,2.53578e-05,0.00348891,0.00763495,750.0,4017.8,0.636916,0.690928,53.0,2366210000.0,2366210000.0,0.0804023,-9.5411,-0.212617,86.9071,68.0,21.0,24.0,0.0,754.0,3828.0,3828.0,4305.0,4352.0,4304.0,4299.0,4305.0,0.21,1.0,43.0,50.0,0.2,100.0
traj_sweep_456,routing,0.00156823,0.00156823,1076.77,1278.42,979.412,979.412,734.0,10.0,734.0,11.82,0.6415,471.13,0.909585,0.909585,760.0,23.0,23.0,4048.0,4048.0,1014430.0,13.0,23.0,5.0,0.00064168,0.00850377,0.00054031,0.00250242,7.98e-05,2.2e-07,0.00010733,4.77e-06,0.00011528,1882.0,8373.0,0.00410186,2.6933e-05,0.00356933,0.00769813,748.0,4492.85,0.590424,0.668557,53.0,2344860000.0,2344860000.0,0.0849199,-9.16002,-0.206465,90.9585,85.0,47.0,20.0,0.0,758.0,3997.0,3997.0,4816.0,4866.0,4822.0,4813.0,4816.0,0.22,1.0,43.0,50.0,0.2,100.0
traj_sweep_457,routing,0.000715372,0.000715372,1076.77,1278.42,941.906,941.906,727.0,5.0,727.0,6.6,0.245,178.28,0.874753,0.874753,751.0,23.0,23.0,4048.0,4048.0,349230.0,4.0,23.0,5.0,0.000556689,0.0053451,0.000347389,0.002449,5.6131e-05,6.71e-07,5.9149e-05,3.82e-06,8.8929e-05,1033.0,8094.0,0.00377468,2.54732e-05,0.00322089,0.00702104,746.0,4110.27,0.645434,0.695024,53.0,2369620000.0,2369620000.0,0.0865714,-8.45931,-0.192008,87.4753,71.0,21.0,24.0,0.0,749.0,3887.0,3887.0,4425.0,4453.0,4426.0,4425.0,4425.0,0.23,1.0,43.0,50.0,0.2,100.0
traj_sweep_458,routing,0.00233705,0.00233705,1076.77,1278.42,929.67,929.67,733.0,8.0,733.0,9.54,0.328,240.47,0.863389,0.863389,757.0,23.0,23.0,4048.0,4048.0,504989.0,7.0,23.0,5.0,0.00048506,0.00596853,0.00036145,0.00214741,4.497e-05,3.2e-07,6.093e-05,3.41e-06,7.416e-05,1094.0,7934.0,0.00360517,2.50852e-05,0.00307599,0.00670625,748.0,4012.67,0.62995,0.687564,53.0,2350820000.0,2350820000.0,0.0834689,-8.07402,-0.185383,86.3389,55.0,20.0,39.0,0.0,755.0,3828.0,3828.0,4343.0,4402.0,4375.0,4343.0,4343.0,0.24,1.0,43.0,50.0,0.2,100.0
traj_sweep_459,routing,0.0019167,0.0019167,1076.77,1278.42,947.758,947.758,737.0,9.0,737.0,8.45,0.303,223.55,0.880188,0.880188,761.0,23.0,23.0,4048.0,4048.0,489568.0,6.0,23.0,5.0,0.00064826,0.00484431,0.00039855,0.00260908,7.385e-05,2.2e-07,9.439e-05,4.61e-06,0.00010718,1067.0,8056.0,0.00352804,2.55116e-05,0.00299274,0.0065463,752.0,4228.23,0.636359,0.69066,51.0,2386470000.0,2386470000.0,0.091965,-7.57673,-0.169029,88.0188,86.0,45.0,21.0,0.0,759.0,3895.0,3895.0,4527.0,4557.0,4507.0,4523.0,4527.0,0.25,1.0,43.0,50.0,0.2,100.0
traj_sweep_460,routing,0.00092118,0.00092118,1076.77,1278.42,936.586,936.586,729.0,4.0,729.0,8.78,0.2295,167.47,0.869812,0.869812,753.0,23.0,23.0,4048.0,4048.0,433762.0,6.0,23.0,5.0,0.00032038,0.00397323,0.00018346,0.00248545,3.75e-05,2.1e-07,4.836e-05,3e-06,6.951e-05,790.0,8056.0,0.00333144,2.51694e-05,0.00286948,0.00622609,747.0,4116.88,0.640936,0.692862,50.0,2354540000.0,2354540000.0,0.0933272,-7.09569,-0.164711,86.9812,79.0,25.0,22.0,0.0,751.0,3875.0,3875.0,4426.0,4474.0,4429.0,4429.0,4426.0,0.26,1.0,43.0,50.0,0.2,100.0
traj_sweep_461,routing,0.00187513,0.00187513,1076.77,1278.42,926.478,926.478,736.0,6.0,736.0,6.36,0.1775,130.75,0.860425,0.860425,760.0,23.0,23.0,4048.0,4048.0,279837.0,4.0,23.0,5.0,0.00035377,0.00300492,0.00025514,0.00270944,3.128e-05,4.69e-07,4.841e-05,2.62e-06,5.294e-05,742.0,7546.0,0.0031905,2.45493e-05,0.00269389,0.00590893,751.0,3835.89,0.645434,0.695024,49.0,2392140000.0,2392140000.0,0.0953906,-6.60341,-0.148035,86.0425,47.0,17.0,15.0,0.0,758.0,3751.0,3751.0,4102.0,4193.0,4104.0,4106.0,4102.0,0.27,1.0,43.0,50.0,0.2,100.0
traj_sweep_462,routing,0.00152189,0.00152189,1076.77,1278.42,941.108,941.108,734.0,5.0,734.0,9.16,0.7015,515.17,0.874012,0.874012,758.0,23.0,23.0,4048.0,4048.0,1298300.0,17.0,23.0,5.0,0.00097512,0.0103655,0.00064653,0.0026753,0.00012118,8.1e-07,0.00014484,8.66e-06,0.00016378,1659.0,8324.0,0.00313426,2.51706e-05,0.00271389,0.00587331,752.0,4425.71,0.576635,0.66192,49.0,2359110000.0,2359110000.0,0.098068,-6.22271,-0.143888,87.4012,76.0,32.0,28.0,7.0,756.0,3970.0,3970.0,4745.0,4801.0,4760.0,4737.0,4742.0,0.28,1.0,43.0,50.0,0.2,100.0
traj_sweep_463,routing,0.00229208,0.00229208,1076.77,1278.42,932.596,932.596,721.0,1.0,721.0,11.25,0.3855,278.11,0.866107,0.866107,745.0,23.0,23.0,4048.0,4048.0,653754.0,9.0,23.0,5.0,0.00070013,0.00693354,0.00039324,0.00314558,7.277e-05,4.3e-07,9.701e-05,4.01e-06,9.833e-05,1070.0,8105.0,0.00294121,2.4696e-05,0.00257142,0.00553733,742.0,4125.16,0.636359,0.69067,49.0,2352960000.0,2352960000.0,0.0982873,-5.82479,-0.138095,86.6107,69.0,22.0,12.0,0.0,743.0,3857.0,3857.0,4449.0,4480.0,4443.0,4448.0,4449.0,0.29,1.0,43.0,50.0,0.2,100.0
traj_sweep_464,routing,0.000941768,0.000941768,1076.77,1278.42,894.026,894.026,719.0,1.0,719.0,6.55,0.0575,41.4,0.830287,0.830287,743.0,23.0,23.0,4048.0,4048.0,80483.0,1.0,23.0,5.0,0.00012118,0.00108946,0.000225151,0.00424334,1.032e-05,2.3e-07,2.0489e-05,1.12e-06,1.942e-05,186.0,7392.0,0.00275992,2.33577e-05,0.00234223,0.0051255,740.0,3747.65,0.646987,0.69578,49.0,2354790000.0,2354790000.0,0.0994491,-5.20595,-0.124667,83.0287,52.0,30.0,11.0,0.0,741.0,3707.0,3707.0,4056.0,4096.0,4041.0,4053.0,4056.0,0.3,1.0,43.0,50.0,0.2,100.0
traj_sweep_465,routing,0.00157981,0.00157981,1076.77,1278.42,891.898,891.898,721.0,2.0,721.0,5.6,0.0245,17.9,0.82831,0.82831,745.0,23.0,23.0,4048.0,4048.0,52537.0,1.0,23.0,5.0,6.201e-05,0.00050607,5.943e-05,0.00293463,4.65e-06,4.4e-07,7.72e-06,9.4e-07,1.068e-05,115.0,7301.0,0.0026753,2.32567e-05,0.0022437,0.00494225,742.0,3636.19,0.635443,0.690227,49.0,2354790000.0,2354790000.0,0.102168,-4.73614,-0.114667,82.831,41.0,9.0,3.0,0.0,743.0,3686.0,3686.0,3903.0,3952.0,3907.0,3902.0,3903.0,0.31,1.0,43.0,50.0,0.2,100.0
traj_sweep_466,routing,0.00218637,0.00218637,1076.77,1278.42,891.632,891.632,708.0,4.0,708.0,7.69,0.4085,289.29,0.828063,0.828063,732.0,23.0,23.0,4048.0,4048.0,727273.0,11.0,23.0,5.0,0.00042941,0.00468106,0.00029207,0.00264935,4.722e-05,2.2e-07,6.22e-05,3.56e-06,7.707e-05,1308.0,7666.0,0.00254061,2.32569e-05,0.0022425,0.00480636,726.0,3747.3,0.639941,0.692389,49.0,2351710000.0,2351710000.0,0.101394,-4.22504,-0.105223,82.8063,69.0,33.0,29.0,0.0,730.0,3749.0,3749.0,4063.0,4115.0,4071.0,4071.0,4063.0,0.32,1.0,43.0,50.0,0.2,100.0
traj_sweep_467,routing,0.00159197,0.00159197,1076.77,1278.42,888.44,888.44,703.0,5.0,703.0,9.02,0.377,265.25,0.825099,0.825099,727.0,23.0,23.0,4048.0,4048.0,679928.0,10.0,23.0,5.0,0.00043879,0.00478144,0.00033474,0.00262365,5.069e-05,1.9e-07,6.492e-05,3.67e-06,7.69e-05,1228.0,7464.0,0.00246745,2.31933e-05,0.00217544,0.00466609,719.0,3746.79,0.277587,0.517943,47.0,2348630000.0,2348630000.0,0.10391,-3.97803,-0.0957808,82.5099,73.0,29.0,23.0,0.0,725.0,3708.0,3708.0,4086.0,4152.0,4083.0,4084.0,4086.0,0.33,1.0,43.0,50.0,0.2,100.0
traj_sweep_468,routing,0.00179003,0.00179003,1076.77,1278.42,875.672,875.672,707.0,6.0,707.0,8.83,0.2645,187.17,0.813241,0.813241,731.0,23.0,23.0,4048.0,4048.0,433147.0,6.0,23.0,5.0,0.00059153,0.00470426,0.00039581,0.00273905,4.974e-05,3.7e-07,8.877e-05,3.03e-06,7.848e-05,1057.0,7467.0,0.00234558,2.26624e-05,0.00202633,0.00439457,722.0,3577.85,0.299718,0.528531,48.0,2370490000.0,2370490000.0,0.107632,-3.40311,-0.0872546,81.3241,57.0,18.0,5.0,0.0,729.0,3653.0,3653.0,3914.0,3978.0,3925.0,3914.0,3914.0,0.34,1.0,43.0,50.0,0.2,100.0
traj_sweep_469,routing,0.00164003,0.00164003,1076.77,1278.42,877.268,877.268,705.0,3.0,705.0,5.6,0.1135,80.06,0.814723,0.814723,729.0,23.0,23.0,4048.0,4048.0,156879.0,2.0,23.0,5.0,0.00018357,0.00171985,0.00010592,0.00252347,1.298e-05,2.7e-07,2.616e-05,1.27e-06,2.364e-05,394.0,7267.0,0.0023079,2.27761e-05,0.00200441,0.00433509,724.0,3570.68,0.649295,0.696887,47.0,2342380000.0,2342380000.0,0.10882,-3.06388,-0.0790297,81.4723,68.0,21.0,15.0,0.0,727.0,3635.0,3635.0,3915.0,3914.0,3917.0,3910.0,3915.0,0.35,1.0,43.0,50.0,0.2,100.0
traj_sweep_470,routing,0.00143361,0.00143361,1076.77,1278.42,841.092,841.092,699.0,1.0,699.0,5.27,0.0235,16.43,0.781126,0.781126,723.0,23.0,23.0,4048.0,4048.0,45294.0,1.0,23.0,5.0,3.49e-05,0.00032436,3.592e-05,0.002762,3.28e-06,1.8e-07,5.011e-06,7.29e-07,7.82e-06,65.0,6854.0,0.00215189,2.14105e-05,0.00183765,0.00401095,720.0,3275.5,0.630109,0.687645,47.0,2346850000.0,2346850000.0,0.10917,-2.57983,-0.0661035,78.1126,32.0,24.0,12.0,3.0,721.0,3485.0,3485.0,3639.0,3669.0,3631.0,3637.0,3639.0,0.36,1.0,43.0,50.0,0.2,100.0
traj_sweep_471,routing,0.00167891,0.00167891,1076.77,1278.42,884.982,884.982,708.0,13.0,708.0,7.12,0.42,297.37,0.821887,0.821887,732.0,23.0,23.0,4048.0,4048.0,757293.0,11.0,23.0,5.0,0.000874,0.00881898,0.00060248,0.00269446,9.942e-05,7.5e-07,0.00011445,6.54e-06,0.0001414,1555.0,7461.0,0.00221368,2.31262e-05,0.00190433,0.00414113,716.0,3695.55,0.2912,0.524459,47.0,2334420000.0,2334420000.0,0.111207,-2.26339,-0.0649776,82.1887,74.0,29.0,20.0,0.0,730.0,3747.0,3747.0,4036.0,4073.0,4026.0,4036.0,4036.0,0.37,1.0,43.0,50.0,0.2,100.0
traj_sweep_472,routing,0.0017273,0.0017273,1076.77,1278.42,923.02,923.02,708.0,6.0,708.0,7.74,0.4455,315.49,0.857213,0.857213,733.0,23.0,23.0,4048.0,4048.0,794062.0,11.0,23.0,5.0,0.000421729,0.00568275,0.000324349,0.00271017,4.546e-05,5.7e-07,7.5831e-05,3.58e-06,8.044e-05,1242.0,7618.0,0.00223122,2.45202e-05,0.00199638,0.00425212,725.0,3934.15,0.639941,0.692393,47.0,2311990000.0,2311990000.0,0.114981,-1.94565,-0.0525272,85.7213,73.0,10.0,6.0,0.0,731.0,3755.0,3755.0,4256.0,4302.0,4255.0,4257.0,4256.0,0.38,1.0,43.0,50.0,0.2,100.0
traj_sweep_473,routing,0.00113526,0.00113526,1076.77,1278.42,869.288,869.288,701.0,3.0,701.0,5.84,0.1265,88.7,0.807312,0.807312,725.0,23.0,23.0,4048.0,4048.0,233907.0,3.0,23.0,5.0,0.00027266,0.00273483,0.00019383,0.00363219,2.461e-05,5.3e-07,3.88e-05,2.05e-06,4.266e-05,484.0,7068.0,0.00204168,2.23041e-05,0.0017778,0.00384178,718.0,3523.9,0.64834,0.643285,45.0,2320030000.0,2320030000.0,0.116483,-1.4621,-0.0412349,80.7312,56.0,27.0,19.0,0.0,723.0,3551.0,3551.0,3849.0,3888.0,3867.0,3840.0,3849.0,0.39,1.0,43.0,50.0,0.2,100.0
traj_sweep_474,routing,0.00132669,0.00132669,1076.77,1278.42,855.722,855.722,694.0,2.0,694.0,8.07,0.2245,156.04,0.794713,0.794713,718.0,23.0,23.0,4048.0,4048.0,363636.0,5.0,23.0,5.0,0.00056816,0.0046491,0.00040451,0.00273095,4.519e-05,1.03e-06,8.333e-05,3e-06,7.234e-05,914.0,7176.0,0.00197142,2.20413e-05,0.00172975,0.00372321,712.0,3590.68,0.265963,0.512339,45.0,2316230000.0,2316230000.0,0.112374,-1.2017,-0.0317368,79.4713,56.0,36.0,29.0,0.0,716.0,3594.0,3594.0,3924.0,3965.0,3921.0,3909.0,3924.0,0.4,1.0,43.0,50.0,0.2,100.0
traj_sweep_475,routing,0.0013845,0.0013845,1076.77,1278.42,804.118,804.118,680.0,1.0,680.0,5.6,0.175,119.29,0.746789,0.746789,704.0,23.0,23.0,4048.0,4048.0,326742.0,5.0,23.0,5.0,0.00031208,0.00337211,0.00024639,0.00273518,3.158e-05,3.71e-07,4.576e-05,2.53e-06,4.937e-05,587.0,7105.0,0.0018485,2.0143e-05,0.00160447,0.00347311,703.0,3569.49,0.641494,0.693133,26.0,2335190000.0,2335190000.0,0.112514,-0.350038,-0.0214434,74.6789,39.0,7.0,6.0,0.0,702.0,3570.0,3570.0,3939.0,3990.0,3940.0,3938.0,3939.0,0.41,1.0,43.0,50.0,0.2,100.0
traj_sweep_476,routing,0.00114852,0.00114852,1076.77,1278.42,804.916,804.916,671.0,10.0,671.0,7.88,0.409,274.5,0.74753,0.74753,695.0,23.0,23.0,4048.0,4048.0,675879.0,11.0,23.0,5.0,0.0006277,0.00533197,0.00044223,0.00254582,6.215e-05,5.5e-07,6.738e-05,4.34e-06,9.08e-05,1197.0,6939.0,0.00178708,2.02867e-05,0.00158064,0.00338801,683.0,3518.53,0.795061,0.596077,23.0,2325090000.0,2325090000.0,0.111986,-0.141226,-0.0125539,74.753,34.0,9.0,6.0,0.0,693.0,3546.0,3546.0,3867.0,3882.0,3852.0,3865.0,3867.0,0.42,1.0,43.0,50.0,0.2,100.0
traj_sweep_477,routing,0.000859611,0.000859611,1076.77,1278.42,728.308,728.308,640.0,5.0,640.0,3.37,0.0395,25.31,0.676383,0.676383,664.0,23.0,23.0,4048.0,4048.0,58026.0,1.0,23.0,5.0,0.000106851,0.0014976,8.5731e-05,0.00264159,9.1e-06,9.6e-07,1.5551e-05,1.149e-06,1.8811e-05,232.0,6338.0,0.00155842,1.74558e-05,0.00136426,0.00294014,657.0,3110.81,0.750348,0.597237,8.0,2312630000.0,2312630000.0,0.112584,-0.0282078,-0.00808281,67.6383,57.0,19.0,7.0,0.0,662.0,3386.0,3386.0,3524.0,3549.0,3527.0,3524.0,3524.0,0.43,1.0,43.0,50.0,0.2,100.0
traj_sweep_478,routing,0.00397645,0.00397645,1076.77,1278.42,723.52,723.52,626.0,6.0,626.0,8.4,0.1085,67.95,0.671937,0.671937,650.0,23.0,23.0,4048.0,4048.0,178006.0,3.0,23.0,5.0,0.00028844,0.00232508,0.00029417,0.00429917,2.68e-05,5.9e-07,4.182e-05,2.68e-06,5.338e-05,523.0,6520.0,0.00149354,1.73801e-05,0.00135042,0.00286134,642.0,3144.68,0.75434,0.597232,4.0,2304160000.0,2304160000.0,0.112173,-0.00717409,-0.00342484,67.1937,79.0,34.0,25.0,0.0,648.0,3380.0,3380.0,3653.0,3699.0,3658.0,3648.0,3653.0,0.44,1.0,43.0,50.0,0.2,100.0
traj_sweep_479,routing,0.000886222,0.000886222,1076.77,1278.42,698.782,698.782,625.0,8.0,625.0,4.32,0.051,32.0,0.648962,0.648962,649.0,23.0,23.0,4048.0,4048.0,79852.0,1.0,22.0,4.0,0.0001428,0.00122766,0.00012657,0.00227912,1.251e-05,6.2e-07,1.676e-05,1.5e-06,2.459e-05,256.0,6301.0,0.00139508,1.63324e-05,0.0012444,0.00265582,639.0,3140.53,0.728876,0.611443,3.0,2272210000.0,2272210000.0,0.113273,-0.00124065,-0.00089051,64.8962,46.0,23.0,15.0,0.0,647.0,3303.0,3303.0,3517.0,3535.0,3517.0,3513.0,3517.0,0.45,1.0,43.0,50.0,0.2,100.0
traj_sweep_480,routing,0.00119697,0.00119697,1076.77,1278.42,683.354,683.354,614.0,0.0,614.0,0.95,0.002,1.52,0.634634,0.634634,638.0,23.0,23.0,4048.0,4048.0,5614.0,0.0,22.0,4.0,9.491e-06,6.162e-05,1.944e-05,0.00220007,4.91e-07,2.69e-07,1.46e-06,4.6e-07,3.52e-06,9.0,6190.0,0.00133021,1.57822e-05,0.00119011,0.0025361,636.0,2990.79,0.761141,0.613936,0.0,2226370000.0,2226370000.0,0.111559,0.0,0.000117628,63.4634,36.0,29.0,21.0,0.0,636.0,3253.0,3253.0,3446.0,3501.0,3463.0,3452.0,3446.0,0.46,1.0,43.0,50.0,0.2,100.0
traj_sweep_481,routing,0.00136995,0.00136995,1076.77,1278.42,678.034,678.034,610.0,0.0,610.0,0.0,0.0,0.0,0.629694,0.629694,636.0,23.0,23.0,4048.0,4048.0,0.0,0.0,22.0,4.0,6.2e-06,5.813e-05,1.423e-05,0.00716413,3.3e-07,2.8e-07,9.4e-07,5.4e-07,2.94e-06,11.0,6044.0,0.00128642,1.55925e-05,0.00113926,0.00244128,634.0,2956.45,0.724088,0.507366,0.0,2211080000.0,2211080000.0,0.113211,0.0,0.003753,62.9694,73.0,23.0,22.0,0.0,634.0,3279.0,3279.0,3428.0,3463.0,3436.0,3433.0,3428.0,0.47,1.0,43.0,50.0,0.2,100.0
traj_sweep_482,routing,0.000814626,0.000814626,1076.77,1278.42,677.768,677.768,611.0,0.0,611.0,0.0,0.0,0.0,0.629447,0.629447,636.0,23.0,23.0,4048.0,4048.0,0.0,0.0,22.0,4.0,0.00203239,0.0139852,0.00119282,0.0174727,0.00016973,1.28e-06,0.00018426,1.0751e-05,0.00023732,3149.0,6147.0,0.00125918,1.55891e-05,0.00113053,0.0024053,634.0,2997.21,0.735273,0.528017,0.0,2206490000.0,2206490000.0,0.112647,0.0,0.010394,62.9447,50.0,22.0,10.0,0.0,634.0,3224.0,3224.0,3413.0,3443.0,3412.0,3414.0,3413.0,0.48,1.0,43.0,50.0,0.2,100.0
traj_sweep_483,routing,0.00123279,0.00123279,1076.77,1278.42,675.64,675.64,610.0,0.0,610.0,0.0,0.0,0.0,0.62747,0.62747,634.0,23.0,23.0,4048.0,4048.0,0.0,0.0,22.0,4.0,0.00127767,0.00888763,0.00082249,0.0124591,9.242e-05,5.69e-07,0.00013499,7.84e-06,0.00016675,3205.0,6090.0,0.00124054,1.54618e-05,0.00110505,0.00236106,632.0,2928.69,0.763489,0.618963,0.0,2178380000.0,2178380000.0,0.111784,0.0,0.012683,62.747,75.0,19.0,24.0,0.0,632.0,3277.0,3277.0,3418.0,3427.0,3405.0,3418.0,3418.0,0.49,1.0,43.0,50.0,0.2,100.0
traj_sweep_484,routing,0.00121698,0.00121698,1076.77,1278.42,674.576,674.576,609.0,0.0,609.0,0.0,0.0,0.0,0.626482,0.626482,634.0,23.0,23.0,4048.0,4048.0,0.0,0.0,22.0,4.0,0.00212494,0.00929123,0.00137288,0.0150119,0.00014708,6.6e-07,0.00020048,1.084e-05,0.00023591,3262.0,6181.0,0.00120526,1.54538e-05,0.00108488,0.0023056,632.0,2969.97,0.736422,0.619204,0.0,2166190000.0,2166190000.0,0.112493,0.0,0.0226343,62.6482,64.0,30.0,25.0,0.0,632.0,3258.0,3258.0,3452.0,3447.0,3434.0,3452.0,3452.0,0.5,1.0,43.0,50.0,0.2,100.0
traj_sweep_485,routing,0.000538965,0.000538965,1076.77,1278.42,675.374,675.374,610.0,0.0,610.0,0.0,0.0,0.0,0.627223,0.627223,634.0,23.0,23.0,4048.0,4048.0,0.0,0.0,22.0,4.0,0.00176862,0.00885029,0.00101655,0.0121768,0.00013546,6e-07,0.00016262,9.77e-06,0.00020307,3189.0,6218.0,0.00119125,1.5441e-05,0.00106034,0.00226703,632.0,2974.21,0.772332,0.606295,0.0,2139580000.0,2139580000.0,0.111995,0.0,0.0299596,62.7223,46.0,17.0,5.0,0.0,632.0,3292.0,3292.0,3456.0,3489.0,3468.0,3455.0,3456.0,0.51,1.0,43.0,50.0,0.2,100.0
traj_sweep_486,routing,0.00295478,0.00295478,1076.77,1278.42,675.64,675.64,610.0,0.0,610.0,0.0,0.0,0.0,0.62747,0.62747,634.0,23.0,23.0,4048.0,4048.0,0.0,0.0,22.0,4.0,0.00125378,0.008632,0.0008172,0.0115787,0.00010983,6.6e-07,0.00015014,7.97e-06,0.00016865,3118.0,5976.0,0.00116993,1.54808e-05,0.00104665,0.00223206,632.0,2972.28,0.776034,0.605916,0.0,2191750000.0,2191750000.0,0.112866,0.0,0.0397594,62.747,78.0,14.0,15.0,0.0,632.0,3248.0,3248.0,3397.0,3457.0,3408.0,3400.0,3397.0,0.52,1.0,43.0,50.0,0.2,100.0
traj_sweep_487,routing,0.00158487,0.00158487,1076.77,1278.42,675.108,675.108,610.0,0.0,610.0,0.0,0.0,0.0,0.626976,0.626976,634.0,23.0,23.0,4048.0,4048.0,0.0,0.0,22.0,4.0,0.00173624,0.00875361,0.00101572,0.0102165,0.00011625,6.5e-07,0.000156709,8.48e-06,0.00018084,3235.0,6136.0,0.0011409,1.54521e-05,0.00101919,0.00217554,632.0,2954.18,0.778144,0.610451,0.0,2165570000.0,2165570000.0,0.114009,0.0,0.0443398,62.6976,82.0,17.0,22.0,0.0,632.0,3302.0,3302.0,3420.0,3454.0,3435.0,3420.0,3420.0,0.53,1.0,43.0,50.0,0.2,100.0
traj_sweep_488,routing,0.00159453,0.00159453,1076.77,1278.42,675.108,675.108,610.0,0.0,610.0,0.0,0.0,0.0,0.626976,0.626976,634.0,23.0,23.0,4048.0,4048.0,0.0,0.0,22.0,4.0,0.00130711,0.00895959,0.00075109,0.0113508,9.861e-05,6.3e-07,0.0001446,7.85e-06,0.0001677,3182.0,6204.0,0.00111975,1.54521e-05,0.000997337,0.00213254,632.0,2953.53,0.722507,0.598572,0.0,2109890000.0,2109890000.0,0.113238,0.0,0.05369,62.6976,38.0,8.0,7.0,0.0,632.0,3238.0,3238.0,3437.0,3494.0,3437.0,3438.0,3437.0,0.54,1.0,43.0,50.0,0.2,100.0
traj_sweep_489,routing,0.00315694,0.00315694,1076.77,1278.42,674.842,674.842,610.0,0.0,610.0,0.0,0.0,0.0,0.626729,0.626729,634.0,23.0,23.0,4048.0,4048.0,0.0,0.0,22.0,4.0,0.00169097,0.00970652,0.0010637,0.0114358,0.00010385,5e-07,0.00014839,7.16e-06,0.00017539,3149.0,6064.0,0.00109858,1.54472e-05,0.000984295,0.00209833,632.0,2971.36,0.747614,0.60119,0.0,2122040000.0,2122040000.0,0.113914,0.0,0.0618751,62.6729,55.0,35.0,12.0,0.0,632.0,3265.0,3265.0,3465.0,3491.0,3460.0,3464.0,3465.0,0.55,1.0,43.0,50.0,0.2,100.0
traj_sweep_490,routing,0.00049203,0.00049203,1076.77,1278.42,674.576,674.576,609.0,0.0,609.0,0.0,0.0,0.0,0.626482,0.626482,633.0,23.0,23.0,4048.0,4048.0,0.0,0.0,22.0,4.0,0.00247081,0.0128492,0.00137363,0.015946,0.00017869,1.04e-06,0.00021505,1.13e-05,0.000293,3153.0,6116.0,0.00108587,1.54213e-05,0.000963837,0.00206513,631.0,2964.61,0.735633,0.530987,0.0,2135080000.0,2135080000.0,0.112525,0.0,0.0697001,62.6482,60.0,33.0,15.0,0.0,631.0,3217.0,3217.0,3451.0,3480.0,3441.0,3446.0,3451.0,0.56,1.0,43.0,50.0,0.2,100.0
traj_sweep_491,routing,0.00049203,0.00049203,1076.77,1278.42,674.576,674.576,609.0,0.0,609.0,0.0,0.0,0.0,0.626482,0.626482,633.0,23.0,23.0,4048.0,4048.0,0.0,0.0,22.0,4.0,0.00127119,0.00845479,0.00076329,0.0105279,9.949e-05,5.4e-07,0.00015041,7.53e-06,0.00016761,3153.0,6116.0,0.00106682,1.54213e-05,0.000946928,0.00202917,631.0,2964.61,0.735633,0.530987,0.0,2135080000.0,2135080000.0,0.112525,0.0,0.0777002,62.6482,60.0,33.0,15.0,0.0,631.0,3217.0,3217.0,3451.0,3480.0,3441.0,3446.0,3451.0,0.57,1.0,43.0,50.0,0.2,100.0
traj_sweep_492,routing,0.000700752,0.000700752,1076.77,1278.42,674.044,674.044,608.0,0.0,608.0,0.0,0.0,0.0,0.625988,0.625988,632.0,23.0,23.0,4048.0,4048.0,0.0,0.0,22.0,4.0,0.00131235,0.00892724,0.00082486,0.0116897,9.903e-05,8.1e-07,0.00014928,7.83e-06,0.00016457,3247.0,6190.0,0.00104914,1.54214e-05,0.000927773,0.00199233,630.0,2921.09,0.760464,0.473479,0.0,2123990000.0,2123990000.0,0.113435,0.0,0.087532,62.5988,65.0,32.0,22.0,0.0,630.0,3219.0,3219.0,3373.0,3425.0,3386.0,3372.0,3373.0,0.58,1.0,43.0,50.0,0.2,100.0
traj_sweep_493,routing,0.00137943,0.00137943,1076.77,1278.42,673.512,673.512,608.0,0.0,608.0,0.0,0.0,0.0,0.625494,0.625494,632.0,23.0,23.0,4048.0,4048.0,0.0,0.0,22.0,4.0,0.00225115,0.0127775,0.00121405,0.0115576,0.00020475,5.7e-07,0.00019147,1.217e-05,0.00024728,3093.0,6053.0,0.00102491,1.54102e-05,0.000910901,0.00195122,630.0,2954.09,0.759396,0.538249,0.0,2126130000.0,2126130000.0,0.112418,0.0,0.0925506,62.5494,43.0,16.0,11.0,0.0,630.0,3256.0,3256.0,3413.0,3433.0,3403.0,3407.0,3413.0,0.59,1.0,43.0,50.0,0.2,100.0
traj_sweep_494,routing,0.00191565,0.00191565,1076.77,1278.42,674.842,674.842,608.0,0.0,608.0,0.0,0.0,0.0,0.626729,0.626729,632.0,23.0,23.0,4048.0,4048.0,0.0,0.0,22.0,4.0,0.00202632,0.0129998,0.00128859,0.0151955,0.00013736,7.4e-07,0.00022356,1.069e-05,0.00023634,3259.0,6198.0,0.00101433,1.54659e-05,0.000904118,0.00193391,630.0,2973.11,0.691699,0.537986,0.0,2117960000.0,2117960000.0,0.113239,0.0,0.100585,62.6729,52.0,17.0,8.0,0.0,630.0,3267.0,3267.0,3446.0,3476.0,3431.0,3446.0,3446.0,0.6,1.0,43.0,50.0,0.2,100.0
traj_sweep_495,routing,0.00120744,0.00120744,1076.77,1278.42,674.842,674.842,608.0,0.0,608.0,0.0,0.0,0.0,0.626729,0.626729,632.0,23.0,23.0,4048.0,4048.0,0.0,0.0,22.0,4.0,0.0012489,0.00887,0.00078991,0.0105865,0.0001071,5.2e-07,0.00014411,7.65e-06,0.00018418,3216.0,6141.0,0.000997839,1.54659e-05,0.000883233,0.00189654,630.0,2960.42,0.684136,0.531927,0.0,2130680000.0,2130680000.0,0.112884,0.0,0.111295,62.6729,47.0,26.0,26.0,0.0,630.0,3268.0,3268.0,3428.0,3473.0,3428.0,3428.0,3428.0,0.61,1.0,43.0,50.0,0.2,100.0
traj_sweep_496,routing,0.00126948,0.00126948,1076.77,1278.42,674.044,674.044,608.0,0.0,608.0,0.0,0.0,0.0,0.625988,0.625988,632.0,23.0,23.0,4048.0,4048.0,0.0,0.0,22.0,4.0,0.00218267,0.0132151,0.00133709,0.0148665,0.00016332,6.3e-07,0.000214,1.788e-05,0.00024887,3220.0,6213.0,0.000981464,1.54214e-05,0.000873202,0.00187009,630.0,2958.44,0.776266,0.531586,0.0,2140920000.0,2140920000.0,0.112327,0.0,0.11532,62.5988,39.0,13.0,5.0,1.0,630.0,3257.0,3257.0,3415.0,3450.0,3414.0,3412.0,3413.0,0.62,1.0,43.0,50.0,0.2,100.0
traj_sweep_497,routing,0.000476987,0.000476987,1076.77,1278.42,995.904,995.904,751.0,14.0,751.0,12.01,1.014,761.72,0.924901,0.924901,777.0,23.0,23.0,4048.0,4048.0,1533970.0,19.0,23.0,5.0,0.00088486,0.0102219,0.000632071,0.0024897,0.000109731,2e-07,0.000144451,9.671e-06,0.000214169,2860.0,9410.0,0.00674942,2.76461e-05,0.00567716,0.0124542,761.0,4912.19,0.640936,0.692862,53.0,2333530000.0,2333530000.0,0.072406,-13.3868,-0.288535,92.4901,92.0,57.0,42.0,0.0,775.0,4222.0,4222.0,5300.0,5345.0,5311.0,5297.0,5300.0,0.14,1.0,44.0,50.0,0.2,100.0
traj_sweep_498,routing,0.00176466,0.00176466,1076.77,1278.42,963.186,963.186,738.0,2.0,738.0,7.69,0.2415,178.56,0.894516,0.894516,762.0,23.0,23.0,4048.0,4048.0,192162.0,2.0,23.0,5.0,0.00042053,0.00387982,0.00029298,0.00273108,4.461e-05,4e-07,6.196e-05,3.36e-06,6.999e-05,808.0,8296.0,0.00608773,2.6352e-05,0.00507748,0.0111916,759.0,4217.84,0.586046,0.666466,53.0,2351470000.0,2351470000.0,0.0714098,-12.7749,-0.275266,89.4516,57.0,24.0,18.0,0.0,760.0,3926.0,3926.0,4529.0,4554.0,4537.0,4524.0,4529.0,0.15,1.0,44.0,50.0,0.2,100.0
traj_sweep_499,routing,0.00115712,0.00115712,1076.77,1278.42,973.826,973.826,741.0,5.0,741.0,14.24,0.559,414.26,0.904397,0.904397,765.0,23.0,23.0,4048.0,4048.0,917865.0,10.0,23.0,5.0,0.000624789,0.00874747,0.00045372,0.00284959,7.828e-05,2.6e-07,0.0001074,4.64e-06,0.00012229,1730.0,9305.0,0.0056753,2.68643e-05,0.00477092,0.0104731,761.0,4953.33,0.504611,0.627221,53.0,2332750000.0,2332750000.0,0.0735264,-12.4429,-0.268679,90.4397,94.0,43.0,39.0,0.0,763.0,4214.0,4214.0,5284.0,5377.0,5285.0,5293.0,5284.0,0.16,1.0,44.0,50.0,0.2,100.0
traj_sweep_500,routing,0.00126218,0.00126218,1076.77,1278.42,958.664,958.664,739.0,4.0,739.0,11.06,0.467,345.41,0.890316,0.890316,763.0,23.0,23.0,4048.0,4048.0,746746.0,9.0,23.0,5.0,0.00063325,0.00709521,0.00046603,0.00245926,6.595e-05,6.6e-07,8.386e-05,4.99e-06,9.828e-05,1550.0,8706.0,0.0053335,2.61595e-05,0.00450031,0.00985997,759.0,4504.43,0.633095,0.689077,53.0,2343470000.0,2343470000.0,0.0744793,-11.7635,-0.256718,89.0316,84.0,56.0,27.0,0.0,761.0,4026.0,4026.0,4872.0,4883.0,4849.0,4864.0,4872.0,0.17,1.0,44.0,50.0,0.2,100.0
traj_sweep_501,routing,0.00173515,0.00173515,1076.77,1278.42,975.688,975.688,735.0,7.0,735.0,10.68,0.8515,625.95,0.906126,0.906126,759.0,23.0,23.0,4048.0,4048.0,1261460.0,15.0,23.0,5.0,0.00087061,0.0133892,0.00051872,0.00212212,9.477e-05,5.5e-07,0.00014854,5.93e-06,0.00014239,2454.0,9025.0,0.00507171,2.68177e-05,0.00433406,0.00943258,752.0,4803.49,0.612556,0.679212,53.0,2333250000.0,2333250000.0,0.0775945,-11.2222,-0.248587,90.6126,102.0,84.0,33.0,0.0,757.0,4095.0,4095.0,5155.0,5226.0,5173.0,5159.0,5155.0,0.18,1.0,44.0,50.0,0.2,100.0
traj_sweep_502,routing,0.000852436,0.000852436,1076.77,1278.42,961.058,961.058,741.0,10.0,741.0,9.92,0.4865,360.77,0.89254,0.89254,765.0,23.0,23.0,4048.0,4048.0,676349.0,8.0,23.0,5.0,0.00046899,0.0059925,0.00031618,0.00272781,5.943e-05,5.6e-07,7.946e-05,4.17e-06,8.803e-05,1374.0,8652.0,0.00470255,2.62681e-05,0.00398,0.00870881,754.0,4534.97,0.60961,0.677793,53.0,2367440000.0,2367440000.0,0.0796665,-10.7028,-0.232397,89.254,91.0,36.0,36.0,0.0,763.0,4104.0,4104.0,4847.0,4897.0,4838.0,4845.0,4847.0,0.19,1.0,44.0,50.0,0.2,100.0
traj_sweep_503,routing,0.00105996,0.00105996,1076.77,1278.42,961.59,961.59,735.0,3.0,735.0,10.83,0.4395,323.17,0.893034,0.893034,761.0,23.0,23.0,4048.0,4048.0,668353.0,8.0,24.0,6.0,0.00076481,0.00987147,0.00051877,0.00235935,8.255e-05,3.7e-07,9.707e-05,5.36e-06,0.00013662,1397.0,8364.0,0.00451421,2.64475e-05,0.00377381,0.00831447,756.0,4430.85,0.602605,0.674424,53.0,2365330000.0,2365330000.0,0.0816171,-10.2378,-0.222774,89.3034,91.0,13.0,11.0,0.0,759.0,3969.0,3969.0,4778.0,4794.0,4771.0,4775.0,4778.0,0.2,1.0,44.0,50.0,0.2,100.0
traj_sweep_504,routing,0.0012443,0.0012443,1076.77,1278.42,935.788,935.788,732.0,7.0,732.0,6.93,0.1795,131.56,0.869071,0.869071,756.0,23.0,23.0,4048.0,4048.0,319803.0,4.0,23.0,5.0,0.000346429,0.00279757,0.00023858,0.00220025,3.069e-05,2.8e-07,4.466e-05,2.62e-06,5.102e-05,626.0,8028.0,0.00412069,2.53578e-05,0.00348891,0.00763495,750.0,4017.8,0.636916,0.690928,53.0,2366210000.0,2366210000.0,0.0804023,-9.5411,-0.212617,86.9071,68.0,21.0,24.0,0.0,754.0,3828.0,3828.0,4305.0,4352.0,4304.0,4299.0,4305.0,0.21,1.0,44.0,50.0,0.2,100.0
traj_sweep_505,routing,0.00156823,0.00156823,1076.77,1278.42,979.412,979.412,734.0,10.0,734.0,11.82,0.6415,471.13,0.909585,0.909585,760.0,23.0,23.0,4048.0,4048.0,1014430.0,13.0,23.0,5.0,0.00103606,0.00958312,0.00071571,0.00286097,0.00010394,4.8e-07,0.00012216,7.53e-06,0.00015503,1882.0,8373.0,0.00410186,2.6933e-05,0.00356933,0.00769813,748.0,4492.85,0.590424,0.668557,53.0,2344860000.0,2344860000.0,0.0849199,-9.16002,-0.206465,90.9585,85.0,47.0,20.0,0.0,758.0,3997.0,3997.0,4816.0,4866.0,4822.0,4813.0,4816.0,0.22,1.0,44.0,50.0,0.2,100.0
traj_sweep_506,routing,0.000715372,0.000715372,1076.77,1278.42,941.906,941.906,727.0,5.0,727.0,6.6,0.245,178.28,0.874753,0.874753,751.0,23.0,23.0,4048.0,4048.0,349230.0,4.0,23.0,5.0,0.00039978,0.00540192,0.00023212,0.00287677,3.576e-05,9e-07,5.327e-05,1.342e-05,0.00029253,1033.0,8094.0,0.00377468,2.54732e-05,0.00322089,0.00702104,746.0,4110.27,0.645434,0.695024,53.0,2369620000.0,2369620000.0,0.0865714,-8.45931,-0.192008,87.4753,71.0,21.0,24.0,0.0,749.0,3887.0,3887.0,4425.0,4453.0,4426.0,4425.0,4425.0,0.23,1.0,44.0,50.0,0.2,100.0
traj_sweep_507,routing,0.00233705,0.00233705,1076.77,1278.42,929.67,929.67,733.0,8.0,733.0,9.54,0.328,240.47,0.863389,0.863389,757.0,23.0,23.0,4048.0,4048.0,504989.0,7.0,23.0,5.0,0.00066288,0.00633032,0.000447449,0.00250745,6.13e-05,4.5e-07,7.7409e-05,4.08e-06,9.751e-05,1094.0,7934.0,0.00360517,2.50852e-05,0.00307599,0.00670625,748.0,4012.67,0.62995,0.687564,53.0,2350820000.0,2350820000.0,0.0834689,-8.07402,-0.185383,86.3389,55.0,20.0,39.0,0.0,755.0,3828.0,3828.0,4343.0,4402.0,4375.0,4343.0,4343.0,0.24,1.0,44.0,50.0,0.2,100.0
traj_sweep_508,routing,0.0019167,0.0019167,1076.77,1278.42,947.758,947.758,737.0,9.0,737.0,8.45,0.303,223.55,0.880188,0.880188,761.0,23.0,23.0,4048.0,4048.0,489568.0,6.0,23.0,5.0,0.00065165,0.00595314,0.00041086,0.00322199,9.311e-05,3.3e-07,0.00011044,4.9e-06,0.0001195,1067.0,8056.0,0.00352804,2.55116e-05,0.00299274,0.0065463,752.0,4228.23,0.636359,0.69066,51.0,2386470000.0,2386470000.0,0.091965,-7.57673,-0.169029,88.0188,86.0,45.0,21.0,0.0,759.0,3895.0,3895.0,4527.0,4557.0,4507.0,4523.0,4527.0,0.25,1.0,44.0,50.0,0.2,100.0
traj_sweep_509,routing,0.00092118,0.00092118,1076.77,1278.42,936.586,936.586,729.0,4.0,729.0,8.78,0.2295,167.47,0.869812,0.869812,753.0,23.0,23.0,4048.0,4048.0,433762.0,6.0,23.0,5.0,0.00035691,0.00509439,0.00020179,0.00255213,3.946e-05,1.7e-07,6.357e-05,3.26e-06,5.7e-05,790.0,8056.0,0.00333144,2.51694e-05,0.00286948,0.00622609,747.0,4116.88,0.640936,0.692862,50.0,2354540000.0,2354540000.0,0.0933272,-7.09569,-0.164711,86.9812,79.0,25.0,22.0,0.0,751.0,3875.0,3875.0,4426.0,4474.0,4429.0,4429.0,4426.0,0.26,1.0,44.0,50.0,0.2,100.0
traj_sweep_510,routing,0.00187513,0.00187513,1076.77,1278.42,926.478,926.478,736.0,6.0,736.0,6.36,0.1775,130.75,0.860425,0.860425,760.0,23.0,23.0,4048.0,4048.0,279837.0,4.0,23.0,5.0,0.00030437,0.00304278,0.00019952,0.00267591,2.855e-05,3.49e-07,4.199e-05,2.57e-06,5.154e-05,742.0,7546.0,0.0031905,2.45493e-05,0.00269389,0.00590893,751.0,3835.89,0.645434,0.695024,49.0,2392140000.0,2392140000.0,0.0953906,-6.60341,-0.148035,86.0425,47.0,17.0,15.0,0.0,758.0,3751.0,3751.0,4102.0,4193.0,4104.0,4106.0,4102.0,0.27,1.0,44.0,50.0,0.2,100.0
traj_sweep_511,routing,0.00152189,0.00152189,1076.77,1278.42,941.108,941.108,734.0,5.0,734.0,9.16,0.7015,515.17,0.874012,0.874012,758.0,23.0,23.0,4048.0,4048.0,1298300.0,17.0,23.0,5.0,0.00091803,0.00992011,0.00060904,0.00250579,9.686e-05,4.4e-07,0.00011458,5.83e-06,0.00013979,1659.0,8324.0,0.00313426,2.51706e-05,0.00271389,0.00587331,752.0,4425.71,0.576635,0.66192,49.0,2359110000.0,2359110000.0,0.098068,-6.22271,-0.143888,87.4012,76.0,32.0,28.0,7.0,756.0,3970.0,3970.0,4745.0,4801.0,4760.0,4737.0,4742.0,0.28,1.0,44.0,50.0,0.2,100.0
traj_sweep_512,routing,0.00229208,0.00229208,1076.77,1278.42,932.596,932.596,721.0,1.0,721.0,11.25,0.3855,278.11,0.866107,0.866107,745.0,23.0,23.0,4048.0,4048.0,653754.0,9.0,23.0,5.0,0.00042787,0.00562706,0.00025206,0.00203843,4.276e-05,4.4e-07,6.658e-05,2.69e-06,6.79e-05,1070.0,8105.0,0.00294121,2.4696e-05,0.00257142,0.00553733,742.0,4125.16,0.636359,0.69067,49.0,2352960000.0,2352960000.0,0.0982873,-5.82479,-0.138095,86.6107,69.0,22.0,12.0,0.0,743.0,3857.0,3857.0,4449.0,4480.0,4443.0,4448.0,4449.0,0.29,1.0,44.0,50.0,0.2,100.0
traj_sweep_513,routing,0.000941768,0.000941768,1076.77,1278.42,894.026,894.026,719.0,1.0,719.0,6.55,0.0575,41.4,0.830287,0.830287,743.0,23.0,23.0,4048.0,4048.0,80483.0,1.0,23.0,5.0,0.00010819,0.0009841,9.112e-05,0.00257237,9.21e-06,3.9e-07,1.34e-05,1.25e-06,1.788e-05,186.0,7392.0,0.00275992,2.33577e-05,0.00234223,0.0051255,740.0,3747.65,0.646987,0.69578,49.0,2354790000.0,2354790000.0,0.0994491,-5.20595,-0.124667,83.0287,52.0,30.0,11.0,0.0,741.0,3707.0,3707.0,4056.0,4096.0,4041.0,4053.0,4056.0,0.3,1.0,44.0,50.0,0.2,100.0
traj_sweep_514,routing,0.00157981,0.00157981,1076.77,1278.42,891.898,891.898,721.0,2.0,721.0,5.6,0.0245,17.9,0.82831,0.82831,745.0,23.0,23.0,4048.0,4048.0,52537.0,1.0,23.0,5.0,6.511e-05,0.00052923,6.431e-05,0.00272545,5.51e-06,6.2e-07,8.37e-06,1.02e-06,1.173e-05,115.0,7301.0,0.0026753,2.32567e-05,0.0022437,0.00494225,742.0,3636.19,0.635443,0.690227,49.0,2354790000.0,2354790000.0,0.102168,-4.73614,-0.114667,82.831,41.0,9.0,3.0,0.0,743.0,3686.0,3686.0,3903.0,3952.0,3907.0,3902.0,3903.0,0.31,1.0,44.0,50.0,0.2,100.0
traj_sweep_515,routing,0.00218637,0.00218637,1076.77,1278.42,891.632,891.632,708.0,4.0,708.0,7.69,0.4085,289.29,0.828063,0.828063,732.0,23.0,23.0,4048.0,4048.0,727273.0,11.0,23.0,5.0,0.00067148,0.00644993,0.00046399,0.00232409,6.202e-05,6.7e-07,8.171e-05,4.85e-06,0.00010219,1308.0,7666.0,0.00254061,2.32569e-05,0.0022425,0.00480636,726.0,3747.3,0.639941,0.692389,49.0,2351710000.0,2351710000.0,0.101394,-4.22504,-0.105223,82.8063,69.0,33.0,29.0,0.0,730.0,3749.0,3749.0,4063.0,4115.0,4071.0,4071.0,4063.0,0.32,1.0,44.0,50.0,0.2,100.0
traj_sweep_516,routing,0.00159197,0.00159197,1076.77,1278.42,888.44,888.44,703.0,5.0,703.0,9.02,0.377,265.25,0.825099,0.825099,727.0,23.0,23.0,4048.0,4048.0,679928.0,10.0,23.0,5.0,0.00043679,0.00541296,0.00030412,0.00272139,5.372e-05,4.7e-07,6.059e-05,3.92e-06,7.764e-05,1228.0,7464.0,0.00246745,2.31933e-05,0.00217544,0.00466609,719.0,3746.79,0.277587,0.517943,47.0,2348630000.0,2348630000.0,0.10391,-3.97803,-0.0957808,82.5099,73.0,29.0,23.0,0.0,725.0,3708.0,3708.0,4086.0,4152.0,4083.0,4084.0,4086.0,0.33,1.0,44.0,50.0,0.2,100.0
traj_sweep_517,routing,0.00179003,0.00179003,1076.77,1278.42,875.672,875.672,707.0,6.0,707.0,8.83,0.2645,187.17,0.813241,0.813241,731.0,23.0,23.0,4048.0,4048.0,433147.0,6.0,23.0,5.0,0.0008213,0.00515456,0.00043007,0.00291703,8.671e-05,3.4e-07,9.081e-05,4.48e-06,0.00011005,1057.0,7467.0,0.00234558,2.26624e-05,0.00202633,0.00439457,722.0,3577.85,0.299718,0.528531,48.0,2370490000.0,2370490000.0,0.107632,-3.40311,-0.0872546,81.3241,57.0,18.0,5.0,0.0,729.0,3653.0,3653.0,3914.0,3978.0,3925.0,3914.0,3914.0,0.34,1.0,44.0,50.0,0.2,100.0
traj_sweep_518,routing,0.00164003,0.00164003,1076.77,1278.42,877.268,877.268,705.0,3.0,705.0,5.6,0.1135,80.06,0.814723,0.814723,729.0,23.0,23.0,4048.0,4048.0,156879.0,2.0,23.0,5.0,0.0001353,0.00151341,0.00010388,0.00272254,1.234e-05,2.4e-07,2.798e-05,1.48e-06,2.372e-05,394.0,7267.0,0.0023079,2.27761e-05,0.00200441,0.00433509,724.0,3570.68,0.649295,0.696887,47.0,2342380000.0,2342380000.0,0.10882,-3.06388,-0.0790297,81.4723,68.0,21.0,15.0,0.0,727.0,3635.0,3635.0,3915.0,3914.0,3917.0,3910.0,3915.0,0.35,1.0,44.0,50.0,0.2,100.0
traj_sweep_519,routing,0.00143361,0.00143361,1076.77,1278.42,841.092,841.092,699.0,1.0,699.0,5.27,0.0235,16.43,0.781126,0.781126,723.0,23.0,23.0,4048.0,4048.0,45294.0,1.0,23.0,5.0,4.496e-05,0.00036353,4.514e-05,0.00272587,3.55e-06,4.5e-07,6.88e-06,9.6e-07,9.16e-06,65.0,6854.0,0.00215189,2.14105e-05,0.00183765,0.00401095,720.0,3275.5,0.630109,0.687645,47.0,2346850000.0,2346850000.0,0.10917,-2.57983,-0.0661035,78.1126,32.0,24.0,12.0,3.0,721.0,3485.0,3485.0,3639.0,3669.0,3631.0,3637.0,3639.0,0.36,1.0,44.0,50.0,0.2,100.0
traj_sweep_520,routing,0.00167891,0.00167891,1076.77,1278.42,884.982,884.982,708.0,13.0,708.0,7.12,0.42,297.37,0.821887,0.821887,732.0,23.0,23.0,4048.0,4048.0,757293.0,11.0,23.0,5.0,0.00056158,0.00631436,0.00036026,0.00263361,5.535e-05,3.5e-07,6.882e-05,4.48e-06,9.031e-05,1555.0,7461.0,0.00221368,2.31262e-05,0.00190433,0.00414113,716.0,3695.55,0.2912,0.524459,47.0,2334420000.0,2334420000.0,0.111207,-2.26339,-0.0649776,82.1887,74.0,29.0,20.0,0.0,730.0,3747.0,3747.0,4036.0,4073.0,4026.0,4036.0,4036.0,0.37,1.0,44.0,50.0,0.2,100.0
traj_sweep_521,routing,0.0017273,0.0017273,1076.77,1278.42,923.02,923.02,708.0,6.0,708.0,7.74,0.4455,315.49,0.857213,0.857213,733.0,23.0,23.0,4048.0,4048.0,794062.0,11.0,23.0,5.0,0.00048991,0.00509345,0.00037028,0.00266671,5.309e-05,3e-07,6.615e-05,2.443e-05,9.176e-05,1242.0,7618.0,0.00223122,2.45202e-05,0.00199638,0.00425212,725.0,3934.15,0.639941,0.692393,47.0,2311990000.0,2311990000.0,0.114981,-1.94565,-0.0525272,85.7213,73.0,10.0,6.0,0.0,731.0,3755.0,3755.0,4256.0,4302.0,4255.0,4257.0,4256.0,0.38,1.0,44.0,50.0,0.2,100.0
traj_sweep_522,routing,0.00113526,0.00113526,1076.77,1278.42,869.288,869.288,701.0,3.0,701.0,5.84,0.1265,88.7,0.807312,0.807312,725.0,23.0,23.0,4048.0,4048.0,233907.0,3.0,23.0,5.0,0.00027006,0.0027118,0.00020574,0.002577,2.689e-05,5.1e-07,3.889e-05,2.23e-06,4.398e-05,484.0,7068.0,0.00204168,2.23041e-05,0.0017778,0.00384178,718.0,3523.9,0.64834,0.643285,45.0,2320030000.0,2320030000.0,0.116483,-1.4621,-0.0412349,80.7312,56.0,27.0,19.0,0.0,723.0,3551.0,3551.0,3849.0,3888.0,3867.0,3840.0,3849.0,0.39,1.0,44.0,50.0,0.2,100.0
traj_sweep_523,routing,0.00132669,0.00132669,1076.77,1278.42,855.722,855.722,694.0,2.0,694.0,8.07,0.2245,156.04,0.794713,0.794713,718.0,23.0,23.0,4048.0,4048.0,363636.0,5.0,23.0,5.0,0.0006527,0.00548113,0.00036348,0.00237101,5.868e-05,4.7e-07,7.4269e-05,3.931e-06,9.3451e-05,914.0,7176.0,0.00197142,2.20413e-05,0.00172975,0.00372321,712.0,3590.68,0.265963,0.512339,45.0,2316230000.0,2316230000.0,0.112374,-1.2017,-0.0317368,79.4713,56.0,36.0,29.0,0.0,716.0,3594.0,3594.0,3924.0,3965.0,3921.0,3909.0,3924.0,0.4,1.0,44.0,50.0,0.2,100.0
traj_sweep_524,routing,0.0013845,0.0013845,1076.77,1278.42,804.118,804.118,680.0,1.0,680.0,5.6,0.175,119.29,0.746789,0.746789,704.0,23.0,23.0,4048.0,4048.0,326742.0,5.0,23.0,5.0,0.00019876,0.00229877,0.00014022,0.00315891,1.957e-05,5e-07,3.192e-05,1.9e-06,3.52e-05,587.0,7105.0,0.0018485,2.0143e-05,0.00160447,0.00347311,703.0,3569.49,0.641494,0.693133,26.0,2335190000.0,2335190000.0,0.112514,-0.350038,-0.0214434,74.6789,39.0,7.0,6.0,0.0,702.0,3570.0,3570.0,3939.0,3990.0,3940.0,3938.0,3939.0,0.41,1.0,44.0,50.0,0.2,100.0
traj_sweep_525,routing,0.00114852,0.00114852,1076.77,1278.42,804.916,804.916,671.0,10.0,671.0,7.88,0.409,274.5,0.74753,0.74753,695.0,23.0,23.0,4048.0,4048.0,675879.0,11.0,23.0,5.0,0.000633551,0.00549654,0.00046112,0.00230646,5.582e-05,6.8e-07,6.9811e-05,5.929e-06,0.00010166,1197.0,6939.0,0.00178708,2.02867e-05,0.00158064,0.00338801,683.0,3518.53,0.795061,0.596077,23.0,2325090000.0,2325090000.0,0.111986,-0.141226,-0.0125539,74.753,34.0,9.0,6.0,0.0,693.0,3546.0,3546.0,3867.0,3882.0,3852.0,3865.0,3867.0,0.42,1.0,44.0,50.0,0.2,100.0
traj_sweep_526,routing,0.000859611,0.000859611,1076.77,1278.42,728.308,728.308,640.0,5.0,640.0,3.37,0.0395,25.31,0.676383,0.676383,664.0,23.0,23.0,4048.0,4048.0,58026.0,1.0,23.0,5.0,0.00010702,0.00147706,8.642e-05,0.00221901,8.95e-06,8.3e-07,2.043e-05,1.15e-06,1.826e-05,232.0,6338.0,0.00155842,1.74558e-05,0.00136426,0.00294014,657.0,3110.81,0.750348,0.597237,8.0,2312630000.0,2312630000.0,0.112584,-0.0282078,-0.00808281,67.6383,57.0,19.0,7.0,0.0,662.0,3386.0,3386.0,3524.0,3549.0,3527.0,3524.0,3524.0,0.43,1.0,44.0,50.0,0.2,100.0
traj_sweep_527,routing,0.00397645,0.00397645,1076.77,1278.42,723.52,723.52,626.0,6.0,626.0,8.4,0.1085,67.95,0.671937,0.671937,650.0,23.0,23.0,4048.0,4048.0,178006.0,3.0,23.0,5.0,0.0002615,0.00252618,0.00017936,0.00244218,2.806e-05,4.4e-07,3.432e-05,1.76e-06,4.129e-05,523.0,6520.0,0.00149354,1.73801e-05,0.00135042,0.00286134,642.0,3144.68,0.75434,0.597232,4.0,2304160000.0,2304160000.0,0.112173,-0.00717409,-0.00342484,67.1937,79.0,34.0,25.0,0.0,648.0,3380.0,3380.0,3653.0,3699.0,3658.0,3648.0,3653.0,0.44,1.0,44.0,50.0,0.2,100.0
traj_sweep_528,routing,0.000886222,0.000886222,1076.77,1278.42,698.782,698.782,625.0,8.0,625.0,4.32,0.051,32.0,0.648962,0.648962,649.0,23.0,23.0,4048.0,4048.0,79852.0,1.0,22.0,4.0,9.439e-05,0.00100821,8.281e-05,0.00277546,8.76e-06,2.4e-07,1.384e-05,9.4e-07,1.815e-05,256.0,6301.0,0.00139508,1.63324e-05,0.0012444,0.00265582,639.0,3140.53,0.728876,0.611443,3.0,2272210000.0,2272210000.0,0.113273,-0.00124065,-0.00089051,64.8962,46.0,23.0,15.0,0.0,647.0,3303.0,3303.0,3517.0,3535.0,3517.0,3513.0,3517.0,0.45,1.0,44.0,50.0,0.2,100.0
traj_sweep_529,routing,0.00119697,0.00119697,1076.77,1278.42,683.354,683.354,614.0,0.0,614.0,0.95,0.002,1.52,0.634634,0.634634,638.0,23.0,23.0,4048.0,4048.0,5614.0,0.0,22.0,4.0,1.018e-05,6.5651e-05,1.63e-05,0.00261261,4.8e-07,2.6e-07,1.11e-06,5.5e-07,3.28e-06,9.0,6190.0,0.00133021,1.57822e-05,0.00119011,0.0025361,636.0,2990.79,0.761141,0.613936,0.0,2226370000.0,2226370000.0,0.111559,0.0,0.000117628,63.4634,36.0,29.0,21.0,0.0,636.0,3253.0,3253.0,3446.0,3501.0,3463.0,3452.0,3446.0,0.46,1.0,44.0,50.0,0.2,100.0
traj_sweep_530,routing,0.00136995,0.00136995,1076.77,1278.42,678.034,678.034,610.0,0.0,610.0,0.0,0.0,0.0,0.629694,0.629694,636.0,23.0,23.0,4048.0,4048.0,0.0,0.0,22.0,4.0,8.35e-06,7.737e-05,2.573e-05,0.00498571,5.2e-07,8.2e-07,1.22e-06,7.5e-07,3.83e-06,11.0,6044.0,0.00128642,1.55925e-05,0.00113926,0.00244128,634.0,2956.45,0.724088,0.507366,0.0,2211080000.0,2211080000.0,0.113211,0.0,0.003753,62.9694,73.0,23.0,22.0,0.0,634.0,3279.0,3279.0,3428.0,3463.0,3436.0,3433.0,3428.0,0.47,1.0,44.0,50.0,0.2,100.0
traj_sweep_531,routing,0.000814626,0.000814626,1076.77,1278.42,677.768,677.768,611.0,0.0,611.0,0.0,0.0,0.0,0.629447,0.629447,636.0,23.0,23.0,4048.0,4048.0,0.0,0.0,22.0,4.0,0.00126276,0.00867395,0.00076369,0.0116146,9.7589e-05,6.2e-07,0.00014487,7.76e-06,0.000173829,3149.0,6147.0,0.00125918,1.55891e-05,0.00113053,0.0024053,634.0,2997.21,0.735273,0.528017,0.0,2206490000.0,2206490000.0,0.112647,0.0,0.010394,62.9447,50.0,22.0,10.0,0.0,634.0,3224.0,3224.0,3413.0,3443.0,3412.0,3414.0,3413.0,0.48,1.0,44.0,50.0,0.2,100.0
traj_sweep_532,routing,0.00123279,0.00123279,1076.77,1278.42,675.64,675.64,610.0,0.0,610.0,0.0,0.0,0.0,0.62747,0.62747,634.0,23.0,23.0,4048.0,4048.0,0.0,0.0,22.0,4.0,0.0016173,0.00953054,0.000787109,0.0116248,0.00011042,6.3e-07,0.00014937,8.42e-06,0.00019643,3205.0,6090.0,0.00124054,1.54618e-05,0.00110505,0.00236106,632.0,2928.69,0.763489,0.618963,0.0,2178380000.0,2178380000.0,0.111784,0.0,0.012683,62.747,75.0,19.0,24.0,0.0,632.0,3277.0,3277.0,3418.0,3427.0,3405.0,3418.0,3418.0,0.49,1.0,44.0,50.0,0.2,100.0
traj_sweep_533,routing,0.00121698,0.00121698,1076.77,1278.42,674.576,674.576,609.0,0.0,609.0,0.0,0.0,0.0,0.626482,0.626482,634.0,23.0,23.0,4048.0,4048.0,0.0,0.0,22.0,4.0,0.00134341,0.00912524,0.000795831,0.0134231,9.782e-05,1.35e-06,0.000136069,7.691e-06,0.00016464,3262.0,6181.0,0.00120526,1.54538e-05,0.00108488,0.0023056,632.0,2969.97,0.736422,0.619204,0.0,2166190000.0,2166190000.0,0.112493,0.0,0.0226343,62.6482,64.0,30.0,25.0,0.0,632.0,3258.0,3258.0,3452.0,3447.0,3434.0,3452.0,3452.0,0.5,1.0,44.0,50.0,0.2,100.0
traj_sweep_534,routing,0.000538965,0.000538965,1076.77,1278.42,675.374,675.374,610.0,0.0,610.0,0.0,0.0,0.0,0.627223,0.627223,634.0,23.0,23.0,4048.0,4048.0,0.0,0.0,22.0,4.0,0.00126276,0.00867252,0.00076857,0.00955646,9.785e-05,6.1e-07,0.00013987,7.85e-06,0.00016776,3189.0,6218.0,0.00119125,1.5441e-05,0.00106034,0.00226703,632.0,2974.21,0.772332,0.606295,0.0,2139580000.0,2139580000.0,0.111995,0.0,0.0299596,62.7223,46.0,17.0,5.0,0.0,632.0,3292.0,3292.0,3456.0,3489.0,3468.0,3455.0,3456.0,0.51,1.0,44.0,50.0,0.2,100.0
traj_sweep_535,routing,0.00295478,0.00295478,1076.77,1278.42,675.64,675.64,610.0,0.0,610.0,0.0,0.0,0.0,0.62747,0.62747,634.0,23.0,23.0,4048.0,4048.0,0.0,0.0,22.0,4.0,0.00123593,0.00812658,0.00080408,0.00998889,9.5929e-05,6.4e-07,0.00013818,7.5e-06,0.00017262,3118.0,5976.0,0.00116993,1.54808e-05,0.00104665,0.00223206,632.0,2972.28,0.776034,0.605916,0.0,2191750000.0,2191750000.0,0.112866,0.0,0.0397594,62.747,78.0,14.0,15.0,0.0,632.0,3248.0,3248.0,3397.0,3457.0,3408.0,3400.0,3397.0,0.52,1.0,44.0,50.0,0.2,100.0
traj_sweep_536,routing,0.00158487,0.00158487,1076.77,1278.42,675.108,675.108,610.0,0.0,610.0,0.0,0.0,0.0,0.626976,0.626976,634.0,23.0,23.0,4048.0,4048.0,0.0,0.0,22.0,4.0,0.00127718,0.0092101,0.00082719,0.0119168,9.54e-05,5.4e-07,0.00014649,7.62e-06,0.00016769,3235.0,6136.0,0.0011409,1.54521e-05,0.00101919,0.00217554,632.0,2954.18,0.778144,0.610451,0.0,2165570000.0,2165570000.0,0.114009,0.0,0.0443398,62.6976,82.0,17.0,22.0,0.0,632.0,3302.0,3302.0,3420.0,3454.0,3435.0,3420.0,3420.0,0.53,1.0,44.0,50.0,0.2,100.0
traj_sweep_537,routing,0.00159453,0.00159453,1076.77,1278.42,675.108,675.108,610.0,0.0,610.0,0.0,0.0,0.0,0.626976,0.626976,634.0,23.0,23.0,4048.0,4048.0,0.0,0.0,22.0,4.0,0.00140487,0.00889966,0.000890669,0.0102691,0.000102071,6.5e-07,0.00017088,7.191e-06,0.000164911,3182.0,6204.0,0.00111975,1.54521e-05,0.000997337,0.00213254,632.0,2953.53,0.722507,0.598572,0.0,2109890000.0,2109890000.0,0.113238,0.0,0.05369,62.6976,38.0,8.0,7.0,0.0,632.0,3238.0,3238.0,3437.0,3494.0,3437.0,3438.0,3437.0,0.54,1.0,44.0,50.0,0.2,100.0
traj_sweep_538,routing,0.00315694,0.00315694,1076.77,1278.42,674.842,674.842,610.0,0.0,610.0,0.0,0.0,0.0,0.626729,0.626729,634.0,23.0,23.0,4048.0,4048.0,0.0,0.0,22.0,4.0,0.00282378,0.0149142,0.00137591,0.0142362,0.00021071,5.5e-07,0.00021909,1.258e-05,0.00027718,3149.0,6064.0,0.00109858,1.54472e-05,0.000984295,0.00209833,632.0,2971.36,0.747614,0.60119,0.0,2122040000.0,2122040000.0,0.113914,0.0,0.0618751,62.6729,55.0,35.0,12.0,0.0,632.0,3265.0,3265.0,3465.0,3491.0,3460.0,3464.0,3465.0,0.55,1.0,44.0,50.0,0.2,100.0
traj_sweep_539,routing,0.00049203,0.00049203,1076.77,1278.42,674.576,674.576,609.0,0.0,609.0,0.0,0.0,0.0,0.626482,0.626482,633.0,23.0,23.0,4048.0,4048.0,0.0,0.0,22.0,4.0,0.0020421,0.0125324,0.00123914,0.0129254,0.00013884,6.2e-07,0.00021821,1.067e-05,0.00022449,3153.0,6116.0,0.00108587,1.54213e-05,0.000963837,0.00206513,631.0,2964.61,0.735633,0.530987,0.0,2135080000.0,2135080000.0,0.112525,0.0,0.0697001,62.6482,60.0,33.0,15.0,0.0,631.0,3217.0,3217.0,3451.0,3480.0,3441.0,3446.0,3451.0,0.56,1.0,44.0,50.0,0.2,100.0
traj_sweep_540,routing,0.00049203,0.00049203,1076.77,1278.42,674.576,674.576,609.0,0.0,609.0,0.0,0.0,0.0,0.626482,0.626482,633.0,23.0,23.0,4048.0,4048.0,0.0,0.0,22.0,4.0,0.00221878,0.0127554,0.00133502,0.0134923,0.00014871,7.9e-07,0.00020812,1.068e-05,0.00025442,3153.0,6116.0,0.00106682,1.54213e-05,0.000946928,0.00202917,631.0,2964.61,0.735633,0.530987,0.0,2135080000.0,2135080000.0,0.112525,0.0,0.0777002,62.6482,60.0,33.0,15.0,0.0,631.0,3217.0,3217.0,3451.0,3480.0,3441.0,3446.0,3451.0,0.57,1.0,44.0,50.0,0.2,100.0
traj_sweep_541,routing,0.000700752,0.000700752,1076.77,1278.42,674.044,674.044,608.0,0.0,608.0,0.0,0.0,0.0,0.625988,0.625988,632.0,23.0,23.0,4048.0,4048.0,0.0,0.0,22.0,4.0,0.00214689,0.0125044,0.00121076,0.0127525,0.000156171,9.3e-07,0.00020814,1.154e-05,0.000236709,3247.0,6190.0,0.00104914,1.54214e-05,0.000927773,0.00199233,630.0,2921.09,0.760464,0.473479,0.0,2123990000.0,2123990000.0,0.113435,0.0,0.087532,62.5988,65.0,32.0,22.0,0.0,630.0,3219.0,3219.0,3373.0,3425.0,3386.0,3372.0,3373.0,0.58,1.0,44.0,50.0,0.2,100.0
traj_sweep_542,routing,0.00137943,0.00137943,1076.77,1278.42,673.512,673.512,608.0,0.0,608.0,0.0,0.0,0.0,0.625494,0.625494,632.0,23.0,23.0,4048.0,4048.0,0.0,0.0,22.0,4.0,0.00123064,0.00989454,0.00076536,0.0110906,9.456e-05,6.2e-07,0.000140369,8.32e-06,0.00017776,3093.0,6053.0,0.00102491,1.54102e-05,0.000910901,0.00195122,630.0,2954.09,0.759396,0.538249,0.0,2126130000.0,2126130000.0,0.112418,0.0,0.0925506,62.5494,43.0,16.0,11.0,0.0,630.0,3256.0,3256.0,3413.0,3433.0,3403.0,3407.0,3413.0,0.59,1.0,44.0,50.0,0.2,100.0
traj_sweep_543,routing,0.00191565,0.00191565,1076.77,1278.42,674.842,674.842,608.0,0.0,608.0,0.0,0.0,0.0,0.626729,0.626729,632.0,23.0,23.0,4048.0,4048.0,0.0,0.0,22.0,4.0,0.00211004,0.013205,0.00128394,0.0161903,0.00014936,1.11e-06,0.00020505,1.0609e-05,0.000233899,3259.0,6198.0,0.00101433,1.54659e-05,0.000904118,0.00193391,630.0,2973.11,0.691699,0.537986,0.0,2117960000.0,2117960000.0,0.113239,0.0,0.100585,62.6729,52.0,17.0,8.0,0.0,630.0,3267.0,3267.0,3446.0,3476.0,3431.0,3446.0,3446.0,0.6,1.0,44.0,50.0,0.2,100.0
traj_sweep_544,routing,0.00120744,0.00120744,1076.77,1278.42,674.842,674.842,608.0,0.0,608.0,0.0,0.0,0.0,0.626729,0.626729,632.0,23.0,23.0,4048.0,4048.0,0.0,0.0,22.0,4.0,0.00134783,0.00880189,0.00076868,0.0141208,9.787e-05,7.3e-07,0.00014805,9.06e-06,0.00016963,3216.0,6141.0,0.000997839,1.54659e-05,0.000883233,0.00189654,630.0,2960.42,0.684136,0.531927,0.0,2130680000.0,2130680000.0,0.112884,0.0,0.111295,62.6729,47.0,26.0,26.0,0.0,630.0,3268.0,3268.0,3428.0,3473.0,3428.0,3428.0,3428.0,0.61,1.0,44.0,50.0,0.2,100.0
traj_sweep_545,routing,0.00126948,0.00126948,1076.77,1278.42,674.044,674.044,608.0,0.0,608.0,0.0,0.0,0.0,0.625988,0.625988,632.0,23.0,23.0,4048.0,4048.0,0.0,0.0,22.0,4.0,0.00194546,0.0113666,0.00127944,0.0161164,0.00018261,9.1e-07,0.00019811,2.29e-05,0.00025562,3220.0,6213.0,0.000981464,1.54214e-05,0.000873202,0.00187009,630.0,2958.44,0.776266,0.531586,0.0,2140920000.0,2140920000.0,0.112327,0.0,0.11532,62.5988,39.0,13.0,5.0,1.0,630.0,3257.0,3257.0,3415.0,3450.0,3414.0,3412.0,3413.0,0.62,1.0,44.0,50.0,0.2,100.0
traj_sweep_546,routing,0.000476987,0.000476987,1076.77,1278.42,995.904,995.904,751.0,14.0,751.0,12.01,1.014,761.72,0.924901,0.924901,777.0,23.0,23.0,4048.0,4048.0,1533970.0,19.0,23.0,5.0,0.00152797,0.0118083,0.000997571,0.00282377,0.000186691,3.2e-07,0.000230911,1.1171e-05,0.00020858,2860.0,9410.0,0.00674942,2.76461e-05,0.00567716,0.0124542,761.0,4912.19,0.640936,0.692862,53.0,2333530000.0,2333530000.0,0.072406,-13.3868,-0.288535,92.4901,92.0,57.0,42.0,0.0,775.0,4222.0,4222.0,5300.0,5345.0,5311.0,5297.0,5300.0,0.14,1.0,45.0,50.0,0.2,100.0
traj_sweep_547,routing,0.00176466,0.00176466,1076.77,1278.42,963.186,963.186,738.0,2.0,738.0,7.69,0.2415,178.56,0.894516,0.894516,762.0,23.0,23.0,4048.0,4048.0,192162.0,2.0,23.0,5.0,0.000453011,0.00438793,0.000327199,0.0032189,4.9029e-05,1.02e-06,5.9531e-05,3.32e-06,7.3629e-05,808.0,8296.0,0.00608773,2.6352e-05,0.00507748,0.0111916,759.0,4217.84,0.586046,0.666466,53.0,2351470000.0,2351470000.0,0.0714098,-12.7749,-0.275266,89.4516,57.0,24.0,18.0,0.0,760.0,3926.0,3926.0,4529.0,4554.0,4537.0,4524.0,4529.0,0.15,1.0,45.0,50.0,0.2,100.0
traj_sweep_548,routing,0.00115712,0.00115712,1076.77,1278.42,973.826,973.826,741.0,5.0,741.0,14.24,0.559,414.26,0.904397,0.904397,765.0,23.0,23.0,4048.0,4048.0,917865.0,10.0,23.0,5.0,0.00055682,0.00858496,0.00036505,0.00269193,7.17e-05,2.8e-07,9.217e-05,4.14e-06,0.00010333,1730.0,9305.0,0.0056753,2.68643e-05,0.00477092,0.0104731,761.0,4953.33,0.504611,0.627221,53.0,2332750000.0,2332750000.0,0.0735264,-12.4429,-0.268679,90.4397,94.0,43.0,39.0,0.0,763.0,4214.0,4214.0,5284.0,5377.0,5285.0,5293.0,5284.0,0.16,1.0,45.0,50.0,0.2,100.0
traj_sweep_549,routing,0.00126218,0.00126218,1076.77,1278.42,958.664,958.664,739.0,4.0,739.0,11.06,0.467,345.41,0.890316,0.890316,763.0,23.0,23.0,4048.0,4048.0,746746.0,9.0,23.0,5.0,0.00080264,0.00846131,0.0005622,0.00229217,7.722e-05,5.8e-07,0.00010228,5.99e-06,0.00012323,1550.0,8706.0,0.0053335,2.61595e-05,0.00450031,0.00985997,759.0,4504.43,0.633095,0.689077,53.0,2343470000.0,2343470000.0,0.0744793,-11.7635,-0.256718,89.0316,84.0,56.0,27.0,0.0,761.0,4026.0,4026.0,4872.0,4883.0,4849.0,4864.0,4872.0,0.17,1.0,45.0,50.0,0.2,100.0
traj_sweep_550,routing,0.00173515,0.00173515,1076.77,1278.42,975.688,975.688,735.0,7.0,735.0,10.68,0.8515,625.95,0.906126,0.906126,759.0,23.0,23.0,4048.0,4048.0,1261460.0,15.0,23.0,5.0,0.00104875,0.0147008,0.00054139,0.00290499,0.00017146,6.4e-07,0.00015274,1e-05,0.00023435,2454.0,9025.0,0.00507171,2.68177e-05,0.00433406,0.00943258,752.0,4803.49,0.612556,0.679212,53.0,2333250000.0,2333250000.0,0.0775945,-11.2222,-0.248587,90.6126,102.0,84.0,33.0,0.0,757.0,4095.0,4095.0,5155.0,5226.0,5173.0,5159.0,5155.0,0.18,1.0,45.0,50.0,0.2,100.0
traj_sweep_551,routing,0.000852436,0.000852436,1076.77,1278.42,961.058,961.058,741.0,10.0,741.0,9.92,0.4865,360.77,0.89254,0.89254,765.0,23.0,23.0,4048.0,4048.0,676349.0,8.0,23.0,5.0,0.00073544,0.00811898,0.00049435,0.00245457,8.176e-05,6.51e-07,0.00010875,5.39e-06,0.00012111,1374.0,8652.0,0.00470255,2.62681e-05,0.00398,0.00870881,754.0,4534.97,0.60961,0.677793,53.0,2367440000.0,2367440000.0,0.0796665,-10.7028,-0.232397,89.254,91.0,36.0,36.0,0.0,763.0,4104.0,4104.0,4847.0,4897.0,4838.0,4845.0,4847.0,0.19,1.0,45.0,50.0,0.2,100.0
traj_sweep_552,routing,0.00105996,0.00105996,1076.77,1278.42,961.59,961.59,735.0,3.0,735.0,10.83,0.4395,323.17,0.893034,0.893034,761.0,23.0,23.0,4048.0,4048.0,668353.0,8.0,24.0,6.0,0.00066286,0.00733004,0.00040881,0.00262339,9.817e-05,4.31e-07,7.854e-05,6.3e-06,0.00013678,1397.0,8364.0,0.00451421,2.64475e-05,0.00377381,0.00831447,756.0,4430.85,0.602605,0.674424,53.0,2365330000.0,2365330000.0,0.0816171,-10.2378,-0.222774,89.3034,91.0,13.0,11.0,0.0,759.0,3969.0,3969.0,4778.0,4794.0,4771.0,4775.0,4778.0,0.2,1.0,45.0,50.0,0.2,100.0
traj_sweep_553,routing,0.0012443,0.0012443,1076.77,1278.42,935.788,935.788,732.0,7.0,732.0,6.93,0.1795,131.56,0.869071,0.869071,756.0,23.0,23.0,4048.0,4048.0,319803.0,4.0,23.0,5.0,0.00031543,0.00337184,0.00021333,0.00223014,2.866e-05,5e-07,4.294e-05,2.52e-06,4.556e-05,626.0,8028.0,0.00412069,2.53578e-05,0.00348891,0.00763495,750.0,4017.8,0.636916,0.690928,53.0,2366210000.0,2366210000.0,0.0804023,-9.5411,-0.212617,86.9071,68.0,21.0,24.0,0.0,754.0,3828.0,3828.0,4305.0,4352.0,4304.0,4299.0,4305.0,0.21,1.0,45.0,50.0,0.2,100.0
traj_sweep_554,routing,0.00156823,0.00156823,1076.77,1278.42,979.412,979.412,734.0,10.0,734.0,11.82,0.6415,471.13,0.909585,0.909585,760.0,23.0,23.0,4048.0,4048.0,1014430.0,13.0,23.0,5.0,0.00088306,0.00922211,0.00048484,0.00282635,0.00012139,5.5e-07,0.0001227,6.92e-06,0.00019523,1882.0,8373.0,0.00410186,2.6933e-05,0.00356933,0.00769813,748.0,4492.85,0.590424,0.668557,53.0,2344860000.0,2344860000.0,0.0849199,-9.16002,-0.206465,90.9585,85.0,47.0,20.0,0.0,758.0,3997.0,3997.0,4816.0,4866.0,4822.0,4813.0,4816.0,0.22,1.0,45.0,50.0,0.2,100.0
traj_sweep_555,routing,0.000715372,0.000715372,1076.77,1278.42,941.906,941.906,727.0,5.0,727.0,6.6,0.245,178.28,0.874753,0.874753,751.0,23.0,23.0,4048.0,4048.0,349230.0,4.0,23.0,5.0,0.00041829,0.00586953,0.00024272,0.0028576,4.374e-05,1.09e-06,5.618e-05,2.79e-06,6.465e-05,1033.0,8094.0,0.00377468,2.54732e-05,0.00322089,0.00702104,746.0,4110.27,0.645434,0.695024,53.0,2369620000.0,2369620000.0,0.0865714,-8.45931,-0.192008,87.4753,71.0,21.0,24.0,0.0,749.0,3887.0,3887.0,4425.0,4453.0,4426.0,4425.0,4425.0,0.23,1.0,45.0,50.0,0.2,100.0
traj_sweep_556,routing,0.00233705,0.00233705,1076.77,1278.42,929.67,929.67,733.0,8.0,733.0,9.54,0.328,240.47,0.863389,0.863389,757.0,23.0,23.0,4048.0,4048.0,504989.0,7.0,23.0,5.0,0.00039729,0.00569401,0.0002699,0.00184076,4.109e-05,1.3e-07,9.651e-05,2.91e-06,6.6e-05,1094.0,7934.0,0.00360517,2.50852e-05,0.00307599,0.00670625,748.0,4012.67,0.62995,0.687564,53.0,2350820000.0,2350820000.0,0.0834689,-8.07402,-0.185383,86.3389,55.0,20.0,39.0,0.0,755.0,3828.0,3828.0,4343.0,4402.0,4375.0,4343.0,4343.0,0.24,1.0,45.0,50.0,0.2,100.0
traj_sweep_557,routing,0.0019167,0.0019167,1076.77,1278.42,947.758,947.758,737.0,9.0,737.0,8.45,0.303,223.55,0.880188,0.880188,761.0,23.0,23.0,4048.0,4048.0,489568.0,6.0,23.0,5.0,0.000615889,0.0066693,0.00045061,0.00293544,6.6349e-05,6.1e-07,9.3791e-05,4.731e-06,0.000106151,1067.0,8056.0,0.00352804,2.55116e-05,0.00299274,0.0065463,752.0,4228.23,0.636359,0.69066,51.0,2386470000.0,2386470000.0,0.091965,-7.57673,-0.169029,88.0188,86.0,45.0,21.0,0.0,759.0,3895.0,3895.0,4527.0,4557.0,4507.0,4523.0,4527.0,0.25,1.0,45.0,50.0,0.2,100.0
traj_sweep_558,routing,0.00092118,0.00092118,1076.77,1278.42,936.586,936.586,729.0,4.0,729.0,8.78,0.2295,167.47,0.869812,0.869812,753.0,23.0,23.0,4048.0,4048.0,433762.0,6.0,23.0,5.0,0.00035642,0.0038792,0.00022229,0.00267337,3.883e-05,3.3e-07,5.375e-05,3.49e-06,6.127e-05,790.0,8056.0,0.00333144,2.51694e-05,0.00286948,0.00622609,747.0,4116.88,0.640936,0.692862,50.0,2354540000.0,2354540000.0,0.0933272,-7.09569,-0.164711,86.9812,79.0,25.0,22.0,0.0,751.0,3875.0,3875.0,4426.0,4474.0,4429.0,4429.0,4426.0,0.26,1.0,45.0,50.0,0.2,100.0
traj_sweep_559,routing,0.00187513,0.00187513,1076.77,1278.42,926.478,926.478,736.0,6.0,736.0,6.36,0.1775,130.75,0.860425,0.860425,760.0,23.0,23.0,4048.0,4048.0,279837.0,4.0,23.0,5.0,0.00043434,0.00380639,0.00033214,0.00299721,4.585e-05,4.69e-07,6.859e-05,3.07e-06,7.065e-05,742.0,7546.0,0.0031905,2.45493e-05,0.00269389,0.00590893,751.0,3835.89,0.645434,0.695024,49.0,2392140000.0,2392140000.0,0.0953906,-6.60341,-0.148035,86.0425,47.0,17.0,15.0,0.0,758.0,3751.0,3751.0,4102.0,4193.0,4104.0,4106.0,4102.0,0.27,1.0,45.0,50.0,0.2,100.0
traj_sweep_560,routing,0.00152189,0.00152189,1076.77,1278.42,941.108,941.108,734.0,5.0,734.0,9.16,0.7015,515.17,0.874012,0.874012,758.0,23.0,23.0,4048.0,4048.0,1298300.0,17.0,23.0,5.0,0.00094318,0.0100669,0.00061333,0.00266109,0.00012909,4.8e-07,0.00015279,6.25e-06,0.00016188,1659.0,8324.0,0.00313426,2.51706e-05,0.00271389,0.00587331,752.0,4425.71,0.576635,0.66192,49.0,2359110000.0,2359110000.0,0.098068,-6.22271,-0.143888,87.4012,76.0,32.0,28.0,7.0,756.0,3970.0,3970.0,4745.0,4801.0,4760.0,4737.0,4742.0,0.28,1.0,45.0,50.0,0.2,100.0
traj_sweep_561,routing,0.00229208,0.00229208,1076.77,1278.42,932.596,932.596,721.0,1.0,721.0,11.25,0.3855,278.11,0.866107,0.866107,745.0,23.0,23.0,4048.0,4048.0,653754.0,9.0,23.0,5.0,0.00076848,0.00735749,0.00036412,0.00255926,0.00010163,4.6e-07,9.142e-05,5.34e-06,0.00013484,1070.0,8105.0,0.00294121,2.4696e-05,0.00257142,0.00553733,742.0,4125.16,0.636359,0.69067,49.0,2352960000.0,2352960000.0,0.0982873,-5.82479,-0.138095,86.6107,69.0,22.0,12.0,0.0,743.0,3857.0,3857.0,4449.0,4480.0,4443.0,4448.0,4449.0,0.29,1.0,45.0,50.0,0.2,100.0
traj_sweep_562,routing,0.000941768,0.000941768,1076.77,1278.42,894.026,894.026,719.0,1.0,719.0,6.55,0.0575,41.4,0.830287,0.830287,743.0,23.0,23.0,4048.0,4048.0,80483.0,1.0,23.0,5.0,0.00010633,0.0009586,8.815e-05,0.00194395,8.75e-06,3.51e-07,1.167e-05,1.09e-06,1.732e-05,186.0,7392.0,0.00275992,2.33577e-05,0.00234223,0.0051255,740.0,3747.65,0.646987,0.69578,49.0,2354790000.0,2354790000.0,0.0994491,-5.20595,-0.124667,83.0287,52.0,30.0,11.0,0.0,741.0,3707.0,3707.0,4056.0,4096.0,4041.0,4053.0,4056.0,0.3,1.0,45.0,50.0,0.2,100.0
traj_sweep_563,routing,0.00157981,0.00157981,1076.77,1278.42,891.898,891.898,721.0,2.0,721.0,5.6,0.0245,17.9,0.82831,0.82831,745.0,23.0,23.0,4048.0,4048.0,52537.0,1.0,23.0,5.0,5.045e-05,0.00045974,5.756e-05,0.00253531,4.65e-06,2.7e-07,7.11e-06,8.3e-07,1.073e-05,115.0,7301.0,0.0026753,2.32567e-05,0.0022437,0.00494225,742.0,3636.19,0.635443,0.690227,49.0,2354790000.0,2354790000.0,0.102168,-4.73614,-0.114667,82.831,41.0,9.0,3.0,0.0,743.0,3686.0,3686.0,3903.0,3952.0,3907.0,3902.0,3903.0,0.31,1.0,45.0,50.0,0.2,100.0
traj_sweep_564,routing,0.00218637,0.00218637,1076.77,1278.42,891.632,891.632,708.0,4.0,708.0,7.69,0.4085,289.29,0.828063,0.828063,732.0,23.0,23.0,4048.0,4048.0,727273.0,11.0,23.0,5.0,0.00118235,0.00728741,0.0004688,0.00278012,0.0001096,7.1e-07,0.00023439,5.71e-06,0.00017137,1308.0,7666.0,0.00254061,2.32569e-05,0.0022425,0.00480636,726.0,3747.3,0.639941,0.692389,49.0,2351710000.0,2351710000.0,0.101394,-4.22504,-0.105223,82.8063,69.0,33.0,29.0,0.0,730.0,3749.0,3749.0,4063.0,4115.0,4071.0,4071.0,4063.0,0.32,1.0,45.0,50.0,0.2,100.0
traj_sweep_565,routing,0.00159197,0.00159197,1076.77,1278.42,888.44,888.44,703.0,5.0,703.0,9.02,0.377,265.25,0.825099,0.825099,727.0,23.0,23.0,4048.0,4048.0,679928.0,10.0,23.0,5.0,0.00067229,0.00564123,0.00046423,0.00281219,8.081e-05,3.2e-07,9.417e-05,5.43e-06,0.00010333,1228.0,7464.0,0.00246745,2.31933e-05,0.00217544,0.00466609,719.0,3746.79,0.277587,0.517943,47.0,2348630000.0,2348630000.0,0.10391,-3.97803,-0.0957808,82.5099,73.0,29.0,23.0,0.0,725.0,3708.0,3708.0,4086.0,4152.0,4083.0,4084.0,4086.0,0.33,1.0,45.0,50.0,0.2,100.0
traj_sweep_566,routing,0.00179003,0.00179003,1076.77,1278.42,875.672,875.672,707.0,6.0,707.0,8.83,0.2645,187.17,0.813241,0.813241,731.0,23.0,23.0,4048.0,4048.0,433147.0,6.0,23.0,5.0,0.0004773,0.0043002,0.00028616,0.00247887,5.01e-05,1.9e-07,6.287e-05,3.56e-06,7.761e-05,1057.0,7467.0,0.00234558,2.26624e-05,0.00202633,0.00439457,722.0,3577.85,0.299718,0.528531,48.0,2370490000.0,2370490000.0,0.107632,-3.40311,-0.0872546,81.3241,57.0,18.0,5.0,0.0,729.0,3653.0,3653.0,3914.0,3978.0,3925.0,3914.0,3914.0,0.34,1.0,45.0,50.0,0.2,100.0
traj_sweep_567,routing,0.00164003,0.00164003,1076.77,1278.42,877.268,877.268,705.0,3.0,705.0,5.6,0.1135,80.06,0.814723,0.814723,729.0,23.0,23.0,4048.0,4048.0,156879.0,2.0,23.0,5.0,0.0002408,0.00169597,0.00018989,0.00233342,2.236e-05,3e-07,2.49e-05,2.16e-06,4.132e-05,394.0,7267.0,0.0023079,2.27761e-05,0.00200441,0.00433509,724.0,3570.68,0.649295,0.696887,47.0,2342380000.0,2342380000.0,0.10882,-3.06388,-0.0790297,81.4723,68.0,21.0,15.0,0.0,727.0,3635.0,3635.0,3915.0,3914.0,3917.0,3910.0,3915.0,0.35,1.0,45.0,50.0,0.2,100.0
traj_sweep_568,routing,0.00143361,0.00143361,1076.77,1278.42,841.092,841.092,699.0,1.0,699.0,5.27,0.0235,16.43,0.781126,0.781126,723.0,23.0,23.0,4048.0,4048.0,45294.0,1.0,23.0,5.0,4.3711e-05,0.00036845,4.794e-05,0.00274434,3.429e-06,6e-07,7.131e-06,8.71e-07,9.06e-06,65.0,6854.0,0.00215189,2.14105e-05,0.00183765,0.00401095,720.0,3275.5,0.630109,0.687645,47.0,2346850000.0,2346850000.0,0.10917,-2.57983,-0.0661035,78.1126,32.0,24.0,12.0,3.0,721.0,3485.0,3485.0,3639.0,3669.0,3631.0,3637.0,3639.0,0.36,1.0,45.0,50.0,0.2,100.0
traj_sweep_569,routing,0.00167891,0.00167891,1076.77,1278.42,884.982,884.982,708.0,13.0,708.0,7.12,0.42,297.37,0.821887,0.821887,732.0,23.0,23.0,4048.0,4048.0,757293.0,11.0,23.0,5.0,0.000579389,0.00540032,0.000414849,0.00273436,8.77e-05,3e-07,7.6671e-05,4.789e-06,0.00010684,1555.0,7461.0,0.00221368,2.31262e-05,0.00190433,0.00414113,716.0,3695.55,0.2912,0.524459,47.0,2334420000.0,2334420000.0,0.111207,-2.26339,-0.0649776,82.1887,74.0,29.0,20.0,0.0,730.0,3747.0,3747.0,4036.0,4073.0,4026.0,4036.0,4036.0,0.37,1.0,45.0,50.0,0.2,100.0
traj_sweep_570,routing,0.0017273,0.0017273,1076.77,1278.42,923.02,923.02,708.0,6.0,708.0,7.74,0.4455,315.49,0.857213,0.857213,733.0,23.0,23.0,4048.0,4048.0,794062.0,11.0,23.0,5.0,0.00071109,0.00645879,0.00050804,0.00238067,9.577e-05,7.2e-07,8.647e-05,5.04e-06,0.00011109,1242.0,7618.0,0.00223122,2.45202e-05,0.00199638,0.00425212,725.0,3934.15,0.639941,0.692393,47.0,2311990000.0,2311990000.0,0.114981,-1.94565,-0.0525272,85.7213,73.0,10.0,6.0,0.0,731.0,3755.0,3755.0,4256.0,4302.0,4255.0,4257.0,4256.0,0.38,1.0,45.0,50.0,0.2,100.0
traj_sweep_571,routing,0.00113526,0.00113526,1076.77,1278.42,869.288,869.288,701.0,3.0,701.0,5.84,0.1265,88.7,0.807312,0.807312,725.0,23.0,23.0,4048.0,4048.0,233907.0,3.0,23.0,5.0,0.000181369,0.00210836,0.000128931,0.00271522,2.59e-05,1.9e-07,3.064e-05,1.6e-06,3.2031e-05,484.0,7068.0,0.00204168,2.23041e-05,0.0017778,0.00384178,718.0,3523.9,0.64834,0.643285,45.0,2320030000.0,2320030000.0,0.116483,-1.4621,-0.0412349,80.7312,56.0,27.0,19.0,0.0,723.0,3551.0,3551.0,3849.0,3888.0,3867.0,3840.0,3849.0,0.39,1.0,45.0,50.0,0.2,100.0
traj_sweep_572,routing,0.00132669,0.00132669,1076.77,1278.42,855.722,855.722,694.0,2.0,694.0,8.07,0.2245,156.04,0.794713,0.794713,718.0,23.0,23.0,4048.0,4048.0,363636.0,5.0,23.0,5.0,0.00067183,0.0055303,0.00037342,0.00264642,6.431e-05,6.2e-07,7.601e-05,3.59e-06,8.64e-05,914.0,7176.0,0.00197142,2.20413e-05,0.00172975,0.00372321,712.0,3590.68,0.265963,0.512339,45.0,2316230000.0,2316230000.0,0.112374,-1.2017,-0.0317368,79.4713,56.0,36.0,29.0,0.0,716.0,3594.0,3594.0,3924.0,3965.0,3921.0,3909.0,3924.0,0.4,1.0,45.0,50.0,0.2,100.0
traj_sweep_573,routing,0.0013845,0.0013845,1076.77,1278.42,804.118,804.118,680.0,1.0,680.0,5.6,0.175,119.29,0.746789,0.746789,704.0,23.0,23.0,4048.0,4048.0,326742.0,5.0,23.0,5.0,0.00025164,0.00259031,0.00018779,0.00287294,2.657e-05,2.8e-07,3.89e-05,2.79e-06,4.872e-05,587.0,7105.0,0.0018485,2.0143e-05,0.00160447,0.00347311,703.0,3569.49,0.641494,0.693133,26.0,2335190000.0,2335190000.0,0.112514,-0.350038,-0.0214434,74.6789,39.0,7.0,6.0,0.0,702.0,3570.0,3570.0,3939.0,3990.0,3940.0,3938.0,3939.0,0.41,1.0,45.0,50.0,0.2,100.0
traj_sweep_574,routing,0.00114852,0.00114852,1076.77,1278.42,804.916,804.916,671.0,10.0,671.0,7.88,0.409,274.5,0.74753,0.74753,695.0,23.0,23.0,4048.0,4048.0,675879.0,11.0,23.0,5.0,0.00064929,0.00555405,0.00044631,0.00241484,5.672e-05,5.3e-07,6.539e-05,4.46e-06,9.137e-05,1197.0,6939.0,0.00178708,2.02867e-05,0.00158064,0.00338801,683.0,3518.53,0.795061,0.596077,23.0,2325090000.0,2325090000.0,0.111986,-0.141226,-0.0125539,74.753,34.0,9.0,6.0,0.0,693.0,3546.0,3546.0,3867.0,3882.0,3852.0,3865.0,3867.0,0.42,1.0,45.0,50.0,0.2,100.0
traj_sweep_575,routing,0.000859611,0.000859611,1076.77,1278.42,728.308,728.308,640.0,5.0,640.0,3.37,0.0395,25.31,0.676383,0.676383,664.0,23.0,23.0,4048.0,4048.0,58026.0,1.0,23.0,5.0,0.00010153,0.00166509,8.65e-05,0.00206068,1.101e-05,9.6e-07,1.697e-05,1.37e-06,2.095e-05,232.0,6338.0,0.00155842,1.74558e-05,0.00136426,0.00294014,657.0,3110.81,0.750348,0.597237,8.0,2312630000.0,2312630000.0,0.112584,-0.0282078,-0.00808281,67.6383,57.0,19.0,7.0,0.0,662.0,3386.0,3386.0,3524.0,3549.0,3527.0,3524.0,3524.0,0.43,1.0,45.0,50.0,0.2,100.0
traj_sweep_576,routing,0.00397645,0.00397645,1076.77,1278.42,723.52,723.52,626.0,6.0,626.0,8.4,0.1085,67.95,0.671937,0.671937,650.0,23.0,23.0,4048.0,4048.0,178006.0,3.0,23.0,5.0,0.00025976,0.00174157,0.0002124,0.00222164,2.683e-05,4.1e-07,3.159e-05,2.24e-06,5.262e-05,523.0,6520.0,0.00149354,1.73801e-05,0.00135042,0.00286134,642.0,3144.68,0.75434,0.597232,4.0,2304160000.0,2304160000.0,0.112173,-0.00717409,-0.00342484,67.1937,79.0,34.0,25.0,0.0,648.0,3380.0,3380.0,3653.0,3699.0,3658.0,3648.0,3653.0,0.44,1.0,45.0,50.0,0.2,100.0
traj_sweep_577,routing,0.000886222,0.000886222,1076.77,1278.42,698.782,698.782,625.0,8.0,625.0,4.32,0.051,32.0,0.648962,0.648962,649.0,23.0,23.0,4048.0,4048.0,79852.0,1.0,22.0,4.0,0.00014339,0.00130326,0.00012617,0.00311385,1.196e-05,3.8e-07,1.729e-05,1.7e-06,2.371e-05,256.0,6301.0,0.00139508,1.63324e-05,0.0012444,0.00265582,639.0,3140.53,0.728876,0.611443,3.0,2272210000.0,2272210000.0,0.113273,-0.00124065,-0.00089051,64.8962,46.0,23.0,15.0,0.0,647.0,3303.0,3303.0,3517.0,3535.0,3517.0,3513.0,3517.0,0.45,1.0,45.0,50.0,0.2,100.0
traj_sweep_578,routing,0.00119697,0.00119697,1076.77,1278.42,683.354,683.354,614.0,0.0,614.0,0.95,0.002,1.52,0.634634,0.634634,638.0,23.0,23.0,4048.0,4048.0,5614.0,0.0,22.0,4.0,1.1691e-05,7.1649e-05,1.942e-05,0.00218418,6.2e-07,6.89e-07,1.271e-06,7.4e-07,3.76e-06,9.0,6190.0,0.00133021,1.57822e-05,0.00119011,0.0025361,636.0,2990.79,0.761141,0.613936,0.0,2226370000.0,2226370000.0,0.111559,0.0,0.000117628,63.4634,36.0,29.0,21.0,0.0,636.0,3253.0,3253.0,3446.0,3501.0,3463.0,3452.0,3446.0,0.46,1.0,45.0,50.0,0.2,100.0
traj_sweep_579,routing,0.00136995,0.00136995,1076.77,1278.42,678.034,678.034,610.0,0.0,610.0,0.0,0.0,0.0,0.629694,0.629694,636.0,23.0,23.0,4048.0,4048.0,0.0,0.0,22.0,4.0,6.07e-06,5.922e-05,2.093e-05,0.00565675,3.6e-07,4.7e-07,1.16e-06,6.5e-07,2.45e-06,11.0,6044.0,0.00128642,1.55925e-05,0.00113926,0.00244128,634.0,2956.45,0.724088,0.507366,0.0,2211080000.0,2211080000.0,0.113211,0.0,0.003753,62.9694,73.0,23.0,22.0,0.0,634.0,3279.0,3279.0,3428.0,3463.0,3436.0,3433.0,3428.0,0.47,1.0,45.0,50.0,0.2,100.0
traj_sweep_580,routing,0.000814626,0.000814626,1076.77,1278.42,677.768,677.768,611.0,0.0,611.0,0.0,0.0,0.0,0.629447,0.629447,636.0,23.0,23.0,4048.0,4048.0,0.0,0.0,22.0,4.0,0.00170715,0.00891592,0.00101398,0.0126722,0.00011373,7.4e-07,0.00015956,8.33e-06,0.00019073,3149.0,6147.0,0.00125918,1.55891e-05,0.00113053,0.0024053,634.0,2997.21,0.735273,0.528017,0.0,2206490000.0,2206490000.0,0.112647,0.0,0.010394,62.9447,50.0,22.0,10.0,0.0,634.0,3224.0,3224.0,3413.0,3443.0,3412.0,3414.0,3413.0,0.48,1.0,45.0,50.0,0.2,100.0
traj_sweep_581,routing,0.00123279,0.00123279,1076.77,1278.42,675.64,675.64,610.0,0.0,610.0,0.0,0.0,0.0,0.62747,0.62747,634.0,23.0,23.0,4048.0,4048.0,0.0,0.0,22.0,4.0,0.00134045,0.00887666,0.00087293,0.0103943,9.463e-05,6e-07,0.00014084,8.17e-06,0.00017034,3205.0,6090.0,0.00124054,1.54618e-05,0.00110505,0.00236106,632.0,2928.69,0.763489,0.618963,0.0,2178380000.0,2178380000.0,0.111784,0.0,0.012683,62.747,75.0,19.0,24.0,0.0,632.0,3277.0,3277.0,3418.0,3427.0,3405.0,3418.0,3418.0,0.49,1.0,45.0,50.0,0.2,100.0
traj_sweep_582,routing,0.00121698,0.00121698,1076.77,1278.42,674.576,674.576,609.0,0.0,609.0,0.0,0.0,0.0,0.626482,0.626482,634.0,23.0,23.0,4048.0,4048.0,0.0,0.0,22.0,4.0,0.00131687,0.00875288,0.00082774,0.0108736,9.768e-05,5.5e-07,0.00014356,8.24e-06,0.000168749,3262.0,6181.0,0.00120526,1.54538e-05,0.00108488,0.0023056,632.0,2969.97,0.736422,0.619204,0.0,2166190000.0,2166190000.0,0.112493,0.0,0.0226343,62.6482,64.0,30.0,25.0,0.0,632.0,3258.0,3258.0,3452.0,3447.0,3434.0,3452.0,3452.0,0.5,1.0,45.0,50.0,0.2,100.0
traj_sweep_583,routing,0.000538965,0.000538965,1076.77,1278.42,675.374,675.374,610.0,0.0,610.0,0.0,0.0,0.0,0.627223,0.627223,634.0,23.0,23.0,4048.0,4048.0,0.0,0.0,22.0,4.0,0.00131678,0.0085295,0.0007701,0.00973939,9.669e-05,4.1e-07,0.000144289,7.55e-06,0.00016491,3189.0,6218.0,0.00119125,1.5441e-05,0.00106034,0.00226703,632.0,2974.21,0.772332,0.606295,0.0,2139580000.0,2139580000.0,0.111995,0.0,0.0299596,62.7223,46.0,17.0,5.0,0.0,632.0,3292.0,3292.0,3456.0,3489.0,3468.0,3455.0,3456.0,0.51,1.0,45.0,50.0,0.2,100.0
traj_sweep_584,routing,0.00295478,0.00295478,1076.77,1278.42,675.64,675.64,610.0,0.0,610.0,0.0,0.0,0.0,0.62747,0.62747,634.0,23.0,23.0,4048.0,4048.0,0.0,0.0,22.0,4.0,0.00142123,0.00858041,0.00081605,0.0109547,9.617e-05,5.69e-07,0.00014823,7.34e-06,0.00016345,3118.0,5976.0,0.00116993,1.54808e-05,0.00104665,0.00223206,632.0,2972.28,0.776034,0.605916,0.0,2191750000.0,2191750000.0,0.112866,0.0,0.0397594,62.747,78.0,14.0,15.0,0.0,632.0,3248.0,3248.0,3397.0,3457.0,3408.0,3400.0,3397.0,0.52,1.0,45.0,50.0,0.2,100.0
traj_sweep_585,routing,0.00158487,0.00158487,1076.77,1278.42,675.108,675.108,610.0,0.0,610.0,0.0,0.0,0.0,0.626976,0.626976,634.0,23.0,23.0,4048.0,4048.0,0.0,0.0,22.0,4.0,0.00169301,0.00864125,0.00102808,0.0130966,0.00011227,6e-07,0.0001502,8.85e-06,0.0002396,3235.0,6136.0,0.0011409,1.54521e-05,0.00101919,0.00217554,632.0,2954.18,0.778144,0.610451,0.0,2165570000.0,2165570000.0,0.114009,0.0,0.0443398,62.6976,82.0,17.0,22.0,0.0,632.0,3302.0,3302.0,3420.0,3454.0,3435.0,3420.0,3420.0,0.53,1.0,45.0,50.0,0.2,100.0
traj_sweep_586,routing,0.00159453,0.00159453,1076.77,1278.42,675.108,675.108,610.0,0.0,610.0,0.0,0.0,0.0,0.626976,0.626976,634.0,23.0,23.0,4048.0,4048.0,0.0,0.0,22.0,4.0,0.00126679,0.00861677,0.00077387,0.011778,0.0001034,4.8e-07,0.00014279,7.35e-06,0.00016649,3182.0,6204.0,0.00111975,1.54521e-05,0.000997337,0.00213254,632.0,2953.53,0.722507,0.598572,0.0,2109890000.0,2109890000.0,0.113238,0.0,0.05369,62.6976,38.0,8.0,7.0,0.0,632.0,3238.0,3238.0,3437.0,3494.0,3437.0,3438.0,3437.0,0.54,1.0,45.0,50.0,0.2,100.0
traj_sweep_587,routing,0.00315694,0.00315694,1076.77,1278.42,674.842,674.842,610.0,0.0,610.0,0.0,0.0,0.0,0.626729,0.626729,634.0,23.0,23.0,4048.0,4048.0,0.0,0.0,22.0,4.0,0.00124219,0.0090514,0.00078616,0.0100675,9.571e-05,5.4e-07,0.00014212,7.17e-06,0.00016431,3149.0,6064.0,0.00109858,1.54472e-05,0.000984295,0.00209833,632.0,2971.36,0.747614,0.60119,0.0,2122040000.0,2122040000.0,0.113914,0.0,0.0618751,62.6729,55.0,35.0,12.0,0.0,632.0,3265.0,3265.0,3465.0,3491.0,3460.0,3464.0,3465.0,0.55,1.0,45.0,50.0,0.2,100.0
traj_sweep_588,routing,0.00049203,0.00049203,1076.77,1278.42,674.576,674.576,609.0,0.0,609.0,0.0,0.0,0.0,0.626482,0.626482,633.0,23.0,23.0,4048.0,4048.0,0.0,0.0,22.0,4.0,0.00204567,0.0124145,0.00130511,0.0131132,0.00014196,6.71e-07,0.00019034,1.066e-05,0.000226,3153.0,6116.0,0.00108587,1.54213e-05,0.000963837,0.00206513,631.0,2964.61,0.735633,0.530987,0.0,2135080000.0,2135080000.0,0.112525,0.0,0.0697001,62.6482,60.0,33.0,15.0,0.0,631.0,3217.0,3217.0,3451.0,3480.0,3441.0,3446.0,3451.0,0.56,1.0,45.0,50.0,0.2,100.0
traj_sweep_589,routing,0.00049203,0.00049203,1076.77,1278.42,674.576,674.576,609.0,0.0,609.0,0.0,0.0,0.0,0.626482,0.626482,633.0,23.0,23.0,4048.0,4048.0,0.0,0.0,22.0,4.0,0.0021263,0.0133155,0.00135263,0.0131296,0.0001597,9.6e-07,0.00019477,1.071e-05,0.00023463,3153.0,6116.0,0.00106682,1.54213e-05,0.000946928,0.00202917,631.0,2964.61,0.735633,0.530987,0.0,2135080000.0,2135080000.0,0.112525,0.0,0.0777002,62.6482,60.0,33.0,15.0,0.0,631.0,3217.0,3217.0,3451.0,3480.0,3441.0,3446.0,3451.0,0.57,1.0,45.0,50.0,0.2,100.0
traj_sweep_590,routing,0.000700752,0.000700752,1076.77,1278.42,674.044,674.044,608.0,0.0,608.0,0.0,0.0,0.0,0.625988,0.625988,632.0,23.0,23.0,4048.0,4048.0,0.0,0.0,22.0,4.0,0.00128901,0.00888489,0.00075798,0.0109635,9.845e-05,4.1e-07,0.00014533,7.67e-06,0.00016234,3247.0,6190.0,0.00104914,1.54214e-05,0.000927773,0.00199233,630.0,2921.09,0.760464,0.473479,0.0,2123990000.0,2123990000.0,0.113435,0.0,0.087532,62.5988,65.0,32.0,22.0,0.0,630.0,3219.0,3219.0,3373.0,3425.0,3386.0,3372.0,3373.0,0.58,1.0,45.0,50.0,0.2,100.0
traj_sweep_591,routing,0.00137943,0.00137943,1076.77,1278.42,673.512,673.512,608.0,0.0,608.0,0.0,0.0,0.0,0.625494,0.625494,632.0,23.0,23.0,4048.0,4048.0,0.0,0.0,22.0,4.0,0.00125017,0.00888683,0.000818639,0.010944,0.000108489,4.5e-07,0.00015602,7.34e-06,0.000163931,3093.0,6053.0,0.00102491,1.54102e-05,0.000910901,0.00195122,630.0,2954.09,0.759396,0.538249,0.0,2126130000.0,2126130000.0,0.112418,0.0,0.0925506,62.5494,43.0,16.0,11.0,0.0,630.0,3256.0,3256.0,3413.0,3433.0,3403.0,3407.0,3413.0,0.59,1.0,45.0,50.0,0.2,100.0
traj_sweep_592,routing,0.00191565,0.00191565,1076.77,1278.42,674.842,674.842,608.0,0.0,608.0,0.0,0.0,0.0,0.626729,0.626729,632.0,23.0,23.0,4048.0,4048.0,0.0,0.0,22.0,4.0,0.00126147,0.00895281,0.00076535,0.0111823,0.00010602,5.7e-07,0.00014681,7.55e-06,0.00016972,3259.0,6198.0,0.00101433,1.54659e-05,0.000904118,0.00193391,630.0,2973.11,0.691699,0.537986,0.0,2117960000.0,2117960000.0,0.113239,0.0,0.100585,62.6729,52.0,17.0,8.0,0.0,630.0,3267.0,3267.0,3446.0,3476.0,3431.0,3446.0,3446.0,0.6,1.0,45.0,50.0,0.2,100.0
traj_sweep_593,routing,0.00120744,0.00120744,1076.77,1278.42,674.842,674.842,608.0,0.0,608.0,0.0,0.0,0.0,0.626729,0.626729,632.0,23.0,23.0,4048.0,4048.0,0.0,0.0,22.0,4.0,0.00128891,0.00867894,0.00080272,0.00986183,0.00010031,6.5e-07,0.00013865,7.59e-06,0.00017257,3216.0,6141.0,0.000997839,1.54659e-05,0.000883233,0.00189654,630.0,2960.42,0.684136,0.531927,0.0,2130680000.0,2130680000.0,0.112884,0.0,0.111295,62.6729,47.0,26.0,26.0,0.0,630.0,3268.0,3268.0,3428.0,3473.0,3428.0,3428.0,3428.0,0.61,1.0,45.0,50.0,0.2,100.0
traj_sweep_594,routing,0.00126948,0.00126948,1076.77,1278.42,674.044,674.044,608.0,0.0,608.0,0.0,0.0,0.0,0.625988,0.625988,632.0,23.0,23.0,4048.0,4048.0,0.0,0.0,22.0,4.0,0.00174226,0.00905429,0.00104254,0.0108836,0.00012986,5.8e-07,0.00024545,1.4e-05,0.000194819,3220.0,6213.0,0.000981464,1.54214e-05,0.000873202,0.00187009,630.0,2958.44,0.776266,0.531586,0.0,2140920000.0,2140920000.0,0.112327,0.0,0.11532,62.5988,39.0,13.0,5.0,1.0,630.0,3257.0,3257.0,3415.0,3450.0,3414.0,3412.0,3413.0,0.62,1.0,45.0,50.0,0.2,100.0
traj_sweep_595,routing,0.000476987,0.000476987,1076.77,1278.42,995.904,995.904,751.0,14.0,751.0,12.01,1.014,761.72,0.924901,0.924901,777.0,23.0,23.0,4048.0,4048.0,1533970.0,19.0,23.0,5.0,0.0011672,0.0126586,0.00076911,0.00248185,0.00012752,3e-07,0.0001515,1.119e-05,0.00018592,2860.0,9410.0,0.00674942,2.76461e-05,0.00567716,0.0124542,761.0,4912.19,0.640936,0.692862,53.0,2333530000.0,2333530000.0,0.072406,-13.3868,-0.288535,92.4901,92.0,57.0,42.0,0.0,775.0,4222.0,4222.0,5300.0,5345.0,5311.0,5297.0,5300.0,0.14,1.0,46.0,50.0,0.2,100.0
traj_sweep_596,routing,0.00176466,0.00176466,1076.77,1278.42,963.186,963.186,738.0,2.0,738.0,7.69,0.2415,178.56,0.894516,0.894516,762.0,23.0,23.0,4048.0,4048.0,192162.0,2.0,23.0,5.0,0.000433299,0.00438548,0.00032154,0.00289145,4.911e-05,1.42e-06,6.1729e-05,3.27e-06,7.129e-05,808.0,8296.0,0.00608773,2.6352e-05,0.00507748,0.0111916,759.0,4217.84,0.586046,0.666466,53.0,2351470000.0,2351470000.0,0.0714098,-12.7749,-0.275266,89.4516,57.0,24.0,18.0,0.0,760.0,3926.0,3926.0,4529.0,4554.0,4537.0,4524.0,4529.0,0.15,1.0,46.0,50.0,0.2,100.0
traj_sweep_597,routing,0.00115712,0.00115712,1076.77,1278.42,973.826,973.826,741.0,5.0,741.0,14.24,0.559,414.26,0.904397,0.904397,765.0,23.0,23.0,4048.0,4048.0,917865.0,10.0,23.0,5.0,0.00085704,0.0115668,0.00057901,0.00245279,0.00010868,3.8e-07,0.00012493,6.01e-06,0.00018927,1730.0,9305.0,0.0056753,2.68643e-05,0.00477092,0.0104731,761.0,4953.33,0.504611,0.627221,53.0,2332750000.0,2332750000.0,0.0735264,-12.4429,-0.268679,90.4397,94.0,43.0,39.0,0.0,763.0,4214.0,4214.0,5284.0,5377.0,5285.0,5293.0,5284.0,0.16,1.0,46.0,50.0,0.2,100.0
traj_sweep_598,routing,0.00126218,0.00126218,1076.77,1278.42,958.664,958.664,739.0,4.0,739.0,11.06,0.467,345.41,0.890316,0.890316,763.0,23.0,23.0,4048.0,4048.0,746746.0,9.0,23.0,5.0,0.00087891,0.0117097,0.00058065,0.00329993,9.701e-05,4.8e-07,0.00012129,5.83e-06,0.00013108,1550.0,8706.0,0.0053335,2.61595e-05,0.00450031,0.00985997,759.0,4504.43,0.633095,0.689077,53.0,2343470000.0,2343470000.0,0.0744793,-11.7635,-0.256718,89.0316,84.0,56.0,27.0,0.0,761.0,4026.0,4026.0,4872.0,4883.0,4849.0,4864.0,4872.0,0.17,1.0,46.0,50.0,0.2,100.0
traj_sweep_599,routing,0.00173515,0.00173515,1076.77,1278.42,975.688,975.688,735.0,7.0,735.0,10.68,0.8515,625.95,0.906126,0.906126,759.0,23.0,23.0,4048.0,4048.0,1261460.0,15.0,23.0,5.0,0.000848389,0.0110755,0.00072755,0.00384398,0.0001161,7.7e-07,0.00018526,7.44e-06,0.00017036,2454.0,9025.0,0.00507171,2.68177e-05,0.00433406,0.00943258,752.0,4803.49,0.612556,0.679212,53.0,2333250000.0,2333250000.0,0.0775945,-11.2222,-0.248587,90.6126,102.0,84.0,33.0,0.0,757.0,4095.0,4095.0,5155.0,5226.0,5173.0,5159.0,5155.0,0.18,1.0,46.0,50.0,0.2,100.0
traj_sweep_600,routing,0.000852436,0.000852436,1076.77,1278.42,961.058,961.058,741.0,10.0,741.0,9.92,0.4865,360.77,0.89254,0.89254,765.0,23.0,23.0,4048.0,4048.0,676349.0,8.0,23.0,5.0,0.00062372,0.00629946,0.00041692,0.00282157,7.044e-05,3.3e-07,8.7951e-05,4.431e-06,0.000102469,1374.0,8652.0,0.00470255,2.62681e-05,0.00398,0.00870881,754.0,4534.97,0.60961,0.677793,53.0,2367440000.0,2367440000.0,0.0796665,-10.7028,-0.232397,89.254,91.0,36.0,36.0,0.0,763.0,4104.0,4104.0,4847.0,4897.0,4838.0,4845.0,4847.0,0.19,1.0,46.0,50.0,0.2,100.0
traj_sweep_601,routing,0.00105996,0.00105996,1076.77,1278.42,961.59,961.59,735.0,3.0,735.0,10.83,0.4395,323.17,0.893034,0.893034,761.0,23.0,23.0,4048.0,4048.0,668353.0,8.0,24.0,6.0,0.0007682,0.00951766,0.00053349,0.00230945,7.935e-05,4.7e-07,9.893e-05,4.93e-06,0.00012532,1397.0,8364.0,0.00451421,2.64475e-05,0.00377381,0.00831447,756.0,4430.85,0.602605,0.674424,53.0,2365330000.0,2365330000.0,0.0816171,-10.2378,-0.222774,89.3034,91.0,13.0,11.0,0.0,759.0,3969.0,3969.0,4778.0,4794.0,4771.0,4775.0,4778.0,0.2,1.0,46.0,50.0,0.2,100.0
traj_sweep_602,routing,0.0012443,0.0012443,1076.77,1278.42,935.788,935.788,732.0,7.0,732.0,6.93,0.1795,131.56,0.869071,0.869071,756.0,23.0,23.0,4048.0,4048.0,319803.0,4.0,23.0,5.0,0.00031197,0.00344338,0.00023458,0.0021719,2.788e-05,5.2e-07,3.953e-05,2.62e-06,4.76e-05,626.0,8028.0,0.00412069,2.53578e-05,0.00348891,0.00763495,750.0,4017.8,0.636916,0.690928,53.0,2366210000.0,2366210000.0,0.0804023,-9.5411,-0.212617,86.9071,68.0,21.0,24.0,0.0,754.0,3828.0,3828.0,4305.0,4352.0,4304.0,4299.0,4305.0,0.21,1.0,46.0,50.0,0.2,100.0
traj_sweep_603,routing,0.00156823,0.00156823,1076.77,1278.42,979.412,979.412,734.0,10.0,734.0,11.82,0.6415,471.13,0.909585,0.909585,760.0,23.0,23.0,4048.0,4048.0,1014430.0,13.0,23.0,5.0,0.00103159,0.00994823,0.00073655,0.00240403,0.00010154,8.49e-07,0.00012641,7.36e-06,0.00016165,1882.0,8373.0,0.00410186,2.6933e-05,0.00356933,0.00769813,748.0,4492.85,0.590424,0.668557,53.0,2344860000.0,2344860000.0,0.0849199,-9.16002,-0.206465,90.9585,85.0,47.0,20.0,0.0,758.0,3997.0,3997.0,4816.0,4866.0,4822.0,4813.0,4816.0,0.22,1.0,46.0,50.0,0.2,100.0
traj_sweep_604,routing,0.000715372,0.000715372,1076.77,1278.42,941.906,941.906,727.0,5.0,727.0,6.6,0.245,178.28,0.874753,0.874753,751.0,23.0,23.0,4048.0,4048.0,349230.0,4.0,23.0,5.0,0.00056036,0.00502315,0.00030892,0.00282485,5.088e-05,4.1e-07,6.075e-05,3.72e-06,7.385e-05,1033.0,8094.0,0.00377468,2.54732e-05,0.00322089,0.00702104,746.0,4110.27,0.645434,0.695024,53.0,2369620000.0,2369620000.0,0.0865714,-8.45931,-0.192008,87.4753,71.0,21.0,24.0,0.0,749.0,3887.0,3887.0,4425.0,4453.0,4426.0,4425.0,4425.0,0.23,1.0,46.0,50.0,0.2,100.0
traj_sweep_605,routing,0.00233705,0.00233705,1076.77,1278.42,929.67,929.67,733.0,8.0,733.0,9.54,0.328,240.47,0.863389,0.863389,757.0,23.0,23.0,4048.0,4048.0,504989.0,7.0,23.0,5.0,0.00063877,0.00634336,0.00044194,0.00274172,7.727e-05,6.8e-07,9.014e-05,4.52e-06,0.00010509,1094.0,7934.0,0.00360517,2.50852e-05,0.00307599,0.00670625,748.0,4012.67,0.62995,0.687564,53.0,2350820000.0,2350820000.0,0.0834689,-8.07402,-0.185383,86.3389,55.0,20.0,39.0,0.0,755.0,3828.0,3828.0,4343.0,4402.0,4375.0,4343.0,4343.0,0.24,1.0,46.0,50.0,0.2,100.0
traj_sweep_606,routing,0.0019167,0.0019167,1076.77,1278.42,947.758,947.758,737.0,9.0,737.0,8.45,0.303,223.55,0.880188,0.880188,761.0,23.0,23.0,4048.0,4048.0,489568.0,6.0,23.0,5.0,0.00076942,0.00652915,0.00044323,0.00231876,0.00010164,3.4e-07,8.845e-05,5.19e-06,0.00011993,1067.0,8056.0,0.00352804,2.55116e-05,0.00299274,0.0065463,752.0,4228.23,0.636359,0.69066,51.0,2386470000.0,2386470000.0,0.091965,-7.57673,-0.169029,88.0188,86.0,45.0,21.0,0.0,759.0,3895.0,3895.0,4527.0,4557.0,4507.0,4523.0,4527.0,0.25,1.0,46.0,50.0,0.2,100.0
traj_sweep_607,routing,0.00092118,0.00092118,1076.77,1278.42,936.586,936.586,729.0,4.0,729.0,8.78,0.2295,167.47,0.869812,0.869812,753.0,23.0,23.0,4048.0,4048.0,433762.0,6.0,23.0,5.0,0.00030008,0.00337008,0.00019406,0.00203696,3.077e-05,5.09e-07,4.814e-05,2.81e-06,6.22e-05,790.0,8056.0,0.00333144,2.51694e-05,0.00286948,0.00622609,747.0,4116.88,0.640936,0.692862,50.0,2354540000.0,2354540000.0,0.0933272,-7.09569,-0.164711,86.9812,79.0,25.0,22.0,0.0,751.0,3875.0,3875.0,4426.0,4474.0,4429.0,4429.0,4426.0,0.26,1.0,46.0,50.0,0.2,100.0
traj_sweep_608,routing,0.00187513,0.00187513,1076.77,1278.42,926.478,926.478,736.0,6.0,736.0,6.36,0.1775,130.75,0.860425,0.860425,760.0,23.0,23.0,4048.0,4048.0,279837.0,4.0,23.0,5.0,0.00033828,0.00292179,0.00024957,0.00260542,3.067e-05,6.6e-07,4.51e-05,2.57e-06,5.237e-05,742.0,7546.0,0.0031905,2.45493e-05,0.00269389,0.00590893,751.0,3835.89,0.645434,0.695024,49.0,2392140000.0,2392140000.0,0.0953906,-6.60341,-0.148035,86.0425,47.0,17.0,15.0,0.0,758.0,3751.0,3751.0,4102.0,4193.0,4104.0,4106.0,4102.0,0.27,1.0,46.0,50.0,0.2,100.0
traj_sweep_609,routing,0.00152189,0.00152189,1076.77,1278.42,941.108,941.108,734.0,5.0,734.0,9.16,0.7015,515.17,0.874012,0.874012,758.0,23.0,23.0,4048.0,4048.0,1298300.0,17.0,23.0,5.0,0.00053928,0.00739176,0.00037292,0.00261096,7.132e-05,2.2e-07,9.006e-05,4.51e-06,0.00010087,1659.0,8324.0,0.00313426,2.51706e-05,0.00271389,0.00587331,752.0,4425.71,0.576635,0.66192,49.0,2359110000.0,2359110000.0,0.098068,-6.22271,-0.143888,87.4012,76.0,32.0,28.0,7.0,756.0,3970.0,3970.0,4745.0,4801.0,4760.0,4737.0,4742.0,0.28,1.0,46.0,50.0,0.2,100.0
traj_sweep_610,routing,0.00229208,0.00229208,1076.77,1278.42,932.596,932.596,721.0,1.0,721.0,11.25,0.3855,278.11,0.866107,0.866107,745.0,23.0,23.0,4048.0,4048.0,653754.0,9.0,23.0,5.0,0.00051805,0.00570895,0.00028191,0.00281724,5.273e-05,3e-07,7.161e-05,3.77e-06,7.891e-05,1070.0,8105.0,0.00294121,2.4696e-05,0.00257142,0.00553733,742.0,4125.16,0.636359,0.69067,49.0,2352960000.0,2352960000.0,0.0982873,-5.82479,-0.138095,86.6107,69.0,22.0,12.0,0.0,743.0,3857.0,3857.0,4449.0,4480.0,4443.0,4448.0,4449.0,0.29,1.0,46.0,50.0,0.2,100.0
traj_sweep_611,routing,0.000941768,0.000941768,1076.77,1278.42,894.026,894.026,719.0,1.0,719.0,6.55,0.0575,41.4,0.830287,0.830287,743.0,23.0,23.0,4048.0,4048.0,80483.0,1.0,23.0,5.0,9.929e-05,0.000860369,8.631e-05,0.00276445,9.59e-06,1.6e-07,1.296e-05,1.22e-06,1.963e-05,186.0,7392.0,0.00275992,2.33577e-05,0.00234223,0.0051255,740.0,3747.65,0.646987,0.69578,49.0,2354790000.0,2354790000.0,0.0994491,-5.20595,-0.124667,83.0287,52.0,30.0,11.0,0.0,741.0,3707.0,3707.0,4056.0,4096.0,4041.0,4053.0,4056.0,0.3,1.0,46.0,50.0,0.2,100.0
traj_sweep_612,routing,0.00157981,0.00157981,1076.77,1278.42,891.898,891.898,721.0,2.0,721.0,5.6,0.0245,17.9,0.82831,0.82831,745.0,23.0,23.0,4048.0,4048.0,52537.0,1.0,23.0,5.0,3.996e-05,0.00048875,4.216e-05,0.00280471,3.48e-06,3.4e-07,6.17e-06,8.9e-07,9.15e-06,115.0,7301.0,0.0026753,2.32567e-05,0.0022437,0.00494225,742.0,3636.19,0.635443,0.690227,49.0,2354790000.0,2354790000.0,0.102168,-4.73614,-0.114667,82.831,41.0,9.0,3.0,0.0,743.0,3686.0,3686.0,3903.0,3952.0,3907.0,3902.0,3903.0,0.31,1.0,46.0,50.0,0.2,100.0
traj_sweep_613,routing,0.00218637,0.00218637,1076.77,1278.42,891.632,891.632,708.0,4.0,708.0,7.69,0.4085,289.29,0.828063,0.828063,732.0,23.0,23.0,4048.0,4048.0,727273.0,11.0,23.0,5.0,0.00061939,0.00463551,0.00044926,0.00243214,4.312e-05,2.1e-07,7.712e-05,4.64e-06,0.00016598,1308.0,7666.0,0.00254061,2.32569e-05,0.0022425,0.00480636,726.0,3747.3,0.639941,0.692389,49.0,2351710000.0,2351710000.0,0.101394,-4.22504,-0.105223,82.8063,69.0,33.0,29.0,0.0,730.0,3749.0,3749.0,4063.0,4115.0,4071.0,4071.0,4063.0,0.32,1.0,46.0,50.0,0.2,100.0
traj_sweep_614,routing,0.00159197,0.00159197,1076.77,1278.42,888.44,888.44,703.0,5.0,703.0,9.02,0.377,265.25,0.825099,0.825099,727.0,23.0,23.0,4048.0,4048.0,679928.0,10.0,23.0,5.0,0.00062831,0.0061031,0.00051705,0.0025928,6.221e-05,2e-07,9.39e-05,4.01e-06,9.394e-05,1228.0,7464.0,0.00246745,2.31933e-05,0.00217544,0.00466609,719.0,3746.79,0.277587,0.517943,47.0,2348630000.0,2348630000.0,0.10391,-3.97803,-0.0957808,82.5099,73.0,29.0,23.0,0.0,725.0,3708.0,3708.0,4086.0,4152.0,4083.0,4084.0,4086.0,0.33,1.0,46.0,50.0,0.2,100.0
traj_sweep_615,routing,0.00179003,0.00179003,1076.77,1278.42,875.672,875.672,707.0,6.0,707.0,8.83,0.2645,187.17,0.813241,0.813241,731.0,23.0,23.0,4048.0,4048.0,433147.0,6.0,23.0,5.0,0.00046104,0.00526246,0.000266849,0.00248277,5.288e-05,2.9e-07,6.3349e-05,3.21e-06,7.284e-05,1057.0,7467.0,0.00234558,2.26624e-05,0.00202633,0.00439457,722.0,3577.85,0.299718,0.528531,48.0,2370490000.0,2370490000.0,0.107632,-3.40311,-0.0872546,81.3241,57.0,18.0,5.0,0.0,729.0,3653.0,3653.0,3914.0,3978.0,3925.0,3914.0,3914.0,0.34,1.0,46.0,50.0,0.2,100.0
traj_sweep_616,routing,0.00164003,0.00164003,1076.77,1278.42,877.268,877.268,705.0,3.0,705.0,5.6,0.1135,80.06,0.814723,0.814723,729.0,23.0,23.0,4048.0,4048.0,156879.0,2.0,23.0,5.0,0.00021702,0.00180894,0.00016306,0.00237934,1.876e-05,5.6e-07,2.702e-05,1.79e-06,3.274e-05,394.0,7267.0,0.0023079,2.27761e-05,0.00200441,0.00433509,724.0,3570.68,0.649295,0.696887,47.0,2342380000.0,2342380000.0,0.10882,-3.06388,-0.0790297,81.4723,68.0,21.0,15.0,0.0,727.0,3635.0,3635.0,3915.0,3914.0,3917.0,3910.0,3915.0,0.35,1.0,46.0,50.0,0.2,100.0
traj_sweep_617,routing,0.00143361,0.00143361,1076.77,1278.42,841.092,841.092,699.0,1.0,699.0,5.27,0.0235,16.43,0.781126,0.781126,723.0,23.0,23.0,4048.0,4048.0,45294.0,1.0,23.0,5.0,3.995e-05,0.00037398,4.167e-05,0.00293111,3.07e-06,3.4e-07,6.08e-06,9.5e-07,8.24e-06,65.0,6854.0,0.00215189,2.14105e-05,0.00183765,0.00401095,720.0,3275.5,0.630109,0.687645,47.0,2346850000.0,2346850000.0,0.10917,-2.57983,-0.0661035,78.1126,32.0,24.0,12.0,3.0,721.0,3485.0,3485.0,3639.0,3669.0,3631.0,3637.0,3639.0,0.36,1.0,46.0,50.0,0.2,100.0
traj_sweep_618,routing,0.00167891,0.00167891,1076.77,1278.42,884.982,884.982,708.0,13.0,708.0,7.12,0.42,297.37,0.821887,0.821887,732.0,23.0,23.0,4048.0,4048.0,757293.0,11.0,23.0,5.0,0.00076522,0.00698796,0.00051947,0.00227101,7.486e-05,4.8e-07,9.065e-05,6.11e-06,0.00011713,1555.0,7461.0,0.00221368,2.31262e-05,0.00190433,0.00414113,716.0,3695.55,0.2912,0.524459,47.0,2334420000.0,2334420000.0,0.111207,-2.26339,-0.0649776,82.1887,74.0,29.0,20.0,0.0,730.0,3747.0,3747.0,4036.0,4073.0,4026.0,4036.0,4036.0,0.37,1.0,46.0,50.0,0.2,100.0
traj_sweep_619,routing,0.0017273,0.0017273,1076.77,1278.42,923.02,923.02,708.0,6.0,708.0,7.74,0.4455,315.49,0.857213,0.857213,733.0,23.0,23.0,4048.0,4048.0,794062.0,11.0,23.0,5.0,0.00072475,0.0050634,0.00047337,0.00289972,6.851e-05,5.7e-07,9.526e-05,4.45e-06,9.596e-05,1242.0,7618.0,0.00223122,2.45202e-05,0.00199638,0.00425212,725.0,3934.15,0.639941,0.692393,47.0,2311990000.0,2311990000.0,0.114981,-1.94565,-0.0525272,85.7213,73.0,10.0,6.0,0.0,731.0,3755.0,3755.0,4256.0,4302.0,4255.0,4257.0,4256.0,0.38,1.0,46.0,50.0,0.2,100.0
traj_sweep_620,routing,0.00113526,0.00113526,1076.77,1278.42,869.288,869.288,701.0,3.0,701.0,5.84,0.1265,88.7,0.807312,0.807312,725.0,23.0,23.0,4048.0,4048.0,233907.0,3.0,23.0,5.0,0.00019293,0.00236593,0.00013838,0.00298216,1.969e-05,1.89e-07,3.005e-05,1.84e-06,3.3e-05,484.0,7068.0,0.00204168,2.23041e-05,0.0017778,0.00384178,718.0,3523.9,0.64834,0.643285,45.0,2320030000.0,2320030000.0,0.116483,-1.4621,-0.0412349,80.7312,56.0,27.0,19.0,0.0,723.0,3551.0,3551.0,3849.0,3888.0,3867.0,3840.0,3849.0,0.39,1.0,46.0,50.0,0.2,100.0
traj_sweep_621,routing,0.00132669,0.00132669,1076.77,1278.42,855.722,855.722,694.0,2.0,694.0,8.07,0.2245,156.04,0.794713,0.794713,718.0,23.0,23.0,4048.0,4048.0,363636.0,5.0,23.0,5.0,0.00074354,0.00539593,0.00041871,0.00263807,7.26e-05,5.8e-07,8.592e-05,4.19e-06,9.559e-05,914.0,7176.0,0.00197142,2.20413e-05,0.00172975,0.00372321,712.0,3590.68,0.265963,0.512339,45.0,2316230000.0,2316230000.0,0.112374,-1.2017,-0.0317368,79.4713,56.0,36.0,29.0,0.0,716.0,3594.0,3594.0,3924.0,3965.0,3921.0,3909.0,3924.0,0.4,1.0,46.0,50.0,0.2,100.0
traj_sweep_622,routing,0.0013845,0.0013845,1076.77,1278.42,804.118,804.118,680.0,1.0,680.0,5.6,0.175,119.29,0.746789,0.746789,704.0,23.0,23.0,4048.0,4048.0,326742.0,5.0,23.0,5.0,0.00030817,0.00313541,0.00023222,0.00228691,2.777e-05,3.4e-07,4.459e-05,2.4e-06,4.787e-05,587.0,7105.0,0.0018485,2.0143e-05,0.00160447,0.00347311,703.0,3569.49,0.641494,0.693133,26.0,2335190000.0,2335190000.0,0.112514,-0.350038,-0.0214434,74.6789,39.0,7.0,6.0,0.0,702.0,3570.0,3570.0,3939.0,3990.0,3940.0,3938.0,3939.0,0.41,1.0,46.0,50.0,0.2,100.0
traj_sweep_623,routing,0.00114852,0.00114852,1076.77,1278.42,804.916,804.916,671.0,10.0,671.0,7.88,0.409,274.5,0.74753,0.74753,695.0,23.0,23.0,4048.0,4048.0,675879.0,11.0,23.0,5.0,0.00051292,0.00565699,0.00036047,0.00230429,4.22e-05,5.8e-07,5.459e-05,3.84e-06,7.487e-05,1197.0,6939.0,0.00178708,2.02867e-05,0.00158064,0.00338801,683.0,3518.53,0.795061,0.596077,23.0,2325090000.0,2325090000.0,0.111986,-0.141226,-0.0125539,74.753,34.0,9.0,6.0,0.0,693.0,3546.0,3546.0,3867.0,3882.0,3852.0,3865.0,3867.0,0.42,1.0,46.0,50.0,0.2,100.0
traj_sweep_624,routing,0.000859611,0.000859611,1076.77,1278.42,728.308,728.308,640.0,5.0,640.0,3.37,0.0395,25.31,0.676383,0.676383,664.0,23.0,23.0,4048.0,4048.0,58026.0,1.0,23.0,5.0,8.36e-05,0.00138583,6.974e-05,0.00278578,8.13e-06,1.8e-07,1.493e-05,1.18e-06,1.672e-05,232.0,6338.0,0.00155842,1.74558e-05,0.00136426,0.00294014,657.0,3110.81,0.750348,0.597237,8.0,2312630000.0,2312630000.0,0.112584,-0.0282078,-0.00808281,67.6383,57.0,19.0,7.0,0.0,662.0,3386.0,3386.0,3524.0,3549.0,3527.0,3524.0,3524.0,0.43,1.0,46.0,50.0,0.2,100.0
traj_sweep_625,routing,0.00397645,0.00397645,1076.77,1278.42,723.52,723.52,626.0,6.0,626.0,8.4,0.1085,67.95,0.671937,0.671937,650.0,23.0,23.0,4048.0,4048.0,178006.0,3.0,23.0,5.0,0.00027716,0.002461,0.00021163,0.00214765,2.49e-05,4.9e-07,3.159e-05,2.24e-06,4.299e-05,523.0,6520.0,0.00149354,1.73801e-05,0.00135042,0.00286134,642.0,3144.68,0.75434,0.597232,4.0,2304160000.0,2304160000.0,0.112173,-0.00717409,-0.00342484,67.1937,79.0,34.0,25.0,0.0,648.0,3380.0,3380.0,3653.0,3699.0,3658.0,3648.0,3653.0,0.44,1.0,46.0,50.0,0.2,100.0
traj_sweep_626,routing,0.000886222,0.000886222,1076.77,1278.42,698.782,698.782,625.0,8.0,625.0,4.32,0.051,32.0,0.648962,0.648962,649.0,23.0,23.0,4048.0,4048.0,79852.0,1.0,22.0,4.0,9.276e-05,0.00094141,8.996e-05,0.00273442,8.29e-06,2.3e-07,1.468e-05,1.04e-06,1.772e-05,256.0,6301.0,0.00139508,1.63324e-05,0.0012444,0.00265582,639.0,3140.53,0.728876,0.611443,3.0,2272210000.0,2272210000.0,0.113273,-0.00124065,-0.00089051,64.8962,46.0,23.0,15.0,0.0,647.0,3303.0,3303.0,3517.0,3535.0,3517.0,3513.0,3517.0,0.45,1.0,46.0,50.0,0.2,100.0
traj_sweep_627,routing,0.00119697,0.00119697,1076.77,1278.42,683.354,683.354,614.0,0.0,614.0,0.95,0.002,1.52,0.634634,0.634634,638.0,23.0,23.0,4048.0,4048.0,5614.0,0.0,22.0,4.0,1.218e-05,7.456e-05,2.059e-05,0.0023648,6.5e-07,3.4e-07,1.27e-06,6.3e-07,4.62e-06,9.0,6190.0,0.00133021,1.57822e-05,0.00119011,0.0025361,636.0,2990.79,0.761141,0.613936,0.0,2226370000.0,2226370000.0,0.111559,0.0,0.000117628,63.4634,36.0,29.0,21.0,0.0,636.0,3253.0,3253.0,3446.0,3501.0,3463.0,3452.0,3446.0,0.46,1.0,46.0,50.0,0.2,100.0
traj_sweep_628,routing,0.00136995,0.00136995,1076.77,1278.42,678.034,678.034,610.0,0.0,610.0,0.0,0.0,0.0,0.629694,0.629694,636.0,23.0,23.0,4048.0,4048.0,0.0,0.0,22.0,4.0,8.41e-06,7.664e-05,1.798e-05,0.00532286,5.3e-07,3.6e-07,1.48e-06,6.3e-07,3.24e-06,11.0,6044.0,0.00128642,1.55925e-05,0.00113926,0.00244128,634.0,2956.45,0.724088,0.507366,0.0,2211080000.0,2211080000.0,0.113211,0.0,0.003753,62.9694,73.0,23.0,22.0,0.0,634.0,3279.0,3279.0,3428.0,3463.0,3436.0,3433.0,3428.0,0.47,1.0,46.0,50.0,0.2,100.0
traj_sweep_629,routing,0.000814626,0.000814626,1076.77,1278.42,677.768,677.768,611.0,0.0,611.0,0.0,0.0,0.0,0.629447,0.629447,636.0,23.0,23.0,4048.0,4048.0,0.0,0.0,22.0,4.0,0.00128163,0.00839061,0.00082743,0.0124217,9.628e-05,4.49e-07,0.00015095,7.489e-06,0.00016892,3149.0,6147.0,0.00125918,1.55891e-05,0.00113053,0.0024053,634.0,2997.21,0.735273,0.528017,0.0,2206490000.0,2206490000.0,0.112647,0.0,0.010394,62.9447,50.0,22.0,10.0,0.0,634.0,3224.0,3224.0,3413.0,3443.0,3412.0,3414.0,3413.0,0.48,1.0,46.0,50.0,0.2,100.0
traj_sweep_630,routing,0.00123279,0.00123279,1076.77,1278.42,675.64,675.64,610.0,0.0,610.0,0.0,0.0,0.0,0.62747,0.62747,634.0,23.0,23.0,4048.0,4048.0,0.0,0.0,22.0,4.0,0.00215315,0.0125918,0.00134391,0.0123372,0.000141789,9.3e-07,0.00018035,1.086e-05,0.00023206,3205.0,6090.0,0.00124054,1.54618e-05,0.00110505,0.00236106,632.0,2928.69,0.763489,0.618963,0.0,2178380000.0,2178380000.0,0.111784,0.0,0.012683,62.747,75.0,19.0,24.0,0.0,632.0,3277.0,3277.0,3418.0,3427.0,3405.0,3418.0,3418.0,0.49,1.0,46.0,50.0,0.2,100.0
traj_sweep_631,routing,0.00121698,0.00121698,1076.77,1278.42,674.576,674.576,609.0,0.0,609.0,0.0,0.0,0.0,0.626482,0.626482,634.0,23.0,23.0,4048.0,4048.0,0.0,0.0,22.0,4.0,0.00141301,0.00862828,0.00118103,0.0103547,0.0001068,6.2e-07,0.00015292,9.1e-06,0.00018808,3262.0,6181.0,0.00120526,1.54538e-05,0.00108488,0.0023056,632.0,2969.97,0.736422,0.619204,0.0,2166190000.0,2166190000.0,0.112493,0.0,0.0226343,62.6482,64.0,30.0,25.0,0.0,632.0,3258.0,3258.0,3452.0,3447.0,3434.0,3452.0,3452.0,0.5,1.0,46.0,50.0,0.2,100.0
traj_sweep_632,routing,0.000538965,0.000538965,1076.77,1278.42,675.374,675.374,610.0,0.0,610.0,0.0,0.0,0.0,0.627223,0.627223,634.0,23.0,23.0,4048.0,4048.0,0.0,0.0,22.0,4.0,0.00126086,0.00858543,0.00079897,0.0104686,0.00010939,6.5e-07,0.00015865,7.74e-06,0.00017322,3189.0,6218.0,0.00119125,1.5441e-05,0.00106034,0.00226703,632.0,2974.21,0.772332,0.606295,0.0,2139580000.0,2139580000.0,0.111995,0.0,0.0299596,62.7223,46.0,17.0,5.0,0.0,632.0,3292.0,3292.0,3456.0,3489.0,3468.0,3455.0,3456.0,0.51,1.0,46.0,50.0,0.2,100.0
traj_sweep_633,routing,0.00295478,0.00295478,1076.77,1278.42,675.64,675.64,610.0,0.0,610.0,0.0,0.0,0.0,0.62747,0.62747,634.0,23.0,23.0,4048.0,4048.0,0.0,0.0,22.0,4.0,0.00199304,0.0117399,0.00120989,0.0126871,0.00013517,5.5e-07,0.0001805,1.046e-05,0.00022535,3118.0,5976.0,0.00116993,1.54808e-05,0.00104665,0.00223206,632.0,2972.28,0.776034,0.605916,0.0,2191750000.0,2191750000.0,0.112866,0.0,0.0397594,62.747,78.0,14.0,15.0,0.0,632.0,3248.0,3248.0,3397.0,3457.0,3408.0,3400.0,3397.0,0.52,1.0,46.0,50.0,0.2,100.0
traj_sweep_634,routing,0.00158487,0.00158487,1076.77,1278.42,675.108,675.108,610.0,0.0,610.0,0.0,0.0,0.0,0.626976,0.626976,634.0,23.0,23.0,4048.0,4048.0,0.0,0.0,22.0,4.0,0.00130432,0.00853946,0.00076123,0.00921986,9.554e-05,4.5e-07,0.00013792,7.8e-06,0.00016135,3235.0,6136.0,0.0011409,1.54521e-05,0.00101919,0.00217554,632.0,2954.18,0.778144,0.610451,0.0,2165570000.0,2165570000.0,0.114009,0.0,0.0443398,62.6976,82.0,17.0,22.0,0.0,632.0,3302.0,3302.0,3420.0,3454.0,3435.0,3420.0,3420.0,0.53,1.0,46.0,50.0,0.2,100.0
traj_sweep_635,routing,0.00159453,0.00159453,1076.77,1278.42,675.108,675.108,610.0,0.0,610.0,0.0,0.0,0.0,0.626976,0.626976,634.0,23.0,23.0,4048.0,4048.0,0.0,0.0,22.0,4.0,0.00149862,0.0131187,0.00085699,0.0147039,0.00010016,1.06e-06,0.00018246,7.65e-06,0.00016694,3182.0,6204.0,0.00111975,1.54521e-05,0.000997337,0.00213254,632.0,2953.53,0.722507,0.598572,0.0,2109890000.0,2109890000.0,0.113238,0.0,0.05369,62.6976,38.0,8.0,7.0,0.0,632.0,3238.0,3238.0,3437.0,3494.0,3437.0,3438.0,3437.0,0.54,1.0,46.0,50.0,0.2,100.0
traj_sweep_636,routing,0.00315694,0.00315694,1076.77,1278.42,674.842,674.842,610.0,0.0,610.0,0.0,0.0,0.0,0.626729,0.626729,634.0,23.0,23.0,4048.0,4048.0,0.0,0.0,22.0,4.0,0.00204224,0.0127265,0.0013019,0.015101,0.000155651,5.7e-07,0.0002019,1.0829e-05,0.000238709,3149.0,6064.0,0.00109858,1.54472e-05,0.000984295,0.00209833,632.0,2971.36,0.747614,0.60119,0.0,2122040000.0,2122040000.0,0.113914,0.0,0.0618751,62.6729,55.0,35.0,12.0,0.0,632.0,3265.0,3265.0,3465.0,3491.0,3460.0,3464.0,3465.0,0.55,1.0,46.0,50.0,0.2,100.0
traj_sweep_637,routing,0.00049203,0.00049203,1076.77,1278.42,674.576,674.576,609.0,0.0,609.0,0.0,0.0,0.0,0.626482,0.626482,633.0,23.0,23.0,4048.0,4048.0,0.0,0.0,22.0,4.0,0.00147536,0.0138508,0.00083343,0.0165436,0.00012502,9.4e-07,0.0001448,1.141e-05,0.00021834,3153.0,6116.0,0.00108587,1.54213e-05,0.000963837,0.00206513,631.0,2964.61,0.735633,0.530987,0.0,2135080000.0,2135080000.0,0.112525,0.0,0.0697001,62.6482,60.0,33.0,15.0,0.0,631.0,3217.0,3217.0,3451.0,3480.0,3441.0,3446.0,3451.0,0.56,1.0,46.0,50.0,0.2,100.0
traj_sweep_638,routing,0.00049203,0.00049203,1076.77,1278.42,674.576,674.576,609.0,0.0,609.0,0.0,0.0,0.0,0.626482,0.626482,633.0,23.0,23.0,4048.0,4048.0,0.0,0.0,22.0,4.0,0.00140605,0.0105517,0.00095223,0.0156138,0.00012232,1.24e-06,0.00018056,8.03e-06,0.00017764,3153.0,6116.0,0.00106682,1.54213e-05,0.000946928,0.00202917,631.0,2964.61,0.735633,0.530987,0.0,2135080000.0,2135080000.0,0.112525,0.0,0.0777002,62.6482,60.0,33.0,15.0,0.0,631.0,3217.0,3217.0,3451.0,3480.0,3441.0,3446.0,3451.0,0.57,1.0,46.0,50.0,0.2,100.0
traj_sweep_639,routing,0.000700752,0.000700752,1076.77,1278.42,674.044,674.044,608.0,0.0,608.0,0.0,0.0,0.0,0.625988,0.625988,632.0,23.0,23.0,4048.0,4048.0,0.0,0.0,22.0,4.0,0.00125473,0.0126669,0.00078888,0.0139627,9.739e-05,1.22e-06,0.00014452,8.28e-06,0.00021353,3247.0,6190.0,0.00104914,1.54214e-05,0.000927773,0.00199233,630.0,2921.09,0.760464,0.473479,0.0,2123990000.0,2123990000.0,0.113435,0.0,0.087532,62.5988,65.0,32.0,22.0,0.0,630.0,3219.0,3219.0,3373.0,3425.0,3386.0,3372.0,3373.0,0.58,1.0,46.0,50.0,0.2,100.0
traj_sweep_640,routing,0.00137943,0.00137943,1076.77,1278.42,673.512,673.512,608.0,0.0,608.0,0.0,0.0,0.0,0.625494,0.625494,632.0,23.0,23.0,4048.0,4048.0,0.0,0.0,22.0,4.0,0.00124417,0.00944379,0.00075847,0.0124027,9.63e-05,5e-07,0.00015067,8.5e-06,0.00019038,3093.0,6053.0,0.00102491,1.54102e-05,0.000910901,0.00195122,630.0,2954.09,0.759396,0.538249,0.0,2126130000.0,2126130000.0,0.112418,0.0,0.0925506,62.5494,43.0,16.0,11.0,0.0,630.0,3256.0,3256.0,3413.0,3433.0,3403.0,3407.0,3413.0,0.59,1.0,46.0,50.0,0.2,100.0
traj_sweep_641,routing,0.00191565,0.00191565,1076.77,1278.42,674.842,674.842,608.0,0.0,608.0,0.0,0.0,0.0,0.626729,0.626729,632.0,23.0,23.0,4048.0,4048.0,0.0,0.0,22.0,4.0,0.00205369,0.0132734,0.00127597,0.012588,0.00014227,6.5e-07,0.00022916,1.087e-05,0.00022864,3259.0,6198.0,0.00101433,1.54659e-05,0.000904118,0.00193391,630.0,2973.11,0.691699,0.537986,0.0,2117960000.0,2117960000.0,0.113239,0.0,0.100585,62.6729,52.0,17.0,8.0,0.0,630.0,3267.0,3267.0,3446.0,3476.0,3431.0,3446.0,3446.0,0.6,1.0,46.0,50.0,0.2,100.0
traj_sweep_642,routing,0.00120744,0.00120744,1076.77,1278.42,674.842,674.842,608.0,0.0,608.0,0.0,0.0,0.0,0.626729,0.626729,632.0,23.0,23.0,4048.0,4048.0,0.0,0.0,22.0,4.0,0.00154252,0.0116536,0.00133988,0.0141528,0.00012,1.15e-06,0.00016698,1.075e-05,0.00017578,3216.0,6141.0,0.000997839,1.54659e-05,0.000883233,0.00189654,630.0,2960.42,0.684136,0.531927,0.0,2130680000.0,2130680000.0,0.112884,0.0,0.111295,62.6729,47.0,26.0,26.0,0.0,630.0,3268.0,3268.0,3428.0,3473.0,3428.0,3428.0,3428.0,0.61,1.0,46.0,50.0,0.2,100.0
traj_sweep_643,routing,0.00126948,0.00126948,1076.77,1278.42,674.044,674.044,608.0,0.0,608.0,0.0,0.0,0.0,0.625988,0.625988,632.0,23.0,23.0,4048.0,4048.0,0.0,0.0,22.0,4.0,0.00187061,0.0131258,0.0010721,0.0153937,0.00010984,8.1e-07,0.00019565,3.971e-05,0.00017703,3220.0,6213.0,0.000981464,1.54214e-05,0.000873202,0.00187009,630.0,2958.44,0.776266,0.531586,0.0,2140920000.0,2140920000.0,0.112327,0.0,0.11532,62.5988,39.0,13.0,5.0,1.0,630.0,3257.0,3257.0,3415.0,3450.0,3414.0,3412.0,3413.0,0.62,1.0,46.0,50.0,0.2,100.0
traj_sweep_644,routing,0.000476987,0.000476987,1076.77,1278.42,995.904,995.904,751.0,14.0,751.0,12.01,1.014,761.72,0.924901,0.924901,777.0,23.0,23.0,4048.0,4048.0,1533970.0,19.0,23.0,5.0,0.00136521,0.0123542,0.00095871,0.00221114,0.0001041,4.8e-07,0.00019479,9.69e-06,0.00015982,2860.0,9410.0,0.00674942,2.76461e-05,0.00567716,0.0124542,761.0,4912.19,0.640936,0.692862,53.0,2333530000.0,2333530000.0,0.072406,-13.3868,-0.288535,92.4901,92.0,57.0,42.0,0.0,775.0,4222.0,4222.0,5300.0,5345.0,5311.0,5297.0,5300.0,0.14,1.0,47.0,50.0,0.2,100.0
traj_sweep_645,routing,0.00176466,0.00176466,1076.77,1278.42,963.186,963.186,738.0,2.0,738.0,7.69,0.2415,178.56,0.894516,0.894516,762.0,23.0,23.0,4048.0,4048.0,192162.0,2.0,23.0,5.0,0.00065544,0.00464538,0.0003224,0.00299459,8.938e-05,1.27e-06,5.968e-05,3.2e-06,9.174e-05,808.0,8296.0,0.00608773,2.6352e-05,0.00507748,0.0111916,759.0,4217.84,0.586046,0.666466,53.0,2351470000.0,2351470000.0,0.0714098,-12.7749,-0.275266,89.4516,57.0,24.0,18.0,0.0,760.0,3926.0,3926.0,4529.0,4554.0,4537.0,4524.0,4529.0,0.15,1.0,47.0,50.0,0.2,100.0
traj_sweep_646,routing,0.00115712,0.00115712,1076.77,1278.42,973.826,973.826,741.0,5.0,741.0,14.24,0.559,414.26,0.904397,0.904397,765.0,23.0,23.0,4048.0,4048.0,917865.0,10.0,23.0,5.0,0.00054464,0.00845419,0.00037509,0.00265194,7.209e-05,2e-07,9.704e-05,4.34e-06,0.00010993,1730.0,9305.0,0.0056753,2.68643e-05,0.00477092,0.0104731,761.0,4953.33,0.504611,0.627221,53.0,2332750000.0,2332750000.0,0.0735264,-12.4429,-0.268679,90.4397,94.0,43.0,39.0,0.0,763.0,4214.0,4214.0,5284.0,5377.0,5285.0,5293.0,5284.0,0.16,1.0,47.0,50.0,0.2,100.0
traj_sweep_647,routing,0.00126218,0.00126218,1076.77,1278.42,958.664,958.664,739.0,4.0,739.0,11.06,0.467,345.41,0.890316,0.890316,763.0,23.0,23.0,4048.0,4048.0,746746.0,9.0,23.0,5.0,0.00086756,0.00875795,0.00060751,0.00271131,0.00011021,9.9e-07,0.00011926,5.75e-06,0.00014236,1550.0,8706.0,0.0053335,2.61595e-05,0.00450031,0.00985997,759.0,4504.43,0.633095,0.689077,53.0,2343470000.0,2343470000.0,0.0744793,-11.7635,-0.256718,89.0316,84.0,56.0,27.0,0.0,761.0,4026.0,4026.0,4872.0,4883.0,4849.0,4864.0,4872.0,0.17,1.0,47.0,50.0,0.2,100.0
traj_sweep_648,routing,0.00173515,0.00173515,1076.77,1278.42,975.688,975.688,735.0,7.0,735.0,10.68,0.8515,625.95,0.906126,0.906126,759.0,23.0,23.0,4048.0,4048.0,1261460.0,15.0,23.0,5.0,0.00131122,0.014561,0.00089252,0.00259411,0.00016429,4.6e-07,0.00020423,9.86e-06,0.00026237,2454.0,9025.0,0.00507171,2.68177e-05,0.00433406,0.00943258,752.0,4803.49,0.612556,0.679212,53.0,2333250000.0,2333250000.0,0.0775945,-11.2222,-0.248587,90.6126,102.0,84.0,33.0,0.0,757.0,4095.0,4095.0,5155.0,5226.0,5173.0,5159.0,5155.0,0.18,1.0,47.0,50.0,0.2,100.0
traj_sweep_649,routing,0.000852436,0.000852436,1076.77,1278.42,961.058,961.058,741.0,10.0,741.0,9.92,0.4865,360.77,0.89254,0.89254,765.0,23.0,23.0,4048.0,4048.0,676349.0,8.0,23.0,5.0,0.000759951,0.00834426,0.000526511,0.0022773,7.818e-05,4.8e-07,0.000106431,5.589e-06,0.00012244,1374.0,8652.0,0.00470255,2.62681e-05,0.00398,0.00870881,754.0,4534.97,0.60961,0.677793,53.0,2367440000.0,2367440000.0,0.0796665,-10.7028,-0.232397,89.254,91.0,36.0,36.0,0.0,763.0,4104.0,4104.0,4847.0,4897.0,4838.0,4845.0,4847.0,0.19,1.0,47.0,50.0,0.2,100.0
traj_sweep_650,routing,0.00105996,0.00105996,1076.77,1278.42,961.59,961.59,735.0,3.0,735.0,10.83,0.4395,323.17,0.893034,0.893034,761.0,23.0,23.0,4048.0,4048.0,668353.0,8.0,24.0,6.0,0.00047905,0.00601177,0.00031604,0.00269843,5.529e-05,2.3e-07,6.858e-05,4e-06,8.659e-05,1397.0,8364.0,0.00451421,2.64475e-05,0.00377381,0.00831447,756.0,4430.85,0.602605,0.674424,53.0,2365330000.0,2365330000.0,0.0816171,-10.2378,-0.222774,89.3034,91.0,13.0,11.0,0.0,759.0,3969.0,3969.0,4778.0,4794.0,4771.0,4775.0,4778.0,0.2,1.0,47.0,50.0,0.2,100.0
traj_sweep_651,routing,0.0012443,0.0012443,1076.77,1278.42,935.788,935.788,732.0,7.0,732.0,6.93,0.1795,131.56,0.869071,0.869071,756.0,23.0,23.0,4048.0,4048.0,319803.0,4.0,23.0,5.0,0.00021428,0.00270244,0.00015378,0.00324186,2.224e-05,2.8e-07,3.337e-05,2.04e-06,3.784e-05,626.0,8028.0,0.00412069,2.53578e-05,0.00348891,0.00763495,750.0,4017.8,0.636916,0.690928,53.0,2366210000.0,2366210000.0,0.0804023,-9.5411,-0.212617,86.9071,68.0,21.0,24.0,0.0,754.0,3828.0,3828.0,4305.0,4352.0,4304.0,4299.0,4305.0,0.21,1.0,47.0,50.0,0.2,100.0
traj_sweep_652,routing,0.00156823,0.00156823,1076.77,1278.42,979.412,979.412,734.0,10.0,734.0,11.82,0.6415,471.13,0.909585,0.909585,760.0,23.0,23.0,4048.0,4048.0,1014430.0,13.0,23.0,5.0,0.00076748,0.0113781,0.000483931,0.00250322,0.00011404,9.09e-07,0.000101829,7.56e-06,0.00016116,1882.0,8373.0,0.00410186,2.6933e-05,0.00356933,0.00769813,748.0,4492.85,0.590424,0.668557,53.0,2344860000.0,2344860000.0,0.0849199,-9.16002,-0.206465,90.9585,85.0,47.0,20.0,0.0,758.0,3997.0,3997.0,4816.0,4866.0,4822.0,4813.0,4816.0,0.22,1.0,47.0,50.0,0.2,100.0
traj_sweep_653,routing,0.000715372,0.000715372,1076.77,1278.42,941.906,941.906,727.0,5.0,727.0,6.6,0.245,178.28,0.874753,0.874753,751.0,23.0,23.0,4048.0,4048.0,349230.0,4.0,23.0,5.0,0.00068127,0.0058277,0.00038929,0.00257852,6.324e-05,4.2e-07,8.556e-05,4.08e-06,8.75e-05,1033.0,8094.0,0.00377468,2.54732e-05,0.00322089,0.00702104,746.0,4110.27,0.645434,0.695024,53.0,2369620000.0,2369620000.0,0.0865714,-8.45931,-0.192008,87.4753,71.0,21.0,24.0,0.0,749.0,3887.0,3887.0,4425.0,4453.0,4426.0,4425.0,4425.0,0.23,1.0,47.0,50.0,0.2,100.0
traj_sweep_654,routing,0.00233705,0.00233705,1076.77,1278.42,929.67,929.67,733.0,8.0,733.0,9.54,0.328,240.47,0.863389,0.863389,757.0,23.0,23.0,4048.0,4048.0,504989.0,7.0,23.0,5.0,0.0006435,0.00617507,0.00043667,0.0025319,6.548e-05,4.09e-07,8.979e-05,4.38e-06,0.00010162,1094.0,7934.0,0.00360517,2.50852e-05,0.00307599,0.00670625,748.0,4012.67,0.62995,0.687564,53.0,2350820000.0,2350820000.0,0.0834689,-8.07402,-0.185383,86.3389,55.0,20.0,39.0,0.0,755.0,3828.0,3828.0,4343.0,4402.0,4375.0,4343.0,4343.0,0.24,1.0,47.0,50.0,0.2,100.0
traj_sweep_655,routing,0.0019167,0.0019167,1076.77,1278.42,947.758,947.758,737.0,9.0,737.0,8.45,0.303,223.55,0.880188,0.880188,761.0,23.0,23.0,4048.0,4048.0,489568.0,6.0,23.0,5.0,0.00042142,0.00640644,0.00028658,0.00316123,4.828e-05,6.8e-07,6.256e-05,4.26e-06,8.308e-05,1067.0,8056.0,0.00352804,2.55116e-05,0.00299274,0.0065463,752.0,4228.23,0.636359,0.69066,51.0,2386470000.0,2386470000.0,0.091965,-7.57673,-0.169029,88.0188,86.0,45.0,21.0,0.0,759.0,3895.0,3895.0,4527.0,4557.0,4507.0,4523.0,4527.0,0.25,1.0,47.0,50.0,0.2,100.0
traj_sweep_656,routing,0.00092118,0.00092118,1076.77,1278.42,936.586,936.586,729.0,4.0,729.0,8.78,0.2295,167.47,0.869812,0.869812,753.0,23.0,23.0,4048.0,4048.0,433762.0,6.0,23.0,5.0,0.00043669,0.00461896,0.0001897,0.00278268,5.595e-05,4.7e-07,5.802e-05,3.62e-06,7.632e-05,790.0,8056.0,0.00333144,2.51694e-05,0.00286948,0.00622609,747.0,4116.88,0.640936,0.692862,50.0,2354540000.0,2354540000.0,0.0933272,-7.09569,-0.164711,86.9812,79.0,25.0,22.0,0.0,751.0,3875.0,3875.0,4426.0,4474.0,4429.0,4429.0,4426.0,0.26,1.0,47.0,50.0,0.2,100.0
traj_sweep_657,routing,0.00187513,0.00187513,1076.77,1278.42,926.478,926.478,736.0,6.0,736.0,6.36,0.1775,130.75,0.860425,0.860425,760.0,23.0,23.0,4048.0,4048.0,279837.0,4.0,23.0,5.0,0.00026571,0.00285932,0.00019944,0.00275015,2.568e-05,3.8e-07,4.193e-05,2.28e-06,4.785e-05,742.0,7546.0,0.0031905,2.45493e-05,0.00269389,0.00590893,751.0,3835.89,0.645434,0.695024,49.0,2392140000.0,2392140000.0,0.0953906,-6.60341,-0.148035,86.0425,47.0,17.0,15.0,0.0,758.0,3751.0,3751.0,4102.0,4193.0,4104.0,4106.0,4102.0,0.27,1.0,47.0,50.0,0.2,100.0
traj_sweep_658,routing,0.00152189,0.00152189,1076.77,1278.42,941.108,941.108,734.0,5.0,734.0,9.16,0.7015,515.17,0.874012,0.874012,758.0,23.0,23.0,4048.0,4048.0,1298300.0,17.0,23.0,5.0,0.000939199,0.0103076,0.00064487,0.00254822,9.2829e-05,8.8e-07,0.00013775,6.4e-06,0.00014884,1659.0,8324.0,0.00313426,2.51706e-05,0.00271389,0.00587331,752.0,4425.71,0.576635,0.66192,49.0,2359110000.0,2359110000.0,0.098068,-6.22271,-0.143888,87.4012,76.0,32.0,28.0,7.0,756.0,3970.0,3970.0,4745.0,4801.0,4760.0,4737.0,4742.0,0.28,1.0,47.0,50.0,0.2,100.0
traj_sweep_659,routing,0.00229208,0.00229208,1076.77,1278.42,932.596,932.596,721.0,1.0,721.0,11.25,0.3855,278.11,0.866107,0.866107,745.0,23.0,23.0,4048.0,4048.0,653754.0,9.0,23.0,5.0,0.00047755,0.00585921,0.00025645,0.00290152,5.448e-05,2.6e-07,6.917e-05,3.26e-06,7.579e-05,1070.0,8105.0,0.00294121,2.4696e-05,0.00257142,0.00553733,742.0,4125.16,0.636359,0.69067,49.0,2352960000.0,2352960000.0,0.0982873,-5.82479,-0.138095,86.6107,69.0,22.0,12.0,0.0,743.0,3857.0,3857.0,4449.0,4480.0,4443.0,4448.0,4449.0,0.29,1.0,47.0,50.0,0.2,100.0
traj_sweep_660,routing,0.000941768,0.000941768,1076.77,1278.42,894.026,894.026,719.0,1.0,719.0,6.55,0.0575,41.4,0.830287,0.830287,743.0,23.0,23.0,4048.0,4048.0,80483.0,1.0,23.0,5.0,8.513e-05,0.0007986,7.902e-05,0.00222631,8.29e-06,2.7e-07,3.347e-05,9.9e-07,1.693e-05,186.0,7392.0,0.00275992,2.33577e-05,0.00234223,0.0051255,740.0,3747.65,0.646987,0.69578,49.0,2354790000.0,2354790000.0,0.0994491,-5.20595,-0.124667,83.0287,52.0,30.0,11.0,0.0,741.0,3707.0,3707.0,4056.0,4096.0,4041.0,4053.0,4056.0,0.3,1.0,47.0,50.0,0.2,100.0
traj_sweep_661,routing,0.00157981,0.00157981,1076.77,1278.42,891.898,891.898,721.0,2.0,721.0,5.6,0.0245,17.9,0.82831,0.82831,745.0,23.0,23.0,4048.0,4048.0,52537.0,1.0,23.0,5.0,6.53e-05,0.00060114,6.256e-05,0.0046132,5.28e-06,1.3e-06,7.811e-06,1.24e-06,7.0429e-05,115.0,7301.0,0.0026753,2.32567e-05,0.0022437,0.00494225,742.0,3636.19,0.635443,0.690227,49.0,2354790000.0,2354790000.0,0.102168,-4.73614,-0.114667,82.831,41.0,9.0,3.0,0.0,743.0,3686.0,3686.0,3903.0,3952.0,3907.0,3902.0,3903.0,0.31,1.0,47.0,50.0,0.2,100.0
traj_sweep_662,routing,0.00218637,0.00218637,1076.77,1278.42,891.632,891.632,708.0,4.0,708.0,7.69,0.4085,289.29,0.828063,0.828063,732.0,23.0,23.0,4048.0,4048.0,727273.0,11.0,23.0,5.0,0.000746889,0.00611475,0.000484029,0.00258245,9.2269e-05,7.2e-07,0.000108431,5.94e-06,0.000120171,1308.0,7666.0,0.00254061,2.32569e-05,0.0022425,0.00480636,726.0,3747.3,0.639941,0.692389,49.0,2351710000.0,2351710000.0,0.101394,-4.22504,-0.105223,82.8063,69.0,33.0,29.0,0.0,730.0,3749.0,3749.0,4063.0,4115.0,4071.0,4071.0,4063.0,0.32,1.0,47.0,50.0,0.2,100.0
traj_sweep_663,routing,0.00159197,0.00159197,1076.77,1278.42,888.44,888.44,703.0,5.0,703.0,9.02,0.377,265.25,0.825099,0.825099,727.0,23.0,23.0,4048.0,4048.0,679928.0,10.0,23.0,5.0,0.00066197,0.00590557,0.00044478,0.00224967,7.122e-05,4.31e-07,7.866e-05,5.17e-06,0.00010293,1228.0,7464.0,0.00246745,2.31933e-05,0.00217544,0.00466609,719.0,3746.79,0.277587,0.517943,47.0,2348630000.0,2348630000.0,0.10391,-3.97803,-0.0957808,82.5099,73.0,29.0,23.0,0.0,725.0,3708.0,3708.0,4086.0,4152.0,4083.0,4084.0,4086.0,0.33,1.0,47.0,50.0,0.2,100.0
traj_sweep_664,routing,0.00179003,0.00179003,1076.77,1278.42,875.672,875.672,707.0,6.0,707.0,8.83,0.2645,187.17,0.813241,0.813241,731.0,23.0,23.0,4048.0,4048.0,433147.0,6.0,23.0,5.0,0.00089541,0.00457341,0.00027739,0.00298615,8.622e-05,2.3e-07,6.434e-05,2.96e-06,9.184e-05,1057.0,7467.0,0.00234558,2.26624e-05,0.00202633,0.00439457,722.0,3577.85,0.299718,0.528531,48.0,2370490000.0,2370490000.0,0.107632,-3.40311,-0.0872546,81.3241,57.0,18.0,5.0,0.0,729.0,3653.0,3653.0,3914.0,3978.0,3925.0,3914.0,3914.0,0.34,1.0,47.0,50.0,0.2,100.0
traj_sweep_665,routing,0.00164003,0.00164003,1076.77,1278.42,877.268,877.268,705.0,3.0,705.0,5.6,0.1135,80.06,0.814723,0.814723,729.0,23.0,23.0,4048.0,4048.0,156879.0,2.0,23.0,5.0,0.00021813,0.00181868,0.00016391,0.0027065,1.918e-05,4.2e-07,2.931e-05,2.2e-06,3.421e-05,394.0,7267.0,0.0023079,2.27761e-05,0.00200441,0.00433509,724.0,3570.68,0.649295,0.696887,47.0,2342380000.0,2342380000.0,0.10882,-3.06388,-0.0790297,81.4723,68.0,21.0,15.0,0.0,727.0,3635.0,3635.0,3915.0,3914.0,3917.0,3910.0,3915.0,0.35,1.0,47.0,50.0,0.2,100.0
traj_sweep_666,routing,0.00143361,0.00143361,1076.77,1278.42,841.092,841.092,699.0,1.0,699.0,5.27,0.0235,16.43,0.781126,0.781126,723.0,23.0,23.0,4048.0,4048.0,45294.0,1.0,23.0,5.0,4.154e-05,0.00041381,4.566e-05,0.00299191,3.32e-06,7.2e-07,6.11e-06,8.2e-07,8.6e-06,65.0,6854.0,0.00215189,2.14105e-05,0.00183765,0.00401095,720.0,3275.5,0.630109,0.687645,47.0,2346850000.0,2346850000.0,0.10917,-2.57983,-0.0661035,78.1126,32.0,24.0,12.0,3.0,721.0,3485.0,3485.0,3639.0,3669.0,3631.0,3637.0,3639.0,0.36,1.0,47.0,50.0,0.2,100.0
traj_sweep_667,routing,0.00167891,0.00167891,1076.77,1278.42,884.982,884.982,708.0,13.0,708.0,7.12,0.42,297.37,0.821887,0.821887,732.0,23.0,23.0,4048.0,4048.0,757293.0,11.0,23.0,5.0,0.000872609,0.00529701,0.00059007,0.00258897,0.000104711,3.1e-07,0.00011272,6.48e-06,0.00014448,1555.0,7461.0,0.00221368,2.31262e-05,0.00190433,0.00414113,716.0,3695.55,0.2912,0.524459,47.0,2334420000.0,2334420000.0,0.111207,-2.26339,-0.0649776,82.1887,74.0,29.0,20.0,0.0,730.0,3747.0,3747.0,4036.0,4073.0,4026.0,4036.0,4036.0,0.37,1.0,47.0,50.0,0.2,100.0
traj_sweep_668,routing,0.0017273,0.0017273,1076.77,1278.42,923.02,923.02,708.0,6.0,708.0,7.74,0.4455,315.49,0.857213,0.857213,733.0,23.0,23.0,4048.0,4048.0,794062.0,11.0,23.0,5.0,0.000699299,0.00659535,0.00050814,0.00439961,9.372e-05,9e-07,8.564e-05,5.291e-06,0.000112811,1242.0,7618.0,0.00223122,2.45202e-05,0.00199638,0.00425212,725.0,3934.15,0.639941,0.692393,47.0,2311990000.0,2311990000.0,0.114981,-1.94565,-0.0525272,85.7213,73.0,10.0,6.0,0.0,731.0,3755.0,3755.0,4256.0,4302.0,4255.0,4257.0,4256.0,0.38,1.0,47.0,50.0,0.2,100.0
traj_sweep_669,routing,0.00113526,0.00113526,1076.77,1278.42,869.288,869.288,701.0,3.0,701.0,5.84,0.1265,88.7,0.807312,0.807312,725.0,23.0,23.0,4048.0,4048.0,233907.0,3.0,23.0,5.0,0.00028043,0.00301979,0.00020716,0.00237431,2.639e-05,7.7e-07,4.031e-05,2.35e-06,5.069e-05,484.0,7068.0,0.00204168,2.23041e-05,0.0017778,0.00384178,718.0,3523.9,0.64834,0.643285,45.0,2320030000.0,2320030000.0,0.116483,-1.4621,-0.0412349,80.7312,56.0,27.0,19.0,0.0,723.0,3551.0,3551.0,3849.0,3888.0,3867.0,3840.0,3849.0,0.39,1.0,47.0,50.0,0.2,100.0
traj_sweep_670,routing,0.00132669,0.00132669,1076.77,1278.42,855.722,855.722,694.0,2.0,694.0,8.07,0.2245,156.04,0.794713,0.794713,718.0,23.0,23.0,4048.0,4048.0,363636.0,5.0,23.0,5.0,0.00044977,0.00404527,0.00027181,0.00220807,3.906e-05,6.4e-07,5.553e-05,3.41e-06,0.00010104,914.0,7176.0,0.00197142,2.20413e-05,0.00172975,0.00372321,712.0,3590.68,0.265963,0.512339,45.0,2316230000.0,2316230000.0,0.112374,-1.2017,-0.0317368,79.4713,56.0,36.0,29.0,0.0,716.0,3594.0,3594.0,3924.0,3965.0,3921.0,3909.0,3924.0,0.4,1.0,47.0,50.0,0.2,100.0
traj_sweep_671,routing,0.0013845,0.0013845,1076.77,1278.42,804.118,804.118,680.0,1.0,680.0,5.6,0.175,119.29,0.746789,0.746789,704.0,23.0,23.0,4048.0,4048.0,326742.0,5.0,23.0,5.0,0.0003343,0.00311704,0.00022352,0.00235104,3.008e-05,4.6e-07,4.394e-05,2.48e-06,4.88e-05,587.0,7105.0,0.0018485,2.0143e-05,0.00160447,0.00347311,703.0,3569.49,0.641494,0.693133,26.0,2335190000.0,2335190000.0,0.112514,-0.350038,-0.0214434,74.6789,39.0,7.0,6.0,0.0,702.0,3570.0,3570.0,3939.0,3990.0,3940.0,3938.0,3939.0,0.41,1.0,47.0,50.0,0.2,100.0
traj_sweep_672,routing,0.00114852,0.00114852,1076.77,1278.42,804.916,804.916,671.0,10.0,671.0,7.88,0.409,274.5,0.74753,0.74753,695.0,23.0,23.0,4048.0,4048.0,675879.0,11.0,23.0,5.0,0.00041443,0.00431673,0.00030355,0.00282336,5.175e-05,4.5e-07,5.374e-05,3.71e-06,7.551e-05,1197.0,6939.0,0.00178708,2.02867e-05,0.00158064,0.00338801,683.0,3518.53,0.795061,0.596077,23.0,2325090000.0,2325090000.0,0.111986,-0.141226,-0.0125539,74.753,34.0,9.0,6.0,0.0,693.0,3546.0,3546.0,3867.0,3882.0,3852.0,3865.0,3867.0,0.42,1.0,47.0,50.0,0.2,100.0
traj_sweep_673,routing,0.000859611,0.000859611,1076.77,1278.42,728.308,728.308,640.0,5.0,640.0,3.37,0.0395,25.31,0.676383,0.676383,664.0,23.0,23.0,4048.0,4048.0,58026.0,1.0,23.0,5.0,0.000127,0.00146052,0.00010322,0.00211377,1.176e-05,5.2e-07,2.02e-05,1.48e-06,2.198e-05,232.0,6338.0,0.00155842,1.74558e-05,0.00136426,0.00294014,657.0,3110.81,0.750348,0.597237,8.0,2312630000.0,2312630000.0,0.112584,-0.0282078,-0.00808281,67.6383,57.0,19.0,7.0,0.0,662.0,3386.0,3386.0,3524.0,3549.0,3527.0,3524.0,3524.0,0.43,1.0,47.0,50.0,0.2,100.0
traj_sweep_674,routing,0.00397645,0.00397645,1076.77,1278.42,723.52,723.52,626.0,6.0,626.0,8.4,0.1085,67.95,0.671937,0.671937,650.0,23.0,23.0,4048.0,4048.0,178006.0,3.0,23.0,5.0,0.00027764,0.00216955,0.00021341,0.00216833,2.441e-05,3.6e-07,3.265e-05,2.29e-06,4.233e-05,523.0,6520.0,0.00149354,1.73801e-05,0.00135042,0.00286134,642.0,3144.68,0.75434,0.597232,4.0,2304160000.0,2304160000.0,0.112173,-0.00717409,-0.00342484,67.1937,79.0,34.0,25.0,0.0,648.0,3380.0,3380.0,3653.0,3699.0,3658.0,3648.0,3653.0,0.44,1.0,47.0,50.0,0.2,100.0
traj_sweep_675,routing,0.000886222,0.000886222,1076.77,1278.42,698.782,698.782,625.0,8.0,625.0,4.32,0.051,32.0,0.648962,0.648962,649.0,23.0,23.0,4048.0,4048.0,79852.0,1.0,22.0,4.0,0.00013709,0.00124751,0.00012579,0.0027103,1.3e-05,8e-07,1.852e-05,1.31e-06,2.298e-05,256.0,6301.0,0.00139508,1.63324e-05,0.0012444,0.00265582,639.0,3140.53,0.728876,0.611443,3.0,2272210000.0,2272210000.0,0.113273,-0.00124065,-0.00089051,64.8962,46.0,23.0,15.0,0.0,647.0,3303.0,3303.0,3517.0,3535.0,3517.0,3513.0,3517.0,0.45,1.0,47.0,50.0,0.2,100.0
traj_sweep_676,routing,0.00119697,0.00119697,1076.77,1278.42,683.354,683.354,614.0,0.0,614.0,0.95,0.002,1.52,0.634634,0.634634,638.0,23.0,23.0,4048.0,4048.0,5614.0,0.0,22.0,4.0,1.227e-05,7.733e-05,1.984e-05,0.00241733,7.1e-07,3.5e-07,1.95e-06,6.4e-07,4.08e-06,9.0,6190.0,0.00133021,1.57822e-05,0.00119011,0.0025361,636.0,2990.79,0.761141,0.613936,0.0,2226370000.0,2226370000.0,0.111559,0.0,0.000117628,63.4634,36.0,29.0,21.0,0.0,636.0,3253.0,3253.0,3446.0,3501.0,3463.0,3452.0,3446.0,0.46,1.0,47.0,50.0,0.2,100.0
traj_sweep_677,routing,0.00136995,0.00136995,1076.77,1278.42,678.034,678.034,610.0,0.0,610.0,0.0,0.0,0.0,0.629694,0.629694,636.0,23.0,23.0,4048.0,4048.0,0.0,0.0,22.0,4.0,8.951e-06,7.618e-05,1.736e-05,0.00580383,5.49e-07,1.02e-06,1.6e-06,9.11e-07,3.309e-06,11.0,6044.0,0.00128642,1.55925e-05,0.00113926,0.00244128,634.0,2956.45,0.724088,0.507366,0.0,2211080000.0,2211080000.0,0.113211,0.0,0.003753,62.9694,73.0,23.0,22.0,0.0,634.0,3279.0,3279.0,3428.0,3463.0,3436.0,3433.0,3428.0,0.47,1.0,47.0,50.0,0.2,100.0
traj_sweep_678,routing,0.000814626,0.000814626,1076.77,1278.42,677.768,677.768,611.0,0.0,611.0,0.0,0.0,0.0,0.629447,0.629447,636.0,23.0,23.0,4048.0,4048.0,0.0,0.0,22.0,4.0,0.00125808,0.0083862,0.000855149,0.0105167,0.000108611,7.4e-07,0.000146091,7.56e-06,0.000171679,3149.0,6147.0,0.00125918,1.55891e-05,0.00113053,0.0024053,634.0,2997.21,0.735273,0.528017,0.0,2206490000.0,2206490000.0,0.112647,0.0,0.010394,62.9447,50.0,22.0,10.0,0.0,634.0,3224.0,3224.0,3413.0,3443.0,3412.0,3414.0,3413.0,0.48,1.0,47.0,50.0,0.2,100.0
traj_sweep_679,routing,0.00123279,0.00123279,1076.77,1278.42,675.64,675.64,610.0,0.0,610.0,0.0,0.0,0.0,0.62747,0.62747,634.0,23.0,23.0,4048.0,4048.0,0.0,0.0,22.0,4.0,0.00176974,0.00864225,0.00125126,0.0110602,0.00012299,4.8e-07,0.00022325,8.52e-06,0.00019743,3205.0,6090.0,0.00124054,1.54618e-05,0.00110505,0.00236106,632.0,2928.69,0.763489,0.618963,0.0,2178380000.0,2178380000.0,0.111784,0.0,0.012683,62.747,75.0,19.0,24.0,0.0,632.0,3277.0,3277.0,3418.0,3427.0,3405.0,3418.0,3418.0,0.49,1.0,47.0,50.0,0.2,100.0
traj_sweep_680,routing,0.00121698,0.00121698,1076.77,1278.42,674.576,674.576,609.0,0.0,609.0,0.0,0.0,0.0,0.626482,0.626482,634.0,23.0,23.0,4048.0,4048.0,0.0,0.0,22.0,4.0,0.00131785,0.00862138,0.00079751,0.0121902,9.7411e-05,7.51e-07,0.00014042,7.7e-06,0.00017004,3262.0,6181.0,0.00120526,1.54538e-05,0.00108488,0.0023056,632.0,2969.97,0.736422,0.619204,0.0,2166190000.0,2166190000.0,0.112493,0.0,0.0226343,62.6482,64.0,30.0,25.0,0.0,632.0,3258.0,3258.0,3452.0,3447.0,3434.0,3452.0,3452.0,0.5,1.0,47.0,50.0,0.2,100.0
traj_sweep_681,routing,0.000538965,0.000538965,1076.77,1278.42,675.374,675.374,610.0,0.0,610.0,0.0,0.0,0.0,0.627223,0.627223,634.0,23.0,23.0,4048.0,4048.0,0.0,0.0,22.0,4.0,0.0013071,0.00844519,0.00076086,0.0112965,9.5509e-05,5.11e-07,0.000146271,7.849e-06,0.000179949,3189.0,6218.0,0.00119125,1.5441e-05,0.00106034,0.00226703,632.0,2974.21,0.772332,0.606295,0.0,2139580000.0,2139580000.0,0.111995,0.0,0.0299596,62.7223,46.0,17.0,5.0,0.0,632.0,3292.0,3292.0,3456.0,3489.0,3468.0,3455.0,3456.0,0.51,1.0,47.0,50.0,0.2,100.0
traj_sweep_682,routing,0.00295478,0.00295478,1076.77,1278.42,675.64,675.64,610.0,0.0,610.0,0.0,0.0,0.0,0.62747,0.62747,634.0,23.0,23.0,4048.0,4048.0,0.0,0.0,22.0,4.0,0.00167518,0.00831546,0.00100942,0.0121657,0.00010826,7.3e-07,0.0001511,9.26e-06,0.00018867,3118.0,5976.0,0.00116993,1.54808e-05,0.00104665,0.00223206,632.0,2972.28,0.776034,0.605916,0.0,2191750000.0,2191750000.0,0.112866,0.0,0.0397594,62.747,78.0,14.0,15.0,0.0,632.0,3248.0,3248.0,3397.0,3457.0,3408.0,3400.0,3397.0,0.52,1.0,47.0,50.0,0.2,100.0
traj_sweep_683,routing,0.00158487,0.00158487,1076.77,1278.42,675.108,675.108,610.0,0.0,610.0,0.0,0.0,0.0,0.626976,0.626976,634.0,23.0,23.0,4048.0,4048.0,0.0,0.0,22.0,4.0,0.00172483,0.00952602,0.00104428,0.0138606,0.00012804,6.6e-07,0.00018327,8.54e-06,0.00019696,3235.0,6136.0,0.0011409,1.54521e-05,0.00101919,0.00217554,632.0,2954.18,0.778144,0.610451,0.0,2165570000.0,2165570000.0,0.114009,0.0,0.0443398,62.6976,82.0,17.0,22.0,0.0,632.0,3302.0,3302.0,3420.0,3454.0,3435.0,3420.0,3420.0,0.53,1.0,47.0,50.0,0.2,100.0
traj_sweep_684,routing,0.00159453,0.00159453,1076.77,1278.42,675.108,675.108,610.0,0.0,610.0,0.0,0.0,0.0,0.626976,0.626976,634.0,23.0,23.0,4048.0,4048.0,0.0,0.0,22.0,4.0,0.00132425,0.00872472,0.00078616,0.0130887,0.00010139,4.1e-07,0.00014552,7.72e-06,0.00018141,3182.0,6204.0,0.00111975,1.54521e-05,0.000997337,0.00213254,632.0,2953.53,0.722507,0.598572,0.0,2109890000.0,2109890000.0,0.113238,0.0,0.05369,62.6976,38.0,8.0,7.0,0.0,632.0,3238.0,3238.0,3437.0,3494.0,3437.0,3438.0,3437.0,0.54,1.0,47.0,50.0,0.2,100.0
traj_sweep_685,routing,0.00315694,0.00315694,1076.77,1278.42,674.842,674.842,610.0,0.0,610.0,0.0,0.0,0.0,0.626729,0.626729,634.0,23.0,23.0,4048.0,4048.0,0.0,0.0,22.0,4.0,0.00138635,0.00928358,0.00078016,0.0109718,0.00010619,7.1e-07,0.00014157,8.04e-06,0.00019483,3149.0,6064.0,0.00109858,1.54472e-05,0.000984295,0.00209833,632.0,2971.36,0.747614,0.60119,0.0,2122040000.0,2122040000.0,0.113914,0.0,0.0618751,62.6729,55.0,35.0,12.0,0.0,632.0,3265.0,3265.0,3465.0,3491.0,3460.0,3464.0,3465.0,0.55,1.0,47.0,50.0,0.2,100.0
traj_sweep_686,routing,0.00049203,0.00049203,1076.77,1278.42,674.576,674.576,609.0,0.0,609.0,0.0,0.0,0.0,0.626482,0.626482,633.0,23.0,23.0,4048.0,4048.0,0.0,0.0,22.0,4.0,0.00240442,0.013403,0.00141521,0.0172162,0.00016672,8.8e-07,0.00018453,1.083e-05,0.00023604,3153.0,6116.0,0.00108587,1.54213e-05,0.000963837,0.00206513,631.0,2964.61,0.735633,0.530987,0.0,2135080000.0,2135080000.0,0.112525,0.0,0.0697001,62.6482,60.0,33.0,15.0,0.0,631.0,3217.0,3217.0,3451.0,3480.0,3441.0,3446.0,3451.0,0.56,1.0,47.0,50.0,0.2,100.0
traj_sweep_687,routing,0.00049203,0.00049203,1076.77,1278.42,674.576,674.576,609.0,0.0,609.0,0.0,0.0,0.0,0.626482,0.626482,633.0,23.0,23.0,4048.0,4048.0,0.0,0.0,22.0,4.0,0.00170316,0.0089092,0.00106337,0.0113003,0.00011935,5.3e-07,0.00015571,9.45e-06,0.00019879,3153.0,6116.0,0.00106682,1.54213e-05,0.000946928,0.00202917,631.0,2964.61,0.735633,0.530987,0.0,2135080000.0,2135080000.0,0.112525,0.0,0.0777002,62.6482,60.0,33.0,15.0,0.0,631.0,3217.0,3217.0,3451.0,3480.0,3441.0,3446.0,3451.0,0.57,1.0,47.0,50.0,0.2,100.0
traj_sweep_688,routing,0.000700752,0.000700752,1076.77,1278.42,674.044,674.044,608.0,0.0,608.0,0.0,0.0,0.0,0.625988,0.625988,632.0,23.0,23.0,4048.0,4048.0,0.0,0.0,22.0,4.0,0.00174144,0.00892057,0.00102051,0.0100138,0.0001123,5.1e-07,0.0001652,9.2e-06,0.00019975,3247.0,6190.0,0.00104914,1.54214e-05,0.000927773,0.00199233,630.0,2921.09,0.760464,0.473479,0.0,2123990000.0,2123990000.0,0.113435,0.0,0.087532,62.5988,65.0,32.0,22.0,0.0,630.0,3219.0,3219.0,3373.0,3425.0,3386.0,3372.0,3373.0,0.58,1.0,47.0,50.0,0.2,100.0
traj_sweep_689,routing,0.00137943,0.00137943,1076.77,1278.42,673.512,673.512,608.0,0.0,608.0,0.0,0.0,0.0,0.625494,0.625494,632.0,23.0,23.0,4048.0,4048.0,0.0,0.0,22.0,4.0,0.00121968,0.00967902,0.000743171,0.00950388,9.61e-05,4.9e-07,0.000143069,7.45e-06,0.00015928,3093.0,6053.0,0.00102491,1.54102e-05,0.000910901,0.00195122,630.0,2954.09,0.759396,0.538249,0.0,2126130000.0,2126130000.0,0.112418,0.0,0.0925506,62.5494,43.0,16.0,11.0,0.0,630.0,3256.0,3256.0,3413.0,3433.0,3403.0,3407.0,3413.0,0.59,1.0,47.0,50.0,0.2,100.0
traj_sweep_690,routing,0.00191565,0.00191565,1076.77,1278.42,674.842,674.842,608.0,0.0,608.0,0.0,0.0,0.0,0.626729,0.626729,632.0,23.0,23.0,4048.0,4048.0,0.0,0.0,22.0,4.0,0.00126389,0.00966246,0.00077404,0.0125389,0.00010401,6.8e-07,0.00014672,7.74e-06,0.00020835,3259.0,6198.0,0.00101433,1.54659e-05,0.000904118,0.00193391,630.0,2973.11,0.691699,0.537986,0.0,2117960000.0,2117960000.0,0.113239,0.0,0.100585,62.6729,52.0,17.0,8.0,0.0,630.0,3267.0,3267.0,3446.0,3476.0,3431.0,3446.0,3446.0,0.6,1.0,47.0,50.0,0.2,100.0
traj_sweep_691,routing,0.00120744,0.00120744,1076.77,1278.42,674.842,674.842,608.0,0.0,608.0,0.0,0.0,0.0,0.626729,0.626729,632.0,23.0,23.0,4048.0,4048.0,0.0,0.0,22.0,4.0,0.00212364,0.00873353,0.00136389,0.012927,0.00016752,6.11e-07,0.00018453,3.7609e-05,0.000234889,3216.0,6141.0,0.000997839,1.54659e-05,0.000883233,0.00189654,630.0,2960.42,0.684136,0.531927,0.0,2130680000.0,2130680000.0,0.112884,0.0,0.111295,62.6729,47.0,26.0,26.0,0.0,630.0,3268.0,3268.0,3428.0,3473.0,3428.0,3428.0,3428.0,0.61,1.0,47.0,50.0,0.2,100.0
traj_sweep_692,routing,0.00126948,0.00126948,1076.77,1278.42,674.044,674.044,608.0,0.0,608.0,0.0,0.0,0.0,0.625988,0.625988,632.0,23.0,23.0,4048.0,4048.0,0.0,0.0,22.0,4.0,0.00179892,0.0118558,0.00111165,0.0172653,0.00013666,8.2e-07,0.000193569,1.802e-05,0.000250249,3220.0,6213.0,0.000981464,1.54214e-05,0.000873202,0.00187009,630.0,2958.44,0.776266,0.531586,0.0,2140920000.0,2140920000.0,0.112327,0.0,0.11532,62.5988,39.0,13.0,5.0,1.0,630.0,3257.0,3257.0,3415.0,3450.0,3414.0,3412.0,3413.0,0.62,1.0,47.0,50.0,0.2,100.0
traj_sweep_693,routing,0.000476987,0.000476987,1076.77,1278.42,995.904,995.904,751.0,14.0,751.0,12.01,1.014,761.72,0.924901,0.924901,777.0,23.0,23.0,4048.0,4048.0,1533970.0,19.0,23.0,5.0,0.00139714,0.0101694,0.00099986,0.00279313,0.000178189,3.2e-07,0.00021791,1.5231e-05,0.00024504,2860.0,9410.0,0.00674942,2.76461e-05,0.00567716,0.0124542,761.0,4912.19,0.640936,0.692862,53.0,2333530000.0,2333530000.0,0.072406,-13.3868,-0.288535,92.4901,92.0,57.0,42.0,0.0,775.0,4222.0,4222.0,5300.0,5345.0,5311.0,5297.0,5300.0,0.14,1.0,48.0,50.0,0.2,100.0
traj_sweep_694,routing,0.00176466,0.00176466,1076.77,1278.42,963.186,963.186,738.0,2.0,738.0,7.69,0.2415,178.56,0.894516,0.894516,762.0,23.0,23.0,4048.0,4048.0,192162.0,2.0,23.0,5.0,0.00054771,0.00509386,0.00033194,0.0023271,4.586e-05,1.07e-06,0.000212759,3.83e-06,7.866e-05,808.0,8296.0,0.00608773,2.6352e-05,0.00507748,0.0111916,759.0,4217.84,0.586046,0.666466,53.0,2351470000.0,2351470000.0,0.0714098,-12.7749,-0.275266,89.4516,57.0,24.0,18.0,0.0,760.0,3926.0,3926.0,4529.0,4554.0,4537.0,4524.0,4529.0,0.15,1.0,48.0,50.0,0.2,100.0
traj_sweep_695,routing,0.00115712,0.00115712,1076.77,1278.42,973.826,973.826,741.0,5.0,741.0,14.24,0.559,414.26,0.904397,0.904397,765.0,23.0,23.0,4048.0,4048.0,917865.0,10.0,23.0,5.0,0.00089689,0.0117059,0.00058998,0.00232478,8.87e-05,9.09e-07,0.00012211,5.76e-06,0.00014004,1730.0,9305.0,0.0056753,2.68643e-05,0.00477092,0.0104731,761.0,4953.33,0.504611,0.627221,53.0,2332750000.0,2332750000.0,0.0735264,-12.4429,-0.268679,90.4397,94.0,43.0,39.0,0.0,763.0,4214.0,4214.0,5284.0,5377.0,5285.0,5293.0,5284.0,0.16,1.0,48.0,50.0,0.2,100.0
traj_sweep_696,routing,0.00126218,0.00126218,1076.77,1278.42,958.664,958.664,739.0,4.0,739.0,11.06,0.467,345.41,0.890316,0.890316,763.0,23.0,23.0,4048.0,4048.0,746746.0,9.0,23.0,5.0,0.00068382,0.00949031,0.00045569,0.00282495,7.153e-05,5.4e-07,8.584e-05,5.4e-06,0.00010601,1550.0,8706.0,0.0053335,2.61595e-05,0.00450031,0.00985997,759.0,4504.43,0.633095,0.689077,53.0,2343470000.0,2343470000.0,0.0744793,-11.7635,-0.256718,89.0316,84.0,56.0,27.0,0.0,761.0,4026.0,4026.0,4872.0,4883.0,4849.0,4864.0,4872.0,0.17,1.0,48.0,50.0,0.2,100.0
traj_sweep_698,routing,0.000852436,0.000852436,1076.77,1278.42,961.058,961.058,741.0,10.0,741.0,9.92,0.4865,360.77,0.89254,0.89254,765.0,23.0,23.0,4048.0,4048.0,676349.0,8.0,23.0,5.0,0.00074365,0.00816435,0.00051406,0.00213576,7.7e-05,3.9e-07,0.00010684,5.37e-06,0.00012035,1374.0,8652.0,0.00470255,2.62681e-05,0.00398,0.00870881,754.0,4534.97,0.60961,0.677793,53.0,2367440000.0,2367440000.0,0.0796665,-10.7028,-0.232397,89.254,91.0,36.0,36.0,0.0,763.0,4104.0,4104.0,4847.0,4897.0,4838.0,4845.0,4847.0,0.19,1.0,48.0,50.0,0.2,100.0
traj_sweep_699,routing,0.00105996,0.00105996,1076.77,1278.42,961.59,961.59,735.0,3.0,735.0,10.83,0.4395,323.17,0.893034,0.893034,761.0,23.0,23.0,4048.0,4048.0,668353.0,8.0,24.0,6.0,0.00048149,0.00690855,0.00032038,0.00265025,5.611e-05,6.2e-07,7.164e-05,4.37e-06,0.00014613,1397.0,8364.0,0.00451421,2.64475e-05,0.00377381,0.00831447,756.0,4430.85,0.602605,0.674424,53.0,2365330000.0,2365330000.0,0.0816171,-10.2378,-0.222774,89.3034,91.0,13.0,11.0,0.0,759.0,3969.0,3969.0,4778.0,4794.0,4771.0,4775.0,4778.0,0.2,1.0,48.0,50.0,0.2,100.0
traj_sweep_700,routing,0.0012443,0.0012443,1076.77,1278.42,935.788,935.788,732.0,7.0,732.0,6.93,0.1795,131.56,0.869071,0.869071,756.0,23.0,23.0,4048.0,4048.0,319803.0,4.0,23.0,5.0,0.00032846,0.00350557,0.00024249,0.00243421,3.215e-05,5.3e-07,4.472e-05,2.61e-06,5.203e-05,626.0,8028.0,0.00412069,2.53578e-05,0.00348891,0.00763495,750.0,4017.8,0.636916,0.690928,53.0,2366210000.0,2366210000.0,0.0804023,-9.5411,-0.212617,86.9071,68.0,21.0,24.0,0.0,754.0,3828.0,3828.0,4305.0,4352.0,4304.0,4299.0,4305.0,0.21,1.0,48.0,50.0,0.2,100.0
traj_sweep_702,routing,0.000715372,0.000715372,1076.77,1278.42,941.906,941.906,727.0,5.0,727.0,6.6,0.245,178.28,0.874753,0.874753,751.0,23.0,23.0,4048.0,4048.0,349230.0,4.0,23.0,5.0,0.00050624,0.0048168,0.000243069,0.00328592,3.8511e-05,8.7e-07,5.87e-05,6.771e-06,0.000283269,1033.0,8094.0,0.00377468,2.54732e-05,0.00322089,0.00702104,746.0,4110.27,0.645434,0.695024,53.0,2369620000.0,2369620000.0,0.0865714,-8.45931,-0.192008,87.4753,71.0,21.0,24.0,0.0,749.0,3887.0,3887.0,4425.0,4453.0,4426.0,4425.0,4425.0,0.23,1.0,48.0,50.0,0.2,100.0
traj_sweep_703,routing,0.00233705,0.00233705,1076.77,1278.42,929.67,929.67,733.0,8.0,733.0,9.54,0.328,240.47,0.863389,0.863389,757.0,23.0,23.0,4048.0,4048.0,504989.0,7.0,23.0,5.0,0.00061637,0.00609642,0.00044451,0.00283853,7.39e-05,4.9e-07,8.757e-05,5.72e-06,0.00012075,1094.0,7934.0,0.00360517,2.50852e-05,0.00307599,0.00670625,748.0,4012.67,0.62995,0.687564,53.0,2350820000.0,2350820000.0,0.0834689,-8.07402,-0.185383,86.3389,55.0,20.0,39.0,0.0,755.0,3828.0,3828.0,4343.0,4402.0,4375.0,4343.0,4343.0,0.24,1.0,48.0,50.0,0.2,100.0
traj_sweep_704,routing,0.0019167,0.0019167,1076.77,1278.42,947.758,947.758,737.0,9.0,737.0,8.45,0.303,223.55,0.880188,0.880188,761.0,23.0,23.0,4048.0,4048.0,489568.0,6.0,23.0,5.0,0.00045476,0.00493282,0.0004207,0.00274776,5.702e-05,2.2e-07,8.696e-05,3.209e-06,7.312e-05,1067.0,8056.0,0.00352804,2.55116e-05,0.00299274,0.0065463,752.0,4228.23,0.636359,0.69066,51.0,2386470000.0,2386470000.0,0.091965,-7.57673,-0.169029,88.0188,86.0,45.0,21.0,0.0,759.0,3895.0,3895.0,4527.0,4557.0,4507.0,4523.0,4527.0,0.25,1.0,48.0,50.0,0.2,100.0
traj_sweep_705,routing,0.00092118,0.00092118,1076.77,1278.42,936.586,936.586,729.0,4.0,729.0,8.78,0.2295,167.47,0.869812,0.869812,753.0,23.0,23.0,4048.0,4048.0,433762.0,6.0,23.0,5.0,0.00038789,0.00377731,0.00020142,0.00272303,4.108e-05,4.9e-07,5.236e-05,2.55e-06,5.419e-05,790.0,8056.0,0.00333144,2.51694e-05,0.00286948,0.00622609,747.0,4116.88,0.640936,0.692862,50.0,2354540000.0,2354540000.0,0.0933272,-7.09569,-0.164711,86.9812,79.0,25.0,22.0,0.0,751.0,3875.0,3875.0,4426.0,4474.0,4429.0,4429.0,4426.0,0.26,1.0,48.0,50.0,0.2,100.0
traj_sweep_706,routing,0.00187513,0.00187513,1076.77,1278.42,926.478,926.478,736.0,6.0,736.0,6.36,0.1775,130.75,0.860425,0.860425,760.0,23.0,23.0,4048.0,4048.0,279837.0,4.0,23.0,5.0,0.00043332,0.00369911,0.00031292,0.00255795,4.245e-05,5.2e-07,5.618e-05,2.97e-06,6.848e-05,742.0,7546.0,0.0031905,2.45493e-05,0.00269389,0.00590893,751.0,3835.89,0.645434,0.695024,49.0,2392140000.0,2392140000.0,0.0953906,-6.60341,-0.148035,86.0425,47.0,17.0,15.0,0.0,758.0,3751.0,3751.0,4102.0,4193.0,4104.0,4106.0,4102.0,0.27,1.0,48.0,50.0,0.2,100.0
traj_sweep_708,routing,0.00229208,0.00229208,1076.77,1278.42,932.596,932.596,721.0,1.0,721.0,11.25,0.3855,278.11,0.866107,0.866107,745.0,23.0,23.0,4048.0,4048.0,653754.0,9.0,23.0,5.0,0.00043281,0.00579625,0.00024884,0.0023812,5.343e-05,2.4e-07,6.786e-05,3.02e-06,7.122e-05,1070.0,8105.0,0.00294121,2.4696e-05,0.00257142,0.00553733,742.0,4125.16,0.636359,0.69067,49.0,2352960000.0,2352960000.0,0.0982873,-5.82479,-0.138095,86.6107,69.0,22.0,12.0,0.0,743.0,3857.0,3857.0,4449.0,4480.0,4443.0,4448.0,4449.0,0.29,1.0,48.0,50.0,0.2,100.0
traj_sweep_709,routing,0.000941768,0.000941768,1076.77,1278.42,894.026,894.026,719.0,1.0,719.0,6.55,0.0575,41.4,0.830287,0.830287,743.0,23.0,23.0,4048.0,4048.0,80483.0,1.0,23.0,5.0,0.00010651,0.000961,8.683e-05,0.00235213,9.02e-06,3.71e-07,1.245e-05,1.19e-06,2.845e-05,186.0,7392.0,0.00275992,2.33577e-05,0.00234223,0.0051255,740.0,3747.65,0.646987,0.69578,49.0,2354790000.0,2354790000.0,0.0994491,-5.20595,-0.124667,83.0287,52.0,30.0,11.0,0.0,741.0,3707.0,3707.0,4056.0,4096.0,4041.0,4053.0,4056.0,0.3,1.0,48.0,50.0,0.2,100.0
traj_sweep_710,routing,0.00157981,0.00157981,1076.77,1278.42,891.898,891.898,721.0,2.0,721.0,5.6,0.0245,17.9,0.82831,0.82831,745.0,23.0,23.0,4048.0,4048.0,52537.0,1.0,23.0,5.0,4.167e-05,0.00039068,4.094e-05,0.00215557,3.57e-06,1.9e-07,6.72e-06,7.4e-07,8.41e-06,115.0,7301.0,0.0026753,2.32567e-05,0.0022437,0.00494225,742.0,3636.19,0.635443,0.690227,49.0,2354790000.0,2354790000.0,0.102168,-4.73614,-0.114667,82.831,41.0,9.0,3.0,0.0,743.0,3686.0,3686.0,3903.0,3952.0,3907.0,3902.0,3903.0,0.31,1.0,48.0,50.0,0.2,100.0
traj_sweep_712,routing,0.00159197,0.00159197,1076.77,1278.42,888.44,888.44,703.0,5.0,703.0,9.02,0.377,265.25,0.825099,0.825099,727.0,23.0,23.0,4048.0,4048.0,679928.0,10.0,23.0,5.0,0.00044218,0.00485676,0.00032459,0.00268569,4.816e-05,1.9e-07,6.123e-05,4.189e-06,8.322e-05,1228.0,7464.0,0.00246745,2.31933e-05,0.00217544,0.00466609,719.0,3746.79,0.277587,0.517943,47.0,2348630000.0,2348630000.0,0.10391,-3.97803,-0.0957808,82.5099,73.0,29.0,23.0,0.0,725.0,3708.0,3708.0,4086.0,4152.0,4083.0,4084.0,4086.0,0.33,1.0,48.0,50.0,0.2,100.0
traj_sweep_713,routing,0.00179003,0.00179003,1076.77,1278.42,875.672,875.672,707.0,6.0,707.0,8.83,0.2645,187.17,0.813241,0.813241,731.0,23.0,23.0,4048.0,4048.0,433147.0,6.0,23.0,5.0,0.00068209,0.00506827,0.00042354,0.00243998,5.681e-05,4.6e-07,7.855e-05,4.17e-06,9.603e-05,1057.0,7467.0,0.00234558,2.26624e-05,0.00202633,0.00439457,722.0,3577.85,0.299718,0.528531,48.0,2370490000.0,2370490000.0,0.107632,-3.40311,-0.0872546,81.3241,57.0,18.0,5.0,0.0,729.0,3653.0,3653.0,3914.0,3978.0,3925.0,3914.0,3914.0,0.34,1.0,48.0,50.0,0.2,100.0
traj_sweep_714,routing,0.00164003,0.00164003,1076.77,1278.42,877.268,877.268,705.0,3.0,705.0,5.6,0.1135,80.06,0.814723,0.814723,729.0,23.0,23.0,4048.0,4048.0,156879.0,2.0,23.0,5.0,0.00019396,0.0013359,0.00012587,0.00178783,1.376e-05,1.3e-07,2.103e-05,1.5e-06,2.579e-05,394.0,7267.0,0.0023079,2.27761e-05,0.00200441,0.00433509,724.0,3570.68,0.649295,0.696887,47.0,2342380000.0,2342380000.0,0.10882,-3.06388,-0.0790297,81.4723,68.0,21.0,15.0,0.0,727.0,3635.0,3635.0,3915.0,3914.0,3917.0,3910.0,3915.0,0.35,1.0,48.0,50.0,0.2,100.0
traj_sweep_715,routing,0.00143361,0.00143361,1076.77,1278.42,841.092,841.092,699.0,1.0,699.0,5.27,0.0235,16.43,0.781126,0.781126,723.0,23.0,23.0,4048.0,4048.0,45294.0,1.0,23.0,5.0,4.293e-05,0.00035881,4.58e-05,0.00229942,3.5e-06,5.6e-07,6.45e-06,8.3e-07,9.24e-06,65.0,6854.0,0.00215189,2.14105e-05,0.00183765,0.00401095,720.0,3275.5,0.630109,0.687645,47.0,2346850000.0,2346850000.0,0.10917,-2.57983,-0.0661035,78.1126,32.0,24.0,12.0,3.0,721.0,3485.0,3485.0,3639.0,3669.0,3631.0,3637.0,3639.0,0.36,1.0,48.0,50.0,0.2,100.0
traj_sweep_716,routing,0.00167891,0.00167891,1076.77,1278.42,884.982,884.982,708.0,13.0,708.0,7.12,0.42,297.37,0.821887,0.821887,732.0,23.0,23.0,4048.0,4048.0,757293.0,11.0,23.0,5.0,0.00051795,0.00521518,0.00035297,0.00198849,6.177e-05,2.3e-07,7.066e-05,4.93e-06,9.648e-05,1555.0,7461.0,0.00221368,2.31262e-05,0.00190433,0.00414113,716.0,3695.55,0.2912,0.524459,47.0,2334420000.0,2334420000.0,0.111207,-2.26339,-0.0649776,82.1887,74.0,29.0,20.0,0.0,730.0,3747.0,3747.0,4036.0,4073.0,4026.0,4036.0,4036.0,0.37,1.0,48.0,50.0,0.2,100.0
traj_sweep_718,routing,0.00113526,0.00113526,1076.77,1278.42,869.288,869.288,701.0,3.0,701.0,5.84,0.1265,88.7,0.807312,0.807312,725.0,23.0,23.0,4048.0,4048.0,233907.0,3.0,23.0,5.0,0.00029166,0.00276004,0.00020985,0.00238357,2.851e-05,5.8e-07,4.231e-05,2.18e-06,4.465e-05,484.0,7068.0,0.00204168,2.23041e-05,0.0017778,0.00384178,718.0,3523.9,0.64834,0.643285,45.0,2320030000.0,2320030000.0,0.116483,-1.4621,-0.0412349,80.7312,56.0,27.0,19.0,0.0,723.0,3551.0,3551.0,3849.0,3888.0,3867.0,3840.0,3849.0,0.39,1.0,48.0,50.0,0.2,100.0
traj_sweep_719,routing,0.00132669,0.00132669,1076.77,1278.42,855.722,855.722,694.0,2.0,694.0,8.07,0.2245,156.04,0.794713,0.794713,718.0,23.0,23.0,4048.0,4048.0,363636.0,5.0,23.0,5.0,0.00067156,0.0054771,0.00037066,0.00252252,6.4111e-05,7.5e-07,7.516e-05,3.8e-06,8.736e-05,914.0,7176.0,0.00197142,2.20413e-05,0.00172975,0.00372321,712.0,3590.68,0.265963,0.512339,45.0,2316230000.0,2316230000.0,0.112374,-1.2017,-0.0317368,79.4713,56.0,36.0,29.0,0.0,716.0,3594.0,3594.0,3924.0,3965.0,3921.0,3909.0,3924.0,0.4,1.0,48.0,50.0,0.2,100.0
traj_sweep_720,routing,0.0013845,0.0013845,1076.77,1278.42,804.118,804.118,680.0,1.0,680.0,5.6,0.175,119.29,0.746789,0.746789,704.0,23.0,23.0,4048.0,4048.0,326742.0,5.0,23.0,5.0,0.00019297,0.0022588,0.00013874,0.00180716,1.926e-05,1.8e-07,3.162e-05,2.05e-06,3.392e-05,587.0,7105.0,0.0018485,2.0143e-05,0.00160447,0.00347311,703.0,3569.49,0.641494,0.693133,26.0,2335190000.0,2335190000.0,0.112514,-0.350038,-0.0214434,74.6789,39.0,7.0,6.0,0.0,702.0,3570.0,3570.0,3939.0,3990.0,3940.0,3938.0,3939.0,0.41,1.0,48.0,50.0,0.2,100.0
traj_sweep_721,routing,0.00114852,0.00114852,1076.77,1278.42,804.916,804.916,671.0,10.0,671.0,7.88,0.409,274.5,0.74753,0.74753,695.0,23.0,23.0,4048.0,4048.0,675879.0,11.0,23.0,5.0,0.00043251,0.0040499,0.000287,0.00322249,4.462e-05,3.4e-07,5.091e-05,3.62e-06,6.963e-05,1197.0,6939.0,0.00178708,2.02867e-05,0.00158064,0.00338801,683.0,3518.53,0.795061,0.596077,23.0,2325090000.0,2325090000.0,0.111986,-0.141226,-0.0125539,74.753,34.0,9.0,6.0,0.0,693.0,3546.0,3546.0,3867.0,3882.0,3852.0,3865.0,3867.0,0.42,1.0,48.0,50.0,0.2,100.0
traj_sweep_722,routing,0.000859611,0.000859611,1076.77,1278.42,728.308,728.308,640.0,5.0,640.0,3.37,0.0395,25.31,0.676383,0.676383,664.0,23.0,23.0,4048.0,4048.0,58026.0,1.0,23.0,5.0,0.00013361,0.00181546,0.0001242,0.00296622,1.338e-05,1.43e-06,2.585e-05,1.38e-06,2.361e-05,232.0,6338.0,0.00155842,1.74558e-05,0.00136426,0.00294014,657.0,3110.81,0.750348,0.597237,8.0,2312630000.0,2312630000.0,0.112584,-0.0282078,-0.00808281,67.6383,57.0,19.0,7.0,0.0,662.0,3386.0,3386.0,3524.0,3549.0,3527.0,3524.0,3524.0,0.43,1.0,48.0,50.0,0.2,100.0
traj_sweep_723,routing,0.00397645,0.00397645,1076.77,1278.42,723.52,723.52,626.0,6.0,626.0,8.4,0.1085,67.95,0.671937,0.671937,650.0,23.0,23.0,4048.0,4048.0,178006.0,3.0,23.0,5.0,0.00028798,0.00239727,0.000214471,0.00272722,2.7149e-05,3.4e-07,3.542e-05,2.36e-06,4.2689e-05,523.0,6520.0,0.00149354,1.73801e-05,0.00135042,0.00286134,642.0,3144.68,0.75434,0.597232,4.0,2304160000.0,2304160000.0,0.112173,-0.00717409,-0.00342484,67.1937,79.0,34.0,25.0,0.0,648.0,3380.0,3380.0,3653.0,3699.0,3658.0,3648.0,3653.0,0.44,1.0,48.0,50.0,0.2,100.0
traj_sweep_725,routing,0.00119697,0.00119697,1076.77,1278.42,683.354,683.354,614.0,0.0,614.0,0.95,0.002,1.52,0.634634,0.634634,638.0,23.0,23.0,4048.0,4048.0,5614.0,0.0,22.0,4.0,1.142e-05,5.813e-05,2.132e-05,0.00253631,7.3e-07,3.4e-07,2.01e-06,7.2e-07,4.37e-06,9.0,6190.0,0.00133021,1.57822e-05,0.00119011,0.0025361,636.0,2990.79,0.761141,0.613936,0.0,2226370000.0,2226370000.0,0.111559,0.0,0.000117628,63.4634,36.0,29.0,21.0,0.0,636.0,3253.0,3253.0,3446.0,3501.0,3463.0,3452.0,3446.0,0.46,1.0,48.0,50.0,0.2,100.0
traj_sweep_726,routing,0.00136995,0.00136995,1076.77,1278.42,678.034,678.034,610.0,0.0,610.0,0.0,0.0,0.0,0.629694,0.629694,636.0,23.0,23.0,4048.0,4048.0,0.0,0.0,22.0,4.0,8.89e-06,8.612e-05,1.893e-05,0.00588804,5.4e-07,4.4e-07,1.49e-06,5.7e-07,3.52e-06,11.0,6044.0,0.00128642,1.55925e-05,0.00113926,0.00244128,634.0,2956.45,0.724088,0.507366,0.0,2211080000.0,2211080000.0,0.113211,0.0,0.003753,62.9694,73.0,23.0,22.0,0.0,634.0,3279.0,3279.0,3428.0,3463.0,3436.0,3433.0,3428.0,0.47,1.0,48.0,50.0,0.2,100.0
traj_sweep_727,routing,0.000814626,0.000814626,1076.77,1278.42,677.768,677.768,611.0,0.0,611.0,0.0,0.0,0.0,0.629447,0.629447,636.0,23.0,23.0,4048.0,4048.0,0.0,0.0,22.0,4.0,0.00203282,0.0124447,0.00128818,0.0134618,0.00016692,1.14e-06,0.00018755,1.0749e-05,0.000241909,3149.0,6147.0,0.00125918,1.55891e-05,0.00113053,0.0024053,634.0,2997.21,0.735273,0.528017,0.0,2206490000.0,2206490000.0,0.112647,0.0,0.010394,62.9447,50.0,22.0,10.0,0.0,634.0,3224.0,3224.0,3413.0,3443.0,3412.0,3414.0,3413.0,0.48,1.0,48.0,50.0,0.2,100.0
traj_sweep_728,routing,0.00123279,0.00123279,1076.77,1278.42,675.64,675.64,610.0,0.0,610.0,0.0,0.0,0.0,0.62747,0.62747,634.0,23.0,23.0,4048.0,4048.0,0.0,0.0,22.0,4.0,0.00217797,0.00886625,0.00105606,0.0112847,0.00013369,5.5e-07,0.000157,8.69e-06,0.00021028,3205.0,6090.0,0.00124054,1.54618e-05,0.00110505,0.00236106,632.0,2928.69,0.763489,0.618963,0.0,2178380000.0,2178380000.0,0.111784,0.0,0.012683,62.747,75.0,19.0,24.0,0.0,632.0,3277.0,3277.0,3418.0,3427.0,3405.0,3418.0,3418.0,0.49,1.0,48.0,50.0,0.2,100.0
traj_sweep_729,routing,0.00121698,0.00121698,1076.77,1278.42,674.576,674.576,609.0,0.0,609.0,0.0,0.0,0.0,0.626482,0.626482,634.0,23.0,23.0,4048.0,4048.0,0.0,0.0,22.0,4.0,0.002105,0.0121703,0.00133581,0.0150344,0.00013743,7.4e-07,0.00017547,1.078e-05,0.00023,3262.0,6181.0,0.00120526,1.54538e-05,0.00108488,0.0023056,632.0,2969.97,0.736422,0.619204,0.0,2166190000.0,2166190000.0,0.112493,0.0,0.0226343,62.6482,64.0,30.0,25.0,0.0,632.0,3258.0,3258.0,3452.0,3447.0,3434.0,3452.0,3452.0,0.5,1.0,48.0,50.0,0.2,100.0
traj_sweep_730,routing,0.000538965,0.000538965,1076.77,1278.42,675.374,675.374,610.0,0.0,610.0,0.0,0.0,0.0,0.627223,0.627223,634.0,23.0,23.0,4048.0,4048.0,0.0,0.0,22.0,4.0,0.00125305,0.00861813,0.00076017,0.0126073,9.5051e-05,5.8e-07,0.00015445,7.749e-06,0.000162751,3189.0,6218.0,0.00119125,1.5441e-05,0.00106034,0.00226703,632.0,2974.21,0.772332,0.606295,0.0,2139580000.0,2139580000.0,0.111995,0.0,0.0299596,62.7223,46.0,17.0,5.0,0.0,632.0,3292.0,3292.0,3456.0,3489.0,3468.0,3455.0,3456.0,0.51,1.0,48.0,50.0,0.2,100.0
traj_sweep_732,routing,0.00158487,0.00158487,1076.77,1278.42,675.108,675.108,610.0,0.0,610.0,0.0,0.0,0.0,0.626976,0.626976,634.0,23.0,23.0,4048.0,4048.0,0.0,0.0,22.0,4.0,0.00217669,0.0100349,0.00133047,0.011168,0.00016136,6.2e-07,0.00019096,1.1011e-05,0.000229869,3235.0,6136.0,0.0011409,1.54521e-05,0.00101919,0.00217554,632.0,2954.18,0.778144,0.610451,0.0,2165570000.0,2165570000.0,0.114009,0.0,0.0443398,62.6976,82.0,17.0,22.0,0.0,632.0,3302.0,3302.0,3420.0,3454.0,3435.0,3420.0,3420.0,0.53,1.0,48.0,50.0,0.2,100.0
traj_sweep_733,routing,0.00159453,0.00159453,1076.77,1278.42,675.108,675.108,610.0,0.0,610.0,0.0,0.0,0.0,0.626976,0.626976,634.0,23.0,23.0,4048.0,4048.0,0.0,0.0,22.0,4.0,0.00135564,0.00904069,0.00086638,0.0114951,0.00011581,5.9e-07,0.0001461,8.83e-06,0.00018472,3182.0,6204.0,0.00111975,1.54521e-05,0.000997337,0.00213254,632.0,2953.53,0.722507,0.598572,0.0,2109890000.0,2109890000.0,0.113238,0.0,0.05369,62.6976,38.0,8.0,7.0,0.0,632.0,3238.0,3238.0,3437.0,3494.0,3437.0,3438.0,3437.0,0.54,1.0,48.0,50.0,0.2,100.0
traj_sweep_734,routing,0.00315694,0.00315694,1076.77,1278.42,674.842,674.842,610.0,0.0,610.0,0.0,0.0,0.0,0.626729,0.626729,634.0,23.0,23.0,4048.0,4048.0,0.0,0.0,22.0,4.0,0.00217421,0.0133182,0.00131893,0.0133006,0.00014299,1.19e-06,0.000192991,1.061e-05,0.00022545,3149.0,6064.0,0.00109858,1.54472e-05,0.000984295,0.00209833,632.0,2971.36,0.747614,0.60119,0.0,2122040000.0,2122040000.0,0.113914,0.0,0.0618751,62.6729,55.0,35.0,12.0,0.0,632.0,3265.0,3265.0,3465.0,3491.0,3460.0,3464.0,3465.0,0.55,1.0,48.0,50.0,0.2,100.0
traj_sweep_735,routing,0.00049203,0.00049203,1076.77,1278.42,674.576,674.576,609.0,0.0,609.0,0.0,0.0,0.0,0.626482,0.626482,633.0,23.0,23.0,4048.0,4048.0,0.0,0.0,22.0,4.0,0.00133468,0.00895778,0.00077274,0.011292,9.659e-05,8.6e-07,0.00014348,7.56e-06,0.00015999,3153.0,6116.0,0.00108587,1.54213e-05,0.000963837,0.00206513,631.0,2964.61,0.735633,0.530987,0.0,2135080000.0,2135080000.0,0.112525,0.0,0.0697001,62.6482,60.0,33.0,15.0,0.0,631.0,3217.0,3217.0,3451.0,3480.0,3441.0,3446.0,3451.0,0.56,1.0,48.0,50.0,0.2,100.0
traj_sweep_736,routing,0.00049203,0.00049203,1076.77,1278.42,674.576,674.576,609.0,0.0,609.0,0.0,0.0,0.0,0.626482,0.626482,633.0,23.0,23.0,4048.0,4048.0,0.0,0.0,22.0,4.0,0.00212244,0.0126938,0.00135573,0.0130443,0.00014544,9.9e-07,0.00018648,1.061e-05,0.00023998,3153.0,6116.0,0.00106682,1.54213e-05,0.000946928,0.00202917,631.0,2964.61,0.735633,0.530987,0.0,2135080000.0,2135080000.0,0.112525,0.0,0.0777002,62.6482,60.0,33.0,15.0,0.0,631.0,3217.0,3217.0,3451.0,3480.0,3441.0,3446.0,3451.0,0.57,1.0,48.0,50.0,0.2,100.0
traj_sweep_737,routing,0.000700752,0.000700752,1076.77,1278.42,674.044,674.044,608.0,0.0,608.0,0.0,0.0,0.0,0.625988,0.625988,632.0,23.0,23.0,4048.0,4048.0,0.0,0.0,22.0,4.0,0.00128531,0.0101747,0.000776489,0.00936668,9.524e-05,6.8e-07,0.00014962,7.24e-06,0.00016086,3247.0,6190.0,0.00104914,1.54214e-05,0.000927773,0.00199233,630.0,2921.09,0.760464,0.473479,0.0,2123990000.0,2123990000.0,0.113435,0.0,0.087532,62.5988,65.0,32.0,22.0,0.0,630.0,3219.0,3219.0,3373.0,3425.0,3386.0,3372.0,3373.0,0.58,1.0,48.0,50.0,0.2,100.0
traj_sweep_738,routing,0.00137943,0.00137943,1076.77,1278.42,673.512,673.512,608.0,0.0,608.0,0.0,0.0,0.0,0.625494,0.625494,632.0,23.0,23.0,4048.0,4048.0,0.0,0.0,22.0,4.0,0.00123631,0.00899483,0.00076811,0.0110872,9.6629e-05,6.6e-07,0.00014273,8.251e-06,0.0001643,3093.0,6053.0,0.00102491,1.54102e-05,0.000910901,0.00195122,630.0,2954.09,0.759396,0.538249,0.0,2126130000.0,2126130000.0,0.112418,0.0,0.0925506,62.5494,43.0,16.0,11.0,0.0,630.0,3256.0,3256.0,3413.0,3433.0,3403.0,3407.0,3413.0,0.59,1.0,48.0,50.0,0.2,100.0
traj_sweep_739,routing,0.00191565,0.00191565,1076.77,1278.42,674.842,674.842,608.0,0.0,608.0,0.0,0.0,0.0,0.626729,0.626729,632.0,23.0,23.0,4048.0,4048.0,0.0,0.0,22.0,4.0,0.0020689,0.0132183,0.00127486,0.0123128,0.00014967,8.6e-07,0.00022564,1.063e-05,0.00023734,3259.0,6198.0,0.00101433,1.54659e-05,0.000904118,0.00193391,630.0,2973.11,0.691699,0.537986,0.0,2117960000.0,2117960000.0,0.113239,0.0,0.100585,62.6729,52.0,17.0,8.0,0.0,630.0,3267.0,3267.0,3446.0,3476.0,3431.0,3446.0,3446.0,0.6,1.0,48.0,50.0,0.2,100.0
traj_sweep_740,routing,0.00120744,0.00120744,1076.77,1278.42,674.842,674.842,608.0,0.0,608.0,0.0,0.0,0.0,0.626729,0.626729,632.0,23.0,23.0,4048.0,4048.0,0.0,0.0,22.0,4.0,0.00212765,0.0120474,0.00130639,0.015318,0.00015053,1.08e-06,0.00018988,1.098e-05,0.0002245,3216.0,6141.0,0.000997839,1.54659e-05,0.000883233,0.00189654,630.0,2960.42,0.684136,0.531927,0.0,2130680000.0,2130680000.0,0.112884,0.0,0.111295,62.6729,47.0,26.0,26.0,0.0,630.0,3268.0,3268.0,3428.0,3473.0,3428.0,3428.0,3428.0,0.61,1.0,48.0,50.0,0.2,100.0
traj_sweep_741,routing,0.00126948,0.00126948,1076.77,1278.42,674.044,674.044,608.0,0.0,608.0,0.0,0.0,0.0,0.625988,0.625988,632.0,23.0,23.0,4048.0,4048.0,0.0,0.0,22.0,4.0,0.00170196,0.012054,0.00132264,0.01502,0.000160889,6e-07,0.00019014,1.845e-05,0.00026005,3220.0,6213.0,0.000981464,1.54214e-05,0.000873202,0.00187009,630.0,2958.44,0.776266,0.531586,0.0,2140920000.0,2140920000.0,0.112327,0.0,0.11532,62.5988,39.0,13.0,5.0,1.0,630.0,3257.0,3257.0,3415.0,3450.0,3414.0,3412.0,3413.0,0.62,1.0,48.0,50.0,0.2,100.0
traj_sweep_742,routing,0.000476987,0.000476987,1076.77,1278.42,995.904,995.904,751.0,14.0,751.0,12.01,1.014,761.72,0.924901,0.924901,777.0,23.0,23.0,4048.0,4048.0,1533970.0,19.0,23.0,5.0,0.00137942,0.0134363,0.00096225,0.00210894,0.00013322,5e-07,0.00018808,1.258e-05,0.0002178,2860.0,9410.0,0.00674942,2.76461e-05,0.00567716,0.0124542,761.0,4912.19,0.640936,0.692862,53.0,2333530000.0,2333530000.0,0.072406,-13.3868,-0.288535,92.4901,92.0,57.0,42.0,0.0,775.0,4222.0,4222.0,5300.0,5345.0,5311.0,5297.0,5300.0,0.14,1.0,49.0,50.0,0.2,100.0
traj_sweep_743,routing,0.00176466,0.00176466,1076.77,1278.42,963.186,963.186,738.0,2.0,738.0,7.69,0.2415,178.56,0.894516,0.894516,762.0,23.0,23.0,4048.0,4048.0,192162.0,2.0,23.0,5.0,0.000482671,0.00460758,0.000383451,0.00299335,5.528e-05,1.05e-06,7.9189e-05,3.24e-06,7.5331e-05,808.0,8296.0,0.00608773,2.6352e-05,0.00507748,0.0111916,759.0,4217.84,0.586046,0.666466,53.0,2351470000.0,2351470000.0,0.0714098,-12.7749,-0.275266,89.4516,57.0,24.0,18.0,0.0,760.0,3926.0,3926.0,4529.0,4554.0,4537.0,4524.0,4529.0,0.15,1.0,49.0,50.0,0.2,100.0
traj_sweep_744,routing,0.00115712,0.00115712,1076.77,1278.42,973.826,973.826,741.0,5.0,741.0,14.24,0.559,414.26,0.904397,0.904397,765.0,23.0,23.0,4048.0,4048.0,917865.0,10.0,23.0,5.0,0.0009023,0.0116244,0.000613449,0.00287625,0.00011828,5.5e-07,0.00014657,6.55e-06,0.00017417,1730.0,9305.0,0.0056753,2.68643e-05,0.00477092,0.0104731,761.0,4953.33,0.504611,0.627221,53.0,2332750000.0,2332750000.0,0.0735264,-12.4429,-0.268679,90.4397,94.0,43.0,39.0,0.0,763.0,4214.0,4214.0,5284.0,5377.0,5285.0,5293.0,5284.0,0.16,1.0,49.0,50.0,0.2,100.0
traj_sweep_745,routing,0.00126218,0.00126218,1076.77,1278.42,958.664,958.664,739.0,4.0,739.0,11.06,0.467,345.41,0.890316,0.890316,763.0,23.0,23.0,4048.0,4048.0,746746.0,9.0,23.0,5.0,0.000629509,0.00764586,0.000503799,0.0027963,8.317e-05,2.4e-07,8.258e-05,4.59e-06,9.525e-05,1550.0,8706.0,0.0053335,2.61595e-05,0.00450031,0.00985997,759.0,4504.43,0.633095,0.689077,53.0,2343470000.0,2343470000.0,0.0744793,-11.7635,-0.256718,89.0316,84.0,56.0,27.0,0.0,761.0,4026.0,4026.0,4872.0,4883.0,4849.0,4864.0,4872.0,0.17,1.0,49.0,50.0,0.2,100.0
traj_sweep_746,routing,0.00173515,0.00173515,1076.77,1278.42,975.688,975.688,735.0,7.0,735.0,10.68,0.8515,625.95,0.906126,0.906126,759.0,23.0,23.0,4048.0,4048.0,1261460.0,15.0,23.0,5.0,0.00125781,0.0136154,0.00061208,0.00297805,0.000143171,4.29e-07,0.000174671,9.58e-06,0.0002385,2454.0,9025.0,0.00507171,2.68177e-05,0.00433406,0.00943258,752.0,4803.49,0.612556,0.679212,53.0,2333250000.0,2333250000.0,0.0775945,-11.2222,-0.248587,90.6126,102.0,84.0,33.0,0.0,757.0,4095.0,4095.0,5155.0,5226.0,5173.0,5159.0,5155.0,0.18,1.0,49.0,50.0,0.2,100.0
traj_sweep_747,routing,0.000852436,0.000852436,1076.77,1278.42,961.058,961.058,741.0,10.0,741.0,9.92,0.4865,360.77,0.89254,0.89254,765.0,23.0,23.0,4048.0,4048.0,676349.0,8.0,23.0,5.0,0.000471789,0.00611937,0.00033184,0.00282604,6.212e-05,2e-07,7.9149e-05,4.44e-06,9.67e-05,1374.0,8652.0,0.00470255,2.62681e-05,0.00398,0.00870881,754.0,4534.97,0.60961,0.677793,53.0,2367440000.0,2367440000.0,0.0796665,-10.7028,-0.232397,89.254,91.0,36.0,36.0,0.0,763.0,4104.0,4104.0,4847.0,4897.0,4838.0,4845.0,4847.0,0.19,1.0,49.0,50.0,0.2,100.0
traj_sweep_748,routing,0.00105996,0.00105996,1076.77,1278.42,961.59,961.59,735.0,3.0,735.0,10.83,0.4395,323.17,0.893034,0.893034,761.0,23.0,23.0,4048.0,4048.0,668353.0,8.0,24.0,6.0,0.00073942,0.00727819,0.0003193,0.00252009,5.357e-05,5e-07,8.428e-05,3.9e-06,8.589e-05,1397.0,8364.0,0.00451421,2.64475e-05,0.00377381,0.00831447,756.0,4430.85,0.602605,0.674424,53.0,2365330000.0,2365330000.0,0.0816171,-10.2378,-0.222774,89.3034,91.0,13.0,11.0,0.0,759.0,3969.0,3969.0,4778.0,4794.0,4771.0,4775.0,4778.0,0.2,1.0,49.0,50.0,0.2,100.0
traj_sweep_749,routing,0.0012443,0.0012443,1076.77,1278.42,935.788,935.788,732.0,7.0,732.0,6.93,0.1795,131.56,0.869071,0.869071,756.0,23.0,23.0,4048.0,4048.0,319803.0,4.0,23.0,5.0,0.000283671,0.0030596,0.000242929,0.00275181,2.9631e-05,5.6e-07,4.4671e-05,2.849e-06,5.392e-05,626.0,8028.0,0.00412069,2.53578e-05,0.00348891,0.00763495,750.0,4017.8,0.636916,0.690928,53.0,2366210000.0,2366210000.0,0.0804023,-9.5411,-0.212617,86.9071,68.0,21.0,24.0,0.0,754.0,3828.0,3828.0,4305.0,4352.0,4304.0,4299.0,4305.0,0.21,1.0,49.0,50.0,0.2,100.0
traj_sweep_750,routing,0.00156823,0.00156823,1076.77,1278.42,979.412,979.412,734.0,10.0,734.0,11.82,0.6415,471.13,0.909585,0.909585,760.0,23.0,23.0,4048.0,4048.0,1014430.0,13.0,23.0,5.0,0.00061822,0.00692153,0.000426391,0.00262749,8.554e-05,2.5e-07,9.126e-05,5.87e-06,0.00012185,1882.0,8373.0,0.00410186,2.6933e-05,0.00356933,0.00769813,748.0,4492.85,0.590424,0.668557,53.0,2344860000.0,2344860000.0,0.0849199,-9.16002,-0.206465,90.9585,85.0,47.0,20.0,0.0,758.0,3997.0,3997.0,4816.0,4866.0,4822.0,4813.0,4816.0,0.22,1.0,49.0,50.0,0.2,100.0
traj_sweep_751,routing,0.000715372,0.000715372,1076.77,1278.42,941.906,941.906,727.0,5.0,727.0,6.6,0.245,178.28,0.874753,0.874753,751.0,23.0,23.0,4048.0,4048.0,349230.0,4.0,23.0,5.0,0.00044775,0.00443763,0.00034552,0.00269003,5.996e-05,4e-07,6.189e-05,2.93e-06,6.231e-05,1033.0,8094.0,0.00377468,2.54732e-05,0.00322089,0.00702104,746.0,4110.27,0.645434,0.695024,53.0,2369620000.0,2369620000.0,0.0865714,-8.45931,-0.192008,87.4753,71.0,21.0,24.0,0.0,749.0,3887.0,3887.0,4425.0,4453.0,4426.0,4425.0,4425.0,0.23,1.0,49.0,50.0,0.2,100.0
traj_sweep_752,routing,0.00233705,0.00233705,1076.77,1278.42,929.67,929.67,733.0,8.0,733.0,9.54,0.328,240.47,0.863389,0.863389,757.0,23.0,23.0,4048.0,4048.0,504989.0,7.0,23.0,5.0,0.00057278,0.00558883,0.00040034,0.00264225,7.067e-05,2.2e-07,9.152e-05,5.25e-06,0.00011628,1094.0,7934.0,0.00360517,2.50852e-05,0.00307599,0.00670625,748.0,4012.67,0.62995,0.687564,53.0,2350820000.0,2350820000.0,0.0834689,-8.07402,-0.185383,86.3389,55.0,20.0,39.0,0.0,755.0,3828.0,3828.0,4343.0,4402.0,4375.0,4343.0,4343.0,0.24,1.0,49.0,50.0,0.2,100.0
traj_sweep_753,routing,0.0019167,0.0019167,1076.77,1278.42,947.758,947.758,737.0,9.0,737.0,8.45,0.303,223.55,0.880188,0.880188,761.0,23.0,23.0,4048.0,4048.0,489568.0,6.0,23.0,5.0,0.00052702,0.00635728,0.00034736,0.00196706,5.1011e-05,3.9e-07,7.792e-05,4.26e-06,8.862e-05,1067.0,8056.0,0.00352804,2.55116e-05,0.00299274,0.0065463,752.0,4228.23,0.636359,0.69066,51.0,2386470000.0,2386470000.0,0.091965,-7.57673,-0.169029,88.0188,86.0,45.0,21.0,0.0,759.0,3895.0,3895.0,4527.0,4557.0,4507.0,4523.0,4527.0,0.25,1.0,49.0,50.0,0.2,100.0
traj_sweep_754,routing,0.00092118,0.00092118,1076.77,1278.42,936.586,936.586,729.0,4.0,729.0,8.78,0.2295,167.47,0.869812,0.869812,753.0,23.0,23.0,4048.0,4048.0,433762.0,6.0,23.0,5.0,0.00033059,0.00416274,0.0001937,0.0028615,4.964e-05,3e-07,4.973e-05,3.2e-06,6.833e-05,790.0,8056.0,0.00333144,2.51694e-05,0.00286948,0.00622609,747.0,4116.88,0.640936,0.692862,50.0,2354540000.0,2354540000.0,0.0933272,-7.09569,-0.164711,86.9812,79.0,25.0,22.0,0.0,751.0,3875.0,3875.0,4426.0,4474.0,4429.0,4429.0,4426.0,0.26,1.0,49.0,50.0,0.2,100.0
traj_sweep_755,routing,0.00187513,0.00187513,1076.77,1278.42,926.478,926.478,736.0,6.0,736.0,6.36,0.1775,130.75,0.860425,0.860425,760.0,23.0,23.0,4048.0,4048.0,279837.0,4.0,23.0,5.0,0.00034531,0.00321337,0.00025185,0.00309099,3.237e-05,6.9e-07,4.697e-05,3.03e-06,6.19e-05,742.0,7546.0,0.0031905,2.45493e-05,0.00269389,0.00590893,751.0,3835.89,0.645434,0.695024,49.0,2392140000.0,2392140000.0,0.0953906,-6.60341,-0.148035,86.0425,47.0,17.0,15.0,0.0,758.0,3751.0,3751.0,4102.0,4193.0,4104.0,4106.0,4102.0,0.27,1.0,49.0,50.0,0.2,100.0
traj_sweep_756,routing,0.00152189,0.00152189,1076.77,1278.42,941.108,941.108,734.0,5.0,734.0,9.16,0.7015,515.17,0.874012,0.874012,758.0,23.0,23.0,4048.0,4048.0,1298300.0,17.0,23.0,5.0,0.0008921,0.0092957,0.00053737,0.00263419,0.00010884,3.7e-07,0.00010504,7.38e-06,0.00015295,1659.0,8324.0,0.00313426,2.51706e-05,0.00271389,0.00587331,752.0,4425.71,0.576635,0.66192,49.0,2359110000.0,2359110000.0,0.098068,-6.22271,-0.143888,87.4012,76.0,32.0,28.0,7.0,756.0,3970.0,3970.0,4745.0,4801.0,4760.0,4737.0,4742.0,0.28,1.0,49.0,50.0,0.2,100.0
traj_sweep_757,routing,0.00229208,0.00229208,1076.77,1278.42,932.596,932.596,721.0,1.0,721.0,11.25,0.3855,278.11,0.866107,0.866107,745.0,23.0,23.0,4048.0,4048.0,653754.0,9.0,23.0,5.0,0.00052048,0.00575897,0.00027274,0.0022831,4.677e-05,3.5e-07,6.9349e-05,3.58e-06,7.667e-05,1070.0,8105.0,0.00294121,2.4696e-05,0.00257142,0.00553733,742.0,4125.16,0.636359,0.69067,49.0,2352960000.0,2352960000.0,0.0982873,-5.82479,-0.138095,86.6107,69.0,22.0,12.0,0.0,743.0,3857.0,3857.0,4449.0,4480.0,4443.0,4448.0,4449.0,0.29,1.0,49.0,50.0,0.2,100.0
traj_sweep_758,routing,0.000941768,0.000941768,1076.77,1278.42,894.026,894.026,719.0,1.0,719.0,6.55,0.0575,41.4,0.830287,0.830287,743.0,23.0,23.0,4048.0,4048.0,80483.0,1.0,23.0,5.0,8.7931e-05,0.000881771,7.6551e-05,0.00272523,7.169e-06,2.8e-07,1.0429e-05,1.249e-06,1.5771e-05,186.0,7392.0,0.00275992,2.33577e-05,0.00234223,0.0051255,740.0,3747.65,0.646987,0.69578,49.0,2354790000.0,2354790000.0,0.0994491,-5.20595,-0.124667,83.0287,52.0,30.0,11.0,0.0,741.0,3707.0,3707.0,4056.0,4096.0,4041.0,4053.0,4056.0,0.3,1.0,49.0,50.0,0.2,100.0
traj_sweep_759,routing,0.00157981,0.00157981,1076.77,1278.42,891.898,891.898,721.0,2.0,721.0,5.6,0.0245,17.9,0.82831,0.82831,745.0,23.0,23.0,4048.0,4048.0,52537.0,1.0,23.0,5.0,6.352e-05,0.00053666,7.2751e-05,0.00265793,5.12e-06,3.7e-07,9.029e-06,1.069e-06,1.2171e-05,115.0,7301.0,0.0026753,2.32567e-05,0.0022437,0.00494225,742.0,3636.19,0.635443,0.690227,49.0,2354790000.0,2354790000.0,0.102168,-4.73614,-0.114667,82.831,41.0,9.0,3.0,0.0,743.0,3686.0,3686.0,3903.0,3952.0,3907.0,3902.0,3903.0,0.31,1.0,49.0,50.0,0.2,100.0
traj_sweep_760,routing,0.00218637,0.00218637,1076.77,1278.42,891.632,891.632,708.0,4.0,708.0,7.69,0.4085,289.29,0.828063,0.828063,732.0,23.0,23.0,4048.0,4048.0,727273.0,11.0,23.0,5.0,0.00069165,0.00660021,0.00047551,0.00269608,7.675e-05,4.8e-07,9.886e-05,5.15e-06,0.00014426,1308.0,7666.0,0.00254061,2.32569e-05,0.0022425,0.00480636,726.0,3747.3,0.639941,0.692389,49.0,2351710000.0,2351710000.0,0.101394,-4.22504,-0.105223,82.8063,69.0,33.0,29.0,0.0,730.0,3749.0,3749.0,4063.0,4115.0,4071.0,4071.0,4063.0,0.32,1.0,49.0,50.0,0.2,100.0
traj_sweep_761,routing,0.00159197,0.00159197,1076.77,1278.42,888.44,888.44,703.0,5.0,703.0,9.02,0.377,265.25,0.825099,0.825099,727.0,23.0,23.0,4048.0,4048.0,679928.0,10.0,23.0,5.0,0.00069106,0.0051032,0.00034762,0.00280489,0.00011812,4.89e-07,9.5e-05,5.47e-06,0.00013355,1228.0,7464.0,0.00246745,2.31933e-05,0.00217544,0.00466609,719.0,3746.79,0.277587,0.517943,47.0,2348630000.0,2348630000.0,0.10391,-3.97803,-0.0957808,82.5099,73.0,29.0,23.0,0.0,725.0,3708.0,3708.0,4086.0,4152.0,4083.0,4084.0,4086.0,0.33,1.0,49.0,50.0,0.2,100.0
traj_sweep_762,routing,0.00179003,0.00179003,1076.77,1278.42,875.672,875.672,707.0,6.0,707.0,8.83,0.2645,187.17,0.813241,0.813241,731.0,23.0,23.0,4048.0,4048.0,433147.0,6.0,23.0,5.0,0.00070857,0.00600491,0.0004228,0.00247836,6.322e-05,3.49e-07,8.656e-05,3.95e-06,9.927e-05,1057.0,7467.0,0.00234558,2.26624e-05,0.00202633,0.00439457,722.0,3577.85,0.299718,0.528531,48.0,2370490000.0,2370490000.0,0.107632,-3.40311,-0.0872546,81.3241,57.0,18.0,5.0,0.0,729.0,3653.0,3653.0,3914.0,3978.0,3925.0,3914.0,3914.0,0.34,1.0,49.0,50.0,0.2,100.0
traj_sweep_763,routing,0.00164003,0.00164003,1076.77,1278.42,877.268,877.268,705.0,3.0,705.0,5.6,0.1135,80.06,0.814723,0.814723,729.0,23.0,23.0,4048.0,4048.0,156879.0,2.0,23.0,5.0,0.00021886,0.00207572,0.00016638,0.00394206,4.381e-05,9.5e-07,2.759e-05,2.06e-06,3.604e-05,394.0,7267.0,0.0023079,2.27761e-05,0.00200441,0.00433509,724.0,3570.68,0.649295,0.696887,47.0,2342380000.0,2342380000.0,0.10882,-3.06388,-0.0790297,81.4723,68.0,21.0,15.0,0.0,727.0,3635.0,3635.0,3915.0,3914.0,3917.0,3910.0,3915.0,0.35,1.0,49.0,50.0,0.2,100.0
traj_sweep_764,routing,0.00143361,0.00143361,1076.77,1278.42,841.092,841.092,699.0,1.0,699.0,5.27,0.0235,16.43,0.781126,0.781126,723.0,23.0,23.0,4048.0,4048.0,45294.0,1.0,23.0,5.0,2.8471e-05,0.000284309,3.1589e-05,0.00276633,2.32e-06,3.6e-07,5.311e-06,7.09e-07,6.149e-06,65.0,6854.0,0.00215189,2.14105e-05,0.00183765,0.00401095,720.0,3275.5,0.630109,0.687645,47.0,2346850000.0,2346850000.0,0.10917,-2.57983,-0.0661035,78.1126,32.0,24.0,12.0,3.0,721.0,3485.0,3485.0,3639.0,3669.0,3631.0,3637.0,3639.0,0.36,1.0,49.0,50.0,0.2,100.0
traj_sweep_765,routing,0.00167891,0.00167891,1076.77,1278.42,884.982,884.982,708.0,13.0,708.0,7.12,0.42,297.37,0.821887,0.821887,732.0,23.0,23.0,4048.0,4048.0,757293.0,11.0,23.0,5.0,0.00082674,0.006884,0.00054592,0.00261673,8.907e-05,4.4e-07,9.776e-05,5.99e-06,0.00012963,1555.0,7461.0,0.00221368,2.31262e-05,0.00190433,0.00414113,716.0,3695.55,0.2912,0.524459,47.0,2334420000.0,2334420000.0,0.111207,-2.26339,-0.0649776,82.1887,74.0,29.0,20.0,0.0,730.0,3747.0,3747.0,4036.0,4073.0,4026.0,4036.0,4036.0,0.37,1.0,49.0,50.0,0.2,100.0
traj_sweep_766,routing,0.0017273,0.0017273,1076.77,1278.42,923.02,923.02,708.0,6.0,708.0,7.74,0.4455,315.49,0.857213,0.857213,733.0,23.0,23.0,4048.0,4048.0,794062.0,11.0,23.0,5.0,0.00071474,0.00826452,0.00050944,0.00271272,9.31e-05,8.8e-07,9.67e-05,5.23e-06,0.00011866,1242.0,7618.0,0.00223122,2.45202e-05,0.00199638,0.00425212,725.0,3934.15,0.639941,0.692393,47.0,2311990000.0,2311990000.0,0.114981,-1.94565,-0.0525272,85.7213,73.0,10.0,6.0,0.0,731.0,3755.0,3755.0,4256.0,4302.0,4255.0,4257.0,4256.0,0.38,1.0,49.0,50.0,0.2,100.0
traj_sweep_767,routing,0.00113526,0.00113526,1076.77,1278.42,869.288,869.288,701.0,3.0,701.0,5.84,0.1265,88.7,0.807312,0.807312,725.0,23.0,23.0,4048.0,4048.0,233907.0,3.0,23.0,5.0,0.00018677,0.00246902,0.00013222,0.00238447,1.975e-05,3.2e-07,3.137e-05,1.91e-06,3.21e-05,484.0,7068.0,0.00204168,2.23041e-05,0.0017778,0.00384178,718.0,3523.9,0.64834,0.643285,45.0,2320030000.0,2320030000.0,0.116483,-1.4621,-0.0412349,80.7312,56.0,27.0,19.0,0.0,723.0,3551.0,3551.0,3849.0,3888.0,3867.0,3840.0,3849.0,0.39,1.0,49.0,50.0,0.2,100.0
traj_sweep_768,routing,0.00132669,0.00132669,1076.77,1278.42,855.722,855.722,694.0,2.0,694.0,8.07,0.2245,156.04,0.794713,0.794713,718.0,23.0,23.0,4048.0,4048.0,363636.0,5.0,23.0,5.0,0.00043672,0.0042018,0.00023207,0.00269941,3.821e-05,5.49e-07,4.988e-05,3.1e-06,6.698e-05,914.0,7176.0,0.00197142,2.20413e-05,0.00172975,0.00372321,712.0,3590.68,0.265963,0.512339,45.0,2316230000.0,2316230000.0,0.112374,-1.2017,-0.0317368,79.4713,56.0,36.0,29.0,0.0,716.0,3594.0,3594.0,3924.0,3965.0,3921.0,3909.0,3924.0,0.4,1.0,49.0,50.0,0.2,100.0
traj_sweep_769,routing,0.0013845,0.0013845,1076.77,1278.42,804.118,804.118,680.0,1.0,680.0,5.6,0.175,119.29,0.746789,0.746789,704.0,23.0,23.0,4048.0,4048.0,326742.0,5.0,23.0,5.0,0.00034533,0.00324852,0.000274729,0.00280589,4.014e-05,3.5e-07,5.167e-05,3.07e-06,6.24e-05,587.0,7105.0,0.0018485,2.0143e-05,0.00160447,0.00347311,703.0,3569.49,0.641494,0.693133,26.0,2335190000.0,2335190000.0,0.112514,-0.350038,-0.0214434,74.6789,39.0,7.0,6.0,0.0,702.0,3570.0,3570.0,3939.0,3990.0,3940.0,3938.0,3939.0,0.41,1.0,49.0,50.0,0.2,100.0
traj_sweep_770,routing,0.00114852,0.00114852,1076.77,1278.42,804.916,804.916,671.0,10.0,671.0,7.88,0.409,274.5,0.74753,0.74753,695.0,23.0,23.0,4048.0,4048.0,675879.0,11.0,23.0,5.0,0.00068218,0.00554583,0.00044347,0.00225008,5.761e-05,5e-07,6.726e-05,5.33e-06,9.589e-05,1197.0,6939.0,0.00178708,2.02867e-05,0.00158064,0.00338801,683.0,3518.53,0.795061,0.596077,23.0,2325090000.0,2325090000.0,0.111986,-0.141226,-0.0125539,74.753,34.0,9.0,6.0,0.0,693.0,3546.0,3546.0,3867.0,3882.0,3852.0,3865.0,3867.0,0.42,1.0,49.0,50.0,0.2,100.0
traj_sweep_771,routing,0.000859611,0.000859611,1076.77,1278.42,728.308,728.308,640.0,5.0,640.0,3.37,0.0395,25.31,0.676383,0.676383,664.0,23.0,23.0,4048.0,4048.0,58026.0,1.0,23.0,5.0,9.1371e-05,0.00144715,6.786e-05,0.00294787,7.991e-06,7.6e-07,1.4591e-05,1.02e-06,1.596e-05,232.0,6338.0,0.00155842,1.74558e-05,0.00136426,0.00294014,657.0,3110.81,0.750348,0.597237,8.0,2312630000.0,2312630000.0,0.112584,-0.0282078,-0.00808281,67.6383,57.0,19.0,7.0,0.0,662.0,3386.0,3386.0,3524.0,3549.0,3527.0,3524.0,3524.0,0.43,1.0,49.0,50.0,0.2,100.0
traj_sweep_772,routing,0.00397645,0.00397645,1076.77,1278.42,723.52,723.52,626.0,6.0,626.0,8.4,0.1085,67.95,0.671937,0.671937,650.0,23.0,23.0,4048.0,4048.0,178006.0,3.0,23.0,5.0,0.00018876,0.00176951,0.00013896,0.00261226,1.738e-05,2.2e-07,2.506e-05,1.67e-06,3.254e-05,523.0,6520.0,0.00149354,1.73801e-05,0.00135042,0.00286134,642.0,3144.68,0.75434,0.597232,4.0,2304160000.0,2304160000.0,0.112173,-0.00717409,-0.00342484,67.1937,79.0,34.0,25.0,0.0,648.0,3380.0,3380.0,3653.0,3699.0,3658.0,3648.0,3653.0,0.44,1.0,49.0,50.0,0.2,100.0
traj_sweep_773,routing,0.000886222,0.000886222,1076.77,1278.42,698.782,698.782,625.0,8.0,625.0,4.32,0.051,32.0,0.648962,0.648962,649.0,23.0,23.0,4048.0,4048.0,79852.0,1.0,22.0,4.0,0.00016229,0.00131542,0.00013008,0.00306283,1.347e-05,3.3e-07,1.999e-05,1.63e-06,2.636e-05,256.0,6301.0,0.00139508,1.63324e-05,0.0012444,0.00265582,639.0,3140.53,0.728876,0.611443,3.0,2272210000.0,2272210000.0,0.113273,-0.00124065,-0.00089051,64.8962,46.0,23.0,15.0,0.0,647.0,3303.0,3303.0,3517.0,3535.0,3517.0,3513.0,3517.0,0.45,1.0,49.0,50.0,0.2,100.0
traj_sweep_774,routing,0.00119697,0.00119697,1076.77,1278.42,683.354,683.354,614.0,0.0,614.0,0.95,0.002,1.52,0.634634,0.634634,638.0,23.0,23.0,4048.0,4048.0,5614.0,0.0,22.0,4.0,1.2329e-05,0.00012347,2.294e-05,0.00244925,7.29e-07,5.1e-07,1.731e-06,6.6e-07,4.1e-06,9.0,6190.0,0.00133021,1.57822e-05,0.00119011,0.0025361,636.0,2990.79,0.761141,0.613936,0.0,2226370000.0,2226370000.0,0.111559,0.0,0.000117628,63.4634,36.0,29.0,21.0,0.0,636.0,3253.0,3253.0,3446.0,3501.0,3463.0,3452.0,3446.0,0.46,1.0,49.0,50.0,0.2,100.0
traj_sweep_775,routing,0.00136995,0.00136995,1076.77,1278.42,678.034,678.034,610.0,0.0,610.0,0.0,0.0,0.0,0.629694,0.629694,636.0,23.0,23.0,4048.0,4048.0,0.0,0.0,22.0,4.0,9.29e-06,7.505e-05,1.662e-05,0.00543402,5.9e-07,3.6e-07,1.3e-06,5.91e-07,3.469e-06,11.0,6044.0,0.00128642,1.55925e-05,0.00113926,0.00244128,634.0,2956.45,0.724088,0.507366,0.0,2211080000.0,2211080000.0,0.113211,0.0,0.003753,62.9694,73.0,23.0,22.0,0.0,634.0,3279.0,3279.0,3428.0,3463.0,3436.0,3433.0,3428.0,0.47,1.0,49.0,50.0,0.2,100.0
traj_sweep_776,routing,0.000814626,0.000814626,1076.77,1278.42,677.768,677.768,611.0,0.0,611.0,0.0,0.0,0.0,0.629447,0.629447,636.0,23.0,23.0,4048.0,4048.0,0.0,0.0,22.0,4.0,0.00134307,0.00864262,0.000874849,0.0114082,0.00010613,5.7e-07,0.000157369,7.84e-06,0.00016534,3149.0,6147.0,0.00125918,1.55891e-05,0.00113053,0.0024053,634.0,2997.21,0.735273,0.528017,0.0,2206490000.0,2206490000.0,0.112647,0.0,0.010394,62.9447,50.0,22.0,10.0,0.0,634.0,3224.0,3224.0,3413.0,3443.0,3412.0,3414.0,3413.0,0.48,1.0,49.0,50.0,0.2,100.0
traj_sweep_777,routing,0.00123279,0.00123279,1076.77,1278.42,675.64,675.64,610.0,0.0,610.0,0.0,0.0,0.0,0.62747,0.62747,634.0,23.0,23.0,4048.0,4048.0,0.0,0.0,22.0,4.0,0.00153901,0.0112584,0.00093844,0.0118197,9.87e-05,4.5e-07,0.00017569,1.1091e-05,0.000208351,3205.0,6090.0,0.00124054,1.54618e-05,0.00110505,0.00236106,632.0,2928.69,0.763489,0.618963,0.0,2178380000.0,2178380000.0,0.111784,0.0,0.012683,62.747,75.0,19.0,24.0,0.0,632.0,3277.0,3277.0,3418.0,3427.0,3405.0,3418.0,3418.0,0.49,1.0,49.0,50.0,0.2,100.0
traj_sweep_778,routing,0.00121698,0.00121698,1076.77,1278.42,674.576,674.576,609.0,0.0,609.0,0.0,0.0,0.0,0.626482,0.626482,634.0,23.0,23.0,4048.0,4048.0,0.0,0.0,22.0,4.0,0.0022058,0.0127593,0.00134674,0.012976,0.00014799,9e-07,0.000192469,1.098e-05,0.00023805,3262.0,6181.0,0.00120526,1.54538e-05,0.00108488,0.0023056,632.0,2969.97,0.736422,0.619204,0.0,2166190000.0,2166190000.0,0.112493,0.0,0.0226343,62.6482,64.0,30.0,25.0,0.0,632.0,3258.0,3258.0,3452.0,3447.0,3434.0,3452.0,3452.0,0.5,1.0,49.0,50.0,0.2,100.0
traj_sweep_779,routing,0.000538965,0.000538965,1076.77,1278.42,675.374,675.374,610.0,0.0,610.0,0.0,0.0,0.0,0.627223,0.627223,634.0,23.0,23.0,4048.0,4048.0,0.0,0.0,22.0,4.0,0.00125035,0.00862904,0.0007917,0.00942969,9.74e-05,5.4e-07,0.00014154,8.17e-06,0.00016823,3189.0,6218.0,0.00119125,1.5441e-05,0.00106034,0.00226703,632.0,2974.21,0.772332,0.606295,0.0,2139580000.0,2139580000.0,0.111995,0.0,0.0299596,62.7223,46.0,17.0,5.0,0.0,632.0,3292.0,3292.0,3456.0,3489.0,3468.0,3455.0,3456.0,0.51,1.0,49.0,50.0,0.2,100.0
traj_sweep_780,routing,0.00295478,0.00295478,1076.77,1278.42,675.64,675.64,610.0,0.0,610.0,0.0,0.0,0.0,0.62747,0.62747,634.0,23.0,23.0,4048.0,4048.0,0.0,0.0,22.0,4.0,0.00214621,0.0122079,0.00130078,0.012952,0.0001421,8.5e-07,0.00019388,1.117e-05,0.00025495,3118.0,5976.0,0.00116993,1.54808e-05,0.00104665,0.00223206,632.0,2972.28,0.776034,0.605916,0.0,2191750000.0,2191750000.0,0.112866,0.0,0.0397594,62.747,78.0,14.0,15.0,0.0,632.0,3248.0,3248.0,3397.0,3457.0,3408.0,3400.0,3397.0,0.52,1.0,49.0,50.0,0.2,100.0
traj_sweep_781,routing,0.00158487,0.00158487,1076.77,1278.42,675.108,675.108,610.0,0.0,610.0,0.0,0.0,0.0,0.626976,0.626976,634.0,23.0,23.0,4048.0,4048.0,0.0,0.0,22.0,4.0,0.00130537,0.00860437,0.00075201,0.0114216,9.92e-05,5.2e-07,0.00014434,1.851e-05,0.0001942,3235.0,6136.0,0.0011409,1.54521e-05,0.00101919,0.00217554,632.0,2954.18,0.778144,0.610451,0.0,2165570000.0,2165570000.0,0.114009,0.0,0.0443398,62.6976,82.0,17.0,22.0,0.0,632.0,3302.0,3302.0,3420.0,3454.0,3435.0,3420.0,3420.0,0.53,1.0,49.0,50.0,0.2,100.0
traj_sweep_782,routing,0.00159453,0.00159453,1076.77,1278.42,675.108,675.108,610.0,0.0,610.0,0.0,0.0,0.0,0.626976,0.626976,634.0,23.0,23.0,4048.0,4048.0,0.0,0.0,22.0,4.0,0.00125965,0.00862206,0.00080087,0.0102316,9.839e-05,5.9e-07,0.00014982,7.349e-06,0.000176859,3182.0,6204.0,0.00111975,1.54521e-05,0.000997337,0.00213254,632.0,2953.53,0.722507,0.598572,0.0,2109890000.0,2109890000.0,0.113238,0.0,0.05369,62.6976,38.0,8.0,7.0,0.0,632.0,3238.0,3238.0,3437.0,3494.0,3437.0,3438.0,3437.0,0.54,1.0,49.0,50.0,0.2,100.0
traj_sweep_783,routing,0.00315694,0.00315694,1076.77,1278.42,674.842,674.842,610.0,0.0,610.0,0.0,0.0,0.0,0.626729,0.626729,634.0,23.0,23.0,4048.0,4048.0,0.0,0.0,22.0,4.0,0.00170668,0.00918967,0.00101024,0.0120437,0.00011277,7.2e-07,0.00015532,1.04e-05,0.00020362,3149.0,6064.0,0.00109858,1.54472e-05,0.000984295,0.00209833,632.0,2971.36,0.747614,0.60119,0.0,2122040000.0,2122040000.0,0.113914,0.0,0.0618751,62.6729,55.0,35.0,12.0,0.0,632.0,3265.0,3265.0,3465.0,3491.0,3460.0,3464.0,3465.0,0.55,1.0,49.0,50.0,0.2,100.0
traj_sweep_784,routing,0.00049203,0.00049203,1076.77,1278.42,674.576,674.576,609.0,0.0,609.0,0.0,0.0,0.0,0.626482,0.626482,633.0,23.0,23.0,4048.0,4048.0,0.0,0.0,22.0,4.0,0.00211191,0.0138898,0.00128347,0.0130873,0.00016927,7.3e-07,0.00018869,1.079e-05,0.00024641,3153.0,6116.0,0.00108587,1.54213e-05,0.000963837,0.00206513,631.0,2964.61,0.735633,0.530987,0.0,2135080000.0,2135080000.0,0.112525,0.0,0.0697001,62.6482,60.0,33.0,15.0,0.0,631.0,3217.0,3217.0,3451.0,3480.0,3441.0,3446.0,3451.0,0.56,1.0,49.0,50.0,0.2,100.0
traj_sweep_785,routing,0.00049203,0.00049203,1076.77,1278.42,674.576,674.576,609.0,0.0,609.0,0.0,0.0,0.0,0.626482,0.626482,633.0,23.0,23.0,4048.0,4048.0,0.0,0.0,22.0,4.0,0.00127832,0.00867106,0.00078433,0.00957665,0.00010204,5.5e-07,0.00014259,7.41e-06,0.00016682,3153.0,6116.0,0.00106682,1.54213e-05,0.000946928,0.00202917,631.0,2964.61,0.735633,0.530987,0.0,2135080000.0,2135080000.0,0.112525,0.0,0.0777002,62.6482,60.0,33.0,15.0,0.0,631.0,3217.0,3217.0,3451.0,3480.0,3441.0,3446.0,3451.0,0.57,1.0,49.0,50.0,0.2,100.0
traj_sweep_786,routing,0.000700752,0.000700752,1076.77,1278.42,674.044,674.044,608.0,0.0,608.0,0.0,0.0,0.0,0.625988,0.625988,632.0,23.0,23.0,4048.0,4048.0,0.0,0.0,22.0,4.0,0.00172763,0.00900153,0.0010391,0.0139398,0.00013006,6.3e-07,0.00016316,9.04e-06,0.00020623,3247.0,6190.0,0.00104914,1.54214e-05,0.000927773,0.00199233,630.0,2921.09,0.760464,0.473479,0.0,2123990000.0,2123990000.0,0.113435,0.0,0.087532,62.5988,65.0,32.0,22.0,0.0,630.0,3219.0,3219.0,3373.0,3425.0,3386.0,3372.0,3373.0,0.58,1.0,49.0,50.0,0.2,100.0
traj_sweep_787,routing,0.00137943,0.00137943,1076.77,1278.42,673.512,673.512,608.0,0.0,608.0,0.0,0.0,0.0,0.625494,0.625494,632.0,23.0,23.0,4048.0,4048.0,0.0,0.0,22.0,4.0,0.00206133,0.0125648,0.00130285,0.0127657,0.00013827,8.3e-07,0.00019863,1.044e-05,0.00022026,3093.0,6053.0,0.00102491,1.54102e-05,0.000910901,0.00195122,630.0,2954.09,0.759396,0.538249,0.0,2126130000.0,2126130000.0,0.112418,0.0,0.0925506,62.5494,43.0,16.0,11.0,0.0,630.0,3256.0,3256.0,3413.0,3433.0,3403.0,3407.0,3413.0,0.59,1.0,49.0,50.0,0.2,100.0
traj_sweep_788,routing,0.00191565,0.00191565,1076.77,1278.42,674.842,674.842,608.0,0.0,608.0,0.0,0.0,0.0,0.626729,0.626729,632.0,23.0,23.0,4048.0,4048.0,0.0,0.0,22.0,4.0,0.00193868,0.00913635,0.00092952,0.0120949,0.000187369,5.51e-07,0.00019011,8.889e-06,0.000193889,3259.0,6198.0,0.00101433,1.54659e-05,0.000904118,0.00193391,630.0,2973.11,0.691699,0.537986,0.0,2117960000.0,2117960000.0,0.113239,0.0,0.100585,62.6729,52.0,17.0,8.0,0.0,630.0,3267.0,3267.0,3446.0,3476.0,3431.0,3446.0,3446.0,0.6,1.0,49.0,50.0,0.2,100.0
traj_sweep_789,routing,0.00120744,0.00120744,1076.77,1278.42,674.842,674.842,608.0,0.0,608.0,0.0,0.0,0.0,0.626729,0.626729,632.0,23.0,23.0,4048.0,4048.0,0.0,0.0,22.0,4.0,0.0013153,0.00946468,0.00082382,0.0105611,0.00010293,8.1e-07,0.00015015,9.58e-06,0.00017096,3216.0,6141.0,0.000997839,1.54659e-05,0.000883233,0.00189654,630.0,2960.42,0.684136,0.531927,0.0,2130680000.0,2130680000.0,0.112884,0.0,0.111295,62.6729,47.0,26.0,26.0,0.0,630.0,3268.0,3268.0,3428.0,3473.0,3428.0,3428.0,3428.0,0.61,1.0,49.0,50.0,0.2,100.0
traj_sweep_790,routing,0.00126948,0.00126948,1076.77,1278.42,674.044,674.044,608.0,0.0,608.0,0.0,0.0,0.0,0.625988,0.625988,632.0,23.0,23.0,4048.0,4048.0,0.0,0.0,22.0,4.0,0.00198936,0.0118313,0.00128042,0.0132944,0.000144029,7.71e-07,0.00019498,1.7129e-05,0.00024386,3220.0,6213.0,0.000981464,1.54214e-05,0.000873202,0.00187009,630.0,2958.44,0.776266,0.531586,0.0,2140920000.0,2140920000.0,0.112327,0.0,0.11532,62.5988,39.0,13.0,5.0,1.0,630.0,3257.0,3257.0,3415.0,3450.0,3414.0,3412.0,3413.0,0.62,1.0,49.0,50.0,0.2,100.0
traj_sweep_791,routing,0.000476987,0.000476987,1076.77,1278.42,995.904,995.904,751.0,14.0,751.0,12.01,1.014,761.72,0.924901,0.924901,777.0,23.0,23.0,4048.0,4048.0,1533970.0,19.0,23.0,5.0,0.00136533,0.0111957,0.00088022,0.00223978,0.00012657,6.4e-07,0.00019364,1.777e-05,0.00024959,2860.0,9410.0,0.00674942,2.76461e-05,0.00567716,0.0124542,761.0,4912.19,0.640936,0.692862,53.0,2333530000.0,2333530000.0,0.072406,-13.3868,-0.288535,92.4901,92.0,57.0,42.0,0.0,775.0,4222.0,4222.0,5300.0,5345.0,5311.0,5297.0,5300.0,0.14,1.0,50.0,50.0,0.2,100.0
traj_sweep_792,routing,0.00176466,0.00176466,1076.77,1278.42,963.186,963.186,738.0,2.0,738.0,7.69,0.2415,178.56,0.894516,0.894516,762.0,23.0,23.0,4048.0,4048.0,192162.0,2.0,23.0,5.0,0.00030928,0.00335853,0.00021146,0.00221268,3.146e-05,3.1e-07,4.363e-05,2.89e-06,5.596e-05,808.0,8296.0,0.00608773,2.6352e-05,0.00507748,0.0111916,759.0,4217.84,0.586046,0.666466,53.0,2351470000.0,2351470000.0,0.0714098,-12.7749,-0.275266,89.4516,57.0,24.0,18.0,0.0,760.0,3926.0,3926.0,4529.0,4554.0,4537.0,4524.0,4529.0,0.15,1.0,50.0,50.0,0.2,100.0
traj_sweep_793,routing,0.00115712,0.00115712,1076.77,1278.42,973.826,973.826,741.0,5.0,741.0,14.24,0.559,414.26,0.904397,0.904397,765.0,23.0,23.0,4048.0,4048.0,917865.0,10.0,23.0,5.0,0.00073501,0.0110985,0.00048715,0.00406845,8.984e-05,6.6e-07,0.00010511,5.74e-06,0.00013685,1730.0,9305.0,0.0056753,2.68643e-05,0.00477092,0.0104731,761.0,4953.33,0.504611,0.627221,53.0,2332750000.0,2332750000.0,0.0735264,-12.4429,-0.268679,90.4397,94.0,43.0,39.0,0.0,763.0,4214.0,4214.0,5284.0,5377.0,5285.0,5293.0,5284.0,0.16,1.0,50.0,50.0,0.2,100.0
traj_sweep_794,routing,0.00126218,0.00126218,1076.77,1278.42,958.664,958.664,739.0,4.0,739.0,11.06,0.467,345.41,0.890316,0.890316,763.0,23.0,23.0,4048.0,4048.0,746746.0,9.0,23.0,5.0,0.00084076,0.0085373,0.00058655,0.00208085,7.777e-05,7.3e-07,0.00010486,7.06e-06,0.00012662,1550.0,8706.0,0.0053335,2.61595e-05,0.00450031,0.00985997,759.0,4504.43,0.633095,0.689077,53.0,2343470000.0,2343470000.0,0.0744793,-11.7635,-0.256718,89.0316,84.0,56.0,27.0,0.0,761.0,4026.0,4026.0,4872.0,4883.0,4849.0,4864.0,4872.0,0.17,1.0,50.0,50.0,0.2,100.0
traj_sweep_795,routing,0.00173515,0.00173515,1076.77,1278.42,975.688,975.688,735.0,7.0,735.0,10.68,0.8515,625.95,0.906126,0.906126,759.0,23.0,23.0,4048.0,4048.0,1261460.0,15.0,23.0,5.0,0.0011666,0.0117963,0.00066287,0.00290578,0.00017045,4.2e-07,0.00020804,9.56e-06,0.00019315,2454.0,9025.0,0.00507171,2.68177e-05,0.00433406,0.00943258,752.0,4803.49,0.612556,0.679212,53.0,2333250000.0,2333250000.0,0.0775945,-11.2222,-0.248587,90.6126,102.0,84.0,33.0,0.0,757.0,4095.0,4095.0,5155.0,5226.0,5173.0,5159.0,5155.0,0.18,1.0,50.0,50.0,0.2,100.0
traj_sweep_796,routing,0.000852436,0.000852436,1076.77,1278.42,961.058,961.058,741.0,10.0,741.0,9.92,0.4865,360.77,0.89254,0.89254,765.0,23.0,23.0,4048.0,4048.0,676349.0,8.0,23.0,5.0,0.000611991,0.00642952,0.000380591,0.00293347,6.91e-05,2.1e-07,8.54e-05,4.68e-06,0.000100419,1374.0,8652.0,0.00470255,2.62681e-05,0.00398,0.00870881,754.0,4534.97,0.60961,0.677793,53.0,2367440000.0,2367440000.0,0.0796665,-10.7028,-0.232397,89.254,91.0,36.0,36.0,0.0,763.0,4104.0,4104.0,4847.0,4897.0,4838.0,4845.0,4847.0,0.19,1.0,50.0,50.0,0.2,100.0
traj_sweep_797,routing,0.00105996,0.00105996,1076.77,1278.42,961.59,961.59,735.0,3.0,735.0,10.83,0.4395,323.17,0.893034,0.893034,761.0,23.0,23.0,4048.0,4048.0,668353.0,8.0,24.0,6.0,0.00080549,0.00837088,0.00033445,0.00305998,0.00010685,4.2e-07,6.979e-05,4.54e-06,0.00012456,1397.0,8364.0,0.00451421,2.64475e-05,0.00377381,0.00831447,756.0,4430.85,0.602605,0.674424,53.0,2365330000.0,2365330000.0,0.0816171,-10.2378,-0.222774,89.3034,91.0,13.0,11.0,0.0,759.0,3969.0,3969.0,4778.0,4794.0,4771.0,4775.0,4778.0,0.2,1.0,50.0,50.0,0.2,100.0
traj_sweep_798,routing,0.0012443,0.0012443,1076.77,1278.42,935.788,935.788,732.0,7.0,732.0,6.93,0.1795,131.56,0.869071,0.869071,756.0,23.0,23.0,4048.0,4048.0,319803.0,4.0,23.0,5.0,0.00020996,0.00313971,0.00015608,0.00273836,2.036e-05,3.3e-07,3.292e-05,1.96e-06,3.639e-05,626.0,8028.0,0.00412069,2.53578e-05,0.00348891,0.00763495,750.0,4017.8,0.636916,0.690928,53.0,2366210000.0,2366210000.0,0.0804023,-9.5411,-0.212617,86.9071,68.0,21.0,24.0,0.0,754.0,3828.0,3828.0,4305.0,4352.0,4304.0,4299.0,4305.0,0.21,1.0,50.0,50.0,0.2,100.0
traj_sweep_799,routing,0.00156823,0.00156823,1076.77,1278.42,979.412,979.412,734.0,10.0,734.0,11.82,0.6415,471.13,0.909585,0.909585,760.0,23.0,23.0,4048.0,4048.0,1014430.0,13.0,23.0,5.0,0.00082688,0.00885818,0.000439359,0.00274358,0.000115199,4.4e-07,0.000125231,7.73e-06,0.00016811,1882.0,8373.0,0.00410186,2.6933e-05,0.00356933,0.00769813,748.0,4492.85,0.590424,0.668557,53.0,2344860000.0,2344860000.0,0.0849199,-9.16002,-0.206465,90.9585,85.0,47.0,20.0,0.0,758.0,3997.0,3997.0,4816.0,4866.0,4822.0,4813.0,4816.0,0.22,1.0,50.0,50.0,0.2,100.0
traj_sweep_800,routing,0.000715372,0.000715372,1076.77,1278.42,941.906,941.906,727.0,5.0,727.0,6.6,0.245,178.28,0.874753,0.874753,751.0,23.0,23.0,4048.0,4048.0,349230.0,4.0,23.0,5.0,0.00046406,0.0061567,0.00025218,0.00382605,4.3469e-05,6.8e-07,5.454e-05,3.149e-06,6.8709e-05,1033.0,8094.0,0.00377468,2.54732e-05,0.00322089,0.00702104,746.0,4110.27,0.645434,0.695024,53.0,2369620000.0,2369620000.0,0.0865714,-8.45931,-0.192008,87.4753,71.0,21.0,24.0,0.0,749.0,3887.0,3887.0,4425.0,4453.0,4426.0,4425.0,4425.0,0.23,1.0,50.0,50.0,0.2,100.0
traj_sweep_801,routing,0.00233705,0.00233705,1076.77,1278.42,929.67,929.67,733.0,8.0,733.0,9.54,0.328,240.47,0.863389,0.863389,757.0,23.0,23.0,4048.0,4048.0,504989.0,7.0,23.0,5.0,0.00042565,0.00517152,0.00031086,0.00227378,4.404e-05,3e-07,7.181e-05,3.16e-06,6.903e-05,1094.0,7934.0,0.00360517,2.50852e-05,0.00307599,0.00670625,748.0,4012.67,0.62995,0.687564,53.0,2350820000.0,2350820000.0,0.0834689,-8.07402,-0.185383,86.3389,55.0,20.0,39.0,0.0,755.0,3828.0,3828.0,4343.0,4402.0,4375.0,4343.0,4343.0,0.24,1.0,50.0,50.0,0.2,100.0
traj_sweep_802,routing,0.0019167,0.0019167,1076.77,1278.42,947.758,947.758,737.0,9.0,737.0,8.45,0.303,223.55,0.880188,0.880188,761.0,23.0,23.0,4048.0,4048.0,489568.0,6.0,23.0,5.0,0.00049065,0.00502571,0.00032698,0.00256308,4.969e-05,3.7e-07,6.62e-05,3.2e-06,7.586e-05,1067.0,8056.0,0.00352804,2.55116e-05,0.00299274,0.0065463,752.0,4228.23,0.636359,0.69066,51.0,2386470000.0,2386470000.0,0.091965,-7.57673,-0.169029,88.0188,86.0,45.0,21.0,0.0,759.0,3895.0,3895.0,4527.0,4557.0,4507.0,4523.0,4527.0,0.25,1.0,50.0,50.0,0.2,100.0
traj_sweep_803,routing,0.00092118,0.00092118,1076.77,1278.42,936.586,936.586,729.0,4.0,729.0,8.78,0.2295,167.47,0.869812,0.869812,753.0,23.0,23.0,4048.0,4048.0,433762.0,6.0,23.0,5.0,0.00050842,0.00330797,0.00030141,0.00266881,7.044e-05,3.6e-07,7.505e-05,3.34e-06,7.895e-05,790.0,8056.0,0.00333144,2.51694e-05,0.00286948,0.00622609,747.0,4116.88,0.640936,0.692862,50.0,2354540000.0,2354540000.0,0.0933272,-7.09569,-0.164711,86.9812,79.0,25.0,22.0,0.0,751.0,3875.0,3875.0,4426.0,4474.0,4429.0,4429.0,4426.0,0.26,1.0,50.0,50.0,0.2,100.0
traj_sweep_804,routing,0.00187513,0.00187513,1076.77,1278.42,926.478,926.478,736.0,6.0,736.0,6.36,0.1775,130.75,0.860425,0.860425,760.0,23.0,23.0,4048.0,4048.0,279837.0,4.0,23.0,5.0,0.00044061,0.00375529,0.00030676,0.00275411,4.826e-05,5e-07,6.072e-05,3.18e-06,0.00012331,742.0,7546.0,0.0031905,2.45493e-05,0.00269389,0.00590893,751.0,3835.89,0.645434,0.695024,49.0,2392140000.0,2392140000.0,0.0953906,-6.60341,-0.148035,86.0425,47.0,17.0,15.0,0.0,758.0,3751.0,3751.0,4102.0,4193.0,4104.0,4106.0,4102.0,0.27,1.0,50.0,50.0,0.2,100.0
traj_sweep_805,routing,0.00152189,0.00152189,1076.77,1278.42,941.108,941.108,734.0,5.0,734.0,9.16,0.7015,515.17,0.874012,0.874012,758.0,23.0,23.0,4048.0,4048.0,1298300.0,17.0,23.0,5.0,0.00057083,0.00786997,0.00037806,0.00273739,6.849e-05,2.4e-07,9.124e-05,4.94e-06,0.00011147,1659.0,8324.0,0.00313426,2.51706e-05,0.00271389,0.00587331,752.0,4425.71,0.576635,0.66192,49.0,2359110000.0,2359110000.0,0.098068,-6.22271,-0.143888,87.4012,76.0,32.0,28.0,7.0,756.0,3970.0,3970.0,4745.0,4801.0,4760.0,4737.0,4742.0,0.28,1.0,50.0,50.0,0.2,100.0
traj_sweep_806,routing,0.00229208,0.00229208,1076.77,1278.42,932.596,932.596,721.0,1.0,721.0,11.25,0.3855,278.11,0.866107,0.866107,745.0,23.0,23.0,4048.0,4048.0,653754.0,9.0,23.0,5.0,0.0006729,0.00614785,0.0002614,0.00280815,6.032e-05,1.7e-07,7.0831e-05,3.19e-06,7.66e-05,1070.0,8105.0,0.00294121,2.4696e-05,0.00257142,0.00553733,742.0,4125.16,0.636359,0.69067,49.0,2352960000.0,2352960000.0,0.0982873,-5.82479,-0.138095,86.6107,69.0,22.0,12.0,0.0,743.0,3857.0,3857.0,4449.0,4480.0,4443.0,4448.0,4449.0,0.29,1.0,50.0,50.0,0.2,100.0
traj_sweep_807,routing,0.000941768,0.000941768,1076.77,1278.42,894.026,894.026,719.0,1.0,719.0,6.55,0.0575,41.4,0.830287,0.830287,743.0,23.0,23.0,4048.0,4048.0,80483.0,1.0,23.0,5.0,6.539e-05,0.00068088,5.899e-05,0.00270834,5.67e-06,5.8e-07,9.2e-06,8.5e-07,1.267e-05,186.0,7392.0,0.00275992,2.33577e-05,0.00234223,0.0051255,740.0,3747.65,0.646987,0.69578,49.0,2354790000.0,2354790000.0,0.0994491,-5.20595,-0.124667,83.0287,52.0,30.0,11.0,0.0,741.0,3707.0,3707.0,4056.0,4096.0,4041.0,4053.0,4056.0,0.3,1.0,50.0,50.0,0.2,100.0
traj_sweep_808,routing,0.00157981,0.00157981,1076.77,1278.42,891.898,891.898,721.0,2.0,721.0,5.6,0.0245,17.9,0.82831,0.82831,745.0,23.0,23.0,4048.0,4048.0,52537.0,1.0,23.0,5.0,6.5671e-05,0.0005651,6.3391e-05,0.0027384,5.08e-06,4e-07,8.631e-06,1.029e-06,1.1951e-05,115.0,7301.0,0.0026753,2.32567e-05,0.0022437,0.00494225,742.0,3636.19,0.635443,0.690227,49.0,2354790000.0,2354790000.0,0.102168,-4.73614,-0.114667,82.831,41.0,9.0,3.0,0.0,743.0,3686.0,3686.0,3903.0,3952.0,3907.0,3902.0,3903.0,0.31,1.0,50.0,50.0,0.2,100.0
traj_sweep_809,routing,0.00218637,0.00218637,1076.77,1278.42,891.632,891.632,708.0,4.0,708.0,7.69,0.4085,289.29,0.828063,0.828063,732.0,23.0,23.0,4048.0,4048.0,727273.0,11.0,23.0,5.0,0.00063225,0.00628217,0.00043781,0.0022635,5.439e-05,4e-07,7.466e-05,5.64e-06,0.00010083,1308.0,7666.0,0.00254061,2.32569e-05,0.0022425,0.00480636,726.0,3747.3,0.639941,0.692389,49.0,2351710000.0,2351710000.0,0.101394,-4.22504,-0.105223,82.8063,69.0,33.0,29.0,0.0,730.0,3749.0,3749.0,4063.0,4115.0,4071.0,4071.0,4063.0,0.32,1.0,50.0,50.0,0.2,100.0
traj_sweep_810,routing,0.00159197,0.00159197,1076.77,1278.42,888.44,888.44,703.0,5.0,703.0,9.02,0.377,265.25,0.825099,0.825099,727.0,23.0,23.0,4048.0,4048.0,679928.0,10.0,23.0,5.0,0.00042234,0.00515087,0.00029509,0.00256055,4.744e-05,2.3e-07,6.128e-05,3.75e-06,7.539e-05,1228.0,7464.0,0.00246745,2.31933e-05,0.00217544,0.00466609,719.0,3746.79,0.277587,0.517943,47.0,2348630000.0,2348630000.0,0.10391,-3.97803,-0.0957808,82.5099,73.0,29.0,23.0,0.0,725.0,3708.0,3708.0,4086.0,4152.0,4083.0,4084.0,4086.0,0.33,1.0,50.0,50.0,0.2,100.0
traj_sweep_811,routing,0.00179003,0.00179003,1076.77,1278.42,875.672,875.672,707.0,6.0,707.0,8.83,0.2645,187.17,0.813241,0.813241,731.0,23.0,23.0,4048.0,4048.0,433147.0,6.0,23.0,5.0,0.00053297,0.00421477,0.00030705,0.00258953,5.324e-05,2.9e-07,6.425e-05,3.4e-06,7.872e-05,1057.0,7467.0,0.00234558,2.26624e-05,0.00202633,0.00439457,722.0,3577.85,0.299718,0.528531,48.0,2370490000.0,2370490000.0,0.107632,-3.40311,-0.0872546,81.3241,57.0,18.0,5.0,0.0,729.0,3653.0,3653.0,3914.0,3978.0,3925.0,3914.0,3914.0,0.34,1.0,50.0,50.0,0.2,100.0
traj_sweep_812,routing,0.00164003,0.00164003,1076.77,1278.42,877.268,877.268,705.0,3.0,705.0,5.6,0.1135,80.06,0.814723,0.814723,729.0,23.0,23.0,4048.0,4048.0,156879.0,2.0,23.0,5.0,0.00021909,0.00178982,0.00016392,0.00267325,2.2211e-05,5.9e-07,2.756e-05,1.92e-06,3.49e-05,394.0,7267.0,0.0023079,2.27761e-05,0.00200441,0.00433509,724.0,3570.68,0.649295,0.696887,47.0,2342380000.0,2342380000.0,0.10882,-3.06388,-0.0790297,81.4723,68.0,21.0,15.0,0.0,727.0,3635.0,3635.0,3915.0,3914.0,3917.0,3910.0,3915.0,0.35,1.0,50.0,50.0,0.2,100.0
traj_sweep_813,routing,0.00143361,0.00143361,1076.77,1278.42,841.092,841.092,699.0,1.0,699.0,5.27,0.0235,16.43,0.781126,0.781126,723.0,23.0,23.0,4048.0,4048.0,45294.0,1.0,23.0,5.0,2.888e-05,0.00031624,3.33e-05,0.00221892,2.4e-06,4.3e-07,5.17e-06,7.1e-07,6.64e-06,65.0,6854.0,0.00215189,2.14105e-05,0.00183765,0.00401095,720.0,3275.5,0.630109,0.687645,47.0,2346850000.0,2346850000.0,0.10917,-2.57983,-0.0661035,78.1126,32.0,24.0,12.0,3.0,721.0,3485.0,3485.0,3639.0,3669.0,3631.0,3637.0,3639.0,0.36,1.0,50.0,50.0,0.2,100.0
traj_sweep_814,routing,0.00167891,0.00167891,1076.77,1278.42,884.982,884.982,708.0,13.0,708.0,7.12,0.42,297.37,0.821887,0.821887,732.0,23.0,23.0,4048.0,4048.0,757293.0,11.0,23.0,5.0,0.00092975,0.00766096,0.00061651,0.00264827,9.221e-05,9.3e-07,0.00010165,7.02e-06,0.00015104,1555.0,7461.0,0.00221368,2.31262e-05,0.00190433,0.00414113,716.0,3695.55,0.2912,0.524459,47.0,2334420000.0,2334420000.0,0.111207,-2.26339,-0.0649776,82.1887,74.0,29.0,20.0,0.0,730.0,3747.0,3747.0,4036.0,4073.0,4026.0,4036.0,4036.0,0.37,1.0,50.0,50.0,0.2,100.0
traj_sweep_815,routing,0.0017273,0.0017273,1076.77,1278.42,923.02,923.02,708.0,6.0,708.0,7.74,0.4455,315.49,0.857213,0.857213,733.0,23.0,23.0,4048.0,4048.0,794062.0,11.0,23.0,5.0,0.00071038,0.00591418,0.00045973,0.00293184,9.636e-05,5.51e-07,0.00010615,5.05e-06,0.0001188,1242.0,7618.0,0.00223122,2.45202e-05,0.00199638,0.00425212,725.0,3934.15,0.639941,0.692393,47.0,2311990000.0,2311990000.0,0.114981,-1.94565,-0.0525272,85.7213,73.0,10.0,6.0,0.0,731.0,3755.0,3755.0,4256.0,4302.0,4255.0,4257.0,4256.0,0.38,1.0,50.0,50.0,0.2,100.0
traj_sweep_816,routing,0.00113526,0.00113526,1076.77,1278.42,869.288,869.288,701.0,3.0,701.0,5.84,0.1265,88.7,0.807312,0.807312,725.0,23.0,23.0,4048.0,4048.0,233907.0,3.0,23.0,5.0,0.00029019,0.00272635,0.00021039,0.00245937,3.095e-05,3.8e-07,4.445e-05,2.27e-06,4.723e-05,484.0,7068.0,0.00204168,2.23041e-05,0.0017778,0.00384178,718.0,3523.9,0.64834,0.643285,45.0,2320030000.0,2320030000.0,0.116483,-1.4621,-0.0412349,80.7312,56.0,27.0,19.0,0.0,723.0,3551.0,3551.0,3849.0,3888.0,3867.0,3840.0,3849.0,0.39,1.0,50.0,50.0,0.2,100.0
traj_sweep_817,routing,0.00132669,0.00132669,1076.77,1278.42,855.722,855.722,694.0,2.0,694.0,8.07,0.2245,156.04,0.794713,0.794713,718.0,23.0,23.0,4048.0,4048.0,363636.0,5.0,23.0,5.0,0.0006823,0.00566639,0.0003821,0.00279668,6.301e-05,5e-07,0.00010699,3.88e-06,9.502e-05,914.0,7176.0,0.00197142,2.20413e-05,0.00172975,0.00372321,712.0,3590.68,0.265963,0.512339,45.0,2316230000.0,2316230000.0,0.112374,-1.2017,-0.0317368,79.4713,56.0,36.0,29.0,0.0,716.0,3594.0,3594.0,3924.0,3965.0,3921.0,3909.0,3924.0,0.4,1.0,50.0,50.0,0.2,100.0
traj_sweep_818,routing,0.0013845,0.0013845,1076.77,1278.42,804.118,804.118,680.0,1.0,680.0,5.6,0.175,119.29,0.746789,0.746789,704.0,23.0,23.0,4048.0,4048.0,326742.0,5.0,23.0,5.0,0.00036749,0.00386973,0.00024735,0.00326151,3.213e-05,4.1e-07,4.781e-05,3.04e-06,5.555e-05,587.0,7105.0,0.0018485,2.0143e-05,0.00160447,0.00347311,703.0,3569.49,0.641494,0.693133,26.0,2335190000.0,2335190000.0,0.112514,-0.350038,-0.0214434,74.6789,39.0,7.0,6.0,0.0,702.0,3570.0,3570.0,3939.0,3990.0,3940.0,3938.0,3939.0,0.41,1.0,50.0,50.0,0.2,100.0
traj_sweep_819,routing,0.00114852,0.00114852,1076.77,1278.42,804.916,804.916,671.0,10.0,671.0,7.88,0.409,274.5,0.74753,0.74753,695.0,23.0,23.0,4048.0,4048.0,675879.0,11.0,23.0,5.0,0.00067153,0.00479661,0.00041781,0.00244149,5.914e-05,8e-07,7.709e-05,6.13e-06,0.00010759,1197.0,6939.0,0.00178708,2.02867e-05,0.00158064,0.00338801,683.0,3518.53,0.795061,0.596077,23.0,2325090000.0,2325090000.0,0.111986,-0.141226,-0.0125539,74.753,34.0,9.0,6.0,0.0,693.0,3546.0,3546.0,3867.0,3882.0,3852.0,3865.0,3867.0,0.42,1.0,50.0,50.0,0.2,100.0
traj_sweep_820,routing,0.000859611,0.000859611,1076.77,1278.42,728.308,728.308,640.0,5.0,640.0,3.37,0.0395,25.31,0.676383,0.676383,664.0,23.0,23.0,4048.0,4048.0,58026.0,1.0,23.0,5.0,8.483e-05,0.00128203,6.773e-05,0.00265454,8.25e-06,1.24e-06,1.466e-05,6.82e-06,1.6e-05,232.0,6338.0,0.00155842,1.74558e-05,0.00136426,0.00294014,657.0,3110.81,0.750348,0.597237,8.0,2312630000.0,2312630000.0,0.112584,-0.0282078,-0.00808281,67.6383,57.0,19.0,7.0,0.0,662.0,3386.0,3386.0,3524.0,3549.0,3527.0,3524.0,3524.0,0.43,1.0,50.0,50.0,0.2,100.0
traj_sweep_821,routing,0.00397645,0.00397645,1076.77,1278.42,723.52,723.52,626.0,6.0,626.0,8.4,0.1085,67.95,0.671937,0.671937,650.0,23.0,23.0,4048.0,4048.0,178006.0,3.0,23.0,5.0,0.000274489,0.002438,0.00021258,0.00222368,2.6089e-05,3.6e-07,3.3231e-05,2.7e-06,4.6009e-05,523.0,6520.0,0.00149354,1.73801e-05,0.00135042,0.00286134,642.0,3144.68,0.75434,0.597232,4.0,2304160000.0,2304160000.0,0.112173,-0.00717409,-0.00342484,67.1937,79.0,34.0,25.0,0.0,648.0,3380.0,3380.0,3653.0,3699.0,3658.0,3648.0,3653.0,0.44,1.0,50.0,50.0,0.2,100.0
traj_sweep_822,routing,0.000886222,0.000886222,1076.77,1278.42,698.782,698.782,625.0,8.0,625.0,4.32,0.051,32.0,0.648962,0.648962,649.0,23.0,23.0,4048.0,4048.0,79852.0,1.0,22.0,4.0,9.456e-05,0.00093015,8.4509e-05,0.00264864,8.72e-06,1.7e-07,1.534e-05,9.71e-07,1.806e-05,256.0,6301.0,0.00139508,1.63324e-05,0.0012444,0.00265582,639.0,3140.53,0.728876,0.611443,3.0,2272210000.0,2272210000.0,0.113273,-0.00124065,-0.00089051,64.8962,46.0,23.0,15.0,0.0,647.0,3303.0,3303.0,3517.0,3535.0,3517.0,3513.0,3517.0,0.45,1.0,50.0,50.0,0.2,100.0
traj_sweep_823,routing,0.00119697,0.00119697,1076.77,1278.42,683.354,683.354,614.0,0.0,614.0,0.95,0.002,1.52,0.634634,0.634634,638.0,23.0,23.0,4048.0,4048.0,5614.0,0.0,22.0,4.0,9.35e-06,5.592e-05,1.757e-05,0.00218852,4.2e-07,2.3e-07,1.19e-06,3.6e-07,2.94e-06,9.0,6190.0,0.00133021,1.57822e-05,0.00119011,0.0025361,636.0,2990.79,0.761141,0.613936,0.0,2226370000.0,2226370000.0,0.111559,0.0,0.000117628,63.4634,36.0,29.0,21.0,0.0,636.0,3253.0,3253.0,3446.0,3501.0,3463.0,3452.0,3446.0,0.46,1.0,50.0,50.0,0.2,100.0
traj_sweep_824,routing,0.00136995,0.00136995,1076.77,1278.42,678.034,678.034,610.0,0.0,610.0,0.0,0.0,0.0,0.629694,0.629694,636.0,23.0,23.0,4048.0,4048.0,0.0,0.0,22.0,4.0,1.059e-05,7.731e-05,2.157e-05,0.00573949,4.7e-07,6e-07,1.64e-06,7.1e-07,4.13e-06,11.0,6044.0,0.00128642,1.55925e-05,0.00113926,0.00244128,634.0,2956.45,0.724088,0.507366,0.0,2211080000.0,2211080000.0,0.113211,0.0,0.003753,62.9694,73.0,23.0,22.0,0.0,634.0,3279.0,3279.0,3428.0,3463.0,3436.0,3433.0,3428.0,0.47,1.0,50.0,50.0,0.2,100.0
traj_sweep_825,routing,0.000814626,0.000814626,1076.77,1278.42,677.768,677.768,611.0,0.0,611.0,0.0,0.0,0.0,0.629447,0.629447,636.0,23.0,23.0,4048.0,4048.0,0.0,0.0,22.0,4.0,0.00211326,0.0122427,0.00127111,0.0140519,0.00014192,1.03e-06,0.00019317,1.08e-05,0.00023229,3149.0,6147.0,0.00125918,1.55891e-05,0.00113053,0.0024053,634.0,2997.21,0.735273,0.528017,0.0,2206490000.0,2206490000.0,0.112647,0.0,0.010394,62.9447,50.0,22.0,10.0,0.0,634.0,3224.0,3224.0,3413.0,3443.0,3412.0,3414.0,3413.0,0.48,1.0,50.0,50.0,0.2,100.0
traj_sweep_826,routing,0.00123279,0.00123279,1076.77,1278.42,675.64,675.64,610.0,0.0,610.0,0.0,0.0,0.0,0.62747,0.62747,634.0,23.0,23.0,4048.0,4048.0,0.0,0.0,22.0,4.0,0.00127908,0.00891952,0.00080098,0.0124343,0.00012498,6.2e-07,0.00013553,7.72e-06,0.000173,3205.0,6090.0,0.00124054,1.54618e-05,0.00110505,0.00236106,632.0,2928.69,0.763489,0.618963,0.0,2178380000.0,2178380000.0,0.111784,0.0,0.012683,62.747,75.0,19.0,24.0,0.0,632.0,3277.0,3277.0,3418.0,3427.0,3405.0,3418.0,3418.0,0.49,1.0,50.0,50.0,0.2,100.0
traj_sweep_827,routing,0.00121698,0.00121698,1076.77,1278.42,674.576,674.576,609.0,0.0,609.0,0.0,0.0,0.0,0.626482,0.626482,634.0,23.0,23.0,4048.0,4048.0,0.0,0.0,22.0,4.0,0.00132667,0.00909433,0.00080003,0.0129086,9.783e-05,5.2e-07,0.00014192,7.76e-06,0.00016718,3262.0,6181.0,0.00120526,1.54538e-05,0.00108488,0.0023056,632.0,2969.97,0.736422,0.619204,0.0,2166190000.0,2166190000.0,0.112493,0.0,0.0226343,62.6482,64.0,30.0,25.0,0.0,632.0,3258.0,3258.0,3452.0,3447.0,3434.0,3452.0,3452.0,0.5,1.0,50.0,50.0,0.2,100.0
traj_sweep_828,routing,0.000538965,0.000538965,1076.77,1278.42,675.374,675.374,610.0,0.0,610.0,0.0,0.0,0.0,0.627223,0.627223,634.0,23.0,23.0,4048.0,4048.0,0.0,0.0,22.0,4.0,0.00211673,0.0120349,0.00134036,0.0155687,0.00014509,9.1e-07,0.00019516,1.159e-05,0.000236,3189.0,6218.0,0.00119125,1.5441e-05,0.00106034,0.00226703,632.0,2974.21,0.772332,0.606295,0.0,2139580000.0,2139580000.0,0.111995,0.0,0.0299596,62.7223,46.0,17.0,5.0,0.0,632.0,3292.0,3292.0,3456.0,3489.0,3468.0,3455.0,3456.0,0.51,1.0,50.0,50.0,0.2,100.0
traj_sweep_829,routing,0.00295478,0.00295478,1076.77,1278.42,675.64,675.64,610.0,0.0,610.0,0.0,0.0,0.0,0.62747,0.62747,634.0,23.0,23.0,4048.0,4048.0,0.0,0.0,22.0,4.0,0.00127149,0.00814671,0.00073424,0.00966729,9.523e-05,4.8e-07,0.00013882,7.47e-06,0.00015802,3118.0,5976.0,0.00116993,1.54808e-05,0.00104665,0.00223206,632.0,2972.28,0.776034,0.605916,0.0,2191750000.0,2191750000.0,0.112866,0.0,0.0397594,62.747,78.0,14.0,15.0,0.0,632.0,3248.0,3248.0,3397.0,3457.0,3408.0,3400.0,3397.0,0.52,1.0,50.0,50.0,0.2,100.0
traj_sweep_830,routing,0.00158487,0.00158487,1076.77,1278.42,675.108,675.108,610.0,0.0,610.0,0.0,0.0,0.0,0.626976,0.626976,634.0,23.0,23.0,4048.0,4048.0,0.0,0.0,22.0,4.0,0.00129741,0.00862524,0.0008088,0.0109059,0.00010138,5.5e-07,0.00014362,7.57e-06,0.00016334,3235.0,6136.0,0.0011409,1.54521e-05,0.00101919,0.00217554,632.0,2954.18,0.778144,0.610451,0.0,2165570000.0,2165570000.0,0.114009,0.0,0.0443398,62.6976,82.0,17.0,22.0,0.0,632.0,3302.0,3302.0,3420.0,3454.0,3435.0,3420.0,3420.0,0.53,1.0,50.0,50.0,0.2,100.0
traj_sweep_831,routing,0.00159453,0.00159453,1076.77,1278.42,675.108,675.108,610.0,0.0,610.0,0.0,0.0,0.0,0.626976,0.626976,634.0,23.0,23.0,4048.0,4048.0,0.0,0.0,22.0,4.0,0.00131404,0.00883312,0.00076335,0.0117088,0.00014214,7.7e-07,0.00016607,7.51e-06,0.00018661,3182.0,6204.0,0.00111975,1.54521e-05,0.000997337,0.00213254,632.0,2953.53,0.722507,0.598572,0.0,2109890000.0,2109890000.0,0.113238,0.0,0.05369,62.6976,38.0,8.0,7.0,0.0,632.0,3238.0,3238.0,3437.0,3494.0,3437.0,3438.0,3437.0,0.54,1.0,50.0,50.0,0.2,100.0
traj_sweep_832,routing,0.00315694,0.00315694,1076.77,1278.42,674.842,674.842,610.0,0.0,610.0,0.0,0.0,0.0,0.626729,0.626729,634.0,23.0,23.0,4048.0,4048.0,0.0,0.0,22.0,4.0,0.00124513,0.00907271,0.00079369,0.011665,9.607e-05,5.2e-07,0.00014043,7.44e-06,0.00016237,3149.0,6064.0,0.00109858,1.54472e-05,0.000984295,0.00209833,632.0,2971.36,0.747614,0.60119,0.0,2122040000.0,2122040000.0,0.113914,0.0,0.0618751,62.6729,55.0,35.0,12.0,0.0,632.0,3265.0,3265.0,3465.0,3491.0,3460.0,3464.0,3465.0,0.55,1.0,50.0,50.0,0.2,100.0
traj_sweep_833,routing,0.00049203,0.00049203,1076.77,1278.42,674.576,674.576,609.0,0.0,609.0,0.0,0.0,0.0,0.626482,0.626482,633.0,23.0,23.0,4048.0,4048.0,0.0,0.0,22.0,4.0,0.00222189,0.0127662,0.00134644,0.0123861,0.00014102,6.2e-07,0.00018326,1.054e-05,0.00023898,3153.0,6116.0,0.00108587,1.54213e-05,0.000963837,0.00206513,631.0,2964.61,0.735633,0.530987,0.0,2135080000.0,2135080000.0,0.112525,0.0,0.0697001,62.6482,60.0,33.0,15.0,0.0,631.0,3217.0,3217.0,3451.0,3480.0,3441.0,3446.0,3451.0,0.56,1.0,50.0,50.0,0.2,100.0
traj_sweep_834,routing,0.00049203,0.00049203,1076.77,1278.42,674.576,674.576,609.0,0.0,609.0,0.0,0.0,0.0,0.626482,0.626482,633.0,23.0,23.0,4048.0,4048.0,0.0,0.0,22.0,4.0,0.00164407,0.00875669,0.0007727,0.00978413,9.788e-05,6.91e-07,0.00015911,7.43e-06,0.00016908,3153.0,6116.0,0.00106682,1.54213e-05,0.000946928,0.00202917,631.0,2964.61,0.735633,0.530987,0.0,2135080000.0,2135080000.0,0.112525,0.0,0.0777002,62.6482,60.0,33.0,15.0,0.0,631.0,3217.0,3217.0,3451.0,3480.0,3441.0,3446.0,3451.0,0.57,1.0,50.0,50.0,0.2,100.0
traj_sweep_835,routing,0.000700752,0.000700752,1076.77,1278.42,674.044,674.044,608.0,0.0,608.0,0.0,0.0,0.0,0.625988,0.625988,632.0,23.0,23.0,4048.0,4048.0,0.0,0.0,22.0,4.0,0.00222519,0.0129029,0.00130362,0.012968,0.000166,1.19e-06,0.00018606,1.058e-05,0.000229,3247.0,6190.0,0.00104914,1.54214e-05,0.000927773,0.00199233,630.0,2921.09,0.760464,0.473479,0.0,2123990000.0,2123990000.0,0.113435,0.0,0.087532,62.5988,65.0,32.0,22.0,0.0,630.0,3219.0,3219.0,3373.0,3425.0,3386.0,3372.0,3373.0,0.58,1.0,50.0,50.0,0.2,100.0
traj_sweep_836,routing,0.00137943,0.00137943,1076.77,1278.42,673.512,673.512,608.0,0.0,608.0,0.0,0.0,0.0,0.625494,0.625494,632.0,23.0,23.0,4048.0,4048.0,0.0,0.0,22.0,4.0,0.0013021,0.0108872,0.00081981,0.010974,0.000127429,5.31e-07,0.00014982,1.048e-05,0.000173729,3093.0,6053.0,0.00102491,1.54102e-05,0.000910901,0.00195122,630.0,2954.09,0.759396,0.538249,0.0,2126130000.0,2126130000.0,0.112418,0.0,0.0925506,62.5494,43.0,16.0,11.0,0.0,630.0,3256.0,3256.0,3413.0,3433.0,3403.0,3407.0,3413.0,0.59,1.0,50.0,50.0,0.2,100.0
traj_sweep_837,routing,0.00191565,0.00191565,1076.77,1278.42,674.842,674.842,608.0,0.0,608.0,0.0,0.0,0.0,0.626729,0.626729,632.0,23.0,23.0,4048.0,4048.0,0.0,0.0,22.0,4.0,0.00170832,0.0102307,0.00100528,0.00973597,0.00011238,7.6e-07,0.00015516,8.89e-06,0.000188609,3259.0,6198.0,0.00101433,1.54659e-05,0.000904118,0.00193391,630.0,2973.11,0.691699,0.537986,0.0,2117960000.0,2117960000.0,0.113239,0.0,0.100585,62.6729,52.0,17.0,8.0,0.0,630.0,3267.0,3267.0,3446.0,3476.0,3431.0,3446.0,3446.0,0.6,1.0,50.0,50.0,0.2,100.0
traj_sweep_838,routing,0.00120744,0.00120744,1076.77,1278.42,674.842,674.842,608.0,0.0,608.0,0.0,0.0,0.0,0.626729,0.626729,632.0,23.0,23.0,4048.0,4048.0,0.0,0.0,22.0,4.0,0.00170965,0.0103805,0.00102178,0.00963389,0.00011045,5.5e-07,0.00015041,8.68e-06,0.000190529,3216.0,6141.0,0.000997839,1.54659e-05,0.000883233,0.00189654,630.0,2960.42,0.684136,0.531927,0.0,2130680000.0,2130680000.0,0.112884,0.0,0.111295,62.6729,47.0,26.0,26.0,0.0,630.0,3268.0,3268.0,3428.0,3473.0,3428.0,3428.0,3428.0,0.61,1.0,50.0,50.0,0.2,100.0
traj_sweep_839,routing,0.00126948,0.00126948,1076.77,1278.42,674.044,674.044,608.0,0.0,608.0,0.0,0.0,0.0,0.625988,0.625988,632.0,23.0,23.0,4048.0,4048.0,0.0,0.0,22.0,4.0,0.001854,0.0112345,0.00112323,0.0140161,0.00014197,7.3e-07,0.000224009,1.72e-05,0.00024072,3220.0,6213.0,0.000981464,1.54214e-05,0.000873202,0.00187009,630.0,2958.44,0.776266,0.531586,0.0,2140920000.0,2140920000.0,0.112327,0.0,0.11532,62.5988,39.0,13.0,5.0,1.0,630.0,3257.0,3257.0,3415.0,3450.0,3414.0,3412.0,3413.0,0.62,1.0,50.0,50.0,0.2,100.0
traj_sweep_840,routing,0.000476987,0.000476987,1076.77,1278.42,995.904,995.904,751.0,14.0,751.0,12.01,1.014,761.72,0.924901,0.924901,777.0,23.0,23.0,4048.0,4048.0,1533970.0,19.0,23.0,5.0,0.00140762,0.0135467,0.000987379,0.00300412,0.00018892,7.5e-07,0.0002264,1.902e-05,0.000299329,2860.0,9410.0,0.00674942,2.76461e-05,0.00567716,0.0124542,761.0,4912.19,0.640936,0.692862,53.0,2333530000.0,2333530000.0,0.072406,-13.3868,-0.288535,92.4901,92.0,57.0,42.0,0.0,775.0,4222.0,4222.0,5300.0,5345.0,5311.0,5297.0,5300.0,0.14,1.0,51.0,50.0,0.2,100.0
traj_sweep_841,routing,0.00176466,0.00176466,1076.77,1278.42,963.186,963.186,738.0,2.0,738.0,7.69,0.2415,178.56,0.894516,0.894516,762.0,23.0,23.0,4048.0,4048.0,192162.0,2.0,23.0,5.0,0.00044023,0.00405714,0.00033062,0.00255854,4.53e-05,7.6e-07,6.112e-05,3.02e-06,7.115e-05,808.0,8296.0,0.00608773,2.6352e-05,0.00507748,0.0111916,759.0,4217.84,0.586046,0.666466,53.0,2351470000.0,2351470000.0,0.0714098,-12.7749,-0.275266,89.4516,57.0,24.0,18.0,0.0,760.0,3926.0,3926.0,4529.0,4554.0,4537.0,4524.0,4529.0,0.15,1.0,51.0,50.0,0.2,100.0
traj_sweep_842,routing,0.00115712,0.00115712,1076.77,1278.42,973.826,973.826,741.0,5.0,741.0,14.24,0.559,414.26,0.904397,0.904397,765.0,23.0,23.0,4048.0,4048.0,917865.0,10.0,23.0,5.0,0.0008969,0.00912171,0.00061432,0.00299716,0.00011129,4.89e-07,0.00014327,7.06e-06,0.00015012,1730.0,9305.0,0.0056753,2.68643e-05,0.00477092,0.0104731,761.0,4953.33,0.504611,0.627221,53.0,2332750000.0,2332750000.0,0.0735264,-12.4429,-0.268679,90.4397,94.0,43.0,39.0,0.0,763.0,4214.0,4214.0,5284.0,5377.0,5285.0,5293.0,5284.0,0.16,1.0,51.0,50.0,0.2,100.0
traj_sweep_843,routing,0.00126218,0.00126218,1076.77,1278.42,958.664,958.664,739.0,4.0,739.0,11.06,0.467,345.41,0.890316,0.890316,763.0,23.0,23.0,4048.0,4048.0,746746.0,9.0,23.0,5.0,0.00100016,0.0073105,0.00050184,0.00220109,0.000117669,3.29e-07,0.000103289,6.469e-06,0.00015034,1550.0,8706.0,0.0053335,2.61595e-05,0.00450031,0.00985997,759.0,4504.43,0.633095,0.689077,53.0,2343470000.0,2343470000.0,0.0744793,-11.7635,-0.256718,89.0316,84.0,56.0,27.0,0.0,761.0,4026.0,4026.0,4872.0,4883.0,4849.0,4864.0,4872.0,0.17,1.0,51.0,50.0,0.2,100.0
traj_sweep_844,routing,0.00173515,0.00173515,1076.77,1278.42,975.688,975.688,735.0,7.0,735.0,10.68,0.8515,625.95,0.906126,0.906126,759.0,23.0,23.0,4048.0,4048.0,1261460.0,15.0,23.0,5.0,0.00135656,0.0164684,0.00090628,0.0026728,0.00021314,5.4e-07,0.00020904,9.03e-06,0.00023677,2454.0,9025.0,0.00507171,2.68177e-05,0.00433406,0.00943258,752.0,4803.49,0.612556,0.679212,53.0,2333250000.0,2333250000.0,0.0775945,-11.2222,-0.248587,90.6126,102.0,84.0,33.0,0.0,757.0,4095.0,4095.0,5155.0,5226.0,5173.0,5159.0,5155.0,0.18,1.0,51.0,50.0,0.2,100.0
traj_sweep_845,routing,0.000852436,0.000852436,1076.77,1278.42,961.058,961.058,741.0,10.0,741.0,9.92,0.4865,360.77,0.89254,0.89254,765.0,23.0,23.0,4048.0,4048.0,676349.0,8.0,23.0,5.0,0.00063694,0.00627589,0.00042467,0.00274919,7.01e-05,5e-07,8.804e-05,5.02e-06,9.992e-05,1374.0,8652.0,0.00470255,2.62681e-05,0.00398,0.00870881,754.0,4534.97,0.60961,0.677793,53.0,2367440000.0,2367440000.0,0.0796665,-10.7028,-0.232397,89.254,91.0,36.0,36.0,0.0,763.0,4104.0,4104.0,4847.0,4897.0,4838.0,4845.0,4847.0,0.19,1.0,51.0,50.0,0.2,100.0
traj_sweep_846,routing,0.00105996,0.00105996,1076.77,1278.42,961.59,961.59,735.0,3.0,735.0,10.83,0.4395,323.17,0.893034,0.893034,761.0,23.0,23.0,4048.0,4048.0,668353.0,8.0,24.0,6.0,0.00099708,0.00800011,0.00069819,0.00258609,0.00010407,5.4e-07,0.00016993,5.64e-06,0.00014386,1397.0,8364.0,0.00451421,2.64475e-05,0.00377381,0.00831447,756.0,4430.85,0.602605,0.674424,53.0,2365330000.0,2365330000.0,0.0816171,-10.2378,-0.222774,89.3034,91.0,13.0,11.0,0.0,759.0,3969.0,3969.0,4778.0,4794.0,4771.0,4775.0,4778.0,0.2,1.0,51.0,50.0,0.2,100.0
traj_sweep_847,routing,0.0012443,0.0012443,1076.77,1278.42,935.788,935.788,732.0,7.0,732.0,6.93,0.1795,131.56,0.869071,0.869071,756.0,23.0,23.0,4048.0,4048.0,319803.0,4.0,23.0,5.0,0.00023648,0.0028151,0.00014927,0.00276656,2.778e-05,1.8e-07,3.576e-05,2.12e-06,4.208e-05,626.0,8028.0,0.00412069,2.53578e-05,0.00348891,0.00763495,750.0,4017.8,0.636916,0.690928,53.0,2366210000.0,2366210000.0,0.0804023,-9.5411,-0.212617,86.9071,68.0,21.0,24.0,0.0,754.0,3828.0,3828.0,4305.0,4352.0,4304.0,4299.0,4305.0,0.21,1.0,51.0,50.0,0.2,100.0
traj_sweep_848,routing,0.00156823,0.00156823,1076.77,1278.42,979.412,979.412,734.0,10.0,734.0,11.82,0.6415,471.13,0.909585,0.909585,760.0,23.0,23.0,4048.0,4048.0,1014430.0,13.0,23.0,5.0,0.00097525,0.00899091,0.00068432,0.00280845,0.0001231,4.8e-07,0.00012925,7.3e-06,0.00017691,1882.0,8373.0,0.00410186,2.6933e-05,0.00356933,0.00769813,748.0,4492.85,0.590424,0.668557,53.0,2344860000.0,2344860000.0,0.0849199,-9.16002,-0.206465,90.9585,85.0,47.0,20.0,0.0,758.0,3997.0,3997.0,4816.0,4866.0,4822.0,4813.0,4816.0,0.22,1.0,51.0,50.0,0.2,100.0
traj_sweep_849,routing,0.000715372,0.000715372,1076.77,1278.42,941.906,941.906,727.0,5.0,727.0,6.6,0.245,178.28,0.874753,0.874753,751.0,23.0,23.0,4048.0,4048.0,349230.0,4.0,23.0,5.0,0.00045221,0.00444089,0.00028422,0.00216364,4.324e-05,3.8e-07,5.786e-05,3.58e-06,7.439e-05,1033.0,8094.0,0.00377468,2.54732e-05,0.00322089,0.00702104,746.0,4110.27,0.645434,0.695024,53.0,2369620000.0,2369620000.0,0.0865714,-8.45931,-0.192008,87.4753,71.0,21.0,24.0,0.0,749.0,3887.0,3887.0,4425.0,4453.0,4426.0,4425.0,4425.0,0.23,1.0,51.0,50.0,0.2,100.0
traj_sweep_850,routing,0.00233705,0.00233705,1076.77,1278.42,929.67,929.67,733.0,8.0,733.0,9.54,0.328,240.47,0.863389,0.863389,757.0,23.0,23.0,4048.0,4048.0,504989.0,7.0,23.0,5.0,0.00057076,0.00704374,0.00040595,0.00240575,5.859e-05,6.6e-07,7.407e-05,4.08e-06,9.272e-05,1094.0,7934.0,0.00360517,2.50852e-05,0.00307599,0.00670625,748.0,4012.67,0.62995,0.687564,53.0,2350820000.0,2350820000.0,0.0834689,-8.07402,-0.185383,86.3389,55.0,20.0,39.0,0.0,755.0,3828.0,3828.0,4343.0,4402.0,4375.0,4343.0,4343.0,0.24,1.0,51.0,50.0,0.2,100.0
traj_sweep_851,routing,0.0019167,0.0019167,1076.77,1278.42,947.758,947.758,737.0,9.0,737.0,8.45,0.303,223.55,0.880188,0.880188,761.0,23.0,23.0,4048.0,4048.0,489568.0,6.0,23.0,5.0,0.00060466,0.00683155,0.00042598,0.00248189,7.1e-05,6.7e-07,9.54e-05,4.58e-06,0.00010346,1067.0,8056.0,0.00352804,2.55116e-05,0.00299274,0.0065463,752.0,4228.23,0.636359,0.69066,51.0,2386470000.0,2386470000.0,0.091965,-7.57673,-0.169029,88.0188,86.0,45.0,21.0,0.0,759.0,3895.0,3895.0,4527.0,4557.0,4507.0,4523.0,4527.0,0.25,1.0,51.0,50.0,0.2,100.0
traj_sweep_852,routing,0.00092118,0.00092118,1076.77,1278.42,936.586,936.586,729.0,4.0,729.0,8.78,0.2295,167.47,0.869812,0.869812,753.0,23.0,23.0,4048.0,4048.0,433762.0,6.0,23.0,5.0,0.00032648,0.00358785,0.00018586,0.00254166,3.392e-05,1.69e-07,4.936e-05,2.83e-06,6.212e-05,790.0,8056.0,0.00333144,2.51694e-05,0.00286948,0.00622609,747.0,4116.88,0.640936,0.692862,50.0,2354540000.0,2354540000.0,0.0933272,-7.09569,-0.164711,86.9812,79.0,25.0,22.0,0.0,751.0,3875.0,3875.0,4426.0,4474.0,4429.0,4429.0,4426.0,0.26,1.0,51.0,50.0,0.2,100.0
traj_sweep_853,routing,0.00187513,0.00187513,1076.77,1278.42,926.478,926.478,736.0,6.0,736.0,6.36,0.1775,130.75,0.860425,0.860425,760.0,23.0,23.0,4048.0,4048.0,279837.0,4.0,23.0,5.0,0.00027044,0.00284493,0.00020233,0.00264613,2.851e-05,2.9e-07,4.171e-05,2.28e-06,4.912e-05,742.0,7546.0,0.0031905,2.45493e-05,0.00269389,0.00590893,751.0,3835.89,0.645434,0.695024,49.0,2392140000.0,2392140000.0,0.0953906,-6.60341,-0.148035,86.0425,47.0,17.0,15.0,0.0,758.0,3751.0,3751.0,4102.0,4193.0,4104.0,4106.0,4102.0,0.27,1.0,51.0,50.0,0.2,100.0
traj_sweep_854,routing,0.00152189,0.00152189,1076.77,1278.42,941.108,941.108,734.0,5.0,734.0,9.16,0.7015,515.17,0.874012,0.874012,758.0,23.0,23.0,4048.0,4048.0,1298300.0,17.0,23.0,5.0,0.00064449,0.0071849,0.00043725,0.00278211,0.00011933,3.2e-07,0.00010036,5.29e-06,0.00011478,1659.0,8324.0,0.00313426,2.51706e-05,0.00271389,0.00587331,752.0,4425.71,0.576635,0.66192,49.0,2359110000.0,2359110000.0,0.098068,-6.22271,-0.143888,87.4012,76.0,32.0,28.0,7.0,756.0,3970.0,3970.0,4745.0,4801.0,4760.0,4737.0,4742.0,0.28,1.0,51.0,50.0,0.2,100.0
traj_sweep_855,routing,0.00229208,0.00229208,1076.77,1278.42,932.596,932.596,721.0,1.0,721.0,11.25,0.3855,278.11,0.866107,0.866107,745.0,23.0,23.0,4048.0,4048.0,653754.0,9.0,23.0,5.0,0.00047423,0.00712492,0.00026121,0.00273909,5.518e-05,2.8e-07,8.015e-05,2.89e-06,7.092e-05,1070.0,8105.0,0.00294121,2.4696e-05,0.00257142,0.00553733,742.0,4125.16,0.636359,0.69067,49.0,2352960000.0,2352960000.0,0.0982873,-5.82479,-0.138095,86.6107,69.0,22.0,12.0,0.0,743.0,3857.0,3857.0,4449.0,4480.0,4443.0,4448.0,4449.0,0.29,1.0,51.0,50.0,0.2,100.0
traj_sweep_856,routing,0.000941768,0.000941768,1076.77,1278.42,894.026,894.026,719.0,1.0,719.0,6.55,0.0575,41.4,0.830287,0.830287,743.0,23.0,23.0,4048.0,4048.0,80483.0,1.0,23.0,5.0,0.00010677,0.00083139,9.689e-05,0.00227052,9.08e-06,1.6e-07,1.145e-05,1.36e-06,1.726e-05,186.0,7392.0,0.00275992,2.33577e-05,0.00234223,0.0051255,740.0,3747.65,0.646987,0.69578,49.0,2354790000.0,2354790000.0,0.0994491,-5.20595,-0.124667,83.0287,52.0,30.0,11.0,0.0,741.0,3707.0,3707.0,4056.0,4096.0,4041.0,4053.0,4056.0,0.3,1.0,51.0,50.0,0.2,100.0
traj_sweep_857,routing,0.00157981,0.00157981,1076.77,1278.42,891.898,891.898,721.0,2.0,721.0,5.6,0.0245,17.9,0.82831,0.82831,745.0,23.0,23.0,4048.0,4048.0,52537.0,1.0,23.0,5.0,6.418e-05,0.0005488,5.7929e-05,0.00255436,5.38e-06,5.4e-07,9.089e-06,1.051e-06,1.11e-05,115.0,7301.0,0.0026753,2.32567e-05,0.0022437,0.00494225,742.0,3636.19,0.635443,0.690227,49.0,2354790000.0,2354790000.0,0.102168,-4.73614,-0.114667,82.831,41.0,9.0,3.0,0.0,743.0,3686.0,3686.0,3903.0,3952.0,3907.0,3902.0,3903.0,0.31,1.0,51.0,50.0,0.2,100.0
traj_sweep_858,routing,0.00218637,0.00218637,1076.77,1278.42,891.632,891.632,708.0,4.0,708.0,7.69,0.4085,289.29,0.828063,0.828063,732.0,23.0,23.0,4048.0,4048.0,727273.0,11.0,23.0,5.0,0.00069551,0.00642647,0.00049499,0.00266772,7.36e-05,5.2e-07,8.324e-05,4.77e-06,0.00011289,1308.0,7666.0,0.00254061,2.32569e-05,0.0022425,0.00480636,726.0,3747.3,0.639941,0.692389,49.0,2351710000.0,2351710000.0,0.101394,-4.22504,-0.105223,82.8063,69.0,33.0,29.0,0.0,730.0,3749.0,3749.0,4063.0,4115.0,4071.0,4071.0,4063.0,0.32,1.0,51.0,50.0,0.2,100.0
traj_sweep_859,routing,0.00159197,0.00159197,1076.77,1278.42,888.44,888.44,703.0,5.0,703.0,9.02,0.377,265.25,0.825099,0.825099,727.0,23.0,23.0,4048.0,4048.0,679928.0,10.0,23.0,5.0,0.00120247,0.00719963,0.00050606,0.00421085,0.0001532,8.2e-07,0.00010574,7.81e-06,0.00019944,1228.0,7464.0,0.00246745,2.31933e-05,0.00217544,0.00466609,719.0,3746.79,0.277587,0.517943,47.0,2348630000.0,2348630000.0,0.10391,-3.97803,-0.0957808,82.5099,73.0,29.0,23.0,0.0,725.0,3708.0,3708.0,4086.0,4152.0,4083.0,4084.0,4086.0,0.33,1.0,51.0,50.0,0.2,100.0
traj_sweep_860,routing,0.00179003,0.00179003,1076.77,1278.42,875.672,875.672,707.0,6.0,707.0,8.83,0.2645,187.17,0.813241,0.813241,731.0,23.0,23.0,4048.0,4048.0,433147.0,6.0,23.0,5.0,0.00046169,0.00435266,0.00027247,0.00225561,4.431e-05,3.2e-07,5.955e-05,3.55e-06,7.453e-05,1057.0,7467.0,0.00234558,2.26624e-05,0.00202633,0.00439457,722.0,3577.85,0.299718,0.528531,48.0,2370490000.0,2370490000.0,0.107632,-3.40311,-0.0872546,81.3241,57.0,18.0,5.0,0.0,729.0,3653.0,3653.0,3914.0,3978.0,3925.0,3914.0,3914.0,0.34,1.0,51.0,50.0,0.2,100.0
traj_sweep_861,routing,0.00164003,0.00164003,1076.77,1278.42,877.268,877.268,705.0,3.0,705.0,5.6,0.1135,80.06,0.814723,0.814723,729.0,23.0,23.0,4048.0,4048.0,156879.0,2.0,23.0,5.0,0.00016129,0.00206585,0.00010052,0.00252569,1.778e-05,7.2e-07,1.955e-05,1.73e-06,3.122e-05,394.0,7267.0,0.0023079,2.27761e-05,0.00200441,0.00433509,724.0,3570.68,0.649295,0.696887,47.0,2342380000.0,2342380000.0,0.10882,-3.06388,-0.0790297,81.4723,68.0,21.0,15.0,0.0,727.0,3635.0,3635.0,3915.0,3914.0,3917.0,3910.0,3915.0,0.35,1.0,51.0,50.0,0.2,100.0
traj_sweep_862,routing,0.00143361,0.00143361,1076.77,1278.42,841.092,841.092,699.0,1.0,699.0,5.27,0.0235,16.43,0.781126,0.781126,723.0,23.0,23.0,4048.0,4048.0,45294.0,1.0,23.0,5.0,2.934e-05,0.00026006,3.185e-05,0.00303366,2.31e-06,1.9e-07,4.75e-06,1.04e-06,6.69e-06,65.0,6854.0,0.00215189,2.14105e-05,0.00183765,0.00401095,720.0,3275.5,0.630109,0.687645,47.0,2346850000.0,2346850000.0,0.10917,-2.57983,-0.0661035,78.1126,32.0,24.0,12.0,3.0,721.0,3485.0,3485.0,3639.0,3669.0,3631.0,3637.0,3639.0,0.36,1.0,51.0,50.0,0.2,100.0
traj_sweep_863,routing,0.00167891,0.00167891,1076.77,1278.42,884.982,884.982,708.0,13.0,708.0,7.12,0.42,297.37,0.821887,0.821887,732.0,23.0,23.0,4048.0,4048.0,757293.0,11.0,23.0,5.0,0.000582091,0.00535566,0.00042465,0.00216803,6.328e-05,4e-07,7.3269e-05,4.669e-06,0.000105551,1555.0,7461.0,0.00221368,2.31262e-05,0.00190433,0.00414113,716.0,3695.55,0.2912,0.524459,47.0,2334420000.0,2334420000.0,0.111207,-2.26339,-0.0649776,82.1887,74.0,29.0,20.0,0.0,730.0,3747.0,3747.0,4036.0,4073.0,4026.0,4036.0,4036.0,0.37,1.0,51.0,50.0,0.2,100.0
traj_sweep_864,routing,0.0017273,0.0017273,1076.77,1278.42,923.02,923.02,708.0,6.0,708.0,7.74,0.4455,315.49,0.857213,0.857213,733.0,23.0,23.0,4048.0,4048.0,794062.0,11.0,23.0,5.0,0.00054317,0.0049365,0.000383289,0.00246347,4.923e-05,3.6e-07,6.43e-05,4.03e-06,8.21e-05,1242.0,7618.0,0.00223122,2.45202e-05,0.00199638,0.00425212,725.0,3934.15,0.639941,0.692393,47.0,2311990000.0,2311990000.0,0.114981,-1.94565,-0.0525272,85.7213,73.0,10.0,6.0,0.0,731.0,3755.0,3755.0,4256.0,4302.0,4255.0,4257.0,4256.0,0.38,1.0,51.0,50.0,0.2,100.0
traj_sweep_865,routing,0.00113526,0.00113526,1076.77,1278.42,869.288,869.288,701.0,3.0,701.0,5.84,0.1265,88.7,0.807312,0.807312,725.0,23.0,23.0,4048.0,4048.0,233907.0,3.0,23.0,5.0,0.00028188,0.00273746,0.00021158,0.00270929,3.021e-05,6.1e-07,4.264e-05,2.21e-06,4.665e-05,484.0,7068.0,0.00204168,2.23041e-05,0.0017778,0.00384178,718.0,3523.9,0.64834,0.643285,45.0,2320030000.0,2320030000.0,0.116483,-1.4621,-0.0412349,80.7312,56.0,27.0,19.0,0.0,723.0,3551.0,3551.0,3849.0,3888.0,3867.0,3840.0,3849.0,0.39,1.0,51.0,50.0,0.2,100.0
traj_sweep_866,routing,0.00132669,0.00132669,1076.77,1278.42,855.722,855.722,694.0,2.0,694.0,8.07,0.2245,156.04,0.794713,0.794713,718.0,23.0,23.0,4048.0,4048.0,363636.0,5.0,23.0,5.0,0.00043243,0.00468692,0.00022889,0.00244676,4.265e-05,4.9e-07,5.462e-05,4.38e-06,7.569e-05,914.0,7176.0,0.00197142,2.20413e-05,0.00172975,0.00372321,712.0,3590.68,0.265963,0.512339,45.0,2316230000.0,2316230000.0,0.112374,-1.2017,-0.0317368,79.4713,56.0,36.0,29.0,0.0,716.0,3594.0,3594.0,3924.0,3965.0,3921.0,3909.0,3924.0,0.4,1.0,51.0,50.0,0.2,100.0
traj_sweep_867,routing,0.0013845,0.0013845,1076.77,1278.42,804.118,804.118,680.0,1.0,680.0,5.6,0.175,119.29,0.746789,0.746789,704.0,23.0,23.0,4048.0,4048.0,326742.0,5.0,23.0,5.0,0.00029511,0.0030345,0.00022978,0.00233449,2.724e-05,3.49e-07,3.984e-05,2.44e-06,4.665e-05,587.0,7105.0,0.0018485,2.0143e-05,0.00160447,0.00347311,703.0,3569.49,0.641494,0.693133,26.0,2335190000.0,2335190000.0,0.112514,-0.350038,-0.0214434,74.6789,39.0,7.0,6.0,0.0,702.0,3570.0,3570.0,3939.0,3990.0,3940.0,3938.0,3939.0,0.41,1.0,51.0,50.0,0.2,100.0
traj_sweep_868,routing,0.00114852,0.00114852,1076.77,1278.42,804.916,804.916,671.0,10.0,671.0,7.88,0.409,274.5,0.74753,0.74753,695.0,23.0,23.0,4048.0,4048.0,675879.0,11.0,23.0,5.0,0.0004303,0.00412437,0.000287949,0.00253807,5.433e-05,4.2e-07,5.646e-05,3.78e-06,7.183e-05,1197.0,6939.0,0.00178708,2.02867e-05,0.00158064,0.00338801,683.0,3518.53,0.795061,0.596077,23.0,2325090000.0,2325090000.0,0.111986,-0.141226,-0.0125539,74.753,34.0,9.0,6.0,0.0,693.0,3546.0,3546.0,3867.0,3882.0,3852.0,3865.0,3867.0,0.42,1.0,51.0,50.0,0.2,100.0
traj_sweep_869,routing,0.000859611,0.000859611,1076.77,1278.42,728.308,728.308,640.0,5.0,640.0,3.37,0.0395,25.31,0.676383,0.676383,664.0,23.0,23.0,4048.0,4048.0,58026.0,1.0,23.0,5.0,0.000132,0.00199889,0.0001003,0.00418333,1.222e-05,9.9e-07,2.188e-05,1.45e-06,2.209e-05,232.0,6338.0,0.00155842,1.74558e-05,0.00136426,0.00294014,657.0,3110.81,0.750348,0.597237,8.0,2312630000.0,2312630000.0,0.112584,-0.0282078,-0.00808281,67.6383,57.0,19.0,7.0,0.0,662.0,3386.0,3386.0,3524.0,3549.0,3527.0,3524.0,3524.0,0.43,1.0,51.0,50.0,0.2,100.0
traj_sweep_870,routing,0.00397645,0.00397645,1076.77,1278.42,723.52,723.52,626.0,6.0,626.0,8.4,0.1085,67.95,0.671937,0.671937,650.0,23.0,23.0,4048.0,4048.0,178006.0,3.0,23.0,5.0,0.00020492,0.00187454,0.00018166,0.00265049,2.627e-05,9e-08,2.997e-05,1.98e-06,4.407e-05,523.0,6520.0,0.00149354,1.73801e-05,0.00135042,0.00286134,642.0,3144.68,0.75434,0.597232,4.0,2304160000.0,2304160000.0,0.112173,-0.00717409,-0.00342484,67.1937,79.0,34.0,25.0,0.0,648.0,3380.0,3380.0,3653.0,3699.0,3658.0,3648.0,3653.0,0.44,1.0,51.0,50.0,0.2,100.0
traj_sweep_871,routing,0.000886222,0.000886222,1076.77,1278.42,698.782,698.782,625.0,8.0,625.0,4.32,0.051,32.0,0.648962,0.648962,649.0,23.0,23.0,4048.0,4048.0,79852.0,1.0,22.0,4.0,0.00013621,0.00140075,0.00011504,0.00358095,1.17e-05,7.2e-07,1.657e-05,1.32e-06,2.314e-05,256.0,6301.0,0.00139508,1.63324e-05,0.0012444,0.00265582,639.0,3140.53,0.728876,0.611443,3.0,2272210000.0,2272210000.0,0.113273,-0.00124065,-0.00089051,64.8962,46.0,23.0,15.0,0.0,647.0,3303.0,3303.0,3517.0,3535.0,3517.0,3513.0,3517.0,0.45,1.0,51.0,50.0,0.2,100.0
traj_sweep_872,routing,0.00119697,0.00119697,1076.77,1278.42,683.354,683.354,614.0,0.0,614.0,0.95,0.002,1.52,0.634634,0.634634,638.0,23.0,23.0,4048.0,4048.0,5614.0,0.0,22.0,4.0,1.033e-05,6.544e-05,1.332e-05,0.00262324,5.9e-07,3e-07,1.23e-06,5.9e-07,3.41e-06,9.0,6190.0,0.00133021,1.57822e-05,0.00119011,0.0025361,636.0,2990.79,0.761141,0.613936,0.0,2226370000.0,2226370000.0,0.111559,0.0,0.000117628,63.4634,36.0,29.0,21.0,0.0,636.0,3253.0,3253.0,3446.0,3501.0,3463.0,3452.0,3446.0,0.46,1.0,51.0,50.0,0.2,100.0
traj_sweep_873,routing,0.00136995,0.00136995,1076.77,1278.42,678.034,678.034,610.0,0.0,610.0,0.0,0.0,0.0,0.629694,0.629694,636.0,23.0,23.0,4048.0,4048.0,0.0,0.0,22.0,4.0,8.06e-06,5.988e-05,1.796e-05,0.0057186,3.6e-07,2.7e-07,1.36e-06,7e-07,3.79e-06,11.0,6044.0,0.00128642,1.55925e-05,0.00113926,0.00244128,634.0,2956.45,0.724088,0.507366,0.0,2211080000.0,2211080000.0,0.113211,0.0,0.003753,62.9694,73.0,23.0,22.0,0.0,634.0,3279.0,3279.0,3428.0,3463.0,3436.0,3433.0,3428.0,0.47,1.0,51.0,50.0,0.2,100.0
traj_sweep_874,routing,0.000814626,0.000814626,1076.77,1278.42,677.768,677.768,611.0,0.0,611.0,0.0,0.0,0.0,0.629447,0.629447,636.0,23.0,23.0,4048.0,4048.0,0.0,0.0,22.0,4.0,0.00153364,0.0110581,0.00079331,0.0102684,0.00010111,8.4e-07,0.00015357,8.07e-06,0.00016869,3149.0,6147.0,0.00125918,1.55891e-05,0.00113053,0.0024053,634.0,2997.21,0.735273,0.528017,0.0,2206490000.0,2206490000.0,0.112647,0.0,0.010394,62.9447,50.0,22.0,10.0,0.0,634.0,3224.0,3224.0,3413.0,3443.0,3412.0,3414.0,3413.0,0.48,1.0,51.0,50.0,0.2,100.0
traj_sweep_875,routing,0.00123279,0.00123279,1076.77,1278.42,675.64,675.64,610.0,0.0,610.0,0.0,0.0,0.0,0.62747,0.62747,634.0,23.0,23.0,4048.0,4048.0,0.0,0.0,22.0,4.0,0.00131936,0.00897084,0.00078348,0.0105373,9.952e-05,5.4e-07,0.00014074,7.789e-06,0.000171169,3205.0,6090.0,0.00124054,1.54618e-05,0.00110505,0.00236106,632.0,2928.69,0.763489,0.618963,0.0,2178380000.0,2178380000.0,0.111784,0.0,0.012683,62.747,75.0,19.0,24.0,0.0,632.0,3277.0,3277.0,3418.0,3427.0,3405.0,3418.0,3418.0,0.49,1.0,51.0,50.0,0.2,100.0
traj_sweep_876,routing,0.00121698,0.00121698,1076.77,1278.42,674.576,674.576,609.0,0.0,609.0,0.0,0.0,0.0,0.626482,0.626482,634.0,23.0,23.0,4048.0,4048.0,0.0,0.0,22.0,4.0,0.00258753,0.0132344,0.00155762,0.0150468,0.00017674,6.6e-07,0.00023337,1.106e-05,0.0002563,3262.0,6181.0,0.00120526,1.54538e-05,0.00108488,0.0023056,632.0,2969.97,0.736422,0.619204,0.0,2166190000.0,2166190000.0,0.112493,0.0,0.0226343,62.6482,64.0,30.0,25.0,0.0,632.0,3258.0,3258.0,3452.0,3447.0,3434.0,3452.0,3452.0,0.5,1.0,51.0,50.0,0.2,100.0
traj_sweep_877,routing,0.000538965,0.000538965,1076.77,1278.42,675.374,675.374,610.0,0.0,610.0,0.0,0.0,0.0,0.627223,0.627223,634.0,23.0,23.0,4048.0,4048.0,0.0,0.0,22.0,4.0,0.00183182,0.00870938,0.00104767,0.0111897,0.0001108,5.4e-07,0.00033174,8.49e-06,0.00020114,3189.0,6218.0,0.00119125,1.5441e-05,0.00106034,0.00226703,632.0,2974.21,0.772332,0.606295,0.0,2139580000.0,2139580000.0,0.111995,0.0,0.0299596,62.7223,46.0,17.0,5.0,0.0,632.0,3292.0,3292.0,3456.0,3489.0,3468.0,3455.0,3456.0,0.51,1.0,51.0,50.0,0.2,100.0
traj_sweep_878,routing,0.00295478,0.00295478,1076.77,1278.42,675.64,675.64,610.0,0.0,610.0,0.0,0.0,0.0,0.62747,0.62747,634.0,23.0,23.0,4048.0,4048.0,0.0,0.0,22.0,4.0,0.00126087,0.00918658,0.00078314,0.0104752,0.000103231,6.2e-07,0.000140929,7.49e-06,0.00016183,3118.0,5976.0,0.00116993,1.54808e-05,0.00104665,0.00223206,632.0,2972.28,0.776034,0.605916,0.0,2191750000.0,2191750000.0,0.112866,0.0,0.0397594,62.747,78.0,14.0,15.0,0.0,632.0,3248.0,3248.0,3397.0,3457.0,3408.0,3400.0,3397.0,0.52,1.0,51.0,50.0,0.2,100.0
traj_sweep_879,routing,0.00158487,0.00158487,1076.77,1278.42,675.108,675.108,610.0,0.0,610.0,0.0,0.0,0.0,0.626976,0.626976,634.0,23.0,23.0,4048.0,4048.0,0.0,0.0,22.0,4.0,0.00129136,0.00927678,0.00075739,0.0129738,9.704e-05,6.1e-07,0.00014092,7.52e-06,0.00016271,3235.0,6136.0,0.0011409,1.54521e-05,0.00101919,0.00217554,632.0,2954.18,0.778144,0.610451,0.0,2165570000.0,2165570000.0,0.114009,0.0,0.0443398,62.6976,82.0,17.0,22.0,0.0,632.0,3302.0,3302.0,3420.0,3454.0,3435.0,3420.0,3420.0,0.53,1.0,51.0,50.0,0.2,100.0
traj_sweep_880,routing,0.00159453,0.00159453,1076.77,1278.42,675.108,675.108,610.0,0.0,610.0,0.0,0.0,0.0,0.626976,0.626976,634.0,23.0,23.0,4048.0,4048.0,0.0,0.0,22.0,4.0,0.00127347,0.0117294,0.00082118,0.0119665,9.848e-05,1.36e-06,0.00015216,7.63e-06,0.00017718,3182.0,6204.0,0.00111975,1.54521e-05,0.000997337,0.00213254,632.0,2953.53,0.722507,0.598572,0.0,2109890000.0,2109890000.0,0.113238,0.0,0.05369,62.6976,38.0,8.0,7.0,0.0,632.0,3238.0,3238.0,3437.0,3494.0,3437.0,3438.0,3437.0,0.54,1.0,51.0,50.0,0.2,100.0
traj_sweep_881,routing,0.00315694,0.00315694,1076.77,1278.42,674.842,674.842,610.0,0.0,610.0,0.0,0.0,0.0,0.626729,0.626729,634.0,23.0,23.0,4048.0,4048.0,0.0,0.0,22.0,4.0,0.00128712,0.00916153,0.00083944,0.0111772,9.7331e-05,9.91e-07,0.000140909,7.771e-06,0.00016978,3149.0,6064.0,0.00109858,1.54472e-05,0.000984295,0.00209833,632.0,2971.36,0.747614,0.60119,0.0,2122040000.0,2122040000.0,0.113914,0.0,0.0618751,62.6729,55.0,35.0,12.0,0.0,632.0,3265.0,3265.0,3465.0,3491.0,3460.0,3464.0,3465.0,0.55,1.0,51.0,50.0,0.2,100.0
traj_sweep_882,routing,0.00049203,0.00049203,1076.77,1278.42,674.576,674.576,609.0,0.0,609.0,0.0,0.0,0.0,0.626482,0.626482,633.0,23.0,23.0,4048.0,4048.0,0.0,0.0,22.0,4.0,0.00194121,0.00922462,0.000964889,0.0137217,0.00016021,5.9e-07,0.00017148,1.072e-05,0.00024581,3153.0,6116.0,0.00108587,1.54213e-05,0.000963837,0.00206513,631.0,2964.61,0.735633,0.530987,0.0,2135080000.0,2135080000.0,0.112525,0.0,0.0697001,62.6482,60.0,33.0,15.0,0.0,631.0,3217.0,3217.0,3451.0,3480.0,3441.0,3446.0,3451.0,0.56,1.0,51.0,50.0,0.2,100.0
traj_sweep_883,routing,0.00049203,0.00049203,1076.77,1278.42,674.576,674.576,609.0,0.0,609.0,0.0,0.0,0.0,0.626482,0.626482,633.0,23.0,23.0,4048.0,4048.0,0.0,0.0,22.0,4.0,0.00133215,0.00844793,0.000772049,0.00893106,0.000103,6.1e-07,0.00013685,8.32e-06,0.00017693,3153.0,6116.0,0.00106682,1.54213e-05,0.000946928,0.00202917,631.0,2964.61,0.735633,0.530987,0.0,2135080000.0,2135080000.0,0.112525,0.0,0.0777002,62.6482,60.0,33.0,15.0,0.0,631.0,3217.0,3217.0,3451.0,3480.0,3441.0,3446.0,3451.0,0.57,1.0,51.0,50.0,0.2,100.0
traj_sweep_884,routing,0.000700752,0.000700752,1076.77,1278.42,674.044,674.044,608.0,0.0,608.0,0.0,0.0,0.0,0.625988,0.625988,632.0,23.0,23.0,4048.0,4048.0,0.0,0.0,22.0,4.0,0.00263812,0.00883358,0.00117431,0.0158876,0.00021171,6.6e-07,0.00019081,1.271e-05,0.00029488,3247.0,6190.0,0.00104914,1.54214e-05,0.000927773,0.00199233,630.0,2921.09,0.760464,0.473479,0.0,2123990000.0,2123990000.0,0.113435,0.0,0.087532,62.5988,65.0,32.0,22.0,0.0,630.0,3219.0,3219.0,3373.0,3425.0,3386.0,3372.0,3373.0,0.58,1.0,51.0,50.0,0.2,100.0
traj_sweep_885,routing,0.00137943,0.00137943,1076.77,1278.42,673.512,673.512,608.0,0.0,608.0,0.0,0.0,0.0,0.625494,0.625494,632.0,23.0,23.0,4048.0,4048.0,0.0,0.0,22.0,4.0,0.00206422,0.0131076,0.00128849,0.0196996,0.00015093,9.9e-07,0.00019212,1.043e-05,0.00027879,3093.0,6053.0,0.00102491,1.54102e-05,0.000910901,0.00195122,630.0,2954.09,0.759396,0.538249,0.0,2126130000.0,2126130000.0,0.112418,0.0,0.0925506,62.5494,43.0,16.0,11.0,0.0,630.0,3256.0,3256.0,3413.0,3433.0,3403.0,3407.0,3413.0,0.59,1.0,51.0,50.0,0.2,100.0
traj_sweep_886,routing,0.00191565,0.00191565,1076.77,1278.42,674.842,674.842,608.0,0.0,608.0,0.0,0.0,0.0,0.626729,0.626729,632.0,23.0,23.0,4048.0,4048.0,0.0,0.0,22.0,4.0,0.00133173,0.00932905,0.00076762,0.0105661,0.00010104,5.7e-07,0.00013658,7.96e-06,0.00017949,3259.0,6198.0,0.00101433,1.54659e-05,0.000904118,0.00193391,630.0,2973.11,0.691699,0.537986,0.0,2117960000.0,2117960000.0,0.113239,0.0,0.100585,62.6729,52.0,17.0,8.0,0.0,630.0,3267.0,3267.0,3446.0,3476.0,3431.0,3446.0,3446.0,0.6,1.0,51.0,50.0,0.2,100.0
traj_sweep_887,routing,0.00120744,0.00120744,1076.77,1278.42,674.842,674.842,608.0,0.0,608.0,0.0,0.0,0.0,0.626729,0.626729,632.0,23.0,23.0,4048.0,4048.0,0.0,0.0,22.0,4.0,0.00130707,0.00871474,0.00076554,0.0101436,9.754e-05,5.4e-07,0.00015316,7.691e-06,0.00017082,3216.0,6141.0,0.000997839,1.54659e-05,0.000883233,0.00189654,630.0,2960.42,0.684136,0.531927,0.0,2130680000.0,2130680000.0,0.112884,0.0,0.111295,62.6729,47.0,26.0,26.0,0.0,630.0,3268.0,3268.0,3428.0,3473.0,3428.0,3428.0,3428.0,0.61,1.0,51.0,50.0,0.2,100.0
traj_sweep_888,routing,0.00126948,0.00126948,1076.77,1278.42,674.044,674.044,608.0,0.0,608.0,0.0,0.0,0.0,0.625988,0.625988,632.0,23.0,23.0,4048.0,4048.0,0.0,0.0,22.0,4.0,0.00142716,0.0120886,0.00094818,0.0120464,0.00010178,9.8e-07,0.00015153,1.208e-05,0.00021125,3220.0,6213.0,0.000981464,1.54214e-05,0.000873202,0.00187009,630.0,2958.44,0.776266,0.531586,0.0,2140920000.0,2140920000.0,0.112327,0.0,0.11532,62.5988,39.0,13.0,5.0,1.0,630.0,3257.0,3257.0,3415.0,3450.0,3414.0,3412.0,3413.0,0.62,1.0,51.0,50.0,0.2,100.0
traj_sweep_889,routing,0.000476987,0.000476987,1076.77,1278.42,995.904,995.904,751.0,14.0,751.0,12.01,1.014,761.72,0.924901,0.924901,777.0,23.0,23.0,4048.0,4048.0,1533970.0,19.0,23.0,5.0,0.00154987,0.0142086,0.0010261,0.00262131,0.00019956,8.5e-07,0.000242,2.048e-05,0.00027665,2860.0,9410.0,0.00674942,2.76461e-05,0.00567716,0.0124542,761.0,4912.19,0.640936,0.692862,53.0,2333530000.0,2333530000.0,0.072406,-13.3868,-0.288535,92.4901,92.0,57.0,42.0,0.0,775.0,4222.0,4222.0,5300.0,5345.0,5311.0,5297.0,5300.0,0.14,1.0,52.0,50.0,0.2,100.0
traj_sweep_890,routing,0.00176466,0.00176466,1076.77,1278.42,963.186,963.186,738.0,2.0,738.0,7.69,0.2415,178.56,0.894516,0.894516,762.0,23.0,23.0,4048.0,4048.0,192162.0,2.0,23.0,5.0,0.00034603,0.0031095,0.00024927,0.00249615,3.172e-05,5.6e-07,4.661e-05,2.64e-06,5.567e-05,808.0,8296.0,0.00608773,2.6352e-05,0.00507748,0.0111916,759.0,4217.84,0.586046,0.666466,53.0,2351470000.0,2351470000.0,0.0714098,-12.7749,-0.275266,89.4516,57.0,24.0,18.0,0.0,760.0,3926.0,3926.0,4529.0,4554.0,4537.0,4524.0,4529.0,0.15,1.0,52.0,50.0,0.2,100.0
traj_sweep_891,routing,0.00115712,0.00115712,1076.77,1278.42,973.826,973.826,741.0,5.0,741.0,14.24,0.559,414.26,0.904397,0.904397,765.0,23.0,23.0,4048.0,4048.0,917865.0,10.0,23.0,5.0,0.00068474,0.00832132,0.00046503,0.00233647,7.027e-05,5.2e-07,9.965e-05,5.16e-06,0.00011842,1730.0,9305.0,0.0056753,2.68643e-05,0.00477092,0.0104731,761.0,4953.33,0.504611,0.627221,53.0,2332750000.0,2332750000.0,0.0735264,-12.4429,-0.268679,90.4397,94.0,43.0,39.0,0.0,763.0,4214.0,4214.0,5284.0,5377.0,5285.0,5293.0,5284.0,0.16,1.0,52.0,50.0,0.2,100.0
traj_sweep_892,routing,0.00126218,0.00126218,1076.77,1278.42,958.664,958.664,739.0,4.0,739.0,11.06,0.467,345.41,0.890316,0.890316,763.0,23.0,23.0,4048.0,4048.0,746746.0,9.0,23.0,5.0,0.000524519,0.00640005,0.00035092,0.00302303,6.852e-05,2.2e-07,8.275e-05,4.5e-06,9.9731e-05,1550.0,8706.0,0.0053335,2.61595e-05,0.00450031,0.00985997,759.0,4504.43,0.633095,0.689077,53.0,2343470000.0,2343470000.0,0.0744793,-11.7635,-0.256718,89.0316,84.0,56.0,27.0,0.0,761.0,4026.0,4026.0,4872.0,4883.0,4849.0,4864.0,4872.0,0.17,1.0,52.0,50.0,0.2,100.0
traj_sweep_894,routing,0.000852436,0.000852436,1076.77,1278.42,961.058,961.058,741.0,10.0,741.0,9.92,0.4865,360.77,0.89254,0.89254,765.0,23.0,23.0,4048.0,4048.0,676349.0,8.0,23.0,5.0,0.00053632,0.00606829,0.00037237,0.00201451,5.988e-05,2.3e-07,8.218e-05,4.12e-06,9.552e-05,1374.0,8652.0,0.00470255,2.62681e-05,0.00398,0.00870881,754.0,4534.97,0.60961,0.677793,53.0,2367440000.0,2367440000.0,0.0796665,-10.7028,-0.232397,89.254,91.0,36.0,36.0,0.0,763.0,4104.0,4104.0,4847.0,4897.0,4838.0,4845.0,4847.0,0.19,1.0,52.0,50.0,0.2,100.0
traj_sweep_895,routing,0.00105996,0.00105996,1076.77,1278.42,961.59,961.59,735.0,3.0,735.0,10.83,0.4395,323.17,0.893034,0.893034,761.0,23.0,23.0,4048.0,4048.0,668353.0,8.0,24.0,6.0,0.000772019,0.00807105,0.00052786,0.00293543,9.4e-05,8.7e-07,0.000107589,5.64e-06,0.00012654,1397.0,8364.0,0.00451421,2.64475e-05,0.00377381,0.00831447,756.0,4430.85,0.602605,0.674424,53.0,2365330000.0,2365330000.0,0.0816171,-10.2378,-0.222774,89.3034,91.0,13.0,11.0,0.0,759.0,3969.0,3969.0,4778.0,4794.0,4771.0,4775.0,4778.0,0.2,1.0,52.0,50.0,0.2,100.0
traj_sweep_896,routing,0.0012443,0.0012443,1076.77,1278.42,935.788,935.788,732.0,7.0,732.0,6.93,0.1795,131.56,0.869071,0.869071,756.0,23.0,23.0,4048.0,4048.0,319803.0,4.0,23.0,5.0,0.00036366,0.00361738,0.00026006,0.00277764,3.7369e-05,4e-07,4.61e-05,2.811e-06,5.64e-05,626.0,8028.0,0.00412069,2.53578e-05,0.00348891,0.00763495,750.0,4017.8,0.636916,0.690928,53.0,2366210000.0,2366210000.0,0.0804023,-9.5411,-0.212617,86.9071,68.0,21.0,24.0,0.0,754.0,3828.0,3828.0,4305.0,4352.0,4304.0,4299.0,4305.0,0.21,1.0,52.0,50.0,0.2,100.0
traj_sweep_898,routing,0.000715372,0.000715372,1076.77,1278.42,941.906,941.906,727.0,5.0,727.0,6.6,0.245,178.28,0.874753,0.874753,751.0,23.0,23.0,4048.0,4048.0,349230.0,4.0,23.0,5.0,0.00054392,0.00475641,0.00031976,0.00276017,5.316e-05,4.7e-07,6.576e-05,3.64e-06,7.989e-05,1033.0,8094.0,0.00377468,2.54732e-05,0.00322089,0.00702104,746.0,4110.27,0.645434,0.695024,53.0,2369620000.0,2369620000.0,0.0865714,-8.45931,-0.192008,87.4753,71.0,21.0,24.0,0.0,749.0,3887.0,3887.0,4425.0,4453.0,4426.0,4425.0,4425.0,0.23,1.0,52.0,50.0,0.2,100.0
traj_sweep_899,routing,0.00233705,0.00233705,1076.77,1278.42,929.67,929.67,733.0,8.0,733.0,9.54,0.328,240.47,0.863389,0.863389,757.0,23.0,23.0,4048.0,4048.0,504989.0,7.0,23.0,5.0,0.00038255,0.00461171,0.000267159,0.00293796,4.19e-05,1.8e-07,5.442e-05,3.19e-06,6.734e-05,1094.0,7934.0,0.00360517,2.50852e-05,0.00307599,0.00670625,748.0,4012.67,0.62995,0.687564,53.0,2350820000.0,2350820000.0,0.0834689,-8.07402,-0.185383,86.3389,55.0,20.0,39.0,0.0,755.0,3828.0,3828.0,4343.0,4402.0,4375.0,4343.0,4343.0,0.24,1.0,52.0,50.0,0.2,100.0
traj_sweep_900,routing,0.0019167,0.0019167,1076.77,1278.42,947.758,947.758,737.0,9.0,737.0,8.45,0.303,223.55,0.880188,0.880188,761.0,23.0,23.0,4048.0,4048.0,489568.0,6.0,23.0,5.0,0.000583609,0.00663322,0.00040632,0.00210729,5.79e-05,4.2e-07,8.9031e-05,4.271e-06,9.0589e-05,1067.0,8056.0,0.00352804,2.55116e-05,0.00299274,0.0065463,752.0,4228.23,0.636359,0.69066,51.0,2386470000.0,2386470000.0,0.091965,-7.57673,-0.169029,88.0188,86.0,45.0,21.0,0.0,759.0,3895.0,3895.0,4527.0,4557.0,4507.0,4523.0,4527.0,0.25,1.0,52.0,50.0,0.2,100.0
traj_sweep_901,routing,0.00092118,0.00092118,1076.77,1278.42,936.586,936.586,729.0,4.0,729.0,8.78,0.2295,167.47,0.869812,0.869812,753.0,23.0,23.0,4048.0,4048.0,433762.0,6.0,23.0,5.0,0.00050784,0.00405615,0.0002586,0.00276461,4.177e-05,4.5e-07,5.624e-05,4.15e-06,6.814e-05,790.0,8056.0,0.00333144,2.51694e-05,0.00286948,0.00622609,747.0,4116.88,0.640936,0.692862,50.0,2354540000.0,2354540000.0,0.0933272,-7.09569,-0.164711,86.9812,79.0,25.0,22.0,0.0,751.0,3875.0,3875.0,4426.0,4474.0,4429.0,4429.0,4426.0,0.26,1.0,52.0,50.0,0.2,100.0
traj_sweep_902,routing,0.00187513,0.00187513,1076.77,1278.42,926.478,926.478,736.0,6.0,736.0,6.36,0.1775,130.75,0.860425,0.860425,760.0,23.0,23.0,4048.0,4048.0,279837.0,4.0,23.0,5.0,0.00042716,0.00451542,0.00031211,0.0028701,3.988e-05,9.7e-07,5.991e-05,3.05e-06,6.752e-05,742.0,7546.0,0.0031905,2.45493e-05,0.00269389,0.00590893,751.0,3835.89,0.645434,0.695024,49.0,2392140000.0,2392140000.0,0.0953906,-6.60341,-0.148035,86.0425,47.0,17.0,15.0,0.0,758.0,3751.0,3751.0,4102.0,4193.0,4104.0,4106.0,4102.0,0.27,1.0,52.0,50.0,0.2,100.0
traj_sweep_904,routing,0.00229208,0.00229208,1076.77,1278.42,932.596,932.596,721.0,1.0,721.0,11.25,0.3855,278.11,0.866107,0.866107,745.0,23.0,23.0,4048.0,4048.0,653754.0,9.0,23.0,5.0,0.00078878,0.00764943,0.00041038,0.00280499,8.131e-05,6.6e-07,0.00010429,4.24e-06,0.00011016,1070.0,8105.0,0.00294121,2.4696e-05,0.00257142,0.00553733,742.0,4125.16,0.636359,0.69067,49.0,2352960000.0,2352960000.0,0.0982873,-5.82479,-0.138095,86.6107,69.0,22.0,12.0,0.0,743.0,3857.0,3857.0,4449.0,4480.0,4443.0,4448.0,4449.0,0.29,1.0,52.0,50.0,0.2,100.0
traj_sweep_905,routing,0.000941768,0.000941768,1076.77,1278.42,894.026,894.026,719.0,1.0,719.0,6.55,0.0575,41.4,0.830287,0.830287,743.0,23.0,23.0,4048.0,4048.0,80483.0,1.0,23.0,5.0,6.721e-05,0.000718,5.977e-05,0.00288926,6.21e-06,2.9e-07,9.63e-06,8.5e-07,1.359e-05,186.0,7392.0,0.00275992,2.33577e-05,0.00234223,0.0051255,740.0,3747.65,0.646987,0.69578,49.0,2354790000.0,2354790000.0,0.0994491,-5.20595,-0.124667,83.0287,52.0,30.0,11.0,0.0,741.0,3707.0,3707.0,4056.0,4096.0,4041.0,4053.0,4056.0,0.3,1.0,52.0,50.0,0.2,100.0
traj_sweep_906,routing,0.00157981,0.00157981,1076.77,1278.42,891.898,891.898,721.0,2.0,721.0,5.6,0.0245,17.9,0.82831,0.82831,745.0,23.0,23.0,4048.0,4048.0,52537.0,1.0,23.0,5.0,4.8939e-05,0.00061511,4.751e-05,0.00229107,4.631e-06,5e-07,6.98e-06,8.09e-07,9.689e-06,115.0,7301.0,0.0026753,2.32567e-05,0.0022437,0.00494225,742.0,3636.19,0.635443,0.690227,49.0,2354790000.0,2354790000.0,0.102168,-4.73614,-0.114667,82.831,41.0,9.0,3.0,0.0,743.0,3686.0,3686.0,3903.0,3952.0,3907.0,3902.0,3903.0,0.31,1.0,52.0,50.0,0.2,100.0
traj_sweep_908,routing,0.00159197,0.00159197,1076.77,1278.42,888.44,888.44,703.0,5.0,703.0,9.02,0.377,265.25,0.825099,0.825099,727.0,23.0,23.0,4048.0,4048.0,679928.0,10.0,23.0,5.0,0.00043301,0.00500078,0.00038285,0.00274574,5.654e-05,2e-07,8.779e-05,6.13e-06,0.00010344,1228.0,7464.0,0.00246745,2.31933e-05,0.00217544,0.00466609,719.0,3746.79,0.277587,0.517943,47.0,2348630000.0,2348630000.0,0.10391,-3.97803,-0.0957808,82.5099,73.0,29.0,23.0,0.0,725.0,3708.0,3708.0,4086.0,4152.0,4083.0,4084.0,4086.0,0.33,1.0,52.0,50.0,0.2,100.0
traj_sweep_909,routing,0.00179003,0.00179003,1076.77,1278.42,875.672,875.672,707.0,6.0,707.0,8.83,0.2645,187.17,0.813241,0.813241,731.0,23.0,23.0,4048.0,4048.0,433147.0,6.0,23.0,5.0,0.0007009,0.00661555,0.00040436,0.00252577,6.056e-05,4e-07,7.719e-05,3.97e-06,9.207e-05,1057.0,7467.0,0.00234558,2.26624e-05,0.00202633,0.00439457,722.0,3577.85,0.299718,0.528531,48.0,2370490000.0,2370490000.0,0.107632,-3.40311,-0.0872546,81.3241,57.0,18.0,5.0,0.0,729.0,3653.0,3653.0,3914.0,3978.0,3925.0,3914.0,3914.0,0.34,1.0,52.0,50.0,0.2,100.0
traj_sweep_910,routing,0.00164003,0.00164003,1076.77,1278.42,877.268,877.268,705.0,3.0,705.0,5.6,0.1135,80.06,0.814723,0.814723,729.0,23.0,23.0,4048.0,4048.0,156879.0,2.0,23.0,5.0,0.00022549,0.00179103,0.00016404,0.00289485,2.05e-05,5.6e-07,2.526e-05,1.98e-06,3.326e-05,394.0,7267.0,0.0023079,2.27761e-05,0.00200441,0.00433509,724.0,3570.68,0.649295,0.696887,47.0,2342380000.0,2342380000.0,0.10882,-3.06388,-0.0790297,81.4723,68.0,21.0,15.0,0.0,727.0,3635.0,3635.0,3915.0,3914.0,3917.0,3910.0,3915.0,0.35,1.0,52.0,50.0,0.2,100.0
traj_sweep_911,routing,0.00143361,0.00143361,1076.77,1278.42,841.092,841.092,699.0,1.0,699.0,5.27,0.0235,16.43,0.781126,0.781126,723.0,23.0,23.0,4048.0,4048.0,45294.0,1.0,23.0,5.0,2.874e-05,0.000289699,3.135e-05,0.00297531,2.28e-06,2e-07,4.55e-06,8.3e-07,7.21e-06,65.0,6854.0,0.00215189,2.14105e-05,0.00183765,0.00401095,720.0,3275.5,0.630109,0.687645,47.0,2346850000.0,2346850000.0,0.10917,-2.57983,-0.0661035,78.1126,32.0,24.0,12.0,3.0,721.0,3485.0,3485.0,3639.0,3669.0,3631.0,3637.0,3639.0,0.36,1.0,52.0,50.0,0.2,100.0
traj_sweep_912,routing,0.00167891,0.00167891,1076.77,1278.42,884.982,884.982,708.0,13.0,708.0,7.12,0.42,297.37,0.821887,0.821887,732.0,23.0,23.0,4048.0,4048.0,757293.0,11.0,23.0,5.0,0.0005983,0.00548821,0.00043298,0.00229376,6.867e-05,3.2e-07,7.764e-05,5.91e-06,0.00011789,1555.0,7461.0,0.00221368,2.31262e-05,0.00190433,0.00414113,716.0,3695.55,0.2912,0.524459,47.0,2334420000.0,2334420000.0,0.111207,-2.26339,-0.0649776,82.1887,74.0,29.0,20.0,0.0,730.0,3747.0,3747.0,4036.0,4073.0,4026.0,4036.0,4036.0,0.37,1.0,52.0,50.0,0.2,100.0
traj_sweep_914,routing,0.00113526,0.00113526,1076.77,1278.42,869.288,869.288,701.0,3.0,701.0,5.84,0.1265,88.7,0.807312,0.807312,725.0,23.0,23.0,4048.0,4048.0,233907.0,3.0,23.0,5.0,0.00022046,0.00267921,0.00018902,0.00239765,2.333e-05,2.8e-07,3.338e-05,2.85e-06,4.833e-05,484.0,7068.0,0.00204168,2.23041e-05,0.0017778,0.00384178,718.0,3523.9,0.64834,0.643285,45.0,2320030000.0,2320030000.0,0.116483,-1.4621,-0.0412349,80.7312,56.0,27.0,19.0,0.0,723.0,3551.0,3551.0,3849.0,3888.0,3867.0,3840.0,3849.0,0.39,1.0,52.0,50.0,0.2,100.0
traj_sweep_915,routing,0.00132669,0.00132669,1076.77,1278.42,855.722,855.722,694.0,2.0,694.0,8.07,0.2245,156.04,0.794713,0.794713,718.0,23.0,23.0,4048.0,4048.0,363636.0,5.0,23.0,5.0,0.00044169,0.00421256,0.000231151,0.00277992,4.74e-05,1.15e-06,5.2011e-05,3.57e-06,6.679e-05,914.0,7176.0,0.00197142,2.20413e-05,0.00172975,0.00372321,712.0,3590.68,0.265963,0.512339,45.0,2316230000.0,2316230000.0,0.112374,-1.2017,-0.0317368,79.4713,56.0,36.0,29.0,0.0,716.0,3594.0,3594.0,3924.0,3965.0,3921.0,3909.0,3924.0,0.4,1.0,52.0,50.0,0.2,100.0
traj_sweep_916,routing,0.0013845,0.0013845,1076.77,1278.42,804.118,804.118,680.0,1.0,680.0,5.6,0.175,119.29,0.746789,0.746789,704.0,23.0,23.0,4048.0,4048.0,326742.0,5.0,23.0,5.0,0.00019298,0.00246468,0.00014042,0.00295685,1.973e-05,1.89e-07,3.138e-05,1.92e-06,3.491e-05,587.0,7105.0,0.0018485,2.0143e-05,0.00160447,0.00347311,703.0,3569.49,0.641494,0.693133,26.0,2335190000.0,2335190000.0,0.112514,-0.350038,-0.0214434,74.6789,39.0,7.0,6.0,0.0,702.0,3570.0,3570.0,3939.0,3990.0,3940.0,3938.0,3939.0,0.41,1.0,52.0,50.0,0.2,100.0
traj_sweep_917,routing,0.00114852,0.00114852,1076.77,1278.42,804.916,804.916,671.0,10.0,671.0,7.88,0.409,274.5,0.74753,0.74753,695.0,23.0,23.0,4048.0,4048.0,675879.0,11.0,23.0,5.0,0.0004562,0.00411665,0.00029822,0.00272918,4.924e-05,2.4e-07,6.115e-05,3.28e-06,7.077e-05,1197.0,6939.0,0.00178708,2.02867e-05,0.00158064,0.00338801,683.0,3518.53,0.795061,0.596077,23.0,2325090000.0,2325090000.0,0.111986,-0.141226,-0.0125539,74.753,34.0,9.0,6.0,0.0,693.0,3546.0,3546.0,3867.0,3882.0,3852.0,3865.0,3867.0,0.42,1.0,52.0,50.0,0.2,100.0
traj_sweep_918,routing,0.000859611,0.000859611,1076.77,1278.42,728.308,728.308,640.0,5.0,640.0,3.37,0.0395,25.31,0.676383,0.676383,664.0,23.0,23.0,4048.0,4048.0,58026.0,1.0,23.0,5.0,0.00011183,0.00148042,8.558e-05,0.00267501,9.02e-06,3.2e-07,1.581e-05,1.24e-06,1.874e-05,232.0,6338.0,0.00155842,1.74558e-05,0.00136426,0.00294014,657.0,3110.81,0.750348,0.597237,8.0,2312630000.0,2312630000.0,0.112584,-0.0282078,-0.00808281,67.6383,57.0,19.0,7.0,0.0,662.0,3386.0,3386.0,3524.0,3549.0,3527.0,3524.0,3524.0,0.43,1.0,52.0,50.0,0.2,100.0
traj_sweep_919,routing,0.00397645,0.00397645,1076.77,1278.42,723.52,723.52,626.0,6.0,626.0,8.4,0.1085,67.95,0.671937,0.671937,650.0,23.0,23.0,4048.0,4048.0,178006.0,3.0,23.0,5.0,0.00028728,0.00243163,0.00021236,0.00276109,2.594e-05,3.4e-07,3.18e-05,2.24e-06,4.374e-05,523.0,6520.0,0.00149354,1.73801e-05,0.00135042,0.00286134,642.0,3144.68,0.75434,0.597232,4.0,2304160000.0,2304160000.0,0.112173,-0.00717409,-0.00342484,67.1937,79.0,34.0,25.0,0.0,648.0,3380.0,3380.0,3653.0,3699.0,3658.0,3648.0,3653.0,0.44,1.0,52.0,50.0,0.2,100.0
traj_sweep_921,routing,0.00119697,0.00119697,1076.77,1278.42,683.354,683.354,614.0,0.0,614.0,0.95,0.002,1.52,0.634634,0.634634,638.0,23.0,23.0,4048.0,4048.0,5614.0,0.0,22.0,4.0,2.486e-05,8.17e-05,2.39e-05,0.00301959,2.793e-05,3.2e-07,1.94e-06,6.4e-07,5.46e-06,9.0,6190.0,0.00133021,1.57822e-05,0.00119011,0.0025361,636.0,2990.79,0.761141,0.613936,0.0,2226370000.0,2226370000.0,0.111559,0.0,0.000117628,63.4634,36.0,29.0,21.0,0.0,636.0,3253.0,3253.0,3446.0,3501.0,3463.0,3452.0,3446.0,0.46,1.0,52.0,50.0,0.2,100.0
traj_sweep_922,routing,0.00136995,0.00136995,1076.77,1278.42,678.034,678.034,610.0,0.0,610.0,0.0,0.0,0.0,0.629694,0.629694,636.0,23.0,23.0,4048.0,4048.0,0.0,0.0,22.0,4.0,9.69e-06,9.061e-05,1.964e-05,0.00625987,5.1e-07,3.8e-07,1.64e-06,6.1e-07,4.64e-06,11.0,6044.0,0.00128642,1.55925e-05,0.00113926,0.00244128,634.0,2956.45,0.724088,0.507366,0.0,2211080000.0,2211080000.0,0.113211,0.0,0.003753,62.9694,73.0,23.0,22.0,0.0,634.0,3279.0,3279.0,3428.0,3463.0,3436.0,3433.0,3428.0,0.47,1.0,52.0,50.0,0.2,100.0
traj_sweep_923,routing,0.000814626,0.000814626,1076.77,1278.42,677.768,677.768,611.0,0.0,611.0,0.0,0.0,0.0,0.629447,0.629447,636.0,23.0,23.0,4048.0,4048.0,0.0,0.0,22.0,4.0,0.00226531,0.0117453,0.00123994,0.0140065,0.00033044,7.071e-06,0.00019675,2.0469e-05,0.00042646,3149.0,6147.0,0.00125918,1.55891e-05,0.00113053,0.0024053,634.0,2997.21,0.735273,0.528017,0.0,2206490000.0,2206490000.0,0.112647,0.0,0.010394,62.9447,50.0,22.0,10.0,0.0,634.0,3224.0,3224.0,3413.0,3443.0,3412.0,3414.0,3413.0,0.48,1.0,52.0,50.0,0.2,100.0
traj_sweep_924,routing,0.00123279,0.00123279,1076.77,1278.42,675.64,675.64,610.0,0.0,610.0,0.0,0.0,0.0,0.62747,0.62747,634.0,23.0,23.0,4048.0,4048.0,0.0,0.0,22.0,4.0,0.00132388,0.0090272,0.0009017,0.0120744,9.907e-05,6.3e-07,0.00014664,7.97e-06,0.00016671,3205.0,6090.0,0.00124054,1.54618e-05,0.00110505,0.00236106,632.0,2928.69,0.763489,0.618963,0.0,2178380000.0,2178380000.0,0.111784,0.0,0.012683,62.747,75.0,19.0,24.0,0.0,632.0,3277.0,3277.0,3418.0,3427.0,3405.0,3418.0,3418.0,0.49,1.0,52.0,50.0,0.2,100.0
traj_sweep_925,routing,0.00121698,0.00121698,1076.77,1278.42,674.576,674.576,609.0,0.0,609.0,0.0,0.0,0.0,0.626482,0.626482,634.0,23.0,23.0,4048.0,4048.0,0.0,0.0,22.0,4.0,0.00134292,0.00934664,0.000804949,0.00972617,9.784e-05,7.7e-07,0.000145569,8.29e-06,0.00018059,3262.0,6181.0,0.00120526,1.54538e-05,0.00108488,0.0023056,632.0,2969.97,0.736422,0.619204,0.0,2166190000.0,2166190000.0,0.112493,0.0,0.0226343,62.6482,64.0,30.0,25.0,0.0,632.0,3258.0,3258.0,3452.0,3447.0,3434.0,3452.0,3452.0,0.5,1.0,52.0,50.0,0.2,100.0
traj_sweep_926,routing,0.000538965,0.000538965,1076.77,1278.42,675.374,675.374,610.0,0.0,610.0,0.0,0.0,0.0,0.627223,0.627223,634.0,23.0,23.0,4048.0,4048.0,0.0,0.0,22.0,4.0,0.00172968,0.00868877,0.00100561,0.00964701,0.00012086,7e-07,0.000165,9.29e-06,0.00018966,3189.0,6218.0,0.00119125,1.5441e-05,0.00106034,0.00226703,632.0,2974.21,0.772332,0.606295,0.0,2139580000.0,2139580000.0,0.111995,0.0,0.0299596,62.7223,46.0,17.0,5.0,0.0,632.0,3292.0,3292.0,3456.0,3489.0,3468.0,3455.0,3456.0,0.51,1.0,52.0,50.0,0.2,100.0
traj_sweep_928,routing,0.00158487,0.00158487,1076.77,1278.42,675.108,675.108,610.0,0.0,610.0,0.0,0.0,0.0,0.626976,0.626976,634.0,23.0,23.0,4048.0,4048.0,0.0,0.0,22.0,4.0,0.00194563,0.00887142,0.0013219,0.0110367,0.0001678,1.36e-06,0.000180009,1.098e-05,0.000246189,3235.0,6136.0,0.0011409,1.54521e-05,0.00101919,0.00217554,632.0,2954.18,0.778144,0.610451,0.0,2165570000.0,2165570000.0,0.114009,0.0,0.0443398,62.6976,82.0,17.0,22.0,0.0,632.0,3302.0,3302.0,3420.0,3454.0,3435.0,3420.0,3420.0,0.53,1.0,52.0,50.0,0.2,100.0
traj_sweep_929,routing,0.00159453,0.00159453,1076.77,1278.42,675.108,675.108,610.0,0.0,610.0,0.0,0.0,0.0,0.626976,0.626976,634.0,23.0,23.0,4048.0,4048.0,0.0,0.0,22.0,4.0,0.00200324,0.0123945,0.00123705,0.0155291,0.00014267,7.9e-07,0.00019156,1.079e-05,0.00022493,3182.0,6204.0,0.00111975,1.54521e-05,0.000997337,0.00213254,632.0,2953.53,0.722507,0.598572,0.0,2109890000.0,2109890000.0,0.113238,0.0,0.05369,62.6976,38.0,8.0,7.0,0.0,632.0,3238.0,3238.0,3437.0,3494.0,3437.0,3438.0,3437.0,0.54,1.0,52.0,50.0,0.2,100.0
traj_sweep_930,routing,0.00315694,0.00315694,1076.77,1278.42,674.842,674.842,610.0,0.0,610.0,0.0,0.0,0.0,0.626729,0.626729,634.0,23.0,23.0,4048.0,4048.0,0.0,0.0,22.0,4.0,0.00125512,0.00890397,0.00075967,0.0105131,0.00010409,6.8e-07,0.00017798,7.46e-06,0.00016585,3149.0,6064.0,0.00109858,1.54472e-05,0.000984295,0.00209833,632.0,2971.36,0.747614,0.60119,0.0,2122040000.0,2122040000.0,0.113914,0.0,0.0618751,62.6729,55.0,35.0,12.0,0.0,632.0,3265.0,3265.0,3465.0,3491.0,3460.0,3464.0,3465.0,0.55,1.0,52.0,50.0,0.2,100.0
traj_sweep_931,routing,0.00049203,0.00049203,1076.77,1278.42,674.576,674.576,609.0,0.0,609.0,0.0,0.0,0.0,0.626482,0.626482,633.0,23.0,23.0,4048.0,4048.0,0.0,0.0,22.0,4.0,0.00136074,0.00924978,0.00079616,0.0112065,0.00010408,8.4e-07,0.00014621,1.552e-05,0.00017142,3153.0,6116.0,0.00108587,1.54213e-05,0.000963837,0.00206513,631.0,2964.61,0.735633,0.530987,0.0,2135080000.0,2135080000.0,0.112525,0.0,0.0697001,62.6482,60.0,33.0,15.0,0.0,631.0,3217.0,3217.0,3451.0,3480.0,3441.0,3446.0,3451.0,0.56,1.0,52.0,50.0,0.2,100.0
traj_sweep_932,routing,0.00049203,0.00049203,1076.77,1278.42,674.576,674.576,609.0,0.0,609.0,0.0,0.0,0.0,0.626482,0.626482,633.0,23.0,23.0,4048.0,4048.0,0.0,0.0,22.0,4.0,0.00208116,0.0122835,0.00128079,0.0121137,0.00013216,7.4e-07,0.00020049,1.066e-05,0.000237969,3153.0,6116.0,0.00106682,1.54213e-05,0.000946928,0.00202917,631.0,2964.61,0.735633,0.530987,0.0,2135080000.0,2135080000.0,0.112525,0.0,0.0777002,62.6482,60.0,33.0,15.0,0.0,631.0,3217.0,3217.0,3451.0,3480.0,3441.0,3446.0,3451.0,0.57,1.0,52.0,50.0,0.2,100.0
traj_sweep_933,routing,0.000700752,0.000700752,1076.77,1278.42,674.044,674.044,608.0,0.0,608.0,0.0,0.0,0.0,0.625988,0.625988,632.0,23.0,23.0,4048.0,4048.0,0.0,0.0,22.0,4.0,0.00211882,0.0130277,0.0013197,0.0151573,0.00014328,7.3e-07,0.00020651,1.072e-05,0.000242,3247.0,6190.0,0.00104914,1.54214e-05,0.000927773,0.00199233,630.0,2921.09,0.760464,0.473479,0.0,2123990000.0,2123990000.0,0.113435,0.0,0.087532,62.5988,65.0,32.0,22.0,0.0,630.0,3219.0,3219.0,3373.0,3425.0,3386.0,3372.0,3373.0,0.58,1.0,52.0,50.0,0.2,100.0
traj_sweep_934,routing,0.00137943,0.00137943,1076.77,1278.42,673.512,673.512,608.0,0.0,608.0,0.0,0.0,0.0,0.625494,0.625494,632.0,23.0,23.0,4048.0,4048.0,0.0,0.0,22.0,4.0,0.00122884,0.00914954,0.00075475,0.0113231,9.402e-05,6.1e-07,0.00014188,7.76e-06,0.000158999,3093.0,6053.0,0.00102491,1.54102e-05,0.000910901,0.00195122,630.0,2954.09,0.759396,0.538249,0.0,2126130000.0,2126130000.0,0.112418,0.0,0.0925506,62.5494,43.0,16.0,11.0,0.0,630.0,3256.0,3256.0,3413.0,3433.0,3403.0,3407.0,3413.0,0.59,1.0,52.0,50.0,0.2,100.0
traj_sweep_935,routing,0.00191565,0.00191565,1076.77,1278.42,674.842,674.842,608.0,0.0,608.0,0.0,0.0,0.0,0.626729,0.626729,632.0,23.0,23.0,4048.0,4048.0,0.0,0.0,22.0,4.0,0.00126448,0.00907837,0.00077279,0.0107201,9.931e-05,5.3e-07,0.00014615,7.83e-06,0.00016583,3259.0,6198.0,0.00101433,1.54659e-05,0.000904118,0.00193391,630.0,2973.11,0.691699,0.537986,0.0,2117960000.0,2117960000.0,0.113239,0.0,0.100585,62.6729,52.0,17.0,8.0,0.0,630.0,3267.0,3267.0,3446.0,3476.0,3431.0,3446.0,3446.0,0.6,1.0,52.0,50.0,0.2,100.0
traj_sweep_936,routing,0.00120744,0.00120744,1076.77,1278.42,674.842,674.842,608.0,0.0,608.0,0.0,0.0,0.0,0.626729,0.626729,632.0,23.0,23.0,4048.0,4048.0,0.0,0.0,22.0,4.0,0.00129881,0.00883956,0.00078619,0.010454,9.778e-05,6.8e-07,0.00013938,7.56e-06,0.00016824,3216.0,6141.0,0.000997839,1.54659e-05,0.000883233,0.00189654,630.0,2960.42,0.684136,0.531927,0.0,2130680000.0,2130680000.0,0.112884,0.0,0.111295,62.6729,47.0,26.0,26.0,0.0,630.0,3268.0,3268.0,3428.0,3473.0,3428.0,3428.0,3428.0,0.61,1.0,52.0,50.0,0.2,100.0
traj_sweep_937,routing,0.00126948,0.00126948,1076.77,1278.42,674.044,674.044,608.0,0.0,608.0,0.0,0.0,0.0,0.625988,0.625988,632.0,23.0,23.0,4048.0,4048.0,0.0,0.0,22.0,4.0,0.00129484,0.00897608,0.00076256,0.00991982,0.00010343,5.7e-07,0.0001463,1.193e-05,0.00016495,3220.0,6213.0,0.000981464,1.54214e-05,0.000873202,0.00187009,630.0,2958.44,0.776266,0.531586,0.0,2140920000.0,2140920000.0,0.112327,0.0,0.11532,62.5988,39.0,13.0,5.0,1.0,630.0,3257.0,3257.0,3415.0,3450.0,3414.0,3412.0,3413.0,0.62,1.0,52.0,50.0,0.2,100.0
traj_sweep_938,routing,0.000476987,0.000476987,1076.77,1278.42,995.904,995.904,751.0,14.0,751.0,12.01,1.014,761.72,0.924901,0.924901,777.0,23.0,23.0,4048.0,4048.0,1533970.0,19.0,23.0,5.0,0.00144327,0.0142252,0.00079529,0.00427494,0.00015657,8.3e-07,0.00019147,1.359e-05,0.00024115,2860.0,9410.0,0.00674942,2.76461e-05,0.00567716,0.0124542,761.0,4912.19,0.640936,0.692862,53.0,2333530000.0,2333530000.0,0.072406,-13.3868,-0.288535,92.4901,92.0,57.0,42.0,0.0,775.0,4222.0,4222.0,5300.0,5345.0,5311.0,5297.0,5300.0,0.14,1.0,53.0,50.0,0.2,100.0
traj_sweep_939,routing,0.00176466,0.00176466,1076.77,1278.42,963.186,963.186,738.0,2.0,738.0,7.69,0.2415,178.56,0.894516,0.894516,762.0,23.0,23.0,4048.0,4048.0,192162.0,2.0,23.0,5.0,0.00043873,0.00444074,0.00032675,0.00282833,4.152e-05,2.11e-06,5.909e-05,3.1e-06,6.863e-05,808.0,8296.0,0.00608773,2.6352e-05,0.00507748,0.0111916,759.0,4217.84,0.586046,0.666466,53.0,2351470000.0,2351470000.0,0.0714098,-12.7749,-0.275266,89.4516,57.0,24.0,18.0,0.0,760.0,3926.0,3926.0,4529.0,4554.0,4537.0,4524.0,4529.0,0.15,1.0,53.0,50.0,0.2,100.0
traj_sweep_940,routing,0.00115712,0.00115712,1076.77,1278.42,973.826,973.826,741.0,5.0,741.0,14.24,0.559,414.26,0.904397,0.904397,765.0,23.0,23.0,4048.0,4048.0,917865.0,10.0,23.0,5.0,0.000613629,0.00862499,0.000439911,0.00247616,8.364e-05,3.1e-07,0.00010588,5.15e-06,0.0001199,1730.0,9305.0,0.0056753,2.68643e-05,0.00477092,0.0104731,761.0,4953.33,0.504611,0.627221,53.0,2332750000.0,2332750000.0,0.0735264,-12.4429,-0.268679,90.4397,94.0,43.0,39.0,0.0,763.0,4214.0,4214.0,5284.0,5377.0,5285.0,5293.0,5284.0,0.16,1.0,53.0,50.0,0.2,100.0
traj_sweep_941,routing,0.00126218,0.00126218,1076.77,1278.42,958.664,958.664,739.0,4.0,739.0,11.06,0.467,345.41,0.890316,0.890316,763.0,23.0,23.0,4048.0,4048.0,746746.0,9.0,23.0,5.0,0.00055885,0.00619485,0.00034995,0.0022164,5.488e-05,4.4e-07,7.577e-05,5.731e-06,0.00011444,1550.0,8706.0,0.0053335,2.61595e-05,0.00450031,0.00985997,759.0,4504.43,0.633095,0.689077,53.0,2343470000.0,2343470000.0,0.0744793,-11.7635,-0.256718,89.0316,84.0,56.0,27.0,0.0,761.0,4026.0,4026.0,4872.0,4883.0,4849.0,4864.0,4872.0,0.17,1.0,53.0,50.0,0.2,100.0
traj_sweep_942,routing,0.00173515,0.00173515,1076.77,1278.42,975.688,975.688,735.0,7.0,735.0,10.68,0.8515,625.95,0.906126,0.906126,759.0,23.0,23.0,4048.0,4048.0,1261460.0,15.0,23.0,5.0,0.00089824,0.0133847,0.00063804,0.00281229,0.00016016,5.2e-07,0.0002081,9.789e-06,0.00019566,2454.0,9025.0,0.00507171,2.68177e-05,0.00433406,0.00943258,752.0,4803.49,0.612556,0.679212,53.0,2333250000.0,2333250000.0,0.0775945,-11.2222,-0.248587,90.6126,102.0,84.0,33.0,0.0,757.0,4095.0,4095.0,5155.0,5226.0,5173.0,5159.0,5155.0,0.18,1.0,53.0,50.0,0.2,100.0
traj_sweep_943,routing,0.000852436,0.000852436,1076.77,1278.42,961.058,961.058,741.0,10.0,741.0,9.92,0.4865,360.77,0.89254,0.89254,765.0,23.0,23.0,4048.0,4048.0,676349.0,8.0,23.0,5.0,0.00052038,0.00611686,0.00040676,0.00213199,5.496e-05,2.9e-07,8.829e-05,5.09e-06,0.00011838,1374.0,8652.0,0.00470255,2.62681e-05,0.00398,0.00870881,754.0,4534.97,0.60961,0.677793,53.0,2367440000.0,2367440000.0,0.0796665,-10.7028,-0.232397,89.254,91.0,36.0,36.0,0.0,763.0,4104.0,4104.0,4847.0,4897.0,4838.0,4845.0,4847.0,0.19,1.0,53.0,50.0,0.2,100.0
traj_sweep_944,routing,0.00105996,0.00105996,1076.77,1278.42,961.59,961.59,735.0,3.0,735.0,10.83,0.4395,323.17,0.893034,0.893034,761.0,23.0,23.0,4048.0,4048.0,668353.0,8.0,24.0,6.0,0.00075561,0.00804044,0.00052789,0.00254369,0.00010837,5.7e-07,9.972e-05,5.48e-06,0.000123,1397.0,8364.0,0.00451421,2.64475e-05,0.00377381,0.00831447,756.0,4430.85,0.602605,0.674424,53.0,2365330000.0,2365330000.0,0.0816171,-10.2378,-0.222774,89.3034,91.0,13.0,11.0,0.0,759.0,3969.0,3969.0,4778.0,4794.0,4771.0,4775.0,4778.0,0.2,1.0,53.0,50.0,0.2,100.0
traj_sweep_945,routing,0.0012443,0.0012443,1076.77,1278.42,935.788,935.788,732.0,7.0,732.0,6.93,0.1795,131.56,0.869071,0.869071,756.0,23.0,23.0,4048.0,4048.0,319803.0,4.0,23.0,5.0,0.00024909,0.00354688,0.00021542,0.00256953,2.614e-05,6.7e-07,3.654e-05,1.79e-06,3.883e-05,626.0,8028.0,0.00412069,2.53578e-05,0.00348891,0.00763495,750.0,4017.8,0.636916,0.690928,53.0,2366210000.0,2366210000.0,0.0804023,-9.5411,-0.212617,86.9071,68.0,21.0,24.0,0.0,754.0,3828.0,3828.0,4305.0,4352.0,4304.0,4299.0,4305.0,0.21,1.0,53.0,50.0,0.2,100.0
traj_sweep_946,routing,0.00156823,0.00156823,1076.77,1278.42,979.412,979.412,734.0,10.0,734.0,11.82,0.6415,471.13,0.909585,0.909585,760.0,23.0,23.0,4048.0,4048.0,1014430.0,13.0,23.0,5.0,0.00106124,0.00965877,0.00074066,0.00262764,0.00012057,5.1e-07,0.000149169,7.2e-06,0.00017522,1882.0,8373.0,0.00410186,2.6933e-05,0.00356933,0.00769813,748.0,4492.85,0.590424,0.668557,53.0,2344860000.0,2344860000.0,0.0849199,-9.16002,-0.206465,90.9585,85.0,47.0,20.0,0.0,758.0,3997.0,3997.0,4816.0,4866.0,4822.0,4813.0,4816.0,0.22,1.0,53.0,50.0,0.2,100.0
traj_sweep_947,routing,0.000715372,0.000715372,1076.77,1278.42,941.906,941.906,727.0,5.0,727.0,6.6,0.245,178.28,0.874753,0.874753,751.0,23.0,23.0,4048.0,4048.0,349230.0,4.0,23.0,5.0,0.00063145,0.00593318,0.000376849,0.00218578,5.277e-05,4.5e-07,7.336e-05,3.9e-06,8.512e-05,1033.0,8094.0,0.00377468,2.54732e-05,0.00322089,0.00702104,746.0,4110.27,0.645434,0.695024,53.0,2369620000.0,2369620000.0,0.0865714,-8.45931,-0.192008,87.4753,71.0,21.0,24.0,0.0,749.0,3887.0,3887.0,4425.0,4453.0,4426.0,4425.0,4425.0,0.23,1.0,53.0,50.0,0.2,100.0
traj_sweep_948,routing,0.00233705,0.00233705,1076.77,1278.42,929.67,929.67,733.0,8.0,733.0,9.54,0.328,240.47,0.863389,0.863389,757.0,23.0,23.0,4048.0,4048.0,504989.0,7.0,23.0,5.0,0.00055681,0.00624737,0.000465529,0.00290419,8.08e-05,5.5e-07,8.46e-05,4.89e-06,0.0001086,1094.0,7934.0,0.00360517,2.50852e-05,0.00307599,0.00670625,748.0,4012.67,0.62995,0.687564,53.0,2350820000.0,2350820000.0,0.0834689,-8.07402,-0.185383,86.3389,55.0,20.0,39.0,0.0,755.0,3828.0,3828.0,4343.0,4402.0,4375.0,4343.0,4343.0,0.24,1.0,53.0,50.0,0.2,100.0
traj_sweep_949,routing,0.0019167,0.0019167,1076.77,1278.42,947.758,947.758,737.0,9.0,737.0,8.45,0.303,223.55,0.880188,0.880188,761.0,23.0,23.0,4048.0,4048.0,489568.0,6.0,23.0,5.0,0.00037132,0.00515988,0.00026056,0.0026708,4.363e-05,1.05e-06,6.207e-05,3.14e-06,6.869e-05,1067.0,8056.0,0.00352804,2.55116e-05,0.00299274,0.0065463,752.0,4228.23,0.636359,0.69066,51.0,2386470000.0,2386470000.0,0.091965,-7.57673,-0.169029,88.0188,86.0,45.0,21.0,0.0,759.0,3895.0,3895.0,4527.0,4557.0,4507.0,4523.0,4527.0,0.25,1.0,53.0,50.0,0.2,100.0
traj_sweep_950,routing,0.00092118,0.00092118,1076.77,1278.42,936.586,936.586,729.0,4.0,729.0,8.78,0.2295,167.47,0.869812,0.869812,753.0,23.0,23.0,4048.0,4048.0,433762.0,6.0,23.0,5.0,0.00036474,0.00438958,0.00021695,0.00260146,3.532e-05,5.2e-07,5.141e-05,3.08e-06,6.018e-05,790.0,8056.0,0.00333144,2.51694e-05,0.00286948,0.00622609,747.0,4116.88,0.640936,0.692862,50.0,2354540000.0,2354540000.0,0.0933272,-7.09569,-0.164711,86.9812,79.0,25.0,22.0,0.0,751.0,3875.0,3875.0,4426.0,4474.0,4429.0,4429.0,4426.0,0.26,1.0,53.0,50.0,0.2,100.0
traj_sweep_951,routing,0.00187513,0.00187513,1076.77,1278.42,926.478,926.478,736.0,6.0,736.0,6.36,0.1775,130.75,0.860425,0.860425,760.0,23.0,23.0,4048.0,4048.0,279837.0,4.0,23.0,5.0,0.00041869,0.0036953,0.00034099,0.002615,4.324e-05,4.6e-07,6.303e-05,3.18e-06,6.985e-05,742.0,7546.0,0.0031905,2.45493e-05,0.00269389,0.00590893,751.0,3835.89,0.645434,0.695024,49.0,2392140000.0,2392140000.0,0.0953906,-6.60341,-0.148035,86.0425,47.0,17.0,15.0,0.0,758.0,3751.0,3751.0,4102.0,4193.0,4104.0,4106.0,4102.0,0.27,1.0,53.0,50.0,0.2,100.0
traj_sweep_952,routing,0.00152189,0.00152189,1076.77,1278.42,941.108,941.108,734.0,5.0,734.0,9.16,0.7015,515.17,0.874012,0.874012,758.0,23.0,23.0,4048.0,4048.0,1298300.0,17.0,23.0,5.0,0.00086549,0.00995924,0.0006086,0.00249904,8.62e-05,9.1e-07,0.00011632,6.19e-06,0.00013483,1659.0,8324.0,0.00313426,2.51706e-05,0.00271389,0.00587331,752.0,4425.71,0.576635,0.66192,49.0,2359110000.0,2359110000.0,0.098068,-6.22271,-0.143888,87.4012,76.0,32.0,28.0,7.0,756.0,3970.0,3970.0,4745.0,4801.0,4760.0,4737.0,4742.0,0.28,1.0,53.0,50.0,0.2,100.0
traj_sweep_953,routing,0.00229208,0.00229208,1076.77,1278.42,932.596,932.596,721.0,1.0,721.0,11.25,0.3855,278.11,0.866107,0.866107,745.0,23.0,23.0,4048.0,4048.0,653754.0,9.0,23.0,5.0,0.00049641,0.00580457,0.00024867,0.00263582,5.055e-05,1.7e-07,6.856e-05,2.85e-06,7.08e-05,1070.0,8105.0,0.00294121,2.4696e-05,0.00257142,0.00553733,742.0,4125.16,0.636359,0.69067,49.0,2352960000.0,2352960000.0,0.0982873,-5.82479,-0.138095,86.6107,69.0,22.0,12.0,0.0,743.0,3857.0,3857.0,4449.0,4480.0,4443.0,4448.0,4449.0,0.29,1.0,53.0,50.0,0.2,100.0
traj_sweep_954,routing,0.000941768,0.000941768,1076.77,1278.42,894.026,894.026,719.0,1.0,719.0,6.55,0.0575,41.4,0.830287,0.830287,743.0,23.0,23.0,4048.0,4048.0,80483.0,1.0,23.0,5.0,0.000104209,0.00108142,7.312e-05,0.00297979,8.291e-06,8.4e-07,1.112e-05,1.14e-06,1.73e-05,186.0,7392.0,0.00275992,2.33577e-05,0.00234223,0.0051255,740.0,3747.65,0.646987,0.69578,49.0,2354790000.0,2354790000.0,0.0994491,-5.20595,-0.124667,83.0287,52.0,30.0,11.0,0.0,741.0,3707.0,3707.0,4056.0,4096.0,4041.0,4053.0,4056.0,0.3,1.0,53.0,50.0,0.2,100.0
traj_sweep_955,routing,0.00157981,0.00157981,1076.77,1278.42,891.898,891.898,721.0,2.0,721.0,5.6,0.0245,17.9,0.82831,0.82831,745.0,23.0,23.0,4048.0,4048.0,52537.0,1.0,23.0,5.0,5.333e-05,0.00047046,5.142e-05,0.00201337,3.84e-06,5.9e-07,7.23e-06,9.6e-07,1.019e-05,115.0,7301.0,0.0026753,2.32567e-05,0.0022437,0.00494225,742.0,3636.19,0.635443,0.690227,49.0,2354790000.0,2354790000.0,0.102168,-4.73614,-0.114667,82.831,41.0,9.0,3.0,0.0,743.0,3686.0,3686.0,3903.0,3952.0,3907.0,3902.0,3903.0,0.31,1.0,53.0,50.0,0.2,100.0
traj_sweep_956,routing,0.00218637,0.00218637,1076.77,1278.42,891.632,891.632,708.0,4.0,708.0,7.69,0.4085,289.29,0.828063,0.828063,732.0,23.0,23.0,4048.0,4048.0,727273.0,11.0,23.0,5.0,0.00042944,0.00495478,0.000290109,0.00268795,4.839e-05,2.1e-07,5.915e-05,3.53e-06,7.337e-05,1308.0,7666.0,0.00254061,2.32569e-05,0.0022425,0.00480636,726.0,3747.3,0.639941,0.692389,49.0,2351710000.0,2351710000.0,0.101394,-4.22504,-0.105223,82.8063,69.0,33.0,29.0,0.0,730.0,3749.0,3749.0,4063.0,4115.0,4071.0,4071.0,4063.0,0.32,1.0,53.0,50.0,0.2,100.0
traj_sweep_957,routing,0.00159197,0.00159197,1076.77,1278.42,888.44,888.44,703.0,5.0,703.0,9.02,0.377,265.25,0.825099,0.825099,727.0,23.0,23.0,4048.0,4048.0,679928.0,10.0,23.0,5.0,0.00042299,0.00491017,0.000295519,0.00235816,4.453e-05,2.9e-07,5.874e-05,3.53e-06,7.172e-05,1228.0,7464.0,0.00246745,2.31933e-05,0.00217544,0.00466609,719.0,3746.79,0.277587,0.517943,47.0,2348630000.0,2348630000.0,0.10391,-3.97803,-0.0957808,82.5099,73.0,29.0,23.0,0.0,725.0,3708.0,3708.0,4086.0,4152.0,4083.0,4084.0,4086.0,0.33,1.0,53.0,50.0,0.2,100.0
traj_sweep_958,routing,0.00179003,0.00179003,1076.77,1278.42,875.672,875.672,707.0,6.0,707.0,8.83,0.2645,187.17,0.813241,0.813241,731.0,23.0,23.0,4048.0,4048.0,433147.0,6.0,23.0,5.0,0.000758389,0.00581294,0.00042522,0.00264564,7.958e-05,5.5e-07,9.582e-05,3.88e-06,0.00010196,1057.0,7467.0,0.00234558,2.26624e-05,0.00202633,0.00439457,722.0,3577.85,0.299718,0.528531,48.0,2370490000.0,2370490000.0,0.107632,-3.40311,-0.0872546,81.3241,57.0,18.0,5.0,0.0,729.0,3653.0,3653.0,3914.0,3978.0,3925.0,3914.0,3914.0,0.34,1.0,53.0,50.0,0.2,100.0
traj_sweep_959,routing,0.00164003,0.00164003,1076.77,1278.42,877.268,877.268,705.0,3.0,705.0,5.6,0.1135,80.06,0.814723,0.814723,729.0,23.0,23.0,4048.0,4048.0,156879.0,2.0,23.0,5.0,0.00022846,0.00150706,0.00016682,0.00305593,2.16e-05,7.1e-07,3.014e-05,2.08e-06,3.6149e-05,394.0,7267.0,0.0023079,2.27761e-05,0.00200441,0.00433509,724.0,3570.68,0.649295,0.696887,47.0,2342380000.0,2342380000.0,0.10882,-3.06388,-0.0790297,81.4723,68.0,21.0,15.0,0.0,727.0,3635.0,3635.0,3915.0,3914.0,3917.0,3910.0,3915.0,0.35,1.0,53.0,50.0,0.2,100.0
traj_sweep_960,routing,0.00143361,0.00143361,1076.77,1278.42,841.092,841.092,699.0,1.0,699.0,5.27,0.0235,16.43,0.781126,0.781126,723.0,23.0,23.0,4048.0,4048.0,45294.0,1.0,23.0,5.0,4.264e-05,0.00030242,3.776e-05,0.00203866,3.15e-06,1.69e-07,5.46e-06,7.3e-07,7.65e-06,65.0,6854.0,0.00215189,2.14105e-05,0.00183765,0.00401095,720.0,3275.5,0.630109,0.687645,47.0,2346850000.0,2346850000.0,0.10917,-2.57983,-0.0661035,78.1126,32.0,24.0,12.0,3.0,721.0,3485.0,3485.0,3639.0,3669.0,3631.0,3637.0,3639.0,0.36,1.0,53.0,50.0,0.2,100.0
traj_sweep_961,routing,0.00167891,0.00167891,1076.77,1278.42,884.982,884.982,708.0,13.0,708.0,7.12,0.42,297.37,0.821887,0.821887,732.0,23.0,23.0,4048.0,4048.0,757293.0,11.0,23.0,5.0,0.000524369,0.0053661,0.000363651,0.00276185,6.116e-05,3.1e-07,7.5769e-05,4.48e-06,9.331e-05,1555.0,7461.0,0.00221368,2.31262e-05,0.00190433,0.00414113,716.0,3695.55,0.2912,0.524459,47.0,2334420000.0,2334420000.0,0.111207,-2.26339,-0.0649776,82.1887,74.0,29.0,20.0,0.0,730.0,3747.0,3747.0,4036.0,4073.0,4026.0,4036.0,4036.0,0.37,1.0,53.0,50.0,0.2,100.0
traj_sweep_962,routing,0.0017273,0.0017273,1076.77,1278.42,923.02,923.02,708.0,6.0,708.0,7.74,0.4455,315.49,0.857213,0.857213,733.0,23.0,23.0,4048.0,4048.0,794062.0,11.0,23.0,5.0,0.00068871,0.0052321,0.000492979,0.00246153,7.219e-05,3.4e-07,8.44e-05,4.61e-06,0.0001036,1242.0,7618.0,0.00223122,2.45202e-05,0.00199638,0.00425212,725.0,3934.15,0.639941,0.692393,47.0,2311990000.0,2311990000.0,0.114981,-1.94565,-0.0525272,85.7213,73.0,10.0,6.0,0.0,731.0,3755.0,3755.0,4256.0,4302.0,4255.0,4257.0,4256.0,0.38,1.0,53.0,50.0,0.2,100.0
traj_sweep_963,routing,0.00113526,0.00113526,1076.77,1278.42,869.288,869.288,701.0,3.0,701.0,5.84,0.1265,88.7,0.807312,0.807312,725.0,23.0,23.0,4048.0,4048.0,233907.0,3.0,23.0,5.0,0.00022894,0.00218473,0.00016212,0.00250704,2.138e-05,3.2e-07,3.33e-05,1.79e-06,3.524e-05,484.0,7068.0,0.00204168,2.23041e-05,0.0017778,0.00384178,718.0,3523.9,0.64834,0.643285,45.0,2320030000.0,2320030000.0,0.116483,-1.4621,-0.0412349,80.7312,56.0,27.0,19.0,0.0,723.0,3551.0,3551.0,3849.0,3888.0,3867.0,3840.0,3849.0,0.39,1.0,53.0,50.0,0.2,100.0
traj_sweep_964,routing,0.00132669,0.00132669,1076.77,1278.42,855.722,855.722,694.0,2.0,694.0,8.07,0.2245,156.04,0.794713,0.794713,718.0,23.0,23.0,4048.0,4048.0,363636.0,5.0,23.0,5.0,0.000590309,0.00535891,0.0003606,0.00280727,5.278e-05,4.6e-07,6.6889e-05,3.54e-06,7.9931e-05,914.0,7176.0,0.00197142,2.20413e-05,0.00172975,0.00372321,712.0,3590.68,0.265963,0.512339,45.0,2316230000.0,2316230000.0,0.112374,-1.2017,-0.0317368,79.4713,56.0,36.0,29.0,0.0,716.0,3594.0,3594.0,3924.0,3965.0,3921.0,3909.0,3924.0,0.4,1.0,53.0,50.0,0.2,100.0
traj_sweep_965,routing,0.0013845,0.0013845,1076.77,1278.42,804.118,804.118,680.0,1.0,680.0,5.6,0.175,119.29,0.746789,0.746789,704.0,23.0,23.0,4048.0,4048.0,326742.0,5.0,23.0,5.0,0.00032328,0.0032074,0.00023132,0.00285291,2.919e-05,4.7e-07,4.326e-05,2.57e-06,4.905e-05,587.0,7105.0,0.0018485,2.0143e-05,0.00160447,0.00347311,703.0,3569.49,0.641494,0.693133,26.0,2335190000.0,2335190000.0,0.112514,-0.350038,-0.0214434,74.6789,39.0,7.0,6.0,0.0,702.0,3570.0,3570.0,3939.0,3990.0,3940.0,3938.0,3939.0,0.41,1.0,53.0,50.0,0.2,100.0
traj_sweep_966,routing,0.00114852,0.00114852,1076.77,1278.42,804.916,804.916,671.0,10.0,671.0,7.88,0.409,274.5,0.74753,0.74753,695.0,23.0,23.0,4048.0,4048.0,675879.0,11.0,23.0,5.0,0.000386551,0.00408983,0.0002689,0.00232267,7.5771e-05,3.6e-07,5.0009e-05,3.79e-06,7.96e-05,1197.0,6939.0,0.00178708,2.02867e-05,0.00158064,0.00338801,683.0,3518.53,0.795061,0.596077,23.0,2325090000.0,2325090000.0,0.111986,-0.141226,-0.0125539,74.753,34.0,9.0,6.0,0.0,693.0,3546.0,3546.0,3867.0,3882.0,3852.0,3865.0,3867.0,0.42,1.0,53.0,50.0,0.2,100.0
traj_sweep_967,routing,0.000859611,0.000859611,1076.77,1278.42,728.308,728.308,640.0,5.0,640.0,3.37,0.0395,25.31,0.676383,0.676383,664.0,23.0,23.0,4048.0,4048.0,58026.0,1.0,23.0,5.0,8.357e-05,0.00143363,7.797e-05,0.00286332,8.249e-06,1.8e-07,1.63e-05,1.469e-06,1.588e-05,232.0,6338.0,0.00155842,1.74558e-05,0.00136426,0.00294014,657.0,3110.81,0.750348,0.597237,8.0,2312630000.0,2312630000.0,0.112584,-0.0282078,-0.00808281,67.6383,57.0,19.0,7.0,0.0,662.0,3386.0,3386.0,3524.0,3549.0,3527.0,3524.0,3524.0,0.43,1.0,53.0,50.0,0.2,100.0
traj_sweep_968,routing,0.00397645,0.00397645,1076.77,1278.42,723.52,723.52,626.0,6.0,626.0,8.4,0.1085,67.95,0.671937,0.671937,650.0,23.0,23.0,4048.0,4048.0,178006.0,3.0,23.0,5.0,0.00026944,0.00242642,0.00021263,0.00220233,2.418e-05,3.51e-07,2.888e-05,2.06e-06,3.915e-05,523.0,6520.0,0.00149354,1.73801e-05,0.00135042,0.00286134,642.0,3144.68,0.75434,0.597232,4.0,2304160000.0,2304160000.0,0.112173,-0.00717409,-0.00342484,67.1937,79.0,34.0,25.0,0.0,648.0,3380.0,3380.0,3653.0,3699.0,3658.0,3648.0,3653.0,0.44,1.0,53.0,50.0,0.2,100.0
traj_sweep_969,routing,0.000886222,0.000886222,1076.77,1278.42,698.782,698.782,625.0,8.0,625.0,4.32,0.051,32.0,0.648962,0.648962,649.0,23.0,23.0,4048.0,4048.0,79852.0,1.0,22.0,4.0,9.637e-05,0.00097388,8.544e-05,0.00214025,8.93e-06,2e-07,1.305e-05,1.08e-06,1.833e-05,256.0,6301.0,0.00139508,1.63324e-05,0.0012444,0.00265582,639.0,3140.53,0.728876,0.611443,3.0,2272210000.0,2272210000.0,0.113273,-0.00124065,-0.00089051,64.8962,46.0,23.0,15.0,0.0,647.0,3303.0,3303.0,3517.0,3535.0,3517.0,3513.0,3517.0,0.45,1.0,53.0,50.0,0.2,100.0
traj_sweep_970,routing,0.00119697,0.00119697,1076.77,1278.42,683.354,683.354,614.0,0.0,614.0,0.95,0.002,1.52,0.634634,0.634634,638.0,23.0,23.0,4048.0,4048.0,5614.0,0.0,22.0,4.0,1.038e-05,6.766e-05,2.016e-05,0.00238771,5.6e-07,5.4e-07,1.5e-06,5.89e-07,4.28e-06,9.0,6190.0,0.00133021,1.57822e-05,0.00119011,0.0025361,636.0,2990.79,0.761141,0.613936,0.0,2226370000.0,2226370000.0,0.111559,0.0,0.000117628,63.4634,36.0,29.0,21.0,0.0,636.0,3253.0,3253.0,3446.0,3501.0,3463.0,3452.0,3446.0,0.46,1.0,53.0,50.0,0.2,100.0
traj_sweep_971,routing,0.00136995,0.00136995,1076.77,1278.42,678.034,678.034,610.0,0.0,610.0,0.0,0.0,0.0,0.629694,0.629694,636.0,23.0,23.0,4048.0,4048.0,0.0,0.0,22.0,4.0,9.46e-06,7.524e-05,1.617e-05,0.00589543,4.4e-07,3.51e-07,1.42e-06,9e-07,3.94e-06,11.0,6044.0,0.00128642,1.55925e-05,0.00113926,0.00244128,634.0,2956.45,0.724088,0.507366,0.0,2211080000.0,2211080000.0,0.113211,0.0,0.003753,62.9694,73.0,23.0,22.0,0.0,634.0,3279.0,3279.0,3428.0,3463.0,3436.0,3433.0,3428.0,0.47,1.0,53.0,50.0,0.2,100.0
traj_sweep_972,routing,0.000814626,0.000814626,1076.77,1278.42,677.768,677.768,611.0,0.0,611.0,0.0,0.0,0.0,0.629447,0.629447,636.0,23.0,23.0,4048.0,4048.0,0.0,0.0,22.0,4.0,0.00126501,0.00868299,0.00077578,0.0100652,9.787e-05,5.7e-07,0.00018291,7.4e-06,0.00016687,3149.0,6147.0,0.00125918,1.55891e-05,0.00113053,0.0024053,634.0,2997.21,0.735273,0.528017,0.0,2206490000.0,2206490000.0,0.112647,0.0,0.010394,62.9447,50.0,22.0,10.0,0.0,634.0,3224.0,3224.0,3413.0,3443.0,3412.0,3414.0,3413.0,0.48,1.0,53.0,50.0,0.2,100.0
traj_sweep_973,routing,0.00123279,0.00123279,1076.77,1278.42,675.64,675.64,610.0,0.0,610.0,0.0,0.0,0.0,0.62747,0.62747,634.0,23.0,23.0,4048.0,4048.0,0.0,0.0,22.0,4.0,0.00138438,0.0091856,0.00111967,0.010636,0.00011459,6.9e-07,0.00016424,9.23e-06,0.00019412,3205.0,6090.0,0.00124054,1.54618e-05,0.00110505,0.00236106,632.0,2928.69,0.763489,0.618963,0.0,2178380000.0,2178380000.0,0.111784,0.0,0.012683,62.747,75.0,19.0,24.0,0.0,632.0,3277.0,3277.0,3418.0,3427.0,3405.0,3418.0,3418.0,0.49,1.0,53.0,50.0,0.2,100.0
traj_sweep_974,routing,0.00121698,0.00121698,1076.77,1278.42,674.576,674.576,609.0,0.0,609.0,0.0,0.0,0.0,0.626482,0.626482,634.0,23.0,23.0,4048.0,4048.0,0.0,0.0,22.0,4.0,0.00174983,0.00865899,0.00084539,0.0126984,0.00014004,8.2e-07,0.00016685,1.13e-05,0.00023932,3262.0,6181.0,0.00120526,1.54538e-05,0.00108488,0.0023056,632.0,2969.97,0.736422,0.619204,0.0,2166190000.0,2166190000.0,0.112493,0.0,0.0226343,62.6482,64.0,30.0,25.0,0.0,632.0,3258.0,3258.0,3452.0,3447.0,3434.0,3452.0,3452.0,0.5,1.0,53.0,50.0,0.2,100.0
traj_sweep_975,routing,0.000538965,0.000538965,1076.77,1278.42,675.374,675.374,610.0,0.0,610.0,0.0,0.0,0.0,0.627223,0.627223,634.0,23.0,23.0,4048.0,4048.0,0.0,0.0,22.0,4.0,0.00131875,0.00856541,0.00077626,0.00937958,0.00011748,4.3e-07,0.00015976,1.133e-05,0.00027365,3189.0,6218.0,0.00119125,1.5441e-05,0.00106034,0.00226703,632.0,2974.21,0.772332,0.606295,0.0,2139580000.0,2139580000.0,0.111995,0.0,0.0299596,62.7223,46.0,17.0,5.0,0.0,632.0,3292.0,3292.0,3456.0,3489.0,3468.0,3455.0,3456.0,0.51,1.0,53.0,50.0,0.2,100.0
traj_sweep_976,routing,0.00295478,0.00295478,1076.77,1278.42,675.64,675.64,610.0,0.0,610.0,0.0,0.0,0.0,0.62747,0.62747,634.0,23.0,23.0,4048.0,4048.0,0.0,0.0,22.0,4.0,0.00198777,0.00898536,0.00138371,0.0132834,0.000134949,5.8e-07,0.00018893,8.4e-06,0.00018236,3118.0,5976.0,0.00116993,1.54808e-05,0.00104665,0.00223206,632.0,2972.28,0.776034,0.605916,0.0,2191750000.0,2191750000.0,0.112866,0.0,0.0397594,62.747,78.0,14.0,15.0,0.0,632.0,3248.0,3248.0,3397.0,3457.0,3408.0,3400.0,3397.0,0.52,1.0,53.0,50.0,0.2,100.0
traj_sweep_977,routing,0.00158487,0.00158487,1076.77,1278.42,675.108,675.108,610.0,0.0,610.0,0.0,0.0,0.0,0.626976,0.626976,634.0,23.0,23.0,4048.0,4048.0,0.0,0.0,22.0,4.0,0.00179105,0.00874631,0.00111769,0.0109657,0.00010407,6.4e-07,0.00030542,8.96e-06,0.00024325,3235.0,6136.0,0.0011409,1.54521e-05,0.00101919,0.00217554,632.0,2954.18,0.778144,0.610451,0.0,2165570000.0,2165570000.0,0.114009,0.0,0.0443398,62.6976,82.0,17.0,22.0,0.0,632.0,3302.0,3302.0,3420.0,3454.0,3435.0,3420.0,3420.0,0.53,1.0,53.0,50.0,0.2,100.0
traj_sweep_978,routing,0.00159453,0.00159453,1076.77,1278.42,675.108,675.108,610.0,0.0,610.0,0.0,0.0,0.0,0.626976,0.626976,634.0,23.0,23.0,4048.0,4048.0,0.0,0.0,22.0,4.0,0.0013507,0.00927768,0.0007812,0.0144982,0.00012278,8.3e-07,0.000153011,7.32e-06,0.00018928,3182.0,6204.0,0.00111975,1.54521e-05,0.000997337,0.00213254,632.0,2953.53,0.722507,0.598572,0.0,2109890000.0,2109890000.0,0.113238,0.0,0.05369,62.6976,38.0,8.0,7.0,0.0,632.0,3238.0,3238.0,3437.0,3494.0,3437.0,3438.0,3437.0,0.54,1.0,53.0,50.0,0.2,100.0
traj_sweep_979,routing,0.00315694,0.00315694,1076.77,1278.42,674.842,674.842,610.0,0.0,610.0,0.0,0.0,0.0,0.626729,0.626729,634.0,23.0,23.0,4048.0,4048.0,0.0,0.0,22.0,4.0,0.00204423,0.0135283,0.00123865,0.0138946,0.00017636,1.11e-06,0.0001827,1.1029e-05,0.000243749,3149.0,6064.0,0.00109858,1.54472e-05,0.000984295,0.00209833,632.0,2971.36,0.747614,0.60119,0.0,2122040000.0,2122040000.0,0.113914,0.0,0.0618751,62.6729,55.0,35.0,12.0,0.0,632.0,3265.0,3265.0,3465.0,3491.0,3460.0,3464.0,3465.0,0.55,1.0,53.0,50.0,0.2,100.0
traj_sweep_980,routing,0.00049203,0.00049203,1076.77,1278.42,674.576,674.576,609.0,0.0,609.0,0.0,0.0,0.0,0.626482,0.626482,633.0,23.0,23.0,4048.0,4048.0,0.0,0.0,22.0,4.0,0.00170199,0.00993536,0.00100626,0.00934204,0.00010956,8.7e-07,0.00015648,9.31e-06,0.00019092,3153.0,6116.0,0.00108587,1.54213e-05,0.000963837,0.00206513,631.0,2964.61,0.735633,0.530987,0.0,2135080000.0,2135080000.0,0.112525,0.0,0.0697001,62.6482,60.0,33.0,15.0,0.0,631.0,3217.0,3217.0,3451.0,3480.0,3441.0,3446.0,3451.0,0.56,1.0,53.0,50.0,0.2,100.0
traj_sweep_981,routing,0.00049203,0.00049203,1076.77,1278.42,674.576,674.576,609.0,0.0,609.0,0.0,0.0,0.0,0.626482,0.626482,633.0,23.0,23.0,4048.0,4048.0,0.0,0.0,22.0,4.0,0.00126953,0.00876135,0.00095445,0.010163,9.934e-05,5.59e-07,0.00013834,8.05e-06,0.00018408,3153.0,6116.0,0.00106682,1.54213e-05,0.000946928,0.00202917,631.0,2964.61,0.735633,0.530987,0.0,2135080000.0,2135080000.0,0.112525,0.0,0.0777002,62.6482,60.0,33.0,15.0,0.0,631.0,3217.0,3217.0,3451.0,3480.0,3441.0,3446.0,3451.0,0.57,1.0,53.0,50.0,0.2,100.0
traj_sweep_982,routing,0.000700752,0.000700752,1076.77,1278.42,674.044,674.044,608.0,0.0,608.0,0.0,0.0,0.0,0.625988,0.625988,632.0,23.0,23.0,4048.0,4048.0,0.0,0.0,22.0,4.0,0.00186847,0.00980273,0.00105023,0.0125724,0.000187831,9.2e-07,0.0001616,8.49e-06,0.00024692,3247.0,6190.0,0.00104914,1.54214e-05,0.000927773,0.00199233,630.0,2921.09,0.760464,0.473479,0.0,2123990000.0,2123990000.0,0.113435,0.0,0.087532,62.5988,65.0,32.0,22.0,0.0,630.0,3219.0,3219.0,3373.0,3425.0,3386.0,3372.0,3373.0,0.58,1.0,53.0,50.0,0.2,100.0
traj_sweep_983,routing,0.00137943,0.00137943,1076.77,1278.42,673.512,673.512,608.0,0.0,608.0,0.0,0.0,0.0,0.625494,0.625494,632.0,23.0,23.0,4048.0,4048.0,0.0,0.0,22.0,4.0,0.00124897,0.00914965,0.00079474,0.0124711,9.615e-05,6.2e-07,0.00015369,7.45e-06,0.00016474,3093.0,6053.0,0.00102491,1.54102e-05,0.000910901,0.00195122,630.0,2954.09,0.759396,0.538249,0.0,2126130000.0,2126130000.0,0.112418,0.0,0.0925506,62.5494,43.0,16.0,11.0,0.0,630.0,3256.0,3256.0,3413.0,3433.0,3403.0,3407.0,3413.0,0.59,1.0,53.0,50.0,0.2,100.0
traj_sweep_984,routing,0.00191565,0.00191565,1076.77,1278.42,674.842,674.842,608.0,0.0,608.0,0.0,0.0,0.0,0.626729,0.626729,632.0,23.0,23.0,4048.0,4048.0,0.0,0.0,22.0,4.0,0.00139287,0.00964269,0.00092175,0.0132311,0.00011357,5.2e-07,0.00017248,8e-06,0.00017764,3259.0,6198.0,0.00101433,1.54659e-05,0.000904118,0.00193391,630.0,2973.11,0.691699,0.537986,0.0,2117960000.0,2117960000.0,0.113239,0.0,0.100585,62.6729,52.0,17.0,8.0,0.0,630.0,3267.0,3267.0,3446.0,3476.0,3431.0,3446.0,3446.0,0.6,1.0,53.0,50.0,0.2,100.0
traj_sweep_985,routing,0.00120744,0.00120744,1076.77,1278.42,674.842,674.842,608.0,0.0,608.0,0.0,0.0,0.0,0.626729,0.626729,632.0,23.0,23.0,4048.0,4048.0,0.0,0.0,22.0,4.0,0.00130761,0.00905889,0.00082537,0.010583,0.00010979,5.1e-07,0.0001495,7.61e-06,0.00016527,3216.0,6141.0,0.000997839,1.54659e-05,0.000883233,0.00189654,630.0,2960.42,0.684136,0.531927,0.0,2130680000.0,2130680000.0,0.112884,0.0,0.111295,62.6729,47.0,26.0,26.0,0.0,630.0,3268.0,3268.0,3428.0,3473.0,3428.0,3428.0,3428.0,0.61,1.0,53.0,50.0,0.2,100.0
traj_sweep_986,routing,0.00126948,0.00126948,1076.77,1278.42,674.044,674.044,608.0,0.0,608.0,0.0,0.0,0.0,0.625988,0.625988,632.0,23.0,23.0,4048.0,4048.0,0.0,0.0,22.0,4.0,0.00127109,0.00939895,0.00076924,0.0120294,0.00012075,6.1e-07,0.00015677,1.21e-05,0.00017035,3220.0,6213.0,0.000981464,1.54214e-05,0.000873202,0.00187009,630.0,2958.44,0.776266,0.531586,0.0,2140920000.0,2140920000.0,0.112327,0.0,0.11532,62.5988,39.0,13.0,5.0,1.0,630.0,3257.0,3257.0,3415.0,3450.0,3414.0,3412.0,3413.0,0.62,1.0,53.0,50.0,0.2,100.0
traj_sweep_987,routing,0.000476987,0.000476987,1076.77,1278.42,995.904,995.904,751.0,14.0,751.0,12.01,1.014,761.72,0.924901,0.924901,777.0,23.0,23.0,4048.0,4048.0,1533970.0,19.0,23.0,5.0,0.00121469,0.0117925,0.00079091,0.0026265,0.00014071,5e-07,0.00015918,1.119e-05,0.00018867,2860.0,9410.0,0.00674942,2.76461e-05,0.00567716,0.0124542,761.0,4912.19,0.640936,0.692862,53.0,2333530000.0,2333530000.0,0.072406,-13.3868,-0.288535,92.4901,92.0,57.0,42.0,0.0,775.0,4222.0,4222.0,5300.0,5345.0,5311.0,5297.0,5300.0,0.14,1.0,54.0,50.0,0.2,100.0
traj_sweep_988,routing,0.00176466,0.00176466,1076.77,1278.42,963.186,963.186,738.0,2.0,738.0,7.69,0.2415,178.56,0.894516,0.894516,762.0,23.0,23.0,4048.0,4048.0,192162.0,2.0,23.0,5.0,0.0004346,0.0044874,0.000321969,0.00347041,5.6089e-05,2.12e-06,6.588e-05,3.391e-06,8.9289e-05,808.0,8296.0,0.00608773,2.6352e-05,0.00507748,0.0111916,759.0,4217.84,0.586046,0.666466,53.0,2351470000.0,2351470000.0,0.0714098,-12.7749,-0.275266,89.4516,57.0,24.0,18.0,0.0,760.0,3926.0,3926.0,4529.0,4554.0,4537.0,4524.0,4529.0,0.15,1.0,54.0,50.0,0.2,100.0
traj_sweep_989,routing,0.00115712,0.00115712,1076.77,1278.42,973.826,973.826,741.0,5.0,741.0,14.24,0.559,414.26,0.904397,0.904397,765.0,23.0,23.0,4048.0,4048.0,917865.0,10.0,23.0,5.0,0.00063002,0.00903784,0.00044388,0.00298774,8.546e-05,2.4e-07,0.00012983,5.34e-06,0.00012297,1730.0,9305.0,0.0056753,2.68643e-05,0.00477092,0.0104731,761.0,4953.33,0.504611,0.627221,53.0,2332750000.0,2332750000.0,0.0735264,-12.4429,-0.268679,90.4397,94.0,43.0,39.0,0.0,763.0,4214.0,4214.0,5284.0,5377.0,5285.0,5293.0,5284.0,0.16,1.0,54.0,50.0,0.2,100.0
traj_sweep_990,routing,0.00126218,0.00126218,1076.77,1278.42,958.664,958.664,739.0,4.0,739.0,11.06,0.467,345.41,0.890316,0.890316,763.0,23.0,23.0,4048.0,4048.0,746746.0,9.0,23.0,5.0,0.00053711,0.00630478,0.00043474,0.00233815,5.561e-05,4.2e-07,7.899e-05,4.55e-06,9.112e-05,1550.0,8706.0,0.0053335,2.61595e-05,0.00450031,0.00985997,759.0,4504.43,0.633095,0.689077,53.0,2343470000.0,2343470000.0,0.0744793,-11.7635,-0.256718,89.0316,84.0,56.0,27.0,0.0,761.0,4026.0,4026.0,4872.0,4883.0,4849.0,4864.0,4872.0,0.17,1.0,54.0,50.0,0.2,100.0
traj_sweep_991,routing,0.00173515,0.00173515,1076.77,1278.42,975.688,975.688,735.0,7.0,735.0,10.68,0.8515,625.95,0.906126,0.906126,759.0,23.0,23.0,4048.0,4048.0,1261460.0,15.0,23.0,5.0,0.00132478,0.0147109,0.0009062,0.00257025,0.00016438,3.8e-07,0.000214069,9.84e-06,0.00027662,2454.0,9025.0,0.00507171,2.68177e-05,0.00433406,0.00943258,752.0,4803.49,0.612556,0.679212,53.0,2333250000.0,2333250000.0,0.0775945,-11.2222,-0.248587,90.6126,102.0,84.0,33.0,0.0,757.0,4095.0,4095.0,5155.0,5226.0,5173.0,5159.0,5155.0,0.18,1.0,54.0,50.0,0.2,100.0
traj_sweep_992,routing,0.000852436,0.000852436,1076.77,1278.42,961.058,961.058,741.0,10.0,741.0,9.92,0.4865,360.77,0.89254,0.89254,765.0,23.0,23.0,4048.0,4048.0,676349.0,8.0,23.0,5.0,0.00076401,0.0082984,0.00051624,0.00263551,7.6669e-05,5.2e-07,0.00011524,5.7e-06,0.000131229,1374.0,8652.0,0.00470255,2.62681e-05,0.00398,0.00870881,754.0,4534.97,0.60961,0.677793,53.0,2367440000.0,2367440000.0,0.0796665,-10.7028,-0.232397,89.254,91.0,36.0,36.0,0.0,763.0,4104.0,4104.0,4847.0,4897.0,4838.0,4845.0,4847.0,0.19,1.0,54.0,50.0,0.2,100.0
traj_sweep_993,routing,0.00105996,0.00105996,1076.77,1278.42,961.59,961.59,735.0,3.0,735.0,10.83,0.4395,323.17,0.893034,0.893034,761.0,23.0,23.0,4048.0,4048.0,668353.0,8.0,24.0,6.0,0.0005821,0.00625099,0.00038456,0.0026339,6.492e-05,2.8e-07,7.579e-05,4.38e-06,9.723e-05,1397.0,8364.0,0.00451421,2.64475e-05,0.00377381,0.00831447,756.0,4430.85,0.602605,0.674424,53.0,2365330000.0,2365330000.0,0.0816171,-10.2378,-0.222774,89.3034,91.0,13.0,11.0,0.0,759.0,3969.0,3969.0,4778.0,4794.0,4771.0,4775.0,4778.0,0.2,1.0,54.0,50.0,0.2,100.0
traj_sweep_994,routing,0.0012443,0.0012443,1076.77,1278.42,935.788,935.788,732.0,7.0,732.0,6.93,0.1795,131.56,0.869071,0.869071,756.0,23.0,23.0,4048.0,4048.0,319803.0,4.0,23.0,5.0,0.00031928,0.00351343,0.00024832,0.00267944,3.846e-05,3.4e-07,5.285e-05,4.35e-06,5.658e-05,626.0,8028.0,0.00412069,2.53578e-05,0.00348891,0.00763495,750.0,4017.8,0.636916,0.690928,53.0,2366210000.0,2366210000.0,0.0804023,-9.5411,-0.212617,86.9071,68.0,21.0,24.0,0.0,754.0,3828.0,3828.0,4305.0,4352.0,4304.0,4299.0,4305.0,0.21,1.0,54.0,50.0,0.2,100.0
traj_sweep_995,routing,0.00156823,0.00156823,1076.77,1278.42,979.412,979.412,734.0,10.0,734.0,11.82,0.6415,471.13,0.909585,0.909585,760.0,23.0,23.0,4048.0,4048.0,1014430.0,13.0,23.0,5.0,0.00111213,0.0107363,0.00077601,0.00319022,0.00024659,6.7e-07,0.00025138,7.64e-06,0.00018887,1882.0,8373.0,0.00410186,2.6933e-05,0.00356933,0.00769813,748.0,4492.85,0.590424,0.668557,53.0,2344860000.0,2344860000.0,0.0849199,-9.16002,-0.206465,90.9585,85.0,47.0,20.0,0.0,758.0,3997.0,3997.0,4816.0,4866.0,4822.0,4813.0,4816.0,0.22,1.0,54.0,50.0,0.2,100.0
traj_sweep_996,routing,0.000715372,0.000715372,1076.77,1278.42,941.906,941.906,727.0,5.0,727.0,6.6,0.245,178.28,0.874753,0.874753,751.0,23.0,23.0,4048.0,4048.0,349230.0,4.0,23.0,5.0,0.00043211,0.00537909,0.00030152,0.00264782,4.399e-05,2.8e-07,6.711e-05,2.92e-06,6.417e-05,1033.0,8094.0,0.00377468,2.54732e-05,0.00322089,0.00702104,746.0,4110.27,0.645434,0.695024,53.0,2369620000.0,2369620000.0,0.0865714,-8.45931,-0.192008,87.4753,71.0,21.0,24.0,0.0,749.0,3887.0,3887.0,4425.0,4453.0,4426.0,4425.0,4425.0,0.23,1.0,54.0,50.0,0.2,100.0
traj_sweep_997,routing,0.00233705,0.00233705,1076.77,1278.42,929.67,929.67,733.0,8.0,733.0,9.54,0.328,240.47,0.863389,0.863389,757.0,23.0,23.0,4048.0,4048.0,504989.0,7.0,23.0,5.0,0.00049969,0.00455942,0.000354289,0.00274395,5.252e-05,3.8e-07,6.694e-05,3.45e-06,7.915e-05,1094.0,7934.0,0.00360517,2.50852e-05,0.00307599,0.00670625,748.0,4012.67,0.62995,0.687564,53.0,2350820000.0,2350820000.0,0.0834689,-8.07402,-0.185383,86.3389,55.0,20.0,39.0,0.0,755.0,3828.0,3828.0,4343.0,4402.0,4375.0,4343.0,4343.0,0.24,1.0,54.0,50.0,0.2,100.0
traj_sweep_998,routing,0.0019167,0.0019167,1076.77,1278.42,947.758,947.758,737.0,9.0,737.0,8.45,0.303,223.55,0.880188,0.880188,761.0,23.0,23.0,4048.0,4048.0,489568.0,6.0,23.0,5.0,0.00039065,0.0048598,0.00028665,0.00207724,3.871e-05,2.5e-07,6.191e-05,3.06e-06,6.551e-05,1067.0,8056.0,0.00352804,2.55116e-05,0.00299274,0.0065463,752.0,4228.23,0.636359,0.69066,51.0,2386470000.0,2386470000.0,0.091965,-7.57673,-0.169029,88.0188,86.0,45.0,21.0,0.0,759.0,3895.0,3895.0,4527.0,4557.0,4507.0,4523.0,4527.0,0.25,1.0,54.0,50.0,0.2,100.0
traj_sweep_999,routing,0.00092118,0.00092118,1076.77,1278.42,936.586,936.586,729.0,4.0,729.0,8.78,0.2295,167.47,0.869812,0.869812,753.0,23.0,23.0,4048.0,4048.0,433762.0,6.0,23.0,5.0,0.00038548,0.00463704,0.00022926,0.00307879,4.421e-05,3.7e-07,5.519e-05,3.06e-06,6.265e-05,790.0,8056.0,0.00333144,2.51694e-05,0.00286948,0.00622609,747.0,4116.88,0.640936,0.692862,50.0,2354540000.0,2354540000.0,0.0933272,-7.09569,-0.164711,86.9812,79.0,25.0,22.0,0.0,751.0,3875.0,3875.0,4426.0,4474.0,4429.0,4429.0,4426.0,0.26,1.0,54.0,50.0,0.2,100.0
traj_sweep_1000,routing,0.00187513,0.00187513,1076.77,1278.42,926.478,926.478,736.0,6.0,736.0,6.36,0.1775,130.75,0.860425,0.860425,760.0,23.0,23.0,4048.0,4048.0,279837.0,4.0,23.0,5.0,0.00037946,0.002831,0.000258,0.00267625,3.385e-05,5.2e-07,4.598e-05,2.44e-06,5.343e-05,742.0,7546.0,0.0031905,2.45493e-05,0.00269389,0.00590893,751.0,3835.89,0.645434,0.695024,49.0,2392140000.0,2392140000.0,0.0953906,-6.60341,-0.148035,86.0425,47.0,17.0,15.0,0.0,758.0,3751.0,3751.0,4102.0,4193.0,4104.0,4106.0,4102.0,0.27,1.0,54.0,50.0,0.2,100.0
traj_sweep_1001,routing,0.00152189,0.00152189,1076.77,1278.42,941.108,941.108,734.0,5.0,734.0,9.16,0.7015,515.17,0.874012,0.874012,758.0,23.0,23.0,4048.0,4048.0,1298300.0,17.0,23.0,5.0,0.00062694,0.00844999,0.000370989,0.00259088,7.541e-05,3e-07,8.708e-05,4.6e-06,0.00010193,1659.0,8324.0,0.00313426,2.51706e-05,0.00271389,0.00587331,752.0,4425.71,0.576635,0.66192,49.0,2359110000.0,2359110000.0,0.098068,-6.22271,-0.143888,87.4012,76.0,32.0,28.0,7.0,756.0,3970.0,3970.0,4745.0,4801.0,4760.0,4737.0,4742.0,0.28,1.0,54.0,50.0,0.2,100.0
traj_sweep_1002,routing,0.00229208,0.00229208,1076.77,1278.42,932.596,932.596,721.0,1.0,721.0,11.25,0.3855,278.11,0.866107,0.866107,745.0,23.0,23.0,4048.0,4048.0,653754.0,9.0,23.0,5.0,0.00042342,0.00553965,0.00024504,0.00212529,4.387e-05,1.8e-07,6.768e-05,3.12e-06,6.799e-05,1070.0,8105.0,0.00294121,2.4696e-05,0.00257142,0.00553733,742.0,4125.16,0.636359,0.69067,49.0,2352960000.0,2352960000.0,0.0982873,-5.82479,-0.138095,86.6107,69.0,22.0,12.0,0.0,743.0,3857.0,3857.0,4449.0,4480.0,4443.0,4448.0,4449.0,0.29,1.0,54.0,50.0,0.2,100.0
