trajectory_id,stage,4_1_cts__cts__clock__skew__hold,4_1_cts__cts__clock__skew__setup,4_1_cts__cts__design__core__area,4_1_cts__cts__design__die__area,4_1_cts__cts__design__instance__area,4_1_cts__cts__design__instance__area__stdcell,4_1_cts__cts__design__instance__count,4_1_cts__cts__design__instance__count__setup_buffer,4_1_cts__cts__design__instance__count__stdcell,4_1_cts__cts__design__instance__displacement__max,4_1_cts__cts__design__instance__displacement__mean,4_1_cts__cts__design__instance__displacement__total,4_1_cts__cts__design__instance__utilization,4_1_cts__cts__design__instance__utilization__stdcell,4_1_cts__cts__design__nets,4_1_cts__cts__design__rows,4_1_cts__cts__design__rows:FreePDK45_38x28_10R_NP_162NW_34O,4_1_cts__cts__design__sites,4_1_cts__cts__design__sites:FreePDK45_38x28_10R_NP_162NW_34O,4_1_cts__cts__dpl__hpwl__delta,4_1_cts__cts__dpl__hpwl__delta__percent,4_1_cts__cts__flow__warnings__count,4_1_cts__cts__flow__warnings__type_count,4_1_cts__cts__negotiation__converge__phase_1__iteration,4_1_cts__cts__power__internal__total,4_1_cts__cts__power__leakage__total,4_1_cts__cts__power__switching__total,4_1_cts__cts__power__total,4_1_cts__cts__route__wirelength__estimated,4_1_cts__cts__timing__drv__max_cap_limit,4_1_cts__cts__timing__drv__max_slew_limit,4_1_cts__cts__timing__drv__setup_violation_count,4_1_cts__cts__timing__fmax,4_1_cts__cts__timing__fmax__clock:core_clock,4_1_cts__cts__timing__hold__ws,4_1_cts__cts__timing__setup__tns,4_1_cts__cts__timing__setup__ws,4_1_cts__cts__utilization__before__dpl,param:CLK_PERIOD,param:CORE_ASPECT_RATIO,param:CORE_UTILIZATION,param:CTS_CLUSTER_SIZE,param:PLACE_DENSITY_LB_ADDON,param:TNS_END_PERCENT
traj_default,cts,0.000893972,0.000893972,1076.77,1278.42,920.36,920.36,730.0,10.0,730.0,11.06,0.631,460.7,0.854743,0.854743,754.0,23.0,23.0,4048.0,4048.0,1157470.0,17.0,1.0,1.0,21.0,0.00336874,2.45257e-05,0.0026941,0.00608736,3974.31,0.643971,0.694283,51.0,2444500000.0,2444500000.0,0.0881472,-6.95295,-0.159082,85.4743,0.25,1.0,55.0,50.0,0.2,100.0
traj_small_01,cts,0.000735551,0.000735551,1076.77,1278.42,905.73,905.73,727.0,7.0,727.0,7.31,0.3965,288.337,0.841156,0.841156,752.0,23.0,23.0,4048.0,4048.0,694481.0,10.0,1.0,1.0,12.0,0.0033376,2.38389e-05,0.00268021,0.00604165,3762.71,0.667471,0.700816,51.0,2445580000.0,2445580000.0,0.0890927,-6.9413,-0.1589,84.1156,0.25,1.0,50.0,50.0,0.15,100.0
traj_small_02,cts,0.000461152,0.000461152,1076.77,1278.42,906.262,906.262,717.0,3.0,717.0,6.22,0.3895,279.584,0.84165,0.84165,743.0,23.0,23.0,4048.0,4048.0,762734.0,11.0,1.0,1.0,8.0,0.00331135,2.37358e-05,0.00269996,0.00603504,3699.64,0.757471,0.749178,50.0,2452820000.0,2452820000.0,0.091604,-6.92161,-0.157694,84.165,0.25,1.0,60.0,50.0,0.25,100.0
traj_small_03,cts,0.00155324,0.00155324,1076.77,1278.42,888.972,888.972,718.0,6.0,718.0,6.03,0.3195,229.707,0.825593,0.825593,742.0,23.0,23.0,4048.0,4048.0,522870.0,8.0,1.0,1.0,11.0,0.00272548,2.31405e-05,0.00218379,0.00493242,3703.57,0.667471,0.70083,49.0,2442300000.0,2442300000.0,0.0977397,-4.65592,-0.109451,82.5593,0.3,1.0,55.0,40.0,0.2,100.0
traj_small_04,cts,0.00173053,0.00173053,1113.48,1279.13,849.87,849.87,730.0,3.0,730.0,5.46,0.061,44.7375,0.763258,0.763258,748.0,26.0,26.0,4186.0,4186.0,154249.0,2.0,1.0,1.0,3.0,0.00305591,2.15738e-05,0.00242394,0.00550143,3467.77,0.77725,0.758748,53.0,2452480000.0,2452480000.0,0.0864459,-6.84263,-0.157751,76.3258,0.25,1.2,55.0,50.0,0.2,80.0
traj_small_05,cts,0.00173053,0.00173053,1113.48,1279.13,849.87,849.87,730.0,3.0,730.0,5.46,0.061,44.7375,0.763258,0.763258,748.0,26.0,26.0,4186.0,4186.0,154249.0,2.0,1.0,1.0,3.0,0.00305591,2.15738e-05,0.00242394,0.00550143,3467.77,0.77725,0.758748,53.0,2452480000.0,2452480000.0,0.0864459,-6.84263,-0.157751,76.3258,0.25,0.9,52.0,50.0,0.2,100.0
traj_medium_01,cts,0.000918925,0.000918925,1076.77,1278.42,837.368,837.368,700.0,4.0,700.0,6.6,0.117,81.9725,0.777668,0.777668,724.0,23.0,23.0,4048.0,4048.0,179214.0,3.0,1.0,1.0,3.0,0.00220422,2.12126e-05,0.00174828,0.00397372,3369.89,0.795625,0.716042,47.0,2417440000.0,2417440000.0,0.108125,-2.40526,-0.0645832,77.7668,0.35,1.0,45.0,50.0,0.1,100.0
traj_medium_02,cts,0.00100434,0.00100434,1076.77,1278.42,884.716,884.716,714.0,1.0,714.0,5.65,0.2815,201.221,0.82164,0.82164,740.0,23.0,23.0,4048.0,4048.0,452906.0,7.0,1.0,1.0,7.0,0.00319442,2.29128e-05,0.00257835,0.00579568,3565.62,0.746151,0.7437,50.0,2455700000.0,2455700000.0,0.0902297,-6.95825,-0.157216,82.164,0.25,1.0,65.0,80.0,0.3,100.0
traj_medium_03,cts,0.000895291,0.000895291,1076.77,1278.42,870.618,870.618,734.0,3.0,734.0,6.6,0.3145,231.202,0.808547,0.808547,758.0,23.0,23.0,4048.0,4048.0,430081.0,6.0,1.0,1.0,7.0,0.00394969,2.24146e-05,0.00309377,0.00706587,3609.2,0.673131,0.703657,53.0,2460330000.0,2460330000.0,0.0778202,-9.54407,-0.206449,80.8547,0.2,1.0,55.0,50.0,0.2,50.0
traj_medium_04,cts,0.00287986,0.00287986,1091.66,1282.85,911.848,911.848,715.0,6.0,715.0,10.92,0.425,303.971,0.835283,0.835283,749.0,18.0,18.0,4104.0,4104.0,844317.0,12.0,1.0,1.0,13.0,0.00339199,2.42248e-05,0.00278181,0.00619803,4090.48,0.764926,0.752789,51.0,2453270000.0,2453270000.0,0.0876366,-6.92773,-0.15762,83.5283,0.25,0.6,58.0,50.0,0.2,100.0
traj_medium_05,cts,0.00112631,0.00112631,1091.66,1279.88,895.622,895.622,731.0,5.0,731.0,6.6,0.263,192.409,0.820419,0.820419,749.0,27.0,27.0,4104.0,4104.0,432978.0,6.0,1.0,1.0,9.0,0.00322516,2.32132e-05,0.00260382,0.0058522,3688.1,0.52759,0.638286,49.0,2446200000.0,2446200000.0,0.0893488,-6.94561,-0.158798,82.0419,0.25,1.35,56.0,50.0,0.2,100.0
traj_large_01,cts,0.000869929,0.000869929,1076.77,1278.42,684.95,684.95,617.0,0.0,617.0,0.0,0.0,0.0,0.636117,0.636117,641.0,23.0,23.0,4048.0,4048.0,0.0,0.0,0.0,0.0,1.0,0.00137406,1.58293e-05,0.00113261,0.0025225,3132.76,0.757853,0.602805,0.0,2323030000.0,2323030000.0,0.111113,0.0,0.00267525,63.6117,0.45,1.0,40.0,50.0,0.05,100.0
traj_large_02,cts,0.000611053,0.000611053,1076.77,1278.42,921.424,921.424,730.0,9.0,730.0,8.97,0.856,625.146,0.855731,0.855731,754.0,23.0,23.0,4048.0,4048.0,1538530.0,23.0,1.0,1.0,15.0,0.00343536,2.44933e-05,0.00275586,0.00621572,4093.22,0.773817,0.757084,50.0,2429800000.0,2429800000.0,0.0883041,-7.05634,-0.161556,85.5731,0.25,1.0,72.0,120.0,0.35,100.0
traj_large_03,cts,0.00112678,0.00112678,1076.77,1278.42,865.83,865.83,737.0,2.0,737.0,6.74,0.1715,126.515,0.804101,0.804101,761.0,23.0,23.0,4048.0,4048.0,285358.0,4.0,1.0,1.0,4.0,0.00535815,2.21078e-05,0.0041216,0.00950186,3467.67,0.627849,0.686527,53.0,2466930000.0,2466930000.0,0.0669064,-11.9756,-0.255362,80.4101,0.15,1.0,55.0,50.0,0.2,30.0
traj_large_04,cts,0.00135821,0.00135821,1064.0,1286.77,889.504,889.504,714.0,4.0,714.0,6.93,0.373,266.469,0.836,0.836,752.0,16.0,16.0,4000.0,4000.0,733861.0,11.0,1.0,1.0,12.0,0.00327383,2.32494e-05,0.00264374,0.00594082,3772.93,0.67463,0.704413,51.0,2463850000.0,2463850000.0,0.0874226,-6.92389,-0.155869,83.6,0.25,0.5,62.0,50.0,0.2,100.0
traj_bad_01,cts,0.00071889,0.00071889,1076.77,1278.42,927.542,927.542,738.0,11.0,738.0,11.44,0.7945,586.599,0.861413,0.861413,764.0,23.0,23.0,4048.0,4048.0,1519470.0,22.0,1.0,1.0,26.0,0.00725864,2.48276e-05,0.00563614,0.0129196,4188.06,0.641057,0.692881,53.0,2435760000.0,2435760000.0,0.0644425,-13.5283,-0.29055,86.1413,0.12,1.0,85.0,50.0,0.4,100.0
traj_bad_02,cts,0.00068473,0.00068473,1076.77,1278.42,935.788,935.788,739.0,7.0,739.0,12.77,0.592,437.666,0.869071,0.869071,763.0,23.0,23.0,4048.0,4048.0,1137210.0,17.0,1.0,1.0,17.0,0.00886532,2.54218e-05,0.00685445,0.0157452,4007.76,0.629225,0.687188,53.0,2418050000.0,2418050000.0,0.0585134,-14.5608,-0.313557,86.9071,0.1,1.0,90.0,200.0,0.2,100.0
traj_bad_03,cts,0.000583304,0.000583304,1076.77,1278.42,674.842,674.842,608.0,0.0,608.0,0.0,0.0,0.0,0.626729,0.626729,632.0,23.0,23.0,4048.0,4048.0,0.0,0.0,0.0,0.0,1.0,0.00101222,1.54659e-05,0.000834467,0.00186215,2973.11,0.737633,0.554675,0.0,2191110000.0,2191110000.0,0.110441,0.0,0.119181,62.6729,0.6,1.0,35.0,50.0,0.2,10.0
traj_bad_04,cts,0.00162551,0.00162551,1088.47,1286.64,952.812,952.812,763.0,7.0,763.0,9.73,0.785,599.0,0.875367,0.875367,767.0,33.0,33.0,4092.0,4092.0,1591480.0,20.0,1.0,1.0,34.0,0.00734965,2.52582e-05,0.00599326,0.0133682,4704.77,0.654393,0.699299,53.0,2391080000.0,2391080000.0,0.0614227,-13.8461,-0.298222,87.5367,0.12,2.0,78.0,50.0,0.2,100.0
traj_sweep_001,cts,0.00104417,0.00104417,1076.77,1278.42,937.65,937.65,730.0,8.0,730.0,8.64,0.7815,570.628,0.8708,0.8708,754.0,23.0,23.0,4048.0,4048.0,1416820.0,21.0,1.0,1.0,14.0,0.00476457,2.52044e-05,0.00383471,0.00862449,4158.53,0.663697,0.703775,53.0,2435540000.0,2435540000.0,0.0781974,-10.6007,-0.230586,87.08,0.18,1.0,42.0,50.0,0.2,100.0
traj_sweep_002,cts,0.000845185,0.000845185,1076.77,1278.42,935.788,935.788,724.0,11.0,724.0,9.35,0.625,452.631,0.869071,0.869071,750.0,23.0,23.0,4048.0,4048.0,1008920.0,15.0,1.0,1.0,11.0,0.00388122,2.53836e-05,0.00312272,0.00702932,3956.49,0.58871,0.667695,53.0,2431310000.0,2431310000.0,0.0851741,-8.47741,-0.191301,86.9071,0.22,1.0,42.0,50.0,0.2,100.0
traj_sweep_003,cts,0.00157546,0.00157546,1076.77,1278.42,910.252,910.252,730.0,10.0,730.0,7.88,0.499,364.545,0.845356,0.845356,754.0,23.0,23.0,4048.0,4048.0,807223.0,12.0,1.0,1.0,11.0,0.00299777,2.38753e-05,0.00240966,0.0054313,3767.83,0.631112,0.688096,49.0,2432410000.0,2432410000.0,0.0946159,-5.59219,-0.131115,84.5356,0.28,1.0,42.0,50.0,0.2,100.0
traj_sweep_004,cts,0.00190797,0.00190797,1076.77,1278.42,844.816,844.816,704.0,3.0,704.0,5.98,0.0935,66.102,0.784585,0.784585,728.0,23.0,23.0,4048.0,4048.0,206243.0,3.0,1.0,1.0,3.0,0.00239491,2.15705e-05,0.0019313,0.00434778,3365.04,0.654264,0.699239,48.0,2456570000.0,2456570000.0,0.100959,-3.50995,-0.0870718,78.4585,0.32,1.0,42.0,50.0,0.2,100.0
traj_sweep_005,cts,0.0014791,0.0014791,1076.77,1278.42,876.204,876.204,702.0,7.0,702.0,8.26,0.3415,239.782,0.813735,0.813735,727.0,23.0,23.0,4048.0,4048.0,570207.0,9.0,1.0,1.0,11.0,0.00208553,2.26152e-05,0.00171266,0.00382081,3530.28,0.663697,0.703784,46.0,2387560000.0,2387560000.0,0.113843,-1.31907,-0.0414734,81.3735,0.38,1.0,42.0,50.0,0.2,100.0
traj_sweep_006,cts,0.000231738,0.000231738,1076.77,1278.42,682.556,682.556,617.0,0.0,617.0,0.0,0.0,0.0,0.633893,0.633893,641.0,23.0,23.0,4048.0,4048.0,0.0,0.0,0.0,0.0,2.0,0.00136555,1.56944e-05,0.00112383,0.00250507,3052.48,0.755657,0.617559,0.0,2292680000.0,2292680000.0,0.111228,0.0,0.0051058,63.3893,0.45,1.0,42.0,50.0,0.2,100.0
traj_sweep_007,cts,0.00248632,0.00248632,1076.77,1278.42,675.64,675.64,610.0,0.0,610.0,0.0,0.0,0.0,0.62747,0.62747,634.0,23.0,23.0,4048.0,4048.0,0.0,0.0,0.0,0.0,1.0,0.00116757,1.54808e-05,0.000973076,0.00215612,2972.28,0.7918,0.621333,0.0,2249570000.0,2249570000.0,0.111113,0.0,0.0551226,62.747,0.52,1.0,42.0,50.0,0.2,100.0
traj_sweep_008,cts,0.00104417,0.00104417,1076.77,1278.42,937.65,937.65,730.0,8.0,730.0,8.64,0.7815,570.628,0.8708,0.8708,754.0,23.0,23.0,4048.0,4048.0,1416820.0,21.0,1.0,1.0,14.0,0.00476457,2.52044e-05,0.00383471,0.00862449,4158.53,0.663697,0.703775,53.0,2435540000.0,2435540000.0,0.0781974,-10.6007,-0.230586,87.08,0.18,1.0,48.0,50.0,0.2,100.0
traj_sweep_009,cts,0.000845185,0.000845185,1076.77,1278.42,935.788,935.788,724.0,11.0,724.0,9.35,0.625,452.631,0.869071,0.869071,750.0,23.0,23.0,4048.0,4048.0,1008920.0,15.0,1.0,1.0,11.0,0.00388122,2.53836e-05,0.00312272,0.00702932,3956.49,0.58871,0.667695,53.0,2431310000.0,2431310000.0,0.0851741,-8.47741,-0.191301,86.9071,0.22,1.0,48.0,50.0,0.2,100.0
traj_sweep_010,cts,0.00157546,0.00157546,1076.77,1278.42,910.252,910.252,730.0,10.0,730.0,7.88,0.499,364.545,0.845356,0.845356,754.0,23.0,23.0,4048.0,4048.0,807223.0,12.0,1.0,1.0,11.0,0.00299777,2.38753e-05,0.00240966,0.0054313,3767.83,0.631112,0.688096,49.0,2432410000.0,2432410000.0,0.0946159,-5.59219,-0.131115,84.5356,0.28,1.0,48.0,50.0,0.2,100.0
traj_sweep_011,cts,0.00190797,0.00190797,1076.77,1278.42,844.816,844.816,704.0,3.0,704.0,5.98,0.0935,66.102,0.784585,0.784585,728.0,23.0,23.0,4048.0,4048.0,206243.0,3.0,1.0,1.0,3.0,0.00239491,2.15705e-05,0.0019313,0.00434778,3365.04,0.654264,0.699239,48.0,2456570000.0,2456570000.0,0.100959,-3.50995,-0.0870718,78.4585,0.32,1.0,48.0,50.0,0.2,100.0
traj_sweep_012,cts,0.0014791,0.0014791,1076.77,1278.42,876.204,876.204,702.0,7.0,702.0,8.26,0.3415,239.782,0.813735,0.813735,727.0,23.0,23.0,4048.0,4048.0,570207.0,9.0,1.0,1.0,11.0,0.00208553,2.26152e-05,0.00171266,0.00382081,3530.28,0.663697,0.703784,46.0,2387560000.0,2387560000.0,0.113843,-1.31907,-0.0414734,81.3735,0.38,1.0,48.0,50.0,0.2,100.0
traj_sweep_013,cts,0.000231738,0.000231738,1076.77,1278.42,682.556,682.556,617.0,0.0,617.0,0.0,0.0,0.0,0.633893,0.633893,641.0,23.0,23.0,4048.0,4048.0,0.0,0.0,0.0,0.0,2.0,0.00136555,1.56944e-05,0.00112383,0.00250507,3052.48,0.755657,0.617559,0.0,2292680000.0,2292680000.0,0.111228,0.0,0.0051058,63.3893,0.45,1.0,48.0,50.0,0.2,100.0
traj_sweep_014,cts,0.00248632,0.00248632,1076.77,1278.42,675.64,675.64,610.0,0.0,610.0,0.0,0.0,0.0,0.62747,0.62747,634.0,23.0,23.0,4048.0,4048.0,0.0,0.0,0.0,0.0,1.0,0.00116757,1.54808e-05,0.000973076,0.00215612,2972.28,0.7918,0.621333,0.0,2249570000.0,2249570000.0,0.111113,0.0,0.0551226,62.747,0.52,1.0,48.0,50.0,0.2,100.0
traj_sweep_015,cts,0.00104417,0.00104417,1076.77,1278.42,937.65,937.65,730.0,8.0,730.0,8.64,0.7815,570.628,0.8708,0.8708,754.0,23.0,23.0,4048.0,4048.0,1416820.0,21.0,1.0,1.0,14.0,0.00476457,2.52044e-05,0.00383471,0.00862449,4158.53,0.663697,0.703775,53.0,2435540000.0,2435540000.0,0.0781974,-10.6007,-0.230586,87.08,0.18,1.0,52.0,50.0,0.2,100.0
traj_sweep_016,cts,0.000845185,0.000845185,1076.77,1278.42,935.788,935.788,724.0,11.0,724.0,9.35,0.625,452.631,0.869071,0.869071,750.0,23.0,23.0,4048.0,4048.0,1008920.0,15.0,1.0,1.0,11.0,0.00388122,2.53836e-05,0.00312272,0.00702932,3956.49,0.58871,0.667695,53.0,2431310000.0,2431310000.0,0.0851741,-8.47741,-0.191301,86.9071,0.22,1.0,52.0,50.0,0.2,100.0
traj_sweep_017,cts,0.00157546,0.00157546,1076.77,1278.42,910.252,910.252,730.0,10.0,730.0,7.88,0.499,364.545,0.845356,0.845356,754.0,23.0,23.0,4048.0,4048.0,807223.0,12.0,1.0,1.0,11.0,0.00299777,2.38753e-05,0.00240966,0.0054313,3767.83,0.631112,0.688096,49.0,2432410000.0,2432410000.0,0.0946159,-5.59219,-0.131115,84.5356,0.28,1.0,52.0,50.0,0.2,100.0
traj_sweep_018,cts,0.00190797,0.00190797,1076.77,1278.42,844.816,844.816,704.0,3.0,704.0,5.98,0.0935,66.102,0.784585,0.784585,728.0,23.0,23.0,4048.0,4048.0,206243.0,3.0,1.0,1.0,3.0,0.00239491,2.15705e-05,0.0019313,0.00434778,3365.04,0.654264,0.699239,48.0,2456570000.0,2456570000.0,0.100959,-3.50995,-0.0870718,78.4585,0.32,1.0,52.0,50.0,0.2,100.0
traj_sweep_019,cts,0.0014791,0.0014791,1076.77,1278.42,876.204,876.204,702.0,7.0,702.0,8.26,0.3415,239.782,0.813735,0.813735,727.0,23.0,23.0,4048.0,4048.0,570207.0,9.0,1.0,1.0,11.0,0.00208553,2.26152e-05,0.00171266,0.00382081,3530.28,0.663697,0.703784,46.0,2387560000.0,2387560000.0,0.113843,-1.31907,-0.0414734,81.3735,0.38,1.0,52.0,50.0,0.2,100.0
traj_sweep_020,cts,0.000231738,0.000231738,1076.77,1278.42,682.556,682.556,617.0,0.0,617.0,0.0,0.0,0.0,0.633893,0.633893,641.0,23.0,23.0,4048.0,4048.0,0.0,0.0,0.0,0.0,2.0,0.00136555,1.56944e-05,0.00112383,0.00250507,3052.48,0.755657,0.617559,0.0,2292680000.0,2292680000.0,0.111228,0.0,0.0051058,63.3893,0.45,1.0,52.0,50.0,0.2,100.0
traj_sweep_021,cts,0.00248632,0.00248632,1076.77,1278.42,675.64,675.64,610.0,0.0,610.0,0.0,0.0,0.0,0.62747,0.62747,634.0,23.0,23.0,4048.0,4048.0,0.0,0.0,0.0,0.0,1.0,0.00116757,1.54808e-05,0.000973076,0.00215612,2972.28,0.7918,0.621333,0.0,2249570000.0,2249570000.0,0.111113,0.0,0.0551226,62.747,0.52,1.0,52.0,50.0,0.2,100.0
traj_sweep_022,cts,0.00104417,0.00104417,1076.77,1278.42,937.65,937.65,730.0,8.0,730.0,8.64,0.7815,570.628,0.8708,0.8708,754.0,23.0,23.0,4048.0,4048.0,1416820.0,21.0,1.0,1.0,14.0,0.00476457,2.52044e-05,0.00383471,0.00862449,4158.53,0.663697,0.703775,53.0,2435540000.0,2435540000.0,0.0781974,-10.6007,-0.230586,87.08,0.18,1.0,58.0,50.0,0.2,100.0
traj_sweep_023,cts,0.000845185,0.000845185,1076.77,1278.42,935.788,935.788,724.0,11.0,724.0,9.35,0.625,452.631,0.869071,0.869071,750.0,23.0,23.0,4048.0,4048.0,1008920.0,15.0,1.0,1.0,11.0,0.00388122,2.53836e-05,0.00312272,0.00702932,3956.49,0.58871,0.667695,53.0,2431310000.0,2431310000.0,0.0851741,-8.47741,-0.191301,86.9071,0.22,1.0,58.0,50.0,0.2,100.0
traj_sweep_024,cts,0.00157546,0.00157546,1076.77,1278.42,910.252,910.252,730.0,10.0,730.0,7.88,0.499,364.545,0.845356,0.845356,754.0,23.0,23.0,4048.0,4048.0,807223.0,12.0,1.0,1.0,11.0,0.00299777,2.38753e-05,0.00240966,0.0054313,3767.83,0.631112,0.688096,49.0,2432410000.0,2432410000.0,0.0946159,-5.59219,-0.131115,84.5356,0.28,1.0,58.0,50.0,0.2,100.0
traj_sweep_025,cts,0.00190797,0.00190797,1076.77,1278.42,844.816,844.816,704.0,3.0,704.0,5.98,0.0935,66.102,0.784585,0.784585,728.0,23.0,23.0,4048.0,4048.0,206243.0,3.0,1.0,1.0,3.0,0.00239491,2.15705e-05,0.0019313,0.00434778,3365.04,0.654264,0.699239,48.0,2456570000.0,2456570000.0,0.100959,-3.50995,-0.0870718,78.4585,0.32,1.0,58.0,50.0,0.2,100.0
traj_sweep_026,cts,0.0014791,0.0014791,1076.77,1278.42,876.204,876.204,702.0,7.0,702.0,8.26,0.3415,239.782,0.813735,0.813735,727.0,23.0,23.0,4048.0,4048.0,570207.0,9.0,1.0,1.0,11.0,0.00208553,2.26152e-05,0.00171266,0.00382081,3530.28,0.663697,0.703784,46.0,2387560000.0,2387560000.0,0.113843,-1.31907,-0.0414734,81.3735,0.38,1.0,58.0,50.0,0.2,100.0
traj_sweep_027,cts,0.000231738,0.000231738,1076.77,1278.42,682.556,682.556,617.0,0.0,617.0,0.0,0.0,0.0,0.633893,0.633893,641.0,23.0,23.0,4048.0,4048.0,0.0,0.0,0.0,0.0,2.0,0.00136555,1.56944e-05,0.00112383,0.00250507,3052.48,0.755657,0.617559,0.0,2292680000.0,2292680000.0,0.111228,0.0,0.0051058,63.3893,0.45,1.0,58.0,50.0,0.2,100.0
traj_sweep_028,cts,0.00248632,0.00248632,1076.77,1278.42,675.64,675.64,610.0,0.0,610.0,0.0,0.0,0.0,0.62747,0.62747,634.0,23.0,23.0,4048.0,4048.0,0.0,0.0,0.0,0.0,1.0,0.00116757,1.54808e-05,0.000973076,0.00215612,2972.28,0.7918,0.621333,0.0,2249570000.0,2249570000.0,0.111113,0.0,0.0551226,62.747,0.52,1.0,58.0,50.0,0.2,100.0
traj_sweep_029,cts,0.00104417,0.00104417,1076.77,1278.42,937.65,937.65,730.0,8.0,730.0,8.64,0.7815,570.628,0.8708,0.8708,754.0,23.0,23.0,4048.0,4048.0,1416820.0,21.0,1.0,1.0,14.0,0.00476457,2.52044e-05,0.00383471,0.00862449,4158.53,0.663697,0.703775,53.0,2435540000.0,2435540000.0,0.0781974,-10.6007,-0.230586,87.08,0.18,1.0,64.0,50.0,0.2,100.0
traj_sweep_030,cts,0.000845185,0.000845185,1076.77,1278.42,935.788,935.788,724.0,11.0,724.0,9.35,0.625,452.631,0.869071,0.869071,750.0,23.0,23.0,4048.0,4048.0,1008920.0,15.0,1.0,1.0,11.0,0.00388122,2.53836e-05,0.00312272,0.00702932,3956.49,0.58871,0.667695,53.0,2431310000.0,2431310000.0,0.0851741,-8.47741,-0.191301,86.9071,0.22,1.0,64.0,50.0,0.2,100.0
traj_sweep_031,cts,0.00157546,0.00157546,1076.77,1278.42,910.252,910.252,730.0,10.0,730.0,7.88,0.499,364.545,0.845356,0.845356,754.0,23.0,23.0,4048.0,4048.0,807223.0,12.0,1.0,1.0,11.0,0.00299777,2.38753e-05,0.00240966,0.0054313,3767.83,0.631112,0.688096,49.0,2432410000.0,2432410000.0,0.0946159,-5.59219,-0.131115,84.5356,0.28,1.0,64.0,50.0,0.2,100.0
traj_sweep_032,cts,0.00190797,0.00190797,1076.77,1278.42,844.816,844.816,704.0,3.0,704.0,5.98,0.0935,66.102,0.784585,0.784585,728.0,23.0,23.0,4048.0,4048.0,206243.0,3.0,1.0,1.0,3.0,0.00239491,2.15705e-05,0.0019313,0.00434778,3365.04,0.654264,0.699239,48.0,2456570000.0,2456570000.0,0.100959,-3.50995,-0.0870718,78.4585,0.32,1.0,64.0,50.0,0.2,100.0
traj_sweep_033,cts,0.0014791,0.0014791,1076.77,1278.42,876.204,876.204,702.0,7.0,702.0,8.26,0.3415,239.782,0.813735,0.813735,727.0,23.0,23.0,4048.0,4048.0,570207.0,9.0,1.0,1.0,11.0,0.00208553,2.26152e-05,0.00171266,0.00382081,3530.28,0.663697,0.703784,46.0,2387560000.0,2387560000.0,0.113843,-1.31907,-0.0414734,81.3735,0.38,1.0,64.0,50.0,0.2,100.0
traj_sweep_034,cts,0.000231738,0.000231738,1076.77,1278.42,682.556,682.556,617.0,0.0,617.0,0.0,0.0,0.0,0.633893,0.633893,641.0,23.0,23.0,4048.0,4048.0,0.0,0.0,0.0,0.0,2.0,0.00136555,1.56944e-05,0.00112383,0.00250507,3052.48,0.755657,0.617559,0.0,2292680000.0,2292680000.0,0.111228,0.0,0.0051058,63.3893,0.45,1.0,64.0,50.0,0.2,100.0
traj_sweep_035,cts,0.00248632,0.00248632,1076.77,1278.42,675.64,675.64,610.0,0.0,610.0,0.0,0.0,0.0,0.62747,0.62747,634.0,23.0,23.0,4048.0,4048.0,0.0,0.0,0.0,0.0,1.0,0.00116757,1.54808e-05,0.000973076,0.00215612,2972.28,0.7918,0.621333,0.0,2249570000.0,2249570000.0,0.111113,0.0,0.0551226,62.747,0.52,1.0,64.0,50.0,0.2,100.0
traj_sweep_036,cts,0.00104417,0.00104417,1076.77,1278.42,937.65,937.65,730.0,8.0,730.0,8.64,0.7815,570.628,0.8708,0.8708,754.0,23.0,23.0,4048.0,4048.0,1416820.0,21.0,1.0,1.0,14.0,0.00476457,2.52044e-05,0.00383471,0.00862449,4158.53,0.663697,0.703775,53.0,2435540000.0,2435540000.0,0.0781974,-10.6007,-0.230586,87.08,0.18,1.0,70.0,50.0,0.2,100.0
traj_sweep_037,cts,0.000845185,0.000845185,1076.77,1278.42,935.788,935.788,724.0,11.0,724.0,9.35,0.625,452.631,0.869071,0.869071,750.0,23.0,23.0,4048.0,4048.0,1008920.0,15.0,1.0,1.0,11.0,0.00388122,2.53836e-05,0.00312272,0.00702932,3956.49,0.58871,0.667695,53.0,2431310000.0,2431310000.0,0.0851741,-8.47741,-0.191301,86.9071,0.22,1.0,70.0,50.0,0.2,100.0
traj_sweep_038,cts,0.00157546,0.00157546,1076.77,1278.42,910.252,910.252,730.0,10.0,730.0,7.88,0.499,364.545,0.845356,0.845356,754.0,23.0,23.0,4048.0,4048.0,807223.0,12.0,1.0,1.0,11.0,0.00299777,2.38753e-05,0.00240966,0.0054313,3767.83,0.631112,0.688096,49.0,2432410000.0,2432410000.0,0.0946159,-5.59219,-0.131115,84.5356,0.28,1.0,70.0,50.0,0.2,100.0
traj_sweep_039,cts,0.00190797,0.00190797,1076.77,1278.42,844.816,844.816,704.0,3.0,704.0,5.98,0.0935,66.102,0.784585,0.784585,728.0,23.0,23.0,4048.0,4048.0,206243.0,3.0,1.0,1.0,3.0,0.00239491,2.15705e-05,0.0019313,0.00434778,3365.04,0.654264,0.699239,48.0,2456570000.0,2456570000.0,0.100959,-3.50995,-0.0870718,78.4585,0.32,1.0,70.0,50.0,0.2,100.0
traj_sweep_040,cts,0.0014791,0.0014791,1076.77,1278.42,876.204,876.204,702.0,7.0,702.0,8.26,0.3415,239.782,0.813735,0.813735,727.0,23.0,23.0,4048.0,4048.0,570207.0,9.0,1.0,1.0,11.0,0.00208553,2.26152e-05,0.00171266,0.00382081,3530.28,0.663697,0.703784,46.0,2387560000.0,2387560000.0,0.113843,-1.31907,-0.0414734,81.3735,0.38,1.0,70.0,50.0,0.2,100.0
traj_sweep_041,cts,0.000231738,0.000231738,1076.77,1278.42,682.556,682.556,617.0,0.0,617.0,0.0,0.0,0.0,0.633893,0.633893,641.0,23.0,23.0,4048.0,4048.0,0.0,0.0,0.0,0.0,2.0,0.00136555,1.56944e-05,0.00112383,0.00250507,3052.48,0.755657,0.617559,0.0,2292680000.0,2292680000.0,0.111228,0.0,0.0051058,63.3893,0.45,1.0,70.0,50.0,0.2,100.0
traj_sweep_042,cts,0.00248632,0.00248632,1076.77,1278.42,675.64,675.64,610.0,0.0,610.0,0.0,0.0,0.0,0.62747,0.62747,634.0,23.0,23.0,4048.0,4048.0,0.0,0.0,0.0,0.0,1.0,0.00116757,1.54808e-05,0.000973076,0.00215612,2972.28,0.7918,0.621333,0.0,2249570000.0,2249570000.0,0.111113,0.0,0.0551226,62.747,0.52,1.0,70.0,50.0,0.2,100.0
traj_sweep_043,cts,0.000737514,0.000737514,1085.28,1280.01,883.918,883.918,718.0,3.0,718.0,8.83,0.232,166.927,0.814461,0.814461,748.0,20.0,20.0,4080.0,4080.0,401775.0,6.0,1.0,1.0,10.0,0.00324695,2.29383e-05,0.00260052,0.00587041,3663.36,0.759358,0.750091,50.0,2482940000.0,2482940000.0,0.0898477,-6.86272,-0.152749,81.4461,0.25,0.75,50.0,50.0,0.2,100.0
traj_sweep_044,cts,0.000737514,0.000737514,1085.28,1280.01,883.918,883.918,718.0,3.0,718.0,8.83,0.232,166.927,0.814461,0.814461,748.0,20.0,20.0,4080.0,4080.0,401775.0,6.0,1.0,1.0,10.0,0.00324695,2.29383e-05,0.00260052,0.00587041,3663.36,0.759358,0.750091,50.0,2482940000.0,2482940000.0,0.0898477,-6.86272,-0.152749,81.4461,0.25,0.75,60.0,50.0,0.2,100.0
traj_sweep_045,cts,0.00109143,0.00109143,1066.93,1278.93,897.75,897.75,720.0,5.0,720.0,7.88,0.4385,315.827,0.841436,0.841436,748.0,21.0,21.0,4011.0,4011.0,731735.0,11.0,1.0,1.0,12.0,0.00326506,2.34332e-05,0.00262067,0.00590916,3730.89,0.721112,0.731584,50.0,2446220000.0,2446220000.0,0.0911717,-7.03893,-0.158794,84.1436,0.25,0.85,55.0,50.0,0.2,100.0
traj_sweep_046,cts,0.00158307,0.00158307,1090.6,1278.74,959.994,959.994,737.0,11.0,737.0,11.44,1.0735,791.267,0.880244,0.880244,757.0,25.0,25.0,4100.0,4100.0,2109960.0,30.0,1.0,1.0,33.0,0.00360097,2.5965e-05,0.00297681,0.00660374,4543.15,0.436978,0.594607,51.0,2414140000.0,2414140000.0,0.0876019,-7.15489,-0.164226,88.0244,0.25,1.15,50.0,50.0,0.2,100.0
traj_sweep_047,cts,0.00158307,0.00158307,1090.6,1278.74,959.994,959.994,737.0,11.0,737.0,11.44,1.0735,791.267,0.880244,0.880244,757.0,25.0,25.0,4100.0,4100.0,2109960.0,30.0,1.0,1.0,33.0,0.00360097,2.5965e-05,0.00297681,0.00660374,4543.15,0.436978,0.594607,51.0,2414140000.0,2414140000.0,0.0876019,-7.15489,-0.164226,88.0244,0.25,1.15,60.0,50.0,0.2,100.0
traj_sweep_048,cts,0.00162043,0.00162043,1113.21,1279.53,896.952,896.952,731.0,4.0,731.0,6.03,0.292,213.648,0.805735,0.805735,747.0,27.0,27.0,4185.0,4185.0,449184.0,6.0,1.0,1.0,10.0,0.00329975,2.34347e-05,0.00266763,0.00599082,3834.05,0.583199,0.665042,51.0,2429400000.0,2429400000.0,0.087386,-7.09775,-0.161624,80.5735,0.25,1.3,55.0,50.0,0.2,100.0
traj_sweep_049,cts,0.00162043,0.00162043,1113.21,1279.53,896.952,896.952,731.0,4.0,731.0,6.03,0.292,213.648,0.805735,0.805735,747.0,27.0,27.0,4185.0,4185.0,449184.0,6.0,1.0,1.0,10.0,0.00329975,2.34347e-05,0.00266763,0.00599082,3834.05,0.583199,0.665042,51.0,2429400000.0,2429400000.0,0.087386,-7.09775,-0.161624,80.5735,0.25,1.3,65.0,50.0,0.2,100.0
traj_sweep_050,cts,0.00099052,0.00099052,1076.77,1278.42,909.454,909.454,724.0,10.0,724.0,7.31,0.3975,287.957,0.844615,0.844615,749.0,23.0,23.0,4048.0,4048.0,679721.0,10.0,1.0,1.0,10.0,0.00335715,2.41362e-05,0.00267626,0.00605754,3771.82,0.669357,0.701762,51.0,2442070000.0,2442070000.0,0.089012,-7.03466,-0.159489,84.4615,0.25,1.0,55.0,30.0,0.08,100.0
traj_sweep_051,cts,0.000686042,0.000686042,1076.77,1278.42,874.874,874.874,716.0,4.0,716.0,7.69,0.1895,135.791,0.8125,0.8125,740.0,23.0,23.0,4048.0,4048.0,229020.0,3.0,1.0,1.0,5.0,0.00321738,2.27816e-05,0.00255963,0.00579979,3468.04,0.722452,0.732233,51.0,2428300000.0,2428300000.0,0.0878056,-6.94293,-0.161811,81.25,0.25,1.0,55.0,40.0,0.12,100.0
traj_sweep_052,cts,0.00116673,0.00116673,1076.77,1278.42,883.918,883.918,727.0,9.0,727.0,7.69,0.1605,116.746,0.820899,0.820899,751.0,23.0,23.0,4048.0,4048.0,298808.0,4.0,1.0,1.0,10.0,0.00326355,2.29901e-05,0.00256426,0.00585081,3562.33,0.671244,0.70271,50.0,2455550000.0,2455550000.0,0.0880646,-6.819,-0.15724,82.0899,0.25,1.0,55.0,50.0,0.18,100.0
traj_sweep_053,cts,0.00165873,0.00165873,1076.77,1278.42,903.602,903.602,727.0,13.0,727.0,6.36,0.5205,378.522,0.83918,0.83918,751.0,23.0,23.0,4048.0,4048.0,854431.0,13.0,1.0,1.0,11.0,0.00330964,2.36918e-05,0.00264878,0.00598211,3828.55,0.745108,0.743196,50.0,2429500000.0,2429500000.0,0.0897587,-7.11416,-0.161608,83.918,0.25,1.0,55.0,60.0,0.24,100.0
traj_sweep_054,cts,0.00113704,0.00113704,1076.77,1278.42,893.228,893.228,723.0,7.0,723.0,8.31,0.421,304.69,0.829545,0.829545,747.0,23.0,23.0,4048.0,4048.0,763602.0,11.0,1.0,1.0,17.0,0.00322135,2.30247e-05,0.00261173,0.0058561,3748.29,0.63351,0.68925,50.0,2442680000.0,2442680000.0,0.0904484,-7.04859,-0.159386,82.9545,0.25,1.0,55.0,80.0,0.28,100.0
traj_sweep_055,cts,0.00109825,0.00109825,1076.77,1278.42,911.316,911.316,725.0,6.0,725.0,9.35,0.6055,439.337,0.846344,0.846344,749.0,23.0,23.0,4048.0,4048.0,1102720.0,16.0,1.0,1.0,19.0,0.00332271,2.3798e-05,0.00270598,0.00605248,3959.31,0.645326,0.694936,51.0,2450360000.0,2450360000.0,0.0916318,-6.9629,-0.158103,84.6344,0.25,1.0,55.0,100.0,0.32,100.0
traj_sweep_056,cts,0.000851805,0.000851805,1076.77,1278.42,958.93,958.93,739.0,9.0,739.0,12.2,1.1565,854.755,0.890563,0.890563,763.0,23.0,23.0,4048.0,4048.0,2045300.0,29.0,1.0,1.0,84.0,0.00554449,2.61481e-05,0.00440904,0.00997968,4508.8,0.55955,0.653665,53.0,2406500000.0,2406500000.0,0.0735413,-11.8419,-0.255541,89.0563,0.14,1.0,35.0,50.0,0.2,100.0
traj_sweep_057,cts,0.00131423,0.00131423,1076.77,1278.42,933.926,933.926,732.0,10.0,732.0,9.92,0.825,603.983,0.867342,0.867342,756.0,23.0,23.0,4048.0,4048.0,1425800.0,21.0,1.0,1.0,17.0,0.00450617,2.51312e-05,0.00359347,0.00812476,4159.66,0.667471,0.700814,53.0,2446910000.0,2446910000.0,0.0791735,-10.1011,-0.218678,86.7342,0.15,1.0,35.0,50.0,0.2,100.0
traj_sweep_058,cts,0.00108259,0.00108259,1076.77,1278.42,916.104,916.104,728.0,10.0,728.0,6.98,0.4295,312.877,0.850791,0.850791,752.0,23.0,23.0,4048.0,4048.0,840226.0,12.0,1.0,1.0,9.0,0.00398784,2.45971e-05,0.00318312,0.00719555,3851.12,0.665584,0.699868,53.0,2450450000.0,2450450000.0,0.0809846,-8.92024,-0.198089,85.0791,0.16,1.0,35.0,50.0,0.2,100.0
traj_sweep_059,cts,0.000638753,0.000638753,1076.77,1278.42,910.784,910.784,724.0,8.0,724.0,8.64,0.595,431.085,0.84585,0.84585,748.0,23.0,23.0,4048.0,4048.0,897485.0,13.0,1.0,1.0,14.0,0.00361917,2.43359e-05,0.00289726,0.00654077,3935.04,0.653405,0.698823,53.0,2430400000.0,2430400000.0,0.0833932,-7.86846,-0.181455,84.585,0.17,1.0,35.0,50.0,0.2,100.0
traj_sweep_060,cts,0.00115493,0.00115493,1076.77,1278.42,906.528,906.528,725.0,6.0,725.0,7.31,0.5585,404.933,0.841897,0.841897,749.0,23.0,23.0,4048.0,4048.0,903750.0,13.0,1.0,1.0,18.0,0.00318102,2.3764e-05,0.00256086,0.00576564,3882.97,0.654264,0.699236,51.0,2431310000.0,2431310000.0,0.0911245,-6.63624,-0.151301,84.1897,0.18,1.0,35.0,50.0,0.2,100.0
traj_sweep_061,cts,0.000829684,0.000829684,1076.77,1278.42,913.976,913.976,720.0,9.0,720.0,6.93,0.4755,342.594,0.848814,0.848814,744.0,23.0,23.0,4048.0,4048.0,902230.0,14.0,1.0,1.0,13.0,0.00287357,2.40057e-05,0.00233096,0.00522854,3792.22,0.655291,0.69974,49.0,2422060000.0,2422060000.0,0.0977089,-5.18383,-0.122871,84.8814,0.19,1.0,35.0,50.0,0.2,100.0
traj_sweep_062,cts,0.00154405,0.00154405,1076.77,1278.42,886.046,886.046,720.0,7.0,720.0,7.5,0.307,221.058,0.822875,0.822875,744.0,23.0,23.0,4048.0,4048.0,509031.0,8.0,1.0,1.0,9.0,0.00264583,2.29544e-05,0.00207504,0.00474382,3613.39,0.636424,0.690659,48.0,2439440000.0,2439440000.0,0.102324,-4.19347,-0.0999303,82.2875,0.2,1.0,35.0,50.0,0.2,100.0
traj_sweep_063,cts,0.00187142,0.00187142,1076.77,1278.42,828.856,828.856,700.0,3.0,700.0,6.93,0.105,73.619,0.769763,0.769763,724.0,23.0,23.0,4048.0,4048.0,212170.0,3.0,1.0,1.0,4.0,0.00222262,2.08882e-05,0.00176669,0.0040102,3305.44,0.317875,0.537109,47.0,2450270000.0,2450270000.0,0.106989,-2.81344,-0.0712867,76.9763,0.21,1.0,35.0,50.0,0.2,100.0
traj_sweep_064,cts,0.000845185,0.000845185,1076.77,1278.42,935.788,935.788,724.0,11.0,724.0,9.35,0.625,452.631,0.869071,0.869071,750.0,23.0,23.0,4048.0,4048.0,1008920.0,15.0,1.0,1.0,11.0,0.00388122,2.53836e-05,0.00312272,0.00702932,3956.49,0.58871,0.667695,53.0,2431310000.0,2431310000.0,0.0851741,-8.47741,-0.191301,86.9071,0.22,1.0,35.0,50.0,0.2,100.0
traj_sweep_065,cts,0.000638753,0.000638753,1076.77,1278.42,910.784,910.784,724.0,8.0,724.0,8.64,0.595,431.085,0.84585,0.84585,748.0,23.0,23.0,4048.0,4048.0,897485.0,13.0,1.0,1.0,14.0,0.00361917,2.43359e-05,0.00289726,0.00654077,3935.04,0.653405,0.698823,53.0,2430400000.0,2430400000.0,0.0833932,-7.86846,-0.181455,84.585,0.23,1.0,35.0,50.0,0.2,100.0
traj_sweep_066,cts,0.00195154,0.00195154,1076.77,1278.42,894.292,894.292,726.0,6.0,726.0,7.88,0.2965,215.391,0.830534,0.830534,750.0,23.0,23.0,4048.0,4048.0,595557.0,9.0,1.0,1.0,10.0,0.00341879,2.36223e-05,0.00273792,0.00618034,3746.39,0.643971,0.694283,52.0,2434360000.0,2434360000.0,0.0839777,-7.45693,-0.170785,83.0534,0.24,1.0,35.0,50.0,0.2,100.0
traj_sweep_067,cts,0.000893972,0.000893972,1076.77,1278.42,920.36,920.36,730.0,10.0,730.0,11.06,0.631,460.7,0.854743,0.854743,754.0,23.0,23.0,4048.0,4048.0,1157470.0,17.0,1.0,1.0,21.0,0.00336874,2.45257e-05,0.0026941,0.00608736,3974.31,0.643971,0.694283,51.0,2444500000.0,2444500000.0,0.0881472,-6.95295,-0.159082,85.4743,0.25,1.0,35.0,50.0,0.2,100.0
traj_sweep_068,cts,0.00115493,0.00115493,1076.77,1278.42,906.528,906.528,725.0,6.0,725.0,7.31,0.5585,404.933,0.841897,0.841897,749.0,23.0,23.0,4048.0,4048.0,903750.0,13.0,1.0,1.0,18.0,0.00318102,2.3764e-05,0.00256086,0.00576564,3882.97,0.654264,0.699236,51.0,2431310000.0,2431310000.0,0.0911245,-6.63624,-0.151301,84.1897,0.26,1.0,35.0,50.0,0.2,100.0
traj_sweep_069,cts,0.00108621,0.00108621,1076.77,1278.42,904.4,904.4,729.0,10.0,729.0,6.93,0.333,242.875,0.839921,0.839921,753.0,23.0,23.0,4048.0,4048.0,576181.0,9.0,1.0,1.0,7.0,0.00311631,2.36565e-05,0.0024654,0.00560536,3648.41,0.643971,0.694283,49.0,2447280000.0,2447280000.0,0.0930482,-5.97472,-0.138617,83.9921,0.27,1.0,35.0,50.0,0.2,100.0
traj_sweep_070,cts,0.00157546,0.00157546,1076.77,1278.42,910.252,910.252,730.0,10.0,730.0,7.88,0.499,364.545,0.845356,0.845356,754.0,23.0,23.0,4048.0,4048.0,807223.0,12.0,1.0,1.0,11.0,0.00299777,2.38753e-05,0.00240966,0.0054313,3767.83,0.631112,0.688096,49.0,2432410000.0,2432410000.0,0.0946159,-5.59219,-0.131115,84.5356,0.28,1.0,35.0,50.0,0.2,100.0
traj_sweep_071,cts,0.000829684,0.000829684,1076.77,1278.42,913.976,913.976,720.0,9.0,720.0,6.93,0.4755,342.594,0.848814,0.848814,744.0,23.0,23.0,4048.0,4048.0,902230.0,14.0,1.0,1.0,13.0,0.00287357,2.40057e-05,0.00233096,0.00522854,3792.22,0.655291,0.69974,49.0,2422060000.0,2422060000.0,0.0977089,-5.18383,-0.122871,84.8814,0.29,1.0,35.0,50.0,0.2,100.0
traj_sweep_072,cts,0.00155324,0.00155324,1076.77,1278.42,888.972,888.972,718.0,6.0,718.0,6.03,0.3195,229.707,0.825593,0.825593,742.0,23.0,23.0,4048.0,4048.0,522870.0,8.0,1.0,1.0,11.0,0.00272548,2.31405e-05,0.00218379,0.00493242,3703.57,0.667471,0.70083,49.0,2442300000.0,2442300000.0,0.0977397,-4.65592,-0.109451,82.5593,0.3,1.0,35.0,50.0,0.2,100.0
traj_sweep_073,cts,0.00154405,0.00154405,1076.77,1278.42,886.046,886.046,720.0,7.0,720.0,7.5,0.307,221.058,0.822875,0.822875,744.0,23.0,23.0,4048.0,4048.0,509031.0,8.0,1.0,1.0,9.0,0.00264583,2.29544e-05,0.00207504,0.00474382,3613.39,0.636424,0.690659,48.0,2439440000.0,2439440000.0,0.102324,-4.19347,-0.0999303,82.2875,0.31,1.0,35.0,50.0,0.2,100.0
traj_sweep_074,cts,0.00190797,0.00190797,1076.77,1278.42,844.816,844.816,704.0,3.0,704.0,5.98,0.0935,66.102,0.784585,0.784585,728.0,23.0,23.0,4048.0,4048.0,206243.0,3.0,1.0,1.0,3.0,0.00239491,2.15705e-05,0.0019313,0.00434778,3365.04,0.654264,0.699239,48.0,2456570000.0,2456570000.0,0.100959,-3.50995,-0.0870718,78.4585,0.32,1.0,35.0,50.0,0.2,100.0
traj_sweep_075,cts,0.000767504,0.000767504,1076.77,1278.42,836.304,836.304,697.0,4.0,697.0,7.5,0.11,76.9065,0.77668,0.77668,721.0,23.0,23.0,4048.0,4048.0,156556.0,2.0,1.0,1.0,3.0,0.00230557,2.11496e-05,0.00186626,0.00419298,3367.79,0.663697,0.675367,47.0,2459190000.0,2459190000.0,0.104089,-3.16886,-0.0777758,77.668,0.33,1.0,35.0,50.0,0.2,100.0
traj_sweep_076,cts,0.00187142,0.00187142,1076.77,1278.42,828.856,828.856,700.0,3.0,700.0,6.93,0.105,73.619,0.769763,0.769763,724.0,23.0,23.0,4048.0,4048.0,212170.0,3.0,1.0,1.0,4.0,0.00222262,2.08882e-05,0.00176669,0.0040102,3305.44,0.317875,0.537109,47.0,2450270000.0,2450270000.0,0.106989,-2.81344,-0.0712867,76.9763,0.34,1.0,35.0,50.0,0.2,100.0
traj_sweep_077,cts,0.00165626,0.00165626,1076.77,1278.42,856.52,856.52,702.0,4.0,702.0,10.54,0.2345,164.809,0.795455,0.795455,726.0,23.0,23.0,4048.0,4048.0,449342.0,7.0,1.0,1.0,8.0,0.00222075,2.1912e-05,0.00181169,0.00405435,3490.53,0.658037,0.701055,47.0,2427770000.0,2427770000.0,0.107636,-2.50817,-0.0629584,79.5455,0.35,1.0,35.0,50.0,0.2,100.0
traj_sweep_078,cts,0.00188383,0.00188383,1076.77,1278.42,834.442,834.442,698.0,3.0,698.0,6.03,0.09,62.994,0.774951,0.774951,722.0,23.0,23.0,4048.0,4048.0,187676.0,3.0,1.0,1.0,2.0,0.00211362,2.11252e-05,0.00169042,0.00382516,3250.58,0.632139,0.688594,47.0,2431860000.0,2431860000.0,0.110088,-1.98018,-0.0515678,77.4951,0.36,1.0,35.0,50.0,0.2,100.0
traj_sweep_079,cts,0.00140771,0.00140771,1076.77,1278.42,814.758,814.758,694.0,1.0,694.0,5.84,0.07,48.7075,0.75667,0.75667,718.0,23.0,23.0,4048.0,4048.0,101830.0,2.0,1.0,1.0,2.0,0.00199177,2.04372e-05,0.00159498,0.00360719,3250.92,0.775914,0.673378,46.0,2407310000.0,2407310000.0,0.110414,-1.66071,-0.0467119,75.667,0.37,1.0,35.0,50.0,0.2,100.0
traj_sweep_080,cts,0.0014791,0.0014791,1076.77,1278.42,876.204,876.204,702.0,7.0,702.0,8.26,0.3415,239.782,0.813735,0.813735,727.0,23.0,23.0,4048.0,4048.0,570207.0,9.0,1.0,1.0,11.0,0.00208553,2.26152e-05,0.00171266,0.00382081,3530.28,0.663697,0.703784,46.0,2387560000.0,2387560000.0,0.113843,-1.31907,-0.0414734,81.3735,0.38,1.0,35.0,50.0,0.2,100.0
traj_sweep_081,cts,0.000693008,0.000693008,1076.77,1278.42,819.28,819.28,696.0,2.0,696.0,5.08,0.097,67.565,0.76087,0.76087,720.0,23.0,23.0,4048.0,4048.0,220309.0,3.0,1.0,1.0,5.0,0.00191121,2.05429e-05,0.00153584,0.00346759,3307.3,0.643971,0.645935,45.0,2397880000.0,2397880000.0,0.114928,-0.895063,-0.0272608,76.087,0.39,1.0,35.0,50.0,0.2,100.0
traj_sweep_082,cts,0.00106511,0.00106511,1076.77,1278.42,808.64,808.64,690.0,2.0,690.0,7.17,0.1625,112.369,0.750988,0.750988,714.0,23.0,23.0,4048.0,4048.0,304099.0,5.0,1.0,1.0,3.0,0.00186907,2.02117e-05,0.00150471,0.00339399,3312.14,0.65049,0.697424,30.0,2381670000.0,2381670000.0,0.110513,-0.367142,-0.0200314,75.0988,0.4,1.0,35.0,50.0,0.2,100.0
traj_sweep_083,cts,0.00117015,0.00117015,1076.77,1278.42,781.774,781.774,681.0,9.0,681.0,6.41,0.2465,167.882,0.726038,0.726038,705.0,23.0,23.0,4048.0,4048.0,432386.0,7.0,1.0,1.0,9.0,0.00177132,1.92588e-05,0.00141441,0.00320499,3401.2,0.795588,0.739294,41.0,2380810000.0,2380810000.0,0.110597,-0.192529,-0.0127939,72.6038,0.41,1.0,35.0,50.0,0.2,100.0
traj_sweep_084,cts,0.00105548,0.00105548,1076.77,1278.42,731.234,731.234,661.0,7.0,661.0,5.439,0.0715,47.522,0.679101,0.679101,685.0,23.0,23.0,4048.0,4048.0,60500.0,1.0,1.0,1.0,2.0,0.00159918,1.73116e-05,0.00126958,0.00288608,3127.33,0.778607,0.615899,7.0,2374030000.0,2374030000.0,0.110433,-0.00748426,-0.00293143,67.9101,0.42,1.0,35.0,50.0,0.2,100.0
traj_sweep_085,cts,0.000908697,0.000908697,1076.77,1278.42,704.9,704.9,635.0,5.0,635.0,3.94,0.0415,26.3725,0.654644,0.654644,659.0,23.0,23.0,4048.0,4048.0,51017.0,1.0,1.0,1.0,1.0,0.00149737,1.64894e-05,0.00120795,0.00272181,3069.34,0.793204,0.61224,2.0,2329710000.0,2329710000.0,0.110513,-0.00079331,-0.000655559,65.4644,0.43,1.0,35.0,50.0,0.2,100.0
traj_sweep_086,cts,0.00374065,0.00374065,1076.77,1278.42,686.014,686.014,620.0,1.0,620.0,2.99,0.006,3.97,0.637105,0.637105,644.0,23.0,23.0,4048.0,4048.0,12503.0,0.0,0.0,0.0,1.0,0.00140196,1.5854e-05,0.0011643,0.00258211,3036.3,0.780532,0.612851,0.0,2306230000.0,2306230000.0,0.110364,0.0,0.00023484,63.7105,0.44,1.0,35.0,50.0,0.2,100.0
traj_sweep_087,cts,0.000231738,0.000231738,1076.77,1278.42,682.556,682.556,617.0,0.0,617.0,0.0,0.0,0.0,0.633893,0.633893,641.0,23.0,23.0,4048.0,4048.0,0.0,0.0,0.0,0.0,2.0,0.00136555,1.56944e-05,0.00112383,0.00250507,3052.48,0.755657,0.617559,0.0,2292680000.0,2292680000.0,0.111228,0.0,0.0051058,63.3893,0.45,1.0,35.0,50.0,0.2,100.0
traj_sweep_088,cts,0.000770897,0.000770897,1076.77,1278.42,680.162,680.162,614.0,0.0,614.0,0.0,0.0,0.0,0.63167,0.63167,638.0,23.0,23.0,4048.0,4048.0,0.0,0.0,0.0,0.0,1.0,0.00132226,1.56394e-05,0.00109423,0.00243212,2986.35,0.767821,0.621576,0.0,2287810000.0,2287810000.0,0.111059,0.0,0.00726225,63.167,0.46,1.0,35.0,50.0,0.2,100.0
traj_sweep_089,cts,0.000728924,0.000728924,1076.77,1278.42,677.502,677.502,610.0,0.0,610.0,0.0,0.0,0.0,0.6292,0.6292,636.0,23.0,23.0,4048.0,4048.0,0.0,0.0,0.0,0.0,1.0,0.00128309,1.55682e-05,0.00105346,0.00235212,2956.42,0.777801,0.527429,0.0,2272850000.0,2272850000.0,0.110841,0.0,0.017934,62.92,0.47,1.0,35.0,50.0,0.2,100.0
traj_sweep_090,cts,0.000389543,0.000389543,1076.77,1278.42,677.236,677.236,611.0,0.0,611.0,0.0,0.0,0.0,0.628953,0.628953,636.0,23.0,23.0,4048.0,4048.0,0.0,0.0,0.0,0.0,1.0,0.00125599,1.55647e-05,0.00104895,0.0023205,2996.9,0.776793,0.540608,0.0,2259930000.0,2259930000.0,0.111216,0.0,0.0183809,62.8953,0.48,1.0,35.0,50.0,0.2,100.0
traj_sweep_091,cts,0.0011519,0.0011519,1076.77,1278.42,675.64,675.64,610.0,0.0,610.0,0.0,0.0,0.0,0.62747,0.62747,634.0,23.0,23.0,4048.0,4048.0,0.0,0.0,0.0,0.0,1.0,0.00123802,1.54618e-05,0.00102446,0.00227794,2928.69,0.776758,0.620352,0.0,2249320000.0,2249320000.0,0.110371,0.0,0.0328523,62.747,0.49,1.0,35.0,50.0,0.2,100.0
traj_sweep_092,cts,0.000743405,0.000743405,1076.77,1278.42,674.576,674.576,609.0,0.0,609.0,0.0,0.0,0.0,0.626482,0.626482,634.0,23.0,23.0,4048.0,4048.0,0.0,0.0,0.0,0.0,1.0,0.00120296,1.54538e-05,0.00100718,0.00222559,2969.97,0.758387,0.628912,0.0,2231810000.0,2231810000.0,0.110934,0.0,0.0377178,62.6482,0.5,1.0,35.0,50.0,0.2,100.0
traj_sweep_093,cts,0.000647427,0.000647427,1076.77,1278.42,675.374,675.374,610.0,0.0,610.0,0.0,0.0,0.0,0.627223,0.627223,634.0,23.0,23.0,4048.0,4048.0,0.0,0.0,0.0,0.0,1.0,0.00118882,1.5441e-05,0.00098265,0.00218691,2974.21,0.781359,0.611589,0.0,2191360000.0,2191360000.0,0.110514,0.0,0.048324,62.7223,0.51,1.0,35.0,50.0,0.2,100.0
traj_sweep_094,cts,0.00248632,0.00248632,1076.77,1278.42,675.64,675.64,610.0,0.0,610.0,0.0,0.0,0.0,0.62747,0.62747,634.0,23.0,23.0,4048.0,4048.0,0.0,0.0,0.0,0.0,1.0,0.00116757,1.54808e-05,0.000973076,0.00215612,2972.28,0.7918,0.621333,0.0,2249570000.0,2249570000.0,0.111113,0.0,0.0551226,62.747,0.52,1.0,35.0,50.0,0.2,100.0
traj_sweep_095,cts,0.00095926,0.00095926,1076.77,1278.42,675.108,675.108,610.0,0.0,610.0,0.0,0.0,0.0,0.626976,0.626976,634.0,23.0,23.0,4048.0,4048.0,0.0,0.0,0.0,0.0,1.0,0.00113853,1.54521e-05,0.000946324,0.00210031,2954.18,0.805667,0.625636,0.0,2238380000.0,2238380000.0,0.110799,0.0,0.0622818,62.6976,0.53,1.0,35.0,50.0,0.2,100.0
traj_sweep_096,cts,0.00133069,0.00133069,1076.77,1278.42,675.108,675.108,610.0,0.0,610.0,0.0,0.0,0.0,0.626976,0.626976,634.0,23.0,23.0,4048.0,4048.0,0.0,0.0,0.0,0.0,1.0,0.0011174,1.54521e-05,0.000923243,0.00205609,2953.53,0.778133,0.617109,0.0,2172520000.0,2172520000.0,0.110594,0.0,0.0726387,62.6976,0.54,1.0,35.0,50.0,0.2,100.0
traj_sweep_097,cts,0.00231828,0.00231828,1076.77,1278.42,674.842,674.842,610.0,0.0,610.0,0.0,0.0,0.0,0.626729,0.626729,634.0,23.0,23.0,4048.0,4048.0,0.0,0.0,0.0,0.0,2.0,0.00109629,1.54472e-05,0.00091392,0.00202566,2971.36,0.75974,0.615887,0.0,2173420000.0,2173420000.0,0.111062,0.0,0.0813491,62.6729,0.55,1.0,35.0,50.0,0.2,100.0
traj_sweep_098,cts,0.000744189,0.000744189,1076.77,1278.42,674.576,674.576,609.0,0.0,609.0,0.0,0.0,0.0,0.626482,0.626482,633.0,23.0,23.0,4048.0,4048.0,0.0,0.0,0.0,0.0,1.0,0.00108353,1.54213e-05,0.000893001,0.00199195,2964.61,0.78187,0.554024,0.0,2193660000.0,2193660000.0,0.110707,0.0,0.0868246,62.6482,0.56,1.0,35.0,50.0,0.2,100.0
traj_sweep_099,cts,0.000744189,0.000744189,1076.77,1278.42,674.576,674.576,609.0,0.0,609.0,0.0,0.0,0.0,0.626482,0.626482,633.0,23.0,23.0,4048.0,4048.0,0.0,0.0,0.0,0.0,1.0,0.00106452,1.54213e-05,0.000877334,0.00195728,2964.61,0.78187,0.554024,0.0,2193660000.0,2193660000.0,0.110707,0.0,0.0948247,62.6482,0.57,1.0,35.0,50.0,0.2,100.0
traj_sweep_100,cts,0.000527439,0.000527439,1076.77,1278.42,674.044,674.044,608.0,0.0,608.0,0.0,0.0,0.0,0.625988,0.625988,632.0,23.0,23.0,4048.0,4048.0,0.0,0.0,0.0,0.0,1.0,0.00104696,1.54214e-05,0.000857832,0.00192021,2921.09,0.772985,0.473769,0.0,2190530000.0,2190530000.0,0.110619,0.0,0.105027,62.5988,0.58,1.0,35.0,50.0,0.2,100.0
traj_sweep_101,cts,0.00118603,0.00118603,1076.77,1278.42,673.512,673.512,608.0,0.0,608.0,0.0,0.0,0.0,0.625494,0.625494,632.0,23.0,23.0,4048.0,4048.0,0.0,0.0,0.0,0.0,1.0,0.00102281,1.54102e-05,0.000846533,0.00188475,2954.09,0.793739,0.558281,0.0,2182110000.0,2182110000.0,0.110729,0.0,0.110888,62.5494,0.59,1.0,35.0,50.0,0.2,100.0
traj_sweep_102,cts,0.000583304,0.000583304,1076.77,1278.42,674.842,674.842,608.0,0.0,608.0,0.0,0.0,0.0,0.626729,0.626729,632.0,23.0,23.0,4048.0,4048.0,0.0,0.0,0.0,0.0,1.0,0.00101222,1.54659e-05,0.000834467,0.00186215,2973.11,0.737633,0.554675,0.0,2191110000.0,2191110000.0,0.110441,0.0,0.119181,62.6729,0.6,1.0,35.0,50.0,0.2,100.0
traj_sweep_103,cts,0.000787898,0.000787898,1076.77,1278.42,674.842,674.842,608.0,0.0,608.0,0.0,0.0,0.0,0.626729,0.626729,632.0,23.0,23.0,4048.0,4048.0,0.0,0.0,0.0,0.0,1.0,0.00099578,1.54659e-05,0.000819891,0.00183114,2960.42,0.747067,0.553279,0.0,2190970000.0,2190970000.0,0.11095,0.0,0.128377,62.6729,0.61,1.0,35.0,50.0,0.2,100.0
traj_sweep_104,cts,0.000870845,0.000870845,1076.77,1278.42,674.044,674.044,608.0,0.0,608.0,0.0,0.0,0.0,0.625988,0.625988,632.0,23.0,23.0,4048.0,4048.0,0.0,0.0,0.0,0.0,1.0,0.000979385,1.54214e-05,0.000809115,0.00180392,2958.44,0.767821,0.550711,0.0,2198750000.0,2198750000.0,0.110994,0.0,0.132811,62.5988,0.62,1.0,35.0,50.0,0.2,100.0
traj_sweep_105,cts,0.00037427,0.00037427,1076.77,1278.42,942.97,942.97,737.0,9.0,737.0,9.54,0.6825,503.354,0.875741,0.875741,763.0,23.0,23.0,4048.0,4048.0,1216270.0,17.0,1.0,1.0,21.0,0.00625895,2.54117e-05,0.00492191,0.0112063,4092.35,0.66181,0.702868,53.0,2426820000.0,2426820000.0,0.0715708,-12.6792,-0.272063,87.5741,0.14,1.0,36.0,50.0,0.2,100.0
traj_sweep_106,cts,0.00139967,0.00139967,1076.77,1278.42,946.428,946.428,737.0,8.0,737.0,9.4,0.6955,512.678,0.878953,0.878953,761.0,23.0,23.0,4048.0,4048.0,1279680.0,18.0,1.0,1.0,15.0,0.00586746,2.55808e-05,0.00463898,0.010532,4118.66,0.598675,0.67249,53.0,2432750000.0,2432750000.0,0.0727577,-12.2224,-0.261058,87.8953,0.15,1.0,36.0,50.0,0.2,100.0
traj_sweep_107,cts,0.000851805,0.000851805,1076.77,1278.42,958.93,958.93,739.0,9.0,739.0,12.2,1.1565,854.755,0.890563,0.890563,763.0,23.0,23.0,4048.0,4048.0,2045300.0,29.0,1.0,1.0,84.0,0.00554449,2.61481e-05,0.00440904,0.00997968,4508.8,0.55955,0.653665,53.0,2406500000.0,2406500000.0,0.0735413,-11.8419,-0.255541,89.0563,0.16,1.0,36.0,50.0,0.2,100.0
traj_sweep_108,cts,0.000282892,0.000282892,1076.77,1278.42,939.246,939.246,737.0,12.0,737.0,9.54,0.7835,577.699,0.872283,0.872283,761.0,23.0,23.0,4048.0,4048.0,1365650.0,20.0,1.0,1.0,14.0,0.00515207,2.53631e-05,0.00408658,0.00926401,4129.96,0.665073,0.704437,53.0,2431270000.0,2431270000.0,0.0741913,-11.1102,-0.241308,87.2283,0.17,1.0,36.0,50.0,0.2,100.0
traj_sweep_109,cts,0.00104417,0.00104417,1076.77,1278.42,937.65,937.65,730.0,8.0,730.0,8.64,0.7815,570.628,0.8708,0.8708,754.0,23.0,23.0,4048.0,4048.0,1416820.0,21.0,1.0,1.0,14.0,0.00476457,2.52044e-05,0.00383471,0.00862449,4158.53,0.663697,0.703775,53.0,2435540000.0,2435540000.0,0.0781974,-10.6007,-0.230586,87.08,0.18,1.0,36.0,50.0,0.2,100.0
traj_sweep_110,cts,0.00131423,0.00131423,1076.77,1278.42,933.926,933.926,732.0,10.0,732.0,9.92,0.825,603.983,0.867342,0.867342,756.0,23.0,23.0,4048.0,4048.0,1425800.0,21.0,1.0,1.0,17.0,0.00450617,2.51312e-05,0.00359347,0.00812476,4159.66,0.667471,0.700814,53.0,2446910000.0,2446910000.0,0.0791735,-10.1011,-0.218678,86.7342,0.19,1.0,36.0,50.0,0.2,100.0
traj_sweep_111,cts,0.000822994,0.000822994,1076.77,1278.42,935.522,935.522,732.0,13.0,732.0,10.3,0.6695,490.321,0.868824,0.868824,758.0,23.0,23.0,4048.0,4048.0,1245810.0,18.0,1.0,1.0,18.0,0.00427713,2.52112e-05,0.00339383,0.00769617,4086.4,0.61001,0.677942,53.0,2446710000.0,2446710000.0,0.0832298,-9.54891,-0.208712,86.8824,0.2,1.0,36.0,50.0,0.2,100.0
traj_sweep_112,cts,0.00108259,0.00108259,1076.77,1278.42,916.104,916.104,728.0,10.0,728.0,6.98,0.4295,312.877,0.850791,0.850791,752.0,23.0,23.0,4048.0,4048.0,840226.0,12.0,1.0,1.0,9.0,0.00398784,2.45971e-05,0.00318312,0.00719555,3851.12,0.665584,0.699868,53.0,2450450000.0,2450450000.0,0.0809846,-8.92024,-0.198089,85.0791,0.21,1.0,36.0,50.0,0.2,100.0
traj_sweep_113,cts,0.000845185,0.000845185,1076.77,1278.42,935.788,935.788,724.0,11.0,724.0,9.35,0.625,452.631,0.869071,0.869071,750.0,23.0,23.0,4048.0,4048.0,1008920.0,15.0,1.0,1.0,11.0,0.00388122,2.53836e-05,0.00312272,0.00702932,3956.49,0.58871,0.667695,53.0,2431310000.0,2431310000.0,0.0851741,-8.47741,-0.191301,86.9071,0.22,1.0,36.0,50.0,0.2,100.0
traj_sweep_114,cts,0.000638753,0.000638753,1076.77,1278.42,910.784,910.784,724.0,8.0,724.0,8.64,0.595,431.085,0.84585,0.84585,748.0,23.0,23.0,4048.0,4048.0,897485.0,13.0,1.0,1.0,14.0,0.00361917,2.43359e-05,0.00289726,0.00654077,3935.04,0.653405,0.698823,53.0,2430400000.0,2430400000.0,0.0833932,-7.86846,-0.181455,84.585,0.23,1.0,36.0,50.0,0.2,100.0
traj_sweep_115,cts,0.00195154,0.00195154,1076.77,1278.42,894.292,894.292,726.0,6.0,726.0,7.88,0.2965,215.391,0.830534,0.830534,750.0,23.0,23.0,4048.0,4048.0,595557.0,9.0,1.0,1.0,10.0,0.00341879,2.36223e-05,0.00273792,0.00618034,3746.39,0.643971,0.694283,52.0,2434360000.0,2434360000.0,0.0839777,-7.45693,-0.170785,83.0534,0.24,1.0,36.0,50.0,0.2,100.0
traj_sweep_116,cts,0.000893972,0.000893972,1076.77,1278.42,920.36,920.36,730.0,10.0,730.0,11.06,0.631,460.7,0.854743,0.854743,754.0,23.0,23.0,4048.0,4048.0,1157470.0,17.0,1.0,1.0,21.0,0.00336874,2.45257e-05,0.0026941,0.00608736,3974.31,0.643971,0.694283,51.0,2444500000.0,2444500000.0,0.0881472,-6.95295,-0.159082,85.4743,0.25,1.0,36.0,50.0,0.2,100.0
traj_sweep_117,cts,0.00115493,0.00115493,1076.77,1278.42,906.528,906.528,725.0,6.0,725.0,7.31,0.5585,404.933,0.841897,0.841897,749.0,23.0,23.0,4048.0,4048.0,903750.0,13.0,1.0,1.0,18.0,0.00318102,2.3764e-05,0.00256086,0.00576564,3882.97,0.654264,0.699236,51.0,2431310000.0,2431310000.0,0.0911245,-6.63624,-0.151301,84.1897,0.26,1.0,36.0,50.0,0.2,100.0
traj_sweep_118,cts,0.00108621,0.00108621,1076.77,1278.42,904.4,904.4,729.0,10.0,729.0,6.93,0.333,242.875,0.839921,0.839921,753.0,23.0,23.0,4048.0,4048.0,576181.0,9.0,1.0,1.0,7.0,0.00311631,2.36565e-05,0.0024654,0.00560536,3648.41,0.643971,0.694283,49.0,2447280000.0,2447280000.0,0.0930482,-5.97472,-0.138617,83.9921,0.27,1.0,36.0,50.0,0.2,100.0
traj_sweep_119,cts,0.00157546,0.00157546,1076.77,1278.42,910.252,910.252,730.0,10.0,730.0,7.88,0.499,364.545,0.845356,0.845356,754.0,23.0,23.0,4048.0,4048.0,807223.0,12.0,1.0,1.0,11.0,0.00299777,2.38753e-05,0.00240966,0.0054313,3767.83,0.631112,0.688096,49.0,2432410000.0,2432410000.0,0.0946159,-5.59219,-0.131115,84.5356,0.28,1.0,36.0,50.0,0.2,100.0
traj_sweep_120,cts,0.000829684,0.000829684,1076.77,1278.42,913.976,913.976,720.0,9.0,720.0,6.93,0.4755,342.594,0.848814,0.848814,744.0,23.0,23.0,4048.0,4048.0,902230.0,14.0,1.0,1.0,13.0,0.00287357,2.40057e-05,0.00233096,0.00522854,3792.22,0.655291,0.69974,49.0,2422060000.0,2422060000.0,0.0977089,-5.18383,-0.122871,84.8814,0.29,1.0,36.0,50.0,0.2,100.0
traj_sweep_121,cts,0.00155324,0.00155324,1076.77,1278.42,888.972,888.972,718.0,6.0,718.0,6.03,0.3195,229.707,0.825593,0.825593,742.0,23.0,23.0,4048.0,4048.0,522870.0,8.0,1.0,1.0,11.0,0.00272548,2.31405e-05,0.00218379,0.00493242,3703.57,0.667471,0.70083,49.0,2442300000.0,2442300000.0,0.0977397,-4.65592,-0.109451,82.5593,0.3,1.0,36.0,50.0,0.2,100.0
traj_sweep_122,cts,0.00154405,0.00154405,1076.77,1278.42,886.046,886.046,720.0,7.0,720.0,7.5,0.307,221.058,0.822875,0.822875,744.0,23.0,23.0,4048.0,4048.0,509031.0,8.0,1.0,1.0,9.0,0.00264583,2.29544e-05,0.00207504,0.00474382,3613.39,0.636424,0.690659,48.0,2439440000.0,2439440000.0,0.102324,-4.19347,-0.0999303,82.2875,0.31,1.0,36.0,50.0,0.2,100.0
traj_sweep_123,cts,0.00190797,0.00190797,1076.77,1278.42,844.816,844.816,704.0,3.0,704.0,5.98,0.0935,66.102,0.784585,0.784585,728.0,23.0,23.0,4048.0,4048.0,206243.0,3.0,1.0,1.0,3.0,0.00239491,2.15705e-05,0.0019313,0.00434778,3365.04,0.654264,0.699239,48.0,2456570000.0,2456570000.0,0.100959,-3.50995,-0.0870718,78.4585,0.32,1.0,36.0,50.0,0.2,100.0
traj_sweep_124,cts,0.000767504,0.000767504,1076.77,1278.42,836.304,836.304,697.0,4.0,697.0,7.5,0.11,76.9065,0.77668,0.77668,721.0,23.0,23.0,4048.0,4048.0,156556.0,2.0,1.0,1.0,3.0,0.00230557,2.11496e-05,0.00186626,0.00419298,3367.79,0.663697,0.675367,47.0,2459190000.0,2459190000.0,0.104089,-3.16886,-0.0777758,77.668,0.33,1.0,36.0,50.0,0.2,100.0
traj_sweep_125,cts,0.00187142,0.00187142,1076.77,1278.42,828.856,828.856,700.0,3.0,700.0,6.93,0.105,73.619,0.769763,0.769763,724.0,23.0,23.0,4048.0,4048.0,212170.0,3.0,1.0,1.0,4.0,0.00222262,2.08882e-05,0.00176669,0.0040102,3305.44,0.317875,0.537109,47.0,2450270000.0,2450270000.0,0.106989,-2.81344,-0.0712867,76.9763,0.34,1.0,36.0,50.0,0.2,100.0
traj_sweep_126,cts,0.00165626,0.00165626,1076.77,1278.42,856.52,856.52,702.0,4.0,702.0,10.54,0.2345,164.809,0.795455,0.795455,726.0,23.0,23.0,4048.0,4048.0,449342.0,7.0,1.0,1.0,8.0,0.00222075,2.1912e-05,0.00181169,0.00405435,3490.53,0.658037,0.701055,47.0,2427770000.0,2427770000.0,0.107636,-2.50817,-0.0629584,79.5455,0.35,1.0,36.0,50.0,0.2,100.0
traj_sweep_127,cts,0.00188383,0.00188383,1076.77,1278.42,834.442,834.442,698.0,3.0,698.0,6.03,0.09,62.994,0.774951,0.774951,722.0,23.0,23.0,4048.0,4048.0,187676.0,3.0,1.0,1.0,2.0,0.00211362,2.11252e-05,0.00169042,0.00382516,3250.58,0.632139,0.688594,47.0,2431860000.0,2431860000.0,0.110088,-1.98018,-0.0515678,77.4951,0.36,1.0,36.0,50.0,0.2,100.0
traj_sweep_128,cts,0.00140771,0.00140771,1076.77,1278.42,814.758,814.758,694.0,1.0,694.0,5.84,0.07,48.7075,0.75667,0.75667,718.0,23.0,23.0,4048.0,4048.0,101830.0,2.0,1.0,1.0,2.0,0.00199177,2.04372e-05,0.00159498,0.00360719,3250.92,0.775914,0.673378,46.0,2407310000.0,2407310000.0,0.110414,-1.66071,-0.0467119,75.667,0.37,1.0,36.0,50.0,0.2,100.0
traj_sweep_129,cts,0.0014791,0.0014791,1076.77,1278.42,876.204,876.204,702.0,7.0,702.0,8.26,0.3415,239.782,0.813735,0.813735,727.0,23.0,23.0,4048.0,4048.0,570207.0,9.0,1.0,1.0,11.0,0.00208553,2.26152e-05,0.00171266,0.00382081,3530.28,0.663697,0.703784,46.0,2387560000.0,2387560000.0,0.113843,-1.31907,-0.0414734,81.3735,0.38,1.0,36.0,50.0,0.2,100.0
traj_sweep_130,cts,0.000693008,0.000693008,1076.77,1278.42,819.28,819.28,696.0,2.0,696.0,5.08,0.097,67.565,0.76087,0.76087,720.0,23.0,23.0,4048.0,4048.0,220309.0,3.0,1.0,1.0,5.0,0.00191121,2.05429e-05,0.00153584,0.00346759,3307.3,0.643971,0.645935,45.0,2397880000.0,2397880000.0,0.114928,-0.895063,-0.0272608,76.087,0.39,1.0,36.0,50.0,0.2,100.0
traj_sweep_131,cts,0.00106511,0.00106511,1076.77,1278.42,808.64,808.64,690.0,2.0,690.0,7.17,0.1625,112.369,0.750988,0.750988,714.0,23.0,23.0,4048.0,4048.0,304099.0,5.0,1.0,1.0,3.0,0.00186907,2.02117e-05,0.00150471,0.00339399,3312.14,0.65049,0.697424,30.0,2381670000.0,2381670000.0,0.110513,-0.367142,-0.0200314,75.0988,0.4,1.0,36.0,50.0,0.2,100.0
traj_sweep_132,cts,0.00117015,0.00117015,1076.77,1278.42,781.774,781.774,681.0,9.0,681.0,6.41,0.2465,167.882,0.726038,0.726038,705.0,23.0,23.0,4048.0,4048.0,432386.0,7.0,1.0,1.0,9.0,0.00177132,1.92588e-05,0.00141441,0.00320499,3401.2,0.795588,0.739294,41.0,2380810000.0,2380810000.0,0.110597,-0.192529,-0.0127939,72.6038,0.41,1.0,36.0,50.0,0.2,100.0
traj_sweep_133,cts,0.00105548,0.00105548,1076.77,1278.42,731.234,731.234,661.0,7.0,661.0,5.439,0.0715,47.522,0.679101,0.679101,685.0,23.0,23.0,4048.0,4048.0,60500.0,1.0,1.0,1.0,2.0,0.00159918,1.73116e-05,0.00126958,0.00288608,3127.33,0.778607,0.615899,7.0,2374030000.0,2374030000.0,0.110433,-0.00748426,-0.00293143,67.9101,0.42,1.0,36.0,50.0,0.2,100.0
traj_sweep_134,cts,0.000908697,0.000908697,1076.77,1278.42,704.9,704.9,635.0,5.0,635.0,3.94,0.0415,26.3725,0.654644,0.654644,659.0,23.0,23.0,4048.0,4048.0,51017.0,1.0,1.0,1.0,1.0,0.00149737,1.64894e-05,0.00120795,0.00272181,3069.34,0.793204,0.61224,2.0,2329710000.0,2329710000.0,0.110513,-0.00079331,-0.000655559,65.4644,0.43,1.0,36.0,50.0,0.2,100.0
traj_sweep_135,cts,0.00374065,0.00374065,1076.77,1278.42,686.014,686.014,620.0,1.0,620.0,2.99,0.006,3.97,0.637105,0.637105,644.0,23.0,23.0,4048.0,4048.0,12503.0,0.0,0.0,0.0,1.0,0.00140196,1.5854e-05,0.0011643,0.00258211,3036.3,0.780532,0.612851,0.0,2306230000.0,2306230000.0,0.110364,0.0,0.00023484,63.7105,0.44,1.0,36.0,50.0,0.2,100.0
traj_sweep_136,cts,0.000231738,0.000231738,1076.77,1278.42,682.556,682.556,617.0,0.0,617.0,0.0,0.0,0.0,0.633893,0.633893,641.0,23.0,23.0,4048.0,4048.0,0.0,0.0,0.0,0.0,2.0,0.00136555,1.56944e-05,0.00112383,0.00250507,3052.48,0.755657,0.617559,0.0,2292680000.0,2292680000.0,0.111228,0.0,0.0051058,63.3893,0.45,1.0,36.0,50.0,0.2,100.0
traj_sweep_137,cts,0.000770897,0.000770897,1076.77,1278.42,680.162,680.162,614.0,0.0,614.0,0.0,0.0,0.0,0.63167,0.63167,638.0,23.0,23.0,4048.0,4048.0,0.0,0.0,0.0,0.0,1.0,0.00132226,1.56394e-05,0.00109423,0.00243212,2986.35,0.767821,0.621576,0.0,2287810000.0,2287810000.0,0.111059,0.0,0.00726225,63.167,0.46,1.0,36.0,50.0,0.2,100.0
traj_sweep_138,cts,0.000728924,0.000728924,1076.77,1278.42,677.502,677.502,610.0,0.0,610.0,0.0,0.0,0.0,0.6292,0.6292,636.0,23.0,23.0,4048.0,4048.0,0.0,0.0,0.0,0.0,1.0,0.00128309,1.55682e-05,0.00105346,0.00235212,2956.42,0.777801,0.527429,0.0,2272850000.0,2272850000.0,0.110841,0.0,0.017934,62.92,0.47,1.0,36.0,50.0,0.2,100.0
traj_sweep_139,cts,0.000389543,0.000389543,1076.77,1278.42,677.236,677.236,611.0,0.0,611.0,0.0,0.0,0.0,0.628953,0.628953,636.0,23.0,23.0,4048.0,4048.0,0.0,0.0,0.0,0.0,1.0,0.00125599,1.55647e-05,0.00104895,0.0023205,2996.9,0.776793,0.540608,0.0,2259930000.0,2259930000.0,0.111216,0.0,0.0183809,62.8953,0.48,1.0,36.0,50.0,0.2,100.0
traj_sweep_140,cts,0.0011519,0.0011519,1076.77,1278.42,675.64,675.64,610.0,0.0,610.0,0.0,0.0,0.0,0.62747,0.62747,634.0,23.0,23.0,4048.0,4048.0,0.0,0.0,0.0,0.0,1.0,0.00123802,1.54618e-05,0.00102446,0.00227794,2928.69,0.776758,0.620352,0.0,2249320000.0,2249320000.0,0.110371,0.0,0.0328523,62.747,0.49,1.0,36.0,50.0,0.2,100.0
traj_sweep_141,cts,0.000743405,0.000743405,1076.77,1278.42,674.576,674.576,609.0,0.0,609.0,0.0,0.0,0.0,0.626482,0.626482,634.0,23.0,23.0,4048.0,4048.0,0.0,0.0,0.0,0.0,1.0,0.00120296,1.54538e-05,0.00100718,0.00222559,2969.97,0.758387,0.628912,0.0,2231810000.0,2231810000.0,0.110934,0.0,0.0377178,62.6482,0.5,1.0,36.0,50.0,0.2,100.0
traj_sweep_142,cts,0.000647427,0.000647427,1076.77,1278.42,675.374,675.374,610.0,0.0,610.0,0.0,0.0,0.0,0.627223,0.627223,634.0,23.0,23.0,4048.0,4048.0,0.0,0.0,0.0,0.0,1.0,0.00118882,1.5441e-05,0.00098265,0.00218691,2974.21,0.781359,0.611589,0.0,2191360000.0,2191360000.0,0.110514,0.0,0.048324,62.7223,0.51,1.0,36.0,50.0,0.2,100.0
traj_sweep_143,cts,0.00248632,0.00248632,1076.77,1278.42,675.64,675.64,610.0,0.0,610.0,0.0,0.0,0.0,0.62747,0.62747,634.0,23.0,23.0,4048.0,4048.0,0.0,0.0,0.0,0.0,1.0,0.00116757,1.54808e-05,0.000973076,0.00215612,2972.28,0.7918,0.621333,0.0,2249570000.0,2249570000.0,0.111113,0.0,0.0551226,62.747,0.52,1.0,36.0,50.0,0.2,100.0
traj_sweep_144,cts,0.00095926,0.00095926,1076.77,1278.42,675.108,675.108,610.0,0.0,610.0,0.0,0.0,0.0,0.626976,0.626976,634.0,23.0,23.0,4048.0,4048.0,0.0,0.0,0.0,0.0,1.0,0.00113853,1.54521e-05,0.000946324,0.00210031,2954.18,0.805667,0.625636,0.0,2238380000.0,2238380000.0,0.110799,0.0,0.0622818,62.6976,0.53,1.0,36.0,50.0,0.2,100.0
traj_sweep_145,cts,0.00133069,0.00133069,1076.77,1278.42,675.108,675.108,610.0,0.0,610.0,0.0,0.0,0.0,0.626976,0.626976,634.0,23.0,23.0,4048.0,4048.0,0.0,0.0,0.0,0.0,1.0,0.0011174,1.54521e-05,0.000923243,0.00205609,2953.53,0.778133,0.617109,0.0,2172520000.0,2172520000.0,0.110594,0.0,0.0726387,62.6976,0.54,1.0,36.0,50.0,0.2,100.0
traj_sweep_146,cts,0.00231828,0.00231828,1076.77,1278.42,674.842,674.842,610.0,0.0,610.0,0.0,0.0,0.0,0.626729,0.626729,634.0,23.0,23.0,4048.0,4048.0,0.0,0.0,0.0,0.0,2.0,0.00109629,1.54472e-05,0.00091392,0.00202566,2971.36,0.75974,0.615887,0.0,2173420000.0,2173420000.0,0.111062,0.0,0.0813491,62.6729,0.55,1.0,36.0,50.0,0.2,100.0
traj_sweep_147,cts,0.000744189,0.000744189,1076.77,1278.42,674.576,674.576,609.0,0.0,609.0,0.0,0.0,0.0,0.626482,0.626482,633.0,23.0,23.0,4048.0,4048.0,0.0,0.0,0.0,0.0,1.0,0.00108353,1.54213e-05,0.000893001,0.00199195,2964.61,0.78187,0.554024,0.0,2193660000.0,2193660000.0,0.110707,0.0,0.0868246,62.6482,0.56,1.0,36.0,50.0,0.2,100.0
traj_sweep_148,cts,0.000744189,0.000744189,1076.77,1278.42,674.576,674.576,609.0,0.0,609.0,0.0,0.0,0.0,0.626482,0.626482,633.0,23.0,23.0,4048.0,4048.0,0.0,0.0,0.0,0.0,1.0,0.00106452,1.54213e-05,0.000877334,0.00195728,2964.61,0.78187,0.554024,0.0,2193660000.0,2193660000.0,0.110707,0.0,0.0948247,62.6482,0.57,1.0,36.0,50.0,0.2,100.0
traj_sweep_149,cts,0.000527439,0.000527439,1076.77,1278.42,674.044,674.044,608.0,0.0,608.0,0.0,0.0,0.0,0.625988,0.625988,632.0,23.0,23.0,4048.0,4048.0,0.0,0.0,0.0,0.0,1.0,0.00104696,1.54214e-05,0.000857832,0.00192021,2921.09,0.772985,0.473769,0.0,2190530000.0,2190530000.0,0.110619,0.0,0.105027,62.5988,0.58,1.0,36.0,50.0,0.2,100.0
traj_sweep_150,cts,0.00118603,0.00118603,1076.77,1278.42,673.512,673.512,608.0,0.0,608.0,0.0,0.0,0.0,0.625494,0.625494,632.0,23.0,23.0,4048.0,4048.0,0.0,0.0,0.0,0.0,1.0,0.00102281,1.54102e-05,0.000846533,0.00188475,2954.09,0.793739,0.558281,0.0,2182110000.0,2182110000.0,0.110729,0.0,0.110888,62.5494,0.59,1.0,36.0,50.0,0.2,100.0
traj_sweep_151,cts,0.000583304,0.000583304,1076.77,1278.42,674.842,674.842,608.0,0.0,608.0,0.0,0.0,0.0,0.626729,0.626729,632.0,23.0,23.0,4048.0,4048.0,0.0,0.0,0.0,0.0,1.0,0.00101222,1.54659e-05,0.000834467,0.00186215,2973.11,0.737633,0.554675,0.0,2191110000.0,2191110000.0,0.110441,0.0,0.119181,62.6729,0.6,1.0,36.0,50.0,0.2,100.0
traj_sweep_152,cts,0.000787898,0.000787898,1076.77,1278.42,674.842,674.842,608.0,0.0,608.0,0.0,0.0,0.0,0.626729,0.626729,632.0,23.0,23.0,4048.0,4048.0,0.0,0.0,0.0,0.0,1.0,0.00099578,1.54659e-05,0.000819891,0.00183114,2960.42,0.747067,0.553279,0.0,2190970000.0,2190970000.0,0.11095,0.0,0.128377,62.6729,0.61,1.0,36.0,50.0,0.2,100.0
traj_sweep_153,cts,0.000870845,0.000870845,1076.77,1278.42,674.044,674.044,608.0,0.0,608.0,0.0,0.0,0.0,0.625988,0.625988,632.0,23.0,23.0,4048.0,4048.0,0.0,0.0,0.0,0.0,1.0,0.000979385,1.54214e-05,0.000809115,0.00180392,2958.44,0.767821,0.550711,0.0,2198750000.0,2198750000.0,0.110994,0.0,0.132811,62.5988,0.62,1.0,36.0,50.0,0.2,100.0
traj_sweep_154,cts,0.00037427,0.00037427,1076.77,1278.42,942.97,942.97,737.0,9.0,737.0,9.54,0.6825,503.354,0.875741,0.875741,763.0,23.0,23.0,4048.0,4048.0,1216270.0,17.0,1.0,1.0,21.0,0.00625895,2.54117e-05,0.00492191,0.0112063,4092.35,0.66181,0.702868,53.0,2426820000.0,2426820000.0,0.0715708,-12.6792,-0.272063,87.5741,0.14,1.0,37.0,50.0,0.2,100.0
traj_sweep_155,cts,0.00139967,0.00139967,1076.77,1278.42,946.428,946.428,737.0,8.0,737.0,9.4,0.6955,512.678,0.878953,0.878953,761.0,23.0,23.0,4048.0,4048.0,1279680.0,18.0,1.0,1.0,15.0,0.00586746,2.55808e-05,0.00463898,0.010532,4118.66,0.598675,0.67249,53.0,2432750000.0,2432750000.0,0.0727577,-12.2224,-0.261058,87.8953,0.15,1.0,37.0,50.0,0.2,100.0
traj_sweep_156,cts,0.000851805,0.000851805,1076.77,1278.42,958.93,958.93,739.0,9.0,739.0,12.2,1.1565,854.755,0.890563,0.890563,763.0,23.0,23.0,4048.0,4048.0,2045300.0,29.0,1.0,1.0,84.0,0.00554449,2.61481e-05,0.00440904,0.00997968,4508.8,0.55955,0.653665,53.0,2406500000.0,2406500000.0,0.0735413,-11.8419,-0.255541,89.0563,0.16,1.0,37.0,50.0,0.2,100.0
traj_sweep_157,cts,0.000282892,0.000282892,1076.77,1278.42,939.246,939.246,737.0,12.0,737.0,9.54,0.7835,577.699,0.872283,0.872283,761.0,23.0,23.0,4048.0,4048.0,1365650.0,20.0,1.0,1.0,14.0,0.00515207,2.53631e-05,0.00408658,0.00926401,4129.96,0.665073,0.704437,53.0,2431270000.0,2431270000.0,0.0741913,-11.1102,-0.241308,87.2283,0.17,1.0,37.0,50.0,0.2,100.0
traj_sweep_158,cts,0.00104417,0.00104417,1076.77,1278.42,937.65,937.65,730.0,8.0,730.0,8.64,0.7815,570.628,0.8708,0.8708,754.0,23.0,23.0,4048.0,4048.0,1416820.0,21.0,1.0,1.0,14.0,0.00476457,2.52044e-05,0.00383471,0.00862449,4158.53,0.663697,0.703775,53.0,2435540000.0,2435540000.0,0.0781974,-10.6007,-0.230586,87.08,0.18,1.0,37.0,50.0,0.2,100.0
traj_sweep_159,cts,0.00131423,0.00131423,1076.77,1278.42,933.926,933.926,732.0,10.0,732.0,9.92,0.825,603.983,0.867342,0.867342,756.0,23.0,23.0,4048.0,4048.0,1425800.0,21.0,1.0,1.0,17.0,0.00450617,2.51312e-05,0.00359347,0.00812476,4159.66,0.667471,0.700814,53.0,2446910000.0,2446910000.0,0.0791735,-10.1011,-0.218678,86.7342,0.19,1.0,37.0,50.0,0.2,100.0
traj_sweep_160,cts,0.000822994,0.000822994,1076.77,1278.42,935.522,935.522,732.0,13.0,732.0,10.3,0.6695,490.321,0.868824,0.868824,758.0,23.0,23.0,4048.0,4048.0,1245810.0,18.0,1.0,1.0,18.0,0.00427713,2.52112e-05,0.00339383,0.00769617,4086.4,0.61001,0.677942,53.0,2446710000.0,2446710000.0,0.0832298,-9.54891,-0.208712,86.8824,0.2,1.0,37.0,50.0,0.2,100.0
traj_sweep_161,cts,0.00108259,0.00108259,1076.77,1278.42,916.104,916.104,728.0,10.0,728.0,6.98,0.4295,312.877,0.850791,0.850791,752.0,23.0,23.0,4048.0,4048.0,840226.0,12.0,1.0,1.0,9.0,0.00398784,2.45971e-05,0.00318312,0.00719555,3851.12,0.665584,0.699868,53.0,2450450000.0,2450450000.0,0.0809846,-8.92024,-0.198089,85.0791,0.21,1.0,37.0,50.0,0.2,100.0
traj_sweep_162,cts,0.000845185,0.000845185,1076.77,1278.42,935.788,935.788,724.0,11.0,724.0,9.35,0.625,452.631,0.869071,0.869071,750.0,23.0,23.0,4048.0,4048.0,1008920.0,15.0,1.0,1.0,11.0,0.00388122,2.53836e-05,0.00312272,0.00702932,3956.49,0.58871,0.667695,53.0,2431310000.0,2431310000.0,0.0851741,-8.47741,-0.191301,86.9071,0.22,1.0,37.0,50.0,0.2,100.0
traj_sweep_163,cts,0.000638753,0.000638753,1076.77,1278.42,910.784,910.784,724.0,8.0,724.0,8.64,0.595,431.085,0.84585,0.84585,748.0,23.0,23.0,4048.0,4048.0,897485.0,13.0,1.0,1.0,14.0,0.00361917,2.43359e-05,0.00289726,0.00654077,3935.04,0.653405,0.698823,53.0,2430400000.0,2430400000.0,0.0833932,-7.86846,-0.181455,84.585,0.23,1.0,37.0,50.0,0.2,100.0
traj_sweep_164,cts,0.00195154,0.00195154,1076.77,1278.42,894.292,894.292,726.0,6.0,726.0,7.88,0.2965,215.391,0.830534,0.830534,750.0,23.0,23.0,4048.0,4048.0,595557.0,9.0,1.0,1.0,10.0,0.00341879,2.36223e-05,0.00273792,0.00618034,3746.39,0.643971,0.694283,52.0,2434360000.0,2434360000.0,0.0839777,-7.45693,-0.170785,83.0534,0.24,1.0,37.0,50.0,0.2,100.0
traj_sweep_165,cts,0.000893972,0.000893972,1076.77,1278.42,920.36,920.36,730.0,10.0,730.0,11.06,0.631,460.7,0.854743,0.854743,754.0,23.0,23.0,4048.0,4048.0,1157470.0,17.0,1.0,1.0,21.0,0.00336874,2.45257e-05,0.0026941,0.00608736,3974.31,0.643971,0.694283,51.0,2444500000.0,2444500000.0,0.0881472,-6.95295,-0.159082,85.4743,0.25,1.0,37.0,50.0,0.2,100.0
traj_sweep_166,cts,0.00115493,0.00115493,1076.77,1278.42,906.528,906.528,725.0,6.0,725.0,7.31,0.5585,404.933,0.841897,0.841897,749.0,23.0,23.0,4048.0,4048.0,903750.0,13.0,1.0,1.0,18.0,0.00318102,2.3764e-05,0.00256086,0.00576564,3882.97,0.654264,0.699236,51.0,2431310000.0,2431310000.0,0.0911245,-6.63624,-0.151301,84.1897,0.26,1.0,37.0,50.0,0.2,100.0
traj_sweep_167,cts,0.00108621,0.00108621,1076.77,1278.42,904.4,904.4,729.0,10.0,729.0,6.93,0.333,242.875,0.839921,0.839921,753.0,23.0,23.0,4048.0,4048.0,576181.0,9.0,1.0,1.0,7.0,0.00311631,2.36565e-05,0.0024654,0.00560536,3648.41,0.643971,0.694283,49.0,2447280000.0,2447280000.0,0.0930482,-5.97472,-0.138617,83.9921,0.27,1.0,37.0,50.0,0.2,100.0
traj_sweep_168,cts,0.00157546,0.00157546,1076.77,1278.42,910.252,910.252,730.0,10.0,730.0,7.88,0.499,364.545,0.845356,0.845356,754.0,23.0,23.0,4048.0,4048.0,807223.0,12.0,1.0,1.0,11.0,0.00299777,2.38753e-05,0.00240966,0.0054313,3767.83,0.631112,0.688096,49.0,2432410000.0,2432410000.0,0.0946159,-5.59219,-0.131115,84.5356,0.28,1.0,37.0,50.0,0.2,100.0
traj_sweep_169,cts,0.000829684,0.000829684,1076.77,1278.42,913.976,913.976,720.0,9.0,720.0,6.93,0.4755,342.594,0.848814,0.848814,744.0,23.0,23.0,4048.0,4048.0,902230.0,14.0,1.0,1.0,13.0,0.00287357,2.40057e-05,0.00233096,0.00522854,3792.22,0.655291,0.69974,49.0,2422060000.0,2422060000.0,0.0977089,-5.18383,-0.122871,84.8814,0.29,1.0,37.0,50.0,0.2,100.0
traj_sweep_170,cts,0.00155324,0.00155324,1076.77,1278.42,888.972,888.972,718.0,6.0,718.0,6.03,0.3195,229.707,0.825593,0.825593,742.0,23.0,23.0,4048.0,4048.0,522870.0,8.0,1.0,1.0,11.0,0.00272548,2.31405e-05,0.00218379,0.00493242,3703.57,0.667471,0.70083,49.0,2442300000.0,2442300000.0,0.0977397,-4.65592,-0.109451,82.5593,0.3,1.0,37.0,50.0,0.2,100.0
traj_sweep_171,cts,0.00154405,0.00154405,1076.77,1278.42,886.046,886.046,720.0,7.0,720.0,7.5,0.307,221.058,0.822875,0.822875,744.0,23.0,23.0,4048.0,4048.0,509031.0,8.0,1.0,1.0,9.0,0.00264583,2.29544e-05,0.00207504,0.00474382,3613.39,0.636424,0.690659,48.0,2439440000.0,2439440000.0,0.102324,-4.19347,-0.0999303,82.2875,0.31,1.0,37.0,50.0,0.2,100.0
traj_sweep_172,cts,0.00190797,0.00190797,1076.77,1278.42,844.816,844.816,704.0,3.0,704.0,5.98,0.0935,66.102,0.784585,0.784585,728.0,23.0,23.0,4048.0,4048.0,206243.0,3.0,1.0,1.0,3.0,0.00239491,2.15705e-05,0.0019313,0.00434778,3365.04,0.654264,0.699239,48.0,2456570000.0,2456570000.0,0.100959,-3.50995,-0.0870718,78.4585,0.32,1.0,37.0,50.0,0.2,100.0
traj_sweep_173,cts,0.000767504,0.000767504,1076.77,1278.42,836.304,836.304,697.0,4.0,697.0,7.5,0.11,76.9065,0.77668,0.77668,721.0,23.0,23.0,4048.0,4048.0,156556.0,2.0,1.0,1.0,3.0,0.00230557,2.11496e-05,0.00186626,0.00419298,3367.79,0.663697,0.675367,47.0,2459190000.0,2459190000.0,0.104089,-3.16886,-0.0777758,77.668,0.33,1.0,37.0,50.0,0.2,100.0
traj_sweep_174,cts,0.00187142,0.00187142,1076.77,1278.42,828.856,828.856,700.0,3.0,700.0,6.93,0.105,73.619,0.769763,0.769763,724.0,23.0,23.0,4048.0,4048.0,212170.0,3.0,1.0,1.0,4.0,0.00222262,2.08882e-05,0.00176669,0.0040102,3305.44,0.317875,0.537109,47.0,2450270000.0,2450270000.0,0.106989,-2.81344,-0.0712867,76.9763,0.34,1.0,37.0,50.0,0.2,100.0
traj_sweep_175,cts,0.00165626,0.00165626,1076.77,1278.42,856.52,856.52,702.0,4.0,702.0,10.54,0.2345,164.809,0.795455,0.795455,726.0,23.0,23.0,4048.0,4048.0,449342.0,7.0,1.0,1.0,8.0,0.00222075,2.1912e-05,0.00181169,0.00405435,3490.53,0.658037,0.701055,47.0,2427770000.0,2427770000.0,0.107636,-2.50817,-0.0629584,79.5455,0.35,1.0,37.0,50.0,0.2,100.0
traj_sweep_176,cts,0.00188383,0.00188383,1076.77,1278.42,834.442,834.442,698.0,3.0,698.0,6.03,0.09,62.994,0.774951,0.774951,722.0,23.0,23.0,4048.0,4048.0,187676.0,3.0,1.0,1.0,2.0,0.00211362,2.11252e-05,0.00169042,0.00382516,3250.58,0.632139,0.688594,47.0,2431860000.0,2431860000.0,0.110088,-1.98018,-0.0515678,77.4951,0.36,1.0,37.0,50.0,0.2,100.0
traj_sweep_177,cts,0.00140771,0.00140771,1076.77,1278.42,814.758,814.758,694.0,1.0,694.0,5.84,0.07,48.7075,0.75667,0.75667,718.0,23.0,23.0,4048.0,4048.0,101830.0,2.0,1.0,1.0,2.0,0.00199177,2.04372e-05,0.00159498,0.00360719,3250.92,0.775914,0.673378,46.0,2407310000.0,2407310000.0,0.110414,-1.66071,-0.0467119,75.667,0.37,1.0,37.0,50.0,0.2,100.0
traj_sweep_178,cts,0.0014791,0.0014791,1076.77,1278.42,876.204,876.204,702.0,7.0,702.0,8.26,0.3415,239.782,0.813735,0.813735,727.0,23.0,23.0,4048.0,4048.0,570207.0,9.0,1.0,1.0,11.0,0.00208553,2.26152e-05,0.00171266,0.00382081,3530.28,0.663697,0.703784,46.0,2387560000.0,2387560000.0,0.113843,-1.31907,-0.0414734,81.3735,0.38,1.0,37.0,50.0,0.2,100.0
traj_sweep_179,cts,0.000693008,0.000693008,1076.77,1278.42,819.28,819.28,696.0,2.0,696.0,5.08,0.097,67.565,0.76087,0.76087,720.0,23.0,23.0,4048.0,4048.0,220309.0,3.0,1.0,1.0,5.0,0.00191121,2.05429e-05,0.00153584,0.00346759,3307.3,0.643971,0.645935,45.0,2397880000.0,2397880000.0,0.114928,-0.895063,-0.0272608,76.087,0.39,1.0,37.0,50.0,0.2,100.0
traj_sweep_180,cts,0.00106511,0.00106511,1076.77,1278.42,808.64,808.64,690.0,2.0,690.0,7.17,0.1625,112.369,0.750988,0.750988,714.0,23.0,23.0,4048.0,4048.0,304099.0,5.0,1.0,1.0,3.0,0.00186907,2.02117e-05,0.00150471,0.00339399,3312.14,0.65049,0.697424,30.0,2381670000.0,2381670000.0,0.110513,-0.367142,-0.0200314,75.0988,0.4,1.0,37.0,50.0,0.2,100.0
traj_sweep_181,cts,0.00117015,0.00117015,1076.77,1278.42,781.774,781.774,681.0,9.0,681.0,6.41,0.2465,167.882,0.726038,0.726038,705.0,23.0,23.0,4048.0,4048.0,432386.0,7.0,1.0,1.0,9.0,0.00177132,1.92588e-05,0.00141441,0.00320499,3401.2,0.795588,0.739294,41.0,2380810000.0,2380810000.0,0.110597,-0.192529,-0.0127939,72.6038,0.41,1.0,37.0,50.0,0.2,100.0
traj_sweep_182,cts,0.00105548,0.00105548,1076.77,1278.42,731.234,731.234,661.0,7.0,661.0,5.439,0.0715,47.522,0.679101,0.679101,685.0,23.0,23.0,4048.0,4048.0,60500.0,1.0,1.0,1.0,2.0,0.00159918,1.73116e-05,0.00126958,0.00288608,3127.33,0.778607,0.615899,7.0,2374030000.0,2374030000.0,0.110433,-0.00748426,-0.00293143,67.9101,0.42,1.0,37.0,50.0,0.2,100.0
traj_sweep_183,cts,0.000908697,0.000908697,1076.77,1278.42,704.9,704.9,635.0,5.0,635.0,3.94,0.0415,26.3725,0.654644,0.654644,659.0,23.0,23.0,4048.0,4048.0,51017.0,1.0,1.0,1.0,1.0,0.00149737,1.64894e-05,0.00120795,0.00272181,3069.34,0.793204,0.61224,2.0,2329710000.0,2329710000.0,0.110513,-0.00079331,-0.000655559,65.4644,0.43,1.0,37.0,50.0,0.2,100.0
traj_sweep_184,cts,0.00374065,0.00374065,1076.77,1278.42,686.014,686.014,620.0,1.0,620.0,2.99,0.006,3.97,0.637105,0.637105,644.0,23.0,23.0,4048.0,4048.0,12503.0,0.0,0.0,0.0,1.0,0.00140196,1.5854e-05,0.0011643,0.00258211,3036.3,0.780532,0.612851,0.0,2306230000.0,2306230000.0,0.110364,0.0,0.00023484,63.7105,0.44,1.0,37.0,50.0,0.2,100.0
traj_sweep_185,cts,0.000231738,0.000231738,1076.77,1278.42,682.556,682.556,617.0,0.0,617.0,0.0,0.0,0.0,0.633893,0.633893,641.0,23.0,23.0,4048.0,4048.0,0.0,0.0,0.0,0.0,2.0,0.00136555,1.56944e-05,0.00112383,0.00250507,3052.48,0.755657,0.617559,0.0,2292680000.0,2292680000.0,0.111228,0.0,0.0051058,63.3893,0.45,1.0,37.0,50.0,0.2,100.0
traj_sweep_186,cts,0.000770897,0.000770897,1076.77,1278.42,680.162,680.162,614.0,0.0,614.0,0.0,0.0,0.0,0.63167,0.63167,638.0,23.0,23.0,4048.0,4048.0,0.0,0.0,0.0,0.0,1.0,0.00132226,1.56394e-05,0.00109423,0.00243212,2986.35,0.767821,0.621576,0.0,2287810000.0,2287810000.0,0.111059,0.0,0.00726225,63.167,0.46,1.0,37.0,50.0,0.2,100.0
traj_sweep_187,cts,0.000728924,0.000728924,1076.77,1278.42,677.502,677.502,610.0,0.0,610.0,0.0,0.0,0.0,0.6292,0.6292,636.0,23.0,23.0,4048.0,4048.0,0.0,0.0,0.0,0.0,1.0,0.00128309,1.55682e-05,0.00105346,0.00235212,2956.42,0.777801,0.527429,0.0,2272850000.0,2272850000.0,0.110841,0.0,0.017934,62.92,0.47,1.0,37.0,50.0,0.2,100.0
traj_sweep_188,cts,0.000389543,0.000389543,1076.77,1278.42,677.236,677.236,611.0,0.0,611.0,0.0,0.0,0.0,0.628953,0.628953,636.0,23.0,23.0,4048.0,4048.0,0.0,0.0,0.0,0.0,1.0,0.00125599,1.55647e-05,0.00104895,0.0023205,2996.9,0.776793,0.540608,0.0,2259930000.0,2259930000.0,0.111216,0.0,0.0183809,62.8953,0.48,1.0,37.0,50.0,0.2,100.0
traj_sweep_189,cts,0.0011519,0.0011519,1076.77,1278.42,675.64,675.64,610.0,0.0,610.0,0.0,0.0,0.0,0.62747,0.62747,634.0,23.0,23.0,4048.0,4048.0,0.0,0.0,0.0,0.0,1.0,0.00123802,1.54618e-05,0.00102446,0.00227794,2928.69,0.776758,0.620352,0.0,2249320000.0,2249320000.0,0.110371,0.0,0.0328523,62.747,0.49,1.0,37.0,50.0,0.2,100.0
traj_sweep_190,cts,0.000743405,0.000743405,1076.77,1278.42,674.576,674.576,609.0,0.0,609.0,0.0,0.0,0.0,0.626482,0.626482,634.0,23.0,23.0,4048.0,4048.0,0.0,0.0,0.0,0.0,1.0,0.00120296,1.54538e-05,0.00100718,0.00222559,2969.97,0.758387,0.628912,0.0,2231810000.0,2231810000.0,0.110934,0.0,0.0377178,62.6482,0.5,1.0,37.0,50.0,0.2,100.0
traj_sweep_191,cts,0.000647427,0.000647427,1076.77,1278.42,675.374,675.374,610.0,0.0,610.0,0.0,0.0,0.0,0.627223,0.627223,634.0,23.0,23.0,4048.0,4048.0,0.0,0.0,0.0,0.0,1.0,0.00118882,1.5441e-05,0.00098265,0.00218691,2974.21,0.781359,0.611589,0.0,2191360000.0,2191360000.0,0.110514,0.0,0.048324,62.7223,0.51,1.0,37.0,50.0,0.2,100.0
traj_sweep_192,cts,0.00248632,0.00248632,1076.77,1278.42,675.64,675.64,610.0,0.0,610.0,0.0,0.0,0.0,0.62747,0.62747,634.0,23.0,23.0,4048.0,4048.0,0.0,0.0,0.0,0.0,1.0,0.00116757,1.54808e-05,0.000973076,0.00215612,2972.28,0.7918,0.621333,0.0,2249570000.0,2249570000.0,0.111113,0.0,0.0551226,62.747,0.52,1.0,37.0,50.0,0.2,100.0
traj_sweep_193,cts,0.00095926,0.00095926,1076.77,1278.42,675.108,675.108,610.0,0.0,610.0,0.0,0.0,0.0,0.626976,0.626976,634.0,23.0,23.0,4048.0,4048.0,0.0,0.0,0.0,0.0,1.0,0.00113853,1.54521e-05,0.000946324,0.00210031,2954.18,0.805667,0.625636,0.0,2238380000.0,2238380000.0,0.110799,0.0,0.0622818,62.6976,0.53,1.0,37.0,50.0,0.2,100.0
traj_sweep_194,cts,0.00133069,0.00133069,1076.77,1278.42,675.108,675.108,610.0,0.0,610.0,0.0,0.0,0.0,0.626976,0.626976,634.0,23.0,23.0,4048.0,4048.0,0.0,0.0,0.0,0.0,1.0,0.0011174,1.54521e-05,0.000923243,0.00205609,2953.53,0.778133,0.617109,0.0,2172520000.0,2172520000.0,0.110594,0.0,0.0726387,62.6976,0.54,1.0,37.0,50.0,0.2,100.0
traj_sweep_195,cts,0.00231828,0.00231828,1076.77,1278.42,674.842,674.842,610.0,0.0,610.0,0.0,0.0,0.0,0.626729,0.626729,634.0,23.0,23.0,4048.0,4048.0,0.0,0.0,0.0,0.0,2.0,0.00109629,1.54472e-05,0.00091392,0.00202566,2971.36,0.75974,0.615887,0.0,2173420000.0,2173420000.0,0.111062,0.0,0.0813491,62.6729,0.55,1.0,37.0,50.0,0.2,100.0
traj_sweep_196,cts,0.000744189,0.000744189,1076.77,1278.42,674.576,674.576,609.0,0.0,609.0,0.0,0.0,0.0,0.626482,0.626482,633.0,23.0,23.0,4048.0,4048.0,0.0,0.0,0.0,0.0,1.0,0.00108353,1.54213e-05,0.000893001,0.00199195,2964.61,0.78187,0.554024,0.0,2193660000.0,2193660000.0,0.110707,0.0,0.0868246,62.6482,0.56,1.0,37.0,50.0,0.2,100.0
traj_sweep_197,cts,0.000744189,0.000744189,1076.77,1278.42,674.576,674.576,609.0,0.0,609.0,0.0,0.0,0.0,0.626482,0.626482,633.0,23.0,23.0,4048.0,4048.0,0.0,0.0,0.0,0.0,1.0,0.00106452,1.54213e-05,0.000877334,0.00195728,2964.61,0.78187,0.554024,0.0,2193660000.0,2193660000.0,0.110707,0.0,0.0948247,62.6482,0.57,1.0,37.0,50.0,0.2,100.0
traj_sweep_198,cts,0.000527439,0.000527439,1076.77,1278.42,674.044,674.044,608.0,0.0,608.0,0.0,0.0,0.0,0.625988,0.625988,632.0,23.0,23.0,4048.0,4048.0,0.0,0.0,0.0,0.0,1.0,0.00104696,1.54214e-05,0.000857832,0.00192021,2921.09,0.772985,0.473769,0.0,2190530000.0,2190530000.0,0.110619,0.0,0.105027,62.5988,0.58,1.0,37.0,50.0,0.2,100.0
traj_sweep_199,cts,0.00118603,0.00118603,1076.77,1278.42,673.512,673.512,608.0,0.0,608.0,0.0,0.0,0.0,0.625494,0.625494,632.0,23.0,23.0,4048.0,4048.0,0.0,0.0,0.0,0.0,1.0,0.00102281,1.54102e-05,0.000846533,0.00188475,2954.09,0.793739,0.558281,0.0,2182110000.0,2182110000.0,0.110729,0.0,0.110888,62.5494,0.59,1.0,37.0,50.0,0.2,100.0
traj_sweep_200,cts,0.000583304,0.000583304,1076.77,1278.42,674.842,674.842,608.0,0.0,608.0,0.0,0.0,0.0,0.626729,0.626729,632.0,23.0,23.0,4048.0,4048.0,0.0,0.0,0.0,0.0,1.0,0.00101222,1.54659e-05,0.000834467,0.00186215,2973.11,0.737633,0.554675,0.0,2191110000.0,2191110000.0,0.110441,0.0,0.119181,62.6729,0.6,1.0,37.0,50.0,0.2,100.0
traj_sweep_201,cts,0.000787898,0.000787898,1076.77,1278.42,674.842,674.842,608.0,0.0,608.0,0.0,0.0,0.0,0.626729,0.626729,632.0,23.0,23.0,4048.0,4048.0,0.0,0.0,0.0,0.0,1.0,0.00099578,1.54659e-05,0.000819891,0.00183114,2960.42,0.747067,0.553279,0.0,2190970000.0,2190970000.0,0.11095,0.0,0.128377,62.6729,0.61,1.0,37.0,50.0,0.2,100.0
traj_sweep_202,cts,0.000870845,0.000870845,1076.77,1278.42,674.044,674.044,608.0,0.0,608.0,0.0,0.0,0.0,0.625988,0.625988,632.0,23.0,23.0,4048.0,4048.0,0.0,0.0,0.0,0.0,1.0,0.000979385,1.54214e-05,0.000809115,0.00180392,2958.44,0.767821,0.550711,0.0,2198750000.0,2198750000.0,0.110994,0.0,0.132811,62.5988,0.62,1.0,37.0,50.0,0.2,100.0
traj_sweep_203,cts,0.00037427,0.00037427,1076.77,1278.42,942.97,942.97,737.0,9.0,737.0,9.54,0.6825,503.354,0.875741,0.875741,763.0,23.0,23.0,4048.0,4048.0,1216270.0,17.0,1.0,1.0,21.0,0.00625895,2.54117e-05,0.00492191,0.0112063,4092.35,0.66181,0.702868,53.0,2426820000.0,2426820000.0,0.0715708,-12.6792,-0.272063,87.5741,0.14,1.0,38.0,50.0,0.2,100.0
traj_sweep_204,cts,0.00139967,0.00139967,1076.77,1278.42,946.428,946.428,737.0,8.0,737.0,9.4,0.6955,512.678,0.878953,0.878953,761.0,23.0,23.0,4048.0,4048.0,1279680.0,18.0,1.0,1.0,15.0,0.00586746,2.55808e-05,0.00463898,0.010532,4118.66,0.598675,0.67249,53.0,2432750000.0,2432750000.0,0.0727577,-12.2224,-0.261058,87.8953,0.15,1.0,38.0,50.0,0.2,100.0
traj_sweep_205,cts,0.000851805,0.000851805,1076.77,1278.42,958.93,958.93,739.0,9.0,739.0,12.2,1.1565,854.755,0.890563,0.890563,763.0,23.0,23.0,4048.0,4048.0,2045300.0,29.0,1.0,1.0,84.0,0.00554449,2.61481e-05,0.00440904,0.00997968,4508.8,0.55955,0.653665,53.0,2406500000.0,2406500000.0,0.0735413,-11.8419,-0.255541,89.0563,0.16,1.0,38.0,50.0,0.2,100.0
traj_sweep_206,cts,0.000282892,0.000282892,1076.77,1278.42,939.246,939.246,737.0,12.0,737.0,9.54,0.7835,577.699,0.872283,0.872283,761.0,23.0,23.0,4048.0,4048.0,1365650.0,20.0,1.0,1.0,14.0,0.00515207,2.53631e-05,0.00408658,0.00926401,4129.96,0.665073,0.704437,53.0,2431270000.0,2431270000.0,0.0741913,-11.1102,-0.241308,87.2283,0.17,1.0,38.0,50.0,0.2,100.0
traj_sweep_207,cts,0.00104417,0.00104417,1076.77,1278.42,937.65,937.65,730.0,8.0,730.0,8.64,0.7815,570.628,0.8708,0.8708,754.0,23.0,23.0,4048.0,4048.0,1416820.0,21.0,1.0,1.0,14.0,0.00476457,2.52044e-05,0.00383471,0.00862449,4158.53,0.663697,0.703775,53.0,2435540000.0,2435540000.0,0.0781974,-10.6007,-0.230586,87.08,0.18,1.0,38.0,50.0,0.2,100.0
traj_sweep_208,cts,0.00131423,0.00131423,1076.77,1278.42,933.926,933.926,732.0,10.0,732.0,9.92,0.825,603.983,0.867342,0.867342,756.0,23.0,23.0,4048.0,4048.0,1425800.0,21.0,1.0,1.0,17.0,0.00450617,2.51312e-05,0.00359347,0.00812476,4159.66,0.667471,0.700814,53.0,2446910000.0,2446910000.0,0.0791735,-10.1011,-0.218678,86.7342,0.19,1.0,38.0,50.0,0.2,100.0
traj_sweep_209,cts,0.000822994,0.000822994,1076.77,1278.42,935.522,935.522,732.0,13.0,732.0,10.3,0.6695,490.321,0.868824,0.868824,758.0,23.0,23.0,4048.0,4048.0,1245810.0,18.0,1.0,1.0,18.0,0.00427713,2.52112e-05,0.00339383,0.00769617,4086.4,0.61001,0.677942,53.0,2446710000.0,2446710000.0,0.0832298,-9.54891,-0.208712,86.8824,0.2,1.0,38.0,50.0,0.2,100.0
traj_sweep_210,cts,0.00108259,0.00108259,1076.77,1278.42,916.104,916.104,728.0,10.0,728.0,6.98,0.4295,312.877,0.850791,0.850791,752.0,23.0,23.0,4048.0,4048.0,840226.0,12.0,1.0,1.0,9.0,0.00398784,2.45971e-05,0.00318312,0.00719555,3851.12,0.665584,0.699868,53.0,2450450000.0,2450450000.0,0.0809846,-8.92024,-0.198089,85.0791,0.21,1.0,38.0,50.0,0.2,100.0
traj_sweep_211,cts,0.000845185,0.000845185,1076.77,1278.42,935.788,935.788,724.0,11.0,724.0,9.35,0.625,452.631,0.869071,0.869071,750.0,23.0,23.0,4048.0,4048.0,1008920.0,15.0,1.0,1.0,11.0,0.00388122,2.53836e-05,0.00312272,0.00702932,3956.49,0.58871,0.667695,53.0,2431310000.0,2431310000.0,0.0851741,-8.47741,-0.191301,86.9071,0.22,1.0,38.0,50.0,0.2,100.0
traj_sweep_212,cts,0.000638753,0.000638753,1076.77,1278.42,910.784,910.784,724.0,8.0,724.0,8.64,0.595,431.085,0.84585,0.84585,748.0,23.0,23.0,4048.0,4048.0,897485.0,13.0,1.0,1.0,14.0,0.00361917,2.43359e-05,0.00289726,0.00654077,3935.04,0.653405,0.698823,53.0,2430400000.0,2430400000.0,0.0833932,-7.86846,-0.181455,84.585,0.23,1.0,38.0,50.0,0.2,100.0
traj_sweep_213,cts,0.00195154,0.00195154,1076.77,1278.42,894.292,894.292,726.0,6.0,726.0,7.88,0.2965,215.391,0.830534,0.830534,750.0,23.0,23.0,4048.0,4048.0,595557.0,9.0,1.0,1.0,10.0,0.00341879,2.36223e-05,0.00273792,0.00618034,3746.39,0.643971,0.694283,52.0,2434360000.0,2434360000.0,0.0839777,-7.45693,-0.170785,83.0534,0.24,1.0,38.0,50.0,0.2,100.0
traj_sweep_214,cts,0.000893972,0.000893972,1076.77,1278.42,920.36,920.36,730.0,10.0,730.0,11.06,0.631,460.7,0.854743,0.854743,754.0,23.0,23.0,4048.0,4048.0,1157470.0,17.0,1.0,1.0,21.0,0.00336874,2.45257e-05,0.0026941,0.00608736,3974.31,0.643971,0.694283,51.0,2444500000.0,2444500000.0,0.0881472,-6.95295,-0.159082,85.4743,0.25,1.0,38.0,50.0,0.2,100.0
traj_sweep_215,cts,0.00115493,0.00115493,1076.77,1278.42,906.528,906.528,725.0,6.0,725.0,7.31,0.5585,404.933,0.841897,0.841897,749.0,23.0,23.0,4048.0,4048.0,903750.0,13.0,1.0,1.0,18.0,0.00318102,2.3764e-05,0.00256086,0.00576564,3882.97,0.654264,0.699236,51.0,2431310000.0,2431310000.0,0.0911245,-6.63624,-0.151301,84.1897,0.26,1.0,38.0,50.0,0.2,100.0
traj_sweep_216,cts,0.00108621,0.00108621,1076.77,1278.42,904.4,904.4,729.0,10.0,729.0,6.93,0.333,242.875,0.839921,0.839921,753.0,23.0,23.0,4048.0,4048.0,576181.0,9.0,1.0,1.0,7.0,0.00311631,2.36565e-05,0.0024654,0.00560536,3648.41,0.643971,0.694283,49.0,2447280000.0,2447280000.0,0.0930482,-5.97472,-0.138617,83.9921,0.27,1.0,38.0,50.0,0.2,100.0
traj_sweep_217,cts,0.00157546,0.00157546,1076.77,1278.42,910.252,910.252,730.0,10.0,730.0,7.88,0.499,364.545,0.845356,0.845356,754.0,23.0,23.0,4048.0,4048.0,807223.0,12.0,1.0,1.0,11.0,0.00299777,2.38753e-05,0.00240966,0.0054313,3767.83,0.631112,0.688096,49.0,2432410000.0,2432410000.0,0.0946159,-5.59219,-0.131115,84.5356,0.28,1.0,38.0,50.0,0.2,100.0
traj_sweep_218,cts,0.000829684,0.000829684,1076.77,1278.42,913.976,913.976,720.0,9.0,720.0,6.93,0.4755,342.594,0.848814,0.848814,744.0,23.0,23.0,4048.0,4048.0,902230.0,14.0,1.0,1.0,13.0,0.00287357,2.40057e-05,0.00233096,0.00522854,3792.22,0.655291,0.69974,49.0,2422060000.0,2422060000.0,0.0977089,-5.18383,-0.122871,84.8814,0.29,1.0,38.0,50.0,0.2,100.0
traj_sweep_219,cts,0.00155324,0.00155324,1076.77,1278.42,888.972,888.972,718.0,6.0,718.0,6.03,0.3195,229.707,0.825593,0.825593,742.0,23.0,23.0,4048.0,4048.0,522870.0,8.0,1.0,1.0,11.0,0.00272548,2.31405e-05,0.00218379,0.00493242,3703.57,0.667471,0.70083,49.0,2442300000.0,2442300000.0,0.0977397,-4.65592,-0.109451,82.5593,0.3,1.0,38.0,50.0,0.2,100.0
traj_sweep_220,cts,0.00154405,0.00154405,1076.77,1278.42,886.046,886.046,720.0,7.0,720.0,7.5,0.307,221.058,0.822875,0.822875,744.0,23.0,23.0,4048.0,4048.0,509031.0,8.0,1.0,1.0,9.0,0.00264583,2.29544e-05,0.00207504,0.00474382,3613.39,0.636424,0.690659,48.0,2439440000.0,2439440000.0,0.102324,-4.19347,-0.0999303,82.2875,0.31,1.0,38.0,50.0,0.2,100.0
traj_sweep_221,cts,0.00190797,0.00190797,1076.77,1278.42,844.816,844.816,704.0,3.0,704.0,5.98,0.0935,66.102,0.784585,0.784585,728.0,23.0,23.0,4048.0,4048.0,206243.0,3.0,1.0,1.0,3.0,0.00239491,2.15705e-05,0.0019313,0.00434778,3365.04,0.654264,0.699239,48.0,2456570000.0,2456570000.0,0.100959,-3.50995,-0.0870718,78.4585,0.32,1.0,38.0,50.0,0.2,100.0
traj_sweep_222,cts,0.000767504,0.000767504,1076.77,1278.42,836.304,836.304,697.0,4.0,697.0,7.5,0.11,76.9065,0.77668,0.77668,721.0,23.0,23.0,4048.0,4048.0,156556.0,2.0,1.0,1.0,3.0,0.00230557,2.11496e-05,0.00186626,0.00419298,3367.79,0.663697,0.675367,47.0,2459190000.0,2459190000.0,0.104089,-3.16886,-0.0777758,77.668,0.33,1.0,38.0,50.0,0.2,100.0
traj_sweep_223,cts,0.00187142,0.00187142,1076.77,1278.42,828.856,828.856,700.0,3.0,700.0,6.93,0.105,73.619,0.769763,0.769763,724.0,23.0,23.0,4048.0,4048.0,212170.0,3.0,1.0,1.0,4.0,0.00222262,2.08882e-05,0.00176669,0.0040102,3305.44,0.317875,0.537109,47.0,2450270000.0,2450270000.0,0.106989,-2.81344,-0.0712867,76.9763,0.34,1.0,38.0,50.0,0.2,100.0
traj_sweep_224,cts,0.00165626,0.00165626,1076.77,1278.42,856.52,856.52,702.0,4.0,702.0,10.54,0.2345,164.809,0.795455,0.795455,726.0,23.0,23.0,4048.0,4048.0,449342.0,7.0,1.0,1.0,8.0,0.00222075,2.1912e-05,0.00181169,0.00405435,3490.53,0.658037,0.701055,47.0,2427770000.0,2427770000.0,0.107636,-2.50817,-0.0629584,79.5455,0.35,1.0,38.0,50.0,0.2,100.0
traj_sweep_225,cts,0.00188383,0.00188383,1076.77,1278.42,834.442,834.442,698.0,3.0,698.0,6.03,0.09,62.994,0.774951,0.774951,722.0,23.0,23.0,4048.0,4048.0,187676.0,3.0,1.0,1.0,2.0,0.00211362,2.11252e-05,0.00169042,0.00382516,3250.58,0.632139,0.688594,47.0,2431860000.0,2431860000.0,0.110088,-1.98018,-0.0515678,77.4951,0.36,1.0,38.0,50.0,0.2,100.0
traj_sweep_226,cts,0.00140771,0.00140771,1076.77,1278.42,814.758,814.758,694.0,1.0,694.0,5.84,0.07,48.7075,0.75667,0.75667,718.0,23.0,23.0,4048.0,4048.0,101830.0,2.0,1.0,1.0,2.0,0.00199177,2.04372e-05,0.00159498,0.00360719,3250.92,0.775914,0.673378,46.0,2407310000.0,2407310000.0,0.110414,-1.66071,-0.0467119,75.667,0.37,1.0,38.0,50.0,0.2,100.0
traj_sweep_227,cts,0.0014791,0.0014791,1076.77,1278.42,876.204,876.204,702.0,7.0,702.0,8.26,0.3415,239.782,0.813735,0.813735,727.0,23.0,23.0,4048.0,4048.0,570207.0,9.0,1.0,1.0,11.0,0.00208553,2.26152e-05,0.00171266,0.00382081,3530.28,0.663697,0.703784,46.0,2387560000.0,2387560000.0,0.113843,-1.31907,-0.0414734,81.3735,0.38,1.0,38.0,50.0,0.2,100.0
traj_sweep_228,cts,0.000693008,0.000693008,1076.77,1278.42,819.28,819.28,696.0,2.0,696.0,5.08,0.097,67.565,0.76087,0.76087,720.0,23.0,23.0,4048.0,4048.0,220309.0,3.0,1.0,1.0,5.0,0.00191121,2.05429e-05,0.00153584,0.00346759,3307.3,0.643971,0.645935,45.0,2397880000.0,2397880000.0,0.114928,-0.895063,-0.0272608,76.087,0.39,1.0,38.0,50.0,0.2,100.0
traj_sweep_229,cts,0.00106511,0.00106511,1076.77,1278.42,808.64,808.64,690.0,2.0,690.0,7.17,0.1625,112.369,0.750988,0.750988,714.0,23.0,23.0,4048.0,4048.0,304099.0,5.0,1.0,1.0,3.0,0.00186907,2.02117e-05,0.00150471,0.00339399,3312.14,0.65049,0.697424,30.0,2381670000.0,2381670000.0,0.110513,-0.367142,-0.0200314,75.0988,0.4,1.0,38.0,50.0,0.2,100.0
traj_sweep_230,cts,0.00117015,0.00117015,1076.77,1278.42,781.774,781.774,681.0,9.0,681.0,6.41,0.2465,167.882,0.726038,0.726038,705.0,23.0,23.0,4048.0,4048.0,432386.0,7.0,1.0,1.0,9.0,0.00177132,1.92588e-05,0.00141441,0.00320499,3401.2,0.795588,0.739294,41.0,2380810000.0,2380810000.0,0.110597,-0.192529,-0.0127939,72.6038,0.41,1.0,38.0,50.0,0.2,100.0
traj_sweep_231,cts,0.00105548,0.00105548,1076.77,1278.42,731.234,731.234,661.0,7.0,661.0,5.439,0.0715,47.522,0.679101,0.679101,685.0,23.0,23.0,4048.0,4048.0,60500.0,1.0,1.0,1.0,2.0,0.00159918,1.73116e-05,0.00126958,0.00288608,3127.33,0.778607,0.615899,7.0,2374030000.0,2374030000.0,0.110433,-0.00748426,-0.00293143,67.9101,0.42,1.0,38.0,50.0,0.2,100.0
traj_sweep_232,cts,0.000908697,0.000908697,1076.77,1278.42,704.9,704.9,635.0,5.0,635.0,3.94,0.0415,26.3725,0.654644,0.654644,659.0,23.0,23.0,4048.0,4048.0,51017.0,1.0,1.0,1.0,1.0,0.00149737,1.64894e-05,0.00120795,0.00272181,3069.34,0.793204,0.61224,2.0,2329710000.0,2329710000.0,0.110513,-0.00079331,-0.000655559,65.4644,0.43,1.0,38.0,50.0,0.2,100.0
traj_sweep_233,cts,0.00374065,0.00374065,1076.77,1278.42,686.014,686.014,620.0,1.0,620.0,2.99,0.006,3.97,0.637105,0.637105,644.0,23.0,23.0,4048.0,4048.0,12503.0,0.0,0.0,0.0,1.0,0.00140196,1.5854e-05,0.0011643,0.00258211,3036.3,0.780532,0.612851,0.0,2306230000.0,2306230000.0,0.110364,0.0,0.00023484,63.7105,0.44,1.0,38.0,50.0,0.2,100.0
traj_sweep_234,cts,0.000231738,0.000231738,1076.77,1278.42,682.556,682.556,617.0,0.0,617.0,0.0,0.0,0.0,0.633893,0.633893,641.0,23.0,23.0,4048.0,4048.0,0.0,0.0,0.0,0.0,2.0,0.00136555,1.56944e-05,0.00112383,0.00250507,3052.48,0.755657,0.617559,0.0,2292680000.0,2292680000.0,0.111228,0.0,0.0051058,63.3893,0.45,1.0,38.0,50.0,0.2,100.0
traj_sweep_235,cts,0.000770897,0.000770897,1076.77,1278.42,680.162,680.162,614.0,0.0,614.0,0.0,0.0,0.0,0.63167,0.63167,638.0,23.0,23.0,4048.0,4048.0,0.0,0.0,0.0,0.0,1.0,0.00132226,1.56394e-05,0.00109423,0.00243212,2986.35,0.767821,0.621576,0.0,2287810000.0,2287810000.0,0.111059,0.0,0.00726225,63.167,0.46,1.0,38.0,50.0,0.2,100.0
traj_sweep_236,cts,0.000728924,0.000728924,1076.77,1278.42,677.502,677.502,610.0,0.0,610.0,0.0,0.0,0.0,0.6292,0.6292,636.0,23.0,23.0,4048.0,4048.0,0.0,0.0,0.0,0.0,1.0,0.00128309,1.55682e-05,0.00105346,0.00235212,2956.42,0.777801,0.527429,0.0,2272850000.0,2272850000.0,0.110841,0.0,0.017934,62.92,0.47,1.0,38.0,50.0,0.2,100.0
traj_sweep_237,cts,0.000389543,0.000389543,1076.77,1278.42,677.236,677.236,611.0,0.0,611.0,0.0,0.0,0.0,0.628953,0.628953,636.0,23.0,23.0,4048.0,4048.0,0.0,0.0,0.0,0.0,1.0,0.00125599,1.55647e-05,0.00104895,0.0023205,2996.9,0.776793,0.540608,0.0,2259930000.0,2259930000.0,0.111216,0.0,0.0183809,62.8953,0.48,1.0,38.0,50.0,0.2,100.0
traj_sweep_238,cts,0.0011519,0.0011519,1076.77,1278.42,675.64,675.64,610.0,0.0,610.0,0.0,0.0,0.0,0.62747,0.62747,634.0,23.0,23.0,4048.0,4048.0,0.0,0.0,0.0,0.0,1.0,0.00123802,1.54618e-05,0.00102446,0.00227794,2928.69,0.776758,0.620352,0.0,2249320000.0,2249320000.0,0.110371,0.0,0.0328523,62.747,0.49,1.0,38.0,50.0,0.2,100.0
traj_sweep_239,cts,0.000743405,0.000743405,1076.77,1278.42,674.576,674.576,609.0,0.0,609.0,0.0,0.0,0.0,0.626482,0.626482,634.0,23.0,23.0,4048.0,4048.0,0.0,0.0,0.0,0.0,1.0,0.00120296,1.54538e-05,0.00100718,0.00222559,2969.97,0.758387,0.628912,0.0,2231810000.0,2231810000.0,0.110934,0.0,0.0377178,62.6482,0.5,1.0,38.0,50.0,0.2,100.0
traj_sweep_240,cts,0.000647427,0.000647427,1076.77,1278.42,675.374,675.374,610.0,0.0,610.0,0.0,0.0,0.0,0.627223,0.627223,634.0,23.0,23.0,4048.0,4048.0,0.0,0.0,0.0,0.0,1.0,0.00118882,1.5441e-05,0.00098265,0.00218691,2974.21,0.781359,0.611589,0.0,2191360000.0,2191360000.0,0.110514,0.0,0.048324,62.7223,0.51,1.0,38.0,50.0,0.2,100.0
traj_sweep_241,cts,0.00248632,0.00248632,1076.77,1278.42,675.64,675.64,610.0,0.0,610.0,0.0,0.0,0.0,0.62747,0.62747,634.0,23.0,23.0,4048.0,4048.0,0.0,0.0,0.0,0.0,1.0,0.00116757,1.54808e-05,0.000973076,0.00215612,2972.28,0.7918,0.621333,0.0,2249570000.0,2249570000.0,0.111113,0.0,0.0551226,62.747,0.52,1.0,38.0,50.0,0.2,100.0
traj_sweep_242,cts,0.00095926,0.00095926,1076.77,1278.42,675.108,675.108,610.0,0.0,610.0,0.0,0.0,0.0,0.626976,0.626976,634.0,23.0,23.0,4048.0,4048.0,0.0,0.0,0.0,0.0,1.0,0.00113853,1.54521e-05,0.000946324,0.00210031,2954.18,0.805667,0.625636,0.0,2238380000.0,2238380000.0,0.110799,0.0,0.0622818,62.6976,0.53,1.0,38.0,50.0,0.2,100.0
traj_sweep_243,cts,0.00133069,0.00133069,1076.77,1278.42,675.108,675.108,610.0,0.0,610.0,0.0,0.0,0.0,0.626976,0.626976,634.0,23.0,23.0,4048.0,4048.0,0.0,0.0,0.0,0.0,1.0,0.0011174,1.54521e-05,0.000923243,0.00205609,2953.53,0.778133,0.617109,0.0,2172520000.0,2172520000.0,0.110594,0.0,0.0726387,62.6976,0.54,1.0,38.0,50.0,0.2,100.0
traj_sweep_244,cts,0.00231828,0.00231828,1076.77,1278.42,674.842,674.842,610.0,0.0,610.0,0.0,0.0,0.0,0.626729,0.626729,634.0,23.0,23.0,4048.0,4048.0,0.0,0.0,0.0,0.0,2.0,0.00109629,1.54472e-05,0.00091392,0.00202566,2971.36,0.75974,0.615887,0.0,2173420000.0,2173420000.0,0.111062,0.0,0.0813491,62.6729,0.55,1.0,38.0,50.0,0.2,100.0
traj_sweep_245,cts,0.000744189,0.000744189,1076.77,1278.42,674.576,674.576,609.0,0.0,609.0,0.0,0.0,0.0,0.626482,0.626482,633.0,23.0,23.0,4048.0,4048.0,0.0,0.0,0.0,0.0,1.0,0.00108353,1.54213e-05,0.000893001,0.00199195,2964.61,0.78187,0.554024,0.0,2193660000.0,2193660000.0,0.110707,0.0,0.0868246,62.6482,0.56,1.0,38.0,50.0,0.2,100.0
traj_sweep_246,cts,0.000744189,0.000744189,1076.77,1278.42,674.576,674.576,609.0,0.0,609.0,0.0,0.0,0.0,0.626482,0.626482,633.0,23.0,23.0,4048.0,4048.0,0.0,0.0,0.0,0.0,1.0,0.00106452,1.54213e-05,0.000877334,0.00195728,2964.61,0.78187,0.554024,0.0,2193660000.0,2193660000.0,0.110707,0.0,0.0948247,62.6482,0.57,1.0,38.0,50.0,0.2,100.0
traj_sweep_247,cts,0.000527439,0.000527439,1076.77,1278.42,674.044,674.044,608.0,0.0,608.0,0.0,0.0,0.0,0.625988,0.625988,632.0,23.0,23.0,4048.0,4048.0,0.0,0.0,0.0,0.0,1.0,0.00104696,1.54214e-05,0.000857832,0.00192021,2921.09,0.772985,0.473769,0.0,2190530000.0,2190530000.0,0.110619,0.0,0.105027,62.5988,0.58,1.0,38.0,50.0,0.2,100.0
traj_sweep_248,cts,0.00118603,0.00118603,1076.77,1278.42,673.512,673.512,608.0,0.0,608.0,0.0,0.0,0.0,0.625494,0.625494,632.0,23.0,23.0,4048.0,4048.0,0.0,0.0,0.0,0.0,1.0,0.00102281,1.54102e-05,0.000846533,0.00188475,2954.09,0.793739,0.558281,0.0,2182110000.0,2182110000.0,0.110729,0.0,0.110888,62.5494,0.59,1.0,38.0,50.0,0.2,100.0
traj_sweep_249,cts,0.000583304,0.000583304,1076.77,1278.42,674.842,674.842,608.0,0.0,608.0,0.0,0.0,0.0,0.626729,0.626729,632.0,23.0,23.0,4048.0,4048.0,0.0,0.0,0.0,0.0,1.0,0.00101222,1.54659e-05,0.000834467,0.00186215,2973.11,0.737633,0.554675,0.0,2191110000.0,2191110000.0,0.110441,0.0,0.119181,62.6729,0.6,1.0,38.0,50.0,0.2,100.0
traj_sweep_250,cts,0.000787898,0.000787898,1076.77,1278.42,674.842,674.842,608.0,0.0,608.0,0.0,0.0,0.0,0.626729,0.626729,632.0,23.0,23.0,4048.0,4048.0,0.0,0.0,0.0,0.0,1.0,0.00099578,1.54659e-05,0.000819891,0.00183114,2960.42,0.747067,0.553279,0.0,2190970000.0,2190970000.0,0.11095,0.0,0.128377,62.6729,0.61,1.0,38.0,50.0,0.2,100.0
traj_sweep_251,cts,0.000870845,0.000870845,1076.77,1278.42,674.044,674.044,608.0,0.0,608.0,0.0,0.0,0.0,0.625988,0.625988,632.0,23.0,23.0,4048.0,4048.0,0.0,0.0,0.0,0.0,1.0,0.000979385,1.54214e-05,0.000809115,0.00180392,2958.44,0.767821,0.550711,0.0,2198750000.0,2198750000.0,0.110994,0.0,0.132811,62.5988,0.62,1.0,38.0,50.0,0.2,100.0
traj_sweep_252,cts,0.00037427,0.00037427,1076.77,1278.42,942.97,942.97,737.0,9.0,737.0,9.54,0.6825,503.354,0.875741,0.875741,763.0,23.0,23.0,4048.0,4048.0,1216270.0,17.0,1.0,1.0,21.0,0.00625895,2.54117e-05,0.00492191,0.0112063,4092.35,0.66181,0.702868,53.0,2426820000.0,2426820000.0,0.0715708,-12.6792,-0.272063,87.5741,0.14,1.0,39.0,50.0,0.2,100.0
traj_sweep_253,cts,0.00139967,0.00139967,1076.77,1278.42,946.428,946.428,737.0,8.0,737.0,9.4,0.6955,512.678,0.878953,0.878953,761.0,23.0,23.0,4048.0,4048.0,1279680.0,18.0,1.0,1.0,15.0,0.00586746,2.55808e-05,0.00463898,0.010532,4118.66,0.598675,0.67249,53.0,2432750000.0,2432750000.0,0.0727577,-12.2224,-0.261058,87.8953,0.15,1.0,39.0,50.0,0.2,100.0
traj_sweep_254,cts,0.000851805,0.000851805,1076.77,1278.42,958.93,958.93,739.0,9.0,739.0,12.2,1.1565,854.755,0.890563,0.890563,763.0,23.0,23.0,4048.0,4048.0,2045300.0,29.0,1.0,1.0,84.0,0.00554449,2.61481e-05,0.00440904,0.00997968,4508.8,0.55955,0.653665,53.0,2406500000.0,2406500000.0,0.0735413,-11.8419,-0.255541,89.0563,0.16,1.0,39.0,50.0,0.2,100.0
traj_sweep_255,cts,0.000282892,0.000282892,1076.77,1278.42,939.246,939.246,737.0,12.0,737.0,9.54,0.7835,577.699,0.872283,0.872283,761.0,23.0,23.0,4048.0,4048.0,1365650.0,20.0,1.0,1.0,14.0,0.00515207,2.53631e-05,0.00408658,0.00926401,4129.96,0.665073,0.704437,53.0,2431270000.0,2431270000.0,0.0741913,-11.1102,-0.241308,87.2283,0.17,1.0,39.0,50.0,0.2,100.0
traj_sweep_256,cts,0.00104417,0.00104417,1076.77,1278.42,937.65,937.65,730.0,8.0,730.0,8.64,0.7815,570.628,0.8708,0.8708,754.0,23.0,23.0,4048.0,4048.0,1416820.0,21.0,1.0,1.0,14.0,0.00476457,2.52044e-05,0.00383471,0.00862449,4158.53,0.663697,0.703775,53.0,2435540000.0,2435540000.0,0.0781974,-10.6007,-0.230586,87.08,0.18,1.0,39.0,50.0,0.2,100.0
traj_sweep_257,cts,0.00131423,0.00131423,1076.77,1278.42,933.926,933.926,732.0,10.0,732.0,9.92,0.825,603.983,0.867342,0.867342,756.0,23.0,23.0,4048.0,4048.0,1425800.0,21.0,1.0,1.0,17.0,0.00450617,2.51312e-05,0.00359347,0.00812476,4159.66,0.667471,0.700814,53.0,2446910000.0,2446910000.0,0.0791735,-10.1011,-0.218678,86.7342,0.19,1.0,39.0,50.0,0.2,100.0
traj_sweep_258,cts,0.000822994,0.000822994,1076.77,1278.42,935.522,935.522,732.0,13.0,732.0,10.3,0.6695,490.321,0.868824,0.868824,758.0,23.0,23.0,4048.0,4048.0,1245810.0,18.0,1.0,1.0,18.0,0.00427713,2.52112e-05,0.00339383,0.00769617,4086.4,0.61001,0.677942,53.0,2446710000.0,2446710000.0,0.0832298,-9.54891,-0.208712,86.8824,0.2,1.0,39.0,50.0,0.2,100.0
traj_sweep_259,cts,0.00108259,0.00108259,1076.77,1278.42,916.104,916.104,728.0,10.0,728.0,6.98,0.4295,312.877,0.850791,0.850791,752.0,23.0,23.0,4048.0,4048.0,840226.0,12.0,1.0,1.0,9.0,0.00398784,2.45971e-05,0.00318312,0.00719555,3851.12,0.665584,0.699868,53.0,2450450000.0,2450450000.0,0.0809846,-8.92024,-0.198089,85.0791,0.21,1.0,39.0,50.0,0.2,100.0
traj_sweep_260,cts,0.000845185,0.000845185,1076.77,1278.42,935.788,935.788,724.0,11.0,724.0,9.35,0.625,452.631,0.869071,0.869071,750.0,23.0,23.0,4048.0,4048.0,1008920.0,15.0,1.0,1.0,11.0,0.00388122,2.53836e-05,0.00312272,0.00702932,3956.49,0.58871,0.667695,53.0,2431310000.0,2431310000.0,0.0851741,-8.47741,-0.191301,86.9071,0.22,1.0,39.0,50.0,0.2,100.0
traj_sweep_261,cts,0.000638753,0.000638753,1076.77,1278.42,910.784,910.784,724.0,8.0,724.0,8.64,0.595,431.085,0.84585,0.84585,748.0,23.0,23.0,4048.0,4048.0,897485.0,13.0,1.0,1.0,14.0,0.00361917,2.43359e-05,0.00289726,0.00654077,3935.04,0.653405,0.698823,53.0,2430400000.0,2430400000.0,0.0833932,-7.86846,-0.181455,84.585,0.23,1.0,39.0,50.0,0.2,100.0
traj_sweep_262,cts,0.00195154,0.00195154,1076.77,1278.42,894.292,894.292,726.0,6.0,726.0,7.88,0.2965,215.391,0.830534,0.830534,750.0,23.0,23.0,4048.0,4048.0,595557.0,9.0,1.0,1.0,10.0,0.00341879,2.36223e-05,0.00273792,0.00618034,3746.39,0.643971,0.694283,52.0,2434360000.0,2434360000.0,0.0839777,-7.45693,-0.170785,83.0534,0.24,1.0,39.0,50.0,0.2,100.0
traj_sweep_263,cts,0.000893972,0.000893972,1076.77,1278.42,920.36,920.36,730.0,10.0,730.0,11.06,0.631,460.7,0.854743,0.854743,754.0,23.0,23.0,4048.0,4048.0,1157470.0,17.0,1.0,1.0,21.0,0.00336874,2.45257e-05,0.0026941,0.00608736,3974.31,0.643971,0.694283,51.0,2444500000.0,2444500000.0,0.0881472,-6.95295,-0.159082,85.4743,0.25,1.0,39.0,50.0,0.2,100.0
traj_sweep_264,cts,0.00115493,0.00115493,1076.77,1278.42,906.528,906.528,725.0,6.0,725.0,7.31,0.5585,404.933,0.841897,0.841897,749.0,23.0,23.0,4048.0,4048.0,903750.0,13.0,1.0,1.0,18.0,0.00318102,2.3764e-05,0.00256086,0.00576564,3882.97,0.654264,0.699236,51.0,2431310000.0,2431310000.0,0.0911245,-6.63624,-0.151301,84.1897,0.26,1.0,39.0,50.0,0.2,100.0
traj_sweep_265,cts,0.00108621,0.00108621,1076.77,1278.42,904.4,904.4,729.0,10.0,729.0,6.93,0.333,242.875,0.839921,0.839921,753.0,23.0,23.0,4048.0,4048.0,576181.0,9.0,1.0,1.0,7.0,0.00311631,2.36565e-05,0.0024654,0.00560536,3648.41,0.643971,0.694283,49.0,2447280000.0,2447280000.0,0.0930482,-5.97472,-0.138617,83.9921,0.27,1.0,39.0,50.0,0.2,100.0
traj_sweep_266,cts,0.00157546,0.00157546,1076.77,1278.42,910.252,910.252,730.0,10.0,730.0,7.88,0.499,364.545,0.845356,0.845356,754.0,23.0,23.0,4048.0,4048.0,807223.0,12.0,1.0,1.0,11.0,0.00299777,2.38753e-05,0.00240966,0.0054313,3767.83,0.631112,0.688096,49.0,2432410000.0,2432410000.0,0.0946159,-5.59219,-0.131115,84.5356,0.28,1.0,39.0,50.0,0.2,100.0
traj_sweep_267,cts,0.000829684,0.000829684,1076.77,1278.42,913.976,913.976,720.0,9.0,720.0,6.93,0.4755,342.594,0.848814,0.848814,744.0,23.0,23.0,4048.0,4048.0,902230.0,14.0,1.0,1.0,13.0,0.00287357,2.40057e-05,0.00233096,0.00522854,3792.22,0.655291,0.69974,49.0,2422060000.0,2422060000.0,0.0977089,-5.18383,-0.122871,84.8814,0.29,1.0,39.0,50.0,0.2,100.0
traj_sweep_268,cts,0.00155324,0.00155324,1076.77,1278.42,888.972,888.972,718.0,6.0,718.0,6.03,0.3195,229.707,0.825593,0.825593,742.0,23.0,23.0,4048.0,4048.0,522870.0,8.0,1.0,1.0,11.0,0.00272548,2.31405e-05,0.00218379,0.00493242,3703.57,0.667471,0.70083,49.0,2442300000.0,2442300000.0,0.0977397,-4.65592,-0.109451,82.5593,0.3,1.0,39.0,50.0,0.2,100.0
traj_sweep_269,cts,0.00154405,0.00154405,1076.77,1278.42,886.046,886.046,720.0,7.0,720.0,7.5,0.307,221.058,0.822875,0.822875,744.0,23.0,23.0,4048.0,4048.0,509031.0,8.0,1.0,1.0,9.0,0.00264583,2.29544e-05,0.00207504,0.00474382,3613.39,0.636424,0.690659,48.0,2439440000.0,2439440000.0,0.102324,-4.19347,-0.0999303,82.2875,0.31,1.0,39.0,50.0,0.2,100.0
traj_sweep_270,cts,0.00190797,0.00190797,1076.77,1278.42,844.816,844.816,704.0,3.0,704.0,5.98,0.0935,66.102,0.784585,0.784585,728.0,23.0,23.0,4048.0,4048.0,206243.0,3.0,1.0,1.0,3.0,0.00239491,2.15705e-05,0.0019313,0.00434778,3365.04,0.654264,0.699239,48.0,2456570000.0,2456570000.0,0.100959,-3.50995,-0.0870718,78.4585,0.32,1.0,39.0,50.0,0.2,100.0
traj_sweep_271,cts,0.000767504,0.000767504,1076.77,1278.42,836.304,836.304,697.0,4.0,697.0,7.5,0.11,76.9065,0.77668,0.77668,721.0,23.0,23.0,4048.0,4048.0,156556.0,2.0,1.0,1.0,3.0,0.00230557,2.11496e-05,0.00186626,0.00419298,3367.79,0.663697,0.675367,47.0,2459190000.0,2459190000.0,0.104089,-3.16886,-0.0777758,77.668,0.33,1.0,39.0,50.0,0.2,100.0
traj_sweep_272,cts,0.00187142,0.00187142,1076.77,1278.42,828.856,828.856,700.0,3.0,700.0,6.93,0.105,73.619,0.769763,0.769763,724.0,23.0,23.0,4048.0,4048.0,212170.0,3.0,1.0,1.0,4.0,0.00222262,2.08882e-05,0.00176669,0.0040102,3305.44,0.317875,0.537109,47.0,2450270000.0,2450270000.0,0.106989,-2.81344,-0.0712867,76.9763,0.34,1.0,39.0,50.0,0.2,100.0
traj_sweep_273,cts,0.00165626,0.00165626,1076.77,1278.42,856.52,856.52,702.0,4.0,702.0,10.54,0.2345,164.809,0.795455,0.795455,726.0,23.0,23.0,4048.0,4048.0,449342.0,7.0,1.0,1.0,8.0,0.00222075,2.1912e-05,0.00181169,0.00405435,3490.53,0.658037,0.701055,47.0,2427770000.0,2427770000.0,0.107636,-2.50817,-0.0629584,79.5455,0.35,1.0,39.0,50.0,0.2,100.0
traj_sweep_274,cts,0.00188383,0.00188383,1076.77,1278.42,834.442,834.442,698.0,3.0,698.0,6.03,0.09,62.994,0.774951,0.774951,722.0,23.0,23.0,4048.0,4048.0,187676.0,3.0,1.0,1.0,2.0,0.00211362,2.11252e-05,0.00169042,0.00382516,3250.58,0.632139,0.688594,47.0,2431860000.0,2431860000.0,0.110088,-1.98018,-0.0515678,77.4951,0.36,1.0,39.0,50.0,0.2,100.0
traj_sweep_275,cts,0.00140771,0.00140771,1076.77,1278.42,814.758,814.758,694.0,1.0,694.0,5.84,0.07,48.7075,0.75667,0.75667,718.0,23.0,23.0,4048.0,4048.0,101830.0,2.0,1.0,1.0,2.0,0.00199177,2.04372e-05,0.00159498,0.00360719,3250.92,0.775914,0.673378,46.0,2407310000.0,2407310000.0,0.110414,-1.66071,-0.0467119,75.667,0.37,1.0,39.0,50.0,0.2,100.0
traj_sweep_276,cts,0.0014791,0.0014791,1076.77,1278.42,876.204,876.204,702.0,7.0,702.0,8.26,0.3415,239.782,0.813735,0.813735,727.0,23.0,23.0,4048.0,4048.0,570207.0,9.0,1.0,1.0,11.0,0.00208553,2.26152e-05,0.00171266,0.00382081,3530.28,0.663697,0.703784,46.0,2387560000.0,2387560000.0,0.113843,-1.31907,-0.0414734,81.3735,0.38,1.0,39.0,50.0,0.2,100.0
traj_sweep_277,cts,0.000693008,0.000693008,1076.77,1278.42,819.28,819.28,696.0,2.0,696.0,5.08,0.097,67.565,0.76087,0.76087,720.0,23.0,23.0,4048.0,4048.0,220309.0,3.0,1.0,1.0,5.0,0.00191121,2.05429e-05,0.00153584,0.00346759,3307.3,0.643971,0.645935,45.0,2397880000.0,2397880000.0,0.114928,-0.895063,-0.0272608,76.087,0.39,1.0,39.0,50.0,0.2,100.0
traj_sweep_278,cts,0.00106511,0.00106511,1076.77,1278.42,808.64,808.64,690.0,2.0,690.0,7.17,0.1625,112.369,0.750988,0.750988,714.0,23.0,23.0,4048.0,4048.0,304099.0,5.0,1.0,1.0,3.0,0.00186907,2.02117e-05,0.00150471,0.00339399,3312.14,0.65049,0.697424,30.0,2381670000.0,2381670000.0,0.110513,-0.367142,-0.0200314,75.0988,0.4,1.0,39.0,50.0,0.2,100.0
traj_sweep_279,cts,0.00117015,0.00117015,1076.77,1278.42,781.774,781.774,681.0,9.0,681.0,6.41,0.2465,167.882,0.726038,0.726038,705.0,23.0,23.0,4048.0,4048.0,432386.0,7.0,1.0,1.0,9.0,0.00177132,1.92588e-05,0.00141441,0.00320499,3401.2,0.795588,0.739294,41.0,2380810000.0,2380810000.0,0.110597,-0.192529,-0.0127939,72.6038,0.41,1.0,39.0,50.0,0.2,100.0
traj_sweep_280,cts,0.00105548,0.00105548,1076.77,1278.42,731.234,731.234,661.0,7.0,661.0,5.439,0.0715,47.522,0.679101,0.679101,685.0,23.0,23.0,4048.0,4048.0,60500.0,1.0,1.0,1.0,2.0,0.00159918,1.73116e-05,0.00126958,0.00288608,3127.33,0.778607,0.615899,7.0,2374030000.0,2374030000.0,0.110433,-0.00748426,-0.00293143,67.9101,0.42,1.0,39.0,50.0,0.2,100.0
traj_sweep_281,cts,0.000908697,0.000908697,1076.77,1278.42,704.9,704.9,635.0,5.0,635.0,3.94,0.0415,26.3725,0.654644,0.654644,659.0,23.0,23.0,4048.0,4048.0,51017.0,1.0,1.0,1.0,1.0,0.00149737,1.64894e-05,0.00120795,0.00272181,3069.34,0.793204,0.61224,2.0,2329710000.0,2329710000.0,0.110513,-0.00079331,-0.000655559,65.4644,0.43,1.0,39.0,50.0,0.2,100.0
traj_sweep_282,cts,0.00374065,0.00374065,1076.77,1278.42,686.014,686.014,620.0,1.0,620.0,2.99,0.006,3.97,0.637105,0.637105,644.0,23.0,23.0,4048.0,4048.0,12503.0,0.0,0.0,0.0,1.0,0.00140196,1.5854e-05,0.0011643,0.00258211,3036.3,0.780532,0.612851,0.0,2306230000.0,2306230000.0,0.110364,0.0,0.00023484,63.7105,0.44,1.0,39.0,50.0,0.2,100.0
traj_sweep_283,cts,0.000231738,0.000231738,1076.77,1278.42,682.556,682.556,617.0,0.0,617.0,0.0,0.0,0.0,0.633893,0.633893,641.0,23.0,23.0,4048.0,4048.0,0.0,0.0,0.0,0.0,2.0,0.00136555,1.56944e-05,0.00112383,0.00250507,3052.48,0.755657,0.617559,0.0,2292680000.0,2292680000.0,0.111228,0.0,0.0051058,63.3893,0.45,1.0,39.0,50.0,0.2,100.0
traj_sweep_284,cts,0.000770897,0.000770897,1076.77,1278.42,680.162,680.162,614.0,0.0,614.0,0.0,0.0,0.0,0.63167,0.63167,638.0,23.0,23.0,4048.0,4048.0,0.0,0.0,0.0,0.0,1.0,0.00132226,1.56394e-05,0.00109423,0.00243212,2986.35,0.767821,0.621576,0.0,2287810000.0,2287810000.0,0.111059,0.0,0.00726225,63.167,0.46,1.0,39.0,50.0,0.2,100.0
traj_sweep_285,cts,0.000728924,0.000728924,1076.77,1278.42,677.502,677.502,610.0,0.0,610.0,0.0,0.0,0.0,0.6292,0.6292,636.0,23.0,23.0,4048.0,4048.0,0.0,0.0,0.0,0.0,1.0,0.00128309,1.55682e-05,0.00105346,0.00235212,2956.42,0.777801,0.527429,0.0,2272850000.0,2272850000.0,0.110841,0.0,0.017934,62.92,0.47,1.0,39.0,50.0,0.2,100.0
traj_sweep_286,cts,0.000389543,0.000389543,1076.77,1278.42,677.236,677.236,611.0,0.0,611.0,0.0,0.0,0.0,0.628953,0.628953,636.0,23.0,23.0,4048.0,4048.0,0.0,0.0,0.0,0.0,1.0,0.00125599,1.55647e-05,0.00104895,0.0023205,2996.9,0.776793,0.540608,0.0,2259930000.0,2259930000.0,0.111216,0.0,0.0183809,62.8953,0.48,1.0,39.0,50.0,0.2,100.0
traj_sweep_287,cts,0.0011519,0.0011519,1076.77,1278.42,675.64,675.64,610.0,0.0,610.0,0.0,0.0,0.0,0.62747,0.62747,634.0,23.0,23.0,4048.0,4048.0,0.0,0.0,0.0,0.0,1.0,0.00123802,1.54618e-05,0.00102446,0.00227794,2928.69,0.776758,0.620352,0.0,2249320000.0,2249320000.0,0.110371,0.0,0.0328523,62.747,0.49,1.0,39.0,50.0,0.2,100.0
traj_sweep_288,cts,0.000743405,0.000743405,1076.77,1278.42,674.576,674.576,609.0,0.0,609.0,0.0,0.0,0.0,0.626482,0.626482,634.0,23.0,23.0,4048.0,4048.0,0.0,0.0,0.0,0.0,1.0,0.00120296,1.54538e-05,0.00100718,0.00222559,2969.97,0.758387,0.628912,0.0,2231810000.0,2231810000.0,0.110934,0.0,0.0377178,62.6482,0.5,1.0,39.0,50.0,0.2,100.0
traj_sweep_289,cts,0.000647427,0.000647427,1076.77,1278.42,675.374,675.374,610.0,0.0,610.0,0.0,0.0,0.0,0.627223,0.627223,634.0,23.0,23.0,4048.0,4048.0,0.0,0.0,0.0,0.0,1.0,0.00118882,1.5441e-05,0.00098265,0.00218691,2974.21,0.781359,0.611589,0.0,2191360000.0,2191360000.0,0.110514,0.0,0.048324,62.7223,0.51,1.0,39.0,50.0,0.2,100.0
traj_sweep_290,cts,0.00248632,0.00248632,1076.77,1278.42,675.64,675.64,610.0,0.0,610.0,0.0,0.0,0.0,0.62747,0.62747,634.0,23.0,23.0,4048.0,4048.0,0.0,0.0,0.0,0.0,1.0,0.00116757,1.54808e-05,0.000973076,0.00215612,2972.28,0.7918,0.621333,0.0,2249570000.0,2249570000.0,0.111113,0.0,0.0551226,62.747,0.52,1.0,39.0,50.0,0.2,100.0
traj_sweep_291,cts,0.00095926,0.00095926,1076.77,1278.42,675.108,675.108,610.0,0.0,610.0,0.0,0.0,0.0,0.626976,0.626976,634.0,23.0,23.0,4048.0,4048.0,0.0,0.0,0.0,0.0,1.0,0.00113853,1.54521e-05,0.000946324,0.00210031,2954.18,0.805667,0.625636,0.0,2238380000.0,2238380000.0,0.110799,0.0,0.0622818,62.6976,0.53,1.0,39.0,50.0,0.2,100.0
traj_sweep_292,cts,0.00133069,0.00133069,1076.77,1278.42,675.108,675.108,610.0,0.0,610.0,0.0,0.0,0.0,0.626976,0.626976,634.0,23.0,23.0,4048.0,4048.0,0.0,0.0,0.0,0.0,1.0,0.0011174,1.54521e-05,0.000923243,0.00205609,2953.53,0.778133,0.617109,0.0,2172520000.0,2172520000.0,0.110594,0.0,0.0726387,62.6976,0.54,1.0,39.0,50.0,0.2,100.0
traj_sweep_293,cts,0.00231828,0.00231828,1076.77,1278.42,674.842,674.842,610.0,0.0,610.0,0.0,0.0,0.0,0.626729,0.626729,634.0,23.0,23.0,4048.0,4048.0,0.0,0.0,0.0,0.0,2.0,0.00109629,1.54472e-05,0.00091392,0.00202566,2971.36,0.75974,0.615887,0.0,2173420000.0,2173420000.0,0.111062,0.0,0.0813491,62.6729,0.55,1.0,39.0,50.0,0.2,100.0
traj_sweep_294,cts,0.000744189,0.000744189,1076.77,1278.42,674.576,674.576,609.0,0.0,609.0,0.0,0.0,0.0,0.626482,0.626482,633.0,23.0,23.0,4048.0,4048.0,0.0,0.0,0.0,0.0,1.0,0.00108353,1.54213e-05,0.000893001,0.00199195,2964.61,0.78187,0.554024,0.0,2193660000.0,2193660000.0,0.110707,0.0,0.0868246,62.6482,0.56,1.0,39.0,50.0,0.2,100.0
traj_sweep_295,cts,0.000744189,0.000744189,1076.77,1278.42,674.576,674.576,609.0,0.0,609.0,0.0,0.0,0.0,0.626482,0.626482,633.0,23.0,23.0,4048.0,4048.0,0.0,0.0,0.0,0.0,1.0,0.00106452,1.54213e-05,0.000877334,0.00195728,2964.61,0.78187,0.554024,0.0,2193660000.0,2193660000.0,0.110707,0.0,0.0948247,62.6482,0.57,1.0,39.0,50.0,0.2,100.0
traj_sweep_296,cts,0.000527439,0.000527439,1076.77,1278.42,674.044,674.044,608.0,0.0,608.0,0.0,0.0,0.0,0.625988,0.625988,632.0,23.0,23.0,4048.0,4048.0,0.0,0.0,0.0,0.0,1.0,0.00104696,1.54214e-05,0.000857832,0.00192021,2921.09,0.772985,0.473769,0.0,2190530000.0,2190530000.0,0.110619,0.0,0.105027,62.5988,0.58,1.0,39.0,50.0,0.2,100.0
traj_sweep_297,cts,0.00118603,0.00118603,1076.77,1278.42,673.512,673.512,608.0,0.0,608.0,0.0,0.0,0.0,0.625494,0.625494,632.0,23.0,23.0,4048.0,4048.0,0.0,0.0,0.0,0.0,1.0,0.00102281,1.54102e-05,0.000846533,0.00188475,2954.09,0.793739,0.558281,0.0,2182110000.0,2182110000.0,0.110729,0.0,0.110888,62.5494,0.59,1.0,39.0,50.0,0.2,100.0
traj_sweep_298,cts,0.000583304,0.000583304,1076.77,1278.42,674.842,674.842,608.0,0.0,608.0,0.0,0.0,0.0,0.626729,0.626729,632.0,23.0,23.0,4048.0,4048.0,0.0,0.0,0.0,0.0,1.0,0.00101222,1.54659e-05,0.000834467,0.00186215,2973.11,0.737633,0.554675,0.0,2191110000.0,2191110000.0,0.110441,0.0,0.119181,62.6729,0.6,1.0,39.0,50.0,0.2,100.0
traj_sweep_299,cts,0.000787898,0.000787898,1076.77,1278.42,674.842,674.842,608.0,0.0,608.0,0.0,0.0,0.0,0.626729,0.626729,632.0,23.0,23.0,4048.0,4048.0,0.0,0.0,0.0,0.0,1.0,0.00099578,1.54659e-05,0.000819891,0.00183114,2960.42,0.747067,0.553279,0.0,2190970000.0,2190970000.0,0.11095,0.0,0.128377,62.6729,0.61,1.0,39.0,50.0,0.2,100.0
traj_sweep_300,cts,0.000870845,0.000870845,1076.77,1278.42,674.044,674.044,608.0,0.0,608.0,0.0,0.0,0.0,0.625988,0.625988,632.0,23.0,23.0,4048.0,4048.0,0.0,0.0,0.0,0.0,1.0,0.000979385,1.54214e-05,0.000809115,0.00180392,2958.44,0.767821,0.550711,0.0,2198750000.0,2198750000.0,0.110994,0.0,0.132811,62.5988,0.62,1.0,39.0,50.0,0.2,100.0
traj_sweep_301,cts,0.00037427,0.00037427,1076.77,1278.42,942.97,942.97,737.0,9.0,737.0,9.54,0.6825,503.354,0.875741,0.875741,763.0,23.0,23.0,4048.0,4048.0,1216270.0,17.0,1.0,1.0,21.0,0.00625895,2.54117e-05,0.00492191,0.0112063,4092.35,0.66181,0.702868,53.0,2426820000.0,2426820000.0,0.0715708,-12.6792,-0.272063,87.5741,0.14,1.0,40.0,50.0,0.2,100.0
traj_sweep_302,cts,0.00139967,0.00139967,1076.77,1278.42,946.428,946.428,737.0,8.0,737.0,9.4,0.6955,512.678,0.878953,0.878953,761.0,23.0,23.0,4048.0,4048.0,1279680.0,18.0,1.0,1.0,15.0,0.00586746,2.55808e-05,0.00463898,0.010532,4118.66,0.598675,0.67249,53.0,2432750000.0,2432750000.0,0.0727577,-12.2224,-0.261058,87.8953,0.15,1.0,40.0,50.0,0.2,100.0
traj_sweep_303,cts,0.000851805,0.000851805,1076.77,1278.42,958.93,958.93,739.0,9.0,739.0,12.2,1.1565,854.755,0.890563,0.890563,763.0,23.0,23.0,4048.0,4048.0,2045300.0,29.0,1.0,1.0,84.0,0.00554449,2.61481e-05,0.00440904,0.00997968,4508.8,0.55955,0.653665,53.0,2406500000.0,2406500000.0,0.0735413,-11.8419,-0.255541,89.0563,0.16,1.0,40.0,50.0,0.2,100.0
traj_sweep_304,cts,0.000282892,0.000282892,1076.77,1278.42,939.246,939.246,737.0,12.0,737.0,9.54,0.7835,577.699,0.872283,0.872283,761.0,23.0,23.0,4048.0,4048.0,1365650.0,20.0,1.0,1.0,14.0,0.00515207,2.53631e-05,0.00408658,0.00926401,4129.96,0.665073,0.704437,53.0,2431270000.0,2431270000.0,0.0741913,-11.1102,-0.241308,87.2283,0.17,1.0,40.0,50.0,0.2,100.0
traj_sweep_305,cts,0.00104417,0.00104417,1076.77,1278.42,937.65,937.65,730.0,8.0,730.0,8.64,0.7815,570.628,0.8708,0.8708,754.0,23.0,23.0,4048.0,4048.0,1416820.0,21.0,1.0,1.0,14.0,0.00476457,2.52044e-05,0.00383471,0.00862449,4158.53,0.663697,0.703775,53.0,2435540000.0,2435540000.0,0.0781974,-10.6007,-0.230586,87.08,0.18,1.0,40.0,50.0,0.2,100.0
traj_sweep_306,cts,0.00131423,0.00131423,1076.77,1278.42,933.926,933.926,732.0,10.0,732.0,9.92,0.825,603.983,0.867342,0.867342,756.0,23.0,23.0,4048.0,4048.0,1425800.0,21.0,1.0,1.0,17.0,0.00450617,2.51312e-05,0.00359347,0.00812476,4159.66,0.667471,0.700814,53.0,2446910000.0,2446910000.0,0.0791735,-10.1011,-0.218678,86.7342,0.19,1.0,40.0,50.0,0.2,100.0
traj_sweep_307,cts,0.000822994,0.000822994,1076.77,1278.42,935.522,935.522,732.0,13.0,732.0,10.3,0.6695,490.321,0.868824,0.868824,758.0,23.0,23.0,4048.0,4048.0,1245810.0,18.0,1.0,1.0,18.0,0.00427713,2.52112e-05,0.00339383,0.00769617,4086.4,0.61001,0.677942,53.0,2446710000.0,2446710000.0,0.0832298,-9.54891,-0.208712,86.8824,0.2,1.0,40.0,50.0,0.2,100.0
traj_sweep_308,cts,0.00108259,0.00108259,1076.77,1278.42,916.104,916.104,728.0,10.0,728.0,6.98,0.4295,312.877,0.850791,0.850791,752.0,23.0,23.0,4048.0,4048.0,840226.0,12.0,1.0,1.0,9.0,0.00398784,2.45971e-05,0.00318312,0.00719555,3851.12,0.665584,0.699868,53.0,2450450000.0,2450450000.0,0.0809846,-8.92024,-0.198089,85.0791,0.21,1.0,40.0,50.0,0.2,100.0
traj_sweep_309,cts,0.000845185,0.000845185,1076.77,1278.42,935.788,935.788,724.0,11.0,724.0,9.35,0.625,452.631,0.869071,0.869071,750.0,23.0,23.0,4048.0,4048.0,1008920.0,15.0,1.0,1.0,11.0,0.00388122,2.53836e-05,0.00312272,0.00702932,3956.49,0.58871,0.667695,53.0,2431310000.0,2431310000.0,0.0851741,-8.47741,-0.191301,86.9071,0.22,1.0,40.0,50.0,0.2,100.0
traj_sweep_310,cts,0.000638753,0.000638753,1076.77,1278.42,910.784,910.784,724.0,8.0,724.0,8.64,0.595,431.085,0.84585,0.84585,748.0,23.0,23.0,4048.0,4048.0,897485.0,13.0,1.0,1.0,14.0,0.00361917,2.43359e-05,0.00289726,0.00654077,3935.04,0.653405,0.698823,53.0,2430400000.0,2430400000.0,0.0833932,-7.86846,-0.181455,84.585,0.23,1.0,40.0,50.0,0.2,100.0
traj_sweep_311,cts,0.00195154,0.00195154,1076.77,1278.42,894.292,894.292,726.0,6.0,726.0,7.88,0.2965,215.391,0.830534,0.830534,750.0,23.0,23.0,4048.0,4048.0,595557.0,9.0,1.0,1.0,10.0,0.00341879,2.36223e-05,0.00273792,0.00618034,3746.39,0.643971,0.694283,52.0,2434360000.0,2434360000.0,0.0839777,-7.45693,-0.170785,83.0534,0.24,1.0,40.0,50.0,0.2,100.0
traj_sweep_312,cts,0.000893972,0.000893972,1076.77,1278.42,920.36,920.36,730.0,10.0,730.0,11.06,0.631,460.7,0.854743,0.854743,754.0,23.0,23.0,4048.0,4048.0,1157470.0,17.0,1.0,1.0,21.0,0.00336874,2.45257e-05,0.0026941,0.00608736,3974.31,0.643971,0.694283,51.0,2444500000.0,2444500000.0,0.0881472,-6.95295,-0.159082,85.4743,0.25,1.0,40.0,50.0,0.2,100.0
traj_sweep_313,cts,0.00115493,0.00115493,1076.77,1278.42,906.528,906.528,725.0,6.0,725.0,7.31,0.5585,404.933,0.841897,0.841897,749.0,23.0,23.0,4048.0,4048.0,903750.0,13.0,1.0,1.0,18.0,0.00318102,2.3764e-05,0.00256086,0.00576564,3882.97,0.654264,0.699236,51.0,2431310000.0,2431310000.0,0.0911245,-6.63624,-0.151301,84.1897,0.26,1.0,40.0,50.0,0.2,100.0
traj_sweep_314,cts,0.00108621,0.00108621,1076.77,1278.42,904.4,904.4,729.0,10.0,729.0,6.93,0.333,242.875,0.839921,0.839921,753.0,23.0,23.0,4048.0,4048.0,576181.0,9.0,1.0,1.0,7.0,0.00311631,2.36565e-05,0.0024654,0.00560536,3648.41,0.643971,0.694283,49.0,2447280000.0,2447280000.0,0.0930482,-5.97472,-0.138617,83.9921,0.27,1.0,40.0,50.0,0.2,100.0
traj_sweep_315,cts,0.00157546,0.00157546,1076.77,1278.42,910.252,910.252,730.0,10.0,730.0,7.88,0.499,364.545,0.845356,0.845356,754.0,23.0,23.0,4048.0,4048.0,807223.0,12.0,1.0,1.0,11.0,0.00299777,2.38753e-05,0.00240966,0.0054313,3767.83,0.631112,0.688096,49.0,2432410000.0,2432410000.0,0.0946159,-5.59219,-0.131115,84.5356,0.28,1.0,40.0,50.0,0.2,100.0
traj_sweep_316,cts,0.000829684,0.000829684,1076.77,1278.42,913.976,913.976,720.0,9.0,720.0,6.93,0.4755,342.594,0.848814,0.848814,744.0,23.0,23.0,4048.0,4048.0,902230.0,14.0,1.0,1.0,13.0,0.00287357,2.40057e-05,0.00233096,0.00522854,3792.22,0.655291,0.69974,49.0,2422060000.0,2422060000.0,0.0977089,-5.18383,-0.122871,84.8814,0.29,1.0,40.0,50.0,0.2,100.0
traj_sweep_317,cts,0.00155324,0.00155324,1076.77,1278.42,888.972,888.972,718.0,6.0,718.0,6.03,0.3195,229.707,0.825593,0.825593,742.0,23.0,23.0,4048.0,4048.0,522870.0,8.0,1.0,1.0,11.0,0.00272548,2.31405e-05,0.00218379,0.00493242,3703.57,0.667471,0.70083,49.0,2442300000.0,2442300000.0,0.0977397,-4.65592,-0.109451,82.5593,0.3,1.0,40.0,50.0,0.2,100.0
traj_sweep_318,cts,0.00154405,0.00154405,1076.77,1278.42,886.046,886.046,720.0,7.0,720.0,7.5,0.307,221.058,0.822875,0.822875,744.0,23.0,23.0,4048.0,4048.0,509031.0,8.0,1.0,1.0,9.0,0.00264583,2.29544e-05,0.00207504,0.00474382,3613.39,0.636424,0.690659,48.0,2439440000.0,2439440000.0,0.102324,-4.19347,-0.0999303,82.2875,0.31,1.0,40.0,50.0,0.2,100.0
traj_sweep_319,cts,0.00190797,0.00190797,1076.77,1278.42,844.816,844.816,704.0,3.0,704.0,5.98,0.0935,66.102,0.784585,0.784585,728.0,23.0,23.0,4048.0,4048.0,206243.0,3.0,1.0,1.0,3.0,0.00239491,2.15705e-05,0.0019313,0.00434778,3365.04,0.654264,0.699239,48.0,2456570000.0,2456570000.0,0.100959,-3.50995,-0.0870718,78.4585,0.32,1.0,40.0,50.0,0.2,100.0
traj_sweep_320,cts,0.000767504,0.000767504,1076.77,1278.42,836.304,836.304,697.0,4.0,697.0,7.5,0.11,76.9065,0.77668,0.77668,721.0,23.0,23.0,4048.0,4048.0,156556.0,2.0,1.0,1.0,3.0,0.00230557,2.11496e-05,0.00186626,0.00419298,3367.79,0.663697,0.675367,47.0,2459190000.0,2459190000.0,0.104089,-3.16886,-0.0777758,77.668,0.33,1.0,40.0,50.0,0.2,100.0
traj_sweep_321,cts,0.00187142,0.00187142,1076.77,1278.42,828.856,828.856,700.0,3.0,700.0,6.93,0.105,73.619,0.769763,0.769763,724.0,23.0,23.0,4048.0,4048.0,212170.0,3.0,1.0,1.0,4.0,0.00222262,2.08882e-05,0.00176669,0.0040102,3305.44,0.317875,0.537109,47.0,2450270000.0,2450270000.0,0.106989,-2.81344,-0.0712867,76.9763,0.34,1.0,40.0,50.0,0.2,100.0
traj_sweep_322,cts,0.00165626,0.00165626,1076.77,1278.42,856.52,856.52,702.0,4.0,702.0,10.54,0.2345,164.809,0.795455,0.795455,726.0,23.0,23.0,4048.0,4048.0,449342.0,7.0,1.0,1.0,8.0,0.00222075,2.1912e-05,0.00181169,0.00405435,3490.53,0.658037,0.701055,47.0,2427770000.0,2427770000.0,0.107636,-2.50817,-0.0629584,79.5455,0.35,1.0,40.0,50.0,0.2,100.0
traj_sweep_323,cts,0.00188383,0.00188383,1076.77,1278.42,834.442,834.442,698.0,3.0,698.0,6.03,0.09,62.994,0.774951,0.774951,722.0,23.0,23.0,4048.0,4048.0,187676.0,3.0,1.0,1.0,2.0,0.00211362,2.11252e-05,0.00169042,0.00382516,3250.58,0.632139,0.688594,47.0,2431860000.0,2431860000.0,0.110088,-1.98018,-0.0515678,77.4951,0.36,1.0,40.0,50.0,0.2,100.0
traj_sweep_324,cts,0.00140771,0.00140771,1076.77,1278.42,814.758,814.758,694.0,1.0,694.0,5.84,0.07,48.7075,0.75667,0.75667,718.0,23.0,23.0,4048.0,4048.0,101830.0,2.0,1.0,1.0,2.0,0.00199177,2.04372e-05,0.00159498,0.00360719,3250.92,0.775914,0.673378,46.0,2407310000.0,2407310000.0,0.110414,-1.66071,-0.0467119,75.667,0.37,1.0,40.0,50.0,0.2,100.0
traj_sweep_325,cts,0.0014791,0.0014791,1076.77,1278.42,876.204,876.204,702.0,7.0,702.0,8.26,0.3415,239.782,0.813735,0.813735,727.0,23.0,23.0,4048.0,4048.0,570207.0,9.0,1.0,1.0,11.0,0.00208553,2.26152e-05,0.00171266,0.00382081,3530.28,0.663697,0.703784,46.0,2387560000.0,2387560000.0,0.113843,-1.31907,-0.0414734,81.3735,0.38,1.0,40.0,50.0,0.2,100.0
traj_sweep_326,cts,0.000693008,0.000693008,1076.77,1278.42,819.28,819.28,696.0,2.0,696.0,5.08,0.097,67.565,0.76087,0.76087,720.0,23.0,23.0,4048.0,4048.0,220309.0,3.0,1.0,1.0,5.0,0.00191121,2.05429e-05,0.00153584,0.00346759,3307.3,0.643971,0.645935,45.0,2397880000.0,2397880000.0,0.114928,-0.895063,-0.0272608,76.087,0.39,1.0,40.0,50.0,0.2,100.0
traj_sweep_327,cts,0.00106511,0.00106511,1076.77,1278.42,808.64,808.64,690.0,2.0,690.0,7.17,0.1625,112.369,0.750988,0.750988,714.0,23.0,23.0,4048.0,4048.0,304099.0,5.0,1.0,1.0,3.0,0.00186907,2.02117e-05,0.00150471,0.00339399,3312.14,0.65049,0.697424,30.0,2381670000.0,2381670000.0,0.110513,-0.367142,-0.0200314,75.0988,0.4,1.0,40.0,50.0,0.2,100.0
traj_sweep_328,cts,0.00117015,0.00117015,1076.77,1278.42,781.774,781.774,681.0,9.0,681.0,6.41,0.2465,167.882,0.726038,0.726038,705.0,23.0,23.0,4048.0,4048.0,432386.0,7.0,1.0,1.0,9.0,0.00177132,1.92588e-05,0.00141441,0.00320499,3401.2,0.795588,0.739294,41.0,2380810000.0,2380810000.0,0.110597,-0.192529,-0.0127939,72.6038,0.41,1.0,40.0,50.0,0.2,100.0
traj_sweep_329,cts,0.00105548,0.00105548,1076.77,1278.42,731.234,731.234,661.0,7.0,661.0,5.439,0.0715,47.522,0.679101,0.679101,685.0,23.0,23.0,4048.0,4048.0,60500.0,1.0,1.0,1.0,2.0,0.00159918,1.73116e-05,0.00126958,0.00288608,3127.33,0.778607,0.615899,7.0,2374030000.0,2374030000.0,0.110433,-0.00748426,-0.00293143,67.9101,0.42,1.0,40.0,50.0,0.2,100.0
traj_sweep_330,cts,0.000908697,0.000908697,1076.77,1278.42,704.9,704.9,635.0,5.0,635.0,3.94,0.0415,26.3725,0.654644,0.654644,659.0,23.0,23.0,4048.0,4048.0,51017.0,1.0,1.0,1.0,1.0,0.00149737,1.64894e-05,0.00120795,0.00272181,3069.34,0.793204,0.61224,2.0,2329710000.0,2329710000.0,0.110513,-0.00079331,-0.000655559,65.4644,0.43,1.0,40.0,50.0,0.2,100.0
traj_sweep_331,cts,0.00374065,0.00374065,1076.77,1278.42,686.014,686.014,620.0,1.0,620.0,2.99,0.006,3.97,0.637105,0.637105,644.0,23.0,23.0,4048.0,4048.0,12503.0,0.0,0.0,0.0,1.0,0.00140196,1.5854e-05,0.0011643,0.00258211,3036.3,0.780532,0.612851,0.0,2306230000.0,2306230000.0,0.110364,0.0,0.00023484,63.7105,0.44,1.0,40.0,50.0,0.2,100.0
traj_sweep_332,cts,0.000231738,0.000231738,1076.77,1278.42,682.556,682.556,617.0,0.0,617.0,0.0,0.0,0.0,0.633893,0.633893,641.0,23.0,23.0,4048.0,4048.0,0.0,0.0,0.0,0.0,2.0,0.00136555,1.56944e-05,0.00112383,0.00250507,3052.48,0.755657,0.617559,0.0,2292680000.0,2292680000.0,0.111228,0.0,0.0051058,63.3893,0.45,1.0,40.0,50.0,0.2,100.0
traj_sweep_333,cts,0.000770897,0.000770897,1076.77,1278.42,680.162,680.162,614.0,0.0,614.0,0.0,0.0,0.0,0.63167,0.63167,638.0,23.0,23.0,4048.0,4048.0,0.0,0.0,0.0,0.0,1.0,0.00132226,1.56394e-05,0.00109423,0.00243212,2986.35,0.767821,0.621576,0.0,2287810000.0,2287810000.0,0.111059,0.0,0.00726225,63.167,0.46,1.0,40.0,50.0,0.2,100.0
traj_sweep_334,cts,0.000728924,0.000728924,1076.77,1278.42,677.502,677.502,610.0,0.0,610.0,0.0,0.0,0.0,0.6292,0.6292,636.0,23.0,23.0,4048.0,4048.0,0.0,0.0,0.0,0.0,1.0,0.00128309,1.55682e-05,0.00105346,0.00235212,2956.42,0.777801,0.527429,0.0,2272850000.0,2272850000.0,0.110841,0.0,0.017934,62.92,0.47,1.0,40.0,50.0,0.2,100.0
traj_sweep_335,cts,0.000389543,0.000389543,1076.77,1278.42,677.236,677.236,611.0,0.0,611.0,0.0,0.0,0.0,0.628953,0.628953,636.0,23.0,23.0,4048.0,4048.0,0.0,0.0,0.0,0.0,1.0,0.00125599,1.55647e-05,0.00104895,0.0023205,2996.9,0.776793,0.540608,0.0,2259930000.0,2259930000.0,0.111216,0.0,0.0183809,62.8953,0.48,1.0,40.0,50.0,0.2,100.0
traj_sweep_336,cts,0.0011519,0.0011519,1076.77,1278.42,675.64,675.64,610.0,0.0,610.0,0.0,0.0,0.0,0.62747,0.62747,634.0,23.0,23.0,4048.0,4048.0,0.0,0.0,0.0,0.0,1.0,0.00123802,1.54618e-05,0.00102446,0.00227794,2928.69,0.776758,0.620352,0.0,2249320000.0,2249320000.0,0.110371,0.0,0.0328523,62.747,0.49,1.0,40.0,50.0,0.2,100.0
traj_sweep_337,cts,0.000743405,0.000743405,1076.77,1278.42,674.576,674.576,609.0,0.0,609.0,0.0,0.0,0.0,0.626482,0.626482,634.0,23.0,23.0,4048.0,4048.0,0.0,0.0,0.0,0.0,1.0,0.00120296,1.54538e-05,0.00100718,0.00222559,2969.97,0.758387,0.628912,0.0,2231810000.0,2231810000.0,0.110934,0.0,0.0377178,62.6482,0.5,1.0,40.0,50.0,0.2,100.0
traj_sweep_338,cts,0.000647427,0.000647427,1076.77,1278.42,675.374,675.374,610.0,0.0,610.0,0.0,0.0,0.0,0.627223,0.627223,634.0,23.0,23.0,4048.0,4048.0,0.0,0.0,0.0,0.0,1.0,0.00118882,1.5441e-05,0.00098265,0.00218691,2974.21,0.781359,0.611589,0.0,2191360000.0,2191360000.0,0.110514,0.0,0.048324,62.7223,0.51,1.0,40.0,50.0,0.2,100.0
traj_sweep_339,cts,0.00248632,0.00248632,1076.77,1278.42,675.64,675.64,610.0,0.0,610.0,0.0,0.0,0.0,0.62747,0.62747,634.0,23.0,23.0,4048.0,4048.0,0.0,0.0,0.0,0.0,1.0,0.00116757,1.54808e-05,0.000973076,0.00215612,2972.28,0.7918,0.621333,0.0,2249570000.0,2249570000.0,0.111113,0.0,0.0551226,62.747,0.52,1.0,40.0,50.0,0.2,100.0
traj_sweep_340,cts,0.00095926,0.00095926,1076.77,1278.42,675.108,675.108,610.0,0.0,610.0,0.0,0.0,0.0,0.626976,0.626976,634.0,23.0,23.0,4048.0,4048.0,0.0,0.0,0.0,0.0,1.0,0.00113853,1.54521e-05,0.000946324,0.00210031,2954.18,0.805667,0.625636,0.0,2238380000.0,2238380000.0,0.110799,0.0,0.0622818,62.6976,0.53,1.0,40.0,50.0,0.2,100.0
traj_sweep_341,cts,0.00133069,0.00133069,1076.77,1278.42,675.108,675.108,610.0,0.0,610.0,0.0,0.0,0.0,0.626976,0.626976,634.0,23.0,23.0,4048.0,4048.0,0.0,0.0,0.0,0.0,1.0,0.0011174,1.54521e-05,0.000923243,0.00205609,2953.53,0.778133,0.617109,0.0,2172520000.0,2172520000.0,0.110594,0.0,0.0726387,62.6976,0.54,1.0,40.0,50.0,0.2,100.0
traj_sweep_342,cts,0.00231828,0.00231828,1076.77,1278.42,674.842,674.842,610.0,0.0,610.0,0.0,0.0,0.0,0.626729,0.626729,634.0,23.0,23.0,4048.0,4048.0,0.0,0.0,0.0,0.0,2.0,0.00109629,1.54472e-05,0.00091392,0.00202566,2971.36,0.75974,0.615887,0.0,2173420000.0,2173420000.0,0.111062,0.0,0.0813491,62.6729,0.55,1.0,40.0,50.0,0.2,100.0
traj_sweep_343,cts,0.000744189,0.000744189,1076.77,1278.42,674.576,674.576,609.0,0.0,609.0,0.0,0.0,0.0,0.626482,0.626482,633.0,23.0,23.0,4048.0,4048.0,0.0,0.0,0.0,0.0,1.0,0.00108353,1.54213e-05,0.000893001,0.00199195,2964.61,0.78187,0.554024,0.0,2193660000.0,2193660000.0,0.110707,0.0,0.0868246,62.6482,0.56,1.0,40.0,50.0,0.2,100.0
traj_sweep_344,cts,0.000744189,0.000744189,1076.77,1278.42,674.576,674.576,609.0,0.0,609.0,0.0,0.0,0.0,0.626482,0.626482,633.0,23.0,23.0,4048.0,4048.0,0.0,0.0,0.0,0.0,1.0,0.00106452,1.54213e-05,0.000877334,0.00195728,2964.61,0.78187,0.554024,0.0,2193660000.0,2193660000.0,0.110707,0.0,0.0948247,62.6482,0.57,1.0,40.0,50.0,0.2,100.0
traj_sweep_345,cts,0.000527439,0.000527439,1076.77,1278.42,674.044,674.044,608.0,0.0,608.0,0.0,0.0,0.0,0.625988,0.625988,632.0,23.0,23.0,4048.0,4048.0,0.0,0.0,0.0,0.0,1.0,0.00104696,1.54214e-05,0.000857832,0.00192021,2921.09,0.772985,0.473769,0.0,2190530000.0,2190530000.0,0.110619,0.0,0.105027,62.5988,0.58,1.0,40.0,50.0,0.2,100.0
traj_sweep_346,cts,0.00118603,0.00118603,1076.77,1278.42,673.512,673.512,608.0,0.0,608.0,0.0,0.0,0.0,0.625494,0.625494,632.0,23.0,23.0,4048.0,4048.0,0.0,0.0,0.0,0.0,1.0,0.00102281,1.54102e-05,0.000846533,0.00188475,2954.09,0.793739,0.558281,0.0,2182110000.0,2182110000.0,0.110729,0.0,0.110888,62.5494,0.59,1.0,40.0,50.0,0.2,100.0
traj_sweep_347,cts,0.000583304,0.000583304,1076.77,1278.42,674.842,674.842,608.0,0.0,608.0,0.0,0.0,0.0,0.626729,0.626729,632.0,23.0,23.0,4048.0,4048.0,0.0,0.0,0.0,0.0,1.0,0.00101222,1.54659e-05,0.000834467,0.00186215,2973.11,0.737633,0.554675,0.0,2191110000.0,2191110000.0,0.110441,0.0,0.119181,62.6729,0.6,1.0,40.0,50.0,0.2,100.0
traj_sweep_348,cts,0.000787898,0.000787898,1076.77,1278.42,674.842,674.842,608.0,0.0,608.0,0.0,0.0,0.0,0.626729,0.626729,632.0,23.0,23.0,4048.0,4048.0,0.0,0.0,0.0,0.0,1.0,0.00099578,1.54659e-05,0.000819891,0.00183114,2960.42,0.747067,0.553279,0.0,2190970000.0,2190970000.0,0.11095,0.0,0.128377,62.6729,0.61,1.0,40.0,50.0,0.2,100.0
traj_sweep_349,cts,0.000870845,0.000870845,1076.77,1278.42,674.044,674.044,608.0,0.0,608.0,0.0,0.0,0.0,0.625988,0.625988,632.0,23.0,23.0,4048.0,4048.0,0.0,0.0,0.0,0.0,1.0,0.000979385,1.54214e-05,0.000809115,0.00180392,2958.44,0.767821,0.550711,0.0,2198750000.0,2198750000.0,0.110994,0.0,0.132811,62.5988,0.62,1.0,40.0,50.0,0.2,100.0
traj_sweep_350,cts,0.00037427,0.00037427,1076.77,1278.42,942.97,942.97,737.0,9.0,737.0,9.54,0.6825,503.354,0.875741,0.875741,763.0,23.0,23.0,4048.0,4048.0,1216270.0,17.0,1.0,1.0,21.0,0.00625895,2.54117e-05,0.00492191,0.0112063,4092.35,0.66181,0.702868,53.0,2426820000.0,2426820000.0,0.0715708,-12.6792,-0.272063,87.5741,0.14,1.0,41.0,50.0,0.2,100.0
traj_sweep_351,cts,0.00139967,0.00139967,1076.77,1278.42,946.428,946.428,737.0,8.0,737.0,9.4,0.6955,512.678,0.878953,0.878953,761.0,23.0,23.0,4048.0,4048.0,1279680.0,18.0,1.0,1.0,15.0,0.00586746,2.55808e-05,0.00463898,0.010532,4118.66,0.598675,0.67249,53.0,2432750000.0,2432750000.0,0.0727577,-12.2224,-0.261058,87.8953,0.15,1.0,41.0,50.0,0.2,100.0
traj_sweep_352,cts,0.000851805,0.000851805,1076.77,1278.42,958.93,958.93,739.0,9.0,739.0,12.2,1.1565,854.755,0.890563,0.890563,763.0,23.0,23.0,4048.0,4048.0,2045300.0,29.0,1.0,1.0,84.0,0.00554449,2.61481e-05,0.00440904,0.00997968,4508.8,0.55955,0.653665,53.0,2406500000.0,2406500000.0,0.0735413,-11.8419,-0.255541,89.0563,0.16,1.0,41.0,50.0,0.2,100.0
traj_sweep_353,cts,0.000282892,0.000282892,1076.77,1278.42,939.246,939.246,737.0,12.0,737.0,9.54,0.7835,577.699,0.872283,0.872283,761.0,23.0,23.0,4048.0,4048.0,1365650.0,20.0,1.0,1.0,14.0,0.00515207,2.53631e-05,0.00408658,0.00926401,4129.96,0.665073,0.704437,53.0,2431270000.0,2431270000.0,0.0741913,-11.1102,-0.241308,87.2283,0.17,1.0,41.0,50.0,0.2,100.0
traj_sweep_354,cts,0.00104417,0.00104417,1076.77,1278.42,937.65,937.65,730.0,8.0,730.0,8.64,0.7815,570.628,0.8708,0.8708,754.0,23.0,23.0,4048.0,4048.0,1416820.0,21.0,1.0,1.0,14.0,0.00476457,2.52044e-05,0.00383471,0.00862449,4158.53,0.663697,0.703775,53.0,2435540000.0,2435540000.0,0.0781974,-10.6007,-0.230586,87.08,0.18,1.0,41.0,50.0,0.2,100.0
traj_sweep_355,cts,0.00131423,0.00131423,1076.77,1278.42,933.926,933.926,732.0,10.0,732.0,9.92,0.825,603.983,0.867342,0.867342,756.0,23.0,23.0,4048.0,4048.0,1425800.0,21.0,1.0,1.0,17.0,0.00450617,2.51312e-05,0.00359347,0.00812476,4159.66,0.667471,0.700814,53.0,2446910000.0,2446910000.0,0.0791735,-10.1011,-0.218678,86.7342,0.19,1.0,41.0,50.0,0.2,100.0
traj_sweep_356,cts,0.000822994,0.000822994,1076.77,1278.42,935.522,935.522,732.0,13.0,732.0,10.3,0.6695,490.321,0.868824,0.868824,758.0,23.0,23.0,4048.0,4048.0,1245810.0,18.0,1.0,1.0,18.0,0.00427713,2.52112e-05,0.00339383,0.00769617,4086.4,0.61001,0.677942,53.0,2446710000.0,2446710000.0,0.0832298,-9.54891,-0.208712,86.8824,0.2,1.0,41.0,50.0,0.2,100.0
traj_sweep_357,cts,0.00108259,0.00108259,1076.77,1278.42,916.104,916.104,728.0,10.0,728.0,6.98,0.4295,312.877,0.850791,0.850791,752.0,23.0,23.0,4048.0,4048.0,840226.0,12.0,1.0,1.0,9.0,0.00398784,2.45971e-05,0.00318312,0.00719555,3851.12,0.665584,0.699868,53.0,2450450000.0,2450450000.0,0.0809846,-8.92024,-0.198089,85.0791,0.21,1.0,41.0,50.0,0.2,100.0
traj_sweep_358,cts,0.000845185,0.000845185,1076.77,1278.42,935.788,935.788,724.0,11.0,724.0,9.35,0.625,452.631,0.869071,0.869071,750.0,23.0,23.0,4048.0,4048.0,1008920.0,15.0,1.0,1.0,11.0,0.00388122,2.53836e-05,0.00312272,0.00702932,3956.49,0.58871,0.667695,53.0,2431310000.0,2431310000.0,0.0851741,-8.47741,-0.191301,86.9071,0.22,1.0,41.0,50.0,0.2,100.0
traj_sweep_359,cts,0.000638753,0.000638753,1076.77,1278.42,910.784,910.784,724.0,8.0,724.0,8.64,0.595,431.085,0.84585,0.84585,748.0,23.0,23.0,4048.0,4048.0,897485.0,13.0,1.0,1.0,14.0,0.00361917,2.43359e-05,0.00289726,0.00654077,3935.04,0.653405,0.698823,53.0,2430400000.0,2430400000.0,0.0833932,-7.86846,-0.181455,84.585,0.23,1.0,41.0,50.0,0.2,100.0
traj_sweep_360,cts,0.00195154,0.00195154,1076.77,1278.42,894.292,894.292,726.0,6.0,726.0,7.88,0.2965,215.391,0.830534,0.830534,750.0,23.0,23.0,4048.0,4048.0,595557.0,9.0,1.0,1.0,10.0,0.00341879,2.36223e-05,0.00273792,0.00618034,3746.39,0.643971,0.694283,52.0,2434360000.0,2434360000.0,0.0839777,-7.45693,-0.170785,83.0534,0.24,1.0,41.0,50.0,0.2,100.0
traj_sweep_361,cts,0.000893972,0.000893972,1076.77,1278.42,920.36,920.36,730.0,10.0,730.0,11.06,0.631,460.7,0.854743,0.854743,754.0,23.0,23.0,4048.0,4048.0,1157470.0,17.0,1.0,1.0,21.0,0.00336874,2.45257e-05,0.0026941,0.00608736,3974.31,0.643971,0.694283,51.0,2444500000.0,2444500000.0,0.0881472,-6.95295,-0.159082,85.4743,0.25,1.0,41.0,50.0,0.2,100.0
traj_sweep_362,cts,0.00115493,0.00115493,1076.77,1278.42,906.528,906.528,725.0,6.0,725.0,7.31,0.5585,404.933,0.841897,0.841897,749.0,23.0,23.0,4048.0,4048.0,903750.0,13.0,1.0,1.0,18.0,0.00318102,2.3764e-05,0.00256086,0.00576564,3882.97,0.654264,0.699236,51.0,2431310000.0,2431310000.0,0.0911245,-6.63624,-0.151301,84.1897,0.26,1.0,41.0,50.0,0.2,100.0
traj_sweep_363,cts,0.00108621,0.00108621,1076.77,1278.42,904.4,904.4,729.0,10.0,729.0,6.93,0.333,242.875,0.839921,0.839921,753.0,23.0,23.0,4048.0,4048.0,576181.0,9.0,1.0,1.0,7.0,0.00311631,2.36565e-05,0.0024654,0.00560536,3648.41,0.643971,0.694283,49.0,2447280000.0,2447280000.0,0.0930482,-5.97472,-0.138617,83.9921,0.27,1.0,41.0,50.0,0.2,100.0
traj_sweep_364,cts,0.00157546,0.00157546,1076.77,1278.42,910.252,910.252,730.0,10.0,730.0,7.88,0.499,364.545,0.845356,0.845356,754.0,23.0,23.0,4048.0,4048.0,807223.0,12.0,1.0,1.0,11.0,0.00299777,2.38753e-05,0.00240966,0.0054313,3767.83,0.631112,0.688096,49.0,2432410000.0,2432410000.0,0.0946159,-5.59219,-0.131115,84.5356,0.28,1.0,41.0,50.0,0.2,100.0
traj_sweep_365,cts,0.000829684,0.000829684,1076.77,1278.42,913.976,913.976,720.0,9.0,720.0,6.93,0.4755,342.594,0.848814,0.848814,744.0,23.0,23.0,4048.0,4048.0,902230.0,14.0,1.0,1.0,13.0,0.00287357,2.40057e-05,0.00233096,0.00522854,3792.22,0.655291,0.69974,49.0,2422060000.0,2422060000.0,0.0977089,-5.18383,-0.122871,84.8814,0.29,1.0,41.0,50.0,0.2,100.0
traj_sweep_366,cts,0.00155324,0.00155324,1076.77,1278.42,888.972,888.972,718.0,6.0,718.0,6.03,0.3195,229.707,0.825593,0.825593,742.0,23.0,23.0,4048.0,4048.0,522870.0,8.0,1.0,1.0,11.0,0.00272548,2.31405e-05,0.00218379,0.00493242,3703.57,0.667471,0.70083,49.0,2442300000.0,2442300000.0,0.0977397,-4.65592,-0.109451,82.5593,0.3,1.0,41.0,50.0,0.2,100.0
traj_sweep_367,cts,0.00154405,0.00154405,1076.77,1278.42,886.046,886.046,720.0,7.0,720.0,7.5,0.307,221.058,0.822875,0.822875,744.0,23.0,23.0,4048.0,4048.0,509031.0,8.0,1.0,1.0,9.0,0.00264583,2.29544e-05,0.00207504,0.00474382,3613.39,0.636424,0.690659,48.0,2439440000.0,2439440000.0,0.102324,-4.19347,-0.0999303,82.2875,0.31,1.0,41.0,50.0,0.2,100.0
traj_sweep_368,cts,0.00190797,0.00190797,1076.77,1278.42,844.816,844.816,704.0,3.0,704.0,5.98,0.0935,66.102,0.784585,0.784585,728.0,23.0,23.0,4048.0,4048.0,206243.0,3.0,1.0,1.0,3.0,0.00239491,2.15705e-05,0.0019313,0.00434778,3365.04,0.654264,0.699239,48.0,2456570000.0,2456570000.0,0.100959,-3.50995,-0.0870718,78.4585,0.32,1.0,41.0,50.0,0.2,100.0
traj_sweep_369,cts,0.000767504,0.000767504,1076.77,1278.42,836.304,836.304,697.0,4.0,697.0,7.5,0.11,76.9065,0.77668,0.77668,721.0,23.0,23.0,4048.0,4048.0,156556.0,2.0,1.0,1.0,3.0,0.00230557,2.11496e-05,0.00186626,0.00419298,3367.79,0.663697,0.675367,47.0,2459190000.0,2459190000.0,0.104089,-3.16886,-0.0777758,77.668,0.33,1.0,41.0,50.0,0.2,100.0
traj_sweep_370,cts,0.00187142,0.00187142,1076.77,1278.42,828.856,828.856,700.0,3.0,700.0,6.93,0.105,73.619,0.769763,0.769763,724.0,23.0,23.0,4048.0,4048.0,212170.0,3.0,1.0,1.0,4.0,0.00222262,2.08882e-05,0.00176669,0.0040102,3305.44,0.317875,0.537109,47.0,2450270000.0,2450270000.0,0.106989,-2.81344,-0.0712867,76.9763,0.34,1.0,41.0,50.0,0.2,100.0
traj_sweep_371,cts,0.00165626,0.00165626,1076.77,1278.42,856.52,856.52,702.0,4.0,702.0,10.54,0.2345,164.809,0.795455,0.795455,726.0,23.0,23.0,4048.0,4048.0,449342.0,7.0,1.0,1.0,8.0,0.00222075,2.1912e-05,0.00181169,0.00405435,3490.53,0.658037,0.701055,47.0,2427770000.0,2427770000.0,0.107636,-2.50817,-0.0629584,79.5455,0.35,1.0,41.0,50.0,0.2,100.0
traj_sweep_372,cts,0.00188383,0.00188383,1076.77,1278.42,834.442,834.442,698.0,3.0,698.0,6.03,0.09,62.994,0.774951,0.774951,722.0,23.0,23.0,4048.0,4048.0,187676.0,3.0,1.0,1.0,2.0,0.00211362,2.11252e-05,0.00169042,0.00382516,3250.58,0.632139,0.688594,47.0,2431860000.0,2431860000.0,0.110088,-1.98018,-0.0515678,77.4951,0.36,1.0,41.0,50.0,0.2,100.0
traj_sweep_373,cts,0.00140771,0.00140771,1076.77,1278.42,814.758,814.758,694.0,1.0,694.0,5.84,0.07,48.7075,0.75667,0.75667,718.0,23.0,23.0,4048.0,4048.0,101830.0,2.0,1.0,1.0,2.0,0.00199177,2.04372e-05,0.00159498,0.00360719,3250.92,0.775914,0.673378,46.0,2407310000.0,2407310000.0,0.110414,-1.66071,-0.0467119,75.667,0.37,1.0,41.0,50.0,0.2,100.0
traj_sweep_374,cts,0.0014791,0.0014791,1076.77,1278.42,876.204,876.204,702.0,7.0,702.0,8.26,0.3415,239.782,0.813735,0.813735,727.0,23.0,23.0,4048.0,4048.0,570207.0,9.0,1.0,1.0,11.0,0.00208553,2.26152e-05,0.00171266,0.00382081,3530.28,0.663697,0.703784,46.0,2387560000.0,2387560000.0,0.113843,-1.31907,-0.0414734,81.3735,0.38,1.0,41.0,50.0,0.2,100.0
traj_sweep_375,cts,0.000693008,0.000693008,1076.77,1278.42,819.28,819.28,696.0,2.0,696.0,5.08,0.097,67.565,0.76087,0.76087,720.0,23.0,23.0,4048.0,4048.0,220309.0,3.0,1.0,1.0,5.0,0.00191121,2.05429e-05,0.00153584,0.00346759,3307.3,0.643971,0.645935,45.0,2397880000.0,2397880000.0,0.114928,-0.895063,-0.0272608,76.087,0.39,1.0,41.0,50.0,0.2,100.0
traj_sweep_376,cts,0.00106511,0.00106511,1076.77,1278.42,808.64,808.64,690.0,2.0,690.0,7.17,0.1625,112.369,0.750988,0.750988,714.0,23.0,23.0,4048.0,4048.0,304099.0,5.0,1.0,1.0,3.0,0.00186907,2.02117e-05,0.00150471,0.00339399,3312.14,0.65049,0.697424,30.0,2381670000.0,2381670000.0,0.110513,-0.367142,-0.0200314,75.0988,0.4,1.0,41.0,50.0,0.2,100.0
traj_sweep_377,cts,0.00117015,0.00117015,1076.77,1278.42,781.774,781.774,681.0,9.0,681.0,6.41,0.2465,167.882,0.726038,0.726038,705.0,23.0,23.0,4048.0,4048.0,432386.0,7.0,1.0,1.0,9.0,0.00177132,1.92588e-05,0.00141441,0.00320499,3401.2,0.795588,0.739294,41.0,2380810000.0,2380810000.0,0.110597,-0.192529,-0.0127939,72.6038,0.41,1.0,41.0,50.0,0.2,100.0
traj_sweep_378,cts,0.00105548,0.00105548,1076.77,1278.42,731.234,731.234,661.0,7.0,661.0,5.439,0.0715,47.522,0.679101,0.679101,685.0,23.0,23.0,4048.0,4048.0,60500.0,1.0,1.0,1.0,2.0,0.00159918,1.73116e-05,0.00126958,0.00288608,3127.33,0.778607,0.615899,7.0,2374030000.0,2374030000.0,0.110433,-0.00748426,-0.00293143,67.9101,0.42,1.0,41.0,50.0,0.2,100.0
traj_sweep_379,cts,0.000908697,0.000908697,1076.77,1278.42,704.9,704.9,635.0,5.0,635.0,3.94,0.0415,26.3725,0.654644,0.654644,659.0,23.0,23.0,4048.0,4048.0,51017.0,1.0,1.0,1.0,1.0,0.00149737,1.64894e-05,0.00120795,0.00272181,3069.34,0.793204,0.61224,2.0,2329710000.0,2329710000.0,0.110513,-0.00079331,-0.000655559,65.4644,0.43,1.0,41.0,50.0,0.2,100.0
traj_sweep_380,cts,0.00374065,0.00374065,1076.77,1278.42,686.014,686.014,620.0,1.0,620.0,2.99,0.006,3.97,0.637105,0.637105,644.0,23.0,23.0,4048.0,4048.0,12503.0,0.0,0.0,0.0,1.0,0.00140196,1.5854e-05,0.0011643,0.00258211,3036.3,0.780532,0.612851,0.0,2306230000.0,2306230000.0,0.110364,0.0,0.00023484,63.7105,0.44,1.0,41.0,50.0,0.2,100.0
traj_sweep_381,cts,0.000231738,0.000231738,1076.77,1278.42,682.556,682.556,617.0,0.0,617.0,0.0,0.0,0.0,0.633893,0.633893,641.0,23.0,23.0,4048.0,4048.0,0.0,0.0,0.0,0.0,2.0,0.00136555,1.56944e-05,0.00112383,0.00250507,3052.48,0.755657,0.617559,0.0,2292680000.0,2292680000.0,0.111228,0.0,0.0051058,63.3893,0.45,1.0,41.0,50.0,0.2,100.0
traj_sweep_382,cts,0.000770897,0.000770897,1076.77,1278.42,680.162,680.162,614.0,0.0,614.0,0.0,0.0,0.0,0.63167,0.63167,638.0,23.0,23.0,4048.0,4048.0,0.0,0.0,0.0,0.0,1.0,0.00132226,1.56394e-05,0.00109423,0.00243212,2986.35,0.767821,0.621576,0.0,2287810000.0,2287810000.0,0.111059,0.0,0.00726225,63.167,0.46,1.0,41.0,50.0,0.2,100.0
traj_sweep_383,cts,0.000728924,0.000728924,1076.77,1278.42,677.502,677.502,610.0,0.0,610.0,0.0,0.0,0.0,0.6292,0.6292,636.0,23.0,23.0,4048.0,4048.0,0.0,0.0,0.0,0.0,1.0,0.00128309,1.55682e-05,0.00105346,0.00235212,2956.42,0.777801,0.527429,0.0,2272850000.0,2272850000.0,0.110841,0.0,0.017934,62.92,0.47,1.0,41.0,50.0,0.2,100.0
traj_sweep_384,cts,0.000389543,0.000389543,1076.77,1278.42,677.236,677.236,611.0,0.0,611.0,0.0,0.0,0.0,0.628953,0.628953,636.0,23.0,23.0,4048.0,4048.0,0.0,0.0,0.0,0.0,1.0,0.00125599,1.55647e-05,0.00104895,0.0023205,2996.9,0.776793,0.540608,0.0,2259930000.0,2259930000.0,0.111216,0.0,0.0183809,62.8953,0.48,1.0,41.0,50.0,0.2,100.0
traj_sweep_385,cts,0.0011519,0.0011519,1076.77,1278.42,675.64,675.64,610.0,0.0,610.0,0.0,0.0,0.0,0.62747,0.62747,634.0,23.0,23.0,4048.0,4048.0,0.0,0.0,0.0,0.0,1.0,0.00123802,1.54618e-05,0.00102446,0.00227794,2928.69,0.776758,0.620352,0.0,2249320000.0,2249320000.0,0.110371,0.0,0.0328523,62.747,0.49,1.0,41.0,50.0,0.2,100.0
traj_sweep_386,cts,0.000743405,0.000743405,1076.77,1278.42,674.576,674.576,609.0,0.0,609.0,0.0,0.0,0.0,0.626482,0.626482,634.0,23.0,23.0,4048.0,4048.0,0.0,0.0,0.0,0.0,1.0,0.00120296,1.54538e-05,0.00100718,0.00222559,2969.97,0.758387,0.628912,0.0,2231810000.0,2231810000.0,0.110934,0.0,0.0377178,62.6482,0.5,1.0,41.0,50.0,0.2,100.0
traj_sweep_387,cts,0.000647427,0.000647427,1076.77,1278.42,675.374,675.374,610.0,0.0,610.0,0.0,0.0,0.0,0.627223,0.627223,634.0,23.0,23.0,4048.0,4048.0,0.0,0.0,0.0,0.0,1.0,0.00118882,1.5441e-05,0.00098265,0.00218691,2974.21,0.781359,0.611589,0.0,2191360000.0,2191360000.0,0.110514,0.0,0.048324,62.7223,0.51,1.0,41.0,50.0,0.2,100.0
traj_sweep_388,cts,0.00248632,0.00248632,1076.77,1278.42,675.64,675.64,610.0,0.0,610.0,0.0,0.0,0.0,0.62747,0.62747,634.0,23.0,23.0,4048.0,4048.0,0.0,0.0,0.0,0.0,1.0,0.00116757,1.54808e-05,0.000973076,0.00215612,2972.28,0.7918,0.621333,0.0,2249570000.0,2249570000.0,0.111113,0.0,0.0551226,62.747,0.52,1.0,41.0,50.0,0.2,100.0
traj_sweep_389,cts,0.00095926,0.00095926,1076.77,1278.42,675.108,675.108,610.0,0.0,610.0,0.0,0.0,0.0,0.626976,0.626976,634.0,23.0,23.0,4048.0,4048.0,0.0,0.0,0.0,0.0,1.0,0.00113853,1.54521e-05,0.000946324,0.00210031,2954.18,0.805667,0.625636,0.0,2238380000.0,2238380000.0,0.110799,0.0,0.0622818,62.6976,0.53,1.0,41.0,50.0,0.2,100.0
traj_sweep_390,cts,0.00133069,0.00133069,1076.77,1278.42,675.108,675.108,610.0,0.0,610.0,0.0,0.0,0.0,0.626976,0.626976,634.0,23.0,23.0,4048.0,4048.0,0.0,0.0,0.0,0.0,1.0,0.0011174,1.54521e-05,0.000923243,0.00205609,2953.53,0.778133,0.617109,0.0,2172520000.0,2172520000.0,0.110594,0.0,0.0726387,62.6976,0.54,1.0,41.0,50.0,0.2,100.0
traj_sweep_391,cts,0.00231828,0.00231828,1076.77,1278.42,674.842,674.842,610.0,0.0,610.0,0.0,0.0,0.0,0.626729,0.626729,634.0,23.0,23.0,4048.0,4048.0,0.0,0.0,0.0,0.0,2.0,0.00109629,1.54472e-05,0.00091392,0.00202566,2971.36,0.75974,0.615887,0.0,2173420000.0,2173420000.0,0.111062,0.0,0.0813491,62.6729,0.55,1.0,41.0,50.0,0.2,100.0
traj_sweep_392,cts,0.000744189,0.000744189,1076.77,1278.42,674.576,674.576,609.0,0.0,609.0,0.0,0.0,0.0,0.626482,0.626482,633.0,23.0,23.0,4048.0,4048.0,0.0,0.0,0.0,0.0,1.0,0.00108353,1.54213e-05,0.000893001,0.00199195,2964.61,0.78187,0.554024,0.0,2193660000.0,2193660000.0,0.110707,0.0,0.0868246,62.6482,0.56,1.0,41.0,50.0,0.2,100.0
traj_sweep_393,cts,0.000744189,0.000744189,1076.77,1278.42,674.576,674.576,609.0,0.0,609.0,0.0,0.0,0.0,0.626482,0.626482,633.0,23.0,23.0,4048.0,4048.0,0.0,0.0,0.0,0.0,1.0,0.00106452,1.54213e-05,0.000877334,0.00195728,2964.61,0.78187,0.554024,0.0,2193660000.0,2193660000.0,0.110707,0.0,0.0948247,62.6482,0.57,1.0,41.0,50.0,0.2,100.0
traj_sweep_394,cts,0.000527439,0.000527439,1076.77,1278.42,674.044,674.044,608.0,0.0,608.0,0.0,0.0,0.0,0.625988,0.625988,632.0,23.0,23.0,4048.0,4048.0,0.0,0.0,0.0,0.0,1.0,0.00104696,1.54214e-05,0.000857832,0.00192021,2921.09,0.772985,0.473769,0.0,2190530000.0,2190530000.0,0.110619,0.0,0.105027,62.5988,0.58,1.0,41.0,50.0,0.2,100.0
traj_sweep_395,cts,0.00118603,0.00118603,1076.77,1278.42,673.512,673.512,608.0,0.0,608.0,0.0,0.0,0.0,0.625494,0.625494,632.0,23.0,23.0,4048.0,4048.0,0.0,0.0,0.0,0.0,1.0,0.00102281,1.54102e-05,0.000846533,0.00188475,2954.09,0.793739,0.558281,0.0,2182110000.0,2182110000.0,0.110729,0.0,0.110888,62.5494,0.59,1.0,41.0,50.0,0.2,100.0
traj_sweep_396,cts,0.000583304,0.000583304,1076.77,1278.42,674.842,674.842,608.0,0.0,608.0,0.0,0.0,0.0,0.626729,0.626729,632.0,23.0,23.0,4048.0,4048.0,0.0,0.0,0.0,0.0,1.0,0.00101222,1.54659e-05,0.000834467,0.00186215,2973.11,0.737633,0.554675,0.0,2191110000.0,2191110000.0,0.110441,0.0,0.119181,62.6729,0.6,1.0,41.0,50.0,0.2,100.0
traj_sweep_397,cts,0.000787898,0.000787898,1076.77,1278.42,674.842,674.842,608.0,0.0,608.0,0.0,0.0,0.0,0.626729,0.626729,632.0,23.0,23.0,4048.0,4048.0,0.0,0.0,0.0,0.0,1.0,0.00099578,1.54659e-05,0.000819891,0.00183114,2960.42,0.747067,0.553279,0.0,2190970000.0,2190970000.0,0.11095,0.0,0.128377,62.6729,0.61,1.0,41.0,50.0,0.2,100.0
traj_sweep_398,cts,0.000870845,0.000870845,1076.77,1278.42,674.044,674.044,608.0,0.0,608.0,0.0,0.0,0.0,0.625988,0.625988,632.0,23.0,23.0,4048.0,4048.0,0.0,0.0,0.0,0.0,1.0,0.000979385,1.54214e-05,0.000809115,0.00180392,2958.44,0.767821,0.550711,0.0,2198750000.0,2198750000.0,0.110994,0.0,0.132811,62.5988,0.62,1.0,41.0,50.0,0.2,100.0
traj_sweep_399,cts,0.00037427,0.00037427,1076.77,1278.42,942.97,942.97,737.0,9.0,737.0,9.54,0.6825,503.354,0.875741,0.875741,763.0,23.0,23.0,4048.0,4048.0,1216270.0,17.0,1.0,1.0,21.0,0.00625895,2.54117e-05,0.00492191,0.0112063,4092.35,0.66181,0.702868,53.0,2426820000.0,2426820000.0,0.0715708,-12.6792,-0.272063,87.5741,0.14,1.0,42.0,50.0,0.2,100.0
traj_sweep_400,cts,0.00139967,0.00139967,1076.77,1278.42,946.428,946.428,737.0,8.0,737.0,9.4,0.6955,512.678,0.878953,0.878953,761.0,23.0,23.0,4048.0,4048.0,1279680.0,18.0,1.0,1.0,15.0,0.00586746,2.55808e-05,0.00463898,0.010532,4118.66,0.598675,0.67249,53.0,2432750000.0,2432750000.0,0.0727577,-12.2224,-0.261058,87.8953,0.15,1.0,42.0,50.0,0.2,100.0
traj_sweep_401,cts,0.000851805,0.000851805,1076.77,1278.42,958.93,958.93,739.0,9.0,739.0,12.2,1.1565,854.755,0.890563,0.890563,763.0,23.0,23.0,4048.0,4048.0,2045300.0,29.0,1.0,1.0,84.0,0.00554449,2.61481e-05,0.00440904,0.00997968,4508.8,0.55955,0.653665,53.0,2406500000.0,2406500000.0,0.0735413,-11.8419,-0.255541,89.0563,0.16,1.0,42.0,50.0,0.2,100.0
traj_sweep_402,cts,0.000282892,0.000282892,1076.77,1278.42,939.246,939.246,737.0,12.0,737.0,9.54,0.7835,577.699,0.872283,0.872283,761.0,23.0,23.0,4048.0,4048.0,1365650.0,20.0,1.0,1.0,14.0,0.00515207,2.53631e-05,0.00408658,0.00926401,4129.96,0.665073,0.704437,53.0,2431270000.0,2431270000.0,0.0741913,-11.1102,-0.241308,87.2283,0.17,1.0,42.0,50.0,0.2,100.0
traj_sweep_404,cts,0.00131423,0.00131423,1076.77,1278.42,933.926,933.926,732.0,10.0,732.0,9.92,0.825,603.983,0.867342,0.867342,756.0,23.0,23.0,4048.0,4048.0,1425800.0,21.0,1.0,1.0,17.0,0.00450617,2.51312e-05,0.00359347,0.00812476,4159.66,0.667471,0.700814,53.0,2446910000.0,2446910000.0,0.0791735,-10.1011,-0.218678,86.7342,0.19,1.0,42.0,50.0,0.2,100.0
traj_sweep_405,cts,0.000822994,0.000822994,1076.77,1278.42,935.522,935.522,732.0,13.0,732.0,10.3,0.6695,490.321,0.868824,0.868824,758.0,23.0,23.0,4048.0,4048.0,1245810.0,18.0,1.0,1.0,18.0,0.00427713,2.52112e-05,0.00339383,0.00769617,4086.4,0.61001,0.677942,53.0,2446710000.0,2446710000.0,0.0832298,-9.54891,-0.208712,86.8824,0.2,1.0,42.0,50.0,0.2,100.0
traj_sweep_406,cts,0.00108259,0.00108259,1076.77,1278.42,916.104,916.104,728.0,10.0,728.0,6.98,0.4295,312.877,0.850791,0.850791,752.0,23.0,23.0,4048.0,4048.0,840226.0,12.0,1.0,1.0,9.0,0.00398784,2.45971e-05,0.00318312,0.00719555,3851.12,0.665584,0.699868,53.0,2450450000.0,2450450000.0,0.0809846,-8.92024,-0.198089,85.0791,0.21,1.0,42.0,50.0,0.2,100.0
traj_sweep_408,cts,0.000638753,0.000638753,1076.77,1278.42,910.784,910.784,724.0,8.0,724.0,8.64,0.595,431.085,0.84585,0.84585,748.0,23.0,23.0,4048.0,4048.0,897485.0,13.0,1.0,1.0,14.0,0.00361917,2.43359e-05,0.00289726,0.00654077,3935.04,0.653405,0.698823,53.0,2430400000.0,2430400000.0,0.0833932,-7.86846,-0.181455,84.585,0.23,1.0,42.0,50.0,0.2,100.0
traj_sweep_409,cts,0.00195154,0.00195154,1076.77,1278.42,894.292,894.292,726.0,6.0,726.0,7.88,0.2965,215.391,0.830534,0.830534,750.0,23.0,23.0,4048.0,4048.0,595557.0,9.0,1.0,1.0,10.0,0.00341879,2.36223e-05,0.00273792,0.00618034,3746.39,0.643971,0.694283,52.0,2434360000.0,2434360000.0,0.0839777,-7.45693,-0.170785,83.0534,0.24,1.0,42.0,50.0,0.2,100.0
traj_sweep_410,cts,0.000893972,0.000893972,1076.77,1278.42,920.36,920.36,730.0,10.0,730.0,11.06,0.631,460.7,0.854743,0.854743,754.0,23.0,23.0,4048.0,4048.0,1157470.0,17.0,1.0,1.0,21.0,0.00336874,2.45257e-05,0.0026941,0.00608736,3974.31,0.643971,0.694283,51.0,2444500000.0,2444500000.0,0.0881472,-6.95295,-0.159082,85.4743,0.25,1.0,42.0,50.0,0.2,100.0
traj_sweep_411,cts,0.00115493,0.00115493,1076.77,1278.42,906.528,906.528,725.0,6.0,725.0,7.31,0.5585,404.933,0.841897,0.841897,749.0,23.0,23.0,4048.0,4048.0,903750.0,13.0,1.0,1.0,18.0,0.00318102,2.3764e-05,0.00256086,0.00576564,3882.97,0.654264,0.699236,51.0,2431310000.0,2431310000.0,0.0911245,-6.63624,-0.151301,84.1897,0.26,1.0,42.0,50.0,0.2,100.0
traj_sweep_412,cts,0.00108621,0.00108621,1076.77,1278.42,904.4,904.4,729.0,10.0,729.0,6.93,0.333,242.875,0.839921,0.839921,753.0,23.0,23.0,4048.0,4048.0,576181.0,9.0,1.0,1.0,7.0,0.00311631,2.36565e-05,0.0024654,0.00560536,3648.41,0.643971,0.694283,49.0,2447280000.0,2447280000.0,0.0930482,-5.97472,-0.138617,83.9921,0.27,1.0,42.0,50.0,0.2,100.0
traj_sweep_414,cts,0.000829684,0.000829684,1076.77,1278.42,913.976,913.976,720.0,9.0,720.0,6.93,0.4755,342.594,0.848814,0.848814,744.0,23.0,23.0,4048.0,4048.0,902230.0,14.0,1.0,1.0,13.0,0.00287357,2.40057e-05,0.00233096,0.00522854,3792.22,0.655291,0.69974,49.0,2422060000.0,2422060000.0,0.0977089,-5.18383,-0.122871,84.8814,0.29,1.0,42.0,50.0,0.2,100.0
traj_sweep_415,cts,0.00155324,0.00155324,1076.77,1278.42,888.972,888.972,718.0,6.0,718.0,6.03,0.3195,229.707,0.825593,0.825593,742.0,23.0,23.0,4048.0,4048.0,522870.0,8.0,1.0,1.0,11.0,0.00272548,2.31405e-05,0.00218379,0.00493242,3703.57,0.667471,0.70083,49.0,2442300000.0,2442300000.0,0.0977397,-4.65592,-0.109451,82.5593,0.3,1.0,42.0,50.0,0.2,100.0
traj_sweep_416,cts,0.00154405,0.00154405,1076.77,1278.42,886.046,886.046,720.0,7.0,720.0,7.5,0.307,221.058,0.822875,0.822875,744.0,23.0,23.0,4048.0,4048.0,509031.0,8.0,1.0,1.0,9.0,0.00264583,2.29544e-05,0.00207504,0.00474382,3613.39,0.636424,0.690659,48.0,2439440000.0,2439440000.0,0.102324,-4.19347,-0.0999303,82.2875,0.31,1.0,42.0,50.0,0.2,100.0
traj_sweep_418,cts,0.000767504,0.000767504,1076.77,1278.42,836.304,836.304,697.0,4.0,697.0,7.5,0.11,76.9065,0.77668,0.77668,721.0,23.0,23.0,4048.0,4048.0,156556.0,2.0,1.0,1.0,3.0,0.00230557,2.11496e-05,0.00186626,0.00419298,3367.79,0.663697,0.675367,47.0,2459190000.0,2459190000.0,0.104089,-3.16886,-0.0777758,77.668,0.33,1.0,42.0,50.0,0.2,100.0
traj_sweep_419,cts,0.00187142,0.00187142,1076.77,1278.42,828.856,828.856,700.0,3.0,700.0,6.93,0.105,73.619,0.769763,0.769763,724.0,23.0,23.0,4048.0,4048.0,212170.0,3.0,1.0,1.0,4.0,0.00222262,2.08882e-05,0.00176669,0.0040102,3305.44,0.317875,0.537109,47.0,2450270000.0,2450270000.0,0.106989,-2.81344,-0.0712867,76.9763,0.34,1.0,42.0,50.0,0.2,100.0
traj_sweep_420,cts,0.00165626,0.00165626,1076.77,1278.42,856.52,856.52,702.0,4.0,702.0,10.54,0.2345,164.809,0.795455,0.795455,726.0,23.0,23.0,4048.0,4048.0,449342.0,7.0,1.0,1.0,8.0,0.00222075,2.1912e-05,0.00181169,0.00405435,3490.53,0.658037,0.701055,47.0,2427770000.0,2427770000.0,0.107636,-2.50817,-0.0629584,79.5455,0.35,1.0,42.0,50.0,0.2,100.0
traj_sweep_421,cts,0.00188383,0.00188383,1076.77,1278.42,834.442,834.442,698.0,3.0,698.0,6.03,0.09,62.994,0.774951,0.774951,722.0,23.0,23.0,4048.0,4048.0,187676.0,3.0,1.0,1.0,2.0,0.00211362,2.11252e-05,0.00169042,0.00382516,3250.58,0.632139,0.688594,47.0,2431860000.0,2431860000.0,0.110088,-1.98018,-0.0515678,77.4951,0.36,1.0,42.0,50.0,0.2,100.0
traj_sweep_422,cts,0.00140771,0.00140771,1076.77,1278.42,814.758,814.758,694.0,1.0,694.0,5.84,0.07,48.7075,0.75667,0.75667,718.0,23.0,23.0,4048.0,4048.0,101830.0,2.0,1.0,1.0,2.0,0.00199177,2.04372e-05,0.00159498,0.00360719,3250.92,0.775914,0.673378,46.0,2407310000.0,2407310000.0,0.110414,-1.66071,-0.0467119,75.667,0.37,1.0,42.0,50.0,0.2,100.0
traj_sweep_424,cts,0.000693008,0.000693008,1076.77,1278.42,819.28,819.28,696.0,2.0,696.0,5.08,0.097,67.565,0.76087,0.76087,720.0,23.0,23.0,4048.0,4048.0,220309.0,3.0,1.0,1.0,5.0,0.00191121,2.05429e-05,0.00153584,0.00346759,3307.3,0.643971,0.645935,45.0,2397880000.0,2397880000.0,0.114928,-0.895063,-0.0272608,76.087,0.39,1.0,42.0,50.0,0.2,100.0
traj_sweep_425,cts,0.00106511,0.00106511,1076.77,1278.42,808.64,808.64,690.0,2.0,690.0,7.17,0.1625,112.369,0.750988,0.750988,714.0,23.0,23.0,4048.0,4048.0,304099.0,5.0,1.0,1.0,3.0,0.00186907,2.02117e-05,0.00150471,0.00339399,3312.14,0.65049,0.697424,30.0,2381670000.0,2381670000.0,0.110513,-0.367142,-0.0200314,75.0988,0.4,1.0,42.0,50.0,0.2,100.0
traj_sweep_426,cts,0.00117015,0.00117015,1076.77,1278.42,781.774,781.774,681.0,9.0,681.0,6.41,0.2465,167.882,0.726038,0.726038,705.0,23.0,23.0,4048.0,4048.0,432386.0,7.0,1.0,1.0,9.0,0.00177132,1.92588e-05,0.00141441,0.00320499,3401.2,0.795588,0.739294,41.0,2380810000.0,2380810000.0,0.110597,-0.192529,-0.0127939,72.6038,0.41,1.0,42.0,50.0,0.2,100.0
traj_sweep_427,cts,0.00105548,0.00105548,1076.77,1278.42,731.234,731.234,661.0,7.0,661.0,5.439,0.0715,47.522,0.679101,0.679101,685.0,23.0,23.0,4048.0,4048.0,60500.0,1.0,1.0,1.0,2.0,0.00159918,1.73116e-05,0.00126958,0.00288608,3127.33,0.778607,0.615899,7.0,2374030000.0,2374030000.0,0.110433,-0.00748426,-0.00293143,67.9101,0.42,1.0,42.0,50.0,0.2,100.0
traj_sweep_428,cts,0.000908697,0.000908697,1076.77,1278.42,704.9,704.9,635.0,5.0,635.0,3.94,0.0415,26.3725,0.654644,0.654644,659.0,23.0,23.0,4048.0,4048.0,51017.0,1.0,1.0,1.0,1.0,0.00149737,1.64894e-05,0.00120795,0.00272181,3069.34,0.793204,0.61224,2.0,2329710000.0,2329710000.0,0.110513,-0.00079331,-0.000655559,65.4644,0.43,1.0,42.0,50.0,0.2,100.0
traj_sweep_429,cts,0.00374065,0.00374065,1076.77,1278.42,686.014,686.014,620.0,1.0,620.0,2.99,0.006,3.97,0.637105,0.637105,644.0,23.0,23.0,4048.0,4048.0,12503.0,0.0,0.0,0.0,1.0,0.00140196,1.5854e-05,0.0011643,0.00258211,3036.3,0.780532,0.612851,0.0,2306230000.0,2306230000.0,0.110364,0.0,0.00023484,63.7105,0.44,1.0,42.0,50.0,0.2,100.0
traj_sweep_431,cts,0.000770897,0.000770897,1076.77,1278.42,680.162,680.162,614.0,0.0,614.0,0.0,0.0,0.0,0.63167,0.63167,638.0,23.0,23.0,4048.0,4048.0,0.0,0.0,0.0,0.0,1.0,0.00132226,1.56394e-05,0.00109423,0.00243212,2986.35,0.767821,0.621576,0.0,2287810000.0,2287810000.0,0.111059,0.0,0.00726225,63.167,0.46,1.0,42.0,50.0,0.2,100.0
traj_sweep_432,cts,0.000728924,0.000728924,1076.77,1278.42,677.502,677.502,610.0,0.0,610.0,0.0,0.0,0.0,0.6292,0.6292,636.0,23.0,23.0,4048.0,4048.0,0.0,0.0,0.0,0.0,1.0,0.00128309,1.55682e-05,0.00105346,0.00235212,2956.42,0.777801,0.527429,0.0,2272850000.0,2272850000.0,0.110841,0.0,0.017934,62.92,0.47,1.0,42.0,50.0,0.2,100.0
traj_sweep_433,cts,0.000389543,0.000389543,1076.77,1278.42,677.236,677.236,611.0,0.0,611.0,0.0,0.0,0.0,0.628953,0.628953,636.0,23.0,23.0,4048.0,4048.0,0.0,0.0,0.0,0.0,1.0,0.00125599,1.55647e-05,0.00104895,0.0023205,2996.9,0.776793,0.540608,0.0,2259930000.0,2259930000.0,0.111216,0.0,0.0183809,62.8953,0.48,1.0,42.0,50.0,0.2,100.0
traj_sweep_434,cts,0.0011519,0.0011519,1076.77,1278.42,675.64,675.64,610.0,0.0,610.0,0.0,0.0,0.0,0.62747,0.62747,634.0,23.0,23.0,4048.0,4048.0,0.0,0.0,0.0,0.0,1.0,0.00123802,1.54618e-05,0.00102446,0.00227794,2928.69,0.776758,0.620352,0.0,2249320000.0,2249320000.0,0.110371,0.0,0.0328523,62.747,0.49,1.0,42.0,50.0,0.2,100.0
traj_sweep_435,cts,0.000743405,0.000743405,1076.77,1278.42,674.576,674.576,609.0,0.0,609.0,0.0,0.0,0.0,0.626482,0.626482,634.0,23.0,23.0,4048.0,4048.0,0.0,0.0,0.0,0.0,1.0,0.00120296,1.54538e-05,0.00100718,0.00222559,2969.97,0.758387,0.628912,0.0,2231810000.0,2231810000.0,0.110934,0.0,0.0377178,62.6482,0.5,1.0,42.0,50.0,0.2,100.0
traj_sweep_436,cts,0.000647427,0.000647427,1076.77,1278.42,675.374,675.374,610.0,0.0,610.0,0.0,0.0,0.0,0.627223,0.627223,634.0,23.0,23.0,4048.0,4048.0,0.0,0.0,0.0,0.0,1.0,0.00118882,1.5441e-05,0.00098265,0.00218691,2974.21,0.781359,0.611589,0.0,2191360000.0,2191360000.0,0.110514,0.0,0.048324,62.7223,0.51,1.0,42.0,50.0,0.2,100.0
traj_sweep_438,cts,0.00095926,0.00095926,1076.77,1278.42,675.108,675.108,610.0,0.0,610.0,0.0,0.0,0.0,0.626976,0.626976,634.0,23.0,23.0,4048.0,4048.0,0.0,0.0,0.0,0.0,1.0,0.00113853,1.54521e-05,0.000946324,0.00210031,2954.18,0.805667,0.625636,0.0,2238380000.0,2238380000.0,0.110799,0.0,0.0622818,62.6976,0.53,1.0,42.0,50.0,0.2,100.0
traj_sweep_439,cts,0.00133069,0.00133069,1076.77,1278.42,675.108,675.108,610.0,0.0,610.0,0.0,0.0,0.0,0.626976,0.626976,634.0,23.0,23.0,4048.0,4048.0,0.0,0.0,0.0,0.0,1.0,0.0011174,1.54521e-05,0.000923243,0.00205609,2953.53,0.778133,0.617109,0.0,2172520000.0,2172520000.0,0.110594,0.0,0.0726387,62.6976,0.54,1.0,42.0,50.0,0.2,100.0
traj_sweep_440,cts,0.00231828,0.00231828,1076.77,1278.42,674.842,674.842,610.0,0.0,610.0,0.0,0.0,0.0,0.626729,0.626729,634.0,23.0,23.0,4048.0,4048.0,0.0,0.0,0.0,0.0,2.0,0.00109629,1.54472e-05,0.00091392,0.00202566,2971.36,0.75974,0.615887,0.0,2173420000.0,2173420000.0,0.111062,0.0,0.0813491,62.6729,0.55,1.0,42.0,50.0,0.2,100.0
traj_sweep_441,cts,0.000744189,0.000744189,1076.77,1278.42,674.576,674.576,609.0,0.0,609.0,0.0,0.0,0.0,0.626482,0.626482,633.0,23.0,23.0,4048.0,4048.0,0.0,0.0,0.0,0.0,1.0,0.00108353,1.54213e-05,0.000893001,0.00199195,2964.61,0.78187,0.554024,0.0,2193660000.0,2193660000.0,0.110707,0.0,0.0868246,62.6482,0.56,1.0,42.0,50.0,0.2,100.0
traj_sweep_442,cts,0.000744189,0.000744189,1076.77,1278.42,674.576,674.576,609.0,0.0,609.0,0.0,0.0,0.0,0.626482,0.626482,633.0,23.0,23.0,4048.0,4048.0,0.0,0.0,0.0,0.0,1.0,0.00106452,1.54213e-05,0.000877334,0.00195728,2964.61,0.78187,0.554024,0.0,2193660000.0,2193660000.0,0.110707,0.0,0.0948247,62.6482,0.57,1.0,42.0,50.0,0.2,100.0
traj_sweep_443,cts,0.000527439,0.000527439,1076.77,1278.42,674.044,674.044,608.0,0.0,608.0,0.0,0.0,0.0,0.625988,0.625988,632.0,23.0,23.0,4048.0,4048.0,0.0,0.0,0.0,0.0,1.0,0.00104696,1.54214e-05,0.000857832,0.00192021,2921.09,0.772985,0.473769,0.0,2190530000.0,2190530000.0,0.110619,0.0,0.105027,62.5988,0.58,1.0,42.0,50.0,0.2,100.0
traj_sweep_444,cts,0.00118603,0.00118603,1076.77,1278.42,673.512,673.512,608.0,0.0,608.0,0.0,0.0,0.0,0.625494,0.625494,632.0,23.0,23.0,4048.0,4048.0,0.0,0.0,0.0,0.0,1.0,0.00102281,1.54102e-05,0.000846533,0.00188475,2954.09,0.793739,0.558281,0.0,2182110000.0,2182110000.0,0.110729,0.0,0.110888,62.5494,0.59,1.0,42.0,50.0,0.2,100.0
traj_sweep_445,cts,0.000583304,0.000583304,1076.77,1278.42,674.842,674.842,608.0,0.0,608.0,0.0,0.0,0.0,0.626729,0.626729,632.0,23.0,23.0,4048.0,4048.0,0.0,0.0,0.0,0.0,1.0,0.00101222,1.54659e-05,0.000834467,0.00186215,2973.11,0.737633,0.554675,0.0,2191110000.0,2191110000.0,0.110441,0.0,0.119181,62.6729,0.6,1.0,42.0,50.0,0.2,100.0
traj_sweep_446,cts,0.000787898,0.000787898,1076.77,1278.42,674.842,674.842,608.0,0.0,608.0,0.0,0.0,0.0,0.626729,0.626729,632.0,23.0,23.0,4048.0,4048.0,0.0,0.0,0.0,0.0,1.0,0.00099578,1.54659e-05,0.000819891,0.00183114,2960.42,0.747067,0.553279,0.0,2190970000.0,2190970000.0,0.11095,0.0,0.128377,62.6729,0.61,1.0,42.0,50.0,0.2,100.0
traj_sweep_447,cts,0.000870845,0.000870845,1076.77,1278.42,674.044,674.044,608.0,0.0,608.0,0.0,0.0,0.0,0.625988,0.625988,632.0,23.0,23.0,4048.0,4048.0,0.0,0.0,0.0,0.0,1.0,0.000979385,1.54214e-05,0.000809115,0.00180392,2958.44,0.767821,0.550711,0.0,2198750000.0,2198750000.0,0.110994,0.0,0.132811,62.5988,0.62,1.0,42.0,50.0,0.2,100.0
traj_sweep_448,cts,0.00037427,0.00037427,1076.77,1278.42,942.97,942.97,737.0,9.0,737.0,9.54,0.6825,503.354,0.875741,0.875741,763.0,23.0,23.0,4048.0,4048.0,1216270.0,17.0,1.0,1.0,21.0,0.00625895,2.54117e-05,0.00492191,0.0112063,4092.35,0.66181,0.702868,53.0,2426820000.0,2426820000.0,0.0715708,-12.6792,-0.272063,87.5741,0.14,1.0,43.0,50.0,0.2,100.0
traj_sweep_449,cts,0.00139967,0.00139967,1076.77,1278.42,946.428,946.428,737.0,8.0,737.0,9.4,0.6955,512.678,0.878953,0.878953,761.0,23.0,23.0,4048.0,4048.0,1279680.0,18.0,1.0,1.0,15.0,0.00586746,2.55808e-05,0.00463898,0.010532,4118.66,0.598675,0.67249,53.0,2432750000.0,2432750000.0,0.0727577,-12.2224,-0.261058,87.8953,0.15,1.0,43.0,50.0,0.2,100.0
traj_sweep_450,cts,0.000851805,0.000851805,1076.77,1278.42,958.93,958.93,739.0,9.0,739.0,12.2,1.1565,854.755,0.890563,0.890563,763.0,23.0,23.0,4048.0,4048.0,2045300.0,29.0,1.0,1.0,84.0,0.00554449,2.61481e-05,0.00440904,0.00997968,4508.8,0.55955,0.653665,53.0,2406500000.0,2406500000.0,0.0735413,-11.8419,-0.255541,89.0563,0.16,1.0,43.0,50.0,0.2,100.0
traj_sweep_451,cts,0.000282892,0.000282892,1076.77,1278.42,939.246,939.246,737.0,12.0,737.0,9.54,0.7835,577.699,0.872283,0.872283,761.0,23.0,23.0,4048.0,4048.0,1365650.0,20.0,1.0,1.0,14.0,0.00515207,2.53631e-05,0.00408658,0.00926401,4129.96,0.665073,0.704437,53.0,2431270000.0,2431270000.0,0.0741913,-11.1102,-0.241308,87.2283,0.17,1.0,43.0,50.0,0.2,100.0
traj_sweep_452,cts,0.00104417,0.00104417,1076.77,1278.42,937.65,937.65,730.0,8.0,730.0,8.64,0.7815,570.628,0.8708,0.8708,754.0,23.0,23.0,4048.0,4048.0,1416820.0,21.0,1.0,1.0,14.0,0.00476457,2.52044e-05,0.00383471,0.00862449,4158.53,0.663697,0.703775,53.0,2435540000.0,2435540000.0,0.0781974,-10.6007,-0.230586,87.08,0.18,1.0,43.0,50.0,0.2,100.0
traj_sweep_453,cts,0.00131423,0.00131423,1076.77,1278.42,933.926,933.926,732.0,10.0,732.0,9.92,0.825,603.983,0.867342,0.867342,756.0,23.0,23.0,4048.0,4048.0,1425800.0,21.0,1.0,1.0,17.0,0.00450617,2.51312e-05,0.00359347,0.00812476,4159.66,0.667471,0.700814,53.0,2446910000.0,2446910000.0,0.0791735,-10.1011,-0.218678,86.7342,0.19,1.0,43.0,50.0,0.2,100.0
traj_sweep_454,cts,0.000822994,0.000822994,1076.77,1278.42,935.522,935.522,732.0,13.0,732.0,10.3,0.6695,490.321,0.868824,0.868824,758.0,23.0,23.0,4048.0,4048.0,1245810.0,18.0,1.0,1.0,18.0,0.00427713,2.52112e-05,0.00339383,0.00769617,4086.4,0.61001,0.677942,53.0,2446710000.0,2446710000.0,0.0832298,-9.54891,-0.208712,86.8824,0.2,1.0,43.0,50.0,0.2,100.0
traj_sweep_455,cts,0.00108259,0.00108259,1076.77,1278.42,916.104,916.104,728.0,10.0,728.0,6.98,0.4295,312.877,0.850791,0.850791,752.0,23.0,23.0,4048.0,4048.0,840226.0,12.0,1.0,1.0,9.0,0.00398784,2.45971e-05,0.00318312,0.00719555,3851.12,0.665584,0.699868,53.0,2450450000.0,2450450000.0,0.0809846,-8.92024,-0.198089,85.0791,0.21,1.0,43.0,50.0,0.2,100.0
traj_sweep_456,cts,0.000845185,0.000845185,1076.77,1278.42,935.788,935.788,724.0,11.0,724.0,9.35,0.625,452.631,0.869071,0.869071,750.0,23.0,23.0,4048.0,4048.0,1008920.0,15.0,1.0,1.0,11.0,0.00388122,2.53836e-05,0.00312272,0.00702932,3956.49,0.58871,0.667695,53.0,2431310000.0,2431310000.0,0.0851741,-8.47741,-0.191301,86.9071,0.22,1.0,43.0,50.0,0.2,100.0
traj_sweep_457,cts,0.000638753,0.000638753,1076.77,1278.42,910.784,910.784,724.0,8.0,724.0,8.64,0.595,431.085,0.84585,0.84585,748.0,23.0,23.0,4048.0,4048.0,897485.0,13.0,1.0,1.0,14.0,0.00361917,2.43359e-05,0.00289726,0.00654077,3935.04,0.653405,0.698823,53.0,2430400000.0,2430400000.0,0.0833932,-7.86846,-0.181455,84.585,0.23,1.0,43.0,50.0,0.2,100.0
traj_sweep_458,cts,0.00195154,0.00195154,1076.77,1278.42,894.292,894.292,726.0,6.0,726.0,7.88,0.2965,215.391,0.830534,0.830534,750.0,23.0,23.0,4048.0,4048.0,595557.0,9.0,1.0,1.0,10.0,0.00341879,2.36223e-05,0.00273792,0.00618034,3746.39,0.643971,0.694283,52.0,2434360000.0,2434360000.0,0.0839777,-7.45693,-0.170785,83.0534,0.24,1.0,43.0,50.0,0.2,100.0
traj_sweep_459,cts,0.000893972,0.000893972,1076.77,1278.42,920.36,920.36,730.0,10.0,730.0,11.06,0.631,460.7,0.854743,0.854743,754.0,23.0,23.0,4048.0,4048.0,1157470.0,17.0,1.0,1.0,21.0,0.00336874,2.45257e-05,0.0026941,0.00608736,3974.31,0.643971,0.694283,51.0,2444500000.0,2444500000.0,0.0881472,-6.95295,-0.159082,85.4743,0.25,1.0,43.0,50.0,0.2,100.0
traj_sweep_460,cts,0.00115493,0.00115493,1076.77,1278.42,906.528,906.528,725.0,6.0,725.0,7.31,0.5585,404.933,0.841897,0.841897,749.0,23.0,23.0,4048.0,4048.0,903750.0,13.0,1.0,1.0,18.0,0.00318102,2.3764e-05,0.00256086,0.00576564,3882.97,0.654264,0.699236,51.0,2431310000.0,2431310000.0,0.0911245,-6.63624,-0.151301,84.1897,0.26,1.0,43.0,50.0,0.2,100.0
traj_sweep_461,cts,0.00108621,0.00108621,1076.77,1278.42,904.4,904.4,729.0,10.0,729.0,6.93,0.333,242.875,0.839921,0.839921,753.0,23.0,23.0,4048.0,4048.0,576181.0,9.0,1.0,1.0,7.0,0.00311631,2.36565e-05,0.0024654,0.00560536,3648.41,0.643971,0.694283,49.0,2447280000.0,2447280000.0,0.0930482,-5.97472,-0.138617,83.9921,0.27,1.0,43.0,50.0,0.2,100.0
traj_sweep_462,cts,0.00157546,0.00157546,1076.77,1278.42,910.252,910.252,730.0,10.0,730.0,7.88,0.499,364.545,0.845356,0.845356,754.0,23.0,23.0,4048.0,4048.0,807223.0,12.0,1.0,1.0,11.0,0.00299777,2.38753e-05,0.00240966,0.0054313,3767.83,0.631112,0.688096,49.0,2432410000.0,2432410000.0,0.0946159,-5.59219,-0.131115,84.5356,0.28,1.0,43.0,50.0,0.2,100.0
traj_sweep_463,cts,0.000829684,0.000829684,1076.77,1278.42,913.976,913.976,720.0,9.0,720.0,6.93,0.4755,342.594,0.848814,0.848814,744.0,23.0,23.0,4048.0,4048.0,902230.0,14.0,1.0,1.0,13.0,0.00287357,2.40057e-05,0.00233096,0.00522854,3792.22,0.655291,0.69974,49.0,2422060000.0,2422060000.0,0.0977089,-5.18383,-0.122871,84.8814,0.29,1.0,43.0,50.0,0.2,100.0
traj_sweep_464,cts,0.00155324,0.00155324,1076.77,1278.42,888.972,888.972,718.0,6.0,718.0,6.03,0.3195,229.707,0.825593,0.825593,742.0,23.0,23.0,4048.0,4048.0,522870.0,8.0,1.0,1.0,11.0,0.00272548,2.31405e-05,0.00218379,0.00493242,3703.57,0.667471,0.70083,49.0,2442300000.0,2442300000.0,0.0977397,-4.65592,-0.109451,82.5593,0.3,1.0,43.0,50.0,0.2,100.0
traj_sweep_465,cts,0.00154405,0.00154405,1076.77,1278.42,886.046,886.046,720.0,7.0,720.0,7.5,0.307,221.058,0.822875,0.822875,744.0,23.0,23.0,4048.0,4048.0,509031.0,8.0,1.0,1.0,9.0,0.00264583,2.29544e-05,0.00207504,0.00474382,3613.39,0.636424,0.690659,48.0,2439440000.0,2439440000.0,0.102324,-4.19347,-0.0999303,82.2875,0.31,1.0,43.0,50.0,0.2,100.0
traj_sweep_466,cts,0.00190797,0.00190797,1076.77,1278.42,844.816,844.816,704.0,3.0,704.0,5.98,0.0935,66.102,0.784585,0.784585,728.0,23.0,23.0,4048.0,4048.0,206243.0,3.0,1.0,1.0,3.0,0.00239491,2.15705e-05,0.0019313,0.00434778,3365.04,0.654264,0.699239,48.0,2456570000.0,2456570000.0,0.100959,-3.50995,-0.0870718,78.4585,0.32,1.0,43.0,50.0,0.2,100.0
traj_sweep_467,cts,0.000767504,0.000767504,1076.77,1278.42,836.304,836.304,697.0,4.0,697.0,7.5,0.11,76.9065,0.77668,0.77668,721.0,23.0,23.0,4048.0,4048.0,156556.0,2.0,1.0,1.0,3.0,0.00230557,2.11496e-05,0.00186626,0.00419298,3367.79,0.663697,0.675367,47.0,2459190000.0,2459190000.0,0.104089,-3.16886,-0.0777758,77.668,0.33,1.0,43.0,50.0,0.2,100.0
traj_sweep_468,cts,0.00187142,0.00187142,1076.77,1278.42,828.856,828.856,700.0,3.0,700.0,6.93,0.105,73.619,0.769763,0.769763,724.0,23.0,23.0,4048.0,4048.0,212170.0,3.0,1.0,1.0,4.0,0.00222262,2.08882e-05,0.00176669,0.0040102,3305.44,0.317875,0.537109,47.0,2450270000.0,2450270000.0,0.106989,-2.81344,-0.0712867,76.9763,0.34,1.0,43.0,50.0,0.2,100.0
traj_sweep_469,cts,0.00165626,0.00165626,1076.77,1278.42,856.52,856.52,702.0,4.0,702.0,10.54,0.2345,164.809,0.795455,0.795455,726.0,23.0,23.0,4048.0,4048.0,449342.0,7.0,1.0,1.0,8.0,0.00222075,2.1912e-05,0.00181169,0.00405435,3490.53,0.658037,0.701055,47.0,2427770000.0,2427770000.0,0.107636,-2.50817,-0.0629584,79.5455,0.35,1.0,43.0,50.0,0.2,100.0
traj_sweep_470,cts,0.00188383,0.00188383,1076.77,1278.42,834.442,834.442,698.0,3.0,698.0,6.03,0.09,62.994,0.774951,0.774951,722.0,23.0,23.0,4048.0,4048.0,187676.0,3.0,1.0,1.0,2.0,0.00211362,2.11252e-05,0.00169042,0.00382516,3250.58,0.632139,0.688594,47.0,2431860000.0,2431860000.0,0.110088,-1.98018,-0.0515678,77.4951,0.36,1.0,43.0,50.0,0.2,100.0
traj_sweep_471,cts,0.00140771,0.00140771,1076.77,1278.42,814.758,814.758,694.0,1.0,694.0,5.84,0.07,48.7075,0.75667,0.75667,718.0,23.0,23.0,4048.0,4048.0,101830.0,2.0,1.0,1.0,2.0,0.00199177,2.04372e-05,0.00159498,0.00360719,3250.92,0.775914,0.673378,46.0,2407310000.0,2407310000.0,0.110414,-1.66071,-0.0467119,75.667,0.37,1.0,43.0,50.0,0.2,100.0
traj_sweep_472,cts,0.0014791,0.0014791,1076.77,1278.42,876.204,876.204,702.0,7.0,702.0,8.26,0.3415,239.782,0.813735,0.813735,727.0,23.0,23.0,4048.0,4048.0,570207.0,9.0,1.0,1.0,11.0,0.00208553,2.26152e-05,0.00171266,0.00382081,3530.28,0.663697,0.703784,46.0,2387560000.0,2387560000.0,0.113843,-1.31907,-0.0414734,81.3735,0.38,1.0,43.0,50.0,0.2,100.0
traj_sweep_473,cts,0.000693008,0.000693008,1076.77,1278.42,819.28,819.28,696.0,2.0,696.0,5.08,0.097,67.565,0.76087,0.76087,720.0,23.0,23.0,4048.0,4048.0,220309.0,3.0,1.0,1.0,5.0,0.00191121,2.05429e-05,0.00153584,0.00346759,3307.3,0.643971,0.645935,45.0,2397880000.0,2397880000.0,0.114928,-0.895063,-0.0272608,76.087,0.39,1.0,43.0,50.0,0.2,100.0
traj_sweep_474,cts,0.00106511,0.00106511,1076.77,1278.42,808.64,808.64,690.0,2.0,690.0,7.17,0.1625,112.369,0.750988,0.750988,714.0,23.0,23.0,4048.0,4048.0,304099.0,5.0,1.0,1.0,3.0,0.00186907,2.02117e-05,0.00150471,0.00339399,3312.14,0.65049,0.697424,30.0,2381670000.0,2381670000.0,0.110513,-0.367142,-0.0200314,75.0988,0.4,1.0,43.0,50.0,0.2,100.0
traj_sweep_475,cts,0.00117015,0.00117015,1076.77,1278.42,781.774,781.774,681.0,9.0,681.0,6.41,0.2465,167.882,0.726038,0.726038,705.0,23.0,23.0,4048.0,4048.0,432386.0,7.0,1.0,1.0,9.0,0.00177132,1.92588e-05,0.00141441,0.00320499,3401.2,0.795588,0.739294,41.0,2380810000.0,2380810000.0,0.110597,-0.192529,-0.0127939,72.6038,0.41,1.0,43.0,50.0,0.2,100.0
traj_sweep_476,cts,0.00105548,0.00105548,1076.77,1278.42,731.234,731.234,661.0,7.0,661.0,5.439,0.0715,47.522,0.679101,0.679101,685.0,23.0,23.0,4048.0,4048.0,60500.0,1.0,1.0,1.0,2.0,0.00159918,1.73116e-05,0.00126958,0.00288608,3127.33,0.778607,0.615899,7.0,2374030000.0,2374030000.0,0.110433,-0.00748426,-0.00293143,67.9101,0.42,1.0,43.0,50.0,0.2,100.0
traj_sweep_477,cts,0.000908697,0.000908697,1076.77,1278.42,704.9,704.9,635.0,5.0,635.0,3.94,0.0415,26.3725,0.654644,0.654644,659.0,23.0,23.0,4048.0,4048.0,51017.0,1.0,1.0,1.0,1.0,0.00149737,1.64894e-05,0.00120795,0.00272181,3069.34,0.793204,0.61224,2.0,2329710000.0,2329710000.0,0.110513,-0.00079331,-0.000655559,65.4644,0.43,1.0,43.0,50.0,0.2,100.0
traj_sweep_478,cts,0.00374065,0.00374065,1076.77,1278.42,686.014,686.014,620.0,1.0,620.0,2.99,0.006,3.97,0.637105,0.637105,644.0,23.0,23.0,4048.0,4048.0,12503.0,0.0,0.0,0.0,1.0,0.00140196,1.5854e-05,0.0011643,0.00258211,3036.3,0.780532,0.612851,0.0,2306230000.0,2306230000.0,0.110364,0.0,0.00023484,63.7105,0.44,1.0,43.0,50.0,0.2,100.0
traj_sweep_479,cts,0.000231738,0.000231738,1076.77,1278.42,682.556,682.556,617.0,0.0,617.0,0.0,0.0,0.0,0.633893,0.633893,641.0,23.0,23.0,4048.0,4048.0,0.0,0.0,0.0,0.0,2.0,0.00136555,1.56944e-05,0.00112383,0.00250507,3052.48,0.755657,0.617559,0.0,2292680000.0,2292680000.0,0.111228,0.0,0.0051058,63.3893,0.45,1.0,43.0,50.0,0.2,100.0
traj_sweep_480,cts,0.000770897,0.000770897,1076.77,1278.42,680.162,680.162,614.0,0.0,614.0,0.0,0.0,0.0,0.63167,0.63167,638.0,23.0,23.0,4048.0,4048.0,0.0,0.0,0.0,0.0,1.0,0.00132226,1.56394e-05,0.00109423,0.00243212,2986.35,0.767821,0.621576,0.0,2287810000.0,2287810000.0,0.111059,0.0,0.00726225,63.167,0.46,1.0,43.0,50.0,0.2,100.0
traj_sweep_481,cts,0.000728924,0.000728924,1076.77,1278.42,677.502,677.502,610.0,0.0,610.0,0.0,0.0,0.0,0.6292,0.6292,636.0,23.0,23.0,4048.0,4048.0,0.0,0.0,0.0,0.0,1.0,0.00128309,1.55682e-05,0.00105346,0.00235212,2956.42,0.777801,0.527429,0.0,2272850000.0,2272850000.0,0.110841,0.0,0.017934,62.92,0.47,1.0,43.0,50.0,0.2,100.0
traj_sweep_482,cts,0.000389543,0.000389543,1076.77,1278.42,677.236,677.236,611.0,0.0,611.0,0.0,0.0,0.0,0.628953,0.628953,636.0,23.0,23.0,4048.0,4048.0,0.0,0.0,0.0,0.0,1.0,0.00125599,1.55647e-05,0.00104895,0.0023205,2996.9,0.776793,0.540608,0.0,2259930000.0,2259930000.0,0.111216,0.0,0.0183809,62.8953,0.48,1.0,43.0,50.0,0.2,100.0
traj_sweep_483,cts,0.0011519,0.0011519,1076.77,1278.42,675.64,675.64,610.0,0.0,610.0,0.0,0.0,0.0,0.62747,0.62747,634.0,23.0,23.0,4048.0,4048.0,0.0,0.0,0.0,0.0,1.0,0.00123802,1.54618e-05,0.00102446,0.00227794,2928.69,0.776758,0.620352,0.0,2249320000.0,2249320000.0,0.110371,0.0,0.0328523,62.747,0.49,1.0,43.0,50.0,0.2,100.0
traj_sweep_484,cts,0.000743405,0.000743405,1076.77,1278.42,674.576,674.576,609.0,0.0,609.0,0.0,0.0,0.0,0.626482,0.626482,634.0,23.0,23.0,4048.0,4048.0,0.0,0.0,0.0,0.0,1.0,0.00120296,1.54538e-05,0.00100718,0.00222559,2969.97,0.758387,0.628912,0.0,2231810000.0,2231810000.0,0.110934,0.0,0.0377178,62.6482,0.5,1.0,43.0,50.0,0.2,100.0
traj_sweep_485,cts,0.000647427,0.000647427,1076.77,1278.42,675.374,675.374,610.0,0.0,610.0,0.0,0.0,0.0,0.627223,0.627223,634.0,23.0,23.0,4048.0,4048.0,0.0,0.0,0.0,0.0,1.0,0.00118882,1.5441e-05,0.00098265,0.00218691,2974.21,0.781359,0.611589,0.0,2191360000.0,2191360000.0,0.110514,0.0,0.048324,62.7223,0.51,1.0,43.0,50.0,0.2,100.0
traj_sweep_486,cts,0.00248632,0.00248632,1076.77,1278.42,675.64,675.64,610.0,0.0,610.0,0.0,0.0,0.0,0.62747,0.62747,634.0,23.0,23.0,4048.0,4048.0,0.0,0.0,0.0,0.0,1.0,0.00116757,1.54808e-05,0.000973076,0.00215612,2972.28,0.7918,0.621333,0.0,2249570000.0,2249570000.0,0.111113,0.0,0.0551226,62.747,0.52,1.0,43.0,50.0,0.2,100.0
traj_sweep_487,cts,0.00095926,0.00095926,1076.77,1278.42,675.108,675.108,610.0,0.0,610.0,0.0,0.0,0.0,0.626976,0.626976,634.0,23.0,23.0,4048.0,4048.0,0.0,0.0,0.0,0.0,1.0,0.00113853,1.54521e-05,0.000946324,0.00210031,2954.18,0.805667,0.625636,0.0,2238380000.0,2238380000.0,0.110799,0.0,0.0622818,62.6976,0.53,1.0,43.0,50.0,0.2,100.0
traj_sweep_488,cts,0.00133069,0.00133069,1076.77,1278.42,675.108,675.108,610.0,0.0,610.0,0.0,0.0,0.0,0.626976,0.626976,634.0,23.0,23.0,4048.0,4048.0,0.0,0.0,0.0,0.0,1.0,0.0011174,1.54521e-05,0.000923243,0.00205609,2953.53,0.778133,0.617109,0.0,2172520000.0,2172520000.0,0.110594,0.0,0.0726387,62.6976,0.54,1.0,43.0,50.0,0.2,100.0
traj_sweep_489,cts,0.00231828,0.00231828,1076.77,1278.42,674.842,674.842,610.0,0.0,610.0,0.0,0.0,0.0,0.626729,0.626729,634.0,23.0,23.0,4048.0,4048.0,0.0,0.0,0.0,0.0,2.0,0.00109629,1.54472e-05,0.00091392,0.00202566,2971.36,0.75974,0.615887,0.0,2173420000.0,2173420000.0,0.111062,0.0,0.0813491,62.6729,0.55,1.0,43.0,50.0,0.2,100.0
traj_sweep_490,cts,0.000744189,0.000744189,1076.77,1278.42,674.576,674.576,609.0,0.0,609.0,0.0,0.0,0.0,0.626482,0.626482,633.0,23.0,23.0,4048.0,4048.0,0.0,0.0,0.0,0.0,1.0,0.00108353,1.54213e-05,0.000893001,0.00199195,2964.61,0.78187,0.554024,0.0,2193660000.0,2193660000.0,0.110707,0.0,0.0868246,62.6482,0.56,1.0,43.0,50.0,0.2,100.0
traj_sweep_491,cts,0.000744189,0.000744189,1076.77,1278.42,674.576,674.576,609.0,0.0,609.0,0.0,0.0,0.0,0.626482,0.626482,633.0,23.0,23.0,4048.0,4048.0,0.0,0.0,0.0,0.0,1.0,0.00106452,1.54213e-05,0.000877334,0.00195728,2964.61,0.78187,0.554024,0.0,2193660000.0,2193660000.0,0.110707,0.0,0.0948247,62.6482,0.57,1.0,43.0,50.0,0.2,100.0
traj_sweep_492,cts,0.000527439,0.000527439,1076.77,1278.42,674.044,674.044,608.0,0.0,608.0,0.0,0.0,0.0,0.625988,0.625988,632.0,23.0,23.0,4048.0,4048.0,0.0,0.0,0.0,0.0,1.0,0.00104696,1.54214e-05,0.000857832,0.00192021,2921.09,0.772985,0.473769,0.0,2190530000.0,2190530000.0,0.110619,0.0,0.105027,62.5988,0.58,1.0,43.0,50.0,0.2,100.0
traj_sweep_493,cts,0.00118603,0.00118603,1076.77,1278.42,673.512,673.512,608.0,0.0,608.0,0.0,0.0,0.0,0.625494,0.625494,632.0,23.0,23.0,4048.0,4048.0,0.0,0.0,0.0,0.0,1.0,0.00102281,1.54102e-05,0.000846533,0.00188475,2954.09,0.793739,0.558281,0.0,2182110000.0,2182110000.0,0.110729,0.0,0.110888,62.5494,0.59,1.0,43.0,50.0,0.2,100.0
traj_sweep_494,cts,0.000583304,0.000583304,1076.77,1278.42,674.842,674.842,608.0,0.0,608.0,0.0,0.0,0.0,0.626729,0.626729,632.0,23.0,23.0,4048.0,4048.0,0.0,0.0,0.0,0.0,1.0,0.00101222,1.54659e-05,0.000834467,0.00186215,2973.11,0.737633,0.554675,0.0,2191110000.0,2191110000.0,0.110441,0.0,0.119181,62.6729,0.6,1.0,43.0,50.0,0.2,100.0
traj_sweep_495,cts,0.000787898,0.000787898,1076.77,1278.42,674.842,674.842,608.0,0.0,608.0,0.0,0.0,0.0,0.626729,0.626729,632.0,23.0,23.0,4048.0,4048.0,0.0,0.0,0.0,0.0,1.0,0.00099578,1.54659e-05,0.000819891,0.00183114,2960.42,0.747067,0.553279,0.0,2190970000.0,2190970000.0,0.11095,0.0,0.128377,62.6729,0.61,1.0,43.0,50.0,0.2,100.0
traj_sweep_496,cts,0.000870845,0.000870845,1076.77,1278.42,674.044,674.044,608.0,0.0,608.0,0.0,0.0,0.0,0.625988,0.625988,632.0,23.0,23.0,4048.0,4048.0,0.0,0.0,0.0,0.0,1.0,0.000979385,1.54214e-05,0.000809115,0.00180392,2958.44,0.767821,0.550711,0.0,2198750000.0,2198750000.0,0.110994,0.0,0.132811,62.5988,0.62,1.0,43.0,50.0,0.2,100.0
traj_sweep_497,cts,0.00037427,0.00037427,1076.77,1278.42,942.97,942.97,737.0,9.0,737.0,9.54,0.6825,503.354,0.875741,0.875741,763.0,23.0,23.0,4048.0,4048.0,1216270.0,17.0,1.0,1.0,21.0,0.00625895,2.54117e-05,0.00492191,0.0112063,4092.35,0.66181,0.702868,53.0,2426820000.0,2426820000.0,0.0715708,-12.6792,-0.272063,87.5741,0.14,1.0,44.0,50.0,0.2,100.0
traj_sweep_498,cts,0.00139967,0.00139967,1076.77,1278.42,946.428,946.428,737.0,8.0,737.0,9.4,0.6955,512.678,0.878953,0.878953,761.0,23.0,23.0,4048.0,4048.0,1279680.0,18.0,1.0,1.0,15.0,0.00586746,2.55808e-05,0.00463898,0.010532,4118.66,0.598675,0.67249,53.0,2432750000.0,2432750000.0,0.0727577,-12.2224,-0.261058,87.8953,0.15,1.0,44.0,50.0,0.2,100.0
traj_sweep_499,cts,0.000851805,0.000851805,1076.77,1278.42,958.93,958.93,739.0,9.0,739.0,12.2,1.1565,854.755,0.890563,0.890563,763.0,23.0,23.0,4048.0,4048.0,2045300.0,29.0,1.0,1.0,84.0,0.00554449,2.61481e-05,0.00440904,0.00997968,4508.8,0.55955,0.653665,53.0,2406500000.0,2406500000.0,0.0735413,-11.8419,-0.255541,89.0563,0.16,1.0,44.0,50.0,0.2,100.0
traj_sweep_500,cts,0.000282892,0.000282892,1076.77,1278.42,939.246,939.246,737.0,12.0,737.0,9.54,0.7835,577.699,0.872283,0.872283,761.0,23.0,23.0,4048.0,4048.0,1365650.0,20.0,1.0,1.0,14.0,0.00515207,2.53631e-05,0.00408658,0.00926401,4129.96,0.665073,0.704437,53.0,2431270000.0,2431270000.0,0.0741913,-11.1102,-0.241308,87.2283,0.17,1.0,44.0,50.0,0.2,100.0
traj_sweep_501,cts,0.00104417,0.00104417,1076.77,1278.42,937.65,937.65,730.0,8.0,730.0,8.64,0.7815,570.628,0.8708,0.8708,754.0,23.0,23.0,4048.0,4048.0,1416820.0,21.0,1.0,1.0,14.0,0.00476457,2.52044e-05,0.00383471,0.00862449,4158.53,0.663697,0.703775,53.0,2435540000.0,2435540000.0,0.0781974,-10.6007,-0.230586,87.08,0.18,1.0,44.0,50.0,0.2,100.0
traj_sweep_502,cts,0.00131423,0.00131423,1076.77,1278.42,933.926,933.926,732.0,10.0,732.0,9.92,0.825,603.983,0.867342,0.867342,756.0,23.0,23.0,4048.0,4048.0,1425800.0,21.0,1.0,1.0,17.0,0.00450617,2.51312e-05,0.00359347,0.00812476,4159.66,0.667471,0.700814,53.0,2446910000.0,2446910000.0,0.0791735,-10.1011,-0.218678,86.7342,0.19,1.0,44.0,50.0,0.2,100.0
traj_sweep_503,cts,0.000822994,0.000822994,1076.77,1278.42,935.522,935.522,732.0,13.0,732.0,10.3,0.6695,490.321,0.868824,0.868824,758.0,23.0,23.0,4048.0,4048.0,1245810.0,18.0,1.0,1.0,18.0,0.00427713,2.52112e-05,0.00339383,0.00769617,4086.4,0.61001,0.677942,53.0,2446710000.0,2446710000.0,0.0832298,-9.54891,-0.208712,86.8824,0.2,1.0,44.0,50.0,0.2,100.0
traj_sweep_504,cts,0.00108259,0.00108259,1076.77,1278.42,916.104,916.104,728.0,10.0,728.0,6.98,0.4295,312.877,0.850791,0.850791,752.0,23.0,23.0,4048.0,4048.0,840226.0,12.0,1.0,1.0,9.0,0.00398784,2.45971e-05,0.00318312,0.00719555,3851.12,0.665584,0.699868,53.0,2450450000.0,2450450000.0,0.0809846,-8.92024,-0.198089,85.0791,0.21,1.0,44.0,50.0,0.2,100.0
traj_sweep_505,cts,0.000845185,0.000845185,1076.77,1278.42,935.788,935.788,724.0,11.0,724.0,9.35,0.625,452.631,0.869071,0.869071,750.0,23.0,23.0,4048.0,4048.0,1008920.0,15.0,1.0,1.0,11.0,0.00388122,2.53836e-05,0.00312272,0.00702932,3956.49,0.58871,0.667695,53.0,2431310000.0,2431310000.0,0.0851741,-8.47741,-0.191301,86.9071,0.22,1.0,44.0,50.0,0.2,100.0
traj_sweep_506,cts,0.000638753,0.000638753,1076.77,1278.42,910.784,910.784,724.0,8.0,724.0,8.64,0.595,431.085,0.84585,0.84585,748.0,23.0,23.0,4048.0,4048.0,897485.0,13.0,1.0,1.0,14.0,0.00361917,2.43359e-05,0.00289726,0.00654077,3935.04,0.653405,0.698823,53.0,2430400000.0,2430400000.0,0.0833932,-7.86846,-0.181455,84.585,0.23,1.0,44.0,50.0,0.2,100.0
traj_sweep_507,cts,0.00195154,0.00195154,1076.77,1278.42,894.292,894.292,726.0,6.0,726.0,7.88,0.2965,215.391,0.830534,0.830534,750.0,23.0,23.0,4048.0,4048.0,595557.0,9.0,1.0,1.0,10.0,0.00341879,2.36223e-05,0.00273792,0.00618034,3746.39,0.643971,0.694283,52.0,2434360000.0,2434360000.0,0.0839777,-7.45693,-0.170785,83.0534,0.24,1.0,44.0,50.0,0.2,100.0
traj_sweep_508,cts,0.000893972,0.000893972,1076.77,1278.42,920.36,920.36,730.0,10.0,730.0,11.06,0.631,460.7,0.854743,0.854743,754.0,23.0,23.0,4048.0,4048.0,1157470.0,17.0,1.0,1.0,21.0,0.00336874,2.45257e-05,0.0026941,0.00608736,3974.31,0.643971,0.694283,51.0,2444500000.0,2444500000.0,0.0881472,-6.95295,-0.159082,85.4743,0.25,1.0,44.0,50.0,0.2,100.0
traj_sweep_509,cts,0.00115493,0.00115493,1076.77,1278.42,906.528,906.528,725.0,6.0,725.0,7.31,0.5585,404.933,0.841897,0.841897,749.0,23.0,23.0,4048.0,4048.0,903750.0,13.0,1.0,1.0,18.0,0.00318102,2.3764e-05,0.00256086,0.00576564,3882.97,0.654264,0.699236,51.0,2431310000.0,2431310000.0,0.0911245,-6.63624,-0.151301,84.1897,0.26,1.0,44.0,50.0,0.2,100.0
traj_sweep_510,cts,0.00108621,0.00108621,1076.77,1278.42,904.4,904.4,729.0,10.0,729.0,6.93,0.333,242.875,0.839921,0.839921,753.0,23.0,23.0,4048.0,4048.0,576181.0,9.0,1.0,1.0,7.0,0.00311631,2.36565e-05,0.0024654,0.00560536,3648.41,0.643971,0.694283,49.0,2447280000.0,2447280000.0,0.0930482,-5.97472,-0.138617,83.9921,0.27,1.0,44.0,50.0,0.2,100.0
traj_sweep_511,cts,0.00157546,0.00157546,1076.77,1278.42,910.252,910.252,730.0,10.0,730.0,7.88,0.499,364.545,0.845356,0.845356,754.0,23.0,23.0,4048.0,4048.0,807223.0,12.0,1.0,1.0,11.0,0.00299777,2.38753e-05,0.00240966,0.0054313,3767.83,0.631112,0.688096,49.0,2432410000.0,2432410000.0,0.0946159,-5.59219,-0.131115,84.5356,0.28,1.0,44.0,50.0,0.2,100.0
traj_sweep_512,cts,0.000829684,0.000829684,1076.77,1278.42,913.976,913.976,720.0,9.0,720.0,6.93,0.4755,342.594,0.848814,0.848814,744.0,23.0,23.0,4048.0,4048.0,902230.0,14.0,1.0,1.0,13.0,0.00287357,2.40057e-05,0.00233096,0.00522854,3792.22,0.655291,0.69974,49.0,2422060000.0,2422060000.0,0.0977089,-5.18383,-0.122871,84.8814,0.29,1.0,44.0,50.0,0.2,100.0
traj_sweep_513,cts,0.00155324,0.00155324,1076.77,1278.42,888.972,888.972,718.0,6.0,718.0,6.03,0.3195,229.707,0.825593,0.825593,742.0,23.0,23.0,4048.0,4048.0,522870.0,8.0,1.0,1.0,11.0,0.00272548,2.31405e-05,0.00218379,0.00493242,3703.57,0.667471,0.70083,49.0,2442300000.0,2442300000.0,0.0977397,-4.65592,-0.109451,82.5593,0.3,1.0,44.0,50.0,0.2,100.0
traj_sweep_514,cts,0.00154405,0.00154405,1076.77,1278.42,886.046,886.046,720.0,7.0,720.0,7.5,0.307,221.058,0.822875,0.822875,744.0,23.0,23.0,4048.0,4048.0,509031.0,8.0,1.0,1.0,9.0,0.00264583,2.29544e-05,0.00207504,0.00474382,3613.39,0.636424,0.690659,48.0,2439440000.0,2439440000.0,0.102324,-4.19347,-0.0999303,82.2875,0.31,1.0,44.0,50.0,0.2,100.0
traj_sweep_515,cts,0.00190797,0.00190797,1076.77,1278.42,844.816,844.816,704.0,3.0,704.0,5.98,0.0935,66.102,0.784585,0.784585,728.0,23.0,23.0,4048.0,4048.0,206243.0,3.0,1.0,1.0,3.0,0.00239491,2.15705e-05,0.0019313,0.00434778,3365.04,0.654264,0.699239,48.0,2456570000.0,2456570000.0,0.100959,-3.50995,-0.0870718,78.4585,0.32,1.0,44.0,50.0,0.2,100.0
traj_sweep_516,cts,0.000767504,0.000767504,1076.77,1278.42,836.304,836.304,697.0,4.0,697.0,7.5,0.11,76.9065,0.77668,0.77668,721.0,23.0,23.0,4048.0,4048.0,156556.0,2.0,1.0,1.0,3.0,0.00230557,2.11496e-05,0.00186626,0.00419298,3367.79,0.663697,0.675367,47.0,2459190000.0,2459190000.0,0.104089,-3.16886,-0.0777758,77.668,0.33,1.0,44.0,50.0,0.2,100.0
traj_sweep_517,cts,0.00187142,0.00187142,1076.77,1278.42,828.856,828.856,700.0,3.0,700.0,6.93,0.105,73.619,0.769763,0.769763,724.0,23.0,23.0,4048.0,4048.0,212170.0,3.0,1.0,1.0,4.0,0.00222262,2.08882e-05,0.00176669,0.0040102,3305.44,0.317875,0.537109,47.0,2450270000.0,2450270000.0,0.106989,-2.81344,-0.0712867,76.9763,0.34,1.0,44.0,50.0,0.2,100.0
traj_sweep_518,cts,0.00165626,0.00165626,1076.77,1278.42,856.52,856.52,702.0,4.0,702.0,10.54,0.2345,164.809,0.795455,0.795455,726.0,23.0,23.0,4048.0,4048.0,449342.0,7.0,1.0,1.0,8.0,0.00222075,2.1912e-05,0.00181169,0.00405435,3490.53,0.658037,0.701055,47.0,2427770000.0,2427770000.0,0.107636,-2.50817,-0.0629584,79.5455,0.35,1.0,44.0,50.0,0.2,100.0
traj_sweep_519,cts,0.00188383,0.00188383,1076.77,1278.42,834.442,834.442,698.0,3.0,698.0,6.03,0.09,62.994,0.774951,0.774951,722.0,23.0,23.0,4048.0,4048.0,187676.0,3.0,1.0,1.0,2.0,0.00211362,2.11252e-05,0.00169042,0.00382516,3250.58,0.632139,0.688594,47.0,2431860000.0,2431860000.0,0.110088,-1.98018,-0.0515678,77.4951,0.36,1.0,44.0,50.0,0.2,100.0
traj_sweep_520,cts,0.00140771,0.00140771,1076.77,1278.42,814.758,814.758,694.0,1.0,694.0,5.84,0.07,48.7075,0.75667,0.75667,718.0,23.0,23.0,4048.0,4048.0,101830.0,2.0,1.0,1.0,2.0,0.00199177,2.04372e-05,0.00159498,0.00360719,3250.92,0.775914,0.673378,46.0,2407310000.0,2407310000.0,0.110414,-1.66071,-0.0467119,75.667,0.37,1.0,44.0,50.0,0.2,100.0
traj_sweep_521,cts,0.0014791,0.0014791,1076.77,1278.42,876.204,876.204,702.0,7.0,702.0,8.26,0.3415,239.782,0.813735,0.813735,727.0,23.0,23.0,4048.0,4048.0,570207.0,9.0,1.0,1.0,11.0,0.00208553,2.26152e-05,0.00171266,0.00382081,3530.28,0.663697,0.703784,46.0,2387560000.0,2387560000.0,0.113843,-1.31907,-0.0414734,81.3735,0.38,1.0,44.0,50.0,0.2,100.0
traj_sweep_522,cts,0.000693008,0.000693008,1076.77,1278.42,819.28,819.28,696.0,2.0,696.0,5.08,0.097,67.565,0.76087,0.76087,720.0,23.0,23.0,4048.0,4048.0,220309.0,3.0,1.0,1.0,5.0,0.00191121,2.05429e-05,0.00153584,0.00346759,3307.3,0.643971,0.645935,45.0,2397880000.0,2397880000.0,0.114928,-0.895063,-0.0272608,76.087,0.39,1.0,44.0,50.0,0.2,100.0
traj_sweep_523,cts,0.00106511,0.00106511,1076.77,1278.42,808.64,808.64,690.0,2.0,690.0,7.17,0.1625,112.369,0.750988,0.750988,714.0,23.0,23.0,4048.0,4048.0,304099.0,5.0,1.0,1.0,3.0,0.00186907,2.02117e-05,0.00150471,0.00339399,3312.14,0.65049,0.697424,30.0,2381670000.0,2381670000.0,0.110513,-0.367142,-0.0200314,75.0988,0.4,1.0,44.0,50.0,0.2,100.0
traj_sweep_524,cts,0.00117015,0.00117015,1076.77,1278.42,781.774,781.774,681.0,9.0,681.0,6.41,0.2465,167.882,0.726038,0.726038,705.0,23.0,23.0,4048.0,4048.0,432386.0,7.0,1.0,1.0,9.0,0.00177132,1.92588e-05,0.00141441,0.00320499,3401.2,0.795588,0.739294,41.0,2380810000.0,2380810000.0,0.110597,-0.192529,-0.0127939,72.6038,0.41,1.0,44.0,50.0,0.2,100.0
traj_sweep_525,cts,0.00105548,0.00105548,1076.77,1278.42,731.234,731.234,661.0,7.0,661.0,5.439,0.0715,47.522,0.679101,0.679101,685.0,23.0,23.0,4048.0,4048.0,60500.0,1.0,1.0,1.0,2.0,0.00159918,1.73116e-05,0.00126958,0.00288608,3127.33,0.778607,0.615899,7.0,2374030000.0,2374030000.0,0.110433,-0.00748426,-0.00293143,67.9101,0.42,1.0,44.0,50.0,0.2,100.0
traj_sweep_526,cts,0.000908697,0.000908697,1076.77,1278.42,704.9,704.9,635.0,5.0,635.0,3.94,0.0415,26.3725,0.654644,0.654644,659.0,23.0,23.0,4048.0,4048.0,51017.0,1.0,1.0,1.0,1.0,0.00149737,1.64894e-05,0.00120795,0.00272181,3069.34,0.793204,0.61224,2.0,2329710000.0,2329710000.0,0.110513,-0.00079331,-0.000655559,65.4644,0.43,1.0,44.0,50.0,0.2,100.0
traj_sweep_527,cts,0.00374065,0.00374065,1076.77,1278.42,686.014,686.014,620.0,1.0,620.0,2.99,0.006,3.97,0.637105,0.637105,644.0,23.0,23.0,4048.0,4048.0,12503.0,0.0,0.0,0.0,1.0,0.00140196,1.5854e-05,0.0011643,0.00258211,3036.3,0.780532,0.612851,0.0,2306230000.0,2306230000.0,0.110364,0.0,0.00023484,63.7105,0.44,1.0,44.0,50.0,0.2,100.0
traj_sweep_528,cts,0.000231738,0.000231738,1076.77,1278.42,682.556,682.556,617.0,0.0,617.0,0.0,0.0,0.0,0.633893,0.633893,641.0,23.0,23.0,4048.0,4048.0,0.0,0.0,0.0,0.0,2.0,0.00136555,1.56944e-05,0.00112383,0.00250507,3052.48,0.755657,0.617559,0.0,2292680000.0,2292680000.0,0.111228,0.0,0.0051058,63.3893,0.45,1.0,44.0,50.0,0.2,100.0
traj_sweep_529,cts,0.000770897,0.000770897,1076.77,1278.42,680.162,680.162,614.0,0.0,614.0,0.0,0.0,0.0,0.63167,0.63167,638.0,23.0,23.0,4048.0,4048.0,0.0,0.0,0.0,0.0,1.0,0.00132226,1.56394e-05,0.00109423,0.00243212,2986.35,0.767821,0.621576,0.0,2287810000.0,2287810000.0,0.111059,0.0,0.00726225,63.167,0.46,1.0,44.0,50.0,0.2,100.0
traj_sweep_530,cts,0.000728924,0.000728924,1076.77,1278.42,677.502,677.502,610.0,0.0,610.0,0.0,0.0,0.0,0.6292,0.6292,636.0,23.0,23.0,4048.0,4048.0,0.0,0.0,0.0,0.0,1.0,0.00128309,1.55682e-05,0.00105346,0.00235212,2956.42,0.777801,0.527429,0.0,2272850000.0,2272850000.0,0.110841,0.0,0.017934,62.92,0.47,1.0,44.0,50.0,0.2,100.0
traj_sweep_531,cts,0.000389543,0.000389543,1076.77,1278.42,677.236,677.236,611.0,0.0,611.0,0.0,0.0,0.0,0.628953,0.628953,636.0,23.0,23.0,4048.0,4048.0,0.0,0.0,0.0,0.0,1.0,0.00125599,1.55647e-05,0.00104895,0.0023205,2996.9,0.776793,0.540608,0.0,2259930000.0,2259930000.0,0.111216,0.0,0.0183809,62.8953,0.48,1.0,44.0,50.0,0.2,100.0
traj_sweep_532,cts,0.0011519,0.0011519,1076.77,1278.42,675.64,675.64,610.0,0.0,610.0,0.0,0.0,0.0,0.62747,0.62747,634.0,23.0,23.0,4048.0,4048.0,0.0,0.0,0.0,0.0,1.0,0.00123802,1.54618e-05,0.00102446,0.00227794,2928.69,0.776758,0.620352,0.0,2249320000.0,2249320000.0,0.110371,0.0,0.0328523,62.747,0.49,1.0,44.0,50.0,0.2,100.0
traj_sweep_533,cts,0.000743405,0.000743405,1076.77,1278.42,674.576,674.576,609.0,0.0,609.0,0.0,0.0,0.0,0.626482,0.626482,634.0,23.0,23.0,4048.0,4048.0,0.0,0.0,0.0,0.0,1.0,0.00120296,1.54538e-05,0.00100718,0.00222559,2969.97,0.758387,0.628912,0.0,2231810000.0,2231810000.0,0.110934,0.0,0.0377178,62.6482,0.5,1.0,44.0,50.0,0.2,100.0
traj_sweep_534,cts,0.000647427,0.000647427,1076.77,1278.42,675.374,675.374,610.0,0.0,610.0,0.0,0.0,0.0,0.627223,0.627223,634.0,23.0,23.0,4048.0,4048.0,0.0,0.0,0.0,0.0,1.0,0.00118882,1.5441e-05,0.00098265,0.00218691,2974.21,0.781359,0.611589,0.0,2191360000.0,2191360000.0,0.110514,0.0,0.048324,62.7223,0.51,1.0,44.0,50.0,0.2,100.0
traj_sweep_535,cts,0.00248632,0.00248632,1076.77,1278.42,675.64,675.64,610.0,0.0,610.0,0.0,0.0,0.0,0.62747,0.62747,634.0,23.0,23.0,4048.0,4048.0,0.0,0.0,0.0,0.0,1.0,0.00116757,1.54808e-05,0.000973076,0.00215612,2972.28,0.7918,0.621333,0.0,2249570000.0,2249570000.0,0.111113,0.0,0.0551226,62.747,0.52,1.0,44.0,50.0,0.2,100.0
traj_sweep_536,cts,0.00095926,0.00095926,1076.77,1278.42,675.108,675.108,610.0,0.0,610.0,0.0,0.0,0.0,0.626976,0.626976,634.0,23.0,23.0,4048.0,4048.0,0.0,0.0,0.0,0.0,1.0,0.00113853,1.54521e-05,0.000946324,0.00210031,2954.18,0.805667,0.625636,0.0,2238380000.0,2238380000.0,0.110799,0.0,0.0622818,62.6976,0.53,1.0,44.0,50.0,0.2,100.0
traj_sweep_537,cts,0.00133069,0.00133069,1076.77,1278.42,675.108,675.108,610.0,0.0,610.0,0.0,0.0,0.0,0.626976,0.626976,634.0,23.0,23.0,4048.0,4048.0,0.0,0.0,0.0,0.0,1.0,0.0011174,1.54521e-05,0.000923243,0.00205609,2953.53,0.778133,0.617109,0.0,2172520000.0,2172520000.0,0.110594,0.0,0.0726387,62.6976,0.54,1.0,44.0,50.0,0.2,100.0
traj_sweep_538,cts,0.00231828,0.00231828,1076.77,1278.42,674.842,674.842,610.0,0.0,610.0,0.0,0.0,0.0,0.626729,0.626729,634.0,23.0,23.0,4048.0,4048.0,0.0,0.0,0.0,0.0,2.0,0.00109629,1.54472e-05,0.00091392,0.00202566,2971.36,0.75974,0.615887,0.0,2173420000.0,2173420000.0,0.111062,0.0,0.0813491,62.6729,0.55,1.0,44.0,50.0,0.2,100.0
traj_sweep_539,cts,0.000744189,0.000744189,1076.77,1278.42,674.576,674.576,609.0,0.0,609.0,0.0,0.0,0.0,0.626482,0.626482,633.0,23.0,23.0,4048.0,4048.0,0.0,0.0,0.0,0.0,1.0,0.00108353,1.54213e-05,0.000893001,0.00199195,2964.61,0.78187,0.554024,0.0,2193660000.0,2193660000.0,0.110707,0.0,0.0868246,62.6482,0.56,1.0,44.0,50.0,0.2,100.0
traj_sweep_540,cts,0.000744189,0.000744189,1076.77,1278.42,674.576,674.576,609.0,0.0,609.0,0.0,0.0,0.0,0.626482,0.626482,633.0,23.0,23.0,4048.0,4048.0,0.0,0.0,0.0,0.0,1.0,0.00106452,1.54213e-05,0.000877334,0.00195728,2964.61,0.78187,0.554024,0.0,2193660000.0,2193660000.0,0.110707,0.0,0.0948247,62.6482,0.57,1.0,44.0,50.0,0.2,100.0
traj_sweep_541,cts,0.000527439,0.000527439,1076.77,1278.42,674.044,674.044,608.0,0.0,608.0,0.0,0.0,0.0,0.625988,0.625988,632.0,23.0,23.0,4048.0,4048.0,0.0,0.0,0.0,0.0,1.0,0.00104696,1.54214e-05,0.000857832,0.00192021,2921.09,0.772985,0.473769,0.0,2190530000.0,2190530000.0,0.110619,0.0,0.105027,62.5988,0.58,1.0,44.0,50.0,0.2,100.0
traj_sweep_542,cts,0.00118603,0.00118603,1076.77,1278.42,673.512,673.512,608.0,0.0,608.0,0.0,0.0,0.0,0.625494,0.625494,632.0,23.0,23.0,4048.0,4048.0,0.0,0.0,0.0,0.0,1.0,0.00102281,1.54102e-05,0.000846533,0.00188475,2954.09,0.793739,0.558281,0.0,2182110000.0,2182110000.0,0.110729,0.0,0.110888,62.5494,0.59,1.0,44.0,50.0,0.2,100.0
traj_sweep_543,cts,0.000583304,0.000583304,1076.77,1278.42,674.842,674.842,608.0,0.0,608.0,0.0,0.0,0.0,0.626729,0.626729,632.0,23.0,23.0,4048.0,4048.0,0.0,0.0,0.0,0.0,1.0,0.00101222,1.54659e-05,0.000834467,0.00186215,2973.11,0.737633,0.554675,0.0,2191110000.0,2191110000.0,0.110441,0.0,0.119181,62.6729,0.6,1.0,44.0,50.0,0.2,100.0
traj_sweep_544,cts,0.000787898,0.000787898,1076.77,1278.42,674.842,674.842,608.0,0.0,608.0,0.0,0.0,0.0,0.626729,0.626729,632.0,23.0,23.0,4048.0,4048.0,0.0,0.0,0.0,0.0,1.0,0.00099578,1.54659e-05,0.000819891,0.00183114,2960.42,0.747067,0.553279,0.0,2190970000.0,2190970000.0,0.11095,0.0,0.128377,62.6729,0.61,1.0,44.0,50.0,0.2,100.0
traj_sweep_545,cts,0.000870845,0.000870845,1076.77,1278.42,674.044,674.044,608.0,0.0,608.0,0.0,0.0,0.0,0.625988,0.625988,632.0,23.0,23.0,4048.0,4048.0,0.0,0.0,0.0,0.0,1.0,0.000979385,1.54214e-05,0.000809115,0.00180392,2958.44,0.767821,0.550711,0.0,2198750000.0,2198750000.0,0.110994,0.0,0.132811,62.5988,0.62,1.0,44.0,50.0,0.2,100.0
traj_sweep_546,cts,0.00037427,0.00037427,1076.77,1278.42,942.97,942.97,737.0,9.0,737.0,9.54,0.6825,503.354,0.875741,0.875741,763.0,23.0,23.0,4048.0,4048.0,1216270.0,17.0,1.0,1.0,21.0,0.00625895,2.54117e-05,0.00492191,0.0112063,4092.35,0.66181,0.702868,53.0,2426820000.0,2426820000.0,0.0715708,-12.6792,-0.272063,87.5741,0.14,1.0,45.0,50.0,0.2,100.0
traj_sweep_547,cts,0.00139967,0.00139967,1076.77,1278.42,946.428,946.428,737.0,8.0,737.0,9.4,0.6955,512.678,0.878953,0.878953,761.0,23.0,23.0,4048.0,4048.0,1279680.0,18.0,1.0,1.0,15.0,0.00586746,2.55808e-05,0.00463898,0.010532,4118.66,0.598675,0.67249,53.0,2432750000.0,2432750000.0,0.0727577,-12.2224,-0.261058,87.8953,0.15,1.0,45.0,50.0,0.2,100.0
traj_sweep_548,cts,0.000851805,0.000851805,1076.77,1278.42,958.93,958.93,739.0,9.0,739.0,12.2,1.1565,854.755,0.890563,0.890563,763.0,23.0,23.0,4048.0,4048.0,2045300.0,29.0,1.0,1.0,84.0,0.00554449,2.61481e-05,0.00440904,0.00997968,4508.8,0.55955,0.653665,53.0,2406500000.0,2406500000.0,0.0735413,-11.8419,-0.255541,89.0563,0.16,1.0,45.0,50.0,0.2,100.0
traj_sweep_549,cts,0.000282892,0.000282892,1076.77,1278.42,939.246,939.246,737.0,12.0,737.0,9.54,0.7835,577.699,0.872283,0.872283,761.0,23.0,23.0,4048.0,4048.0,1365650.0,20.0,1.0,1.0,14.0,0.00515207,2.53631e-05,0.00408658,0.00926401,4129.96,0.665073,0.704437,53.0,2431270000.0,2431270000.0,0.0741913,-11.1102,-0.241308,87.2283,0.17,1.0,45.0,50.0,0.2,100.0
traj_sweep_550,cts,0.00104417,0.00104417,1076.77,1278.42,937.65,937.65,730.0,8.0,730.0,8.64,0.7815,570.628,0.8708,0.8708,754.0,23.0,23.0,4048.0,4048.0,1416820.0,21.0,1.0,1.0,14.0,0.00476457,2.52044e-05,0.00383471,0.00862449,4158.53,0.663697,0.703775,53.0,2435540000.0,2435540000.0,0.0781974,-10.6007,-0.230586,87.08,0.18,1.0,45.0,50.0,0.2,100.0
traj_sweep_551,cts,0.00131423,0.00131423,1076.77,1278.42,933.926,933.926,732.0,10.0,732.0,9.92,0.825,603.983,0.867342,0.867342,756.0,23.0,23.0,4048.0,4048.0,1425800.0,21.0,1.0,1.0,17.0,0.00450617,2.51312e-05,0.00359347,0.00812476,4159.66,0.667471,0.700814,53.0,2446910000.0,2446910000.0,0.0791735,-10.1011,-0.218678,86.7342,0.19,1.0,45.0,50.0,0.2,100.0
traj_sweep_552,cts,0.000822994,0.000822994,1076.77,1278.42,935.522,935.522,732.0,13.0,732.0,10.3,0.6695,490.321,0.868824,0.868824,758.0,23.0,23.0,4048.0,4048.0,1245810.0,18.0,1.0,1.0,18.0,0.00427713,2.52112e-05,0.00339383,0.00769617,4086.4,0.61001,0.677942,53.0,2446710000.0,2446710000.0,0.0832298,-9.54891,-0.208712,86.8824,0.2,1.0,45.0,50.0,0.2,100.0
traj_sweep_553,cts,0.00108259,0.00108259,1076.77,1278.42,916.104,916.104,728.0,10.0,728.0,6.98,0.4295,312.877,0.850791,0.850791,752.0,23.0,23.0,4048.0,4048.0,840226.0,12.0,1.0,1.0,9.0,0.00398784,2.45971e-05,0.00318312,0.00719555,3851.12,0.665584,0.699868,53.0,2450450000.0,2450450000.0,0.0809846,-8.92024,-0.198089,85.0791,0.21,1.0,45.0,50.0,0.2,100.0
traj_sweep_554,cts,0.000845185,0.000845185,1076.77,1278.42,935.788,935.788,724.0,11.0,724.0,9.35,0.625,452.631,0.869071,0.869071,750.0,23.0,23.0,4048.0,4048.0,1008920.0,15.0,1.0,1.0,11.0,0.00388122,2.53836e-05,0.00312272,0.00702932,3956.49,0.58871,0.667695,53.0,2431310000.0,2431310000.0,0.0851741,-8.47741,-0.191301,86.9071,0.22,1.0,45.0,50.0,0.2,100.0
traj_sweep_555,cts,0.000638753,0.000638753,1076.77,1278.42,910.784,910.784,724.0,8.0,724.0,8.64,0.595,431.085,0.84585,0.84585,748.0,23.0,23.0,4048.0,4048.0,897485.0,13.0,1.0,1.0,14.0,0.00361917,2.43359e-05,0.00289726,0.00654077,3935.04,0.653405,0.698823,53.0,2430400000.0,2430400000.0,0.0833932,-7.86846,-0.181455,84.585,0.23,1.0,45.0,50.0,0.2,100.0
traj_sweep_556,cts,0.00195154,0.00195154,1076.77,1278.42,894.292,894.292,726.0,6.0,726.0,7.88,0.2965,215.391,0.830534,0.830534,750.0,23.0,23.0,4048.0,4048.0,595557.0,9.0,1.0,1.0,10.0,0.00341879,2.36223e-05,0.00273792,0.00618034,3746.39,0.643971,0.694283,52.0,2434360000.0,2434360000.0,0.0839777,-7.45693,-0.170785,83.0534,0.24,1.0,45.0,50.0,0.2,100.0
traj_sweep_557,cts,0.000893972,0.000893972,1076.77,1278.42,920.36,920.36,730.0,10.0,730.0,11.06,0.631,460.7,0.854743,0.854743,754.0,23.0,23.0,4048.0,4048.0,1157470.0,17.0,1.0,1.0,21.0,0.00336874,2.45257e-05,0.0026941,0.00608736,3974.31,0.643971,0.694283,51.0,2444500000.0,2444500000.0,0.0881472,-6.95295,-0.159082,85.4743,0.25,1.0,45.0,50.0,0.2,100.0
traj_sweep_558,cts,0.00115493,0.00115493,1076.77,1278.42,906.528,906.528,725.0,6.0,725.0,7.31,0.5585,404.933,0.841897,0.841897,749.0,23.0,23.0,4048.0,4048.0,903750.0,13.0,1.0,1.0,18.0,0.00318102,2.3764e-05,0.00256086,0.00576564,3882.97,0.654264,0.699236,51.0,2431310000.0,2431310000.0,0.0911245,-6.63624,-0.151301,84.1897,0.26,1.0,45.0,50.0,0.2,100.0
traj_sweep_559,cts,0.00108621,0.00108621,1076.77,1278.42,904.4,904.4,729.0,10.0,729.0,6.93,0.333,242.875,0.839921,0.839921,753.0,23.0,23.0,4048.0,4048.0,576181.0,9.0,1.0,1.0,7.0,0.00311631,2.36565e-05,0.0024654,0.00560536,3648.41,0.643971,0.694283,49.0,2447280000.0,2447280000.0,0.0930482,-5.97472,-0.138617,83.9921,0.27,1.0,45.0,50.0,0.2,100.0
traj_sweep_560,cts,0.00157546,0.00157546,1076.77,1278.42,910.252,910.252,730.0,10.0,730.0,7.88,0.499,364.545,0.845356,0.845356,754.0,23.0,23.0,4048.0,4048.0,807223.0,12.0,1.0,1.0,11.0,0.00299777,2.38753e-05,0.00240966,0.0054313,3767.83,0.631112,0.688096,49.0,2432410000.0,2432410000.0,0.0946159,-5.59219,-0.131115,84.5356,0.28,1.0,45.0,50.0,0.2,100.0
traj_sweep_561,cts,0.000829684,0.000829684,1076.77,1278.42,913.976,913.976,720.0,9.0,720.0,6.93,0.4755,342.594,0.848814,0.848814,744.0,23.0,23.0,4048.0,4048.0,902230.0,14.0,1.0,1.0,13.0,0.00287357,2.40057e-05,0.00233096,0.00522854,3792.22,0.655291,0.69974,49.0,2422060000.0,2422060000.0,0.0977089,-5.18383,-0.122871,84.8814,0.29,1.0,45.0,50.0,0.2,100.0
traj_sweep_562,cts,0.00155324,0.00155324,1076.77,1278.42,888.972,888.972,718.0,6.0,718.0,6.03,0.3195,229.707,0.825593,0.825593,742.0,23.0,23.0,4048.0,4048.0,522870.0,8.0,1.0,1.0,11.0,0.00272548,2.31405e-05,0.00218379,0.00493242,3703.57,0.667471,0.70083,49.0,2442300000.0,2442300000.0,0.0977397,-4.65592,-0.109451,82.5593,0.3,1.0,45.0,50.0,0.2,100.0
traj_sweep_563,cts,0.00154405,0.00154405,1076.77,1278.42,886.046,886.046,720.0,7.0,720.0,7.5,0.307,221.058,0.822875,0.822875,744.0,23.0,23.0,4048.0,4048.0,509031.0,8.0,1.0,1.0,9.0,0.00264583,2.29544e-05,0.00207504,0.00474382,3613.39,0.636424,0.690659,48.0,2439440000.0,2439440000.0,0.102324,-4.19347,-0.0999303,82.2875,0.31,1.0,45.0,50.0,0.2,100.0
traj_sweep_564,cts,0.00190797,0.00190797,1076.77,1278.42,844.816,844.816,704.0,3.0,704.0,5.98,0.0935,66.102,0.784585,0.784585,728.0,23.0,23.0,4048.0,4048.0,206243.0,3.0,1.0,1.0,3.0,0.00239491,2.15705e-05,0.0019313,0.00434778,3365.04,0.654264,0.699239,48.0,2456570000.0,2456570000.0,0.100959,-3.50995,-0.0870718,78.4585,0.32,1.0,45.0,50.0,0.2,100.0
traj_sweep_565,cts,0.000767504,0.000767504,1076.77,1278.42,836.304,836.304,697.0,4.0,697.0,7.5,0.11,76.9065,0.77668,0.77668,721.0,23.0,23.0,4048.0,4048.0,156556.0,2.0,1.0,1.0,3.0,0.00230557,2.11496e-05,0.00186626,0.00419298,3367.79,0.663697,0.675367,47.0,2459190000.0,2459190000.0,0.104089,-3.16886,-0.0777758,77.668,0.33,1.0,45.0,50.0,0.2,100.0
traj_sweep_566,cts,0.00187142,0.00187142,1076.77,1278.42,828.856,828.856,700.0,3.0,700.0,6.93,0.105,73.619,0.769763,0.769763,724.0,23.0,23.0,4048.0,4048.0,212170.0,3.0,1.0,1.0,4.0,0.00222262,2.08882e-05,0.00176669,0.0040102,3305.44,0.317875,0.537109,47.0,2450270000.0,2450270000.0,0.106989,-2.81344,-0.0712867,76.9763,0.34,1.0,45.0,50.0,0.2,100.0
traj_sweep_567,cts,0.00165626,0.00165626,1076.77,1278.42,856.52,856.52,702.0,4.0,702.0,10.54,0.2345,164.809,0.795455,0.795455,726.0,23.0,23.0,4048.0,4048.0,449342.0,7.0,1.0,1.0,8.0,0.00222075,2.1912e-05,0.00181169,0.00405435,3490.53,0.658037,0.701055,47.0,2427770000.0,2427770000.0,0.107636,-2.50817,-0.0629584,79.5455,0.35,1.0,45.0,50.0,0.2,100.0
traj_sweep_568,cts,0.00188383,0.00188383,1076.77,1278.42,834.442,834.442,698.0,3.0,698.0,6.03,0.09,62.994,0.774951,0.774951,722.0,23.0,23.0,4048.0,4048.0,187676.0,3.0,1.0,1.0,2.0,0.00211362,2.11252e-05,0.00169042,0.00382516,3250.58,0.632139,0.688594,47.0,2431860000.0,2431860000.0,0.110088,-1.98018,-0.0515678,77.4951,0.36,1.0,45.0,50.0,0.2,100.0
traj_sweep_569,cts,0.00140771,0.00140771,1076.77,1278.42,814.758,814.758,694.0,1.0,694.0,5.84,0.07,48.7075,0.75667,0.75667,718.0,23.0,23.0,4048.0,4048.0,101830.0,2.0,1.0,1.0,2.0,0.00199177,2.04372e-05,0.00159498,0.00360719,3250.92,0.775914,0.673378,46.0,2407310000.0,2407310000.0,0.110414,-1.66071,-0.0467119,75.667,0.37,1.0,45.0,50.0,0.2,100.0
traj_sweep_570,cts,0.0014791,0.0014791,1076.77,1278.42,876.204,876.204,702.0,7.0,702.0,8.26,0.3415,239.782,0.813735,0.813735,727.0,23.0,23.0,4048.0,4048.0,570207.0,9.0,1.0,1.0,11.0,0.00208553,2.26152e-05,0.00171266,0.00382081,3530.28,0.663697,0.703784,46.0,2387560000.0,2387560000.0,0.113843,-1.31907,-0.0414734,81.3735,0.38,1.0,45.0,50.0,0.2,100.0
traj_sweep_571,cts,0.000693008,0.000693008,1076.77,1278.42,819.28,819.28,696.0,2.0,696.0,5.08,0.097,67.565,0.76087,0.76087,720.0,23.0,23.0,4048.0,4048.0,220309.0,3.0,1.0,1.0,5.0,0.00191121,2.05429e-05,0.00153584,0.00346759,3307.3,0.643971,0.645935,45.0,2397880000.0,2397880000.0,0.114928,-0.895063,-0.0272608,76.087,0.39,1.0,45.0,50.0,0.2,100.0
traj_sweep_572,cts,0.00106511,0.00106511,1076.77,1278.42,808.64,808.64,690.0,2.0,690.0,7.17,0.1625,112.369,0.750988,0.750988,714.0,23.0,23.0,4048.0,4048.0,304099.0,5.0,1.0,1.0,3.0,0.00186907,2.02117e-05,0.00150471,0.00339399,3312.14,0.65049,0.697424,30.0,2381670000.0,2381670000.0,0.110513,-0.367142,-0.0200314,75.0988,0.4,1.0,45.0,50.0,0.2,100.0
traj_sweep_573,cts,0.00117015,0.00117015,1076.77,1278.42,781.774,781.774,681.0,9.0,681.0,6.41,0.2465,167.882,0.726038,0.726038,705.0,23.0,23.0,4048.0,4048.0,432386.0,7.0,1.0,1.0,9.0,0.00177132,1.92588e-05,0.00141441,0.00320499,3401.2,0.795588,0.739294,41.0,2380810000.0,2380810000.0,0.110597,-0.192529,-0.0127939,72.6038,0.41,1.0,45.0,50.0,0.2,100.0
traj_sweep_574,cts,0.00105548,0.00105548,1076.77,1278.42,731.234,731.234,661.0,7.0,661.0,5.439,0.0715,47.522,0.679101,0.679101,685.0,23.0,23.0,4048.0,4048.0,60500.0,1.0,1.0,1.0,2.0,0.00159918,1.73116e-05,0.00126958,0.00288608,3127.33,0.778607,0.615899,7.0,2374030000.0,2374030000.0,0.110433,-0.00748426,-0.00293143,67.9101,0.42,1.0,45.0,50.0,0.2,100.0
traj_sweep_575,cts,0.000908697,0.000908697,1076.77,1278.42,704.9,704.9,635.0,5.0,635.0,3.94,0.0415,26.3725,0.654644,0.654644,659.0,23.0,23.0,4048.0,4048.0,51017.0,1.0,1.0,1.0,1.0,0.00149737,1.64894e-05,0.00120795,0.00272181,3069.34,0.793204,0.61224,2.0,2329710000.0,2329710000.0,0.110513,-0.00079331,-0.000655559,65.4644,0.43,1.0,45.0,50.0,0.2,100.0
traj_sweep_576,cts,0.00374065,0.00374065,1076.77,1278.42,686.014,686.014,620.0,1.0,620.0,2.99,0.006,3.97,0.637105,0.637105,644.0,23.0,23.0,4048.0,4048.0,12503.0,0.0,0.0,0.0,1.0,0.00140196,1.5854e-05,0.0011643,0.00258211,3036.3,0.780532,0.612851,0.0,2306230000.0,2306230000.0,0.110364,0.0,0.00023484,63.7105,0.44,1.0,45.0,50.0,0.2,100.0
traj_sweep_577,cts,0.000231738,0.000231738,1076.77,1278.42,682.556,682.556,617.0,0.0,617.0,0.0,0.0,0.0,0.633893,0.633893,641.0,23.0,23.0,4048.0,4048.0,0.0,0.0,0.0,0.0,2.0,0.00136555,1.56944e-05,0.00112383,0.00250507,3052.48,0.755657,0.617559,0.0,2292680000.0,2292680000.0,0.111228,0.0,0.0051058,63.3893,0.45,1.0,45.0,50.0,0.2,100.0
traj_sweep_578,cts,0.000770897,0.000770897,1076.77,1278.42,680.162,680.162,614.0,0.0,614.0,0.0,0.0,0.0,0.63167,0.63167,638.0,23.0,23.0,4048.0,4048.0,0.0,0.0,0.0,0.0,1.0,0.00132226,1.56394e-05,0.00109423,0.00243212,2986.35,0.767821,0.621576,0.0,2287810000.0,2287810000.0,0.111059,0.0,0.00726225,63.167,0.46,1.0,45.0,50.0,0.2,100.0
traj_sweep_579,cts,0.000728924,0.000728924,1076.77,1278.42,677.502,677.502,610.0,0.0,610.0,0.0,0.0,0.0,0.6292,0.6292,636.0,23.0,23.0,4048.0,4048.0,0.0,0.0,0.0,0.0,1.0,0.00128309,1.55682e-05,0.00105346,0.00235212,2956.42,0.777801,0.527429,0.0,2272850000.0,2272850000.0,0.110841,0.0,0.017934,62.92,0.47,1.0,45.0,50.0,0.2,100.0
traj_sweep_580,cts,0.000389543,0.000389543,1076.77,1278.42,677.236,677.236,611.0,0.0,611.0,0.0,0.0,0.0,0.628953,0.628953,636.0,23.0,23.0,4048.0,4048.0,0.0,0.0,0.0,0.0,1.0,0.00125599,1.55647e-05,0.00104895,0.0023205,2996.9,0.776793,0.540608,0.0,2259930000.0,2259930000.0,0.111216,0.0,0.0183809,62.8953,0.48,1.0,45.0,50.0,0.2,100.0
traj_sweep_581,cts,0.0011519,0.0011519,1076.77,1278.42,675.64,675.64,610.0,0.0,610.0,0.0,0.0,0.0,0.62747,0.62747,634.0,23.0,23.0,4048.0,4048.0,0.0,0.0,0.0,0.0,1.0,0.00123802,1.54618e-05,0.00102446,0.00227794,2928.69,0.776758,0.620352,0.0,2249320000.0,2249320000.0,0.110371,0.0,0.0328523,62.747,0.49,1.0,45.0,50.0,0.2,100.0
traj_sweep_582,cts,0.000743405,0.000743405,1076.77,1278.42,674.576,674.576,609.0,0.0,609.0,0.0,0.0,0.0,0.626482,0.626482,634.0,23.0,23.0,4048.0,4048.0,0.0,0.0,0.0,0.0,1.0,0.00120296,1.54538e-05,0.00100718,0.00222559,2969.97,0.758387,0.628912,0.0,2231810000.0,2231810000.0,0.110934,0.0,0.0377178,62.6482,0.5,1.0,45.0,50.0,0.2,100.0
traj_sweep_583,cts,0.000647427,0.000647427,1076.77,1278.42,675.374,675.374,610.0,0.0,610.0,0.0,0.0,0.0,0.627223,0.627223,634.0,23.0,23.0,4048.0,4048.0,0.0,0.0,0.0,0.0,1.0,0.00118882,1.5441e-05,0.00098265,0.00218691,2974.21,0.781359,0.611589,0.0,2191360000.0,2191360000.0,0.110514,0.0,0.048324,62.7223,0.51,1.0,45.0,50.0,0.2,100.0
traj_sweep_584,cts,0.00248632,0.00248632,1076.77,1278.42,675.64,675.64,610.0,0.0,610.0,0.0,0.0,0.0,0.62747,0.62747,634.0,23.0,23.0,4048.0,4048.0,0.0,0.0,0.0,0.0,1.0,0.00116757,1.54808e-05,0.000973076,0.00215612,2972.28,0.7918,0.621333,0.0,2249570000.0,2249570000.0,0.111113,0.0,0.0551226,62.747,0.52,1.0,45.0,50.0,0.2,100.0
traj_sweep_585,cts,0.00095926,0.00095926,1076.77,1278.42,675.108,675.108,610.0,0.0,610.0,0.0,0.0,0.0,0.626976,0.626976,634.0,23.0,23.0,4048.0,4048.0,0.0,0.0,0.0,0.0,1.0,0.00113853,1.54521e-05,0.000946324,0.00210031,2954.18,0.805667,0.625636,0.0,2238380000.0,2238380000.0,0.110799,0.0,0.0622818,62.6976,0.53,1.0,45.0,50.0,0.2,100.0
traj_sweep_586,cts,0.00133069,0.00133069,1076.77,1278.42,675.108,675.108,610.0,0.0,610.0,0.0,0.0,0.0,0.626976,0.626976,634.0,23.0,23.0,4048.0,4048.0,0.0,0.0,0.0,0.0,1.0,0.0011174,1.54521e-05,0.000923243,0.00205609,2953.53,0.778133,0.617109,0.0,2172520000.0,2172520000.0,0.110594,0.0,0.0726387,62.6976,0.54,1.0,45.0,50.0,0.2,100.0
traj_sweep_587,cts,0.00231828,0.00231828,1076.77,1278.42,674.842,674.842,610.0,0.0,610.0,0.0,0.0,0.0,0.626729,0.626729,634.0,23.0,23.0,4048.0,4048.0,0.0,0.0,0.0,0.0,2.0,0.00109629,1.54472e-05,0.00091392,0.00202566,2971.36,0.75974,0.615887,0.0,2173420000.0,2173420000.0,0.111062,0.0,0.0813491,62.6729,0.55,1.0,45.0,50.0,0.2,100.0
traj_sweep_588,cts,0.000744189,0.000744189,1076.77,1278.42,674.576,674.576,609.0,0.0,609.0,0.0,0.0,0.0,0.626482,0.626482,633.0,23.0,23.0,4048.0,4048.0,0.0,0.0,0.0,0.0,1.0,0.00108353,1.54213e-05,0.000893001,0.00199195,2964.61,0.78187,0.554024,0.0,2193660000.0,2193660000.0,0.110707,0.0,0.0868246,62.6482,0.56,1.0,45.0,50.0,0.2,100.0
traj_sweep_589,cts,0.000744189,0.000744189,1076.77,1278.42,674.576,674.576,609.0,0.0,609.0,0.0,0.0,0.0,0.626482,0.626482,633.0,23.0,23.0,4048.0,4048.0,0.0,0.0,0.0,0.0,1.0,0.00106452,1.54213e-05,0.000877334,0.00195728,2964.61,0.78187,0.554024,0.0,2193660000.0,2193660000.0,0.110707,0.0,0.0948247,62.6482,0.57,1.0,45.0,50.0,0.2,100.0
traj_sweep_590,cts,0.000527439,0.000527439,1076.77,1278.42,674.044,674.044,608.0,0.0,608.0,0.0,0.0,0.0,0.625988,0.625988,632.0,23.0,23.0,4048.0,4048.0,0.0,0.0,0.0,0.0,1.0,0.00104696,1.54214e-05,0.000857832,0.00192021,2921.09,0.772985,0.473769,0.0,2190530000.0,2190530000.0,0.110619,0.0,0.105027,62.5988,0.58,1.0,45.0,50.0,0.2,100.0
traj_sweep_591,cts,0.00118603,0.00118603,1076.77,1278.42,673.512,673.512,608.0,0.0,608.0,0.0,0.0,0.0,0.625494,0.625494,632.0,23.0,23.0,4048.0,4048.0,0.0,0.0,0.0,0.0,1.0,0.00102281,1.54102e-05,0.000846533,0.00188475,2954.09,0.793739,0.558281,0.0,2182110000.0,2182110000.0,0.110729,0.0,0.110888,62.5494,0.59,1.0,45.0,50.0,0.2,100.0
traj_sweep_592,cts,0.000583304,0.000583304,1076.77,1278.42,674.842,674.842,608.0,0.0,608.0,0.0,0.0,0.0,0.626729,0.626729,632.0,23.0,23.0,4048.0,4048.0,0.0,0.0,0.0,0.0,1.0,0.00101222,1.54659e-05,0.000834467,0.00186215,2973.11,0.737633,0.554675,0.0,2191110000.0,2191110000.0,0.110441,0.0,0.119181,62.6729,0.6,1.0,45.0,50.0,0.2,100.0
traj_sweep_593,cts,0.000787898,0.000787898,1076.77,1278.42,674.842,674.842,608.0,0.0,608.0,0.0,0.0,0.0,0.626729,0.626729,632.0,23.0,23.0,4048.0,4048.0,0.0,0.0,0.0,0.0,1.0,0.00099578,1.54659e-05,0.000819891,0.00183114,2960.42,0.747067,0.553279,0.0,2190970000.0,2190970000.0,0.11095,0.0,0.128377,62.6729,0.61,1.0,45.0,50.0,0.2,100.0
traj_sweep_594,cts,0.000870845,0.000870845,1076.77,1278.42,674.044,674.044,608.0,0.0,608.0,0.0,0.0,0.0,0.625988,0.625988,632.0,23.0,23.0,4048.0,4048.0,0.0,0.0,0.0,0.0,1.0,0.000979385,1.54214e-05,0.000809115,0.00180392,2958.44,0.767821,0.550711,0.0,2198750000.0,2198750000.0,0.110994,0.0,0.132811,62.5988,0.62,1.0,45.0,50.0,0.2,100.0
traj_sweep_595,cts,0.00037427,0.00037427,1076.77,1278.42,942.97,942.97,737.0,9.0,737.0,9.54,0.6825,503.354,0.875741,0.875741,763.0,23.0,23.0,4048.0,4048.0,1216270.0,17.0,1.0,1.0,21.0,0.00625895,2.54117e-05,0.00492191,0.0112063,4092.35,0.66181,0.702868,53.0,2426820000.0,2426820000.0,0.0715708,-12.6792,-0.272063,87.5741,0.14,1.0,46.0,50.0,0.2,100.0
traj_sweep_596,cts,0.00139967,0.00139967,1076.77,1278.42,946.428,946.428,737.0,8.0,737.0,9.4,0.6955,512.678,0.878953,0.878953,761.0,23.0,23.0,4048.0,4048.0,1279680.0,18.0,1.0,1.0,15.0,0.00586746,2.55808e-05,0.00463898,0.010532,4118.66,0.598675,0.67249,53.0,2432750000.0,2432750000.0,0.0727577,-12.2224,-0.261058,87.8953,0.15,1.0,46.0,50.0,0.2,100.0
traj_sweep_597,cts,0.000851805,0.000851805,1076.77,1278.42,958.93,958.93,739.0,9.0,739.0,12.2,1.1565,854.755,0.890563,0.890563,763.0,23.0,23.0,4048.0,4048.0,2045300.0,29.0,1.0,1.0,84.0,0.00554449,2.61481e-05,0.00440904,0.00997968,4508.8,0.55955,0.653665,53.0,2406500000.0,2406500000.0,0.0735413,-11.8419,-0.255541,89.0563,0.16,1.0,46.0,50.0,0.2,100.0
traj_sweep_598,cts,0.000282892,0.000282892,1076.77,1278.42,939.246,939.246,737.0,12.0,737.0,9.54,0.7835,577.699,0.872283,0.872283,761.0,23.0,23.0,4048.0,4048.0,1365650.0,20.0,1.0,1.0,14.0,0.00515207,2.53631e-05,0.00408658,0.00926401,4129.96,0.665073,0.704437,53.0,2431270000.0,2431270000.0,0.0741913,-11.1102,-0.241308,87.2283,0.17,1.0,46.0,50.0,0.2,100.0
traj_sweep_599,cts,0.00104417,0.00104417,1076.77,1278.42,937.65,937.65,730.0,8.0,730.0,8.64,0.7815,570.628,0.8708,0.8708,754.0,23.0,23.0,4048.0,4048.0,1416820.0,21.0,1.0,1.0,14.0,0.00476457,2.52044e-05,0.00383471,0.00862449,4158.53,0.663697,0.703775,53.0,2435540000.0,2435540000.0,0.0781974,-10.6007,-0.230586,87.08,0.18,1.0,46.0,50.0,0.2,100.0
traj_sweep_600,cts,0.00131423,0.00131423,1076.77,1278.42,933.926,933.926,732.0,10.0,732.0,9.92,0.825,603.983,0.867342,0.867342,756.0,23.0,23.0,4048.0,4048.0,1425800.0,21.0,1.0,1.0,17.0,0.00450617,2.51312e-05,0.00359347,0.00812476,4159.66,0.667471,0.700814,53.0,2446910000.0,2446910000.0,0.0791735,-10.1011,-0.218678,86.7342,0.19,1.0,46.0,50.0,0.2,100.0
traj_sweep_601,cts,0.000822994,0.000822994,1076.77,1278.42,935.522,935.522,732.0,13.0,732.0,10.3,0.6695,490.321,0.868824,0.868824,758.0,23.0,23.0,4048.0,4048.0,1245810.0,18.0,1.0,1.0,18.0,0.00427713,2.52112e-05,0.00339383,0.00769617,4086.4,0.61001,0.677942,53.0,2446710000.0,2446710000.0,0.0832298,-9.54891,-0.208712,86.8824,0.2,1.0,46.0,50.0,0.2,100.0
traj_sweep_602,cts,0.00108259,0.00108259,1076.77,1278.42,916.104,916.104,728.0,10.0,728.0,6.98,0.4295,312.877,0.850791,0.850791,752.0,23.0,23.0,4048.0,4048.0,840226.0,12.0,1.0,1.0,9.0,0.00398784,2.45971e-05,0.00318312,0.00719555,3851.12,0.665584,0.699868,53.0,2450450000.0,2450450000.0,0.0809846,-8.92024,-0.198089,85.0791,0.21,1.0,46.0,50.0,0.2,100.0
traj_sweep_603,cts,0.000845185,0.000845185,1076.77,1278.42,935.788,935.788,724.0,11.0,724.0,9.35,0.625,452.631,0.869071,0.869071,750.0,23.0,23.0,4048.0,4048.0,1008920.0,15.0,1.0,1.0,11.0,0.00388122,2.53836e-05,0.00312272,0.00702932,3956.49,0.58871,0.667695,53.0,2431310000.0,2431310000.0,0.0851741,-8.47741,-0.191301,86.9071,0.22,1.0,46.0,50.0,0.2,100.0
traj_sweep_604,cts,0.000638753,0.000638753,1076.77,1278.42,910.784,910.784,724.0,8.0,724.0,8.64,0.595,431.085,0.84585,0.84585,748.0,23.0,23.0,4048.0,4048.0,897485.0,13.0,1.0,1.0,14.0,0.00361917,2.43359e-05,0.00289726,0.00654077,3935.04,0.653405,0.698823,53.0,2430400000.0,2430400000.0,0.0833932,-7.86846,-0.181455,84.585,0.23,1.0,46.0,50.0,0.2,100.0
traj_sweep_605,cts,0.00195154,0.00195154,1076.77,1278.42,894.292,894.292,726.0,6.0,726.0,7.88,0.2965,215.391,0.830534,0.830534,750.0,23.0,23.0,4048.0,4048.0,595557.0,9.0,1.0,1.0,10.0,0.00341879,2.36223e-05,0.00273792,0.00618034,3746.39,0.643971,0.694283,52.0,2434360000.0,2434360000.0,0.0839777,-7.45693,-0.170785,83.0534,0.24,1.0,46.0,50.0,0.2,100.0
traj_sweep_606,cts,0.000893972,0.000893972,1076.77,1278.42,920.36,920.36,730.0,10.0,730.0,11.06,0.631,460.7,0.854743,0.854743,754.0,23.0,23.0,4048.0,4048.0,1157470.0,17.0,1.0,1.0,21.0,0.00336874,2.45257e-05,0.0026941,0.00608736,3974.31,0.643971,0.694283,51.0,2444500000.0,2444500000.0,0.0881472,-6.95295,-0.159082,85.4743,0.25,1.0,46.0,50.0,0.2,100.0
traj_sweep_607,cts,0.00115493,0.00115493,1076.77,1278.42,906.528,906.528,725.0,6.0,725.0,7.31,0.5585,404.933,0.841897,0.841897,749.0,23.0,23.0,4048.0,4048.0,903750.0,13.0,1.0,1.0,18.0,0.00318102,2.3764e-05,0.00256086,0.00576564,3882.97,0.654264,0.699236,51.0,2431310000.0,2431310000.0,0.0911245,-6.63624,-0.151301,84.1897,0.26,1.0,46.0,50.0,0.2,100.0
traj_sweep_608,cts,0.00108621,0.00108621,1076.77,1278.42,904.4,904.4,729.0,10.0,729.0,6.93,0.333,242.875,0.839921,0.839921,753.0,23.0,23.0,4048.0,4048.0,576181.0,9.0,1.0,1.0,7.0,0.00311631,2.36565e-05,0.0024654,0.00560536,3648.41,0.643971,0.694283,49.0,2447280000.0,2447280000.0,0.0930482,-5.97472,-0.138617,83.9921,0.27,1.0,46.0,50.0,0.2,100.0
traj_sweep_609,cts,0.00157546,0.00157546,1076.77,1278.42,910.252,910.252,730.0,10.0,730.0,7.88,0.499,364.545,0.845356,0.845356,754.0,23.0,23.0,4048.0,4048.0,807223.0,12.0,1.0,1.0,11.0,0.00299777,2.38753e-05,0.00240966,0.0054313,3767.83,0.631112,0.688096,49.0,2432410000.0,2432410000.0,0.0946159,-5.59219,-0.131115,84.5356,0.28,1.0,46.0,50.0,0.2,100.0
traj_sweep_610,cts,0.000829684,0.000829684,1076.77,1278.42,913.976,913.976,720.0,9.0,720.0,6.93,0.4755,342.594,0.848814,0.848814,744.0,23.0,23.0,4048.0,4048.0,902230.0,14.0,1.0,1.0,13.0,0.00287357,2.40057e-05,0.00233096,0.00522854,3792.22,0.655291,0.69974,49.0,2422060000.0,2422060000.0,0.0977089,-5.18383,-0.122871,84.8814,0.29,1.0,46.0,50.0,0.2,100.0
traj_sweep_611,cts,0.00155324,0.00155324,1076.77,1278.42,888.972,888.972,718.0,6.0,718.0,6.03,0.3195,229.707,0.825593,0.825593,742.0,23.0,23.0,4048.0,4048.0,522870.0,8.0,1.0,1.0,11.0,0.00272548,2.31405e-05,0.00218379,0.00493242,3703.57,0.667471,0.70083,49.0,2442300000.0,2442300000.0,0.0977397,-4.65592,-0.109451,82.5593,0.3,1.0,46.0,50.0,0.2,100.0
traj_sweep_612,cts,0.00154405,0.00154405,1076.77,1278.42,886.046,886.046,720.0,7.0,720.0,7.5,0.307,221.058,0.822875,0.822875,744.0,23.0,23.0,4048.0,4048.0,509031.0,8.0,1.0,1.0,9.0,0.00264583,2.29544e-05,0.00207504,0.00474382,3613.39,0.636424,0.690659,48.0,2439440000.0,2439440000.0,0.102324,-4.19347,-0.0999303,82.2875,0.31,1.0,46.0,50.0,0.2,100.0
traj_sweep_613,cts,0.00190797,0.00190797,1076.77,1278.42,844.816,844.816,704.0,3.0,704.0,5.98,0.0935,66.102,0.784585,0.784585,728.0,23.0,23.0,4048.0,4048.0,206243.0,3.0,1.0,1.0,3.0,0.00239491,2.15705e-05,0.0019313,0.00434778,3365.04,0.654264,0.699239,48.0,2456570000.0,2456570000.0,0.100959,-3.50995,-0.0870718,78.4585,0.32,1.0,46.0,50.0,0.2,100.0
traj_sweep_614,cts,0.000767504,0.000767504,1076.77,1278.42,836.304,836.304,697.0,4.0,697.0,7.5,0.11,76.9065,0.77668,0.77668,721.0,23.0,23.0,4048.0,4048.0,156556.0,2.0,1.0,1.0,3.0,0.00230557,2.11496e-05,0.00186626,0.00419298,3367.79,0.663697,0.675367,47.0,2459190000.0,2459190000.0,0.104089,-3.16886,-0.0777758,77.668,0.33,1.0,46.0,50.0,0.2,100.0
traj_sweep_615,cts,0.00187142,0.00187142,1076.77,1278.42,828.856,828.856,700.0,3.0,700.0,6.93,0.105,73.619,0.769763,0.769763,724.0,23.0,23.0,4048.0,4048.0,212170.0,3.0,1.0,1.0,4.0,0.00222262,2.08882e-05,0.00176669,0.0040102,3305.44,0.317875,0.537109,47.0,2450270000.0,2450270000.0,0.106989,-2.81344,-0.0712867,76.9763,0.34,1.0,46.0,50.0,0.2,100.0
traj_sweep_616,cts,0.00165626,0.00165626,1076.77,1278.42,856.52,856.52,702.0,4.0,702.0,10.54,0.2345,164.809,0.795455,0.795455,726.0,23.0,23.0,4048.0,4048.0,449342.0,7.0,1.0,1.0,8.0,0.00222075,2.1912e-05,0.00181169,0.00405435,3490.53,0.658037,0.701055,47.0,2427770000.0,2427770000.0,0.107636,-2.50817,-0.0629584,79.5455,0.35,1.0,46.0,50.0,0.2,100.0
traj_sweep_617,cts,0.00188383,0.00188383,1076.77,1278.42,834.442,834.442,698.0,3.0,698.0,6.03,0.09,62.994,0.774951,0.774951,722.0,23.0,23.0,4048.0,4048.0,187676.0,3.0,1.0,1.0,2.0,0.00211362,2.11252e-05,0.00169042,0.00382516,3250.58,0.632139,0.688594,47.0,2431860000.0,2431860000.0,0.110088,-1.98018,-0.0515678,77.4951,0.36,1.0,46.0,50.0,0.2,100.0
traj_sweep_618,cts,0.00140771,0.00140771,1076.77,1278.42,814.758,814.758,694.0,1.0,694.0,5.84,0.07,48.7075,0.75667,0.75667,718.0,23.0,23.0,4048.0,4048.0,101830.0,2.0,1.0,1.0,2.0,0.00199177,2.04372e-05,0.00159498,0.00360719,3250.92,0.775914,0.673378,46.0,2407310000.0,2407310000.0,0.110414,-1.66071,-0.0467119,75.667,0.37,1.0,46.0,50.0,0.2,100.0
traj_sweep_619,cts,0.0014791,0.0014791,1076.77,1278.42,876.204,876.204,702.0,7.0,702.0,8.26,0.3415,239.782,0.813735,0.813735,727.0,23.0,23.0,4048.0,4048.0,570207.0,9.0,1.0,1.0,11.0,0.00208553,2.26152e-05,0.00171266,0.00382081,3530.28,0.663697,0.703784,46.0,2387560000.0,2387560000.0,0.113843,-1.31907,-0.0414734,81.3735,0.38,1.0,46.0,50.0,0.2,100.0
traj_sweep_620,cts,0.000693008,0.000693008,1076.77,1278.42,819.28,819.28,696.0,2.0,696.0,5.08,0.097,67.565,0.76087,0.76087,720.0,23.0,23.0,4048.0,4048.0,220309.0,3.0,1.0,1.0,5.0,0.00191121,2.05429e-05,0.00153584,0.00346759,3307.3,0.643971,0.645935,45.0,2397880000.0,2397880000.0,0.114928,-0.895063,-0.0272608,76.087,0.39,1.0,46.0,50.0,0.2,100.0
traj_sweep_621,cts,0.00106511,0.00106511,1076.77,1278.42,808.64,808.64,690.0,2.0,690.0,7.17,0.1625,112.369,0.750988,0.750988,714.0,23.0,23.0,4048.0,4048.0,304099.0,5.0,1.0,1.0,3.0,0.00186907,2.02117e-05,0.00150471,0.00339399,3312.14,0.65049,0.697424,30.0,2381670000.0,2381670000.0,0.110513,-0.367142,-0.0200314,75.0988,0.4,1.0,46.0,50.0,0.2,100.0
traj_sweep_622,cts,0.00117015,0.00117015,1076.77,1278.42,781.774,781.774,681.0,9.0,681.0,6.41,0.2465,167.882,0.726038,0.726038,705.0,23.0,23.0,4048.0,4048.0,432386.0,7.0,1.0,1.0,9.0,0.00177132,1.92588e-05,0.00141441,0.00320499,3401.2,0.795588,0.739294,41.0,2380810000.0,2380810000.0,0.110597,-0.192529,-0.0127939,72.6038,0.41,1.0,46.0,50.0,0.2,100.0
traj_sweep_623,cts,0.00105548,0.00105548,1076.77,1278.42,731.234,731.234,661.0,7.0,661.0,5.439,0.0715,47.522,0.679101,0.679101,685.0,23.0,23.0,4048.0,4048.0,60500.0,1.0,1.0,1.0,2.0,0.00159918,1.73116e-05,0.00126958,0.00288608,3127.33,0.778607,0.615899,7.0,2374030000.0,2374030000.0,0.110433,-0.00748426,-0.00293143,67.9101,0.42,1.0,46.0,50.0,0.2,100.0
traj_sweep_624,cts,0.000908697,0.000908697,1076.77,1278.42,704.9,704.9,635.0,5.0,635.0,3.94,0.0415,26.3725,0.654644,0.654644,659.0,23.0,23.0,4048.0,4048.0,51017.0,1.0,1.0,1.0,1.0,0.00149737,1.64894e-05,0.00120795,0.00272181,3069.34,0.793204,0.61224,2.0,2329710000.0,2329710000.0,0.110513,-0.00079331,-0.000655559,65.4644,0.43,1.0,46.0,50.0,0.2,100.0
traj_sweep_625,cts,0.00374065,0.00374065,1076.77,1278.42,686.014,686.014,620.0,1.0,620.0,2.99,0.006,3.97,0.637105,0.637105,644.0,23.0,23.0,4048.0,4048.0,12503.0,0.0,0.0,0.0,1.0,0.00140196,1.5854e-05,0.0011643,0.00258211,3036.3,0.780532,0.612851,0.0,2306230000.0,2306230000.0,0.110364,0.0,0.00023484,63.7105,0.44,1.0,46.0,50.0,0.2,100.0
traj_sweep_626,cts,0.000231738,0.000231738,1076.77,1278.42,682.556,682.556,617.0,0.0,617.0,0.0,0.0,0.0,0.633893,0.633893,641.0,23.0,23.0,4048.0,4048.0,0.0,0.0,0.0,0.0,2.0,0.00136555,1.56944e-05,0.00112383,0.00250507,3052.48,0.755657,0.617559,0.0,2292680000.0,2292680000.0,0.111228,0.0,0.0051058,63.3893,0.45,1.0,46.0,50.0,0.2,100.0
traj_sweep_627,cts,0.000770897,0.000770897,1076.77,1278.42,680.162,680.162,614.0,0.0,614.0,0.0,0.0,0.0,0.63167,0.63167,638.0,23.0,23.0,4048.0,4048.0,0.0,0.0,0.0,0.0,1.0,0.00132226,1.56394e-05,0.00109423,0.00243212,2986.35,0.767821,0.621576,0.0,2287810000.0,2287810000.0,0.111059,0.0,0.00726225,63.167,0.46,1.0,46.0,50.0,0.2,100.0
traj_sweep_628,cts,0.000728924,0.000728924,1076.77,1278.42,677.502,677.502,610.0,0.0,610.0,0.0,0.0,0.0,0.6292,0.6292,636.0,23.0,23.0,4048.0,4048.0,0.0,0.0,0.0,0.0,1.0,0.00128309,1.55682e-05,0.00105346,0.00235212,2956.42,0.777801,0.527429,0.0,2272850000.0,2272850000.0,0.110841,0.0,0.017934,62.92,0.47,1.0,46.0,50.0,0.2,100.0
traj_sweep_629,cts,0.000389543,0.000389543,1076.77,1278.42,677.236,677.236,611.0,0.0,611.0,0.0,0.0,0.0,0.628953,0.628953,636.0,23.0,23.0,4048.0,4048.0,0.0,0.0,0.0,0.0,1.0,0.00125599,1.55647e-05,0.00104895,0.0023205,2996.9,0.776793,0.540608,0.0,2259930000.0,2259930000.0,0.111216,0.0,0.0183809,62.8953,0.48,1.0,46.0,50.0,0.2,100.0
traj_sweep_630,cts,0.0011519,0.0011519,1076.77,1278.42,675.64,675.64,610.0,0.0,610.0,0.0,0.0,0.0,0.62747,0.62747,634.0,23.0,23.0,4048.0,4048.0,0.0,0.0,0.0,0.0,1.0,0.00123802,1.54618e-05,0.00102446,0.00227794,2928.69,0.776758,0.620352,0.0,2249320000.0,2249320000.0,0.110371,0.0,0.0328523,62.747,0.49,1.0,46.0,50.0,0.2,100.0
traj_sweep_631,cts,0.000743405,0.000743405,1076.77,1278.42,674.576,674.576,609.0,0.0,609.0,0.0,0.0,0.0,0.626482,0.626482,634.0,23.0,23.0,4048.0,4048.0,0.0,0.0,0.0,0.0,1.0,0.00120296,1.54538e-05,0.00100718,0.00222559,2969.97,0.758387,0.628912,0.0,2231810000.0,2231810000.0,0.110934,0.0,0.0377178,62.6482,0.5,1.0,46.0,50.0,0.2,100.0
traj_sweep_632,cts,0.000647427,0.000647427,1076.77,1278.42,675.374,675.374,610.0,0.0,610.0,0.0,0.0,0.0,0.627223,0.627223,634.0,23.0,23.0,4048.0,4048.0,0.0,0.0,0.0,0.0,1.0,0.00118882,1.5441e-05,0.00098265,0.00218691,2974.21,0.781359,0.611589,0.0,2191360000.0,2191360000.0,0.110514,0.0,0.048324,62.7223,0.51,1.0,46.0,50.0,0.2,100.0
traj_sweep_633,cts,0.00248632,0.00248632,1076.77,1278.42,675.64,675.64,610.0,0.0,610.0,0.0,0.0,0.0,0.62747,0.62747,634.0,23.0,23.0,4048.0,4048.0,0.0,0.0,0.0,0.0,1.0,0.00116757,1.54808e-05,0.000973076,0.00215612,2972.28,0.7918,0.621333,0.0,2249570000.0,2249570000.0,0.111113,0.0,0.0551226,62.747,0.52,1.0,46.0,50.0,0.2,100.0
traj_sweep_634,cts,0.00095926,0.00095926,1076.77,1278.42,675.108,675.108,610.0,0.0,610.0,0.0,0.0,0.0,0.626976,0.626976,634.0,23.0,23.0,4048.0,4048.0,0.0,0.0,0.0,0.0,1.0,0.00113853,1.54521e-05,0.000946324,0.00210031,2954.18,0.805667,0.625636,0.0,2238380000.0,2238380000.0,0.110799,0.0,0.0622818,62.6976,0.53,1.0,46.0,50.0,0.2,100.0
traj_sweep_635,cts,0.00133069,0.00133069,1076.77,1278.42,675.108,675.108,610.0,0.0,610.0,0.0,0.0,0.0,0.626976,0.626976,634.0,23.0,23.0,4048.0,4048.0,0.0,0.0,0.0,0.0,1.0,0.0011174,1.54521e-05,0.000923243,0.00205609,2953.53,0.778133,0.617109,0.0,2172520000.0,2172520000.0,0.110594,0.0,0.0726387,62.6976,0.54,1.0,46.0,50.0,0.2,100.0
traj_sweep_636,cts,0.00231828,0.00231828,1076.77,1278.42,674.842,674.842,610.0,0.0,610.0,0.0,0.0,0.0,0.626729,0.626729,634.0,23.0,23.0,4048.0,4048.0,0.0,0.0,0.0,0.0,2.0,0.00109629,1.54472e-05,0.00091392,0.00202566,2971.36,0.75974,0.615887,0.0,2173420000.0,2173420000.0,0.111062,0.0,0.0813491,62.6729,0.55,1.0,46.0,50.0,0.2,100.0
traj_sweep_637,cts,0.000744189,0.000744189,1076.77,1278.42,674.576,674.576,609.0,0.0,609.0,0.0,0.0,0.0,0.626482,0.626482,633.0,23.0,23.0,4048.0,4048.0,0.0,0.0,0.0,0.0,1.0,0.00108353,1.54213e-05,0.000893001,0.00199195,2964.61,0.78187,0.554024,0.0,2193660000.0,2193660000.0,0.110707,0.0,0.0868246,62.6482,0.56,1.0,46.0,50.0,0.2,100.0
traj_sweep_638,cts,0.000744189,0.000744189,1076.77,1278.42,674.576,674.576,609.0,0.0,609.0,0.0,0.0,0.0,0.626482,0.626482,633.0,23.0,23.0,4048.0,4048.0,0.0,0.0,0.0,0.0,1.0,0.00106452,1.54213e-05,0.000877334,0.00195728,2964.61,0.78187,0.554024,0.0,2193660000.0,2193660000.0,0.110707,0.0,0.0948247,62.6482,0.57,1.0,46.0,50.0,0.2,100.0
traj_sweep_639,cts,0.000527439,0.000527439,1076.77,1278.42,674.044,674.044,608.0,0.0,608.0,0.0,0.0,0.0,0.625988,0.625988,632.0,23.0,23.0,4048.0,4048.0,0.0,0.0,0.0,0.0,1.0,0.00104696,1.54214e-05,0.000857832,0.00192021,2921.09,0.772985,0.473769,0.0,2190530000.0,2190530000.0,0.110619,0.0,0.105027,62.5988,0.58,1.0,46.0,50.0,0.2,100.0
traj_sweep_640,cts,0.00118603,0.00118603,1076.77,1278.42,673.512,673.512,608.0,0.0,608.0,0.0,0.0,0.0,0.625494,0.625494,632.0,23.0,23.0,4048.0,4048.0,0.0,0.0,0.0,0.0,1.0,0.00102281,1.54102e-05,0.000846533,0.00188475,2954.09,0.793739,0.558281,0.0,2182110000.0,2182110000.0,0.110729,0.0,0.110888,62.5494,0.59,1.0,46.0,50.0,0.2,100.0
traj_sweep_641,cts,0.000583304,0.000583304,1076.77,1278.42,674.842,674.842,608.0,0.0,608.0,0.0,0.0,0.0,0.626729,0.626729,632.0,23.0,23.0,4048.0,4048.0,0.0,0.0,0.0,0.0,1.0,0.00101222,1.54659e-05,0.000834467,0.00186215,2973.11,0.737633,0.554675,0.0,2191110000.0,2191110000.0,0.110441,0.0,0.119181,62.6729,0.6,1.0,46.0,50.0,0.2,100.0
traj_sweep_642,cts,0.000787898,0.000787898,1076.77,1278.42,674.842,674.842,608.0,0.0,608.0,0.0,0.0,0.0,0.626729,0.626729,632.0,23.0,23.0,4048.0,4048.0,0.0,0.0,0.0,0.0,1.0,0.00099578,1.54659e-05,0.000819891,0.00183114,2960.42,0.747067,0.553279,0.0,2190970000.0,2190970000.0,0.11095,0.0,0.128377,62.6729,0.61,1.0,46.0,50.0,0.2,100.0
traj_sweep_643,cts,0.000870845,0.000870845,1076.77,1278.42,674.044,674.044,608.0,0.0,608.0,0.0,0.0,0.0,0.625988,0.625988,632.0,23.0,23.0,4048.0,4048.0,0.0,0.0,0.0,0.0,1.0,0.000979385,1.54214e-05,0.000809115,0.00180392,2958.44,0.767821,0.550711,0.0,2198750000.0,2198750000.0,0.110994,0.0,0.132811,62.5988,0.62,1.0,46.0,50.0,0.2,100.0
traj_sweep_644,cts,0.00037427,0.00037427,1076.77,1278.42,942.97,942.97,737.0,9.0,737.0,9.54,0.6825,503.354,0.875741,0.875741,763.0,23.0,23.0,4048.0,4048.0,1216270.0,17.0,1.0,1.0,21.0,0.00625895,2.54117e-05,0.00492191,0.0112063,4092.35,0.66181,0.702868,53.0,2426820000.0,2426820000.0,0.0715708,-12.6792,-0.272063,87.5741,0.14,1.0,47.0,50.0,0.2,100.0
traj_sweep_645,cts,0.00139967,0.00139967,1076.77,1278.42,946.428,946.428,737.0,8.0,737.0,9.4,0.6955,512.678,0.878953,0.878953,761.0,23.0,23.0,4048.0,4048.0,1279680.0,18.0,1.0,1.0,15.0,0.00586746,2.55808e-05,0.00463898,0.010532,4118.66,0.598675,0.67249,53.0,2432750000.0,2432750000.0,0.0727577,-12.2224,-0.261058,87.8953,0.15,1.0,47.0,50.0,0.2,100.0
traj_sweep_646,cts,0.000851805,0.000851805,1076.77,1278.42,958.93,958.93,739.0,9.0,739.0,12.2,1.1565,854.755,0.890563,0.890563,763.0,23.0,23.0,4048.0,4048.0,2045300.0,29.0,1.0,1.0,84.0,0.00554449,2.61481e-05,0.00440904,0.00997968,4508.8,0.55955,0.653665,53.0,2406500000.0,2406500000.0,0.0735413,-11.8419,-0.255541,89.0563,0.16,1.0,47.0,50.0,0.2,100.0
traj_sweep_647,cts,0.000282892,0.000282892,1076.77,1278.42,939.246,939.246,737.0,12.0,737.0,9.54,0.7835,577.699,0.872283,0.872283,761.0,23.0,23.0,4048.0,4048.0,1365650.0,20.0,1.0,1.0,14.0,0.00515207,2.53631e-05,0.00408658,0.00926401,4129.96,0.665073,0.704437,53.0,2431270000.0,2431270000.0,0.0741913,-11.1102,-0.241308,87.2283,0.17,1.0,47.0,50.0,0.2,100.0
traj_sweep_648,cts,0.00104417,0.00104417,1076.77,1278.42,937.65,937.65,730.0,8.0,730.0,8.64,0.7815,570.628,0.8708,0.8708,754.0,23.0,23.0,4048.0,4048.0,1416820.0,21.0,1.0,1.0,14.0,0.00476457,2.52044e-05,0.00383471,0.00862449,4158.53,0.663697,0.703775,53.0,2435540000.0,2435540000.0,0.0781974,-10.6007,-0.230586,87.08,0.18,1.0,47.0,50.0,0.2,100.0
traj_sweep_649,cts,0.00131423,0.00131423,1076.77,1278.42,933.926,933.926,732.0,10.0,732.0,9.92,0.825,603.983,0.867342,0.867342,756.0,23.0,23.0,4048.0,4048.0,1425800.0,21.0,1.0,1.0,17.0,0.00450617,2.51312e-05,0.00359347,0.00812476,4159.66,0.667471,0.700814,53.0,2446910000.0,2446910000.0,0.0791735,-10.1011,-0.218678,86.7342,0.19,1.0,47.0,50.0,0.2,100.0
traj_sweep_650,cts,0.000822994,0.000822994,1076.77,1278.42,935.522,935.522,732.0,13.0,732.0,10.3,0.6695,490.321,0.868824,0.868824,758.0,23.0,23.0,4048.0,4048.0,1245810.0,18.0,1.0,1.0,18.0,0.00427713,2.52112e-05,0.00339383,0.00769617,4086.4,0.61001,0.677942,53.0,2446710000.0,2446710000.0,0.0832298,-9.54891,-0.208712,86.8824,0.2,1.0,47.0,50.0,0.2,100.0
traj_sweep_651,cts,0.00108259,0.00108259,1076.77,1278.42,916.104,916.104,728.0,10.0,728.0,6.98,0.4295,312.877,0.850791,0.850791,752.0,23.0,23.0,4048.0,4048.0,840226.0,12.0,1.0,1.0,9.0,0.00398784,2.45971e-05,0.00318312,0.00719555,3851.12,0.665584,0.699868,53.0,2450450000.0,2450450000.0,0.0809846,-8.92024,-0.198089,85.0791,0.21,1.0,47.0,50.0,0.2,100.0
traj_sweep_652,cts,0.000845185,0.000845185,1076.77,1278.42,935.788,935.788,724.0,11.0,724.0,9.35,0.625,452.631,0.869071,0.869071,750.0,23.0,23.0,4048.0,4048.0,1008920.0,15.0,1.0,1.0,11.0,0.00388122,2.53836e-05,0.00312272,0.00702932,3956.49,0.58871,0.667695,53.0,2431310000.0,2431310000.0,0.0851741,-8.47741,-0.191301,86.9071,0.22,1.0,47.0,50.0,0.2,100.0
traj_sweep_653,cts,0.000638753,0.000638753,1076.77,1278.42,910.784,910.784,724.0,8.0,724.0,8.64,0.595,431.085,0.84585,0.84585,748.0,23.0,23.0,4048.0,4048.0,897485.0,13.0,1.0,1.0,14.0,0.00361917,2.43359e-05,0.00289726,0.00654077,3935.04,0.653405,0.698823,53.0,2430400000.0,2430400000.0,0.0833932,-7.86846,-0.181455,84.585,0.23,1.0,47.0,50.0,0.2,100.0
traj_sweep_654,cts,0.00195154,0.00195154,1076.77,1278.42,894.292,894.292,726.0,6.0,726.0,7.88,0.2965,215.391,0.830534,0.830534,750.0,23.0,23.0,4048.0,4048.0,595557.0,9.0,1.0,1.0,10.0,0.00341879,2.36223e-05,0.00273792,0.00618034,3746.39,0.643971,0.694283,52.0,2434360000.0,2434360000.0,0.0839777,-7.45693,-0.170785,83.0534,0.24,1.0,47.0,50.0,0.2,100.0
traj_sweep_655,cts,0.000893972,0.000893972,1076.77,1278.42,920.36,920.36,730.0,10.0,730.0,11.06,0.631,460.7,0.854743,0.854743,754.0,23.0,23.0,4048.0,4048.0,1157470.0,17.0,1.0,1.0,21.0,0.00336874,2.45257e-05,0.0026941,0.00608736,3974.31,0.643971,0.694283,51.0,2444500000.0,2444500000.0,0.0881472,-6.95295,-0.159082,85.4743,0.25,1.0,47.0,50.0,0.2,100.0
traj_sweep_656,cts,0.00115493,0.00115493,1076.77,1278.42,906.528,906.528,725.0,6.0,725.0,7.31,0.5585,404.933,0.841897,0.841897,749.0,23.0,23.0,4048.0,4048.0,903750.0,13.0,1.0,1.0,18.0,0.00318102,2.3764e-05,0.00256086,0.00576564,3882.97,0.654264,0.699236,51.0,2431310000.0,2431310000.0,0.0911245,-6.63624,-0.151301,84.1897,0.26,1.0,47.0,50.0,0.2,100.0
traj_sweep_657,cts,0.00108621,0.00108621,1076.77,1278.42,904.4,904.4,729.0,10.0,729.0,6.93,0.333,242.875,0.839921,0.839921,753.0,23.0,23.0,4048.0,4048.0,576181.0,9.0,1.0,1.0,7.0,0.00311631,2.36565e-05,0.0024654,0.00560536,3648.41,0.643971,0.694283,49.0,2447280000.0,2447280000.0,0.0930482,-5.97472,-0.138617,83.9921,0.27,1.0,47.0,50.0,0.2,100.0
traj_sweep_658,cts,0.00157546,0.00157546,1076.77,1278.42,910.252,910.252,730.0,10.0,730.0,7.88,0.499,364.545,0.845356,0.845356,754.0,23.0,23.0,4048.0,4048.0,807223.0,12.0,1.0,1.0,11.0,0.00299777,2.38753e-05,0.00240966,0.0054313,3767.83,0.631112,0.688096,49.0,2432410000.0,2432410000.0,0.0946159,-5.59219,-0.131115,84.5356,0.28,1.0,47.0,50.0,0.2,100.0
traj_sweep_659,cts,0.000829684,0.000829684,1076.77,1278.42,913.976,913.976,720.0,9.0,720.0,6.93,0.4755,342.594,0.848814,0.848814,744.0,23.0,23.0,4048.0,4048.0,902230.0,14.0,1.0,1.0,13.0,0.00287357,2.40057e-05,0.00233096,0.00522854,3792.22,0.655291,0.69974,49.0,2422060000.0,2422060000.0,0.0977089,-5.18383,-0.122871,84.8814,0.29,1.0,47.0,50.0,0.2,100.0
traj_sweep_660,cts,0.00155324,0.00155324,1076.77,1278.42,888.972,888.972,718.0,6.0,718.0,6.03,0.3195,229.707,0.825593,0.825593,742.0,23.0,23.0,4048.0,4048.0,522870.0,8.0,1.0,1.0,11.0,0.00272548,2.31405e-05,0.00218379,0.00493242,3703.57,0.667471,0.70083,49.0,2442300000.0,2442300000.0,0.0977397,-4.65592,-0.109451,82.5593,0.3,1.0,47.0,50.0,0.2,100.0
traj_sweep_661,cts,0.00154405,0.00154405,1076.77,1278.42,886.046,886.046,720.0,7.0,720.0,7.5,0.307,221.058,0.822875,0.822875,744.0,23.0,23.0,4048.0,4048.0,509031.0,8.0,1.0,1.0,9.0,0.00264583,2.29544e-05,0.00207504,0.00474382,3613.39,0.636424,0.690659,48.0,2439440000.0,2439440000.0,0.102324,-4.19347,-0.0999303,82.2875,0.31,1.0,47.0,50.0,0.2,100.0
traj_sweep_662,cts,0.00190797,0.00190797,1076.77,1278.42,844.816,844.816,704.0,3.0,704.0,5.98,0.0935,66.102,0.784585,0.784585,728.0,23.0,23.0,4048.0,4048.0,206243.0,3.0,1.0,1.0,3.0,0.00239491,2.15705e-05,0.0019313,0.00434778,3365.04,0.654264,0.699239,48.0,2456570000.0,2456570000.0,0.100959,-3.50995,-0.0870718,78.4585,0.32,1.0,47.0,50.0,0.2,100.0
traj_sweep_663,cts,0.000767504,0.000767504,1076.77,1278.42,836.304,836.304,697.0,4.0,697.0,7.5,0.11,76.9065,0.77668,0.77668,721.0,23.0,23.0,4048.0,4048.0,156556.0,2.0,1.0,1.0,3.0,0.00230557,2.11496e-05,0.00186626,0.00419298,3367.79,0.663697,0.675367,47.0,2459190000.0,2459190000.0,0.104089,-3.16886,-0.0777758,77.668,0.33,1.0,47.0,50.0,0.2,100.0
traj_sweep_664,cts,0.00187142,0.00187142,1076.77,1278.42,828.856,828.856,700.0,3.0,700.0,6.93,0.105,73.619,0.769763,0.769763,724.0,23.0,23.0,4048.0,4048.0,212170.0,3.0,1.0,1.0,4.0,0.00222262,2.08882e-05,0.00176669,0.0040102,3305.44,0.317875,0.537109,47.0,2450270000.0,2450270000.0,0.106989,-2.81344,-0.0712867,76.9763,0.34,1.0,47.0,50.0,0.2,100.0
traj_sweep_665,cts,0.00165626,0.00165626,1076.77,1278.42,856.52,856.52,702.0,4.0,702.0,10.54,0.2345,164.809,0.795455,0.795455,726.0,23.0,23.0,4048.0,4048.0,449342.0,7.0,1.0,1.0,8.0,0.00222075,2.1912e-05,0.00181169,0.00405435,3490.53,0.658037,0.701055,47.0,2427770000.0,2427770000.0,0.107636,-2.50817,-0.0629584,79.5455,0.35,1.0,47.0,50.0,0.2,100.0
traj_sweep_666,cts,0.00188383,0.00188383,1076.77,1278.42,834.442,834.442,698.0,3.0,698.0,6.03,0.09,62.994,0.774951,0.774951,722.0,23.0,23.0,4048.0,4048.0,187676.0,3.0,1.0,1.0,2.0,0.00211362,2.11252e-05,0.00169042,0.00382516,3250.58,0.632139,0.688594,47.0,2431860000.0,2431860000.0,0.110088,-1.98018,-0.0515678,77.4951,0.36,1.0,47.0,50.0,0.2,100.0
traj_sweep_667,cts,0.00140771,0.00140771,1076.77,1278.42,814.758,814.758,694.0,1.0,694.0,5.84,0.07,48.7075,0.75667,0.75667,718.0,23.0,23.0,4048.0,4048.0,101830.0,2.0,1.0,1.0,2.0,0.00199177,2.04372e-05,0.00159498,0.00360719,3250.92,0.775914,0.673378,46.0,2407310000.0,2407310000.0,0.110414,-1.66071,-0.0467119,75.667,0.37,1.0,47.0,50.0,0.2,100.0
traj_sweep_668,cts,0.0014791,0.0014791,1076.77,1278.42,876.204,876.204,702.0,7.0,702.0,8.26,0.3415,239.782,0.813735,0.813735,727.0,23.0,23.0,4048.0,4048.0,570207.0,9.0,1.0,1.0,11.0,0.00208553,2.26152e-05,0.00171266,0.00382081,3530.28,0.663697,0.703784,46.0,2387560000.0,2387560000.0,0.113843,-1.31907,-0.0414734,81.3735,0.38,1.0,47.0,50.0,0.2,100.0
traj_sweep_669,cts,0.000693008,0.000693008,1076.77,1278.42,819.28,819.28,696.0,2.0,696.0,5.08,0.097,67.565,0.76087,0.76087,720.0,23.0,23.0,4048.0,4048.0,220309.0,3.0,1.0,1.0,5.0,0.00191121,2.05429e-05,0.00153584,0.00346759,3307.3,0.643971,0.645935,45.0,2397880000.0,2397880000.0,0.114928,-0.895063,-0.0272608,76.087,0.39,1.0,47.0,50.0,0.2,100.0
traj_sweep_670,cts,0.00106511,0.00106511,1076.77,1278.42,808.64,808.64,690.0,2.0,690.0,7.17,0.1625,112.369,0.750988,0.750988,714.0,23.0,23.0,4048.0,4048.0,304099.0,5.0,1.0,1.0,3.0,0.00186907,2.02117e-05,0.00150471,0.00339399,3312.14,0.65049,0.697424,30.0,2381670000.0,2381670000.0,0.110513,-0.367142,-0.0200314,75.0988,0.4,1.0,47.0,50.0,0.2,100.0
traj_sweep_671,cts,0.00117015,0.00117015,1076.77,1278.42,781.774,781.774,681.0,9.0,681.0,6.41,0.2465,167.882,0.726038,0.726038,705.0,23.0,23.0,4048.0,4048.0,432386.0,7.0,1.0,1.0,9.0,0.00177132,1.92588e-05,0.00141441,0.00320499,3401.2,0.795588,0.739294,41.0,2380810000.0,2380810000.0,0.110597,-0.192529,-0.0127939,72.6038,0.41,1.0,47.0,50.0,0.2,100.0
traj_sweep_672,cts,0.00105548,0.00105548,1076.77,1278.42,731.234,731.234,661.0,7.0,661.0,5.439,0.0715,47.522,0.679101,0.679101,685.0,23.0,23.0,4048.0,4048.0,60500.0,1.0,1.0,1.0,2.0,0.00159918,1.73116e-05,0.00126958,0.00288608,3127.33,0.778607,0.615899,7.0,2374030000.0,2374030000.0,0.110433,-0.00748426,-0.00293143,67.9101,0.42,1.0,47.0,50.0,0.2,100.0
traj_sweep_673,cts,0.000908697,0.000908697,1076.77,1278.42,704.9,704.9,635.0,5.0,635.0,3.94,0.0415,26.3725,0.654644,0.654644,659.0,23.0,23.0,4048.0,4048.0,51017.0,1.0,1.0,1.0,1.0,0.00149737,1.64894e-05,0.00120795,0.00272181,3069.34,0.793204,0.61224,2.0,2329710000.0,2329710000.0,0.110513,-0.00079331,-0.000655559,65.4644,0.43,1.0,47.0,50.0,0.2,100.0
traj_sweep_674,cts,0.00374065,0.00374065,1076.77,1278.42,686.014,686.014,620.0,1.0,620.0,2.99,0.006,3.97,0.637105,0.637105,644.0,23.0,23.0,4048.0,4048.0,12503.0,0.0,0.0,0.0,1.0,0.00140196,1.5854e-05,0.0011643,0.00258211,3036.3,0.780532,0.612851,0.0,2306230000.0,2306230000.0,0.110364,0.0,0.00023484,63.7105,0.44,1.0,47.0,50.0,0.2,100.0
traj_sweep_675,cts,0.000231738,0.000231738,1076.77,1278.42,682.556,682.556,617.0,0.0,617.0,0.0,0.0,0.0,0.633893,0.633893,641.0,23.0,23.0,4048.0,4048.0,0.0,0.0,0.0,0.0,2.0,0.00136555,1.56944e-05,0.00112383,0.00250507,3052.48,0.755657,0.617559,0.0,2292680000.0,2292680000.0,0.111228,0.0,0.0051058,63.3893,0.45,1.0,47.0,50.0,0.2,100.0
traj_sweep_676,cts,0.000770897,0.000770897,1076.77,1278.42,680.162,680.162,614.0,0.0,614.0,0.0,0.0,0.0,0.63167,0.63167,638.0,23.0,23.0,4048.0,4048.0,0.0,0.0,0.0,0.0,1.0,0.00132226,1.56394e-05,0.00109423,0.00243212,2986.35,0.767821,0.621576,0.0,2287810000.0,2287810000.0,0.111059,0.0,0.00726225,63.167,0.46,1.0,47.0,50.0,0.2,100.0
traj_sweep_677,cts,0.000728924,0.000728924,1076.77,1278.42,677.502,677.502,610.0,0.0,610.0,0.0,0.0,0.0,0.6292,0.6292,636.0,23.0,23.0,4048.0,4048.0,0.0,0.0,0.0,0.0,1.0,0.00128309,1.55682e-05,0.00105346,0.00235212,2956.42,0.777801,0.527429,0.0,2272850000.0,2272850000.0,0.110841,0.0,0.017934,62.92,0.47,1.0,47.0,50.0,0.2,100.0
traj_sweep_678,cts,0.000389543,0.000389543,1076.77,1278.42,677.236,677.236,611.0,0.0,611.0,0.0,0.0,0.0,0.628953,0.628953,636.0,23.0,23.0,4048.0,4048.0,0.0,0.0,0.0,0.0,1.0,0.00125599,1.55647e-05,0.00104895,0.0023205,2996.9,0.776793,0.540608,0.0,2259930000.0,2259930000.0,0.111216,0.0,0.0183809,62.8953,0.48,1.0,47.0,50.0,0.2,100.0
traj_sweep_679,cts,0.0011519,0.0011519,1076.77,1278.42,675.64,675.64,610.0,0.0,610.0,0.0,0.0,0.0,0.62747,0.62747,634.0,23.0,23.0,4048.0,4048.0,0.0,0.0,0.0,0.0,1.0,0.00123802,1.54618e-05,0.00102446,0.00227794,2928.69,0.776758,0.620352,0.0,2249320000.0,2249320000.0,0.110371,0.0,0.0328523,62.747,0.49,1.0,47.0,50.0,0.2,100.0
traj_sweep_680,cts,0.000743405,0.000743405,1076.77,1278.42,674.576,674.576,609.0,0.0,609.0,0.0,0.0,0.0,0.626482,0.626482,634.0,23.0,23.0,4048.0,4048.0,0.0,0.0,0.0,0.0,1.0,0.00120296,1.54538e-05,0.00100718,0.00222559,2969.97,0.758387,0.628912,0.0,2231810000.0,2231810000.0,0.110934,0.0,0.0377178,62.6482,0.5,1.0,47.0,50.0,0.2,100.0
traj_sweep_681,cts,0.000647427,0.000647427,1076.77,1278.42,675.374,675.374,610.0,0.0,610.0,0.0,0.0,0.0,0.627223,0.627223,634.0,23.0,23.0,4048.0,4048.0,0.0,0.0,0.0,0.0,1.0,0.00118882,1.5441e-05,0.00098265,0.00218691,2974.21,0.781359,0.611589,0.0,2191360000.0,2191360000.0,0.110514,0.0,0.048324,62.7223,0.51,1.0,47.0,50.0,0.2,100.0
traj_sweep_682,cts,0.00248632,0.00248632,1076.77,1278.42,675.64,675.64,610.0,0.0,610.0,0.0,0.0,0.0,0.62747,0.62747,634.0,23.0,23.0,4048.0,4048.0,0.0,0.0,0.0,0.0,1.0,0.00116757,1.54808e-05,0.000973076,0.00215612,2972.28,0.7918,0.621333,0.0,2249570000.0,2249570000.0,0.111113,0.0,0.0551226,62.747,0.52,1.0,47.0,50.0,0.2,100.0
traj_sweep_683,cts,0.00095926,0.00095926,1076.77,1278.42,675.108,675.108,610.0,0.0,610.0,0.0,0.0,0.0,0.626976,0.626976,634.0,23.0,23.0,4048.0,4048.0,0.0,0.0,0.0,0.0,1.0,0.00113853,1.54521e-05,0.000946324,0.00210031,2954.18,0.805667,0.625636,0.0,2238380000.0,2238380000.0,0.110799,0.0,0.0622818,62.6976,0.53,1.0,47.0,50.0,0.2,100.0
traj_sweep_684,cts,0.00133069,0.00133069,1076.77,1278.42,675.108,675.108,610.0,0.0,610.0,0.0,0.0,0.0,0.626976,0.626976,634.0,23.0,23.0,4048.0,4048.0,0.0,0.0,0.0,0.0,1.0,0.0011174,1.54521e-05,0.000923243,0.00205609,2953.53,0.778133,0.617109,0.0,2172520000.0,2172520000.0,0.110594,0.0,0.0726387,62.6976,0.54,1.0,47.0,50.0,0.2,100.0
traj_sweep_685,cts,0.00231828,0.00231828,1076.77,1278.42,674.842,674.842,610.0,0.0,610.0,0.0,0.0,0.0,0.626729,0.626729,634.0,23.0,23.0,4048.0,4048.0,0.0,0.0,0.0,0.0,2.0,0.00109629,1.54472e-05,0.00091392,0.00202566,2971.36,0.75974,0.615887,0.0,2173420000.0,2173420000.0,0.111062,0.0,0.0813491,62.6729,0.55,1.0,47.0,50.0,0.2,100.0
traj_sweep_686,cts,0.000744189,0.000744189,1076.77,1278.42,674.576,674.576,609.0,0.0,609.0,0.0,0.0,0.0,0.626482,0.626482,633.0,23.0,23.0,4048.0,4048.0,0.0,0.0,0.0,0.0,1.0,0.00108353,1.54213e-05,0.000893001,0.00199195,2964.61,0.78187,0.554024,0.0,2193660000.0,2193660000.0,0.110707,0.0,0.0868246,62.6482,0.56,1.0,47.0,50.0,0.2,100.0
traj_sweep_687,cts,0.000744189,0.000744189,1076.77,1278.42,674.576,674.576,609.0,0.0,609.0,0.0,0.0,0.0,0.626482,0.626482,633.0,23.0,23.0,4048.0,4048.0,0.0,0.0,0.0,0.0,1.0,0.00106452,1.54213e-05,0.000877334,0.00195728,2964.61,0.78187,0.554024,0.0,2193660000.0,2193660000.0,0.110707,0.0,0.0948247,62.6482,0.57,1.0,47.0,50.0,0.2,100.0
traj_sweep_688,cts,0.000527439,0.000527439,1076.77,1278.42,674.044,674.044,608.0,0.0,608.0,0.0,0.0,0.0,0.625988,0.625988,632.0,23.0,23.0,4048.0,4048.0,0.0,0.0,0.0,0.0,1.0,0.00104696,1.54214e-05,0.000857832,0.00192021,2921.09,0.772985,0.473769,0.0,2190530000.0,2190530000.0,0.110619,0.0,0.105027,62.5988,0.58,1.0,47.0,50.0,0.2,100.0
traj_sweep_689,cts,0.00118603,0.00118603,1076.77,1278.42,673.512,673.512,608.0,0.0,608.0,0.0,0.0,0.0,0.625494,0.625494,632.0,23.0,23.0,4048.0,4048.0,0.0,0.0,0.0,0.0,1.0,0.00102281,1.54102e-05,0.000846533,0.00188475,2954.09,0.793739,0.558281,0.0,2182110000.0,2182110000.0,0.110729,0.0,0.110888,62.5494,0.59,1.0,47.0,50.0,0.2,100.0
traj_sweep_690,cts,0.000583304,0.000583304,1076.77,1278.42,674.842,674.842,608.0,0.0,608.0,0.0,0.0,0.0,0.626729,0.626729,632.0,23.0,23.0,4048.0,4048.0,0.0,0.0,0.0,0.0,1.0,0.00101222,1.54659e-05,0.000834467,0.00186215,2973.11,0.737633,0.554675,0.0,2191110000.0,2191110000.0,0.110441,0.0,0.119181,62.6729,0.6,1.0,47.0,50.0,0.2,100.0
traj_sweep_691,cts,0.000787898,0.000787898,1076.77,1278.42,674.842,674.842,608.0,0.0,608.0,0.0,0.0,0.0,0.626729,0.626729,632.0,23.0,23.0,4048.0,4048.0,0.0,0.0,0.0,0.0,1.0,0.00099578,1.54659e-05,0.000819891,0.00183114,2960.42,0.747067,0.553279,0.0,2190970000.0,2190970000.0,0.11095,0.0,0.128377,62.6729,0.61,1.0,47.0,50.0,0.2,100.0
traj_sweep_692,cts,0.000870845,0.000870845,1076.77,1278.42,674.044,674.044,608.0,0.0,608.0,0.0,0.0,0.0,0.625988,0.625988,632.0,23.0,23.0,4048.0,4048.0,0.0,0.0,0.0,0.0,1.0,0.000979385,1.54214e-05,0.000809115,0.00180392,2958.44,0.767821,0.550711,0.0,2198750000.0,2198750000.0,0.110994,0.0,0.132811,62.5988,0.62,1.0,47.0,50.0,0.2,100.0
traj_sweep_693,cts,0.00037427,0.00037427,1076.77,1278.42,942.97,942.97,737.0,9.0,737.0,9.54,0.6825,503.354,0.875741,0.875741,763.0,23.0,23.0,4048.0,4048.0,1216270.0,17.0,1.0,1.0,21.0,0.00625895,2.54117e-05,0.00492191,0.0112063,4092.35,0.66181,0.702868,53.0,2426820000.0,2426820000.0,0.0715708,-12.6792,-0.272063,87.5741,0.14,1.0,48.0,50.0,0.2,100.0
traj_sweep_694,cts,0.00139967,0.00139967,1076.77,1278.42,946.428,946.428,737.0,8.0,737.0,9.4,0.6955,512.678,0.878953,0.878953,761.0,23.0,23.0,4048.0,4048.0,1279680.0,18.0,1.0,1.0,15.0,0.00586746,2.55808e-05,0.00463898,0.010532,4118.66,0.598675,0.67249,53.0,2432750000.0,2432750000.0,0.0727577,-12.2224,-0.261058,87.8953,0.15,1.0,48.0,50.0,0.2,100.0
traj_sweep_695,cts,0.000851805,0.000851805,1076.77,1278.42,958.93,958.93,739.0,9.0,739.0,12.2,1.1565,854.755,0.890563,0.890563,763.0,23.0,23.0,4048.0,4048.0,2045300.0,29.0,1.0,1.0,84.0,0.00554449,2.61481e-05,0.00440904,0.00997968,4508.8,0.55955,0.653665,53.0,2406500000.0,2406500000.0,0.0735413,-11.8419,-0.255541,89.0563,0.16,1.0,48.0,50.0,0.2,100.0
traj_sweep_696,cts,0.000282892,0.000282892,1076.77,1278.42,939.246,939.246,737.0,12.0,737.0,9.54,0.7835,577.699,0.872283,0.872283,761.0,23.0,23.0,4048.0,4048.0,1365650.0,20.0,1.0,1.0,14.0,0.00515207,2.53631e-05,0.00408658,0.00926401,4129.96,0.665073,0.704437,53.0,2431270000.0,2431270000.0,0.0741913,-11.1102,-0.241308,87.2283,0.17,1.0,48.0,50.0,0.2,100.0
traj_sweep_698,cts,0.00131423,0.00131423,1076.77,1278.42,933.926,933.926,732.0,10.0,732.0,9.92,0.825,603.983,0.867342,0.867342,756.0,23.0,23.0,4048.0,4048.0,1425800.0,21.0,1.0,1.0,17.0,0.00450617,2.51312e-05,0.00359347,0.00812476,4159.66,0.667471,0.700814,53.0,2446910000.0,2446910000.0,0.0791735,-10.1011,-0.218678,86.7342,0.19,1.0,48.0,50.0,0.2,100.0
traj_sweep_699,cts,0.000822994,0.000822994,1076.77,1278.42,935.522,935.522,732.0,13.0,732.0,10.3,0.6695,490.321,0.868824,0.868824,758.0,23.0,23.0,4048.0,4048.0,1245810.0,18.0,1.0,1.0,18.0,0.00427713,2.52112e-05,0.00339383,0.00769617,4086.4,0.61001,0.677942,53.0,2446710000.0,2446710000.0,0.0832298,-9.54891,-0.208712,86.8824,0.2,1.0,48.0,50.0,0.2,100.0
traj_sweep_700,cts,0.00108259,0.00108259,1076.77,1278.42,916.104,916.104,728.0,10.0,728.0,6.98,0.4295,312.877,0.850791,0.850791,752.0,23.0,23.0,4048.0,4048.0,840226.0,12.0,1.0,1.0,9.0,0.00398784,2.45971e-05,0.00318312,0.00719555,3851.12,0.665584,0.699868,53.0,2450450000.0,2450450000.0,0.0809846,-8.92024,-0.198089,85.0791,0.21,1.0,48.0,50.0,0.2,100.0
traj_sweep_702,cts,0.000638753,0.000638753,1076.77,1278.42,910.784,910.784,724.0,8.0,724.0,8.64,0.595,431.085,0.84585,0.84585,748.0,23.0,23.0,4048.0,4048.0,897485.0,13.0,1.0,1.0,14.0,0.00361917,2.43359e-05,0.00289726,0.00654077,3935.04,0.653405,0.698823,53.0,2430400000.0,2430400000.0,0.0833932,-7.86846,-0.181455,84.585,0.23,1.0,48.0,50.0,0.2,100.0
traj_sweep_703,cts,0.00195154,0.00195154,1076.77,1278.42,894.292,894.292,726.0,6.0,726.0,7.88,0.2965,215.391,0.830534,0.830534,750.0,23.0,23.0,4048.0,4048.0,595557.0,9.0,1.0,1.0,10.0,0.00341879,2.36223e-05,0.00273792,0.00618034,3746.39,0.643971,0.694283,52.0,2434360000.0,2434360000.0,0.0839777,-7.45693,-0.170785,83.0534,0.24,1.0,48.0,50.0,0.2,100.0
traj_sweep_704,cts,0.000893972,0.000893972,1076.77,1278.42,920.36,920.36,730.0,10.0,730.0,11.06,0.631,460.7,0.854743,0.854743,754.0,23.0,23.0,4048.0,4048.0,1157470.0,17.0,1.0,1.0,21.0,0.00336874,2.45257e-05,0.0026941,0.00608736,3974.31,0.643971,0.694283,51.0,2444500000.0,2444500000.0,0.0881472,-6.95295,-0.159082,85.4743,0.25,1.0,48.0,50.0,0.2,100.0
traj_sweep_705,cts,0.00115493,0.00115493,1076.77,1278.42,906.528,906.528,725.0,6.0,725.0,7.31,0.5585,404.933,0.841897,0.841897,749.0,23.0,23.0,4048.0,4048.0,903750.0,13.0,1.0,1.0,18.0,0.00318102,2.3764e-05,0.00256086,0.00576564,3882.97,0.654264,0.699236,51.0,2431310000.0,2431310000.0,0.0911245,-6.63624,-0.151301,84.1897,0.26,1.0,48.0,50.0,0.2,100.0
traj_sweep_706,cts,0.00108621,0.00108621,1076.77,1278.42,904.4,904.4,729.0,10.0,729.0,6.93,0.333,242.875,0.839921,0.839921,753.0,23.0,23.0,4048.0,4048.0,576181.0,9.0,1.0,1.0,7.0,0.00311631,2.36565e-05,0.0024654,0.00560536,3648.41,0.643971,0.694283,49.0,2447280000.0,2447280000.0,0.0930482,-5.97472,-0.138617,83.9921,0.27,1.0,48.0,50.0,0.2,100.0
traj_sweep_708,cts,0.000829684,0.000829684,1076.77,1278.42,913.976,913.976,720.0,9.0,720.0,6.93,0.4755,342.594,0.848814,0.848814,744.0,23.0,23.0,4048.0,4048.0,902230.0,14.0,1.0,1.0,13.0,0.00287357,2.40057e-05,0.00233096,0.00522854,3792.22,0.655291,0.69974,49.0,2422060000.0,2422060000.0,0.0977089,-5.18383,-0.122871,84.8814,0.29,1.0,48.0,50.0,0.2,100.0
traj_sweep_709,cts,0.00155324,0.00155324,1076.77,1278.42,888.972,888.972,718.0,6.0,718.0,6.03,0.3195,229.707,0.825593,0.825593,742.0,23.0,23.0,4048.0,4048.0,522870.0,8.0,1.0,1.0,11.0,0.00272548,2.31405e-05,0.00218379,0.00493242,3703.57,0.667471,0.70083,49.0,2442300000.0,2442300000.0,0.0977397,-4.65592,-0.109451,82.5593,0.3,1.0,48.0,50.0,0.2,100.0
traj_sweep_710,cts,0.00154405,0.00154405,1076.77,1278.42,886.046,886.046,720.0,7.0,720.0,7.5,0.307,221.058,0.822875,0.822875,744.0,23.0,23.0,4048.0,4048.0,509031.0,8.0,1.0,1.0,9.0,0.00264583,2.29544e-05,0.00207504,0.00474382,3613.39,0.636424,0.690659,48.0,2439440000.0,2439440000.0,0.102324,-4.19347,-0.0999303,82.2875,0.31,1.0,48.0,50.0,0.2,100.0
traj_sweep_712,cts,0.000767504,0.000767504,1076.77,1278.42,836.304,836.304,697.0,4.0,697.0,7.5,0.11,76.9065,0.77668,0.77668,721.0,23.0,23.0,4048.0,4048.0,156556.0,2.0,1.0,1.0,3.0,0.00230557,2.11496e-05,0.00186626,0.00419298,3367.79,0.663697,0.675367,47.0,2459190000.0,2459190000.0,0.104089,-3.16886,-0.0777758,77.668,0.33,1.0,48.0,50.0,0.2,100.0
traj_sweep_713,cts,0.00187142,0.00187142,1076.77,1278.42,828.856,828.856,700.0,3.0,700.0,6.93,0.105,73.619,0.769763,0.769763,724.0,23.0,23.0,4048.0,4048.0,212170.0,3.0,1.0,1.0,4.0,0.00222262,2.08882e-05,0.00176669,0.0040102,3305.44,0.317875,0.537109,47.0,2450270000.0,2450270000.0,0.106989,-2.81344,-0.0712867,76.9763,0.34,1.0,48.0,50.0,0.2,100.0
traj_sweep_714,cts,0.00165626,0.00165626,1076.77,1278.42,856.52,856.52,702.0,4.0,702.0,10.54,0.2345,164.809,0.795455,0.795455,726.0,23.0,23.0,4048.0,4048.0,449342.0,7.0,1.0,1.0,8.0,0.00222075,2.1912e-05,0.00181169,0.00405435,3490.53,0.658037,0.701055,47.0,2427770000.0,2427770000.0,0.107636,-2.50817,-0.0629584,79.5455,0.35,1.0,48.0,50.0,0.2,100.0
traj_sweep_715,cts,0.00188383,0.00188383,1076.77,1278.42,834.442,834.442,698.0,3.0,698.0,6.03,0.09,62.994,0.774951,0.774951,722.0,23.0,23.0,4048.0,4048.0,187676.0,3.0,1.0,1.0,2.0,0.00211362,2.11252e-05,0.00169042,0.00382516,3250.58,0.632139,0.688594,47.0,2431860000.0,2431860000.0,0.110088,-1.98018,-0.0515678,77.4951,0.36,1.0,48.0,50.0,0.2,100.0
traj_sweep_716,cts,0.00140771,0.00140771,1076.77,1278.42,814.758,814.758,694.0,1.0,694.0,5.84,0.07,48.7075,0.75667,0.75667,718.0,23.0,23.0,4048.0,4048.0,101830.0,2.0,1.0,1.0,2.0,0.00199177,2.04372e-05,0.00159498,0.00360719,3250.92,0.775914,0.673378,46.0,2407310000.0,2407310000.0,0.110414,-1.66071,-0.0467119,75.667,0.37,1.0,48.0,50.0,0.2,100.0
traj_sweep_718,cts,0.000693008,0.000693008,1076.77,1278.42,819.28,819.28,696.0,2.0,696.0,5.08,0.097,67.565,0.76087,0.76087,720.0,23.0,23.0,4048.0,4048.0,220309.0,3.0,1.0,1.0,5.0,0.00191121,2.05429e-05,0.00153584,0.00346759,3307.3,0.643971,0.645935,45.0,2397880000.0,2397880000.0,0.114928,-0.895063,-0.0272608,76.087,0.39,1.0,48.0,50.0,0.2,100.0
traj_sweep_719,cts,0.00106511,0.00106511,1076.77,1278.42,808.64,808.64,690.0,2.0,690.0,7.17,0.1625,112.369,0.750988,0.750988,714.0,23.0,23.0,4048.0,4048.0,304099.0,5.0,1.0,1.0,3.0,0.00186907,2.02117e-05,0.00150471,0.00339399,3312.14,0.65049,0.697424,30.0,2381670000.0,2381670000.0,0.110513,-0.367142,-0.0200314,75.0988,0.4,1.0,48.0,50.0,0.2,100.0
traj_sweep_720,cts,0.00117015,0.00117015,1076.77,1278.42,781.774,781.774,681.0,9.0,681.0,6.41,0.2465,167.882,0.726038,0.726038,705.0,23.0,23.0,4048.0,4048.0,432386.0,7.0,1.0,1.0,9.0,0.00177132,1.92588e-05,0.00141441,0.00320499,3401.2,0.795588,0.739294,41.0,2380810000.0,2380810000.0,0.110597,-0.192529,-0.0127939,72.6038,0.41,1.0,48.0,50.0,0.2,100.0
traj_sweep_721,cts,0.00105548,0.00105548,1076.77,1278.42,731.234,731.234,661.0,7.0,661.0,5.439,0.0715,47.522,0.679101,0.679101,685.0,23.0,23.0,4048.0,4048.0,60500.0,1.0,1.0,1.0,2.0,0.00159918,1.73116e-05,0.00126958,0.00288608,3127.33,0.778607,0.615899,7.0,2374030000.0,2374030000.0,0.110433,-0.00748426,-0.00293143,67.9101,0.42,1.0,48.0,50.0,0.2,100.0
traj_sweep_722,cts,0.000908697,0.000908697,1076.77,1278.42,704.9,704.9,635.0,5.0,635.0,3.94,0.0415,26.3725,0.654644,0.654644,659.0,23.0,23.0,4048.0,4048.0,51017.0,1.0,1.0,1.0,1.0,0.00149737,1.64894e-05,0.00120795,0.00272181,3069.34,0.793204,0.61224,2.0,2329710000.0,2329710000.0,0.110513,-0.00079331,-0.000655559,65.4644,0.43,1.0,48.0,50.0,0.2,100.0
traj_sweep_723,cts,0.00374065,0.00374065,1076.77,1278.42,686.014,686.014,620.0,1.0,620.0,2.99,0.006,3.97,0.637105,0.637105,644.0,23.0,23.0,4048.0,4048.0,12503.0,0.0,0.0,0.0,1.0,0.00140196,1.5854e-05,0.0011643,0.00258211,3036.3,0.780532,0.612851,0.0,2306230000.0,2306230000.0,0.110364,0.0,0.00023484,63.7105,0.44,1.0,48.0,50.0,0.2,100.0
traj_sweep_725,cts,0.000770897,0.000770897,1076.77,1278.42,680.162,680.162,614.0,0.0,614.0,0.0,0.0,0.0,0.63167,0.63167,638.0,23.0,23.0,4048.0,4048.0,0.0,0.0,0.0,0.0,1.0,0.00132226,1.56394e-05,0.00109423,0.00243212,2986.35,0.767821,0.621576,0.0,2287810000.0,2287810000.0,0.111059,0.0,0.00726225,63.167,0.46,1.0,48.0,50.0,0.2,100.0
traj_sweep_726,cts,0.000728924,0.000728924,1076.77,1278.42,677.502,677.502,610.0,0.0,610.0,0.0,0.0,0.0,0.6292,0.6292,636.0,23.0,23.0,4048.0,4048.0,0.0,0.0,0.0,0.0,1.0,0.00128309,1.55682e-05,0.00105346,0.00235212,2956.42,0.777801,0.527429,0.0,2272850000.0,2272850000.0,0.110841,0.0,0.017934,62.92,0.47,1.0,48.0,50.0,0.2,100.0
traj_sweep_727,cts,0.000389543,0.000389543,1076.77,1278.42,677.236,677.236,611.0,0.0,611.0,0.0,0.0,0.0,0.628953,0.628953,636.0,23.0,23.0,4048.0,4048.0,0.0,0.0,0.0,0.0,1.0,0.00125599,1.55647e-05,0.00104895,0.0023205,2996.9,0.776793,0.540608,0.0,2259930000.0,2259930000.0,0.111216,0.0,0.0183809,62.8953,0.48,1.0,48.0,50.0,0.2,100.0
traj_sweep_728,cts,0.0011519,0.0011519,1076.77,1278.42,675.64,675.64,610.0,0.0,610.0,0.0,0.0,0.0,0.62747,0.62747,634.0,23.0,23.0,4048.0,4048.0,0.0,0.0,0.0,0.0,1.0,0.00123802,1.54618e-05,0.00102446,0.00227794,2928.69,0.776758,0.620352,0.0,2249320000.0,2249320000.0,0.110371,0.0,0.0328523,62.747,0.49,1.0,48.0,50.0,0.2,100.0
traj_sweep_729,cts,0.000743405,0.000743405,1076.77,1278.42,674.576,674.576,609.0,0.0,609.0,0.0,0.0,0.0,0.626482,0.626482,634.0,23.0,23.0,4048.0,4048.0,0.0,0.0,0.0,0.0,1.0,0.00120296,1.54538e-05,0.00100718,0.00222559,2969.97,0.758387,0.628912,0.0,2231810000.0,2231810000.0,0.110934,0.0,0.0377178,62.6482,0.5,1.0,48.0,50.0,0.2,100.0
traj_sweep_730,cts,0.000647427,0.000647427,1076.77,1278.42,675.374,675.374,610.0,0.0,610.0,0.0,0.0,0.0,0.627223,0.627223,634.0,23.0,23.0,4048.0,4048.0,0.0,0.0,0.0,0.0,1.0,0.00118882,1.5441e-05,0.00098265,0.00218691,2974.21,0.781359,0.611589,0.0,2191360000.0,2191360000.0,0.110514,0.0,0.048324,62.7223,0.51,1.0,48.0,50.0,0.2,100.0
traj_sweep_732,cts,0.00095926,0.00095926,1076.77,1278.42,675.108,675.108,610.0,0.0,610.0,0.0,0.0,0.0,0.626976,0.626976,634.0,23.0,23.0,4048.0,4048.0,0.0,0.0,0.0,0.0,1.0,0.00113853,1.54521e-05,0.000946324,0.00210031,2954.18,0.805667,0.625636,0.0,2238380000.0,2238380000.0,0.110799,0.0,0.0622818,62.6976,0.53,1.0,48.0,50.0,0.2,100.0
traj_sweep_733,cts,0.00133069,0.00133069,1076.77,1278.42,675.108,675.108,610.0,0.0,610.0,0.0,0.0,0.0,0.626976,0.626976,634.0,23.0,23.0,4048.0,4048.0,0.0,0.0,0.0,0.0,1.0,0.0011174,1.54521e-05,0.000923243,0.00205609,2953.53,0.778133,0.617109,0.0,2172520000.0,2172520000.0,0.110594,0.0,0.0726387,62.6976,0.54,1.0,48.0,50.0,0.2,100.0
traj_sweep_734,cts,0.00231828,0.00231828,1076.77,1278.42,674.842,674.842,610.0,0.0,610.0,0.0,0.0,0.0,0.626729,0.626729,634.0,23.0,23.0,4048.0,4048.0,0.0,0.0,0.0,0.0,2.0,0.00109629,1.54472e-05,0.00091392,0.00202566,2971.36,0.75974,0.615887,0.0,2173420000.0,2173420000.0,0.111062,0.0,0.0813491,62.6729,0.55,1.0,48.0,50.0,0.2,100.0
traj_sweep_735,cts,0.000744189,0.000744189,1076.77,1278.42,674.576,674.576,609.0,0.0,609.0,0.0,0.0,0.0,0.626482,0.626482,633.0,23.0,23.0,4048.0,4048.0,0.0,0.0,0.0,0.0,1.0,0.00108353,1.54213e-05,0.000893001,0.00199195,2964.61,0.78187,0.554024,0.0,2193660000.0,2193660000.0,0.110707,0.0,0.0868246,62.6482,0.56,1.0,48.0,50.0,0.2,100.0
traj_sweep_736,cts,0.000744189,0.000744189,1076.77,1278.42,674.576,674.576,609.0,0.0,609.0,0.0,0.0,0.0,0.626482,0.626482,633.0,23.0,23.0,4048.0,4048.0,0.0,0.0,0.0,0.0,1.0,0.00106452,1.54213e-05,0.000877334,0.00195728,2964.61,0.78187,0.554024,0.0,2193660000.0,2193660000.0,0.110707,0.0,0.0948247,62.6482,0.57,1.0,48.0,50.0,0.2,100.0
traj_sweep_737,cts,0.000527439,0.000527439,1076.77,1278.42,674.044,674.044,608.0,0.0,608.0,0.0,0.0,0.0,0.625988,0.625988,632.0,23.0,23.0,4048.0,4048.0,0.0,0.0,0.0,0.0,1.0,0.00104696,1.54214e-05,0.000857832,0.00192021,2921.09,0.772985,0.473769,0.0,2190530000.0,2190530000.0,0.110619,0.0,0.105027,62.5988,0.58,1.0,48.0,50.0,0.2,100.0
traj_sweep_738,cts,0.00118603,0.00118603,1076.77,1278.42,673.512,673.512,608.0,0.0,608.0,0.0,0.0,0.0,0.625494,0.625494,632.0,23.0,23.0,4048.0,4048.0,0.0,0.0,0.0,0.0,1.0,0.00102281,1.54102e-05,0.000846533,0.00188475,2954.09,0.793739,0.558281,0.0,2182110000.0,2182110000.0,0.110729,0.0,0.110888,62.5494,0.59,1.0,48.0,50.0,0.2,100.0
traj_sweep_739,cts,0.000583304,0.000583304,1076.77,1278.42,674.842,674.842,608.0,0.0,608.0,0.0,0.0,0.0,0.626729,0.626729,632.0,23.0,23.0,4048.0,4048.0,0.0,0.0,0.0,0.0,1.0,0.00101222,1.54659e-05,0.000834467,0.00186215,2973.11,0.737633,0.554675,0.0,2191110000.0,2191110000.0,0.110441,0.0,0.119181,62.6729,0.6,1.0,48.0,50.0,0.2,100.0
traj_sweep_740,cts,0.000787898,0.000787898,1076.77,1278.42,674.842,674.842,608.0,0.0,608.0,0.0,0.0,0.0,0.626729,0.626729,632.0,23.0,23.0,4048.0,4048.0,0.0,0.0,0.0,0.0,1.0,0.00099578,1.54659e-05,0.000819891,0.00183114,2960.42,0.747067,0.553279,0.0,2190970000.0,2190970000.0,0.11095,0.0,0.128377,62.6729,0.61,1.0,48.0,50.0,0.2,100.0
traj_sweep_741,cts,0.000870845,0.000870845,1076.77,1278.42,674.044,674.044,608.0,0.0,608.0,0.0,0.0,0.0,0.625988,0.625988,632.0,23.0,23.0,4048.0,4048.0,0.0,0.0,0.0,0.0,1.0,0.000979385,1.54214e-05,0.000809115,0.00180392,2958.44,0.767821,0.550711,0.0,2198750000.0,2198750000.0,0.110994,0.0,0.132811,62.5988,0.62,1.0,48.0,50.0,0.2,100.0
traj_sweep_742,cts,0.00037427,0.00037427,1076.77,1278.42,942.97,942.97,737.0,9.0,737.0,9.54,0.6825,503.354,0.875741,0.875741,763.0,23.0,23.0,4048.0,4048.0,1216270.0,17.0,1.0,1.0,21.0,0.00625895,2.54117e-05,0.00492191,0.0112063,4092.35,0.66181,0.702868,53.0,2426820000.0,2426820000.0,0.0715708,-12.6792,-0.272063,87.5741,0.14,1.0,49.0,50.0,0.2,100.0
traj_sweep_743,cts,0.00139967,0.00139967,1076.77,1278.42,946.428,946.428,737.0,8.0,737.0,9.4,0.6955,512.678,0.878953,0.878953,761.0,23.0,23.0,4048.0,4048.0,1279680.0,18.0,1.0,1.0,15.0,0.00586746,2.55808e-05,0.00463898,0.010532,4118.66,0.598675,0.67249,53.0,2432750000.0,2432750000.0,0.0727577,-12.2224,-0.261058,87.8953,0.15,1.0,49.0,50.0,0.2,100.0
traj_sweep_744,cts,0.000851805,0.000851805,1076.77,1278.42,958.93,958.93,739.0,9.0,739.0,12.2,1.1565,854.755,0.890563,0.890563,763.0,23.0,23.0,4048.0,4048.0,2045300.0,29.0,1.0,1.0,84.0,0.00554449,2.61481e-05,0.00440904,0.00997968,4508.8,0.55955,0.653665,53.0,2406500000.0,2406500000.0,0.0735413,-11.8419,-0.255541,89.0563,0.16,1.0,49.0,50.0,0.2,100.0
traj_sweep_745,cts,0.000282892,0.000282892,1076.77,1278.42,939.246,939.246,737.0,12.0,737.0,9.54,0.7835,577.699,0.872283,0.872283,761.0,23.0,23.0,4048.0,4048.0,1365650.0,20.0,1.0,1.0,14.0,0.00515207,2.53631e-05,0.00408658,0.00926401,4129.96,0.665073,0.704437,53.0,2431270000.0,2431270000.0,0.0741913,-11.1102,-0.241308,87.2283,0.17,1.0,49.0,50.0,0.2,100.0
traj_sweep_746,cts,0.00104417,0.00104417,1076.77,1278.42,937.65,937.65,730.0,8.0,730.0,8.64,0.7815,570.628,0.8708,0.8708,754.0,23.0,23.0,4048.0,4048.0,1416820.0,21.0,1.0,1.0,14.0,0.00476457,2.52044e-05,0.00383471,0.00862449,4158.53,0.663697,0.703775,53.0,2435540000.0,2435540000.0,0.0781974,-10.6007,-0.230586,87.08,0.18,1.0,49.0,50.0,0.2,100.0
traj_sweep_747,cts,0.00131423,0.00131423,1076.77,1278.42,933.926,933.926,732.0,10.0,732.0,9.92,0.825,603.983,0.867342,0.867342,756.0,23.0,23.0,4048.0,4048.0,1425800.0,21.0,1.0,1.0,17.0,0.00450617,2.51312e-05,0.00359347,0.00812476,4159.66,0.667471,0.700814,53.0,2446910000.0,2446910000.0,0.0791735,-10.1011,-0.218678,86.7342,0.19,1.0,49.0,50.0,0.2,100.0
traj_sweep_748,cts,0.000822994,0.000822994,1076.77,1278.42,935.522,935.522,732.0,13.0,732.0,10.3,0.6695,490.321,0.868824,0.868824,758.0,23.0,23.0,4048.0,4048.0,1245810.0,18.0,1.0,1.0,18.0,0.00427713,2.52112e-05,0.00339383,0.00769617,4086.4,0.61001,0.677942,53.0,2446710000.0,2446710000.0,0.0832298,-9.54891,-0.208712,86.8824,0.2,1.0,49.0,50.0,0.2,100.0
traj_sweep_749,cts,0.00108259,0.00108259,1076.77,1278.42,916.104,916.104,728.0,10.0,728.0,6.98,0.4295,312.877,0.850791,0.850791,752.0,23.0,23.0,4048.0,4048.0,840226.0,12.0,1.0,1.0,9.0,0.00398784,2.45971e-05,0.00318312,0.00719555,3851.12,0.665584,0.699868,53.0,2450450000.0,2450450000.0,0.0809846,-8.92024,-0.198089,85.0791,0.21,1.0,49.0,50.0,0.2,100.0
traj_sweep_750,cts,0.000845185,0.000845185,1076.77,1278.42,935.788,935.788,724.0,11.0,724.0,9.35,0.625,452.631,0.869071,0.869071,750.0,23.0,23.0,4048.0,4048.0,1008920.0,15.0,1.0,1.0,11.0,0.00388122,2.53836e-05,0.00312272,0.00702932,3956.49,0.58871,0.667695,53.0,2431310000.0,2431310000.0,0.0851741,-8.47741,-0.191301,86.9071,0.22,1.0,49.0,50.0,0.2,100.0
traj_sweep_751,cts,0.000638753,0.000638753,1076.77,1278.42,910.784,910.784,724.0,8.0,724.0,8.64,0.595,431.085,0.84585,0.84585,748.0,23.0,23.0,4048.0,4048.0,897485.0,13.0,1.0,1.0,14.0,0.00361917,2.43359e-05,0.00289726,0.00654077,3935.04,0.653405,0.698823,53.0,2430400000.0,2430400000.0,0.0833932,-7.86846,-0.181455,84.585,0.23,1.0,49.0,50.0,0.2,100.0
traj_sweep_752,cts,0.00195154,0.00195154,1076.77,1278.42,894.292,894.292,726.0,6.0,726.0,7.88,0.2965,215.391,0.830534,0.830534,750.0,23.0,23.0,4048.0,4048.0,595557.0,9.0,1.0,1.0,10.0,0.00341879,2.36223e-05,0.00273792,0.00618034,3746.39,0.643971,0.694283,52.0,2434360000.0,2434360000.0,0.0839777,-7.45693,-0.170785,83.0534,0.24,1.0,49.0,50.0,0.2,100.0
traj_sweep_753,cts,0.000893972,0.000893972,1076.77,1278.42,920.36,920.36,730.0,10.0,730.0,11.06,0.631,460.7,0.854743,0.854743,754.0,23.0,23.0,4048.0,4048.0,1157470.0,17.0,1.0,1.0,21.0,0.00336874,2.45257e-05,0.0026941,0.00608736,3974.31,0.643971,0.694283,51.0,2444500000.0,2444500000.0,0.0881472,-6.95295,-0.159082,85.4743,0.25,1.0,49.0,50.0,0.2,100.0
traj_sweep_754,cts,0.00115493,0.00115493,1076.77,1278.42,906.528,906.528,725.0,6.0,725.0,7.31,0.5585,404.933,0.841897,0.841897,749.0,23.0,23.0,4048.0,4048.0,903750.0,13.0,1.0,1.0,18.0,0.00318102,2.3764e-05,0.00256086,0.00576564,3882.97,0.654264,0.699236,51.0,2431310000.0,2431310000.0,0.0911245,-6.63624,-0.151301,84.1897,0.26,1.0,49.0,50.0,0.2,100.0
traj_sweep_755,cts,0.00108621,0.00108621,1076.77,1278.42,904.4,904.4,729.0,10.0,729.0,6.93,0.333,242.875,0.839921,0.839921,753.0,23.0,23.0,4048.0,4048.0,576181.0,9.0,1.0,1.0,7.0,0.00311631,2.36565e-05,0.0024654,0.00560536,3648.41,0.643971,0.694283,49.0,2447280000.0,2447280000.0,0.0930482,-5.97472,-0.138617,83.9921,0.27,1.0,49.0,50.0,0.2,100.0
traj_sweep_756,cts,0.00157546,0.00157546,1076.77,1278.42,910.252,910.252,730.0,10.0,730.0,7.88,0.499,364.545,0.845356,0.845356,754.0,23.0,23.0,4048.0,4048.0,807223.0,12.0,1.0,1.0,11.0,0.00299777,2.38753e-05,0.00240966,0.0054313,3767.83,0.631112,0.688096,49.0,2432410000.0,2432410000.0,0.0946159,-5.59219,-0.131115,84.5356,0.28,1.0,49.0,50.0,0.2,100.0
traj_sweep_757,cts,0.000829684,0.000829684,1076.77,1278.42,913.976,913.976,720.0,9.0,720.0,6.93,0.4755,342.594,0.848814,0.848814,744.0,23.0,23.0,4048.0,4048.0,902230.0,14.0,1.0,1.0,13.0,0.00287357,2.40057e-05,0.00233096,0.00522854,3792.22,0.655291,0.69974,49.0,2422060000.0,2422060000.0,0.0977089,-5.18383,-0.122871,84.8814,0.29,1.0,49.0,50.0,0.2,100.0
traj_sweep_758,cts,0.00155324,0.00155324,1076.77,1278.42,888.972,888.972,718.0,6.0,718.0,6.03,0.3195,229.707,0.825593,0.825593,742.0,23.0,23.0,4048.0,4048.0,522870.0,8.0,1.0,1.0,11.0,0.00272548,2.31405e-05,0.00218379,0.00493242,3703.57,0.667471,0.70083,49.0,2442300000.0,2442300000.0,0.0977397,-4.65592,-0.109451,82.5593,0.3,1.0,49.0,50.0,0.2,100.0
traj_sweep_759,cts,0.00154405,0.00154405,1076.77,1278.42,886.046,886.046,720.0,7.0,720.0,7.5,0.307,221.058,0.822875,0.822875,744.0,23.0,23.0,4048.0,4048.0,509031.0,8.0,1.0,1.0,9.0,0.00264583,2.29544e-05,0.00207504,0.00474382,3613.39,0.636424,0.690659,48.0,2439440000.0,2439440000.0,0.102324,-4.19347,-0.0999303,82.2875,0.31,1.0,49.0,50.0,0.2,100.0
traj_sweep_760,cts,0.00190797,0.00190797,1076.77,1278.42,844.816,844.816,704.0,3.0,704.0,5.98,0.0935,66.102,0.784585,0.784585,728.0,23.0,23.0,4048.0,4048.0,206243.0,3.0,1.0,1.0,3.0,0.00239491,2.15705e-05,0.0019313,0.00434778,3365.04,0.654264,0.699239,48.0,2456570000.0,2456570000.0,0.100959,-3.50995,-0.0870718,78.4585,0.32,1.0,49.0,50.0,0.2,100.0
traj_sweep_761,cts,0.000767504,0.000767504,1076.77,1278.42,836.304,836.304,697.0,4.0,697.0,7.5,0.11,76.9065,0.77668,0.77668,721.0,23.0,23.0,4048.0,4048.0,156556.0,2.0,1.0,1.0,3.0,0.00230557,2.11496e-05,0.00186626,0.00419298,3367.79,0.663697,0.675367,47.0,2459190000.0,2459190000.0,0.104089,-3.16886,-0.0777758,77.668,0.33,1.0,49.0,50.0,0.2,100.0
traj_sweep_762,cts,0.00187142,0.00187142,1076.77,1278.42,828.856,828.856,700.0,3.0,700.0,6.93,0.105,73.619,0.769763,0.769763,724.0,23.0,23.0,4048.0,4048.0,212170.0,3.0,1.0,1.0,4.0,0.00222262,2.08882e-05,0.00176669,0.0040102,3305.44,0.317875,0.537109,47.0,2450270000.0,2450270000.0,0.106989,-2.81344,-0.0712867,76.9763,0.34,1.0,49.0,50.0,0.2,100.0
traj_sweep_763,cts,0.00165626,0.00165626,1076.77,1278.42,856.52,856.52,702.0,4.0,702.0,10.54,0.2345,164.809,0.795455,0.795455,726.0,23.0,23.0,4048.0,4048.0,449342.0,7.0,1.0,1.0,8.0,0.00222075,2.1912e-05,0.00181169,0.00405435,3490.53,0.658037,0.701055,47.0,2427770000.0,2427770000.0,0.107636,-2.50817,-0.0629584,79.5455,0.35,1.0,49.0,50.0,0.2,100.0
traj_sweep_764,cts,0.00188383,0.00188383,1076.77,1278.42,834.442,834.442,698.0,3.0,698.0,6.03,0.09,62.994,0.774951,0.774951,722.0,23.0,23.0,4048.0,4048.0,187676.0,3.0,1.0,1.0,2.0,0.00211362,2.11252e-05,0.00169042,0.00382516,3250.58,0.632139,0.688594,47.0,2431860000.0,2431860000.0,0.110088,-1.98018,-0.0515678,77.4951,0.36,1.0,49.0,50.0,0.2,100.0
traj_sweep_765,cts,0.00140771,0.00140771,1076.77,1278.42,814.758,814.758,694.0,1.0,694.0,5.84,0.07,48.7075,0.75667,0.75667,718.0,23.0,23.0,4048.0,4048.0,101830.0,2.0,1.0,1.0,2.0,0.00199177,2.04372e-05,0.00159498,0.00360719,3250.92,0.775914,0.673378,46.0,2407310000.0,2407310000.0,0.110414,-1.66071,-0.0467119,75.667,0.37,1.0,49.0,50.0,0.2,100.0
traj_sweep_766,cts,0.0014791,0.0014791,1076.77,1278.42,876.204,876.204,702.0,7.0,702.0,8.26,0.3415,239.782,0.813735,0.813735,727.0,23.0,23.0,4048.0,4048.0,570207.0,9.0,1.0,1.0,11.0,0.00208553,2.26152e-05,0.00171266,0.00382081,3530.28,0.663697,0.703784,46.0,2387560000.0,2387560000.0,0.113843,-1.31907,-0.0414734,81.3735,0.38,1.0,49.0,50.0,0.2,100.0
traj_sweep_767,cts,0.000693008,0.000693008,1076.77,1278.42,819.28,819.28,696.0,2.0,696.0,5.08,0.097,67.565,0.76087,0.76087,720.0,23.0,23.0,4048.0,4048.0,220309.0,3.0,1.0,1.0,5.0,0.00191121,2.05429e-05,0.00153584,0.00346759,3307.3,0.643971,0.645935,45.0,2397880000.0,2397880000.0,0.114928,-0.895063,-0.0272608,76.087,0.39,1.0,49.0,50.0,0.2,100.0
traj_sweep_768,cts,0.00106511,0.00106511,1076.77,1278.42,808.64,808.64,690.0,2.0,690.0,7.17,0.1625,112.369,0.750988,0.750988,714.0,23.0,23.0,4048.0,4048.0,304099.0,5.0,1.0,1.0,3.0,0.00186907,2.02117e-05,0.00150471,0.00339399,3312.14,0.65049,0.697424,30.0,2381670000.0,2381670000.0,0.110513,-0.367142,-0.0200314,75.0988,0.4,1.0,49.0,50.0,0.2,100.0
traj_sweep_769,cts,0.00117015,0.00117015,1076.77,1278.42,781.774,781.774,681.0,9.0,681.0,6.41,0.2465,167.882,0.726038,0.726038,705.0,23.0,23.0,4048.0,4048.0,432386.0,7.0,1.0,1.0,9.0,0.00177132,1.92588e-05,0.00141441,0.00320499,3401.2,0.795588,0.739294,41.0,2380810000.0,2380810000.0,0.110597,-0.192529,-0.0127939,72.6038,0.41,1.0,49.0,50.0,0.2,100.0
traj_sweep_770,cts,0.00105548,0.00105548,1076.77,1278.42,731.234,731.234,661.0,7.0,661.0,5.439,0.0715,47.522,0.679101,0.679101,685.0,23.0,23.0,4048.0,4048.0,60500.0,1.0,1.0,1.0,2.0,0.00159918,1.73116e-05,0.00126958,0.00288608,3127.33,0.778607,0.615899,7.0,2374030000.0,2374030000.0,0.110433,-0.00748426,-0.00293143,67.9101,0.42,1.0,49.0,50.0,0.2,100.0
traj_sweep_771,cts,0.000908697,0.000908697,1076.77,1278.42,704.9,704.9,635.0,5.0,635.0,3.94,0.0415,26.3725,0.654644,0.654644,659.0,23.0,23.0,4048.0,4048.0,51017.0,1.0,1.0,1.0,1.0,0.00149737,1.64894e-05,0.00120795,0.00272181,3069.34,0.793204,0.61224,2.0,2329710000.0,2329710000.0,0.110513,-0.00079331,-0.000655559,65.4644,0.43,1.0,49.0,50.0,0.2,100.0
traj_sweep_772,cts,0.00374065,0.00374065,1076.77,1278.42,686.014,686.014,620.0,1.0,620.0,2.99,0.006,3.97,0.637105,0.637105,644.0,23.0,23.0,4048.0,4048.0,12503.0,0.0,0.0,0.0,1.0,0.00140196,1.5854e-05,0.0011643,0.00258211,3036.3,0.780532,0.612851,0.0,2306230000.0,2306230000.0,0.110364,0.0,0.00023484,63.7105,0.44,1.0,49.0,50.0,0.2,100.0
traj_sweep_773,cts,0.000231738,0.000231738,1076.77,1278.42,682.556,682.556,617.0,0.0,617.0,0.0,0.0,0.0,0.633893,0.633893,641.0,23.0,23.0,4048.0,4048.0,0.0,0.0,0.0,0.0,2.0,0.00136555,1.56944e-05,0.00112383,0.00250507,3052.48,0.755657,0.617559,0.0,2292680000.0,2292680000.0,0.111228,0.0,0.0051058,63.3893,0.45,1.0,49.0,50.0,0.2,100.0
traj_sweep_774,cts,0.000770897,0.000770897,1076.77,1278.42,680.162,680.162,614.0,0.0,614.0,0.0,0.0,0.0,0.63167,0.63167,638.0,23.0,23.0,4048.0,4048.0,0.0,0.0,0.0,0.0,1.0,0.00132226,1.56394e-05,0.00109423,0.00243212,2986.35,0.767821,0.621576,0.0,2287810000.0,2287810000.0,0.111059,0.0,0.00726225,63.167,0.46,1.0,49.0,50.0,0.2,100.0
traj_sweep_775,cts,0.000728924,0.000728924,1076.77,1278.42,677.502,677.502,610.0,0.0,610.0,0.0,0.0,0.0,0.6292,0.6292,636.0,23.0,23.0,4048.0,4048.0,0.0,0.0,0.0,0.0,1.0,0.00128309,1.55682e-05,0.00105346,0.00235212,2956.42,0.777801,0.527429,0.0,2272850000.0,2272850000.0,0.110841,0.0,0.017934,62.92,0.47,1.0,49.0,50.0,0.2,100.0
traj_sweep_776,cts,0.000389543,0.000389543,1076.77,1278.42,677.236,677.236,611.0,0.0,611.0,0.0,0.0,0.0,0.628953,0.628953,636.0,23.0,23.0,4048.0,4048.0,0.0,0.0,0.0,0.0,1.0,0.00125599,1.55647e-05,0.00104895,0.0023205,2996.9,0.776793,0.540608,0.0,2259930000.0,2259930000.0,0.111216,0.0,0.0183809,62.8953,0.48,1.0,49.0,50.0,0.2,100.0
traj_sweep_777,cts,0.0011519,0.0011519,1076.77,1278.42,675.64,675.64,610.0,0.0,610.0,0.0,0.0,0.0,0.62747,0.62747,634.0,23.0,23.0,4048.0,4048.0,0.0,0.0,0.0,0.0,1.0,0.00123802,1.54618e-05,0.00102446,0.00227794,2928.69,0.776758,0.620352,0.0,2249320000.0,2249320000.0,0.110371,0.0,0.0328523,62.747,0.49,1.0,49.0,50.0,0.2,100.0
traj_sweep_778,cts,0.000743405,0.000743405,1076.77,1278.42,674.576,674.576,609.0,0.0,609.0,0.0,0.0,0.0,0.626482,0.626482,634.0,23.0,23.0,4048.0,4048.0,0.0,0.0,0.0,0.0,1.0,0.00120296,1.54538e-05,0.00100718,0.00222559,2969.97,0.758387,0.628912,0.0,2231810000.0,2231810000.0,0.110934,0.0,0.0377178,62.6482,0.5,1.0,49.0,50.0,0.2,100.0
traj_sweep_779,cts,0.000647427,0.000647427,1076.77,1278.42,675.374,675.374,610.0,0.0,610.0,0.0,0.0,0.0,0.627223,0.627223,634.0,23.0,23.0,4048.0,4048.0,0.0,0.0,0.0,0.0,1.0,0.00118882,1.5441e-05,0.00098265,0.00218691,2974.21,0.781359,0.611589,0.0,2191360000.0,2191360000.0,0.110514,0.0,0.048324,62.7223,0.51,1.0,49.0,50.0,0.2,100.0
traj_sweep_780,cts,0.00248632,0.00248632,1076.77,1278.42,675.64,675.64,610.0,0.0,610.0,0.0,0.0,0.0,0.62747,0.62747,634.0,23.0,23.0,4048.0,4048.0,0.0,0.0,0.0,0.0,1.0,0.00116757,1.54808e-05,0.000973076,0.00215612,2972.28,0.7918,0.621333,0.0,2249570000.0,2249570000.0,0.111113,0.0,0.0551226,62.747,0.52,1.0,49.0,50.0,0.2,100.0
traj_sweep_781,cts,0.00095926,0.00095926,1076.77,1278.42,675.108,675.108,610.0,0.0,610.0,0.0,0.0,0.0,0.626976,0.626976,634.0,23.0,23.0,4048.0,4048.0,0.0,0.0,0.0,0.0,1.0,0.00113853,1.54521e-05,0.000946324,0.00210031,2954.18,0.805667,0.625636,0.0,2238380000.0,2238380000.0,0.110799,0.0,0.0622818,62.6976,0.53,1.0,49.0,50.0,0.2,100.0
traj_sweep_782,cts,0.00133069,0.00133069,1076.77,1278.42,675.108,675.108,610.0,0.0,610.0,0.0,0.0,0.0,0.626976,0.626976,634.0,23.0,23.0,4048.0,4048.0,0.0,0.0,0.0,0.0,1.0,0.0011174,1.54521e-05,0.000923243,0.00205609,2953.53,0.778133,0.617109,0.0,2172520000.0,2172520000.0,0.110594,0.0,0.0726387,62.6976,0.54,1.0,49.0,50.0,0.2,100.0
traj_sweep_783,cts,0.00231828,0.00231828,1076.77,1278.42,674.842,674.842,610.0,0.0,610.0,0.0,0.0,0.0,0.626729,0.626729,634.0,23.0,23.0,4048.0,4048.0,0.0,0.0,0.0,0.0,2.0,0.00109629,1.54472e-05,0.00091392,0.00202566,2971.36,0.75974,0.615887,0.0,2173420000.0,2173420000.0,0.111062,0.0,0.0813491,62.6729,0.55,1.0,49.0,50.0,0.2,100.0
traj_sweep_784,cts,0.000744189,0.000744189,1076.77,1278.42,674.576,674.576,609.0,0.0,609.0,0.0,0.0,0.0,0.626482,0.626482,633.0,23.0,23.0,4048.0,4048.0,0.0,0.0,0.0,0.0,1.0,0.00108353,1.54213e-05,0.000893001,0.00199195,2964.61,0.78187,0.554024,0.0,2193660000.0,2193660000.0,0.110707,0.0,0.0868246,62.6482,0.56,1.0,49.0,50.0,0.2,100.0
traj_sweep_785,cts,0.000744189,0.000744189,1076.77,1278.42,674.576,674.576,609.0,0.0,609.0,0.0,0.0,0.0,0.626482,0.626482,633.0,23.0,23.0,4048.0,4048.0,0.0,0.0,0.0,0.0,1.0,0.00106452,1.54213e-05,0.000877334,0.00195728,2964.61,0.78187,0.554024,0.0,2193660000.0,2193660000.0,0.110707,0.0,0.0948247,62.6482,0.57,1.0,49.0,50.0,0.2,100.0
traj_sweep_786,cts,0.000527439,0.000527439,1076.77,1278.42,674.044,674.044,608.0,0.0,608.0,0.0,0.0,0.0,0.625988,0.625988,632.0,23.0,23.0,4048.0,4048.0,0.0,0.0,0.0,0.0,1.0,0.00104696,1.54214e-05,0.000857832,0.00192021,2921.09,0.772985,0.473769,0.0,2190530000.0,2190530000.0,0.110619,0.0,0.105027,62.5988,0.58,1.0,49.0,50.0,0.2,100.0
traj_sweep_787,cts,0.00118603,0.00118603,1076.77,1278.42,673.512,673.512,608.0,0.0,608.0,0.0,0.0,0.0,0.625494,0.625494,632.0,23.0,23.0,4048.0,4048.0,0.0,0.0,0.0,0.0,1.0,0.00102281,1.54102e-05,0.000846533,0.00188475,2954.09,0.793739,0.558281,0.0,2182110000.0,2182110000.0,0.110729,0.0,0.110888,62.5494,0.59,1.0,49.0,50.0,0.2,100.0
traj_sweep_788,cts,0.000583304,0.000583304,1076.77,1278.42,674.842,674.842,608.0,0.0,608.0,0.0,0.0,0.0,0.626729,0.626729,632.0,23.0,23.0,4048.0,4048.0,0.0,0.0,0.0,0.0,1.0,0.00101222,1.54659e-05,0.000834467,0.00186215,2973.11,0.737633,0.554675,0.0,2191110000.0,2191110000.0,0.110441,0.0,0.119181,62.6729,0.6,1.0,49.0,50.0,0.2,100.0
traj_sweep_789,cts,0.000787898,0.000787898,1076.77,1278.42,674.842,674.842,608.0,0.0,608.0,0.0,0.0,0.0,0.626729,0.626729,632.0,23.0,23.0,4048.0,4048.0,0.0,0.0,0.0,0.0,1.0,0.00099578,1.54659e-05,0.000819891,0.00183114,2960.42,0.747067,0.553279,0.0,2190970000.0,2190970000.0,0.11095,0.0,0.128377,62.6729,0.61,1.0,49.0,50.0,0.2,100.0
traj_sweep_790,cts,0.000870845,0.000870845,1076.77,1278.42,674.044,674.044,608.0,0.0,608.0,0.0,0.0,0.0,0.625988,0.625988,632.0,23.0,23.0,4048.0,4048.0,0.0,0.0,0.0,0.0,1.0,0.000979385,1.54214e-05,0.000809115,0.00180392,2958.44,0.767821,0.550711,0.0,2198750000.0,2198750000.0,0.110994,0.0,0.132811,62.5988,0.62,1.0,49.0,50.0,0.2,100.0
traj_sweep_791,cts,0.00037427,0.00037427,1076.77,1278.42,942.97,942.97,737.0,9.0,737.0,9.54,0.6825,503.354,0.875741,0.875741,763.0,23.0,23.0,4048.0,4048.0,1216270.0,17.0,1.0,1.0,21.0,0.00625895,2.54117e-05,0.00492191,0.0112063,4092.35,0.66181,0.702868,53.0,2426820000.0,2426820000.0,0.0715708,-12.6792,-0.272063,87.5741,0.14,1.0,50.0,50.0,0.2,100.0
traj_sweep_792,cts,0.00139967,0.00139967,1076.77,1278.42,946.428,946.428,737.0,8.0,737.0,9.4,0.6955,512.678,0.878953,0.878953,761.0,23.0,23.0,4048.0,4048.0,1279680.0,18.0,1.0,1.0,15.0,0.00586746,2.55808e-05,0.00463898,0.010532,4118.66,0.598675,0.67249,53.0,2432750000.0,2432750000.0,0.0727577,-12.2224,-0.261058,87.8953,0.15,1.0,50.0,50.0,0.2,100.0
traj_sweep_793,cts,0.000851805,0.000851805,1076.77,1278.42,958.93,958.93,739.0,9.0,739.0,12.2,1.1565,854.755,0.890563,0.890563,763.0,23.0,23.0,4048.0,4048.0,2045300.0,29.0,1.0,1.0,84.0,0.00554449,2.61481e-05,0.00440904,0.00997968,4508.8,0.55955,0.653665,53.0,2406500000.0,2406500000.0,0.0735413,-11.8419,-0.255541,89.0563,0.16,1.0,50.0,50.0,0.2,100.0
traj_sweep_794,cts,0.000282892,0.000282892,1076.77,1278.42,939.246,939.246,737.0,12.0,737.0,9.54,0.7835,577.699,0.872283,0.872283,761.0,23.0,23.0,4048.0,4048.0,1365650.0,20.0,1.0,1.0,14.0,0.00515207,2.53631e-05,0.00408658,0.00926401,4129.96,0.665073,0.704437,53.0,2431270000.0,2431270000.0,0.0741913,-11.1102,-0.241308,87.2283,0.17,1.0,50.0,50.0,0.2,100.0
traj_sweep_795,cts,0.00104417,0.00104417,1076.77,1278.42,937.65,937.65,730.0,8.0,730.0,8.64,0.7815,570.628,0.8708,0.8708,754.0,23.0,23.0,4048.0,4048.0,1416820.0,21.0,1.0,1.0,14.0,0.00476457,2.52044e-05,0.00383471,0.00862449,4158.53,0.663697,0.703775,53.0,2435540000.0,2435540000.0,0.0781974,-10.6007,-0.230586,87.08,0.18,1.0,50.0,50.0,0.2,100.0
traj_sweep_796,cts,0.00131423,0.00131423,1076.77,1278.42,933.926,933.926,732.0,10.0,732.0,9.92,0.825,603.983,0.867342,0.867342,756.0,23.0,23.0,4048.0,4048.0,1425800.0,21.0,1.0,1.0,17.0,0.00450617,2.51312e-05,0.00359347,0.00812476,4159.66,0.667471,0.700814,53.0,2446910000.0,2446910000.0,0.0791735,-10.1011,-0.218678,86.7342,0.19,1.0,50.0,50.0,0.2,100.0
traj_sweep_797,cts,0.000822994,0.000822994,1076.77,1278.42,935.522,935.522,732.0,13.0,732.0,10.3,0.6695,490.321,0.868824,0.868824,758.0,23.0,23.0,4048.0,4048.0,1245810.0,18.0,1.0,1.0,18.0,0.00427713,2.52112e-05,0.00339383,0.00769617,4086.4,0.61001,0.677942,53.0,2446710000.0,2446710000.0,0.0832298,-9.54891,-0.208712,86.8824,0.2,1.0,50.0,50.0,0.2,100.0
traj_sweep_798,cts,0.00108259,0.00108259,1076.77,1278.42,916.104,916.104,728.0,10.0,728.0,6.98,0.4295,312.877,0.850791,0.850791,752.0,23.0,23.0,4048.0,4048.0,840226.0,12.0,1.0,1.0,9.0,0.00398784,2.45971e-05,0.00318312,0.00719555,3851.12,0.665584,0.699868,53.0,2450450000.0,2450450000.0,0.0809846,-8.92024,-0.198089,85.0791,0.21,1.0,50.0,50.0,0.2,100.0
traj_sweep_799,cts,0.000845185,0.000845185,1076.77,1278.42,935.788,935.788,724.0,11.0,724.0,9.35,0.625,452.631,0.869071,0.869071,750.0,23.0,23.0,4048.0,4048.0,1008920.0,15.0,1.0,1.0,11.0,0.00388122,2.53836e-05,0.00312272,0.00702932,3956.49,0.58871,0.667695,53.0,2431310000.0,2431310000.0,0.0851741,-8.47741,-0.191301,86.9071,0.22,1.0,50.0,50.0,0.2,100.0
traj_sweep_800,cts,0.000638753,0.000638753,1076.77,1278.42,910.784,910.784,724.0,8.0,724.0,8.64,0.595,431.085,0.84585,0.84585,748.0,23.0,23.0,4048.0,4048.0,897485.0,13.0,1.0,1.0,14.0,0.00361917,2.43359e-05,0.00289726,0.00654077,3935.04,0.653405,0.698823,53.0,2430400000.0,2430400000.0,0.0833932,-7.86846,-0.181455,84.585,0.23,1.0,50.0,50.0,0.2,100.0
traj_sweep_801,cts,0.00195154,0.00195154,1076.77,1278.42,894.292,894.292,726.0,6.0,726.0,7.88,0.2965,215.391,0.830534,0.830534,750.0,23.0,23.0,4048.0,4048.0,595557.0,9.0,1.0,1.0,10.0,0.00341879,2.36223e-05,0.00273792,0.00618034,3746.39,0.643971,0.694283,52.0,2434360000.0,2434360000.0,0.0839777,-7.45693,-0.170785,83.0534,0.24,1.0,50.0,50.0,0.2,100.0
traj_sweep_802,cts,0.000893972,0.000893972,1076.77,1278.42,920.36,920.36,730.0,10.0,730.0,11.06,0.631,460.7,0.854743,0.854743,754.0,23.0,23.0,4048.0,4048.0,1157470.0,17.0,1.0,1.0,21.0,0.00336874,2.45257e-05,0.0026941,0.00608736,3974.31,0.643971,0.694283,51.0,2444500000.0,2444500000.0,0.0881472,-6.95295,-0.159082,85.4743,0.25,1.0,50.0,50.0,0.2,100.0
traj_sweep_803,cts,0.00115493,0.00115493,1076.77,1278.42,906.528,906.528,725.0,6.0,725.0,7.31,0.5585,404.933,0.841897,0.841897,749.0,23.0,23.0,4048.0,4048.0,903750.0,13.0,1.0,1.0,18.0,0.00318102,2.3764e-05,0.00256086,0.00576564,3882.97,0.654264,0.699236,51.0,2431310000.0,2431310000.0,0.0911245,-6.63624,-0.151301,84.1897,0.26,1.0,50.0,50.0,0.2,100.0
traj_sweep_804,cts,0.00108621,0.00108621,1076.77,1278.42,904.4,904.4,729.0,10.0,729.0,6.93,0.333,242.875,0.839921,0.839921,753.0,23.0,23.0,4048.0,4048.0,576181.0,9.0,1.0,1.0,7.0,0.00311631,2.36565e-05,0.0024654,0.00560536,3648.41,0.643971,0.694283,49.0,2447280000.0,2447280000.0,0.0930482,-5.97472,-0.138617,83.9921,0.27,1.0,50.0,50.0,0.2,100.0
traj_sweep_805,cts,0.00157546,0.00157546,1076.77,1278.42,910.252,910.252,730.0,10.0,730.0,7.88,0.499,364.545,0.845356,0.845356,754.0,23.0,23.0,4048.0,4048.0,807223.0,12.0,1.0,1.0,11.0,0.00299777,2.38753e-05,0.00240966,0.0054313,3767.83,0.631112,0.688096,49.0,2432410000.0,2432410000.0,0.0946159,-5.59219,-0.131115,84.5356,0.28,1.0,50.0,50.0,0.2,100.0
traj_sweep_806,cts,0.000829684,0.000829684,1076.77,1278.42,913.976,913.976,720.0,9.0,720.0,6.93,0.4755,342.594,0.848814,0.848814,744.0,23.0,23.0,4048.0,4048.0,902230.0,14.0,1.0,1.0,13.0,0.00287357,2.40057e-05,0.00233096,0.00522854,3792.22,0.655291,0.69974,49.0,2422060000.0,2422060000.0,0.0977089,-5.18383,-0.122871,84.8814,0.29,1.0,50.0,50.0,0.2,100.0
traj_sweep_807,cts,0.00155324,0.00155324,1076.77,1278.42,888.972,888.972,718.0,6.0,718.0,6.03,0.3195,229.707,0.825593,0.825593,742.0,23.0,23.0,4048.0,4048.0,522870.0,8.0,1.0,1.0,11.0,0.00272548,2.31405e-05,0.00218379,0.00493242,3703.57,0.667471,0.70083,49.0,2442300000.0,2442300000.0,0.0977397,-4.65592,-0.109451,82.5593,0.3,1.0,50.0,50.0,0.2,100.0
traj_sweep_808,cts,0.00154405,0.00154405,1076.77,1278.42,886.046,886.046,720.0,7.0,720.0,7.5,0.307,221.058,0.822875,0.822875,744.0,23.0,23.0,4048.0,4048.0,509031.0,8.0,1.0,1.0,9.0,0.00264583,2.29544e-05,0.00207504,0.00474382,3613.39,0.636424,0.690659,48.0,2439440000.0,2439440000.0,0.102324,-4.19347,-0.0999303,82.2875,0.31,1.0,50.0,50.0,0.2,100.0
traj_sweep_809,cts,0.00190797,0.00190797,1076.77,1278.42,844.816,844.816,704.0,3.0,704.0,5.98,0.0935,66.102,0.784585,0.784585,728.0,23.0,23.0,4048.0,4048.0,206243.0,3.0,1.0,1.0,3.0,0.00239491,2.15705e-05,0.0019313,0.00434778,3365.04,0.654264,0.699239,48.0,2456570000.0,2456570000.0,0.100959,-3.50995,-0.0870718,78.4585,0.32,1.0,50.0,50.0,0.2,100.0
traj_sweep_810,cts,0.000767504,0.000767504,1076.77,1278.42,836.304,836.304,697.0,4.0,697.0,7.5,0.11,76.9065,0.77668,0.77668,721.0,23.0,23.0,4048.0,4048.0,156556.0,2.0,1.0,1.0,3.0,0.00230557,2.11496e-05,0.00186626,0.00419298,3367.79,0.663697,0.675367,47.0,2459190000.0,2459190000.0,0.104089,-3.16886,-0.0777758,77.668,0.33,1.0,50.0,50.0,0.2,100.0
traj_sweep_811,cts,0.00187142,0.00187142,1076.77,1278.42,828.856,828.856,700.0,3.0,700.0,6.93,0.105,73.619,0.769763,0.769763,724.0,23.0,23.0,4048.0,4048.0,212170.0,3.0,1.0,1.0,4.0,0.00222262,2.08882e-05,0.00176669,0.0040102,3305.44,0.317875,0.537109,47.0,2450270000.0,2450270000.0,0.106989,-2.81344,-0.0712867,76.9763,0.34,1.0,50.0,50.0,0.2,100.0
traj_sweep_812,cts,0.00165626,0.00165626,1076.77,1278.42,856.52,856.52,702.0,4.0,702.0,10.54,0.2345,164.809,0.795455,0.795455,726.0,23.0,23.0,4048.0,4048.0,449342.0,7.0,1.0,1.0,8.0,0.00222075,2.1912e-05,0.00181169,0.00405435,3490.53,0.658037,0.701055,47.0,2427770000.0,2427770000.0,0.107636,-2.50817,-0.0629584,79.5455,0.35,1.0,50.0,50.0,0.2,100.0
traj_sweep_813,cts,0.00188383,0.00188383,1076.77,1278.42,834.442,834.442,698.0,3.0,698.0,6.03,0.09,62.994,0.774951,0.774951,722.0,23.0,23.0,4048.0,4048.0,187676.0,3.0,1.0,1.0,2.0,0.00211362,2.11252e-05,0.00169042,0.00382516,3250.58,0.632139,0.688594,47.0,2431860000.0,2431860000.0,0.110088,-1.98018,-0.0515678,77.4951,0.36,1.0,50.0,50.0,0.2,100.0
traj_sweep_814,cts,0.00140771,0.00140771,1076.77,1278.42,814.758,814.758,694.0,1.0,694.0,5.84,0.07,48.7075,0.75667,0.75667,718.0,23.0,23.0,4048.0,4048.0,101830.0,2.0,1.0,1.0,2.0,0.00199177,2.04372e-05,0.00159498,0.00360719,3250.92,0.775914,0.673378,46.0,2407310000.0,2407310000.0,0.110414,-1.66071,-0.0467119,75.667,0.37,1.0,50.0,50.0,0.2,100.0
traj_sweep_815,cts,0.0014791,0.0014791,1076.77,1278.42,876.204,876.204,702.0,7.0,702.0,8.26,0.3415,239.782,0.813735,0.813735,727.0,23.0,23.0,4048.0,4048.0,570207.0,9.0,1.0,1.0,11.0,0.00208553,2.26152e-05,0.00171266,0.00382081,3530.28,0.663697,0.703784,46.0,2387560000.0,2387560000.0,0.113843,-1.31907,-0.0414734,81.3735,0.38,1.0,50.0,50.0,0.2,100.0
traj_sweep_816,cts,0.000693008,0.000693008,1076.77,1278.42,819.28,819.28,696.0,2.0,696.0,5.08,0.097,67.565,0.76087,0.76087,720.0,23.0,23.0,4048.0,4048.0,220309.0,3.0,1.0,1.0,5.0,0.00191121,2.05429e-05,0.00153584,0.00346759,3307.3,0.643971,0.645935,45.0,2397880000.0,2397880000.0,0.114928,-0.895063,-0.0272608,76.087,0.39,1.0,50.0,50.0,0.2,100.0
traj_sweep_817,cts,0.00106511,0.00106511,1076.77,1278.42,808.64,808.64,690.0,2.0,690.0,7.17,0.1625,112.369,0.750988,0.750988,714.0,23.0,23.0,4048.0,4048.0,304099.0,5.0,1.0,1.0,3.0,0.00186907,2.02117e-05,0.00150471,0.00339399,3312.14,0.65049,0.697424,30.0,2381670000.0,2381670000.0,0.110513,-0.367142,-0.0200314,75.0988,0.4,1.0,50.0,50.0,0.2,100.0
traj_sweep_818,cts,0.00117015,0.00117015,1076.77,1278.42,781.774,781.774,681.0,9.0,681.0,6.41,0.2465,167.882,0.726038,0.726038,705.0,23.0,23.0,4048.0,4048.0,432386.0,7.0,1.0,1.0,9.0,0.00177132,1.92588e-05,0.00141441,0.00320499,3401.2,0.795588,0.739294,41.0,2380810000.0,2380810000.0,0.110597,-0.192529,-0.0127939,72.6038,0.41,1.0,50.0,50.0,0.2,100.0
traj_sweep_819,cts,0.00105548,0.00105548,1076.77,1278.42,731.234,731.234,661.0,7.0,661.0,5.439,0.0715,47.522,0.679101,0.679101,685.0,23.0,23.0,4048.0,4048.0,60500.0,1.0,1.0,1.0,2.0,0.00159918,1.73116e-05,0.00126958,0.00288608,3127.33,0.778607,0.615899,7.0,2374030000.0,2374030000.0,0.110433,-0.00748426,-0.00293143,67.9101,0.42,1.0,50.0,50.0,0.2,100.0
traj_sweep_820,cts,0.000908697,0.000908697,1076.77,1278.42,704.9,704.9,635.0,5.0,635.0,3.94,0.0415,26.3725,0.654644,0.654644,659.0,23.0,23.0,4048.0,4048.0,51017.0,1.0,1.0,1.0,1.0,0.00149737,1.64894e-05,0.00120795,0.00272181,3069.34,0.793204,0.61224,2.0,2329710000.0,2329710000.0,0.110513,-0.00079331,-0.000655559,65.4644,0.43,1.0,50.0,50.0,0.2,100.0
traj_sweep_821,cts,0.00374065,0.00374065,1076.77,1278.42,686.014,686.014,620.0,1.0,620.0,2.99,0.006,3.97,0.637105,0.637105,644.0,23.0,23.0,4048.0,4048.0,12503.0,0.0,0.0,0.0,1.0,0.00140196,1.5854e-05,0.0011643,0.00258211,3036.3,0.780532,0.612851,0.0,2306230000.0,2306230000.0,0.110364,0.0,0.00023484,63.7105,0.44,1.0,50.0,50.0,0.2,100.0
traj_sweep_822,cts,0.000231738,0.000231738,1076.77,1278.42,682.556,682.556,617.0,0.0,617.0,0.0,0.0,0.0,0.633893,0.633893,641.0,23.0,23.0,4048.0,4048.0,0.0,0.0,0.0,0.0,2.0,0.00136555,1.56944e-05,0.00112383,0.00250507,3052.48,0.755657,0.617559,0.0,2292680000.0,2292680000.0,0.111228,0.0,0.0051058,63.3893,0.45,1.0,50.0,50.0,0.2,100.0
traj_sweep_823,cts,0.000770897,0.000770897,1076.77,1278.42,680.162,680.162,614.0,0.0,614.0,0.0,0.0,0.0,0.63167,0.63167,638.0,23.0,23.0,4048.0,4048.0,0.0,0.0,0.0,0.0,1.0,0.00132226,1.56394e-05,0.00109423,0.00243212,2986.35,0.767821,0.621576,0.0,2287810000.0,2287810000.0,0.111059,0.0,0.00726225,63.167,0.46,1.0,50.0,50.0,0.2,100.0
traj_sweep_824,cts,0.000728924,0.000728924,1076.77,1278.42,677.502,677.502,610.0,0.0,610.0,0.0,0.0,0.0,0.6292,0.6292,636.0,23.0,23.0,4048.0,4048.0,0.0,0.0,0.0,0.0,1.0,0.00128309,1.55682e-05,0.00105346,0.00235212,2956.42,0.777801,0.527429,0.0,2272850000.0,2272850000.0,0.110841,0.0,0.017934,62.92,0.47,1.0,50.0,50.0,0.2,100.0
traj_sweep_825,cts,0.000389543,0.000389543,1076.77,1278.42,677.236,677.236,611.0,0.0,611.0,0.0,0.0,0.0,0.628953,0.628953,636.0,23.0,23.0,4048.0,4048.0,0.0,0.0,0.0,0.0,1.0,0.00125599,1.55647e-05,0.00104895,0.0023205,2996.9,0.776793,0.540608,0.0,2259930000.0,2259930000.0,0.111216,0.0,0.0183809,62.8953,0.48,1.0,50.0,50.0,0.2,100.0
traj_sweep_826,cts,0.0011519,0.0011519,1076.77,1278.42,675.64,675.64,610.0,0.0,610.0,0.0,0.0,0.0,0.62747,0.62747,634.0,23.0,23.0,4048.0,4048.0,0.0,0.0,0.0,0.0,1.0,0.00123802,1.54618e-05,0.00102446,0.00227794,2928.69,0.776758,0.620352,0.0,2249320000.0,2249320000.0,0.110371,0.0,0.0328523,62.747,0.49,1.0,50.0,50.0,0.2,100.0
traj_sweep_827,cts,0.000743405,0.000743405,1076.77,1278.42,674.576,674.576,609.0,0.0,609.0,0.0,0.0,0.0,0.626482,0.626482,634.0,23.0,23.0,4048.0,4048.0,0.0,0.0,0.0,0.0,1.0,0.00120296,1.54538e-05,0.00100718,0.00222559,2969.97,0.758387,0.628912,0.0,2231810000.0,2231810000.0,0.110934,0.0,0.0377178,62.6482,0.5,1.0,50.0,50.0,0.2,100.0
traj_sweep_828,cts,0.000647427,0.000647427,1076.77,1278.42,675.374,675.374,610.0,0.0,610.0,0.0,0.0,0.0,0.627223,0.627223,634.0,23.0,23.0,4048.0,4048.0,0.0,0.0,0.0,0.0,1.0,0.00118882,1.5441e-05,0.00098265,0.00218691,2974.21,0.781359,0.611589,0.0,2191360000.0,2191360000.0,0.110514,0.0,0.048324,62.7223,0.51,1.0,50.0,50.0,0.2,100.0
traj_sweep_829,cts,0.00248632,0.00248632,1076.77,1278.42,675.64,675.64,610.0,0.0,610.0,0.0,0.0,0.0,0.62747,0.62747,634.0,23.0,23.0,4048.0,4048.0,0.0,0.0,0.0,0.0,1.0,0.00116757,1.54808e-05,0.000973076,0.00215612,2972.28,0.7918,0.621333,0.0,2249570000.0,2249570000.0,0.111113,0.0,0.0551226,62.747,0.52,1.0,50.0,50.0,0.2,100.0
traj_sweep_830,cts,0.00095926,0.00095926,1076.77,1278.42,675.108,675.108,610.0,0.0,610.0,0.0,0.0,0.0,0.626976,0.626976,634.0,23.0,23.0,4048.0,4048.0,0.0,0.0,0.0,0.0,1.0,0.00113853,1.54521e-05,0.000946324,0.00210031,2954.18,0.805667,0.625636,0.0,2238380000.0,2238380000.0,0.110799,0.0,0.0622818,62.6976,0.53,1.0,50.0,50.0,0.2,100.0
traj_sweep_831,cts,0.00133069,0.00133069,1076.77,1278.42,675.108,675.108,610.0,0.0,610.0,0.0,0.0,0.0,0.626976,0.626976,634.0,23.0,23.0,4048.0,4048.0,0.0,0.0,0.0,0.0,1.0,0.0011174,1.54521e-05,0.000923243,0.00205609,2953.53,0.778133,0.617109,0.0,2172520000.0,2172520000.0,0.110594,0.0,0.0726387,62.6976,0.54,1.0,50.0,50.0,0.2,100.0
traj_sweep_832,cts,0.00231828,0.00231828,1076.77,1278.42,674.842,674.842,610.0,0.0,610.0,0.0,0.0,0.0,0.626729,0.626729,634.0,23.0,23.0,4048.0,4048.0,0.0,0.0,0.0,0.0,2.0,0.00109629,1.54472e-05,0.00091392,0.00202566,2971.36,0.75974,0.615887,0.0,2173420000.0,2173420000.0,0.111062,0.0,0.0813491,62.6729,0.55,1.0,50.0,50.0,0.2,100.0
traj_sweep_833,cts,0.000744189,0.000744189,1076.77,1278.42,674.576,674.576,609.0,0.0,609.0,0.0,0.0,0.0,0.626482,0.626482,633.0,23.0,23.0,4048.0,4048.0,0.0,0.0,0.0,0.0,1.0,0.00108353,1.54213e-05,0.000893001,0.00199195,2964.61,0.78187,0.554024,0.0,2193660000.0,2193660000.0,0.110707,0.0,0.0868246,62.6482,0.56,1.0,50.0,50.0,0.2,100.0
traj_sweep_834,cts,0.000744189,0.000744189,1076.77,1278.42,674.576,674.576,609.0,0.0,609.0,0.0,0.0,0.0,0.626482,0.626482,633.0,23.0,23.0,4048.0,4048.0,0.0,0.0,0.0,0.0,1.0,0.00106452,1.54213e-05,0.000877334,0.00195728,2964.61,0.78187,0.554024,0.0,2193660000.0,2193660000.0,0.110707,0.0,0.0948247,62.6482,0.57,1.0,50.0,50.0,0.2,100.0
traj_sweep_835,cts,0.000527439,0.000527439,1076.77,1278.42,674.044,674.044,608.0,0.0,608.0,0.0,0.0,0.0,0.625988,0.625988,632.0,23.0,23.0,4048.0,4048.0,0.0,0.0,0.0,0.0,1.0,0.00104696,1.54214e-05,0.000857832,0.00192021,2921.09,0.772985,0.473769,0.0,2190530000.0,2190530000.0,0.110619,0.0,0.105027,62.5988,0.58,1.0,50.0,50.0,0.2,100.0
traj_sweep_836,cts,0.00118603,0.00118603,1076.77,1278.42,673.512,673.512,608.0,0.0,608.0,0.0,0.0,0.0,0.625494,0.625494,632.0,23.0,23.0,4048.0,4048.0,0.0,0.0,0.0,0.0,1.0,0.00102281,1.54102e-05,0.000846533,0.00188475,2954.09,0.793739,0.558281,0.0,2182110000.0,2182110000.0,0.110729,0.0,0.110888,62.5494,0.59,1.0,50.0,50.0,0.2,100.0
traj_sweep_837,cts,0.000583304,0.000583304,1076.77,1278.42,674.842,674.842,608.0,0.0,608.0,0.0,0.0,0.0,0.626729,0.626729,632.0,23.0,23.0,4048.0,4048.0,0.0,0.0,0.0,0.0,1.0,0.00101222,1.54659e-05,0.000834467,0.00186215,2973.11,0.737633,0.554675,0.0,2191110000.0,2191110000.0,0.110441,0.0,0.119181,62.6729,0.6,1.0,50.0,50.0,0.2,100.0
traj_sweep_838,cts,0.000787898,0.000787898,1076.77,1278.42,674.842,674.842,608.0,0.0,608.0,0.0,0.0,0.0,0.626729,0.626729,632.0,23.0,23.0,4048.0,4048.0,0.0,0.0,0.0,0.0,1.0,0.00099578,1.54659e-05,0.000819891,0.00183114,2960.42,0.747067,0.553279,0.0,2190970000.0,2190970000.0,0.11095,0.0,0.128377,62.6729,0.61,1.0,50.0,50.0,0.2,100.0
traj_sweep_839,cts,0.000870845,0.000870845,1076.77,1278.42,674.044,674.044,608.0,0.0,608.0,0.0,0.0,0.0,0.625988,0.625988,632.0,23.0,23.0,4048.0,4048.0,0.0,0.0,0.0,0.0,1.0,0.000979385,1.54214e-05,0.000809115,0.00180392,2958.44,0.767821,0.550711,0.0,2198750000.0,2198750000.0,0.110994,0.0,0.132811,62.5988,0.62,1.0,50.0,50.0,0.2,100.0
traj_sweep_840,cts,0.00037427,0.00037427,1076.77,1278.42,942.97,942.97,737.0,9.0,737.0,9.54,0.6825,503.354,0.875741,0.875741,763.0,23.0,23.0,4048.0,4048.0,1216270.0,17.0,1.0,1.0,21.0,0.00625895,2.54117e-05,0.00492191,0.0112063,4092.35,0.66181,0.702868,53.0,2426820000.0,2426820000.0,0.0715708,-12.6792,-0.272063,87.5741,0.14,1.0,51.0,50.0,0.2,100.0
traj_sweep_841,cts,0.00139967,0.00139967,1076.77,1278.42,946.428,946.428,737.0,8.0,737.0,9.4,0.6955,512.678,0.878953,0.878953,761.0,23.0,23.0,4048.0,4048.0,1279680.0,18.0,1.0,1.0,15.0,0.00586746,2.55808e-05,0.00463898,0.010532,4118.66,0.598675,0.67249,53.0,2432750000.0,2432750000.0,0.0727577,-12.2224,-0.261058,87.8953,0.15,1.0,51.0,50.0,0.2,100.0
traj_sweep_842,cts,0.000851805,0.000851805,1076.77,1278.42,958.93,958.93,739.0,9.0,739.0,12.2,1.1565,854.755,0.890563,0.890563,763.0,23.0,23.0,4048.0,4048.0,2045300.0,29.0,1.0,1.0,84.0,0.00554449,2.61481e-05,0.00440904,0.00997968,4508.8,0.55955,0.653665,53.0,2406500000.0,2406500000.0,0.0735413,-11.8419,-0.255541,89.0563,0.16,1.0,51.0,50.0,0.2,100.0
traj_sweep_843,cts,0.000282892,0.000282892,1076.77,1278.42,939.246,939.246,737.0,12.0,737.0,9.54,0.7835,577.699,0.872283,0.872283,761.0,23.0,23.0,4048.0,4048.0,1365650.0,20.0,1.0,1.0,14.0,0.00515207,2.53631e-05,0.00408658,0.00926401,4129.96,0.665073,0.704437,53.0,2431270000.0,2431270000.0,0.0741913,-11.1102,-0.241308,87.2283,0.17,1.0,51.0,50.0,0.2,100.0
traj_sweep_844,cts,0.00104417,0.00104417,1076.77,1278.42,937.65,937.65,730.0,8.0,730.0,8.64,0.7815,570.628,0.8708,0.8708,754.0,23.0,23.0,4048.0,4048.0,1416820.0,21.0,1.0,1.0,14.0,0.00476457,2.52044e-05,0.00383471,0.00862449,4158.53,0.663697,0.703775,53.0,2435540000.0,2435540000.0,0.0781974,-10.6007,-0.230586,87.08,0.18,1.0,51.0,50.0,0.2,100.0
traj_sweep_845,cts,0.00131423,0.00131423,1076.77,1278.42,933.926,933.926,732.0,10.0,732.0,9.92,0.825,603.983,0.867342,0.867342,756.0,23.0,23.0,4048.0,4048.0,1425800.0,21.0,1.0,1.0,17.0,0.00450617,2.51312e-05,0.00359347,0.00812476,4159.66,0.667471,0.700814,53.0,2446910000.0,2446910000.0,0.0791735,-10.1011,-0.218678,86.7342,0.19,1.0,51.0,50.0,0.2,100.0
traj_sweep_846,cts,0.000822994,0.000822994,1076.77,1278.42,935.522,935.522,732.0,13.0,732.0,10.3,0.6695,490.321,0.868824,0.868824,758.0,23.0,23.0,4048.0,4048.0,1245810.0,18.0,1.0,1.0,18.0,0.00427713,2.52112e-05,0.00339383,0.00769617,4086.4,0.61001,0.677942,53.0,2446710000.0,2446710000.0,0.0832298,-9.54891,-0.208712,86.8824,0.2,1.0,51.0,50.0,0.2,100.0
traj_sweep_847,cts,0.00108259,0.00108259,1076.77,1278.42,916.104,916.104,728.0,10.0,728.0,6.98,0.4295,312.877,0.850791,0.850791,752.0,23.0,23.0,4048.0,4048.0,840226.0,12.0,1.0,1.0,9.0,0.00398784,2.45971e-05,0.00318312,0.00719555,3851.12,0.665584,0.699868,53.0,2450450000.0,2450450000.0,0.0809846,-8.92024,-0.198089,85.0791,0.21,1.0,51.0,50.0,0.2,100.0
traj_sweep_848,cts,0.000845185,0.000845185,1076.77,1278.42,935.788,935.788,724.0,11.0,724.0,9.35,0.625,452.631,0.869071,0.869071,750.0,23.0,23.0,4048.0,4048.0,1008920.0,15.0,1.0,1.0,11.0,0.00388122,2.53836e-05,0.00312272,0.00702932,3956.49,0.58871,0.667695,53.0,2431310000.0,2431310000.0,0.0851741,-8.47741,-0.191301,86.9071,0.22,1.0,51.0,50.0,0.2,100.0
traj_sweep_849,cts,0.000638753,0.000638753,1076.77,1278.42,910.784,910.784,724.0,8.0,724.0,8.64,0.595,431.085,0.84585,0.84585,748.0,23.0,23.0,4048.0,4048.0,897485.0,13.0,1.0,1.0,14.0,0.00361917,2.43359e-05,0.00289726,0.00654077,3935.04,0.653405,0.698823,53.0,2430400000.0,2430400000.0,0.0833932,-7.86846,-0.181455,84.585,0.23,1.0,51.0,50.0,0.2,100.0
traj_sweep_850,cts,0.00195154,0.00195154,1076.77,1278.42,894.292,894.292,726.0,6.0,726.0,7.88,0.2965,215.391,0.830534,0.830534,750.0,23.0,23.0,4048.0,4048.0,595557.0,9.0,1.0,1.0,10.0,0.00341879,2.36223e-05,0.00273792,0.00618034,3746.39,0.643971,0.694283,52.0,2434360000.0,2434360000.0,0.0839777,-7.45693,-0.170785,83.0534,0.24,1.0,51.0,50.0,0.2,100.0
traj_sweep_851,cts,0.000893972,0.000893972,1076.77,1278.42,920.36,920.36,730.0,10.0,730.0,11.06,0.631,460.7,0.854743,0.854743,754.0,23.0,23.0,4048.0,4048.0,1157470.0,17.0,1.0,1.0,21.0,0.00336874,2.45257e-05,0.0026941,0.00608736,3974.31,0.643971,0.694283,51.0,2444500000.0,2444500000.0,0.0881472,-6.95295,-0.159082,85.4743,0.25,1.0,51.0,50.0,0.2,100.0
traj_sweep_852,cts,0.00115493,0.00115493,1076.77,1278.42,906.528,906.528,725.0,6.0,725.0,7.31,0.5585,404.933,0.841897,0.841897,749.0,23.0,23.0,4048.0,4048.0,903750.0,13.0,1.0,1.0,18.0,0.00318102,2.3764e-05,0.00256086,0.00576564,3882.97,0.654264,0.699236,51.0,2431310000.0,2431310000.0,0.0911245,-6.63624,-0.151301,84.1897,0.26,1.0,51.0,50.0,0.2,100.0
traj_sweep_853,cts,0.00108621,0.00108621,1076.77,1278.42,904.4,904.4,729.0,10.0,729.0,6.93,0.333,242.875,0.839921,0.839921,753.0,23.0,23.0,4048.0,4048.0,576181.0,9.0,1.0,1.0,7.0,0.00311631,2.36565e-05,0.0024654,0.00560536,3648.41,0.643971,0.694283,49.0,2447280000.0,2447280000.0,0.0930482,-5.97472,-0.138617,83.9921,0.27,1.0,51.0,50.0,0.2,100.0
traj_sweep_854,cts,0.00157546,0.00157546,1076.77,1278.42,910.252,910.252,730.0,10.0,730.0,7.88,0.499,364.545,0.845356,0.845356,754.0,23.0,23.0,4048.0,4048.0,807223.0,12.0,1.0,1.0,11.0,0.00299777,2.38753e-05,0.00240966,0.0054313,3767.83,0.631112,0.688096,49.0,2432410000.0,2432410000.0,0.0946159,-5.59219,-0.131115,84.5356,0.28,1.0,51.0,50.0,0.2,100.0
traj_sweep_855,cts,0.000829684,0.000829684,1076.77,1278.42,913.976,913.976,720.0,9.0,720.0,6.93,0.4755,342.594,0.848814,0.848814,744.0,23.0,23.0,4048.0,4048.0,902230.0,14.0,1.0,1.0,13.0,0.00287357,2.40057e-05,0.00233096,0.00522854,3792.22,0.655291,0.69974,49.0,2422060000.0,2422060000.0,0.0977089,-5.18383,-0.122871,84.8814,0.29,1.0,51.0,50.0,0.2,100.0
traj_sweep_856,cts,0.00155324,0.00155324,1076.77,1278.42,888.972,888.972,718.0,6.0,718.0,6.03,0.3195,229.707,0.825593,0.825593,742.0,23.0,23.0,4048.0,4048.0,522870.0,8.0,1.0,1.0,11.0,0.00272548,2.31405e-05,0.00218379,0.00493242,3703.57,0.667471,0.70083,49.0,2442300000.0,2442300000.0,0.0977397,-4.65592,-0.109451,82.5593,0.3,1.0,51.0,50.0,0.2,100.0
traj_sweep_857,cts,0.00154405,0.00154405,1076.77,1278.42,886.046,886.046,720.0,7.0,720.0,7.5,0.307,221.058,0.822875,0.822875,744.0,23.0,23.0,4048.0,4048.0,509031.0,8.0,1.0,1.0,9.0,0.00264583,2.29544e-05,0.00207504,0.00474382,3613.39,0.636424,0.690659,48.0,2439440000.0,2439440000.0,0.102324,-4.19347,-0.0999303,82.2875,0.31,1.0,51.0,50.0,0.2,100.0
traj_sweep_858,cts,0.00190797,0.00190797,1076.77,1278.42,844.816,844.816,704.0,3.0,704.0,5.98,0.0935,66.102,0.784585,0.784585,728.0,23.0,23.0,4048.0,4048.0,206243.0,3.0,1.0,1.0,3.0,0.00239491,2.15705e-05,0.0019313,0.00434778,3365.04,0.654264,0.699239,48.0,2456570000.0,2456570000.0,0.100959,-3.50995,-0.0870718,78.4585,0.32,1.0,51.0,50.0,0.2,100.0
traj_sweep_859,cts,0.000767504,0.000767504,1076.77,1278.42,836.304,836.304,697.0,4.0,697.0,7.5,0.11,76.9065,0.77668,0.77668,721.0,23.0,23.0,4048.0,4048.0,156556.0,2.0,1.0,1.0,3.0,0.00230557,2.11496e-05,0.00186626,0.00419298,3367.79,0.663697,0.675367,47.0,2459190000.0,2459190000.0,0.104089,-3.16886,-0.0777758,77.668,0.33,1.0,51.0,50.0,0.2,100.0
traj_sweep_860,cts,0.00187142,0.00187142,1076.77,1278.42,828.856,828.856,700.0,3.0,700.0,6.93,0.105,73.619,0.769763,0.769763,724.0,23.0,23.0,4048.0,4048.0,212170.0,3.0,1.0,1.0,4.0,0.00222262,2.08882e-05,0.00176669,0.0040102,3305.44,0.317875,0.537109,47.0,2450270000.0,2450270000.0,0.106989,-2.81344,-0.0712867,76.9763,0.34,1.0,51.0,50.0,0.2,100.0
traj_sweep_861,cts,0.00165626,0.00165626,1076.77,1278.42,856.52,856.52,702.0,4.0,702.0,10.54,0.2345,164.809,0.795455,0.795455,726.0,23.0,23.0,4048.0,4048.0,449342.0,7.0,1.0,1.0,8.0,0.00222075,2.1912e-05,0.00181169,0.00405435,3490.53,0.658037,0.701055,47.0,2427770000.0,2427770000.0,0.107636,-2.50817,-0.0629584,79.5455,0.35,1.0,51.0,50.0,0.2,100.0
traj_sweep_862,cts,0.00188383,0.00188383,1076.77,1278.42,834.442,834.442,698.0,3.0,698.0,6.03,0.09,62.994,0.774951,0.774951,722.0,23.0,23.0,4048.0,4048.0,187676.0,3.0,1.0,1.0,2.0,0.00211362,2.11252e-05,0.00169042,0.00382516,3250.58,0.632139,0.688594,47.0,2431860000.0,2431860000.0,0.110088,-1.98018,-0.0515678,77.4951,0.36,1.0,51.0,50.0,0.2,100.0
traj_sweep_863,cts,0.00140771,0.00140771,1076.77,1278.42,814.758,814.758,694.0,1.0,694.0,5.84,0.07,48.7075,0.75667,0.75667,718.0,23.0,23.0,4048.0,4048.0,101830.0,2.0,1.0,1.0,2.0,0.00199177,2.04372e-05,0.00159498,0.00360719,3250.92,0.775914,0.673378,46.0,2407310000.0,2407310000.0,0.110414,-1.66071,-0.0467119,75.667,0.37,1.0,51.0,50.0,0.2,100.0
traj_sweep_864,cts,0.0014791,0.0014791,1076.77,1278.42,876.204,876.204,702.0,7.0,702.0,8.26,0.3415,239.782,0.813735,0.813735,727.0,23.0,23.0,4048.0,4048.0,570207.0,9.0,1.0,1.0,11.0,0.00208553,2.26152e-05,0.00171266,0.00382081,3530.28,0.663697,0.703784,46.0,2387560000.0,2387560000.0,0.113843,-1.31907,-0.0414734,81.3735,0.38,1.0,51.0,50.0,0.2,100.0
traj_sweep_865,cts,0.000693008,0.000693008,1076.77,1278.42,819.28,819.28,696.0,2.0,696.0,5.08,0.097,67.565,0.76087,0.76087,720.0,23.0,23.0,4048.0,4048.0,220309.0,3.0,1.0,1.0,5.0,0.00191121,2.05429e-05,0.00153584,0.00346759,3307.3,0.643971,0.645935,45.0,2397880000.0,2397880000.0,0.114928,-0.895063,-0.0272608,76.087,0.39,1.0,51.0,50.0,0.2,100.0
traj_sweep_866,cts,0.00106511,0.00106511,1076.77,1278.42,808.64,808.64,690.0,2.0,690.0,7.17,0.1625,112.369,0.750988,0.750988,714.0,23.0,23.0,4048.0,4048.0,304099.0,5.0,1.0,1.0,3.0,0.00186907,2.02117e-05,0.00150471,0.00339399,3312.14,0.65049,0.697424,30.0,2381670000.0,2381670000.0,0.110513,-0.367142,-0.0200314,75.0988,0.4,1.0,51.0,50.0,0.2,100.0
traj_sweep_867,cts,0.00117015,0.00117015,1076.77,1278.42,781.774,781.774,681.0,9.0,681.0,6.41,0.2465,167.882,0.726038,0.726038,705.0,23.0,23.0,4048.0,4048.0,432386.0,7.0,1.0,1.0,9.0,0.00177132,1.92588e-05,0.00141441,0.00320499,3401.2,0.795588,0.739294,41.0,2380810000.0,2380810000.0,0.110597,-0.192529,-0.0127939,72.6038,0.41,1.0,51.0,50.0,0.2,100.0
traj_sweep_868,cts,0.00105548,0.00105548,1076.77,1278.42,731.234,731.234,661.0,7.0,661.0,5.439,0.0715,47.522,0.679101,0.679101,685.0,23.0,23.0,4048.0,4048.0,60500.0,1.0,1.0,1.0,2.0,0.00159918,1.73116e-05,0.00126958,0.00288608,3127.33,0.778607,0.615899,7.0,2374030000.0,2374030000.0,0.110433,-0.00748426,-0.00293143,67.9101,0.42,1.0,51.0,50.0,0.2,100.0
traj_sweep_869,cts,0.000908697,0.000908697,1076.77,1278.42,704.9,704.9,635.0,5.0,635.0,3.94,0.0415,26.3725,0.654644,0.654644,659.0,23.0,23.0,4048.0,4048.0,51017.0,1.0,1.0,1.0,1.0,0.00149737,1.64894e-05,0.00120795,0.00272181,3069.34,0.793204,0.61224,2.0,2329710000.0,2329710000.0,0.110513,-0.00079331,-0.000655559,65.4644,0.43,1.0,51.0,50.0,0.2,100.0
traj_sweep_870,cts,0.00374065,0.00374065,1076.77,1278.42,686.014,686.014,620.0,1.0,620.0,2.99,0.006,3.97,0.637105,0.637105,644.0,23.0,23.0,4048.0,4048.0,12503.0,0.0,0.0,0.0,1.0,0.00140196,1.5854e-05,0.0011643,0.00258211,3036.3,0.780532,0.612851,0.0,2306230000.0,2306230000.0,0.110364,0.0,0.00023484,63.7105,0.44,1.0,51.0,50.0,0.2,100.0
traj_sweep_871,cts,0.000231738,0.000231738,1076.77,1278.42,682.556,682.556,617.0,0.0,617.0,0.0,0.0,0.0,0.633893,0.633893,641.0,23.0,23.0,4048.0,4048.0,0.0,0.0,0.0,0.0,2.0,0.00136555,1.56944e-05,0.00112383,0.00250507,3052.48,0.755657,0.617559,0.0,2292680000.0,2292680000.0,0.111228,0.0,0.0051058,63.3893,0.45,1.0,51.0,50.0,0.2,100.0
traj_sweep_872,cts,0.000770897,0.000770897,1076.77,1278.42,680.162,680.162,614.0,0.0,614.0,0.0,0.0,0.0,0.63167,0.63167,638.0,23.0,23.0,4048.0,4048.0,0.0,0.0,0.0,0.0,1.0,0.00132226,1.56394e-05,0.00109423,0.00243212,2986.35,0.767821,0.621576,0.0,2287810000.0,2287810000.0,0.111059,0.0,0.00726225,63.167,0.46,1.0,51.0,50.0,0.2,100.0
traj_sweep_873,cts,0.000728924,0.000728924,1076.77,1278.42,677.502,677.502,610.0,0.0,610.0,0.0,0.0,0.0,0.6292,0.6292,636.0,23.0,23.0,4048.0,4048.0,0.0,0.0,0.0,0.0,1.0,0.00128309,1.55682e-05,0.00105346,0.00235212,2956.42,0.777801,0.527429,0.0,2272850000.0,2272850000.0,0.110841,0.0,0.017934,62.92,0.47,1.0,51.0,50.0,0.2,100.0
traj_sweep_874,cts,0.000389543,0.000389543,1076.77,1278.42,677.236,677.236,611.0,0.0,611.0,0.0,0.0,0.0,0.628953,0.628953,636.0,23.0,23.0,4048.0,4048.0,0.0,0.0,0.0,0.0,1.0,0.00125599,1.55647e-05,0.00104895,0.0023205,2996.9,0.776793,0.540608,0.0,2259930000.0,2259930000.0,0.111216,0.0,0.0183809,62.8953,0.48,1.0,51.0,50.0,0.2,100.0
traj_sweep_875,cts,0.0011519,0.0011519,1076.77,1278.42,675.64,675.64,610.0,0.0,610.0,0.0,0.0,0.0,0.62747,0.62747,634.0,23.0,23.0,4048.0,4048.0,0.0,0.0,0.0,0.0,1.0,0.00123802,1.54618e-05,0.00102446,0.00227794,2928.69,0.776758,0.620352,0.0,2249320000.0,2249320000.0,0.110371,0.0,0.0328523,62.747,0.49,1.0,51.0,50.0,0.2,100.0
traj_sweep_876,cts,0.000743405,0.000743405,1076.77,1278.42,674.576,674.576,609.0,0.0,609.0,0.0,0.0,0.0,0.626482,0.626482,634.0,23.0,23.0,4048.0,4048.0,0.0,0.0,0.0,0.0,1.0,0.00120296,1.54538e-05,0.00100718,0.00222559,2969.97,0.758387,0.628912,0.0,2231810000.0,2231810000.0,0.110934,0.0,0.0377178,62.6482,0.5,1.0,51.0,50.0,0.2,100.0
traj_sweep_877,cts,0.000647427,0.000647427,1076.77,1278.42,675.374,675.374,610.0,0.0,610.0,0.0,0.0,0.0,0.627223,0.627223,634.0,23.0,23.0,4048.0,4048.0,0.0,0.0,0.0,0.0,1.0,0.00118882,1.5441e-05,0.00098265,0.00218691,2974.21,0.781359,0.611589,0.0,2191360000.0,2191360000.0,0.110514,0.0,0.048324,62.7223,0.51,1.0,51.0,50.0,0.2,100.0
traj_sweep_878,cts,0.00248632,0.00248632,1076.77,1278.42,675.64,675.64,610.0,0.0,610.0,0.0,0.0,0.0,0.62747,0.62747,634.0,23.0,23.0,4048.0,4048.0,0.0,0.0,0.0,0.0,1.0,0.00116757,1.54808e-05,0.000973076,0.00215612,2972.28,0.7918,0.621333,0.0,2249570000.0,2249570000.0,0.111113,0.0,0.0551226,62.747,0.52,1.0,51.0,50.0,0.2,100.0
traj_sweep_879,cts,0.00095926,0.00095926,1076.77,1278.42,675.108,675.108,610.0,0.0,610.0,0.0,0.0,0.0,0.626976,0.626976,634.0,23.0,23.0,4048.0,4048.0,0.0,0.0,0.0,0.0,1.0,0.00113853,1.54521e-05,0.000946324,0.00210031,2954.18,0.805667,0.625636,0.0,2238380000.0,2238380000.0,0.110799,0.0,0.0622818,62.6976,0.53,1.0,51.0,50.0,0.2,100.0
traj_sweep_880,cts,0.00133069,0.00133069,1076.77,1278.42,675.108,675.108,610.0,0.0,610.0,0.0,0.0,0.0,0.626976,0.626976,634.0,23.0,23.0,4048.0,4048.0,0.0,0.0,0.0,0.0,1.0,0.0011174,1.54521e-05,0.000923243,0.00205609,2953.53,0.778133,0.617109,0.0,2172520000.0,2172520000.0,0.110594,0.0,0.0726387,62.6976,0.54,1.0,51.0,50.0,0.2,100.0
traj_sweep_881,cts,0.00231828,0.00231828,1076.77,1278.42,674.842,674.842,610.0,0.0,610.0,0.0,0.0,0.0,0.626729,0.626729,634.0,23.0,23.0,4048.0,4048.0,0.0,0.0,0.0,0.0,2.0,0.00109629,1.54472e-05,0.00091392,0.00202566,2971.36,0.75974,0.615887,0.0,2173420000.0,2173420000.0,0.111062,0.0,0.0813491,62.6729,0.55,1.0,51.0,50.0,0.2,100.0
traj_sweep_882,cts,0.000744189,0.000744189,1076.77,1278.42,674.576,674.576,609.0,0.0,609.0,0.0,0.0,0.0,0.626482,0.626482,633.0,23.0,23.0,4048.0,4048.0,0.0,0.0,0.0,0.0,1.0,0.00108353,1.54213e-05,0.000893001,0.00199195,2964.61,0.78187,0.554024,0.0,2193660000.0,2193660000.0,0.110707,0.0,0.0868246,62.6482,0.56,1.0,51.0,50.0,0.2,100.0
traj_sweep_883,cts,0.000744189,0.000744189,1076.77,1278.42,674.576,674.576,609.0,0.0,609.0,0.0,0.0,0.0,0.626482,0.626482,633.0,23.0,23.0,4048.0,4048.0,0.0,0.0,0.0,0.0,1.0,0.00106452,1.54213e-05,0.000877334,0.00195728,2964.61,0.78187,0.554024,0.0,2193660000.0,2193660000.0,0.110707,0.0,0.0948247,62.6482,0.57,1.0,51.0,50.0,0.2,100.0
traj_sweep_884,cts,0.000527439,0.000527439,1076.77,1278.42,674.044,674.044,608.0,0.0,608.0,0.0,0.0,0.0,0.625988,0.625988,632.0,23.0,23.0,4048.0,4048.0,0.0,0.0,0.0,0.0,1.0,0.00104696,1.54214e-05,0.000857832,0.00192021,2921.09,0.772985,0.473769,0.0,2190530000.0,2190530000.0,0.110619,0.0,0.105027,62.5988,0.58,1.0,51.0,50.0,0.2,100.0
traj_sweep_885,cts,0.00118603,0.00118603,1076.77,1278.42,673.512,673.512,608.0,0.0,608.0,0.0,0.0,0.0,0.625494,0.625494,632.0,23.0,23.0,4048.0,4048.0,0.0,0.0,0.0,0.0,1.0,0.00102281,1.54102e-05,0.000846533,0.00188475,2954.09,0.793739,0.558281,0.0,2182110000.0,2182110000.0,0.110729,0.0,0.110888,62.5494,0.59,1.0,51.0,50.0,0.2,100.0
traj_sweep_886,cts,0.000583304,0.000583304,1076.77,1278.42,674.842,674.842,608.0,0.0,608.0,0.0,0.0,0.0,0.626729,0.626729,632.0,23.0,23.0,4048.0,4048.0,0.0,0.0,0.0,0.0,1.0,0.00101222,1.54659e-05,0.000834467,0.00186215,2973.11,0.737633,0.554675,0.0,2191110000.0,2191110000.0,0.110441,0.0,0.119181,62.6729,0.6,1.0,51.0,50.0,0.2,100.0
traj_sweep_887,cts,0.000787898,0.000787898,1076.77,1278.42,674.842,674.842,608.0,0.0,608.0,0.0,0.0,0.0,0.626729,0.626729,632.0,23.0,23.0,4048.0,4048.0,0.0,0.0,0.0,0.0,1.0,0.00099578,1.54659e-05,0.000819891,0.00183114,2960.42,0.747067,0.553279,0.0,2190970000.0,2190970000.0,0.11095,0.0,0.128377,62.6729,0.61,1.0,51.0,50.0,0.2,100.0
traj_sweep_888,cts,0.000870845,0.000870845,1076.77,1278.42,674.044,674.044,608.0,0.0,608.0,0.0,0.0,0.0,0.625988,0.625988,632.0,23.0,23.0,4048.0,4048.0,0.0,0.0,0.0,0.0,1.0,0.000979385,1.54214e-05,0.000809115,0.00180392,2958.44,0.767821,0.550711,0.0,2198750000.0,2198750000.0,0.110994,0.0,0.132811,62.5988,0.62,1.0,51.0,50.0,0.2,100.0
traj_sweep_889,cts,0.00037427,0.00037427,1076.77,1278.42,942.97,942.97,737.0,9.0,737.0,9.54,0.6825,503.354,0.875741,0.875741,763.0,23.0,23.0,4048.0,4048.0,1216270.0,17.0,1.0,1.0,21.0,0.00625895,2.54117e-05,0.00492191,0.0112063,4092.35,0.66181,0.702868,53.0,2426820000.0,2426820000.0,0.0715708,-12.6792,-0.272063,87.5741,0.14,1.0,52.0,50.0,0.2,100.0
traj_sweep_890,cts,0.00139967,0.00139967,1076.77,1278.42,946.428,946.428,737.0,8.0,737.0,9.4,0.6955,512.678,0.878953,0.878953,761.0,23.0,23.0,4048.0,4048.0,1279680.0,18.0,1.0,1.0,15.0,0.00586746,2.55808e-05,0.00463898,0.010532,4118.66,0.598675,0.67249,53.0,2432750000.0,2432750000.0,0.0727577,-12.2224,-0.261058,87.8953,0.15,1.0,52.0,50.0,0.2,100.0
traj_sweep_891,cts,0.000851805,0.000851805,1076.77,1278.42,958.93,958.93,739.0,9.0,739.0,12.2,1.1565,854.755,0.890563,0.890563,763.0,23.0,23.0,4048.0,4048.0,2045300.0,29.0,1.0,1.0,84.0,0.00554449,2.61481e-05,0.00440904,0.00997968,4508.8,0.55955,0.653665,53.0,2406500000.0,2406500000.0,0.0735413,-11.8419,-0.255541,89.0563,0.16,1.0,52.0,50.0,0.2,100.0
traj_sweep_892,cts,0.000282892,0.000282892,1076.77,1278.42,939.246,939.246,737.0,12.0,737.0,9.54,0.7835,577.699,0.872283,0.872283,761.0,23.0,23.0,4048.0,4048.0,1365650.0,20.0,1.0,1.0,14.0,0.00515207,2.53631e-05,0.00408658,0.00926401,4129.96,0.665073,0.704437,53.0,2431270000.0,2431270000.0,0.0741913,-11.1102,-0.241308,87.2283,0.17,1.0,52.0,50.0,0.2,100.0
traj_sweep_894,cts,0.00131423,0.00131423,1076.77,1278.42,933.926,933.926,732.0,10.0,732.0,9.92,0.825,603.983,0.867342,0.867342,756.0,23.0,23.0,4048.0,4048.0,1425800.0,21.0,1.0,1.0,17.0,0.00450617,2.51312e-05,0.00359347,0.00812476,4159.66,0.667471,0.700814,53.0,2446910000.0,2446910000.0,0.0791735,-10.1011,-0.218678,86.7342,0.19,1.0,52.0,50.0,0.2,100.0
traj_sweep_895,cts,0.000822994,0.000822994,1076.77,1278.42,935.522,935.522,732.0,13.0,732.0,10.3,0.6695,490.321,0.868824,0.868824,758.0,23.0,23.0,4048.0,4048.0,1245810.0,18.0,1.0,1.0,18.0,0.00427713,2.52112e-05,0.00339383,0.00769617,4086.4,0.61001,0.677942,53.0,2446710000.0,2446710000.0,0.0832298,-9.54891,-0.208712,86.8824,0.2,1.0,52.0,50.0,0.2,100.0
traj_sweep_896,cts,0.00108259,0.00108259,1076.77,1278.42,916.104,916.104,728.0,10.0,728.0,6.98,0.4295,312.877,0.850791,0.850791,752.0,23.0,23.0,4048.0,4048.0,840226.0,12.0,1.0,1.0,9.0,0.00398784,2.45971e-05,0.00318312,0.00719555,3851.12,0.665584,0.699868,53.0,2450450000.0,2450450000.0,0.0809846,-8.92024,-0.198089,85.0791,0.21,1.0,52.0,50.0,0.2,100.0
traj_sweep_898,cts,0.000638753,0.000638753,1076.77,1278.42,910.784,910.784,724.0,8.0,724.0,8.64,0.595,431.085,0.84585,0.84585,748.0,23.0,23.0,4048.0,4048.0,897485.0,13.0,1.0,1.0,14.0,0.00361917,2.43359e-05,0.00289726,0.00654077,3935.04,0.653405,0.698823,53.0,2430400000.0,2430400000.0,0.0833932,-7.86846,-0.181455,84.585,0.23,1.0,52.0,50.0,0.2,100.0
traj_sweep_899,cts,0.00195154,0.00195154,1076.77,1278.42,894.292,894.292,726.0,6.0,726.0,7.88,0.2965,215.391,0.830534,0.830534,750.0,23.0,23.0,4048.0,4048.0,595557.0,9.0,1.0,1.0,10.0,0.00341879,2.36223e-05,0.00273792,0.00618034,3746.39,0.643971,0.694283,52.0,2434360000.0,2434360000.0,0.0839777,-7.45693,-0.170785,83.0534,0.24,1.0,52.0,50.0,0.2,100.0
traj_sweep_900,cts,0.000893972,0.000893972,1076.77,1278.42,920.36,920.36,730.0,10.0,730.0,11.06,0.631,460.7,0.854743,0.854743,754.0,23.0,23.0,4048.0,4048.0,1157470.0,17.0,1.0,1.0,21.0,0.00336874,2.45257e-05,0.0026941,0.00608736,3974.31,0.643971,0.694283,51.0,2444500000.0,2444500000.0,0.0881472,-6.95295,-0.159082,85.4743,0.25,1.0,52.0,50.0,0.2,100.0
traj_sweep_901,cts,0.00115493,0.00115493,1076.77,1278.42,906.528,906.528,725.0,6.0,725.0,7.31,0.5585,404.933,0.841897,0.841897,749.0,23.0,23.0,4048.0,4048.0,903750.0,13.0,1.0,1.0,18.0,0.00318102,2.3764e-05,0.00256086,0.00576564,3882.97,0.654264,0.699236,51.0,2431310000.0,2431310000.0,0.0911245,-6.63624,-0.151301,84.1897,0.26,1.0,52.0,50.0,0.2,100.0
traj_sweep_902,cts,0.00108621,0.00108621,1076.77,1278.42,904.4,904.4,729.0,10.0,729.0,6.93,0.333,242.875,0.839921,0.839921,753.0,23.0,23.0,4048.0,4048.0,576181.0,9.0,1.0,1.0,7.0,0.00311631,2.36565e-05,0.0024654,0.00560536,3648.41,0.643971,0.694283,49.0,2447280000.0,2447280000.0,0.0930482,-5.97472,-0.138617,83.9921,0.27,1.0,52.0,50.0,0.2,100.0
traj_sweep_904,cts,0.000829684,0.000829684,1076.77,1278.42,913.976,913.976,720.0,9.0,720.0,6.93,0.4755,342.594,0.848814,0.848814,744.0,23.0,23.0,4048.0,4048.0,902230.0,14.0,1.0,1.0,13.0,0.00287357,2.40057e-05,0.00233096,0.00522854,3792.22,0.655291,0.69974,49.0,2422060000.0,2422060000.0,0.0977089,-5.18383,-0.122871,84.8814,0.29,1.0,52.0,50.0,0.2,100.0
traj_sweep_905,cts,0.00155324,0.00155324,1076.77,1278.42,888.972,888.972,718.0,6.0,718.0,6.03,0.3195,229.707,0.825593,0.825593,742.0,23.0,23.0,4048.0,4048.0,522870.0,8.0,1.0,1.0,11.0,0.00272548,2.31405e-05,0.00218379,0.00493242,3703.57,0.667471,0.70083,49.0,2442300000.0,2442300000.0,0.0977397,-4.65592,-0.109451,82.5593,0.3,1.0,52.0,50.0,0.2,100.0
traj_sweep_906,cts,0.00154405,0.00154405,1076.77,1278.42,886.046,886.046,720.0,7.0,720.0,7.5,0.307,221.058,0.822875,0.822875,744.0,23.0,23.0,4048.0,4048.0,509031.0,8.0,1.0,1.0,9.0,0.00264583,2.29544e-05,0.00207504,0.00474382,3613.39,0.636424,0.690659,48.0,2439440000.0,2439440000.0,0.102324,-4.19347,-0.0999303,82.2875,0.31,1.0,52.0,50.0,0.2,100.0
traj_sweep_908,cts,0.000767504,0.000767504,1076.77,1278.42,836.304,836.304,697.0,4.0,697.0,7.5,0.11,76.9065,0.77668,0.77668,721.0,23.0,23.0,4048.0,4048.0,156556.0,2.0,1.0,1.0,3.0,0.00230557,2.11496e-05,0.00186626,0.00419298,3367.79,0.663697,0.675367,47.0,2459190000.0,2459190000.0,0.104089,-3.16886,-0.0777758,77.668,0.33,1.0,52.0,50.0,0.2,100.0
traj_sweep_909,cts,0.00187142,0.00187142,1076.77,1278.42,828.856,828.856,700.0,3.0,700.0,6.93,0.105,73.619,0.769763,0.769763,724.0,23.0,23.0,4048.0,4048.0,212170.0,3.0,1.0,1.0,4.0,0.00222262,2.08882e-05,0.00176669,0.0040102,3305.44,0.317875,0.537109,47.0,2450270000.0,2450270000.0,0.106989,-2.81344,-0.0712867,76.9763,0.34,1.0,52.0,50.0,0.2,100.0
traj_sweep_910,cts,0.00165626,0.00165626,1076.77,1278.42,856.52,856.52,702.0,4.0,702.0,10.54,0.2345,164.809,0.795455,0.795455,726.0,23.0,23.0,4048.0,4048.0,449342.0,7.0,1.0,1.0,8.0,0.00222075,2.1912e-05,0.00181169,0.00405435,3490.53,0.658037,0.701055,47.0,2427770000.0,2427770000.0,0.107636,-2.50817,-0.0629584,79.5455,0.35,1.0,52.0,50.0,0.2,100.0
traj_sweep_911,cts,0.00188383,0.00188383,1076.77,1278.42,834.442,834.442,698.0,3.0,698.0,6.03,0.09,62.994,0.774951,0.774951,722.0,23.0,23.0,4048.0,4048.0,187676.0,3.0,1.0,1.0,2.0,0.00211362,2.11252e-05,0.00169042,0.00382516,3250.58,0.632139,0.688594,47.0,2431860000.0,2431860000.0,0.110088,-1.98018,-0.0515678,77.4951,0.36,1.0,52.0,50.0,0.2,100.0
traj_sweep_912,cts,0.00140771,0.00140771,1076.77,1278.42,814.758,814.758,694.0,1.0,694.0,5.84,0.07,48.7075,0.75667,0.75667,718.0,23.0,23.0,4048.0,4048.0,101830.0,2.0,1.0,1.0,2.0,0.00199177,2.04372e-05,0.00159498,0.00360719,3250.92,0.775914,0.673378,46.0,2407310000.0,2407310000.0,0.110414,-1.66071,-0.0467119,75.667,0.37,1.0,52.0,50.0,0.2,100.0
traj_sweep_914,cts,0.000693008,0.000693008,1076.77,1278.42,819.28,819.28,696.0,2.0,696.0,5.08,0.097,67.565,0.76087,0.76087,720.0,23.0,23.0,4048.0,4048.0,220309.0,3.0,1.0,1.0,5.0,0.00191121,2.05429e-05,0.00153584,0.00346759,3307.3,0.643971,0.645935,45.0,2397880000.0,2397880000.0,0.114928,-0.895063,-0.0272608,76.087,0.39,1.0,52.0,50.0,0.2,100.0
traj_sweep_915,cts,0.00106511,0.00106511,1076.77,1278.42,808.64,808.64,690.0,2.0,690.0,7.17,0.1625,112.369,0.750988,0.750988,714.0,23.0,23.0,4048.0,4048.0,304099.0,5.0,1.0,1.0,3.0,0.00186907,2.02117e-05,0.00150471,0.00339399,3312.14,0.65049,0.697424,30.0,2381670000.0,2381670000.0,0.110513,-0.367142,-0.0200314,75.0988,0.4,1.0,52.0,50.0,0.2,100.0
traj_sweep_916,cts,0.00117015,0.00117015,1076.77,1278.42,781.774,781.774,681.0,9.0,681.0,6.41,0.2465,167.882,0.726038,0.726038,705.0,23.0,23.0,4048.0,4048.0,432386.0,7.0,1.0,1.0,9.0,0.00177132,1.92588e-05,0.00141441,0.00320499,3401.2,0.795588,0.739294,41.0,2380810000.0,2380810000.0,0.110597,-0.192529,-0.0127939,72.6038,0.41,1.0,52.0,50.0,0.2,100.0
traj_sweep_917,cts,0.00105548,0.00105548,1076.77,1278.42,731.234,731.234,661.0,7.0,661.0,5.439,0.0715,47.522,0.679101,0.679101,685.0,23.0,23.0,4048.0,4048.0,60500.0,1.0,1.0,1.0,2.0,0.00159918,1.73116e-05,0.00126958,0.00288608,3127.33,0.778607,0.615899,7.0,2374030000.0,2374030000.0,0.110433,-0.00748426,-0.00293143,67.9101,0.42,1.0,52.0,50.0,0.2,100.0
traj_sweep_918,cts,0.000908697,0.000908697,1076.77,1278.42,704.9,704.9,635.0,5.0,635.0,3.94,0.0415,26.3725,0.654644,0.654644,659.0,23.0,23.0,4048.0,4048.0,51017.0,1.0,1.0,1.0,1.0,0.00149737,1.64894e-05,0.00120795,0.00272181,3069.34,0.793204,0.61224,2.0,2329710000.0,2329710000.0,0.110513,-0.00079331,-0.000655559,65.4644,0.43,1.0,52.0,50.0,0.2,100.0
traj_sweep_919,cts,0.00374065,0.00374065,1076.77,1278.42,686.014,686.014,620.0,1.0,620.0,2.99,0.006,3.97,0.637105,0.637105,644.0,23.0,23.0,4048.0,4048.0,12503.0,0.0,0.0,0.0,1.0,0.00140196,1.5854e-05,0.0011643,0.00258211,3036.3,0.780532,0.612851,0.0,2306230000.0,2306230000.0,0.110364,0.0,0.00023484,63.7105,0.44,1.0,52.0,50.0,0.2,100.0
traj_sweep_921,cts,0.000770897,0.000770897,1076.77,1278.42,680.162,680.162,614.0,0.0,614.0,0.0,0.0,0.0,0.63167,0.63167,638.0,23.0,23.0,4048.0,4048.0,0.0,0.0,0.0,0.0,1.0,0.00132226,1.56394e-05,0.00109423,0.00243212,2986.35,0.767821,0.621576,0.0,2287810000.0,2287810000.0,0.111059,0.0,0.00726225,63.167,0.46,1.0,52.0,50.0,0.2,100.0
traj_sweep_922,cts,0.000728924,0.000728924,1076.77,1278.42,677.502,677.502,610.0,0.0,610.0,0.0,0.0,0.0,0.6292,0.6292,636.0,23.0,23.0,4048.0,4048.0,0.0,0.0,0.0,0.0,1.0,0.00128309,1.55682e-05,0.00105346,0.00235212,2956.42,0.777801,0.527429,0.0,2272850000.0,2272850000.0,0.110841,0.0,0.017934,62.92,0.47,1.0,52.0,50.0,0.2,100.0
traj_sweep_923,cts,0.000389543,0.000389543,1076.77,1278.42,677.236,677.236,611.0,0.0,611.0,0.0,0.0,0.0,0.628953,0.628953,636.0,23.0,23.0,4048.0,4048.0,0.0,0.0,0.0,0.0,1.0,0.00125599,1.55647e-05,0.00104895,0.0023205,2996.9,0.776793,0.540608,0.0,2259930000.0,2259930000.0,0.111216,0.0,0.0183809,62.8953,0.48,1.0,52.0,50.0,0.2,100.0
traj_sweep_924,cts,0.0011519,0.0011519,1076.77,1278.42,675.64,675.64,610.0,0.0,610.0,0.0,0.0,0.0,0.62747,0.62747,634.0,23.0,23.0,4048.0,4048.0,0.0,0.0,0.0,0.0,1.0,0.00123802,1.54618e-05,0.00102446,0.00227794,2928.69,0.776758,0.620352,0.0,2249320000.0,2249320000.0,0.110371,0.0,0.0328523,62.747,0.49,1.0,52.0,50.0,0.2,100.0
traj_sweep_925,cts,0.000743405,0.000743405,1076.77,1278.42,674.576,674.576,609.0,0.0,609.0,0.0,0.0,0.0,0.626482,0.626482,634.0,23.0,23.0,4048.0,4048.0,0.0,0.0,0.0,0.0,1.0,0.00120296,1.54538e-05,0.00100718,0.00222559,2969.97,0.758387,0.628912,0.0,2231810000.0,2231810000.0,0.110934,0.0,0.0377178,62.6482,0.5,1.0,52.0,50.0,0.2,100.0
traj_sweep_926,cts,0.000647427,0.000647427,1076.77,1278.42,675.374,675.374,610.0,0.0,610.0,0.0,0.0,0.0,0.627223,0.627223,634.0,23.0,23.0,4048.0,4048.0,0.0,0.0,0.0,0.0,1.0,0.00118882,1.5441e-05,0.00098265,0.00218691,2974.21,0.781359,0.611589,0.0,2191360000.0,2191360000.0,0.110514,0.0,0.048324,62.7223,0.51,1.0,52.0,50.0,0.2,100.0
traj_sweep_928,cts,0.00095926,0.00095926,1076.77,1278.42,675.108,675.108,610.0,0.0,610.0,0.0,0.0,0.0,0.626976,0.626976,634.0,23.0,23.0,4048.0,4048.0,0.0,0.0,0.0,0.0,1.0,0.00113853,1.54521e-05,0.000946324,0.00210031,2954.18,0.805667,0.625636,0.0,2238380000.0,2238380000.0,0.110799,0.0,0.0622818,62.6976,0.53,1.0,52.0,50.0,0.2,100.0
traj_sweep_929,cts,0.00133069,0.00133069,1076.77,1278.42,675.108,675.108,610.0,0.0,610.0,0.0,0.0,0.0,0.626976,0.626976,634.0,23.0,23.0,4048.0,4048.0,0.0,0.0,0.0,0.0,1.0,0.0011174,1.54521e-05,0.000923243,0.00205609,2953.53,0.778133,0.617109,0.0,2172520000.0,2172520000.0,0.110594,0.0,0.0726387,62.6976,0.54,1.0,52.0,50.0,0.2,100.0
traj_sweep_930,cts,0.00231828,0.00231828,1076.77,1278.42,674.842,674.842,610.0,0.0,610.0,0.0,0.0,0.0,0.626729,0.626729,634.0,23.0,23.0,4048.0,4048.0,0.0,0.0,0.0,0.0,2.0,0.00109629,1.54472e-05,0.00091392,0.00202566,2971.36,0.75974,0.615887,0.0,2173420000.0,2173420000.0,0.111062,0.0,0.0813491,62.6729,0.55,1.0,52.0,50.0,0.2,100.0
traj_sweep_931,cts,0.000744189,0.000744189,1076.77,1278.42,674.576,674.576,609.0,0.0,609.0,0.0,0.0,0.0,0.626482,0.626482,633.0,23.0,23.0,4048.0,4048.0,0.0,0.0,0.0,0.0,1.0,0.00108353,1.54213e-05,0.000893001,0.00199195,2964.61,0.78187,0.554024,0.0,2193660000.0,2193660000.0,0.110707,0.0,0.0868246,62.6482,0.56,1.0,52.0,50.0,0.2,100.0
traj_sweep_932,cts,0.000744189,0.000744189,1076.77,1278.42,674.576,674.576,609.0,0.0,609.0,0.0,0.0,0.0,0.626482,0.626482,633.0,23.0,23.0,4048.0,4048.0,0.0,0.0,0.0,0.0,1.0,0.00106452,1.54213e-05,0.000877334,0.00195728,2964.61,0.78187,0.554024,0.0,2193660000.0,2193660000.0,0.110707,0.0,0.0948247,62.6482,0.57,1.0,52.0,50.0,0.2,100.0
traj_sweep_933,cts,0.000527439,0.000527439,1076.77,1278.42,674.044,674.044,608.0,0.0,608.0,0.0,0.0,0.0,0.625988,0.625988,632.0,23.0,23.0,4048.0,4048.0,0.0,0.0,0.0,0.0,1.0,0.00104696,1.54214e-05,0.000857832,0.00192021,2921.09,0.772985,0.473769,0.0,2190530000.0,2190530000.0,0.110619,0.0,0.105027,62.5988,0.58,1.0,52.0,50.0,0.2,100.0
traj_sweep_934,cts,0.00118603,0.00118603,1076.77,1278.42,673.512,673.512,608.0,0.0,608.0,0.0,0.0,0.0,0.625494,0.625494,632.0,23.0,23.0,4048.0,4048.0,0.0,0.0,0.0,0.0,1.0,0.00102281,1.54102e-05,0.000846533,0.00188475,2954.09,0.793739,0.558281,0.0,2182110000.0,2182110000.0,0.110729,0.0,0.110888,62.5494,0.59,1.0,52.0,50.0,0.2,100.0
traj_sweep_935,cts,0.000583304,0.000583304,1076.77,1278.42,674.842,674.842,608.0,0.0,608.0,0.0,0.0,0.0,0.626729,0.626729,632.0,23.0,23.0,4048.0,4048.0,0.0,0.0,0.0,0.0,1.0,0.00101222,1.54659e-05,0.000834467,0.00186215,2973.11,0.737633,0.554675,0.0,2191110000.0,2191110000.0,0.110441,0.0,0.119181,62.6729,0.6,1.0,52.0,50.0,0.2,100.0
traj_sweep_936,cts,0.000787898,0.000787898,1076.77,1278.42,674.842,674.842,608.0,0.0,608.0,0.0,0.0,0.0,0.626729,0.626729,632.0,23.0,23.0,4048.0,4048.0,0.0,0.0,0.0,0.0,1.0,0.00099578,1.54659e-05,0.000819891,0.00183114,2960.42,0.747067,0.553279,0.0,2190970000.0,2190970000.0,0.11095,0.0,0.128377,62.6729,0.61,1.0,52.0,50.0,0.2,100.0
traj_sweep_937,cts,0.000870845,0.000870845,1076.77,1278.42,674.044,674.044,608.0,0.0,608.0,0.0,0.0,0.0,0.625988,0.625988,632.0,23.0,23.0,4048.0,4048.0,0.0,0.0,0.0,0.0,1.0,0.000979385,1.54214e-05,0.000809115,0.00180392,2958.44,0.767821,0.550711,0.0,2198750000.0,2198750000.0,0.110994,0.0,0.132811,62.5988,0.62,1.0,52.0,50.0,0.2,100.0
traj_sweep_938,cts,0.00037427,0.00037427,1076.77,1278.42,942.97,942.97,737.0,9.0,737.0,9.54,0.6825,503.354,0.875741,0.875741,763.0,23.0,23.0,4048.0,4048.0,1216270.0,17.0,1.0,1.0,21.0,0.00625895,2.54117e-05,0.00492191,0.0112063,4092.35,0.66181,0.702868,53.0,2426820000.0,2426820000.0,0.0715708,-12.6792,-0.272063,87.5741,0.14,1.0,53.0,50.0,0.2,100.0
traj_sweep_939,cts,0.00139967,0.00139967,1076.77,1278.42,946.428,946.428,737.0,8.0,737.0,9.4,0.6955,512.678,0.878953,0.878953,761.0,23.0,23.0,4048.0,4048.0,1279680.0,18.0,1.0,1.0,15.0,0.00586746,2.55808e-05,0.00463898,0.010532,4118.66,0.598675,0.67249,53.0,2432750000.0,2432750000.0,0.0727577,-12.2224,-0.261058,87.8953,0.15,1.0,53.0,50.0,0.2,100.0
traj_sweep_940,cts,0.000851805,0.000851805,1076.77,1278.42,958.93,958.93,739.0,9.0,739.0,12.2,1.1565,854.755,0.890563,0.890563,763.0,23.0,23.0,4048.0,4048.0,2045300.0,29.0,1.0,1.0,84.0,0.00554449,2.61481e-05,0.00440904,0.00997968,4508.8,0.55955,0.653665,53.0,2406500000.0,2406500000.0,0.0735413,-11.8419,-0.255541,89.0563,0.16,1.0,53.0,50.0,0.2,100.0
traj_sweep_941,cts,0.000282892,0.000282892,1076.77,1278.42,939.246,939.246,737.0,12.0,737.0,9.54,0.7835,577.699,0.872283,0.872283,761.0,23.0,23.0,4048.0,4048.0,1365650.0,20.0,1.0,1.0,14.0,0.00515207,2.53631e-05,0.00408658,0.00926401,4129.96,0.665073,0.704437,53.0,2431270000.0,2431270000.0,0.0741913,-11.1102,-0.241308,87.2283,0.17,1.0,53.0,50.0,0.2,100.0
traj_sweep_942,cts,0.00104417,0.00104417,1076.77,1278.42,937.65,937.65,730.0,8.0,730.0,8.64,0.7815,570.628,0.8708,0.8708,754.0,23.0,23.0,4048.0,4048.0,1416820.0,21.0,1.0,1.0,14.0,0.00476457,2.52044e-05,0.00383471,0.00862449,4158.53,0.663697,0.703775,53.0,2435540000.0,2435540000.0,0.0781974,-10.6007,-0.230586,87.08,0.18,1.0,53.0,50.0,0.2,100.0
traj_sweep_943,cts,0.00131423,0.00131423,1076.77,1278.42,933.926,933.926,732.0,10.0,732.0,9.92,0.825,603.983,0.867342,0.867342,756.0,23.0,23.0,4048.0,4048.0,1425800.0,21.0,1.0,1.0,17.0,0.00450617,2.51312e-05,0.00359347,0.00812476,4159.66,0.667471,0.700814,53.0,2446910000.0,2446910000.0,0.0791735,-10.1011,-0.218678,86.7342,0.19,1.0,53.0,50.0,0.2,100.0
traj_sweep_944,cts,0.000822994,0.000822994,1076.77,1278.42,935.522,935.522,732.0,13.0,732.0,10.3,0.6695,490.321,0.868824,0.868824,758.0,23.0,23.0,4048.0,4048.0,1245810.0,18.0,1.0,1.0,18.0,0.00427713,2.52112e-05,0.00339383,0.00769617,4086.4,0.61001,0.677942,53.0,2446710000.0,2446710000.0,0.0832298,-9.54891,-0.208712,86.8824,0.2,1.0,53.0,50.0,0.2,100.0
traj_sweep_945,cts,0.00108259,0.00108259,1076.77,1278.42,916.104,916.104,728.0,10.0,728.0,6.98,0.4295,312.877,0.850791,0.850791,752.0,23.0,23.0,4048.0,4048.0,840226.0,12.0,1.0,1.0,9.0,0.00398784,2.45971e-05,0.00318312,0.00719555,3851.12,0.665584,0.699868,53.0,2450450000.0,2450450000.0,0.0809846,-8.92024,-0.198089,85.0791,0.21,1.0,53.0,50.0,0.2,100.0
traj_sweep_946,cts,0.000845185,0.000845185,1076.77,1278.42,935.788,935.788,724.0,11.0,724.0,9.35,0.625,452.631,0.869071,0.869071,750.0,23.0,23.0,4048.0,4048.0,1008920.0,15.0,1.0,1.0,11.0,0.00388122,2.53836e-05,0.00312272,0.00702932,3956.49,0.58871,0.667695,53.0,2431310000.0,2431310000.0,0.0851741,-8.47741,-0.191301,86.9071,0.22,1.0,53.0,50.0,0.2,100.0
traj_sweep_947,cts,0.000638753,0.000638753,1076.77,1278.42,910.784,910.784,724.0,8.0,724.0,8.64,0.595,431.085,0.84585,0.84585,748.0,23.0,23.0,4048.0,4048.0,897485.0,13.0,1.0,1.0,14.0,0.00361917,2.43359e-05,0.00289726,0.00654077,3935.04,0.653405,0.698823,53.0,2430400000.0,2430400000.0,0.0833932,-7.86846,-0.181455,84.585,0.23,1.0,53.0,50.0,0.2,100.0
traj_sweep_948,cts,0.00195154,0.00195154,1076.77,1278.42,894.292,894.292,726.0,6.0,726.0,7.88,0.2965,215.391,0.830534,0.830534,750.0,23.0,23.0,4048.0,4048.0,595557.0,9.0,1.0,1.0,10.0,0.00341879,2.36223e-05,0.00273792,0.00618034,3746.39,0.643971,0.694283,52.0,2434360000.0,2434360000.0,0.0839777,-7.45693,-0.170785,83.0534,0.24,1.0,53.0,50.0,0.2,100.0
traj_sweep_949,cts,0.000893972,0.000893972,1076.77,1278.42,920.36,920.36,730.0,10.0,730.0,11.06,0.631,460.7,0.854743,0.854743,754.0,23.0,23.0,4048.0,4048.0,1157470.0,17.0,1.0,1.0,21.0,0.00336874,2.45257e-05,0.0026941,0.00608736,3974.31,0.643971,0.694283,51.0,2444500000.0,2444500000.0,0.0881472,-6.95295,-0.159082,85.4743,0.25,1.0,53.0,50.0,0.2,100.0
traj_sweep_950,cts,0.00115493,0.00115493,1076.77,1278.42,906.528,906.528,725.0,6.0,725.0,7.31,0.5585,404.933,0.841897,0.841897,749.0,23.0,23.0,4048.0,4048.0,903750.0,13.0,1.0,1.0,18.0,0.00318102,2.3764e-05,0.00256086,0.00576564,3882.97,0.654264,0.699236,51.0,2431310000.0,2431310000.0,0.0911245,-6.63624,-0.151301,84.1897,0.26,1.0,53.0,50.0,0.2,100.0
traj_sweep_951,cts,0.00108621,0.00108621,1076.77,1278.42,904.4,904.4,729.0,10.0,729.0,6.93,0.333,242.875,0.839921,0.839921,753.0,23.0,23.0,4048.0,4048.0,576181.0,9.0,1.0,1.0,7.0,0.00311631,2.36565e-05,0.0024654,0.00560536,3648.41,0.643971,0.694283,49.0,2447280000.0,2447280000.0,0.0930482,-5.97472,-0.138617,83.9921,0.27,1.0,53.0,50.0,0.2,100.0
traj_sweep_952,cts,0.00157546,0.00157546,1076.77,1278.42,910.252,910.252,730.0,10.0,730.0,7.88,0.499,364.545,0.845356,0.845356,754.0,23.0,23.0,4048.0,4048.0,807223.0,12.0,1.0,1.0,11.0,0.00299777,2.38753e-05,0.00240966,0.0054313,3767.83,0.631112,0.688096,49.0,2432410000.0,2432410000.0,0.0946159,-5.59219,-0.131115,84.5356,0.28,1.0,53.0,50.0,0.2,100.0
traj_sweep_953,cts,0.000829684,0.000829684,1076.77,1278.42,913.976,913.976,720.0,9.0,720.0,6.93,0.4755,342.594,0.848814,0.848814,744.0,23.0,23.0,4048.0,4048.0,902230.0,14.0,1.0,1.0,13.0,0.00287357,2.40057e-05,0.00233096,0.00522854,3792.22,0.655291,0.69974,49.0,2422060000.0,2422060000.0,0.0977089,-5.18383,-0.122871,84.8814,0.29,1.0,53.0,50.0,0.2,100.0
traj_sweep_954,cts,0.00155324,0.00155324,1076.77,1278.42,888.972,888.972,718.0,6.0,718.0,6.03,0.3195,229.707,0.825593,0.825593,742.0,23.0,23.0,4048.0,4048.0,522870.0,8.0,1.0,1.0,11.0,0.00272548,2.31405e-05,0.00218379,0.00493242,3703.57,0.667471,0.70083,49.0,2442300000.0,2442300000.0,0.0977397,-4.65592,-0.109451,82.5593,0.3,1.0,53.0,50.0,0.2,100.0
traj_sweep_955,cts,0.00154405,0.00154405,1076.77,1278.42,886.046,886.046,720.0,7.0,720.0,7.5,0.307,221.058,0.822875,0.822875,744.0,23.0,23.0,4048.0,4048.0,509031.0,8.0,1.0,1.0,9.0,0.00264583,2.29544e-05,0.00207504,0.00474382,3613.39,0.636424,0.690659,48.0,2439440000.0,2439440000.0,0.102324,-4.19347,-0.0999303,82.2875,0.31,1.0,53.0,50.0,0.2,100.0
traj_sweep_956,cts,0.00190797,0.00190797,1076.77,1278.42,844.816,844.816,704.0,3.0,704.0,5.98,0.0935,66.102,0.784585,0.784585,728.0,23.0,23.0,4048.0,4048.0,206243.0,3.0,1.0,1.0,3.0,0.00239491,2.15705e-05,0.0019313,0.00434778,3365.04,0.654264,0.699239,48.0,2456570000.0,2456570000.0,0.100959,-3.50995,-0.0870718,78.4585,0.32,1.0,53.0,50.0,0.2,100.0
traj_sweep_957,cts,0.000767504,0.000767504,1076.77,1278.42,836.304,836.304,697.0,4.0,697.0,7.5,0.11,76.9065,0.77668,0.77668,721.0,23.0,23.0,4048.0,4048.0,156556.0,2.0,1.0,1.0,3.0,0.00230557,2.11496e-05,0.00186626,0.00419298,3367.79,0.663697,0.675367,47.0,2459190000.0,2459190000.0,0.104089,-3.16886,-0.0777758,77.668,0.33,1.0,53.0,50.0,0.2,100.0
traj_sweep_958,cts,0.00187142,0.00187142,1076.77,1278.42,828.856,828.856,700.0,3.0,700.0,6.93,0.105,73.619,0.769763,0.769763,724.0,23.0,23.0,4048.0,4048.0,212170.0,3.0,1.0,1.0,4.0,0.00222262,2.08882e-05,0.00176669,0.0040102,3305.44,0.317875,0.537109,47.0,2450270000.0,2450270000.0,0.106989,-2.81344,-0.0712867,76.9763,0.34,1.0,53.0,50.0,0.2,100.0
traj_sweep_959,cts,0.00165626,0.00165626,1076.77,1278.42,856.52,856.52,702.0,4.0,702.0,10.54,0.2345,164.809,0.795455,0.795455,726.0,23.0,23.0,4048.0,4048.0,449342.0,7.0,1.0,1.0,8.0,0.00222075,2.1912e-05,0.00181169,0.00405435,3490.53,0.658037,0.701055,47.0,2427770000.0,2427770000.0,0.107636,-2.50817,-0.0629584,79.5455,0.35,1.0,53.0,50.0,0.2,100.0
traj_sweep_960,cts,0.00188383,0.00188383,1076.77,1278.42,834.442,834.442,698.0,3.0,698.0,6.03,0.09,62.994,0.774951,0.774951,722.0,23.0,23.0,4048.0,4048.0,187676.0,3.0,1.0,1.0,2.0,0.00211362,2.11252e-05,0.00169042,0.00382516,3250.58,0.632139,0.688594,47.0,2431860000.0,2431860000.0,0.110088,-1.98018,-0.0515678,77.4951,0.36,1.0,53.0,50.0,0.2,100.0
traj_sweep_961,cts,0.00140771,0.00140771,1076.77,1278.42,814.758,814.758,694.0,1.0,694.0,5.84,0.07,48.7075,0.75667,0.75667,718.0,23.0,23.0,4048.0,4048.0,101830.0,2.0,1.0,1.0,2.0,0.00199177,2.04372e-05,0.00159498,0.00360719,3250.92,0.775914,0.673378,46.0,2407310000.0,2407310000.0,0.110414,-1.66071,-0.0467119,75.667,0.37,1.0,53.0,50.0,0.2,100.0
traj_sweep_962,cts,0.0014791,0.0014791,1076.77,1278.42,876.204,876.204,702.0,7.0,702.0,8.26,0.3415,239.782,0.813735,0.813735,727.0,23.0,23.0,4048.0,4048.0,570207.0,9.0,1.0,1.0,11.0,0.00208553,2.26152e-05,0.00171266,0.00382081,3530.28,0.663697,0.703784,46.0,2387560000.0,2387560000.0,0.113843,-1.31907,-0.0414734,81.3735,0.38,1.0,53.0,50.0,0.2,100.0
traj_sweep_963,cts,0.000693008,0.000693008,1076.77,1278.42,819.28,819.28,696.0,2.0,696.0,5.08,0.097,67.565,0.76087,0.76087,720.0,23.0,23.0,4048.0,4048.0,220309.0,3.0,1.0,1.0,5.0,0.00191121,2.05429e-05,0.00153584,0.00346759,3307.3,0.643971,0.645935,45.0,2397880000.0,2397880000.0,0.114928,-0.895063,-0.0272608,76.087,0.39,1.0,53.0,50.0,0.2,100.0
traj_sweep_964,cts,0.00106511,0.00106511,1076.77,1278.42,808.64,808.64,690.0,2.0,690.0,7.17,0.1625,112.369,0.750988,0.750988,714.0,23.0,23.0,4048.0,4048.0,304099.0,5.0,1.0,1.0,3.0,0.00186907,2.02117e-05,0.00150471,0.00339399,3312.14,0.65049,0.697424,30.0,2381670000.0,2381670000.0,0.110513,-0.367142,-0.0200314,75.0988,0.4,1.0,53.0,50.0,0.2,100.0
traj_sweep_965,cts,0.00117015,0.00117015,1076.77,1278.42,781.774,781.774,681.0,9.0,681.0,6.41,0.2465,167.882,0.726038,0.726038,705.0,23.0,23.0,4048.0,4048.0,432386.0,7.0,1.0,1.0,9.0,0.00177132,1.92588e-05,0.00141441,0.00320499,3401.2,0.795588,0.739294,41.0,2380810000.0,2380810000.0,0.110597,-0.192529,-0.0127939,72.6038,0.41,1.0,53.0,50.0,0.2,100.0
traj_sweep_966,cts,0.00105548,0.00105548,1076.77,1278.42,731.234,731.234,661.0,7.0,661.0,5.439,0.0715,47.522,0.679101,0.679101,685.0,23.0,23.0,4048.0,4048.0,60500.0,1.0,1.0,1.0,2.0,0.00159918,1.73116e-05,0.00126958,0.00288608,3127.33,0.778607,0.615899,7.0,2374030000.0,2374030000.0,0.110433,-0.00748426,-0.00293143,67.9101,0.42,1.0,53.0,50.0,0.2,100.0
traj_sweep_967,cts,0.000908697,0.000908697,1076.77,1278.42,704.9,704.9,635.0,5.0,635.0,3.94,0.0415,26.3725,0.654644,0.654644,659.0,23.0,23.0,4048.0,4048.0,51017.0,1.0,1.0,1.0,1.0,0.00149737,1.64894e-05,0.00120795,0.00272181,3069.34,0.793204,0.61224,2.0,2329710000.0,2329710000.0,0.110513,-0.00079331,-0.000655559,65.4644,0.43,1.0,53.0,50.0,0.2,100.0
traj_sweep_968,cts,0.00374065,0.00374065,1076.77,1278.42,686.014,686.014,620.0,1.0,620.0,2.99,0.006,3.97,0.637105,0.637105,644.0,23.0,23.0,4048.0,4048.0,12503.0,0.0,0.0,0.0,1.0,0.00140196,1.5854e-05,0.0011643,0.00258211,3036.3,0.780532,0.612851,0.0,2306230000.0,2306230000.0,0.110364,0.0,0.00023484,63.7105,0.44,1.0,53.0,50.0,0.2,100.0
traj_sweep_969,cts,0.000231738,0.000231738,1076.77,1278.42,682.556,682.556,617.0,0.0,617.0,0.0,0.0,0.0,0.633893,0.633893,641.0,23.0,23.0,4048.0,4048.0,0.0,0.0,0.0,0.0,2.0,0.00136555,1.56944e-05,0.00112383,0.00250507,3052.48,0.755657,0.617559,0.0,2292680000.0,2292680000.0,0.111228,0.0,0.0051058,63.3893,0.45,1.0,53.0,50.0,0.2,100.0
traj_sweep_970,cts,0.000770897,0.000770897,1076.77,1278.42,680.162,680.162,614.0,0.0,614.0,0.0,0.0,0.0,0.63167,0.63167,638.0,23.0,23.0,4048.0,4048.0,0.0,0.0,0.0,0.0,1.0,0.00132226,1.56394e-05,0.00109423,0.00243212,2986.35,0.767821,0.621576,0.0,2287810000.0,2287810000.0,0.111059,0.0,0.00726225,63.167,0.46,1.0,53.0,50.0,0.2,100.0
traj_sweep_971,cts,0.000728924,0.000728924,1076.77,1278.42,677.502,677.502,610.0,0.0,610.0,0.0,0.0,0.0,0.6292,0.6292,636.0,23.0,23.0,4048.0,4048.0,0.0,0.0,0.0,0.0,1.0,0.00128309,1.55682e-05,0.00105346,0.00235212,2956.42,0.777801,0.527429,0.0,2272850000.0,2272850000.0,0.110841,0.0,0.017934,62.92,0.47,1.0,53.0,50.0,0.2,100.0
traj_sweep_972,cts,0.000389543,0.000389543,1076.77,1278.42,677.236,677.236,611.0,0.0,611.0,0.0,0.0,0.0,0.628953,0.628953,636.0,23.0,23.0,4048.0,4048.0,0.0,0.0,0.0,0.0,1.0,0.00125599,1.55647e-05,0.00104895,0.0023205,2996.9,0.776793,0.540608,0.0,2259930000.0,2259930000.0,0.111216,0.0,0.0183809,62.8953,0.48,1.0,53.0,50.0,0.2,100.0
traj_sweep_973,cts,0.0011519,0.0011519,1076.77,1278.42,675.64,675.64,610.0,0.0,610.0,0.0,0.0,0.0,0.62747,0.62747,634.0,23.0,23.0,4048.0,4048.0,0.0,0.0,0.0,0.0,1.0,0.00123802,1.54618e-05,0.00102446,0.00227794,2928.69,0.776758,0.620352,0.0,2249320000.0,2249320000.0,0.110371,0.0,0.0328523,62.747,0.49,1.0,53.0,50.0,0.2,100.0
traj_sweep_974,cts,0.000743405,0.000743405,1076.77,1278.42,674.576,674.576,609.0,0.0,609.0,0.0,0.0,0.0,0.626482,0.626482,634.0,23.0,23.0,4048.0,4048.0,0.0,0.0,0.0,0.0,1.0,0.00120296,1.54538e-05,0.00100718,0.00222559,2969.97,0.758387,0.628912,0.0,2231810000.0,2231810000.0,0.110934,0.0,0.0377178,62.6482,0.5,1.0,53.0,50.0,0.2,100.0
traj_sweep_975,cts,0.000647427,0.000647427,1076.77,1278.42,675.374,675.374,610.0,0.0,610.0,0.0,0.0,0.0,0.627223,0.627223,634.0,23.0,23.0,4048.0,4048.0,0.0,0.0,0.0,0.0,1.0,0.00118882,1.5441e-05,0.00098265,0.00218691,2974.21,0.781359,0.611589,0.0,2191360000.0,2191360000.0,0.110514,0.0,0.048324,62.7223,0.51,1.0,53.0,50.0,0.2,100.0
traj_sweep_976,cts,0.00248632,0.00248632,1076.77,1278.42,675.64,675.64,610.0,0.0,610.0,0.0,0.0,0.0,0.62747,0.62747,634.0,23.0,23.0,4048.0,4048.0,0.0,0.0,0.0,0.0,1.0,0.00116757,1.54808e-05,0.000973076,0.00215612,2972.28,0.7918,0.621333,0.0,2249570000.0,2249570000.0,0.111113,0.0,0.0551226,62.747,0.52,1.0,53.0,50.0,0.2,100.0
traj_sweep_977,cts,0.00095926,0.00095926,1076.77,1278.42,675.108,675.108,610.0,0.0,610.0,0.0,0.0,0.0,0.626976,0.626976,634.0,23.0,23.0,4048.0,4048.0,0.0,0.0,0.0,0.0,1.0,0.00113853,1.54521e-05,0.000946324,0.00210031,2954.18,0.805667,0.625636,0.0,2238380000.0,2238380000.0,0.110799,0.0,0.0622818,62.6976,0.53,1.0,53.0,50.0,0.2,100.0
traj_sweep_978,cts,0.00133069,0.00133069,1076.77,1278.42,675.108,675.108,610.0,0.0,610.0,0.0,0.0,0.0,0.626976,0.626976,634.0,23.0,23.0,4048.0,4048.0,0.0,0.0,0.0,0.0,1.0,0.0011174,1.54521e-05,0.000923243,0.00205609,2953.53,0.778133,0.617109,0.0,2172520000.0,2172520000.0,0.110594,0.0,0.0726387,62.6976,0.54,1.0,53.0,50.0,0.2,100.0
traj_sweep_979,cts,0.00231828,0.00231828,1076.77,1278.42,674.842,674.842,610.0,0.0,610.0,0.0,0.0,0.0,0.626729,0.626729,634.0,23.0,23.0,4048.0,4048.0,0.0,0.0,0.0,0.0,2.0,0.00109629,1.54472e-05,0.00091392,0.00202566,2971.36,0.75974,0.615887,0.0,2173420000.0,2173420000.0,0.111062,0.0,0.0813491,62.6729,0.55,1.0,53.0,50.0,0.2,100.0
traj_sweep_980,cts,0.000744189,0.000744189,1076.77,1278.42,674.576,674.576,609.0,0.0,609.0,0.0,0.0,0.0,0.626482,0.626482,633.0,23.0,23.0,4048.0,4048.0,0.0,0.0,0.0,0.0,1.0,0.00108353,1.54213e-05,0.000893001,0.00199195,2964.61,0.78187,0.554024,0.0,2193660000.0,2193660000.0,0.110707,0.0,0.0868246,62.6482,0.56,1.0,53.0,50.0,0.2,100.0
traj_sweep_981,cts,0.000744189,0.000744189,1076.77,1278.42,674.576,674.576,609.0,0.0,609.0,0.0,0.0,0.0,0.626482,0.626482,633.0,23.0,23.0,4048.0,4048.0,0.0,0.0,0.0,0.0,1.0,0.00106452,1.54213e-05,0.000877334,0.00195728,2964.61,0.78187,0.554024,0.0,2193660000.0,2193660000.0,0.110707,0.0,0.0948247,62.6482,0.57,1.0,53.0,50.0,0.2,100.0
traj_sweep_982,cts,0.000527439,0.000527439,1076.77,1278.42,674.044,674.044,608.0,0.0,608.0,0.0,0.0,0.0,0.625988,0.625988,632.0,23.0,23.0,4048.0,4048.0,0.0,0.0,0.0,0.0,1.0,0.00104696,1.54214e-05,0.000857832,0.00192021,2921.09,0.772985,0.473769,0.0,2190530000.0,2190530000.0,0.110619,0.0,0.105027,62.5988,0.58,1.0,53.0,50.0,0.2,100.0
traj_sweep_983,cts,0.00118603,0.00118603,1076.77,1278.42,673.512,673.512,608.0,0.0,608.0,0.0,0.0,0.0,0.625494,0.625494,632.0,23.0,23.0,4048.0,4048.0,0.0,0.0,0.0,0.0,1.0,0.00102281,1.54102e-05,0.000846533,0.00188475,2954.09,0.793739,0.558281,0.0,2182110000.0,2182110000.0,0.110729,0.0,0.110888,62.5494,0.59,1.0,53.0,50.0,0.2,100.0
traj_sweep_984,cts,0.000583304,0.000583304,1076.77,1278.42,674.842,674.842,608.0,0.0,608.0,0.0,0.0,0.0,0.626729,0.626729,632.0,23.0,23.0,4048.0,4048.0,0.0,0.0,0.0,0.0,1.0,0.00101222,1.54659e-05,0.000834467,0.00186215,2973.11,0.737633,0.554675,0.0,2191110000.0,2191110000.0,0.110441,0.0,0.119181,62.6729,0.6,1.0,53.0,50.0,0.2,100.0
traj_sweep_985,cts,0.000787898,0.000787898,1076.77,1278.42,674.842,674.842,608.0,0.0,608.0,0.0,0.0,0.0,0.626729,0.626729,632.0,23.0,23.0,4048.0,4048.0,0.0,0.0,0.0,0.0,1.0,0.00099578,1.54659e-05,0.000819891,0.00183114,2960.42,0.747067,0.553279,0.0,2190970000.0,2190970000.0,0.11095,0.0,0.128377,62.6729,0.61,1.0,53.0,50.0,0.2,100.0
traj_sweep_986,cts,0.000870845,0.000870845,1076.77,1278.42,674.044,674.044,608.0,0.0,608.0,0.0,0.0,0.0,0.625988,0.625988,632.0,23.0,23.0,4048.0,4048.0,0.0,0.0,0.0,0.0,1.0,0.000979385,1.54214e-05,0.000809115,0.00180392,2958.44,0.767821,0.550711,0.0,2198750000.0,2198750000.0,0.110994,0.0,0.132811,62.5988,0.62,1.0,53.0,50.0,0.2,100.0
traj_sweep_987,cts,0.00037427,0.00037427,1076.77,1278.42,942.97,942.97,737.0,9.0,737.0,9.54,0.6825,503.354,0.875741,0.875741,763.0,23.0,23.0,4048.0,4048.0,1216270.0,17.0,1.0,1.0,21.0,0.00625895,2.54117e-05,0.00492191,0.0112063,4092.35,0.66181,0.702868,53.0,2426820000.0,2426820000.0,0.0715708,-12.6792,-0.272063,87.5741,0.14,1.0,54.0,50.0,0.2,100.0
traj_sweep_988,cts,0.00139967,0.00139967,1076.77,1278.42,946.428,946.428,737.0,8.0,737.0,9.4,0.6955,512.678,0.878953,0.878953,761.0,23.0,23.0,4048.0,4048.0,1279680.0,18.0,1.0,1.0,15.0,0.00586746,2.55808e-05,0.00463898,0.010532,4118.66,0.598675,0.67249,53.0,2432750000.0,2432750000.0,0.0727577,-12.2224,-0.261058,87.8953,0.15,1.0,54.0,50.0,0.2,100.0
traj_sweep_989,cts,0.000851805,0.000851805,1076.77,1278.42,958.93,958.93,739.0,9.0,739.0,12.2,1.1565,854.755,0.890563,0.890563,763.0,23.0,23.0,4048.0,4048.0,2045300.0,29.0,1.0,1.0,84.0,0.00554449,2.61481e-05,0.00440904,0.00997968,4508.8,0.55955,0.653665,53.0,2406500000.0,2406500000.0,0.0735413,-11.8419,-0.255541,89.0563,0.16,1.0,54.0,50.0,0.2,100.0
traj_sweep_990,cts,0.000282892,0.000282892,1076.77,1278.42,939.246,939.246,737.0,12.0,737.0,9.54,0.7835,577.699,0.872283,0.872283,761.0,23.0,23.0,4048.0,4048.0,1365650.0,20.0,1.0,1.0,14.0,0.00515207,2.53631e-05,0.00408658,0.00926401,4129.96,0.665073,0.704437,53.0,2431270000.0,2431270000.0,0.0741913,-11.1102,-0.241308,87.2283,0.17,1.0,54.0,50.0,0.2,100.0
traj_sweep_991,cts,0.00104417,0.00104417,1076.77,1278.42,937.65,937.65,730.0,8.0,730.0,8.64,0.7815,570.628,0.8708,0.8708,754.0,23.0,23.0,4048.0,4048.0,1416820.0,21.0,1.0,1.0,14.0,0.00476457,2.52044e-05,0.00383471,0.00862449,4158.53,0.663697,0.703775,53.0,2435540000.0,2435540000.0,0.0781974,-10.6007,-0.230586,87.08,0.18,1.0,54.0,50.0,0.2,100.0
traj_sweep_992,cts,0.00131423,0.00131423,1076.77,1278.42,933.926,933.926,732.0,10.0,732.0,9.92,0.825,603.983,0.867342,0.867342,756.0,23.0,23.0,4048.0,4048.0,1425800.0,21.0,1.0,1.0,17.0,0.00450617,2.51312e-05,0.00359347,0.00812476,4159.66,0.667471,0.700814,53.0,2446910000.0,2446910000.0,0.0791735,-10.1011,-0.218678,86.7342,0.19,1.0,54.0,50.0,0.2,100.0
traj_sweep_993,cts,0.000822994,0.000822994,1076.77,1278.42,935.522,935.522,732.0,13.0,732.0,10.3,0.6695,490.321,0.868824,0.868824,758.0,23.0,23.0,4048.0,4048.0,1245810.0,18.0,1.0,1.0,18.0,0.00427713,2.52112e-05,0.00339383,0.00769617,4086.4,0.61001,0.677942,53.0,2446710000.0,2446710000.0,0.0832298,-9.54891,-0.208712,86.8824,0.2,1.0,54.0,50.0,0.2,100.0
traj_sweep_994,cts,0.00108259,0.00108259,1076.77,1278.42,916.104,916.104,728.0,10.0,728.0,6.98,0.4295,312.877,0.850791,0.850791,752.0,23.0,23.0,4048.0,4048.0,840226.0,12.0,1.0,1.0,9.0,0.00398784,2.45971e-05,0.00318312,0.00719555,3851.12,0.665584,0.699868,53.0,2450450000.0,2450450000.0,0.0809846,-8.92024,-0.198089,85.0791,0.21,1.0,54.0,50.0,0.2,100.0
traj_sweep_995,cts,0.000845185,0.000845185,1076.77,1278.42,935.788,935.788,724.0,11.0,724.0,9.35,0.625,452.631,0.869071,0.869071,750.0,23.0,23.0,4048.0,4048.0,1008920.0,15.0,1.0,1.0,11.0,0.00388122,2.53836e-05,0.00312272,0.00702932,3956.49,0.58871,0.667695,53.0,2431310000.0,2431310000.0,0.0851741,-8.47741,-0.191301,86.9071,0.22,1.0,54.0,50.0,0.2,100.0
traj_sweep_996,cts,0.000638753,0.000638753,1076.77,1278.42,910.784,910.784,724.0,8.0,724.0,8.64,0.595,431.085,0.84585,0.84585,748.0,23.0,23.0,4048.0,4048.0,897485.0,13.0,1.0,1.0,14.0,0.00361917,2.43359e-05,0.00289726,0.00654077,3935.04,0.653405,0.698823,53.0,2430400000.0,2430400000.0,0.0833932,-7.86846,-0.181455,84.585,0.23,1.0,54.0,50.0,0.2,100.0
traj_sweep_997,cts,0.00195154,0.00195154,1076.77,1278.42,894.292,894.292,726.0,6.0,726.0,7.88,0.2965,215.391,0.830534,0.830534,750.0,23.0,23.0,4048.0,4048.0,595557.0,9.0,1.0,1.0,10.0,0.00341879,2.36223e-05,0.00273792,0.00618034,3746.39,0.643971,0.694283,52.0,2434360000.0,2434360000.0,0.0839777,-7.45693,-0.170785,83.0534,0.24,1.0,54.0,50.0,0.2,100.0
traj_sweep_998,cts,0.000893972,0.000893972,1076.77,1278.42,920.36,920.36,730.0,10.0,730.0,11.06,0.631,460.7,0.854743,0.854743,754.0,23.0,23.0,4048.0,4048.0,1157470.0,17.0,1.0,1.0,21.0,0.00336874,2.45257e-05,0.0026941,0.00608736,3974.31,0.643971,0.694283,51.0,2444500000.0,2444500000.0,0.0881472,-6.95295,-0.159082,85.4743,0.25,1.0,54.0,50.0,0.2,100.0
traj_sweep_999,cts,0.00115493,0.00115493,1076.77,1278.42,906.528,906.528,725.0,6.0,725.0,7.31,0.5585,404.933,0.841897,0.841897,749.0,23.0,23.0,4048.0,4048.0,903750.0,13.0,1.0,1.0,18.0,0.00318102,2.3764e-05,0.00256086,0.00576564,3882.97,0.654264,0.699236,51.0,2431310000.0,2431310000.0,0.0911245,-6.63624,-0.151301,84.1897,0.26,1.0,54.0,50.0,0.2,100.0
traj_sweep_1000,cts,0.00108621,0.00108621,1076.77,1278.42,904.4,904.4,729.0,10.0,729.0,6.93,0.333,242.875,0.839921,0.839921,753.0,23.0,23.0,4048.0,4048.0,576181.0,9.0,1.0,1.0,7.0,0.00311631,2.36565e-05,0.0024654,0.00560536,3648.41,0.643971,0.694283,49.0,2447280000.0,2447280000.0,0.0930482,-5.97472,-0.138617,83.9921,0.27,1.0,54.0,50.0,0.2,100.0
traj_sweep_1001,cts,0.00157546,0.00157546,1076.77,1278.42,910.252,910.252,730.0,10.0,730.0,7.88,0.499,364.545,0.845356,0.845356,754.0,23.0,23.0,4048.0,4048.0,807223.0,12.0,1.0,1.0,11.0,0.00299777,2.38753e-05,0.00240966,0.0054313,3767.83,0.631112,0.688096,49.0,2432410000.0,2432410000.0,0.0946159,-5.59219,-0.131115,84.5356,0.28,1.0,54.0,50.0,0.2,100.0
traj_sweep_1002,cts,0.000829684,0.000829684,1076.77,1278.42,913.976,913.976,720.0,9.0,720.0,6.93,0.4755,342.594,0.848814,0.848814,744.0,23.0,23.0,4048.0,4048.0,902230.0,14.0,1.0,1.0,13.0,0.00287357,2.40057e-05,0.00233096,0.00522854,3792.22,0.655291,0.69974,49.0,2422060000.0,2422060000.0,0.0977089,-5.18383,-0.122871,84.8814,0.29,1.0,54.0,50.0,0.2,100.0
